query,positive,soft_negative,hard_negative
anello compensatore 0810/020/01,7287424213-00,9998240700-00,5259060496-00
compensatore 0810-020-01 anello,7287424213-00,9998240700-00,5259060496-00
0810 020 01 anello compensatore,7287424213-00,9998240700-00,5259060496-00
anello compensatore 0810/036/05,9674348759-00,2735987175-00,5871470332-00
0810-036-05 anello compensatore,9674348759-00,2735987175-00,5871470332-00
compensatore anello codice 0810 036 05,9674348759-00,2735987175-00,5871470332-00
anello compensatore 0810 045 01,3346184161-00,9083509236-00,6861763791-00
compensatore anello 0810-045-01,3346184161-00,9083509236-00,6861763791-00
0810/045/01 anello compensatore,3346184161-00,9083509236-00,6861763791-00
anello arresto albero wr16,6354125661-00,2489784533-00,5300150117-00
wr16 anello per albero arresto,6354125661-00,2489784533-00,5300150117-00
anello di fermo wr16 albero,6354125661-00,2489784533-00,5300150117-00
anello arresto WR17 per albero,7791255843-00,9315899660-00,2688699729-00
WR17 anello di blocco albero,7791255843-00,9315899660-00,2688699729-00
anello arresto albero modello WR17,7791255843-00,9315899660-00,2688699729-00
anello arresto tipo WR22 per albero,6307157416-00,1783879014-00,7448971127-00
WR22 anello di blocco albero,6307157416-00,1783879014-00,7448971127-00
anello wr22 fermo per alberi,6307157416-00,1783879014-00,7448971127-00
anello arresto albero WR25,4199791104-00,7817345840-00,2692682170-00
WR25 anello per albero arresto,4199791104-00,7817345840-00,2692682170-00
anello di arresto WR25 alberi,4199791104-00,7817345840-00,2692682170-00
anello arresto wr30 per albero,7476166945-00,3185373673-00,6814405720-00
anello di blocco wr30 albero,7476166945-00,3185373673-00,6814405720-00
wr30 arresto albero anello,7476166945-00,3185373673-00,6814405720-00
anello di arresto wr35 per albero,1796405131-00,3300252533-00,9092070035-00
wr35 anello arresto albero,1796405131-00,3300252533-00,9092070035-00
anello arresto albero modello wr35,1796405131-00,3300252533-00,9092070035-00
anello arresto albero wr44,3806516682-00,7496615874-00,9092070035-00
wr44 anello per albero arresto,3806516682-00,7496615874-00,9092070035-00
anello arresto WR44 per alberi,3806516682-00,7496615874-00,9092070035-00
anello arresto WR45 per albero,4370679081-00,9836819829-00,7959077921-00
WR45 anello di arresto albero,4370679081-00,9836819829-00,7959077921-00
anello blocco albero modello WR45,4370679081-00,9836819829-00,7959077921-00
anello arresto albero wr70,1188618193-00,3414353862-00,7842233152-00
wr70 anello per arresto albero,1188618193-00,3414353862-00,7842233152-00
anello di arresto WR70,1188618193-00,3414353862-00,7842233152-00
anello arresto wr73 albero,3462809681-00,2995356510-00,2743205990-00
wr73 fermo per albero,3462809681-00,2995356510-00,2743205990-00
anello di blocco modello wr73,3462809681-00,2995356510-00,2743205990-00
anello arresto WR90 per albero,4213734940-00,9315899660-00,7193492054-00
WR90 anello di arresto albero,4213734940-00,9315899660-00,7193492054-00
anello arresto albero modello WR90,4213734940-00,9315899660-00,7193492054-00
anello arresto foro BR100,6493958615-00,3500639514-00,2034326186-00
BR100 anello di arresto per foro,6493958615-00,3500639514-00,2034326186-00
arresto foro tipo BR100 anello,6493958615-00,3500639514-00,2034326186-00
anello arresto foro BR110,4464470975-00,1027628233-00,6814405720-00
BR110 anello per foro arresto,4464470975-00,1027628233-00,6814405720-00
anello di arresto BR110 foro,4464470975-00,1027628233-00,6814405720-00
anello arresto foro br26,1834212913-00,5479560822-00,7936708706-00
br26 anello per foro arresto,1834212913-00,5479560822-00,7936708706-00
anello di arresto br26 foro,1834212913-00,5479560822-00,7936708706-00
anello arresto foro BR28,2569747623-00,5396528414-00,2819858087-00
BR28 anello per foro arresto,2569747623-00,5396528414-00,2819858087-00
anello di arresto BR28 foro,2569747623-00,5396528414-00,2819858087-00
anello arresto foro BR30,7321897932-00,1501058271-00,9460048376-00
arresto per foro modello BR30,7321897932-00,1501058271-00,9460048376-00
anello di arresto BR30 foro,7321897932-00,1501058271-00,9460048376-00
anello arresto foro BR32,2034326186-00,6352965674-00,5259060496-00
arresto foro BR32 anello,2034326186-00,6352965674-00,5259060496-00
anello di arresto BR32 foro,2034326186-00,6352965674-00,5259060496-00
anello arresto foro br35,1405819675-00,3195565534-00,9092070035-00
arresto foro br35 anello,1405819675-00,3195565534-00,9092070035-00
anello di arresto br35 foro,1405819675-00,3195565534-00,9092070035-00
anello arresto foro br37,3642729084-00,9026041071-00,7287424213-00
br37 anello per foro arresto,3642729084-00,9026041071-00,7287424213-00
arresto foro anello modello br37,3642729084-00,9026041071-00,7287424213-00
Anello arresto BR39,8696414262-00,3031428088-00,2548456439-00
Arresto anello foro BR 39,8696414262-00,3031428088-00,2548456439-00
BR39 anello di arresto tecnico,8696414262-00,3031428088-00,2548456439-00
anello d'arresto BR42,8135097001-00,8903415072-00,2506823247-00
br42 foro anello arresto,8135097001-00,8903415072-00,2506823247-00
arresto anello tipo BR42 foro,8135097001-00,8903415072-00,2506823247-00
anello arresto foro BR45,7051940106-00,7463424763-00,6244523251-00
BR45 anello di arresto,7051940106-00,7463424763-00,6244523251-00
arresto anello br45 foro,7051940106-00,7463424763-00,6244523251-00
anello arresto BR47,4359144184-00,6839459558-00,8946535786-00
br47 anello di arresto tecnico,4359144184-00,6839459558-00,8946535786-00
arresto anello foro br-47,4359144184-00,6839459558-00,8946535786-00
anello arresto br50,7993069863-00,8526360040-00,9708781245-00
foro br50 anello di arresto tecnico,7993069863-00,8526360040-00,9708781245-00
BR50 arresto anello dati tecnici,7993069863-00,8526360040-00,9708781245-00
anello arresto foro BR52,1207395784-00,6962179027-00,7210597771-00
br52 anello di fissaggio,1207395784-00,6962179027-00,7210597771-00
Foro BR52 anello di arresto tecnico,1207395784-00,6962179027-00,7210597771-00
br55 arresto anello,2688699729-00,9228068111-00,8958626885-00
foro br55 anello di arresto tecnico,2688699729-00,9228068111-00,8958626885-00
anello arresto br55 foro di sicurezza,2688699729-00,9228068111-00,8958626885-00
foro BR62 anello arresto,4480948610-00,5735698913-00,9581036835-00
arresto anello BR62 forato,4480948610-00,5735698913-00,9581036835-00
BR62 anello di arresto con foro,4480948610-00,5735698913-00,9581036835-00
arresto anello foro BR68,5927554878-00,7521870912-00,6938115332-00
anello di arresto BR 68,5927554878-00,7521870912-00,6938115332-00
BR68 anello arresto foro,5927554878-00,7521870912-00,6938115332-00
anello arresto foro BR72,2089304133-00,2203707952-00,7476166945-00
BR72 anello di arresto tecnico,2089304133-00,2203707952-00,7476166945-00
arresto anello BR72 foro di fissaggio,2089304133-00,2203707952-00,7476166945-00
anello arresto BR80,2692682170-00,6114708424-00,8103144553-00
br80 anello di arresto foro,2692682170-00,6114708424-00,8103144553-00
anello di arresto foro passante br80,2692682170-00,6114708424-00,8103144553-00
Anello arresto BR90,7261025418-00,3200232652-00,7959077921-00
BR90 anello di blocco foro,7261025418-00,3200232652-00,7959077921-00
Arbitro di arresto foro BR 90,7261025418-00,3200232652-00,7959077921-00
anello arresto BR95,9927928159-00,5474448232-00,8103144553-00
BR95 arresto anello foro,9927928159-00,5474448232-00,8103144553-00
anello foro BR95 arresto,9927928159-00,5474448232-00,8103144553-00
anello arresto FRB 10 120,5357993975-00,8029233870-00,9487173729-00
FRB anello di arresto 10/120,5357993975-00,8029233870-00,9487173729-00
anello FRB arresto misura 10-120,5357993975-00,8029233870-00,9487173729-00
Arresto anello FRB 12.5/140,4692228309-00,5046793048-00,4575616101-00
"FRB 12,5 140 arrengo di arresto",4692228309-00,5046793048-00,4575616101-00
"Anello di arresto frb 12,5-140",4692228309-00,5046793048-00,4575616101-00
Anello di arresto FRB 6.25/160 mm,9383943811-00,6193108154-00,2506823247-00
frb 6.25 160 arresto anello,9383943811-00,6193108154-00,2506823247-00
"Anello FRB 6,25mm / 160 stop",9383943811-00,6193108154-00,2506823247-00
anello di bloccaggio gn705-16-e 16h8x28,7193492054-00,3014326085-00,7815440699-00
bloccaggio anello gn705 d16 h8x28,7193492054-00,3014326085-00,7815440699-00
gn705-16-e anello di bloccaggio d16h8x28,7193492054-00,3014326085-00,7815440699-00
Anello bloccaggio C-AB 35,7842233152-00,1269372122-00,3806516682-00
C-AB 35 anello di fissaggio,7842233152-00,1269372122-00,3806516682-00
Bloccaggio anello C-AB35,7842233152-00,1269372122-00,3806516682-00
guarnizione G anello 35x42x4,5174805796-00,3905666343-00,1445209486-00
anello di tenuta G 35/42/4,5174805796-00,3905666343-00,1445209486-00
G anello sigillante 35x42x4 mm,5174805796-00,3905666343-00,1445209486-00
velmor lee anello 0530 esterno,2743205990-00,5657947616-00,7287424213-00
anello esterno velmor lee codice 0530,2743205990-00,5657947616-00,7287424213-00
velmor lee 0530 anello di estensione esterno,2743205990-00,5657947616-00,7287424213-00
"anello interno 10x13x12,5 IR",5871470332-00,9953982052-00,6861763791-00
"IR anello 10mm x 13mm x 12,5mm interno",5871470332-00,9953982052-00,6861763791-00
"ir 10 x 13 x 12,5 anello interno",5871470332-00,9953982052-00,6861763791-00
anello interno IR 12x15x12,8103144553-00,4067784318-00,9487173729-00
ricambi anello IR misura 12x15x12,8103144553-00,4067784318-00,9487173729-00
IR anello interno 12mm x 15mm x 12mm,8103144553-00,4067784318-00,9487173729-00
"Anello interno IR 12x15x12,5",9311995010-00,1686239041-00,1207395784-00
"IR anello 12mmx15mmx12,5mm",9311995010-00,1686239041-00,1207395784-00
"Anello interno 12x15x12,5 IR",9311995010-00,1686239041-00,1207395784-00
Anello interno IR 12x16x16,7449618970-00,3940763029-00,7193492054-00
IR anello interno 12 x 16 x 16,7449618970-00,3940763029-00,7193492054-00
anello IR 12/16/16 interno,7449618970-00,3940763029-00,7193492054-00
interno IR 12x16x20,2506823247-00,6749247184-00,4199791104-00
anello IR 12 16 20,2506823247-00,6749247184-00,4199791104-00
IR 12/16/20 anello interno,2506823247-00,6749247184-00,4199791104-00
"anello interno ir 17x20x16,5",7710694487-00,5621744151-00,4480948610-00
ir 17x20x16.5 anello interno,7710694487-00,5621744151-00,4480948610-00
"anello interno misura 17 20 16,5 ir",7710694487-00,5621744151-00,4480948610-00
anello interno IR 17x22x26,3156441578-00,5901673931-00,1207395784-00
IR 17 22 26 anello interno,3156441578-00,5901673931-00,1207395784-00
anello IR dimensioni 17x22x26,3156441578-00,5901673931-00,1207395784-00
anello interno IR 20x25x20,6788242064-00,1760470605-00,7993069863-00
IR 20/25/20 anello interno,6788242064-00,1760470605-00,7993069863-00
anello interno dimensioni 20x25x20 IR,6788242064-00,1760470605-00,7993069863-00
anello interno IR 20x25x20,6788242064-00,4703197479-00,2089304133-00
IR 20 25 20 anello interno,6788242064-00,4703197479-00,2089304133-00
anello interno dimensioni 20x25x20 IR,6788242064-00,4703197479-00,2089304133-00
"anello interno IR 22x28x20,5",6938115332-00,2514996460-00,1445209486-00
"IR 22/28/20,5 anello interno",6938115332-00,2514996460-00,1445209486-00
anello interno misura 22 28 20.5 IR,6938115332-00,2514996460-00,1445209486-00
anello interno IR 25x30x20,7530895413-00,4358015637-00,4402980302-00
IR 25 30 20 anello interno,7530895413-00,4358015637-00,4402980302-00
interno 25x30x20 IR,7530895413-00,4358015637-00,4402980302-00
anello interno IR 28x32x17,2394479755-00,9393372856-00,4199791104-00
IR 28 32 17 anello interno,2394479755-00,9393372856-00,4199791104-00
anello interno misura 28/32/17 IR,2394479755-00,9393372856-00,4199791104-00
anello interno IR 28 32 30,5300150117-00,4940282571-00,1791112940-00
IR anello interno 28x32x30,5300150117-00,4940282571-00,1791112940-00
anello IR misura 28/32/30,5300150117-00,4940282571-00,1791112940-00
anello interno IR 30x35x20,7914843151-00,4704551666-00,3156441578-00
IR 30 35 20 anello interno,7914843151-00,4704551666-00,3156441578-00
anello interno misura 30x35x20 IR,7914843151-00,4704551666-00,3156441578-00
anello interno IR 30 35 30,8304552776-00,1054349066-00,1796405131-00
IR ring interno 30x35x30,8304552776-00,1054349066-00,1796405131-00
anello IR dimensioni 30/35/30,8304552776-00,1054349066-00,1796405131-00
anello interno IR 30x35x32,3355330845-00,9788873693-00,4213734940-00
IR 30 35 32 anello interno,3355330845-00,9788873693-00,4213734940-00
anello interno misura 30x35x32 IR,3355330845-00,9788873693-00,4213734940-00
anello interno ir 32/37/30,7936708706-00,9224795099-00,7710694487-00
interno IR misura 32x37x30,7936708706-00,9224795099-00,7710694487-00
anelli IR diametro 32 37 30,7936708706-00,9224795099-00,7710694487-00
anello interno IR 32x37x30,7936708706-00,1341156832-00,7710694487-00
IR 32 37 30 anello interno,7936708706-00,1341156832-00,7710694487-00
anello IR misura 32/37/30,7936708706-00,1341156832-00,7710694487-00
anello interno IR 35x40x17,6244523251-00,9117551575-00,6145820055-00
IR 35 40 17 anello interno,6244523251-00,9117551575-00,6145820055-00
anello IR interno 35x40x17,6244523251-00,9117551575-00,6145820055-00
anello interno IR 35 40 22,2360514074-00,9103470507-00,1207395784-00
IR 35x40x22 ring interno,2360514074-00,9103470507-00,1207395784-00
anello interno misura 35x40x22 IR,2360514074-00,9103470507-00,1207395784-00
anello interno ir 35 40 30,7815440699-00,7733451960-00,1188618193-00
interno IR 35x40x30,7815440699-00,7733451960-00,1188618193-00
anello IR diametro 35/40 lunghezza 30,7815440699-00,7733451960-00,1188618193-00
anello interno IR 35 40 30,7815440699-00,7745825410-00,2819858087-00
IR 35x40x30 anelli interni,7815440699-00,7745825410-00,2819858087-00
anello interno 35mm x 40mm x 30mm IR,7815440699-00,7745825410-00,2819858087-00
anello interno IR 35x40x40,6861763791-00,8045442358-00,7936708706-00
IR 35 40 40 anello interno,6861763791-00,8045442358-00,7936708706-00
anello interno misura 35x40x40 IR,6861763791-00,8045442358-00,7936708706-00
anello interno IR 35x42x20,5259060496-00,2161661959-00,1269747985-00
IR 35 42 20 anello interno,5259060496-00,2161661959-00,1269747985-00
anello interno misura 35x42x20 IR,5259060496-00,2161661959-00,1269747985-00
anello interno ir 40 45 17,9306365722-00,4521949722-00,6493958615-00
interno IR 40x45x17,9306365722-00,4521949722-00,6493958615-00
anello IR misura 40/45/17,9306365722-00,4521949722-00,6493958615-00
anello interno 40x45x20 IR,4168905563-00,8447322876-00,2548456439-00
IR 40/45/20 anello interno,4168905563-00,8447322876-00,2548456439-00
anello IR misura 40 45 20,4168905563-00,8447322876-00,2548456439-00
anello interno IR 40x48x40,2115938088-00,2995356510-00,9460048376-00
IR 40 48 40 anello interno,2115938088-00,2995356510-00,9460048376-00
anello interno dimensioni 40x48x40 IR,2115938088-00,2995356510-00,9460048376-00
anello interno IR 40 50 22,2548456439-00,7241073437-00,7321897932-00
IR ring interno 40x50x22,2548456439-00,7241073437-00,7321897932-00
anello IR dimensioni 40/50/22,2548456439-00,7241073437-00,7321897932-00
anello interno IR 45x50x25,2353386350-00,7458208800-00,2089304133-00
IR 45/50/25 anello interno,2353386350-00,7458208800-00,2089304133-00
anello interno misura 45x50x25 IR,2353386350-00,7458208800-00,2089304133-00
anello interno IR 45x50x35,6560656005-00,4554747324-00,4168905563-00
IR 45 50 35 anello interno,6560656005-00,4554747324-00,4168905563-00
anello interno dimensioni 45x50x35 IR,6560656005-00,4554747324-00,4168905563-00
anello interno IR 45x52x40,4402549594-00,7075018725-00,2394479755-00
IR 45 52 40 anello interno,4402549594-00,7075018725-00,2394479755-00
anello interno dimensioni 45x52x40 IR,4402549594-00,7075018725-00,2394479755-00
anello interno IR 50 58 40,4575616101-00,7608996579-00,2548456439-00
IR 50x58x40 anello interno,4575616101-00,7608996579-00,2548456439-00
anello interno dimensioni 50x58x40 IR,4575616101-00,7608996579-00,2548456439-00
anello interno IR 55 60 25,7623389262-00,8583464876-00,4465044592-00
interno IR 55x60x25,7623389262-00,8583464876-00,4465044592-00
IR anello dimensioni 55/60/25,7623389262-00,8583464876-00,4465044592-00
anello interno ir 65x75x28,8958626885-00,9764565846-00,7321897932-00
ir 65/75/28 anello interno,8958626885-00,9764565846-00,7321897932-00
anello interno diametro 65 75 28 ir,8958626885-00,9764565846-00,7321897932-00
anello interno IR 70 80 54,4402980302-00,9276338271-00,6244523251-00
IR 70x80x54 anello interno,4402980302-00,9276338271-00,6244523251-00
anello interno misura 70x80x54 IR,4402980302-00,9276338271-00,6244523251-00
anello interno ir 80 90 25,7760373174-00,1290053134-00,7287424213-00
ir ring 80x90x25,7760373174-00,1290053134-00,7287424213-00
anello interno 80mm x 90mm x 25mm,7760373174-00,1290053134-00,7287424213-00
anello interno IR 80 90 30,6145820055-00,8580568059-00,4168905563-00
IR ring interno 80x90x30,6145820055-00,8580568059-00,4168905563-00
anello interno misure 80/90/30 IR,6145820055-00,8580568059-00,4168905563-00
anello interno ir 80x90x54,3396052504-00,8277383510-00,3642729084-00
ir 80 90 54 anello interno,3396052504-00,8277383510-00,3642729084-00
anello interno dimensioni 80x90x54 ir,3396052504-00,8277383510-00,3642729084-00
anello interno IR 8x12x10,7308860313-00,9224795099-00,2743205990-00
IR 8 12 10 anello interno,7308860313-00,9224795099-00,2743205990-00
anello interno dimensioni 8x12x10 IR,7308860313-00,9224795099-00,2743205990-00
"anello interno lr 10x13x12,5",1791112940-00,4311539891-00,7993069863-00
"lr 10/13/12,5 anelli interni",1791112940-00,4311539891-00,7993069863-00
"interno anello misura 10x13x12,5 lr",1791112940-00,4311539891-00,7993069863-00
"anello interno LR 17x20x16,5",9460048376-00,3144303627-00,9745921972-00
"lr 17x20x16,5 anello interno",9460048376-00,3144303627-00,9745921972-00
"interno anello misura 17 20 16,5 LR",9460048376-00,3144303627-00,9745921972-00
"anello interno lr 20x25x12,5",8946535786-00,5645656566-00,4199791104-00
"lr 20x25x12,5 anello interno",8946535786-00,5645656566-00,4199791104-00
anello interno misura 20 25 12.5 lr,8946535786-00,5645656566-00,4199791104-00
"anello interno LR 30x35x12,5",6097613322-00,2755374713-00,6861763791-00
LR 30x35x12.5 anello interno,6097613322-00,2755374713-00,6861763791-00
"anello interno 30 35 12,5 LR",6097613322-00,2755374713-00,6861763791-00
anello interno codice 5205787518-00,9581036835-00,3245717955-00,2360514074-00
interno anello usare 5205787518-00,9581036835-00,3245717955-00,2360514074-00
5205787518-00 anello interno,9581036835-00,3245717955-00,2360514074-00
tervan 30203 jv anello tenuta,4465044592-00,2266480034-00,3240037049-00
anello di tenuta tipo tervan modello 30203 jv,4465044592-00,2266480034-00,3240037049-00
30203 JV anello tenuta tervan,4465044592-00,2266480034-00,3240037049-00
anello tenuta tervan 31305 jv,7210597771-00,9265943440-00,6814405720-00
tervan 31305jv anello di tenuta,7210597771-00,9265943440-00,6814405720-00
tenuta 31305 JV tervan,7210597771-00,9265943440-00,6814405720-00
anello tervan 3205 JV,6814405720-00,4231466817-00,9927928159-00
tenuta 3205JV anello TERVAN,6814405720-00,4231466817-00,9927928159-00
tervan JV anello tenuta 3205,6814405720-00,4231466817-00,9927928159-00
anello tervan 4204 av tenuta,9487173729-00,8445426123-00,5259060496-00
tenuta 4204AV anello tervan,9487173729-00,8445426123-00,5259060496-00
tervan anello AV 4204,9487173729-00,8445426123-00,5259060496-00
anello tenuta tervan 6001 av,1445209486-00,5232587970-00,3642729084-00
tervan 6001 av guarnizione anello,1445209486-00,5232587970-00,3642729084-00
guarnizione tenuta 6001 av tervan,1445209486-00,5232587970-00,3642729084-00
anello tenuta tervan 6008 zav,1269747985-00,6478964688-00,6244523251-00
tervan 6008 anello tenuta,1269747985-00,6478964688-00,6244523251-00
tenuta tervan 6008 zav anello,1269747985-00,6478964688-00,6244523251-00
anello tenuta tervan 6012 zav,3240037049-00,9315899660-00,9311995010-00
6012 tervan anello tenuta,3240037049-00,9315899660-00,9311995010-00
tervan sealing ring 6012 zav,3240037049-00,9315899660-00,9311995010-00
anello tenuta tervan 61928 av,7448971127-00,6919265037-00,4402980302-00
61928 av tervan sealing ring,7448971127-00,6919265037-00,4402980302-00
tervan ring 61928 av tenuta,7448971127-00,6919265037-00,4402980302-00
anello tenuta tervan 6201 JV,5836842495-00,4163122733-00,2692682170-00
tervan 6201 JV anello tenuta,5836842495-00,4163122733-00,2692682170-00
tenuta tervan 6201 JV anello,5836842495-00,4163122733-00,2692682170-00
anello tenuta tervan 6203-zav,7025136559-00,6119360463-00,7476166945-00
tervan 6203-zav tenuta anello,7025136559-00,6119360463-00,7476166945-00
tenuta anello 6203-zav tervan,7025136559-00,6119360463-00,7476166945-00
anello tenuta tervan 6204 modello JV,2819858087-00,1850869928-00,9092070035-00
tervan 6204 JV tenuta anello,2819858087-00,1850869928-00,9092070035-00
6204 anello tenuta tervan JV,2819858087-00,1850869928-00,9092070035-00
anello tenuta tervan 6205 av,9745921972-00,6506566613-00,7815440699-00
tervan 6205 av anello tenuta,9745921972-00,6506566613-00,7815440699-00
6205 av tenuta anello tervan,9745921972-00,6506566613-00,7815440699-00
anello tenuta tervan 6206 av,1159958664-00,6185779988-00,6560656005-00
tervan 6206 av guarnizione,1159958664-00,6185779988-00,6560656005-00
guarnizione anello 6206 av tervan,1159958664-00,6185779988-00,6560656005-00
anello tenuta tervan 6206 jy,7959077921-00,6598988196-00,1791112940-00
tervan 6206 j/y guarnizione,7959077921-00,6598988196-00,1791112940-00
guarnizione tervan 6206 j-y,7959077921-00,6598988196-00,1791112940-00
anello tenuta tervan 7205 avh,9092070035-00,2401035377-00,3240037049-00
7205 tervan ring seal avh,9092070035-00,2401035377-00,3240037049-00
ricerco anello tenuta avh modello 7205,9092070035-00,2401035377-00,3240037049-00
anello tenuta tervan 7205 jvg,9708781245-00,9621326677-00,1445209486-00
tervan 7205 guarnizione anello,9708781245-00,9621326677-00,1445209486-00
anello 7205 tenuta jvg,9708781245-00,9621326677-00,1445209486-00
ghiera di bloccaggio M20x1 TB20/1 acciaio zincato bianco,4734959973-00,6273083255-00,3981189670-00
A2K TB20/1 ghiera bloccante M20x1 acciaio zincato,4734959973-00,6273083255-00,3981189670-00
bloccaggio ghiera M20x1 modello TB20/1 in acciaio zincato bianco,4734959973-00,6273083255-00,3981189670-00
"ghiera di bloccaggio GUK GN0 M10x0,75 acciaio zincato",3414353862-00,5259714115-00,3420626497-00
"M10x0,75 ghiera bloccaggio GUK GN0 in acciaio zincato bianco",3414353862-00,5259714115-00,3420626497-00
"GUK GN0 acciaio zincato M10x0,75 ghiera di bloccaggio",3414353862-00,5259714115-00,3420626497-00
ghiera di bloccaggio GUK GN1 M12x1 acciaio zincato bianco,5827832202-00,6577415164-00,1096506778-00
GUK GN1 ghiera blocc. M12x1 zincato bianco,5827832202-00,6577415164-00,1096506778-00
M12x1 ghiera bloccaggio GUK GN1 acciaio A2K,5827832202-00,6577415164-00,1096506778-00
"ghiera di bloccaggio GUK GN10 M50x1,5 acciaio zincato bianco",8814802312-00,7287424213-00,5460707695-00
"GN10 M50x1,5 ghiera bloccaggio GUK in acciaio zincato",8814802312-00,7287424213-00,5460707695-00
"ghiera bloccaggio GUK GN10 M50x1,5 zincato bianco",8814802312-00,7287424213-00,5460707695-00
ghiera di bloccaggio GUK GN11 M55x2 acciaio zincato bianco,4513423567-00,2463103318-00,3420626497-00
GUK GN11 M55x2 ghiera bloccaggio acciaio zincato,4513423567-00,2463103318-00,3420626497-00
M55x2 ghiera GUK GN11 bloccaggio zincato bianco,4513423567-00,2463103318-00,3420626497-00
ghiera blocco GUK GN12 M60x2 acciaio zincato bianco,1953835512-00,4230197672-00,4734959973-00
GUK GN12 M60x2 ghiera di bloccaggio in acciaio zincato,1953835512-00,4230197672-00,4734959973-00
GUK GN12 A2K ghiera blocco M60x2 zincata bianca,1953835512-00,4230197672-00,4734959973-00
ghiera di bloccaggio GUK GN14 M70x2 acciaio zincato,1515535636-00,9393372856-00,6397878439-00
GUK GN14 ghiera bloccaggio M70x2 zincato bianco,1515535636-00,9393372856-00,6397878439-00
M70x2 ghiera blocc. GUK GN14 acciaio A2K,1515535636-00,9393372856-00,6397878439-00
ghiera blocco GUK GN17 M75x2 acciaio zincato bianco,9189483726-00,2148970760-00,4385962679-00
GUK GN17 ghiera blocco M75x2 acciaio zincato,9189483726-00,2148970760-00,4385962679-00
M75x2 ghiera di bloccaggio GUK GN17 acciaio zincato bianco,9189483726-00,2148970760-00,4385962679-00
ghiera di blocco GUK GN18 M90x2 acciaio zincato bianco,2115313531-00,3508567827-00,9189483726-00
GN18 ghiera blocco M90x2 tipo GUK zincato bianco,2115313531-00,3508567827-00,9189483726-00
GUK M90x2 ghiera blocco in acciaio zincato GN18,2115313531-00,3508567827-00,9189483726-00
ghiera di bloccaggio GUK GN19 M95x2 acciaio zincato bianco,8027067171-00,5930875688-00,9679603972-00
GUK GN19 M95x2 ghiera bloccaggio acciaio zincato,8027067171-00,5930875688-00,9679603972-00
M95x2 ghiera di blocco GUK GN19 A2K acciaio zincato bianco,8027067171-00,5930875688-00,9679603972-00
ghiera di blocco GUK GN2 M15x1 acciaio zincato bianco,6009433368-00,8195453239-00,3414353862-00
GUK GN2 M15x1 ghiera blocco acciaio zincato,6009433368-00,8195453239-00,3414353862-00
ghiera blocco M15x1 GUK GN2 zincato bianco,6009433368-00,8195453239-00,3414353862-00
ghiera di bloccaggio GUK GN20 M100x2 acciaio zincato bianco,8580568059-00,5461598347-00,1953835512-00
GUK GN20 ghiera bloccaggio M100x2 in acciaio zincato,8580568059-00,5461598347-00,1953835512-00
bloccaggio M100x2 GUK GN20 A2K acciaio zincato bianco,8580568059-00,5461598347-00,1953835512-00
ghiera bloccaggio GUK GN3 M17x1 acciaio zincato bianco,4783474646-00,2179472331-00,5232587970-00
GUK GN3 girante blocco M17x1 tipo acciaio zincato,4783474646-00,2179472331-00,5232587970-00
ghiera di blocco M17x1 GUK GN3 zincato bianco,4783474646-00,2179472331-00,5232587970-00
ghiera di blocco GUK GN4 M20x1 acciaio zincato bianco,3584946221-00,1689776736-00,8943879072-00
GUK GN4 M20x1 ghiera blocco in acciaio zincato,3584946221-00,1689776736-00,8943879072-00
ghiera blocco M20x1 GUK GN4 A2K acciaio zincato bianco,3584946221-00,1689776736-00,8943879072-00
"ghiera bloccaggio GUK GN5 M25x1,5 acciaio zincato bianco",3682914116-00,7450112541-00,4724612976-00
"GUK GN5 M25x1,5 ghiera di blocco acciaio zincato",3682914116-00,7450112541-00,4724612976-00
"ghiera di blocco M25x1,5 GUK GN5 A2K zincato bianco",3682914116-00,7450112541-00,4724612976-00
"ghiera blocco GUK GN6 M30x1,5 acciaio zincato bianco",4385962679-00,9801266729-00,8814802312-00
"GUK GN6 M30x1,5 ghiera di bloccaggio A2K",4385962679-00,9801266729-00,8814802312-00
"M30x1,5 ghiera blocco GUK GN6 in acciaio zincato bianco",4385962679-00,9801266729-00,8814802312-00
"ghiera di blocco M35x1,5 GUK GN7 acciaio zincato bianco",9236434512-00,2438994529-00,3381874459-00
"GUK GN7 M35x1,5 ghiera di bloccaggio in acciaio zincato",9236434512-00,2438994529-00,3381874459-00
blocco ghiera M35x1.5 GUK GN7 acciaio zincato bianco,9236434512-00,2438994529-00,3381874459-00
"ghiera di bloccaggio GUK GN8 M40x1,5 acciaio zincato bianco",8499456817-00,3114810437-00,8580568059-00
"GUK GN8 M40x1,5 ghiera bloccaggio acciaio zincato",8499456817-00,3114810437-00,8580568059-00
"M40x1,5 ghiera bloccaggio GUK GN8 A2K acciaio zincato bianco",8499456817-00,3114810437-00,8580568059-00
"ghiera di bloccaggio GUK GN9 acciaio zincato M45x1,5",1096506778-00,5161232131-00,1585531447-00
"GUK GN9 M45x1,5 ghiera bloccaggio zincato bianco",1096506778-00,5161232131-00,1585531447-00
"M45x1,5 GUK GN9 ghiera bloccaggio in acciaio zincato",1096506778-00,5161232131-00,1585531447-00
"ghiera di bloccaggio M10x0,75 KM0 acciaio zincato bianco",5725210060-00,3693299201-00,8924810199-00
"KM0 ghiera M10x0,75 bloccaggio acciaio zincato",5725210060-00,3693299201-00,8924810199-00
"ghiera M10x0,75 bloccaggio KM0 acciaio zincato bianco",5725210060-00,3693299201-00,8924810199-00
ghiera di bloccaggio M12x1 acciaio zincato bianco KM1,1536796713-00,1398953358-00,4513423567-00
KM1 ghiera bloccaggio M12x1 zincato bianco,1536796713-00,1398953358-00,4513423567-00
ghiera blocc. M12x1 acciaio KM1 bianco zincato,1536796713-00,1398953358-00,4513423567-00
"ghiera di bloccaggio KM10 M50x1,5 acciaio zincato bianco",9276516840-00,8244490406-00,5725210060-00
"KM10 ghiera bloccaggio M50x1,5 tipo acciaio zincato",9276516840-00,8244490406-00,5725210060-00
"ghiera blocc. M50x1,5 zincata bianca KM10",9276516840-00,8244490406-00,5725210060-00
ghiera di blocco M55x2 KM11 acciaio zincato bianco,8575337361-00,3083433426-00,1028628638-00
KM11 ghiera blocco M55 2 acciaio zincato bianco,8575337361-00,3083433426-00,1028628638-00
ghiera blocco M55x2 KM11 acciaio zincato,8575337361-00,3083433426-00,1028628638-00
ghiera blocco KM12 M60x2 acciaio zincato bianco,3132322870-00,9734057020-00,6119538160-00
KM12 ghiera di bloccaggio M60x2 zincato bianco,3132322870-00,9734057020-00,6119538160-00
M60x2 ghiera blocco KM12 acciaio zincato,3132322870-00,9734057020-00,6119538160-00
ghiera di blocco KM14 M70x2 acciaio zincato bianco,9102211860-00,1329191849-00,3624754278-00
KM14 M70x2 ghiera blocco in acciaio zincato bianco,9102211860-00,1329191849-00,3624754278-00
acciaio zincato bianco GHIERA blocco M70x2 KM14,9102211860-00,1329191849-00,3624754278-00
ghiera di bloccaggio KM15 M75x2 acciaio zincato bianco,4114944577-00,9917520427-00,3981189670-00
M75x2 ghiera blocc. KM15 in acciaio zincato,4114944577-00,9917520427-00,3981189670-00
KM15 bloccaggio M75x2 ghiera acciaio zincato bianco,4114944577-00,9917520427-00,3981189670-00
ghiera di bloccaggio M90x2 KM18 acciaio zincato bianco,4795852814-00,7664309470-00,4734959973-00
M90x2 KM18 ghiera bloccaggio acciaio zincato,4795852814-00,7664309470-00,4734959973-00
KM18 ghiera di bloccaggio M90x2 acciaio zincato bianco,4795852814-00,7664309470-00,4734959973-00
ghiera di bloccaggio M15x1 KM2 acciaio zincato bianco,1469574084-00,1902401529-00,1725870815-00
KM2 M15x1 ghiera bloccaggio acciaio zincato,1469574084-00,1902401529-00,1725870815-00
ghiera blocc. A2K M15x1 acciaio zincato bianco KM2,1469574084-00,1902401529-00,1725870815-00
ghiera di bloccaggio KM3 M17x1 acciaio zincato bianco,5212948757-00,9910910852-00,1585531447-00
KM3 ghiera di bloccaggio M17x1 zincato A2K,5212948757-00,9910910852-00,1585531447-00
M17x1 ghiera bloccaggio KM3 in acciaio zincato bianco,5212948757-00,9910910852-00,1585531447-00
ghiera di bloccaggio KM4 M20x1 acciaio zincato bianco,2952661606-00,7371808107-00,5120130739-00
KM4 ghiera bloccaggio M20x1 zincato bianco,2952661606-00,7371808107-00,5120130739-00
ghiera blocc KM4 M20x1 acciaio zincato,2952661606-00,7371808107-00,5120130739-00
ghiera di bloccaggio KM4 M20x1 acciaio zincato bianco,2952661606-00,4937698724-00,5120130739-00
KM4 M20x1 ghiera bloccaggio acciaio zincato,2952661606-00,4937698724-00,5120130739-00
ghiera blocc. M20x1 KM4 acciaio bianco zincato,2952661606-00,4937698724-00,5120130739-00
"ghiera di bloccaggio KM5 M25x1,5 acciaio zincato bianco",3624754278-00,5544830891-00,5212948757-00
"KM5 M25x1,5 ghiera bloccaggio acciaio zincato",3624754278-00,5544830891-00,5212948757-00
"blocc. KM5 M25x1,5 ghiera acciaio zincato bianco",3624754278-00,5544830891-00,5212948757-00
"ghiera di blocco KM5 M25x1,5 acciaio zincato bianco",3624754278-00,8076724964-00,8234565308-00
"KM5 ghiera blocco M25x1,5 zincato bianco",3624754278-00,8076724964-00,8234565308-00
"M25x1,5 ghiera blocco KM5 acciaio zincato",3624754278-00,8076724964-00,8234565308-00
"ghiera di blocco M30x1,5 KM6 acciaio zincato bianco",3420626497-00,8913245598-00,9276516840-00
"KM6 ghiera di blocco M30x1,5 in acciaio zincato",3420626497-00,8913245598-00,9276516840-00
"M30x1,5 ghiera blocco KM6 acciaio zincato bianco",3420626497-00,8913245598-00,9276516840-00
"ghiera di bloccaggio M30x1,5 KM6 acciaio zincato bianco",3420626497-00,6477628898-00,4636455457-00
"KM6 M30x1,5 ghiera bloccaggio acciaio zincato",3420626497-00,6477628898-00,4636455457-00
"M30x1,5 ghiera bloccaggio KM6 acciaio zincato bianco",3420626497-00,6477628898-00,4636455457-00
"ghiera di blocco KM7 M35x1,5 acciaio zincato bianco",8783888577-00,8723283629-00,1919151413-00
acciaio zincato bianco ghiera blocco M35x1.5 KM7,8783888577-00,8723283629-00,1919151413-00
M35x1.5 ghiera blocco KM7 tipo acciaio zincato bianco,8783888577-00,8723283629-00,1919151413-00
"ghiera di bloccaggio KM8 M40x1,5 acciaio zincato bianco",5509206431-00,3931415237-00,3420626497-00
"KM8 M40x1,5 ghiera bloccaggio acciaio zincato",5509206431-00,3931415237-00,3420626497-00
"M40x1,5 ghiera bloccante KM8 zincata bianca",5509206431-00,3931415237-00,3420626497-00
"ghiera blocco KM9 M45x1,5 acciaio zincato bianco",1395728832-00,4734377813-00,5232587970-00
"KM9 ghiera M45x1,5 blocco in acciaio zincato",1395728832-00,4734377813-00,5232587970-00
"ghiera di bloccaggio M45x1,5 KM9 acciaio zincato bianco",1395728832-00,4734377813-00,5232587970-00
ghiera di bloccaggio KMK2 M15x1 acciaio zincato bianco,7351292732-00,4641212468-00,4519942501-00
KMK2 ghiera M15x1 bloccaggio acciaio zincato,7351292732-00,4641212468-00,4519942501-00
acciaio zincato bianco ghiera bloccaggio M15x1 KMK2,7351292732-00,4641212468-00,4519942501-00
"ghiera blocco ORU KMT 9 M45x1,5",1016265441-00,4522541027-00,9189483726-00
KMT 9 ghiera di bloccaggio M45x1.5,1016265441-00,4522541027-00,9189483726-00
"M45x1,5 ghiera di blocco ORU KMT 9",1016265441-00,4522541027-00,9189483726-00
ghiera blocco ORU ZM110 110x2,6519083481-00,5962016512-00,2952661606-00
ZM110 ghiera di bloccaggio 110x2,6519083481-00,5962016512-00,2952661606-00
blocco ORU 110 mm ghiera ZM110,6519083481-00,5962016512-00,2952661606-00
ghiera blocco ORU ZM12 M12x1,5818801584-00,9521712444-00,1515535636-00
M12x1 ghiera di bloccaggio ORU,5818801584-00,9521712444-00,1515535636-00
ZM12 blocco M12 ghiera ORU,5818801584-00,9521712444-00,1515535636-00
ghiera bloccaggio oru zm15 m15x1,4519942501-00,5942763771-00,2799522499-00
m15x1 ghiera di blocco oru zm15,4519942501-00,5942763771-00,2799522499-00
oru zm15 blocco m15x1 ghiera,4519942501-00,5942763771-00,2799522499-00
ghiera blocco ORU ZM17 M17x1,5120130739-00,4848148118-00,4783474646-00
ZM17 M17x1 ghiera di bloccaggio,5120130739-00,4848148118-00,4783474646-00
ghiera ORU M17x1 tipo ZM17,5120130739-00,4848148118-00,4783474646-00
ghiera blocco ORU ZM20 20x1,2988200849-00,7728063749-00,4795852814-00
ZM20 20x1 giunto bloccaggio ORU,2988200849-00,7728063749-00,4795852814-00
blocco ORU ghiera 20x1 tipo ZM20,2988200849-00,7728063749-00,4795852814-00
ghiera blocco ORU ZM25 25x1.5,1505569972-00,3921443853-00,8725430886-00
"ZM25 25x1,5 ghiera di bloccaggio",1505569972-00,3921443853-00,8725430886-00
ghiera di bloccaggio 25x1.5 ORU,1505569972-00,3921443853-00,8725430886-00
"ghiera blocco ORU ZM30 30x1,5",5888185401-00,5901673931-00,4795852814-00
"30x1,5 ghiera di bloccaggio ORU",5888185401-00,5901673931-00,4795852814-00
ORU ZM30 lock ring 30mm 1.5 pitch,5888185401-00,5901673931-00,4795852814-00
ghiera blocco ORU ZM40 40x1.5,8178727713-00,2571962982-00,5218241439-00
ZM40 ghiera 40mm passo 1.5,8178727713-00,2571962982-00,5218241439-00
ghiera di bloccaggio 40x1.5 ORU,8178727713-00,2571962982-00,5218241439-00
"ghiera bloccaggio ORU ZM50 50x1,5",7985802491-00,3325422228-00,3381874459-00
ORU ZM50 50mm 1.5 locking ring,7985802491-00,3325422228-00,3381874459-00
50x1.5 ghiera ORU ZM50 blocco,7985802491-00,3325422228-00,3381874459-00
ghiera bloccaggio ORU ZM55 55x2,3672346156-00,3634085133-00,3624754278-00
ZM55 ghiera 55x2 bloccaggio,3672346156-00,3634085133-00,3624754278-00
55x2 ghiera ORU di bloccaggio ZM55,3672346156-00,3634085133-00,3624754278-00
ghiera blocco ORU ZM70 70x2,8725430886-00,6945181432-00,1953835512-00
ZM70 ghiera 70mm 2mm blocco ORU,8725430886-00,6945181432-00,1953835512-00
ghiera di bloccaggio 70x2 ORU ZM70,8725430886-00,6945181432-00,1953835512-00
ghiera blocco ORU ZM90 90x2,4281765786-00,3113830218-00,2799522499-00
ZM90 ghiera bloccaggio 90mm 2mm,4281765786-00,3113830218-00,2799522499-00
90x2 ghiera di blocco ORU,4281765786-00,3113830218-00,2799522499-00
ghiera blocco KMT M17x1,3381874459-00,3399345551-00,8234565308-00
KMT 3 ghiera bloccaggio M17x1,3381874459-00,3399345551-00,8234565308-00
blocco M17x1 ghiera KMT 3,3381874459-00,3399345551-00,8234565308-00
ghiera blocco kmt 4 m20x1,4724612976-00,8317446155-00,6286450696-00
m20x1 ghiera di bloccaggio kmt 4,4724612976-00,8317446155-00,6286450696-00
kmt 4 blocco ghiera m20x1,4724612976-00,8317446155-00,6286450696-00
"ghiera bloccaggio KMT 5 M25x1,5",1868052648-00,7510513190-00,2583664143-00
KMT 5 M25 x 1.5 ghiera di blocco,1868052648-00,7510513190-00,2583664143-00
ghiera di blocco M25x1.5 KMT 5,1868052648-00,7510513190-00,2583664143-00
"ghiera blocco KMT 6 30x1,5",2799522499-00,1114043114-00,1919151413-00
"KMT 6 30x1,5 ghiera di fissaggio",2799522499-00,1114043114-00,1919151413-00
"30x1,5 ghiera blocco KMT",2799522499-00,1114043114-00,1919151413-00
"ghiera blocco kmt 7 m35x1,5",4883592855-00,5918243383-00,1505569972-00
kmt7 M35 x 1.5 ghiera serraggio,4883592855-00,5918243383-00,1505569972-00
blocco ghiera M35x1.5 KMT 7,4883592855-00,5918243383-00,1505569972-00
ghiera precisione HIR M15x1,1919151413-00,3420647459-00,7775082541-00
HIR M15x1 ghiera di precisione,1919151413-00,3420647459-00,7775082541-00
m15x1 ghiera precisione HIR,1919151413-00,3420647459-00,7775082541-00
ghiera precisione HIR M20 x 1,5232587970-00,8222802007-00,8234565308-00
HIR M20x1 ghiera di precisione,5232587970-00,8222802007-00,8234565308-00
precisione ghiera M20 HIR,5232587970-00,8222802007-00,8234565308-00
"ghiera precisione M20 1,5 HIR",5196514300-00,6692181667-00,5888185401-00
"HIR M20x1,5 ghiera di precisione",5196514300-00,6692181667-00,5888185401-00
"ghiera M20x1,5 tipo HIR",5196514300-00,6692181667-00,5888185401-00
ghiera precisione LFE26 M95x2 acciaio zincato bianco,8786168191-00,7263953526-00,2790526286-00
LFE26 ghiera M95x2 A2K acciaio zincato,8786168191-00,7263953526-00,2790526286-00
precisione M95x2 ghiera LFE26 zincato bianco,8786168191-00,7263953526-00,2790526286-00
"ghiera precisione M45x1,5 LR15 acciaio zincato bianco",9681950978-00,1634454981-00,1028628638-00
"LR15 M45x1,5 ghiera di precisione in acciaio zincato",9681950978-00,1634454981-00,1028628638-00
"ghiera M45x1,5 LR15 A2K in acciaio zincato bianco",9681950978-00,1634454981-00,1028628638-00
ghiera precisione M65x2 LR20 acciaio zincato bianco,3981189670-00,3636027469-00,4795852814-00
LR20 M65x2 ghiera di precisione A2K,3981189670-00,3636027469-00,4795852814-00
ghiera precisione A2K M65x2 in acciaio zincato bianco LR20,3981189670-00,3636027469-00,4795852814-00
"ghiera precisione M50x1,5 LRE16 acciaio zincato bianco",2583664143-00,8204973030-00,3682914116-00
"M50x1,5 LRE16 ghiera di precisione in acciaio zincato",2583664143-00,8204973030-00,3682914116-00
"ghiera LRE16 A2K M50x1,5 acciaio zincato bianco",2583664143-00,8204973030-00,3682914116-00
ghiera precisione M90x2 LRE25 acciaio zincato bianco,1585531447-00,4828582854-00,1536796713-00
LRE25 M90x2 ghiera di precisione in acciaio zincato,1585531447-00,4828582854-00,1536796713-00
precisione LRE25 M90x2 ghiera A2K zincato bianco,1585531447-00,4828582854-00,1536796713-00
ghiera precisione M90x2 SX LRE25 acciaio zincato bianco,6139131350-00,7051940106-00,4724612976-00
LRE25 M90x2 SX ghiera di precisione acciaio 2K zincato,6139131350-00,7051940106-00,4724612976-00
m90x2 sx precisione ghiera LRE25 acciaio zincato bianco,6139131350-00,7051940106-00,4724612976-00
"ghiera precisione LX44 M44x1,5 acciaio zincato bianco",1260785993-00,8913245598-00,6139131350-00
"LX44 ghiera di precisione M44x1,5 tipo A2K",1260785993-00,8913245598-00,6139131350-00
"M44x1,5 ghiera precisione acciaio zincato LX44",1260785993-00,8913245598-00,6139131350-00
"ghiera precisione M60x1,5 LX60 acciaio zincato bianco",9679603972-00,7034847370-00,6009433368-00
LX60 ghiera precisione M60x1.5 A2K in acciaio zincato,9679603972-00,7034847370-00,6009433368-00
"M60x1,5 ghiera di precisione LX60 acciaio zincato bianco",9679603972-00,7034847370-00,6009433368-00
"ghiera precisione LX70 M70x1,5 acciaio zincato bianco",7775082541-00,1558823437-00,3132322870-00
"LX70 ghiera M70x1,5 zincato bianco",7775082541-00,1558823437-00,3132322870-00
"M70x1,5 ghiera di precisione LX70 acciaio A2K",7775082541-00,1558823437-00,3132322870-00
"ghiera precisione M82x1,5 LX82 acciaio zincato bianco",8592912576-00,5124484992-00,9102211860-00
"LX82 M82x1,5 ghiera di precisione in acciaio zincato",8592912576-00,5124484992-00,9102211860-00
"M82x1,5 ghiera LX82 A2K acciaio zincato bianco",8592912576-00,5124484992-00,9102211860-00
"ghiera precisione 65x1,5x24 MSA",5218241439-00,1511681744-00,6515509664-00
MSA 65/1.5/24 ghiera di precisione,5218241439-00,1511681744-00,6515509664-00
ghiera 65mm 1.5mm 24mm MSA,5218241439-00,1511681744-00,6515509664-00
ghiera precisione msr 100x2x32,8234565308-00,1040011022-00,6519083481-00
msr ghiera 100mm 2mm 32mm,8234565308-00,1040011022-00,6519083481-00
ghiera di precisione 100x2x32 msr,8234565308-00,1040011022-00,6519083481-00
ghiera precisione MSR 120x2x36,8924810199-00,6097009167-00,4636455457-00
MSR ghiera 120mm 2mm 36mm,8924810199-00,6097009167-00,4636455457-00
ghiera 120x2x36 precisione,8924810199-00,6097009167-00,4636455457-00
ghiera precisione MSR 140x3x36,8943879072-00,3873262707-00,5232587970-00
MSR 140 3 36 ghiera di precisione,8943879072-00,3873262707-00,5232587970-00
ghiera 140mm spessore 3mm altezza 36mm MSR,8943879072-00,3873262707-00,5232587970-00
ghiera precisione msr 150x3x36,5460707695-00,2709104285-00,1096506778-00
msr ghiera 150mm 3mm spessore 36mm,5460707695-00,2709104285-00,1096506778-00
ghiera di precisione 150x3x36 msr,5460707695-00,2709104285-00,1096506778-00
ghiera precisione MSR 170x3x40,4253700944-00,8045442358-00,7985802491-00
MSR 170x3x40 ghiera di precisione,4253700944-00,8045442358-00,7985802491-00
ghiera 170x3x40 precisione tipo MSR,4253700944-00,8045442358-00,7985802491-00
"ghiera precisione MSR 18x1,5x18",9411768388-00,3966591837-00,3682914116-00
"MSR ghiera 18 mm passo 1,5",9411768388-00,3966591837-00,3682914116-00
"ghiera 18x1,5x18 precisione tipo MSR",9411768388-00,3966591837-00,3682914116-00
ghiera precisione MSR 20x1.5x18,6515509664-00,3955556714-00,8786168191-00
MSR ghiera 20x1.5x18 tipo precisione,6515509664-00,3955556714-00,8786168191-00
20x1.5x18 ghiera di precisione MSR,6515509664-00,3955556714-00,8786168191-00
"ghiera precisione MSR 22x1,5x18",8106800184-00,9367992085-00,7351292732-00
"MSR ghiera 22 mm passo 1,5 lunghezza 18",8106800184-00,9367992085-00,7351292732-00
"ghiera 22x1,5x18 tipo MSR",8106800184-00,9367992085-00,7351292732-00
"ghiera precisione msr 24x1,5x18",3685083825-00,7567206630-00,9411768388-00
msr 24 1.5 18 ghiera di precisione,3685083825-00,7567206630-00,9411768388-00
ghiera 24mm x 1.5mm x 18mm tipo msr,3685083825-00,7567206630-00,9411768388-00
"ghiera precisione msr 25x1,5x20",3255745551-00,1932500150-00,3369966519-00
msr ghiera 25x1.5 20mm,3255745551-00,1932500150-00,3369966519-00
"25x1,5 ghiera di precisione modello msr",3255745551-00,1932500150-00,3369966519-00
"ghiera precisione MSR 30x1,5 diametro 20",6397878439-00,8088390816-00,8234565308-00
"MSR ghiera 30mm x 1,5mm x 20mm",6397878439-00,8088390816-00,8234565308-00
"ghiera 30x1,5x20 modello precisione MSR",6397878439-00,8088390816-00,8234565308-00
"ghiera precisione msr 35x1,5x22",2790526286-00,6954730411-00,6515509664-00
"MSR 35 1,5 22 ghiera",2790526286-00,6954730411-00,6515509664-00
ghiera 35x1.5x22 msr,2790526286-00,6954730411-00,6515509664-00
"ghiera precisione 40x1,5x22 MSR",1725870815-00,7993069863-00,3420626497-00
MSR ghiera 40mm 1.5mm 22mm,1725870815-00,7993069863-00,3420626497-00
40x1.5x22 ghiera di precisione tipo MSR,1725870815-00,7993069863-00,3420626497-00
ghiera precisione MSR 45mm 1.5x22,5822798508-00,8824276530-00,4513423567-00
MSR 45x1.5 ghiera precisione 22,5822798508-00,8824276530-00,4513423567-00
ghiera 45x1.5x22 mm precisione,5822798508-00,8824276530-00,4513423567-00
ghiera precisione MSR 48x1.5x25,6286450696-00,3832265731-00,5509206431-00
MSR ghiera 48mm 1.5 passo 25,6286450696-00,3832265731-00,5509206431-00
ghiera 48x1.5x25 mm precisione,6286450696-00,3832265731-00,5509206431-00
"ghiera precisione MSR 50x1,5x25",6119538160-00,6439186466-00,7775082541-00
50x1.5x25 ghiera MSR di precisione,6119538160-00,6439186466-00,7775082541-00
"MSR ghiera precisione 50 mm 1,5 mm 25 mm",6119538160-00,6439186466-00,7775082541-00
ghiera precisione msr 55x1.5x25,4636455457-00,7090571037-00,5196514300-00
55x1.5x25 ghiera di precisione msr,4636455457-00,7090571037-00,5196514300-00
msr ghiera 55mm 1.5mm spessore 25mm,4636455457-00,7090571037-00,5196514300-00
"ghiera precisione MSR 60x1,5x26",1028628638-00,8556932975-00,3132322870-00
MSR ghiera 60mm 1.5 26mm,1028628638-00,8556932975-00,3132322870-00
"ghiera 60x1,5x26 precisione MSR",1028628638-00,8556932975-00,3132322870-00
ghiera precisione MSR 65mm 1.5mm 28mm,6506470874-00,3750693595-00,1515535636-00
MSR 65x1.5x28 ghiera di precisione,6506470874-00,3750693595-00,1515535636-00
ghiera 65x1.5x28 precisione tipo MSR,6506470874-00,3750693595-00,1515535636-00
"ghiera precisione MSR 75x1,5x28",5516941534-00,9788886065-00,6286450696-00
"75x1,5x28 ghiera di precisione MSR",5516941534-00,9788886065-00,6286450696-00
MSR ghiera precisione 75mm 1.5mm 28mm,5516941534-00,9788886065-00,6286450696-00
ghiera precisione MSR 85x2x32,3369966519-00,7815440699-00,5725210060-00
MSR ghiera 85x2x32,3369966519-00,7815440699-00,5725210060-00
ghiera 85mm 2mm 32mm MSR,3369966519-00,7815440699-00,5725210060-00
rondella conica forma D M12 C50,7394457644-00,2293806356-00,2709104285-00
M12 D C50 conica washer,7394457644-00,2293806356-00,2709104285-00
washer conica forma D C50 M12,7394457644-00,2293806356-00,2709104285-00
rondella conica forma D C50 M20,2300869594-00,5074445582-00,5411138778-00
forma D rondella conica C50 M20,2300869594-00,5074445582-00,5411138778-00
conica D C50 M20 rondella,2300869594-00,5074445582-00,5411138778-00
rondella conica forma D M8 C50,9990793220-00,4624316935-00,2474448039-00
C50 M8 rondella conica forma D,9990793220-00,4624316935-00,2474448039-00
forma D rondella conica M8 C50,9990793220-00,4624316935-00,2474448039-00
rondella conica forma G C50 M16,3808818546-00,9865133896-00,4457628282-00
M16 rondella conica C50,3808818546-00,9865133896-00,4457628282-00
forma G conica C50 M16 rondella,3808818546-00,9865133896-00,4457628282-00
rondella conica forma G C50 M20,5917366663-00,2789360096-00,3236853584-00
G C50 M20 rondella conica,5917366663-00,2789360096-00,3236853584-00
rondella conica M20 C50 forma G,5917366663-00,2789360096-00,3236853584-00
rondella curva acciaio zincato M2 A2K,1046625092-00,5352356648-00,3285264200-00
M2 rondella curva zincata bianca A2K,1046625092-00,5352356648-00,3285264200-00
rondella curva A2K M2 acciaio bianco,1046625092-00,5352356648-00,3285264200-00
rondella dentellata esterna TY-A acciaio inox M10,5217076625-00,9044786768-00,8318286175-00
TY-A M10 rondella dentellata esterna in acciaio inox,5217076625-00,9044786768-00,8318286175-00
rondella esterna M10 tipo TY-A dentellata in acciaio inox,5217076625-00,9044786768-00,8318286175-00
rondella dentellata esterna tipo A M8 acciaio inox,3653142136-00,6586389960-00,9728025833-00
TY-A M8 rondella dentellata esterna in inox,3653142136-00,6586389960-00,9728025833-00
M8 rondella dentell. esterna tipo A in acciaio inox,3653142136-00,6586389960-00,9728025833-00
rondella dentellata esterna TY-A A2K M10 acciaio zincato bianco,2556292981-00,2571962982-00,1431389609-00
TY-A M10 rondella dentellata esterna in acciaio zincato,2556292981-00,2571962982-00,1431389609-00
rondella dentellata esterna M10 acciaio bianco TY-A A2K,2556292981-00,2571962982-00,1431389609-00
rondella dentellata TY-A M3 acciaio zincato bianco,9540952247-00,8302887250-00,7778606307-00
TY-A M3 rondella dentell esterna acciaio zincato,9540952247-00,8302887250-00,7778606307-00
rondella esterna dentellata M3 TY-A materiale acciaio zincato bianco,9540952247-00,8302887250-00,7778606307-00
rondella dentell. est. TY-A M5 acciaio zincato bianco,6138551596-00,2884271768-00,5134598702-00
TY-A A2K M5 rondella dentellabile in acciaio zincato,6138551596-00,2884271768-00,5134598702-00
rondella esterna TY-A M5 acciaio zincato bianco dentellata,6138551596-00,2884271768-00,5134598702-00
rondella dentellata esterna tipo A2K M5x10 acciaio zincato bianco,7037704410-00,1269747985-00,2756193419-00
TY-A M5x10 rondella dentell. est. in acciaio zincato,7037704410-00,1269747985-00,2756193419-00
rondella esterna tipo A2K M5x10 zincata bianca dentellata,7037704410-00,1269747985-00,2756193419-00
rondella dentellata esterna TY-A M6 acciaio zincato bianco,1652967927-00,5206757906-00,8090921104-00
TY-A M6 rondella dentellata esterna in acciaio zincato,1652967927-00,5206757906-00,8090921104-00
rondella M6 TY-A esterna dentellata acciaio zincato bianco,1652967927-00,5206757906-00,8090921104-00
rondella dentell. ty-a acciaio zincato bianco M6 x 11,7497806643-00,1919114371-00,5599619248-00
TY-A M6x11 rondella esterna dentellata,7497806643-00,1919114371-00,5599619248-00
M6x11 acciaio zincato bianco rondella dentellata TY-A,7497806643-00,1919114371-00,5599619248-00
rondella dentellata esterna M8 tipo TY-A acciaio zincato bianco,5134598702-00,9224795099-00,1126028490-00
TY-A M8 rondella dentell. est. in acciaio zincato bianco,5134598702-00,9224795099-00,1126028490-00
rondella esterna M8 tipo TY-A acciaio zincato bianco dentellata,5134598702-00,9224795099-00,1126028490-00
rondella dentellata esterna tipo ty-v misura m10,7103403071-00,5918243383-00,1558823437-00
m10 rondella dentellata esterna ty-v,7103403071-00,5918243383-00,1558823437-00
ty-v m10 esterna dentellata rondella,7103403071-00,5918243383-00,1558823437-00
rondella dentellata esterna ty-v m8,8025235221-00,8075449217-00,7511541800-00
m8 ty-v rondella dentellata esterna,8025235221-00,8075449217-00,7511541800-00
rondelle ty-v m8 dentellate esterne,8025235221-00,8075449217-00,7511541800-00
rondella sicurezza acciaio zincato MB10,9057304858-00,9788886065-00,3808818546-00
MB10 rondella di sicurezza A2K zincato bianco,9057304858-00,9788886065-00,3808818546-00
rondella A2K MB10 sicura acciaio zincato,9057304858-00,9788886065-00,3808818546-00
rondella sicurezza MB11 acciaio zincato bianco A2K,3236853584-00,5787199712-00,9990793220-00
A2K rondella di sicurezza MB11 in acciaio zincato,3236853584-00,5787199712-00,9990793220-00
sicurezza rondella MB11 A2K materiale acciaio zincato bianco,3236853584-00,5787199712-00,9990793220-00
rondella sicurezza MB12 acciaio zincato bianco A2K,6009304401-00,1641822704-00,8881076183-00
MB12 rondella di sicurezza A2K acciaio zincato,6009304401-00,1641822704-00,8881076183-00
rondella A2K MB12 sicurezza zincato bianco,6009304401-00,1641822704-00,8881076183-00
rondella sicurezza Acciaio zincato bianco MB15,8310185265-00,6139131350-00,1570747722-00
MB15 rondella di sicurezza in acciaio zincato,8310185265-00,6139131350-00,1570747722-00
rondella A2K MB15 sicurezza acciaio bianco,8310185265-00,6139131350-00,1570747722-00
rondella di sicurezza MB18 acciaio zincato bianco,7733451960-00,1570275778-00,2756193419-00
MB18 rondella sicurezza A2K acciaio zincato,7733451960-00,1570275778-00,2756193419-00
rondella A2K MB18 sicurezza acciaio zincato bianco,7733451960-00,1570275778-00,2756193419-00
rondella sicurezza A2K acciaio zincato MB3,4763264514-00,4141074622-00,8025235221-00
MB3 rondella di sicurezza A2K zincato bianco,4763264514-00,4141074622-00,8025235221-00
rondella A2K MB3 sicurezza acciaio zincato,4763264514-00,4141074622-00,8025235221-00
rondella sicurezza A2K acciaio zincato bianco MB4,3832265731-00,5905948272-00,5217076625-00
MB4 rondella di sicurezza A2K in acciaio zincato,3832265731-00,5905948272-00,5217076625-00
rondella MB4 A2K sicurezza acciaio zincato bianco,3832265731-00,5905948272-00,5217076625-00
rondella di sicurezza MB5 acciaio zincato bianco A2K,3144303627-00,5622965267-00,1652967927-00
A2K MB5 rondella sicurezza acciaio bianco zincato,3144303627-00,5622965267-00,1652967927-00
rondella MB5 sicurezza materiale acciaio zincato A2K,3144303627-00,5622965267-00,1652967927-00
rondella sicurezza A2K MB6 acciaio zincato bianco,9680723972-00,8115414843-00,7103403071-00
MB6 rondella di sicurezza in acciaio zincato bianco,9680723972-00,8115414843-00,7103403071-00
rondella di sicurezza A2K materiale acciaio zincato bianco MB6,9680723972-00,8115414843-00,7103403071-00
rondella sicurezza A2K MB7 acciaio zincato bianco,8298096627-00,5331200037-00,5693143967-00
MB7 rondella di sicurezza in acciaio zincato bianco,8298096627-00,5331200037-00,5693143967-00
rondella di sicurezza MB7 A2K materiale zincato bianco,8298096627-00,5331200037-00,5693143967-00
rondella sicurezza MB8 acciaio zincato bianco A2K,1430110093-00,7510513190-00,5441228703-00
MB8 rondella di sicurezza A2K zincata bianca,1430110093-00,7510513190-00,5441228703-00
rondella A2K sicurezza acciaio MB8 zincato,1430110093-00,7510513190-00,5441228703-00
rondella st2k60 m25 36x2 spessore,9367992085-00,2893936683-00,4457628282-00
m25x36x2 rondella spessore st2k60,9367992085-00,2893936683-00,4457628282-00
st2k60  rondella m25 36x2 spessore 2,9367992085-00,2893936683-00,4457628282-00
rondella spessore ST2K60 M30x42x1,4536902446-00,6506470874-00,7497806643-00
M30 42 1 rondella ST2K60,4536902446-00,6506470874-00,7497806643-00
ST2K60 rondella 30x42 spessore 1,4536902446-00,6506470874-00,7497806643-00
rondella tenuta rame M14 20 1.5,2605789397-00,7463424763-00,6214669592-00
M14x20 rondella di tenuta in rame 1.5,2605789397-00,7463424763-00,6214669592-00
rondella rame M14x20x1.5,2605789397-00,7463424763-00,6214669592-00
"rondella tenuta rame M17x22x1,5",6051170151-00,3132891770-00,8318286175-00
"M17x22x1,5 rondella rame",6051170151-00,3132891770-00,8318286175-00
rondella di tenuta in rame 17x22mm 1.5mm,6051170151-00,3132891770-00,8318286175-00
"rondella tenuta rame M21,5 27 1,5",6973153932-00,2489784533-00,2678278255-00
"M21,5x27x1,5 rondella rame tenuta",6973153932-00,2489784533-00,2678278255-00
rondelle rame M21.5 27mm 1.5mm,6973153932-00,2489784533-00,2678278255-00
"rondella tenuta rame M21x27x1,5",6693547172-00,7223215219-00,1558823437-00
M21X27X1.5 rondella di rame,6693547172-00,7223215219-00,1558823437-00
rondella M21 27 1.5 tenuta rame,6693547172-00,7223215219-00,1558823437-00
"rondella tenuta rame M27x33x1,5",7970501472-00,1705888698-00,2743366945-00
"M27x33x1,5 rondella rame tenuta",7970501472-00,1705888698-00,2743366945-00
rondella rame M27 33 1.5 tenuta,7970501472-00,1705888698-00,2743366945-00
rondella tenuta westaro,9732007045-00,1599421041-00,3014326085-00
westaro guarnizione,9732007045-00,1599421041-00,3014326085-00
rondella chiusura westaro,9732007045-00,1599421041-00,3014326085-00
rondella elastica B A2 M10 acciaio inox,1809871854-00,4256015092-00,2300869594-00
M10 rondella forma B elastica inox,1809871854-00,4256015092-00,2300869594-00
rondella forma B A2 M10 in acciaio inox,1809871854-00,4256015092-00,2300869594-00
rondella elastica forma B M12 acciaio inox,2210052713-00,1319770837-00,1126028490-00
M12 rondella forma B elastica A2,2210052713-00,1319770837-00,1126028490-00
A2 rondella elastica inox forma B M12,2210052713-00,1319770837-00,1126028490-00
rondella elastica acciaio inox forma B M14,1294937780-00,4870101176-00,9990793220-00
M14 rondella forma B elastica A2,1294937780-00,4870101176-00,9990793220-00
rondella forma B M14 A2 acciaio inox,1294937780-00,4870101176-00,9990793220-00
rondella elastica M16 forma B acciaio inox,2709104285-00,6824584696-00,7974005612-00
RONDELLA ELASTICA A2 M16 tipo B,2709104285-00,6824584696-00,7974005612-00
forma B M16 rondella elastica in acciaio inox,2709104285-00,6824584696-00,7974005612-00
rondella elastica M4 forma B acciaio inox A2,5599619248-00,7126761567-00,3030593180-00
forma B rondella elastica in acciaio inox M4,5599619248-00,7126761567-00,3030593180-00
M4 rondella elastica tipo B A2 inox,5599619248-00,7126761567-00,3030593180-00
rondella elastica acciaio inox forma B M5,2756193419-00,9534081164-00,9557184959-00
forma B M5 rondella elastica A2 in acciaio inox,2756193419-00,9534081164-00,9557184959-00
A2 M5 rondella elastica forma B acciaio inox,2756193419-00,9534081164-00,9557184959-00
rondella elastica forma B A2 M6 acciaio inox,5411138778-00,8811987705-00,7970501472-00
forma B M6 rondella elastica in acciaio inox,5411138778-00,8811987705-00,7970501472-00
RONDELLA ELASTICA A2 M6 forma B in acciaio inox,5411138778-00,8811987705-00,7970501472-00
rondella elastica forma B M8 acciaio inox,2469021087-00,9890504923-00,2551198468-00
RONDELLA ELASTICA A2 M8 forma B,2469021087-00,9890504923-00,2551198468-00
forma B M8 rondella elastica acciaio inox,2469021087-00,9890504923-00,2551198468-00
rondella elastica forma B M10 acciaio zincato bianco,5303308423-00,6874152815-00,1046625092-00
M10 rondella elastica forma B A2K acciaio zincato,5303308423-00,6874152815-00,1046625092-00
A2K M10 forme B rondella elastica acciaio zincato bianco,5303308423-00,6874152815-00,1046625092-00
rondella elastica forma B M12 acciaio zincato bianco,6214669592-00,1525514682-00,5735698913-00
M12 rondella elastica forma B A2K acciaio zincato,6214669592-00,1525514682-00,5735698913-00
forma B M12 rondella elastica A2K acciaio zincato bianco,6214669592-00,1525514682-00,5735698913-00
rondella elastica forma B M14 acciaio zincato bianco A2K,6835570853-00,4416543723-00,1932500150-00
rondella elastica zincata bianca forma B M14 A2K acciaio,6835570853-00,4416543723-00,1932500150-00
rondella elastica in acciaio zincato M14 A2K forma B bianca,6835570853-00,4416543723-00,1932500150-00
rondella elastica zincata bianca forma B acciaio A2K M16,3336498156-00,7656917278-00,7643733072-00
molla rondella elastiche in acciaio zincato bianco M16 tipo B,3336498156-00,7656917278-00,7643733072-00
rondella elastica forma B acciaio zincato bianco A2K diametro M16,3336498156-00,7656917278-00,7643733072-00
rondella elastica forma b zincata bianca m18 acciaio a2k,8881076183-00,2891067891-00,7970501472-00
m18 a2k rondella elastica forma b acciaio zincato bianco,8881076183-00,2891067891-00,7970501472-00
rondella elastica acciaio zincata forma b a2k m18 bianca,8881076183-00,2891067891-00,7970501472-00
rondella elastica forma B in acciaio zincato bianco M20 A2K,5544830891-00,2312811465-00,2678278255-00
rondella elastica M20 zincata bianca tipo B acciaio A2K,5544830891-00,2312811465-00,2678278255-00
acciaio zincato bianco rondella elastica A2K forma B M20,5544830891-00,2312811465-00,2678278255-00
rondella elastica forma B acciaio zincato bianco M22 A2K,3088262718-00,3301044811-00,9844671434-00
rondella elastica M22 tipo B acciaio zincato bianco codice A2K,3088262718-00,3301044811-00,9844671434-00
rondella elastica zincata bianca forma B M22 A2K acciaio,3088262718-00,3301044811-00,9844671434-00
rondella elastica zincata bianca forma B diametro M24 acciaio A2K,3083433426-00,5066546121-00,8318286175-00
molla rondella forma B acciaio zincato bianco per viti M24 A2K,3083433426-00,5066546121-00,8318286175-00
rondella tipo B elastica acciaio zincato BIANCO M24 A2K,3083433426-00,5066546121-00,8318286175-00
rondella elastica forma B acciaio zincato bianco M3 A2K,8400584249-00,6916390553-00,2556292981-00
rondella elastica M3 in acciaio zincato bianco tipo B A2K,8400584249-00,6916390553-00,2556292981-00
A2K rondella elastica forma B zincata bianca misura M3,8400584249-00,6916390553-00,2556292981-00
rondella elastica forma B acciaio zincato bianco M30 A2K,1378331381-00,6526985464-00,7510141127-00
A2K rondella elastica zincata bianca forma B M30,1378331381-00,6526985464-00,7510141127-00
rondella forma B elastica M30 acciaio zincata bianca A2K,1378331381-00,6526985464-00,7510141127-00
rondella elastica forma B M4 acciaio zincato bianco A2K,6470312653-00,7541138863-00,8426806797-00
rondella forma B elastica in acciaio zincato bianco M4 A2K,6470312653-00,7541138863-00,8426806797-00
A2K rondella elastica M4 forma B acciaio zincato bianco,6470312653-00,7541138863-00,8426806797-00
rondella elastica forma B acciaio zincato bianco M5 A2K,5441228703-00,2841112127-00,2743366945-00
rondella m5 forma B elastica in acciaio zincato bianco A2K,5441228703-00,2841112127-00,2743366945-00
anello elastico forma B zincato bianco acciaio M5 A2K,5441228703-00,2841112127-00,2743366945-00
rondella elastica forma B zincata bianca M6 acciaio A2K,5735698913-00,5567905514-00,6470312653-00
rondella elastica M6 forma B acciaio zincato bianco A2K,5735698913-00,5567905514-00,6470312653-00
rondella m6 elastica forma b acciaio zincato bianco A2K,5735698913-00,5567905514-00,6470312653-00
rondella elastica forma B acciaio zincato bianco M7 A2K,7124258264-00,2056020036-00,8368482762-00
rondella elastica A2K M7 forma B in acciaio zincato bianco,7124258264-00,2056020036-00,8368482762-00
forma B rondella elastica M7 acciaio zincato bianco A2K,7124258264-00,2056020036-00,8368482762-00
rondella elastica forma B acciaio zincato bianco M8 A2K,5852213281-00,3970194616-00,9732007045-00
rondella elastica M8 A2K forma B in acciaio zincato bianco,5852213281-00,3970194616-00,9732007045-00
rondella m8 elastica a2k zincata bianca forma B acciaio,5852213281-00,3970194616-00,9732007045-00
rondella piatta inox A2 diametro M10,8592696706-00,2845499435-00,4453967750-00
rondella piana acciaio inox M10 classe A2,8592696706-00,2845499435-00,4453967750-00
A2 rondella inox M10 piatta acciaio,8592696706-00,2845499435-00,4453967750-00
rondella piatta M12 acciaio inox A2,3014326085-00,9228068111-00,7387154897-00
rondella piana inox A2 filettatura M12,3014326085-00,9228068111-00,7387154897-00
rondella flat washer stainless steel A2 M12,3014326085-00,9228068111-00,7387154897-00
rondella piatta acciaio inox A2 M14,5476556092-00,6877469816-00,1294937780-00
rondella acciaio inossidabile M14 tipo A2 piatta,5476556092-00,6877469816-00,1294937780-00
rondella piana inox A2 diametro M14,5476556092-00,6877469816-00,1294937780-00
rondella piatta M16 acciaio inox A2,1570747722-00,1096993174-00,9990793220-00
rondella piana inox M16 tipo A2,1570747722-00,1096993174-00,9990793220-00
rondella acciaio inox A2 dimensione M16 piatta,1570747722-00,1096993174-00,9990793220-00
rondella piana in acciaio inox A2 tipo M4,4457628282-00,2579853511-00,6963062415-00
acciaio inox A2 rondella piatta M4,4457628282-00,2579853511-00,6963062415-00
M4 rondella piana acciaio inox A2,4457628282-00,2579853511-00,6963062415-00
rondella piatta inox A2 dimensione M5,9937502513-00,1442567475-00,2743366945-00
rondella piana acciaio inox A2 passante M5,9937502513-00,1442567475-00,2743366945-00
rondella inox M5 modello A2 piatta acciaio,9937502513-00,1442567475-00,2743366945-00
"rondella piatta A2 inox M5x15x1,6",3873262707-00,6008985204-00,8952877545-00
rondella piana acciaio inox A2 M5 15x1.6,3873262707-00,6008985204-00,8952877545-00
"rondella M5x15x1,6 in acciaio inox A2 piatta",3873262707-00,6008985204-00,8952877545-00
rondella piatta m6 acciaio inox a2,7974005612-00,5622965267-00,8019776574-00
m6 a2 rondella piana in acciaio inox,7974005612-00,5622965267-00,8019776574-00
acciaio inox a2 rondella m6 piatta vector,7974005612-00,5622965267-00,8019776574-00
rondella piatta inox A2 M8,5431850038-00,9581036835-00,4763264514-00
rondella piana in acciaio inox A2 diametro M8,5431850038-00,9581036835-00,4763264514-00
rondella acciaio inossidabile A2 M8 plana,5431850038-00,9581036835-00,4763264514-00
rondella piana M10 acciaio zincato bianco A2K,9844671434-00,5787199712-00,7734476041-00
rondella liscia A2K M10 zincata bianca acciaio,9844671434-00,5787199712-00,7734476041-00
rondella piatta zincata M10 acciaio A2K bianco,9844671434-00,5787199712-00,7734476041-00
rondella piatta zincata bianca A2K M10 acciaio,9844671434-00,8038770021-00,3653142136-00
rondella M10 acciaio zincato bianco tipo A2K piatta,9844671434-00,8038770021-00,3653142136-00
rondella piana acciaio zincato M10 A2K bianco,9844671434-00,8038770021-00,3653142136-00
rondella piana acciaio zincato bianco m12 tipo a2k,3339120926-00,8028447605-00,7778606307-00
rondella piatta m12 zincata bianca acciaio a2k,3339120926-00,8028447605-00,7778606307-00
rondella piana M12 acciaio zincato a2k bianco,3339120926-00,8028447605-00,7778606307-00
rondella piatta zincata M14 acciaio bianco A2K,6352965674-00,1557781426-00,5693143967-00
rondella piana M14 acciaio zincato bianco tipo A2K,6352965674-00,1557781426-00,5693143967-00
rondella M14 piana in acciaio zincato bianco A2K,6352965674-00,1557781426-00,5693143967-00
rondella piatta zincata bianca acciaio M14x44x3 A2K,5380898723-00,7090571037-00,3014326085-00
rondella piana acciaio zincato M14x44x3 A2K,5380898723-00,7090571037-00,3014326085-00
rondella acciaio A2K M14x44x3 zincata bianca piatta,5380898723-00,7090571037-00,3014326085-00
rondella piatta M16 acciaio zincato A2K,2303429008-00,4141074622-00,2327247503-00
rondella liscia M16 zincata bianca acciaio,2303429008-00,4141074622-00,2327247503-00
M16 rondella piana in acciaio zincato a2k,2303429008-00,4141074622-00,2327247503-00
rondella piatta acciaio zincato bianco M16x48x4 A2K,2631728731-00,2722844269-00,2327247503-00
rondella piana M16x48x4 in acciaio zincato tipo A2K,2631728731-00,2722844269-00,2327247503-00
rondella piana A2K M16x48x4 acciaio zincato bianco,2631728731-00,2722844269-00,2327247503-00
rondella piana acciaio zincato bianco M18 a2k,5511269683-00,9367332368-00,5955385582-00
rondella acciaio zincata M18 piana tipo A2K,5511269683-00,9367332368-00,5955385582-00
rondella piana zincata bianco a2k in acciaio M18,5511269683-00,9367332368-00,5955385582-00
rondella piana M20 acciaio zincato bianco A2K,3399345551-00,6238573247-00,2336896288-00
rondella piatta M20 zincata bianca acciaio A2K,3399345551-00,6238573247-00,2336896288-00
rondella acciaio M20 zincato bianco tipo A2K piatta,3399345551-00,6238573247-00,2336896288-00
rondella piatta M22 in acciaio zincato bianco A2K,9189484113-00,5352015213-00,7974005612-00
rondella piana M22 acciaio zincato bianco A2K,9189484113-00,5352015213-00,7974005612-00
rondella acciaio zincato M22 tipo A2K piana,9189484113-00,5352015213-00,7974005612-00
rondella piana M24 acciaio zincato bianco A2K,1932500150-00,9927928159-00,2300869594-00
rondella piatta zincata bianca M24 in acciaio A2K,1932500150-00,9927928159-00,2300869594-00
rondella acciaio zincato M24 tipo A2K piana bianca,1932500150-00,9927928159-00,2300869594-00
rondella piatta in acciaio zincato bianco M3 A2K,7511541800-00,2280881012-00,6488079350-00
rondella piana M3 acciaio zincato bianco A2K,7511541800-00,2280881012-00,6488079350-00
rondella metallica zincata bianca M3 tipo A2K piatta,7511541800-00,2280881012-00,6488079350-00
rondella piana m30 acciaio zincato bianco a2k,9557184959-00,2010439133-00,8298096627-00
rondella piatta m30 A2K acciaio zincato bianco,9557184959-00,2010439133-00,8298096627-00
rondella acciaio zincato bianco m30 piana a2k,9557184959-00,2010439133-00,8298096627-00
rondella piatta in acciaio zincato A2K diametro M4,7604168415-00,8152492172-00,3088262718-00
rondella piana M4 acciaio zincato bianco A2K,7604168415-00,8152492172-00,3088262718-00
rondella acciaio M4 zincata bianca tipo A2K piatta,7604168415-00,8152492172-00,3088262718-00
rondella piatta zincata bianca acciaio M5 A2K,1684555397-00,4514307030-00,9844671434-00
rondella M5 acciaio zincato bianco versione A2K,1684555397-00,4514307030-00,9844671434-00
rondella piana in acciaio zincato M5 tipo A2K bianca,1684555397-00,4514307030-00,9844671434-00
rondella piana m6 acciaio zincato bianco a2k,2538868426-00,2942663287-00,9680723972-00
a2k rondella piatta diametro m6 acciaio zincato,2538868426-00,2942663287-00,9680723972-00
rondella piatta m6 acciaio zincato bianco tipo a2k,2538868426-00,2942663287-00,9680723972-00
rondella piana m8 acciaio zincato a2k,6603193262-00,6345452813-00,9835640929-00
rondella piatta inox A2K diametro M8 zincata bianca,6603193262-00,6345452813-00,9835640929-00
m8 rondella piatta acciaio zincato bianco a2k,6603193262-00,6345452813-00,9835640929-00
rondella piana ottone M10 CW508L,4214798508-00,8189288329-00,7778606307-00
rondella CW508L in ottone dimensione M10,4214798508-00,8189288329-00,7778606307-00
rondella piana M10 materiale ottone CW508L,4214798508-00,8189288329-00,7778606307-00
rondella piatta ottone m12 cw508l,7734476041-00,8687110294-00,2556292981-00
m12 cw508l rondella piana in ottone,7734476041-00,8687110294-00,2556292981-00
rondella m12 ottone piatto cw508l,7734476041-00,8687110294-00,2556292981-00
rondella piatta ottone M16 CW508L,2327247503-00,6571283283-00,3873262707-00
rondella M16 CW508L in ottone piana,2327247503-00,6571283283-00,3873262707-00
rondella piana M16 materiale ottone CW508L,2327247503-00,6571283283-00,3873262707-00
rondella piatta ottone m5 cw508l,1558823437-00,9471472650-00,6470312653-00
rondella piana m5 in ottone cw508l,1558823437-00,9471472650-00,6470312653-00
m5 rondella ottone cw508l piatta,1558823437-00,9471472650-00,6470312653-00
rondella piatta in ottone M8 cw508l,2995356510-00,3600032315-00,4594330070-00
rondella M8 ottone tipo cw508l piatta,2995356510-00,3600032315-00,4594330070-00
rondella piana M8 materiale ottone codice cw508l,2995356510-00,3600032315-00,4594330070-00
rondella piana acciaio inox A2 M4x12x1 maggiorata,4295597107-00,1447866253-00,6077061732-00
rondella piatta maggior A2 inox M4x12x1,4295597107-00,1447866253-00,6077061732-00
rondella acciaio inox A2 maggior M4x12x1 piatta,4295597107-00,1447866253-00,6077061732-00
rondella piana maggiorata acciaio inox A2 M4x15x3,2551198468-00,3413264052-00,4763264514-00
rondella piana maggior M4x15x3 in acciaio inox A2,2551198468-00,3413264052-00,4763264514-00
rondella maggiorata A2 inox M4x15x3 piana,2551198468-00,3413264052-00,4763264514-00
"rondella piana acciaio inox A2 M5x15x1,2 maggiorata",2336896288-00,3103452341-00,7511541800-00
"rondella maggiore A2 in acciaio inox M5 15x1,2",2336896288-00,3103452341-00,7511541800-00
"rondella piana maggior. inox A2 dimensioni M5x15x1,2",2336896288-00,3103452341-00,7511541800-00
"rondella piatta inox A2 M5 15x1,2 mm",2336896288-00,7210136390-00,2743366945-00
rondella piana maggiorata acciaio inox M5x15x1.2,2336896288-00,7210136390-00,2743366945-00
"rondella inox A2 5x15x1,2 piana maggiorata",2336896288-00,7210136390-00,2743366945-00
rondella piana magg. inox A2 M6x24x2 acciaio,7387154897-00,8191859174-00,5599619248-00
rondella piatta acciaio inox A2 6mm x 24mm x 2mm,7387154897-00,8191859174-00,5599619248-00
rondella piatta M6 acciaio inox A2 spessore 2 diam 24,7387154897-00,8191859174-00,5599619248-00
"rondella piatta acciaio zincata bianca M10x30x2,5 A2K maggiore",3633311233-00,1143851458-00,7124258264-00
"rondella piana maggiorata M10x30x2,5 zincata bianco acciaio A2K",3633311233-00,1143851458-00,7124258264-00
"rondella acciaio zincato bianco A2K M10x30x2,5 piana maggiorata",3633311233-00,1143851458-00,7124258264-00
rondella piatta acciaio zincato bianco A2K M12x35x5,4453967750-00,9692707642-00,3014326085-00
rondella piana maggiorata M12x35x5 acciaio zincato bianco A2K,4453967750-00,9692707642-00,3014326085-00
rondella maggior. zincata bianca A2K M12x35x5 piana acciaio,4453967750-00,9692707642-00,3014326085-00
rondella piatta acciaio zincato bianco M12x36x3 A2K,2771391001-00,8577088598-00,2995356510-00
rondella piana maggiore M12x36x3 in acciaio zincato A2K,2771391001-00,8577088598-00,2995356510-00
rondella piana A2K M12x36x3 zincata bianca acciaio maggiore,2771391001-00,8577088598-00,2995356510-00
rondella piana acciaio zincato bianco M13x35x5 A2K,2257511613-00,8101825749-00,6138551596-00
rondella maggiorata in acciaio M13x35x5 zincata bianca,2257511613-00,8101825749-00,6138551596-00
rondella piana maggior A2K zincata bianco dimensioni M13x35x5,2257511613-00,8101825749-00,6138551596-00
rondella piatta zincata bianca acciaio a2k m17x45x6 maggiorata,2952509661-00,3642729084-00,9990793220-00
rondella maggiorata acciaio zincato m17x45x6 a2k piana bianca,2952509661-00,3642729084-00,9990793220-00
rondella piana acciaio zincato bianca a2k m17x45x6 maggior.,2952509661-00,3642729084-00,9990793220-00
rondella piana maggiorata M21x50x6 acciaio zincato bianco A2K,5955385582-00,6673803951-00,9728025833-00
rondella maggiorata piana in acciaio zincato bianco dimensioni M21x50x6 A2K,5955385582-00,6673803951-00,9728025833-00
A2K rondella piana acciaio zincato M21x50x6 maggiorata bianca,5955385582-00,6673803951-00,9728025833-00
rondella piatta maggiorata acciaio zincato bianco A2K M25x60x8,3030593180-00,8191859174-00,8368482762-00
rondella piana A2K maggior M25x60x8 in acciaio zincato bianco,3030593180-00,8191859174-00,8368482762-00
rondella piana maggiorata M25x60x8 acciaio zincato bianco A2K,3030593180-00,8191859174-00,8368482762-00
rondella piatta maggiorata acciaio zincato bianco A2K M31x68x10,6077061732-00,8101825749-00,8025235221-00
rondella piana maggior M31x68x10 acciaio zincato bianco A2K,6077061732-00,8101825749-00,8025235221-00
rondella piana maggiorata A2K m31x68x10 in acciaio zincato bianco,6077061732-00,8101825749-00,8025235221-00
rondella piatta maggiorata acciaio zincato bianco m4x12x1,7510141127-00,9788873693-00,3014326085-00
rondella piana magg a2k zincata bianca m4 x 12 x 1,7510141127-00,9788873693-00,3014326085-00
rondella maggiorata m4 12 1 acciaio zincato bianco tipo a2k,7510141127-00,9788873693-00,3014326085-00
rondella piatta maggiorata acciaio zincato bianco M6x17x3 A2K,3252594469-00,3114810437-00,1126028490-00
rondella piana maggior A2K M6x17x3 zincata bianca acciaio,3252594469-00,3114810437-00,1126028490-00
rondella zincata bianca piatto maggiorato acciaio M6x17x3 A2K,3252594469-00,3114810437-00,1126028490-00
rondella piana maggior acciaio zincato bianco m6x18x2 A2K,1431389609-00,4783474646-00,6963062415-00
rondella maggior mm 6x18x2 acciaio bianco zincato piana A2K,1431389609-00,4783474646-00,6963062415-00
rondella piana maggior A2K acciaio zincato bianco M6 18 2,1431389609-00,4783474646-00,6963062415-00
rondella piatta acciaio zincato bianco m6x24x2 a2k maggiorata,1126028490-00,6792307074-00,2771391001-00
rondella maggirata m6x24x2 acciaio zincato bianco a2k,1126028490-00,6792307074-00,2771391001-00
rondella piana maggiorata m6x24x2 zincata bianca acciaio a2k,1126028490-00,6792307074-00,2771391001-00
rondella piatta maggiorata acciaio zincato bianco M6x24x2 A2K,1126028490-00,6835565995-00,1652967927-00
rondella piana maggior M6x24x2 zincata bianca acciaio A2K,1126028490-00,6835565995-00,1652967927-00
rondella zincata bianca A2K piatto M6x24x2 maggiorata acciaio,1126028490-00,6835565995-00,1652967927-00
rondella piatta maggiorata acciaio zincato bianco M8x23x4 A2K,9728025833-00,2971866041-00,6352965674-00
rondella piana zincata bianca A2K maggiorata dimensioni M8x23x4,9728025833-00,2971866041-00,6352965674-00
rondella maggiorare A2K acciaio bianco zincato misura M8x23x4,9728025833-00,2971866041-00,6352965674-00
rondella piatta maggiorata M8x24x2 acciaio zincato bianco A2K,6764592654-00,6611607843-00,2336896288-00
rondella piana acciaio zincato bianco diametro 8 mm spessore 2 larghezza 24 A2K,6764592654-00,6611607843-00,2336896288-00
rondella maggiorata M8x24x2 in acciaio zincato bianco tipo A2K,6764592654-00,6611607843-00,2336896288-00
rondella piatta maggiorata M8x32x2 acciaio zincato bianco A2K,1648801175-00,1515535636-00,3801883632-00
rondella piana acciaio zincato A2K M8x32x2 maggiorata,1648801175-00,1515535636-00,3801883632-00
rondella maggior A2K zincata bianca M8x32x2 piana,1648801175-00,1515535636-00,3801883632-00
rondella piana nylon m12x37 maggiorata,4428142357-00,7361105842-00,2066945648-00
m12x37 rondella piana in nylon maggiorata,4428142357-00,7361105842-00,2066945648-00
rondella nylon m12x37 piana maggiorata,4428142357-00,7361105842-00,2066945648-00
rondella piatta acciaio inox A2 M6 18x2 maggiorata,4563825986-00,7064132121-00,3088262718-00
rondella piana maggiorata in acciaio inox A2 M6x18x2,4563825986-00,7064132121-00,3088262718-00
rondella acciaio inox M6x18x2 piana maggiorata A2,4563825986-00,7064132121-00,3088262718-00
rondella quadro cuneiforme acciaio zincato M10 A2K,4069051559-00,4873387863-00,9189484113-00
rondella quadrata cuneiforme M10 zincata bianca acciaio A2K,4069051559-00,4873387863-00,9189484113-00
rondella cuneiforme quadrata M10 A2K acciaio zincato bianco,4069051559-00,4873387863-00,9189484113-00
rondella quadra a cuneo zincata bianco M12 acciaio A2K,9714124213-00,4067784318-00,5988207918-00
rondella cuneiforme quadrata in acciaio A2K zincato bianco diametro M12,9714124213-00,4067784318-00,5988207918-00
rondella metallica quadra zincata bianco M12 A2K cuneiforme acciaio,9714124213-00,4067784318-00,5988207918-00
rondella quadra cuneiforme m18 acciaio zincato bianco A2K,3071439359-00,1432523498-00,9937502513-00
m18 rondella quadra cuneiforme zincata bianca acciaio A2K,3071439359-00,1432523498-00,9937502513-00
acciaio zincato bianco rondella quadra cuneiforme A2K M18,3071439359-00,1432523498-00,9937502513-00
rondella quadra cuneiforme A2K acciaio zincato bianco M20,7563435984-00,6478964688-00,1648801175-00
rondella in acciaio zincato bianco M20 quadra cuneiforme A2K,7563435984-00,6478964688-00,1648801175-00
rondella quadra M20 A2K cuneiforme acciaio zincato bianco,7563435984-00,6478964688-00,1648801175-00
rondella quadro cuneiforme A2K zincata bianca M8 acciaio,6963062415-00,2819858087-00,5511269683-00
rondella cuneiforme quadrata M8 acciaio zincato bianco modello A2K,6963062415-00,2819858087-00,5511269683-00
rondella quadrata M8 in acciaio zincato bianco cuneiforme A2K,6963062415-00,2819858087-00,5511269683-00
rondella kaldrrix inox acciaio m10 tipo a2,8426806797-00,3195233039-00,9057304858-00
rondella kaldrrix m10 acciaio inox a2,8426806797-00,3195233039-00,9057304858-00
m10 rondella kaldrrix acciaio inox a2,8426806797-00,3195233039-00,9057304858-00
rondella kaldrix inox A2 diametro M12,5693143967-00,6517508636-00,6352965674-00
rondella kaldrix M12 acciaio inox A2,5693143967-00,6517508636-00,6352965674-00
rondella M12 kaldrix in acciaio inox A2,5693143967-00,6517508636-00,6352965674-00
rondella kaldrix in acciaio inox M14 tipo A2,2226715329-00,8256451220-00,2605789397-00
rondella kaldrix A2 acciaio inox filettatura M14,2226715329-00,8256451220-00,2605789397-00
acciaio inox rondella kaldrix M14 A2,2226715329-00,8256451220-00,2605789397-00
rondella kaldrix inox a2 m16,8090921104-00,9556016514-00,3653142136-00
rondella kaldrix in acciaio inox m16 a2,8090921104-00,9556016514-00,3653142136-00
a2 rondella kaldrix m16 in acciaio inox,8090921104-00,9556016514-00,3653142136-00
rondella kaldrix inox acciaio a2 m18,3182897861-00,6940014199-00,5380898723-00
rondella kaldrix acciaio inox tipo a2 filetto m18,3182897861-00,6940014199-00,5380898723-00
rondella m18 acciaio inox kaldrix a2 serraggio,3182897861-00,6940014199-00,5380898723-00
"rondella kaldrix in acciaio inox M2,5 tipo A2",8952877545-00,1771445207-00,7037704410-00
"A2 rondella kaldrix acciaio inox diametro M2,5",8952877545-00,1771445207-00,7037704410-00
"rondella kaldrix M2,5 acciaio inox A2 per bulloni",8952877545-00,1771445207-00,7037704410-00
rondella kaldrix inox acciaio a2 m20,5988207918-00,7136905351-00,8090921104-00
rondella acciaio inox a2 filetto m20 kaldrix,5988207918-00,7136905351-00,8090921104-00
a2 kaldrix rondella m20 acciaio inox,5988207918-00,7136905351-00,8090921104-00
rondella kaldrix in acciaio inox A2 M22,2604472017-00,5552184374-00,3252594469-00
rondella M22 kaldrix acciaio inox A2,2604472017-00,5552184374-00,3252594469-00
acciaio inox rondella kaldrix A2 per bullone M22,2604472017-00,5552184374-00,3252594469-00
rondella kaldrix in acciaio inox M24 A2,6737430838-00,7530895413-00,1570747722-00
rondella M24 A2 acciaio inox kaldrix,6737430838-00,7530895413-00,1570747722-00
A2 rondella kaldrix per bulloni M24 inox,6737430838-00,7530895413-00,1570747722-00
rondella kaldrix m3 acciaio inox a2,7778606307-00,2891067891-00,1648801175-00
rondella acciaio inox a2 filetto m3 kaldrix,7778606307-00,2891067891-00,1648801175-00
rondella m3 acciaio inox kaldrix a2 tipo tombolato,7778606307-00,2891067891-00,1648801175-00
rondella kaldrix in acciaio inox m4 tipo A2,1052597007-00,9961931002-00,2631728731-00
rondella kaldrix A2 acciaio inox misura M4,1052597007-00,9961931002-00,2631728731-00
rondella m4 acciaio inox kaldrix A2 fastening washer,1052597007-00,9961931002-00,2631728731-00
rondella kaldrix a2 in acciaio inox misura m5,2474448039-00,9650481371-00,8019776574-00
rondella m5 acciaio inox a2 kaldrix,2474448039-00,9650481371-00,8019776574-00
rondella kaldrix acciaio inox a2 m5 fastener,2474448039-00,9650481371-00,8019776574-00
rondella kaldrix in acciaio inox M6 A2,6488079350-00,6640393611-00,1431389609-00
rondella in acciaio inox A2 M6 tipo kaldrix,6488079350-00,6640393611-00,1431389609-00
rondella kaldrix M6 acciaio inox A2,6488079350-00,6640393611-00,1431389609-00
rondella kaldrrix in acciaio inox M8 tipo A2,3285264200-00,2293806356-00,7778606307-00
rondella kaldrrix A2 m8 acciaio inox,3285264200-00,2293806356-00,7778606307-00
rondella tipo kaldrix A2 m8 in acciaio inox,3285264200-00,2293806356-00,7778606307-00
rondella kaldrix a2k m10 acciaio zincato bianco,5696356045-00,2756427079-00,6973153932-00
rondella m10 kaldrix a2k zincata bianco acciaio,5696356045-00,2756427079-00,6973153932-00
acciaio zincato kaldrix a2k rondella m10 bianca,5696356045-00,2756427079-00,6973153932-00
rondella kaldrix zincata bianco m12 acciaio a2k,5594889711-00,2215866549-00,3144303627-00
rondella a2k kaldrix m12 in acciaio zincato bianco,5594889711-00,2215866549-00,3144303627-00
m12 rondella kaldrix acciaio zincato bianco tipo a2k,5594889711-00,2215866549-00,3144303627-00
rondella kaldrix acciaio zincato bianco m14 a2k,9276338271-00,7560065898-00,9057304858-00
rondella kaldrix m14 in acciaio zincato bianco tipo a2k,9276338271-00,7560065898-00,9057304858-00
rondella a2k kaldrix m14 zincata bianca acciaio,9276338271-00,7560065898-00,9057304858-00
rondella kaldrix in acciaio zincato bianco M16 A2K,8019776574-00,4021551247-00,4214798508-00
rondella A2K kaldrix zincata bianca per bullone M16,8019776574-00,4021551247-00,4214798508-00
rondella metalllica kaldrix acciaio zincato bianco filetto M16 A2K,8019776574-00,4021551247-00,4214798508-00
rondella kaldrix acciaio zincato bianco m18 a2k,2743366945-00,3315991152-00,5303308423-00
rondella kaldrix m18 a2k in acciaio zincato bianco,2743366945-00,3315991152-00,5303308423-00
rondella a2k kaldrix m18 acciaio zincato bianco,2743366945-00,3315991152-00,5303308423-00
rondella kaldrix m2 acciaio zincato bianco a2k,6412652996-00,2702873845-00,5735698913-00
rondella in acciaio zincato bianco kaldrix M2 A2K,6412652996-00,2702873845-00,5735698913-00
rondella a2k kaldrix M2 zincata bianca acciaio,6412652996-00,2702873845-00,5735698913-00
rondella kaldrix M20 acciaio zincato bianco A2K,5612443179-00,4568600985-00,9937502513-00
rondella kaldrix A2K M20 zincata bianca in acciaio,5612443179-00,4568600985-00,9937502513-00
rondella zincata bianca acciaio A2K kaldrix M20,5612443179-00,4568600985-00,9937502513-00
rondella kaldrix a2k in acciaio zincato bianco M22,8368482762-00,7363194374-00,2551198468-00
rondella zincata bianca a2k kaldrix misura m22 acciaio,8368482762-00,7363194374-00,2551198468-00
rondella m22 a2k kaldrix acciaio zincato bianco,8368482762-00,7363194374-00,2551198468-00
rondella kaldrix acciaio zincato m24 a2k,7817345840-00,1426989314-00,6488079350-00
rondella kaldrix m24 in acciaio zincato bianco a2k,7817345840-00,1426989314-00,6488079350-00
A2K m24 rondella kaldrix acciaio zincato bianco,7817345840-00,1426989314-00,6488079350-00
rondella kaldrix zincata bianca acciaio M3 A2K,7643733072-00,8498516301-00,2605789397-00
acciaio rondella kaldrix M3 A2K zincato bianco,7643733072-00,8498516301-00,2605789397-00
kaldrix rondella M3 acciaio zincato bianco A2K,7643733072-00,8498516301-00,2605789397-00
rondella kaldrix zincata bianco acciaio m4 a2k,8318286175-00,9669699196-00,7563435984-00
rondella acciaio zincato bianca kaldrix a2k M4,8318286175-00,9669699196-00,7563435984-00
rondella m4 kaldrix a2k acciaio zincato colore bianco,8318286175-00,9669699196-00,7563435984-00
rondella kaldrix m5 acciaio zincato bianco a2k,3801883632-00,9101084712-00,7394457644-00
rondella kaldrix a2k m5 zincata bianca acciao,3801883632-00,9101084712-00,7394457644-00
m5 rondella kaldrix in acciaio zincato bianco a2k,3801883632-00,9101084712-00,7394457644-00
rondella kaldrix a2k m6 acciaio zincato bianco,3066371197-00,3878276711-00,2551198468-00
rondella acciaio zincata m6 kaldrix a2k bianco,3066371197-00,3878276711-00,2551198468-00
a2k m6 rondella kaldrix in acciaio zincato bianco,3066371197-00,3878276711-00,2551198468-00
rondella kaldrix in acciaio zincato bianco M8 A2K,2066945648-00,5863483943-00,9680723972-00
rondella kaldrix M8 acciaio zincato bianco tipo A2K,2066945648-00,5863483943-00,9680723972-00
rondella di sicurezza kaldrix Acciaio zincato bianco M8 A2K,2066945648-00,5863483943-00,9680723972-00
rondella sferica c50 forma c m12,7894897755-00,9526753360-00,7510141127-00
m12 c50 rondella sferica tipo c,7894897755-00,9526753360-00,7510141127-00
forma c rondella sferica c50 m12,7894897755-00,9526753360-00,7510141127-00
rondella sferica c50 forma c dimensione m16,2678278255-00,6958437317-00,7387154897-00
rondella forma c sferica m16 c50,2678278255-00,6958437317-00,7387154897-00
m16 rondella sferica c50 tipo c,2678278255-00,6958437317-00,7387154897-00
rondella sferica forma c c50 m20,9835640929-00,8132115336-00,3071439359-00
c50 m20 rondella sferica tipo c,9835640929-00,8132115336-00,3071439359-00
forma c rondella sferica metallo c50 m20,9835640929-00,8132115336-00,3071439359-00
rondella sferica m8 forma c50 tipo c,4594330070-00,5116269099-00,6603193262-00
m8 c rondella sferica forma c50,4594330070-00,5116269099-00,6603193262-00
rondella sferica forma c c50 dimensione m8,4594330070-00,5116269099-00,6603193262-00
rondella bonificata temprata m13x35,2161661959-00,7976283257-00,8952877545-00
m13x35 rondella temprata bonificata,2161661959-00,7976283257-00,8952877545-00
rondella in acciaio bonificata m13x35 temprata,2161661959-00,7976283257-00,8952877545-00
"dado a gabbia M6x4,5-8 acciaio zincato bianco spessore 1,7-2,5",8631876834-00,8134591754-00,3984544458-00
"dado gabbia zincato bianco A2K misura M6x4,5-8 spessore 1,7-2,5",8631876834-00,8134591754-00,3984544458-00
"dado a gabbia acciaio bianco M6x4,5-8 S=1,7-2,5 zincato",8631876834-00,8134591754-00,3984544458-00
dado a gabbia c 806-15 M6,9645658988-00,5116998464-00,8434447630-00
dado M6 c 806-15 tipo gabbia,9645658988-00,5116998464-00,8434447630-00
dado filettatura M6 c806 15 gabbia,9645658988-00,5116998464-00,8434447630-00
dado a gabbia modello cj 4815-1,1680230506-00,2069007815-00,5336459512-00
cj 4815-1 dado a gabbia,1680230506-00,2069007815-00,5336459512-00
dado gabbia cj4815-1 ricambio tecnico,1680230506-00,2069007815-00,5336459512-00
dado autobloccante zigrinato flangiato M6 acciaio zincato bianco classe 6,3650234567-00,8796805651-00,6889923705-00
dado flangiato autobloccante m6 a2k acciaio zincato bianco zigrinato,3650234567-00,8796805651-00,6889923705-00
dado autobloccante flangiato a2k m6-6 inox zincato bianco zigrinato steel,3650234567-00,8796805651-00,6889923705-00
dado autobloccante flangiato zigrinato acciaio zincato M8 classe 6,3137142682-00,4444787150-00,5509613879-00
M8 dado flangiato autobloccante zigrinato a2k acciaio zincato bianco,3137142682-00,4444787150-00,5509613879-00
dado autobl. flangiato zigrinato zincato bianco M8-6 acciaio,3137142682-00,4444787150-00,5509613879-00
dado cieco calotta sferica acciaio zincato bianco m10-6 a2k,3711982227-00,9192194133-00,4593310304-00
m10-6 dado calotta sferica cieco zincato acciaio a2k,3711982227-00,9192194133-00,4593310304-00
dado calotta sferica cieco zincato bianco acciaio m10-6 a2k,3711982227-00,9192194133-00,4593310304-00
dado esagonale alto M10 classe 6 acciaio zincato bianco A2K,3166246449-00,9151720152-00,1444121761-00
dado m10-6 esag alto acciaio zincato bianco A2K,3166246449-00,9151720152-00,1444121761-00
dado esag alto zincato M10-6 acciaio A2K bianco,3166246449-00,9151720152-00,1444121761-00
dado esagonale alto M12-6 acciaio zincato bianco A2K,2596794819-00,7827461347-00,7256209367-00
dado M12-6 esag alto zincato bianco acciaio A2K,2596794819-00,7827461347-00,7256209367-00
dado esag alto zincato bianco M12-6 A2K acciaio,2596794819-00,7827461347-00,7256209367-00
dado esagonale alto zincato bianco acciaio M14-6 A2K,9315899660-00,4661397238-00,2205046870-00
dado esag alto acciaio zincato M14-6 A2K bianco,9315899660-00,4661397238-00,2205046870-00
dado esag M14-6 acciaio zincato bianco tipo A2K alto,9315899660-00,4661397238-00,2205046870-00
dado esagonale alto m16 acciaio zincato bianco a2k classe 6,6704039474-00,3309987938-00,1319770837-00
dado m16 6 esag alto zincato bianco acciaio a2k,6704039474-00,3309987938-00,1319770837-00
dado esag a2k alto m16-6 zincato bianco acciaio,6704039474-00,3309987938-00,1319770837-00
dado esagonale alto zincato bianco acciaio m18 6,8570551709-00,8735514073-00,5765399431-00
dado esag alto acciaio zincato m18-6,8570551709-00,8735514073-00,5765399431-00
dado esagonale alto m18 acciaio zincato bianco classe 6,8570551709-00,8735514073-00,5765399431-00
dado esagonale alto M20-6 acciaio zincato bianco A2K,2233951822-00,4807814893-00,5509613879-00
dado M20 filettatura 6 esag alto zinc bianco acciaio A2K,2233951822-00,4807814893-00,5509613879-00
dado esag alto A2K acciaio zincato bianco M20-6,2233951822-00,4807814893-00,5509613879-00
dado esagonale alto zincato bianco acciaio M24-6 A2K,6154628649-00,3397156269-00,3280639713-00
dado esag alto M24-6 zincato acciaio bianco A2K,6154628649-00,3397156269-00,3280639713-00
dado M24-6 esag alto acciaio zincato bianco A2K,6154628649-00,3397156269-00,3280639713-00
dado esagonale alto zincato bianco acciaio M3-6 A2K,8629637526-00,6944966855-00,2812062302-00
dado esag alto acciaio zincato bianco filettatura M3-6 A2K,8629637526-00,6944966855-00,2812062302-00
dado M3-6 esagonale alto acciaio zincato bianco A2K,8629637526-00,6944966855-00,2812062302-00
dado esagonale alto acciaio zincato bianco M30-6 A2K,7124833478-00,4021551247-00,1570116266-00
dado M30-6 esag alto zincato bianco acciaio A2K,7124833478-00,4021551247-00,1570116266-00
dado esag alto in acciaio zincato bianco M30 6 A2K,7124833478-00,4021551247-00,1570116266-00
dado esagonale alto zincato bianco M30x2 passo 6 acciaio,6085123772-00,9540700976-00,8588190828-00
dado A2K esagono alto M30x2-6 acciaio zincato bianco,6085123772-00,9540700976-00,8588190828-00
dado esagale alto M30 x 2 passo 6 zincato acciaio A2K,6085123772-00,9540700976-00,8588190828-00
dado esagonale alto zincato bianco M4-6 A2K,1440891966-00,3500145278-00,7309665997-00
dado esag alto acciaio zincato M4-6 A2K,1440891966-00,3500145278-00,7309665997-00
dado esagonale alto A2K acciaio bianco M4-6 zincato,1440891966-00,3500145278-00,7309665997-00
dado esagonale alto zincato bianco Acciaio M6-6 A2K,2702873845-00,2963834971-00,6400451842-00
dado M6-6 esag. alto A2K acciaio zincato bianco,2702873845-00,2963834971-00,6400451842-00
dado esag. alto M6-6 in acciaio zincato bianco A2K,2702873845-00,2963834971-00,6400451842-00
dado esagonale alto zincato bianco M8 classe 6 acciaio A2K,9723645203-00,7525291539-00,4358015637-00
dado M8 alto esagono acciaio zincato bianco A2K 6,9723645203-00,7525291539-00,4358015637-00
dado esag. alto zincato bianco M8-6 acciaio A2K,9723645203-00,7525291539-00,4358015637-00
dado autobloccante esagonale zincato bianco acciaio m8-6,8091613231-00,6015093811-00,5675130171-00
esagono dado autobloccante m8-6 acciaio zincato blanco,8091613231-00,6015093811-00,5675130171-00
dado esag. autobloccante m8-6 zincato acciaio bianco,8091613231-00,6015093811-00,5675130171-00
dado esagonale alto autobloccante in acciaio zincato bianco M10 classe 8,6986135211-00,2039087397-00,2205046870-00
dado M10 autobloccante esagono alto acciaio zincato bianco 8,6986135211-00,2039087397-00,2205046870-00
dado esag. autobloccante alto A2K zincato bianco M10-8 acciaio,6986135211-00,2039087397-00,2205046870-00
"dado esagonale autobloccante alto m10x1,25-8 acciaio zincato bianco",2205046870-00,9452727936-00,8498516301-00
"dado autobloccante esagono alto m10x1,25-8 acciaio zincato bianco A2K",2205046870-00,9452727936-00,8498516301-00
"dado esag. alto autobloccante M10x1,25-8 acciaio zincato bianco A2K",2205046870-00,9452727936-00,8498516301-00
"dado autobloccante alto esagonale acciaio zincato bianco M10x1,25 passo 8",2205046870-00,2925324885-00,3112439740-00
"dado esagolare autobloccante alto M10x1,25 zincato bianco acciaio passo 8",2205046870-00,2925324885-00,3112439740-00
"dado alto autoblocco M10x1,25-8 acciaio zincato bianco esagono",2205046870-00,2925324885-00,3112439740-00
dado esagonale autobloccante alto M12 classe 8 acciaio zincato bianco,5047489690-00,1114043114-00,3065840761-00
dado autobloccante esag. alto M12-8 zincato bianco in acciaio,5047489690-00,1114043114-00,3065840761-00
dado alto autobloccante M12 acciaio zincato bianco esagolare classe 8,5047489690-00,1114043114-00,3065840761-00
"dado esagonale autobloccante alto M12x1,25 passo 8 zincato bianco acciaio",1698692338-00,5819943066-00,6154628649-00
"dado autobloccante alto esagono M12x1,25-8 acciaio zincato bianco A2K",1698692338-00,5819943066-00,6154628649-00
"dado esag. autobloccante alto filettatura M12x1,25 classe 8 acciaio zincato bianco",1698692338-00,5819943066-00,6154628649-00
dado autobloccante esagonale alto acciaio zincato bianco m14-8,9125241032-00,1818734295-00,8343697990-00
m14-8 dado esagolare autobloccante alto zincato bianco,9125241032-00,1818734295-00,8343697990-00
dado alto autobloccante esagono acciaio zincato m14 classe 8,9125241032-00,1818734295-00,8343697990-00
"dado esagonale autobloccante alto m14x1,5 zincato bianco acciaio classe 8",8542570623-00,9901076633-00,5621711058-00
"dado m14 x 1,5 autobloccante acciaio zincato bianco esagono alto 8",8542570623-00,9901076633-00,5621711058-00
"dado esag. autobloccante alto zinco bianco m14x1,5 acciaio 8",8542570623-00,9901076633-00,5621711058-00
dado esagonale autobloccante alto acciaio zincato bianco m16-8,2873901855-00,6404187464-00,5199644221-00
dado m16-8 autobloccante esag. alto zincato bianco acciaio,2873901855-00,6404187464-00,5199644221-00
dado esagolare alto autobloccante m16-8 acciaio zincato bianco,2873901855-00,6404187464-00,5199644221-00
"dado autobloccante alto esagonale acciaio zincato bianco M16x1,5 passo 8",8343697990-00,8321833690-00,1871950127-00
"dado esagonale autobloccante alto zincato bianco filettatura M16x1,5-8",8343697990-00,8321833690-00,1871950127-00
"dado autobl. alto acciaio zincato M16x1,5-8 esag. autobloccante",8343697990-00,8321833690-00,1871950127-00
dado esagonale autobloccante alto in acciaio zincato bianco M20-8,3896168300-00,5986859531-00,3055475159-00
dado autobloccante esag. alto M20-8 acciaio zincato bianco,3896168300-00,5986859531-00,3055475159-00
dado esagono alto autobloccante acciaio zincato bianco M20-8,3896168300-00,5986859531-00,3055475159-00
"dado esagonale autobloccante alto zincato bianco acciaio M20x1,5-8",3409786374-00,7123932343-00,4486541696-00
"dado autobloccante alto esag. acciaio zincato bianco M20x1,5 passo 8",3409786374-00,7123932343-00,4486541696-00
"dado esag autobloccante alto A2K M20x1,5 zincato bianco acciaio 8 passo",3409786374-00,7123932343-00,4486541696-00
dado esagonale autobloccante alto acciaio zincato bianco M24-8,1388223722-00,3789444311-00,5765399431-00
dado alto autobloccante esag. zincato bianco M24-8 acciaio,1388223722-00,3789444311-00,5765399431-00
dado esag. alto autobloccante tipo A2K M24-8 zincato bianco acciaio,1388223722-00,3789444311-00,5765399431-00
dado esagonale autobloccante alto acciaio zincato bianco m24x2-8,4167410991-00,5358690547-00,8631876834-00
dado alto autobloccante A2K esag M24x2-8 zincato bianco,4167410991-00,5358690547-00,8631876834-00
dado esag. autob. alto A2K zincato bianco acciaio m24x2-8,4167410991-00,5358690547-00,8631876834-00
dado esagonale autobloccante alto zincato bianco acciaio M3-8,5352356648-00,4026925895-00,1835191561-00
dado autobloccante alto esagono acciaio zincato M3-8 bianco,5352356648-00,4026925895-00,1835191561-00
dado esag. autobloccante alto acciaio zincato bianco M3-8,5352356648-00,4026925895-00,1835191561-00
dado esagonale autobloccante alto M30-8 acciaio zincato bianco,8390094954-00,7476166945-00,1680230506-00
dado alto autoblocc anciaio zincato M30-8 esagono,8390094954-00,7476166945-00,1680230506-00
dado esag. autobloccante acciaio bianco M30 passo 8 alto,8390094954-00,7476166945-00,1680230506-00
dado autobloccante esagonale A2K alto M30x2-8 acciaio zincato,6400451842-00,9895453927-00,1319770837-00
dado esag. autobloccante alto zincato bianco M30x2 passo 8,6400451842-00,9895453927-00,1319770837-00
M30x2-8 dado alto autobloccante esagonale acciaio bianco,6400451842-00,9895453927-00,1319770837-00
"dado autobloccante esagonale alto M3 0,5 acciaio zincato bianco",9367332368-00,7204913316-00,8067527976-00
"M3x0,5 dado esag. alto autobloccante A2K",9367332368-00,7204913316-00,8067527976-00
dado M3 autobloccante alto zincato bianco esagonale,9367332368-00,7204913316-00,8067527976-00
dado esagonale autobloccante alto acciaio zincato bianco M4-8,6954739972-00,5333106852-00,5477398477-00
dado autobloccante alto esagonale A2K M4x8 acciaio bianco,6954739972-00,5333106852-00,5477398477-00
M4-8 dado alto acciaio zincato esagonale autobloccante,6954739972-00,5333106852-00,5477398477-00
"dado autobloccante esagonale alto M4 0,5 passo 8 acciaio zincato bianco",1319770837-00,7044481484-00,2233951822-00
"M4x0,5 dado esagono alto autobloccante zincato bianco",1319770837-00,7044481484-00,2233951822-00
"dado alto M4 passo 0,5-8 autobloccante acciaio A2K",1319770837-00,7044481484-00,2233951822-00
dado autobloccante esagonale alto M5-8 acciaio zincato bianco,6099664890-00,8948830066-00,1451158850-00
dado esag. autobl. acciaio A2K M5/8 alto,6099664890-00,8948830066-00,1451158850-00
M5-8 dado esagonale autobloccante alto zincato A2K,6099664890-00,8948830066-00,1451158850-00
"dado esagonale autobloccante alto M5x0,5-8 acciaio zincato bianco",5477398477-00,3363589240-00,2233951822-00
M5 0.5 dado autobl. alto esagonale A2K acciaio zincato,5477398477-00,3363589240-00,2233951822-00
dado alto autobloccante A2K M5x0.5 acciaio bianco,5477398477-00,3363589240-00,2233951822-00
dado esagonale autobloccante alto m6-8 acciaio bianco zincato,3065840761-00,7812106917-00,3984544458-00
m6-8 dado alto autobloccante esag. finitura a2k,3065840761-00,7812106917-00,3984544458-00
dado esag autobloccante m6/8 zincatura bianca,3065840761-00,7812106917-00,3984544458-00
"dado esagonale autobloccante acciaio bianco M6x0,75 passo fine 8",6473846417-00,3923826893-00,5264928016-00
dado alto autobloccante A2K zincato M6 0.75 filettatura 8,6473846417-00,3923826893-00,5264928016-00
"M6x0,75 dado autobloccante esagono alto acciaio zincato bianco",6473846417-00,3923826893-00,5264928016-00
dado autobloccante alto acciaio A2K M8 classe 8,2884271768-00,4823204896-00,5316813243-00
dado esagonale autobloccante zincato bianco M8-8,2884271768-00,4823204896-00,5316813243-00
M8 dado alto autobloccante esag. acciaio zincato A2K,2884271768-00,4823204896-00,5316813243-00
dado esagonale autobloccante acciaio bianco zincato M8-8 alto,2884271768-00,7051940106-00,1388223722-00
dado autobloccante esagono alto M8-8 acciaio A2K,2884271768-00,7051940106-00,1388223722-00
dado esag. autobloccante M8-8 alto zincato bianco,2884271768-00,7051940106-00,1388223722-00
dado autobloccante alto m8x1-8 acciaio a2k,1451158850-00,9801266729-00,9834454697-00
dado esagonale m8x1 passo fine zincato bianco,1451158850-00,9801266729-00,9834454697-00
esag. autobloccante acciaio m8x1-8 alto zinc. bianco,1451158850-00,9801266729-00,9834454697-00
dado autobloccante acciaio inox basso m10 50,4593310304-00,1049273981-00,7986386415-00
dado esagonale autobl. acciaio inox m10x50,4593310304-00,1049273981-00,7986386415-00
dado esag. basso A2 M10-50,4593310304-00,1049273981-00,7986386415-00
dado autobloccante basso M14-50 inox,3325522719-00,6360710927-00,3650234567-00
dado esagonale acciaio inox autobloccante M14 50,3325522719-00,6360710927-00,3650234567-00
esag. autobloccante basso A2 M14x50,3325522719-00,6360710927-00,3650234567-00
dado autobloccante basso esagonale acciaio inox M16x50,7256209367-00,2598714111-00,9183626126-00
dado esag. basso A2 M16 50 acciaio inox,7256209367-00,2598714111-00,9183626126-00
A2 autobloccante esagonale M16-50 basso inox,7256209367-00,2598714111-00,9183626126-00
dado autobloccante basso esagonale acciaio inox M3-50,2057138330-00,1872210053-00,3903406802-00
dado esagono autobl. A2 inox M3 50,2057138330-00,1872210053-00,3903406802-00
dado basso A2 autobloccante M3/50 esagonnale,2057138330-00,1872210053-00,3903406802-00
dado autobloccante basso esagonale inox M4 50,8350865695-00,6119538160-00,7181962772-00
dado esagonale acciaio inossidabile autobl basso M4-50,8350865695-00,6119538160-00,7181962772-00
M4/50 dado basso autobloccante esag A2 acciaio,8350865695-00,6119538160-00,7181962772-00
dado autobloccante esagonale acciaio inox basso M5 50,6738728316-00,9669699196-00,9315899660-00
esagono autobloccante A2 acciaio inox M5-50,6738728316-00,9669699196-00,9315899660-00
dado basso esagonale A2/M5 50,6738728316-00,9669699196-00,9315899660-00
dado autobloccante basso inox M6 50,2091151423-00,7894897755-00,5765399431-00
dado esagonale acciaio inox autobl. M6-50,2091151423-00,7894897755-00,5765399431-00
M6 dado autobloccante esag. basso A2,2091151423-00,7894897755-00,5765399431-00
dado autobloccante esagonale basso inox M8 50,5191521234-00,1484422168-00,6835565995-00
dado esag. basso acciaio inox M8-50,5191521234-00,1484422168-00,6835565995-00
esagonale autobloccante A2 M8x50,5191521234-00,1484422168-00,6835565995-00
dado autobloccante esagonale basso acciaio zincato bianco M10 classe 8,5199644221-00,7463424763-00,6341704425-00
M10/8 dado esagono basso autobloccante A2K acciaio,5199644221-00,7463424763-00,6341704425-00
dado autob. esagonale A2K M10-8 zincato bianco,5199644221-00,7463424763-00,6341704425-00
"dado autobloccante basso M10x1,25-8 acciaio zincato bianco",3055475159-00,5696356045-00,6154628649-00
"M10x1,25-8 dado esagonale basso zincato bianco",3055475159-00,5696356045-00,6154628649-00
"dado esag. autobloccante acciaio A2K M10x1,25",3055475159-00,5696356045-00,6154628649-00
dado esagonale autobloccante basso acciaio A2K M12 classe 8,7309665997-00,5461598347-00,8099001430-00
dado autobloccante M12-8 basso esagonale zincato bianco,7309665997-00,5461598347-00,8099001430-00
M12 dado esag basso autobloccante A2K acciaio classe 8,7309665997-00,5461598347-00,8099001430-00
"dado autobloccante basso M12x1,25-8 acciaio zincato bianco",8588190828-00,8368482762-00,8891875446-00
"dado esagonale basso A2K M12x1,25 passo fine 8",8588190828-00,8368482762-00,8891875446-00
"M12 1,25 dado esagonale autobloccante basso acciaio A2K",8588190828-00,8368482762-00,8891875446-00
dado autobloccante esagonale basso M14 zincato bianco acciaio 8,1835191561-00,8132115336-00,9883456014-00
M14-8 dado basso esagonale autobloccante acciaio A2K,1835191561-00,8132115336-00,9883456014-00
dado esag autoblocc basso acciaio bianco M14/8,1835191561-00,8132115336-00,9883456014-00
"dado autobloccante esagonale basso M14x1,5-8 acciaio zincato bianco",4292268847-00,5440054076-00,8224343365-00
"M14x1,5-8 dado esagonale autobl. basso a2k acciaio",4292268847-00,5440054076-00,8224343365-00
"dado basso esag. autobloccante M14 1,5 zincatura bianca",4292268847-00,5440054076-00,8224343365-00
dado autobloccante basso m16-8 acciaio zincato bianco,8545733832-00,7359180004-00,9367332368-00
m16/8 dado esagonale autobloccante a2k basso,8545733832-00,7359180004-00,9367332368-00
dado esag basso acciaio bianco zincato m16 8,8545733832-00,7359180004-00,9367332368-00
dado autobloccante esagonale basso M16x1.5 passo fine acciaio zincato bianco,1789617221-00,6805638993-00,6758530756-00
"M16 x 1,5 dado esag. autobloccante basso A2K",1789617221-00,6805638993-00,6758530756-00
dado acciaio A2K M16x1.5-8 autobloccante basso,1789617221-00,6805638993-00,6758530756-00
dado autobloccante basso M20-8 acciaio A2K,7181962772-00,1499210270-00,9639799876-00
dado esagonale zincato bianco M20 classe 8 autobloccante,7181962772-00,1499210270-00,9639799876-00
M20-8 dado basso esagonale A2K acciaio autobloccante,7181962772-00,1499210270-00,9639799876-00
"dado autobloccante esagonale basso M20x1,5-8 acciaio A2K zincato bianco",6835565995-00,3913717318-00,6758530756-00
"M20x1,5-8 dado basso autobloccante esag. acciaio bianco A2K",6835565995-00,3913717318-00,6758530756-00
"dado esag autobln M20 1,5-8 basso acciaio zincato",6835565995-00,3913717318-00,6758530756-00
"dado autobloccante acciaio zincato bianco M20x1,5 basso esagonale 8",6835565995-00,3083433426-00,8588190828-00
"dado esagonale basso M20x1,5-8 acciaio A2K autobloccante",6835565995-00,3083433426-00,8588190828-00
"M20x1,5 dado basso autobloccante esag. acciaio bianco zincato 8",6835565995-00,3083433426-00,8588190828-00
dado esagonale autobloccante basso M24-8 acciaio rivestimento zincato bianco,7015268682-00,6861763791-00,6291754020-00
M24-8 dado autobloccante esagono basso A2K acciaio zincato,7015268682-00,6861763791-00,6291754020-00
dado esag autobloccante basso A2K M24-8 zincato bianco acciaio,7015268682-00,6861763791-00,6291754020-00
dado autobloccante esagonale basso acciaio A2K M24x2 passo fine 8,3963962452-00,8760874283-00,7986386415-00
dado basso M24x2-8 zincato bianco esagonale autobloccante,3963962452-00,8760874283-00,7986386415-00
M24x2 dado esagono autobloccante A2K acciaio bianco,3963962452-00,8760874283-00,7986386415-00
dado autobloccante basso M3-6 acciaio A2K,3600032315-00,6824517508-00,1680230506-00
dado esagonale basso zincato bianco M3-6,3600032315-00,6824517508-00,1680230506-00
M3-6 dado esag. autobloccante acciaio zincato,3600032315-00,6824517508-00,1680230506-00
dado autobloccante basso M30-8 acciaio zincato bianco,5336459512-00,9620732978-00,3896168300-00
dado esagonale basso a2k m30 classe 8,5336459512-00,9620732978-00,3896168300-00
m30 dado esag autobloccante acciaio bianco zincato,5336459512-00,9620732978-00,3896168300-00
dado autobloccante basso esagonale acciaio zincato A2K M30x2-8,6323122600-00,4253700944-00,6473846417-00
dado esag autoblocc basso zincato bianco filettatura M30x2-8,6323122600-00,4253700944-00,6473846417-00
M30x2-8 dado autobloccante acciaio bianco esag basso,6323122600-00,4253700944-00,6473846417-00
"dado autobloccante esagonale basso M3 x 0,5 acciaio A2K",3040759579-00,2642506992-00,8631876834-00
"M3x0,5 dado esagono autobloccante basso zincatura bianca",3040759579-00,2642506992-00,8631876834-00
acciaio bianco dado basso autobloccante esagonale M3-0.5 A2K,3040759579-00,2642506992-00,8631876834-00
dado autobloccante esagonale basso M4-6 acciaio zincato bianco,1461569135-00,1087482974-00,9883456014-00
dado esag. autobl. basso A2K M4-6,1461569135-00,1087482974-00,9883456014-00
M4-6 dado esagonale autobloccante zincato bianco,1461569135-00,1087482974-00,9883456014-00
dado autobloccante basso esagonale acciaio zincato M4-6,1461569135-00,8150398753-00,8498516301-00
dado esagono autobloccante basso A2K M4/6 acciaio zincato bianco,1461569135-00,8150398753-00,8498516301-00
dado M4-6 autoblocc. basso esagonale zincatura bianca,1461569135-00,8150398753-00,8498516301-00
dado autobloccante esagonale basso M4x0.5 acciaio zincato bianco,5509613879-00,9224795099-00,8720113730-00
"M4 x 0,5 dado esag basso autobloccante A2K acciaio",5509613879-00,9224795099-00,8720113730-00
"dado M4 0,5 autobloccante basso esagonale zincato bianco",5509613879-00,9224795099-00,8720113730-00
dado autobloccante basso esagonale M5-6 acciaio A2K,6149920023-00,3018333822-00,1612358200-00
dado esagono basso M5/6 in acciaio zincato bianco,6149920023-00,3018333822-00,1612358200-00
M5-6 dado autobloccante acciaio bianco zincato,6149920023-00,3018333822-00,1612358200-00
"dado autobloccante basso esagonale M5x0,5-8 acciaio zincato bianco",5264300594-00,6529849998-00,6039966677-00
"M5 0,5-8 dado esagono autobloccante A2K basso",5264300594-00,6529849998-00,6039966677-00
"dado basso acciaio bianco zincato autobloccante M5x0,5",5264300594-00,6529849998-00,6039966677-00
dado autobloccante esagonale basso m6-8 a2k acciaio zincato,6291754020-00,7440613697-00,2205046870-00
m6-8 dado esagono basso autobloccante zincatura bianca,6291754020-00,7440613697-00,2205046870-00
dado esagonale autobloccante basso acciaio bianco m6/8,6291754020-00,7440613697-00,2205046870-00
"dado autobloccante basso M6 x 0,75-8 acciaio A2K",3397376704-00,6980499450-00,6473846417-00
"dado esagonale zincato bianco M6x0,75-8 autobloccante",3397376704-00,6980499450-00,6473846417-00
M6 0.75-8 dado esagono basso acciaio zincato,3397376704-00,6980499450-00,6473846417-00
dado autobloccante basso M8-8 esagonale acciaio bianco zincato,1444121761-00,5679205903-00,1461569135-00
dado esagonale autobloccante acciaio A2K M8-8 basso,1444121761-00,5679205903-00,1461569135-00
M8-8 dado basso zincato bianco autobloccante esag.,1444121761-00,5679205903-00,1461569135-00
dado esagonale autobloccante basso acciaio zincato bianco M8x1-8,8891875446-00,2179250203-00,8099001430-00
M8x1-8 dado basso autobloccante esag. A2K,8891875446-00,2179250203-00,8099001430-00
dado autobl. zincato bianco esagonale basso M8x1 8,8891875446-00,2179250203-00,8099001430-00
dado autobloccante esagonale m14,5161232131-00,3320272936-00,2873901855-00
m14 dado esagono autobloccante,5161232131-00,3320272936-00,2873901855-00
dado esag autobloccante M14,5161232131-00,3320272936-00,2873901855-00
dado esagonale autobloccante m16,3984544458-00,3454525239-00,6780711462-00
m16 dado autobloccante esag,3984544458-00,3454525239-00,6780711462-00
dado esag autobloccante M16,3984544458-00,3454525239-00,6780711462-00
dado autobloccante esagonale M16 1.5,2789360096-00,7321897932-00,6402703757-00
"M16x1,5 dado esag autobloccante",2789360096-00,7321897932-00,6402703757-00
"dado esagonale autobloccante filettatura M16x1,5",2789360096-00,7321897932-00,6402703757-00
dado esagonale autobloccante Fermolok DF008,6402703757-00,3939779254-00,8629637526-00
DF008 dado autobloccante esag Fermolok,6402703757-00,3939779254-00,8629637526-00
esagono autobloccante DF008 Fermolok,6402703757-00,3939779254-00,8629637526-00
dado esagonale basso inox m16 70,1078275837-00,6571703109-00,3478926866-00
dado acciaio a2 m16-70 esagono basso,1078275837-00,6571703109-00,3478926866-00
m16 dado basso esagonale acciaio inox,1078275837-00,6571703109-00,3478926866-00
dado esagonale basso M10-4 acciaio zincato bianco,9330533540-00,9612996235-00,6039966677-00
M10-4 dado esag. basso A2K zincato,9330533540-00,9612996235-00,6039966677-00
dado esagonale A2K M10-4 in acciaio zincato bianco,9330533540-00,9612996235-00,6039966677-00
"dado esagonale basso M10x1,25-4 acciaio zincato bianco",7013411208-00,8811987705-00,3397376704-00
"M10x1,25-4 dado esag. basso A2K acciaio zincato",7013411208-00,8811987705-00,3397376704-00
"dado esagonale A2K M10x1,25-4 basso zincato bianco",7013411208-00,8811987705-00,3397376704-00
dado esagonale basso M10x1-4 acciaio zincato bianco,6889923705-00,1071330167-00,5199644221-00
DADO ESAG. BASSO M10x1-4 A2K in acciaio zincato,6889923705-00,1071330167-00,5199644221-00
dado esag. basso M10x1-4 zincato bianco A2K,6889923705-00,1071330167-00,5199644221-00
dado esagonale basso M12-4 acciaio zincato bianco,7071292323-00,7390065635-00,6758530756-00
M12-4 dado esagontale basso A2K zincato,7071292323-00,7390065635-00,6758530756-00
dado basso A2K M12 acciaio bianco esagono,7071292323-00,7390065635-00,6758530756-00
"dado esagonale basso M12x1,5-4 acciaio zincato bianco",8434447630-00,6851681215-00,2789360096-00
"dado basso A2K M12x1,5 in acciaio zincato",8434447630-00,6851681215-00,2789360096-00
"esag. basso dado M12x1,5-4 zincato bianco A2K",8434447630-00,6851681215-00,2789360096-00
dado esagonale basso M12x1.25-4 acciaio zincato bianco,3074267649-00,6662252496-00,8230451596-00
dado esag. basso A2K M12x1.25 acciaio zincato,3074267649-00,6662252496-00,8230451596-00
M12x1.25-4 dado esag. basso A2K zincato bianco,3074267649-00,6662252496-00,8230451596-00
dado esagonale basso M14-4 acciaio zincato bianco,5765399431-00,7821257699-00,3650234567-00
M14-4 dado esag. basso A2K zincato,5765399431-00,7821257699-00,3650234567-00
dado esagonale basso A2K M14-4 acciaio bianco,5765399431-00,7821257699-00,3650234567-00
dado esagonale basso M14-4 in acciaio zincato bianco,5765399431-00,2274194725-00,6473846417-00
M14-4 dado esag. basso A2K acciaio zincato,5765399431-00,2274194725-00,6473846417-00
dado esag. A2K basso M14-4 zincato bianco,5765399431-00,2274194725-00,6473846417-00
"dado esagonale basso M14x1,5-4 acciaio zincato bianco",6272289280-00,2327247503-00,6758530756-00
"M14x1,5-4 dado esagono basso A2K in acciaio zincato",6272289280-00,2327247503-00,6758530756-00
"dado A2K M14x1,5-4 bassa forma acciaio bianco zincato",6272289280-00,2327247503-00,6758530756-00
dado esagonale basso M16 SX-4 acciaio zincato bianco,7986386415-00,3624270395-00,8390094954-00
M16 SX-4 dado basso esag. A2K acciaio zincato,7986386415-00,3624270395-00,8390094954-00
dado esag. M16 SX-4 basso zincato bianco A2K,7986386415-00,3624270395-00,8390094954-00
dado esagonale basso A2K M16-4 acciaio zincato bianco,8903415072-00,5942763771-00,2884271768-00
M16-4 dado esag. basso acciaio zincato,8903415072-00,5942763771-00,2884271768-00
dado esagonale M16-4 A2K bianco zincato bassi,8903415072-00,5942763771-00,2884271768-00
"dado esagonale basso M16x1,5-4 acciaio zincato bianco",3478926866-00,5605446752-00,5336459512-00
"M16x1,5-4 dado esag. basso A2K in acciaio zincato",3478926866-00,5605446752-00,5336459512-00
"dado esagonale M16x1,5-4 zincato bianco A2K basso",3478926866-00,5605446752-00,5336459512-00
"dado esagonale basso M18x1,5-4 acciaio zincato bianco",5264928016-00,6749247184-00,8091613231-00
"dado esag. M18 x 1,5-4 in acciaio zincato",5264928016-00,6749247184-00,8091613231-00
"dado esagonale basso A2K M18x1,5-4 zincato bianco",5264928016-00,6749247184-00,8091613231-00
dado esagonale basso M20-4 acciaio zincato bianco,8720113730-00,8135097001-00,6780711462-00
M20-4 dado esag. basso A2K in acciaio zincato,8720113730-00,8135097001-00,6780711462-00
dado esagonale basso A2K M20-4 zincato bianco,8720113730-00,8135097001-00,6780711462-00
"dado esagonale basso M20x1,5-4 acciaio zincato bianco",6758530756-00,9692707642-00,1388223722-00
DADO BASSO A2K M20 1.5-4 zincato,6758530756-00,9692707642-00,1388223722-00
"dado esag. M20x1,5-4 basso acciaio zincato",6758530756-00,9692707642-00,1388223722-00
"dado esagonale M20x1,5-4 acciaio zincato bianco basso A2K",6758530756-00,7567206630-00,1078275837-00
"dado basso esagonale M20 1,5-4 A2K acciaio zincato",6758530756-00,7567206630-00,1078275837-00
"A2K dado esag. basso M20x1,5-4 zincato bianco",6758530756-00,7567206630-00,1078275837-00
"dado esag. basso M22x1,5-4 acciaio zincato bianco",9834454697-00,1715949208-00,1255737259-00
"dado esagonale basso A2K M22x1,5-4",9834454697-00,1715949208-00,1255737259-00
"M22x1,5-4 dado esag. basso zincato bianco",9834454697-00,1715949208-00,1255737259-00
dado esagonale basso M24-4 acciaio zincato bianco,4224982894-00,1442567475-00,2928794343-00
dado A2K M24-4 esag. basso in acciaio zincato,4224982894-00,1442567475-00,2928794343-00
dado esagonale M24-4 zincato bianco A2K basso,4224982894-00,1442567475-00,2928794343-00
dado esagonale basso M24x2-4 acciaio zincato bianco,7371808107-00,3339120926-00,4407921557-00
dado esag. M24x2-4 A2K basso zincato,7371808107-00,3339120926-00,4407921557-00
M24x2-4 dado esagonale basso in acciaio zincato,7371808107-00,3339120926-00,4407921557-00
dado esagonale basso M30x2-4 acciaio zincato bianco,2812062302-00,6639135641-00,4358015637-00
M30x2-4 dado esag. basso A2K,2812062302-00,6639135641-00,4358015637-00
dado esag. basso A2K M30x2-4 zincato bianco,2812062302-00,6639135641-00,4358015637-00
dado esagonale basso M5-4 acciaio zincato bianco,4788689431-00,5396528414-00,1570116266-00
M5-4 dado esagonale basso A2K acciaio zincato,4788689431-00,5396528414-00,1570116266-00
dado esag. basso M5-4 zincato bianco acciaio,4788689431-00,5396528414-00,1570116266-00
dado esagonale basso M6-4 acciaio zincato bianco,2080562227-00,9541305032-00,8498516301-00
dado A2K M6-4 esagonale basso zincato,2080562227-00,9541305032-00,8498516301-00
DADO BASSO M6-4 zincato bianco esag. A2K,2080562227-00,9541305032-00,8498516301-00
dado esagonato basso M8-4 acciaio zincato bianco,5621711058-00,9358750566-00,6400451842-00
dado esag. basso M8-4 A2K in acciaio zincato,5621711058-00,9358750566-00,6400451842-00
M8-4 dado esagonale basso materiale A2K zincato bianco,5621711058-00,9358750566-00,6400451842-00
dado esagonale basso gr5 1/2x13-4 nero,2897779206-00,7155263857-00,4407921557-00
gr5 dado basso esag. 1/2x13-4,2897779206-00,7155263857-00,4407921557-00
dado 1/2x13-4 esagonale gr5 colore nero,2897779206-00,7155263857-00,4407921557-00
dado esagonale basso gr5 1/4-4 nero,7295438312-00,7254172697-00,5477398477-00
gr5 dado esagonale 1/4-4 nero basso,7295438312-00,7254172697-00,5477398477-00
dado 1/4-4 esagono gr5 nero bassi,7295438312-00,7254172697-00,5477398477-00
dado esagonale basso gr5 1/8-4 nero,3112439740-00,9680723972-00,9645658988-00
"dado esag. gr5 1/8"" 4mm nero",3112439740-00,9680723972-00,9645658988-00
dado basso esagonale gr5 black 1/8 4,3112439740-00,9680723972-00,9645658988-00
dado esagonale medio M10-70 acciaio inox,3280639713-00,7649021906-00,8222802007-00
M10-70 dado esag. medio in acciaio inox,3280639713-00,7649021906-00,8222802007-00
dado esagonale medio A2 M10-70,3280639713-00,7649021906-00,8222802007-00
dado esagonale medio acciaio inox M12-70,8230451596-00,4365909519-00,1871950127-00
M12-70 dado esag. medio in acciaio inox,8230451596-00,4365909519-00,1871950127-00
dado esagonale medio A2 misura M12-70,8230451596-00,4365909519-00,1871950127-00
dado esagonale medio M14-70 acciaio inox,8222802007-00,2266480034-00,8903415072-00
M14-70 dado esagonale medio in acciaio inox,8222802007-00,2266480034-00,8903415072-00
dado esag. medio acciaio inox M14 70,8222802007-00,2266480034-00,8903415072-00
dado esagonale medio m16-70 acciaio inox,2126668815-00,1360735004-00,5161232131-00
dado medio M16 70 esag. in acciaio inox,2126668815-00,1360735004-00,5161232131-00
dado esag. M16-70 acciaio inox medio,2126668815-00,1360735004-00,5161232131-00
dado esagonale medio M24-70 acciaio inox,2928794343-00,3683853426-00,4397882555-00
acciaio inox dado esagonale M24-70 medio,2928794343-00,3683853426-00,4397882555-00
dado esag. M24-70 tipo medio in acciaio inox,2928794343-00,3683853426-00,4397882555-00
dado esagonale medio M3-70 acciaio inox,3903406802-00,6419553753-00,9575584857-00
esag. medio A2 M3-70 dado in inox,3903406802-00,6419553753-00,9575584857-00
dado M3-70 acciaio inox esagonale medio,3903406802-00,6419553753-00,9575584857-00
dado esagonale medio acciaio inox M4 70,1978099364-00,2656138952-00,2091151423-00
M4-70 dado esag. medio in acciaio inox,1978099364-00,2656138952-00,2091151423-00
dado esag. medio A2 M4 70 inox,1978099364-00,2656138952-00,2091151423-00
dado esagonale medio M5-70 acciaio inox,1871950127-00,2407054170-00,5199644221-00
dado esag. acciaio inox M5-70 medio,1871950127-00,2407054170-00,5199644221-00
dado esagomato M5 70 materiale acciaio inox,1871950127-00,2407054170-00,5199644221-00
dado esagonale medio acciaio inox M6-70,2269643128-00,5392032523-00,5336459512-00
dado esag. medio A2 M6-70 in acciaio,2269643128-00,5392032523-00,5336459512-00
dado M6-70 esagonale medio inox A2,2269643128-00,5392032523-00,5336459512-00
dado esagondale medio acciaio inox M8-70,3804855403-00,7044481484-00,8390094954-00
dado esag. medio M8-70 in acciaio inox,3804855403-00,7044481484-00,8390094954-00
M8-70 dado esagonale medio in acciaio inox,3804855403-00,7044481484-00,8390094954-00
dado esagonale medio M10-6 acciaio zincato bianco,9183626126-00,8625641545-00,6954739972-00
dado espessore medio A2K M10-6 zincato,9183626126-00,8625641545-00,6954739972-00
A2K dado esagonale M10-6 acciaio zincato bianco,9183626126-00,8625641545-00,6954739972-00
dado esagonale medio M12-6 acciaio zincato bianco,1841743209-00,1774611466-00,2126668815-00
M12-6 dado esag. medio zincato A2K,1841743209-00,1774611466-00,2126668815-00
dado esagonale A2K acciaio bianco M12-6 medium,1841743209-00,1774611466-00,2126668815-00
dado esagonale medio M14-6 acciaio zincato bianco,9883456014-00,7042454996-00,9645658988-00
M14-6 dado esag. medio zincato in acciaio bianco,9883456014-00,7042454996-00,9645658988-00
dado esagonale M14-6 tipo medio A2K acciaio zincato,9883456014-00,7042454996-00,9645658988-00
dado esagonale medio m16-10 acciaio zincato bianco,1255737259-00,7321897932-00,1841743209-00
dado esag.onale medio a2k m16 10,1255737259-00,7321897932-00,1841743209-00
m16-10 dado esag. medio zincato bianco,1255737259-00,7321897932-00,1841743209-00
dado esagonale medio M16-6 acciaio zincato bianco,9117551575-00,8250221914-00,6039966677-00
dado esag. M16-6 A2K acciaio zincato,9117551575-00,8250221914-00,6039966677-00
medio dado esagonale M16-6 bianco zincato,9117551575-00,8250221914-00,6039966677-00
"dado esagonale medio M2,5-6 acciaio zincato bianco",6390964574-00,7176640084-00,1444121761-00
"M2,5-6 dado esag. medio zincato bianco",6390964574-00,7176640084-00,1444121761-00
"dado esagonale M2,5-6 acciaio A2K medio",6390964574-00,7176640084-00,1444121761-00
dado esagonale medio M20-6 acciaio zincato bianco,7960050789-00,8943879072-00,4486541696-00
M20-6 dado esagomato acciaio bianco zincato medio,7960050789-00,8943879072-00,4486541696-00
dado esagonale medio zincato A2K M20-6,7960050789-00,8943879072-00,4486541696-00
"dado esagonale medio M20x1,5 SX-4 acciaio zincato bianco",4486541696-00,2541182070-00,9137602664-00
"M20x1,5 dado esagonale medio SX-4 acciaio zincato",4486541696-00,2541182070-00,9137602664-00
"dado medio A2K M20x1,5 SX-4 zincato bianco esagonale",4486541696-00,2541182070-00,9137602664-00
"dado esagonale medio M20x1,5-6 acciaio zincato bianco",6341704425-00,6655726866-00,7986386415-00
"dado esag. M20x1,5-6 medio A2K zincato",6341704425-00,6655726866-00,7986386415-00
"DADO ESAG. ACCIAIO ZINCATO M20 1,5-6 medio",6341704425-00,6655726866-00,7986386415-00
dado esagonale medio A2K M22-6 acciaio zincato bianco,8749893339-00,2962086114-00,8434447630-00
M22-6 dado esagonale medio zincato bianco,8749893339-00,2962086114-00,8434447630-00
dado medio acciaio zincato M22-6 esagonale,8749893339-00,2962086114-00,8434447630-00
dado esagonale medio M24-6 acciaio zincato bianco,3828365589-00,7408470863-00,2928794343-00
M24-6 dado esag. medio zincato bianco,3828365589-00,7408470863-00,2928794343-00
dado esagonale medio A2K M24-6 acciaio zincato,3828365589-00,7408470863-00,2928794343-00
"dado esagonale medio M24x1,5-6 acciaio zincato bianco",2931864581-00,3635384046-00,8749893339-00
"M24x1,5-6 dado esag. medio zincato A2K",2931864581-00,3635384046-00,8749893339-00
"dado esagonale acciaio zincato bianco M24 1,5-6",2931864581-00,3635384046-00,8749893339-00
dado esagonale medio M24x2-6 acciaio zincato bianco,5675130171-00,9048598660-00,3711982227-00
dado esag. M24x2-6 A2K acciaio zincato,5675130171-00,9048598660-00,3711982227-00
dado medio esagonale zincato M24x2-6 bianco,5675130171-00,9048598660-00,3711982227-00
dado esagonale medio M30x2-6 acciaio zincato bianco,6039966677-00,1699684670-00,2873901855-00
M30x2-6 dado esagonale medio A2K zincato,6039966677-00,1699684670-00,2873901855-00
DADO ESAG. medio A2K M30x2-6 acciaio bianco,6039966677-00,1699684670-00,2873901855-00
dado esagonale medio M36-6 acciaio zincato bianco,3810692731-00,5767660249-00,1789617221-00
M36-6 dado esagondale acciaio zincato tipo medio,3810692731-00,5767660249-00,1789617221-00
dado medio A2K M36-6 zincato bianco esagonale,3810692731-00,5767660249-00,1789617221-00
dado esagonale medio M39-6 acciaio zincato bianco,3438146950-00,8071445697-00,8720113730-00
M39-6 dado esag. medio in acciaio zincato,3438146950-00,8071445697-00,8720113730-00
dado esagonale medio A2K M39-6 zincato bianco,3438146950-00,8071445697-00,8720113730-00
dado esagonale medio M4-6 acciaio zincato bianco,8067527976-00,7811220022-00,6154628649-00
A2K dado esagonale M4-6 zincato,8067527976-00,7811220022-00,6154628649-00
dado esag. medio M4-6 materiale acciaio zincato,8067527976-00,7811220022-00,6154628649-00
dado esagonale medio M42x3-6 acciaio zincato bianco,8498516301-00,3580821337-00,1978099364-00
M42x3-6 dado esagonale medio A2K acciaio zincato,8498516301-00,3580821337-00,1978099364-00
dado medio acciaio zincato M42x3-6 esagonale,8498516301-00,3580821337-00,1978099364-00
dado esagonale medio M5-6 acciaio zincato bianco,4940282571-00,3348164823-00,2205046870-00
dado esag. acciaio zincato M5-6 medio,4940282571-00,3348164823-00,2205046870-00
M5-6 dado esagonale medio zincato bianco,4940282571-00,3348164823-00,2205046870-00
dado esag. medio M6-6 acciaio zincato bianco,4407921557-00,7361105842-00,8542570623-00
dado esagonale medio A2K M6-6 acciaio zincato,4407921557-00,7361105842-00,8542570623-00
M6-6 dado esag. medio zincato bianco A2K,4407921557-00,7361105842-00,8542570623-00
dado esagonale medio M8-4 acciaio zincato bianco,9788886065-00,5787199712-00,9645658988-00
medio dado esag. M8-4 zincato A2K,9788886065-00,5787199712-00,9645658988-00
dado M8-4 esag. acciaio bianco zincato medio,9788886065-00,5787199712-00,9645658988-00
dado esagonale medio M8-6 acciaio zincato bianco,9137602664-00,3624754278-00,9788886065-00
M8-6 dado esag. medio zincato bianco,9137602664-00,3624754278-00,9788886065-00
dado esagonale medio A2K M8-6 acciaio zincato,9137602664-00,3624754278-00,9788886065-00
dado esagonale medio M5 Ottone CW508L,8224343365-00,1341156832-00,8891875446-00
dado esag. CW508L M5 medio in ottone,8224343365-00,1341156832-00,8891875446-00
M5 dado esagonale medio materiale ottone,8224343365-00,1341156832-00,8891875446-00
dado esagonale medio M6 cw508l ottone,7142238274-00,6693547172-00,8343697990-00
M6 dado esagondale medio in ottone cw508l,7142238274-00,6693547172-00,8343697990-00
dado esag. M6 medio ottone cw508l,7142238274-00,6693547172-00,8343697990-00
dado esagonale medio M8 ottone CW508L,4358015637-00,5696356045-00,5046793048-00
M8 dado esag. ottone CW508L,4358015637-00,5696356045-00,5046793048-00
CW508L dado esagonale medio M8 materiale ottone,4358015637-00,5696356045-00,5046793048-00
dado esagonale allungato M8x24-10 acciaio zincato bianco,9639799876-00,5836842495-00,6473846417-00
DADO A2K M8x24-10 zincato bianco esagonale prolungato,9639799876-00,5836842495-00,6473846417-00
M8x24-10 dado esagonale prolungato in acciaio zincato,9639799876-00,5836842495-00,6473846417-00
dado M10 codice 1444121761-00 sostituzione,1570116266-00,5720179105-00,3065840761-00
M10 dado 1444121761-00,1570116266-00,5720179105-00,3065840761-00
codice 1444121761-00 per dado M10,1570116266-00,5720179105-00,3065840761-00
dado M10 sostituzione 5199644221-00,4397882555-00,8777053594-00,2205046870-00
M10 dado codice 5199644221-00,4397882555-00,8777053594-00,2205046870-00
dado sostitutivo M10 5199644221-00,4397882555-00,8777053594-00,2205046870-00
dado M12 codice 5047489690-00 sostituzione,5046793048-00,3806516682-00,5264928016-00
cercando dado M12 5047489690-00,5046793048-00,3806516682-00,5264928016-00
M12 dado sostituito 5047489690-00,5046793048-00,3806516682-00,5264928016-00
dado M12 codice 7309665997-00,1612358200-00,5735344423-00,5047489690-00
M12 dado sostituiti da 7309665997-00,1612358200-00,5735344423-00,5047489690-00
7309665997-00 dado M12 nuovo,1612358200-00,5735344423-00,5047489690-00
dado M5 6099664890-00 sostituzione,9575584857-00,3683853426-00,6704039474-00
sostituto dado M5 codice 6099664890-00,9575584857-00,3683853426-00,6704039474-00
M5 dado 6099664890-00 replacement,9575584857-00,3683853426-00,6704039474-00
dado M6 3065840761 sostituto,8099001430-00,7217776785-00,7280084778-00
M6 dado codice 3065840761,8099001430-00,7217776785-00,7280084778-00
dado sostituito 3065840761 M6,8099001430-00,7217776785-00,7280084778-00
dado cave A T acciaio zincato bianco M20x22-8,8174049868-00,7448971127-00,1978099364-00
M20x22-8 dado per cave A2K,8174049868-00,7448971127-00,1978099364-00
dado A T zincato bianco M20 x 22-8,8174049868-00,7448971127-00,1978099364-00
dado cave a T M6x8-8 acciaio zincato bianco,6780711462-00,9103470507-00,9788886065-00
dado per cave A T M6x8-8 zincato,6780711462-00,9103470507-00,9788886065-00
dado M6x8-8 per cave a T acciaio bianco,6780711462-00,9103470507-00,9788886065-00
dado A2K M6x8-8 acciaio zincato bianco,6780711462-00,1159958664-00,9125241032-00
dado cave T M6x8-8 tipo A2K,6780711462-00,1159958664-00,9125241032-00
M6x8-8 dado per cave A2K in acciaio zincato,6780711462-00,1159958664-00,9125241032-00
dado cave A T M8x10-8 acciaio zincato bianco,5316813243-00,7660587480-00,5477398477-00
dado per cave A T M8 10-8 zincato bianco,5316813243-00,7660587480-00,5477398477-00
M8x10-8 dado acciaio zincato per cave A T,5316813243-00,7660587480-00,5477398477-00
dado rapido nul 521-3 viti m5,2425021393-00,9895453927-00,6889923705-00
nul 521-3 dado per viti m5,2425021393-00,9895453927-00,6889923705-00
dado m5 rapido 521-3,2425021393-00,9895453927-00,6889923705-00
dado trascinamento mandrino,7280084778-00,7604168415-00,7371808107-00
mandrino dado per trascinamento,7280084778-00,7604168415-00,7371808107-00
dado per mandrino trascinamento,7280084778-00,7604168415-00,7371808107-00
vite livell. foro tipo 24201,2148970760-00,7296303178-00,7836028606-00
foro tipo 24201 vite di livellamento,2148970760-00,7296303178-00,7836028606-00
vite 24201 con foro per livellamento,2148970760-00,7296303178-00,7836028606-00
vite sicurezza M4x10-70 A2 TCBEI+PIN acciaio inox,5238684850-00,4163122733-00,8407770695-00
M4x10-70 vite TCBEI+PIN sicurezza acciaio inox,5238684850-00,4163122733-00,8407770695-00
TCBEI+PIN vite A2 M4x10-70 sicurezza in acciaio inox,5238684850-00,4163122733-00,8407770695-00
vite sicurezza tcbei+pin acciaio inox M4x16-70,1870525316-00,5677958469-00,4598714933-00
tcbei+pin vite sicurezza A2 M4x16 70,1870525316-00,5677958469-00,4598714933-00
vite M4x16-70 sicurezza tcbei+pin in acciaio inox,1870525316-00,5677958469-00,4598714933-00
vite sicurezza acciaio inox M4x20-70 TCBEI+PIN,9901076633-00,6400451842-00,3506457121-00
TCBEI+PIN vite sicurezza A2 M4x20-70,9901076633-00,6400451842-00,3506457121-00
vite MC4x20-70 sicurezza TCBEI+PIN A2 acciaio inox,9901076633-00,6400451842-00,3506457121-00
vite sicurezza A2 M4x25-70 TCBEI+PIN acciaio inox,1597772200-00,2995356510-00,8713716659-00
M4x25-70 vite sicurezza TCBEI+PIN in acciaio inox A2,1597772200-00,2995356510-00,8713716659-00
acciaio inox vite TCBEI+PIN M4x25-70 A2 sicurezza,1597772200-00,2995356510-00,8713716659-00
vite sicurezza M4x30-70 TCBEI+PIN acciaio inox,3633358682-00,8903415072-00,8140663775-00
TCBEI+PIN vite sicurezza A2 M4x30-70,3633358682-00,8903415072-00,8140663775-00
M4x30-70 vite sicurezza acciaio inox TCBEI+PIN,3633358682-00,8903415072-00,8140663775-00
vite sicurezza M4x35-70 TCBEI+PIN acciaio inox,2654093768-00,3822575538-00,1732199075-00
TCBEI+PIN vite sicurezza 35 mm 70 M4 A2,2654093768-00,3822575538-00,1732199075-00
vite sicurezza A2 M4x35 70 TCBEI+PIN acciaio inox,2654093768-00,3822575538-00,1732199075-00
vite sicurezza acciaio inox M4x50-70 TCBEI+PIN,2146594767-00,3325522719-00,7748564458-00
TCBEI+PIN vite sicurezza M4x50-70 acciaio inox,2146594767-00,3325522719-00,7748564458-00
vite M4x50-70 TCBEI+PIN A2 sicurezza inox,2146594767-00,3325522719-00,7748564458-00
vite sicurezza M5x10-70 A2 TCBEI+PIN acciaio inox,9305174342-00,4522541027-00,2783619008-00
TCBEI+PIN vite sicurezza acciaio inox M5x10-70,9305174342-00,4522541027-00,2783619008-00
vite M5x10-70 TCBEI+PIN A2 sicurezza inox,9305174342-00,4522541027-00,2783619008-00
vite sicurezza A2 M5x16-70 TCBEI+PIN acciaio inox,8082655917-00,2767523756-00,9473428869-00
TCBEI+PIN vite acciaio inox M5x16-70 sicurezza A2,8082655917-00,2767523756-00,9473428869-00
M5x16-70 vite TCBEI+PIN sicurezza A2 acciaio inox,8082655917-00,2767523756-00,9473428869-00
vite sicurezza A2 M5x20-70 tcbei+pin acciaio inox,6643459127-00,1269747985-00,6018052738-00
M5x20-70 vite sicurezza tcbei+pin in acciaio inox,6643459127-00,1269747985-00,6018052738-00
tcbei+pin vite A2 M5x20-70 sicurezza acciaio inox,6643459127-00,1269747985-00,6018052738-00
vite sicurezza M5x25-70 TCBEI+PIN acciaio inox,4050287682-00,2790637539-00,1962744634-00
TCBEI+PIN vite M5x25-70 acciaio inossidabile sicurezza,4050287682-00,2790637539-00,1962744634-00
vite sicurezza TCBEI+PIN A2 dimensione M5x25-70,4050287682-00,2790637539-00,1962744634-00
vite sicurezza acciaio inox M5x30-70 TCBEI+PIN,3334359792-00,1074177481-00,3028497617-00
TCBEI+PIN A2 M5x30-70 vite sicurezza,3334359792-00,1074177481-00,3028497617-00
vite M5x30-70 sicurezza TCBEI+PIN in acciaio inox,3334359792-00,1074177481-00,3028497617-00
vite sicurezza M5x60-70 acciaio inox TCBEI+PIN,1130811379-00,6738728316-00,3625233948-00
M5x60-70 vite sicurezza TCBEI+PIN in acciaio inox,1130811379-00,6738728316-00,3625233948-00
TCBEI+PIN vite M5x60-70 sicurezza acciaio inox,1130811379-00,6738728316-00,3625233948-00
vite sicurezza M6x10-70 TCBEI+PIN acciaio inox,3216451039-00,2756427079-00,6077003273-00
TCBEI+PIN vite M6x10-70 A2 sicurezza acciaio,3216451039-00,2756427079-00,6077003273-00
vite sicurezza acciaio inox M6x10-70 TCBEI+PIN,3216451039-00,2756427079-00,6077003273-00
vite sicurezza acciaio inox M6x16-70 TCBEI+PIN,5527530826-00,8310185265-00,9336756957-00
M6x16-70 vite sicurezza TCBEI+PIN,5527530826-00,8310185265-00,9336756957-00
TCBEI+PIN vite sicurezza A2 M6 16 70,5527530826-00,8310185265-00,9336756957-00
vite sicurezza M6x20-70 acciaio inox TCBEI+PIN,9210849690-00,3621748882-00,5456183122-00
TCBEI+PIN A2 vite M6x20-70 sicurezza inox,9210849690-00,3621748882-00,5456183122-00
vite sicurezza inox M6x20-70 TCBEI+PIN A2,9210849690-00,3621748882-00,5456183122-00
vite sicurezza TCBEI+PIN M6x25-70 acciaio inox,9910910852-00,5152658680-00,1815563881-00
TCBEI+PIN vite M6x25-70 A2 sicurezza,9910910852-00,5152658680-00,1815563881-00
vite M6x25-70 sicurezza TCBEI+PIN acciaio inox,9910910852-00,5152658680-00,1815563881-00
vite sicurezza acciaio inox M6x30-70 TCBEI+PIN,7228742265-00,8222495190-00,1298734605-00
viti sicurezza TCBEI+PIN A2 M6 30 70,7228742265-00,8222495190-00,1298734605-00
inox M6x30-70 vite sicurezza TCBEI+PIN,7228742265-00,8222495190-00,1298734605-00
vite filettata M5x12 acciaio zincato 10.9 TBFEI,5959674287-00,6357802946-00,9778571217-00
TBFEI vite interamente filettata M5x12 10.9 acciaio bianco,5959674287-00,6357802946-00,9778571217-00
M5x12-10.9 vite A2K TBFEI in acciaio zincato filettata,5959674287-00,6357802946-00,9778571217-00
vite interamente filettata M5x16 acciaio zincato A2K 10.9,3820596471-00,2897779206-00,7807065847-00
TBFEI vite A2K 10.9 M5x16 acciaio bianco filettata,3820596471-00,2897779206-00,7807065847-00
vite M5x16-10.9 acciaio zincato bianco filettatura totale TBFEI,3820596471-00,2897779206-00,7807065847-00
vite filettata acciaio zincato bianco M6x10 10.9,9801266729-00,4321444789-00,4641212468-00
M6x10-10.9 vite tbfei int.filettata acciaio zincato,9801266729-00,4321444789-00,4641212468-00
vite tbfei M6 diametro 6 lunghezza 10 acciaio zincato 10.9,9801266729-00,4321444789-00,4641212468-00
vite M6x12 filettata acciaio zincato 10.9 TBFEI,8043948667-00,9487173729-00,1432523498-00
viti A2K M6x12-10.9 interamente filettate,8043948667-00,9487173729-00,1432523498-00
TBFEI vite filettata M6x12 acciaio zincato bianco 10.9,8043948667-00,9487173729-00,1432523498-00
vite int.filettata M6x16 acciaio zincato 10.9 TBFEI,5534285274-00,2815418110-00,2037215776-00
TBFEI vite interamente filettata M6 x 16 acciaio zincato bianco 10.9,5534285274-00,2815418110-00,2037215776-00
vite A2K M6 16 filettata 10.9 zincata bianca tipo TBFEI,5534285274-00,2815418110-00,2037215776-00
vite interamente filettata M6x20 acciaio zincato 10.9 A2K,4362770512-00,3409786374-00,8919094757-00
M6x20-10.9 vite TBFEI acciaio zincato bianco,4362770512-00,3409786374-00,8919094757-00
vite A2K M6x20 filettatura acciaio zincato 10.9,4362770512-00,3409786374-00,8919094757-00
vite interamente filettata M6x40 acciaio zincato 10.9 TBFEI,4873387863-00,3664767599-00,5679205903-00
A2K M6x40 viti filettate zincate bianche 10.9,4873387863-00,3664767599-00,5679205903-00
viti TBFEI acciaio M6x40 interamente filettato 10.9,4873387863-00,3664767599-00,5679205903-00
vite filettata M8x16 acciaio zincato 10.9 TBFEI,2013038763-00,4897323405-00,4733875998-00
TBFEI vite interamente filettata A2K M8x16-10.9,2013038763-00,4897323405-00,4733875998-00
vite M8x16 acciaio zincato bianco filett. 10.9 TBFEI,2013038763-00,4897323405-00,4733875998-00
vite 4x10 A2K acciaio zincato autofilett. testacilindrica bombata,2049616791-00,1501058271-00,9452727936-00
autofilettante vite TCBEI 4x10 esagono incassato zincato,2049616791-00,1501058271-00,9452727936-00
vite A2K testacilindrica 4x10 acciaio bianco AUTOFILETT.,2049616791-00,1501058271-00,9452727936-00
vite a testa cilindrica M3x10-70 A2 esagono incassato filettata  completamente in acciaio inox,1782609923-00,3369966519-00,8250221914-00
vite TCBEI completamente filettata M3x10-70 acciaio inox testa bombata,1782609923-00,3369966519-00,8250221914-00
A2 M3x10-70 vite esagono incassato mix acciaio inox bombata filettata,1782609923-00,3369966519-00,8250221914-00
vite a2 m3x12-70 esagono incassato filettata cilindrica bombata,9595065052-00,1681758905-00,2726698148-00
M3x12-70 vite acciaio inox tcbei filettatura intera,9595065052-00,1681758905-00,2726698148-00
vite tcbei acciaio inox cilindrica m3x12-70 esagono bombato,9595065052-00,1681758905-00,2726698148-00
vite cilindrica inox A2 M3x16 70 filettata,8889344815-00,1329191849-00,7176640084-00
vite a testa bombata M3x16-70 acciaio inox TCBEI,8889344815-00,1329191849-00,7176640084-00
VITE TCBEI INOX m3x16 interamente filettata 70,8889344815-00,1329191849-00,7176640084-00
vite cilindrica a testa bombata M4x10-70 inox filettata,1097464442-00,5610238284-00,9423853212-00
A2 vite esagonale incassata M4x10-70 interamente filettata,1097464442-00,5610238284-00,9423853212-00
VITE TCBEI filettatura M4x10-70 acciaio inox  A2,1097464442-00,5610238284-00,9423853212-00
vite cilindrica bombata M4x12-70 acciaio inox filettata,4196725180-00,1558823437-00,8539881347-00
TCBEI vite A2 M4x12 interamente filettata,4196725180-00,1558823437-00,8539881347-00
vite esagono incassato M4x12-70 A2 acciaio inox cilindrica,4196725180-00,1558823437-00,8539881347-00
vite M4x8-70 acciaio inox filettata testa cilindrica bombata esagono incassato,9083509236-00,2401035377-00,7064132121-00
viti TCBEI M4 x 8-70 interamente filettate acciaio inox testa bombata,9083509236-00,2401035377-00,7064132121-00
filettata M4x8-70 vite cilindrica a2 esagono incassato inox,9083509236-00,2401035377-00,7064132121-00
vite inox A2 M5x10-70 filettata esagono incassato,8994100422-00,3255745551-00,3983001081-00
M5x10-70 vite a testa cilindrica bombata acciaio inox,8994100422-00,3255745551-00,3983001081-00
vite TCBEI A2 filettatura completa M5x10-70,8994100422-00,3255745551-00,3983001081-00
vite esagono incassato A2 M5x12-70 filettata lunghezza 12,5091829011-00,8112929682-00,3972732506-00
vite a testa cilindrica bombata M5x12 acciaio inox 70,5091829011-00,8112929682-00,3972732506-00
VITE TCBEI filett. inox M5x12-70 a testa cilindrica,5091829011-00,8112929682-00,3972732506-00
vite a testa cilindrica esagonale M5x16-70 acciaio inox filettata,6757365315-00,6621224456-00,3635384046-00
vite TCBEI M5x16-70 acciaio inossidabile interamente filettata,6757365315-00,6621224456-00,3635384046-00
VITE INT.FILETT. M5x16-70 acciaio inox TCBEI bombata,6757365315-00,6621224456-00,3635384046-00
vite inox M5x20-70 filettatura intera TCBEI testa bombata esagono incassato,5710205158-00,6738728316-00,5461753764-00
vite a testa cilindrica esagonale incassata A2 M5x20-70 interamente filettata,5710205158-00,6738728316-00,5461753764-00
VITE M5x20-70 acciaio inox filettatura TCBEI testa bombata cilindrica,5710205158-00,6738728316-00,5461753764-00
vite A2 M5x25-70 filettata inox testa cilindrica bombata,6077003273-00,3633336925-00,5195367950-00
vite cilindrica M5x25-70 acciaio inox A2 interamente filettata,6077003273-00,3633336925-00,5195367950-00
M5x25-70 vite TCBEI A2 inox esagono incassato filettatura completa,6077003273-00,3633336925-00,5195367950-00
vite a testa cilindrica bombata M6x10-70 acciaio inox filettata,4734411209-00,2845499435-00,1371850964-00
viti tcbei inox M6x10-70 testa bombata esagono incassato,4734411209-00,2845499435-00,1371850964-00
VITE A2  M6x10-70 interamente filettata esagono incassato,4734411209-00,2845499435-00,1371850964-00
vite inox M6x12-70 TCBEI filettata testa cilindrica bombata,6239810547-00,9665407542-00,6758858432-00
A2 M6x12-70 vite esagono incassato interamente filettata acciaio,6239810547-00,9665407542-00,6758858432-00
vite a testa cilindrica M6x12-70 filettatura acciaio inox TCBEI,6239810547-00,9665407542-00,6758858432-00
vite a2 m6x16-70 filettata acciaio inox cilindrica bombata esagono incassato,4215182994-00,4722540187-00,8081905519-00
vite m6x16-70 tcbei interamente filettata acciaio inox testa cilindrica,4215182994-00,4722540187-00,8081905519-00
vite acciaio inox m6x16-70 a2 bombata filettatura esagono incassato,4215182994-00,4722540187-00,8081905519-00
vite inox A2 M6x20-70 filettatura intera testa bombata esagono,2033483249-00,1920622049-00,1410187978-00
VITE TCBEI M6x20-70 acciaio inox filettata interamente,2033483249-00,1920622049-00,1410187978-00
vite filettata A2 M6x20-70 cilindrica bombata esagonale,2033483249-00,1920622049-00,1410187978-00
vite a testa cilindrica bombata esagono incassato M6x25-70 acciaio inox filettata,6598988196-00,9151720152-00,9713312546-00
vite TCBEI M6x25-70 interamente filettata in acciaio inox,6598988196-00,9151720152-00,9713312546-00
vite filettata A2 M6 25mm lunghezza 70mm testa cilindrica bombata,6598988196-00,9151720152-00,9713312546-00
vite a2 m8x12-70 filettata acciaio inox tcb ei cilindrica bombata,1715949208-00,5685286874-00,3143339606-00
m8x12-70 vite inox testa cilindrica esagono incassato interamente filettata,1715949208-00,5685286874-00,3143339606-00
tcbei vite acciaio inox m8x12-70 filettatura cilindrica bombata,1715949208-00,5685286874-00,3143339606-00
vite a testa cilindrica M8x16-70 filettata acciaio inox TCBEI,1568532537-00,8580568059-00,5819943066-00
VITE INOX interamente filettata M8x16-70 a testa cilindrica esagono incassato,1568532537-00,8580568059-00,5819943066-00
M8x16-70 vite TCBEI acciaio inox filettata bombata esagono incassato,1568532537-00,8580568059-00,5819943066-00
vite esagono incassato M8x20-70 acciaio inox filettata completa,8081905519-00,5249463039-00,9537630327-00
VITE TCBEI INOX M8x20-70 testa cilindrica bombata,8081905519-00,5249463039-00,9537630327-00
filettata acciaio inox M8x20-70 vite testa cilindrica esagonale,8081905519-00,5249463039-00,9537630327-00
vite a testa cilindrica M10x15 acciaio zincato 10.9 filettata completa,6478345925-00,7014174175-00,1962744634-00
TCBEI vite filettata M10x15-10.9 esagono incassato acciaio bianco,6478345925-00,7014174175-00,1962744634-00
vite Interamente filettata A2K M10x15 zincato bianco 10.9 bombata,6478345925-00,7014174175-00,1962744634-00
vite a testa cilindrica M10x25-10.9 acciaio zincato bianco filettata,3939252475-00,9575584857-00,7861699713-00
vite TCBEI int.filett. zincato A2K M10x25 10.9,3939252475-00,9575584857-00,7861699713-00
M10x25 vite esagono incassato bombata acciaio A2K 10.9 filettata,3939252475-00,9575584857-00,7861699713-00
vite a2k m10x35 10.9 acciaio zincato bianco filettata cilindrica bombata,3797912024-00,6198473236-00,4798702967-00
TCBEI M10x35 vite esagono incassato acciaio 10.9 interamente filettata,3797912024-00,6198473236-00,4798702967-00
vite cilindrica M10x35-10.9 A2K acciaio zincato filettatura completa,3797912024-00,6198473236-00,4798702967-00
vite M10x50 acciaio zincato A2K 10.9 filettatura intera TCBEI,9691312135-00,1536796713-00,3635384046-00
VITE TCBEI M10x50-10.9 esagono incassato acciaio bianco filettata,9691312135-00,1536796713-00,3635384046-00
vite a testa cilindrica M10 50-10.9 acciaio zincato esagono incassato,9691312135-00,1536796713-00,3635384046-00
vite M3x10-10.9 A2K acciaio zincato bianco filettata cilindrica bombata,8140663775-00,2605789397-00,5512927515-00
VITE FILETT. TCBEI M3x10 acciaio 10.9 bombata esagono incassato,8140663775-00,2605789397-00,5512927515-00
viti esagonali M3x10-10.9 in acciaio zincato A2K interamente filettate,8140663775-00,2605789397-00,5512927515-00
vite M3x6 acciaio zincato 10.9 TCBEI filettata bombata,7210136390-00,1841743209-00,3901147993-00
vite a testa cilindrica M3x6-10.9 esagono incassato A2K,7210136390-00,1841743209-00,3901147993-00
M3x6 vite TCBEI A2K acciaio 10.9 interamente filettata,7210136390-00,1841743209-00,3901147993-00
vite a testa cilindrica M4x12 A2K 10.9 filettata acciaio zincato bianco,6484615821-00,3801883632-00,9877554164-00
vite esagono incassato M4x12-10.9 filettatura intera acciaio zincato,6484615821-00,3801883632-00,9877554164-00
VITE TCBEI M4x12 acciaio zincato bianco cilindrica 10.9 filettata,6484615821-00,3801883632-00,9877554164-00
vite esagono incassato M4x16 acciaio zincato bianco 10.9 filettata,6221838917-00,2161661959-00,1360735004-00
VITE TCBEI M4x16-10.9 testa cilindrica bombata,6221838917-00,2161661959-00,1360735004-00
vite filettata acciaio 10.9 M4x16 esagono incassato bombata,6221838917-00,2161661959-00,1360735004-00
vite a testa cilindrica M4x6-10.9 acciaio zincato bianco filettatura intera,1084274257-00,5479560822-00,7821257699-00
VITE TCBEI M4x6-10.9 acciaio A2K esagono incassato,1084274257-00,5479560822-00,7821257699-00
M4x6-10.9 vite esagonale filettata acciaio zincato bombata,1084274257-00,5479560822-00,7821257699-00
vite esagonale incassata M4x8-10.9 acciaio zincato bianco filettatura completa,1680115035-00,3474627261-00,2236902687-00
TCBEI vite a testa cilindrica bombata 10.9 A2K M4x8,1680115035-00,3474627261-00,2236902687-00
vite filettata acciaio M4x8-10.9 cilindrica zincata bianca,1680115035-00,3474627261-00,2236902687-00
vite A2K M5x10-10.9 filettatura completa acciaio zincato bianco,9207759437-00,3359898107-00,2654093768-00
vite a testa cilindrica M5x10 10.9 TCBEI interamente filettata,9207759437-00,3359898107-00,2654093768-00
VITE esagono incassato M5x10-10.9 acciaio zincato bianco TCBEI,9207759437-00,3359898107-00,2654093768-00
vite cilindrica M5x16 A2K 10.9 filettata acciaio zincato bianco,4758662814-00,1693769191-00,9424776550-00
TCBEI M5x16 10.9 vite esagono incassato acciaio zincato,4758662814-00,1693769191-00,9424776550-00
vite filettata 10.9 M5x16 acciaio zincato bombata cilindrica,4758662814-00,1693769191-00,9424776550-00
vite esagonale incassata M5x20 10.9 acciaio zincato bianco,2737752458-00,7193492054-00,6173154583-00
VITE TCBEI A2K filettata cilindrica M5x20 10.9,2737752458-00,7193492054-00,6173154583-00
M5x20-10.9 vite a testa bombata acciaio zincato filettatura completa,2737752458-00,7193492054-00,6173154583-00
vite M5x25 A2K acciaio zincato 10.9 filettata cilindrica bombata,5206757906-00,4734959973-00,9764565846-00
vite esagono incassato filettatura M5x25-10.9 acciaio bianco,5206757906-00,4734959973-00,9764565846-00
TCBEI vite cilindrica M5x25 acciaio zincato 10.9 interamente filettata,5206757906-00,4734959973-00,9764565846-00
vite a testa cilindrica M5x35-10.9 acciaio zincato bianco,8134591754-00,7501846298-00,5191985271-00
vite TCBEI M5x35 filettata 10.9,8134591754-00,7501846298-00,5191985271-00
vite esagono incassato A2K M5x35 zincata bianca 10.9,8134591754-00,7501846298-00,5191985271-00
vite M5x6 A2K 10.9 filettata acciaio zincato bianco,5690510024-00,5218547457-00,9864328534-00
VITE TCBEI esagono incassato M5 x 6 10.9 acciaio zincato,5690510024-00,5218547457-00,9864328534-00
vite cilindrica bombata filett. M5x6 zincato A2K 10.9,5690510024-00,5218547457-00,9864328534-00
vite M5x8 10.9 acciaio zincato bianco filettata TCBEI,3966591837-00,5277900050-00,4547644032-00
vite a testa cilindrica esagono incassato M5x8-10.9 filett. A2K,3966591837-00,5277900050-00,4547644032-00
VITE filettata A2K M5x8 10.9 TCBEI acciaio zincato bombata,3966591837-00,5277900050-00,4547644032-00
vite M6x10-10.9 acciaio zincato bombata TCBEI filettata interamente,4724490701-00,4167410991-00,5690510024-00
VITE intestazione cilindrica A2K M6x10 10.9 zincato bianco,4724490701-00,4167410991-00,5690510024-00
Vite esagonale incassata M6x10 acciaio 10.9 TCBEI filett.,4724490701-00,4167410991-00,5690510024-00
vite M6x12 filettata A2K acciaio zincato 10.9 esagono incassato,3348224466-00,1520755690-00,2277349670-00
VITE TCBEI cilindrica bombata M6x12-10.9 acciaio zincato bianco,3348224466-00,1520755690-00,2277349670-00
M6x12 vite filettata 10.9 acciaio zincato a testa cilindrica esagono incassato,3348224466-00,1520755690-00,2277349670-00
vite a2k m6x15-10.9 filettata acciaio zincato bianco,6261514671-00,1096993174-00,2590488757-00
vite tcbei esagono incassato m6x15 10.9 testa cilindrica,6261514671-00,1096993174-00,2590488757-00
m6x15 vite filettata 10.9 acciaio zincato bianco cilindrica bombata,6261514671-00,1096993174-00,2590488757-00
vite M6x20 10.9 acciaio zincato bianco filettata TCBEI,7649956661-00,5212948757-00,2783619008-00
vite a testa cilindrica bombata esagono incassato M6x20-10.9,7649956661-00,5212948757-00,2783619008-00
TCBEI vite filettata acciaio M6x20 10.9 zincato bianco,7649956661-00,5212948757-00,2783619008-00
vite A2K M6x25-10.9 filettata acciaio zincato bianco testa cilindrica incassata,5679205903-00,3302201450-00,9540700976-00
viti esagono incassato M6x25 10.9 zincato bianco a testa cilindrica bombata,5679205903-00,3302201450-00,9540700976-00
M6x25-10.9 vite TCBEI acciaio interamente filettata cilindrica zincata,5679205903-00,3302201450-00,9540700976-00
vite a testa cilindrica bombata M6x35-10.9 acciaio zincato bianco filettatura interamente,4212432744-00,7351292732-00,3966591837-00
vite TCBEI esagono incassato 10.9 M6x35 filett. acciaio zincato,4212432744-00,7351292732-00,3966591837-00
vite cilindrica M6x35-10.9 filettatura completa A2K acciaio zincato bianco,4212432744-00,7351292732-00,3966591837-00
vite M6x40 incassato esagono filettata acciaio zincato 10.9 TCBEI,2877514590-00,8025235221-00,4482660134-00
M6x40-10.9 vite a testa cilindrica bombata filettatura intera acciaio,2877514590-00,8025235221-00,4482660134-00
vite filettata A2K M6x40-10.9 cilindrica zincata bianca incassata,2877514590-00,8025235221-00,4482660134-00
vite a testa cilindrica M6x50 10.9 acciaio zincato bombata filettata,9917520427-00,5863483943-00,2983651819-00
VITE TCBEI M6x50-10.9 acciaio zincato interamente filettata,9917520427-00,5863483943-00,2983651819-00
vite esagono incassato A2K M6x50 10.9 zincato bianco,9917520427-00,5863483943-00,2983651819-00
vite cilindrica esagono incassato M8x12-10.9 acciaio zincato bianco,7068060064-00,7320710729-00,9788873693-00
vite A2K M8x12 lunghezza 12mm filettata 10.9,7068060064-00,7320710729-00,9788873693-00
TCBEI vite acciaio M8x12 completamente filettata 10.9 bombata,7068060064-00,7320710729-00,9788873693-00
vite filettata M8x16 acciaio zincato 10.9 tcbei bombata,5008345398-00,5479560822-00,3774397299-00
vite cilindrica esagonale incassata acciaio M8x16-10.9 zincato bianco,5008345398-00,5479560822-00,3774397299-00
vite A2K M8x16 filettatura completa 10.9 acciaio  cilindrico bombato,5008345398-00,5479560822-00,3774397299-00
vite a testa cilindrica M8x20 acciaio zincato filettata 10.9,7529220633-00,8425163072-00,1952396536-00
TCBEI M8 x 20 vite filettata esagono incassato acciaio 10.9,7529220633-00,8425163072-00,1952396536-00
vite cilindrica A2K M8x20-10.9 zincato bianco incassato,7529220633-00,8425163072-00,1952396536-00
vite a testa cilindrica M8x25-10.9 acciaio zincato bianco filettata,6934886974-00,2269643128-00,7754132117-00
TCBEI M8x25 10.9 vite filettata cilindrica esagono incassato,6934886974-00,2269643128-00,7754132117-00
vite A2K M8x25-10.9 acciaio zincato bombata filettatura intera,6934886974-00,2269643128-00,7754132117-00
vite tcbei m8x30-10.9 acciaio zincato bianco interamente filettata,5102587125-00,3804855403-00,9419602658-00
testa cilindrica bombata esagono incassato M8x30-10.9 A2K,5102587125-00,3804855403-00,9419602658-00
vite interamente filettata zincata bianca M8x30 tcbei 10.9,5102587125-00,3804855403-00,9419602658-00
vite TCBEI M8x35-10.9 acciaio zincato bianco esagono incassato interamente filettata,8848957018-00,8161850682-00,1850869928-00
M8x35-10.9 vite testa cilindrica bombata A2K interamente filettata,8848957018-00,8161850682-00,1850869928-00
vite esagono incassato filettata acciaio A2K M8x35-10.9 zincato,8848957018-00,8161850682-00,1850869928-00
vite testa cilindrica bombata esagono incassato M8x45 10.9 acciaio zincato bianco filettatura intera,9608119877-00,9315899660-00,1703128847-00
TCBEI filetto totale M8x45-10.9 A2K vite esagono incassato acciaio bianco zincato,9608119877-00,9315899660-00,1703128847-00
vite M8x45 10.9 zincata bianca interamente filettata testa cilindrica esagono incassato,9608119877-00,9315899660-00,1703128847-00
vite tcbei testa cilindrica bombata m8x50-10.9 acciaio zincato bianco interamente filettata,4380679545-00,5659214768-00,3076317177-00
vite esagono incassato A2K m8x50-10.9 interamente filettata acciaio bianco,4380679545-00,5659214768-00,3076317177-00
m8x50-10.9 vite filetto totale acciaio zincato bianco testa cilindrica bombata esagono incassato,4380679545-00,5659214768-00,3076317177-00
vite tcb testacilindrica bombata incasso m8x60 10.9 acciaio zincato bianco filettata,6600100268-00,3381874459-00,2936303514-00
M8x60-10.9 vite esagono incassato interamente filettata zincato bianco A2K,6600100268-00,3381874459-00,2936303514-00
vite TCBEI acciaio zincato testa bombata esagono m8 x 60 classe 10.9 filetto completo,6600100268-00,3381874459-00,2936303514-00
vite TCBEI-CLS autofilettante 6x60 acciaio zincato bianco,4026925895-00,7530895413-00,8694059428-00
tcbei cls autofilett. a2k 6x60 vite acciaio bianco,4026925895-00,7530895413-00,8694059428-00
vite autofilettante 6x60 zincata bianca TCBEI-CLS,4026925895-00,7530895413-00,8694059428-00
vite tcei gambo rettificato f9 m10 d12x16 classe 12.9,4492492559-00,8174917101-00,6769183923-00
testa cilindrica esagono incassato gambo rett. f9 m10x16 d12 12.9,4492492559-00,8174917101-00,6769183923-00
vite M10 D12x16 rettificata gambo f9 testa cilindrica interno esagono 12.9,4492492559-00,8174917101-00,6769183923-00
vite tcei gambo rettificato f9 m10 d12x20 classe 12.9,4184231864-00,1834212913-00,9262765158-00
testa cilindrica esagono incassato m10 d12x20 12.9 gambo rett. f9,4184231864-00,1834212913-00,9262765158-00
vite M10 D12x20 12.9 cilindrica esagono incassato gambo rettificato f9,4184231864-00,1834212913-00,9262765158-00
tcei gambo rettificato f9 m10 d12x25 12.9 vite testa cilindrica esagono incassato,6045171767-00,1748309131-00,6179478807-00
vite cilindrica esagono incassato M10 D12x25 12.9 gambo f9,6045171767-00,1748309131-00,6179478807-00
vite tcei m10-d12x25 12.9 gambo rett. f9,6045171767-00,1748309131-00,6179478807-00
vite TCEI gambo rettificato f9 M10 D12x30 classe 12.9,4573564884-00,2656138952-00,5259714115-00
testa cilindrica esagono incassato rettifica f9 M10 x 12x30 12.9,4573564884-00,2656138952-00,5259714115-00
vite M10 D12x30 12.9 gambo rett. f9 testa cilindrica esagono incassato,4573564884-00,2656138952-00,5259714115-00
vite tcei m10 d12x40 12.9 gambo rett. f9,2679738386-00,8143255737-00,9086058599-00
vite testa cilindrica esagono incassato M10-D12x40 classe 12.9 gambo f9,2679738386-00,8143255737-00,9086058599-00
M10 D12x40 vite gambo rettificato f9 tcei 12.9,2679738386-00,8143255737-00,9086058599-00
vite tcei gambo rettificato f9 M10 D12x40 classe 12.9,2679738386-00,4834866204-00,4416543723-00
vite testa cilindrica esagono incassato gambo rett. f9 M10 D12x40 12.9,2679738386-00,4834866204-00,4416543723-00
M10 D12x40 tcei 12.9 esagono incassato gambo rettificato f9,2679738386-00,4834866204-00,4416543723-00
vite TCEI gambo rettificato f9 M10 D12x50 classe 12.9,9122072784-00,7308860313-00,9393372856-00
vite testa cilindrica esagono incassato gambo rett. f9 M10-D12x50 12.9,9122072784-00,7308860313-00,9393372856-00
M10 vite D12x50 12.9 gambo rettificato f9 TCEI,9122072784-00,7308860313-00,9393372856-00
vite tcei gambo rettificato f9 m10 d12x60 classe 12.9,5456183122-00,6197314875-00,1426989314-00
vite testa cilindrica esagono incassato gambo f9 m10 d12x60 12.9,5456183122-00,6197314875-00,1426989314-00
m10 d12x60 vite tcei 12.9 gambo rettificato f9,5456183122-00,6197314875-00,1426989314-00
vite tcei gambo rettificato f9 m10 d12x80 classe 12.9,1182065572-00,4308546672-00,2312811465-00
testa cilindrica esagono incassato gambo rett. f9 M10x80 d12 acciaio 12.9,1182065572-00,4308546672-00,2312811465-00
vite M10 d12x80 12.9 gambo rettificato f9 testa cilindrica esagono incassato,1182065572-00,4308546672-00,2312811465-00
vite TCEI gambo rettificato f9 M12 D16x30 classe 12.9,3420647459-00,5823862226-00,5206757906-00
testa cilindrica esagono incassato gambo f9 M12 D16x30 12.9,3420647459-00,5823862226-00,5206757906-00
vite M12x30 12.9 gambo rett. f9 testa cilindrica esagono,3420647459-00,5823862226-00,5206757906-00
vite tcei gambo rettificato f9 M12 D16x30 classe 12.9,3420647459-00,1804489327-00,1800442133-00
testa cilindrica esagono incassato M12-D16x30 gambo rett. f9 12.9,3420647459-00,1804489327-00,1800442133-00
vite cilindrica esagono interno rettificata f9 misura 12x30 acciaio 12.9,3420647459-00,1804489327-00,1800442133-00
vite tcei gambo rettificato f9 m12 d16x40 12.9,7263953526-00,6085123772-00,7818196723-00
vite testa cilindrica esagono incassato m12 d16x40 classe 12.9 gambo rett. f9,7263953526-00,6085123772-00,7818196723-00
m12-d16x40 vite tcei esagono incassato gambo rettificato f9 12.9,7263953526-00,6085123772-00,7818196723-00
vite tcei gambo rettificato f9 M12 D16x60 classe 12.9,6258151250-00,8811987705-00,7811220022-00
vite testa cilindrica esagono incassato M12 D16x60 12.9 f9 gambo rett.,6258151250-00,8811987705-00,7811220022-00
M12 16x60 vite esagono incassato gambo rettificato f9 12.9,6258151250-00,8811987705-00,7811220022-00
vite tcei gambo rettificato f9 M12 D16x80 classe 12.9,6443597983-00,8099001430-00,9901076633-00
vite testa cilindrica esagono incassato M12-D16x80 12.9 f9,6443597983-00,8099001430-00,9901076633-00
vite M12 D16x80 gambo rettificato f9 12.9 tcei esagono incassato,6443597983-00,8099001430-00,9901076633-00
vite testa cilindrica esagono incassato gambo rettificato f9 M12 D16x90 classe 12.9,8153096555-00,7521870912-00,2374738313-00
tcei gambo rett. f9 m12-d16x90 12.9,8153096555-00,7521870912-00,2374738313-00
vite M12 x 90 gambo rettificato f9 testa cilindrica esagono incassato 12.9,8153096555-00,7521870912-00,2374738313-00
vite tcei gambo rettificato f9 m12 d20x30 classe 12.9,9547309251-00,1376946622-00,5704325743-00
testa cilindrica esagono incassato m12-d20x30 gambo rett. f9 12.9,9547309251-00,1376946622-00,5704325743-00
vite esagono incassato gambo rett. f9 m12 20x30 12.9,9547309251-00,1376946622-00,5704325743-00
vite TCEI gambo rettificato f9 M12 D20x40 classe 12.9,9921638475-00,3806516682-00,2726698148-00
testa cilindrica esagono incassato M12 D20x40 12.9 gambo rett. f9,9921638475-00,3806516682-00,2726698148-00
vite M12x40 12.9 gambo rettificato f9 testa cilindrica esagono incassato,9921638475-00,3806516682-00,2726698148-00
vite tcei gambo rettificato f9 M12 D20x50 classe 12.9,3635384046-00,9306365722-00,8206709094-00
vite testa cilindrica esagono incassato M12 d20x50 12.9 gambo f9,3635384046-00,9306365722-00,8206709094-00
M12-D20x50 vite tcei gambo rett. f9 12.9 testa cilindrica esagono incassato,3635384046-00,9306365722-00,8206709094-00
vite TCEI gambo rettificato f9 M12 D20x60 classe 12.9,2203707952-00,6788242064-00,7359971500-00
vite testa cilindrica esagono incassato M12 D20x60 12.9 gambo rett. tolleranza f9,2203707952-00,6788242064-00,7359971500-00
M12 D20x60 vite esagono incassato gambo rettificato f9 12.9,2203707952-00,6788242064-00,7359971500-00
vite tcei gambo rettificato f9 m12 d20x80 classe 12.9,3028497617-00,3163078234-00,9589635876-00
vite testa cilindrica esagono incassato m12 d20x80 gambo rett. f9 12.9,3028497617-00,3163078234-00,9589635876-00
m12-d20x80 vite cilindrica esagono incassato gambo rettificato tolleranza f9 12.9,3028497617-00,3163078234-00,9589635876-00
vite tcei gambo rettificato f9 M12 D20x90 classe 12.9,3665132280-00,6439186466-00,9901076633-00
vite a testa cilindrica esagono incassato f9 M12-D20x90 12.9 gambo rett.,3665132280-00,6439186466-00,9901076633-00
M12x90 vite testa cilindrica esagono incassato gambo rettificato tolleranza f9 12.9,3665132280-00,6439186466-00,9901076633-00
vite tcei gambo rettificato f9 M12x120 classe 12.9,2016320500-00,1695355830-00,3256546005-00
M12x120 vite testa cilindrica esagono incassato gambo f9 12.9,2016320500-00,1695355830-00,3256546005-00
vite gambo rett. f9 tcei 12.9 M12 120,2016320500-00,1695355830-00,3256546005-00
vite tcei gambo rettificato f9 m16 d16x40 classe 12.9,4041106770-00,5827014141-00,1426989314-00
vite testa cilindrica esagono incassato m16-d16x40 12.9 gambo f9,4041106770-00,5827014141-00,1426989314-00
m16 x 40 vite gambo rett. f9 tcei 12.9,4041106770-00,5827014141-00,1426989314-00
vite tcei M5 D6x10 12.9 gambo rettificato f9,6571703109-00,1016265441-00,9676503496-00
vite testa cilindrica esagono incassato gambo rett. f9 M5 D6x10 12.9,6571703109-00,1016265441-00,9676503496-00
M5-D6x10 vite 12.9 gambo rett f9 TCEI,6571703109-00,1016265441-00,9676503496-00
vite tcei gambo rettificato f9 m5 d6x16 classe 12.9,9387215994-00,7225268837-00,8291938546-00
vite esagono incassato testa cilindrica gambo rett. f9 m5 d6x16 12.9,9387215994-00,7225268837-00,8291938546-00
M5-D6x16 vite testa cilindrica esagono incassato 12.9 gambo rettificato f9,9387215994-00,7225268837-00,8291938546-00
vite TCEI gambo rettificato f9 M5 D6x20 classe 12.9,1408501010-00,8952877545-00,5333106852-00
vite testa cilindrica esagono incassato M5-D6x20 12.9 gambo rett. f9,1408501010-00,8952877545-00,5333106852-00
vite M5 D6x20 gambo rettificato f9 testa cilindrica esagono incassato 12.9,1408501010-00,8952877545-00,5333106852-00
vite tcei gambo rettificato f9 m5 d6x25 classe 12.9,9419602658-00,3824865055-00,9489754341-00
vite testa cilindrica esagono incassato gambo f9 m5 6x25 12.9,9419602658-00,3824865055-00,9489754341-00
m5 vite tcei gambo rett. tolleranza f9 12.9 6x25,9419602658-00,3824865055-00,9489754341-00
vite TCEI gambo rettificato f9 M5 D6x30 classe 12.9,9966918607-00,6906098423-00,2692784607-00
vite testa cilindrica esagono incassato M5 D6x30 12.9 gambo f9,9966918607-00,6906098423-00,2692784607-00
M5 vite gambo rett. f9 6x30 mm 12.9 TCEI,9966918607-00,6906098423-00,2692784607-00
vite tcei gambo rettificato f9 M5 D6x40 classe 12.9,5360297225-00,9621326677-00,3348224466-00
M5 x 40 vite cilindrica esagono incassato gambo rett. f9 12.9,5360297225-00,9621326677-00,3348224466-00
vite testa cilindrica esagono incassato gambo rettificato f9 12.9 M5x40,5360297225-00,9621326677-00,3348224466-00
vite tcei gambo rettificato f9 m6 d8x10 classe 12.9,8724841823-00,7084542775-00,8685260185-00
testa cilindrica esagono incassato m6 d8x10 12.9 gambo f9,8724841823-00,7084542775-00,8685260185-00
vite cilindrica esagono incassato f9 gambo rett. M6 D8x10 12.9,8724841823-00,7084542775-00,8685260185-00
vite TCEI gambo rettificato f9 M6 D8x12 classe 12.9,3205324893-00,3433772587-00,9751416586-00
vite testa cilindrica esagono incassato M6 passo f9 D8x12 12.9,3205324893-00,3433772587-00,9751416586-00
M6 vite GAMBO RETT. f9 D8x12-12.9 esagono incassato,3205324893-00,3433772587-00,9751416586-00
vite testa cilindrica esagono incassato m6 d8x16 12.9 gambo rettificato f9,2078359379-00,7714999073-00,6083606650-00
TCEI gambo rett f9 M6 D8x16 acciaio 12.9,2078359379-00,7714999073-00,6083606650-00
vite M6 D8x16 classe 12.9 testa cilindrica esagonale incasso gambo rett. f9,2078359379-00,7714999073-00,6083606650-00
vite tcei gambo rettificato f9 M6 D8x20 classe 12.9,1602913890-00,7627731391-00,3160559768-00
vite testa cilindrica esagono incassato M6 D8x20 12.9 gambo f9,1602913890-00,7627731391-00,3160559768-00
M6 vite tcei gambo rett. f9 D8x20-12.9 esagono incassato,1602913890-00,7627731391-00,3160559768-00
vite TCEI esagono incassato gambo rettificato f9 M6 D8x20 classe 12.9,1602913890-00,3905666343-00,1390495645-00
M6x20 vite testa cilindrica gambo rett. tolleranza f9 12.9,1602913890-00,3905666343-00,1390495645-00
vite gambo rettificato f9 D8 M6 20mm TCEI acciaio 12.9,1602913890-00,3905666343-00,1390495645-00
vite TCEI M6 d8x25 12.9 gambo rettificato f9,7219825620-00,3682914116-00,8028447605-00
vite testa cilindrica esagono incassato M6-8x25 classe 12.9 gambo rett f9,7219825620-00,3682914116-00,8028447605-00
M6x25 TCEI 12.9 gambo f9 d8 vite cilindrica esagono,7219825620-00,3682914116-00,8028447605-00
vite testa cilindrica esagono incassato M6 D8x30 12.9 gambo rettificato f9,4624316935-00,2401035377-00,1409980522-00
TCEI gambo rett. f9 M6/D8x30 classe 12.9,4624316935-00,2401035377-00,1409980522-00
vite M6x30 esagono incassato gambo f9 rettificato acciaio 12.9,4624316935-00,2401035377-00,1409980522-00
vite testa cilindrica esagono incassato M6 d8x40 12.9 gambo rettificato f9,7433502444-00,7090571037-00,6045171767-00
TCEI M6 D8x40 classe 12.9 gambo rett. tolleranza f9,7433502444-00,7090571037-00,6045171767-00
vite gambo rettificato f9 12.9 M6-8x40 testa cilindrica esagono incassato,7433502444-00,7090571037-00,6045171767-00
vite TCEI M8 D10x16 classe 12.9 gambo rettificato tolleranza f9,9895453927-00,5954303285-00,8195453239-00
vite testa cilindrica esagono incassato M8 10x16 12.9 gambo rett. f9,9895453927-00,5954303285-00,8195453239-00
M8 D10x16 vite cilindrica Allen gambo rettificato f9 acciaio 12.9,9895453927-00,5954303285-00,8195453239-00
vite tcei gambo rettificato f9 m8 d10x16 classe 12.9,9895453927-00,1792495291-00,9910910852-00
vite testa cilindrica esagono incassato gambo f9 m8/d10x16 12.9,9895453927-00,1792495291-00,9910910852-00
vite tcei m8 d10x16 gambo rett f9 12.9,9895453927-00,1792495291-00,9910910852-00
vite tcei gambo rettificato f9 M8 D10x20 12.9,4256015092-00,6477628898-00,6586480729-00
testa cilindrica esagono incassato M8 10x20 classe 12.9 gambo f9,4256015092-00,6477628898-00,6586480729-00
vite M8x20 12.9 gambo rett. f9 testa cilindrica incassata,4256015092-00,6477628898-00,6586480729-00
vite testa cilindrica esagono incassato gambo rettificato f9 M8 D10x25 classe 12.9,1760470605-00,9841109457-00,2973017365-00
TCEI M8-D10x25 12.9 gambo rett. tolleranza f9,1760470605-00,9841109457-00,2973017365-00
vite M8 10x25 gambo rettificato f9 12.9 testa cilindrica esagono incassato,1760470605-00,9841109457-00,2973017365-00
vite tcei gambo rettificato f9 m8 d10x25 classe 12.9,1760470605-00,4892118737-00,9608119877-00
vite testa cilindrica esagono incassato m8 d10x25 rett. f9 12.9,1760470605-00,4892118737-00,9608119877-00
tcei m8-d10x25 gambo rett. f9 acciaio 12.9,1760470605-00,4892118737-00,9608119877-00
vite tcei gambo rettificato f9 M8 D10x30 12.9,8220713106-00,7367405253-00,1442567475-00
testa cilindrica esagono incassato vite M8 10x30 classe 12.9 gambo rett. f9,8220713106-00,7367405253-00,1442567475-00
vite M8-D10x30 12.9 gambo rettificato f9 esagono incassato,8220713106-00,7367405253-00,1442567475-00
vite tcei gambo rettificato f9 m8 d10x60 classe 12.9,8232184671-00,7034847370-00,1895782379-00
vite testa cilindrica esagono incassato m8x60 d10 12.9 f9 gambo rett.,8232184671-00,7034847370-00,1895782379-00
vite gambo rett. f9 m8 d10x60 12.9 testa cilindrica esagono incassato,8232184671-00,7034847370-00,1895782379-00
vite testa cilindrica esagono incassato M8 D10x8 acciaio 12.9 gambo rett,6692325649-00,8782691424-00,2726698148-00
vite TCEI M8 GG f9 D10x8 12.9 gambo dritto testa cilindrica,6692325649-00,8782691424-00,2726698148-00
vite M8-D10x8 12.9 testa cilindrica esagono incassato gambo rett f9,6692325649-00,8782691424-00,2726698148-00
vite testa cilindrica esagono incassato M8 f9 D20x80 12.9 gambo rettangolare,5762240135-00,9090531392-00,3069487216-00
vite TCEI M8x80 12.9 gambo rettangolare f9 testa cilindrica esagono incassato,5762240135-00,9090531392-00,3069487216-00
vite testa esagono incassato M8 D20x80 12.9 f9 gambo rettangolare TCEI,5762240135-00,9090531392-00,3069487216-00
vite testa cilindrica esagono incassato m10 d12x100 12.9 gambo rett f9,4230197672-00,8091613231-00,6267553235-00
bullone m10 d12 100mm 12.9 vite tcei gambo diritto f9 testa cilindrica esagonale,4230197672-00,8091613231-00,6267553235-00
vite tcei m10 d12x100 12.9 con gambo rettificato f9 chiave esagonale incassata,4230197672-00,8091613231-00,6267553235-00
vite testa cilindrica esagono incassato M5x50 acciaio zincato bianco 8.8 filettatura completa,1895782379-00,9692707642-00,5552184374-00
vite TCEI A2K M5x50 interamente filettata zincata bianco classe 8.8,1895782379-00,9692707642-00,5552184374-00
vite testa cilindrica int. filettata M5x50 acciaio zincato bianco 8.8 esagono incassato,1895782379-00,9692707642-00,5552184374-00
vite a testa cilindrica esagono interno acciaio zincato bianco M6x50 8.8 filettata tutta,7359971500-00,8057376401-00,8767108517-00
M6x50 vite TCEI zincata bianca testa cilindrica con chiave a brugola filettatura completa 8.8,7359971500-00,8057376401-00,8767108517-00
vite interamente filettata M6x50 testa cilindrica esagono incassato acciaio zincato 8.8,7359971500-00,8057376401-00,8767108517-00
vite testa cilindrica esagono incassato M3x10 sostituisce 5768980724-00,8584132113-00,2331944648-00,2277349670-00
vite TCEI M3x10 con esagono incassato sostituzione codice 5768980724-00,8584132113-00,2331944648-00,2277349670-00
sostituito da 5768980724-00 vite M3x10 testa esagonale incassata tipo TCEI,8584132113-00,2331944648-00,2277349670-00
vite a testa cilindrica esagono incassato M3x16 sostituta codice 8286072537-00,2650208388-00,5300150117-00,9424776550-00
vite TCEI M3x16 con esagono interno rimpiazzata da 8286072537-00,2650208388-00,5300150117-00,9424776550-00
vite testa cilindrica incassata M3x16 sostituito modello 8286072537-00,2650208388-00,5300150117-00,9424776550-00
"vite a testa cilindrica esagono incassato parz.filet a2k m10x1,25x30 acciaio zincato bianco 8.8",3625233948-00,5479560822-00,8045442358-00
"vite TCEI parz.filetata m10x1,25x30 8.8 acciaio zincato bianco con esagono incassato",3625233948-00,5479560822-00,8045442358-00
"vite tcei parz filettata 8.8 M10x1,25x30 acciaio zincato bianco testa cilindrica esagono incassato",3625233948-00,5479560822-00,8045442358-00
vite M10x100 parz.filettatura TCEI testa cilindrica A2 inox esagono incassato,1783879014-00,4309921101-00,6916390553-00
vite testa cilindrica esagono incassato M10x100-70 acciaio inox A2 filettatura parziale,1783879014-00,4309921101-00,6916390553-00
vite a testa cilindrica M10x100 inox A2 TCEI parzialmente filettata esagono incassato,1783879014-00,4309921101-00,6916390553-00
vite testa cilindrica esagono incassato a2 acciaio inox parzialmente filettata M10x16-70,1209233355-00,2931864581-00,9564807796-00
vite tcei inox A2 M10x16-70 parzialmente filettata testa cilindrica esagonale,1209233355-00,2931864581-00,9564807796-00
vite acciaio inox A2 M10x16-70 esagono incassato parz. filettatura TCEI,1209233355-00,2931864581-00,9564807796-00
vite testa cilindrica esagono incassato inox a2 m10x20-70 parziale filettatura,3139520890-00,1922810124-00,1732199075-00
vite parzialmente filettata in acciaio inox a2 con esagono incassato m10x20-70,3139520890-00,1922810124-00,1732199075-00
vite M10x20-70 inox a2 parz filettata testa cilindrica esagono interno,3139520890-00,1922810124-00,1732199075-00
vite inox a2 testa cilindrica esagono incassato parz. filet. m10x25-70,9423853212-00,4309921101-00,7023956011-00
vite testacilindrica esagonale parzialmente filettata acciaio inox m10 25-70,9423853212-00,4309921101-00,7023956011-00
vite testa cilindrica a2 acciaio inox m10 x 25-70 esagonale incassato filet. parz,9423853212-00,4309921101-00,7023956011-00
vite inox a2 testa cilindrica esagono incassato m10x30-70 parzialmente filettata,9084731867-00,5232587970-00,1132785186-00
vite tcei acciaio inox parz filett m10 x 30-70 con testa cilindrica esagonale interna,9084731867-00,5232587970-00,1132785186-00
vite parzialmente filettata a2 m10 diam 30 a 70 mm testa cilindrica esagono incassato,9084731867-00,5232587970-00,1132785186-00
vite testa cilindrica esagono incassato acciaio inox A2 M10x35-70 parzialmente filettata,9734057020-00,6824517508-00,8539881347-00
M10x35-70 vite TCEI a2 inox parziale filetto testa cilindrica con esagono nascosto,9734057020-00,6824517508-00,8539881347-00
vite parzialmente filettata M10 acciaio inox A2 testa cilindrica esagono incassato 35-70 mm,9734057020-00,6824517508-00,8539881347-00
vite testa cilindrica incasso esagono inox A2 m10x40-70 filettatura parziale,7176640084-00,5357993975-00,7495471828-00
viti m10x40-70 filettate parzialmente acciaio inox A2 tcei con testa cilindrica esagonale,7176640084-00,5357993975-00,7495471828-00
vite parzialmente filettata m10 inox A2 TCEI esagono incassato testa cilindrica 40-70 mm,7176640084-00,5357993975-00,7495471828-00
vite acciaio inox A2 testa cilindrica esagono incassato M10x55-70 parzialmente filettata,9084575467-00,3301113478-00,7068060064-00
vite TCEI parz filettata M10x55-70 inox acciaio A2 testa cilindro esagono incasso,9084575467-00,3301113478-00,7068060064-00
vite esagonale incassato parzialmente filettata M10x55-70 a2 acciaio inox testa cilindrica,9084575467-00,3301113478-00,7068060064-00
vite testa cilindrica esagono incassato inox a2 m10x90 filettatura parziale 70,9262765158-00,3336498156-00,1290053134-00
vite parz.filettata a2 m10 90x70 testa cilindrica con esagono interno acciaio inox,9262765158-00,3336498156-00,1290053134-00
vite inox acciaio inox m10x90-70 testa cilindrica esagono incassato parzialmente filettata,9262765158-00,3336498156-00,1290053134-00
vite a testa cilindrica esagono incassato acciaio inox A2 M12x35-70 parz.filettata,5065362985-00,2164394937-00,5777325392-00
M12x35-70 vite TCEI parzialmente filettata inox A2 testa cilindrica esagonale,5065362985-00,2164394937-00,5777325392-00
vite inox parz.filettata M12x35-70 testa cilindrica con esagono incassato acciaio A2,5065362985-00,2164394937-00,5777325392-00
vite testa cilindrica esagono incassato inox a2 m14 filettatura parziale 60-70 mm,7687191436-00,1461083928-00,2963834971-00
vite tcei acciaio inox a2 parzialmente filettata m14x60-70 con esagono incassato,7687191436-00,1461083928-00,2963834971-00
vite m14 testa cilindrica esagono incassato inox a2 parz filettata 60 70 mm,7687191436-00,1461083928-00,2963834971-00
vite testa cilindrica esagono incassato inox A2 M16x30-70 parzialmente filettata,5980354908-00,6099664890-00,5777325392-00
viti M16 acciaio inox A2 parzial filettate testa tcei lunghezza 30-70 mm,5980354908-00,6099664890-00,5777325392-00
vite tcei a2 inox parzial filettata 16x30-70 testa cilindrica esagonale incassato,5980354908-00,6099664890-00,5777325392-00
vite testa cilindrica esagono incassato parz.filettata inox A2 M16x80-70,5942763771-00,5218800597-00,5259714115-00
vite in acciaio inox A2 M16x80-70 esagono incassato parzialmente filettata testa cilindrica,5942763771-00,5218800597-00,5259714115-00
vite TCEI parzialmente filettata M16x80-70 acciaio inox A2 testa cilindrica esagono incassato,5942763771-00,5218800597-00,5259714115-00
"vite tcei a2 in acciaio inox m2,5x12 parzialmente filettata testa cilindrica esagono incassato",5461598347-00,2123111659-00,3358964777-00
"vite in acciaio inox a2 m2,5x12 testa cilindrica con esagono incassato e filettatura parziale",5461598347-00,2123111659-00,3358964777-00
"vite m2,5x12 tcei acciaio inox a2 parz.filettatura testa cilindrica esagono interno",5461598347-00,2123111659-00,3358964777-00
vite testa cilindrica esagono incassato acciaio inox A2 parz.filettata M2x8-70,8013105397-00,6874152815-00,4185081666-00
vite tcei acciaio inox A2 parzialmente filettata M2x8-70 testa cilindrica esagono interno,8013105397-00,6874152815-00,4185081666-00
vite M2x8-70 inox A2 testa cilindrica con impronta esagonale parz.filettata,8013105397-00,6874152815-00,4185081666-00
vite in acciaio inox a2 m3x12-70 testa cilindrica esagono incassato parzialmente filettata,3759777997-00,2055284905-00,8994100422-00
vite parziale filetto tcei acciaio inox a2 m3x12-70 con testa cilindrica e esagono incassato,3759777997-00,2055284905-00,8994100422-00
vite testa cilindrica m3x12-70 acciaio inox a2 parzialmente filettata con esagono incassato,3759777997-00,2055284905-00,8994100422-00
vite testa cilindrica esagono incassato acciaio inox a2 parzialmente filettata m3x16-70,5552184374-00,9236434512-00,4430253848-00
M3x16-70 vite inox TCEI parz. filettata testa cilindrica esagonale incassato,5552184374-00,9236434512-00,4430253848-00
vite acciaio inox a2 m3 x 16-70 parzialmente filettata testa cilindrica con impronta esagonale,5552184374-00,9236434512-00,4430253848-00
vite testa cilindrica esagono incassato inox A2 M3x20-70 parz filet,9564807796-00,8764064664-00,6367957917-00
viti parzialmente filettate acciaio inox A2 M3 testa esagonale M3x20-70,9564807796-00,8764064664-00,6367957917-00
vite TCEI in acciaio inox A2 parzialmente filettata M3x20-70 esagono incassato,9564807796-00,8764064664-00,6367957917-00
vite testa cilindrica esagonale parz. filettata inox A2 M3x25-70,7354403074-00,9540952247-00,3921443853-00
vite TCEI M3 acciaio inox testa esagono incassato parzialmente filettata 25-70 mm,7354403074-00,9540952247-00,3921443853-00
vite inox A2 M3x25-70 parzialmente filettata testa cilindrica esagono incassato,7354403074-00,9540952247-00,3921443853-00
vite a testa cilindrica esagono incassato inox A2 M3x8-70 parzialmente filettata,8183063386-00,5174124939-00,9241749184-00
vite M3x8-70 in acciaio inox A2 testa cilindrica esagonale filettatura parziale,8183063386-00,5174124939-00,9241749184-00
vite TCEI parzialmente filettata acciaio inox M3x8-70 testa cilindrica incasso esagono,8183063386-00,5174124939-00,9241749184-00
vite testa cilindrica esagono incassato a2 acciaio inox m4x10-70 parzialmente filettata,9072517807-00,2806046120-00,1341156832-00
vite in acciaio inox a2 m4x10-70 filetto parziale testa tcei esagono incassato,9072517807-00,2806046120-00,1341156832-00
vite tcei parz filettata m4x10-70 acciaio inox a2 testa cilindrica esagono incassato,9072517807-00,2806046120-00,1341156832-00
vite testa cilindrica esagono incassato inox parz. filettata M4x12-70 A2,6238573247-00,4199791104-00,4816820374-00
vite a testa tcei inox A2 parzialmente filettata M4x12x70 esagono incassato,6238573247-00,4199791104-00,4816820374-00
vite M4x12-70 acciaio inox A2 testa cilindrica con incavo esagonale filettatura parziale,6238573247-00,4199791104-00,4816820374-00
vite a testa cilindrica esagono incassato acciaio inox a2 M4x16-70 filettatura parziale,5364960095-00,2415609792-00,8185323043-00
M4x16-70 vite TCEI inox A2 parzialmente filettata testa cilindrica esagonale incassato,5364960095-00,2415609792-00,8185323043-00
vite acciaio inox M4x16 parz.filettata esagono incassato testa cilindrica tipo TCEI A2,5364960095-00,2415609792-00,8185323043-00
vite testa cilindrica esagono incassato a2 m4x20-70 parzialmente filettata inox,9473428869-00,3300252533-00,6980499450-00
vite inox A2 M4 con testa esagonale incassata e filettatura parziale da 20 a 70 mm,9473428869-00,3300252533-00,6980499450-00
vite TCEI parzialmente filettata acciaio inox M4x20-70 testa cilindrica esagono incassato,9473428869-00,3300252533-00,6980499450-00
vite testa cilindrica esagono incassato parzialmente filettata inox A2 M4x25-70,2596755451-00,9669699196-00,6395039276-00
TCEI vite inox acciaio testa esagonale parz filettata M4 25-70,2596755451-00,9669699196-00,6395039276-00
M4x25-70 vite in acciaio inox A2 filettatura parziale testa cilindrica esagono,2596755451-00,9669699196-00,6395039276-00
vite a testa cilindrica esagono incassato parziale filetto inox a2 m4x35-70,4675402319-00,7363194374-00,2700123943-00
m4x35-70 vite tcei a2 acciaio inox parzialmente filettata testa cilindrica,4675402319-00,7363194374-00,2700123943-00
vite m4 inox a2 testa cilindrica con esagono incassato filetto parziale 35-70mm,4675402319-00,7363194374-00,2700123943-00
vite inox testa cilindrica esagono incassato parz filettata M5x10-70 A2,3748347140-00,7071292323-00,8132115336-00
vite TCEI parzialmente filettata A2 acciaio inox M5 misura 5x10-70 mm,3748347140-00,7071292323-00,8132115336-00
vite a testa cilindrica M5 x 10-70 con esagono incassato filettatura parziale inox A2,3748347140-00,7071292323-00,8132115336-00
vite inox a2 M5x12-70 testa cilindrica esagono incassato filettatura parziale,3012926011-00,7510141127-00,6878665766-00
vite testa cilindrica esagono incassato acciaio inox A2 M5x12-70 parz filettata,3012926011-00,7510141127-00,6878665766-00
M5x12-70 vite parzialmente filettata TCEI inox A2 esagono incassato testa cilindrica,3012926011-00,7510141127-00,6878665766-00
vite testa cilindrica esagono incassato parz filettata acciaio inox a2 m5x16-70,3069487216-00,1378514553-00,2096233051-00
Vite TCEI M5x16-70 in acciaio inox parzialmente filettata con testa a esagono incassato,3069487216-00,1378514553-00,2096233051-00
vite testa cilindrica esagonale parzialmente filettata A2 inox M5x16-70 TCEI,3069487216-00,1378514553-00,2096233051-00
vite inox a2 tcei testa cilindrica esagono incassato m5x20-70 parzialmente filettata,9695811272-00,7567206630-00,9676503496-00
vite testa cilindrica esagonale filettatura parziale acciaio inox a2 m5x 20-70,9695811272-00,7567206630-00,9676503496-00
vite TCEI acciaio inox A2 M5x20-70 parzialmente filettata testa cilindrica esagono incassato,9695811272-00,7567206630-00,9676503496-00
vite M5x25-70 inox A2 testa cilindrica esagono incassato parzialmente filettata,7495471828-00,6922881579-00,8286072537-00
vite testa cilindrica esagonale incassato acciaio inox A2 M5x25-70 filettatura parz.,7495471828-00,6922881579-00,8286072537-00
vite parzialmente filettata inox A2 M5x25-70 testa cilindrica con esagono incassato,7495471828-00,6922881579-00,8286072537-00
vite in acciaio inox a2 testa cilindrica esagono incassato parzialmente filettata m5x30-70,8888866174-00,5827832202-00,6957993039-00
vite M5x30-70 acciaio inox testa cilindrica con esagono incassato e filettatura parziale,8888866174-00,5827832202-00,6957993039-00
viti parzialmente filettate testa cilindrica esagonale incassato acciaio A2 M5 30-70 mm,8888866174-00,5827832202-00,6957993039-00
vite inox A2 testa cilindrica esagono incassato M5x40-70 parzialmente filettata,4538507388-00,7775082541-00,1800442133-00
vite TCEI acciaio inox M5 40-70mm testa cilindrica parz.filettata esagono incassato,4538507388-00,7775082541-00,1800442133-00
vite metrica M5 inox A2 con testa cilindrica e esagono incassato filettatura parziale 40-70 mm,4538507388-00,7775082541-00,1800442133-00
vite testa cilindrica esagono incassato inox A2 M6x10-70 parzialmente filettata,5777325392-00,3621748882-00,5256951442-00
vite a testa tcei parz filettata acciaio inox M6 10-70 esagono incassato,5777325392-00,3621748882-00,5256951442-00
vite M6x10-70 inox A2 parzialmente filettata tceI testa cilindrica esagono incassato,5777325392-00,3621748882-00,5256951442-00
vite inox tcei testa cilindrica esagono incassato m6x16-70 parz filettata,2467314709-00,3634085133-00,2642273407-00
vite a2 m6x16-70 tcei parzialmente filettata con esagono incassato acciaio inox,2467314709-00,3634085133-00,2642273407-00
vite testa cilindrica parzialmente filettata m6x16-70 tcei in acciaio inox a2,2467314709-00,3634085133-00,2642273407-00
vite testa cilindrica esagono incassato inox a2 M6x20-70 parzialmente filettata,7440613697-00,7954596083-00,9344370987-00
vite inox acciaio A2 M6x20-70 parziale filetto testa con esagono incassato,7440613697-00,7954596083-00,9344370987-00
M6x20-70 vite TCEI acciaio inox A2 parz filettata esagono interno cilindrica,7440613697-00,7954596083-00,9344370987-00
vite testa cilindrica esagono incassato inox a2 M6x25-70 parzialmente filettata,5116420748-00,4883592855-00,1046650199-00
vite TCEI M6x25-70 acciaio inox parz. filettata testa cilindrica esagonale incassato,5116420748-00,4883592855-00,1046650199-00
vite acciaio inox A2 M6 con testa cilindrica e esagono incassato filettatura parziale 25-70 mm,5116420748-00,4883592855-00,1046650199-00
vite a testa cilindrica esagono incassato acciaio inox a2 M6x35-70 parz filettata,3143339606-00,1360393557-00,2973017365-00
vite tcei inox a2 m6 con filetto parziale 35-70 mm esagono interno,3143339606-00,1360393557-00,2973017365-00
vite in acciaio inox a2 parzialmente filettata m6 35-70 testa cilindrica incasso esagonale,3143339606-00,1360393557-00,2973017365-00
vite testa cilindrica esagonale incassata parz filettatura acciaio inox A2 M6x45-70,3748907827-00,7733451960-00,5678708526-00
vite TCEI in acciaio inox A2 parzialmente filettata M6x45-70 con testa esagonale incassata,3748907827-00,7733451960-00,5678708526-00
vite a esagono incassato M6x45-70 acciaio inox A2 parzialmente filettata tipo TCEI testa cilindrica,3748907827-00,7733451960-00,5678708526-00
vite testa cilindrica esagono incassato parz filettata inox a2 m6x55-70,7748564458-00,8096244744-00,2892389414-00
vite tcei acciaio inox A2 M6x55-70 parzialmente filettata con esagono incassato,7748564458-00,8096244744-00,2892389414-00
vite M6x55-70 a2 inox tcei parz filettatura testa cilindrica esagono interno,7748564458-00,8096244744-00,2892389414-00
vite inox A2 testa cilindrica con esagono incassato parz filettata M6x60-70,6029968985-00,7540520705-00,5869386826-00
viti parzialmente filettate M6x60-70 a2 acciaio inox testa esagonale incassata,6029968985-00,7540520705-00,5869386826-00
vite testa cilindrica incassata esagono inox a2 m6x60-70 filettatura parziale,6029968985-00,7540520705-00,5869386826-00
vite testa cilindrica esagono incassato acciaio inox A2 M8x10-70 parzialmente filettata,9241727014-00,1071330167-00,9077176137-00
vite TCEI parzialmente filettata inox A2 M8x10-70 con testa cilindrica esagonale,9241727014-00,1071330167-00,9077176137-00
vite a testa tcei esagono incassato M8x10-70 acciaio inox parziale filetto A2,9241727014-00,1071330167-00,9077176137-00
vite a testa cilindrica esagono incassato acciaio inox A2 M8x100 parz filettata 70,4547644032-00,4527880773-00,9226799871-00
M8x100 vite TCEI parzialmente filettata A2 inox testa cilindrica esagono,4547644032-00,4527880773-00,9226799871-00
vite TCEI acciaio inox parz filettata M8x100-70 testa cilindrica esagono incassato,4547644032-00,4527880773-00,9226799871-00
vite testa cilindrica esagono incassato inox a2 m8x16-70 parziale filettatura,7395059843-00,2179472331-00,9608119877-00
vite acciaio inox A2 M8x16-70 a testa cilindrica con esagono parzialmente filettata,7395059843-00,2179472331-00,9608119877-00
vite TCEI M8x16-70 inox A2 testa cilindrica esagono incassato filettatura parziale,7395059843-00,2179472331-00,9608119877-00
vite testa cilindrica esagono incassato inox a2 M8x20-70 parzialmente filettata,3950194926-00,6919265037-00,8815417597-00
vite inox A2 M8x20-70 testa cilindrica esagonale filettatura parziale,3950194926-00,6919265037-00,8815417597-00
vite TCEI M8 x 20-70 acciaio inossidabile testa cilindrica parz filettata,3950194926-00,6919265037-00,8815417597-00
vite a testa cilindrica esagono incassato M8 acciaio inox parzialmente filettata 25-70 mm,8501645232-00,7594985659-00,5866832251-00
vite TCEI parz filettatura A2 inox M8 lunghezza da 25 a 70 mm,8501645232-00,7594985659-00,5866832251-00
vite testa cilindrica esagonale inox A2 M8 filettatura parziale 25-70 mm,8501645232-00,7594985659-00,5866832251-00
vite acciaio inox A2 testa cilindrica esagono incassato parz filettata M8x30-70,9768909848-00,3810906932-00,8779120401-00
vite M8x30-70 parzialmente filettata testa cilindrica con esagono interno inox A2,9768909848-00,3810906932-00,8779120401-00
vite TCEI parzialmente filettata inox a2 M8 con testa esagonale incassata da 30 a 70mm,9768909848-00,3810906932-00,8779120401-00
vite testa cilindrica esagono incassato acciaio inox A2 M8x35-70 filettatura parziale,2700123943-00,9019812829-00,9941288707-00
M8x35-70 vite inox A2 parz.filettata TCEI testa cilindrica,2700123943-00,9019812829-00,9941288707-00
vite M8 acciaio inox A2 filettatura parziale testa tcei esagono incassato,2700123943-00,9019812829-00,9941288707-00
vite a testa cilindrica esagono incassato A2 inox M8x40-70 parzialmente filettata,1836583820-00,3684987268-00,4897352893-00
viti M8x40-70 acciaio inox A2 TCEI parz.filettata testa cilindrica esagonale interna,1836583820-00,3684987268-00,4897352893-00
vite inox A2 M8x40-70 tipo tcei con testa cilindrica e filetto parziale esagono incassato,1836583820-00,3684987268-00,4897352893-00
vite testa cilindrica esagono incassato a2 acciaio inox m8x45-70 parzialmente filettata,2577201529-00,5853983356-00,4311539891-00
vite tcei acciaio inox a2 parz filett mm8x45-70 bullone testa cilindrica esagono incassato,2577201529-00,5853983356-00,4311539891-00
m8x45-70 vite parzialmente filettata inox a2 testa cilindrica esagono scavato TCEI,2577201529-00,5853983356-00,4311539891-00
vite inox a2 m8x60 70 testa cilindrica esagono incassato parz filettata,6345452813-00,7652035392-00,5826927866-00
viti parzialmente filettate m8x60-70 acciaio inox a2 con testa cilindrica e incavo esagonale,6345452813-00,7652035392-00,5826927866-00
vite tcei in acciaio inox m8 60-70 mm testa cilindrica esagono incassato parzialmente filettata,6345452813-00,7652035392-00,5826927866-00
vite a testa cilindrica esagono incassato M8x65-70 acciaio inox parzialmente filettata A2,5461753764-00,4292268847-00,6358349105-00
vite TCEI parzialmente filettata inox A2 M8 dimensioni 65-70 mm,5461753764-00,4292268847-00,6358349105-00
M8 vite inox A2 esagonale incassato parzialmente filettata testa cilindrica 65-70 mm,5461753764-00,4292268847-00,6358349105-00
vite testa cilindrica esagono incassato acciaio inox A2 M8x70 parz filettata,1147017964-00,1303415976-00,6483761246-00
vite tce i parzialmente filettata in acciaio inox A2 M8x70x70 esagono incassato,1147017964-00,1303415976-00,6483761246-00
vite inox a2 m8x70 70 testa cilindrica filettatura parziale esagono incassato,1147017964-00,1303415976-00,6483761246-00
vite a testa cilindrica esagono incassato acciaio inox a2 m8x75 parz filettata,4495204230-00,6887895412-00,3773597417-00
vite inox a2 m8x75-70 parzialmente filettata tcei esagono incassato,4495204230-00,6887895412-00,3773597417-00
vite tcei parzialmente filettata m8x75 acciaio inox a2 testa cilindrica,4495204230-00,6887895412-00,3773597417-00
vite a testa cilindrica esagono incassato acciaio inox a2 m8x80 parz filettata 70,5828119227-00,7699881798-00,5396269374-00
vite inox a2 m8x80 70mm parzialmente filettata testa cilindrica esagono incassato,5828119227-00,7699881798-00,5396269374-00
vite tcei acciaio inox a2 m8x80-70 parzialmente filettata testa cilindrica esagono incassato,5828119227-00,7699881798-00,5396269374-00
vite a testa cilindrica esagono incassato parzialmente filettata acciaio inox A2 M8x90-70,7691548010-00,8884625491-00,6367957917-00
vite tcei inox A2 M8x90-70 parzialmente filettata testa cilindrica con esagono incassato,7691548010-00,8884625491-00,6367957917-00
vite inox M8x90-70 parziale filettatura testa cilindrica esagono incassato acciaio A2,7691548010-00,8884625491-00,6367957917-00
vite tcei testa cilindrica esagono incassato acciaio zincato bianco m10x100 8.8 parzialmente filettata,4647839108-00,9612996235-00,8317446155-00
vite parz filettata m10x100 acciaio zincato bianco tcei testa cilindrica esagono incassato 8.8,4647839108-00,9612996235-00,8317446155-00
m10x100 vite tcei parzialmente filettata acciaio zincato testa cilindrica incasso esagono 8.8,4647839108-00,9612996235-00,8317446155-00
vite testa cilindrica esagono incassato zincata bianco m10x110 8.8 parz.filettata acciaio,2374738313-00,2252168350-00,6193108154-00
vite TCEI parzialmente filettata acciaio zincato bianco m10x110 8.8 testa cilindrica esagono incassato,2374738313-00,2252168350-00,6193108154-00
vite m10x110 8.8 testa cilindrica con esagono incassato parzialmente filettata acciaio zincato bianco,2374738313-00,2252168350-00,6193108154-00
vite testa cilindrica esagono incassato zincata bianca M10x120 8.8 parzialmente filettata,8539881347-00,7282383740-00,3119031666-00
vite TCEI A2K parz filett M10x120 8.8 acciaio zincato bianco,8539881347-00,7282383740-00,3119031666-00
viti M10x120 8.8 testa cilindrica con esagono parzialmente filettata zincata bianca,8539881347-00,7282383740-00,3119031666-00
vite testa cilindrica esagonale incassato parzialmente filettata a2k acciaio zincato m10x130 8.8,4554747324-00,7367405253-00,5777325392-00
vite tcei acciaio zincato bianco m10x130 8.8 parz filettata testa cilindrica incassata esagono,4554747324-00,7367405253-00,5777325392-00
vite m10x130 8.8 zincata bianca testa cilindrica esagonale incassato parzialmente filettata a2k,4554747324-00,7367405253-00,5777325392-00
vite a testa cilindrica esagono incassato parzialmente filettata acciaio zincato bianco m10x150 classe 8.8,8368256870-00,1318185697-00,1715949208-00
viti TCEI parz filettatura m10x150 acciaio zincato bianco 8.8 testa cilindrica esagonale incassata,8368256870-00,1318185697-00,1715949208-00
bullone parzialmente filettato m10x150 vite zincata bianca A2K con testa cilindrica a incasso esagonale classe 8.8,8368256870-00,1318185697-00,1715949208-00
vite testa cilindrica esagono incassato parz filettata zincata bianco M10x16 8.8,6673803951-00,2323356604-00,5011131774-00
vite TCEI parzialmente filettata acciaio zincato M10x16 classe 8.8 testa cilindrica,6673803951-00,2323356604-00,5011131774-00
vite zincata bianca testa cilindrica M10x16 8.8 esagono incassato parz filettata,6673803951-00,2323356604-00,5011131774-00
vite a testa cilindrica esagono incassato parzialmente filettata acciaio zincato bianco M10x180 8.8,8361149774-00,3642729084-00,9457329856-00
vite TCEI parzialmente filettata M10x180 8.8 acciaio zincato bianco testa cilindrica esagonale,8361149774-00,3642729084-00,9457329856-00
vite esagono incassato TCEI M10x180 parz.filettata acciaio zincato bianco 8.8 testa cilindrica,8361149774-00,3642729084-00,9457329856-00
vite m10x20 testa cilindrica esagono incassato parz filettata acciaio zincato 8.8,9953982052-00,6970809125-00,9910910852-00
vite tcei acciaio zincato bianco m10 x 20 parzialmente filettata testa cilindro 8.8,9953982052-00,6970809125-00,9910910852-00
vite m10x20 testa cil zincata bianca parz filett acciaio 8.8 esagono incassato,9953982052-00,6970809125-00,9910910852-00
vite testa cilindrica esagono incassato M10x25 parz. filettata acciaio zincato 8.8,4816820374-00,8946535786-00,4974013062-00
VITE A2K M10x25 zincata bianca parzialmente filettata TCEI 8.8 esagono incassato,4816820374-00,8946535786-00,4974013062-00
vite M10x25 testa cilindrica TCEI 8.8 acciaio zincato bianco parz filettata esagono incassato,4816820374-00,8946535786-00,4974013062-00
vite tcei a2k zincata M10x30 testa cilindrica esagono incassato 8.8 parzialmente filettata,6822152452-00,4358015637-00,2949807863-00
vite esagono incassato TCEI 8.8 M10x30 acciaio zincato bianco parz.filett.,6822152452-00,4358015637-00,2949807863-00
vite testa cilindrica M10x30 zincata bianca A2K parzialmente filettata classe 8.8 esagono incassato,6822152452-00,4358015637-00,2949807863-00
vite a testa cilindrica esagono incassato acciaio zincato A2K M10x35 8.8 parzialmente filettata,1130810921-00,2447466166-00,4215182994-00
vite TCEI parz. filettata M10x35 zincata bianca acciaio 8.8 con testa cilindrica esagonale incassato,1130810921-00,2447466166-00,4215182994-00
vite testa cilindrica esagono interno M10x35 8.8 acciaio zincato bianco parzialmente filettata A2K,1130810921-00,2447466166-00,4215182994-00
vite esagonale parzialmente filettata M10x40 acciaio zincato TCEI 8.8,5259714115-00,1968984769-00,5866832251-00
vite testa cilindrica incassata M10x40 in acciaio zincato bianco parz filettatura 8.8,5259714115-00,1968984769-00,5866832251-00
vite M10x40 parzialmente filettata testa cilindrica esagono incassato A2K acciaio zincato 8.8,5259714115-00,1968984769-00,5866832251-00
vite a testa cilindrica esagono incassato zincata bianco M10x45 8.8 parzialmente filettata,8812817358-00,3091746206-00,8291938546-00
vite TCEI M10x45 acciaio zincato bianco testa cilindrica esagono parziale filettatura 8.8,8812817358-00,3091746206-00,8291938546-00
M10x45 vite a testa cilindrica incassata parzialmente filettata acciaio zincato bianco 8.8,8812817358-00,3091746206-00,8291938546-00
vite testa cilindrica esagonale parz filettata M10x50 acciaio zincato A2K 8.8,8574329846-00,6941636534-00,3384169379-00
vite TCEI parzialmente filettata 8.8 M10x50 acciaio zincato bianco con esagono incassato,8574329846-00,6941636534-00,3384169379-00
vite acciaio zincato bianco M10x50 8.8 testa cilindrica esagono incassato parz filettata,8574329846-00,6941636534-00,3384169379-00
vite testa cilindrica esagono incassato parz. filett. acciaio zincato m10x55 classe 8.8,1371850964-00,6214669592-00,3012926011-00
vite TCEI parzialmente filettata zincata bianca M10x55 8.8 acciaio,1371850964-00,6214669592-00,3012926011-00
vite a testa cilindrica con esagono incassato M10x55 parz filettata acciaio zincato 8.8,1371850964-00,6214669592-00,3012926011-00
vite parzialmente filettata M10x60 acciaio zincato bianco TCEI 8.8 testa cilindrica esagono incassato,9271244353-00,2790526286-00,7836028606-00
vite a testa cilindrica con esagono incassato M10x60 8.8 parz.filettata acciaio zincato bianco,9271244353-00,2790526286-00,7836028606-00
vite acciaio zincato bianco M10x60 8.8 testa cilindrica TCEI parziale filettatura esagonale interna,9271244353-00,2790526286-00,7836028606-00
vite testa cilindrica esagono incassato parz filettata acciaio zincato bianco M10x65 8.8,5960557195-00,9692707642-00,9518123077-00
viti A2K M10x65 parzialmente filettate zincate bianche testa tcei esagono interno,5960557195-00,9692707642-00,9518123077-00
vite M10x65 8.8 parz. filettata testa cilindrica esagono incassato zincata acciaio,5960557195-00,9692707642-00,9518123077-00
vite TCEI zincata bianca acciaio M10x70 8.8 parzialmente filettata con esagono incassato,5789803864-00,9430522140-00,7864138034-00
bullone testa cilindrica esagono incassato M10x70 passo parziale zincato bianco acciaio 8.8,5789803864-00,9430522140-00,7864138034-00
vite acciaio zincato bianco M10x70 8.8 parz filettata testa cilindrica esagono incassato,5789803864-00,9430522140-00,7864138034-00
vite a testa cilindrica esagono interno M10x75 parz filettata acciaio zincato 8.8,2376697760-00,6750118579-00,8037006337-00
TCEI M10x75 vite parzialmente filettata zincata acciaio bianco classe 8.8,2376697760-00,6750118579-00,8037006337-00
vite esagonale incassato testa cilindrica M10x75 parziale filettatura acciaio zincato 8.8,2376697760-00,6750118579-00,8037006337-00
vite a testa cilindrica M10x80 8.8 acciaio zincato bianco parzialmente filettata esagono incassato,6603980774-00,6915280749-00,7263953526-00
viti TCEI zincate bianche 8.8 M10x80 con filettatura parziale e testa a esagono incassato,6603980774-00,6915280749-00,7263953526-00
M10x80 vite parz. filett. testa cilindrica acciaio zincato bianco esagono incassato 8.8,6603980774-00,6915280749-00,7263953526-00
vite testa cilindrica esagono incassato zincata bianca acciaio M10x85 8.8 filettatura parziale,5525935480-00,6887895412-00,7359971500-00
vite parzialmente filettata M10x85 acciaio zincato bianco testa tcei esagonale incassato 8.8,5525935480-00,6887895412-00,7359971500-00
vite TCEI parz.filettatura M10x85 zincata bianca acciaio 8.8 testa cilindrica esagono incassato,5525935480-00,6887895412-00,7359971500-00
vite testa cilindrica esagono incassato parz.filettata A2K acciaio zincato bianco M10x90 8.8,1481396410-00,5054442680-00,7335286512-00
vite TCEI parzialmente filettata M10x90 acciaio zincato bianco classe 8.8 esagonale incassato,1481396410-00,5054442680-00,7335286512-00
vite acciaio zincato bianco TCEI M10x90 parzialmente filettata testa cilindrica esagono incassato 8.8,1481396410-00,5054442680-00,7335286512-00
vite a testa cilindrica esagono incassato parzialmente filettata acciaio zincato bianco M12x100 classe 8.8,8205155184-00,5211292766-00,7531996245-00
vite TCEI parzialmente filettata acciaio zincato bianco M12 x 100 esagono incassato 8.8,8205155184-00,5211292766-00,7531996245-00
vite acciaio zincata bianca M12x100 8.8 testa cilindrica esagono incassato parz. filettata,8205155184-00,5211292766-00,7531996245-00
vite a testa cilindrica esagono incassato parz filettata acciaio zincato bianco m12x110 classe 8.8,4627757243-00,9588849110-00,1726905199-00
M12x110 vite TCEI parzialmente filettata zincata bianco acciaio 8.8 esagono incassato,4627757243-00,9588849110-00,1726905199-00
vite esagonale incassata testa cilindrica parz filettata zincata bianco A2K 8.8 M12x110,4627757243-00,9588849110-00,1726905199-00
vite testa cilindrica esagono incassato acciaio zincato bianco M12x120 8.8 parzialmente filettata,9226799871-00,7223215219-00,6193108154-00
vite TCEI M12x120 parz.filettata A2K acciaio zincato bianco esagono incassato 8.8,9226799871-00,7223215219-00,6193108154-00
vite a testa cilindrica esagonale M12x120 8.8 zincata bianca parzialmente filettata,9226799871-00,7223215219-00,6193108154-00
vite testacilindrica esagono incassato zincata bianca M12x130 8.8 parz.filettata acciaio,9641115149-00,1744820572-00,9210849690-00
viti a testa cilindrica esagono incassato parzialmente filettate A2K M12x130 8.8 zincate bianche,9641115149-00,1744820572-00,9210849690-00
vite TCEI M12x130 8.8 acciaio zincato bianco filettatura parziale testa cilindrica esagono interno,9641115149-00,1744820572-00,9210849690-00
vite testa cilindrica esagono incassato acciaio zincato bianco m12x140 8.8 parzialmente filettata,7818196723-00,5871470332-00,3055785881-00
vite tcei parz.filett m12x140 acciaio zincato bianco testa cilindrica esagono incassato 8.8,7818196723-00,5871470332-00,3055785881-00
m12x140 vite parzialmente filettata a2k 8.8 zincata bianca testa cilindrica esagonale incassato,7818196723-00,5871470332-00,3055785881-00
vite testa cilindrica esagono incassato parz filettata zincata bianco acciaio M12x150 classe 8.8,2340376361-00,9181346928-00,4416543723-00
vite TCEI parzialmente filettata in acciaio zincato bianco M12x150 8.8 esagono incassato,2340376361-00,9181346928-00,4416543723-00
vite acciaio zincato testa cilindrica M12x150 8.8 parz filettata esagonale incassato,2340376361-00,9181346928-00,4416543723-00
vite testa cilindrica esagono incassato parzialmente filettata acciaio zincato bianco M12x180 8.8,5826927866-00,3633336925-00,2657608685-00
TCEI vite A2K parz filett M12x180 zincata bianca acciaio 8.8,5826927866-00,3633336925-00,2657608685-00
vite parzialmente filettata testa cilindrica acciaio M12x180 esagono incassato zincato bianco 8.8,5826927866-00,3633336925-00,2657608685-00
vite testa cilindrica esagono incassato zincata bianco m12x20 8.8 parz filettata acciaio,9985673215-00,5997622662-00,6045171767-00
vite TCEI M12x20 acciaio zincato bianco 8.8 parzialmente filettata con esagono incassato,9985673215-00,5997622662-00,6045171767-00
vite m12x20 testa cilindrica zincata bianco parziale filettatura acciaio 8.8 esagono interno,9985673215-00,5997622662-00,6045171767-00
vite testa cilindrica TCEI M12x200 parz filettata A2K acciaio zincato bianco 8.8,6948161018-00,5789814708-00,1782609923-00
vite parzialmente filettata M12x200 acciaio zincato bianco TCEI testa cilindrica esagono incassato 8.8,6948161018-00,5789814708-00,1782609923-00
M12x200 vite A2K testa cilindrica esagoincasso parz filettata zincata bianca 8.8 acciaio,6948161018-00,5789814708-00,1782609923-00
vite tcei parzialmente filettata acciaio zincato bianco m12x25 8.8 esagono incassato,1703128847-00,1868052648-00,2248126059-00
vite testa cilindrica incasso esagonale m12x25 acciaio zincato bianco 8.8 parzialmente filettata,1703128847-00,1868052648-00,2248126059-00
m12x25 vite tcei parz. filettata acciaio zincato bianco 8.8 testa cilindrica esagonale incassato,1703128847-00,1868052648-00,2248126059-00
vite a testa cilindrica esagono incassato M12x280 zincata bianca parz filettata acciaio 8.8,6980499450-00,4365586622-00,8649274296-00
vite M12x280 testa cilindrica con esagono incassato acciaio zincato parzialmente filettata classe 8.8,6980499450-00,4365586622-00,8649274296-00
vite TCEI parzialmente filettata M12x280 acciaio zincato bianco testa cilindrica esagono incassato 8.8,6980499450-00,4365586622-00,8649274296-00
vite testa cilindrica esagono incassato zincata bianca M12x30 8.8 parz filet,2869859722-00,1360393557-00,5858467301-00
vite TCEI M12x30 acciaio zincato bianco parzialmente filettata grado 8.8,2869859722-00,1360393557-00,5858467301-00
vite a testa tcei parzialmente filettata M12x30 zincata bianco 8.8 acciaio,2869859722-00,1360393557-00,5858467301-00
vite testa cilindrica esagono incassato parz filettata M12x35 acciaio zincato bianco A2K 8.8,4568600985-00,7504323369-00,4869901228-00
vite TCEI parzialmente filettata acciaio zincato M12x35 classe 8.8 testa esagono incassato,4568600985-00,7504323369-00,4869901228-00
vite zincata bianca testa cilindrica M12x35 A2K 8.8 parz filettata con esagono incassato,4568600985-00,7504323369-00,4869901228-00
vite testa cilindrica esagono incassato parz.filettata M12x40 acciaio zincato bianco classe 8.8,5622965267-00,9164378441-00,3939252475-00
VITE TCEI M12x40 8.8 acciaio zincato bianco con filettatura parziale testa cilindrica esagonale incassato,5622965267-00,9164378441-00,3939252475-00
bullone parzialmente filettato A2K M12x40 vite a testa cilindrica esagono incassato zincato 8.8,5622965267-00,9164378441-00,3939252475-00
vite testa cilindrica esagono incassato parzialmente filettata zincata bianco acciaio m12x45 8.8,6129590427-00,6824584696-00,7818196723-00
M12x45 vite TCEI acciaio zincato bianco parz filettata 8.8 esagono incassato,6129590427-00,6824584696-00,7818196723-00
vite a testa cilindrica esagono incassato M12x45 8.8 acciaio zincato bianco filettatura parziale,6129590427-00,6824584696-00,7818196723-00
vite testa cilindrica esagono incassato parz.filettata acciaio zincato bianco m12x50 8.8,8186036331-00,2650154326-00,2650208388-00
vite TCEI A2K M12x50 8.8 parzialmente filettata in acciaio zincato bianco,8186036331-00,2650154326-00,2650208388-00
vite esagonale incassato m12x50 zincata bianca parz.filettata acciaio classe 8.8,8186036331-00,2650154326-00,2650208388-00
vite testa cilindrica esagono incassato M12x55 8.8 acciaio zincato bianco parzialmente filettata A2K,8694059428-00,2359786082-00,7745825410-00
M12x55 vite a testa tcei parz filettata acciaio zincato bianco 8.8 esagono incassato,8694059428-00,2359786082-00,7745825410-00
vite acciaio zincato bianco 8.8 tcei parzialmente filettata esagono incassato M12x55 A2K,8694059428-00,2359786082-00,7745825410-00
vite testa cilindrica esagono incassato parz filettata acciaio zincato bianco M12x60 classe 8.8,4586595445-00,4414391372-00,3910293894-00
vite M12x60 a2k TCEI parzialmente filettata zincata bianca 8.8 testa cilindrica esagonale,4586595445-00,4414391372-00,3910293894-00
vite zincata bianca testa cilindrica esagono incassato M12x60 parz filettata acciaio 8.8,4586595445-00,4414391372-00,3910293894-00
vite a testa cilindrica esagono incassato parz filettata zincata bianco acciaio M12x65 classe 8.8,1560087501-00,2830358974-00,5819943066-00
vite TCEI parzialmente filettata M12x65 8.8 zincata bianco acciaio testa cilindrica esagonale,1560087501-00,2830358974-00,5819943066-00
viti esagonale incassato testa cilindrica M12x65 zincata acciaio A2K 8.8 parz filettata,1560087501-00,2830358974-00,5819943066-00
vite testa cilindrica esagono incassato zincata bianco m12x70 8.8 parz filettata acciaio,6962179027-00,1843344004-00,8380686623-00
vite a testa cilindrica m12x70 acciaio zincato bianco 8.8 parzialmente filettata tcei,6962179027-00,1843344004-00,8380686623-00
vite parzialmente filettata testa cilindrica acciaio zincato m12x70 esagono incassato 8.8,6962179027-00,1843344004-00,8380686623-00
vite testa cilindrica esagono incassato M12x80 acciaio zincato bianco 8.8 parz.filettata,8126165786-00,4199791104-00,5678708526-00
vite parzialmente filettata M12x80 a2k testa cilindrica esagono incassato 8.8 zincata,8126165786-00,4199791104-00,5678708526-00
vite TCEI M12x80 acciaio zincato bianco parzialmente filettata 8.8 con esagono incassato,8126165786-00,4199791104-00,5678708526-00
vite testa cilindrica esagono incassato parz filettata acciaio zincato bianco M12x90 classe 8.8,5556266370-00,5693143967-00,3497121753-00
vite TCEI M12x90 parzialmente filettata acciaio zincato bianco 8.8 testa esagonale incassata,5556266370-00,5693143967-00,3497121753-00
vite esagonale incassato M12x90 8.8 zincata bianca parz filettata testa cilindrica acciaio,5556266370-00,5693143967-00,3497121753-00
vite testa cilindrica esagono incassato parz filett m14x100 acciaio zincato 8.8,5358287054-00,2506733412-00,9953982052-00
vite tcei acciaio zincato bianco m14x100 8.8 parzialmente filettata testa cilindrica,5358287054-00,2506733412-00,9953982052-00
vite m14x100 tcei testa cilindrica acciaio zincato parz.filett 8.8 esagono incassato,5358287054-00,2506733412-00,9953982052-00
vite tcei testa cilindrica esagono incassato parzialmente filettata a2k acciaio zincato M14x140 8.8,1547798321-00,1968984769-00,9564807796-00
vite parzialmente filettata M14x140 acciaio zincato bianco tcei testa cilindrica esagono incassato 8.8,1547798321-00,1968984769-00,9564807796-00
vite testa cilindrica esagono incassato zincata bianca tipo tcei M14x140 grade 8.8 filettatura parziale,1547798321-00,1968984769-00,9564807796-00
vite a testa cilindrica esagono incassato parz.filettata m14x180 acciaio zincato bianco 8.8,2843799327-00,1501058271-00,4974013062-00
vite TCEI zincata bianca M14x180 8.8 parzialmente filettata testa cilindrica esagono incassato,2843799327-00,1501058271-00,4974013062-00
vite acciaio zincato a2k M14x180 8.8 TCEI con esagono incassato filettatura parziale,2843799327-00,1501058271-00,4974013062-00
vite testa cilindrica esagono incassato M14x35 acciaio zincato 8.8 parzialmente filettata,9422469846-00,5825574311-00,4367095841-00
VITE TCEI M14x35 8.8 zincata bianca parz filettata testa cilindrica esagonale,9422469846-00,5825574311-00,4367095841-00
vite M14x35 testa esagonale incassata acciaio zincato bianco 8.8 parte filettata,9422469846-00,5825574311-00,4367095841-00
vite testa cilindrica esagono incassato m14x40 acciaio zincato 8.8 parz.filettata,4641212468-00,3878640170-00,8286072537-00
TCEI vite parzialmente filettata M14x40 A2K zincata bianca acciaio 8.8,4641212468-00,3878640170-00,8286072537-00
vite M14x40 testa cilindrica esagono parzialmente filettata acciaio zincato bianco 8.8,4641212468-00,3878640170-00,8286072537-00
vite testa cilindrica esagono incassato a2k m14x45 classe 8.8 parzialmente filettata acciaio zincato bianco,4838358893-00,1461569135-00,8140663775-00
vite tcei acciaio zincato bianco m14x45 8.8 parz filettata,4838358893-00,1461569135-00,8140663775-00
vite a2k testa cilindrica parzialmente filettata m14x45 zincata bianco 8.8 esagono interno,4838358893-00,1461569135-00,8140663775-00
vite testa cilindrica esagono incassato acciaio zincato bianco parz.filettata m14x50 8.8,7197948058-00,8576546004-00,5396528414-00
vite tcei parzialmente filettata m14x50 acciaio zincato testa esagonale incassata 8.8,7197948058-00,8576546004-00,5396528414-00
m14x50 vite acciaio zincato bianco parz.filettata tcei testa cilindrica esagono incassato 8.8,7197948058-00,8576546004-00,5396528414-00
vite testa cilindrica esagono incassato parz filettata M14x60 acciaio zincato bianco 8.8,4661397238-00,2756774135-00,8694059428-00
vite TCEI M14x60 8.8 zincata bianca acciaio parzialmente filettata testa cilindrica esagonale,4661397238-00,2756774135-00,8694059428-00
vite M14x60 acciaio zincato testa cilindrica con esagono incassato parz filettata 8.8,4661397238-00,2756774135-00,8694059428-00
vite testa cilindrica esagono incassato parz filettata M14x70 acciaio zincato bianco 8.8,7531996245-00,3397156269-00,4482660134-00
vite TCEI M14x70 acciaio zincato bianco 8.8 parzialmente filettata,7531996245-00,3397156269-00,4482660134-00
vite acciaio 8.8 zincata bianca M14x70 testa cilindrica esagono incassato parz filettata,7531996245-00,3397156269-00,4482660134-00
vite testa cilindrica esagono incassato A2K parz.filettata M14x80 acciaio zincato 8.8,8703862792-00,7857794706-00,9424776550-00
vite parzialmente filettata M14x80 A2K zincata bianca testa cilindrica esagono incassato 8.8,8703862792-00,7857794706-00,9424776550-00
vite M14x80 parz filettata testa cilindrica con esagono acciaio zincato classe 8.8 A2K,8703862792-00,7857794706-00,9424776550-00
vite testa cilindrica esagono incassato M16x100 Acciaio zincato A2K 8.8 parz filettatura,7692192434-00,8224343365-00,5107098838-00
M16x100 vite TCEI parzialmente filettata acciaio zincato bianco 8.8,7692192434-00,8224343365-00,5107098838-00
vite a testa cilindrica con impronta esagonale parzialmente filettata A2K M16x100 classe 8.8,7692192434-00,8224343365-00,5107098838-00
vite testa cilindrica esagono incassato acciaio zincato m16x110 8.8 parzialmente filettata,7361105842-00,6391201229-00,9729631604-00
viti TCEI parz. filettate M16x110 acciaio bianco zincato classe 8.8 esagono incassato,7361105842-00,6391201229-00,9729631604-00
vite M16x110 zincata bianco testa cilindrica esagonale parzialmente filettata acciaio 8.8,7361105842-00,6391201229-00,9729631604-00
vite parz filett m16x120 acciaio zincato testa cilindrica tcei 8.8,7934338423-00,9164378441-00,8694059428-00
vite tcei testa cilindrica esagono incassato m16x120 parzialmente filettata acciaio zincato bianco 8.8,7934338423-00,9164378441-00,8694059428-00
vite m16x120 8.8 acciaio zincato bianco parz filett testa cilindrica esagono incassato,7934338423-00,9164378441-00,8694059428-00
vite a testa cilindrica esagono incassato M16x130 acciaio zincato bianco parz. filettatura 8.8,4595097987-00,3598238979-00,3030346654-00
vite TCEI parzialmente filettata m16x130 acciaio zincato classe 8.8 testa cilindrica esagonale,4595097987-00,3598238979-00,3030346654-00
vite M16x130 acciaio zincato bianco TCEI testa cilindrica esagono incassato filettatura parziale 8.8,4595097987-00,3598238979-00,3030346654-00
vite testa cilindrica esagono incassato zincata bianca a2k parzialmente filettata m16x140 classe 8.8,5256951442-00,2693880860-00,5527530826-00
vite TCEI M16x140 zincata bianca acciaio parz.filettata 8.8 testa esagonale incassato,5256951442-00,2693880860-00,5527530826-00
vite acciaio zincata testa cilindrica con esagono incassato m16x140 8.8 parzialmente filettata a2k,5256951442-00,2693880860-00,5527530826-00
vite TCEI testa cilindrica esagono incassato M16x150 8.8 parzialmente filettata acciaio zincato bianco A2K,6018052738-00,2796016373-00,2028041505-00
vite a testa cilindrica esagonale parz.filett. acciaio zincato M16x150 8.8 TCEI A2K,6018052738-00,2796016373-00,2028041505-00
vite parz.filettata M16x150 TCEI testa cilindrica esagono incassato acciaio zincato bianco 8.8,6018052738-00,2796016373-00,2028041505-00
vite testa cilindrica esagono incassato acciaio zincato m16x160 8.8 parz filettata,1447866253-00,3029570564-00,2965761849-00
vite tcei parzialmente filettata m16x160 acciaio zincato bianco 8.8,1447866253-00,3029570564-00,2965761849-00
vite testa esagonale incassato in acciaio zincato m16x160 8.8 parz filettata,1447866253-00,3029570564-00,2965761849-00
vite testa cilindrica esagono incassato parzialmente filettata acciaio zincato bianco M16x180-8.8 A2K,3739454668-00,4478587001-00,6673803951-00
vite parz.filettata TCEI A2K M16x180 8.8 zincata bianca con esagono incassato,3739454668-00,4478587001-00,6673803951-00
vite M16x180 acciaio zincato bianco testa cilindrica parzialmente filettata TCEI 8.8,3739454668-00,4478587001-00,6673803951-00
vite testa cilindrica esagono incassato A2K M16x200 8.8 zincata parzialmente filettata,6586480729-00,7417715853-00,4893172831-00
vite tcei parzialmente filettata acciaio zincato bianco M16x200 classe 8.8 testa cilindrica esagono,6586480729-00,7417715853-00,4893172831-00
M16x200 vite parzialmente filettata TCEI acciaio zincato bianco 8.8 testa cilindrica con incasso esagono,6586480729-00,7417715853-00,4893172831-00
vite testa cilindrica esagono incassato parz filettato acciaio zincato a2k m16x30 8.8,5195367950-00,3193792857-00,7035858829-00
vite tcei m16x30 parzialmente filettata acciaio zincato bianco 8.8 testa esagonale incassato,5195367950-00,3193792857-00,7035858829-00
vite m16x30 8.8 testa cilindrica con esagono incassato parziale filettatura acciaio A2K zincato,5195367950-00,3193792857-00,7035858829-00
vite M16x35 testa cilindrica esagono incassato acciaio zincato 8.8 parzialmente filettata,9164921243-00,6467382367-00,1815563881-00
vite a testa cilindrica M16x35 acciaio zincato bianco parz. filettata esagono incassato 8.8,9164921243-00,6467382367-00,1815563881-00
vite parzialmente filettata TCEI M16x35 8.8 acciaio zincato testa cilindrica esagono incassato,9164921243-00,6467382367-00,1815563881-00
vite TCEI M16x40 8.8 acciaio zincato bianco parzialmente filettata testa cilindrica esagono incassato,4598714933-00,7578498450-00,6148036737-00
vite testa cilindrica esagonale incassato parz filettata M16x40 classe 8.8 acciaio zincato bianco,4598714933-00,7578498450-00,6148036737-00
viti testa cilindrica TCEI 8.8 zincate bianche M16x40 con filettatura parziale e esagono incassato,4598714933-00,7578498450-00,6148036737-00
vite testa cilindrica esagono incassato M16x45 zincata bianco acciaio 8.8 parz filettata,8705789131-00,3397156269-00,9778571217-00
vite M16x45 A2K testa tcei parzialmente filettata acciaio zincato 8.8 esagono incassato,8705789131-00,3397156269-00,9778571217-00
vite parzialmente filettata testa cilindrica acciaio zincato bianco 8.8 M16x45 esagonale incassato,8705789131-00,3397156269-00,9778571217-00
vite testa cilindrica esagono incassato A2K zincata M16x50 8.8 parz filettata,2330627626-00,4937698724-00,4869901228-00
viti M16x50 8.8 parzialmente filettate acciaio zincato bianco TCEI testa cilindrica esagonale,2330627626-00,4937698724-00,4869901228-00
vite acciaio zincato bianco a2k 8.8 TCEI parz filett M16x50 testa cilindrica hex incassato,2330627626-00,4937698724-00,4869901228-00
vite testa cilindrica esagono incassato parz.filettata acciaio zincato bianco M16x60 8.8,6087737330-00,7078889404-00,8140663775-00
viti TCEI M16x60 filettatura parziale acciaio zincato bianco classe 8.8,6087737330-00,7078889404-00,8140663775-00
vite M16x60 a2k acciaio zincato bianco parzialmente filettata testa cilindrica esagono incassato 8.8,6087737330-00,7078889404-00,8140663775-00
vite m16x70 8.8 acciaio zincato a2k tcei testa cilindrica esagono incassato parz filettata,8577088598-00,3320997887-00,2078359379-00
vite testa cilindrica a2k m16x70 8.8 zincata bianca filettatura parziale esagono incassato,8577088598-00,3320997887-00,2078359379-00
m16x70 vite parz filettata 8.8 a2k tcei acciaio zincato bianco con esagono incassato,8577088598-00,3320997887-00,2078359379-00
vite testa cilindrica esagono incassato acciaio zincato bianco parzialmente filettata M16x80 8.8,8447322876-00,5477398477-00,5428394963-00
vite TCEI M16x80 acciaio zincato bianco parzialmente filettata 8.8 testa cilindrica esagono incassato,8447322876-00,5477398477-00,5428394963-00
vite parz.filettata testa cilindrica esagono interno acciaio zincato M16x80 classe 8.8,8447322876-00,5477398477-00,5428394963-00
vite testa cilindrica esagono incassato M16x90 acciaio zincato bianco 8.8 parzialmente filettata,2407054170-00,6603193262-00,8447322876-00
M16x90 vite TCEI parz filettata acciaio zincato A2K 8.8 testa cilindrica esagono interno,2407054170-00,6603193262-00,8447322876-00
vite esagonale incassato parzialmente filettata M16x90 zincata bianco acciaio 8.8 TCEI,2407054170-00,6603193262-00,8447322876-00
vite a testa cilindrica esagono incassato zincata bianca M20x100 classe 8.8 parzialmente filettata A2K,4147306188-00,7774599888-00,6998943831-00
M20x100 vite TCEI acciaio zincato bianco parz filettata 8.8 esagono incassato testa cilindrica,4147306188-00,7774599888-00,6998943831-00
vite parzialmente filettata TCEI testa cilindrica A2K zincata bianca M20x100 8.8 esagono incassato,4147306188-00,7774599888-00,6998943831-00
vite testa cilindrica esagono incassato parziale filettatura acciaio zincato A2K M20x120 classe 8.8,3384169379-00,9551318466-00,3422773531-00
M20x120 vite parzialmente filettata TCEI zincata bianco acciaio 8.8 testa cilindrica esagonale,3384169379-00,9551318466-00,3422773531-00
vite acciaio zincato bianco A2K M20x120-8.8 testa cilindrica esagono incassato parz.filettatura,3384169379-00,9551318466-00,3422773531-00
vite testa cilindrica esagono incassato parz filettatura acciaio zincato bianco m20x140 classe 8.8,1570275778-00,7544850930-00,7440613697-00
TCEI vite parzialmente filettata zincata bianca m20x140 acciaio 8.8 esagono incassato,1570275778-00,7544850930-00,7440613697-00
vite m20x140 acciaio zincato bianco 8.8 testa cilindrica con esagono parz filettata,1570275778-00,7544850930-00,7440613697-00
vite testa cilindrica esagono incassato parz filettata a2k acciaio zincato m20x160 8.8,8848643796-00,4925955239-00,5710205158-00
viti TCEI parzialmente filettate acciaio zincato bianco m20x160 classe 8.8,8848643796-00,4925955239-00,5710205158-00
vite a2k zincata testa cilindrica esagono incassato m20x160 parz filettata 8.8,8848643796-00,4925955239-00,5710205158-00
vite tcei a2k parzialmente filettata m20x45 acciaio zincato bianco 8.8 testa cilindrica esagono incassato,9587897673-00,2479083677-00,2495255911-00
vite m20x45 acciaio zincato bianco tcei parz.filett. testa cilindrica esagono incassato 8.8 a2k,9587897673-00,2479083677-00,2495255911-00
vite testa cilindrica esagono incassato parz filettata a2k m20x45 acciaio zincato bianco 8.8 tcei,9587897673-00,2479083677-00,2495255911-00
vite testa cilindrica esagono incassato acciaio zincato bianco M20x50 8.8 parzialmente filettata,8760264488-00,6291754020-00,5512927515-00
vite TCEI parz filettata M20x50 acciaio zincato bianco 8.8 esagono incassato,8760264488-00,6291754020-00,5512927515-00
viti M20x50 acciaio zincato bianco testa cilindrica parzialmente filettata TCEI 8.8 esagono incassato,8760264488-00,6291754020-00,5512927515-00
vite a testa cilindrica esagono incassato parzialmente filettata acciaio zincato bianco m20x60 classe 8.8,6639135641-00,7256263291-00,6472361413-00
vite tcei parz filettata zincata bianca m20x60 8.8 testa cilindrica con chiave esagonale,6639135641-00,7256263291-00,6472361413-00
viti m20x60 acciaio zincato testa cilindrica incasso esagono parzialmente filettata 8.8,6639135641-00,7256263291-00,6472361413-00
vite testa cilindrica esagono incassato parz.filettata acciaio zincato M20x70 8.8,6719591180-00,8891875446-00,9713312546-00
vite TCEI parzialmente filettata zincata bianca M20x70 classe 8.8,6719591180-00,8891875446-00,9713312546-00
vite M20x70 8.8 testa cilindrica esagono interno acciaio zincato bianco parz filettata,6719591180-00,8891875446-00,9713312546-00
vite testa cilindrica esagono incassato acciaio zincato bianco M20x80 8.8 parzialmente filettata,2501819648-00,8443687500-00,7219825620-00
vite TCEI parz filettata M20x80 acciaio zincato bianco 8.8 esagono incassato,2501819648-00,8443687500-00,7219825620-00
vite parzialmente filettata testa cilindrica esagono incassato acciaio zincato bianco M20x80 8.8,2501819648-00,8443687500-00,7219825620-00
vite testa cilindrica esagono incassato parzialmente filettata acciaio zincato M24x50 8.8,7301625995-00,1499210270-00,7068060064-00
vite TCEI A2K M24x50 passo 8.8 parzialmente filettata acciaio zincato bianco,7301625995-00,1499210270-00,7068060064-00
viti acciaio zincato bianco testa cilindrica esagonale incassato filettatura parziale M24x50 8.8,7301625995-00,1499210270-00,7068060064-00
vite testa cilindrica esagono incassato parz filettata acciaio zincato bianco M24x80 8.8,3497121753-00,8188917277-00,1703128847-00
vite TCEI M24x80 parzialmente filettata acciaio zincato bianco 8.8 testa cilindrica esagono interno,3497121753-00,8188917277-00,1703128847-00
vite in acciaio zincato a2k 8.8 TCEI parz filettata M24x80 testa cilindrica con incasso esagonale,3497121753-00,8188917277-00,1703128847-00
vite testa cilindrica esagono incassato parz filettata inox A2K M4x10 8.8,3358964777-00,9367332368-00,6600153617-00
vite M4x10 zincata bianca TCEI 8.8 parzialmente filettata acciaio,3358964777-00,9367332368-00,6600153617-00
vite testa cilindrica esagonale incassato acciaio zincato bianco M4x10 8.8 parz filettatura,3358964777-00,9367332368-00,6600153617-00
vite testa cilindrica esagono incassato zincata bianco A2K M4x12 8.8 parz filettata,4897352893-00,5825574311-00,8380686623-00
viti acciaio zincato A2K M4x12 8.8 parzialmente filettate testa cilindrica tcei,4897352893-00,5825574311-00,8380686623-00
vite M4x12 8.8 testa cilindrica esagono incassato parz filettata acciaio zincato bianco,4897352893-00,5825574311-00,8380686623-00
vite m4x16 testa cilindrica esagono incassato parzialmente filettata acciaio zincato bianco 8.8,8796805651-00,6716692769-00,8250221914-00
viti TCEI parzialmente filettate 8.8 acciaio zincato bianco M4x16 esagono incassato,8796805651-00,6716692769-00,8250221914-00
vite testa tonda incassata m4x16 zincata bianca acciaio 8.8 parz.filettatura TCEI,8796805651-00,6716692769-00,8250221914-00
vite a testa cilindrica M4x20 parzialmente filettata zincato 8.8,5819943066-00,7946949392-00,9077176137-00
esagono incassato parz filett A2K M4x20 acciaio bianco,5819943066-00,7946949392-00,9077176137-00
vite cilindrica filettata m4x20 8.8 zincato /tcei parzialmente filettate,5819943066-00,7946949392-00,9077176137-00
vite testa cilindrica m4x25 parzialmente filettata zincato 8.8,2031660634-00,2205046870-00,6267553235-00
tcei a2k m4x25 acciaio zincato vite parz.filett esagono incassato,2031660634-00,2205046870-00,6267553235-00
vite acciaio m4x25 8.8 parz.filettata esagono incassato zincato bianco tcei,2031660634-00,2205046870-00,6267553235-00
vite a testa cilindrica tcei m4x30 parzialmente filettata zincato 8.8,7035858829-00,6119360463-00,4974013062-00
M4x30 acciaio zincato vite esagono incassato parz.filett. 8.8 A2K,7035858829-00,6119360463-00,4974013062-00
vite parzialmente filettata cilindrica esagono incassato zincata M4x30-8.8 TCEI,7035858829-00,6119360463-00,4974013062-00
vite parzialmente filettata a2k M4x35 acciaio zincato,9344370987-00,2715100092-00,5719460806-00
esagono incassato m4x35-8.8 vite testa cilindrica parz.filett.,9344370987-00,2715100092-00,5719460806-00
acciaio zincato vite testa cilindrica m4x35 parzialmente filettata 8.8,9344370987-00,2715100092-00,5719460806-00
vite testa cilindrica esagono incassato M4x40 8.8 zincato,6777499687-00,9534081164-00,9344370987-00
parzialmente filettata a2k acciaio zincato vite m4x40 8.8,6777499687-00,9534081164-00,9344370987-00
esagono incassato vite parz filettata acciaio zincato M4x40-8.8,6777499687-00,9534081164-00,9344370987-00
vite a testa cilindrica M4x45 parzialmente filettata in acciaio zincato A2K,9055208562-00,9044786768-00,8815417597-00
esagono incassato M4x45 8.8 parz filett cilindrica zincato bianco,9055208562-00,9044786768-00,8815417597-00
acciaio zincato vite testa cilindrica esagono incassato M4x45-8.8 filettatura parziale,9055208562-00,9044786768-00,8815417597-00
vite acciaio m4x50 esagono incassato parzialmente filettata zincato,6600153617-00,8610260368-00,8760264488-00
tcei a2k parz filett M4 8.8 viti testa cilindrica bianco,6600153617-00,8610260368-00,8760264488-00
m4x50 vite parziale filettatura cilindrica esagono zincato 8.8,6600153617-00,8610260368-00,8760264488-00
vite m4x55 testa cilindrica parzialmente filettata a2k 8.8,6997603480-00,8310185265-00,1680115035-00
tcei m4 x 55 zincato bianco esagono incassato,6997603480-00,8310185265-00,1680115035-00
vite parz. filett. acciaio m4x55 8.8 tcei a2k,6997603480-00,8310185265-00,1680115035-00
vite testa cilindrica parzialmente filettata m4x6 a2k zincato,2892389414-00,3137142682-00,4595097987-00
acciaio zincato vite tcei parz. filett. M4x6 8.8 a2k,2892389414-00,3137142682-00,4595097987-00
viti m4x6 esagono incassato acciaio zincato parziale filettatura 8.8,2892389414-00,3137142682-00,4595097987-00
vite a testa cilindrica esagono incassato parz.filett M4x60 zincato bianco 8.8,3031428088-00,7839026961-00,1841898958-00
acciaio zincato vite M4x60 TCEI 8.8 parzialmente filettata,3031428088-00,7839026961-00,1841898958-00
vite esagono incassato A2K cilindrica M4x60 acciaio zincato 8.8 parz filett,3031428088-00,7839026961-00,1841898958-00
vite testa cilindrica parz filett M4x70 acciaio zincato 8.8,9127105398-00,4893561425-00,7167950273-00
tcei a2k M4x70-8.8 parzialmente filettata bianco,9127105398-00,4893561425-00,7167950273-00
vite esagono incassato M4x70 acciaio zincato parzialmente filettata 8.8,9127105398-00,4893561425-00,7167950273-00
vite a testa cilindrica parz.filett. m4x8 acciaio zincato A2K,8723283629-00,1681278189-00,5777325392-00
Vite esagono incassato filettata M4x8-8.8 zincato bianco tcei,8723283629-00,1681278189-00,5777325392-00
M4x8-8.8 Parzialmente filettata a testa cilindrica acciaio zincato A2K/TCEI,8723283629-00,1681278189-00,5777325392-00
vite a testa cilindrica zincate M5x10 Parzialmente filettate 8.8 A2K,2949807863-00,6543774793-00,8132115336-00
acciaio TCEI esagono incassato vite M5x10 8.8 filettata parziale,2949807863-00,6543774793-00,8132115336-00
vite testa cilindrica a2k parz filett m5x10 8.8 zincato bianco acciaio,2949807863-00,6543774793-00,8132115336-00
vite testa cilindrica M5x12 parzialmente filettata zincato 8.8,6083606650-00,7521870912-00,9060437798-00
TCEI M5x12 vite in acciaio zincato bianco con esagono incassato,6083606650-00,7521870912-00,9060437798-00
vite a2k M5 x 12 parz filett esagono zincato 8.8 acciaio bianco,6083606650-00,7521870912-00,9060437798-00
vite a testa cilindrica esagono incassato M5x16 acciaio zincato A2K,7510513190-00,8629637526-00,3500145278-00
viti parzialmente filettate TCEI M5X16 zincate bianco A2K,7510513190-00,8629637526-00,3500145278-00
tcei vite acciaio m5x16 esagono parz filett a2k zincatura bianca,7510513190-00,8629637526-00,3500145278-00
vite a testa cilindrica M5x16 parzialmente filettata zincato A2K,5396528414-00,5854970220-00,6651829316-00
esagono incassato parz filett 8.8 acciaio bianco M5x16,5396528414-00,5854970220-00,6651829316-00
testa cilindrica con esag incass parzial filett M5x16 zincato 8.8,5396528414-00,5854970220-00,6651829316-00
vite parzialmente filettata a2k M5x25 zincato,6878665766-00,7037704410-00,2443553697-00
esagono incassato m5x25 8.8 acciaio testa cilindrica,6878665766-00,7037704410-00,2443553697-00
parz. filett. M5x25 vite acciaio zincato bianco A2K 8.8,6878665766-00,7037704410-00,2443553697-00
vite testa cilindrica con esagono incassato M5x30 in acciaio zincato A2K 8.8,6173154583-00,8764064664-00,7818196723-00
parzialmente filettata TCEI M5x30-8.8 bianco zincato,6173154583-00,8764064664-00,7818196723-00
A2K M5x30-8.8 vite acciaio zincato parz filett cilindrica/esagono incassato,6173154583-00,8764064664-00,7818196723-00
vite a testa cilindrica esagono incassato parz filett zincato m5x35,8687110294-00,7412425536-00,5107098838-00
acciaio zincato vite parzialmente filettata a2k tcei M5 x 35 8.8,8687110294-00,7412425536-00,5107098838-00
vite testa cilindrica parz filettata esagono incassato acciaio M5x35-8.8,8687110294-00,7412425536-00,5107098838-00
vite testa cilindrica parzialmente filettata M5x40 a2k,6288436231-00,1515535636-00,8140663775-00
esagono incassato zincato bianco m5x40-8.8 a2k TCEI,6288436231-00,1515535636-00,8140663775-00
vite m5x40 8.8 acciaio zincato parz filett a testa cilindrica,6288436231-00,1515535636-00,8140663775-00
vite acciaio a2k parzialmente filettata m5x45 zincato,9346361961-00,2604472017-00,5581332631-00
M5x45 esagono incassato A2K vite parziale 8.8 zincata bianca,9346361961-00,2604472017-00,5581332631-00
Vite testa cilindrica parz filett M5x45 acciaio zincato 8.8,9346361961-00,2604472017-00,5581332631-00
vite a testa cilindrica parzialmente filettata M5x50 acciaio zincato A2K,5731319278-00,3904441491-00,2280881012-00
esagono incassato M5x50 8.8 vite tcei zincato bianco parz.filett,5731319278-00,3904441491-00,2280881012-00
testa cilindrica esagono incassato parzialmente filettata M5x50 8.8 zincato bianco,5731319278-00,3904441491-00,2280881012-00
vite acciaio zincato m5x55 con esagono parzialmente filettata,8649274296-00,7585838948-00,3018333822-00
M5x55-8.8 vite testa cilindrica parz filettata zincato bianco,8649274296-00,7585838948-00,3018333822-00
cerca vite tcei m5x55 parzialmente filettata 8.8 acciaio zincato,8649274296-00,7585838948-00,3018333822-00
vite parzialmente filett ata esagono m5x60 a2k,9452727936-00,3178453665-00,1132975697-00
tcei acciaio zincato vite cilindrica testa incassata 8.8,9452727936-00,3178453665-00,1132975697-00
vite m5x60 parz.filett a2k zincato 8.8 esagono incassato,9452727936-00,3178453665-00,1132975697-00
vite acciaio zincato M5x65 parzialmente filettata a2k,2983651819-00,5256096413-00,1398953358-00
tcei m5x65-8.8 cilindrica esagono incassato vite parz filett,2983651819-00,5256096413-00,1398953358-00
vite testa cilindrica parzialmente filettata m5x65 acciaio zincato 8.8,2983651819-00,5256096413-00,1398953358-00
vite parzialmente filettata m5x70 zincato 8.8 a2k tcei,6472361413-00,2126668815-00,3628254685-00
acciaio bianco zincato 8.8 vite testa cilindrica esagono incassato m5x70,6472361413-00,2126668815-00,3628254685-00
m5x70-8.8 vite a2k parz.filett esagono incassato in acciaio zincato,6472361413-00,2126668815-00,3628254685-00
vite a testa cilindrica M5x8 parz. filett. in acciaio zincato A2K,1800442133-00,3325422228-00,6940014199-00
tcei M5x8-8.8 acciaio bianco parzialmente filettata esagono incassato,1800442133-00,3325422228-00,6940014199-00
vite esagono incassato parz. filett. zincato M5x8 - classe 8.8 A2K,1800442133-00,3325422228-00,6940014199-00
vite a2k parzialmente filettata m5x80 acciaio zincato,4235970721-00,2167417774-00,6508425047-00
tcei m5x80 8.8 parz filett bianco esagono incassato,4235970721-00,2167417774-00,6508425047-00
testa cilindrica zincato m5x80-8.8 vite a2k/tcei parz filett,4235970721-00,2167417774-00,6508425047-00
vite a testa cilindrica parzialmente filettata m5x90 zincato,2236902687-00,6663935295-00,9423853212-00
tcei parz filett a2k acciaio zincato m5x90-8.8,2236902687-00,6663935295-00,9423853212-00
vite esagono incassato parz filettata acciaio m5x90 A2K 8.8,2236902687-00,6663935295-00,9423853212-00
vite esagono incassato parz filett M6x10 acciaio zincato A2K,4410646567-00,4481338477-00,6082143397-00
M6x10-8.8 vite a testa cilindrica parzialmente filettata acciaio zincato bianco,4410646567-00,4481338477-00,6082143397-00
vite parz filett testa cilindrica esagono incassato acciaio M6x10 8.8 A2K,4410646567-00,4481338477-00,6082143397-00
vite parz filett M6x100 zincato bianco esagono incassato A2K,2390881236-00,8690964237-00,7023956011-00
TCEI parzialmente filettata acciaio testa cilindrica M6x100-8.8,2390881236-00,8690964237-00,7023956011-00
vite a testa cilindrica parz filett esagono M6x100 zincato 8.8 A2K,2390881236-00,8690964237-00,7023956011-00
vite M6x110 iso 4762 parzialmente filettata in acciaio zincato A2K,1046650199-00,9208538142-00,2156921915-00
tcei m6x110 8.8 vite testa cilindrica con esagono incassato zincato bianco,1046650199-00,9208538142-00,2156921915-00
vite parz.filett. a2k acciaio zincato bianco M6 x 110 mm iso 4762 8.8,1046650199-00,9208538142-00,2156921915-00
vite testa cilindrica parzialmente filettata m6x12 acciaio zincato 8.8,9836819829-00,3682914116-00,6097009167-00
viti a2k parz.filett m6x12 8.8 zincato bianco esagono incassato,9836819829-00,3682914116-00,6097009167-00
vite acciaio zincato m6x12-8.8 testa cilindrica esagono incassato parzialmente filettata,9836819829-00,3682914116-00,6097009167-00
vite m6x16 a2k parzialmente filettata zincato 8.8,2745886712-00,9044786768-00,7495471828-00
acciaio zincato bianco/tcEI parz filett. M6x16 - classe 8.8,2745886712-00,9044786768-00,7495471828-00
vite cilindrica esagono incassato a2k m6x16 parz filett 8.8 zincatura bianca,2745886712-00,9044786768-00,7495471828-00
vite esagono incassato parz filett m6x20 zincato,5986859531-00,2039087397-00,1408501010-00
acciaio zincato vite a testa cilindrica m6x20 parzialmente filettata 8.8,5986859531-00,2039087397-00,1408501010-00
vite a2k tcei m6x20-8.8 parzialmente filett./cespuglio esagono inc.,5986859531-00,2039087397-00,1408501010-00
vite a testa cilindrica m6x30 parzialmente filettata zincato 8.8,2589716124-00,2370411599-00,3972732506-00
A2K vite esagono incassato parz filett M6x30 acciaio zincato,2589716124-00,2370411599-00,3972732506-00
tcei m6x30-8.8 vite parzialmente filettata testa cilindrica acciaio bianco,2589716124-00,2370411599-00,3972732506-00
vite a testa cilindrica M6x35 parzialmente filettata zincato 8.8,8323037091-00,6938115332-00,6008985204-00
acciaio zincato vite esagono incassato M6x35 A2K 8.8,8323037091-00,6938115332-00,6008985204-00
vite filettata parziale 8.8 M6x35 tcei acciaio zincato bianco,8323037091-00,6938115332-00,6008985204-00
vite parzialmente filettata m6x40 A2K zincato,6752727328-00,2469021087-00,5731319278-00
tcei(acciaio zincato) M6x40 8.8 parz filettata esagono incassato,6752727328-00,2469021087-00,5731319278-00
vite a testa cilindrica m6x40-8.8 parz filett A2K zincato bianco,6752727328-00,2469021087-00,5731319278-00
vite parzialmente filettata M6x45 8.8 tcei zincato,9086058599-00,6758530756-00,4196826985-00
acciaio zincato vite testa cilindrica esagono M6x45 A2K,9086058599-00,6758530756-00,4196826985-00
vite parz filett a2k M6x45-8.8 cilindrica esagono incassato,9086058599-00,6758530756-00,4196826985-00
vite acciaio zincato m6x50 parzialmente filettata testa cilindrica a2k,1298734605-00,9363196510-00,1766918733-00
Viti esagono incassato parz filett M6x50 8.8 Acciaio zincato bianco TCEI,1298734605-00,9363196510-00,1766918733-00
vite testa cilindrica m6x50-8.8 parzialmente filettata tcei acciaio zincato,1298734605-00,9363196510-00,1766918733-00
vite a2k parzialmente filettata esagono incassato M6x55 acciaio zincato,5116998464-00,1515535636-00,5766840546-00
ricerca vite testa cilindrica parz filett m6x55 8.8 zincato bianco,5116998464-00,1515535636-00,5766840546-00
vite tcei M6x55 8.8 filettatura parziale testa cilindrica esagono,5116998464-00,1515535636-00,5766840546-00
vite M6x60 parzialmente filettata zincato A2K,8300606513-00,8690964237-00,1881869961-00
acciaio zincato vite testa cilindrica M6x60 filettatura parziale 8.8,8300606513-00,8690964237-00,1881869961-00
esagono incassato vite a testa cilindrica M6x60-8.8/TCEI parz filett,8300606513-00,8690964237-00,1881869961-00
vite parzialmente filettate m6x65 acciaio zincato A2K,1554805926-00,1388817573-00,1153687795-00
viti testa cilindrica esagono incassato 8.8 bianco M6x65,1554805926-00,1388817573-00,1153687795-00
tcei parz filett m6x65 vite acciaio zincato 8.8/A2K,1554805926-00,1388817573-00,1153687795-00
vite tcei M6x70 parzialmente filettata zincato 8.8 A2K,3104574808-00,3806516682-00,9696569168-00
acciaio zincato vite M6x70 8.8 con testa cilindrica ed esagono incassato,3104574808-00,3806516682-00,9696569168-00
vite a testa cilindrica parz filett A2K M6x70 8.8 bianco zincato,3104574808-00,3806516682-00,9696569168-00
vite a testa cilindrica esagono incassato M6x80 parzialmente filettata acciaio zincato A2K,6164859129-00,3981189670-00,2393165131-00
ricerca vite parz filett acciaio zincato m6x80 8.8 testa cilindrica,6164859129-00,3981189670-00,2393165131-00
vite M6x80-8.8 acciaio zincato bianco testa cilindrica con esagono parzialmente filettata TCEI,6164859129-00,3981189670-00,2393165131-00
vite parz.filett. m8x10 a2k in acciaio zincato,8899320851-00,1016512264-00,9387064486-00
tcei M8x10-8.8 con esagono incassato e testa cilindrica,8899320851-00,1016512264-00,9387064486-00
ricerca vite parzialmente filettata acciaio M8x10 zincato bianco 8.8,8899320851-00,1016512264-00,9387064486-00
vite a testa cilindrica M8x100 parzialmente filettata zincato 8.8,8948830066-00,5112834724-00,4724490701-00
tcei acciaio A2K M8x100 esagono incassato vite 8.8,8948830066-00,5112834724-00,4724490701-00
vite M8x100 parz filett zincato bianco cilindrica a2k 8.8,8948830066-00,5112834724-00,4724490701-00
vite testa cilindrica M8x110 parzialmente filettata A2K 8.8,7552750844-00,3113830218-00,9241749184-00
acciaio zincato vite esagono incassato M8x110 8.8 TCEI parz.filett,7552750844-00,3113830218-00,9241749184-00
M8x110-8.8 vite a testa cilindrica con esagono incassato parzialmente filettata Acciaio zincato bianco,7552750844-00,3113830218-00,9241749184-00
vite a testa cilindrica M8x12 parzialmente filettata A2K,2028041505-00,6272289280-00,3461058488-00
esagono incassato M8x12 acciaio zincato 8.8 parz filett,2028041505-00,6272289280-00,3461058488-00
vite parz filett A2K testa cilindrica M8x12 acciaio zincato,2028041505-00,6272289280-00,3461058488-00
vite TCEI M8x120 8.8 parzialmente filettata A2K,9149032558-00,7993069863-00,8899320851-00
vite cilindrica esagono incassato M8x120-8.8 zincato bianco parz.filett.,9149032558-00,7993069863-00,8899320851-00
A2K vite M8x120 parziale filettatura testa cilindrica 8.8 zincato,9149032558-00,7993069863-00,8899320851-00
vite testa cilindrica esagono incassato filettata parz acciaio zincato M8x130-8.8,6912749729-00,3336498156-00,1409980522-00
TCEI vite M8x130 filettata parzialmente acciaio zincato bianco 8.8,6912749729-00,3336498156-00,1409980522-00
vite A2K acciaio zincato bianco M8 x130 8.8 parz filettata,6912749729-00,3336498156-00,1409980522-00
vite testa esagono incassato filettatura parziale acciaio zincato M8x140-8.8,4114984509-00,9937502513-00,1130810921-00
Vite ACCIAIO ZINCATO Testa Cilindrica Parz filett 8.8 M8x140 A2K,4114984509-00,9937502513-00,1130810921-00
Vite M8x140-8.8 TCEI acciaio zincato bianco filettatura parziale,4114984509-00,9937502513-00,1130810921-00
Vite M8x16-8.8 testa cilindrica A2K parzialmente filettata,7146771293-00,2796016373-00,9055208562-00
VITE TCEI M8x16 8.8 acciaio ZINCATO filettata,7146771293-00,2796016373-00,9055208562-00
Vite esagono incassato A2K M8x16-8.8 parz. filettata,7146771293-00,2796016373-00,9055208562-00
Vite testa cilindrica esagono incassato filettata parzialmente acciaio zincato M8x20 8.8,1300531753-00,1046311721-00,3143339606-00
TCEI vite parz. filettata acciaio bianco zincato M8x20-8.8,1300531753-00,1046311721-00,3143339606-00
Vite M8x20 8.8 testa cilindrica esagono incassato filettata parzialmente A2K,1300531753-00,1046311721-00,3143339606-00
Vite testa cilindrica esagono incassato filettata parzialmente Acciaio zincato M8x25-8.8,7390065635-00,5853983356-00,5348129455-00
VITE TCEI A2K PARZ FILETTATA M8 x 25 8.8,7390065635-00,5853983356-00,5348129455-00
Vite a testa cilindrica con esagono incassato A2K parz filettata 8.8 M8x25,7390065635-00,5853983356-00,5348129455-00
Vite M8x30-8.8 testa cilindrica esagono incassato parzialmente filettata A2K,9299975640-00,5621744151-00,6834070862-00
TCEI Vite parz. filett. Acciaio zincato bianco M8x30-8.8,9299975640-00,5621744151-00,6834070862-00
Vite a2k m8x30-8.8 tcei parzialmente filettata,9299975640-00,5621744151-00,6834070862-00
vite testa cilindrica esagono incassato filettatura parziale acciaio zincato M8x35-8.8,7821257699-00,5174805796-00,5942763771-00
tcei a2k M8x35 8.8 vite parz filettata,7821257699-00,5174805796-00,5942763771-00
Vite A2K testa cilindrica M8x35-8.8 parz filettata zincato,7821257699-00,5174805796-00,5942763771-00
Vite testa cilindrica esagono incassato filettata parzialmente acciaio zincato M8x40-8.8,1902888810-00,7981958136-00,3069487216-00
VITE PARZ FILETT A2K TCEI M8x40 8.8,1902888810-00,7981958136-00,3069487216-00
Vite M8x40-8.8 testa cilindrica esagono incassato filettata acciaio zincato,1902888810-00,7981958136-00,3069487216-00
Vite testa cilindrica esagono incassato A2K M8x45-8.8,2056020036-00,6526985464-00,5873849436-00
TCEI M8x45-8.8 vite parz filettata acciaio zincato,2056020036-00,6526985464-00,5873849436-00
VITE A2K 8.8 parzialmente filettata testa cilindrica M8x45,2056020036-00,6526985464-00,5873849436-00
vite testa cilindrica esagono incassato parz.filett. A2K M8x50 8.8,8407770695-00,4966456272-00,3028497617-00
tcei vite zincato bianco M8x50-8.8 parzialmente filettata,8407770695-00,4966456272-00,3028497617-00
VITE TCEI A2K ParzFilett M8x50 8.8 testa cilindrica,8407770695-00,4966456272-00,3028497617-00
Vite testa cilindrica esagono incassato filettata parzialmente acciaio zincato TCEI M8x55-8.8,6179478807-00,9723645203-00,6413035813-00
TCEI Vite cilindrica esagono inc. M8 x 55 8.8 filettata parz. acciaio zincato,6179478807-00,9723645203-00,6413035813-00
Vite parz. filettata TCEI M8x55 8.8 testa cilindrica esagono incassato acciaio zincato bianco,6179478807-00,9723645203-00,6413035813-00
VITE TESTA CILINDRICA ESA. INCASS. M8x60-8.8 FILETT. PARZIALE,4606671218-00,7449618970-00,6192891321-00
A2K m8x60-8.8 vite esagono incassato filettatura parziale,4606671218-00,7449618970-00,6192891321-00
PARZialmente filettata VITE TESTA CIL. acciaio zincato M8x60 8.8 esagono incass,4606671218-00,7449618970-00,6192891321-00
Vite testa cilindrica esagono incassato filettatura parziale acciaio zincato M8x65 8.8,1747945048-00,1096993174-00,9241727014-00
TCEI Vite a testa cilindrica parz. filett. acciaio zincato bianco M8x65-8.8,1747945048-00,1096993174-00,9241727014-00
VITE acciaio zincato bianco testa cil. esag. incassato filettatura parz M8 x 65 / 8.8,1747945048-00,1096993174-00,9241727014-00
Vite testa cilindrica esagono incassato filettata parziale acciaio zincato M8x70 8.8,4869901228-00,5429558500-00,6719591180-00
TCEI vite M8x70-8.8 parz filettata acciaio zincato bianco,4869901228-00,5429558500-00,6719591180-00
Vite A2K M8x70-8.8 testa cilindrica parzialmente filettata zincato,4869901228-00,5429558500-00,6719591180-00
VITE TESTA CILINDRICA ESAGONO INCASSATO PARZ.FILETT. ACCIAIO ZINCATO M8X75-8.8,6413035813-00,4982032276-00,8687110294-00
tcei parz filettata a2k m8x75 8.8,6413035813-00,4982032276-00,8687110294-00
VITE A2K PARZIALMENTE FILETTATA M8X75-8.8 TESTA CILINDRICA,6413035813-00,4982032276-00,8687110294-00
Vite testa cilindrica esagono incassato filettatura parziale acciaio zincato M8x80 8.8,7836777852-00,5666169376-00,2700123943-00
TCEI VITE PARZ FILETT A2K M8 X 80 - 8.8,7836777852-00,5666169376-00,2700123943-00
VITE ACCIAIO ZINCATO testa cilindrica PARZIALMENTE FILETTATA M8x80-8.8 TCEI,7836777852-00,5666169376-00,2700123943-00
Vite testa cilindrica esagono incassato filettatura parziale M8x85-8.8 zincato bianco,7807065847-00,9775450433-00,5256951442-00
M8x85-8.8 A2K Vite testa cil. parz. filettata,7807065847-00,9775450433-00,5256951442-00
Vite TCEI parzialmente filettata acciaio zincato M8x85 8.8,7807065847-00,9775450433-00,5256951442-00
vite tcei m8x90 8.8 parzialmente filettata a2k,9440845021-00,7217776785-00,7354403074-00
vite cilindrica esagono incassato M8x90-8.8 zincato bianco,9440845021-00,7217776785-00,7354403074-00
vite a2k parz.filett. M8x90 8.8 testa cilindrica,9440845021-00,7217776785-00,7354403074-00
Vite testa cilindrica esagono incassato filettatura parziale M10x110-12.9 nera,3315991152-00,8943879072-00,8919094757-00
TCEI vite parz. filett. acciaio M10x110 12.9,3315991152-00,8943879072-00,8919094757-00
Vite M10x110-12.9 testa cilindrica esagono incassato filettatura parziale nera TCEI,3315991152-00,8943879072-00,8919094757-00
vite testa cilindrica esagono incassato M10x20-12.9 TCEI,1409980522-00,2631728731-00,1511681744-00
M10x20-12.9 parzialmente filettata NERA tcei,1409980522-00,2631728731-00,1511681744-00
Vite tcei parz filett M10x20 12.9 acciaio,1409980522-00,2631728731-00,1511681744-00
TCEI M10x25 12.9 vite parz filettata acciaio,5106055601-00,5479560822-00,5357013118-00
Vite testa cilindrica M10x25-12.9 TCEI parz filettata,5106055601-00,5479560822-00,5357013118-00
M10x25 12.9 Vite TCEI nera parzialmente filettata,5106055601-00,5479560822-00,5357013118-00
Vite testa cilindrica esagono incassato filettata parz. acciaio M10x30-12.9,5191985271-00,7608996579-00,8277383510-00
TCEI vite parzialmente filettata nerA 10x30 12.9,5191985271-00,7608996579-00,8277383510-00
Vite testa cilindrica filettata parz. acciaio M10 x 30 / esagono incassato 12.9,5191985271-00,7608996579-00,8277383510-00
Vite testa cilindrica esagono incassato filettata parzialmente M10x35-12.9 TCEI,2857731037-00,9572791500-00,9801266729-00
Vite parzialmente filettata acciaio 10x35 TCEI esagono,2857731037-00,9572791500-00,9801266729-00
TCEI M10x35-12.9 vite testa cilind. filettata parzial. acciaio,2857731037-00,9572791500-00,9801266729-00
Testa cilindrica TCEI vite filettata parz. NERA M10x40-12.9,5590080186-00,1968600748-00,5525935480-00
vite M10x40 12.9 parzialmente filettata TCEI acciaio,5590080186-00,1968600748-00,5525935480-00
TCEI Vite testa cilindrica nera filettata parz M10x40 / 12.9,5590080186-00,1968600748-00,5525935480-00
vite testa cilindrica esagono incassato filettatura parziale acciaio M10x45 12.9,5098478150-00,7988037521-00,6367957917-00
"vite TCEI nera parzialmente filettata M10 x 45 / 12,9",5098478150-00,7988037521-00,6367957917-00
Vite cilindrica esagono incassato filettatura parz. acciaio M10x45-12.9,5098478150-00,7988037521-00,6367957917-00
M10x70-12.9 Vite tcei acciaio parz filettata,3245824682-00,2167417774-00,4559775853-00
VITE ACCIAIO M10x70 testa cilindrica PARZ.FILETT.,3245824682-00,2167417774-00,4559775853-00
Vite parz filettata M10x70 12.9 Tcei NERA,3245824682-00,2167417774-00,4559775853-00
Vite testa cilindrica esagono incassato filettatura parziale M12x25-12.9 nera,6382490436-00,5345176211-00,7419951092-00
Vite M12x25 12.9 parzialmente filettata acciaio TCEI,6382490436-00,5345176211-00,7419951092-00
TCEI vite parz filett M12x25-12.9 testa cilindrica nera,6382490436-00,5345176211-00,7419951092-00
Vite testa cilindrica esagono incassato filettata parzialmente acciaio M12x30-12.9,1931768917-00,2359786082-00,6518638498-00
TCEI vite parz filettata acciaio nera 12x30 12.9,1931768917-00,2359786082-00,6518638498-00
Vite parzialmente filettata M12x30-12.9 testa cil/esagono incassato acciaio,1931768917-00,2359786082-00,6518638498-00
vite tcei m12x35 12.9 parzialmente filettata nera,1881869961-00,6009304401-00,3691912117-00
vite testa cilindrica esagono incassato M12x35 acciaio 12.9,1881869961-00,6009304401-00,3691912117-00
M12x35 vite parz.filett. TCEI 12.9 nera,1881869961-00,6009304401-00,3691912117-00
Vite testa cilindrica M12x40-12.9 esagono incassato filettata parzialmente acciaio,9077176137-00,4465044592-00,6571703109-00
TCEI Vite parzialmente filettata M12x40-12.9 acciaio nera,9077176137-00,4465044592-00,6571703109-00
Vite M12x40 12.9 testa cilindrica esagono incassato filettata parz. acciaio,9077176137-00,4465044592-00,6571703109-00
Vite nera testa cilindrica esagono incassato M12x50 12.9 filettatura parziale,2320198646-00,5218547457-00,4828582854-00
TCEI M12x50-12.9 Vite parz filettata acciaio testa cilindrica,2320198646-00,5218547457-00,4828582854-00
Vite M12x50 12.9 acciaio parzialmente filettata testa cilindrica esagono incassato TCEI,2320198646-00,5218547457-00,4828582854-00
Vite testa cilindrica esagono incassato filettata parzialmente acciaio M12x55 12.9,1153687795-00,9723645203-00,6120344016-00
tcei parzialmente filettata acciaio 12.9 M12x55,1153687795-00,9723645203-00,6120344016-00
Vite M12x55-12.9 testa cilindrica esagono incassato filettatura parziale nera,1153687795-00,9723645203-00,6120344016-00
Vite testa cilindrica esagono incassato filettata parzialmente acciaio M12x80 12.9,6460736646-00,1570116266-00,3910293894-00
TCEI vite parz filettata nera acciaio M12 x 80 - 12.9,6460736646-00,1570116266-00,3910293894-00
Vite M12x80-12.9 testa cilindrica esagono incassato parz filettata nera,6460736646-00,1570116266-00,3910293894-00
Vite testa cilindrica esagono incassato parz filettata M14x180-12.9,2261079652-00,5211292766-00,8913245598-00
TCEI M14 x 180-12.9 vite parzialmente filettata acciaio nera,2261079652-00,5211292766-00,8913245598-00
Vite M14x180 12.9 parz filettata nera tcei acciaio,2261079652-00,5211292766-00,8913245598-00
Vite testa cilindrica M16x100-12.9 nera TCEI parzialmente filettata,8132115336-00,7420544092-00,3135963696-00
M16x100-12.9 Vite Cilindrica Nera TCEI Filettatura Parziale,8132115336-00,7420544092-00,3135963696-00
Vite M16x100 12.9 TCEI testa cilindrica acciaio parz filettata,8132115336-00,7420544092-00,3135963696-00
Vite testa cilindrica esagono incassato parzialmente filettata acciaio neratcei M16x110 12.9,1442567475-00,9036324333-00,8983831494-00
TCEI M16x110-12.9 vite parz filettata nera acciaio testa cilindrica,1442567475-00,9036324333-00,8983831494-00
Vite nera M16x110 12.9 parzialmente filettata TCEI testa cilindrica esagono incassato acciaio,1442567475-00,9036324333-00,8983831494-00
vite testa cilindrica esagono incassato parzialmente filettata acciaio nera M16x160-12.9,2676694235-00,7391952106-00,3773597417-00
VITE M16x160-12.9 NERA acciaio PARZ.FILETT. tcei,2676694235-00,7391952106-00,3773597417-00
parzialmente filettata M16x160-12.9 vite nera tcei acciaio,2676694235-00,7391952106-00,3773597417-00
Vite TCEI M16x30-12.9 acciaio parz filettata,1006926039-00,7212218295-00,9035646162-00
TCEI M16x30 12.9 vite testa cilindrica parzialmente filettata nero,1006926039-00,7212218295-00,9035646162-00
Vite acciaio esagono incassato M16x30-12.9 parz filettata TCEI,1006926039-00,7212218295-00,9035646162-00
Vite TCEI M16x50-12.9 parzialmente filettata nera,9457329856-00,3346184161-00,6708180027-00
Vite testa cilindrica esagono incassato M16x50 12.9 Acciaio,9457329856-00,3346184161-00,6708180027-00
TCEI M16x50-12.9 vite parz. filettata acciaio nera,9457329856-00,3346184161-00,6708180027-00
vite tcei m16x55 12.9 parzialmente filettata nera,4497296716-00,6577415164-00,9537250553-00
vite testa cilindrica esagono incassato M16x55 acciaio 12.9,4497296716-00,6577415164-00,9537250553-00
M16x55 vite parz.filett. tcei nera 12.9,4497296716-00,6577415164-00,9537250553-00
Vite testa cilindrica esagono incassato parz filettata nera M16x70 12.9,3921443853-00,8700805601-00,2808138723-00
TCEI M16x70-12.9 vite acciaio parzialmente filettata,3921443853-00,8700805601-00,2808138723-00
Vite parz filettata TCEI acciaio M16x70 / 12.9,3921443853-00,8700805601-00,2808138723-00
Vite testa cilindrica esagono incassato filettata parzialmente M16x80-12.9 TCEI,7525291539-00,5666169376-00,2843799327-00
TCEI parz filettata nera M16x80 12.9 vite testa cilindrica,7525291539-00,5666169376-00,2843799327-00
Vite parzialmente filettata M16x80-12.9 TCEI testa cilindrica esagono incassato,7525291539-00,5666169376-00,2843799327-00
vite TCEI parz filettata nera Acciaio M16x90-12.9,2293806356-00,5196167183-00,6129590427-00
Testa cilindrica esagono incassato M16x90 12.9 parzialmente filettata,2293806356-00,5196167183-00,6129590427-00
Vite cilindrica TCEI Acciaio Nera parz. filettata M16x90-12.9,2293806356-00,5196167183-00,6129590427-00
Vite testa cilindrica esagono incassato filettata parzialmente acciaio M20x80-12.9,6062338830-00,2010206071-00,5534285274-00
M20x80-12.9 VITE CILINDRICA ESAGONO INCASSATO Filettatura parziale Nero,6062338830-00,2010206071-00,5534285274-00
tcei parz filettata nera M20x80 12.9 vite cilindrica esagono,6062338830-00,2010206071-00,5534285274-00
Vite parz filettata acciaio testa cilindrica esagono incassato M3 x10 class 12.9,5768980724-00,5440054076-00,9093412678-00
TCEI M3x10-12.9 vite nera parzialmente filettata,5768980724-00,5440054076-00,9093412678-00
Vite M3 x10 Nera Filettata Parzialmente 12.9 TCEI,5768980724-00,5440054076-00,9093412678-00
vite testa cilindrica esagono incassato filettatura parziale acciaio M3x12-12.9,6575833974-00,2252168350-00,3774397299-00
TCEI vite parz filettata M3x12 12.9 nera,6575833974-00,2252168350-00,3774397299-00
Vite a testa cilindrica M3x12-12.9 parz filettata acciaio,6575833974-00,2252168350-00,3774397299-00
Vite M3x16 12.9 testa cilindrica esagono incassato filettata parzialmente,8286072537-00,3636027469-00,1408501010-00
Vite parz. filettata M3x16-12.9 acciaio esagono nera,8286072537-00,3636027469-00,1408501010-00
TCEI vite M3x16 parz filettata acciaio 12.9,8286072537-00,3636027469-00,1408501010-00
vite testa cilindrica esagono incassato filettatura parziale acciaio M3x25-12.9,2312811465-00,5054442680-00,1447866253-00
Vite TCEI nera M3 x 25-12.9 parz filettata,2312811465-00,5054442680-00,1447866253-00
VITE A TESTA CILINDRICA NERA PARZ. FILETTATA M3 x 25 - 12.9 ESAGONO INCASSATO ACCIAIO,2312811465-00,5054442680-00,1447866253-00
Vite TCEI parzialmente filettata acciaio M3x25 12.9,2312811465-00,7731941463-00,5074445582-00
Vite testa cilindrica con esagono incassato M3x25-12.9 nera,2312811465-00,7731941463-00,5074445582-00
Vite parz. filettata TCEI acciaio M3 x 25 / 12.9,2312811465-00,7731941463-00,5074445582-00
vite testa cilindrica esagono incassato filettata parzialmente acciaio M3x30-12.9,8847665360-00,7367405253-00,3625233948-00
TCEI vite parz filettata nera M3x30 12.9,8847665360-00,7367405253-00,3625233948-00
vite cilindrica esagono incassato acciaio filettata parzialmente M3x30-12.9,8847665360-00,7367405253-00,3625233948-00
vite tcei m3x35 12.9 parzialmente filettata nera,3774397299-00,1376946622-00,5102587125-00
vite testa cilindrica esagono incassato M3x35 acciaio 12.9,3774397299-00,1376946622-00,5102587125-00
M3x35 vite parz.filett. nera TCEI 12.9,3774397299-00,1376946622-00,5102587125-00
Vite testa cilindrica esagono incassato M3x40-12.9 parz. filettata nera,4632171824-00,3438146950-00,4554747324-00
TCEI M3x40-12.9 vite acciaio testa cilindrica parz filettata,4632171824-00,3438146950-00,4554747324-00
vite parzialmente filettata M3x40 12.9 TCEI nera,4632171824-00,3438146950-00,4554747324-00
vite testa cilindrica esagono incassato M3x40 12.9 filettatura parziale,4632171824-00,2755374713-00,3773597417-00
vite M3x40-12.9 nera parzialmente filettata testa cilindrica esagono incassato,4632171824-00,2755374713-00,3773597417-00
M3x40 12.9 vite parz.filett nera testa cilindrica/esagono incassato acciaio,4632171824-00,2755374713-00,3773597417-00
vite tcei m3x55 12.9 parzialmente filettata nera,6916390553-00,3083433426-00,3955556714-00
vite testa cilindrica esagono incassato M3x55 acciaio 12.9,6916390553-00,3083433426-00,3955556714-00
M3x55 vite parz.filett. TCEI nera 12.9,6916390553-00,3083433426-00,3955556714-00
vite tcei m5x10 12.9 acciaio parz filettata nera,9593556803-00,6711268221-00,5358287054-00
m5x10 vite testa cilindrica esagono incassato 12.9 parzialmente filettata,9593556803-00,6711268221-00,5358287054-00
vite nera acciaio M5 x 10 12.9 tcei parz. filett.,9593556803-00,6711268221-00,5358287054-00
vite m5x100 12.9 testa cilindrica esagono incassato parzialmente filettata,3074182346-00,6921602240-00,8685260185-00
tcei m5x100 acciaio 12.9 filettatura parziale,3074182346-00,6921602240-00,8685260185-00
vite nera m5 x 100 12.9 parz filett esagono incassato,3074182346-00,6921602240-00,8685260185-00
vite tcei m5x110 12.9 nera parzialmente filettata acciaio,9688170406-00,1736673130-00,6571283283-00
m5x110 vite cilindrica esagono incassato parz. filettata 12.9,9688170406-00,1736673130-00,6571283283-00
acciaio vite tcei M5x110-12.9 nera con filettatura parziale,9688170406-00,1736673130-00,6571283283-00
vite tcei m5x12 12.9 parzialmente filettata nera,4444787150-00,7256209367-00,9734057020-00
vite testa cilindrica esagono incassato M5x12 acciaio 12.9,4444787150-00,7256209367-00,9734057020-00
M5x12 vite parz.filett. nera TCEI 12.9,4444787150-00,7256209367-00,9734057020-00
vite tcei m5x120 12.9 nera parzialmente filettata acciaio,6171464147-00,4937698724-00,7687191436-00
m5x120 vite cilindrica esagono incassato parz filettata 12.9 black,6171464147-00,4937698724-00,7687191436-00
acciaio vite tcei m5 x 120 12.9 parzialmente filettata testa cilindrica,6171464147-00,4937698724-00,7687191436-00
vite tcei m5x130 12.9 parzialmente filettata acciaio nera,1341156832-00,6341704425-00,8848643796-00
m5x130 vite cilindrica esagono incassato 12.9 nera parz filett,1341156832-00,6341704425-00,8848643796-00
acciaio vite tcei nera m5 x 130 12.9 filettatura parziale,1341156832-00,6341704425-00,8848643796-00
vite tcei m5x140 12.9 nera parzialmente filettata,5512927515-00,4513423567-00,2982570583-00
m5x140 vite cilindrica esagono incassato acciaio 12.9,5512927515-00,4513423567-00,2982570583-00
vite parz filettata m5 x 140 nera tcei 12.9 acciaio,5512927515-00,4513423567-00,2982570583-00
vite TCEI acciaio M5x150 classe 12.9 parz. filettata nera,4974013062-00,5419770835-00,8380686623-00
vite testa cilindrica esagono incassato M5 150mm acciaio 12.9 parzialmente filettata,4974013062-00,5419770835-00,8380686623-00
TCEI M5x150 parzialmente filettata acciaio nero 12.9,4974013062-00,5419770835-00,8380686623-00
vite tcei m5x16 acciaio 12.9 nera parzialmente filettata,2297518908-00,5674192739-00,1547798321-00
vite testa cilindrica esagonale incassata m5x16 classe 12.9 acciaio nero,2297518908-00,5674192739-00,1547798321-00
tcei m5x16-12.9 acciaio parz. filettatura nera,2297518908-00,5674192739-00,1547798321-00
vite tcei m5x20 acciaio 12.9 nera parzialmente filettata,2914934155-00,9358540356-00,6957993039-00
vite esagono incassato tcei m5 20 mm parz. filettatura classe 12.9,2914934155-00,9358540356-00,6957993039-00
vite testa cilindrica nera parziale filetto m5x20 acciaio 12.9,2914934155-00,9358540356-00,6957993039-00
vite tcei m5x30 acciaio 12.9 parzialmente filettata nera,7496615874-00,6919265037-00,7653911057-00
vite cilindrica esagono incassato m5 30mm 12.9 filettatura parziale,7496615874-00,6919265037-00,7653911057-00
vite testa cilindrica acciaio 12.9 m5x30 parz.filett.,7496615874-00,6919265037-00,7653911057-00
vite tcei m5x40 classe 12.9 parz.filettata acciaio nero,9764565846-00,9325677048-00,5348129455-00
vite testa cilindrica esagono incassato m5 40 mm acciaio 12.9 parziale filettatura,9764565846-00,9325677048-00,5348129455-00
vite nera tcei m5x40 acciaio 12.9 parzialmente filettata,9764565846-00,9325677048-00,5348129455-00
vite testa cilindrica esagono incassato m5x50 12.9 acciaio parzialmente filettata,1796069938-00,9363196510-00,3797912024-00
vite tcei acciaio m5x50 classe 12.9 nera parz.filettata,1796069938-00,9363196510-00,3797912024-00
m5 x 50 vite esagonale cilindrica acciaio 12.9 parziale filettatura,1796069938-00,9363196510-00,3797912024-00
vite testa cilindrica esagono incassato m5x70 acciaio 12.9 nera,7347520742-00,2233951822-00,3055785881-00
tcei parzialmente filettata m5x70 classe 12.9 nera,7347520742-00,2233951822-00,3055785881-00
vite acciaio M5 70mm testa cilindrica esagono interno 12.9,7347520742-00,2233951822-00,3055785881-00
vite tcei m5x80 parziale filetto 12.9 acciaio nero,1557781426-00,3584946221-00,8558678354-00
m5 80 vite cilindrica testa esagono incassato 12.9 parz.filettata,1557781426-00,3584946221-00,8558678354-00
vite testa cilindrica nera acciaio parzialmente filettata m5x80 12.9,1557781426-00,3584946221-00,8558678354-00
vite tcei m5x90 parzialmente filettata acciaio 12.9,1079293252-00,8570551709-00,8185323043-00
vite testa cilindrica esagono interno nera m5 90mm 12.9,1079293252-00,8570551709-00,8185323043-00
tcei m5x90 vite parz.filet acciaio classe 12.9,1079293252-00,8570551709-00,8185323043-00
vite tcei acciaio m6x100 12.9 nera parzialmente filettata,3628254685-00,1834212913-00,2203707952-00
vite cilindrica testa esagonale incassata m6x100/12.9 nera,3628254685-00,1834212913-00,2203707952-00
m6 100 vite esagono incassato acciaio parziale filettatura 12.9,3628254685-00,1834212913-00,2203707952-00
vite TCEI M6x110 acciaio 12.9 parzialmente filettata nera,1517496950-00,3413264052-00,5396528414-00
vite testa cilindrica esagono incassato M6 x 110 12.9 acciaio parz. filett.,1517496950-00,3413264052-00,5396528414-00
TCEI M6x110-12.9 vite acciaio nero parz filettatura,1517496950-00,3413264052-00,5396528414-00
vite M6x12 esagono incassato 12.9 parzialmente filettata nera,7089590364-00,6009433368-00,8134591754-00
TCEI acciaio M6x12 classe 12.9 nero testa cilindrica,7089590364-00,6009433368-00,8134591754-00
vite testa cilindrica M6x12 acciaio 12.9 parz.filett.,7089590364-00,6009433368-00,8134591754-00
vite TCEI M6x130 acciaio 12.9 parzialmente filettata nera,1426989314-00,8349694726-00,2056020036-00
testa cilindrica esagonale incassata M6 130mm classe 12.9 acciaio nero,1426989314-00,8349694726-00,2056020036-00
vite parz.filettata M6x130-12.9 TCEI acciaio,1426989314-00,8349694726-00,2056020036-00
vite tcei m6x16 acciaio 12.9 nera parzialmente filettata,6259431200-00,8262572173-00,8013105397-00
vite testa cilindrica esagono incassato m6x16 12.9 parz filett. acciaio nero,6259431200-00,8262572173-00,8013105397-00
tcei nero m6x16-12.9 vite parz filettatura,6259431200-00,8262572173-00,8013105397-00
vite TCEI m6x20 12.9 parzialmente filettata nera,3773597417-00,1016512264-00,8088004904-00
vite testa cilindrica esagono incassato acciaio M6 20mm classe 12.9,3773597417-00,1016512264-00,8088004904-00
M6x20 vite nera TCEI 12.9 parz filettatura,3773597417-00,1016512264-00,8088004904-00
vite TCEI M6x25 12.9 parzialmente filettata nera,5428394963-00,6788242064-00,9055208562-00
vite testa cilindrica esagono incassato acciaio M6 25mm classe 12.9,5428394963-00,6788242064-00,9055208562-00
vite TCEI acciaio nero M6x25 parz. filett.,5428394963-00,6788242064-00,9055208562-00
vite tcei m6x30 12.9 nera parzialmente filettata,1424906352-00,8107621338-00,9489754341-00
vite testa cilindrica esagono incassato acciaio m6x30 classe 12.9,1424906352-00,8107621338-00,9489754341-00
m6x30 vite nera tcei parz filettata acciaio,1424906352-00,8107621338-00,9489754341-00
vite tcei m6x40 acciaio 12.9 parzialmente filettata,8713716659-00,8498516301-00,3793164435-00
vite testa cilindrica nera m6 40 mm esagono incassato,8713716659-00,8498516301-00,3793164435-00
tcei acciaio m6x40 parz filettatura gradazione 12.9,8713716659-00,8498516301-00,3793164435-00
vite tcei m6x55 12.9 acciaio nero parz filettata,5348129455-00,1332912348-00,6632657918-00
vite testa cilindrica esagono incassato m6x55 12.9 parzialmente filettata,5348129455-00,1332912348-00,6632657918-00
vite cilindrica parz. filett. nera m6 55 mm classe 12.9,5348129455-00,1332912348-00,6632657918-00
vite testa cilindrica esagono incassato m6x60 12.9 acciaio nero parzialmente filettata,6843773357-00,1920622049-00,7877351864-00
tcei m6x60-12.9 vite parziale filetto esagonale acciaio nero,6843773357-00,1920622049-00,7877351864-00
vite nera parz filettata m6 60mm 12.9 testa cilindrica con foro esagonale,6843773357-00,1920622049-00,7877351864-00
vite tcei m6x65 12.9 parzialmente filettata nera,9974201484-00,3066371197-00,9729631604-00
vite testa cilindrica esagono incassato acciaio m6 65mm classe 12.9,9974201484-00,3066371197-00,9729631604-00
tcei m6x65 vite nera parz filettatura acciaio 12.9,9974201484-00,3066371197-00,9729631604-00
vite tcei parzialmente filettata m6x80 acciaio 12.9,6115832919-00,8106800184-00,5980354908-00
vite testa cilindrica esagono incassato nera m6 x 80 classe 12.9,6115832919-00,8106800184-00,5980354908-00
vite m6x80 tcei acciaio parz.filettatura 12.9,6115832919-00,8106800184-00,5980354908-00
tcei acciaio M6x90 12.9 parzialmente filettata nera,8321833690-00,2088268475-00,7643815862-00
vite testa cilindrica esagono incassato M6x90 classe 12.9,8321833690-00,2088268475-00,7643815862-00
vite nera M6 90 mm tcei parz.filett. acciaio,8321833690-00,2088268475-00,7643815862-00
vite TCEI M8x140 12.9 acciaio parz. filettata,2963834971-00,1919151413-00,5986859531-00
vite testa cilindrica esagono incassato M8x140-12.9 nera,2963834971-00,1919151413-00,5986859531-00
M8x140 vite parzialmente filettata TCEI classe 12.9 acciaio,2963834971-00,1919151413-00,5986859531-00
vite TCEI M8x20 acciaio 12.9 parzialmente filettata,8815417597-00,3292671355-00,3500639514-00
vite testa cilindrica nera M8x20 esagono incassato 12.9,8815417597-00,3292671355-00,3500639514-00
TCEI M8x20-12.9 acciaio parz. filett.,8815417597-00,3292671355-00,3500639514-00
vite tcei M8x30 acciaio 12.9 nera parzialmente filettata,6896891954-00,7269638704-00,4758662814-00
M8x30 vite testa cilindrica esagono interno filettatura parziale 12.9,6896891954-00,7269638704-00,4758662814-00
vite acciaio nero parz filetto TCEI 12.9 M8x30,6896891954-00,7269638704-00,4758662814-00
vite tcei m8x35 12.9 acciaio parzialmente filettata nera,4894468146-00,8358189939-00,9786004707-00
vite a testa cilindrica esagono interno m8 35mm acciaio 12.9,4894468146-00,8358189939-00,9786004707-00
tcei m8x35 vite parz.filettata testa cilindrica nera acciaio 12.9,4894468146-00,8358189939-00,9786004707-00
vite tcei m8x40 acciaio 12.9 nera parzialmente filettata,5368655997-00,7911100976-00,1153687795-00
vite testa cilindrica esagono incassato m8 x 40 classe 12.9 parz filettatura,5368655997-00,7911100976-00,1153687795-00
vite m8 40mm acciaio testa esagonale incassata parzial filettata nera,5368655997-00,7911100976-00,1153687795-00
vite tcei acciaio m8x60 12.9 parzialmente filettata,9589635876-00,2360514074-00,5358287054-00
vite parz.filett. testa cilindrica esagono incassato nera m8x60 12.9,9589635876-00,2360514074-00,5358287054-00
m8x60-12.9 vite a testa cilindrica esagono interno acciaio,9589635876-00,2360514074-00,5358287054-00
vite tcei m10x1x45 parzialmente filettata acciaio classe 12.9 nera,9545805367-00,6529064708-00,6822152452-00
vite testa cilindrica esagono incassato m10 x 1 x 45 acciaio 12.9,9545805367-00,6529064708-00,6822152452-00
vite m10 1mm passo 45mm parz. filett. tcei acciaio nero 12.9,9545805367-00,6529064708-00,6822152452-00
vite tcei hex incassato 729372303-00,1316045560-00,2088268475-00,6575833974-00
vite testa cilindrica esagono sostituzione codice 729372303-00,1316045560-00,2088268475-00,6575833974-00
729372303-00 vite tcei testa esagono incassata,1316045560-00,2088268475-00,6575833974-00
vite TCEI sostituita 9895453927-00,2173703042-00,8740694432-00,9489754341-00
vite testa cilindrica esagono incassato 9895453927-00,2173703042-00,8740694432-00,9489754341-00
TCEI 9895453927-00 vite sostituito,2173703042-00,8740694432-00,9489754341-00
vite testa cilindrica esagono incassato m10x16 8.8 acciaio a2k parzialmente filettata,9132261912-00,6010330454-00,5581332631-00
tcei m10x16 zincato bianco tb parz.filett. classe 8.8,9132261912-00,6010330454-00,5581332631-00
vite tb esagono incassato acciaio a2k parz.filett m10 16,9132261912-00,6010330454-00,5581332631-00
vite TCEI M10x20 acciaio bianco 8.8 parz filettata,5396269374-00,8760874283-00,1525514682-00
vite cilindrica esagono incassato zincata bianca TB M10x20 8.8,5396269374-00,8760874283-00,1525514682-00
TCEI acciaio zincato parzialmente filettata M10x20-8.8,5396269374-00,8760874283-00,1525514682-00
vite tcei parziale filettatura a2k m10x25 classe 8.8,8981508854-00,1818734295-00,6839459558-00
vite cilindrica esagono interno acciaio bianco zincato m10 25mm 8.8,8981508854-00,1818734295-00,6839459558-00
tcei m10x25 acciaio zincato tb filettatura parziale 8.8,8981508854-00,1818734295-00,6839459558-00
vite tcei m10x30 8.8 tb acciaio bianco zincato parziale,2351386675-00,4956672336-00,5102587125-00
vite esagono incassato tb m10 30mm acciaio a2k parzialmente filettata,2351386675-00,4956672336-00,5102587125-00
tcei parz filettata m10x30 zincato acciaio 8.8,2351386675-00,4956672336-00,5102587125-00
vite testa cilindrica esagono incassato M10x35 acciaio bianco zincato 8.8 parz filettata,1373505184-00,9358750566-00,8913245598-00
TCEI parziale filettatura M10x35-8.8 vite acciaio zincatura bianca,1373505184-00,9358750566-00,8913245598-00
vite TB acciaio A2K M10x35 filetto parziale classe 8.8,1373505184-00,9358750566-00,8913245598-00
vite tcei m10x40 acciaio 8.8 zincata bianca parz filettata,8206709094-00,1451158850-00,8413622314-00
vite testa cilindrica esagono incassato acciaio a2k m10 40 8.8 parziale,8206709094-00,1451158850-00,8413622314-00
m10x40 vite tcei acciaio bianco parzialmente filettata,8206709094-00,1451158850-00,8413622314-00
vite tcei M10x55 acciaio bianco parz.filettata 8.8,8185323043-00,8501258214-00,9055208562-00
vite testa cilindrica esagono incassato TB acciaio zincato bianco M10x55 classe 8.8,8185323043-00,8501258214-00,9055208562-00
M10x55 vite cilindrica parzialmente filettata acciaio A2K 8.8,8185323043-00,8501258214-00,9055208562-00
vite tcei m10x60 8.8 acciaio a2k parziale filettatura,9537630327-00,5915353532-00,1525514682-00
tcei testa cilindrica esagono interno acciaio zincato m10x60-8.8,9537630327-00,5915353532-00,1525514682-00
vite parzialmente filettata acciaio bianco m10 60 8.8,9537630327-00,5915353532-00,1525514682-00
vite testa cilindrica esagono incassato acciaio zincato bianco M12x20 8.8,2777129183-00,9844671434-00,2857731037-00
TCEI M12x20-8.8 parzialmente filettata TB acciaio A2K,2777129183-00,9844671434-00,2857731037-00
vite cilindrica TB filettatura parziale M12x20 zincata bianca 8.8,2777129183-00,9844671434-00,2857731037-00
vite tcei m12x25 acciaio bianco parz filettata 8.8,6518638498-00,3359898107-00,3654387069-00
vite testa cilindrica esagono incassato tb m12x25 zinco bianco 8.8,6518638498-00,3359898107-00,3654387069-00
m12x25 vite tcei acciaio zincato parziale filettatura,6518638498-00,3359898107-00,3654387069-00
vite TCEI M12x35 8.8 zincato bianco parziale filettatura,1850869928-00,2474448039-00,5512927515-00
vite testa cilindrica esagono incassato A2K M12x35 classe 8.8,1850869928-00,2474448039-00,5512927515-00
vite M12 35 mm TB acciaio bianco parz filettata,1850869928-00,2474448039-00,5512927515-00
vite tcei 8.8 m12x60 parzialmente filettata acciaio bianco,5333106852-00,6291754020-00,2892389414-00
vite cilindrica esagono incassato zincata bianca m12 60mm 8.8,5333106852-00,6291754020-00,2892389414-00
m12x60 vite testa cilindrica parz.filettata acciaio zincato,5333106852-00,6291754020-00,2892389414-00
vite TCEI esagono incassato M4x10 8.8 acciaio A2K parzialmente filettata,4568432133-00,7839026961-00,2869859722-00
TCEI M4x10-8.8 zincata bianca testa cilindrica parz.filettata,4568432133-00,7839026961-00,2869859722-00
vite acciaio A2K testa cilindrica esagono interno M4x10 8.8 parziale,4568432133-00,7839026961-00,2869859722-00
vite TCEI m5x10 10.9 TB parzialmente filettata acciaio A2K,1644223822-00,7970501472-00,5074445582-00
vite a testa cilindrica esagono incassato acciaio zincato bianco m5x10 classe 10.9,1644223822-00,7970501472-00,5074445582-00
vite TB A2K M5 10mm 10.9 parz filettata TCEI,1644223822-00,7970501472-00,5074445582-00
vite TCEI esagono incassato M5x10 8.8 acciaio A2K parz.filett.,6982573376-00,4168905563-00,8848643796-00
vite cilindrica TB zincata bianco M5 10mm classe 8.8 filettatura parziale,6982573376-00,4168905563-00,8848643796-00
vite testa esagonale incassata acciaio A2K M5x10 8.8,6982573376-00,4168905563-00,8848643796-00
vite tcei esagono incassato acciaio bianco zincato m5x12 10.9 tb,2179250203-00,4402549594-00,3562703168-00
vite parzialmente filettata tcei m5x12 acciaio a2k 10.9,2179250203-00,4402549594-00,3562703168-00
m5x12 vite a2k tcei parz.filettata acciaio 10.9,2179250203-00,4402549594-00,3562703168-00
vite m5x12 8.8 tcei acciaio zincato bianco parzialmente filettata,4367095841-00,6765111973-00,4659010223-00
vite testa cilindrica esagono incassato tb acciaio a2k 5x12-8.8,4367095841-00,6765111973-00,4659010223-00
tcei m5 12 acciaio bianco zincato filettatura parziale,4367095841-00,6765111973-00,4659010223-00
vite TCEI acciaio bianco zincato M5x16 8.8 filetto parziale,7745825410-00,8501258214-00,4114984509-00
M5x16 TB TCEI parz.filettata esagono incassato acciaio A2K 8.8,7745825410-00,8501258214-00,4114984509-00
vite testa cilindrica esagono TB 8.8 M5x16 zincata parzialmente filettata,7745825410-00,8501258214-00,4114984509-00
vite a testa cilindrica M5x20-8.8 acciaio zincato bianco parzialmente filettata TCEI TB,6634333003-00,9674348759-00,4026925895-00
M5x20 8.8 vite TB parzialmente filettata esagono incassato acciaio zincato,6634333003-00,9674348759-00,4026925895-00
vite TCEI TB 8.8 M5x20 acciaio zincato bianco teste cilindrica filettatura parziale,6634333003-00,9674348759-00,4026925895-00
vite M5x25-8.8 acciaio zincato bianco TB parzialmente filettata esagono incassato,8854288795-00,6758530756-00,5936570319-00
VITE TCEI TB cilindrica filettatura parziale A2K M5x25-8.8 zincato,8854288795-00,6758530756-00,5936570319-00
M5x25-8.8 vite cilindrica a testa esagonale zincato bianco parzialmente filettata,8854288795-00,6758530756-00,5936570319-00
vite cilindrica esagonale M5x35-8.8 acciaio zincato bianco parzialmente filettata,6998943831-00,2835082719-00,9961931002-00
TB vite a testa cilindrica M5x35 acciaio A2K 8.8 filettature parziali,6998943831-00,2835082719-00,9961931002-00
vite TCEI M5x35-8.8 acciaio zincato bianco esagonale incassato,6998943831-00,2835082719-00,9961931002-00
vite m6x10-8.8 tb cilindrica parzialmente filettata acciaio zincato bianco,2771452835-00,1809871854-00,6238573247-00
vite a testa cilindrica tb m6x10 acciaio 8.8 filettatura parziale,2771452835-00,1809871854-00,6238573247-00
vite tcei acciaio zincato m6x10-8.8 modello cilindrica parzialmente filettata,2771452835-00,1809871854-00,6238573247-00
vite cilindrica esagonale TB parzialmente filettata M6x11 acciaio zincato 8.8,1525514682-00,7391952106-00,7354403074-00
8.8 vite M6x11 tceii acciaio zincato bianco filett. parziale,1525514682-00,7391952106-00,7354403074-00
vite TB esagonale incassato M6x11 parzial filett acciaio A2K 8.8,1525514682-00,7391952106-00,7354403074-00
vite cilindrica M6x16 acciaio zincato 8.8 parzialmente filettata TB,6395039276-00,2856564860-00,3500145278-00
A2K M6x16-8.8 vite a testa esagonale incassata acciaio bianco,6395039276-00,2856564860-00,3500145278-00
vite TB filett. M6x16 acciaio zincato parziale 8.8 cilindrica,6395039276-00,2856564860-00,3500145278-00
vite cilindrica M6x20-8.8 acciaio zincato bianco TB parziale filettatura,1335929593-00,6824584696-00,9064006634-00
TCEI viti A2K M6 x 20 8.8 esagono incassato,1335929593-00,6824584696-00,9064006634-00
vite TB parzialmente filettata M6 20 acciaio zincato A2K 8.8,1335929593-00,6824584696-00,9064006634-00
vite esagonale incassata M6x25 8.8 acciaio zincato parzialmente filettata,5581332631-00,7760373174-00,1153687795-00
Vite TB cilindrica M6x25-8.8 acciaio zincato bianco parzialmente filettata,5581332631-00,7760373174-00,1153687795-00
vite TCEI M6x25 8.8 acciaio zincato testa cilindrica filettatura parziale,5581332631-00,7760373174-00,1153687795-00
vite cilindrica M6x30-8.8 metallo zincato TB parzialmente filettata,9935696508-00,8629637526-00,2280881012-00
VITE A2K M6x30 8.8 non completamente filettata acciaio bianco,9935696508-00,8629637526-00,2280881012-00
vite esagonale incassata M6x30 acciaio TB zincato tipo 8.8,9935696508-00,8629637526-00,2280881012-00
vite M6x40-8.8 acciaio zincato filettatura parziale testa cilindrica TB,9537250553-00,6416879197-00,1673205948-00
vite a testa cilindrica esagonale incassata M6x40-8.8 parzialmente filettata A2K,9537250553-00,6416879197-00,1673205948-00
vite TB M6x40 8.8 acciaio bianco esagono incassato cilindrica filettata parzialmente,9537250553-00,6416879197-00,1673205948-00
vite M8x12-8.8 acciaio zincato bianco TB parzialmente filettata,5116269099-00,4486541696-00,7529220633-00
TCEI M8x12 8.8 vite cilindrica esagono incassato acciaio,5116269099-00,4486541696-00,7529220633-00
vite a testa cilindrica parzialmente filettata M8x12 8.8 TB A2K,5116269099-00,4486541696-00,7529220633-00
vite a testa cilindrica esagono incassato M8x16-8.8 zincato bianco TB parzialmente filettata,7023956011-00,6750118579-00,2106723884-00
M8x16-8.8 vite TCEI TB acciaio zincato parzialmente filettata,7023956011-00,6750118579-00,2106723884-00
vite cilindrica TB M8x16 acciaio A2K 8.8 filettatura parziale zincata bianca,7023956011-00,6750118579-00,2106723884-00
vite a testa cilindrica M8X20 acciaio zincato bianco parzialmente filettata TCEI TB,9336756957-00,6954739972-00,6267553235-00
M8X20 vite TCEI acciaio A2K filettatura parziale esagono incassato,9336756957-00,6954739972-00,6267553235-00
VITE TB A2K M8X20 cilindrica parziale filettatura acciaio zincato bianco,9336756957-00,6954739972-00,6267553235-00
vite a testa cilindrica esagonale TB M8x20 filettatura parziale A2K 8.8,1896353070-00,6887895412-00,8889344815-00
acciaio zincato bianco vite M8x20-8.8 TCEI TB parzialmente filettata,1896353070-00,6887895412-00,8889344815-00
viti M8x20 acciaio 8.8 parziali TB esagonali cilindriche zincate,1896353070-00,6887895412-00,8889344815-00
vite m8x25 8.8 a2k tb parzialmente filettata acciaio zincato bianco,3683853426-00,7452840785-00,6367957917-00
vite a testa cilindrica m8 x 25 8.8 acciaio tceo tb parzialmente filettata,3683853426-00,7452840785-00,6367957917-00
tceii m8x25 vite 8.8 acciaio zincato bianco testa cilindrica parzialmente filettata,3683853426-00,7452840785-00,6367957917-00
vite a testa cilindrica M8x30 8.8 acciaio zincato bianco parzialmente filettata TB,3500145278-00,3912035463-00,2078359379-00
TCEI M8x30-8.8 vite filettata acciaio zincato bianco esagono incassato,3500145278-00,3912035463-00,2078359379-00
vite TB parziale filettatura A2K M8x30 acciaio zincato 8.8 cilindrica,3500145278-00,3912035463-00,2078359379-00
vite cilindrica esagonale TB A2K M8x35-8.8 filettata parziale acciaio zincato bianco,8101825749-00,2336896288-00,3300579673-00
M8x35-8.8 vite TCEI acciaio zincato bianco parzialmente filettata,8101825749-00,2336896288-00,3300579673-00
vite a testa cilindrica M8x35-8.8 acciaio zincato TB parziale filettatura,8101825749-00,2336896288-00,3300579673-00
vite cilindrica esagonale M8x40-8.8 acciaio zincato bianco TCEI parzialmente filettata,6651829316-00,3724834067-00,4430253848-00
vite TB 8.8 M8x40 acciaio A2K filettatura parziale esagonale incassata,6651829316-00,3724834067-00,4430253848-00
VITE TCEI M8x40 acciaio zincato bianco filettatura parziale 8.8  cilindrica,6651829316-00,3724834067-00,4430253848-00
vite cilindrica M8x50-8.8 acciaio zincato bianco parzialmente filettata TB,1593243093-00,1368938831-00,9857994711-00
TCEI M8x50 8.8 vite TB esagono incassato acciaio zincato,1593243093-00,1368938831-00,9857994711-00
vite TB Parz. filett. M8x50 acciaio A2K 8.8 testa cilindrica,1593243093-00,1368938831-00,9857994711-00
vite cilindrica esagonale M8x60 8.8 acciaio zincato parzialmente filettata,3119031666-00,2790526286-00,5590080186-00
TCEI TB M8x60 vite acciaio zincato bianco filettatura parziale 8.8,3119031666-00,2790526286-00,5590080186-00
vite M8x60 TCEI A2K filett. parziale 8.8 acciaio zincato TB cilindrica,3119031666-00,2790526286-00,5590080186-00
vite M12x40 acciaio zincato bianco testa cilindrica TB PARZ.FILETT. 10.9,4513626239-00,1455229100-00,1517496950-00
vite TCEI TB PARZ.FILETT. M12x40 acciaio 10.9 zincato,4513626239-00,1455229100-00,1517496950-00
vite a testa cilindrica M12x40 10.9 acciaio zincato bianco TCEI,4513626239-00,1455229100-00,1517496950-00
VITE A2K M12x50 10.9 TB PARZ.FILETT. esagono incassato acciaio zincato bianco,7964073000-00,1442542605-00,4311539891-00
M12x50 10.9 VITE cilindrica TB PARZ.FILETT. acciaio zincato bianco,7964073000-00,1442542605-00,4311539891-00
VITE TCEI TB PARZ.FILETT. M12x50 acciaio A2K 10.9 testa cilindrica,7964073000-00,1442542605-00,4311539891-00
vite cilindrica M16x25 acciaio zincato TB PARZ.FILETT. 10.9,5501174308-00,8230451596-00,6617180054-00
VITE TCEI TB 10.9 M16x25 esagono incassato zincato bianco,5501174308-00,8230451596-00,6617180054-00
vite a testa cilindrica filettatura M16x25 acciaio 10.9 parziale TB,5501174308-00,8230451596-00,6617180054-00
vite cilindrica M16x30-10.9 zincato bianco A2K TB PARZ.FILETT.,6963127063-00,9937502513-00,8043948667-00
TCEI TB PARZ.FILETT. M16x30 acciaio zincato vite 10.9,6963127063-00,9937502513-00,8043948667-00
M16x30 vite a testa cilindrica TB PARZ.FILETT. 10.9 acciaio bianco,6963127063-00,9937502513-00,8043948667-00
vite cilindrica M16x40 10.9 acciaio zincato bianco TB PARZ.FILETT.A2K,2687889630-00,5120130739-00,7687191436-00
A2K M16x40-10.9 vite TCEI acciaio zincato bianco testa esagonale incassata,2687889630-00,5120130739-00,7687191436-00
vite filettata M16x40 10.9 TB acciaio zincato bianco cilindrica,2687889630-00,5120130739-00,7687191436-00
vite a2k m16x70 10.9 tb parziale filettatura acciaio zincato bianco,2156921915-00,3810906932-00,1542882622-00
tcei m16 x70 vite 10.9 testa cilindrica esagono incassato,2156921915-00,3810906932-00,1542882622-00
vite tb m16 70 10.9 filettatura parziale acciaio zincato cilindrica,2156921915-00,3810906932-00,1542882622-00
vite cilindrica inox M4x10-70 filettata A2,1094408086-00,1078275837-00,3135963696-00
M4x10-70 vite TCI acciaio filettata interamente,1094408086-00,1078275837-00,3135963696-00
VITE A2 filettatura cilindrica 10mm lunghezza M4,1094408086-00,1078275837-00,3135963696-00
vite a testa cilindrica acciaio inox M4x35-70 filettata interamente,3300579673-00,8301973657-00,9017640334-00
vite TCI filettata M4x35-70 in acciaio inox,3300579673-00,8301973657-00,9017640334-00
M4x35-70 vite TCI cilindrica filettatura acciaio inox,3300579673-00,8301973657-00,9017640334-00
vite cilindrica filettata M2x6-4.8 acciaio zincato bianco TCI,3693299201-00,9650481371-00,5116420748-00
M2x6 vite a testa cilindrica zincato filettatura intera 4.8,3693299201-00,9650481371-00,5116420748-00
vite a2k filettata intaglio M2x6 4.8 acciaio bianco,3693299201-00,9650481371-00,5116420748-00
vite cilindrica filettata M3x10 acciaio zincato 4.8 TCI,2783619008-00,2856564860-00,3820596471-00
vite a testa TCI M3x10-4.8 acciaio bianco filettata,2783619008-00,2856564860-00,3820596471-00
M3x10 vite filettata acciaio zincato TCI 4.8 cilindrica,2783619008-00,2856564860-00,3820596471-00
vite cilindrica A2K M3x20-4.8 acciaio zincato bianco filettata,9296042632-00,8174049868-00,9464218475-00
VITE TCI filett. M3x20 4.8 acciaio zincato,9296042632-00,8174049868-00,9464218475-00
acciaio zincato vite filettata M3x20-4.8 testa cilindrica,9296042632-00,8174049868-00,9464218475-00
vite a testa cilindrica M3x30-4.8 filettata acciaio zincato bianco TCI,5463670446-00,4380157914-00,1022841450-00
VITE INT.FILETT. M3x30 acciaio zincato 4.8 TCI,5463670446-00,4380157914-00,1022841450-00
M3x30 vite filettata 4.8 acciaio zincato testa cilindrica,5463670446-00,4380157914-00,1022841450-00
vite cilindrica A2K M3x5-4.8 filettata acciaio zincato bianco,6517508636-00,5819118999-00,1398953358-00
M3x5-4.8 vite TCI filettatura acciaio zincato,6517508636-00,5819118999-00,1398953358-00
vite filettata 4.8 M3x5 acciaio bianco cilindrica A2K,6517508636-00,5819118999-00,1398953358-00
vite a2k m4x10-4.8 acciaio zincato bianco filettata cilindrica,5936570319-00,1558823437-00,2031660634-00
vite TCI m4x10 acciaio zincato completamente filettata,5936570319-00,1558823437-00,2031660634-00
vite filettata cilindrica m4x10-4.8 zincata bianca a2k,5936570319-00,1558823437-00,2031660634-00
vite cilindrica intaglio filettata M4x16 acciaio zincato 4.8,6097009167-00,9883456014-00,6349191418-00
TCI M4x16 vite filettata acciaio bianco 4.8,6097009167-00,9883456014-00,6349191418-00
vite A2K M4x16-4.8 intaglio cilindrica filettatura acciaio zincato,6097009167-00,9883456014-00,6349191418-00
vite cilindrica M4x5-4.8 acciaio zincato bianco filettatura intera TCI,1746469094-00,2981854107-00,3633358682-00
vite a testa cilindrica intaglio A2K M4x5-4.8 interamente filettata,1746469094-00,2981854107-00,3633358682-00
M4x5-4.8 vite filettata acciaio zincato TCI cilindrica con intaglio,1746469094-00,2981854107-00,3633358682-00
vite cylindrica filettata acciaio zincato bianco M5x40-4.8,8445426123-00,9192194133-00,4828582854-00
vite TCI M5x40-4.8 zincata A2K completamente filettata,8445426123-00,9192194133-00,4828582854-00
M5x40-4.8 vite a testa cilindrica intaglio in acciaio TCI zincato,8445426123-00,9192194133-00,4828582854-00
vite M6x10-4.8 acciaio zincato bianco filettata cilindrica TCI,2274194725-00,6178014442-00,2203707952-00
VITE a testa cilindrica M6 10-4.8 acciaio A2K intaglio filettate,2274194725-00,6178014442-00,2203707952-00
filettata vite TCI M6x10 acciaio zincato 4.8 cilindrica,2274194725-00,6178014442-00,2203707952-00
vite filettata M3x6 ottone CW508L testa cilindrica,2925324885-00,5660497797-00,6851681215-00
M3x6 vite TCI ottone interamente filettata cilindrica,2925324885-00,5660497797-00,6851681215-00
vite a testa cilindrica CW508L M3x6 in ottone,2925324885-00,5660497797-00,6851681215-00
vite cilindrica ottone M4x20 filettata CW508L,7643815862-00,4892118737-00,5098478150-00
TCI M4x20 vite filettata a testa cilindrica in ottone,7643815862-00,4892118737-00,5098478150-00
vite intaglio cilindrica CW508L M4x20 completamente filettata in ottone,7643815862-00,4892118737-00,5098478150-00
vite cilindrica ottone M4x6 filettata CW508L,2571962982-00,5997622662-00,3216451039-00
VITE INTAGLIO M4x6 ottone CW508L,2571962982-00,5997622662-00,3216451039-00
vite TCI filettata M4x6 testa cilindrica in ottone,2571962982-00,5997622662-00,3216451039-00
vite cilindrica M5x10 intaglio ottone CW508L filettata,9786004707-00,3166847823-00,5936570319-00
vite filettata ottone M5x10 testa cilindrica CW508L,9786004707-00,3166847823-00,5936570319-00
TCI vite M5x10 intaglio interamente filettata CW508L ottone,9786004707-00,3166847823-00,5936570319-00
"vite a2 autofilettante 2,9x9,5 testa cilindrica croce inox",4734377813-00,7623389262-00,2173703042-00
"vite inox 2,9x9,5 tcic autofilettante con intaglio a croce",4734377813-00,7623389262-00,2173703042-00
"vite acciaio 2,9x9,5 autofilett. cilindrica croce tcic",4734377813-00,7623389262-00,2173703042-00
"vite autofilettante a testa cilindrica 2,2x13 acciaio zincato bianco",1599421041-00,8188917277-00,3420647459-00
"2,2x13 vite TCIC acciaio A2K zincato",1599421041-00,8188917277-00,3420647459-00
"vite a croce autofilettante cilindrica 2,2x13 A2K zincato bianco",1599421041-00,8188917277-00,3420647459-00
"vite cilindrica 2,2x5 acciaio zincato bianco auto filettante",4131998906-00,6877469816-00,2280881012-00
AUTOFILETT. vite 2.2x5 testa croce acciaio A2K,4131998906-00,6877469816-00,2280881012-00
"vite 2,2x5 auto filettante zincato bianco tcic",4131998906-00,6877469816-00,2280881012-00
"vite cilindrica autofilettante acciaio zincato 2,2x9,5",3562703168-00,9841109457-00,8277383510-00
"VITE A2K 2,2 x 9,5 testa croce zincato bianco",3562703168-00,9841109457-00,8277383510-00
"vite auto-filettante 2,2x9,5 TCIC acciaio bianco",3562703168-00,9841109457-00,8277383510-00
"vite auto filettante 2,9x19 testa cilindrica acciaio zincato A2K",3008254339-00,7028139230-00,3497121753-00
"A2K 2,9x19 vite cilindrica intaglio croce filett. acciaio zincato bianco",3008254339-00,7028139230-00,3497121753-00
"viti 2,9x19 auto filettanti cilindriche A2K zincato bianco",3008254339-00,7028139230-00,3497121753-00
"vite a2k 2,9x6,5 autofilettante acciaio zincato bianco",8080092186-00,4397882555-00,7155263857-00
"2,9x6,5 vite tcic autofilettante testa cilindrica zincata",8080092186-00,4397882555-00,7155263857-00
"vite autofilettante acciaio 2,9x6,5 testa cilindrica intaglio croce",8080092186-00,4397882555-00,7155263857-00
"vite auto filettante A2K 3,9x6,5 acciaio zincato bianco",8831445184-00,8946535786-00,8533726607-00
VITE A2K 3.9x6.5 TCIC intaglio croce,8831445184-00,8946535786-00,8533726607-00
vite cilindrica zincata bianca 3.9x6.5 auto filettante,8831445184-00,8946535786-00,8533726607-00
"vite a testa cilindrica 3,5x16 E2J autofilettante",5357013118-00,8943879072-00,4547644032-00
"E2J 3,5x16 vite autofilett. TCIC a croce",5357013118-00,8943879072-00,4547644032-00
autofilettante 3.5x16 vite TCIC E2J con intaglio a croce,5357013118-00,8943879072-00,4547644032-00
"vite a testa cilindrica E2J 3,5x9,5 autofilettante",4918161903-00,4346290599-00,6769183923-00
"3,5x9,5 vite TCIC intaglio a croce",4918161903-00,4346290599-00,6769183923-00
vite E2J autofilettante 3.5x9.5 cilindrica croce,4918161903-00,4346290599-00,6769183923-00
"vite cilindrica E2J 3,9x13 autofilettante croce",9239540417-00,2103822303-00,1525514682-00
"AUTOFILETT. E2J 3,9x13 vite intaglio a croce",9239540417-00,2103822303-00,1525514682-00
"vite 3,9x13 E2J autofilettante testa cilindrica",9239540417-00,2103822303-00,1525514682-00
"vite autofilettante E2J 3,9x9,5 testa cilindrica croce",3748866368-00,9582710726-00,9691312135-00
"TCIC vite 3,9x9,5 autofilett. intaglio a croce",3748866368-00,9582710726-00,9691312135-00
"vite cilindrica 3,9x9,5 E2J autofilettante TCIC",3748866368-00,9582710726-00,9691312135-00
"vite cilindrica 4,8x13 autofilettante E2J",7110832630-00,3156441578-00,1130811379-00
"E2J 4,8x13 vite autofilett. testa cilindrica",7110832630-00,3156441578-00,1130811379-00
"vite 4,8x13 intaglio a croce autofilettante E2J",7110832630-00,3156441578-00,1130811379-00
vite a testa cilindrica M2x10-4.8 acciaio zincato croce filettata,7167950273-00,3685572130-00,6179478807-00
VITE TCIC M2x10-4.8 acciaio bianco intaglio a croce,7167950273-00,3685572130-00,6179478807-00
filettata M2x10-4.8 vite zincato a testa cilindrica,7167950273-00,3685572130-00,6179478807-00
vite cilindrica A2K M3x16-4.8 acciaio zincato bianco filettatura intera,2936303514-00,5352356648-00,4538507388-00
M3x16-4.8 vite filettata acciaio zincato a testa cilindrica,2936303514-00,5352356648-00,4538507388-00
vite TCIC M3x16 filettatura completa in acciaio zincato bianco,2936303514-00,5352356648-00,4538507388-00
vite 6x20 auto filettante acciaio zincato bianco,4798702967-00,9503448128-00,7210136390-00
A2K vite auto filettante 6x20 testa esagonale,4798702967-00,9503448128-00,7210136390-00
viti 6x20 a2k zincate auto filett  acciaio bianco,4798702967-00,9503448128-00,7210136390-00
"vite esagonale testa INT.FILET. M20x1,5x30-8.8 acciaio zincato bianco",9697102750-00,7204923374-00,5622965267-00
"A2K M20x1,5x30-8.8 vite te filettata acciaio zincato",9697102750-00,7204923374-00,5622965267-00
"vite acciaio M20x1,5x30-8.8 INT.FILET. zincato bianco 8.8",9697102750-00,7204923374-00,5622965267-00
vite filettata A2K M10x100-8.8 acciaio zincato bianco,3500639514-00,6824517508-00,3350014268-00
A2K M10x100-8.8 vite esagonale interamente filettata,3500639514-00,6824517508-00,3350014268-00
vite M10x100 acciaio 8.8 zincato bianco te esagonale,3500639514-00,6824517508-00,3350014268-00
vite esagonale M10x120-8.8 filettatura totale acciaio zincato,2393165131-00,4417015971-00,6632657918-00
vite A2K interamente filettata M10 120mm 8.8,2393165131-00,4417015971-00,6632657918-00
filettata M10x120 acciaio zincato vite TE A2K 8.8,2393165131-00,4417015971-00,6632657918-00
vite m10x35 interamente filettata 8.8 acciaio zincato bianco,1657752849-00,3728612861-00,5789803864-00
vite te m10 35 mm filettatura completa A2K 8.8,1657752849-00,3728612861-00,5789803864-00
vite hex a2k acciaio zincato m10 35 8.8 filettatura totale,1657752849-00,3728612861-00,5789803864-00
vite esagonale M10x40-8.8 acciaio zincato interamente filettata,3461058488-00,5337956037-00,5461598347-00
M10x40-8.8 vite a testa esagonale filettatura completa acciaio zincato bianco,3461058488-00,5337956037-00,5461598347-00
vite filettata M10x40 acciaio zincato 8.8 a testa esagonale,3461058488-00,5337956037-00,5461598347-00
vite filettata M10x50 8.8 acciaio zincato bianco,1726905199-00,1778812082-00,6483761246-00
A2K M10x50-8.8 vite te esagonale interamente filettata,1726905199-00,1778812082-00,6483761246-00
vite esagonale filettata acciaio zincato M10 50 8.8,1726905199-00,1778812082-00,6483761246-00
vite filettata acciaio zincato bianco M10x55-8.8,6947945444-00,4464470975-00,2965761849-00
M10x55-8.8 vite te esagonale interamente filettata acciaio A2K,6947945444-00,4464470975-00,2965761849-00
vite A2K M10x55 8.8 interamente filettata zincatura bianca,6947945444-00,4464470975-00,2965761849-00
vite m10x65 filettata acciaio zincato 8.8,7653911057-00,7913166788-00,5581332631-00
vite testa esagonale a2k m10 65mm interamente filettata,7653911057-00,7913166788-00,5581332631-00
vite te m10x65 8.8 acciai zincati filettati,7653911057-00,7913166788-00,5581332631-00
vite esagonale filettata M10x70 acciaio A2K 8.8 zincato bianco,9144101775-00,1835191561-00,5322750371-00
M10x70 vite TE Interamente filettata acciaio 8.8 zincato bianco,9144101775-00,1835191561-00,5322750371-00
vite A2K esagonale M10x70 8.8 filettatura acciaio zincato,9144101775-00,1835191561-00,5322750371-00
vite esagonale M10x80 interamente filettata 8.8 acciaio zincato bianco,4828582854-00,3301113478-00,1371850964-00
A2K M10x80-8.8 vite filettata acciaio zincato,4828582854-00,3301113478-00,1371850964-00
vite a testa esagonale filettata M10 80mm 8.8 zincato bianco,4828582854-00,3301113478-00,1371850964-00
vite esagonale m10x90 interamente filettata acciaio zincato 8.8,7812106917-00,2126668815-00,8088004904-00
m10x90 vite te interamente filettata 8.8 A2K acciaio zincato,7812106917-00,2126668815-00,8088004904-00
vite a testa esagonale M10 90mm filettatura totale acciaio M8.8 zincato bianco,7812106917-00,2126668815-00,8088004904-00
vite M12x100 acciaio filettata 8.8 zincato bianco,9518123077-00,2779967050-00,7669229686-00
vite te interamente filettata M12 100 8.8 A2K,9518123077-00,2779967050-00,7669229686-00
vite esagonale M12x100 acciaio zincato 8.8 interamente filettata,9518123077-00,2779967050-00,7669229686-00
vite M12x120-8.8 filettata esagonale acciaio zincato bianco,6367957917-00,7090571037-00,2067159406-00
viti a2k interamente filettate M12 120mm 8.8,6367957917-00,7090571037-00,2067159406-00
vite TE M12x120 acciaio zincato testa esagonale 8.8,6367957917-00,7090571037-00,2067159406-00
vite M12x130 interamente filettata A2K 8.8 acciaio zincato bianco,3760894487-00,1318185697-00,3350014268-00
M12x130-8.8 vite a testa esagonale filettatura completa acciaio zincato,3760894487-00,1318185697-00,3350014268-00
vite filettata A2K M12x130 8.8 zincato bianco esagonale,3760894487-00,1318185697-00,3350014268-00
vite esagonale filettata M12x16-8.8 acciaio zincato bianco,7754132117-00,1159958664-00,1341156832-00
A2K M12x16-8.8 vite filettata acciaio zincato,7754132117-00,1159958664-00,1341156832-00
vite A2K M12 filettata 16mm 8.8 zincata bianca,7754132117-00,1159958664-00,1341156832-00
vite esagonale M12x45-8.8 filettatura intera acciaio zincato bianco,2037215776-00,3838026476-00,7197948058-00
A2K M12x45-8.8 vite filettata acciaio zincato,2037215776-00,3838026476-00,7197948058-00
vite TE M12x45 acciaio zincato M12 8.8 interamente filettata,2037215776-00,3838026476-00,7197948058-00
vite esagonale M12x50-8.8 interamente filettata acciaio zincato bianco,3506457121-00,3941427155-00,5309071573-00
A2K M12x50 vite te interamente filettata 8.8 acciaio zincato,3506457121-00,3941427155-00,5309071573-00
M12x50 vite filettata testa esagonale A2K 8.8 acciaio zincato bianco,3506457121-00,3941427155-00,5309071573-00
vite m12x60 filettata acciaio 8.8 zincato bianco,3972732506-00,7936708706-00,9055208562-00
vite esagonale interamente filettata m12 60 8.8 a2k,3972732506-00,7936708706-00,9055208562-00
acciaio zincato vite m12x60-8.8 filettatura totale,3972732506-00,7936708706-00,9055208562-00
vite a testa esagonale M12x70-8.8 acciaio zincato bianco interamente filettata,4330983094-00,8224343365-00,4212432744-00
M12x70-8.8 vite filettata A2K acciaio zincato bianco,4330983094-00,8224343365-00,4212432744-00
vite te interamente filettata M12x70 8.8 zincato bianco,4330983094-00,8224343365-00,4212432744-00
vite esagonale filettata M12x80 acciaio zincato 8.8,4229705293-00,3103452341-00,4661397238-00
M12x80-8.8 vite te interamente filettata in acciaio bianco,4229705293-00,3103452341-00,4661397238-00
A2K vite filettata Acciaio zincato M12 80mm 8.8,4229705293-00,3103452341-00,4661397238-00
vite esagonale M14x100-8.8 filettata acciaio zincato bianco,4455341387-00,4389349426-00,9564807796-00
vite filettata A2K M14x100 acciaio zincato 8.8,4455341387-00,4389349426-00,9564807796-00
vite te esagonale interamente filettata M14x100 8.8 acciaio bianco,4455341387-00,4389349426-00,9564807796-00
vite a testa esagonale M14x40-8.8 acciaio zincato bianco,4196826985-00,9937502513-00,7518381135-00
vite TE interamente filettata A2K M14x40 8.8,4196826985-00,9937502513-00,7518381135-00
VITE a2k M14x40 acciaio zincato filettatura completa 8.8,4196826985-00,9937502513-00,7518381135-00
vite esagonale M14x50 interamente filettata 8.8 acciaio zincato bianco,8080636197-00,2693880860-00,9144101775-00
vite te int filettata A2K M14 50 acciaio 8.8 zincato,8080636197-00,2693880860-00,9144101775-00
M14x50-8.8 vite filettata acciaio zincato bianco testa esagonale,8080636197-00,2693880860-00,9144101775-00
vite filettata M14x55 8.8 acciaio zincato bianco,8250221914-00,2789360096-00,5595912099-00
M14x55-8.8 vite esagonale interamente filettata A2K,8250221914-00,2789360096-00,5595912099-00
vite A2K M14 x 55 mm acciaio 8.8 zincato bianco,8250221914-00,2789360096-00,5595912099-00
vite m14x60 filettatura intera a2k acciaio 8.8 zinco bianco,9387064486-00,5605446752-00,9419602658-00
vite esagonale m14 60mm filettata acciaio zincato 8.8,9387064486-00,5605446752-00,9419602658-00
a2k vite interamente filettata m14x60 acciaio 8.8 zincato bianco,9387064486-00,5605446752-00,9419602658-00
vite esagonale M14x70 filettata acciaio A2K 8.8 zincato bianco,5869386826-00,2995356510-00,8971643306-00
vite te m14x70-8.8 interamente filettata acciaio zincato,5869386826-00,2995356510-00,8971643306-00
8.8 M14x70 vite a testa esagonale filettata a2k zincata bianca,5869386826-00,2995356510-00,8971643306-00
vite esagonale M14x80 filettata acciaio zincato 8.8,1040011022-00,4691335210-00,6750692513-00
A2K M14x80 vite filettatura completa 8.8 acciaio bianco,1040011022-00,4691335210-00,6750692513-00
vite te interamente filettata M14x80-8.8 zincata acciaio,1040011022-00,4691335210-00,6750692513-00
vite esagonale M16x120 interamente filettata acciaio 8.8 A2K,3625848499-00,2952509661-00,3067769121-00
M16x120 vite filettata zincata bianca acciaio 8.8,3625848499-00,2952509661-00,3067769121-00
vite a testa esagonale acciaio 8.8 M16x120 filettatura completa,3625848499-00,2952509661-00,3067769121-00
vite M16x50-8.8 filettata acciaio zincato bianco,5657947616-00,5955385582-00,1766918733-00
vite a testa esagonale interamente filettata M16 50 A2K 8.8,5657947616-00,5955385582-00,1766918733-00
M16x50 vite te filettata acciaio 8.8 zincatura bianca,5657947616-00,5955385582-00,1766918733-00
vite filettata interamente M16x60-8.8 acciaio zincato bianco,3755850374-00,7707915166-00,5878864569-00
vite a testa esagonale A2K M16 lunghezza 60 mm 8.8,3755850374-00,7707915166-00,5878864569-00
vite M16 60 mm zincato 8.8 filettatura completa,3755850374-00,7707915166-00,5878864569-00
vite M16x70-8.8 acciaio zincato bianco filettata interamente,2277349670-00,7034847370-00,2203707952-00
vite te esagonale filettata M16x70 tipo 8.8 A2K,2277349670-00,7034847370-00,2203707952-00
vite acciaio M16x70 zincato filettatura intera 8.8 te int.,2277349670-00,7034847370-00,2203707952-00
vite filettata esagonale M16x80 acciaio zincato 8.8,1699684670-00,8216402332-00,2737752458-00
M16x80-8.8 vite interamente filettata in acciaio zincato bianco,1699684670-00,8216402332-00,2737752458-00
VITE TE INT.FILETT. 8.8 M16x80 acciaio bianco zincato,1699684670-00,8216402332-00,2737752458-00
vite esagonale M16x90 A2K 8.8 interamente filettata acciaio zincato bianco,8291938546-00,1484422168-00,3119031666-00
M16x90 vite te filettata 8.8 acciaio zincato bianco,8291938546-00,1484422168-00,3119031666-00
vite filettata A2K acciaio zincato M16x90 8.8 testa esagonale,8291938546-00,1484422168-00,3119031666-00
vite esagonale filettata M18x30 acciaio zincato 8.8,6546106359-00,3336498156-00,1360735004-00
vite A2K M18x30-8.8 acciaio zincato bianco,6546106359-00,3336498156-00,1360735004-00
vite TE INT.FILETT. M18x30 8.8 zincato,6546106359-00,3336498156-00,1360735004-00
"vite testa esagonale filettata A2K M20x1,5x30-8.8 acciaio zincato bianco",7573814967-00,6187478393-00,1517496950-00
"M20x1,5x30-8.8 vite interamente filettata A2K acciaio zincato",7573814967-00,6187478393-00,1517496950-00
"vite A2K M20x1,5 30-8.8 filettata acciaio zincato bianco esagonale",7573814967-00,6187478393-00,1517496950-00
"vite M20x1,5 a testa esagonale filettata acciaio zincato 50-8.8",3160559768-00,1431389609-00,6944966855-00
"vite interamente filettata A2K M20x1,5x50 8.8",3160559768-00,1431389609-00,6944966855-00
vite TE M20x1.5 acciaio zincato 50mm filettatura 8.8,3160559768-00,1431389609-00,6944966855-00
"vite filettata esagonale A2K M20x1,5x80-8.8 acciaio zincato bianco",8531744429-00,2483257253-00,8533726607-00
VITE TE INT.FILETT. acciaio bianco M20x1.5 80mm 8.8,8531744429-00,2483257253-00,8533726607-00
"M20x1,5x80 vite a testa esagonale Interamente filettata 8.8 A2K",8531744429-00,2483257253-00,8533726607-00
vite A2K M20x100 interamente filettata acciaio zincato 8.8,9620732978-00,8115414843-00,3227693960-00
vite esagonale filettata M20x100-8.8 zincato bianco,9620732978-00,8115414843-00,3227693960-00
vite te acciaio M20x100-8.8 filetto completo zincatura bianca,9620732978-00,8115414843-00,3227693960-00
vite a testa esagonale M20x120 8.8 filettata acciaio zincato bianco,2067159406-00,8739534142-00,5658151048-00
VITE M20x120-8.8 filett. interamente A2K acciaio zincato,2067159406-00,8739534142-00,5658151048-00
vite TE M20x120 tipo 8.8 filettatura acciaio zincato bianco,2067159406-00,8739534142-00,5658151048-00
vite esagonale M20x80 A2K 8.8 interamente filettata acciaio zincato bianco,7005019557-00,4067784318-00,2655491862-00
vite filettata M20x80-8.8 acciaio zincato bianco tipo A2K,7005019557-00,4067784318-00,2655491862-00
A2K M20x80 vite esagonale 8.8 acciaio zincato interamente filettata,7005019557-00,4067784318-00,2655491862-00
vite esagonale m24x100 8.8 filettata acciaio zincato bianco,6632657918-00,8071445697-00,6192891321-00
vite te m24x100-8.8 acciaio zincato filettatura intera,6632657918-00,8071445697-00,6192891321-00
m24x100 vite filettata te a2k 8.8 esagonale acciaio zincato,6632657918-00,8071445697-00,6192891321-00
vite filettata M24x150-8.8 acciaio zincato bianco esagonale,3933857095-00,6749247184-00,5512927515-00
VITE TE INT.FILETT. A2K M24 x 150 8.8 acciaio,3933857095-00,6749247184-00,5512927515-00
vite a testa esagonale M24 150 filettata completa 8.8 zincato,3933857095-00,6749247184-00,5512927515-00
vite esagonale M24x2x100-8.8 filettata acciaio zincato bianco,9158457183-00,3420626497-00,2248126059-00
A2K M24 100 mm vite te interamente filettata 8.8,9158457183-00,3420626497-00,2248126059-00
vite a testa esagonale interamente filettata M24x2 100mm acciaio 8.8,9158457183-00,3420626497-00,2248126059-00
vite esagonale m24x80 filettata a2k 8.8 acciaio zincato bianco,8533726607-00,7652035392-00,6571283283-00
a2k m24x80-8.8 vite interamente filettata acciaio zincato,8533726607-00,7652035392-00,6571283283-00
acciaio zincato bianco vite m24x80 filett. 8.8 testa esagonale,8533726607-00,7652035392-00,6571283283-00
vite esagonale a2k 24mm lunghezza 80 filettatura intera acciaio zincato 8.8,8533726607-00,8576546004-00,1881869961-00
M24x80 vite filettata esagonale acciaio zincato bianco 8.8,8533726607-00,8576546004-00,1881869961-00
VITE M24x80-8.8 acciaio zincato interamente filettata a testa esagonale 8.8,8533726607-00,8576546004-00,1881869961-00
vite esagonale M4x35-8.8 acciaio zincato bianco interamente filettata,2893936683-00,6704039474-00,6571283283-00
VITE A2K M4x35 8.8 full threaded acciaio zincato,2893936683-00,6704039474-00,6571283283-00
vite te M4 x 35 8.8 filettatura completa acciaio zincato bianco,2893936683-00,6704039474-00,6571283283-00
vite esagonale M4x40 8.8 filettatura intera acciaio zincato bianco,4893172831-00,2483257253-00,9464218475-00
A2K M4x40-8.8 vite filettata acciaio zincato testa esagonale,4893172831-00,2483257253-00,9464218475-00
VITE M4x40 zincato bianco filettatura completa 8.8 A2K,4893172831-00,2483257253-00,9464218475-00
vite M4x45 A2K filettata esagonale acciaio zincato 8.8,4559775853-00,7417715853-00,7692192434-00
acciaio zincato bianco vite te M4x45 8.8 filettatura intera,4559775853-00,7417715853-00,7692192434-00
vite esagonale filettata M4x45 A2K 8.8 zincato bianco,4559775853-00,7417715853-00,7692192434-00
vite esagonale M4x50 filettatura completa acciaio zincato 8.8,3940763029-00,5737655993-00,8220713106-00
M4x50-8.8 vite filettata a testa esagonale in acciaio bianco,3940763029-00,5737655993-00,8220713106-00
vite te M4x50 A2K 8.8 interamente filettata acciaio zincato,3940763029-00,5737655993-00,8220713106-00
vite M5x30 8.8 acciaio zincato bianco filettata,3029884494-00,7946949392-00,7089590364-00
A2K vite esagonale interamente filettata M5x30-8.8,3029884494-00,7946949392-00,7089590364-00
vite A2K M5x30 acciaio 8.8 zincato bianco filettatura completa,3029884494-00,7946949392-00,7089590364-00
vite esagonale M6x12 filettata A2K acciaio zincato 8.8,3955556714-00,2057138330-00,5008345398-00
M6x12-8.8 vite a testa esagonale acciaio zincato bianco interamente filettata,3955556714-00,2057138330-00,5008345398-00
vite filettata A2K M6x12 8.8 acciaio zincato testa esagonale,3955556714-00,2057138330-00,5008345398-00
vite filettata interamente M6x30 acciaio zincato 8.8,5767660249-00,2088268475-00,3747273143-00
M6x30 vite esagonale A2K zincato bianco 8.8,5767660249-00,2088268475-00,3747273143-00
VITE TE M6x30 acciaio filettata 8.8 zincato,5767660249-00,2088268475-00,3747273143-00
vite esagonale M6x35 filettata A2K 8.8 acciaio zincato bianco,7601063729-00,8520539423-00,5348129455-00
M6x35-8.8 vite filettata Acc. zincato bianco testa esagonale,7601063729-00,8520539423-00,5348129455-00
A2K vite interamente filettata M6x35 acciaio 8.8 zincato bianco,7601063729-00,8520539423-00,5348129455-00
vite filettata M6x40 acciaio zincato 8.8,9017640334-00,7952451883-00,7525291539-00
vite a testa esagonale M6x40-8.8 Interamente filettata,9017640334-00,7952451883-00,7525291539-00
viti tè M6x40 zincato bianco 8.8 A2K,9017640334-00,7952451883-00,7525291539-00
vite esagonale filettata M6x50-8.8 acciaio zincato bianco,7976283257-00,2969832734-00,9149032558-00
A2K M6 x 50 vite interamente filettata 8.8,7976283257-00,2969832734-00,9149032558-00
vite TE A2K M6x50 8.8 acciaio zincato filettatura completa,7976283257-00,2969832734-00,9149032558-00
vite m6x55 8.8 acciaio zincato filettata A2K,4287317987-00,1652967927-00,4624316935-00
vite te esagonale m6x55 8.8 interamente filettata acciaio zincato bianco,4287317987-00,1652967927-00,4624316935-00
viti acciaio zincato m6x55-8.8 filettate completamente testa esagonale,4287317987-00,1652967927-00,4624316935-00
vite interamente filettata M8x35 acciaio zincato bianco 8.8,7335286512-00,9167644979-00,1977603061-00
VITE TE A2K M8x35 8.8 filettatura completa,7335286512-00,9167644979-00,1977603061-00
vite esagonale M8x35 acciaio zincato 8.8 filettatura totale,7335286512-00,9167644979-00,1977603061-00
vite M8x40 acciaio zincato bianco filettata 8.8,1673205948-00,7643733072-00,4113664615-00
A2K M8x40-8.8 vite esagonale interamente filettata,1673205948-00,7643733072-00,4113664615-00
vite te interamente filettata M8x40 acciaio 8.8 zincato bianco,1673205948-00,7643733072-00,4113664615-00
vite esagonale M8x45-8.8 filettatura intera A2K acciaio zincato bianco,2939293469-00,4417015971-00,1517496950-00
M8x45 acciaio 8.8 vite filettata interamente zincata,2939293469-00,4417015971-00,1517496950-00
vite A2K M8x45 esagonale zincata bianca filettatura 8.8,2939293469-00,4417015971-00,1517496950-00
vite esagonale M8x55 acciaio zincato 8.8 filettatura intera,8038770021-00,9358540356-00,1746469094-00
VITE FILETTATA M8 x 55 8.8 A2K zincato bianco,8038770021-00,9358540356-00,1746469094-00
vite interamente filettata M8 55 mm acciaio 8.8 zincato,8038770021-00,9358540356-00,1746469094-00
vite filettata M8x60 acciaio zincato 8.8,2726698148-00,1318185697-00,9539155196-00
VITE TE M8x60-8.8 testa esagonale acciaio bianco,2726698148-00,1318185697-00,9539155196-00
M8x60 vite acciaio zincato bianco interamente filettata 8.8,2726698148-00,1318185697-00,9539155196-00
vite a2k m8x80 8.8 filettata acciaio zincato bianco,9539155196-00,3750693595-00,2700123943-00
vite interamente filettata m8 80mm 8.8 zincato,9539155196-00,3750693595-00,2700123943-00
vite esagonale m8x80 acciaio 8.8 filett. te_int,9539155196-00,3750693595-00,2700123943-00
vite filettata M10x35 acciaio 12.9 testa esagonale nera,2262609082-00,5610238284-00,9768909848-00
M10x35 vite nera interamente filettata acciaio 12.9 esagonale,2262609082-00,5610238284-00,9768909848-00
vite acciaio filettata M10 35 testa esagonale 12.9 nera,2262609082-00,5610238284-00,9768909848-00
vite nera m10x35 filettata acciaio 8.8,4366679025-00,7792307856-00,9625341535-00
vite esagonale m10 35mm completamente filettata 8.8,4366679025-00,7792307856-00,9625341535-00
M10x35 vite acciaio 8.8 interamente filettata nera,4366679025-00,7792307856-00,9625341535-00
vite esagonale M10x50 12.9 nera filettata,1945547201-00,7652035392-00,3950194926-00
vite nera M10 50 acciaio interamente filettata 12.9,1945547201-00,7652035392-00,3950194926-00
VITE TE INT.FILETT. M10 50 acciaio 12.9 esagonale,1945547201-00,7652035392-00,3950194926-00
vite esagonale M10 1.25 70mm acciaio 8.8 filettatura interna,3227693960-00,7699881798-00,1766918733-00
VITE M10x1.25x70 8.8 nera acciaio testa esagonale int.filett.,3227693960-00,7699881798-00,1766918733-00
M10 1.25x70 vite acciaio 8.8 esagonale filettatura interna nera,3227693960-00,7699881798-00,1766918733-00
vite esagonale M10x20 parzialmente filettata acciaio inox A2 70,1841898958-00,3240037049-00,6382490436-00
M10x20-70 vite filettata acciaio inox parzialmente esagonale,1841898958-00,3240037049-00,6382490436-00
vite A2 M10x20 acciaio inox filettatura parziale testa esagonale,1841898958-00,3240037049-00,6382490436-00
vite esagonale A2 M10x25-70 filettatura parziale,7047336438-00,7946949392-00,3797912024-00
vite acciaio inox M10x25-70 parzialmente filettata testa esagonale,7047336438-00,7946949392-00,3797912024-00
filettatura parziale vite A2 M10x25 70 esagonale inox,7047336438-00,7946949392-00,3797912024-00
vite esagonale parzialmente filettata M10x30-70 acciaio inox A2,5846963981-00,9557184959-00,5074445582-00
A2 vite filetto parziale M10 30-70 esagonale,5846963981-00,9557184959-00,5074445582-00
M10x30-70 vite te parzialmente filettata in acciaio inox,5846963981-00,9557184959-00,5074445582-00
vite esagonale parzialmente filettata M10x35-70 in acciaio inox,3986344388-00,4751202753-00,8501645232-00
A2 M10x35-70 vite te filett. acciaio inox,3986344388-00,4751202753-00,8501645232-00
VITE TE PARZ.FILETT. M10x35-70 acciaio inox,3986344388-00,4751202753-00,8501645232-00
vite a testa esagonale m10x40-70 parzialmente filettata acciaio inox,8919094757-00,9692707642-00,3785046823-00
a2 m10x40-70 vite parzialmente filettata esagonale in acciaio inox,8919094757-00,9692707642-00,3785046823-00
m10x40-70 vite te parziale filettatura acciaio inox A2,8919094757-00,9692707642-00,3785046823-00
vite a2 m10x45-70 parzialmente filettata inox esagonale,6769183923-00,9235182267-00,1335929593-00
vite parziale filettatura acciaio M10x45-70,6769183923-00,9235182267-00,1335929593-00
vite esagonale inox m10x45-70 teste parzialmente filettate,6769183923-00,9235182267-00,1335929593-00
vite esagonale m10x55-70 parzialmente filettata acciaio inox,8413622314-00,3949656826-00,2262609082-00
vità te parzialmente filettata m10x55 acciaio inox,8413622314-00,3949656826-00,2262609082-00
m10x55-70 vite acciaio inox parzialmente filettata te esagonale,8413622314-00,3949656826-00,2262609082-00
vite esagonale M10x60-70 acciaio inox parzialmente filettata,2692784607-00,2211636078-00,5826927866-00
vite TE A2 M10x60-70 parzialmente filettata in acciaio inox,2692784607-00,2211636078-00,5826927866-00
vite acciaio inox M10 60-70 parzialmente filettata testa esagonale,2692784607-00,2211636078-00,5826927866-00
vite esagonale acciaio inox M10 65-70 filettatura parziale,4430253848-00,2796016373-00,3755850374-00
filettata M10x65-70 vite TE acciaio inox,4430253848-00,2796016373-00,3755850374-00
vite TE parzialmente filettata M10x65-70 acciaio A2,4430253848-00,2796016373-00,3755850374-00
vite esagonale M10 70-70 acciaio inox parzialmente filettata,3920625495-00,8924810199-00,5819943066-00
VITE FILETTATA A2 M10x70 parziale,3920625495-00,8924810199-00,5819943066-00
M10x70 vite acciaio inox testa esagonale parzialmente filettata,3920625495-00,8924810199-00,5819943066-00
vite esagonale M10x80-70 parzialmente filettata in acciaio inox,4986042147-00,5827014141-00,6179478807-00
A2 acciaio inox vite parzialmente filettata M10x80,4986042147-00,5827014141-00,6179478807-00
vite A2 M10 x 80-70 testa esagonale filettata parziale,4986042147-00,5827014141-00,6179478807-00
vite esagonale M12x110-70 acciaio inox parzialmente filettata,5367398985-00,3285264200-00,2869859722-00
VITE TE PARZ.FILETT. A2 M12 110 70,5367398985-00,3285264200-00,2869859722-00
vite M12x110-70 acciaio inox testa esagonale parzialmente filettata,5367398985-00,3285264200-00,2869859722-00
vite esagonale parzialmente filettata M12x35-70 acciaio inox,9696569168-00,6015093811-00,6173154583-00
acciaio inox vite te parzialmente filettata M12x35-70,9696569168-00,6015093811-00,6173154583-00
M12x35-70 vite te acciaio inox parzialmente filettata,9696569168-00,6015093811-00,6173154583-00
vite M12x60-70 acciaio inox parzialmente filettata testa esagonale,3119784394-00,7755366050-00,6639135641-00
vite a2 12x60 70 filettatura parziale,3119784394-00,7755366050-00,6639135641-00
vite esagonale parziale filettatura M12 lunghezza 60-70 in acciaio inox,3119784394-00,7755366050-00,6639135641-00
vite esagonale A2 M12x70 parzialmente filettata,9713312546-00,6439186466-00,4724490701-00
M12x70-70 vite acciaio inox testa esagonale,9713312546-00,6439186466-00,4724490701-00
vite parzialmente filettata M12 A2 70mm esagonale,9713312546-00,6439186466-00,4724490701-00
vite esagonale parzialmente filettata M14x60-70 acciaio inox,6273083255-00,5103533812-00,6349191418-00
M14x60-70 vite filettata A2 testa esagonale,6273083255-00,5103533812-00,6349191418-00
vite A2 parziale M14 60-70 esagonale inox,6273083255-00,5103533812-00,6349191418-00
vite esagonale M16x150-70 acciaio inox parzialmente filettata,9570592597-00,6412652996-00,5008345398-00
A2 vite filett. parz. M16 x 150-70,9570592597-00,6412652996-00,5008345398-00
M16 150-70 vite te parzialmente filettata acciaio inox,9570592597-00,6412652996-00,5008345398-00
vite inox M16x60-70 parzialmente filettata,7064132121-00,8610260368-00,4838358893-00
M16x60-70 vite te parzialmente filettata acciaio inox,7064132121-00,8610260368-00,4838358893-00
vite a testa esagonale acciaio inox M16 60-70 fil.,7064132121-00,8610260368-00,4838358893-00
vite esagonale parzialmente filettata M16x65-70 acciaio inox A2,3256546005-00,9265943440-00,3797912024-00
M16x65-70 vite te parzial.filett. acciaio inox,3256546005-00,9265943440-00,3797912024-00
vite A2 M16 65-70 testa esagonale parzialmente filettata,3256546005-00,9265943440-00,3797912024-00
vite esagonale M24x50-70 parzialmente filettata acciaio inox A2,8472685349-00,2465261058-00,3422773531-00
vite A2 M24 x 50-70 testa esagonale parzialmente filettata,8472685349-00,2465261058-00,3422773531-00
VITE filettata parziale M24x50-70 acciaio inox tipo esagonale,8472685349-00,2465261058-00,3422773531-00
vite esagonale parzialmente filettata M4x10-70 acciaio inox,9235266034-00,3388938782-00,9164921243-00
A2 M4x10-70 vite filettata parziale testa esagonale,9235266034-00,3388938782-00,9164921243-00
vite inox M4x10-70 parzialmente filettata A2,9235266034-00,3388938782-00,9164921243-00
vite esagonale acciaio inox parzialmente filettata M4x50-70,6404187464-00,2210052713-00,3983001081-00
vite parziale filettatura A2 misura M4x50-70,6404187464-00,2210052713-00,3983001081-00
VITE TE parzialmente filetto M4x50-70 in acciaio inox,6404187464-00,2210052713-00,3983001081-00
vite esagonale m5x12-70 acciaio inox parzialmente filettata,7418397259-00,7449618970-00,6029968985-00
vite te parziale filettatura A2 m5 12 70,7418397259-00,7449618970-00,6029968985-00
m5x12 70 vite a testa esagonale in acciaio inox filettatura parziale,7418397259-00,7449618970-00,6029968985-00
vite filettata parzialmente M6x10-70 acciaio inox,9788873693-00,7212218295-00,6517508636-00
A2 M6x10-70 vite esagonale parzialmente filettata,9788873693-00,7212218295-00,6517508636-00
vite a testa esagonale M6x10 acciaio inox 70,9788873693-00,7212218295-00,6517508636-00
vite esagonale M6x12-70 acciaio inox parzialmente filettata,9778571217-00,3598238979-00,9313557687-00
A2 vite TE filettata 12mm lunghezza 70mm,9778571217-00,3598238979-00,9313557687-00
VITE TE PARZ.FILETT. acciaio inox M6 12-70,9778571217-00,3598238979-00,9313557687-00
vite esagonale M6x16-70 acciao inox parzialmente filettata,7836028606-00,1922810124-00,1537895535-00
A2 M6x16-70 vite parzialmente filettata testa esagonale,7836028606-00,1922810124-00,1537895535-00
vite a2 M6 16 mm parzialmente filettata esagonale inox,7836028606-00,1922810124-00,1537895535-00
vite testa esagonale parzialmente filettata inox A2 M6 20-70,3030346654-00,1681278189-00,3693299201-00
vite TE A2 M6x20-70 acciaio inox parz. filett.,3030346654-00,1681278189-00,3693299201-00
M6x20-70 vite esagono acciaio inox A2 parziale filetto,3030346654-00,1681278189-00,3693299201-00
vite esagonale A2 M6x30-70 parzialmente filettata inox,4283635832-00,7534578004-00,6719591180-00
M6x30-70 parz.filettatura vite testa esagonale acciaio inox,4283635832-00,7534578004-00,6719591180-00
vite acciaio inox TE parzialmente filettata M6x30-70,4283635832-00,7534578004-00,6719591180-00
vite testa esagonale inox A2 M6 40-70 parziale filetto,6375619999-00,3088262718-00,8854288795-00
M6x40-70 vite parzialmente filettata acciaio inox testa esagonale,6375619999-00,3088262718-00,8854288795-00
vite TE A2 acciaio inox M6 40-70 parz filettatura,6375619999-00,3088262718-00,8854288795-00
vite testa esagonale parz. filett. inox a2 m6 50-70,9257600323-00,7974005612-00,7242319851-00
vite esagono acciaio inox m6x50-70 filettatura parziale,9257600323-00,7974005612-00,7242319851-00
vite TE A2 M6 50-70 parzialmente filettata,9257600323-00,7974005612-00,7242319851-00
vite testa esagonale A2 M8x10-70 parzialmente filettata acciaio inox,4439471575-00,9621571968-00,5102587125-00
M8x10-70 vite inox parz filettatura testa esag,4439471575-00,9621571968-00,5102587125-00
vite acciaio inox testa esagonale parz.filett. M8x10-70,4439471575-00,9621571968-00,5102587125-00
vite testa esagonale acciaio inox M8x100-70 parz filettata,8983831494-00,2323356604-00,1815563881-00
vite TE A2 M8x100-70 acciaio inox parzialmente filettata,8983831494-00,2323356604-00,1815563881-00
M8x100-70 vite inox testa esag parziale filetto,8983831494-00,2323356604-00,1815563881-00
vite testa esagonale inox A2 M8x110 parziale filettatura,3332127492-00,6788242064-00,1543538935-00
M8x110-70 vite inox parzialmente filettata testa esagonale,3332127492-00,6788242064-00,1543538935-00
vite parz.filett. acciaio inox testa TE M8 110,3332127492-00,6788242064-00,1543538935-00
vite testa esagonale parz filettatura acciaio inox M8x16-70,8045442358-00,7071292323-00,9620732978-00
TE A2 M8x16-70 vite parzialmente filettata,8045442358-00,7071292323-00,9620732978-00
vite inox M8x16-70 testa esagonale filettatura parziale,8045442358-00,7071292323-00,9620732978-00
vite testa esagonale A2 M8x20-70 inox parz.filettatura,6851681215-00,1171759738-00,9424776550-00
m8x20-70 vite acciaio inox parcialmente filettata testa esag,6851681215-00,1171759738-00,9424776550-00
vite TE parzialmente filettata acciaio inox M8x20-70,6851681215-00,1171759738-00,9424776550-00
vite te a2 m8x25-70 inox parzialmente filettata,7527229457-00,5214347101-00,5357013118-00
vite testa esagonale M8x25/70 acciaio inox parz filett,7527229457-00,5214347101-00,5357013118-00
m8x25-70 vite esagonale inox parziale filetto a2,7527229457-00,5214347101-00,5357013118-00
vite testa esagonale inox A2 M8x30-70 parzialmente filettata,8558678354-00,8953620793-00,7155263857-00
M8x30-70 vite parz. filettatura acciaio inossidabile TE,8558678354-00,8953620793-00,7155263857-00
vite TE acciaio inox parziale filetto misura M8x30-70,8558678354-00,8953620793-00,7155263857-00
vite testa esagonale parzialmente filettata acciaio inox M8x35-70,2280881012-00,5979277982-00,6998943831-00
vite TE parz.filett. A2 M8x35/70 inox,2280881012-00,5979277982-00,6998943831-00
M8x35-70 vite esagonale acciaio inox parziale filetto,2280881012-00,5979277982-00,6998943831-00
vite testa esagonale parzialmente filettata A2 M8x40-70 inox,6148464742-00,2008875850-00,6600100268-00
M8x40-70 vite inox parz filettatura testa esag,6148464742-00,2008875850-00,6600100268-00
vite acciaio inossidabile testa TE M8 40-70 parziale filetto,6148464742-00,2008875850-00,6600100268-00
vite testa esagonale acciaio inox parz. filettatura M8x45-70 A2,3286024653-00,9844671434-00,9734057020-00
vite TE parzialmente filettata A2 inox M8 45-70,3286024653-00,9844671434-00,9734057020-00
esagono vite inox A2 M8x45-70 parz filettata,3286024653-00,9844671434-00,9734057020-00
vite testa esagonale parz filettata acciaio inox A2 M8x55-70,8186909629-00,3810692731-00,5556266370-00
vite parzialmente filettata M8x55/70 inox testa TE,8186909629-00,3810692731-00,5556266370-00
M8x55-70 vite TE inox A2 parziale filetto,8186909629-00,3810692731-00,5556266370-00
vite testa esag parzialmente filettata inox M8x60-70,9378016972-00,8201515478-00,8981508854-00
vite TE parz. filett. A2 M8 60-70 acciaio inox,9378016972-00,8201515478-00,8981508854-00
M8x60-70 vite a2 testa esagonale parz filettatura,9378016972-00,8201515478-00,8981508854-00
vite testa esagonale M8x90-70 inox A2 parzialmente filettata,4000811310-00,8234565308-00,8286072537-00
vite TE acciaio inox parz.filettatura M8x90-70,4000811310-00,8234565308-00,8286072537-00
M8x90-70 vite esagonale A2 parziale filetto,4000811310-00,8234565308-00,8286072537-00
vite testa esagonale A2K M10x100-8.8 parziale filetto,1507127156-00,5199644221-00,9271244353-00
M10x100 8.8 acciaio zincato bianco vite esag. parz. filettata,1507127156-00,5199644221-00,9271244353-00
vite parzialmente filettata A2K 8.8 testa esagonale zincato bianco M10x100,1507127156-00,5199644221-00,9271244353-00
vite esagono A2K M10x110-8.8 parzialmente filettata acciaio zincato bianco,6560524468-00,8824276530-00,9226799871-00
M10x110 8.8 vite testa esagonale zincata parz.filettatura,6560524468-00,8824276530-00,9226799871-00
vite parz.filettata acciaio bianco zincato testa esagonale M10x110 8.8,6560524468-00,8824276530-00,9226799871-00
vite testa esagonale M10x120-8.8 acciaio zincato bianco parzialmente filettata,3363589240-00,2702873845-00,2657608685-00
VITE TE PARZ.FILETT. A2K M10x120-8.8,3363589240-00,2702873845-00,2657608685-00
vite parzialmente filettata M10x120 8.8 zincata bianca,3363589240-00,2702873845-00,2657608685-00
vite esagono parzialmente filettata m10x130 8.8 acciaio zincato bianco,9961931002-00,3396052504-00,5256951442-00
TE parz.filett. M10x130-8.8 A2K vite zincata,9961931002-00,3396052504-00,5256951442-00
vite testa esagonale parz. filettatura acciaio A2K m10 130 8.8,9961931002-00,3396052504-00,5256951442-00
vite testa esagonale m10x140 8.8 parzialmente filettata acciaio zincato bianco,1390495645-00,6114708424-00,7064132121-00
vite te parz.filett. a2k m10x140-8.8 acciaio,1390495645-00,6114708424-00,7064132121-00
m10x140 vite 8.8 parz filettatura acciaio zincato testa esagonale,1390495645-00,6114708424-00,7064132121-00
vite testa esagonale M10x150 8.8 A2K parzialmente filettata,7283136748-00,7448971127-00,8807682391-00
vite parz filettatura acciaio zincato bianco M10x150-8.8,7283136748-00,7448971127-00,8807682391-00
M10x150 8.8 vite TE A2K zincata bianca parz filettata,7283136748-00,7448971127-00,8807682391-00
vite testa esagonale M10x16 8.8 parziale acciaio zincato bianco,2537516574-00,8271010713-00,9164921243-00
TE PARZ.FILETT. A2K M10x16-8.8 vite acciaio bianco,2537516574-00,8271010713-00,9164921243-00
vite parzialmente filettata M10x16 8.8 zincata A2K,2537516574-00,8271010713-00,9164921243-00
vite testa esagonale M10x160 8.8 acciaio zincato bianco parzialmente filettata,2407885247-00,7714999073-00,1409980522-00
vite TE parz.filett. A2K M10x160-8.8,2407885247-00,7714999073-00,1409980522-00
M10x160 vite esagonale 8.8 parziale filettatura acciaio zincato,2407885247-00,7714999073-00,1409980522-00
vite esagonale M10x20 8.8 parzialmente filettata acciaio zincato bianco,9890504923-00,5659214768-00,4595789175-00
vite TE parz.filett. A2K M10x20-8.8,9890504923-00,5659214768-00,4595789175-00
M10x20-8.8 vite testa esagonale acciaio bianco parziale filetto,9890504923-00,5659214768-00,4595789175-00
vite testa esagonale parzialmente filettata M10x25 acciaio zincato 8.8,7891212922-00,9324563672-00,9857994711-00
vite TE parz.filett. A2K M10x25-8.8 acciaio zincato bianco,7891212922-00,9324563672-00,9857994711-00
M10x25 8.8 vite esagonale parziale filetto zincata,7891212922-00,9324563672-00,9857994711-00
vite esagonale M10x30 8.8 acciaio zincato parzialmente filettata,8201399184-00,5259060496-00,8250221914-00
TE parz. filettatura M10x30-8.8 A2K acciaio zincato bianco,8201399184-00,5259060496-00,8250221914-00
vite testa esagonale parziale filettatura M10x30 zincato 8.8,8201399184-00,5259060496-00,8250221914-00
vite esagonale M10x35 8.8 acciaio zincato bianco parzialmente filettata,6279585112-00,3071439359-00,9890504923-00
vite TE parz.filett. A2K M10x35-8.8 acciaio,6279585112-00,3071439359-00,9890504923-00
M10x35-8.8 vite testa esagonale zincata bianca parziale filetto,6279585112-00,3071439359-00,9890504923-00
vite esagono M10x40 8.8 acciaio zincato bianco parz.filettata,9259659927-00,2767523756-00,8577088598-00
TE parzialmente filettata M10x40-8.8 A2K zincata bianca,9259659927-00,2767523756-00,8577088598-00
vite testa esagonale acciaio A2K parziale M10x40 8.8,9259659927-00,2767523756-00,8577088598-00
vite testa esagonale m10x45 8.8 parzialmente filettata acciaio zincato bianco,6610415924-00,5496994079-00,6575833974-00
vite te parz.filett. A2K M10x45 8.8,6610415924-00,5496994079-00,6575833974-00
vite esagonale acciaio A2K m10x45 8.8 zincata parziale filetto,6610415924-00,5496994079-00,6575833974-00
vite TE parzialmente filettata acciaio zincato bianco M10x50 8.8,3628521450-00,6526985464-00,8080092186-00
M10x50-8.8 vite testa esagonale parz. filettatura A2K,3628521450-00,6526985464-00,8080092186-00
vite esagonale 8.8 acciaio zincato a2k parziale filettatura M10x50,3628521450-00,6526985464-00,8080092186-00
vite testa esagonale M10x55 8.8 acciaio zincato bianco parzialmente filettata,9424776550-00,5196514300-00,8094449719-00
vite TE parz.filett. A2K M10x55-8.8,9424776550-00,5196514300-00,8094449719-00
M10x55 8.8 vite esagonale zincata bianca filettatura parziale,9424776550-00,5196514300-00,8094449719-00
vite esagono A2K M10x60 8.8 parziale filettatura acciaio zincato bianco,5858467301-00,6877469816-00,7047336438-00
M10x60-8.8 vite testa esagonale parzialmente filettata acciaio bianco,5858467301-00,6877469816-00,7047336438-00
vite TE parz. filettata acciaio zincato A2K M10x60 classe 8.8,5858467301-00,6877469816-00,7047336438-00
vite esagonale parzialmente filettata M10x65 8.8 acciaio zincato bianco,8380686623-00,9918136165-00,1442567475-00
TE parz.filett. M10x65-8.8 A2K vite zincata,8380686623-00,9918136165-00,1442567475-00
vite testa esagonale acciaio A2K 8.8 parziale filettatura M10x65,8380686623-00,9918136165-00,1442567475-00
vite testa esagonale M10x70 8.8 parzialmente filettata acciaio zincato bianco,2891067891-00,9732007045-00,2067159406-00
TE parz.filett. M10x70-8.8 A2K vite acciaio zincato,2891067891-00,9732007045-00,2067159406-00
vite esagonale parz filettatura 8.8 M10x70 acciaio A2K zincato,2891067891-00,9732007045-00,2067159406-00
vite testa esagonale m10x75 parziale 8.8 acciaio zincato bianco,2495255911-00,6088982169-00,6484615821-00
vite te parz.filett. a2k m10x75 8.8 zincatura bianca,2495255911-00,6088982169-00,6484615821-00
m10x75 8.8 vite parzialmente filettata testa esagonale acciaio bianco,2495255911-00,6088982169-00,6484615821-00
vite testa esagonale M10x80 8.8 acciaio zincato bianco parzialmente filettata,3018333822-00,7280084778-00,2783619008-00
vite TE parz.filett. A2K M10x80-8.8 acciaio zincato,3018333822-00,7280084778-00,2783619008-00
M10x80-8.8 vite esagonale acciaio A2K filettatura parziale,3018333822-00,7280084778-00,2783619008-00
vite testa esagonale M10x90-8.8 acciaio zincato bianco parzialmente filettata,6750692513-00,9575584857-00,3624270395-00
VITE TE PARZ.FILETT. M10x90 8.8 A2K,6750692513-00,9575584857-00,3624270395-00
esagonale parz filettatura vite A2K M10x90-8.8 zincato,6750692513-00,9575584857-00,3624270395-00
"vite testa esagonale m12x1,25x35 parziale acciaio zincato bianco 8.8",6120344016-00,7858424626-00,5629772323-00
"vite te parz.filett. A2K M12x1,25x35-8.8",6120344016-00,7858424626-00,5629772323-00
"m12x1,25x35 vite esagonale parz.filettata acciaio 8.8 zincato",6120344016-00,7858424626-00,5629772323-00
vite testa esagonale m12x100 parzialmente filettata acciaio zincato bianco 8.8,3348164823-00,7193492054-00,3983001081-00
vite te parz.filett. a2k m12x100-8.8 zincato testa esagonale,3348164823-00,7193492054-00,3983001081-00
m12x100 8.8 parziale filetto vite esag acciaio zincato bianco,3348164823-00,7193492054-00,3983001081-00
vite testa esagonale M12x110 8.8 acciaio zincato bianco parzialmente filettata,6944966855-00,3555796952-00,5309071573-00
vite te parz.filett. A2K M12x110-8.8 zincata bianca,6944966855-00,3555796952-00,5309071573-00
M12 x 110 8.8 vite acciaio bianco parziale filetto testa esagonale,6944966855-00,3555796952-00,5309071573-00
vite testa esagonale m12x120 8.8 acciaio zincato bianco parzialmente filettata,4249580146-00,7084542775-00,5959674287-00
VITE TE PARZ.FILETT. M12x120 8.8 A2K,4249580146-00,7084542775-00,5959674287-00
vite esagonale acciaio bianco M12x120 8.8 filettatura parziale,4249580146-00,7084542775-00,5959674287-00
vite testa esagonale M12x130 8.8 parz.filettata acciaio zincato bianco,8971643306-00,7946949392-00,6750692513-00
vite te acciaio A2K parzialmente filettata M12x130-8.8,8971643306-00,7946949392-00,6750692513-00
M12x130 8.8 vite parziale filetto te zincata bianca,8971643306-00,7946949392-00,6750692513-00
vite testa esagonale M12x140 parziale filettatura 8.8 A2K,6957993039-00,6178070846-00,6758858432-00
vite parzialmente filettata acciaio zincato bianco M12x140-8.8,6957993039-00,6178070846-00,6758858432-00
vite TE acciaio A2K 8.8 M12 140 parz. filettata,6957993039-00,6178070846-00,6758858432-00
vite TE M12x180 8.8 parz. filettata acciaio zincato bianco,2139735163-00,3882501209-00,2914934155-00
M12x180-8.8 vite testa esagonale parziale filettatura A2K,2139735163-00,3882501209-00,2914934155-00
vite esagonale acciaio bianco zincato M12 180 8.8 parzialmente filettata,2139735163-00,3882501209-00,2914934155-00
vite testa esagonale M12x20 8.8 parzialmente filettata acciaio zincato bianco,7302875617-00,8112929682-00,7242319851-00
VITE TE PARZ.FILETT. A2K M12x20-8.8 acciaio bianco,7302875617-00,8112929682-00,7242319851-00
M12x20 8.8 vite esagono parz filettata zincata,7302875617-00,8112929682-00,7242319851-00
vite esagonale acciaio zincato a2k m12x25 8.8 parz filettata,1537895535-00,5752034351-00,9424776550-00
m12x25-8.8 vite testa esagonale parzialmente filettata zincata bianca,1537895535-00,5752034351-00,9424776550-00
vite parz filettatura acciaio bianco testa esagonale a2k m12x25 8.8,1537895535-00,5752034351-00,9424776550-00
vite testa esagonale parzialmente filettata acciaio zincato a2k m12x30 8.8,2049324918-00,1500848500-00,8531744429-00
vite te parz.filett. acciaio zincato bianco m12x30-8.8,2049324918-00,1500848500-00,8531744429-00
m12x30-8.8 vite esagonale a2k parzialmente filettata zincata,2049324918-00,1500848500-00,8531744429-00
vite testa esagonale M12x35-8.8 parzialmente filettata acciaio zincato bianco,2462869810-00,4220226415-00,5116998464-00
VITE TE PARZ.FILETT. acciaio A2K M12x35 8.8,2462869810-00,4220226415-00,5116998464-00
vite M12x35 8.8 zincata bianca testa esagonale parz.filettatura,2462869810-00,4220226415-00,5116998464-00
vite esagonale parziale filettatura acciaio zincato bianco m12x40 classe 8.8,5930875688-00,2115938088-00,9547309251-00
vite TE parzialmente filettata zincata M12x40 in acciaio 8.8,5930875688-00,2115938088-00,9547309251-00
m12x40 vite a testa esagonale acciaio zincato bianco filettatura parziale 8.8,5930875688-00,2115938088-00,9547309251-00
vite a testa esagonale parzialmente filettata acciaio zincato a2k M12x45 8.8,7878248452-00,3634085133-00,1557781426-00
vite te parz filet 8.8 zincata bianco m12x45 acciaio,7878248452-00,3634085133-00,1557781426-00
vite esagonale acciaio zincato bianco m12 x 45 parziale filet 8.8,7878248452-00,3634085133-00,1557781426-00
vite esagonale acciaio zincato bianco M12x50 8.8 filettatura parziale,7563728627-00,7976170256-00,4661397238-00
vite a testa TE parzialmente filettata M12x50 acciaio A2K 8.8 zincata,7563728627-00,7976170256-00,4661397238-00
M12x50 vite zincata bianca testa esagonale filettatura parz acciaio 8.8,7563728627-00,7976170256-00,4661397238-00
vite testa esagonale acciaio zincato a2k M12x55 classe 8.8 filettatura parziale,1962744634-00,5737655993-00,1209233355-00
M12x55 vite parzialmente filettata 8.8 zincata bianca acciaio testa esagonale,1962744634-00,5737655993-00,1209233355-00
vite esagonale parz.filettata acciaio zincato bianco M12 x 55 8.8 A2K,1962744634-00,5737655993-00,1209233355-00
vite a testa esagonale zincata bianco acciaio A2K M12x60 8.8 parz filettata,7115681597-00,9645658988-00,1766918733-00
vite M12x60 8.8 parzialmente filettata zincata bianco acciaio testa esagonale A2K,7115681597-00,9645658988-00,1766918733-00
vite parzialmente filettata testa esagonale acciaio zincato bianco M12x60 8.8 A2K,7115681597-00,9645658988-00,1766918733-00
vite a testa esagonale parzialmente filettata acciaio zincato bianco m12x65 classe 8.8,8195453239-00,5379178942-00,6560524468-00
viti te parz filettate a2k m12x65 zincate bianche acciaio 8.8,8195453239-00,5379178942-00,6560524468-00
vite esagonale parz filettato acc zincato bianco m12x65 8.8 acciaio,8195453239-00,5379178942-00,6560524468-00
vite testa esagonale parzialmente filettata acciaio zincato bianco m12x70 classe 8.8,9230008126-00,7255109294-00,4918161903-00
m12x70 vite te parz filettata acciaio zincato bianco 8.8,9230008126-00,7255109294-00,4918161903-00
vite a testa esagonale parz filettata m12x70 acciaio zincato bianco 8.8,9230008126-00,7255109294-00,4918161903-00
vite testa esagonale M12x80 zincata bianco A2K 8.8 filettatura parziale,8088390816-00,9650481371-00,5658151048-00
vite parzialmente filettata acciaio zincato testa esagonale M12x80 8.8 A2K,8088390816-00,9650481371-00,5658151048-00
M12x80 vite zincata bianca acciaio 8.8 testa esagonale filettatura parziale A2K,8088390816-00,9650481371-00,5658151048-00
vite esagonale parzialmente filettata M12x90 acciaio zincato A2K 8.8,6483761246-00,1809871854-00,8835390267-00
M12x90 vite A2K testa esagonale parz. filettata acciaio zincato bianco 8.8,6483761246-00,1809871854-00,8835390267-00
vite zincata bianca M12x90 8.8 testina esagonale filettatura parziale A2K,6483761246-00,1809871854-00,8835390267-00
vite testa esagonale parz filettata A2K M14x1.5x35 acciaio zincato 8.8,6834070862-00,5506538398-00,6708180027-00
"vite M14x1,5x35 parzialmente filettata acciaio zincato bianco 8.8 testa esagonale",6834070862-00,5506538398-00,6708180027-00
"vite a testa esagonale parz filettata M14x1,5x35 acciaio zincato A2K 8.8",6834070862-00,5506538398-00,6708180027-00
vite testa esagonale parzialmente filettata acciaio zincato m14x100 classe 8.8,8835390267-00,2300869594-00,1680115035-00
vite TE parz filett A2K m14x100 zincata bianca 8.8,8835390267-00,2300869594-00,1680115035-00
vite esag zincata bianca M14x100 parzialmente filettata 8.8 acciaio,8835390267-00,2300869594-00,1680115035-00
vite testa esagonale acciaio zincato parzialmente filettata M14x130 classe 8.8,9541305032-00,8556932975-00,5657947616-00
viti parzialmente filettate M14x130 A2K zincate bianco testa esagonale 8.8,9541305032-00,8556932975-00,5657947616-00
vite M14x130 zincata bianca testa esagonale filettatura parziale acciaio classe 8.8,9541305032-00,8556932975-00,5657947616-00
vite esagonale parzialmente filettata zincata bianca A2K M14x160 8.8,6958437317-00,9308219724-00,2963834971-00
viti testa esagonale parz filett acciaio zincato M14x160 classe 8.8 A2K,6958437317-00,9308219724-00,2963834971-00
vite testa hex parzialmente filettata M14x160 acciaio zincato bianco 8.8,6958437317-00,9308219724-00,2963834971-00
vite esagonale parzialmente filettata acciaio zincato bianco m14x30 8.8,2096233051-00,8499456817-00,4184231864-00
m14x30 vite te parz filett acciaio zincato bianco tipo 8.8 testa esagonale,2096233051-00,8499456817-00,4184231864-00
vite a testa esagonale filettata parziale zincata bianca m14x30 8.8 acciaio,2096233051-00,8499456817-00,4184231864-00
vite esagonale parzialmente filettata acciaio zincato M14x35 classe 8.8,4482660134-00,9463710625-00,4632171824-00
viti testa hex zincate bianche M14x35 parz.filettate A2K 8.8,4482660134-00,9463710625-00,4632171824-00
vite M14x35 acciaio zincato bianco esagonale parzialmente filettata 8.8,4482660134-00,9463710625-00,4632171824-00
vite testa esagonale parzialmente filettata acciaio zincato bianco M14x40 classe 8.8,1463568795-00,1487938653-00,2783619008-00
vite M14x40 a2k testa esagonale filettatura parziale acciaio zincato 8.8,1463568795-00,1487938653-00,2783619008-00
VITE TE PARZ.FILETT. A2K M14x40 zincata bianco acciaio 8.8 parzialmente filettata,1463568795-00,1487938653-00,2783619008-00
vite testa esagonale parzialmente filettata acciaio zincato bianco m14x45 classe 8.8,4074921857-00,6313759283-00,7821257699-00
viti m14x45 acciaio zincato bianco filettatura parziale 8.8 testa esagonale,4074921857-00,6313759283-00,7821257699-00
vite m14x45 parz filettato testa esagonale acciaio zincato bianco 8.8,4074921857-00,6313759283-00,7821257699-00
vite testa esagonale M14x50 acciaio zincato bianco parz filettata classe 8.8,8028447605-00,5789814708-00,1596340372-00
vite parzialmente filettata M14x50 A2K acciaio zincato bianco testa esagonale 8.8,8028447605-00,5789814708-00,1596340372-00
vite Esag. parz filettata M14x50 acciaio zincato bianco 8.8 A2K,8028447605-00,5789814708-00,1596340372-00
vite esagonale acciaio zincato bianco M14x60 classe 8.8 parzialmente filettata,5719460806-00,9036324333-00,4492492559-00
VITE TE PARZ.FILETT. A2K M14x60 acciaio zincato bianco 8.8 vite testa esagonale,5719460806-00,9036324333-00,4492492559-00
vite testa esagonale filetto parziale M14x60 8.8 acciaio zincato bianco A2K,5719460806-00,9036324333-00,4492492559-00
vite esagonale parzialmente filettata acciaio zincato bianco M14x70 classe 8.8,4848148118-00,5063594698-00,9901076633-00
M14x70 vite testa hex parz filettata zincata bianco acciaio 8.8,4848148118-00,5063594698-00,9901076633-00
vite te parz filet acciaio zincato testa esagonale 8.8 M14x70,4848148118-00,5063594698-00,9901076633-00
vite testa esagonale parzialmente filettata acciaio zincato bianco M14x80 classe 8.8,6358349105-00,3252594469-00,9961931002-00
vite parz filettatura esag testa acciaio A2K M14x80 8.8 zincata bianca,6358349105-00,3252594469-00,9961931002-00
vite esagonale A2K parzialmente filettata M14x80 acciaio zincato bianco 8.8,6358349105-00,3252594469-00,9961931002-00
vite testa esagonale parzialmente filettata acciaio zincato bianco m14x90 classe 8.8,9676503496-00,2836562661-00,9464218475-00
vite te parz filet a2k m14x90 zincata bianca 8.8,9676503496-00,2836562661-00,9464218475-00
vite a testa esagonale parzialmente filettata m14x90 acciaio zincato bianco 8.8,9676503496-00,2836562661-00,9464218475-00
vite esagonale parzialmente filettata zincata bianca M16x1.5x30 classe 8.8,1556034266-00,6397878439-00,3348164823-00
"bullone testa esagonale acciaio A2K filettatura parziale M16 x 1,5 x 30 8.8",1556034266-00,6397878439-00,3348164823-00
vite parz filettata A2K zincata M16 1.5 passo 30 mm 8.8 acciaio bianco,1556034266-00,6397878439-00,3348164823-00
"vite testa esagonale parzialmente filettata M16x1,5x50 acciaio zincato A2K 8.8",8073584362-00,2873874475-00,3562703168-00
"vite parzialmente filettata M16x1,5x50 zincata bianco acciaio 8.8 testa esagonale",8073584362-00,2873874475-00,3562703168-00
"vite A2K M16x1,5x50 mm 8.8 zincata bianca, parz filettata testa esagono acciaio",8073584362-00,2873874475-00,3562703168-00
vite testa esagonale acciaio zincato bianco M16x100 passo parziale 8.8,8767108517-00,1388817573-00,1426989314-00
vite parzialmente filettata A2K M16x100 acciaio zincato bianco classe 8.8,8767108517-00,1388817573-00,1426989314-00
bullone esagonale M16x100 filettatura parziale zincato bianco acciaio 8.8 A2K,8767108517-00,1388817573-00,1426989314-00
vite testa esagonale parzialmente filettata acciaio zincato bianco m16x110 8.8,5352015213-00,3810906932-00,3332127492-00
vite te parz filet a2k acciaio zincato m16x110 classe 8.8,5352015213-00,3810906932-00,3332127492-00
vite m16x110 acciaio zincato bianco testa esagonale filettatura parziale 8.8,5352015213-00,3810906932-00,3332127492-00
vite esagonale parzialmente filettata acciaio zincato a2k m16x120 8.8,6193108154-00,1473554121-00,8195453239-00
vite testa esagonale filettatura parziale m16x120 acciaio zincato bianco 8.8,6193108154-00,1473554121-00,8195453239-00
m16x120 vite a2k parz.filettata acciaio zincato testa esagonale 8.8,6193108154-00,1473554121-00,8195453239-00
vite testa esagonale acciaio zincato M16x130 8.8 parz filettata,9214170501-00,5737655993-00,6395039276-00
vite M16x130 parzialmente filettata zincata bianca acciaio 8.8 testa esagonale,9214170501-00,5737655993-00,6395039276-00
viti testa esagonale acciaio zincato bianco filettatura parziale M16x130 8.8,9214170501-00,5737655993-00,6395039276-00
vite esagonale parzialmente filettata acciaio zincato bianco m16x140 classe 8.8,9473357490-00,2370411599-00,2674961440-00
vite parz.filettata testa esagonale acciaio a2k m16x140 8.8 zincata bianco,9473357490-00,2370411599-00,2674961440-00
vite testa esagonale acciaio zincato m16x140 8.8 parzialmente filettata a2k,9473357490-00,2370411599-00,2674961440-00
vite testa esagonale parzialmente filettata acciaio zincato bianco m16x150 classe 8.8,1033519698-00,5827832202-00,8584132113-00
vite parzialmente filettata a2k m16x150 zincata bianca 8.8 esagonale,1033519698-00,5827832202-00,8584132113-00
vite m16x150 8.8 acciaio zincato bianco parz filettatura testa esagonale,1033519698-00,5827832202-00,8584132113-00
vite testa esagonale a2k acciaio zincato m16x25 gradazione 8.8 parzialmente filettata,9241749184-00,6373766664-00,4444787150-00
vite esagonale parz.filettata m16x25 acciaio zincato bianco a2k 8.8,9241749184-00,6373766664-00,4444787150-00
vite testa 6 spigoli filettatura parziale m16x25 acciaio zincato a2k classe 8.8,9241749184-00,6373766664-00,4444787150-00
vite esagonale parzialmente filettata acciaio zincato M16x30 classe 8.8,7518381135-00,7223215219-00,5360297225-00
vite TE parzialmente filettata A2K acciaio zincato bianco M16x30 8.8,7518381135-00,7223215219-00,5360297225-00
vite testa esagonale M16x30 filetto parziale acciaio zincato 8.8,7518381135-00,7223215219-00,5360297225-00
vite esagonale A2K parz filettatura M16x35 acciaio zincato bianco 8.8,3747273143-00,8301973657-00,3363589240-00
bullone testa esagonale parzialmente filettato M16x35 acciaio zincato classe 8.8,3747273143-00,8301973657-00,3363589240-00
vite TE A2K M16x35 zincata bianca filettatura parziale 8.8 acciaio,3747273143-00,8301973657-00,3363589240-00
vite esagonale parzialmente filettata acciaio zincato M16x40 classe 8.8,1596340372-00,4751202753-00,1084274257-00
vite TE parziale filettatura A2K M16x40 8.8 zincata bianca testa esagonale,1596340372-00,4751202753-00,1084274257-00
viti M16x40 8.8 testa esagonale acciaio zincato parzialmente filettate A2K,1596340372-00,4751202753-00,1084274257-00
vite testa esagonale M16x45 acciaio zincato A2K 8.8 filettatura parziale,6312418668-00,4157467111-00,2590488757-00
vite parzialmente filettata M16x45 zincata bianca A2K classe 8.8 testa esagonale,6312418668-00,4157467111-00,2590488757-00
M16x45 vite acciaio zincato bianco testa esagonale filettatura parziale A2K 8.8,6312418668-00,4157467111-00,2590488757-00
vite testa esagonale parzialmente filettata acciaio zincato m16x50 classe 8.8,2655491862-00,6620963127-00,7812106917-00
vite A2K parz filettata testa esagonale m16x50 acciaio zincato bianco 8.8,2655491862-00,6620963127-00,7812106917-00
vite inox parzialmente filettata esagonale m16x50 zincata bianca 8.8,2655491862-00,6620963127-00,7812106917-00
vite testa esagonale parzialmente filettata acciaio zincato m16x60 8.8,2024351750-00,9865133896-00,1699684670-00
vite te parz filettata acciaio zincato bianco m16x60 classe 8.8,2024351750-00,9865133896-00,1699684670-00
vite esagonale acciaio zincato bianco m16x60 lunghezza 60 mm 8.8 parz filettata,2024351750-00,9865133896-00,1699684670-00
vite a testa esagonale acciaio zincato parz filettata M16x70 classe 8.8,1543538935-00,4365586622-00,7669229686-00
vite parzialmente filettata A2K M16x70 zincato bianco testa esagonale 8.8,1543538935-00,4365586622-00,7669229686-00
M16x70 vite esagonale acciaio zincato bianco filettatura parziale 8.8,1543538935-00,4365586622-00,7669229686-00
vite esagonale parzialmente filettata acciaio zincato bianco M16x80 classe 8.8,1398953358-00,9275195001-00,3759777997-00
vite M16x80 testa esagonale parte filettata acciaio A2K 8.8 zincata bianca,1398953358-00,9275195001-00,3759777997-00
vite testa esagonale 8.8 parz filettata acciaio zincato bianco dimensione M16x80,1398953358-00,9275195001-00,3759777997-00
vite testa esagonale parz filettata acciaio zincato bianco m16x90 classe 8.8,8277383510-00,5696356045-00,9232719975-00
vite m16x90 parzialmente filettata acciaio a2k zincata bianca 8.8,8277383510-00,5696356045-00,9232719975-00
viti testa esagonale filetto parziale acciaio zincato bianco m16 x 90 8.8,8277383510-00,5696356045-00,9232719975-00
vite esagonale parzialmente filettata acciaio zincato bianco m20x100 classe 8.8,6478964688-00,7118497327-00,8888866174-00
vite TE parz. filett. A2K zincata bianca m20x100 8.8 testa esagonale acciaio,6478964688-00,7118497327-00,8888866174-00
vite a testa esagonale filettatura parziale acciaio zincato M20x100 8.8,6478964688-00,7118497327-00,8888866174-00
vite testa esagonale parzialmente filettata acciaio zincato bianco M20x120 8.8,3055785881-00,2758662101-00,5936570319-00
viti A2K zincate bianche M20x120 8.8 filettatura parziale testa esagonale,3055785881-00,2758662101-00,5936570319-00
vite M20x120 8.8 acciaio zincato testa esagono filettatura parziale A2K,3055785881-00,2758662101-00,5936570319-00
vite esagonale acciaio zincato bianco parzialmente filettata m20x150 8.8,9625341535-00,8020240760-00,7518381135-00
viti a testa esagonale filettatura parziale m20x150 acciaio zincato a2k classe 8.8,9625341535-00,8020240760-00,7518381135-00
vite te parzialmente filettata m20x150 8.8 zincata bianca acciaio a2k,9625341535-00,8020240760-00,7518381135-00
vite esagonale parzialmente filettata zincata A2K M20x180 8.8 acciaio,9734771552-00,5787199712-00,6963127063-00
vite testa esagonale parz filettatura acciaio zincato bianco M20x180 classe 8.8,9734771552-00,5787199712-00,6963127063-00
vite M20x180 8.8 acciaio zincato bianco parzialmente filettata testa esagonale A2K,9734771552-00,5787199712-00,6963127063-00
vite testa esagonale M20x40 zincata bianco filettatura parziale acciaio 8.8,2808138723-00,3952682608-00,9457329856-00
vite a testa esagonale parzialmente filettata A2K M20x40 acciaio zincato classe 8.8,2808138723-00,3952682608-00,9457329856-00
vite M20x40 acciaio zincato bianco a2k parz filettata esagonale 8.8,2808138723-00,3952682608-00,9457329856-00
vite a testa esagonale acciaio zincato bianco M20x50 classe 8.8 parz filettata,2973017365-00,7959077921-00,3820596471-00
vite TE parzialmente filettata acciaio A2K M20x50 8.8 zincata bianca testa esagonale,2973017365-00,7959077921-00,3820596471-00
vite esagonale parz filettata M20x50 acciaio zincato bianco A2K 8.8,2973017365-00,7959077921-00,3820596471-00
vite testa esagonale parziale filettatura acciaio zincato bianco m20x55 8.8,8713494800-00,1134871499-00,2857731037-00
vite m20x55 acciaio zincato bianco testa esagonale parzialmente filettata 8.8,8713494800-00,1134871499-00,2857731037-00
vite a2k m20x55 8.8 zincata a testa esagonale filettatura parziale acciaio,8713494800-00,1134871499-00,2857731037-00
vite esagonale parzialmente filettata acciaio zincato M20x60 8.8,5358690547-00,2331944648-00,6192891321-00
M20x60 vite testa esagonale parz.filettata acciaio zincato bianco 8.8,5358690547-00,2331944648-00,6192891321-00
vite a testa esagonale acciaio zincato bianco M20x60-8.8 parzialmente filettata,5358690547-00,2331944648-00,6192891321-00
vite testa esagonale parzialmente filettata acciaio zincato M20x65 8.8,1977603061-00,9880764182-00,5106055601-00
vite M20x65 acciaio zincato bianco testa esagonale filettatura parziale classe 8.8,1977603061-00,9880764182-00,5106055601-00
vite parz filettata testa esagonale zincata bianca A2K M20x65 8.8 acciaio,1977603061-00,9880764182-00,5106055601-00
vite testa esagonale parzialmente filettata zincata bianca acciaio m20x70 8.8,2114186304-00,1625768085-00,1316045560-00
vite TE parziale filettatura acciaio A2K m20x70 8.8 zincata bianca,2114186304-00,1625768085-00,1316045560-00
vite a2k testa esagonale parz. filettata acciaio zincato m20x70 classe 8.8,2114186304-00,1625768085-00,1316045560-00
vite esagonale parzialmente filettata acciaio zincato bianco m20x80 classe 8.8,6008985204-00,4410734538-00,9336756957-00
vite te parz filett a2k m20x80 8.8 zincata bianca acciaio testa esagonale,6008985204-00,4410734538-00,9336756957-00
vite acciaio zincato a2k m20x80 parzialmente filettata testa esagonale 8.8,6008985204-00,4410734538-00,9336756957-00
vite testa esagonale M20x90 8.8 zincata bianca parzialmente filettata acciaio A2K,2069007815-00,5218800597-00,3332127492-00
vite filettatura parziale acciaio zincato A2K M20x90 8.8 testa esagonale,2069007815-00,5218800597-00,3332127492-00
vite esagonale M20x90 acciaio zincato bianco classe 8.8 parz filettata A2K,2069007815-00,5218800597-00,3332127492-00
vite esagonale M22x120 acciaio zincato bianco 8.8 parz filettata,3150894744-00,9880764182-00,2312811465-00
vite testa TE parzialmente filettata A2K 8.8 M22x120 in acciaio zincato,3150894744-00,9880764182-00,2312811465-00
vite M22x120 8.8 zincata bianca acciaio parzialmente filettata TE parz.filett.,3150894744-00,9880764182-00,2312811465-00
vite parzialmente filettata M22x140 acciaio zincato A2K 8.8 testa esagonale,9393372856-00,3711982227-00,6546106359-00
vite a testa esagonale M22x140 parz filettatura acciaio zincato bianco classe 8.8,9393372856-00,3711982227-00,6546106359-00
vite TE filettatura parziale zincata M22x140 A2K acciaio 8.8 esagonale,9393372856-00,3711982227-00,6546106359-00
vite esagonale parzialmente filettata acciaio zincato A2K M22x150 classe 8.8,8779120401-00,4051928637-00,6148464742-00
M22x150 vite testa esagonale filetto parziale acciaio zincato 8.8 A2K,8779120401-00,4051928637-00,6148464742-00
vite parzialmente filettata M22x150 acciaio bianco zincato A2K 8.8,8779120401-00,4051928637-00,6148464742-00
vite testa esagonale parzialmente filettata acciaio zincato m22x200 classe 8.8,3422773531-00,1500848500-00,5116269099-00
vite te parz filettatura acciaio zincato bianco m22x200 8.8 esagonale,3422773531-00,1500848500-00,5116269099-00
vite esagonale zincata parz filettata acciaio m22x200 8.8,3422773531-00,1500848500-00,5116269099-00
vite esagonale parzialmente filettata acciaio zincato a2k m24x100 classe 8.8,2657608685-00,7013411208-00,1542882622-00
vite parz filett m24x100 8.8 acciaio zincato testa esagonale a2k,2657608685-00,7013411208-00,1542882622-00
vite testa esagonale acciaio zincato bianco m24x100 8.8 parzialmente filettata a2k,2657608685-00,7013411208-00,1542882622-00
vite testa esagonale acciaio zincato bianco parzialmente filettata m24x120 classe 8.8,7630033023-00,9841109457-00,8076724964-00
M24x120 vite parzialmente filettata acciaio A2K zincata bianca 8.8 esagonale,7630033023-00,9841109457-00,8076724964-00
vite esagonale filettatura parziale m24x120 zincata bianca acciaio 8.8 A2K,7630033023-00,9841109457-00,8076724964-00
vite esagonale parzialmente filettata acciaio zincato bianco M24x240 classe 8.8,8913245598-00,2086169402-00,7821257699-00
VITE TE parz.filettata M24x240 8.8 acciaio zincato bianco testa esagonale,8913245598-00,2086169402-00,7821257699-00
vite testa esagonale M24x240 zincata bianca parzialmente filettata 8.8 acciaio,8913245598-00,2086169402-00,7821257699-00
vite testa esagonale parz filett zincata bianca acciaio m24x70 classe 8.8,7165977649-00,9865133896-00,5878864569-00
vite M24x70 acciaio zincato bianco parzialmente filettata testa esagonale 8.8,7165977649-00,9865133896-00,5878864569-00
vite testa esagonale / parzialmente filettata A2K m24x70 zincata acciaio 8.8,7165977649-00,9865133896-00,5878864569-00
vite esagonale parziale filettatura acciaio zincato bianco M24x80 8.8,7669229686-00,2297062745-00,5348129455-00
vite testa hex parz filettata zincata A2K M24x80 classe 8.8,7669229686-00,2297062745-00,5348129455-00
vite M24x80 8.8 parzialmente filettata acciaio zincato testa esagonale,7669229686-00,2297062745-00,5348129455-00
vite testa esagonale acciaio zincato bianco m24x90 classe 8.8 parzialmente filettata,1360735004-00,1319770837-00,6958437317-00
vite a testa esagonale parz filettatura m24x90 acciaio zincato bianco 8.8,1360735004-00,1319770837-00,6958437317-00
viti acciaio zinco m24x90 parzialmente filettate testa esagonale 8.8,1360735004-00,1319770837-00,6958437317-00
vite testa esagonale parzialmente filettata acciaio zincato bianco M27x50 classe 8.8,9487954222-00,5218241439-00,8088004904-00
vite parzialmente filettata A2K zincata bianca M27x50 8.8 testa esagonale,9487954222-00,5218241439-00,8088004904-00
vite M27x50 acciaio zincato testa esagono filettatura parziale 8.8 A2K,9487954222-00,5218241439-00,8088004904-00
vite testa esagonale m4x10 acciaio zincato bianco 8.8 parzialmente filettata,5298209446-00,6065132367-00,1142825332-00
vite parz filettata m4x10 a2k acciaio zincato bianco 8.8 testa esagonale,5298209446-00,6065132367-00,1142825332-00
vite acciaio zincato m4x10 8.8 parz filett testa esagonale m4x10-8.8,5298209446-00,6065132367-00,1142825332-00
vite esagonale acciaio zincato bianco m4x16 classe 8.8 parzialmente filettata,3104080093-00,6506470874-00,4416543723-00
vite a testa TE parzialmente filettata m4x16 acciaio A2K zincata 8.8,3104080093-00,6506470874-00,4416543723-00
vite TE m4x16 zincata bianca 8.8 parz. filettata acciaio zincato  A2K,3104080093-00,6506470874-00,4416543723-00
vite testa esagonale zincata bianca a2k m4x20 8.8 parzialmente filettata,7204913316-00,4893561425-00,1570275778-00
viti M4x20 acciaio zincato testa esagonale filettatura parziale classe 8.8 A2K,7204913316-00,4893561425-00,1570275778-00
vite esagonale m4x20 zincata bianco parz filettata 8.8 acciaio tipo A2K,7204913316-00,4893561425-00,1570275778-00
vite testa esagonale parzialmente filettata acciaio zincato bianco M4x25 8.8,7573797526-00,2913148877-00,7440613697-00
M4x25 vite parz filettata 8.8 acciaio zincato testa esagonale,7573797526-00,2913148877-00,7440613697-00
vite esagonale parz filett zincata bianca acciaio M4x25 8.8,7573797526-00,2913148877-00,7440613697-00
vite testa esagonale acciaio zincato bianco m4x30 8.8 parz filettata,4429913408-00,6010207047-00,7807065847-00
vite parzialmente filettata m4x30 acciaio zincato bianco testa esagonale 8.8,4429913408-00,6010207047-00,7807065847-00
m4x30 vite esagonale acciaio zincato 8.8 parz filettata testa esagonale,4429913408-00,6010207047-00,7807065847-00
vite testa esagonale parzialmente filettata acciaio zincato bianco m4x35 classe 8.8,1917219391-00,6615563785-00,7669229686-00
vite TE m4x35 8.8 acciaio zincato bianco parte filettata formato esagonale,1917219391-00,6615563785-00,7669229686-00
vite testa esagonale A2K filettatura parziale m4x35 zincata bianca 8.8,1917219391-00,6615563785-00,7669229686-00
vite testa esagonale parzialmente filettata zincata bianco acciaio M4x50 8.8,4141074622-00,8570551709-00,3693299201-00
vite M4x50 parzialmente filettata a2k acciaio zincato testa esagonale classe 8.8,4141074622-00,8570551709-00,3693299201-00
acciaio zincato a2k vite parzialmente filettata testa esagono m4x50 8.8,4141074622-00,8570551709-00,3693299201-00
vite testa esagonale a2k acciaio zincato M4x55 passo parziale 8.8,2841112127-00,3381874459-00,1836583820-00
M4x55 vite parzialmente filettata in acciaio zincato bianco classe 8.8 a2k,2841112127-00,3381874459-00,1836583820-00
vite esagonale M4x55 zincata parz filettata 8.8 acciaio bianco A2K,2841112127-00,3381874459-00,1836583820-00
vite esagonale parzialmente filettata acciaio zincato m4x60 8.8,5595912099-00,6720131488-00,4595789175-00
vite testa esagonale parz.filettata a2k m4x60 zincato bianco 8.8,5595912099-00,6720131488-00,4595789175-00
vite a2k m4x60 8.8 acciaio zincato bianco parzialmente filettata testa esagonale,5595912099-00,6720131488-00,4595789175-00
vite esag. testa parz filettata m5x10 acciaio zincato bianco A2K 8.8,1732199075-00,2556292981-00,3069487216-00
vite parzialmente filettata M5x10 acciaio zincato bianco testa esagonale classe 8.8,1732199075-00,2556292981-00,3069487216-00
vite testa hex parz filettata A2K M5x10 acc zincato bianco 8.8,1732199075-00,2556292981-00,3069487216-00
vite testa esagonale parzialmente filettata acciaio zincato M5x16 classe 8.8,2590488757-00,7223215219-00,6484615821-00
vite M5x16 8.8 parz filettatura acciaio A2K zincato bianco testa esagonale,2590488757-00,7223215219-00,6484615821-00
vite esagonale parzialmente filettata M5x16 zincata bianca acciaio 8.8 class A2K,2590488757-00,7223215219-00,6484615821-00
vite testa esagonale parz. filettatura acciaio zincato bianco M5x20 8.8,2106723884-00,2091151423-00,4659010223-00
vite M5x20 8.8 acciaio zincato bianco testa esagonale filettatura parziale,2106723884-00,2091151423-00,4659010223-00
vite a2k M5x20 8.8 parzialmente filettata acciaio zincato bianco testa esagonale,2106723884-00,2091151423-00,4659010223-00
vite testa esagonale parzialmente filettata acciaio zincato bianco M5x25 8.8,5866832251-00,3984544458-00,9857994711-00
vite M5x25 parz.filettata testa esagonale acciaio zincato bianco 8.8,5866832251-00,3984544458-00,9857994711-00
vite A2K M5x25 parzialmente filettata acciaio zincato bianco testa esagonale 8.8,5866832251-00,3984544458-00,9857994711-00
vite esagonale testa parziale filettatura acciaio zincato bianco M5x30 8.8,3281332982-00,1826420970-00,7510513190-00
vite testa esagono M5x30 parz filettata acciaio A2K zincato 8.8,3281332982-00,1826420970-00,7510513190-00
M5x30 vite parzialmente filettata zincata bianca A2K classe 8.8 testa esagonale,3281332982-00,1826420970-00,7510513190-00
vite parzialmente filettata testa esagonale acciaio zincato m5x35 classe 8.8,6617180054-00,4594330070-00,5560341153-00
vite m5x35 8.8 zincata bianca testa esagonale filettatura parziale,6617180054-00,4594330070-00,5560341153-00
vite testa esagonale parz filettata acciaio zincato bianco m5x35 8.8,6617180054-00,4594330070-00,5560341153-00
vite esagonale parzialmente filettata acciaio zincato m5x45 classe 8.8,6508425047-00,9125241032-00,1142825332-00
vite te parz filett. a2k m5x45 zincata bianca 8.8,6508425047-00,9125241032-00,1142825332-00
vite a testa hex parzialmente filettata m5x45 acciaio zincato bianco 8.8,6508425047-00,9125241032-00,1142825332-00
vite testa esagonale zincata bianco M5x50 acciaio 8.8 filettatura parziale,1511681744-00,2913148877-00,5826927866-00
vite M5x50 parz filettata acciaio zincato bianco classe 8.8 testa esagonale,1511681744-00,2913148877-00,5826927866-00
vite esagonale parzialmente filettata A2K M5x50 acciaio zincato bianco 8.8,1511681744-00,2913148877-00,5826927866-00
vite a testa esagonale acciaio zincato m5x60 8.8 parz filettata,9093412678-00,1046311721-00,1644223822-00
vite TE parzialmente filettata A2K acciaio zincato m5x60 classe 8.8,9093412678-00,1046311721-00,1644223822-00
vite esagonale parzialmente filettata M5x60 zincata bianca 8.8 acciaio,9093412678-00,1046311721-00,1644223822-00
vite testa esagonale acciaio zincato bianco M6x10 parzialmente filettata 8.8,4659010223-00,1159958664-00,9547309251-00
viti parzialmente filettate M6x10 acciaio zincato bianco A2K 8.8,4659010223-00,1159958664-00,9547309251-00
vite TE parz. filettata M6x10 zincata bianca 8.8 acciaio testa esagonale,4659010223-00,1159958664-00,9547309251-00
vite testa esagonale acciaio zincato bianco m6x100 8.8 parzialmente filettata,3624270395-00,4133880244-00,8080092186-00
vite TE parz. filett. M6x100 acciaio zincato bianco 8.8,3624270395-00,4133880244-00,8080092186-00
vite esagonale M6x100 parzialmente filettata zincata A2K 8.8,3624270395-00,4133880244-00,8080092186-00
vite esagonale testa parzialmente filettata acciaio zincato bianco m6x16 8.8,6192891321-00,4636455457-00,7064132121-00
viti te parz filettate m6x16 acciaio zincato m6 8.8 testa esagonale,6192891321-00,4636455457-00,7064132121-00
vite testa esagonale parzialmente filettata acciaio zincato bianco m6x16 8.8,6192891321-00,4636455457-00,7064132121-00
vite testa esagonale parzialmente filettata M6x20 acciaio zincato 8.8,2248126059-00,8520539423-00,1760470605-00
vite M6x20 testa esagono parz.filettato zincata bianca A2K 8.8,2248126059-00,8520539423-00,1760470605-00
vite filettatura parziale A2K M6x20 acciaio zincato bianco 8.8 testa esagonale,2248126059-00,8520539423-00,1760470605-00
vite testa esagonale m6x25 acciaio zincato bianco 8.8 filettatura parziale,9035646162-00,7212218295-00,9235266034-00
vite filetto parziale m6x25 acciaio zincato bianco classe 8.8 tipo a2k,9035646162-00,7212218295-00,9235266034-00
vite parz.filettata testa esagonale m6x25 zincata bianca acciaio 8.8,9035646162-00,7212218295-00,9235266034-00
vite esagonale parzialmente filettata acciaio zincato bianco m6x30 classe 8.8,3357157332-00,2483257253-00,2393165131-00
vite testa te parz filett m6x30 acciaio zinco bianco 8.8,3357157332-00,2483257253-00,2393165131-00
vite a testa esagonale filetto parziale m6x30 zincata bianca acciaio 8.8,3357157332-00,2483257253-00,2393165131-00
vite testa esagonale M6x35 acciaio zincato bianco 8.8 filettatura parziale A2K,1432523498-00,2066945648-00,9055208562-00
vite parzialmente filettata A2K M6x35 8.8 acciaio zincato bianco testa esagonale,1432523498-00,2066945648-00,9055208562-00
vite esagonale parz.filettata zincata bianca M6x35 classe 8.8 acciaio A2K,1432523498-00,2066945648-00,9055208562-00
vite esagonale parzialmente filettata acciaio zincato bianco m6x40 8.8,6643383016-00,1376946622-00,1952396536-00
M6x40 vite testa esagonale zincata bianca filettatura parziale 8.8,6643383016-00,1376946622-00,1952396536-00
vite te parz filettata m6 x 40 acciaio zincato bianco classe 8.8,6643383016-00,1376946622-00,1952396536-00
vite testa esagonale parzialmente filettata acciaio zincato bianco M6x45 8.8,5259351791-00,2392008238-00,1132975697-00
vite parz.filettata A2K M6x45 acciaio zincato bianco testa esagonale 8.8,5259351791-00,2392008238-00,1132975697-00
vite M6x45 testa esagonale parzialmente filettata zincata bianca acciaio 8.8,5259351791-00,2392008238-00,1132975697-00
vite esagonale zincata bianca M6x50 8.8 filetto parziale acciaio,4807814893-00,6695477620-00,3300579673-00
vite M6x50 testa esagonale parzialmente filettata A2K acciaio zincato 8.8,4807814893-00,6695477620-00,3300579673-00
vite testa esagonale acciaio zincato bianco filettatura parziale M6x50 8.8,4807814893-00,6695477620-00,3300579673-00
vite esagonale m6x60 parz filettata acciaio zincato classe 8.8 a2k,9464218475-00,5256096413-00,8186909629-00
m6x60 vite testa esagonale parzialmente filettata zincata bianca 8.8 acciaio,9464218475-00,5256096413-00,8186909629-00
vite a2k test. esag. filett. parziale acciaio zincato bianco m6x60 8.8,9464218475-00,5256096413-00,8186909629-00
vite parzialmente filettata acciaio zincato bianco testa esagonale M6x70 classe 8.8,7540448458-00,7044481484-00,1568532537-00
VITE TE A2K M6x70 8.8 parz filettata acciaio zincato testa hex,7540448458-00,7044481484-00,1568532537-00
vite esagonale parz filettata M6x70 acciaio zincato bianco 8.8,7540448458-00,7044481484-00,1568532537-00
vite acciaio zincato testa esagonale parz filettata M6x75 classe 8.8,6036804021-00,8575337361-00,2173703042-00
M6x75 vite a testa esagonale filettatura parziale acciaio zincato bianco 8.8,6036804021-00,8575337361-00,2173703042-00
vite TE PARZ filet. A2K 8.8 6mm x 75 zincata bianca esagonale parziale filetto,6036804021-00,8575337361-00,2173703042-00
vite testa esagonale parz filettata acciaio zincato M6x80 8.8,4416543723-00,7617818121-00,3506457121-00
vite M6x80 parzialmente filettata testa esagonale acciaio zincato bianco 8.8,4416543723-00,7617818121-00,3506457121-00
vite A2K 8.8 M6x80 parz filettata zincata testa esagonale acciaio,4416543723-00,7617818121-00,3506457121-00
vite testa esagonale parzialmente filettata zincata bianca M8x10 8.8 acciaio,3763476385-00,9006239418-00,1447866253-00
vite M8x10 A2K 8.8 acciaio zincato bianco parz filettatura testa esagonale,3763476385-00,9006239418-00,1447866253-00
viti acciaio zincato testa esagonale parzialmente filettata M8x10 classe 8.8,3763476385-00,9006239418-00,1447866253-00
vite testa esagonale parzialmente filettata acciaio zincato bianco M8x100 classe 8.8,8037006337-00,4892118737-00,6349191418-00
vite TE M8x100 zincata bianca 8.8 filettatura parziale testa esagonale,8037006337-00,4892118737-00,6349191418-00
vite parz.filettata testa esagonale A2K acciaio zincato M8 x 100 8.8,8037006337-00,4892118737-00,6349191418-00
vite testa esagonale parzialmente filettata m8x110 acciaio zincato a2k 8.8,2674961440-00,5066868032-00,4074921857-00
vite parz filetata m8x110 zincata bianca 8.8 acciaio a2k testa esagonale,2674961440-00,5066868032-00,4074921857-00
vite a2k m8x110 8.8 zincata bianca parzialmente filettata esagonale,2674961440-00,5066868032-00,4074921857-00
vite esagonale parzialmente filettata zincata bianca M8x130 acciaio 8.8,4113664615-00,9775450433-00,9608119877-00
vite testa esagonale M8x130 parz filettata acciaio zincato A2K 8.8,4113664615-00,9775450433-00,9608119877-00
M8x130 vite parzialmente filettata testa esagonale acciaio zincato bianco 8.8,4113664615-00,9775450433-00,9608119877-00
vite esagonale zincata bianco a2k m8x16 8.8 parz filettata acciaio,9751416586-00,3617522161-00,4185081666-00
m8x16 vite testa esagonale parzialmente filettata acciaio zincato a2k 8.8,9751416586-00,3617522161-00,4185081666-00
vite a2k m8x16 8.8 acciaio zincato bianco testa esagonale filettatura parziale,9751416586-00,3617522161-00,4185081666-00
vite testa esagonale parzialmente filettata acciaio zincato bianco M8x20 classe 8.8,8094449719-00,8020240760-00,9158457183-00
vite TE parzialmente filettata M8x20 acciaio A2K zincato 8.8,8094449719-00,8020240760-00,9158457183-00
M8x20 vite testa esagonale filettatura parziale acciaio zincato bianco 8.8 A2K,8094449719-00,8020240760-00,9158457183-00
vite esagonale zincata bianca M8x25 parzialmente filettata A2K 8.8,7861699713-00,7151661320-00,3076317177-00
vite A2K testa esagonale M8x25 acciaio zincato bianco filettatura parziale 8.8,7861699713-00,7151661320-00,3076317177-00
vite testa esagonale parz filettata acciaio zincato M8x25 classe 8.8 A2K,7861699713-00,7151661320-00,3076317177-00
vite esagonale parzialmente filettata acciaio zincato M8x30 8.8,8076724964-00,1705888698-00,6851681215-00
vite testa esagonale filettatura parziale A2K M8x30 acciaio zincato bianco,8076724964-00,1705888698-00,6851681215-00
M8x30 vite zincata bianco acciaio testa esagonale filettatura parziale 8.8,8076724964-00,1705888698-00,6851681215-00
vite testa esagonale M8x30 acciaio zincato parzialmente filettata classe 8.8,8076724964-00,4414391372-00,7573814967-00
vite TE A2K 8.8 zincata bianca M8x30 filettatura parziale,8076724964-00,4414391372-00,7573814967-00
vite parzialmente filettata M8x30 8.8 acciaio zincato testa esagonale,8076724964-00,4414391372-00,7573814967-00
vite M8x35 8.8 acciaio zincato bianco testa esagonale parzialmente filettata,9503946395-00,6805638993-00,1945547201-00
vite TE parz filettata M8x35 acciaio zincato bianco 8.8 testa esagonale,9503946395-00,6805638993-00,1945547201-00
vite testa esagonale parzialmente filettata M8x35 acciaio zincato A2K 8.8,9503946395-00,6805638993-00,1945547201-00
vite esagonale m8x40 zincata bianca parzialmente filettata a2k 8.8,1357234586-00,5103533812-00,6192891321-00
vite testa esagonale parz. filetto acciaio zincato m8 40mm classe 8.8,1357234586-00,5103533812-00,6192891321-00
bullone parzialmente filettato m8x40 a2k acciaio zincato testa esagonale 8.8,1357234586-00,5103533812-00,6192891321-00
vite esagonale parzialmente filettata acciaio zincato M8x45 8.8,6571283283-00,2252168350-00,2261079652-00
vite testa esagonale A2K M8x45 parz filettata acciaio bianco 8.8,6571283283-00,2252168350-00,2261079652-00
M8x45 vite parzialmente filettata testa esagonale acciaio zincato 8.8,6571283283-00,2252168350-00,2261079652-00
vite testa esagonale parzialmente filettata acciaio zincato bianco M8x45 classe 8.8,6571283283-00,9463710625-00,8081905519-00
M8x45 vite a testa esagonale parz filettata acciaio zincato bianco 8.8,6571283283-00,9463710625-00,8081905519-00
vite parzialmente filettata A2K M8x45 acciaio zincato testa esagono 8.8,6571283283-00,9463710625-00,8081905519-00
vite testa esagonale M8x50 acciaio zincato 8.8 parz filettata,9864328534-00,8625641545-00,6179478807-00
vite A2K M8x50 8.8 parzialmente filettata acciaio zincato bianco,9864328534-00,8625641545-00,6179478807-00
vite esagonale filettatura parziale M8x50 zincata bianca acciaio 8.8,9864328534-00,8625641545-00,6179478807-00
vite esagonale zincata A2K M8x60 8.8 parzialmente filettata acciaio,2642273407-00,1402897100-00,3506457121-00
vite M8x60 testa esagonale acciaio zincato bianco filettatura parziale 8.8,2642273407-00,1402897100-00,3506457121-00
viti parzialmente filettate M8x60 acciaio zincato A2K 8.8 testa esagonale,2642273407-00,1402897100-00,3506457121-00
vite testa esagonale M8x70 acciaio zincato 8.8 parz filettata,6940014199-00,9692707642-00,5065362985-00
vite parzialmente filettata M8x70 zincata bianca A2K 8.8 esagonale,6940014199-00,9692707642-00,5065362985-00
vite esagonale acciaio zincato bianco M8 x 70 8.8 filettatura parziale,6940014199-00,9692707642-00,5065362985-00
vite testa esagonale acciaio zincato bianco M8x80 8.8 parzialmente filettata,2982570583-00,8522302620-00,3160559768-00
M8x80 vite parzialmente filettata a2k acciaio zincato bianco testa esagonale 8.8,2982570583-00,8522302620-00,3160559768-00
vite esagonale filetto parziale acciaio zincato bianco M8x80 8.8 grade a2k,2982570583-00,8522302620-00,3160559768-00
vite testa esagonale a2k m8x90 acciaio zincato 8.8 filettatura parziale,8088004904-00,2596794819-00,8088390816-00
viti parzialmente filettate m8x90 acciaio zincato bianco a2k 8.8 testa esagonale,8088004904-00,2596794819-00,8088390816-00
vite m8x90 a2k testa esagonale zincata bianca parziale filettatura 8.8 acciaio,8088004904-00,2596794819-00,8088390816-00
vite ottone parzialmente filettata testa esagonale M10x20 CW508L,8666922925-00,4480948610-00,1426989314-00
vite testa esa filettatura parziale metallo CW508L 10x20 mm,8666922925-00,4480948610-00,1426989314-00
vite metallo ottone parziale filettatura M10x20 esagonale CW508L,8666922925-00,4480948610-00,1426989314-00
vite ottone cw508l m10x30 testa esagonale parzialmente filettata,7811220022-00,5516941534-00,1570275778-00
m10x30 vite filettatura parziale ottone cw508l testa esagonale,7811220022-00,5516941534-00,1570275778-00
vite a testa esagonale cw508l in ottone m10x30 filettata parziale,7811220022-00,5516941534-00,1570275778-00
vite ottone m10x45 testa esagonale parzialmente filettata cw508l,3076317177-00,1558823437-00,9801266729-00
vite parzialmente filettata m10x45 testa esagonale in ottone cw508l,3076317177-00,1558823437-00,9801266729-00
cw508l vite esagonale ottone m10x45 parzialmente filettata,3076317177-00,1558823437-00,9801266729-00
vite esagonale cw508l ottone m5x16 filettatura parziale,3269654436-00,2633402017-00,4573564884-00
vite testa esagonale ottone m5 parzialmente filettata 16mm cw508l,3269654436-00,2633402017-00,4573564884-00
m5x16 vite parzialmente filettata ottone cw508l testa esagonale,3269654436-00,2633402017-00,4573564884-00
vite testa esagonale ottone cw508l m5x20 parz filettata,9877554164-00,9383943811-00,1902888810-00
vite m5x20 ottone cw508l parzialmente filettata testa esagonale,9877554164-00,9383943811-00,1902888810-00
vite esagonale m5x20 ottone cw508l filettatura parziale,9877554164-00,9383943811-00,1902888810-00
vite ottone testa esagonale parzialmente filettata M6x10 CW508L,8317446155-00,8224343365-00,8848643796-00
viti testa esagonale M6x10 parz filettata CW508L ottone,8317446155-00,8224343365-00,8848643796-00
M6x10 vite testa esagonale ottone parzialmente filettata CW508L,8317446155-00,8224343365-00,8848643796-00
vite esagonale testa parzialmente filettata ottone CW508L M6x20,1920921560-00,1399047505-00,7115681597-00
vite M6x20 in ottone CW508L con testa a esagono e filettatura parziale,1920921560-00,1399047505-00,7115681597-00
vite testa esagonale parziale filettatura ottone CW508L M6x20 tipo TE PARZ.FILETT.,1920921560-00,1399047505-00,7115681597-00
vite esagonale parzialmente filettata ottone cw508l m6x25,5011131774-00,9669699196-00,4495204230-00
vite m6x25 ottone testa esagonale filettatura parziale cw508l,5011131774-00,9669699196-00,4495204230-00
vite te parz filet cw508l esagonale ottone m6x25 parzialmente filettata,5011131774-00,9669699196-00,4495204230-00
vite parzialmente filettata ottone CW508L M8x25 testa esagonale,5107098838-00,7964215642-00,3910293894-00
vite testa esagonale ottone M8x25 filettatura parziale CW508L,5107098838-00,7964215642-00,3910293894-00
vite M8x25 ottone CW508L esagonale parz filettata,5107098838-00,7964215642-00,3910293894-00
"vite autofilettante a testa svasata e2j 3,5x9,5",9064006634-00,7071292323-00,8558678354-00
"vite e2j 3,5x9,5 autofilettante con testa piana svasata",9064006634-00,7071292323-00,8558678354-00
"vite a testa piana svasata tipo e2j 3,5x9,5 autofilettante",9064006634-00,7071292323-00,8558678354-00
vite auto filettante TPS-CLS acciaio zincato bianco A2K 6x60,2212658191-00,5479560822-00,1182065572-00
viti TPS-CLS 6x60 in acciaio zincato bianco auto-filettanti A2K,2212658191-00,5479560822-00,1182065572-00
TPS-CLS vite auto filettante 6x60 acciaio zincato bianco A2K,2212658191-00,5479560822-00,1182065572-00
"vite autofilettante per legno testa piatta svasata 4,5x50 acciaio zincato giallo",8761824113-00,2748816495-00,6478345925-00
vite zincata gialla 4.5x50 autofilettante legno testa piana svasata,8761824113-00,2748816495-00,6478345925-00
"vite TPS per legno autofilettante zincata giallo acciaio 4,5 50 mm svasata",8761824113-00,2748816495-00,6478345925-00
vite autofilettante zincata gialla per legno testa piana svasata 4x40,7155263857-00,9007191352-00,7573797526-00
vite legno 4x40 acciaio zincato giallo testa svasata piana autofilettante,7155263857-00,9007191352-00,7573797526-00
vite piana autofilettante zincata gialla 4x40 per legno testa svasata,7155263857-00,9007191352-00,7573797526-00
vite autofilettante legno testa piana svasata zinco giallo 4x70 acciaio,5190129351-00,7974005612-00,9691312135-00
vite 4x70 zincata gialla acciaio per legno testa svasata autofilettante,5190129351-00,7974005612-00,9691312135-00
vite autofilettante per legno zincata gialla tps-legno 4x70 testa piana,5190129351-00,7974005612-00,9691312135-00
vite autofilettante legno testa piana svasata acciaio zincato giallo 5x80,2443553697-00,1953835512-00,6916390553-00
vite legno zincata gialla autotappante 5x80 testa piatta svasata,2443553697-00,1953835512-00,6916390553-00
VITE TPS legno autofilettante 5x80 acciaio ZNG testa piana svasata,2443553697-00,1953835512-00,6916390553-00
vite autofilettante legno testa svasata piana zincata gialla 6x100 acciaio,4633625354-00,5331200037-00,1108656646-00
vite 6x100 zincata giallo autofilettante per legno con testa piana svasata,4633625354-00,5331200037-00,1108656646-00
viti in acciaio autofilettanti legno testa piatta svasata zincate 6x100 giallo,4633625354-00,5331200037-00,1108656646-00
vite autofilettante per legno testa svasata piana acciaio zincato giallo 6x60,1564767009-00,2308371976-00,4026925895-00
vite 6x60 zincata gialla testa piatta svasata per legno autofilettante,1564767009-00,2308371976-00,4026925895-00
vite autofilettante zincata giallo 6x60 per legno testa piana svasata,1564767009-00,2308371976-00,4026925895-00
vite parzialmente filettata testa svasata piana acciaio inox a2 m10x40-70 esagono incassato,9224795099-00,1689776736-00,4141074622-00
viti m10x40-70 acciaio inox a2 parz filettatura testa piatta svasata esagono interno,9224795099-00,1689776736-00,4141074622-00
vite a2 inox parziale filettatura m10x40-70 testa piana svasata con esagono incassato,9224795099-00,1689776736-00,4141074622-00
vite testa piatta svasata A2 inox M4x10-70 esagono incassato filettatura parziale,1952396536-00,6145862798-00,5298209446-00
vite parzialmente filettata M4x10-70 acciaio inox A2 testa svasata esagono incasso,1952396536-00,6145862798-00,5298209446-00
vite parz. filettata A2 inox M4x10-70 testa piana svasata incassata esagono acciaio,1952396536-00,6145862798-00,5298209446-00
vite testa piana svasata esagono incassato a2 acciaio inox m4x12-70 filettatura parziale,5322750371-00,2257511613-00,7807065847-00
vite parz filettata tpsei a2 in acciaio inox m4 12 70 testa svasata esagono incassato,5322750371-00,2257511613-00,7807065847-00
vite acero inox a2 tpsei m4x12-70 testa piana svasata con chiave esagono parzialmente filettata,5322750371-00,2257511613-00,7807065847-00
vite testa piana svasata esagono incassato inox a2 m4x20-70 parzialmente filettata,3901147993-00,5685286874-00,1424906352-00
viti inox a2 M4x20-70 parz filettate testa svasata con esagono incassato,3901147993-00,5685286874-00,1424906352-00
vite acciaio inox a2 m4x20-70 testa piana svasata parte filettata esagono incassato,3901147993-00,5685286874-00,1424906352-00
vite testa piana svasata esagono incassato acciaio inox a2 m5x12-70 parz filettata,3132891770-00,2561394108-00,1732199075-00
vite parzialmente filettata m5x12-70 acciaio inox A2 testa piatta svasata esagono incassato,3132891770-00,2561394108-00,1732199075-00
m5x12-70 vite inox a2 parz filettata testa piana svasata incasso esagonale,3132891770-00,2561394108-00,1732199075-00
vite testa piana svasata esagono incassato acciaio inox A2 M5x16-70 parzialmente filettata,9313557687-00,6485532333-00,7005019557-00
vite parz filettatura M5x16-70 inox A2 testa svasata esagono incassato,9313557687-00,6485532333-00,7005019557-00
vite acciaio inox A2 M5x16-70 parzialmente filettata con testa piana svasata esagono interno,9313557687-00,6485532333-00,7005019557-00
vite inox a2 m5x20-70 testa piana svasata esagono incassato filettatura parziale,9114099404-00,2205046870-00,9801266729-00
vite tpsei parzialmente filettata acciaio inox m5 m5x20-70 testa piana svasata esagonale,9114099404-00,2205046870-00,9801266729-00
vite m5x70 a2 parz filettata testa piatta svasata con esagono incassato inox,9114099404-00,2205046870-00,9801266729-00
vite parzialmente filettata tpsei a2 acciaio inox m6x10-70 testa piana svasata esagono incassato,3722553199-00,9228106533-00,5704325743-00
m6x10-70 vite inox tpsei testa piana svasata filettatura parziale con incasso esagonale,3722553199-00,9228106533-00,5704325743-00
vite tpsei acciaio inox a2 parz filettata con testa piatta svasata esagono incassato m6x10-70,3722553199-00,9228106533-00,5704325743-00
vite acciaio inox a2 m6x16-70 testa piana svasata esagono incassato filettatura parziale,8807682391-00,8019776574-00,3104080093-00
vite parzialmente filettata m6x16-70 a2 testa piana svasata con esagono incassato inox,8807682391-00,8019776574-00,3104080093-00
vite m6x16-70 a2 in acciaio inox testa piatta svasata esagono incassato filettatura parz,8807682391-00,8019776574-00,3104080093-00
vite M6x20-70 a2 acciaio inox testa piana svasata esagono incassato parz filettata,3906125529-00,6066764359-00,4893172831-00
vite testa piatta svasata inox a2 M6 parzialmente filettata esagono incassato da 20 a 70 mm,3906125529-00,6066764359-00,4893172831-00
vite a2 inox M6 20-70 mm esagono incassato filettatura parziale testa piana svasata,3906125529-00,6066764359-00,4893172831-00
vite a testa svasata esagono incassato inox A2 M6x30-70 filettatura parziale,1766918733-00,1500848500-00,2390881236-00
viti parzialmente filettate m6 a2 acciaio inox testa piatta svasata 30-70 mm,1766918733-00,1500848500-00,2390881236-00
vite inox A2 testa piana svasata con esagono incassato m6 dimensioni 30-70 parz filettata,1766918733-00,1500848500-00,2390881236-00
vite acciaio inox A2 M8x16 a testa piana svasata esagono incassato parziale filetto,1542882622-00,5134598702-00,2914934155-00
vite parzialmente filettata M8x16-70 A2 inox testa piatta svasata esagono interno,1542882622-00,5134598702-00,2914934155-00
vite M8x16 inox A2 testa piana svasata con chiave esagonale parziale filetto,1542882622-00,5134598702-00,2914934155-00
vite parzialmente filettata a2 M8x20-70 testa piana svasata esagono incassato acciaio inox,7303137141-00,7347632804-00,5195367950-00
vite testa piana svasata con esagono incassato m8x20-70 in acciaio inox a2 filettatura parziale,7303137141-00,7347632804-00,5195367950-00
vite in acciaio inox a2 M8x20-70 parzialmente filettata testa piana svasata esagono incassato,7303137141-00,7347632804-00,5195367950-00
vite testa piana svasata esagono incassato a2 inox m8 filettatura parziale 25 70,4733875998-00,8583464876-00,6611607843-00
viti inox acciaio a2 m8x25-70 parz filettate testa piatta svasata esagonale incassato,4733875998-00,8583464876-00,6611607843-00
vite m8 25-70 mm acciaio inox a2 esagono incassato parzialmente filettata testa svasata piatta,4733875998-00,8583464876-00,6611607843-00
vite acciaio inox a2 m8x30-70 testa piana svasata esagono incassato parzialmente filettata,5629772323-00,3433772587-00,7531996245-00
vite tpsei m8x30-70 in inox a2 con testa svasata e esagono incassato filetto parziale,5629772323-00,3433772587-00,7531996245-00
vite testa piatta svasata inox a2 m8x30-70 parzialmente filettata esagonale incassato,5629772323-00,3433772587-00,7531996245-00
vite parzialmente filettata A2K zincata bianca testa piana svasata esagono incassato M10x16 10.9,9876699383-00,5599619248-00,2590488757-00
vite testa piatta svasata esagono incassato acciaio zincato bianco M10x16 parziale filettatura classe 10.9,9876699383-00,5599619248-00,2590488757-00
M10x16 vite A2K zincata bianca parzialmente filettata testa svasata esagono incassato classe 10.9,9876699383-00,5599619248-00,2590488757-00
vite testa piana svasata esagono incassato parz. filettatura acciaio zincato a2k m10x20 classe 10.9,6639795882-00,2360514074-00,8029233870-00
vite M10x20 10.9 parzialmente filettata testa svasata esagonale acciaio zinc. bianco TPSEI,6639795882-00,2360514074-00,8029233870-00
vite a testa piana svasata con esagono parz. filett. acciaio zincato bianco M10 x 20 10.9,6639795882-00,2360514074-00,8029233870-00
vite a testa svasata esagono incassato acciaio zincato bianco m10x25 parzialmente filettata classe 10.9,7042454996-00,4005656361-00,2495255911-00
vite tpsei parz.filettata m10x25 acciaio zincato bianco testa piana svasata esagono incassato 10.9,7042454996-00,4005656361-00,2495255911-00
viti parzialmente filettate m10x25 zincate a2k testa piano svasata esagonale incassato 10.9,7042454996-00,4005656361-00,2495255911-00
vite testa piana svasata esagono parz filettata acciaio zincato M10x30 classe 10.9,1290053134-00,9824739935-00,2654093768-00
vite M10x30 parzialmente filettata A2K zincata bianca testa svasata esagonale incassato,1290053134-00,9824739935-00,2654093768-00
M10x30 vite parz filettata testa piatta svasata esagono acciaio zincato 10.9,1290053134-00,9824739935-00,2654093768-00
vite testa piatta svasata esagono incassato parz filettata m10x35 acciaio zincato bianco 10.9,4311539891-00,7751355997-00,9729631604-00
vite parzialmente filettata m10x35 a2k zincata bianca 10.9 testa piana svasata con incavo esagonale,4311539891-00,7751355997-00,9729631604-00
vite m10x35 parziale filettatura acciaio zincato bianco testa svasata esagono incassato classe 10.9,4311539891-00,7751355997-00,9729631604-00
vite acciaio a2k parzialmente filettata m10x40 10.9 zincato bianco,3485500899-00,5823862226-00,6750692513-00
testa piana svasata filettata parziale esagono incassato m10x40/10.9 tpsei,3485500899-00,5823862226-00,6750692513-00
vite esagono incassato acciaio zincato m10x40 parzialmente filettata tpsei 10.9,3485500899-00,5823862226-00,6750692513-00
vite parzialmente filettata M10x50 a2k 10.9,9540700976-00,6877469816-00,7023956011-00
esagono incassato zincato bianco m10x50 parz. filett. 10.9,9540700976-00,6877469816-00,7023956011-00
vite tpsei a2k m10x50 parzialmente filettata in acciaio,9540700976-00,6877469816-00,7023956011-00
vite parz.filett m12x20-10.9 a2k acciaio zincato,6148036737-00,2479083677-00,9164921243-00
acciaio zincato/m12x20/10.9/vite testa piana svasata,6148036737-00,2479083677-00,9164921243-00
m12x20-10.9 vite a2k esagono incassato parzialmente filettata,6148036737-00,2479083677-00,9164921243-00
vite m12x30 parzialmente filettata tpsei a2k 10.9 zincato,1895841627-00,5561728555-00,4256015092-00
acciaio zincato vite a testa piana svasata esagono incassato m12x30 10.9,1895841627-00,5561728555-00,4256015092-00
tpsei m12x30 vite parz.filett. acciaio zincato bianco 10.9 a2k,1895841627-00,5561728555-00,4256015092-00
vite M12x35 A2K parzialmente filettata / acciaio zincato bianco 10.9,1022841450-00,4532257943-00,2692784607-00
"esagono incassato vite parz filett a2k m12x35 10,9",1022841450-00,4532257943-00,2692784607-00
testa piana svasata vite TPSEI acciaio zincato M12x35-10.9 parzialmente filett.,1022841450-00,4532257943-00,2692784607-00
vite acciaio a2k m12x40 parzialmente filettata tpsei,8418420037-00,5173715598-00,1557781426-00
viti testa piana svasata zincato bianco m12x40-10.9 con esag. inc.,8418420037-00,5173715598-00,1557781426-00
tpsei m12x40-10.9 parz filett esagono incassato acciaio zincato,8418420037-00,5173715598-00,1557781426-00
vite a testa piana parz.filett. M12x50 Acciaio zincato,9543433719-00,8243127142-00,2407054170-00
Vite TPSEI M12x50 10.9 acciaio zincato Bianco parzialmente filettata,9543433719-00,8243127142-00,2407054170-00
vite esagono incassato parz filettata M12x50-10.9 Acciaio zinc. bianco TPSEI,9543433719-00,8243127142-00,2407054170-00
vite parzialmente filettata m12x60 a2k 10.9 zincato,3983001081-00,1376946622-00,9691312135-00
M12x60 parz filett. acciaio zincato vite tpsei a2k 10.9,3983001081-00,1376946622-00,9691312135-00
vite a testa piana svasata esagono incassato m12x60/10.9 zincato bianco,3983001081-00,1376946622-00,9691312135-00
vite a testa piana m12x70 parzialmente filettata acciaio zincato 10.9,9489754341-00,6272289280-00,6752727328-00
tpsei m12x70 a2k vite parzialmente filettata zincata,9489754341-00,6272289280-00,6752727328-00
vite testa piana svasata parzialmente filettata m12x70 acciaio 10.9,9489754341-00,6272289280-00,6752727328-00
vite a testa piana svasata m14x40 parzialmente filettata a2k 10.9 zincato,5309071573-00,7489900871-00,6478964688-00
acciaio zincato vite parz filett M14x40 esagono incassato 10.9 tpsei,5309071573-00,7489900871-00,6478964688-00
tpsei m14x40-10.9 vite testa piana esagono incassato parz filettata zincato bianco,5309071573-00,7489900871-00,6478964688-00
vite esagono incassato parzialmente filettata M16x30 A2K zincato 10.9,3590365415-00,1052597007-00,2642273407-00
TPSEI M16x30 acciaio zincato vite testa piana 10.9,3590365415-00,1052597007-00,2642273407-00
acciaio bianco M16x30-10.9 vite parz.filett. a testa piana svasata esagono incassato,3590365415-00,1052597007-00,2642273407-00
vite a2k m16x35 parzialmente filettata zincato,7877351864-00,2688699729-00,1800442133-00
tpsei m16x35-10.9 acciaio bianco testa piana svasata,7877351864-00,2688699729-00,1800442133-00
vite esagono incassato m16x35 parz.filett. 10.9 acciaio zincato,7877351864-00,2688699729-00,1800442133-00
vite parzialmente filettata M16x40 a2k 10.9 acciaio zincato,1108656646-00,9835640929-00,7878248452-00
"Vite testa piana svasata esagono incassato parz.filett. TPSEI M16/40-10,9",1108656646-00,9835640929-00,7878248452-00
"Parz filett m16x40 zincato bianco esagono incass a2k-10,9",1108656646-00,9835640929-00,7878248452-00
a2k m16x45 vite parzialmente filettata acciaio zincato,1408518013-00,2756774135-00,9299975640-00
tpsei m16x45-10.9 vite parz filett esagono incassato zincato,1408518013-00,2756774135-00,9299975640-00
vite testa piana svasata parz filett m16x45 acciaio zincato 10.9,1408518013-00,2756774135-00,9299975640-00
vite zincate M16x55 parzialmente filettata A2K,9729631604-00,7821834815-00,2146594767-00
acciaio a2k vite m16x55 con esagono incassato 10.9,9729631604-00,7821834815-00,2146594767-00
testa piana svasata m16x55 vite zincato bianco parz.filett. 10.9,9729631604-00,7821834815-00,2146594767-00
vite parz.filett m16x70 A2K 10.9 zincato,8308947793-00,1067796670-00,1680115035-00
acciaio zincato vite testa piana svasata M16x70 parzialmente filettata 10.9,8308947793-00,1067796670-00,1680115035-00
M16x70 vite esagono incassato / A2K TPSEI parzialmente filettata zincato 10.9,8308947793-00,1067796670-00,1680115035-00
vite a testa piana parz filett m20x60 zincato 10.9,7711131637-00,1444121761-00,2312811465-00
tpsei A2K M20x60 Acciaio zincato vite parzialmente filettata,7711131637-00,1444121761-00,2312811465-00
vite esagono incassato M20x60-10.9 parzialmente filett zincato bianco,7711131637-00,1444121761-00,2312811465-00
vite a2k tpsei parz.filett m20x70 10.9 acciaio zincato,7864138034-00,8152492172-00,7630033023-00
esagono incassato parzialmente filettato vite m20x70 10.9 zincato bianco,7864138034-00,8152492172-00,7630033023-00
testa piana svasata tpsei a2k vite acciaio m20x70 10.9 parziale filettatura,7864138034-00,8152492172-00,7630033023-00
vite parzialmente filettata M20x80 acciaio zincato A2K,8029233870-00,3634085133-00,3590365415-00
testa piana svasata M20x80 10.9 parz filett esagono incassato,8029233870-00,3634085133-00,3590365415-00
vite a testa piana esagono incassato m20x80 zincato bianco 10.9 tpsei,8029233870-00,3634085133-00,3590365415-00
vite parz.filett. M12x25 a2k 10.9 acciaio zincato,5905948272-00,2368003050-00,2596755451-00
m12x25 vite a testa piana svasata 10.9 zincato parzialmente filettata,5905948272-00,2368003050-00,2596755451-00
vite tpsei esagono incassato m12x25 10.9 a2k zincato bianco,5905948272-00,2368003050-00,2596755451-00
vite acciaio zincato M3x10 parzialmente filettata A2K,9857994711-00,9358540356-00,5878864569-00
testa piana svasata parz.filett m3x10-10.9 tpsei,9857994711-00,9358540356-00,5878864569-00
vite M3x10 esagono incassato acciaio zincato bianco 10.9 parziale,9857994711-00,9358540356-00,5878864569-00
vite testa piana svasata parzialmente filettata A2K M3x12 10.9 acciaio zincato,6104764951-00,5103533812-00,4114984509-00
M3x12 parz filett esagono incassato acciaio zincato bianco 10.9,6104764951-00,5103533812-00,4114984509-00
vite tpsei parzialmente filettata M3x12 acciaio zincato 10.9 A2K,6104764951-00,5103533812-00,4114984509-00
m3x15 a2k parzialmente filettata vite tpsei 10.9,9232719975-00,9228068111-00,6916390553-00
vite a testa piana svasata zincato bianco M3x15 10.9 parz.filett.,9232719975-00,9228068111-00,6916390553-00
acciaio vite tpsei esagono incassato m3x15 parzialmente filettata,9232719975-00,9228068111-00,6916390553-00
vite a testa piana M3x6 parzialmente filettata acciaio zincato,3910293894-00,5652404820-00,1715949208-00
M3x6-10.9 TPSEI A2K filettatura parziale esagono incassato,3910293894-00,5652404820-00,1715949208-00
vite svasata parzialmente filettata M3x6 acciaio zincato bianco A2K,3910293894-00,5652404820-00,1715949208-00
vite testa piana A2K M3x8 parzialmente filettata,5939413013-00,7560065898-00,7035858829-00
esagono incassato M3x8-10.9 acciaio zincato vite TPSEI,5939413013-00,7560065898-00,7035858829-00
M3x8 vite parz filett a testa piana svasata zincato bianco,5939413013-00,7560065898-00,7035858829-00
vite parzialmente filettata M4x10 acciaio zincato A2K,3135963696-00,2066945648-00,5527530826-00
M4x10-10.9 vite a testa piana svasata con esagono incassato TPSEI bianco,3135963696-00,2066945648-00,5527530826-00
vite testa piana svasata parz. filett. zincato bianco M4x10 A2K 10.9,3135963696-00,2066945648-00,5527530826-00
vite parz filett a2k m4x16 10.9 acciaio zincato,1132785186-00,2308371976-00,6643459127-00
M4x16 esagono incassato parzialmente filettata 10.9 tpsei,1132785186-00,2308371976-00,6643459127-00
acciaio zincato vite testa piana svasata M4x16 parz filett 10.9,1132785186-00,2308371976-00,6643459127-00
vite parzialmente filettata m4x20 zincato acciaio tpsei,3350014268-00,5079219078-00,7263953526-00
acciaio bianco zinco vite a2k 10.9 parz.filett m4x20,3350014268-00,5079219078-00,7263953526-00
m4x20 tpsei vite testa piana esagono incassato 10.9 zincato bianco,3350014268-00,5079219078-00,7263953526-00
vite m4x25 a2k parzialmente filettata tpsei 10.9 acciaio zincato,1142825332-00,4302709327-00,5789803864-00
esagono incassato parz filett m4x25 vite a testa piana svasata 10.9 bianco,1142825332-00,4302709327-00,5789803864-00
tpsei m4x25 acciaio zincato vite a testa piana svasata parz filettata 10.9 a2k,1142825332-00,4302709327-00,5789803864-00
vite a2k parzialmente filettata M4x30 zincato bianco tpsei,6708180027-00,9582710726-00,4568432133-00
acciaio zincato vite a testa piana m4x30-10.9 con esagono incassato,6708180027-00,9582710726-00,4568432133-00
vite svasata parz filett m4x30 10.9 tpsei A2K acciaio zincato,6708180027-00,9582710726-00,4568432133-00
vite a testa piana m4x8 parzialmente filettata zincato,1388524047-00,1013994276-00,8501645232-00
tpsei m4x8-10.9 acciaio bianco a2k parz filett esagono incassato,1388524047-00,1013994276-00,8501645232-00
viti esagono incassato parzialmente filettate m4x8 acciaio zincato 10.9,1388524047-00,1013994276-00,8501645232-00
vite m5x10 parzialmente filettata a2k 10.9 Acciaio zincato,2953169297-00,2952509661-00,4733875998-00
TPSEI M5x10 vite a testa piana svasata/esagono incassato zincato 10.9,2953169297-00,2952509661-00,4733875998-00
acciaio zincato vite parziale filettatura M5x10 10.9 tpsei/A2K,2953169297-00,2952509661-00,4733875998-00
vite testa piana svasata m5x12 parz.filett. zincato 10.9,7463424763-00,2726415115-00,6484615821-00
M5x12 esagono incassato parzialmente filettata acciaio zincato vite a2k,7463424763-00,2726415115-00,6484615821-00
vite parz. filett. esagono incassato M5x12 10.9 acciaio zincato bianco,7463424763-00,2726415115-00,6484615821-00
Vite testa piana svasata M5x16-10.9 A2K esagono incassato filettata,5878864569-00,5079219078-00,1153687795-00
VITE PARZ FILETT A2K M5X16 10.9 testa piana svasata,5878864569-00,5079219078-00,1153687795-00
Viti M5x16-10.9 parzialmente filettate acciaio zincato bianco TPSEI,5878864569-00,5079219078-00,1153687795-00
vite a2k parz.filett m5x20 in acciaio zincato,6611607843-00,2578136163-00,9164921243-00
M5x20 parzialmente filettata 10.9 testa piana svasata,6611607843-00,2578136163-00,9164921243-00
tpsei m5x20 vite acciaio zincato bianco 10.9 A2K,6611607843-00,2578136163-00,9164921243-00
vite a testa piana M5x25 parz filett zincato bianco,7419951092-00,2115938088-00,1644223822-00
acciaio zincato A2K esagono incassato vite M5 25mm 10.9,7419951092-00,2115938088-00,1644223822-00
vite parzialmente filettata M5x25 esagono incassato tpsei 10.9,7419951092-00,2115938088-00,1644223822-00
vite esagono incassato parzialmente filettata A2K M5x30 acciaio zincato,3691912117-00,1834212913-00,3216451039-00
M5x30-10.9 TPSEI parz.filett. acciaio zincato bianco testa piana svasata,3691912117-00,1834212913-00,3216451039-00
vite acciaio M5x30-10.9 parzialmente filettata esagono incassato a2k zincato,3691912117-00,1834212913-00,3216451039-00
vite testa piana zincato A2K M4x12-10.9,1410187978-00,3074267649-00,2351386675-00
Vite Piana svasata esagono incassato PARZ FILETT M4x12,1410187978-00,3074267649-00,2351386675-00
M4x12-10.9 Vite PIANA parzialmente filettata A2K bianco,1410187978-00,3074267649-00,2351386675-00
Vite testa piana esagono incassato filettata parzialmente acciaio zincato M5x35-10.9,9471472650-00,1461083928-00,4758662814-00
Vite TPSEI acciaio zincato M5x35 10.9 parzialmente filettata,9471472650-00,1461083928-00,4758662814-00
Vite svasata esagono incassato M5x35-10.9 A2K filett. parziale,9471472650-00,1461083928-00,4758662814-00
Vite M5x40-10.9 testa piana svasata esagono incassato filettatura parziale A2K,6349191418-00,2193613906-00,3160559768-00
vite zincato bianco parz filett m5x40-10.9 TPSEI A2K,6349191418-00,2193613906-00,3160559768-00
M5x40-10.9 A2K Vite svasata esagono incassato filettatura parziale acciaio zincato,6349191418-00,2193613906-00,3160559768-00
Vite testa piana svasata esagono incassato filettata parzialmente acciaio zincato bianco A2K M5x50-10.9,3785046823-00,6588151918-00,5560341153-00
TPSEI A2K M5x50 10.9 vite parzialmente filettata testa piana svasata,3785046823-00,6588151918-00,5560341153-00
Vite svasata esagono incassato M5x50-10.9 acciaio zincato tpsei A2k parzial filettata,3785046823-00,6588151918-00,5560341153-00
Vite testa piana svasata esagono incassato filettatura parziale acciaio zincato bianco TPSEI M5x55-10.9,6185779988-00,6009433368-00,3055785881-00
Vite M5x55 10.9 acciaio zincato bianco TPSEI parz. filett. testa piana svasata,6185779988-00,6009433368-00,3055785881-00
Vite testa piana svasata filettatura parziale M5x55-10.9 Acciaio zincato bianco TPSEI A2K,6185779988-00,6009433368-00,3055785881-00
Vite testa piana A2K M5x60-10.9 esagono incassato,1862899777-00,1455229100-00,6643383016-00
Tpsei parz filettata Acciaio zincato M5x60 10.9,1862899777-00,1455229100-00,6643383016-00
Vite M5 x 60 - 10.9 TPSEI parzialmente filettata zincato,1862899777-00,1455229100-00,6643383016-00
Vite testa piana esagono incassato filettata parzialmente acciaio zincato M5x8 10.9,4185081666-00,7028139230-00,2351386675-00
TPSEI A2K filettatura parziale 5x8-10.9 SVASATA,4185081666-00,7028139230-00,2351386675-00
Vite M5 x 8 10.9 acciaio zincato bianco testa piana PARZ FILETT,4185081666-00,7028139230-00,2351386675-00
Vite tpsei M6x10-10.9 filettata parzial. zincato bianco,1132975697-00,2845499435-00,4661397238-00
m6x10-10.9 Vite testa piana svasata A2K esagono incassato,1132975697-00,2845499435-00,4661397238-00
filettata parzial. Vite TPSEI acciaio zinc. bianco M6x10-10.9 esag. incassato,1132975697-00,2845499435-00,4661397238-00
Vite zincata M6x12-10.9 testa piana svasata esagono incassato filettatura parziale A2K,6839459558-00,8350865695-00,3018333822-00
Vite A2K filettatura parziale M6x12-10.9 svasata zincata bianca esagono incassato,6839459558-00,8350865695-00,3018333822-00
Vite parzialmente filettata M6x12 10.9 acciaio zincato TPSEI A2K,6839459558-00,8350865695-00,3018333822-00
vite testa piana svasata A2K 6x16-10.9,6082143397-00,8573119194-00,1432523498-00
tpsei parz filettata M6x16 acciaio zincato,6082143397-00,8573119194-00,1432523498-00
vite esagono incassato 6x16-10.9 A2K parz filettata,6082143397-00,8573119194-00,1432523498-00
vite tpsei m6x20-10.9 a2k parz filettata testa piana svasata,3793164435-00,5337702452-00,4430253848-00
vite M6x20 10.9 zincato bianco testa piana esagono incassato parzialmente filettata,3793164435-00,5337702452-00,4430253848-00
vite a2k m6 x 20 parz filett TPSEI acciaio zincato 10.9,3793164435-00,5337702452-00,4430253848-00
vite testa piana esagono incassato filettata parzialmente acciaio zincato A2K M6x25-10.9,6640393611-00,5217076625-00,4000811310-00
TPSEI A2K vite svasata acciaio zincato M6 x 25 10.9 filettatura parziale,6640393611-00,5217076625-00,4000811310-00
10.9 vite testa piana M6x25 zincato acciaio TPSEI A2K filett parz,6640393611-00,5217076625-00,4000811310-00
vite testa piana svasata M6x30-10.9 acciaio zincato A2K,5560341153-00,3420283645-00,9313557687-00
TPSEI parz filettata M6 x 30 10.9 zincato bianco,5560341153-00,3420283645-00,9313557687-00
Vite esagono incassato acciaio M6x30-10.9 parzialmente filettata,5560341153-00,3420283645-00,9313557687-00
Vite testa piana svasata esagono incassato filettata parzialmente Acciaio zincato M6x35-10.9,4595789175-00,4214798508-00,3008254339-00
TPSEI M6x35 10.9 vite acciaio zincato bianco filettata parz.,4595789175-00,4214798508-00,3008254339-00
Vite esagono incassato M6 x 35-10.9 Acciaio zincato A2K Parzialmente filettata,4595789175-00,4214798508-00,3008254339-00
Vite M6x40-10.9 acciaio zincato testa piana svasata esagono incassato,4675217838-00,8135097001-00,9641115149-00
vite a2k PARZ filett M6x40-10.9 testa svasata esag. incassato,4675217838-00,8135097001-00,9641115149-00
Vite testa piana Esagono Incassato ACCIAIO  ZINCATO Filettata M6x40-10.9,4675217838-00,8135097001-00,9641115149-00
Vite testa piana svasata filettata parzialmente A2K M6x45-10.9,1815563881-00,2057314738-00,1130811379-00
TPSEI parz filettata acciaio zincato bianco M6x45 10.9,1815563881-00,2057314738-00,1130811379-00
Vite M6x45-10.9 testa piana esagono incassato A2K parzialmente filettata,1815563881-00,2057314738-00,1130811379-00
Vite testa piana parz filettata M6x50-10.9 A2K,9715830174-00,2032105748-00,7812106917-00
TPSEI filettata parzialmente M6x50 10.9 zincato,9715830174-00,2032105748-00,7812106917-00
Vite esagono incassato M6x50-10.9 A2K parz filettata,9715830174-00,2032105748-00,7812106917-00
vite testa piana svasata esagono incassato filettata parzialmente acciaio zincato M8x12-10.9,5074445582-00,6586389960-00,6640393611-00
TPSEI A2K M8x12 vite filettata parzialmente acciaio zincato 10.9,5074445582-00,6586389960-00,6640393611-00
Vite svasata parzialmente filettata esagono incassato M8x12 10.9 TPSEI A2K,5074445582-00,6586389960-00,6640393611-00
Vite testa piana svasata esagono incassato filettata parzialmente acciaio zincato bianco A2K M8x16 10.9,4568894138-00,5652404820-00,8472685349-00
vite tpsei parz. filettata M8x16-10.9 acciaio zincato bianco A2K,4568894138-00,5652404820-00,8472685349-00
Testa piana svasata esagono incassato filettatura parziale A2K M8x16/10.9 vite acciaio zincato,4568894138-00,5652404820-00,8472685349-00
Vite testa piana svasata esagono incassato parz filettata A2K M8x20,2598714111-00,2743205990-00,3625848499-00
Vite parzialmente filettata M8x20-10.9 testa piana svasata esagono incassato acciaio zincato,2598714111-00,2743205990-00,3625848499-00
Vite svasata A2K M8x20 10.9 parz filettata testa piana esagono incassato,2598714111-00,2743205990-00,3625848499-00
Vite TPSEI M8x25-10.9 acciaio zincato bianco filettata,3654387069-00,1260785993-00,7518381135-00
vite testa piana svasata esagono incassato A2K M8x25-10.9 parz. filettata,3654387069-00,1260785993-00,7518381135-00
M8x25-10.9 vite TPSEI acciaio zincato parzialmente filettata,3654387069-00,1260785993-00,7518381135-00
vite testa piana svasata parz filettata A2K M8x30-10.9,6758858432-00,4936903325-00,8080636197-00
M8x30 10.9 vite esagono incassato acciaio zincato filettata parzial.,6758858432-00,4936903325-00,8080636197-00
TPSEI parz filett vite Acciaio zincato bianco M8x30-10.9,6758858432-00,4936903325-00,8080636197-00
Vite 8x35 parz filett M8 acciaio zincato bianco tpsei 10.9,8685260185-00,8230451596-00,1290053134-00
TPSEI M8x35-10.9 vite testa piana svasata parz filettata acciaio zincato,8685260185-00,8230451596-00,1290053134-00
Vite A2K M8x35 testa piana esagono incassato filettata parzialmente 10.9,8685260185-00,8230451596-00,1290053134-00
vite testa piana esagono incassato filettatura parziale acciaio zincato M8x40 10.9,6169214528-00,7649021906-00,7005019557-00
TPSEI A2K 8x40-10.9 parzialmente filettata,6169214528-00,7649021906-00,7005019557-00
vite svasata testa piana M8 x40 filett parz. Zincata bianco 10.9,6169214528-00,7649021906-00,7005019557-00
Vite testa piana M8x45-10.9 A2K tpsei svasata filettatura parziale esagono,3067769121-00,9534081164-00,4287317987-00
vite M8x45-10.9 parz filett A2K TPSEI esagono incassato acciaio zincato,3067769121-00,9534081164-00,4287317987-00
TPSEI M8x45-10.9 Vite testa piana svasata filett parziale acciaio A2K esagono,3067769121-00,9534081164-00,4287317987-00
Vite testa piana svasata esagono incassato filettatura parziale A2K M8x50-10.9,5308978324-00,8499456817-00,7836028606-00
Vite tpsei parz filett acciaio zincato bianco M8 50 10.9,5308978324-00,8499456817-00,7836028606-00
vite testa piana esagono incassato filettatura parziale A2K M8x50 10 9,5308978324-00,8499456817-00,7836028606-00
vite testa piana svasata esagono incassato filettata A2K M8x60-10.9,5658151048-00,5660497797-00,8848957018-00
"tpsei parz filettata acciaio zincato bianco M8 60 10,9",5658151048-00,5660497797-00,8848957018-00
Vite parz filett A2K testa piana / esagono incassato M8x60-10.9,5658151048-00,5660497797-00,8848957018-00
Vite testa piana svasata esagono incassato filettata parzialmente A2K M8x80 10.9,4514307030-00,4519942501-00,4367095841-00
TPSEI Vite M8x80-10.9 acciaio zincato bianco filettata parzialmente,4514307030-00,4519942501-00,4367095841-00
Vite A2K M8x80 10.9 testa piana svasata esagono inc parz filett,4514307030-00,4519942501-00,4367095841-00
Vite testa piana svasata esagono incassato filettata parzialmente acciaio M8x25 12.9,3984480791-00,2928643503-00,5107098838-00
Tpsei parz filett Nera M8x25/12.9 vite testa piana,3984480791-00,2928643503-00,5107098838-00
Vite acciaio M8 x 25-12.9 testa piana parz filettata svasata TPSEI,3984480791-00,2928643503-00,5107098838-00
vite testa piana svasata intaglio filettata acciaio zincato M4x10-4.8,5766840546-00,5933620471-00,6667303359-00
VITE TPSI INT.FILETT. A2K M4x10-4.8 testa piana svasata,5766840546-00,5933620471-00,6667303359-00
M4x10-4.8 vite acciaio zincato bianco intaglio filettata TPSI,5766840546-00,5933620471-00,6667303359-00
vite testa piana svasata intaglio filettata acciaio zincato M4x20-4.8,7242319851-00,3320997887-00,4627757243-00
VITE TPSI acciaio zincato bianco M4x20-4.8 filettata,7242319851-00,3320997887-00,4627757243-00
M4x20-4.8 vite testa piana intaglio filettata A2K,7242319851-00,3320997887-00,4627757243-00
vite tpsi m4x25 a2k filettatura completa zincata bianco,5704325743-00,2353386350-00,8300606513-00
vite piana svasata intaglio m4 x 25mm 4.8 acciaio zincato,5704325743-00,2353386350-00,8300606513-00
m4x25 filett.intera testa piana svasata a2k 4.8,5704325743-00,2353386350-00,8300606513-00
Vite testa piana svasata intaglio A2K M4x8-4.8,5873849436-00,2702873845-00,2843799327-00
vite TPSI svasata filettata completa acciaio zincato bianco 4x8-4.8,5873849436-00,2702873845-00,2843799327-00
Viti M4x8 4.8 testa piana svasata filetto intero A S V A 2K,5873849436-00,2702873845-00,2843799327-00
Vite testa piana svasata intaglio filettata M3x10 ottone,9941288707-00,7511541800-00,8888866174-00
Vite M3x10 testa piana svasata / intaglio / ottone CW508L filettata,9941288707-00,7511541800-00,8888866174-00
ottone vite M3x10 testa piana svasata Interamente filettata intaglio,9941288707-00,7511541800-00,8888866174-00
vite testa piana zincata M4x30-4.8 intaglio croce,7611904021-00,7808173269-00,7934338423-00
Vite Tpsic intaglio a croce Filettatura completa A2K M4 30 4.8,7611904021-00,7808173269-00,7934338423-00
testa piana svasata vite acciaio zincato filettata M4x30/4.8,7611904021-00,7808173269-00,7934338423-00
Vite testa svasata calotta A2K 4x10,6667303359-00,8811987705-00,7861699713-00
vite AUTOFILETT. acciaio zincato 4 x 10 svasata,6667303359-00,8811987705-00,7861699713-00
VITE AUTOFILETT. svasata 4x10 zincato bianco,6667303359-00,8811987705-00,7861699713-00
vite testa svasata calotta filettata completa acciaio zincato A2K M4x10-4.8,5678708526-00,4643465183-00,8201399184-00
vite TCS M4x10 4.8 filettata interamente zincato,5678708526-00,4643465183-00,8201399184-00
Vite svasata filettatura completa A2K acciaio zincato bianco M4x10,5678708526-00,4643465183-00,8201399184-00
Vite testa svasata filettata COMPLETA A2K M4x16 4.8,6267553235-00,9741033403-00,6947945444-00
vite calotta Zincato Bianco int. filett. M4x16-4.8,6267553235-00,9741033403-00,6947945444-00
TSC M4x16 int filettata vite testa svasata acciaio 4.8,6267553235-00,9741033403-00,6947945444-00
boccola strisciamento zuvo,5627782037-00,6008985204-00,6467382367-00
ZUVO boccola a strisciamento,5627782037-00,6008985204-00,6467382367-00
strisciamento boccola ZUVO,5627782037-00,6008985204-00,6467382367-00
boccola bronzo BGL12C1816,4937698724-00,9489754341-00,5345176211-00
BGL 12 C1816 boccola bronzo,4937698724-00,9489754341-00,5345176211-00
boccola BGL12C1816 in bronzo,4937698724-00,9489754341-00,5345176211-00
Boccola BGL12C1830 in bronzo,8700805601-00,7005019557-00,8764064664-00
BOCCOLA bronzo BGL 12C 1830,8700805601-00,7005019557-00,8764064664-00
BGL12C1830 boccola Bronzo,8700805601-00,7005019557-00,8764064664-00
BOCCOLA 1510 BMC/TFP,6298267102-00,6526985464-00,2483257253-00
BMC/TFP boccola 1510,6298267102-00,6526985464-00,2483257253-00
1510 bMC/TfP BOCCOLA,6298267102-00,6526985464-00,2483257253-00
boccale bronzo psm 607060 a51 lisca,7594836231-00,2969832734-00,3687303022-00
boccale lisca A51 PSM607060 in bronzo,7594836231-00,2969832734-00,3687303022-00
bronzo psm 607060 a51 boccale lisca,7594836231-00,2969832734-00,3687303022-00
BOCCOLA MB1510 du BRONZO,5989045910-00,2300869594-00,2714088785-00
  mb 1510 BOCCOLA bronzo DU,5989045910-00,2300869594-00,2714088785-00
boccola DU MB-1510 bronzo,5989045910-00,2300869594-00,2714088785-00
Boccola bronzo MB 2225 DU,2514996460-00,1258316254-00,1641822704-00
2225 DU boccola bronzo modello MB,2514996460-00,1258316254-00,1641822704-00
MB 2225 bronzo DU boccola,2514996460-00,1258316254-00,1641822704-00
Bronzo BOCCOla MB 2520 DU,1547554553-00,6639135641-00,7047810484-00
BOCCOLA 2520 MB Bronzo DU,1547554553-00,6639135641-00,7047810484-00
DU 2520 mb boccola bronzo,1547554553-00,6639135641-00,7047810484-00
Boccola 3030 du bronzo mb,7269638704-00,6980499450-00,8953620793-00
MB3030 Bronzo BOCCOLA DU,7269638704-00,6980499450-00,8953620793-00
boccola bronzo mb 3030/du,7269638704-00,6980499450-00,8953620793-00
boccola 4030 du bronzo mb,9019812829-00,5431850038-00,8811987705-00
BOCCOLA MB bronzo 4030 DU,9019812829-00,5431850038-00,8811987705-00
4030 DU MB boccola bronzo,9019812829-00,5431850038-00,8811987705-00
boccola mb 85100 du bronzo,5658261801-00,1507127156-00,5954303285-00
MB 85100 DU/Boccola bronzo,5658261801-00,1507127156-00,5954303285-00
85100 du mb bronzo boccola,5658261801-00,1507127156-00,5954303285-00
boccola PAF 06070 tipo P10,6467382367-00,4402549594-00,5440625674-00
06070 P10 boccola PAF,6467382367-00,4402549594-00,5440625674-00
P10 boccola PAF-06070,6467382367-00,4402549594-00,5440625674-00
BOCCOLA PAF 06080 modello P10,6298201523-00,5396269374-00,5440625674-00
P10 BOCCOLA PAF 6080,6298201523-00,5396269374-00,5440625674-00
paf 06080 boccola P 10,6298201523-00,5396269374-00,5440625674-00
boCCola pAF 08055 P10,1774298979-00,6970809125-00,6833265528-00
paf 08055 p10 boccola,1774298979-00,6970809125-00,6833265528-00
Boccola P10 PAF-08055,1774298979-00,6970809125-00,6833265528-00
boccola PAF 08095 P10,7572878881-00,6843773357-00,7269638704-00
P10 PAF 08095 boccola,7572878881-00,6843773357-00,7269638704-00
boccola P10 08095 PAF,7572878881-00,6843773357-00,7269638704-00
boccola paf 10070 p10,7882473440-00,7071447618-00,8112929682-00
p10 paf 10070 boccola,7882473440-00,7071447618-00,8112929682-00
10070 paf boccola p10,7882473440-00,7071447618-00,8112929682-00
boccola PAF 10090 P10,9015214706-00,1998064545-00,2779561943-00
PAF 10090 P10 boccola,9015214706-00,1998064545-00,2779561943-00
boccola paf10090 p10,9015214706-00,1998064545-00,2779561943-00
boccola paf 10120 p10,7792307856-00,2057138330-00,8953620793-00
p10 paf 10120 boccola,7792307856-00,2057138330-00,8953620793-00
10120 paf boccola p10,7792307856-00,2057138330-00,8953620793-00
boccola PAF 12090 P10,8953620793-00,9007191352-00,4519349320-00
PAF 12090 P10 boccola,8953620793-00,9007191352-00,4519349320-00
boccola paf12090 p10,8953620793-00,9007191352-00,4519349320-00
boccola PAF 12120 P11,3183211547-00,4869901228-00,5627782037-00
P11 PAF 12120 boccola,3183211547-00,4869901228-00,5627782037-00
12120 PAF boccola P11,3183211547-00,4869901228-00,5627782037-00
boccola PAF 12170 P10,1027628233-00,4956672336-00,7882473440-00
PAF 12170 P10 boccola,1027628233-00,4956672336-00,7882473440-00
boccola paf12170 p10,1027628233-00,4956672336-00,7882473440-00
boccola paf 15090 p10,7047810484-00,9641115149-00,8700805601-00
p10 paf 15090 boccola,7047810484-00,9641115149-00,8700805601-00
15090 boccola paf p10,7047810484-00,9641115149-00,8700805601-00
boccola PAF 15120 P10,9463710625-00,6643383016-00,6477628898-00
PAF15120 P10 boccola,9463710625-00,6643383016-00,6477628898-00
boccola paf 15120 p10 materiale,9463710625-00,6643383016-00,6477628898-00
boccola PAF 15170 P10,5737655993-00,7449618970-00,3103452341-00
PAF 15170 P10 boccola,5737655993-00,7449618970-00,3103452341-00
boccola paf15170 p10,5737655993-00,7449618970-00,3103452341-00
boccola PAF 18120 P10,9635495583-00,1442542605-00,8174917101-00
PAF 18120 P10 boccola,9635495583-00,1442542605-00,8174917101-00
boccola paf18120 p10,9635495583-00,1442542605-00,8174917101-00
BOCCOLA PAF 18220 P10,6253052120-00,8289664449-00,2233760591-00
PAF 18220 P10 boccole,6253052120-00,8289664449-00,2233760591-00
boccole paf18220 p10,6253052120-00,8289664449-00,2233760591-00
boccola PAF 20115 P11,5392032523-00,6982573376-00,8096244744-00
PAF 20115 P11 boccola,5392032523-00,6982573376-00,8096244744-00
boccola paf20115 p11,5392032523-00,6982573376-00,8096244744-00
boccola PAF 20215 P10,9582710726-00,1870525316-00,9463710625-00
PAF 20215 P10 boccola,9582710726-00,1870525316-00,9463710625-00
boccola paf20215 p10,9582710726-00,1870525316-00,9463710625-00
boccola PAF 25215 P10,3941427155-00,3132891770-00,7827461347-00
PAF 25215 P10 boccola,3941427155-00,3132891770-00,7827461347-00
boccola paf25215 p10,3941427155-00,3132891770-00,7827461347-00
boccola paf 30260 p10,8174917101-00,8545733832-00,2233760591-00
paf 30260 p10 boccola,8174917101-00,8545733832-00,2233760591-00
boccola PAF30260P10,8174917101-00,8545733832-00,2233760591-00
boccola PAF 40260 P10,1774611466-00,8080636197-00,1641822704-00
PAF 40260 P10 boccola,1774611466-00,8080636197-00,1641822704-00
boccola paf40260 p10,1774611466-00,8080636197-00,1641822704-00
boccola pap 0608 p10,4429676008-00,5124901454-00,8308447551-00
pap 0608 p10 boccola,4429676008-00,5124901454-00,8308447551-00
boccola 0608 pap p10,4429676008-00,5124901454-00,8308447551-00
boccola pap 0610 p10,6477628898-00,8400584249-00,9181346928-00
pap 0610 boccola p10,6477628898-00,8400584249-00,9181346928-00
boccola p10 tipo pap 0610,6477628898-00,8400584249-00,9181346928-00
boccola PAP 0812 P10,2483257253-00,3808818546-00,1774611466-00
PAP 0812 boccola p10,2483257253-00,3808818546-00,1774611466-00
boccola 0812/PAP P10,2483257253-00,3808818546-00,1774611466-00
boccola PAP 10060 P10,8760874283-00,8813172774-00,7839026961-00
PAP 10060/P10 boccola,8760874283-00,8813172774-00,7839026961-00
boccola codice PAP 10060-P10,8760874283-00,8813172774-00,7839026961-00
boccola pap 1008 p10,3397156269-00,5828119227-00,8358189939-00
pap 1008 boccole p10,3397156269-00,5828119227-00,8358189939-00
boccola modello pap 1008/p10,3397156269-00,5828119227-00,8358189939-00
boccola PAP 1010 p10,3617522161-00,9539155196-00,7078889404-00
PAP 1010 boccola P10,3617522161-00,9539155196-00,7078889404-00
boccola p10 / PAP 1010,3617522161-00,9539155196-00,7078889404-00
boccola PAP 1012 P10,4519349320-00,8426806797-00,2699455699-00
PAP 1012 boccola materiale P10,4519349320-00,8426806797-00,2699455699-00
boccola 1012 serie PAP P10,4519349320-00,8426806797-00,2699455699-00
boccola pap 12060 p10,3047152691-00,2633402017-00,5627782037-00
pap 12060/p10 boccola,3047152691-00,2633402017-00,5627782037-00
boccola modello PAP 12060 P10,3047152691-00,2633402017-00,5627782037-00
boccola pap1208 p10,6139201504-00,3211385349-00,7269638704-00
pap 1208 p10 boccola,6139201504-00,3211385349-00,7269638704-00
boccola tipo PAP 1208 P10,6139201504-00,3211385349-00,7269638704-00
boccola PAP 1210 P10,9514707216-00,7815440699-00,8700805601-00
bush PAP1210 P10,9514707216-00,7815440699-00,8700805601-00
boccole modello 1210 PAP P10,9514707216-00,7815440699-00,8700805601-00
boccola PAP 1212 P10,5954303285-00,2928643503-00,9582710726-00
PAP 1212 P10 boccola,5954303285-00,2928643503-00,9582710726-00
boccola 1212 modello PAP P10,5954303285-00,2928643503-00,9582710726-00
boccola pap 1215 p10,5839883350-00,1290053134-00,9015214706-00
pap 1215 p10 boccola,5839883350-00,1290053134-00,9015214706-00
boccola 1215 p10 pap,5839883350-00,1290053134-00,9015214706-00
boccola p10 pap 1220,8811987705-00,6822152452-00,2699455699-00
pap 1220 boccola tipo p10,8811987705-00,6822152452-00,2699455699-00
boccola PAP 1220/P10,8811987705-00,6822152452-00,2699455699-00
boccola pap 1415 p10,7078889404-00,2328078956-00,7839026961-00
pap 1415 p10 boccola,7078889404-00,2328078956-00,7839026961-00
boccola p10 pap 1415,7078889404-00,2328078956-00,7839026961-00
boccola PAP 1415 P10 codice 7078889404-00,3047841491-00,6065132367-00,3081287116-00
PAP 1415 P10 boccola 7078889404-00,3047841491-00,6065132367-00,3081287116-00
7078889404-00 boccola tipo PAP 1415 P10,3047841491-00,6065132367-00,3081287116-00
boccola PAP 1425 P10,9786803570-00,9537250553-00,3617522161-00
PAP 1425 boccola modello P10,9786803570-00,9537250553-00,3617522161-00
boccola P10 tipo PAP 1425,9786803570-00,9537250553-00,3617522161-00
boccola PAP 15060 P10,5345176211-00,4727133865-00,7762471396-00
boccola tipo PAP 15060/P10,5345176211-00,4727133865-00,7762471396-00
PAP 15060 P10 boccola,5345176211-00,4727133865-00,7762471396-00
boccola PAP 1512 P10,9181346928-00,7525291539-00,7792307856-00
PAP 1512 boccola P10,9181346928-00,7525291539-00,7792307856-00
boccola P10 modello PAP 1512,9181346928-00,7525291539-00,7792307856-00
boccola PAP1515 P10,2233760591-00,5930875688-00,4703197479-00
PAP 1515 P10 boccola,2233760591-00,5930875688-00,4703197479-00
boccola tipo PAP 1515/P10,2233760591-00,5930875688-00,4703197479-00
boccola PAP 1520 P10,6796505905-00,1881869961-00,2779561943-00
PAP 1520 boccola P10,6796505905-00,1881869961-00,2779561943-00
boccola P10 PAP1520,6796505905-00,1881869961-00,2779561943-00
boccola PAP 1610 P10,7714999073-00,7692192434-00,6139201504-00
PAP 1610 P10 boccola,7714999073-00,7692192434-00,6139201504-00
boccola 1610 tipo PAP P10,7714999073-00,7692192434-00,6139201504-00
boccola PAP 1612 P10,4703197479-00,8835390267-00,1027628233-00
PAP 1612/P10 boccola,4703197479-00,8835390267-00,1027628233-00
boccola tipo PAP 1612 P10,4703197479-00,8835390267-00,1027628233-00
boccola pap 1615 p10,5214347101-00,9621571968-00,4703197479-00
pap 1615 p10 boccola,5214347101-00,9621571968-00,4703197479-00
boccola p10 1615 pap,5214347101-00,9621571968-00,4703197479-00
boccola PAP 1620 p10,5216498526-00,5685286874-00,2494634256-00
PAP 1620 boccola tipo P10,5216498526-00,5685286874-00,2494634256-00
boccola 1620/PAP P10,5216498526-00,5685286874-00,2494634256-00
boccola PAP 1625 P10,5474448232-00,6344833046-00,1134871499-00
PAP 1625 boccola P10,5474448232-00,6344833046-00,1134871499-00
boccola P10 1625 PAP,5474448232-00,6344833046-00,1134871499-00
boccola p10 pap 1815,1968600748-00,9164921243-00,7882473440-00
bush pap-1815 / p10,1968600748-00,9164921243-00,7882473440-00
boccola PAP 18x15 P10,1968600748-00,9164921243-00,7882473440-00
boccola PAP 1820 P10,3103452341-00,4986042147-00,8284236066-00
PAP 1820 P10 boccola,3103452341-00,4986042147-00,8284236066-00
boccola 1820 PAP/P10,3103452341-00,4986042147-00,8284236066-00
boccola pap 2010 p10,2806046120-00,1881869961-00,8764064664-00
pap 2010 p10 boccola,2806046120-00,1881869961-00,8764064664-00
boccola tipo pap 2010/p10,2806046120-00,1881869961-00,8764064664-00
boccola PAP 2015 P10,3149495518-00,7660587480-00,6139201504-00
PAP 2015 P10 boccola,3149495518-00,7660587480-00,6139201504-00
boccola P10 PAP 2015,3149495518-00,7660587480-00,6139201504-00
boccola p10 pap 2020,7839026961-00,1408501010-00,3397156269-00
pap 2020 boccola p10,7839026961-00,1408501010-00,3397156269-00
boccola PAP tipo 2020 P10,7839026961-00,1408501010-00,3397156269-00
boccola p10 pap 2020,7839026961-00,1323236359-00,5787003575-00
PAP 2020 boccola tipo P10,7839026961-00,1323236359-00,5787003575-00
boccola 2020/pap p10,7839026961-00,1323236359-00,5787003575-00
boccola PAP 2025 p10,3433772587-00,2942663287-00,6253052120-00
boccola 2025 pap/p10,3433772587-00,2942663287-00,6253052120-00
PAP 2025 boccola tipo p10,3433772587-00,2942663287-00,6253052120-00
boccola pap2030 p10,6184974473-00,2193613906-00,1968600748-00
boccola P10 modello PAP 2030,6184974473-00,2193613906-00,1968600748-00
pap 2030 boccola tipo p10,6184974473-00,2193613906-00,1968600748-00
boccola PAP 220100 P10,5440625674-00,4521949722-00,7762471396-00
PAP 220100 P10 boccola,5440625674-00,4521949722-00,7762471396-00
boccola serie PAP 220100 P10,5440625674-00,4521949722-00,7762471396-00
boccola pap 2220 p10,1134871499-00,4692228309-00,3397156269-00
boccola 2220/PAP p10,1134871499-00,4692228309-00,3397156269-00
pap2220 p10 boccola,1134871499-00,4692228309-00,3397156269-00
boccola PAP 2430 P10,2494634256-00,7997028723-00,2699455699-00
PAP 2430 P10 boccola,2494634256-00,7997028723-00,2699455699-00
boccola P10 modello PAP 2430,2494634256-00,7997028723-00,2699455699-00
boccola PAP 2515 P10,5732277571-00,3684987268-00,5839883350-00
PAP 2515 P10 boccole,5732277571-00,3684987268-00,5839883350-00
boccola modello 2515 serie PAP P10,5732277571-00,3684987268-00,5839883350-00
boccola pap 2520 p10,1826420970-00,6786384278-00,5954303285-00
pap 2520 boccola p10,1826420970-00,6786384278-00,5954303285-00
boccola 2520/PAP P10,1826420970-00,6786384278-00,5954303285-00
boccola pap 2525 p10,4163122733-00,7617818121-00,2483257253-00
pap 2525 boccola p10,4163122733-00,7617818121-00,2483257253-00
boccola p10 tipo pap 2525,4163122733-00,7617818121-00,2483257253-00
boccola pap 25x30 p10,1946388169-00,1188618193-00,1547554553-00
pap 2530 boccola p10,1946388169-00,1188618193-00,1547554553-00
boccola p10 modello pap 2530,1946388169-00,1188618193-00,1547554553-00
boccola PAP 2820 P10,7827461347-00,3633358682-00,3617522161-00
PAP 2820 boccola P10,7827461347-00,3633358682-00,3617522161-00
boccola P10 mod. PAP 2820,7827461347-00,3633358682-00,3617522161-00
boccola PAP2830 P10,8358189939-00,2463572176-00,6298201523-00
PAP 2830 boccola P10,8358189939-00,2463572176-00,6298201523-00
boccola P10 tipo PAP 2830,8358189939-00,2463572176-00,6298201523-00
boccola p10 pap 3015,8096244744-00,7946949392-00,8174917101-00
pap 3015 boccola tipo p10,8096244744-00,7946949392-00,8174917101-00
boccola PAP3015 / P10,8096244744-00,7946949392-00,8174917101-00
boccola PAP 3020 P10,1686558964-00,9935696508-00,6253052120-00
PAP 3020 P10 boccola,1686558964-00,9935696508-00,6253052120-00
boccole modello 3020 tipo PAP P10,1686558964-00,9935696508-00,6253052120-00
boccola pap 3025 p10,2714088785-00,4568600985-00,7792307856-00
pap 3025 p10 boccola,2714088785-00,4568600985-00,7792307856-00
boccola tipo pap 3025/p10,2714088785-00,4568600985-00,7792307856-00
boccola PAP 3030 P10,8583464876-00,7534578004-00,3822575538-00
PAP 3030 boccola P10,8583464876-00,7534578004-00,3822575538-00
boccola P10 tipo PAP 3030,8583464876-00,7534578004-00,3822575538-00
boccola PAP 3040 P10,2160677782-00,4243875482-00,2779561943-00
PAP 3040 p10 boccola,2160677782-00,4243875482-00,2779561943-00
boccola p10 modello PAP 3040,2160677782-00,4243875482-00,2779561943-00
boccola PAP 3530 modello P10,3508567827-00,3628521450-00,8101295351-00
PAP 3530 boccola P10,3508567827-00,3628521450-00,8101295351-00
boccola p10 tipo PAP 3530,3508567827-00,3628521450-00,8101295351-00
boccola pap 3540 p10,4934808632-00,5396528414-00,5839883350-00
PAP 3540 P10 boccole,4934808632-00,5396528414-00,5839883350-00
boccola modello 3540 tipo PAP P10,4934808632-00,5396528414-00,5839883350-00
boccola PAP 3550 P10,3081287116-00,6009304401-00,7839026961-00
PAP 3550 P10 boccola,3081287116-00,6009304401-00,7839026961-00
boccola modello P10 PAP 3550,3081287116-00,6009304401-00,7839026961-00
boccola PAP 3550 P20,1211141021-00,2578136163-00,3047152691-00
PAP 3550 P20 boccola,1211141021-00,2578136163-00,3047152691-00
boccola modello PAP 3550 P20,1211141021-00,2578136163-00,3047152691-00
boccola PAP 4020 P10,6833265528-00,7811220022-00,3687303022-00
PAP 4020 P10 bozza,6833265528-00,7811220022-00,3687303022-00
bozza 4020 P10 PAP,6833265528-00,7811220022-00,3687303022-00
boccola PAP 4040 P10,3822575538-00,3385366022-00,6184974473-00
PAP 4040 P10 boccola,3822575538-00,3385366022-00,6184974473-00
4040 P10 boccola PAP,3822575538-00,3385366022-00,6184974473-00
boccola pap 4050 p10,6058211450-00,6518638498-00,7882473440-00
pap 4050 p10 boccola,6058211450-00,6518638498-00,7882473440-00
4050 p10 boccola pap,6058211450-00,6518638498-00,7882473440-00
boccola PAP 4530 P10,5787003575-00,9035646162-00,8358189939-00
PAP 4530 P10 boccola,5787003575-00,9035646162-00,8358189939-00
boccola P10 tipo 4530,5787003575-00,9035646162-00,8358189939-00
boocola pap 4550 p10,2779561943-00,9304821899-00,5839883350-00
PAP 4550 P10 boccola,2779561943-00,9304821899-00,5839883350-00
boccola P10 4550,2779561943-00,9304821899-00,5839883350-00
boccola PAP 5040 P10,3185373673-00,6662252496-00,5839883350-00
PAP 5040 P10 boccoa,3185373673-00,6662252496-00,5839883350-00
bocco PAP 5040 P10,3185373673-00,6662252496-00,5839883350-00
boccola PAP 5060 P10,4332667820-00,4439471575-00,7762471396-00
PAP 5060 P10 boccola,4332667820-00,4439471575-00,7762471396-00
boccola 5060 P10 tipo PAP,4332667820-00,4439471575-00,7762471396-00
boccola PAP 6030 P10,8101295351-00,3972732506-00,5954303285-00
PAP 6030 P10 boccola,8101295351-00,3972732506-00,5954303285-00
boccola P10 6030 PAP,8101295351-00,3972732506-00,5954303285-00
boccola pap 7050 p10,3208232197-00,3633358682-00,9181346928-00
7050 p10 pap boccola,3208232197-00,3633358682-00,9181346928-00
pap bocco 7050 p10,3208232197-00,3633358682-00,9181346928-00
boccola portasfera T7130 plaven,8764064664-00,5918243383-00,8358189939-00
plaven T7130 boccola portasfera,8764064664-00,5918243383-00,8358189939-00
portasfera T7130 boccola in plaven,8764064664-00,5918243383-00,8358189939-00
boccole autolubrificanti D20x26x15,7762471396-00,6683837403-00,2699455699-00
autolubrificanti D20 26 15 boccole,7762471396-00,6683837403-00,2699455699-00
D20x26x15 boccole autolubricanti,7762471396-00,6683837403-00,2699455699-00
ralla cuscinetti assiali rulli cilindrici LS 100135,4005656361-00,2796016373-00,9556016514-00
RALLA ASS. RULLINI LS 100135,4005656361-00,2796016373-00,9556016514-00
cusc. ass. rullini rulla LS 100135,4005656361-00,2796016373-00,9556016514-00
ralla cuscinetti assiali rullini cilindrici LS 120155,3728612861-00,5997622662-00,2256841335-00
cusc. ass. rullini LS 120155 ralla per cuscinetti,3728612861-00,5997622662-00,2256841335-00
RALLA LS 120155 cuscinetti rullini cilindrici assiali,3728612861-00,5997622662-00,2256841335-00
ralla cuscinetto assiale rulli cilindrici rullini LS 1226,5827014141-00,5516941534-00,1268066289-00
cusc. ass. rulli/rullini LS 1226 ralla,5827014141-00,5516941534-00,1268066289-00
ralla assiale LS 1226 cuscinetti a rulli/rullini,5827014141-00,5516941534-00,1268066289-00
cuscinetto assiale rulli cilindrici LS 140180,1268066289-00,3873262707-00,6765111973-00
ralla per rullini LS 140180 cuscinetti assiali,1268066289-00,3873262707-00,6765111973-00
ralla cusc. ass. rullini e cilindrici 140180,1268066289-00,3873262707-00,6765111973-00
ralla cuscinetti assiali rullini LS 1528,6365943916-00,5704325743-00,7136905351-00
cusc. ass. rulli cilindrici LS 1528 ralla,6365943916-00,5704325743-00,7136905351-00
ralla LS 1528 per rullini e rulli cilindrici,6365943916-00,5704325743-00,7136905351-00
ralla cuscinetti assiali rulli cilindrici rullini LS 4060,7452840785-00,4346290599-00,9535092488-00
ralla LS 4060 cusc. ass. rullini cilindrici,7452840785-00,4346290599-00,9535092488-00
cuscinetti assiali rulli LS 4060 ralla per rullini,7452840785-00,4346290599-00,9535092488-00
ralla cuscinetti assiali rullini LS 6590,7751355997-00,9645658988-00,1268066289-00
cusc. ass. rulli cilindrici ralla LS 6590,7751355997-00,9645658988-00,1268066289-00
RALLA ASS. RULLI LS 6590 cuscinetti cilindrici,7751355997-00,9645658988-00,1268066289-00
ralla cuscinetti assiali rulli cilindrici rullini LS 90120,5979277982-00,5512927515-00,9556016514-00
LS 90120 ralla cusc. ass. per rullini e cilindrici,5979277982-00,5512927515-00,9556016514-00
cuscinetti assiali rulli rullini LS 90120 ralla,5979277982-00,5512927515-00,9556016514-00
ralla cuscinetti assiali a rullini AS 0515,3245717955-00,2024351750-00,1473554121-00
AS 0515 ralla cusc. ass. rullini,3245717955-00,2024351750-00,1473554121-00
cuscinetti rullini assiali ralla tipo AS 0515,3245717955-00,2024351750-00,1473554121-00
ralla cuscinetto assiale rullini AS 0619,1953221694-00,6094533974-00,1171759738-00
AS 0619 ralla per cuscinetti a rullini,1953221694-00,6094533974-00,1171759738-00
cuscinetti assiali rullini ralla AS 0619,1953221694-00,6094533974-00,1171759738-00
ralla cuscinetti assiali rullini AS 100135,8262411778-00,7269638704-00,1811269553-00
cusc. ass. rullini AS100135,8262411778-00,7269638704-00,1811269553-00
RALLA AS 100135 cuscinetti a rullini,8262411778-00,7269638704-00,1811269553-00
ralla cuscinetti assiali a rullini AS 120155,1473554121-00,9077176137-00,6543774793-00
AS 120155 ralla cusc. rullini,1473554121-00,9077176137-00,6543774793-00
cuscinetti assiali ralla rullini modello AS 120155,1473554121-00,9077176137-00,6543774793-00
ralla cuscinetti assiali a rullini AS 1226,6765111973-00,4455341387-00,1268066289-00
AS 1226 ralla cusc. ass. rullini,6765111973-00,4455341387-00,1268066289-00
cuscinetti assiali ralla AS 1226 rullini,6765111973-00,4455341387-00,1268066289-00
ralla cuscinetti assiali a rullini AS 140180,1811269553-00,2495255911-00,4005656361-00
AS 140180 ralla cusc. ass. rullini,1811269553-00,2495255911-00,4005656361-00
cuscinetti assiali rullini ralla AS 140180,1811269553-00,2495255911-00,4005656361-00
ralla cuscinetti assiali rullini AS 2542,7349941438-00,6149920023-00,6543774793-00
cusc. ass. rullini tipo AS 2542,7349941438-00,6149920023-00,6543774793-00
ralla per rullini AS 2542 cuscinetti assiali,7349941438-00,6149920023-00,6543774793-00
ralla cuscinetti assiali rullini AS 4060,9556016514-00,6193108154-00,7136905351-00
cusc. ass. rullini modello AS 4060,9556016514-00,6193108154-00,7136905351-00
RALLA ASSIALE RULLINI AS4060,9556016514-00,6193108154-00,7136905351-00
ralla cuscinetti assiali rullini AS 6590,2256841335-00,7204923374-00,3245717955-00
cusc. ass. rullini ralla AS 6590,2256841335-00,7204923374-00,3245717955-00
ralla per cuscinetti AS 6590 assiali a rullini,2256841335-00,7204923374-00,3245717955-00
ralla cuscinetti assiali rullini AS 90120,1171759738-00,7463424763-00,2256841335-00
AS 90120 ralla cusc. ass. rullini,1171759738-00,7463424763-00,2256841335-00
cuscinetti assiali a rullini tipo RALLA AS 90120,1171759738-00,7463424763-00,2256841335-00
ralla cuscinetti assiali rullini cp 1.5 100 135,6360710927-00,3211385349-00,7349941438-00
cusc. ass. rullini ralla cp 1.5 100 135,6360710927-00,3211385349-00,7349941438-00
ralla per rullini assiali 100 135 cp 1.5,6360710927-00,3211385349-00,7349941438-00
ralla cuscinetti assiali rullini CP 1.5 120 155,9535092488-00,7417715853-00,1171759738-00
cusc. ass. rullini CP 1.5 120 155 ralla,9535092488-00,7417715853-00,1171759738-00
ralla CP 1.5 120 155 per cuscinetti a rullini,9535092488-00,7417715853-00,1171759738-00
ralla cuscinetti assiali rullini cp 8 16,6543774793-00,3750693595-00,8262411778-00
cusc. ass. rullini cp 8 16 ralla,6543774793-00,3750693595-00,8262411778-00
rullini cp 8 16 ralla cuscinetto assiale,6543774793-00,3750693595-00,8262411778-00
zuvo ralla PRT-04-60-DRI,8370007751-00,7604168415-00,2256841335-00
PRT 04 60 DRI ralla zuvo,8370007751-00,7604168415-00,2256841335-00
ralla zuvo modello PRT04-60-DRI,8370007751-00,7604168415-00,2256841335-00
ralla reggispinta paw 26 p10,7136905351-00,7142238274-00,9556016514-00
reggispinta paw 26 p10,7136905351-00,7142238274-00,9556016514-00
paw 26 p10 ralla reggispinta,7136905351-00,7142238274-00,9556016514-00
ralla reggispinta paw 32 p10,5643762042-00,6970809125-00,5979277982-00
paw 32 p10 ralla reggispinta,5643762042-00,6970809125-00,5979277982-00
ralla spinta tipo paw 32 p10,5643762042-00,6970809125-00,5979277982-00
ralla reggispinta paw 52 p10,1321057021-00,7146771293-00,7751355997-00
paw 52 p10 ralla reggispinta,1321057021-00,7146771293-00,7751355997-00
reggispinta 52 p10 ralla,1321057021-00,7146771293-00,7751355997-00
rotella rulli NATV 15 PPXA,9192194133-00,2013038763-00,7821834815-00
NATV 15 PPXA rotella a rulli,9192194133-00,2013038763-00,7821834815-00
rotella a rulli tipo NATV 15 PPXA,9192194133-00,2013038763-00,7821834815-00
rotella rulli na 22 6.2rsx,5720179105-00,3574000742-00,6906098423-00
na 22 6.2rsx rotella a rulli,5720179105-00,3574000742-00,6906098423-00
rotella a rulli modello 22/6.2RSX,5720179105-00,3574000742-00,6906098423-00
rotella rulli NA 22/8.2RS,7664309470-00,1278211702-00,9192194133-00
NA 22 8.2RS rotella a rulli,7664309470-00,1278211702-00,9192194133-00
rotella a rulli 22/8.2RS,7664309470-00,1278211702-00,9192194133-00
rotella a rulli NA 2203.2RS,9103470507-00,1006926039-00,3196966778-00
NA 2203.2RS rotella rulli,9103470507-00,1006926039-00,3196966778-00
rotella rulli NA 2203 2RS,9103470507-00,1006926039-00,3196966778-00
rotella a rulli na 2203.2rsx,4643465183-00,7525291539-00,5720179105-00
na 2203.2rsx rulli rotella,4643465183-00,7525291539-00,5720179105-00
2203.2rsx rotella a rulli,4643465183-00,7525291539-00,5720179105-00
rotella a rulli natr 25,2942663287-00,9064006634-00,9265943440-00
natr 25 rotella rulli,2942663287-00,9064006634-00,9265943440-00
rulli natr 25 rotella a,2942663287-00,9064006634-00,9265943440-00
rotella rulli NATV 12,4613363443-00,6493958615-00,9103470507-00
NATV 12 rotella a rulli,4613363443-00,6493958615-00,9103470507-00
rotella a rulli 12 modello NATV,4613363443-00,6493958615-00,9103470507-00
rotella rulli NATV 20,6906098423-00,3399345551-00,9103470507-00
NATV 20 rotella a rulli,6906098423-00,3399345551-00,9103470507-00
rulli NATV 20 a rotella,6906098423-00,3399345551-00,9103470507-00
rotella rulli sto 15,5958696916-00,8596689344-00,4613363443-00
sto 15 rotella a rulli,5958696916-00,8596689344-00,4613363443-00
rulli sto 15 rottami rotella,5958696916-00,8596689344-00,4613363443-00
rotella sfera 305702 modello C-2Z,3196966778-00,5696356045-00,9103470507-00
C-2Z rotella a sfera 305702,3196966778-00,5696356045-00,9103470507-00
305702 rotella a sfera C2Z,3196966778-00,5696356045-00,9103470507-00
rotella sfera 305807 C-2Z,7821834815-00,3071439359-00,9103470507-00
C-2Z rotella a sfera 305807,7821834815-00,3071439359-00,9103470507-00
305807 rotella a sfera C-2Z,7821834815-00,3071439359-00,9103470507-00
rotella sfera 361200 R,9265943440-00,1371850964-00,3196966778-00
361200 R rotella a sfera,9265943440-00,1371850964-00,3196966778-00
rotella a sfera modello 361200 R,9265943440-00,1371850964-00,3196966778-00
rotella sfera 361204 R,4893561425-00,9836819829-00,7664309470-00
361204R rotella a sfera,4893561425-00,9836819829-00,7664309470-00
rotella a sfera R 361204,4893561425-00,9836819829-00,7664309470-00
rotella sistema lineare LFR 5301 KDD,4743934823-00,4956672336-00,9265943440-00
LFR 5301 KDD rotella sistema lineare,4743934823-00,4956672336-00,9265943440-00
sistema lineare 5301 KDD rotella,4743934823-00,4956672336-00,9265943440-00
rullini nrB 2.5x9.8 G2,6428135444-00,1511681744-00,1501058271-00
2.5x9.8 rullini NRB G2,6428135444-00,1511681744-00,1501058271-00
"rullini 2,5 9,8 G2 NRB",6428135444-00,1511681744-00,1501058271-00
"rullino B3x27,8G2",1501058271-00,1126995875-00,7034847370-00
"B3x27,8G2 rullino",1501058271-00,1126995875-00,7034847370-00
"rullino tipo B3x27,8G2",1501058271-00,1126995875-00,7034847370-00
"rullino rn 2x9,8 bf/g2",7212218295-00,3986344388-00,5092984113-00
"rn-2x9,8 rullino bf g2",7212218295-00,3986344388-00,5092984113-00
"rullino 2x9,8 bf/g2 rn",7212218295-00,3986344388-00,5092984113-00
"rullino RN-3x9,8 BF G2",7034847370-00,2393165131-00,8758900044-00
RN 3x9.8 rullino BF/G2,7034847370-00,2393165131-00,8758900044-00
"rullino BF/G2 misura 3x9,8 RN",7034847370-00,2393165131-00,8758900044-00
"rullo cilindrico b3x11,8 g2",8625641545-00,5958696916-00,6980772817-00
cilindrico b3x11.8/g2,8625641545-00,5958696916-00,6980772817-00
"rullo b3 11,8 g2",8625641545-00,5958696916-00,6980772817-00
rullo cilindrico zeb 3.5x15.8 g2,3379105488-00,9330533540-00,7585838948-00
"cilindrico 3,5x15,8 g2 ZEB",3379105488-00,9330533540-00,7585838948-00
ZEB rullo G2 3.5 mm x 15.8 mm,3379105488-00,9330533540-00,7585838948-00
rullo cilindrico tpw 12x18,4527880773-00,8447322876-00,4982032276-00
cilindrico 12x18 TPW rullo,4527880773-00,8447322876-00,4982032276-00
rullo TPW cilindrico dimensioni 12 18,4527880773-00,8447322876-00,4982032276-00
rullo cilindrico tpw 6x25,6980772817-00,3071439359-00,8051335606-00
tpw rullo 6mm x 25mm cilindrico,6980772817-00,3071439359-00,8051335606-00
cilindrico 6x25 tpw,6980772817-00,3071439359-00,8051335606-00
rullo cilindrico tpw 6x50,6114708424-00,6878665766-00,7952451883-00
tpw rullo 6x50 cilindrico,6114708424-00,6878665766-00,7952451883-00
cilindrico 6x50 rullo tpw,6114708424-00,6878665766-00,7952451883-00
rullo cilindrico tpw 6x6,7952451883-00,7051940106-00,4527880773-00
cilindrico 6x6 TPW rullo,7952451883-00,7051940106-00,4527880773-00
rullo tpw cilindrico misura 6x6,7952451883-00,7051940106-00,4527880773-00
rullo cilindrico rc 20x20 c,8051335606-00,8526360040-00,4527880773-00
cilindro rc 20mm x 20mm c,8051335606-00,8526360040-00,4527880773-00
rc 20x20c rullo,8051335606-00,8526360040-00,4527880773-00
rullo cilindrico rc-12x12,6429617186-00,9832730678-00,4078903042-00
rc-12x12 rullo cilindrico,6429617186-00,9832730678-00,4078903042-00
cilindrico 12x12 rc,6429617186-00,9832730678-00,4078903042-00
rullo cilindrico rc 5x10 c,4047319682-00,9875853252-00,4527880773-00
cilindrico 5x10 rc-c,4047319682-00,9875853252-00,4527880773-00
rc-5x10c rullo,4047319682-00,9875853252-00,4527880773-00
rullo cilindrico rc-6x12 c,7585838948-00,1612358200-00,8625641545-00
rc-6x12c rullo cilindrico,7585838948-00,1612358200-00,8625641545-00
rullo cilindrico 6x12 rc c,7585838948-00,1612358200-00,8625641545-00
rullo cilindrico rc 8x8,8281473503-00,5185231715-00,7585838948-00
rc-8x8 rullo cilindrico,8281473503-00,5185231715-00,7585838948-00
cilindrico 8x8 rc,8281473503-00,5185231715-00,7585838948-00
rullo cilindrico rc-8x8 c,4982032276-00,9226799871-00,4527880773-00
rc-8x8c rullo cilindrico,4982032276-00,9226799871-00,4527880773-00
cilindrico rullo modello rc 8x8 c,4982032276-00,9226799871-00,4527880773-00
rullo guida pfvr 35 fianchi diritti,2735987175-00,6057518909-00,4527880773-00
guida rullo fianchi dritti 35 pfvr,2735987175-00,6057518909-00,4527880773-00
rullo pfvr35 diritto,2735987175-00,6057518909-00,4527880773-00
rullo transpallet vro 1520cc diametro 80,2211636078-00,6352965674-00,7952451883-00
art 1520cc vro rullo d80 per transpallet,2211636078-00,6352965674-00,7952451883-00
rullo d80 transpallet vro codice 1520cc,2211636078-00,6352965674-00,7952451883-00
rullo transpallet vro 1529cc diametro 70,8758900044-00,2368003050-00,1501058271-00
rullo d70 vro art 1529cc per transpallet,8758900044-00,2368003050-00,1501058271-00
rullo transpallet art.1529cc vro d70,8758900044-00,2368003050-00,1501058271-00
rullo transpallet vro 1712cc diametro 85,5092984113-00,5259351791-00,4982032276-00
rullo d85 vro art 1712cc transpallet,5092984113-00,5259351791-00,4982032276-00
rullo transpallet vro d85 codice 1712cc,5092984113-00,5259351791-00,4982032276-00
fyc 30 tf unità cuscinetto sfera,7954596083-00,1463568795-00,6198473236-00
cuscinetto a sfera tipo fyc30tf,7954596083-00,1463568795-00,6198473236-00
supporto cuscinetto sfera FYC 30-TF,7954596083-00,1463568795-00,6198473236-00
unità cuscinetto sfera fyc 30 tf,7954596083-00,7359971500-00,1071330167-00
cuscinetto a sfera fyc30tf,7954596083-00,7359971500-00,1071330167-00
fyc 30 tf unita cuscinetto,7954596083-00,7359971500-00,1071330167-00
cuscinetto sfera FYC 35 TF,1318185697-00,4313510383-00,1071330167-00
unità cuscinetto FYC35TF,1318185697-00,4313510383-00,1071330167-00
sfera FY C 35TF,1318185697-00,4313510383-00,1071330167-00
cuscinetto unità sfera fyc 35 tf,1318185697-00,9167644979-00,5652404820-00
fyc35tf unità cuscinetto a sfera,1318185697-00,9167644979-00,5652404820-00
cuscinetto sfera tipo FYC 35 TF,1318185697-00,9167644979-00,5652404820-00
unità cuscinetto FY C 35 TF sfera,1318185697-00,6970809125-00,2039087397-00
cuscinetto a sfera tipo FYC 35TF,1318185697-00,6970809125-00,2039087397-00
supporto cuscinetto fyc35 tf sfera,1318185697-00,6970809125-00,2039087397-00
unità cuscinetto sfera FYC 50 TF,1442542605-00,1033519698-00,2039087397-00
cuscinetto FYC50TF tipo sfera,1442542605-00,1033519698-00,2039087397-00
FYC 50 TF unità sferica,1442542605-00,1033519698-00,2039087397-00
unità cuscinetto fyc 60 tf sfera,2748816495-00,5004896110-00,6620963127-00
cuscinetto a sfera modello fyc 60 tf,2748816495-00,5004896110-00,6620963127-00
fyc60tf unità sfera cuscinetto,2748816495-00,5004896110-00,6620963127-00
unità cuscinetto FYJ 25 TF sfera,6529849998-00,9625341535-00,1442542605-00
cuscinetto a sfera FYJ25TF,6529849998-00,9625341535-00,1442542605-00
FYJ 25 TF unità supporto cuscinetto sfera,6529849998-00,9625341535-00,1442542605-00
unità cuscinetto FYJ 30 TF sfera,7084542775-00,4606671218-00,5652404820-00
supporto FYJ30TF con cuscinetto a sfera,7084542775-00,4606671218-00,5652404820-00
cuscinetto sferico FYJ-30-TF,7084542775-00,4606671218-00,5652404820-00
unità cuscinetto FYJ 50 TF sfera,6529064708-00,2963834971-00,4571590299-00
cuscinetto sferico FYJ50TF,6529064708-00,2963834971-00,4571590299-00
supporto FYJ 50 TF cuscinetti a sfera,6529064708-00,2963834971-00,4571590299-00
unità cuscinetto FYJ 60 TF sfera,4327921388-00,3955556714-00,1318185697-00
FYJ60TF supporto con cuscinetto sferico,4327921388-00,3955556714-00,1318185697-00
cuscinetto sfera tipo FYJ 60TF,4327921388-00,3955556714-00,1318185697-00
unità cuscinetto FYJ 80 TF sfera,4411161347-00,9572923199-00,6960522247-00
FYJ80TF bearing unit sferico,4411161347-00,9572923199-00,6960522247-00
supporto cuscinetto a sfera FYJ 80 TF,4411161347-00,9572923199-00,6960522247-00
unità cuscinetto FYTB 50 TF sfera,2039087397-00,9526753360-00,5124484992-00
supporto cuscinetto sferico FYTB50TF,2039087397-00,9526753360-00,5124484992-00
cuscinetto FYTB-50-TF unità sfera,2039087397-00,9526753360-00,5124484992-00
unità cuscinetto sfera FYTJ 20 TF,4365586622-00,8468201600-00,7954596083-00
FYTJ 20 TF unità cuscinetto sferico,4365586622-00,8468201600-00,7954596083-00
supporto cuscinetto FYTJ20TF sfera,4365586622-00,8468201600-00,7954596083-00
unità cuscinetto sfera FYTJ25TF,4225769061-00,3355330845-00,2039087397-00
supporto cuscinetto FYTJ 25 TF,4225769061-00,3355330845-00,2039087397-00
cuscinetto FYTJ-25-TF sfera,4225769061-00,3355330845-00,2039087397-00
unità cuscinetto FYTJ 30 TF,6695477620-00,4514307030-00,4571590299-00
cuscinetto a sfera tipo FYTJ30TF,6695477620-00,4514307030-00,4571590299-00
FYTJ 30 TF bearing unit sfera,6695477620-00,4514307030-00,4571590299-00
unità cuscinetto sfera FYTJ 35 TF,5124484992-00,7521870912-00,6529849998-00
FYTJ 35 TF bearing unit sfera,5124484992-00,7521870912-00,6529849998-00
supporto cuscinetto FYTJ35TF,5124484992-00,7521870912-00,6529849998-00
unità cuscinetto FYTJ 40 TF sfera,6198473236-00,3683853426-00,4327921388-00
supporto cuscinetto sferico FYTJ40TF,6198473236-00,3683853426-00,4327921388-00
FYTJ 40 TF cuscinetto unità sfera,6198473236-00,3683853426-00,4327921388-00
unità cuscinetto fytj 45 tf,4410734538-00,8135097001-00,4870101176-00
cuscinetto sfera FYTJ45TF,4410734538-00,8135097001-00,4870101176-00
fytj 45 tf bearing unit sfera,4410734538-00,8135097001-00,4870101176-00
unità cuscinetto sfera pasey50-n oru,5128603712-00,7707915166-00,9043346665-00
cuscinetto sferico oru pasey50-n,5128603712-00,7707915166-00,9043346665-00
supporto cuscinetto ORU modello PASEY50-N,5128603712-00,7707915166-00,9043346665-00
unità cuscinetto sfera np30 gwn,2506646912-00,2916818412-00,1318185697-00
gwn np30 bearing unit sfera,2506646912-00,2916818412-00,1318185697-00
cuscinetto unità np30 gwn sfera,2506646912-00,2916818412-00,1318185697-00
unità cuscinetto tpw ubpfl 202 sfera,4870101176-00,5308978324-00,9208538142-00
cuscinetto a sfera ubpfl202 tpw,4870101176-00,5308978324-00,9208538142-00
tpw unità cuscinetto sfera modello ubpfl 202,4870101176-00,5308978324-00,9208538142-00
cuscinetto unità sfera p 25 rm,6711268221-00,9214170501-00,4571590299-00
unità cuscinetto p25rm tipo sfera,6711268221-00,9214170501-00,4571590299-00
cuscinetto sfera p 25rm unità,6711268221-00,9214170501-00,4571590299-00
unità cuscinetto sfera 30 tf passo fine,1744820572-00,1237825463-00,4225769061-00
cuscinetto sfera pf 30 tf,1744820572-00,1237825463-00,4225769061-00
unità cuscinetto sfera pf30tf passo fine,1744820572-00,1237825463-00,4225769061-00
unità cuscinetto sfera 35 RM passo fine,1861548310-00,1547554553-00,4410734538-00
cuscinetto unità sfera PF 35RM,1861548310-00,1547554553-00,4410734538-00
cuscinetto sfera passo fine PF 35 RM,1861548310-00,1547554553-00,4410734538-00
unità cuscinetto sfera 35 TF passo fine,6662252496-00,1641822704-00,1861548310-00
cuscinetto sfera PF 35 TF,6662252496-00,1641822704-00,1861548310-00
unità PF 35TF cuscinetto sfera passo fine,6662252496-00,1641822704-00,1861548310-00
cuscinetto unità sfera 40 RM passo fine,8302887250-00,8358189939-00,2039087397-00
unità cuscinetto PF 40 RM sfera,8302887250-00,8358189939-00,2039087397-00
cuscinetto sfera passo fine 40RM,8302887250-00,8358189939-00,2039087397-00
unità cuscinetto sfera passo fine 45 rm,3634085133-00,3302201450-00,4220919257-00
cuscinetto sfera pf 45rm unità,3634085133-00,3302201450-00,4220919257-00
unità cuscinetto sfera 45 rm pf passo fine,3634085133-00,3302201450-00,4220919257-00
unità cuscinetto pft 12 tf sfera,7997028723-00,6088982169-00,6529849998-00
cuscinetto sfera pft12tf,7997028723-00,6088982169-00,6529849998-00
supporto cuscinetto pft 12tf sfera,7997028723-00,6088982169-00,6529849998-00
unità cuscinetto pft 17 tf sfera,9196144313-00,5008345398-00,3553074739-00
supporto cuscinetto sferico PFT17TF,9196144313-00,5008345398-00,3553074739-00
cuscinetto a sfera pft 17 tf,9196144313-00,5008345398-00,3553074739-00
unità cuscinetto pft 20 tf sfera,5652404820-00,9510775158-00,7084542775-00
supporto cuscinetto sfera tipo pft 20 tf,5652404820-00,9510775158-00,7084542775-00
cuscinetto pft-20-tf unità a sfera,5652404820-00,9510775158-00,7084542775-00
unità cuscinetto a sfera pft 20 tf,5652404820-00,8300606513-00,5903303792-00
pft 20 tf cuscinetto sferico unità,5652404820-00,8300606513-00,5903303792-00
cuscinetto sfera pft20tf assemblaggio unità,5652404820-00,8300606513-00,5903303792-00
unità cuscinetto sfera pft 25 tf,8891849873-00,5232587970-00,2748816495-00
cuscinetto a sfera PFT 25 TF unità completa,8891849873-00,5232587970-00,2748816495-00
pft 25 tf unità con cuscinetto a sfera,8891849873-00,5232587970-00,2748816495-00
unità cuscinetto sfera modello pft 30 tf,9043346665-00,5710205158-00,1861548310-00
cuscinetto a sfera pft 30 tf unità,9043346665-00,5710205158-00,1861548310-00
pft 30 tf unità con cuscinetto sferico,9043346665-00,5710205158-00,1861548310-00
unità cuscinetto sfera modello pft 35 fm,3553074739-00,6769183923-00,8891849873-00
cuscinetto a sfera pft 35 fm unità completa,3553074739-00,6769183923-00,8891849873-00
pft 35 fm cuscinetto unità sfera uso tecnico,3553074739-00,6769183923-00,8891849873-00
unità cuscinetto sfera modello pft 35 tf,3454525239-00,8368482762-00,4571590299-00
pft 35 tf cuscinetto a sfera unità compatta,3454525239-00,8368482762-00,4571590299-00
modulo cuscinetto sfera pft35tf unità completa,3454525239-00,8368482762-00,4571590299-00
unità cuscinetto sfera sf30 gwn,5903303792-00,8713494800-00,7997028723-00
sf30 cuscinetto a sfera unità gwn,5903303792-00,8713494800-00,7997028723-00
gwn unità cuscinetto sfera modello sf30,5903303792-00,8713494800-00,7997028723-00
unità cuscinetto sfera modello sy 55 tf,7988037521-00,7934338423-00,9208538142-00
sy 55 tf cuscinetto a sfera unità,7988037521-00,7934338423-00,9208538142-00
cuscinetto sfera sy55tf unità cuscinetto spherical,7988037521-00,7934338423-00,9208538142-00
unità cuscinetto sfera modello syf 25 tf,9208538142-00,7359180004-00,7988037521-00
cuscinetto a sfera syf 25 tf unità completa,9208538142-00,7359180004-00,7988037521-00
syf 25 tf cuscinetto sferico unità pezzo,9208538142-00,7359180004-00,7988037521-00
unità cuscinetto sfera modello syf 30 tf,8338631077-00,5567905514-00,6711268221-00
cuscinetto a sfere syf 30 tf con unità,8338631077-00,5567905514-00,6711268221-00
syf 30 tf unità cuscinetto a sfera tecnica,8338631077-00,5567905514-00,6711268221-00
unità cuscinetto sfera modello syf 40 tf,1219752306-00,1760470605-00,5013018299-00
cuscinetto sfera syf40 tf unità completa,1219752306-00,1760470605-00,5013018299-00
syf 40 tf unità cuscinetto a sfera tecnica,1219752306-00,1760470605-00,5013018299-00
unità cuscinetto sfera modello SYJ 25 TF,6620963127-00,7448971127-00,9208538142-00
SYJ 25 TF unità con cuscinetto a sfera,6620963127-00,7448971127-00,9208538142-00
cuscinetto a sfera SYJ 25 TF unità completa,6620963127-00,7448971127-00,9208538142-00
unita cuscinetto sfera modello syj 30 tf,2032105748-00,3074182346-00,3553074739-00
cuscinetto a sfera syj 30 tf unità,2032105748-00,3074182346-00,3553074739-00
syj 30 tf cuscinetto sfera unita completa,2032105748-00,3074182346-00,3553074739-00
unità cuscinetto sfera modello SYJ 40 TF,1071330167-00,1207395784-00,6960522247-00
cuscinetto a sfera SYJ 40 TF unità,1071330167-00,1207395784-00,6960522247-00
SYJ 40 TF unità di cuscinetto sfera,1071330167-00,1207395784-00,6960522247-00
unita cuscinetto sfera modello SYJ 50 TF,8534736814-00,6833265528-00,6960522247-00
cuscinetto a sfera unità SYJ50TF,8534736814-00,6833265528-00,6960522247-00
SYJ 50 TF cuscinetto sferico unita,8534736814-00,6833265528-00,6960522247-00
unità cuscinetto sfera modello syj 55 tf,9665407542-00,1321057021-00,5652404820-00
cuscinetto a sfera syj 55 tf unità,9665407542-00,1321057021-00,5652404820-00
syj 55 tf unità cuscinetto sferico,9665407542-00,1321057021-00,5652404820-00
cuscinetto sfera synt 45 f unità,4571590299-00,2590488757-00,5903303792-00
unità cuscinetto a sfera modello synt 45f,4571590299-00,2590488757-00,5903303792-00
bearing sphere unit synt 45 f,4571590299-00,2590488757-00,5903303792-00
ucf 206 kitaro cuscinetto sfera unità,6960522247-00,2447466166-00,4410734538-00
unità con cuscinetto a sfera modello ucf 206 kitaro,6960522247-00,2447466166-00,4410734538-00
cuscinetto sferico ucf206 kitaro unità montata,6960522247-00,2447466166-00,4410734538-00
unità cuscinetto sfera modello UCFK 204,2036427045-00,9715830174-00,2039087397-00
cuscinetto a sfera UCFK 204 unità completa,2036427045-00,9715830174-00,2039087397-00
UCFK 204 unità con cuscinetto sfera integrato,2036427045-00,9715830174-00,2039087397-00
unità cuscinetto sfera modello UCFL 211/H,4220919257-00,7573814967-00,4870101176-00
cuscinetto sfera UCFL211/H unità completa,4220919257-00,7573814967-00,4870101176-00
supporto cuscinetto sferico UCFL 211/H,4220919257-00,7573814967-00,4870101176-00
unità cuscinetto sfera modello ucfl 212,5013018299-00,3875557124-00,1318185697-00
cuscinetto a sfera ucfl 212 con unità,5013018299-00,3875557124-00,1318185697-00
ucfl 212 cuscinetto sfera unità completa,5013018299-00,3875557124-00,1318185697-00
sfera 1/2 riv rb-12.70 iv,2036328500-00,8831445184-00,2642506992-00
sfere 12.70 riv 1/2 rb iv,2036328500-00,8831445184-00,2642506992-00
rb 12.70 sfera riv 1/2 iv,2036328500-00,8831445184-00,2642506992-00
sfera riv 1/4 rb 6.35 iv,4722540187-00,6603193262-00,5439349326-00
1/4 riv sfera rb 6.35 iv,4722540187-00,6603193262-00,5439349326-00
sfera 6.35 riv 1/4 rb iv,4722540187-00,6603193262-00,5439349326-00
sfera riv rb- 3.175 1/8 iv,6088982169-00,5986859531-00,6197392647-00
sfera 1/8 da rivestire rb- 3.175 materiale iv,6088982169-00,5986859531-00,6197392647-00
1/8 sfera rivestita rb- diametro 3.175 iv,6088982169-00,5986859531-00,6197392647-00
"sfera riv rb 2,5 diametro 2,5",2438994529-00,6238573247-00,7453588100-00
"2,5 mm sfera tipo rb rivestita",2438994529-00,6238573247-00,7453588100-00
"sfera 2,5 rb riv 2,5mm materiale rivestito",2438994529-00,6238573247-00,7453588100-00
sfera riv 3/4 rb-19.05 tipo III,6197392647-00,1902401529-00,5439349326-00
sfera 3/4 rivestita rb19.05 iii,6197392647-00,1902401529-00,5439349326-00
sfere 3/4 rb-19.05 riv iii,6197392647-00,1902401529-00,5439349326-00
sfera 3/8 riv rb- 9.525 iv,8541639722-00,2965761849-00,4706798503-00
3/8 sfera riv rb- 9.525 iv dimensioni,8541639722-00,2965761849-00,4706798503-00
sfera in acciaio riv rb- 3/8 9.525 iv,8541639722-00,2965761849-00,4706798503-00
sfera carburo di tungsteno 7/8 pollici,3761118568-00,2010439133-00,2642506992-00
7/8 tungsten carbide ball,3761118568-00,2010439133-00,2642506992-00
pallina 7/8 in carburo di tungsteno,3761118568-00,2010439133-00,2642506992-00
"sfera riv 7/8 rb-22,225",4435163658-00,8073584362-00,1464206595-00
"rb-22,225 sfera 7/8 riv",4435163658-00,8073584362-00,1464206595-00
"sfera rivettata 7/8 rb 22,225",4435163658-00,8073584362-00,1464206595-00
sfera diametro 1/16,2098611045-00,1570747722-00,3211385349-00
sfera d 1/16 misura piccola,2098611045-00,1570747722-00,3211385349-00
palla 1/16 diametro sfera small,2098611045-00,1570747722-00,3211385349-00
sfera diametro 14 mm,1464206595-00,7540448458-00,5439349326-00
sfera d14 dimensione 14,1464206595-00,7540448458-00,5439349326-00
palla sfera D 14 mm,1464206595-00,7540448458-00,5439349326-00
sfera diametro 2,7617818121-00,1376399055-00,3211385349-00
sfera d 2 mm,7617818121-00,1376399055-00,3211385349-00
sfere ricambio d=2,7617818121-00,1376399055-00,3211385349-00
sfera diametro 3 mm,5379178942-00,1397484017-00,2036328500-00
sfera d3 metallo 3mm,5379178942-00,1397484017-00,2036328500-00
pallina rotonda 3 d mm,5379178942-00,1397484017-00,2036328500-00
sfera diametro 3/16 riv rb 4.762 iv,3211385349-00,9526772961-00,4435163658-00
sfera d 3/16 rb-4.762 iv rivestita,3211385349-00,9526772961-00,4435163658-00
rb-4.762 iv sfera 3/16 d riv,3211385349-00,9526772961-00,4435163658-00
sfera rb-4 diametro 4 mm,3882501209-00,9114099404-00,2036328500-00
pallina d4 rb-4 rolling ball 4mm,3882501209-00,9114099404-00,2036328500-00
sfera da 4mm modello rb-4 componente meccanico,3882501209-00,9114099404-00,2036328500-00
sfera riv 7.938 d5/16 tipo rb,8739534142-00,8884625491-00,4706798503-00
sfera rivestita rb misura d5/16 con codice 7.938 ii,8739534142-00,8884625491-00,4706798503-00
7.938 sfera riv rb diametro 5/16 secondo tipo II,8739534142-00,8884625491-00,4706798503-00
sfera d5/32 riv rb 3.969 iv,7453588100-00,9296042632-00,3882501209-00
sfera da 5/32 rivestita rb 3.969 iv,7453588100-00,9296042632-00,3882501209-00
d5 32 sfera riv rb 3.969 iv,7453588100-00,9296042632-00,3882501209-00
sfera diametro 6 mm,5439349326-00,4918161903-00,1464206595-00
pallina metallo d6 misura 6,5439349326-00,4918161903-00,1464206595-00
sfera dimensione 6 d6,5439349326-00,4918161903-00,1464206595-00
sfera riv d7/32 rb-5.556 iv,4706798503-00,7878248452-00,8541639722-00
sfera diametro 7/32 riv rb-5.556 iv,4706798503-00,7878248452-00,8541639722-00
sfera d 7/32 rivestita rb 5.556 iv,4706798503-00,7878248452-00,8541639722-00
sfera portante dorvik 0531-022-00,4925955239-00,1397484017-00,2026712416-00
dorvik 0531-022-00 sfera portante ricambio,4925955239-00,1397484017-00,2026712416-00
sfera portante dorvik codice 0531-022-00 componente,4925955239-00,1397484017-00,2026712416-00
sfera portante dorvik 0533-712-00,2642506992-00,1143851458-00,3882501209-00
dorvik 0533-712-00 sfera portante ricambio,2642506992-00,1143851458-00,3882501209-00
sfera portante per ricambio dorvik codice 0533-712-00,2642506992-00,1143851458-00,3882501209-00
sfera portante dorvik codice 0535-122-10,2323356604-00,3828365589-00,4925955239-00
dorvik sfera portante 0535-122-10,2323356604-00,3828365589-00,4925955239-00
ricambio sfera portante dorvik 0535-122-10,2323356604-00,3828365589-00,4925955239-00
sfera portante dorvik 0535-230-10,2026712416-00,6777499687-00,4925955239-00
cuscinetto sfera dorvik art 0535-230-10,2026712416-00,6777499687-00,4925955239-00
dorvik 0535-230-10 sfera portante isolamento meccanico,2026712416-00,6777499687-00,4925955239-00
sfera portante dorvik modello 0536-115-10,8425163072-00,9696569168-00,8541639722-00
dorvik sfera portante 0536-115-10 specifica tecnica,8425163072-00,9696569168-00,8541639722-00
ricambio sfera portante dorvik cod 0536-115-10,8425163072-00,9696569168-00,8541639722-00
sfera portante dorvik 0536-122-10,7913166788-00,5643762042-00,7617818121-00
dorvik 0536-122-10 sfera portante,7913166788-00,5643762042-00,7617818121-00
portante sfera dorvik modello 0536-122-10,7913166788-00,5643762042-00,7617818121-00
inserto cuscinetto gwn self-lube 1120-20,5126431065-00,8338631077-00,3684987268-00
gwn self-lube 1120-20 cuscinetto inserto,5126431065-00,8338631077-00,3684987268-00
1120-20 inserto cuscinetto self-lube gwn,5126431065-00,8338631077-00,3684987268-00
inserto cuscinetto self-lube gwn 1150-50,3738435794-00,6123290703-00,2180285684-00
gwn 1150-50 cuscinetto inserto con lubrificazione self-lube,3738435794-00,6123290703-00,2180285684-00
self-lube bearing insert gwn modello 1150-50,3738435794-00,6123290703-00,2180285684-00
inserto filettato cilindrico testa cilindrica acciaio zincato bianco m10 ftt/c a2k,2180285684-00,2807690610-00,8204718697-00
ftt/c a2k inserto filettato m10 testa cilindrica acciaio zincato bianco,2180285684-00,2807690610-00,8204718697-00
filettatura cilindrica m10 inserto testa cilindrica in acciaio zincato ftt/c a2k,2180285684-00,2807690610-00,8204718697-00
inserto filettato cilindrico testa cilindrica FTT/C acciaio zincato bianco M3,8271010713-00,5199644221-00,5126431065-00
inserto filettatura cilindro testa cilindrica FTT/C A2K M3 acciaio zincato bianco,8271010713-00,5199644221-00,5126431065-00
inserto filett. cilindrico FTT/C acciaio zincato bianco M3 vite filettata testa cilindrica,8271010713-00,5199644221-00,5126431065-00
inserto filettato testa cilindrica FTT/C acciaio zincato bianco M4 cilindrico,2796016373-00,2215866549-00,8204718697-00
inserto filettato cilindrico M4 acciaio zincato bianco TC FTT/C testa cilindrica,2796016373-00,2215866549-00,8204718697-00
inserto filettatura cilin D. M4 acciaio zincato bianco tipo FTT/C testa cilindrica,2796016373-00,2215866549-00,8204718697-00
inserto filettato cilindrico testa cilindrica FTT/C acciaio zincato bianco M5,9036324333-00,9241749184-00,3929231998-00
inserto filett. cilindrico testa cil. FTT/C A2K M5 acciaio zincato bianco,9036324333-00,9241749184-00,3929231998-00
filettature inserto testa cilindrica FTT/C M5 acciaio zincato bianco A2K,9036324333-00,9241749184-00,3929231998-00
inserto filettato cilindrico testa cilindrica FTT/C zincato bianco acciaio M6,2218027097-00,1917219391-00,8740694432-00
ins. filettatura cilin. testa cil. FTT/C A2K M6 zincato bianco,2218027097-00,1917219391-00,8740694432-00
inserto filettato acciaio zincato M6 testa cilindrica modello FTT/C,2218027097-00,1917219391-00,8740694432-00
inserto filettato cilindrico M10 testa svasata acciaio zincato FTS/C A2K,2308371976-00,7220467591-00,2218027097-00
FTS/C inserto filettato testa svasata cilindrico acciaio bianco M10 zincato,2308371976-00,7220467591-00,2218027097-00
filettatura inserto testa svasata cilindrico acciaio zincato M10 FTS/C A2K,2308371976-00,7220467591-00,2218027097-00
inserto filettato cilindrico testa svasata acciaio zincato bianco m4 FTS/C A2K,3320997887-00,6600100268-00,8845118499-00
filettature cilindriche inserto M4 acciaio zincato bianco testa svasata TS FTS/C,3320997887-00,6600100268-00,8845118499-00
inserto m4 testa svasata cilindrico zincato bianco acciaio filetto FTS/C A2K,3320997887-00,6600100268-00,8845118499-00
inserto filettato cilindrico testa svasata FTS/C acciaio zincato bianco M5,3929231998-00,7842233152-00,8524394518-00
insrto filett.cilind.ts fts/c acc.zincato bianco M5,3929231998-00,7842233152-00,8524394518-00
filetto inserto testa svasata cilindrico FTS/C A2K M5 acciaio zincato bianco,3929231998-00,7842233152-00,8524394518-00
inserto filettato cilindrico testa svasata acciaio zincato bianco M6 FTS/C,1876945966-00,7594985659-00,9991528053-00
filettatura TS FTS/C inserto acciaio zincato bianco M6 testa svasata cilindrico,1876945966-00,7594985659-00,9991528053-00
inserto M6 filettato cilindro testa svasata FTS/C zincato bianco acciaio,1876945966-00,7594985659-00,9991528053-00
inserto filettato cilindrico testa svasata FTS/C acciaio zincato bianco M8 A2K,6750118579-00,5787199712-00,9865133896-00
ins. filettato cilindro TS FTS/C zincato bianco M8 acciaio A2K,6750118579-00,5787199712-00,9865133896-00
inserto filettatura M8 testa svasata cilindrico FTS/C acciaio zincato bianco A2K,6750118579-00,5787199712-00,9865133896-00
inserto filettato cilindrico testa svasata zincato bianco acciaio M8 FTT/C,9358750566-00,1319770837-00,1681278189-00
inserto filett. cilin. testa svasata acciaio zincato bianco M8 FTT/C,9358750566-00,1319770837-00,1681278189-00
ts FTT/C inserto filettato acciaio zincato bianco M8 filettatura cilindrica testa svasata,9358750566-00,1319770837-00,1681278189-00
inserto filettato esagonale testa cilindro ftte/l m10 acciaio zincato bianco,3543972817-00,2806046120-00,9036324333-00
inserto filettato M10 esagono testa cilindrica A2K ftte/l acciaio zincato bianco,3543972817-00,2806046120-00,9036324333-00
ftte/l inserto filettato testa cilindrica esagonale acciaio zincato m10 a2k,3543972817-00,2806046120-00,9036324333-00
inserto filettato M12 esagonale testa cilindrica acciaio zincato bianco ftte/l,6391201229-00,2756193419-00,3929231998-00
inserto filetto esag tc ftte/l acciaio zincato bianco M12,6391201229-00,2756193419-00,3929231998-00
inserto filettatura esag ftte/l testa cilindrica a2k m12 zincato bianco,6391201229-00,2756193419-00,3929231998-00
inserto filettato a testa cilindrica esagono interno ftte/l in acciaio zincato bianco M4,9865133896-00,6345654229-00,8740694432-00
inserto filettato esagonale testa cilindrica ftte/l acciaio a2k zincato m4,9865133896-00,6345654229-00,8740694432-00
ftte/l inserto filettato esagonale in acciaio zincato bianco M4 testa cilindrica,9865133896-00,6345654229-00,8740694432-00
inserto filettato m5 acciaio zincato testa cilindrica esagonale ftte/l,8524394518-00,7907391950-00,9865133896-00
inserto filett. esag. testa cilindrica ftte/l m5 acciaio a2k zincato bianco,8524394518-00,7907391950-00,9865133896-00
ftte/l inserto filettato esagonale acciaio zincato bianco m5 testa cilindrica,8524394518-00,7907391950-00,9865133896-00
inserto filettato esagonale testa cilindrica acciaio zincato bianco m6 ftte/l a2k,4242885761-00,1725870815-00,7408470863-00
inserto a2k m6 filettato esagonale testa cilindrica ftte/l acciaio zincato bianco,4242885761-00,1725870815-00,7408470863-00
ftte/l inserto filettato m6 acciaio zincato bianco esag testa cilindrica a2k,4242885761-00,1725870815-00,7408470863-00
inserto filettato esagonale testa cilindrica ftte/l acciaio zincato bianco m8,3580821337-00,2008875850-00,2308371976-00
ftte/l esag esagonale inserto filettato testa cilindrica zincato bianco m8 a2k,3580821337-00,2008875850-00,2308371976-00
m8 a2k inserto filettato testa cilindrica esagonale acciaio zincato bianco ftte/l,3580821337-00,2008875850-00,2308371976-00
inserto filettato esagonale testa ridotta er/c zincato bianco acciaio m10,8204718697-00,1703128847-00,2308371976-00
ins. filetto er/c esag testa ridotta m10 acciaio zincato bianco,8204718697-00,1703128847-00,2308371976-00
inserto filettatura M10 testa bassa er/c acciaio zincato bianco esagonale,8204718697-00,1703128847-00,2308371976-00
inserto filettato esagonale testa ridotta acciaio zincato bianco m12 er/c a2k,6733410119-00,3066371197-00,9036324333-00
esag tr er/c a2k inserto filettato zincato bianco m12 testa ridotta,6733410119-00,3066371197-00,9036324333-00
inserto filettato m12 esagonale testa ridotta er/c acciaio zincato bianco,6733410119-00,3066371197-00,9036324333-00
inserto filettato esagonale testa ridotta ER/C acciaio zincato bianco M4,4823204896-00,2031660634-00,3929231998-00
inserto filettatura esagono ridotto ER/C zincato bianco M4 acciaio,4823204896-00,2031660634-00,3929231998-00
inserto M4 ER/C acciaio zincato testa esagonale ridotta filetto,4823204896-00,2031660634-00,3929231998-00
inserti filettati esagonali testa ridotta ER/C acciaio zincato bianco M5,3684987268-00,4486541696-00,2796016373-00
inserto filettato M5 ER/C testa ridotta acciaio zincato A2K esagono,3684987268-00,4486541696-00,2796016373-00
inserto esagonale testa bassa ER/C M5 acciaio zincato bianco A2K,3684987268-00,4486541696-00,2796016373-00
inserto filettato esagonale testa ridotta ER/C acciaio zincato M8,7408470863-00,4956672336-00,1681278189-00
M8 inserto filettato esagono ER/C testa bassa acciaio zincato bianco,7408470863-00,4956672336-00,1681278189-00
inserto filettatura esagonale ER/C zincato bianco acciaio testa ridotta M8,7408470863-00,4956672336-00,1681278189-00
inserto filettato esagonale testa ridotta acciaio zincato bianco m10 er/l,8740694432-00,6571283283-00,3738435794-00
inserto esagono interno m10 acciaio zincato testa bassa er/l a2k,8740694432-00,6571283283-00,3738435794-00
filetto esagonale inserto testa ridotta ER/L zincato m10 acciaio bianco,8740694432-00,6571283283-00,3738435794-00
inserto filettato m4 esagonale testa ridotta acciaio zincato bianco er/l,8845118499-00,1883772598-00,4823204896-00
filettatura esag esagono ridotto ER/L inserto acciaio zincato bianco M4,8845118499-00,1883772598-00,4823204896-00
inserto filettato hex testa bassa acciaio zincato bianco m4 er/l,8845118499-00,1883772598-00,4823204896-00
inserto filettato esagonale ER/L acciaio zincato bianco M5 testa ridotta,5173715598-00,8696018241-00,6750118579-00
inserto filettato M5 acciaio zincato bianco esagono testa ridotta ER/L,5173715598-00,8696018241-00,6750118579-00
M5 inserto esagonale filettato ER/L zincato bianco acciaio testa bassa,5173715598-00,8696018241-00,6750118579-00
inserto filettato esagonale testa ridotta ER/L acciaio zinco bianco M6,1681278189-00,6711939733-00,6750118579-00
filettatura inserto M6 esagono testa bassa ER/L acciaio zincato bianco,1681278189-00,6711939733-00,6750118579-00
ER/L inserto filettato esagonale zincato bianco M6 acciaio ridotta testa,1681278189-00,6711939733-00,6750118579-00
inserto filettato esagonale testa bassa zincato bianco m6 er/l acciaio,1681278189-00,5195367950-00,8271010713-00
inserto filettato m6 esagono testa ridotta acciaio zincato bianco er/l,1681278189-00,5195367950-00,8271010713-00
esag ER/L inserto filettatura testa ridotta acciaio zincato bianco m6,1681278189-00,5195367950-00,8271010713-00
inserto filettato esagonale testa bassa acciaio zincato M8 ER/L,9991528053-00,3553074739-00,1681278189-00
inserto filettato A2K M8 esagono testa ridotta zincato bianco ER/L,9991528053-00,3553074739-00,1681278189-00
inserto filettato esag. testa ridotta zincato acciaio M8 ER-L A2K,9991528053-00,3553074739-00,1681278189-00
testa snodo sferico albora modello am-m8t,3980242882-00,2799522499-00,6805638993-00
snodo sferico albora am-m8t testa,3980242882-00,2799522499-00,6805638993-00
albora am-m8t snodo sferico testa componente,3980242882-00,2799522499-00,6805638993-00
testa snodo sferico dorvik cgka 16,5854970220-00,1126028490-00,4346290599-00
snodo sferico tipo cgka 16 dorvik testa,5854970220-00,1126028490-00,4346290599-00
dorvik cgka16 snodo sferico testa ricambio,5854970220-00,1126028490-00,4346290599-00
testa snodo sferico dorvik modello cgka 25,4380157914-00,9801266729-00,7774599888-00
snodo sferico dorvik cgka 25 testa,4380157914-00,9801266729-00,7774599888-00
dorvik testa snodo cgka 25 sferico,4380157914-00,9801266729-00,7774599888-00
testa snodo sferico dorvik modello cgka 60,6805638993-00,6119538160-00,1329191849-00
snodo sferico dorvik cgka 60 per teste,6805638993-00,6119538160-00,1329191849-00
dorvik cgka 60 snodo sferico testa ricambio,6805638993-00,6119538160-00,1329191849-00
testa snodo sferico beltrazzi modello ga-40,9358540356-00,7827461347-00,8191859174-00
snodo sferico ga-40 beltrazzi testa,9358540356-00,7827461347-00,8191859174-00
beltrazzi ga-40 snodo testa sferica,9358540356-00,7827461347-00,8191859174-00
testa snodo sferico beltrazzi modello ga-50,8957745808-00,9236434512-00,4365874663-00
snodo sferico beltrazzi ga-50 per testata,8957745808-00,9236434512-00,4365874663-00
componente snodo sferico ga-50 beltrazzi testa,8957745808-00,9236434512-00,4365874663-00
testa snodo sferico ORU modello GAL20-DO,4006809740-00,5256096413-00,4346290599-00
snodo sferico ORU GAL20-DO testa per collegamento,4006809740-00,5256096413-00,4346290599-00
testa snodo sferico tipo GAL20-DO marca ORU,4006809740-00,5256096413-00,4346290599-00
testa snodo sferico ORU modello GAR20-DO,1373794031-00,8029233870-00,1837857857-00
snodo sferico testa GAR20-DO ORU,1373794031-00,8029233870-00,1837857857-00
ORU GAR20-DO snodo sferico testa,1373794031-00,8029233870-00,1837857857-00
"snodo sferico testa marenzo rf 16x1,5",1329191849-00,2965761849-00,6805638993-00
"testa marenzo snodo sferico rf 16 1,5",1329191849-00,2965761849-00,6805638993-00
"marenzo rf snodo testa sferico 16x1,5",1329191849-00,2965761849-00,6805638993-00
testa snodo sferico marenzo rm 10 x,5063594698-00,6214669592-00,8073379634-00
snodo sferico testa marenzo rm 10x,5063594698-00,6214669592-00,8073379634-00
marenzo rm 10 x snodo sferico testa,5063594698-00,6214669592-00,8073379634-00
testa snodo sferico rodo bal modello RM 12,1052315420-00,7611904021-00,1837857857-00
snodo sferico tipo testa rodo bal rm12,1052315420-00,7611904021-00,1837857857-00
rodo bal snodo sferico testata rm 12,1052315420-00,7611904021-00,1837857857-00
testa snodo sferico marenzo modello RM 12X,7964215642-00,1211141021-00,4052349502-00
giunto sferico marenzo RM 12X testata,7964215642-00,1211141021-00,4052349502-00
marenzo snodo sferico RM 12 X ricambio testa,7964215642-00,1211141021-00,4052349502-00
testa snodo sferico rodo bal rm16 s,1686239041-00,8764064664-00,3980242882-00
snodo sferico rodo bal rm 16s testa,1686239041-00,8764064664-00,3980242882-00
rodo bal rm16 s snodo sferico testa,1686239041-00,8764064664-00,3980242882-00
testa snodo sferico marenzo rm 16x,1837857857-00,8185323043-00,5854970220-00
marenzo rm 16x snodo sferico testa,1837857857-00,8185323043-00,5854970220-00
snodo sferico testa marenzo rm16 x,1837857857-00,8185323043-00,5854970220-00
testa snodo sferico marenzo rm 16x1.5,4346290599-00,3081287116-00,1373794031-00
"snodo sferico tipo marenzo RM filettatura 16x1,5",4346290599-00,3081287116-00,1373794031-00
marenzo snodo sferico testa RM 16x1.5 filettato,4346290599-00,3081287116-00,1373794031-00
testa snodo sferico marenzo RM 20X,9534081164-00,3074267649-00,7774599888-00
snodo sferico modello marenzo rm 20 x,9534081164-00,3074267649-00,7774599888-00
marenzo rm20x testa snodo sferico,9534081164-00,3074267649-00,7774599888-00
testa snodo sferico marenzo rm5,9164378441-00,3137142682-00,7255109294-00
marenzo rm 5 snodo sferico testa,9164378441-00,3137142682-00,7255109294-00
snodo sferico testa marenzo modello rm5,9164378441-00,3137142682-00,7255109294-00
testa snodo sferico rodo bal rm6,7255109294-00,7308860313-00,5854970220-00
snodo sferico testa rodo bal modello rm 6,7255109294-00,7308860313-00,5854970220-00
snodo testa sferica rodo bal rm-6 ricambio,7255109294-00,7308860313-00,5854970220-00
snodo sferico testa marenzo rm 8,4052349502-00,2506733412-00,3980242882-00
marenzo rm8 testa snodo sferico,4052349502-00,2506733412-00,3980242882-00
testa snodo sferico modello rm 8 marenzo,4052349502-00,2506733412-00,3980242882-00
testa snodo sferico rodo bal rm 8x,7320801684-00,6139201504-00,6663935295-00
snodo sferico testa rodo bal RM8 X,7320801684-00,6139201504-00,6663935295-00
rodo bal rm8x testa snodo sferico componenti,7320801684-00,6139201504-00,6663935295-00
testa snodo sferico kvr tipo sa 8 c,7774599888-00,8783888577-00,4380157914-00
snodo sferico kvr sa8c testa,7774599888-00,8783888577-00,4380157914-00
kvr snodo sferico modello sa 8 c,7774599888-00,8783888577-00,4380157914-00
testa snodo sferico kvr sakac 10 m,3113830218-00,8958626885-00,4052349502-00
snodo sferico KVR modello SAKAC 10 M,3113830218-00,8958626885-00,4052349502-00
snodo testa sferica KVR SAKAC10M ricambio,3113830218-00,8958626885-00,4052349502-00
snodo sferico testa kvr sakac 12 m,7376782950-00,3216451039-00,1373794031-00
kvr sakac 12 m testina snodo sferico,7376782950-00,3216451039-00,1373794031-00
testa snodo KVR SAKAC misura 12 M sferico,7376782950-00,3216451039-00,1373794031-00
testa snodo sferico kvr sakac 16 m,8191859174-00,6397878439-00,1143851458-00
snodo sferico testa kvr modello sakac 16 m,8191859174-00,6397878439-00,1143851458-00
kvr sakac 16 m snodo testa sferica,8191859174-00,6397878439-00,1143851458-00
testa snodo sferico kvr modello sakac 20 m,1143851458-00,1130810921-00,8957745808-00
kvr snodo sferico sakac 20 m testa,1143851458-00,1130810921-00,8957745808-00
snodo sferico kvr sakac 20 m tipo testa,1143851458-00,1130810921-00,8957745808-00
testa snodo sferico kvr modello sakac 8 m,7648626463-00,1841743209-00,1329191849-00
snodo sferico kvr sakac 8 m testa,7648626463-00,1841743209-00,1329191849-00
kvr sakac 8 m snodo con testa sferica,7648626463-00,1841743209-00,1329191849-00
testa snodo sferico kvr salkac 16 m,8073379634-00,1693769191-00,7648626463-00
kvr salkac testa snodo 16m sferico,8073379634-00,1693769191-00,7648626463-00
snodo sferico testa kvr salkac misura 16 m,8073379634-00,1693769191-00,7648626463-00
testa snodo sferico kvr salkac 16 m,8073379634-00,9196144313-00,3980242882-00
snodo sferico salkac kvr misura 16 m,8073379634-00,9196144313-00,3980242882-00
kvr salkac testa snodo sferico 16 m ricambio,8073379634-00,9196144313-00,3980242882-00
testa snodo sferico KVR SIKAC misura 25 M,4365874663-00,3461058488-00,3113830218-00
snodo sferico testa KVR SIKAC 25 M,4365874663-00,3461058488-00,3113830218-00
sfera testina snodo KVR SIKAC 25 M componenti,4365874663-00,3461058488-00,3113830218-00
testa snodo sferico kvr sikb 20 f,2427940069-00,4552388370-00,9358540356-00
snodo sferico tipo sikb 20 f marca kvr,2427940069-00,4552388370-00,9358540356-00
kvr snodo testa sferica sikb 20f componente,2427940069-00,4552388370-00,9358540356-00
testa snodo sferico kvr modello siqg 12 esa,3574000742-00,6358349105-00,9534081164-00
snodo sferico testa kvr siqg12esa,3574000742-00,6358349105-00,9534081164-00
testina snodo sferico kvr siqg 12 esa componente,3574000742-00,6358349105-00,9534081164-00
testa snodo sferico kvr modello siqg 16 es,6663935295-00,3018333822-00,8073379634-00
snodo sferico kvr siqg16 es testa,6663935295-00,3018333822-00,8073379634-00
kvr sfera snodo testa siqg 16 es,6663935295-00,3018333822-00,8073379634-00
testa snodo sferico kvr modello siqg 25 es,3913717318-00,5627782037-00,8957745808-00
snodo sferico kvr siqg 25 es testa,3913717318-00,5627782037-00,8957745808-00
kvr siqg 25 es snodo sferico testa ricambio,3913717318-00,5627782037-00,8957745808-00
grano esagono incassato punta cilindrica acciaio zincato M10x10-45H A2K,5152658680-00,4411161347-00,9007191352-00
grano a2k cilindrico M10x10-45H con esagono incassato acciaio zincato bianco,5152658680-00,4411161347-00,9007191352-00
vite grano punta cilindrica M10x10-45H acciaio zincato bianco A2K esagono incassato,5152658680-00,4411161347-00,9007191352-00
grano con punta cilindrica M10x20-45H acciaio zincato bianco esagono incassato,6159899080-00,4410734538-00,7367405253-00
M10x20-45H grano esagono incassato punta cilindrica A2K zincato bianco,6159899080-00,4410734538-00,7367405253-00
grano esagono incassato acciaio punta cilindrica M10x20-45H zincato bianco,6159899080-00,4410734538-00,7367405253-00
grano con punta cilindrica esagono incassato acciaio zincato M10x25-45H,2742017990-00,5767660249-00,1278211702-00
grano ei p cilindrica a2k m10x25-45h acciaio zincato bianco esagono incassato,2742017990-00,5767660249-00,1278211702-00
vite grano esagono interno punta cilindrica zincata bianca m10x25-45h steel,2742017990-00,5767660249-00,1278211702-00
grano a2k m10x30 punta cilindrica acciaio zincato bianco esagono incassato,7660587480-00,8520539423-00,2650154326-00
vite grano esagonale incassato m10x30-45h acciaio zincato bianco cilindrica punta,7660587480-00,8520539423-00,2650154326-00
m10x30-45h grano con punta cilindrica acciaio zincato bianco esagono incassato a2k,7660587480-00,8520539423-00,2650154326-00
grano esagono incassato punta cilindrica acciaio zincato bianco M10x35-45H A2K,5933620471-00,2139794434-00,1378514553-00
grano punta cilindrica M10x35-45H zincato bianco A2K con esagono incassato,5933620471-00,2139794434-00,1378514553-00
vite grano esagonale incassato tipo A2K M10x35-45H acciaio zincato bianco punta cilindrica,5933620471-00,2139794434-00,1378514553-00
grano M10x40-45H punta cilindrica acciaio zincato bianco esagono incassato A2K,7223215219-00,1084274257-00,7808173269-00
vite grano con esagono incassato grano EI P cilindrica M10x40-45H zincata bianca,7223215219-00,1084274257-00,7808173269-00
grano acciaio zincato bianco M10x40-45H punta cilindrica con esagono incassato A2K,7223215219-00,1084274257-00,7808173269-00
grano con punta cilindrica esagono incassato M10x50 zincato bianco 45H A2K,2266480034-00,3763476385-00,2103822303-00
grano esagono incassato punta cilindrica acciaio A2K M10x50-45H zincato bianco,2266480034-00,3763476385-00,2103822303-00
vite grano cilindrica A2K M10x50 zincato bianco con esagono incassato 45H,2266480034-00,3763476385-00,2103822303-00
grano m10x60 45H acciaio zincato punta cilindrica esagono incassato,3302201450-00,7811220022-00,7337262832-00
grano esagono incassato A2K m10x60 punta cilindrica acciaio zincato bianco,3302201450-00,7811220022-00,7337262832-00
punta cilindrica M10x60 45H grano acciaio bianco zincato esagono incassato,3302201450-00,7811220022-00,7337262832-00
grano esagono incassato punta cilindrica acciaio zincato bianco m10x70 45h a2k,5575104128-00,7308860313-00,2650154326-00
grano cilindrico m10x70 acciaio zincato bianco a2k con esagono incassato 45h,5575104128-00,7308860313-00,2650154326-00
grano a2k m10x70 punta cilindrica acciaio zincato bianco esagono incassato 45h,5575104128-00,7308860313-00,2650154326-00
grano m12x16 a2k punta cilindrica acciaio zincato bianco esagono incassato 45h,5211292766-00,1016512264-00,4336832700-00
grano con esagono incassato tipo ei p a2k m12x16 in acciaio zincato bianco punta cilindrica,5211292766-00,1016512264-00,4336832700-00
vite grano punta cilindrica m12x16 45h acciaio zincato bianco con esagono incassato a2k,5211292766-00,1016512264-00,4336832700-00
grano m12x35-45h acciaio zincato bianco punta cilindrica con esagono incassato a2k,5726401144-00,7623389262-00,6874152815-00
grano esagono incassato tipo ei in acciaio zincato bianco m12x35-45h punta cilindrica a2k,5726401144-00,7623389262-00,6874152815-00
a2k grano cilindrico m12x35-45h acciaio zincato bianco punta con esagono incassato ei,5726401144-00,7623389262-00,6874152815-00
grano esagono incassato punta cilindrica a2k acciaio zincato bianco m12x50 45h,6591331085-00,1067796670-00,2489784533-00
grano cilindrico con esagono incassato acciaio zincato m12 x 50 45h punta a2k,6591331085-00,1067796670-00,2489784533-00
m12x50 grano punta cilindrica a2k in acciaio zincato bianco esagono incassato 45h,6591331085-00,1067796670-00,2489784533-00
grano esagonale incassato punta cilindrica M16x30-45H acciaio zincato bianco a2k,9650481371-00,3076317177-00,2164394937-00
vite grano a2k zincato bianco con punta cilindrica M16x30-45H esagono incassato,9650481371-00,3076317177-00,2164394937-00
grano m16x30-45h punta cilindrica acciaio zincato esagono incassato a2k,9650481371-00,3076317177-00,2164394937-00
grano esagono incassato punta cilindrica acciaio zincato bianco M16x35-45H,1922810124-00,6716692769-00,5221213735-00
vite grano EI P punto cilindrico esagono interno acciaio zincato M16x35-45H,1922810124-00,6716692769-00,5221213735-00
grano a2k M16x35-45H acciaio zincato bianco punta cilindrica esagono incassato,1922810124-00,6716692769-00,5221213735-00
grano con esagono incassato punta cilindrica A2K acciaio zincato M16x40-45H,9908968425-00,4593310304-00,5726401144-00
M16x40-45H grano punta cilindrica acciaio zincato bianco esagono incassato A2K,9908968425-00,4593310304-00,5726401144-00
grano M16 punta cilindrica acciaio zincato bianco A2K esagono incassato 40-45H,9908968425-00,4593310304-00,5726401144-00
grano esagonale incassato punta cilindrica acciaio zincato bianco M16x60-45H A2K,5782911625-00,9778571217-00,2479083677-00
viti grano A2K punta cilindrica esagono interno zincato bianco M16x60-45H,5782911625-00,9778571217-00,2479083677-00
grano M16x60-45H acciaio zincato bianco punta cilindrica esagono incassato A2K,5782911625-00,9778571217-00,2479083677-00
grano esagono incassato punta cilindrica acciaio zincato bianco M16x70-45H A2K,8691580996-00,2370411599-00,7204923374-00
m16x70-45H grano punta cilindrica con esagono incassato zincato bianco acciaio,8691580996-00,2370411599-00,7204923374-00
grano cilindrico zincato bianco con esagono incassato A2K M16x70-45H acciaio,8691580996-00,2370411599-00,7204923374-00
grano a2k m3x8-45h acciaio zincato bianco punta cilindrica esagono incassato,1114043114-00,7376782950-00,3388938782-00
vite esagonale incassata grano cilindrico m3x8-45h zincato bianco a2k,1114043114-00,7376782950-00,3388938782-00
grano cilindrico m3x8-45h con esagono incassato in acciaio zincato a2k,1114043114-00,7376782950-00,3388938782-00
grano a2k zincato bianco m4x10-45h punta cilindrica esagono incassato,4336832700-00,2963834971-00,2463103318-00
vite m4x10-45h grano esagono incassato punta cilindrica acciaio zincato bianco,4336832700-00,2963834971-00,2463103318-00
grano cilindrico a2k m4x10-45h acciaio zincato bianco con esagono incassato,4336832700-00,2963834971-00,2463103318-00
grano esagono incassato punta cilindrica acciaio zincato bianco M4x16-45H A2K,5997622662-00,2556292981-00,2088268475-00
grano M4x16-45H punta cilindrica hex incassato acciaio zincato bianco A2K,5997622662-00,2556292981-00,2088268475-00
vite grano testa esagonale incassata a punta cilindrica acciaio zincato bianco M4x16-45H A2K,5997622662-00,2556292981-00,2088268475-00
grano esagono incassato punta cilindrica acciaio zincato bianco m5x10-45h,7578498450-00,2841112127-00,7223215219-00
grano m5x10-45h a2k con esagono interno e punta cilindrica in acciaio zincato,7578498450-00,2841112127-00,7223215219-00
vite m5x10-45h esagono incassato grano acciaio zincato bianco punta cilindrica a2k,7578498450-00,2841112127-00,7223215219-00
grano esagono incassato punta cilindrica acciaio zincato M5x16 45H A2K,8858466482-00,3665132280-00,4336832700-00
vite grano a2k punta cilindrica esagonale M5x16 zincato bianco 45H,8858466482-00,3665132280-00,4336832700-00
grano m5x16 acciaio zincato bianco esagonale incassato punta cilindrica 45H,8858466482-00,3665132280-00,4336832700-00
grano m5x20-45h punta cilindrica esagono incassato acciaio zincato bianco a2k,4938014729-00,4798702967-00,2634225721-00
vite grano a2k m5x20-45h esagono interno punta cilindrica zincata bianca,4938014729-00,4798702967-00,2634225721-00
grano esagonale incassato punta cilindrica m5x20-45h acciaio zincato bianco a2k,4938014729-00,4798702967-00,2634225721-00
grano a2k m5x8-45h acciaio zincato punta cilindrica esagono incassato,1095765315-00,6469053003-00,2658021352-00
vite a2k m5x8 con punta cilindrica grano esagono incassato acciaio bianco zincato,1095765315-00,6469053003-00,2658021352-00
m5x8-45h grano esagonale incassato punta cilindrica acciaio zincato bianco a2k,1095765315-00,6469053003-00,2658021352-00
grano con punta cilindrica M6x10-45H in acciaio zincato bianco tipo A2K esagono incassato,8022444645-00,2032105748-00,2265233032-00
vite grano esagono incassato M6x10-45H acciaio zincato punta cilindrica A2K,8022444645-00,2032105748-00,2265233032-00
grano M6x10-45H acciaio zincato bianco esagono interno punta cilindrica A2K,8022444645-00,2032105748-00,2265233032-00
grano cilindrico con punta M6x12-45H acciaio zincato bianco esagono incassato A2K,4403967100-00,9895453927-00,8468201600-00
vite grano esagonale incassato punta cilindrica M6x12-45H A2K acciaio zincato,4403967100-00,9895453927-00,8468201600-00
grano m6x12-45h punta cilindrica esagono incassato acciaio zincato bianco A2K,4403967100-00,9895453927-00,8468201600-00
grano esagono incassato a2k punta cilindrica acciaio zincato m6x16 45h,5577156710-00,4545019368-00,3202526870-00
vite grano m6x16 a2k punta cilindrica zincata bianca 45h esagono interno,5577156710-00,4545019368-00,3202526870-00
grano a2k m6x16 con punta cilindrica acciaio zincato bianco 45h esagono incassato,5577156710-00,4545019368-00,3202526870-00
grano esagono incassato punta cilindrica m6x20 45h acciaio zincato bianco a2k,3455590283-00,9122072784-00,9147503056-00
vite grano m6x20-45h punta cilindrica acciaio zincato con esagono incassato,3455590283-00,9122072784-00,9147503056-00
grano a2k m6x20 45h zincato bianco esagono incassato punta cilindrica acciaio,3455590283-00,9122072784-00,9147503056-00
grano esagono incassato punta cilindrica acciaio zincato m6x25-45h A2K,8522302620-00,6733410119-00,2726415115-00
grano a2k m6x25-45h con punta cilindrica in acciaio bianco zincato esagono incassato,8522302620-00,6733410119-00,2726415115-00
grano M6 x 25-45H punta cilindrica esagono incassato acciaio zincato bianco A2K,8522302620-00,6733410119-00,2726415115-00
grano esagono incassato punta cilindrica acciaio zincato bianco M6x30-45H,7808173269-00,7037704410-00,5726401144-00
vite grano a2k m6x30-45h punta cilindrica zincata bianca esagono incassato,7808173269-00,7037704410-00,5726401144-00
grano esagonale incassato punta cilindrica zincata bianca acciaio M6x30-45H,7808173269-00,7037704410-00,5726401144-00
grano con esagono incassato punta cilindrica acciaio zincato bianco M6x40-45H,6271104408-00,7745825410-00,9147503056-00
grano EI P cilindrica A2K zincato bianco M6x40-45H esagono incassato,6271104408-00,7745825410-00,9147503056-00
vite grano punta cilindrica M6x40-45H A2K acciaio zincato bianco esagono incassato,6271104408-00,7745825410-00,9147503056-00
grano esagono incassato punta cilindrica zincato bianco acciaio M6x45-45H A2K,5915353532-00,7560065898-00,1278211702-00
vite grano cilindrica a2k m6x45-45h acciaio zincato bianco esagono incassato,5915353532-00,7560065898-00,1278211702-00
grano a2k M6x45-45H con punta cilindrica zincata bianca in acciaio esagono incassato,5915353532-00,7560065898-00,1278211702-00
grano esagono incassato con punta cilindrica acciaio zincato bianco m6x60-45h,1860195269-00,8696018241-00,5915353532-00
vite grano m6x60 a2k punta cilindrica esagono incassato acciaio zincato bianco,1860195269-00,8696018241-00,5915353532-00
grano cilindrico m6x60 zincato bianco a2k con punta e esagono incassato 45h,1860195269-00,8696018241-00,5915353532-00
grano esagono incassato punta cilindrica acciaio zincato bianco M6x8-45H A2K,2658021352-00,6088982169-00,5721473726-00
M6x8-45H grano punta cilindrica esagono incassato in acciaio A2K zincato bianco,2658021352-00,6088982169-00,5721473726-00
grano EI P cilindrica zincato bianco acciaio A2K M6x8-45H esagono incassato,2658021352-00,6088982169-00,5721473726-00
grano m8x10-45h acciaio zincato punta cilindrica esagono incassato a2k,3359898107-00,2016320500-00,3685572130-00
grano esagono incassato con punta cilindrica m8x10-45h acciaio zincato bianco a2k,3359898107-00,2016320500-00,3685572130-00
grano cilindrico m8x10-45h a2k zincato bianco esagono incassato acciaio,3359898107-00,2016320500-00,3685572130-00
grano m8x16-45h a2k acciaio zincato bianco esagono incassato punta cilindrica,2463103318-00,6586389960-00,3218830030-00
grano esagono incassato punta cilindrica m8x16-45h zincato acciaio a2k,2463103318-00,6586389960-00,3218830030-00
grano cilindrico a2k m8x16-45h zincato esagono incassato acciaio bianco,2463103318-00,6586389960-00,3218830030-00
grano esagono incassato punta cilindrica acciaio zincato bianco M8x20-45H,6480292520-00,9086058599-00,2650154326-00
conica M8x20-45H grano esagono incassato acciaio zincato punta cilindrica,6480292520-00,9086058599-00,2650154326-00
M8x20-45H grano a2k punta cilindrica esagono incassato acciaio zincato bianco,6480292520-00,9086058599-00,2650154326-00
grano a2k m8x30-45h con punta cilindrica e esagono incassato acciaio zincato bianco,1405237532-00,5380898723-00,4181689176-00
grano m8x30-45h esagono incassato punta cilindrica acciaio zincato bianco a2k,1405237532-00,5380898723-00,4181689176-00
grano a2k m8x30-45h punta cilindrica in acciaio zincato bianco con esagono incassato,1405237532-00,5380898723-00,4181689176-00
grano acciaio zincato bianco m8x35-45h punta cilindrica esagono incassato,4051928637-00,1269372122-00,7578498450-00
grano esagonale punta cilindrica m8 bianco zincato a2k 35-45h,4051928637-00,1269372122-00,7578498450-00
m8x35-45h grano a2k acciaio zincato punta cilindrica con esagono incassato,4051928637-00,1269372122-00,7578498450-00
grano esagono incassato punta cilindrica acciaio zincato bianco M8x40-45H a2k,8782691424-00,1194332529-00,2463103318-00
grano M8x40-45H punta cilindrica acciaio zincato bianco esagono incassato A2K,8782691424-00,1194332529-00,2463103318-00
grano a2k M8x40-45H acciaio zincato con esagono incassato e punta cilindrica,8782691424-00,1194332529-00,2463103318-00
grano esagono incassato punta cilindrica acciaio zincato bianco M8x45-45H A2K,2088268475-00,4385962679-00,2971866041-00
vite grano cilindrica testa esagono incassato M8x45 45H acciaio zincato bianco,2088268475-00,4385962679-00,2971866041-00
grano cilindrico A2K con esagono incassato acciaio zincato M8x45-45H punta,2088268475-00,4385962679-00,2971866041-00
grano esagono incassato punta cilindrica acciaio zincato bianco m8x50 45h,5337702452-00,3166246449-00,5577156710-00
grano ei p cilindrica zincato bianco m8x50 con esagono incassato,5337702452-00,3166246449-00,5577156710-00
m8x50-45h grano punta cilindrica acciaio zincato bianco con esagono incassato,5337702452-00,3166246449-00,5577156710-00
grano punta cilindrica M8x60 A2K acciaio zincato bianco esagono incassato 45H,6945181432-00,3628521450-00,6035530235-00
grano esagonale incassato con punta cilindrica M8x60 acciaio zincato bianco 45H,6945181432-00,3628521450-00,6035530235-00
grano acciaio zincato punta cilindrica M8x60-45H esagono incassato A2K,6945181432-00,3628521450-00,6035530235-00
grano esagono incassato A2K zincato m8x70 45h,2971866041-00,3739454668-00,3302201450-00
cilindrica M8x70 acciaio zincato bianco 45H A2K,2971866041-00,3739454668-00,3302201450-00
grano punta cilindrica M8 x 70 45H zincato bianco esagono incassato,2971866041-00,3739454668-00,3302201450-00
vite conica esagono incassato M3x4 a2 acciaio inox,6439186466-00,9324563672-00,7254172697-00
grano con esagono EI punta conica inox M3x4 21H,6439186466-00,9324563672-00,7254172697-00
acciaio inox A2 grano conico esagono M3x4-21H,6439186466-00,9324563672-00,7254172697-00
conica M5x12-21H esagono incassato acciaio inox,2692033395-00,5853983356-00,8691580996-00
grano A2 M5x12 punta conica 21H inox,2692033395-00,5853983356-00,8691580996-00
esagono EI grano conico acciaio inox M5x12-21H,2692033395-00,5853983356-00,8691580996-00
grano inox conica M5x8 con esagono incassato A2,1278211702-00,8592912576-00,5863483943-00
EI punta conica M5x8-21H in acciaio inox A2,1278211702-00,8592912576-00,5863483943-00
grano conico esagonale inox M5x8 A2 21H,1278211702-00,8592912576-00,5863483943-00
grano con punta conica a2 inox m6x10 21h esagono incassato,6123290703-00,6982573376-00,2165953442-00
esagono EI M6x10-21H conica grano in acciaio inox,6123290703-00,6982573376-00,2165953442-00
grano inox con esagono incassato M6x10 A2 con punta conica 21H,6123290703-00,6982573376-00,2165953442-00
Acciaio zincato con esagono incassato M10x10 grano con punta conica 45H,9669699196-00,4554747324-00,3218830030-00
"grano A2K con esagono EI P. M10x10x1,5 - Bianco zincato",9669699196-00,4554747324-00,3218830030-00
Vite grano conica M10x10x45H acciaio zincato bianco esagono incassato,9669699196-00,4554747324-00,3218830030-00
zincato m10x14 conico a2k grano con esagono incassato 45h,1094578790-00,5124484992-00,7602736333-00
grano con punta conica A2K M10x14 45h acciaio zincato bianco,1094578790-00,5124484992-00,7602736333-00
vite conica esagono incassato m10x14 45h acciaio grano a2k zincato,1094578790-00,5124484992-00,7602736333-00
Vite M10x20-45H esagono incassato punta conica A2K,7602736333-00,2390881236-00,8468201600-00
grano EI punta conica acciaio zincato bianco M10x20-45H,7602736333-00,2390881236-00,8468201600-00
Vite a2k conico esagonale incassato 45H M10x20,7602736333-00,2390881236-00,8468201600-00
conico A2K M10x25 esagono incassato zincato,5074512420-00,1760470605-00,6005248041-00
grano con esagono EI P. conica M10x25-45H acciaio bianco,5074512420-00,1760470605-00,6005248041-00
acciaio zincato M10x25-45H punta conica grano EI P. A2K,5074512420-00,1760470605-00,6005248041-00
M10x30 grano conico A2K acciaio zincato 45H,9521712444-00,2401035377-00,3218830030-00
grani conici EI P M10x30 45H Acciaio zincato bianco A2K,9521712444-00,2401035377-00,3218830030-00
acciaio zincato grano con esagono incassato M10x30 A2K conico 45H,9521712444-00,2401035377-00,3218830030-00
grano M10x60 conica A2K zincato,5066868032-00,2303429008-00,8858466482-00
acciaio con punta conica esagono incassato m10x60-45h,5066868032-00,2303429008-00,8858466482-00
EI grano A2K M10x60 Acciaio Zincato 45H conico,5066868032-00,2303429008-00,8858466482-00
conica m12x35 grano a2k acciaio zincato 45h,9090531392-00,5196167183-00,6271104408-00
grano con esagono incassato M12x35-45H zincato bianco a2k,9090531392-00,5196167183-00,6271104408-00
acciaio bianco grano conico esagono incassato M12x35 A2K 45H,9090531392-00,5196167183-00,6271104408-00
grano a2k m12x60 esagono incassato zincato,2634225721-00,1207395784-00,2742017990-00
conica m12x60-45h acciaio bianco p. conica,2634225721-00,1207395784-00,2742017990-00
punta conica grano ei 45h m12x60 a2k zincato,2634225721-00,1207395784-00,2742017990-00
vite conica M16x20 a2k 45h grano ei p,7782203578-00,6617180054-00,3090593496-00
acciaio zincato bianco m16x20 esagono incassato punta conica,7782203578-00,6617180054-00,3090593496-00
grano conica a2k m16x20 45h acciaio zincato esagono incassato,7782203578-00,6617180054-00,3090593496-00
acciaio zincato m16x30 grano ei p conica,9572923199-00,3892688398-00,1114043114-00
vite grano conica M16x30 A2K esagono incassato 45H,9572923199-00,3892688398-00,1114043114-00
grano con esagono incassato conica M16x30-45H acciaio zincato A2K,9572923199-00,3892688398-00,1114043114-00
vite a grano con punta conica M4x10-45H zincato,7895769519-00,6312418668-00,5074512420-00
grano A2K esagono incassato M4x10 in acciaio zincato,7895769519-00,6312418668-00,5074512420-00
acciaio grano EI conico esagono M4x10 45H zincatura bianca,7895769519-00,6312418668-00,5074512420-00
vite grano con esagono zincato M4x5 conica 45H,7835034023-00,5358690547-00,2088268475-00
acciaio bianco a2k M4x5 punta conica 45H esagono incassato,7835034023-00,5358690547-00,2088268475-00
grano con esagono incassato acciaio zincato M4x5 45H/A2K conica,7835034023-00,5358690547-00,2088268475-00
esagono incassato grano punta conica m4x8 a2k 45h acciaio zincato,9829102239-00,3114810437-00,9147503056-00
conica a2k 45h m4x8 grano con esagono zincato bianco,9829102239-00,3114810437-00,9147503056-00
grano acciaio zincato m4x8-45h a2k con punta conica esagono,9829102239-00,3114810437-00,9147503056-00
ricerca grano zincato M5x10 conica A2K 45H esagono incassato,2103822303-00,1919151413-00,7602736333-00
esagono incassato grano M5x10 Acciaio zincato bianco con punta conica 45H,2103822303-00,1919151413-00,7602736333-00
acciaio zincato grano con esagono incassato A2K M5x10-45H conica,2103822303-00,1919151413-00,7602736333-00
grano acciaio m5x12 45h esagono incassato punta conica zincato,4133880244-00,6094533974-00,9741109116-00
vite conica m5x12 a2k 45h zincato bianco esagono,4133880244-00,6094533974-00,9741109116-00
grano con punta conica m5x12 esagono incassato 45h acciaio zincato,4133880244-00,6094533974-00,9741109116-00
vite M5x16 a2k con esagono incassato e punta conica zincato,9741109116-00,5871470332-00,2088268475-00
grano con punta conica a2k M5x16 45h acciaio zincato bianco,9741109116-00,5871470332-00,2088268475-00
acciaio zincato con esagono incassato a2k M5x16x45h punta conica,9741109116-00,5871470332-00,2088268475-00
grano EI P conica M5x5 A2K / acciaio zincato 45H,8137604383-00,5063594698-00,1378514553-00
conica M5x5 grano con esagono incassato A2K 45H zincato,8137604383-00,5063594698-00,1378514553-00
acciaio zincato bianco grano EI P M5x5-45H / conico A2K,8137604383-00,5063594698-00,1378514553-00
vite conica a2k m5x6 grano ei-p zincato,2489784533-00,1517496950-00,3455590283-00
esagono incassato m5x6-45h conica in acciaio zincato bianco,2489784533-00,1517496950-00,3455590283-00
grano con punta conica a2k M5x6-45h acciaio zincato EI,2489784533-00,1517496950-00,3455590283-00
esagono incassato conica M5x8 zincato A2K,2479083677-00,9207759437-00,9572923199-00
grano p. conica Acciaio bianco M5x8 45H,2479083677-00,9207759437-00,9572923199-00
EI zincato A2K punta conica M5x8 esagono incassato,2479083677-00,9207759437-00,9572923199-00
acciaio zincato grano m6x10 conica A2K EI 45h,5221213735-00,9612996235-00,6035530235-00
M6x10 grano con punta conica esagono incassato 45h,5221213735-00,9612996235-00,6035530235-00
grano con esagono zincato A2K M6x10 45h conica p. ei,5221213735-00,9612996235-00,6035530235-00
grano M6x16 con punta conica esagono incassato A2K zincato,9855194441-00,2256841335-00,2658021352-00
acciaio zincato bianco M6x16-45H grano conico esagono EI,9855194441-00,2256841335-00,2658021352-00
punta conica M6x16 grano acciaio zincato con esagono incassato A2K 45H,9855194441-00,2256841335-00,2658021352-00
conica M6x20 A2K grano EI P esagono incassato acciaio zincato,5605551532-00,4519349320-00,4938014729-00
grano a punta conica EI P M6x20-45H acciaio zincato con esagono,5605551532-00,4519349320-00,4938014729-00
EI P M6x20 A2K grano conico con esagono zincato bianco 45H,5605551532-00,4519349320-00,4938014729-00
Grano EI punta conica acciaio zincato bianco M6x25-45H,2265233032-00,5360297225-00,8605355283-00
grano esagono incassato A2K conica M6 x 25-45H,2265233032-00,5360297225-00,8605355283-00
Punta conica grano EI acciaio zincato M6x25-45H,2265233032-00,5360297225-00,8605355283-00
vite a grano con esagono incassato M6x30 A2K 45H acciaio zincato,2368003050-00,5396528414-00,9325677048-00
m6x30 grano con puntac conica zincato 45H EI A2K,2368003050-00,5396528414-00,9325677048-00
grano conico EI M6x30 45H A2K esagono incassato in acciaio zincato,2368003050-00,5396528414-00,9325677048-00
acciaio zincato M6x40 conica A2K EI grano,6398827514-00,7971238139-00,5221213735-00
vite conica grano esagono incassato M6x40-45H acciaio bianco,6398827514-00,7971238139-00,5221213735-00
grano conico A2K EI M6 x 40 acciaio zincato 45H,6398827514-00,7971238139-00,5221213735-00
grano conica M6x50-45H zincato bianco A2K EI P,3685572130-00,3454525239-00,9048598660-00
esagono incassato con punta conica Acciaio M6x50-45H,3685572130-00,3454525239-00,9048598660-00
grano EI P A2K acciaio zincato bianco con esagono incassato M6x50-45H,3685572130-00,3454525239-00,9048598660-00
conica m6x8-45h esagono EI grano incassato zincato,7174182235-00,9296042632-00,2658021352-00
grano A2K zincato bianco punta conica M6x8-45H acciaio,7174182235-00,9296042632-00,2658021352-00
grano M6x8-45H con esagono incassato conica acciaio zincato A2K,7174182235-00,9296042632-00,2658021352-00
grano M8x10 esagono incassato conica A2K 45H acciaio zincato,6145862798-00,1147017964-00,6010207047-00
cono EI punta conica M8x10 45H grano a2k bianco,6145862798-00,1147017964-00,6010207047-00
grano acciaio zincato M8x10-45H A2K con punta conica esagono incassato,6145862798-00,1147017964-00,6010207047-00
m8x16 conica a2k grano zincato 45h acciaio,5677958469-00,6887895412-00,2266480034-00
EI P. conico M8x16 45H acciaio bianco,5677958469-00,6887895412-00,2266480034-00
grano esagono incassato M8x16 conico zincato A2K 45H,5677958469-00,6887895412-00,2266480034-00
Grano EI punta conica acciaio 2k m8x20-45h,2016872502-00,9387064486-00,4181689176-00
EI P CONICA ZINCATO A2K BIANCO 8X20 45h,2016872502-00,9387064486-00,4181689176-00
grano esagono incassato m8x20 45H acciaio  conica,2016872502-00,9387064486-00,4181689176-00
vite a grano con punta conica M8x25 Acciaio Zincato A2K 45H,2165953442-00,8807682391-00,9007191352-00
grano con esagono incassato conica 45H M8x25 acciaio zincato bianco,2165953442-00,8807682391-00,9007191352-00
A2K M8x25 grano EI con punta conica zincato 45H acciaio,2165953442-00,8807682391-00,9007191352-00
vite con esagono incassato M8x30 A2K grano conico zincato,7212344264-00,6354125661-00,8030314056-00
grano EI con punta conica M8x30-45H acciaio zincato která con esagono A2K,7212344264-00,6354125661-00,8030314056-00
acciaio zincato M8x30-45H conico grano EI con esagono incassato tipo A2K,7212344264-00,6354125661-00,8030314056-00
acciaio zincato bianco m8x8 conica A2K,1376399055-00,5629772323-00,9048598660-00
vite con esagono incassato M8x8-45H acciaio A2K,1376399055-00,5629772323-00,9048598660-00
grano EI P punta conica M8x8x45H zincato bianco,1376399055-00,5629772323-00,9048598660-00
esagono incassato M8x10 acciaio zincato grano EI,9048598660-00,7359971500-00,2265233032-00
coppa A2K 45H M8x10 bianco zincato punta esagono,9048598660-00,7359971500-00,2265233032-00
grano con punta coppa M8x10 45H A2K EI zincato,9048598660-00,7359971500-00,2265233032-00
vite inox a2 m4x5 con grano esagono e punta piana 21h,7254172697-00,7573797526-00,5726401144-00
grano piana m4x5 a2 inox con esagono incassato lunghezza 21h,7254172697-00,7573797526-00,5726401144-00
acciaio inox a2 vite con grano esagono piana m4x5x21h,7254172697-00,7573797526-00,5726401144-00
grano esagono incassato acciaio inox M5x25 A2,4220226415-00,6938115332-00,5677958469-00
vite grano punta piana M5x25 inox A2 21H,4220226415-00,6938115332-00,5677958469-00
grano EI inox piana A2 M5x25 esagono incassato,4220226415-00,6938115332-00,5677958469-00
grano esagono incassato M8x10 acciaio inox a2 piana,9228106533-00,2104984653-00,2650154326-00
vite grano EI piana M8x10-21H acciaio inox,9228106533-00,2104984653-00,2650154326-00
grano acciaio inox esagono incassato a2 m8x10 punta piana 21h,9228106533-00,2104984653-00,2650154326-00
grano acciaio inox a2 m8x16 21h esagono incassato,9308219724-00,4444787150-00,5933620471-00
grano acciaio inox m8x16 21h esagono inc.,9308219724-00,4444787150-00,5933620471-00
grano con esagono a2 piana inox m8x16,9308219724-00,4444787150-00,5933620471-00
"acciaio zincato grano a2k M10x1,25 esagono piana 40-45H",9147503056-00,1515535636-00,8071445697-00
"GRANO EI P m10x1,25x40-45h zincato bianco punta piana A2K esagono incassato",9147503056-00,1515535636-00,8071445697-00
"esagono incassato M10x1,25 acciaio bianco 40-45H GRANO piana A2K zincato",9147503056-00,1515535636-00,8071445697-00
piani a2k esagono m10x10 grano zincato 45h,2726415115-00,1883772598-00,2971866041-00
m10x10 esagono incassato piana A2K acciaio bianco grano 45H,2726415115-00,1883772598-00,2971866041-00
grano piana esagono zincato m10x10 A2K 45h bianco,2726415115-00,1883772598-00,2971866041-00
vite a grano A2K M10x20 acciaio zincato esagono incassato,6874152815-00,7611388564-00,8691580996-00
grano EI P. piana M10x20-45H acciaio zincato bianco,6874152815-00,7611388564-00,8691580996-00
grano esagono incassato punta piana A2K acciaio zincato M10x20,6874152815-00,7611388564-00,8691580996-00
vite esagono incassato A2K M10x40 acciaio zincato,5506538398-00,3748907827-00,3202526870-00
grano piana EI P M10x40-45H acciaio zincato bianco,5506538398-00,3748907827-00,3202526870-00
vite grano piana esagono M10x40/45H acciaio zincato A2K,5506538398-00,3748907827-00,3202526870-00
acciaio zincato M10x50 grano con esagono incassato,2236883020-00,7952451883-00,1013994276-00
grano EI piana M10x50-45H acciaio bianco,2236883020-00,7952451883-00,1013994276-00
vite piana a2k grano esagono incassato M10 x 50,2236883020-00,7952451883-00,1013994276-00
m12x10-45h acciaio zincato grano con esagono piana a2k,5789814708-00,9117551575-00,2463103318-00
"grano ei piana a2k, m12x10-45h acciaio zincato bianco",5789814708-00,9117551575-00,2463103318-00
vite grano esagono incassato punta piana acciaio zincato m12x10-45h,5789814708-00,9117551575-00,2463103318-00
esagono incassato m12x12 acciaio zincato A2K,7521870912-00,1625768085-00,1013994276-00
grano punta piana M12x12-45H zincato bianco,7521870912-00,1625768085-00,1013994276-00
vite grano EI piana esagono M12x12 A2K 45H acciaio,7521870912-00,1625768085-00,1013994276-00
acciaio zincato A2K esagono incassato M12x16,7337262832-00,9266148795-00,6035530235-00
grano con punta piana M12x16-45H acciaio bianco,7337262832-00,9266148795-00,6035530235-00
EI P piana esagono incassato acciaio zincato M12x16 45H,7337262832-00,9266148795-00,6035530235-00
M12x35-45H acciaio zincato bianco grano esagono incassato punta piana,8605355283-00,6750692513-00,9325677048-00
cerca grano EI A2K esagono incassato con filettatura M12x35-45H,8605355283-00,6750692513-00,9325677048-00
grano acciaio zincato con punta piana M12 x 35-45H A2K esagono incassato,8605355283-00,6750692513-00,9325677048-00
acciaio zincato bianco A2K M12x40 grano con esagono EI piana,9880764182-00,6796505905-00,1376399055-00
grano M12x40-45H pianta piana esagono incassato zincato,9880764182-00,6796505905-00,1376399055-00
EI grano esagono piana M12x40 A2K acciaio zincato 45H,9880764182-00,6796505905-00,1376399055-00
grano esagono incassato punta piana acciaio zincato M12x45-45H,6035530235-00,2928794343-00,7367405253-00
EI P. PIANA A2K M12x45-45H zincato bianco esagono incassato,6035530235-00,2928794343-00,7367405253-00
grano piana acciaio zincato bianco esagono incassato M12x45 45H,6035530235-00,2928794343-00,7367405253-00
grano esagono incassato A2K punta piana zincato M12x50 45H,2252168350-00,7450112541-00,6123290703-00
EI P. PIANA A2K 12x50-45 H grano acciaio zincato,2252168350-00,7450112541-00,6123290703-00
grano M12 x50-45H esagono incassato A2K bianco,2252168350-00,7450112541-00,6123290703-00
Grano esagono incassato punta piana A2K M12x60-45H,3388938782-00,1536796713-00,9908968425-00
M12x60-45H Grano EI Acciaio zincato bianco,3388938782-00,1536796713-00,9908968425-00
P. piana A2K M12x60-45H Grano Zincato bianco,3388938782-00,1536796713-00,9908968425-00
grano EI punta piana acciaio zincato m16x16-45h,7826489678-00,4940282571-00,4336832700-00
Esagono incassato A2K P. PIANA 16x16 45H,7826489678-00,4940282571-00,4336832700-00
grano zincato bianco esagono incassato P. PIANA M16x16-45H,7826489678-00,4940282571-00,4336832700-00
Grano EI punta piana Acciaio zincato M16x30-45H,7544850930-00,6099664890-00,7895769519-00
esagono incassato P. PIANA A2K  M16x30/45H,7544850930-00,6099664890-00,7895769519-00
grano punta piana acciaio zincato bianco EI 16x30-45,7544850930-00,6099664890-00,7895769519-00
Grano esagono incassato P. PIANA A2K Acciaio zincato M16x35-45H,1013994276-00,4918161903-00,7895769519-00
esagono incassato acciaio zincato bianco grano EI punta piana M16x35 45H,1013994276-00,4918161903-00,7895769519-00
A2K M16x35-45H grano punta piana esagono incassato ZINCATO BIANCO p. PIANA,1013994276-00,4918161903-00,7895769519-00
grano esagono incassato punta piana A2K 16x40-45H,5897638051-00,2541182070-00,7367405253-00
EI P. PIANA acciaio zincato bianco M16x40-45H,5897638051-00,2541182070-00,7367405253-00
grano A2K esagono incassato 16x40-45H acciaio zincato,5897638051-00,2541182070-00,7367405253-00
Grano esagono incassato p. piana A2K Zincato M16x55-45H,8698794570-00,3903406802-00,4181689176-00
grano M16x55-45H A2K acciaio zincato piana,8698794570-00,3903406802-00,4181689176-00
Esagono Incassato grano AcciaioZincato Piana A2K 16x55/45H,8698794570-00,3903406802-00,4181689176-00
grano EI piana acciaio zincato bianco M20x45-45H,2128548752-00,8783888577-00,7325563727-00
grano esagono incassato punta piana A2K 20x45-45H,2128548752-00,8783888577-00,7325563727-00
grano EI piana M20 x 45 45H acciaio zincato,2128548752-00,8783888577-00,7325563727-00
Grano EI punta piana A2K M3x10-45H,5501065460-00,4897323405-00,4365909519-00
esagono incassato M3x10-45H acciaio zincato piana,5501065460-00,4897323405-00,4365909519-00
Piana A2K acciaio Zincato Bianco M3x10-45H Grano EI,5501065460-00,4897323405-00,4365909519-00
Grano EI punta piana Acciaio zincato M3x5-45H,7325563727-00,6777499687-00,7544850930-00
esagono incassato piana A2K M3x5 45H,7325563727-00,6777499687-00,7544850930-00
Grano esagono incassato AcciaioZincatoBianco m3x5-45h,7325563727-00,6777499687-00,7544850930-00
vite M4x10-45H grano esagono incassato punta piana acciaio zincato,4265798346-00,6934886974-00,6145862798-00
grano piana A2K 4x10-45 h esagono incassato acciaio zincato,4265798346-00,6934886974-00,6145862798-00
M4x10/45H Vite Esagono Incassato Punta Piana Acciaio Zn,4265798346-00,6934886974-00,6145862798-00
grano esagono incassato A2K M4x20-45H,5721473726-00,3281332982-00,7223215219-00
grano esagono incassato acciaio zincato M4x20 45H,5721473726-00,3281332982-00,7223215219-00
Grano A2K punta piana zincato bianco M4x20/45H,5721473726-00,3281332982-00,7223215219-00
Grano esagono incassato punta piana A2K M4x4-45H,9747330567-00,5065362985-00,4403967100-00
EI P. PIANA acciaio zincato bianco 4x4-45H grano,9747330567-00,5065362985-00,4403967100-00
Grano A2K M4 45H esagono incassato piana zincato,9747330567-00,5065362985-00,4403967100-00
Grano esagono incassato punta piana A2K 4x5-45H,5863483943-00,5512927515-00,7782203578-00
grano M4x5-45H esagono incassato piana A2K,5863483943-00,5512927515-00,7782203578-00
acciaio zincato bianco grano EI punta piana M4x5-45H,5863483943-00,5512927515-00,7782203578-00
esagono incassato punta piana acciaio zincato bianco A2K M5x10-45H,9325677048-00,5869386826-00,8468201600-00
grano EI P piana acciaio zincato M5x10 45H,9325677048-00,5869386826-00,8468201600-00
grano esagono incassato acciaio zincato bianco A2K M5x10,9325677048-00,5869386826-00,8468201600-00
grano esagono incassato acciaio zincato M5x12-45H,3904441491-00,2506823247-00,2489784533-00
A2K piana 5x12-45H Grano EI,3904441491-00,2506823247-00,2489784533-00
PUNTA PIANA M5x12-45H grano acciaio zincato,3904441491-00,2506823247-00,2489784533-00
Vite esagonale incassata punta piana acciaio zincato bianco M5x15-45H,1225952671-00,3761118568-00,6123290703-00
grano EI piana A2K M5x15 45H acciaio zinc,1225952671-00,3761118568-00,6123290703-00
Grano esagono incassato A2K M5 x15-45H Zincato,1225952671-00,3761118568-00,6123290703-00
grano esagono incassato punta piana acciaio zincato bianco M5x20 45H,9007191352-00,8152492172-00,8071445697-00
EI P. PIANA A2K M5x20-45H grano zincato bianco esagono incassato,9007191352-00,8152492172-00,8071445697-00
grano M5x20 45H esagono incassato A2K punta piana acciaio zincato,9007191352-00,8152492172-00,8071445697-00
Grano esagono incassato piana acciaio zincato A2K M5x25-45H,3202526870-00,9422469846-00,6159899080-00
EI P. PIANA A2K M5X25-45H grano acciaio zincato bianco,3202526870-00,9422469846-00,6159899080-00
M5X25-45H A2K acciaio zincato bianco grano piana esagono incassato,3202526870-00,9422469846-00,6159899080-00
Grano EI punta piana A2K M5x35-45H,8030314056-00,9991528053-00,2103822303-00
esagono incassato acciaio zincato bianco grano M5x35-45H,8030314056-00,9991528053-00,2103822303-00
Grano PIANA A2K esagono incassato 5x35-45H zincato,8030314056-00,9991528053-00,2103822303-00
Grano EI punta piana acciaio zincato bianco M5x40-45H,6010207047-00,4595097987-00,2650154326-00
esagono incassato A2K grano piano 5x40 zin 45H,6010207047-00,4595097987-00,2650154326-00
Piana bianco M5 x 40-45H grano EI zincato A2K,6010207047-00,4595097987-00,2650154326-00
grano esagono incassato punta piana A2K M5x8-45H,7873219226-00,8020240760-00,4051928637-00
Grano A2K M5x8-45H punta piana acciaio zincato,7873219226-00,8020240760-00,4051928637-00
grano punta piana M5x8-45h acciaio zincato bianco EI P,7873219226-00,8020240760-00,4051928637-00
Grano A2K M6x10-45H esagono incassato punta piana acciaio zincato,8468201600-00,6298267102-00,2463572176-00
M6x10-45H grano EI acciaio bianco zincato,8468201600-00,6298267102-00,2463572176-00
punta piana A2K Grano M6x10-45HEI incassato,8468201600-00,6298267102-00,2463572176-00
Grano EI punta piana acciaio zincato M6x12-45H,8254688091-00,8271010713-00,7151661320-00
Acciaio zincato A2K grano esagono incassato piana 6x12/45H,8254688091-00,8271010713-00,7151661320-00
EI A2K piana 6x12-45 H grano Zincato,8254688091-00,8271010713-00,7151661320-00
grano esagono incassato punta piana acciaio zincato A2K M6x16 45H,2164394937-00,8262411778-00,2489784533-00
grano P. piana EI acciaio bianco zincato 6x16-45H A2K,2164394937-00,8262411778-00,2489784533-00
M6x16-45H grano esagono A2K zincato bianco piana,2164394937-00,8262411778-00,2489784533-00
grano esagono incassato punta piana acciaio A2K M6x20-45H,4181689176-00,4417015971-00,5066868032-00
vite EI piana Zincato bianco 6x20-45H,4181689176-00,4417015971-00,5066868032-00
acciaio zincato Grano M6x20-45H esagono piana A2K,4181689176-00,4417015971-00,5066868032-00
M6x25-45H grano esagono incassato acciaio zincato piana,1054349066-00,3350014268-00,4220226415-00
grano EI  punta piana 6x25-45H A2K,1054349066-00,3350014268-00,4220226415-00
Piana A2K grano zincato Acciaio M6x25-45H,1054349066-00,3350014268-00,4220226415-00
Grano EI piana Acciaio zincato bianco M6x30-45H,6005248041-00,8526360040-00,6480292520-00
esagono incassato punta piana A2K 6x30-45H,6005248041-00,8526360040-00,6480292520-00
Grano M6x30-45H zincato bianco EI piana,6005248041-00,8526360040-00,6480292520-00
Grano EI P. Piana A2K Acciaio zincato bianco M6x40-45H,2609079641-00,1022841450-00,5152658680-00
grano esagono incassato punta piana A2K 6x40-45H,2609079641-00,1022841450-00,5152658680-00
Grano EI P Piana M6x40-45H Acciaio zincato bianco A2K,2609079641-00,1022841450-00,5152658680-00
vite grano EI piana A2K M6x50 45H acciaio zincato,6098060240-00,6833265528-00,3359898107-00
bullone esagono incassato M6 lunghezza 50mm 45H punta piana,6098060240-00,6833265528-00,3359898107-00
grano bianco zincato EI M6x50-45H a2k piana,6098060240-00,6833265528-00,3359898107-00
Grano esagono incassato piana acciaio zincato M6x6-45H,7204923374-00,4229705293-00,6098060240-00
vite EI punta piana A2K DIN 45H M6x6,7204923374-00,4229705293-00,6098060240-00
Grano M6x6 45H zincato bianco piana EI,7204923374-00,4229705293-00,6098060240-00
Grano EI punta piana Acciaio zincato M6x8-45H,3090593496-00,4078903042-00,5066868032-00
vite esagono incassato piana A2K 6x8 45H,3090593496-00,4078903042-00,5066868032-00
grano piana zincato bianco EI M6x8 45H,3090593496-00,4078903042-00,5066868032-00
grano esagono incassato A2K M8x10-45H,1913125651-00,6164859129-00,3218830030-00
Grano piana zincato M8x10 45H A2K,1913125651-00,6164859129-00,3218830030-00
Punta piana grano incassato acciaio zincato M8x10-45H A2K,1913125651-00,6164859129-00,3218830030-00
Grano esagono incassato M8x16-45H A2K punta piana,7367405253-00,5456183122-00,2016872502-00
EI P. PIANA A2K grano acciaio zincato M8x16 45H,7367405253-00,5456183122-00,2016872502-00
Grano M8x16-45H A2K Piana acciaio zincato esagono incassato,7367405253-00,5456183122-00,2016872502-00
grano esagono incassato A2K punta piana M8x1x10 45H,9962012008-00,4733875998-00,5677958469-00
zincato bianco M8x1 10-45H grano EI P piana acciaio,9962012008-00,4733875998-00,5677958469-00
Punta Piana A2K M8x1x10-45H grano esagono incassato zincato,9962012008-00,4733875998-00,5677958469-00
grano EI M8x20-45H acciaio zincato,3091746206-00,2548456439-00,5933620471-00
esagono incassato A2K punta piana 8x20 45H,3091746206-00,2548456439-00,5933620471-00
M8x20-45H grano piana EI zincato bianco,3091746206-00,2548456439-00,5933620471-00
Grano EI punta piana M8x25-45H Acciaio zincato,3917547196-00,2156921915-00,8691580996-00
EI P. PIANA A2K M8x25 45H grano esagono incassato,3917547196-00,2156921915-00,8691580996-00
grano acciaio zincato bianco M8 x25-45H esagono incassato P. PIANA,3917547196-00,2156921915-00,8691580996-00
grano EI punta piana A2K M8x30-45H,7151661320-00,6045171767-00,8605355283-00
esagono incassato acciaio zincato bianco Grano M8x30-45H,7151661320-00,6045171767-00,8605355283-00
EI piana A2K grano zincato bianco 8x30-45H,7151661320-00,6045171767-00,8605355283-00
grano m8x40-45h esagono incassato piana A2K,3218830030-00,6757660918-00,5337702452-00
EI piana acciaio zincato bianco M8x40-45H,3218830030-00,6757660918-00,5337702452-00
A2K grano piatto 8x40-45H esagonale/interno,3218830030-00,6757660918-00,5337702452-00
grano esagono incassato punta piana acciaio zincato bianco M8x45-45H,7590432131-00,2982570583-00,4051928637-00
EI P. PIANA A2K M8x45-45H grano esagono incassato acciaio,7590432131-00,2982570583-00,4051928637-00
Grano A2K esagono incassato piana acciaio zincato M8X45 45H,7590432131-00,2982570583-00,4051928637-00
grano ei piana a2k m8x6-45h acciaio zincato bianco,4365909519-00,9835640929-00,5501065460-00
vite m8x6-45h esagono incassato punta piana a2k zincata,4365909519-00,9835640929-00,5501065460-00
grano piana ei acciaio m8x6 45h zincato bianco,4365909519-00,9835640929-00,5501065460-00
grano esagono incassato punta piana acciaio zincato M8x60-45H,8071445697-00,2055284905-00,6123290703-00
EI P. PIANA A2K M8x60-45H grano acciaio zincato,8071445697-00,2055284905-00,6123290703-00
grano piana esagono incassato acciaio ZINCATO M8x60 45H,8071445697-00,2055284905-00,6123290703-00
Grano EI punta piana acciaio zincato M8x70-45H,1378514553-00,5272929528-00,1054349066-00
esagono incassato a2k piana Grano zincato 8x70 45h,1378514553-00,5272929528-00,1054349066-00
piana M8x70-45H Grano A2K zincato esagono incassato,1378514553-00,5272929528-00,1054349066-00
vite grano esagono incassato M8x8-45H acciaio zincato,8641791085-00,4308546672-00,9007191352-00
acciaio zincato M8x8-45H grano esagono piana,8641791085-00,4308546672-00,9007191352-00
grano A2K piana esagono incassato M8x8 45H zincato,8641791085-00,4308546672-00,9007191352-00
Grano esagono incassato M12x16 CW508L,2463572176-00,9547309251-00,7254172697-00
Grano EI punta piana Ottone M12x16,2463572176-00,9547309251-00,7254172697-00
CW508L grano esagonale piana 12x16,2463572176-00,9547309251-00,7254172697-00
Grano EI Ottone M8x12 CW508L,2650154326-00,5092984113-00,1860195269-00
Esagono incassato piana M8x12 grano CW508L,2650154326-00,5092984113-00,1860195269-00
Punta PIANA OTtone grano EI M8 x 12,2650154326-00,5092984113-00,1860195269-00
W14X965/H6N albero metrico,3878640170-00,3285264200-00,5249463039-00
albero metrico H6N W14X965,3878640170-00,3285264200-00,5249463039-00
metrico W14X965 H6N albero,3878640170-00,3285264200-00,5249463039-00
battuta fissa oru pah52,2715100092-00,8368482762-00,4897323405-00
pah52 oru battuta fissa,2715100092-00,8368482762-00,4897323405-00
oru pah52 battuta fissa,2715100092-00,8368482762-00,4897323405-00
bullone testa martello 12x50,7745245765-00,1335929593-00,6373635107-00
bullone 12x50 testa a martello,7745245765-00,1335929593-00,6373635107-00
testa martello bullone 12 x 50,7745245765-00,1335929593-00,6373635107-00
bullone testa a martello 20x80,7347632804-00,7395059843-00,1499210270-00
20x80 bullone con testa martello,7347632804-00,7395059843-00,1499210270-00
bullone 20 mm x 80 mm testa martello,7347632804-00,7395059843-00,1499210270-00
bussola trazione H2318,1016512264-00,6980499450-00,5865483017-00
H 2318 bussola di trazione,1016512264-00,6980499450-00,5865483017-00
trazione bussola h2318,1016512264-00,6980499450-00,5865483017-00
bussola trazione H313,9526753360-00,3634085133-00,2104984653-00
H 313 bussola per trazione,9526753360-00,3634085133-00,2104984653-00
trazione bussola modello H313,9526753360-00,3634085133-00,2104984653-00
bussola trazione H316,7099357687-00,3474627261-00,7320710729-00
H 316 bussola di trazione,7099357687-00,3474627261-00,7320710729-00
bussola H316 trazione,7099357687-00,3474627261-00,7320710729-00
bussola eccentrica BE20 NUKR 52.2SK,8443316906-00,4568432133-00,3878640170-00
BE20 bussola ecc. NUKR diametro 52.2SK,8443316906-00,4568432133-00,3878640170-00
NUKR 52.2SK BE20 bussola eccentrica,8443316906-00,4568432133-00,3878640170-00
bussola fsl 25x42x46 scorrimento,5645656566-00,2443553697-00,3300252533-00
fsl bussola 25 x 42 x 46,5645656566-00,2443553697-00,3300252533-00
scorrimento bussola FSL 25/42/46,5645656566-00,2443553697-00,3300252533-00
bussole mascherature 3x6x8,6056086096-00,9824739935-00,6824517508-00
3mm x 6mm x 8mm bussole per mascheramenti,6056086096-00,9824739935-00,6824517508-00
bussole 3/6/8 mascheratura,6056086096-00,9824739935-00,6824517508-00
calettatore vk550 40x50,2656138952-00,4327921388-00,3598238979-00
vk 550 calettatore 40 x 50,2656138952-00,4327921388-00,3598238979-00
calettatore 40/50 vk550,2656138952-00,4327921388-00,3598238979-00
chiave anello D38,8484402553-00,3760894487-00,7347632804-00
D38 chiave ad anello,8484402553-00,3760894487-00,7347632804-00
anello chiave d38,8484402553-00,3760894487-00,7347632804-00
copiglia d2x15 acciaio zincato bianco a2k,8115414843-00,7525291539-00,7044481484-00
a2k copiglia d2 x 15 acciaio zincato,8115414843-00,7525291539-00,7044481484-00
copiglia acciaio bianco zincato d2x15 A2K,8115414843-00,7525291539-00,7044481484-00
collare doppio d12 completo,4308546672-00,7361105842-00,3878640170-00
d12 collare doppio,4308546672-00,7361105842-00,3878640170-00
completo collare d12 doppio,4308546672-00,7361105842-00,3878640170-00
copiglia elastica a2k d2.5 acciaio zincato bianco,2447466166-00,6779624979-00,7858424626-00
"copiglia d2,5 elastica acciaio zincato a2k",2447466166-00,6779624979-00,7858424626-00
a2k copiglia elastica d2.5 zincato bianco,2447466166-00,6779624979-00,7858424626-00
"disco elastico m10x1,25x22 bloccaggio",7940812971-00,7534578004-00,5440054076-00
"bloccaggio elastico disco M10 x 1,25 x 22",7940812971-00,7534578004-00,5440054076-00
"m10x1,25x22 disco di bloccaggio elastico",7940812971-00,7534578004-00,5440054076-00
disco elastico m16 bloccaggio,1237825463-00,1219752306-00,7944868052-00
m16 disco di bloccaggio elastico,1237825463-00,1219752306-00,7944868052-00
bloccaggio elastico disco M16,1237825463-00,1219752306-00,7944868052-00
"FASCIA GUIDA 9287-123.907 misura 5,6x2,5",2193613906-00,8380686623-00,6094533974-00
9287-123.907 fascia guida 5.6 x 2.5,2193613906-00,8380686623-00,6094533974-00
"guida fascia 9287 123.907 5,6/2,5",2193613906-00,8380686623-00,6094533974-00
fissaggio pressione westaro,5057879465-00,2205046870-00,6505214127-00
westaro fissaggio a pressione,5057879465-00,2205046870-00,6505214127-00
pressione fissaggio WESTARO,5057879465-00,2205046870-00,6505214127-00
ruota fissa 100mm yls-u,5918243383-00,6010207047-00,7412425536-00
caster fisso per yls-u diametro 100 mm,5918243383-00,6010207047-00,7412425536-00
supporto fisso 100 mm modello yls-u,5918243383-00,6010207047-00,7412425536-00
flangette gwn slfl2 flab group 2,2139794434-00,8230451596-00,6530333098-00
slfl2 flangette gwn gruppo 2 flab,2139794434-00,8230451596-00,6530333098-00
gwn flab slfl2 flangetta group 2,2139794434-00,8230451596-00,6530333098-00
flangia con cuscinetto ftr 1215 0 a,9421728268-00,4704551666-00,6941636534-00
cuscinetto flangiato modello FTR-1215-0-A,9421728268-00,4704551666-00,6941636534-00
flangia ftr1215/0a cuscinetti,9421728268-00,4704551666-00,6941636534-00
flangia con unità cuscinetto sfera PF 72,1499210270-00,3336498156-00,1016512264-00
unità cuscinetto a sfera flangia passo fine 72,1499210270-00,3336498156-00,1016512264-00
flangia PF 72 cuscinetto sferico passo fine,1499210270-00,3336498156-00,1016512264-00
flangia unità cuscinetto sfera PFT52,2392008238-00,6391201229-00,7940812971-00
PFT 52 flangia per cuscinetto a sfera,2392008238-00,6391201229-00,7940812971-00
cuscinetto flangiato sfera modello PFT 52,2392008238-00,6391201229-00,7940812971-00
gabbia assiale rullini axk0515tn,9572791500-00,1681278189-00,1397484017-00
axk 0515 tn cuscinetto a rullini assiale,9572791500-00,1681278189-00,1397484017-00
gabbia a rullini assiale axk-0515tn,9572791500-00,1681278189-00,1397484017-00
gabbia assiale rullini axk0619tn,9336506479-00,8254688091-00,1721102402-00
axk 0619 tn rullini assiali,9336506479-00,8254688091-00,1721102402-00
gabbia a rullini AXK 0619-TN,9336506479-00,8254688091-00,1721102402-00
gabbia rullini assiale axk100135,2104984653-00,9998240700-00,1219718861-00
axk 100135 gabbia a rullini assiale,2104984653-00,9998240700-00,1219718861-00
gabbia assiale per rullini modello AXK 100135,2104984653-00,9998240700-00,1219718861-00
gabbia rullini axiale axk 120155,6530333098-00,5461753764-00,2756774135-00
axk 120155 cuscinetto assiale rullini,6530333098-00,5461753764-00,2756774135-00
gabbia axk 120155 per rullini assiali,6530333098-00,5461753764-00,2756774135-00
gabbia assiale a rullini axk 140180,4522541027-00,9612996235-00,7944868052-00
axk 140180 rullini assiali gabbia,4522541027-00,9612996235-00,7944868052-00
gabbia rullini axk140180 assiale,4522541027-00,9612996235-00,7944868052-00
gabbia rullini assiale AXK2542,3949656826-00,5379178942-00,1826684776-00
AXK 2542 cuscinetto a rullini assiale,3949656826-00,5379178942-00,1826684776-00
gabbia assiale per rullini modello AXK 2542,3949656826-00,5379178942-00,1826684776-00
gabbia rullini assiali axk 4060,7946949392-00,5476556092-00,6655726866-00
axk4060 gabbia assiale per rullini,7946949392-00,5476556092-00,6655726866-00
gabbia rullini axiale axk 4060,7946949392-00,5476556092-00,6655726866-00
axk 6590 gabbia assiale a rullini,7044481484-00,9043346665-00,3878640170-00
gabbia rullini assiale axk-6590,7044481484-00,9043346665-00,3878640170-00
axk6590 cuscinetto assiale rullini,7044481484-00,9043346665-00,3878640170-00
gabbia assiale rullini AXK90120,5666169376-00,2796016373-00,4308546672-00
AXK 90120 rullini gabbia assiale,5666169376-00,2796016373-00,4308546672-00
gabbia a rullini assiale AXK 90120,5666169376-00,2796016373-00,4308546672-00
gabbia a rullini K 12x15x13 TN,3812303110-00,5063594698-00,2756774135-00
K 12x15x13 rullini TN gabbia,3812303110-00,5063594698-00,2756774135-00
gabbia rullini TN 12x15x13 K,3812303110-00,5063594698-00,2756774135-00
gabbia rullini k 15x19x13,8884625491-00,9048598660-00,2193613906-00
k 15x19x13 gabbia a rullini,8884625491-00,9048598660-00,2193613906-00
rullini gabbia misura 15x19x13 k,8884625491-00,9048598660-00,2193613906-00
gabbia rullini k 15x21x21,5249463039-00,1094578790-00,6357802946-00
k 15x21x21 gabbia a rullini,5249463039-00,1094578790-00,6357802946-00
gabbia rullini misura 15x21x21 k,5249463039-00,1094578790-00,6357802946-00
"giunto assiale cilindro RBA filettatura M12x1,25",9352817059-00,5827832202-00,2139794434-00
giunto axiale RBA M12 1.25 per cilindri,9352817059-00,5827832202-00,2139794434-00
RBA cilindro giunto M12x1.25,9352817059-00,5827832202-00,2139794434-00
grillo a cuore acciaio bianco zincato 2t,1721102402-00,6973153932-00,6373635107-00
grillo a cuore A2K SWL 2 tonnellate,1721102402-00,6973153932-00,6373635107-00
grillo a cuore zincato bianco 2 ton SWL,1721102402-00,6973153932-00,6373635107-00
"grillo cuore acciaio zincato bianco 3,25t",7627731391-00,7176768192-00,3495040641-00
"grillo a cuore SWL 3,25t a2k",7627731391-00,7176768192-00,3495040641-00
"grillo cuore zincato bianco 3,25 ton",7627731391-00,7176768192-00,3495040641-00
grillo a cuore acciaio zincato bianco 6.5t,1679897402-00,9676503496-00,7624899234-00
grillo a cuore A2K SWL 6.5 tonnellate,1679897402-00,9676503496-00,7624899234-00
"grillo cuore zincato bianco swl 6,5t",1679897402-00,9676503496-00,7624899234-00
"grillo diritto A2K zincato bianco SWL 0,25t",6824517508-00,7242319851-00,9430522140-00
"grillo diritto acciaio zincato swl 0,25 tonnellate",6824517508-00,7242319851-00,9430522140-00
A2K grillo diritto zincatura bianca 0.25t,6824517508-00,7242319851-00,9430522140-00
guarnizione capsula metallo 1331/730/50,1397484017-00,7197948058-00,9681999783-00
capsula metallica guarnizione 1331-730-50,1397484017-00,7197948058-00,9681999783-00
guarnizione 1331 730 50 capsula metallo,1397484017-00,7197948058-00,9681999783-00
guida cuscinetto tornito diametro 40,1721477118-00,8541639722-00,9503448128-00
cuscinetto guida d40 tornito,1721477118-00,8541639722-00,9503448128-00
guida tornita per cuscinetto Ø40,1721477118-00,8541639722-00,9503448128-00
ingrassatore ORU modello NIP-A1,7944868052-00,2897779206-00,5203964419-00
NIP-A1 ORU ingrassatore,7944868052-00,2897779206-00,5203964419-00
ingrassatore tipo NIP-A1 marca ORU,7944868052-00,2897779206-00,5203964419-00
ingrassatore ORU acciaio NIP-A2,3952682608-00,9589635876-00,3812303110-00
nip a2 ingrassatore inox ORU,3952682608-00,9589635876-00,3812303110-00
ingrassatore in acciaio inox ORU NIP,3952682608-00,9589635876-00,3812303110-00
linguetta tipo A 18x11x100 C45C,1536843318-00,1108656646-00,3300252533-00
tipo A linguetta acciaio C45C 18x11x100,1536843318-00,1108656646-00,3300252533-00
18x11x100 linguetta C45C tipo A,1536843318-00,1108656646-00,3300252533-00
linguetta tipo A 18x11x50 C45C,1194332529-00,6015093811-00,5865483017-00
linguetta C45C 18x11x50 tipo A,1194332529-00,6015093811-00,5865483017-00
tipo A linguetta 50x18x11 acciaio C45C,1194332529-00,6015093811-00,5865483017-00
livellatore a cuneo SCF 220 NA,3598238979-00,5092984113-00,2579853511-00
SCF-220-NA cuneo livellatore,3598238979-00,5092984113-00,2579853511-00
livellatore cuneo modello scf220na,3598238979-00,5092984113-00,2579853511-00
maniglia ponte PP 196x27x57 M8 nera,5903295517-00,5627782037-00,6941636534-00
maniglia a ponte acciaio PP M8 196x27x57,5903295517-00,5627782037-00,6941636534-00
ponte maniglia M8 196x27x57 nera plastica,5903295517-00,5627782037-00,6941636534-00
maniglia ponte PP nera Mekora,8026821230-00,6786384278-00,7347632804-00
maniglia a ponte acciaio PP Mekora,8026821230-00,6786384278-00,7347632804-00
ponte maniglia Mekora PP nera,8026821230-00,6786384278-00,7347632804-00
morsetto acciaio zincato bianco per fune D3,5901673931-00,3485500899-00,2010206071-00
morsetto fune max d3 a2k acciaio zincato,5901673931-00,3485500899-00,2010206071-00
morsetto fune D3 zincato bianco max,5901673931-00,3485500899-00,2010206071-00
morsetto fune acciaio zincato bianco D3/16,7624899234-00,7325563727-00,2465261058-00
morsetto per fune max diametro 3/16 a2k,7624899234-00,7325563727-00,2465261058-00
D3/16 morsetto acciaio zincato per funi,7624899234-00,7325563727-00,2465261058-00
morsetto fune acciaio zincato bianco d5,2291864354-00,4113664615-00,4522541027-00
morsetto per fune max 5mm a2k acciaio,2291864354-00,4113664615-00,4522541027-00
morsetto acciaio zincato d5 fune max,2291864354-00,4113664615-00,4522541027-00
pressore sfera 6080026579-00 sostituzione,8216402332-00,9612996235-00,9336506479-00
sfera pressore sostituito 6080026579-00,8216402332-00,9612996235-00,9336506479-00
pressore/sfera codice 6080026579-00 sostituito,8216402332-00,9612996235-00,9336506479-00
prigioniero acciaio A2K M10x100 8.8 BM 2D,9161970545-00,2067159406-00,1194332529-00
prigioniero zincato bianco M10 100mm classe 8.8 BM=2D,9161970545-00,2067159406-00,1194332529-00
M10x100 prigioniero acciaio zincatura bianca 8.8 BM 2D,9161970545-00,2067159406-00,1194332529-00
prigioniero acciaio M10x30 8.8 zincato bianco,5021921994-00,8899320851-00,5903295517-00
prigioniero A2K M10x30 classe 8.8 acciaio,5021921994-00,8899320851-00,5903295517-00
M10x30 prigioniero 8.8 zincatura bianca acciaio,5021921994-00,8899320851-00,5903295517-00
prigioniero acciaio zincato bianco m10x35 classe 8.8,5853983356-00,2779561943-00,9336506479-00
prigioniero m10 x 35 8.8 a2k zincato,5853983356-00,2779561943-00,9336506479-00
prigioniero acciaio a2k m10 35 filettato zinc. bianco,5853983356-00,2779561943-00,9336506479-00
prigioniero M10x40 8.8 acciaio A2K zincato bianco,3286166145-00,4873387863-00,7044481484-00
prigioniero acciaio zincato bianco M10x40 classe 8.8,3286166145-00,4873387863-00,7044481484-00
M10x40 prigioniero 8.8 zincato A2K acciaio,3286166145-00,4873387863-00,7044481484-00
prigioniero M10x45 8.8 acciaio A2K zincato bianco,6887895412-00,3414353862-00,6915280749-00
prigioniero A2K 8.8 M10x45 zincato acciaio bianco,6887895412-00,3414353862-00,6915280749-00
M10x45 prigioniero acciaio zincato bianco A2K 8.8,6887895412-00,3414353862-00,6915280749-00
prigioniero acciaio A2K M10x65 classe 8.8,5203964419-00,1547798321-00,6530333098-00
prigioniero zincato bianco M10 65mm 8.8,5203964419-00,1547798321-00,6530333098-00
A2K prigioniero M10x65 acciaio zincato 8.8,5203964419-00,1547798321-00,6530333098-00
prigioniero M10x80 8.8 acciaio zincato A2K,6010330454-00,6271104408-00,8856387870-00
prigioniero acciaio A2K M10x80 classe 8.8 zincato bianco,6010330454-00,6271104408-00,8856387870-00
M10x80 prigioniero 8.8 acciaio zincato,6010330454-00,6271104408-00,8856387870-00
prigioniero M12x100 8.8 acciaio zincato bianco,1515743851-00,7449618970-00,6178070846-00
prigioniero acciaio A2K M12 100 mm classe 8.8,1515743851-00,7449618970-00,6178070846-00
M12x100 prigioniero 8.8 zincato bianco acciaio,1515743851-00,7449618970-00,6178070846-00
prigioniero acciaio A2K zincato bianco M12x55 8.8,7412425536-00,3088262718-00,1016512264-00
M12x55 prigioniero 8.8 acciaio zincato bianco,7412425536-00,3088262718-00,1016512264-00
prigioniero M12 55 8.8 zincato bianco acciaio A2K,7412425536-00,3088262718-00,1016512264-00
prigioniero acciaio A2K M12x75 classe 8.8,6902345456-00,7013411208-00,9430522140-00
prigioniero M12x75 8.8 zincato bianco acciaio,6902345456-00,7013411208-00,9430522140-00
prigioniero filettato A2K M12 75mm zincato 8.8,6902345456-00,7013411208-00,9430522140-00
prigioniero acciaio A2K zincato bianco M8x35 classe 8.8,7858424626-00,4706798503-00,9503448128-00
prigioniero M8x35-8.8 acciaio zincato bianco A2K,7858424626-00,4706798503-00,9503448128-00
M8 35 prigioniero 8.8 zincato bianco A2K acciaio,7858424626-00,4706798503-00,9503448128-00
profilato chiusura nero,8856387870-00,3634085133-00,6178070846-00
nero profilato per chiusura,8856387870-00,3634085133-00,6178070846-00
chiusura profilato colore nero,8856387870-00,3634085133-00,6178070846-00
raschiatore oru modello AB52,6066764359-00,8308947793-00,7611388564-00
AB52 raschiatore ORU,6066764359-00,8308947793-00,7611388564-00
ORU AB52 per raschiatore,6066764359-00,8308947793-00,7611388564-00
redancia bf acciaio zincato bianco fune max d5,3337876451-00,2913148877-00,5858046109-00
redancia bf d5 zincata bianca per fune,3337876451-00,2913148877-00,5858046109-00
redancia acciaio A2K max d5,3337876451-00,2913148877-00,5858046109-00
ribattino 2x6 f non disponibile,4897323405-00,4047319682-00,9235182267-00
ribattino 2x6 fn non fornibile,4897323405-00,4047319682-00,9235182267-00
2x6 ribattino f non reperibile,4897323405-00,4047319682-00,9235182267-00
"ribattino AlMg3,5 D5x8 testa piana svasata",6941636534-00,3152553412-00,7347632804-00
"D5x8 ribattino TSP AlMg3,5",6941636534-00,3152553412-00,7347632804-00
"AlMg3,5 ribattino D5x8 testa svasata",6941636534-00,3152553412-00,7347632804-00
rivetto martello maschio femmina,6915280749-00,8848643796-00,4811533283-00
maschio/femmina rivetto a martello,6915280749-00,8848643796-00,4811533283-00
rivetti a martello tipo maschio femmina,6915280749-00,8848643796-00,4811533283-00
rivetto a strappo D3x6 Acciaio inox TCB testa cilindrica bombata,1693769191-00,1634454981-00,1194332529-00
RIVETTO TCB D3x6 acciaio inox bombato,1693769191-00,1634454981-00,1194332529-00
D3x6 rivetto a strappo testa cilindrica in acciaio inox,1693769191-00,1634454981-00,1194332529-00
"rivetto strappo D3,4x7 AlMg2,5 testa cilindrica bombata",6505214127-00,9890504923-00,9503448128-00
"AlMg2,5 rivetto a strappo D3,4x7 cilindrico bombato",6505214127-00,9890504923-00,9503448128-00
"rivetto TCB AlMg2,5 D3,4x7 a strappo",6505214127-00,9890504923-00,9503448128-00
"rivetto a strappo AlMg2,5 D3,4x9 testa cilindrica bombata",8370275129-00,5903303792-00,2447466166-00
"TCB rivetto D3,4x9 AlMg2,5",8370275129-00,5903303792-00,2447466166-00
"rivetto AlMg2,5 D3,4 testa cilindrica bombata strapponi",8370275129-00,5903303792-00,2447466166-00
"rivetto strappo AlMg2,5 D3,8x20 testa cilindrica bombata",6655726866-00,8533726607-00,5645656566-00
"TCB rivetto a strappo D3,8x20 AlMg2,5",6655726866-00,8533726607-00,5645656566-00
"rivetto a strap D3,8x20 AlMg2,5 testa cilindrica",6655726866-00,8533726607-00,5645656566-00
"rivetto a strappo AlMg2,5 D4x12 testa bombata cilindrica",6577415164-00,3621748882-00,1219718861-00
"D4x12 rivetto a strappo cilindrico AlMg2,5",6577415164-00,3621748882-00,1219718861-00
"rivetto TCB AlMg2,5 D4x12 testa bombata",6577415164-00,3621748882-00,1219718861-00
"rivetto a strappo D4x16 AlMg2,5 testa cilindrica bombata",1681758905-00,2589716124-00,6024645608-00
"AlMg2,5 rivetto a strappo D4x16, cilindrico",1681758905-00,2589716124-00,6024645608-00
"rivetto cilindrico D4x16 AlMg2,5 a strappo",1681758905-00,2589716124-00,6024645608-00
"rivetto strappo AlMg2,5 D6x10 testa cilindrica bombata",3300252533-00,7083538772-00,8573119194-00
"TCB rivetto D6x10 AlMg2,5 a strappo",3300252533-00,7083538772-00,8573119194-00
"rivetto a strappo diametro 6mm lunghezza 10mm AlMg2,5",3300252533-00,7083538772-00,8573119194-00
"rivetto autoforante martello D1,9x5 acciaio zincato bianco",2836562661-00,1962744634-00,9526753360-00
A2K rivetto a martello D1.9x5 autoforante,2836562661-00,1962744634-00,9526753360-00
"rivetto a martello autoforante dimensione 1,9x5 A2K zincato bianco",2836562661-00,1962744634-00,9526753360-00
"rivetto martello D2,5x5 acciaio zincato autoforante",9430522140-00,1800442133-00,6700770175-00
"D2,5x5 rivetto autof. martello A2K zincato bianco",9430522140-00,1800442133-00,6700770175-00
"rivetto a martello autoforante D2,5x5 acciaio bianco",9430522140-00,1800442133-00,6700770175-00
"rivetto autoforante martello D2,9x8 acciaio zincato bianco",9416261095-00,3055785881-00,6066764359-00
"rivetto a martello A2K D2.9x8 autof., acciaio zincato",9416261095-00,3055785881-00,6066764359-00
"D2,9x8 rivetto autof. a martello zincato bianco",9416261095-00,3055785881-00,6066764359-00
snodo sferico radiale GE 25 C KVR,6700770175-00,3628132510-00,9526753360-00
KVR GE 25 C snodo sferico radiale,6700770175-00,3628132510-00,9526753360-00
GE 25 C snodo sferico KVR,6700770175-00,3628132510-00,9526753360-00
snodo sferico radiale KVR modello GE 30 ES-2RS,7611388564-00,3300579673-00,6066764359-00
GE 30 ES-2RS snodo sferico radiale KVR,7611388564-00,3300579673-00,6066764359-00
KVR GE30ES2RS snodo sferico radiale,7611388564-00,3300579673-00,6066764359-00
snodo sferico radiale GEH 12 C KVR,4811533283-00,1872210053-00,5853983356-00
KVR GEH 12 C snodo sferico radiale,4811533283-00,1872210053-00,5853983356-00
GEH 12 C snodo sferico KVR,4811533283-00,1872210053-00,5853983356-00
snodo sferico radiale GEH 25 C KVR,5825574311-00,3920625495-00,4811533283-00
KVR GEH 25 C snodo sferico radiale,5825574311-00,3920625495-00,4811533283-00
GEH 25 C snodo sferico KVR,5825574311-00,3920625495-00,4811533283-00
sostituzione 7567206630-00,7320710729-00,8244490406-00,2656138952-00
DA 7567206630-00 sostituito,7320710729-00,8244490406-00,2656138952-00
7567206630-00 sostit.,7320710729-00,8244490406-00,2656138952-00
sostituto 6951776968-00,5196167183-00,2796016373-00,5666169376-00
6951776968-00 replacement,5196167183-00,2796016373-00,5666169376-00
cercando materiale sostituito 6951776968-00,5196167183-00,2796016373-00,5666169376-00
9728025833-00 sostituito da,6922881579-00,1368938831-00,2656138952-00
cerca 9728025833-00 sostituzione,6922881579-00,1368938831-00,2656138952-00
sostituire con 9728025833-00,6922881579-00,1368938831-00,2656138952-00
"spessore acciaio inox M6x0,025 velmor",7420544092-00,1461569135-00,4522541027-00
"SPESSORE VELMOR M6x0,025 acciaio",7420544092-00,1461569135-00,4522541027-00
"velmor spessore  M6x0,025  acciaio inox",7420544092-00,1461569135-00,4522541027-00
"spessore inox M6x0,10 VELMOR",2579853511-00,3984480791-00,7940812971-00
"VELMOR acciaio spessore M6x0,10",2579853511-00,3984480791-00,7940812971-00
"spessore M6x0,10 VELMOR acciaio inox",2579853511-00,3984480791-00,7940812971-00
"spessore velmor acciaio inox M6x0,20",8573119194-00,3385366022-00,8856387870-00
"M6x0,20 spessore velmor in acciaio inox",8573119194-00,3385366022-00,8856387870-00
"spessore velmor A2 M6x0,20 acciaio inox",8573119194-00,3385366022-00,8856387870-00
"spessore velmor acciaio inox M6x0,50",8367543199-00,9570592597-00,1219718861-00
"velmor M6x0,50 spessore in acciaio inox",8367543199-00,9570592597-00,1219718861-00
"M6x0,50 spessore velmor in acciaio inox",8367543199-00,9570592597-00,1219718861-00
"spessore velmor M6x1,0 acciaio inox",6373635107-00,3933857095-00,8856387870-00
velmor acciaio inox spessore M6x1,6373635107-00,3933857095-00,8856387870-00
"M6x1,0 spessore velmor A2 acciaio",6373635107-00,3933857095-00,8856387870-00
"spessore velmor acciaio inox M8x0,025",1009800385-00,6749247184-00,1693769191-00
"M8x0,025 spessore velmor in acciaio inox",1009800385-00,6749247184-00,1693769191-00
"velmor spessore M8x0,025 acciaio inox",1009800385-00,6749247184-00,1693769191-00
"spessore M8x0,10 acciaio inox velmor",9520903464-00,8186036331-00,8243127142-00
"velmor spessore M8x0,10 acciaio inossidabile",9520903464-00,8186036331-00,8243127142-00
"A2 M8x0,10 velmor spessore in inox",9520903464-00,8186036331-00,8243127142-00
"spessore A2 M8x0,20 acciaio inox",6024645608-00,9093412678-00,9775450433-00
velmor M8x0.20 spessore in acciaio inossidabile,6024645608-00,9093412678-00,9775450433-00
"acciaio inox spessore velmor M8x0,20",6024645608-00,9093412678-00,9775450433-00
"spessore velmor M8x0,50 acciaio inox",7053519753-00,9641115149-00,2447466166-00
"velmor acciaio inox spessore M8 0,50",7053519753-00,9641115149-00,2447466166-00
"M8x0,50 spessore velmor in acciaio inox",7053519753-00,9641115149-00,2447466166-00
"velmor spessore M8x1,0 acciaio inox",5858046109-00,5337956037-00,6345654229-00
"spessore M8x1,0 in acciaio inox velmor",5858046109-00,5337956037-00,6345654229-00
velmor spessore A2 M8x1.0,5858046109-00,5337956037-00,6345654229-00
spinotto testa ovale westaro,8243127142-00,6811106407-00,9526753360-00
westaro oval head pin,8243127142-00,6811106407-00,9526753360-00
pin testa ovale westaro,8243127142-00,6811106407-00,9526753360-00
cuscinetto supporto SNL 216,6178070846-00,3185373673-00,4897323405-00
SNL216 supporto cuscinetti,6178070846-00,3185373673-00,4897323405-00
supporto cuscinetto tipo SNL 216,6178070846-00,3185373673-00,4897323405-00
supporto cuscinetto SNL 513-611,6345654229-00,6758858432-00,3598238979-00
SNL 513-611 supporto cuscinetto,6345654229-00,6758858432-00,3598238979-00
cuscinetto SNL 513-611 supporto,6345654229-00,6758858432-00,3598238979-00
supporto cuscinetto SNL 516-613,9681999783-00,6485532333-00,8443316906-00
SNL 516-613 supporto cuscinetto,9681999783-00,6485532333-00,8443316906-00
cuscinetto supporto SNL 516 613,9681999783-00,6485532333-00,8443316906-00
supporto cuscinetto SNL 518-615,2756774135-00,8222802007-00,9572791500-00
SNL 518-615 supporto cuscinetto cercasi,2756774135-00,8222802007-00,9572791500-00
cuscinetto SNL 518-615 supporto disponibile?,2756774135-00,8222802007-00,9572791500-00
supporto fisso pesante 1040Q,3495040641-00,9144101775-00,7858424626-00
1040 Q supporto fisso heavy duty,3495040641-00,9144101775-00,7858424626-00
supporto 1040Q fisso pesante,3495040641-00,9144101775-00,7858424626-00
supporto girevole pesante 1020 Q,6094533974-00,9515153013-00,5666169376-00
1020 Q supporto girevole heavy duty,6094533974-00,9515153013-00,5666169376-00
heavy duty swivel support 1020 Q,6094533974-00,9515153013-00,5666169376-00
swivel caster 100mm YLS-U,9775450433-00,9055208562-00,6024645608-00
YLS-U 100 mm ruota girevole,9775450433-00,9055208562-00,6024645608-00
ruota girevole 100 mm per YLS-U,9775450433-00,9055208562-00,6024645608-00
tassello cave t gn 506-6 m8,5440054076-00,6741886649-00,6505214127-00
tassello per cave modello gn506-6 m8,5440054076-00,6741886649-00,6505214127-00
gn 506-6 m8 tassello per cave t,5440054076-00,6741886649-00,6505214127-00
tenditore 2 occhi A2K M6 acciaio zincato bianco,9526772961-00,3785046823-00,7347632804-00
A2K M6 tenditore acciaio zincato 2 occhi,9526772961-00,3785046823-00,7347632804-00
tenditore acciaio M6 2 occhi zincato bianco,9526772961-00,3785046823-00,7347632804-00
tenditore a 2 occhi M8 acciaio zincato bianco,9503448128-00,9741033403-00,6056086096-00
A2K tenditore 2 occhi M8 acciaio zincato,9503448128-00,9741033403-00,6056086096-00
M8 tenditore acciaio zincato bianco 2 occhi A2K,9503448128-00,9741033403-00,6056086096-00
tenuta labbro DH 216,5865483017-00,7210597771-00,7420544092-00
DH 216 tenuta a labbro,5865483017-00,7210597771-00,7420544092-00
tenuta a labbro modello DH 216,5865483017-00,7210597771-00,7420544092-00
tenuta labbro TSN 516 4,1826684776-00,3166847823-00,5858046109-00
guarnizione labbro TSN 516 4,1826684776-00,3166847823-00,5858046109-00
TSN 516 4 tenuta a labbro,1826684776-00,3166847823-00,5858046109-00
tenuta feltro tsna 513 c,2563891919-00,1860195269-00,4897323405-00
tsna 513 c tenuta con feltro,2563891919-00,1860195269-00,4897323405-00
feltro tenuta tsna 513C,2563891919-00,1860195269-00,4897323405-00
tenuta feltro TSNA 518 C,1219718861-00,3178453665-00,6505214127-00
TSNA 518 C tenuta con feltro,1219718861-00,3178453665-00,6505214127-00
tenuta con feltro 518 C modello TSNA,1219718861-00,3178453665-00,6505214127-00
terminali chiusura neri,6357802946-00,6354125661-00,5918243383-00
chiusura terminali neri,6357802946-00,6354125661-00,5918243383-00
terminali neri per chiusura,6357802946-00,6354125661-00,5918243383-00
triplette anello hirth marca moresa,7976170256-00,1461569135-00,6922881579-00
anello hirth moresa triplet 3 elementi,7976170256-00,1461569135-00,6922881579-00
hirth anello triplet moresa,7976170256-00,1461569135-00,6922881579-00
triplette anello hirth graul,2465261058-00,8526360040-00,5440054076-00
anello hirth graul triplet,2465261058-00,8526360040-00,5440054076-00
graul hirth triplette anello,2465261058-00,8526360040-00,5440054076-00
perno saldante ty-pt ramato 4.8 M6x14,5676241751-00,8338631077-00,6230080185-00
perno da saldare acciaio forma PT M6x14 4.8,5676241751-00,8338631077-00,6230080185-00
M6x14 perno a saldare ramato 4.8 ty-pt,5676241751-00,8338631077-00,6230080185-00
perno saldare ramato M6x16 4.8 tipo PT,6178014442-00,6643383016-00,7504323369-00
perno da saldare M6x16 acciaio saldatura ramato 4.8,6178014442-00,6643383016-00,7504323369-00
TY-PT perno ramato M6x16 4.8 saldatura,6178014442-00,6643383016-00,7504323369-00
perno saldare ramato 4.8 M6x20 tipo PT,2362242496-00,4575616101-00,1998064545-00
perno a saldare M6x20 ramato 4.8 acciaio,2362242496-00,4575616101-00,1998064545-00
acciaio ramato 4.8 perno PT M6x20 saldatura,2362242496-00,4575616101-00,1998064545-00
perno concentrici ORU LFZ 12,1968984769-00,9691312135-00,8272876416-00
LFZ 12 perno ORU,1968984769-00,9691312135-00,8272876416-00
perno ORU modello LFZ 12,1968984769-00,9691312135-00,8272876416-00
perno concettico ORU LFZ 12 M12,8810070590-00,2995356510-00,1998064545-00
ORU LFZ12/M12 perno,8810070590-00,2995356510-00,1998064545-00
perno M12 concentrico LFZ 12 ORU,8810070590-00,2995356510-00,1998064545-00
perno eccentrico ORU LFE 12-1,2856564860-00,6312418668-00,8018111817-00
LFE 12-1 perno ORU eccentrico,2856564860-00,6312418668-00,8018111817-00
eccentrico ORU LFE12-1 perno,2856564860-00,6312418668-00,8018111817-00
perno eccentrico ORU LFE 12-1 M12,3114810437-00,8075449217-00,8707135493-00
LFE 12-1 M12 perno ORU eccentrico,3114810437-00,8075449217-00,8707135493-00
perno ORU M12 tipo eccentrico LFE 12-1,3114810437-00,8075449217-00,8707135493-00
perno folle kr16,9692707642-00,6009433368-00,4094357318-00
kr 16 perno folle,9692707642-00,6009433368-00,4094357318-00
folle kr16 perno,9692707642-00,6009433368-00,4094357318-00
perno folle KR16,9692707642-00,5276410858-00,5479560822-00
KR 16 perno folle,9692707642-00,5276410858-00,5479560822-00
perno folle modello KR16,9692707642-00,5276410858-00,5479560822-00
perno folle KR16 in plastica PP,1049273981-00,4627757243-00,8810070590-00
KR 16 PP perno folla,1049273981-00,4627757243-00,8810070590-00
perno folle tipo KR16 materiale PP,1049273981-00,4627757243-00,8810070590-00
perno folle kr19 pp,9480496381-00,6120344016-00,2856564860-00
kr 19 pp perno folle,9480496381-00,6120344016-00,2856564860-00
perno folle tipo kr19 in pp,9480496381-00,6120344016-00,2856564860-00
perno folle KR22,6065132367-00,9102211860-00,5479560822-00
KR 22 perno folle,6065132367-00,9102211860-00,5479560822-00
perno KR22 tipo folle,6065132367-00,9102211860-00,5479560822-00
perno folle kr22 pp,7282383740-00,7594836231-00,2415609792-00
kr22 pp perno folle,7282383740-00,7594836231-00,2415609792-00
perno kr22 tipo folle in pp,7282383740-00,7594836231-00,2415609792-00
perno folle kr22 pp,7282383740-00,5345176211-00,2415609792-00
kr22 perno folle in pp,7282383740-00,5345176211-00,2415609792-00
perno PP KR 22,7282383740-00,5345176211-00,2415609792-00
perno folle kr 22x,7014174175-00,4938014729-00,7075018725-00
kr22x perno folle,7014174175-00,4938014729-00,7075018725-00
perno folle 22x tipo kr,7014174175-00,4938014729-00,7075018725-00
perno folle kr30,4094357318-00,3420647459-00,7075018725-00
kr 30 perno folle,4094357318-00,3420647459-00,7075018725-00
folle perno kr30,4094357318-00,3420647459-00,7075018725-00
perno folle kr 35 pp,2415609792-00,1219752306-00,9613895497-00
kr 35 pp perno folle,2415609792-00,1219752306-00,9613895497-00
perno folle tipo kr35 materiale pp,2415609792-00,1219752306-00,9613895497-00
perno folle kr47,1332912348-00,1373794031-00,7075018725-00
kr 47 perno folle,1332912348-00,1373794031-00,7075018725-00
perno folle modello KR 47,1332912348-00,1373794031-00,7075018725-00
perno folle KR52,8018111817-00,5534285274-00,7755366050-00
KR 52 perno folle,8018111817-00,5534285274-00,7755366050-00
perno KR52 folle,8018111817-00,5534285274-00,7755366050-00
perno folle kr80 pp,1871542232-00,3789444311-00,2415609792-00
kr 80 pp perno folle,1871542232-00,3789444311-00,2415609792-00
perno folle in pp modello kr80,1871542232-00,3789444311-00,2415609792-00
perno folle KRE 16 con guarnizione 2RS,2123111659-00,3654387069-00,5676241751-00
KRE 16 PP 2RS perno folle,2123111659-00,3654387069-00,5676241751-00
perno folle 16 KRE PP 2RS,2123111659-00,3654387069-00,5676241751-00
perno folle KRE 22 in PP,8272876416-00,3986344388-00,5004896110-00
KRE 22 perno folle plastica,8272876416-00,3986344388-00,5004896110-00
perno 22 KKRE PP,8272876416-00,3986344388-00,5004896110-00
perno folle KRE 22 in materiale PP,8272876416-00,7089590364-00,3114810437-00
KRE22 perno folle PP,8272876416-00,7089590364-00,3114810437-00
folle KRE 22 perno plastica PP,8272876416-00,7089590364-00,3114810437-00
perno folle KRE 30 PP,6757660918-00,5477398477-00,8707135493-00
KRE30 PP perno folle,6757660918-00,5477398477-00,8707135493-00
perno KRE folle 30 PP,6757660918-00,5477398477-00,8707135493-00
perno folle KRE 52 PP,5004896110-00,5191521234-00,5479560822-00
KRE 52 PP perno folle,5004896110-00,5191521234-00,5479560822-00
perno KRE 52 PP folle,5004896110-00,5191521234-00,5479560822-00
perno folle KRV 16 tipo PP,9613895497-00,9575584857-00,7014174175-00
KRV16 PP perno folle,9613895497-00,9575584857-00,7014174175-00
perno KRV 16 PP specifiche,9613895497-00,9575584857-00,7014174175-00
perno folle KRV 19 tipo PP,3029570564-00,1429597897-00,9613895497-00
KRV 19 PP perno folle,3029570564-00,1429597897-00,9613895497-00
perno KRV 19 PP folle,3029570564-00,1429597897-00,9613895497-00
perno folle KRV 22 materiale PP,6230080185-00,3071439359-00,7014174175-00
KRV 22 perno folla PP,6230080185-00,3071439359-00,7014174175-00
perno KRV 22 tipo folle in PP,6230080185-00,3071439359-00,7014174175-00
perno folle KRV30 PP 2RS,8707135493-00,9732007045-00,5479560822-00
KRV 30 perno folle 2RS,8707135493-00,9732007045-00,5479560822-00
perno KRV30 PP 2RS usato,8707135493-00,9732007045-00,5479560822-00
perno folle KRV 52 PP,7075018725-00,9732007045-00,6065132367-00
KRV 52 PP perno folle,7075018725-00,9732007045-00,6065132367-00
perno KRV 52 tipo folle,7075018725-00,9732007045-00,6065132367-00
perno folle KRV 62 tipo PP,6373766664-00,6777499687-00,7282383740-00
KRV62PP perno folle,6373766664-00,6777499687-00,7282383740-00
perno folle tipo PP 62 KRV,6373766664-00,6777499687-00,7282383740-00
perno folle NUKR 35 A 2RS,7504323369-00,8151190862-00,5676241751-00
NUKR35 A.2RS perno folle,7504323369-00,8151190862-00,5676241751-00
perno folle 35 A NUKR 2RS,7504323369-00,8151190862-00,5676241751-00
perno folle NUKR 47 A,9841109457-00,3797912024-00,2123111659-00
NUKR 47 A perno,9841109457-00,3797912024-00,2123111659-00
perno 47 A folle NUKR,9841109457-00,3797912024-00,2123111659-00
perno folle NUKRE 35.2RS,2250125943-00,2783619008-00,5676241751-00
NUKRE 35.2RS perno folli,2250125943-00,2783619008-00,5676241751-00
35.2RS perno NUKRE folle,2250125943-00,2783619008-00,5676241751-00
perno folle nuke 40 A,1998064545-00,3315991152-00,6178014442-00
folle nuke 40A perno,1998064545-00,3315991152-00,6178014442-00
perno nuke 40A tipo folle,1998064545-00,3315991152-00,6178014442-00
perno folle nukre 47 a 2rs,7755366050-00,5879115229-00,2362242496-00
nukre 2rs perno folle 47,7755366050-00,5879115229-00,2362242496-00
perno 47 a n 2rs folle,7755366050-00,5879115229-00,2362242496-00
perno folle nuke 80 A,6197314875-00,1525514682-00,3114810437-00
nuke 80 A perno folle,6197314875-00,1525514682-00,3114810437-00
perno 80 A tipo folle NUKRE,6197314875-00,1525514682-00,3114810437-00
perno folle rky 52,5479560822-00,4417015971-00,3029570564-00
rky 52 perno folle,5479560822-00,4417015971-00,3029570564-00
perno rky 52 componente folle,5479560822-00,4417015971-00,3029570564-00
perno folle RKYR 52,7153700806-00,4429676008-00,7282383740-00
RKYR 52 perno folle,7153700806-00,4429676008-00,7282383740-00
perno 52 folle tipo RKYR,7153700806-00,4429676008-00,7282383740-00
golfare femmina M12 acciaio zincato bianco,9621326677-00,5765399431-00,9444399682-00
GOLFARE FEMMINA A2K M12 materiale acciaio zincato,9621326677-00,5765399431-00,9444399682-00
femmina M12 golfare bianco zincato acciaio,9621326677-00,5765399431-00,9444399682-00
golfare femmina M14 acciaio zincato bianco,5272929528-00,9457329856-00,9875853252-00
GOLFARE femmina A2K M14 tipo acciaio zincato,5272929528-00,9457329856-00,9875853252-00
M14 golfare femmina zincato bianco,5272929528-00,9457329856-00,9875853252-00
golfare femmina M16 acciaio zincato bianco,3555796952-00,2443553697-00,1152928692-00
golfare femmina A2K bianco M16,3555796952-00,2443553697-00,1152928692-00
acciaio zincato M16 golfare femmina,3555796952-00,2443553697-00,1152928692-00
golfare femmina M20 acciaio zincato bianco,3474627261-00,6640393611-00,2916818412-00
A2K M20 femmina golfare zincato bianco,3474627261-00,6640393611-00,2916818412-00
femmina golfare A2K M20 acciaio bianco,3474627261-00,6640393611-00,2916818412-00
golfare femmina M30 acciaio zincato bianco,3292671355-00,7630033023-00,5419770835-00
femmina GOLFARE A2K M30,3292671355-00,7630033023-00,5419770835-00
acciaio zincato bianco GOLFARE femmina M30,3292671355-00,7630033023-00,5419770835-00
golfare UNI 3266 M24,9444399682-00,7913166788-00,5272929528-00
M24 golfare secondo UNI 3266,9444399682-00,7913166788-00,5272929528-00
golfare M24 standard UNI 3266,9444399682-00,7913166788-00,5272929528-00
golfare maschio m08 acciaio zincato bianco,8730929570-00,3738435794-00,2916818412-00
GOLFARE MASCHIO A2K M08 tipo acciaio zincato,8730929570-00,3738435794-00,2916818412-00
M08 golfare maschio acciaio bianco zincato,8730929570-00,3738435794-00,2916818412-00
golfare maschio M10 acciaio zincato bianco,6721180302-00,6708180027-00,3474627261-00
M10 golfare maschio zincato bianco,6721180302-00,6708180027-00,3474627261-00
GOLFARE MASCHIO A2K acciaio M10,6721180302-00,6708180027-00,3474627261-00
golfare maschio M12 acciaio zincato bianco,1123639171-00,5065362985-00,8730929570-00
GOLFARE MASCHIO M12 tipo acciaio zincato,1123639171-00,5065362985-00,8730929570-00
M12 golfare maschio zincato bianco,1123639171-00,5065362985-00,8730929570-00
golfare maschio M16 acciaio zincato bianco,5174124939-00,4521949722-00,4501408104-00
GOLFARE MASCHIO A2K  M16 zincato,5174124939-00,4521949722-00,4501408104-00
acciaio zincato bianco golfare maschio M16,5174124939-00,4521949722-00,4501408104-00
golfare maschio M20 acciaio zincato bianco,4282390587-00,4243875482-00,5272929528-00
GOLFARE MASCHIO A2K acciaio zincato M20,4282390587-00,4243875482-00,5272929528-00
maschio M20 golfare zincato bianco,4282390587-00,4243875482-00,5272929528-00
golfare maschio M24 acciaio zincato bianco,5052877313-00,7367405253-00,3474627261-00
A2K M24 golfare maschio in acciaio zincato,5052877313-00,7367405253-00,3474627261-00
maschio golfare M24 acciaio zincato GOLFARE,5052877313-00,7367405253-00,3474627261-00
golfare maschio M30 acciaio zincato bianco,1152928692-00,9257600323-00,5670985005-00
M30 golfare maschio zincato bianco,1152928692-00,9257600323-00,5670985005-00
golfare maschio A2K 30 mm acciaio zincato,1152928692-00,9257600323-00,5670985005-00
maschio A2K GOLFARE M36X3 acciaio zincato bianco,2916818412-00,4893561425-00,5670985005-00
GOLFARE maschio M36X3 zincato tipo A2K,2916818412-00,4893561425-00,5670985005-00
A2K M36X3 GOLFARE maschio acciaio bianco zincato,2916818412-00,4893561425-00,5670985005-00
golfare maschio acciaio zincato M42X3,9875853252-00,7282383740-00,2916818412-00
GOLFARE MASCHIO M42X3 zincato bianco,9875853252-00,7282383740-00,2916818412-00
GOLFARE M42X3 acciaio maschio A2K,9875853252-00,7282383740-00,2916818412-00
"golfare maschio M42X4,5 acciaio zincato bianco",6630654982-00,2789360096-00,1152928692-00
"maschio GOLFARE A2K M42X4,5 in acciaio zincato",6630654982-00,2789360096-00,1152928692-00
GOLFARE MASCHIO A2K M42x4.5 zincato bianco,6630654982-00,2789360096-00,1152928692-00
golfare maschio M48X3 acciaio zincato bianco,5419770835-00,5534285274-00,6010022135-00
M48X3 golfare maschio GOLFARE zincato,5419770835-00,5534285274-00,6010022135-00
GOLFARE maschio A2K M48X3 acciaio zincato,5419770835-00,5534285274-00,6010022135-00
golfare orientabile M16,3750693595-00,3014326085-00,8150398753-00
M16 golfare orientabile,3750693595-00,3014326085-00,8150398753-00
orientabile M16 golfare,3750693595-00,3014326085-00,8150398753-00
golfare orientabile M24,5670985005-00,8076724964-00,8301973657-00
M24 golfare orientabile in cerca,5670985005-00,8076724964-00,8301973657-00
orientabile M24 golfare,5670985005-00,8076724964-00,8301973657-00
golfare orientabile M24x2,6010022135-00,2743366945-00,9875853252-00
M24 x2 golfare orientabile,6010022135-00,2743366945-00,9875853252-00
orientabile M24 2 golfare,6010022135-00,2743366945-00,9875853252-00
golfare orientabile M30,4501408104-00,4067784318-00,2916818412-00
M30 golfare regolabile,4501408104-00,4067784318-00,2916818412-00
orientabile M30 tipo golfare,4501408104-00,4067784318-00,2916818412-00
golfare orientabile M36,8301973657-00,2891067891-00,3970194616-00
M36 golfari orientabili,8301973657-00,2891067891-00,3970194616-00
orientabile M36 golfare,8301973657-00,2891067891-00,3970194616-00
golfare orientabile M42,8150398753-00,8059232524-00,4282390587-00
M42 golfare orientabile,8150398753-00,8059232524-00,4282390587-00
orientabile M42 golfare,8150398753-00,8059232524-00,4282390587-00
golfare m48x3 orientabile,3970194616-00,7711131637-00,3474627261-00
m48x3 orientabile golfare,3970194616-00,7711131637-00,3474627261-00
orientabile golfare M48 x 3,3970194616-00,7711131637-00,3474627261-00
golfare orientabile M48x5,8610260368-00,6080942541-00,3292671355-00
M48x5 golfare regolabile,8610260368-00,6080942541-00,3292671355-00
orientabile golfare M48 5,8610260368-00,6080942541-00,3292671355-00
cuscinetto coppia 7919 TAUEP GWN,8349694726-00,3981189670-00,5561728555-00
7919 GWN cuscinetti coppia TAUEP,8349694726-00,3981189670-00,5561728555-00
cuscinetto 7919 TAUEP tipo GWN,8349694726-00,3981189670-00,5561728555-00
cuscinetto singolo 7948B X3TAUEP5,2845499435-00,5173715598-00,1883772598-00
7948B X3TAUEP5 cuscinetto,2845499435-00,5173715598-00,1883772598-00
cuscinetto 7948B singolo X3TAUEP5,2845499435-00,5173715598-00,1883772598-00
cuscinetto 11207,4478587001-00,3090593496-00,3229941575-00
11207 cuscinetti,4478587001-00,3090593496-00,3229941575-00
cuscinetto tipo 11207,4478587001-00,3090593496-00,3229941575-00
cuscinetto anello sottile PLV PBXA 090,1919114371-00,6958437317-00,7417715853-00
cuscinetti PLV PBXA 090 anello sottile,1919114371-00,6958437317-00,7417715853-00
anello sottile cuscinetto PLV tipo PBXA 090,1919114371-00,6958437317-00,7417715853-00
cuscinetto PLV PBXA 105 anello sottile,6711939733-00,4838358893-00,1689776736-00
cuscinetti anello sottile tipo PLV PBXA 105,6711939733-00,4838358893-00,1689776736-00
PLV PBXA105 cuscinetto anello sottile,6711939733-00,4838358893-00,1689776736-00
cuscinetto anello sottile PLV PBXA 115,2322483775-00,7590432131-00,3193792857-00
PLV PBXA 115 cuscinetto anello sottile,2322483775-00,7590432131-00,3193792857-00
cuscinetto 115 PLV anello sottile PBXA,2322483775-00,7590432131-00,3193792857-00
cuscinetto anello sottile PLV PBXU 370,5561728555-00,9358750566-00,2322483775-00
PLV PBXU 370 cuscinetto anello sottile,5561728555-00,9358750566-00,2322483775-00
cuscinetto sottile 370 PBXU PLV,5561728555-00,9358750566-00,2322483775-00
cuscinetto assiale obliquo 234410 BM1/SP sfere,1126995875-00,2963834971-00,5659214768-00
cuscinetto 234410 BM1/SP obliquo assiale,1126995875-00,2963834971-00,5659214768-00
BM1/SP cuscinetto assiale obliquo a sfere 234410,1126995875-00,2963834971-00,5659214768-00
cuscinetto obliquo a sfere BEAS 025057-2RS,4796572961-00,5216498526-00,7417715853-00
BEAS 025057-2RS cuscinetto assiale sfera obliquo,4796572961-00,5216498526-00,7417715853-00
cuscinetto assiale obliquo BEAS 025057-2RS,4796572961-00,5216498526-00,7417715853-00
cuscinetto obliquo sfere BSA 201 CGA assiale,5797442239-00,1390495645-00,2055284905-00
BSA 201 CGA cuscinetto assiale obliquo,5797442239-00,1390495645-00,2055284905-00
cuscinetto assiale BSA 201 CGA a sfere obliquo,5797442239-00,1390495645-00,2055284905-00
cuscinetto obliquo BSA 202 CGA-2RZ sfere assiali,7594985659-00,5218241439-00,2835901561-00
BSA 202 CGA-2RZ cuscinetto assiale obliquo,7594985659-00,5218241439-00,2835901561-00
cuscinetto assiale BSA 202 CGA-2RZ a sfere oblique,7594985659-00,5218241439-00,2835901561-00
cuscinetto assiale obliquo BSA 202 CGA/DBA,6720131488-00,5766840546-00,7534578004-00
BSA 202 CGA/DBA cuscinetto a sfere assiale obl.,6720131488-00,5766840546-00,7534578004-00
cuscinetto assiale obliquo sfere BSA 202 tipo CGA/DBA,6720131488-00,5766840546-00,7534578004-00
cuscinetto BSA 204 CGA/DBA assiale obliquo sfere,5675620078-00,2988200849-00,9151720152-00
BSA 204 CGA DBA cuscinetto assiale obliquo,5675620078-00,2988200849-00,9151720152-00
cuscinetto assiale obliquo a sfere BSA 204 CGA/DBA,5675620078-00,2988200849-00,9151720152-00
cuscinetto assiale obliquo BSA 205 CGA sfere,5429558500-00,5599619248-00,6588151918-00
BSA 205 CGA cuscinetto sfere assiale obliquo,5429558500-00,5599619248-00,6588151918-00
cuscinetto BSA 205 CGA assiale obliquo a sfere,5429558500-00,5599619248-00,6588151918-00
cuscinetto assiale obliquo BSA 208 CGA/DBA,7865149791-00,6805638993-00,3195565534-00
BSA 208 CGA/DBA cuscinetto a sfere assiale obliquo,7865149791-00,6805638993-00,3195565534-00
cuscinetto BSA 208 CGA/DBA oblato a sfere,7865149791-00,6805638993-00,3195565534-00
cuscinetto assiale obliquo BSA 209 CGA/DBA a sfere,8020240760-00,3963962452-00,4562806135-00
BSA 209 CGA/DBA cuscinetto obliquo assiale sfere,8020240760-00,3963962452-00,4562806135-00
BSA 209 cuscinetto assiale obliquo DBA CGA,8020240760-00,3963962452-00,4562806135-00
cuscinetto assiale obliquo ZKLFA1563-2RS sfere,2370411599-00,5191985271-00,9515153013-00
ZKLFA1563-2RS cuscinetto a sfere assiale obliquo,2370411599-00,5191985271-00,9515153013-00
cuscinetto assiale obliquo sfera ZKLFA1563-2RS,2370411599-00,5191985271-00,9515153013-00
cuscinetto assiale obliquo ZKLN2052-2RS sfere,1920622049-00,7303137141-00,6792307074-00
ZKLN2052-2RS cuscinetto assiale obliquo a sfere,1920622049-00,7303137141-00,6792307074-00
cuscinetto assiale obl. ZKLN2052-2RS,1920622049-00,7303137141-00,6792307074-00
cuscinetto obliquo sfere ZKLN2052-2RS-2AP,8188917277-00,3302201450-00,7560065898-00
ZKLN2052-2RS-2AP cuscinetto assiale obliquo,8188917277-00,3302201450-00,7560065898-00
cuscinetto assiale ZKLN2052-2RS-2AP tipo obliquo,8188917277-00,3302201450-00,7560065898-00
cuscinetto obliquo ZKLN2557-2RS-PE assiale a sfere,8988363787-00,8272876416-00,4417015971-00
ZKLN2557-2RS-PE cuscinetto assiale obliquo sfere,8988363787-00,8272876416-00,4417015971-00
cuscinetto assiale ZKLN2557-2RS-PE obliquo a sfere,8988363787-00,8272876416-00,4417015971-00
cuscinetto obliquo ZKLN3062-2RS-PE assiale sfere,3320272936-00,2700123943-00,4921777111-00
assiale ZKLN3062-2RS-PE cuscinetto obliquo a sfere,3320272936-00,2700123943-00,4921777111-00
ZKLN3062-2RS-PE cuscinetto assiale obliquo sfere,3320272936-00,2700123943-00,4921777111-00
cuscinetto obliquo a sfere ZKLN4075-2RS-2AP,2922513175-00,4918161903-00,2008875850-00
ZKLN4075-2RS-2AP cuscinetto assiale obliquo,2922513175-00,4918161903-00,2008875850-00
cuscinetto assiale ZKLN4075 2RS 2AP,2922513175-00,4918161903-00,2008875850-00
cuscinetto assiale obliquo ZKLN5090-2RS-2AP,2859125868-00,6382490436-00,9501685511-00
ZKLN5090-2RS-2AP cuscinetto sfere assiale obliquo,2859125868-00,6382490436-00,9501685511-00
cuscinetto assiale sfere oblique ZKLN5090 2RS 2AP,2859125868-00,6382490436-00,9501685511-00
cuscinetto assiale rulli cilindrici 81104 TN,6161653291-00,9935696508-00,3621748882-00
rulli cilindrici cuscinetto 81104 TN assiale,6161653291-00,9935696508-00,3621748882-00
cuscinetto 81104 TN con una corona di rulli cilindrici,6161653291-00,9935696508-00,3621748882-00
cuscinetto assiale sfera 51100,1429597897-00,6960522247-00,5934919929-00
51100 assiale sferico cuscinetto,1429597897-00,6960522247-00,5934919929-00
cuscinetto 51100 sfera assiale,1429597897-00,6960522247-00,5934919929-00
cuscinetto assiale sfera 51102,3875557124-00,8090921104-00,3923826893-00
51102 cuscinetto sferico assiale,3875557124-00,8090921104-00,3923826893-00
sfera cuscinetto assiale modello 51102,3875557124-00,8090921104-00,3923826893-00
cuscinetto assiale sfera 51103,7567206630-00,6506470874-00,5276410858-00
51103 sfera cuscinetto assiale,7567206630-00,6506470874-00,5276410858-00
cuscinetto 51103 assiale sfera,7567206630-00,6506470874-00,5276410858-00
cuscinetto sferico assiale 51104,7907391950-00,9060437798-00,7608996579-00
51104 cuscinetto assiale sfera,7907391950-00,9060437798-00,7608996579-00
cuscinetto assiale sfera tipo 51104,7907391950-00,9060437798-00,7608996579-00
cuscinetto assiale sfera 51105,8696018241-00,8592696706-00,9228068111-00
51105 cuscinetto sfera assiale,8696018241-00,8592696706-00,9228068111-00
cuscinetto assiale 51105 sfera,8696018241-00,8592696706-00,9228068111-00
cuscinetto assiale sfera 51106,3633336925-00,5116998464-00,2790637539-00
51106 cuscinetto sferico assiale,3633336925-00,5116998464-00,2790637539-00
cuscinetto assiale 51106 sfera,3633336925-00,5116998464-00,2790637539-00
cuscinetto assiale sfera 51107,3420283645-00,3076317177-00,4309921101-00
51107 cuscinetto sferico assiale,3420283645-00,3076317177-00,4309921101-00
cuscinetto assiale 51107 spherical bearing,3420283645-00,3076317177-00,4309921101-00
cuscinetto assiale sfera 51108,3740504429-00,7976283257-00,1843344004-00
51108 cuscinetto assiale sfera,3740504429-00,7976283257-00,1843344004-00
cuscinetto sfera 51108 assiale,3740504429-00,7976283257-00,1843344004-00
cuscinetto assiale sfera 51111,3193792857-00,4563825986-00,8526360040-00
51111 cuscinetto assiale tipo sfera,3193792857-00,4563825986-00,8526360040-00
cuscinetto sfera assiale 51111 specifiche,3193792857-00,4563825986-00,8526360040-00
cuscinetto assiale sfera 51112,1642873948-00,7611904021-00,2922513175-00
cuscinetti assiali sfera modello 51112,1642873948-00,7611904021-00,2922513175-00
51112 cuscinetto assiale sfera,1642873948-00,7611904021-00,2922513175-00
cuscinetto sferico assiale 51120,8059254291-00,8946535786-00,4302709327-00
51120 cuscinetto assiale sfera,8059254291-00,8946535786-00,4302709327-00
sfera assiale 51120 cuscinetto,8059254291-00,8946535786-00,4302709327-00
cuscinetto assiale sfera 51122,5337956037-00,2262609082-00,1785647874-00
cuscinetti assiali sfera 51122,5337956037-00,2262609082-00,1785647874-00
51122 cuscinetto assiale sfera,5337956037-00,2262609082-00,1785647874-00
cuscinetto assiale sfera 51124,1736673130-00,8321833690-00,1461083928-00
51124 cuscinetti sferici assiali,1736673130-00,8321833690-00,1461083928-00
cuscinetto assiale 51124 sfera,1736673130-00,8321833690-00,1461083928-00
cuscinetto assiale a sfere 51130,5962016512-00,2067159406-00,9918136165-00
51130 bearing assiale sfera,5962016512-00,2067159406-00,9918136165-00
cuscinetto 51130 tipo assiale a sfere,5962016512-00,2067159406-00,9918136165-00
cuscinetto assiale 51144 sfera,3929801887-00,9877554164-00,6161653291-00
51144 bearing assiale a sfere,3929801887-00,9877554164-00,6161653291-00
cuscinetto a sfere assiale modello 51144,3929801887-00,9877554164-00,6161653291-00
cuscinetto assiale a sfere 51200,5685286874-00,3683853426-00,1067796670-00
51200 cuscinetto sfera assiale,5685286874-00,3683853426-00,1067796670-00
cuscinetto assiale 51200 sfera,5685286874-00,3683853426-00,1067796670-00
cuscinetto assiale a sfere 51204,8107621338-00,7165977649-00,7659070552-00
51204 cuscinetto sfera assiale,8107621338-00,7165977649-00,7659070552-00
cuscinetti assiali 51204,8107621338-00,7165977649-00,7659070552-00
cuscinetto assiale 51205 sfera,6954730411-00,1461569135-00,9266148795-00
51205 cuscinetto a sfere assiale,6954730411-00,1461569135-00,9266148795-00
cuscinetto sfera assiale tipo 51205,6954730411-00,1461569135-00,9266148795-00
cuscinetto assiale 51305 sfera,3745610842-00,8067527976-00,8981416541-00
51305 bearing assiale a sfere,3745610842-00,8067527976-00,8981416541-00
cuscinetto a sfere assiale tipo 51305,3745610842-00,8067527976-00,8981416541-00
cuscinetto assiale a sfera 51405,9304821899-00,3773597417-00,6480966456-00
51405 cuscinetto sfera assiale,9304821899-00,3773597417-00,6480966456-00
assiale sfera 51405,9304821899-00,3773597417-00,6480966456-00
cuscinetto assiale a sfere 52202,7534578004-00,9650481371-00,7056352833-00
52202 bearing assiale sfera,7534578004-00,9650481371-00,7056352833-00
cuscinetto sfera assiale tipo 52202,7534578004-00,9650481371-00,7056352833-00
cuscinetto assiale a sfere 52204,2835082719-00,1505569972-00,9510775158-00
52204 bearing assiale sfera,2835082719-00,1505569972-00,9510775158-00
cuscinetto 52204 tipo assiale sfera,2835082719-00,1505569972-00,9510775158-00
cuscinetto ax7 s687grw,8535159829-00,6519083481-00,5331200037-00
ax7/s687grw bearing,8535159829-00,6519083481-00,5331200037-00
cuscinetti tipo s687grw ax7,8535159829-00,6519083481-00,5331200037-00
cuscinetto BK3520 codice nuovo 4867102292,8583777362-00,9723645203-00,5945613579-00
sostituzione BK3520 con 4867102292 cuscinetto,8583777362-00,9723645203-00,5945613579-00
cuscinetto 4867102292 ex BK3520,8583777362-00,9723645203-00,5945613579-00
cuscinetto combinato rullini assiale rulli cilindrici nkxr 50 z,5819118999-00,7604168415-00,7971238139-00
nkxr 50z cuscinetto rullini/rulli combinato,5819118999-00,7604168415-00,7971238139-00
cuscinetto nkxr50 z combinato assiale a rulli cilindrici,5819118999-00,7604168415-00,7971238139-00
cuscinetto rullini assiale a sfere NKIB 5906,7652035392-00,9084731867-00,2506733412-00
combinato rullini sfera nkib5906,7652035392-00,9084731867-00,2506733412-00
cuscinetto combinato NKIB 5906 rullini/sfera,7652035392-00,9084731867-00,2506733412-00
cuscinetto combinato rullini/sfera NKIB5910,2798380832-00,6889923705-00,4725934533-00
cuscinetto rullini assiale sfere nkib 5910,2798380832-00,6889923705-00,4725934533-00
NKIB 5910 cuscinetto comb. a rullini e sfere,2798380832-00,6889923705-00,4725934533-00
cuscinetto combinato rullini sfera nkx15,6506566613-00,5627782037-00,7649021906-00
nkx 15 cuscinetto rullini/assiale a sfere,6506566613-00,5627782037-00,7649021906-00
cuscinetto comb. a rullini-sfera NKX 15,6506566613-00,5627782037-00,7649021906-00
cuscinetto combinato rullini sfera NKX 35,1087482974-00,1698692338-00,9918136165-00
cuscinetto a rullini/assiale sfera NKX35,1087482974-00,1698692338-00,9918136165-00
NKX 35 cuscinetto comb. rullini assiale a sfere,1087482974-00,1698692338-00,9918136165-00
cuscinetto combinato rullini sfera NKX40,2833252741-00,6915280749-00,2733673304-00
cuscinetto a rullini/assiale sfere nkx 40,2833252741-00,6915280749-00,2733673304-00
NKX 40 cuscinetto combinato a rullini e sfere,2833252741-00,6915280749-00,2733673304-00
combinato rullini/sfera nkx 50 z,6792307074-00,4050287682-00,5879115229-00
cuscinetto nkx50z rullini assiale sfere,6792307074-00,4050287682-00,5879115229-00
cuscinetto combinato a rullini sfera NKX 50 Z,6792307074-00,4050287682-00,5879115229-00
cuscinetto combinato rullini assiale sfere NKX 60,5256096413-00,3083433426-00,8161850682-00
NKX 60 cuscinetto rullini-sfera,5256096413-00,3083433426-00,8161850682-00
cuscinetto comb. a rullini/sfera assiale NKX60,5256096413-00,3083433426-00,8161850682-00
cuscinetto combinato rullini sfera nx20z,3229941575-00,8629637526-00,3195565534-00
nx 20 z cuscinetto combinato rullini/assiale a sfere,3229941575-00,8629637526-00,3195565534-00
cuscinetto assiale sfere rullini nx 20 z,3229941575-00,8629637526-00,3195565534-00
cuscinetto kvr fpcb 1000,5277900050-00,8106800184-00,3628132510-00
fpcb1000 cuscinetti KVR,5277900050-00,8106800184-00,3628132510-00
kvr cuscinetto modello fpcb 1000,5277900050-00,8106800184-00,3628132510-00
cuscinetto eku crbh25025a uut1 p6,2578136163-00,8027067171-00,7594985659-00
crbh 25025 a uut1 eku p6 bearing,2578136163-00,8027067171-00,7594985659-00
eku cuscinetto p6 crbh25025a uut1,2578136163-00,8027067171-00,7594985659-00
cuscinetto eku crbh7013a uut1 p5,9380813905-00,9697102750-00,8620546313-00
eku crbh 7013a p5 uut1,9380813905-00,9697102750-00,8620546313-00
cuscinetto crbh7013a/p5 uut1 eku,9380813905-00,9697102750-00,8620546313-00
eku crbh9016a uut1 p5 cuscinetto,8244490406-00,6643383016-00,3420283645-00
cuscinetto p5 eku crbh 9016 a uut1,8244490406-00,6643383016-00,3420283645-00
crbh 9016a uut1 eku p5 bearing,8244490406-00,6643383016-00,3420283645-00
ekucrbhv5013a uut1 p5 cuscinetto,3905666343-00,7711131637-00,8201515478-00
cuscinetto eku modello crbhv5013a uut1/p5,3905666343-00,7711131637-00,8201515478-00
eku crbhv 5013 a uut1 precisione p5 cuscinetto,3905666343-00,7711131637-00,8201515478-00
cuscinetto elementi velmor lel 0400,2767523756-00,3901147993-00,8979284849-00
lel 0400 velmor cuscinetto componenti,2767523756-00,3901147993-00,8979284849-00
cuscinetto velmor modello lel0400,2767523756-00,3901147993-00,8979284849-00
cuscinetto velmor lel 0440,4532257943-00,7013411208-00,8188917277-00
elementi velmor lel0440 cuscinetto,4532257943-00,7013411208-00,8188917277-00
lel 0440 cuscinetto a elementi velmor,4532257943-00,7013411208-00,8188917277-00
cuscinetto velmor LEL0450,2506733412-00,1946388169-00,1269372122-00
elementi velmor lel 0450,2506733412-00,1946388169-00,1269372122-00
cuscinetto tipo LEL 0450 velmmor,2506733412-00,1946388169-00,1269372122-00
cuscinetto elementi velmor lel0490,5496994079-00,4410646567-00,7652035392-00
velmor lel 0490 cuscinetto elementi,5496994079-00,4410646567-00,7652035392-00
cuscinetto lel-0490 velmor,5496994079-00,4410646567-00,7652035392-00
cuscinetto velmor lel 0490 elementi,5496994079-00,9910910852-00,2913148877-00
elemento cuscinetto lel0490 VELMOR,5496994079-00,9910910852-00,2913148877-00
velmor lel 0490 cuscinetti,5496994079-00,9910910852-00,2913148877-00
cuscinetto velmor lel 0530,1258316254-00,3633311233-00,2720683655-00
elementi velmor lel0530 cuscinetti,1258316254-00,3633311233-00,2720683655-00
lel 0530 bearing velmor,1258316254-00,3633311233-00,2720683655-00
cuscinetto velmor lel0570,9510775158-00,1132975697-00,2607022206-00
elementi velmor lel 0570,9510775158-00,1132975697-00,2607022206-00
cuscinetto mod. lel 0570 velmmor,9510775158-00,1132975697-00,2607022206-00
cuscinetto velmor lel 0570 elementi,9510775158-00,8321833690-00,5674192739-00
cuscinetto elementi lel0570 velmor,9510775158-00,8321833690-00,5674192739-00
velmor lel 0570 cuscinetto a elementi,9510775158-00,8321833690-00,5674192739-00
cuscinetto elementi velmor lel0760,4309921101-00,5509206431-00,7079399658-00
velmor lel 0760 cuscinetto,4309921101-00,5509206431-00,7079399658-00
cuscinetto LEL-0760 elementi velmor,4309921101-00,5509206431-00,7079399658-00
cuscinetto velmor lel0920,8249556098-00,3455590283-00,5079219078-00
elementi velmor tipo lel 0920 cuscinetto,8249556098-00,3455590283-00,5079219078-00
cuscinetto lel 0920 velmor,8249556098-00,3455590283-00,5079219078-00
cuscinetto velmor LEL 1020 elementi,1705888698-00,3983001081-00,3309987938-00
LEL1020 cuscinetti a elementi Velmor,1705888698-00,3983001081-00,3309987938-00
cuscinetto elementi modello LEL 1020 velmmor,1705888698-00,3983001081-00,3309987938-00
cuscinetto velmor lel 1080 elementi,8075449217-00,9875853252-00,1843344004-00
lel1080 cuscinetto a elementi velmor,8075449217-00,9875853252-00,1843344004-00
cuscinetto velmor tipo lel 1080,8075449217-00,9875853252-00,1843344004-00
velmor lel4-0520 cuscinetto elementi,7971238139-00,7453588100-00,4867102292-00
cuscinetto elementi modello LEL4-0520 Velmor,7971238139-00,7453588100-00,4867102292-00
LEL4-0520 VELMOR cuscinetto,7971238139-00,7453588100-00,4867102292-00
cuscinetto velmor lel5-0640 elementi,2733673304-00,7124833478-00,3789444311-00
lel5-0640 cuscinetto a elementi velmor,2733673304-00,7124833478-00,3789444311-00
cuscinetto elementi modello lel5-0640 velmor,2733673304-00,7124833478-00,3789444311-00
velmor lel5-0760 elementi cuscinetto,2370892415-00,2156921915-00,3195233039-00
cuscinetto serie LEL5-0760 VELMOR,2370892415-00,2156921915-00,3195233039-00
LEL5-0760 VELMOR cuscinetto elementi,2370892415-00,2156921915-00,3195233039-00
cuscinetto KD210 TY21/520.0 Korbe Halm,2231226859-00,7934338423-00,9824739935-00
KD 210 TY 21/520.0 cuscinetto Korbe Halm,2231226859-00,7934338423-00,9824739935-00
Korbe Halm cuscinetto tipo KD 210 TY 21/520.0,2231226859-00,7934338423-00,9824739935-00
cuscinetto obliquo BSA 202 CGA-2RZ/QBCA,5659214768-00,9692707642-00,9941168753-00
BSA202 CGA-2RZ/QBCA cuscinetto obliquo,5659214768-00,9692707642-00,9941168753-00
cuscinetto angolare codice CGA-2RZ/QBCA BSA 202,5659214768-00,9692707642-00,9941168753-00
cuscinetto obliquo sfera 7002 cdga/p4adga,4007447862-00,9029186452-00,7540520705-00
7002cdga/p4adga cuscinetto obliquo a sfere,4007447862-00,9029186452-00,7540520705-00
cuscinetti a sfere obliqui sigla 7002 CDGA/P4ADGA,4007447862-00,9029186452-00,7540520705-00
cuscinetto obliquo a sfere 71914 ACD/P4ADBA,9167644979-00,3438146950-00,9588849110-00
71914ACD/P4ADBA cuscinetto sfera obliquo,9167644979-00,3438146950-00,9588849110-00
cuscinetti obliqui sfera serie 71914 ACD P4ADBA,9167644979-00,3438146950-00,9588849110-00
cuscinetto obliquo a sfere 7206 CDGA/P4AQGA,4386762078-00,2104984653-00,2845499435-00
7206cdga/p4aqga cuscinetto sfera obliquo,4386762078-00,2104984653-00,2845499435-00
obliqui 7206 CDGA P4AQGA cuscinetti a sfere,4386762078-00,2104984653-00,2845499435-00
cuscinetto a sfere obliquo 7303 BEP,4930835243-00,4235970721-00,8021852651-00
7303bep cuscinetto obliquo sfera,4930835243-00,4235970721-00,8021852651-00
cuscinetti obliqui sfere modello 7303 BEP,4930835243-00,4235970721-00,8021852651-00
s7014 acdga/p4a cuscinetto obliquo a sfere,6749247184-00,5590080186-00,5256096413-00
cuscinetto a sfere obliquo S7014ACDGA P4A,6749247184-00,5590080186-00,5256096413-00
s7014acdga/p4a cuscinetti obliqui sfera,6749247184-00,5590080186-00,5256096413-00
cuscinetto a sfere obliquo S71914 ACDGA/P4A,9827472106-00,9681950978-00,3301113478-00
S71914ACDGA/P4A cuscinetto obliquo di precisione,9827472106-00,9681950978-00,3301113478-00
obliquo sfera S71914 ACDGA P4A,9827472106-00,9681950978-00,3301113478-00
s71919 acdga/p4a cuscinetto obliquo a sfere,2873874475-00,3196966778-00,8526360040-00
cuscinetto a sfere oblique S71919 ACDGA P4A,2873874475-00,3196966778-00,8526360040-00
obliquo sfera cuscinetto S71919/ACDGA-P4A,2873874475-00,3196966778-00,8526360040-00
cuscinetto obliquo sfere 71948 cdga/p4adga,6615563785-00,3625233948-00,1063362084-00
71948cdga p4adga cuscinetto sfere obliquo,6615563785-00,3625233948-00,1063362084-00
cuscinetto 71948 CDGA P4ADGA obliquo sfera,6615563785-00,3625233948-00,1063362084-00
cuscinetto sfera obliquo 71948 cdgb p4adga,6952320784-00,3047152691-00,6526985464-00
71948 cdgb/p4adga cuscinetto obliquo a sfera,6952320784-00,3047152691-00,6526985464-00
bearing oblique ball 71948 cdgb p4adga sfera,6952320784-00,3047152691-00,6526985464-00
cuscinetto sfera obliquo 3201 2c atn9,3589328560-00,4141074622-00,7241073437-00
3201 atn9 cuscinetto obliquo a sfera 2c,3589328560-00,4141074622-00,7241073437-00
cuscinetto 2c obliquo tipo sfera modello 3201 atn9,3589328560-00,4141074622-00,7241073437-00
cuscinetto a sfera obliquo 3204 2c a-2rs1,8201515478-00,7934338423-00,2001314721-00
3204 a-2rs1 cuscinetto obliquo 2c sfera,8201515478-00,7934338423-00,2001314721-00
cuscinetto 3204 2c sfera a-2rs1 obliquo,8201515478-00,7934338423-00,2001314721-00
cuscinetto obliquo 2C sfera 3204 ATN9,7280147626-00,1760470605-00,2683054798-00
3204 ATN9 cuscinetto a sfera obliquo 2C,7280147626-00,1760470605-00,2683054798-00
cuscinetto sfera 3204 ATN9 tipo 2C obliquo,7280147626-00,1760470605-00,2683054798-00
cuscinetto obliquo sfera 3205 2c atn9,9010947482-00,6198473236-00,4389349426-00
3205 atn9 cuscinetto a sfera obliquo 2c,9010947482-00,6198473236-00,4389349426-00
oblique ball bearing 3205 2c atn9 cuscinetto sfera,9010947482-00,6198473236-00,4389349426-00
cuscinetto a sfere obliquo 3206 2c atn9,4736528681-00,9534081164-00,2401035377-00
3206 atn9 cuscinetto obliquo sfera 2c,4736528681-00,9534081164-00,2401035377-00
cuscinetto obliquo 2c tipo sfera 3206 atn9,4736528681-00,9534081164-00,2401035377-00
cuscinetto obliquo sfera 3207 2c atn9 dimensioni,8226467110-00,6600153617-00,9510775158-00
3207 atn9 cuscinetto a sfere obliquo 2c,8226467110-00,6600153617-00,9510775158-00
2c sfera cuscinetto obliquo 3207 modello atn9,8226467110-00,6600153617-00,9510775158-00
cuscinetto obliquo sfere 2 corsie 3212 atn9,3664767599-00,6429617186-00,1323236359-00
3212 atn9 cuscinetto obliquo a sfera doppia corona,3664767599-00,6429617186-00,1323236359-00
cuscinetto a sfera obliquo 2c modello 3212 atn9,3664767599-00,6429617186-00,1323236359-00
cuscinetto obliquo sfera 3304 2C ATN9,2693880860-00,7767416194-00,3810906932-00
3304 ATN9 cuscinetto sfera obliquo 2C,2693880860-00,7767416194-00,3810906932-00
cuscinetto 3304 2C obliquo a sfere ATN9,2693880860-00,7767416194-00,3810906932-00
cuscinetto sfera obliquo 3305 2c atn9,3166847823-00,3747273143-00,3152553412-00
3305 atn9 cuscinetto obliquo a sfera 2c,3166847823-00,3747273143-00,3152553412-00
cuscinetto obliquo 2c tipo sfera modello 3305 atn9,3166847823-00,3747273143-00,3152553412-00
cuscinetto sfera obliquo 2C 3307 ATN9,1454292720-00,4563825986-00,8107621338-00
3307 2C atn9 cuscinetto obliquo a sfera,1454292720-00,4563825986-00,8107621338-00
cuscinetto obliquo 3307 sfera 2C modello ATN9,1454292720-00,4563825986-00,8107621338-00
cuscinetto sfera obliquo 2c 3308 atn9,5178196899-00,8206709094-00,2359786082-00
3308 atn9 cuscinetto obliquo a sfera 2c,5178196899-00,8206709094-00,2359786082-00
cuscinetto obliquo 2c modello 3308 atn9 sfera,5178196899-00,8206709094-00,2359786082-00
cuscinetto obliquo sfera 3309 2C ATN9,3056222605-00,6529064708-00,8535159829-00
3309 ATN9 cuscinetto a sfera obliquo 2C,3056222605-00,6529064708-00,8535159829-00
cuscinetto 2C sfera obliquo modello 3309 ATN9,3056222605-00,6529064708-00,8535159829-00
cuscinetto sfera obliquo 3204 atn9 c2,2830358974-00,1861548310-00,4301909287-00
3204 atn9/c2 cuscinetto obliquo a sfera,2830358974-00,1861548310-00,4301909287-00
cuscinetto a sfera obliquo modello 3204 atn9 c2,2830358974-00,1861548310-00,4301909287-00
cuscinetto obliquo 3205 atn9/c2 sfera,6779624979-00,4659010223-00,7090571037-00
3205 ATN9/C2 cuscinetto a sfera obliquo,6779624979-00,4659010223-00,7090571037-00
cuscinetto sfera obliquo modello 3205 ATN9 C2,6779624979-00,4659010223-00,7090571037-00
cuscinetto sfera obliquo 3205-2rs acciaio inox,1455229100-00,9387064486-00,5561728555-00
3205-2rs cuscinetto obliquo sferico inox,1455229100-00,9387064486-00,5561728555-00
cuscinetto obliquo sfera 3205 2rs inox ricambio,1455229100-00,9387064486-00,5561728555-00
cuscinetto obliquo a sfera 4204-2rs acciaio inox,1402897100-00,1515743851-00,3200232652-00
4204-2rs cuscinetto sfera obliquo inox,1402897100-00,1515743851-00,3200232652-00
cuscinetto 4204 2rs obliquo in inox sfera,1402897100-00,1515743851-00,3200232652-00
cuscinetto obliquo a sfera 7000 ACD P4ADBC,8981416541-00,8286072537-00,2055284905-00
7000 ACD/P4ADBC cuscinetto sfera obliquo,8981416541-00,8286072537-00,2055284905-00
cuscinetto a sfere obliquo modello 7000 ACD P4ADBC,8981416541-00,8286072537-00,2055284905-00
cuscinetto sfera obliquo 7001 acd p4adb c,7176768192-00,6485532333-00,3810906932-00
7001 ACD/P4ADBC cuscinetto obliquo a sfera,7176768192-00,6485532333-00,3810906932-00
cuscinetto obliquo a sfere modello 7001 ACD/P4ADBC,7176768192-00,6485532333-00,3810906932-00
cuscinetto sfera obliquo 7004 CD P4 ADGA,2215866549-00,6267553235-00,1500848500-00
7004 cd/p4adga cuscinetto obliquo a sfera,2215866549-00,6267553235-00,1500848500-00
cuscinetto obliquo modello 7004 cd p4adga sfera,2215866549-00,6267553235-00,1500848500-00
cuscinetto obliquo a sfera 7005 CD P4 ADGA,3931415237-00,1507127156-00,1402897100-00
7005 CD/P4ADGA cuscinetto obliquo sfera,3931415237-00,1507127156-00,1402897100-00
sfera cuscinetto obliquo 7005CD P4 ADGA,3931415237-00,1507127156-00,1402897100-00
cuscinetto 7006 cd/p4adga obliquo a sfera,1368938831-00,7745825410-00,2179472331-00
7006 cd/p4adga cuscinetto obliquo sfera,1368938831-00,7745825410-00,2179472331-00
oblique ball bearing 7006 cd/p4adga cuscinetto sferico,1368938831-00,7745825410-00,2179472331-00
cuscinetto 7007 cd/p4adga a sfere oblique,6313759283-00,5897638051-00,8107621338-00
7007 cd/p4adga cuscinetto sfera obliquo precisione p4,6313759283-00,5897638051-00,8107621338-00
sfera obliquo cuscinetto 7007 cd p4adga alta precisione,6313759283-00,5897638051-00,8107621338-00
cuscinetto sfera obliquo 7008 cd p4adga,5567905514-00,7954596083-00,4438679634-00
cuscinetto 7008 obliquo sferico cd/p4adga,5567905514-00,7954596083-00,4438679634-00
7008 cd p4adga cuscinetto sfera obliquo,5567905514-00,7954596083-00,4438679634-00
cuscinetto sfera obliquo 7008 cd p4adga,5567905514-00,8103144553-00,9741033403-00
7008 cd p4adga cuscinetto obliquo a sfera,5567905514-00,8103144553-00,9741033403-00
cuscinetto obliquo sferico 7008 cd/p4adga,5567905514-00,8103144553-00,9741033403-00
cuscinetto sfera obliquo 7009 cd/p4adga,3664296603-00,3065840761-00,9051475783-00
7009 cuscinetto obliquo a sfere cd/p4adga,3664296603-00,3065840761-00,9051475783-00
cuscinetto 7009 cd/p4adga obliquo sferico,3664296603-00,3065840761-00,9051475783-00
cuscinetto sfera obliquo 7010 ACD/P4ADBA,6752477895-00,7778606307-00,5610238284-00
cuscinetto 7010 acd p4adba sfera obliquo,6752477895-00,7778606307-00,5610238284-00
7010 acd/p4adba cuscinetto obliquo a sfera,6752477895-00,7778606307-00,5610238284-00
cuscinetto a sfere obliquo 7010 cd/p4adga,5960374337-00,8080636197-00,7601389897-00
7010 cd p4 adga cuscinetto sfera obliquo,5960374337-00,8080636197-00,7601389897-00
obliquo sfera 7010 cuscinetto cd/p4adga,5960374337-00,8080636197-00,7601389897-00
cuscinetto a sfera obliquo 7011 ACD P4A,6919265037-00,4403967100-00,2401035377-00
cuscinetto obliquo sferico modello 7011 ACD/P4A,6919265037-00,4403967100-00,2401035377-00
7011 ACD P4A cuscinetto obliquo a sfera sferico,6919265037-00,4403967100-00,2401035377-00
cuscinetto obliquo a sfera 7013 cd/p4adga,3912035463-00,1895841627-00,1705888698-00
7013 cd/p4adga cuscinetto sfera obliquo,3912035463-00,1895841627-00,1705888698-00
cuscinetto obliquo sfera modello 7013 cd/p4adga,3912035463-00,1895841627-00,1705888698-00
cuscinetto a sfera obliquo 71905 cd/p4a,5787199712-00,6692325649-00,6877469816-00
71905 cd/p4a cuscinetto obliquo sferico,5787199712-00,6692325649-00,6877469816-00
71905 cuscinetto obliquo a sfera cd/p4a,5787199712-00,6692325649-00,6877469816-00
cuscinetto obliquo a sfera 71907 cdga p4a,5218800597-00,3269654436-00,7688968790-00
71907 cdga/p4a cuscinetto sfera obliquo,5218800597-00,3269654436-00,7688968790-00
cuscinetto sferico obliquo 71907 cdga p4a,5218800597-00,3269654436-00,7688968790-00
cuscinetto obliquo a sfera 71908 cd/p4adga,6342300634-00,1219752306-00,8813172774-00
71908 cd/p4adga cuscinetto sfera obliquo,6342300634-00,1219752306-00,8813172774-00
cuscinetto a sfera obliquo modello 71908 cd/p4adga,6342300634-00,1219752306-00,8813172774-00
cuscinetto obliquo a sfera 7201 bep,3789444311-00,4428142357-00,7417715853-00
7201 BEP cuscinetto a sfere obliquo,3789444311-00,4428142357-00,7417715853-00
oblique ball bearing 7201 bep cuscinetto sfera,3789444311-00,4428142357-00,7417715853-00
cuscinetto obliquo a sfera 7201 cd/p4adaga,5331200037-00,6889923705-00,3152553412-00
7201 cd/p4adaga cuscinetto sferico obliquo,5331200037-00,6889923705-00,3152553412-00
cuscinetto 7201 obliquo sfera cd p4adaga,5331200037-00,6889923705-00,3152553412-00
cuscinetto sfera obliquo 7204 bep,9116099346-00,6119538160-00,6313759283-00
7204 bep cuscinetto obliquo a sfera,9116099346-00,6119538160-00,6313759283-00
cuscinetto obliquo sferico 7204bep,9116099346-00,6119538160-00,6313759283-00
cuscinetto sfera obliquo 7204 cd/p4adga,7981958136-00,8913245598-00,4321444789-00
7204 cuscinetto obliquo sferico cd/p4adga,7981958136-00,8913245598-00,4321444789-00
cuscinetto sferico obliquo 7204 cd p4adga,7981958136-00,8913245598-00,4321444789-00
cuscinetto obliquo a sfera 7204 cd/p4adga,7981958136-00,9452727936-00,2683054798-00
7204 cd/p4adga cuscinetto sferico obliquo,7981958136-00,9452727936-00,2683054798-00
oblique ball bearing 7204 cd/p4adga sfera,7981958136-00,9452727936-00,2683054798-00
cuscinetto a sfera obliquo 7205 BEP,5823862226-00,6630654982-00,6674044697-00
7205 BEP cuscinetto obliquo sferico,5823862226-00,6630654982-00,6674044697-00
cuscinetto obliquo sfera modello 7205 BEP,5823862226-00,6630654982-00,6674044697-00
cuscinetto sferico obliquo 7205 cd p4adga,3939779254-00,7476166945-00,6952320784-00
7205 cd/p4adga cuscinetto obliquo a sfera,3939779254-00,7476166945-00,6952320784-00
cuscinetto obliquo a sfera modello 7205 cd p4adga,3939779254-00,7476166945-00,6952320784-00
cuscinetto sfera obliquo 7206 cd/p4adga,2969832734-00,4743934823-00,9275195001-00
7206 cd/p4adga cuscinetto obliquo a sfera,2969832734-00,4743934823-00,9275195001-00
cuscinetto obliquo sferico 7206 cd p4adga,2969832734-00,4743934823-00,9275195001-00
cuscinetto sfera obliquo 7207 cd p4adga,3844212784-00,2925324885-00,8690964237-00
7207 cd/p4adga cuscinetto obliquo a sfera,3844212784-00,2925324885-00,8690964237-00
cuscinetto obliquo a sfera modello 7207 cd p4adga,3844212784-00,2925324885-00,8690964237-00
cuscinetto obliquo a sfera 7208 cd/p4adga,3301044811-00,9520903464-00,3628132510-00
7208 cd/p4adga cuscinetto sferico obliquo,3301044811-00,9520903464-00,3628132510-00
cuscinetto a sfera obliquo 7208 cd p4adga,3301044811-00,9520903464-00,3628132510-00
cuscinetto obliquo a sfera 7210 be 2rzp,9636694855-00,6529064708-00,6161653291-00
7210 be-2rzp cuscinetto obliquo sfera,9636694855-00,6529064708-00,6161653291-00
cuscinetto 7210 be-2rzp obliquo a sfera,9636694855-00,6529064708-00,6161653291-00
cuscinetto sfera obliquo 7210 cd/p4adga,7083538772-00,3904441491-00,1087482974-00
oblique ball bearing 7210 cd p4adga,7083538772-00,3904441491-00,1087482974-00
7210cd p4adga cuscinetto a sfera obliquo,7083538772-00,3904441491-00,1087482974-00
cuscinetto sfera obliquo 7213 ACDGA P4A,8526360040-00,1360735004-00,7688968790-00
7213 ACDGA P4A cuscinetto obliquo a sfera,8526360040-00,1360735004-00,7688968790-00
7213 cuscinetto obliquo sferico ACDGA P4A,8526360040-00,1360735004-00,7688968790-00
cuscinetto sfera obliquo 7213 ACDGA/P4A,8526360040-00,1791112940-00,6952320784-00
7213 ACDGA/P4A cuscinetto obliquo a sfera,8526360040-00,1791112940-00,6952320784-00
cuscinetto 7213 ACDGA P4A obliquo sferico,8526360040-00,1791112940-00,6952320784-00
cuscinetto sfera obliquo 7215 bep,1046311721-00,6600153617-00,7564947432-00
7215 bep cuscinetto obliquo a sfere,1046311721-00,6600153617-00,7564947432-00
obliquo sfera cuscinetto 7215bep,1046311721-00,6600153617-00,7564947432-00
cuscinetto obliquo a sfere 7216 BEP,1487938653-00,3650234567-00,9266148795-00
7216 BEP cuscinetto a sfere obliquo,1487938653-00,3650234567-00,9266148795-00
cuscinetto sfera tipo obliquo modello 7216 BEP,1487938653-00,3650234567-00,9266148795-00
cuscinetto sfera obliquo 7305 BECBP,3385366022-00,5652404820-00,8690964237-00
7305 BECBP cuscinetto sferico obliquo,3385366022-00,5652404820-00,8690964237-00
cuscinetto obliquo a sfera modello 7305 BECBP,3385366022-00,5652404820-00,8690964237-00
cuscinetto sfera obliquo s7006 cdga p4a,4313510383-00,4937698724-00,7450112541-00
s7006 cdga/p4a cuscinetto obliquo a sfera,4313510383-00,4937698724-00,7450112541-00
cuscinetto obliquo sferico modello s7006 cdga p4a,4313510383-00,4937698724-00,7450112541-00
cuscinetto sferico obliquo s7008 cdga p4a,8099456195-00,9775450433-00,6314452072-00
s7008 cdga/p4a cuscinetto a sfere obliquo,8099456195-00,9775450433-00,6314452072-00
cuscinetto obliquo sferico tipo s7008 cdga p4a,8099456195-00,9775450433-00,6314452072-00
cuscinetto a sfera obliquo s7010 cdga p4a,2008875850-00,1052315420-00,8501258214-00
s7010 cdga/p4a cuscinetto obliquo con sfere,2008875850-00,1052315420-00,8501258214-00
cuscinetto obliquo sfera modello s7010 cdga p4a,2008875850-00,1052315420-00,8501258214-00
cuscinetto obliquo a sfere s7014 acdga p4a,1096993174-00,2028041505-00,9304821899-00
s7014 cuscinetto a sfera obliquo acdga p4a,1096993174-00,2028041505-00,9304821899-00
oblique ball bearing s7014 acdga p4a cuscinetto,1096993174-00,2028041505-00,9304821899-00
cuscinetto obliquo sfera s7015 acdga p4a,8204973030-00,8758900044-00,7333334677-00
s7015 acdga/p4a cuscinetto a sfera obliquo,8204973030-00,8758900044-00,7333334677-00
cuscinetto a sfere obliquo s7015 ACDGA P4A,8204973030-00,8758900044-00,7333334677-00
cuscinetto sfera obliquo s7209 acdga p4a,9941168753-00,1009800385-00,4966456272-00
s7209 acdga p4a cuscinetto obliquo a sfera,9941168753-00,1009800385-00,4966456272-00
cuscinetto obliquo tip s7209 acdga/p4a sfera,9941168753-00,1009800385-00,4966456272-00
cuscinetto orientale BS2-2212-2RS/VT143,3044100751-00,2210052713-00,3409610748-00
BS2-2212-2RS VT143 cuscinetto orient,3044100751-00,2210052713-00,3409610748-00
cuscinetto orient BS2 2212 2RS VT143,3044100751-00,2210052713-00,3409610748-00
cuscinetto orientabile a rulli modello 22205/20 E,8161850682-00,2506823247-00,8107621338-00
22205/20 E cuscinetto rullini orientabile,8161850682-00,2506823247-00,8107621338-00
orientable roller bearing 22205/20 E cuscinetto rulli,8161850682-00,2506823247-00,8107621338-00
cuscinetto a rulli orientabile modello 22207 E,8979284849-00,6159899080-00,2322483775-00
22207 E cuscinetto orient. rulli,8979284849-00,6159899080-00,2322483775-00
orientabile rulli cuscinetto 22207 E,8979284849-00,6159899080-00,2322483775-00
cuscinetto orientabile a rulli modello 22207 EK,4956672336-00,5594889711-00,2118591654-00
22207 EK cuscinetto rulli orientabili,4956672336-00,5594889711-00,2118591654-00
cuscinetto rulli orientabile 22207 EK tipo EK,4956672336-00,5594889711-00,2118591654-00
cuscinetto a rulli orientabile modello 22208 E,3409610748-00,5878864569-00,5621744151-00
22208 E cuscinetto orientabile rullini,3409610748-00,5878864569-00,5621744151-00
cuscinetto orientabile rulli 22208 E tipo E,3409610748-00,5878864569-00,5621744151-00
cuscinetto orientabile a rulli 22210 E,7857794706-00,2995356510-00,2890825468-00
rullo cuscinetto orient e 22210,7857794706-00,2995356510-00,2890825468-00
cuscinetto rulli modello 22210 E orientabile,7857794706-00,2995356510-00,2890825468-00
cuscinetto a rulli orientabile 22211 EJ/W33,7028139230-00,4547644032-00,5675620078-00
22211 EJ/W33 cuscinetto orientabile rulli,7028139230-00,4547644032-00,5675620078-00
bearing orientabile rulli codice 22211 EJ/W33,7028139230-00,4547644032-00,5675620078-00
cuscinetto a rulli orientabili modello 22213 EK,1748309131-00,9064006634-00,8583777362-00
22213 EK cuscinetto orientabile rulli,1748309131-00,9064006634-00,8583777362-00
rulli orientabile cuscinetto 22213 EK,1748309131-00,9064006634-00,8583777362-00
cuscinetto orientabile rulli modello 22216 E,2010439133-00,2743205990-00,3056222605-00
22216 E cuscinetto a rulli orient.,2010439133-00,2743205990-00,3056222605-00
cuscinetto rulli orientabile 22216 E E,2010439133-00,2743205990-00,3056222605-00
cuscinetto orientabile a rulli modello 22216 EK,4921777111-00,7762471396-00,4317402654-00
22216 EK cuscinetto a rulli orientabili,4921777111-00,7762471396-00,4317402654-00
cuscinetto rulli orientabili 22216 EK tipo EK,4921777111-00,7762471396-00,4317402654-00
cuscinetto a rulli orientabili modello 23028 CC/W33,8635651210-00,5675130171-00,2569431920-00
23028 CC/W33 cuscinetto orientabile rulli,8635651210-00,5675130171-00,2569431920-00
rulli orientabili cuscinetto 23028 CC/W33 type,8635651210-00,5675130171-00,2569431920-00
cuscinetto orientabile rulli 23030 cc/w33,1843344004-00,8153096555-00,4807745763-00
23030 CC/W33 cuscinetto a rulli orientabile,1843344004-00,8153096555-00,4807745763-00
orient Bearing rulli 23030 CC/W33,1843344004-00,8153096555-00,4807745763-00
cuscinetto rulli orientabile 23218 CCK/W33,9324563672-00,1826420970-00,1126995875-00
23218 CCK/W33 cuscinetto orientabile a rulli,9324563672-00,1826420970-00,1126995875-00
orientabile rulli cuscinetto 23218 CCK/W33,9324563672-00,1826420970-00,1126995875-00
cuscinetto orientabile a sfera 1214 ETN9,8501258214-00,2963834971-00,7707915166-00
cuscinetto sfera orientabile 1214 ETN9,8501258214-00,2963834971-00,7707915166-00
cuscinetto sfere orientabile tipo 1214 ETN9,8501258214-00,2963834971-00,7707915166-00
cuscinetto orientabile a sfera 2204 e-2rs1tn9,7608996579-00,8224343365-00,2561394108-00
2204 e-2rs1tn9 cuscinetto sfera orientabile,7608996579-00,8224343365-00,2561394108-00
cuscinetto sferico orient 2204 e 2rs1tn9,7608996579-00,8224343365-00,2561394108-00
cuscinetto radiale a sfera 4200 atn9 2c,2561394108-00,2080562227-00,4478587001-00
4200 atn9 2c cuscinetto sferico radiale,2561394108-00,2080562227-00,4478587001-00
cuscinetto radiale 2c sfera tipo 4200 atn9,2561394108-00,2080562227-00,4478587001-00
cuscinetto radiale a sfera 4204 atn9 2c,5879115229-00,2394479755-00,6314452072-00
4204 atn9 cuscinetto radiale 2c sfera,5879115229-00,2394479755-00,6314452072-00
cuscinetto 4204 sfera radiale 2c modello atn9,5879115229-00,2394479755-00,6314452072-00
cuscinetto radiale a sfera 16004,1376946622-00,8958626885-00,3325422228-00
cuscinetto 16004 radiale sfere,1376946622-00,8958626885-00,3325422228-00
sfere cuscinetto radiale modello 16004,1376946622-00,8958626885-00,3325422228-00
cuscinetto radiale a sfere 16007,6586389960-00,2952509661-00,4321444789-00
16007 cuscinetto sfera radiale,6586389960-00,2952509661-00,4321444789-00
cuscinetto sferico radiale modello 16007,6586389960-00,2952509661-00,4321444789-00
cuscinetto radiale a sfera 6000-2rsh,1771445207-00,3104574808-00,2835901561-00
cuscinetto 6000-2rsh radiale sferico sigillato,1771445207-00,3104574808-00,2835901561-00
6000-2rsh cuscinetto radiale sfera doppia guarnizione,1771445207-00,3104574808-00,2835901561-00
cuscinetto sfera radiale 6001,8329315855-00,6998943831-00,2720683655-00
sfere radiali modello 6001 cuscinetto,8329315855-00,6998943831-00,2720683655-00
6001 cuscinetto radiale a sfera ricambio,8329315855-00,6998943831-00,2720683655-00
cuscinetto radiale a sfere 6001-2rsh,3301113478-00,7624899234-00,2969832734-00
cuscinetto 6001-2rsh radiale sfera,3301113478-00,7624899234-00,2969832734-00
6001-2rsh cuscinetto radiale sferico,3301113478-00,7624899234-00,2969832734-00
cuscinetto sfera radiale modello 6002,1872210053-00,8779120401-00,7728063749-00
cuscinetto radiale a sfere 6002,1872210053-00,8779120401-00,7728063749-00
6002 cuscinetto radiale con sfera,1872210053-00,8779120401-00,7728063749-00
cuscinetto radiale a sfera 6002-2rsh,3195233039-00,7775082541-00,2010439133-00
6002-2rsh cuscinetto sfera radiale,3195233039-00,7775082541-00,2010439133-00
cuscinetto 6002 2rsh tipo radiale a sfera,3195233039-00,7775082541-00,2010439133-00
cuscinetto radiale a sfere 6003 2RSH,7560065898-00,6010022135-00,8981416541-00
6003-2RSH cuscinetto radiale sfera,7560065898-00,6010022135-00,8981416541-00
cuscinetto a sfera radiale modello 6003-2RSH,7560065898-00,6010022135-00,8981416541-00
cuscinetto radiale a sfera codice 6004,8267716595-00,5218241439-00,4751202753-00
6004 cuscinetto sferico radiale,8267716595-00,5218241439-00,4751202753-00
radiale sfera cuscinetto 6004 tipo sfera,8267716595-00,5218241439-00,4751202753-00
cuscinetto radiale a sfera 6004-2rsh,3838026476-00,7349941438-00,1323236359-00
6004-2rsh cuscinetto a sfera radiale,3838026476-00,7349941438-00,1323236359-00
cuscinetto a sfera 6004 2rsh radiale,3838026476-00,7349941438-00,1323236359-00
cuscinetto radiale sfera modello 6005,6768070251-00,6129590427-00,4694010433-00
sfera cuscinetto radiale 6005,6768070251-00,6129590427-00,4694010433-00
6005 cuscinetto radiale a sfera,6768070251-00,6129590427-00,4694010433-00
cuscinetto radiale a sfera 6005 2rsh,3178453665-00,3929231998-00,8376341210-00
6005-2rsh cuscinetto radiale sferico,3178453665-00,3929231998-00,8376341210-00
6005 2rsh cuscinetto sfera radiale,3178453665-00,3929231998-00,8376341210-00
cuscinetto radiale a sfera 6006 nr,1516525272-00,4733875998-00,2401035377-00
6006 nr cuscinetto sfera radiale,1516525272-00,4733875998-00,2401035377-00
cuscinetto 6006 nr radiale sferico,1516525272-00,4733875998-00,2401035377-00
cuscinetto radiale a sfera 6006-2rs1,1883772598-00,5878864569-00,1804489327-00
6006-2rs1 cuscinetto sferico radiale,1883772598-00,5878864569-00,1804489327-00
cuscinetto 6006 2rs1 radiale sfera,1883772598-00,5878864569-00,1804489327-00
cuscinetto 6007 NR radiale a sfera,1582827507-00,8831445184-00,3664767599-00
6007 nr cuscinetto sferico radiale,1582827507-00,8831445184-00,3664767599-00
cuscinetto a sfera tipo 6007 NR radiale,1582827507-00,8831445184-00,3664767599-00
cuscinetto radiale a sfera 6007 2rs1,7090571037-00,1049273981-00,4834866204-00
6007-2rs1 cuscinetto radiale sfera,7090571037-00,1049273981-00,4834866204-00
cuscinetto 6007 2rs1 radiale sferico,7090571037-00,1049273981-00,4834866204-00
cuscinetto a sfera radiale 6008,4807745763-00,5594889711-00,3193792857-00
6008 cuscinetto radiale sfera,4807745763-00,5594889711-00,3193792857-00
cuscinetto sfera tipo 6008 radiale,4807745763-00,5594889711-00,3193792857-00
cuscinetto radiale a sfera 6008-2rs1,5112834724-00,7282383740-00,2118591654-00
6008-2rs1 cuscinetto sfera radiale,5112834724-00,7282383740-00,2118591654-00
cuscinetto 6008 2rs1 radiale sferico,5112834724-00,7282383740-00,2118591654-00
cuscinetto a sfera radiale 6008-Z,2118591654-00,7308860313-00,4301909287-00
6008-Z cuscinetto radiale sfera,2118591654-00,7308860313-00,4301909287-00
cuscinetto sfera 6008-Z tipo radiale,2118591654-00,7308860313-00,4301909287-00
cuscinetto radiale a sfera 6009 nr,4704551666-00,7103403071-00,4478587001-00
6009 nr cuscinetto a sfera radiale,4704551666-00,7103403071-00,4478587001-00
cuscinetto sfera radiale modello 6009 nr,4704551666-00,7103403071-00,4478587001-00
cuscinetto radiale a sfere 6009-2rsh,1792495291-00,9422469846-00,7907391950-00
6009-2rsh cuscinetto a sfera radiale,1792495291-00,9422469846-00,7907391950-00
cuscinetto 6009 2rsh radiale sfera,1792495291-00,9422469846-00,7907391950-00
cuscinetto radiale a sfera 6010-2rs1,9101084712-00,5501065460-00,3912035463-00
cuscinetto 6010-2rs1 sfera radiale,9101084712-00,5501065460-00,3912035463-00
6010 2rs1 cuscinetto sfera radiale,9101084712-00,5501065460-00,3912035463-00
cuscinetto radiale a sfere 6011-2rs1,9363196510-00,6058211450-00,2964395104-00
6011-2rs1 cuscinetto sfera radiale,9363196510-00,6058211450-00,2964395104-00
cuscinetto 6011-2rs1 radiale sfera impermeabile,9363196510-00,6058211450-00,2964395104-00
cuscinetto radiale a sfera 6012 2rs1,9998240700-00,7204923374-00,6469053003-00
6012-2rs1 cuscinetto sferico radiale,9998240700-00,7204923374-00,6469053003-00
cuscinetto 6012 2rs1 radiale a sfera,9998240700-00,7204923374-00,6469053003-00
cuscinetto sfera radiale 6013-2rsh,4751202753-00,2952509661-00,3664296603-00
6013-2rsh cuscinetto radiale a sfera,4751202753-00,2952509661-00,3664296603-00
radiale a sfera cuscinetto 6013 2rsh,4751202753-00,2952509661-00,3664296603-00
cuscinetto a sfera radiale modello 6015,5079219078-00,8191859174-00,2779967050-00
6015 cuscinetto sfera radiale,5079219078-00,8191859174-00,2779967050-00
cuscinetto 6015 radiale a sfere,5079219078-00,8191859174-00,2779967050-00
cuscinetto radiale a sfera 6015-2rs1,8320851783-00,5979277982-00,7056352833-00
6015-2rs1 cuscinetto a sfera radiale,8320851783-00,5979277982-00,7056352833-00
cuscinetto 6015 2rs1 radiale sfera,8320851783-00,5979277982-00,7056352833-00
cuscinetto radiale a sfere 6015-2z,3878276711-00,1732199075-00,8112582292-00
6015-2z cuscinetto sfera radiale,3878276711-00,1732199075-00,8112582292-00
cuscinetto 6015 2z radiale sfere,3878276711-00,1732199075-00,8112582292-00
cuscinetto radiale a sfera 6016 2RS1,3309987938-00,1800442133-00,8349694726-00
6016-2RS1 cuscinetto sferico radiale,3309987938-00,1800442133-00,8349694726-00
cuscinetto 6016 2RS1 radiale sfera sigla completa,3309987938-00,1800442133-00,8349694726-00
cuscinetto radiale a sfere 6017-2rs1,6015093811-00,4595789175-00,8329315855-00
6017-2rs1 cuscinetto sfera radiale,6015093811-00,4595789175-00,8329315855-00
cuscinetto 6017 2rs1 radiale sferico,6015093811-00,4595789175-00,8329315855-00
cuscinetto radiale a sfera 6018-2RS1,8222495190-00,6129590427-00,4807745763-00
6018-2RS1 cuscinetto sfera radiale,8222495190-00,6129590427-00,4807745763-00
cuscinetto 6018 2RS1 sfera radiale protezione doppia,8222495190-00,6129590427-00,4807745763-00
cuscinetto 607-2rsh radiale a sfera,1461083928-00,7602736333-00,2928643503-00
cuscinetto a sfera versione 607-2rsh radiale,1461083928-00,7602736333-00,2928643503-00
607-2rsh cuscinetto radiale sfera tipo 607 2rsh,1461083928-00,7602736333-00,2928643503-00
cuscinetto radiale a sfera 608-2rsl,4966456272-00,6639795882-00,7118497327-00
608-2rsl cuscinetto sfera radiale,4966456272-00,6639795882-00,7118497327-00
cuscinetto sferico radiale 608 2rsl,4966456272-00,6639795882-00,7118497327-00
cuscinetto radiale a sfera 608-2z doppia schermatura,6674044697-00,1463568795-00,4834866204-00
608-2z cuscinetto a sfera radiale con tenute metalliche,6674044697-00,1463568795-00,4834866204-00
cuscinetto 608 2z radiale sfera doppio schermo metallico,6674044697-00,1463568795-00,4834866204-00
cuscinetto a sfera radiale 609-2rsh,2790637539-00,2067159406-00,9116099346-00
609-2rsh cuscinetto radiale sfera,2790637539-00,2067159406-00,9116099346-00
609-2rsh cuscinetto sferico radiale sigillato,2790637539-00,2067159406-00,9116099346-00
cuscinetto 61800 a sfere radiale,8596689344-00,6603193262-00,1454292720-00
61800 cuscinetto radiale sferico,8596689344-00,6603193262-00,1454292720-00
sfere cuscinetto radiale tipo 61800,8596689344-00,6603193262-00,1454292720-00
cuscinetto radiale a sfera 61800-2rs1,4289477543-00,7390065635-00,1269372122-00
61800-2rs1 cuscinetto sfera radiale,4289477543-00,7390065635-00,1269372122-00
cuscinetto 61800-2rs1 radiale sfera,4289477543-00,7390065635-00,1269372122-00
cuscinetto radiale a sfera 61802-2rs1,2981854107-00,3132891770-00,2722844269-00
61802-2rs1 cuscinetto radiale sfera,2981854107-00,3132891770-00,2722844269-00
cuscinetto sfera radiale 61802 2rs1,2981854107-00,3132891770-00,2722844269-00
cuscinetto radiale a sfere 61804,2948676075-00,6307157416-00,4562806135-00
61804 cuscinetto sfera radiale,2948676075-00,6307157416-00,4562806135-00
cuscinetto 61804 sferico radiale,2948676075-00,6307157416-00,4562806135-00
cuscinetto 61808-2RS1 radiale a sfera,4231466817-00,8361149774-00,5787199712-00
cuscinetto radiale sfera 61808-2RS1 sigla 2RS1,4231466817-00,8361149774-00,5787199712-00
61808-2RS1 cuscinetto radiale a sfera con doppia guarnizione,4231466817-00,8361149774-00,5787199712-00
cuscinetto sfera radiale 61809-2rs1,1902401529-00,2016320500-00,1461083928-00
61809-2RS1 cuscinetto radiale a sfera,1902401529-00,2016320500-00,1461083928-00
radiale sfera cuscinetto 61809 2rs1,1902401529-00,2016320500-00,1461083928-00
cuscinetto sfera radiale 61810-2rs1,7450112541-00,6529849998-00,2756427079-00
61810-2rs1 cuscinetto radiale a sfera,7450112541-00,6529849998-00,2756427079-00
radiale sfera cuscinetto 61810 2rs1,7450112541-00,6529849998-00,2756427079-00
cuscinetto radiale a sfera modello 61811,8256451220-00,6640393611-00,9044786768-00
61811 cuscinetto sfera radiale,8256451220-00,6640393611-00,9044786768-00
cuscinetto radiale sferico codice 61811,8256451220-00,6640393611-00,9044786768-00
cuscinetto sfera radiale 61811 2RS1,3724834067-00,1071330167-00,8520539423-00
61811-2RS1 cuscinetto radiale a sfera,3724834067-00,1071330167-00,8520539423-00
cuscinetto radiale 61811 2rs1 sferico,3724834067-00,1071330167-00,8520539423-00
cuscinetto radiale a sfera 61812-2rs1,7688968790-00,2963834971-00,6768070251-00
61812-2RS1 cuscinetto sfera radiale,7688968790-00,2963834971-00,6768070251-00
cuscinetti radiali 61812 2rs1 sfera tipo,7688968790-00,2963834971-00,6768070251-00
cuscinetto radiale a sfere 61812-2rs1,7688968790-00,4513626239-00,2833252741-00
61812-2rs1 cuscinetto sfera radiale,7688968790-00,4513626239-00,2833252741-00
cuscinetto 61812-2rs1 radiale con sfere,7688968790-00,4513626239-00,2833252741-00
cuscinetto radiale a sfere 61814-2rs1,7649021906-00,1597772200-00,2873874475-00
61814 2rs1 cuscinetto radiale sfera,7649021906-00,1597772200-00,2873874475-00
radiale sfera cuscinetto 61814-2rs1,7649021906-00,1597772200-00,2873874475-00
cuscinetto radiale a sfera 61816-2rs1,1360393557-00,4816820374-00,5124901454-00
61816-2rs1 cuscinetto radiale sferico,1360393557-00,4816820374-00,5124901454-00
radiale sfera cuscinetto tipo 61816-2rs1,1360393557-00,4816820374-00,5124901454-00
cuscinetto radiale a sfera cod 61818-2rs1,9151720152-00,3903406802-00,9101084712-00
61818-2rs1 cuscinetto sfera radiale,9151720152-00,3903406802-00,9101084712-00
2rs1 61818 cuscinetto radiale sferico,9151720152-00,3903406802-00,9101084712-00
cuscinetto radiale a sfera 61828-2rs1,3892688398-00,4734377813-00,9304821899-00
61828-2rs1 cuscinetto a sfera radiale,3892688398-00,4734377813-00,9304821899-00
cuscinetto sfera radiale 61828 2rs1,3892688398-00,4734377813-00,9304821899-00
cuscinetto radiale a sfere modello 61830,9044786768-00,7044481484-00,9275195001-00
61830 cuscinetto a sfera radiale,9044786768-00,7044481484-00,9275195001-00
cuscinetto sfera radiale 61830 tipo standard,9044786768-00,7044481484-00,9275195001-00
cuscinetto sfera radiale 61852 ma,8520539423-00,1726905199-00,6586389960-00
61852 ma cuscinetto radiale a sfera,8520539423-00,1726905199-00,6586389960-00
cuscinetto radiale sferico codice 61852 ma,8520539423-00,1726905199-00,6586389960-00
cuscinetto radiale a sfera modello 61856,6824584696-00,1388817573-00,1368938831-00
61856 cuscinetto sferico radiale,6824584696-00,1388817573-00,1368938831-00
cuscinetto 61856 radiale sfera tipo sferico,6824584696-00,1388817573-00,1368938831-00
cuscinetto sfera radiale 619/6-2z,2913148877-00,4974013062-00,9266148795-00
619/6-2z cuscinetto radiale a sfera,2913148877-00,4974013062-00,9266148795-00
cuscinetto 619/6-2z radiale sfera zinco doppia schermatura,2913148877-00,4974013062-00,9266148795-00
cuscinetto radiale a sfera 61900-2rs1,5103533812-00,9208538142-00,8226467110-00
61900-2rs1 cuscinetto radiale sferico,5103533812-00,9208538142-00,8226467110-00
cuscinetto sfera radiale 61900 2rs1,5103533812-00,9208538142-00,8226467110-00
cuscinetto a sfera radiale 61902-2rs1,7966761424-00,1570275778-00,3200232652-00
61902-2rs1 cuscinetto radiale sferico,7966761424-00,1570275778-00,3200232652-00
sfera cuscinetto radiale 61902 2rs1,7966761424-00,1570275778-00,3200232652-00
cuscinetto radiale a sfera modello 61904-2RS1,5621744151-00,2096233051-00,4725934533-00
61904-2RS1 cuscinetto sferico radiale,5621744151-00,2096233051-00,4725934533-00
radiale sfera bearing 61904-2RS1 con protezione 2RS1,5621744151-00,2096233051-00,4725934533-00
cuscinetto radiale a sfera modello 61905,2055284905-00,9835640929-00,5675620078-00
61905 cuscinetto sferico radiale,2055284905-00,9835640929-00,5675620078-00
cuscinetto radiale sfera 61905 tipo sferico,2055284905-00,9835640929-00,5675620078-00
cuscinetto sfera 61905-2rs1 radiale,1074177481-00,9084731867-00,5674192739-00
61905-2RS1 cuscinetto radiale a sfera,1074177481-00,9084731867-00,5674192739-00
radiale cuscinetto 61905 2RS1 sfera,1074177481-00,9084731867-00,5674192739-00
cuscinetto radiale a sfera 61906-2rs1,1030163491-00,6120344016-00,5256096413-00
61906-2rs1 cuscinetto sferico radiale,1030163491-00,6120344016-00,5256096413-00
cuscinetto 61906-2rs1 radiale sfera,1030163491-00,6120344016-00,5256096413-00
cuscinetto radiale a sfera 61907-2rs1,2755374713-00,9834454697-00,6752477895-00
61907-2rs1 cuscinetto radiale sferico,2755374713-00,9834454697-00,6752477895-00
cuscinetto 61907 2rs1 tipo radiale sfera,2755374713-00,9834454697-00,6752477895-00
cuscinetto sfera radiale 61908,6654178420-00,5463670446-00,1748309131-00
61908 cuscinetto radiale a sfera,6654178420-00,5463670446-00,1748309131-00
cuscinetti radiali sferici modello 61908,6654178420-00,5463670446-00,1748309131-00
cuscinetto radiale a sfera modello 61908,6654178420-00,2205046870-00,8535159829-00
61908 cuscinetto sferico radiale,6654178420-00,2205046870-00,8535159829-00
cuscinetto 61908 radiale sfera tipo spherical ball bearing,6654178420-00,2205046870-00,8535159829-00
cuscinetto radiale a sfera 61908-2rs1,8027272493-00,8205155184-00,8520539423-00
61908-2rs1 cuscinetto radiale sferico,8027272493-00,8205155184-00,8520539423-00
cuscinetto 61908-2rs1 radiale sfere,8027272493-00,8205155184-00,8520539423-00
cuscinetto radiale a sfera 61916 2rs1,4691335210-00,8533726607-00,5605446752-00
61916-2rs1 cuscinetto sfera radiale,4691335210-00,8533726607-00,5605446752-00
cuscinetto sferico radiale tipo 61916 2rs1,4691335210-00,8533726607-00,5605446752-00
cuscinetto sfera radiale 61928 ma,9854233246-00,4883592855-00,1625768085-00
61928 ma cuscinetto radiale a sfere,9854233246-00,4883592855-00,1625768085-00
cuscinetto radiale 61928 in serie ma a sfere,9854233246-00,4883592855-00,1625768085-00
cuscinetto sfera radiale 6200,8376341210-00,7155263857-00,2010439133-00
6200 cuscinetto radiale a sfere,8376341210-00,7155263857-00,2010439133-00
cuscinetto a sfere radiale modello 6200,8376341210-00,7155263857-00,2010439133-00
cuscinetto radiale a sfera 6200-2RSH,4725934533-00,8186909629-00,3664767599-00
6200-2RSH cuscinetto sfera radiale,4725934533-00,8186909629-00,3664767599-00
cuscinetto 6200 2RSH radiale sferico,4725934533-00,8186909629-00,3664767599-00
cuscinetto radiale a sfera 6200-2z,6683837403-00,7053519753-00,8244490406-00
6200-2z cuscinetto sfera radiale,6683837403-00,7053519753-00,8244490406-00
cuscinetto 6200 2z radiale sferico,6683837403-00,7053519753-00,8244490406-00
cuscinetto sfera radiale 6201,2815418110-00,7176640084-00,5496994079-00
cuscinetto radiale a sfere modello 6201,2815418110-00,7176640084-00,5496994079-00
6201 cuscinetto radiale con sfera,2815418110-00,7176640084-00,5496994079-00
cuscinetto a sfere 6201-2rsh radiale,6314452072-00,9841109457-00,1582827507-00
6201-2rsh cuscinetto radiale sferico,6314452072-00,9841109457-00,1582827507-00
cuscinetto radiale sfera 6201 2rsh prezzo,6314452072-00,9841109457-00,1582827507-00
cuscinetto sfera 6201-2z radiale,6480966456-00,4848148118-00,1399047505-00
6201-2z cuscinetto radiale a sfera,6480966456-00,4848148118-00,1399047505-00
cuscinetto radiale tipo sfera 6201 2z,6480966456-00,4848148118-00,1399047505-00
cuscinetto radiale a sfera 6201 z,3403872805-00,3801883632-00,2331944648-00
6201-z cuscinetto a sfera radiale,3403872805-00,3801883632-00,2331944648-00
radiale sfera cuscinetto 6201 z,3403872805-00,3801883632-00,2331944648-00
cuscinetto radiale a sfere 6202-2rsh,2328078956-00,3029570564-00,5066546121-00
6202-2rsh cuscinetto radiale sferico,2328078956-00,3029570564-00,5066546121-00
cuscinetto 6202 2rsh tipo radiale sfera,2328078956-00,3029570564-00,5066546121-00
cuscinetto a sfera radiale 6202-2z,4521949722-00,1171759738-00,3939779254-00
6202-2Z cuscinetto radiale sfera,4521949722-00,1171759738-00,3939779254-00
sfera radiale cuscinetto 6202 2z,4521949722-00,1171759738-00,3939779254-00
cuscinetto a sfera radiale modello 6202-2Z,4521949722-00,9572923199-00,3301044811-00
6202-2Z cuscinetto radiale sferico con protezione doppia,4521949722-00,9572923199-00,3301044811-00
cuscinetto 6202-2Z radiale sfera tipo 2Z doppia schermatura,4521949722-00,9572923199-00,3301044811-00
cuscinetto a sfera radiale 6202-Z,5610238284-00,1681758905-00,2833252741-00
6202-Z cuscinetto radiale con sfera,5610238284-00,1681758905-00,2833252741-00
cuscinetto radiale sfera modello 6202-Z,5610238284-00,1681758905-00,2833252741-00
cuscinetto radiale a sfera 6203,2569431920-00,4743934823-00,8620546313-00
6203 cuscinetto sferico radiale,2569431920-00,4743934823-00,8620546313-00
cuscinetto 6203 a sfere radiali,2569431920-00,4743934823-00,8620546313-00
cuscinetto radiale a sfere 6203 nr,9275195001-00,4632171824-00,2733673304-00
sfere radiali codice 6203 nr,9275195001-00,4632171824-00,2733673304-00
6203 nr cuscinetto a sfere radiale,9275195001-00,4632171824-00,2733673304-00
cuscino a sfera radiale 6203 2rsh,2758662101-00,7303137141-00,9998240700-00
cuscinetto sferico radiale 6203-2rsh,2758662101-00,7303137141-00,9998240700-00
6203 2rsh cuscinetto radiale a sfera,2758662101-00,7303137141-00,9998240700-00
cuscinetti radiali sferici 6203 2RSL,4417015971-00,2066945648-00,9266148795-00
sfere radiali 6203-2RSL,4417015971-00,2066945648-00,9266148795-00
cuscinetto a sfere 6203 2RSL radiale,4417015971-00,2066945648-00,9266148795-00
cuscinetto radiale a sfere 6203z,9927360461-00,4359144184-00,4007447862-00
6203-z cuscinetto a sfere,9927360461-00,4359144184-00,4007447862-00
sfere radiali cuscinetto 6203 z,9927360461-00,4359144184-00,4007447862-00
Cuscinetto radiale a sfere 6204,9051475783-00,7970501472-00,7333334677-00
serie 6204 cuscinetto a sfere radiale,9051475783-00,7970501472-00,7333334677-00
cuscinetto a sfere 6204 tipo radiale,9051475783-00,7970501472-00,7333334677-00
nr cuscinetto radiale a sfera 6204,3810906932-00,7283136748-00,5066546121-00
6204 cuscinetto a sfera radiale nr,3810906932-00,7283136748-00,5066546121-00
cuscinetto 6204 nr sferico radiale,3810906932-00,7283136748-00,5066546121-00
cuscinetto radiale a sfere 6204 2RSH,4694010433-00,6693547172-00,1087482974-00
6204-2RSH cuscinetto radiale sferico,4694010433-00,6693547172-00,1087482974-00
sfere radiali cuscinetto 6204/2RSH,4694010433-00,6693547172-00,1087482974-00
cuscinetto radiale a sfere 6204 2z,1804489327-00,3047152691-00,4867102292-00
sfera radiale 6204-2z cuscinetto,1804489327-00,3047152691-00,4867102292-00
6204 2z cuscinetto a sfere radiale,1804489327-00,3047152691-00,4867102292-00
cuscinetto radiale a sfere 6204-2ZNR,7601389897-00,1860195269-00,6069903182-00
sfere 6204 2ZNR radiale,7601389897-00,1860195269-00,6069903182-00
6204-2ZNR cuscinetto a sfere radiale,7601389897-00,1860195269-00,6069903182-00
cuscinetto radiale 6205 sfera,2179472331-00,5336459512-00,1323236359-00
6205 cuscinetti radiali a sfera,2179472331-00,5336459512-00,1323236359-00
radiale sfera cuscinetto 6205,2179472331-00,5336459512-00,1323236359-00
cuscinetto radiale sfera 6205 nr,5617313420-00,5396528414-00,1625768085-00
6205 nr cuscinetto radiale a sfere,5617313420-00,5396528414-00,1625768085-00
nr 6205 cuscinetto sfera radiale,5617313420-00,5396528414-00,1625768085-00
cuscinetto radiale 6205-2RSH a sfere,2359786082-00,2233951822-00,6749247184-00
SFERA 6205 2RSH cuscinetto radiale,2359786082-00,2233951822-00,6749247184-00
cuscinetto a sfere 6205-2RSH tipo radiale,2359786082-00,2233951822-00,6749247184-00
cuscinetto radiale sferico 6205 2Z,6811106407-00,4336832700-00,9510775158-00
6205-2Z cuscinetto a sfere radiale,6811106407-00,4336832700-00,9510775158-00
sfere radiale 6205 2Z cuscinetto,6811106407-00,4336832700-00,9510775158-00
cuscinetto radiale a sfere 6205 2znr,5218547457-00,1290053134-00,4007447862-00
cusc. rad. sfera 6205-2znr,5218547457-00,1290053134-00,4007447862-00
cuscinetto 6205-2znr sfere radiale,5218547457-00,1290053134-00,4007447862-00
cuscinetto 6206 radiale a sfere,7656917278-00,9072517807-00,2845499435-00
cuscino a sfere 6206,7656917278-00,9072517807-00,2845499435-00
cerco cuscinetto radiale 6206 sfere,7656917278-00,9072517807-00,2845499435-00
nr cuscinetto radiale a sfera 6206,3483257789-00,8076724964-00,2578136163-00
cuscinetto a sfera 6206 radiale nr,3483257789-00,8076724964-00,2578136163-00
6206 cuscinetto radiale sfera nr serie,3483257789-00,8076724964-00,2578136163-00
cuscinetto radiale sfera 6206 2rs1,1520755690-00,2953169297-00,7123932343-00
sfera cuscinetto 6206-2rs1 radiale sezione,1520755690-00,2953169297-00,7123932343-00
6206 2rs1 cuscinetto a sfere radiali,1520755690-00,2953169297-00,7123932343-00
cuscino radiale sfera 6206 2Z,7911100976-00,3088262718-00,8249556098-00
cuscinetto radiale sferico 6206-2Z,7911100976-00,3088262718-00,8249556098-00
6206 2Z cuscino sferico radiale,7911100976-00,3088262718-00,8249556098-00
cuscinetto radiale 6207 sfera,4200127880-00,4094357318-00,5218800597-00
6207 cuscinetto sferico radiale,4200127880-00,4094357318-00,5218800597-00
sfera cuscinetto radiale tipo 6207,4200127880-00,4094357318-00,5218800597-00
cusc. radiale sfera 6207 NR,7731941463-00,8134591754-00,4481338477-00
cercare cuscinetto 6207 NR a sfera,7731941463-00,8134591754-00,4481338477-00
6207 NR SF radiale sfera cuscinetto,7731941463-00,8134591754-00,4481338477-00
cuscinetto radiale 6207-2RSH sfera,8443687500-00,9311995010-00,1126995875-00
6207-2RSH cuscinetto sferico radiale,8443687500-00,9311995010-00,1126995875-00
cuscinetto 6207 2RSH radiale sferico,8443687500-00,9311995010-00,1126995875-00
cuscinetto sfera 6207-2ZNR,6716692769-00,2514996460-00,3301113478-00
6207-2ZNR cuscinetto radiale,6716692769-00,2514996460-00,3301113478-00
CUSCINETTO RADIALE SFERICO 6207-2ZNR,6716692769-00,2514996460-00,3301113478-00
cuscinetto a sfere radiale 6208,2086169402-00,2893936683-00,1634454981-00
cuscinetto sfera 6208 tecnico,2086169402-00,2893936683-00,1634454981-00
sfere radiale 6208 caratteristiche cuscino,2086169402-00,2893936683-00,1634454981-00
cuscinetto radiale sfera 6208 2RSH,8021852651-00,2952661606-00,4966456272-00
6208-2RSH / cuscinetto sferico radiale,8021852651-00,2952661606-00,4966456272-00
Cuscinetto 6208 2RSH radiale a sfere,8021852651-00,2952661606-00,4966456272-00
cuscinetto 6209 sfere radiale NR,2001314721-00,6515509664-00,1360393557-00
nr cuscnettto radiale a sfere 6209,2001314721-00,6515509664-00,1360393557-00
6209 cuscinetto radiale a sfere nr,2001314721-00,6515509664-00,1360393557-00
cuscinetto a sfera radiale 6210/2rsh,4251313627-00,6519083481-00,4725934533-00
6210-2RSH cuscinetto radiale sfera,4251313627-00,6519083481-00,4725934533-00
sfera 6210 2rsh cuscinetto radiale,4251313627-00,6519083481-00,4725934533-00
cuscinetto radiale sferico 6211-2RS1,4414391372-00,9015214706-00,9051475783-00
sfera cuscinetto 6211 2rs1,4414391372-00,9015214706-00,9051475783-00
6211-2RS1 cuscinetto radiale a sfere,4414391372-00,9015214706-00,9051475783-00
cuscinetto radiale a sfera 6212-2RS1,2541182070-00,3972732506-00,8057376401-00
6212-2RS1 cuscinetto a sfere radiale,2541182070-00,3972732506-00,8057376401-00
sfera radiale 6212 2RS1 cuscinetto,2541182070-00,3972732506-00,8057376401-00
cuscinetto radiale sfera 6214 2RSH,8289664449-00,2088268475-00,1843344004-00
6214-2RSH cuscinetto a sfere radiali,8289664449-00,2088268475-00,1843344004-00
sfere radiali 6214/2RSH cuscinetto,8289664449-00,2088268475-00,1843344004-00
cuscinetto radiale sfera 6216,1582619643-00,6035530235-00,3111837963-00
6216 cusc. sferico radiale,1582619643-00,6035530235-00,3111837963-00
radiale cuscinetto sferico 6216,1582619643-00,6035530235-00,3111837963-00
cuscinetto radiale a sfera 62201-2RSH,9588849110-00,2106723884-00,9501685511-00
62201-2RSH cuscinetto a sfera radiale,9588849110-00,2106723884-00,9501685511-00
cuscinetti radiali sferici codice 62201-2RSH,9588849110-00,2106723884-00,9501685511-00
cuscinetto radiale sferico 62203 2rs1,8057376401-00,1114043114-00,7256263291-00
sfera 62203-2RS1 cuscinetto radiale,8057376401-00,1114043114-00,7256263291-00
cuscinetto 62203-2RS1 sferico radiale,8057376401-00,1114043114-00,7256263291-00
cuscinetto radiale a sfere 62205 2rs1,2607022206-00,2193613906-00,6015093811-00
sfere radiali 62205-2rs1,2607022206-00,2193613906-00,6015093811-00
62205 2rs1 cuscinetti radiali a sfere,2607022206-00,2193613906-00,6015093811-00
cuscinetto radiale 62207-2RS1,1500848500-00,9358540356-00,8735514073-00
62207-2RS1 radiale a sfera,1500848500-00,9358540356-00,8735514073-00
cuscinetto a sfera 62207-2RS1 radiale,1500848500-00,9358540356-00,8735514073-00
cuscinetto radiale sfera 62210 2rs1,6786384278-00,9308219724-00,2767523756-00
sfera radiale 62210-2rs1 cuscinetto,6786384278-00,9308219724-00,2767523756-00
cuscinetto 62210-2rs1 sferico radiale,6786384278-00,9308219724-00,2767523756-00
cuscinetto radiale a sfere 6228,8735514073-00,2808138723-00,7083538772-00
6228 cuscinetto a sfere,8735514073-00,2808138723-00,7083538772-00
cuscinetto sfere radiale codice 6228,8735514073-00,2808138723-00,7083538772-00
cuscinetto radiale sfera 626-2z,7667381834-00,5675130171-00,1919114371-00
cusc. sfera radiale 626 2z,7667381834-00,5675130171-00,1919114371-00
626-2z cuscinetto sferico radiale,7667381834-00,5675130171-00,1919114371-00
cuscinetto radiale a sfere 629,6526985464-00,1782609923-00,3923826893-00
sfere radiali 629 cuscinetto,6526985464-00,1782609923-00,3923826893-00
cuscinetto 629 sfere radiale,6526985464-00,1782609923-00,3923826893-00
cuscinetto radiale sfera 630/8-2rsry,1778812082-00,1870525316-00,8690964237-00
radiale sfere 630/8 2rsry cuscinetto,1778812082-00,1870525316-00,8690964237-00
cuscinetto a sfere 630/8-2rsry tipo radiale,1778812082-00,1870525316-00,8690964237-00
cuscinetto radiale a sfera 6300 2rs1,1695355830-00,8132115336-00,8112582292-00
6300-2rs1 cuscinetto sferico,1695355830-00,8132115336-00,8112582292-00
sfera radiale cuscinetto kvr 6300/2rs1,1695355830-00,8132115336-00,8112582292-00
cuscinetto radiale a sfere 63003 2rs1,6187478393-00,4545019368-00,3403872805-00
sfere radiali cuscinetti 63003-2RS1,6187478393-00,4545019368-00,3403872805-00
63003 2rs1 cuscinetto a sfere radiale,6187478393-00,4545019368-00,3403872805-00
cuscinetto radiale a sfera 63004 2RS1,8152492172-00,2796016373-00,6615563785-00
cuscinetto sferico 63004-2RS1 radiale,8152492172-00,2796016373-00,6615563785-00
63004/2RS1 cuscinetto radiale sfera,8152492172-00,2796016373-00,6615563785-00
cuscinetto radiale sferico 63005 2rs1,7000007117-00,4000811310-00,9998240700-00
63005-2RS1 SFERA cuscinetto radiale,7000007117-00,4000811310-00,9998240700-00
Cuscinetto 63005 2RS1 radiale a sfera,7000007117-00,4000811310-00,9998240700-00
cuscinetto radiale sferico 6301 2rs1,9985019990-00,9419602658-00,9116099346-00
6301 2RS1 cuscino a sfere radiale,9985019990-00,9419602658-00,9116099346-00
cuscinetti radiali a sfera 6301-2RS1,9985019990-00,9419602658-00,9116099346-00
cuscinetto sfera radiale 63010-2RS1,3621748882-00,1143851458-00,7907391950-00
63010-2RS1 cuscinetto radiale a sfera,3621748882-00,1143851458-00,7907391950-00
cuscinetti radiali sferici 63010/2RS1,3621748882-00,1143851458-00,7907391950-00
cuscinetto radiale a sfere 6303,4562806135-00,9692707642-00,6954730411-00
cuscinetti sferici radiali codice 6303,4562806135-00,9692707642-00,6954730411-00
cuscinetto 6303 sfere radiali,4562806135-00,9692707642-00,6954730411-00
cuscinetto radiale a sfere 6303 2RSH,3636027469-00,2415609792-00,5112834724-00
sfere radiali cuscinetto 6303-2RSH,3636027469-00,2415609792-00,5112834724-00
cuscinetto 6303 2RSH radiale sferico,3636027469-00,2415609792-00,5112834724-00
cuscinetto radiale a sfere 6304,6970809125-00,3691912117-00,2739077386-00
6304 cuscinetto a sfere radiale,6970809125-00,3691912117-00,2739077386-00
sfere radiali cuscinetto 6304,6970809125-00,3691912117-00,2739077386-00
cuscinetto radiale a sfera 6304 2RSH,8777053594-00,8025235221-00,5429558500-00
6304-2RSH cuscinetto a sfera radiale,8777053594-00,8025235221-00,5429558500-00
radiale sfera cuscinetto tipo 6304-2RSH,8777053594-00,8025235221-00,5429558500-00
ricerca cuscinetto radiale a sfera 6305 NR,1063362084-00,2115938088-00,7981958136-00
cuscinetto 6305 radiale sfera NR tecnico,1063362084-00,2115938088-00,7981958136-00
cusc. radiale a sfera NR 6305 caratteristiche,1063362084-00,2115938088-00,7981958136-00
cuscinetto radiale a sfere 6305 2RSH,8556932975-00,2914934155-00,8583777362-00
6305-2RSH cuscinetto sfera radiale,8556932975-00,2914934155-00,8583777362-00
sfere radiali cuscinetti 6305/2RSH,8556932975-00,2914934155-00,8583777362-00
cuscino a sfere radiale 6305 2rz,7241073437-00,9060437798-00,2561394108-00
cuscinetto sferico 6305/2RZ,7241073437-00,9060437798-00,2561394108-00
6305-2rz cuscinetto radiale a sfere,7241073437-00,9060437798-00,2561394108-00
cuscinetto radiale a sfera 6305 2znr,8690964237-00,6505214127-00,2859125868-00
6305-2ZNR cuscinetto a sfera,8690964237-00,6505214127-00,2859125868-00
radiale sfera cuscinetto 6305/2znr,8690964237-00,6505214127-00,2859125868-00
cuscinetto radiale a sfere 6306,7699881798-00,8370275129-00,5567905514-00
cuscinetto 6306 nr a sfere radiali,7699881798-00,8370275129-00,5567905514-00
6306 nr cuscinetto radiale sfera,7699881798-00,8370275129-00,5567905514-00
cuscinetto 6306-2rs1 radiale sferico,7391952106-00,1952396536-00,7079399658-00
6306 2RS1 cuscinetto radiale a sfera,7391952106-00,1952396536-00,7079399658-00
cuscinetto radiale sferico 6306 - 2rs1,7391952106-00,1952396536-00,7079399658-00
cuscinetto radiale a sfere 6307,7564947432-00,6603980774-00,9612996235-00
6307 cuscino a sfere radiale,7564947432-00,6603980774-00,9612996235-00
sfere cuscinetto radiale codice 6307,7564947432-00,6603980774-00,9612996235-00
cuscinetto radiale a sfera 6307-2rs1,4301909287-00,9520903464-00,1843344004-00
6307-2RS1 cuscinetto radiale sferico,4301909287-00,9520903464-00,1843344004-00
Cuscinetto sfera radiale 6307 2rs1,4301909287-00,9520903464-00,1843344004-00
Cuscinetto sferico 6308-2RS1,9006239418-00,9680723972-00,8057376401-00
6308-2RS1 cuscinetto radiale,9006239418-00,9680723972-00,8057376401-00
cusc. Radiale 6308 2rs1 sferico,9006239418-00,9680723972-00,8057376401-00
cuscinetto rulli cilindrico NN 3010 TN SPW33,9918136165-00,8262411778-00,3413264052-00
rulli cilin NN3010 TN/SPW33 cuscinetto,9918136165-00,8262411778-00,3413264052-00
cilindrico NN 3010 TN SPW33 rulli cuscinetto,9918136165-00,8262411778-00,3413264052-00
cuscinetto rulli cilindrico NU 213 ECP/C2,7079399658-00,7151661320-00,1695355830-00
NU213 ECP/C2 rulli cilindrici,7079399658-00,7151661320-00,1695355830-00
cuscinetto NU 213 ECP C2 rulli cilindrico,7079399658-00,7151661320-00,1695355830-00
cuscinetto NU203 rulli cilindrici ECP,6921602240-00,9526753360-00,3195233039-00
Rulli cilindrici NU 203 cuscinetto ECP,6921602240-00,9526753360-00,3195233039-00
ECP cuscinetto rulli cilindrici NU-203,6921602240-00,9526753360-00,3195233039-00
Cuscinetto rulli cilindrici NUP 206 ECP,4067784318-00,8983831494-00,2010439133-00
Cuscinetto a rulli cilindrici NUP206 ECP,4067784318-00,8983831494-00,2010439133-00
Cuscinetto rulli cilindrici NUP 206ECP,4067784318-00,8983831494-00,2010439133-00
cuscinetto a rulli cilindrici NUP 210 ECP,9501685511-00,5264300594-00,9151720152-00
NUP 210 ECP rulli cilindrici,9501685511-00,5264300594-00,9151720152-00
cuscinetto NUP210 ECP cilindrico,9501685511-00,5264300594-00,9151720152-00
cuscinetto rulli cilindrici 212 ECP,1067796670-00,3793164435-00,5331200037-00
NUP 212 cuscinetto rulli,1067796670-00,3793164435-00,5331200037-00
rulli cilindrici cuscinetto ECP NUP212,1067796670-00,3793164435-00,5331200037-00
cuscinetto rulli cilindrici NUP2207 ECP,5037382791-00,6777499687-00,8222495190-00
NUP 2207 ECP cuscinetto rulli,5037382791-00,6777499687-00,8222495190-00
rulli cilindrici cuscinetto 2207 NUP/ECP,5037382791-00,6777499687-00,8222495190-00
cuscinetto rulli cilindrici NUP 305 ECP,9371809952-00,8694059428-00,3301113478-00
NUP 305 ECP cuscinetto rulli,9371809952-00,8694059428-00,3301113478-00
cilindrici NUP305 ECP rulli cuscinetto,9371809952-00,8694059428-00,3301113478-00
cuscinetto rulli conici corona 30203,5054442680-00,1726905199-00,8576546004-00
rulli conici 30203 cuscinetto corona,5054442680-00,1726905199-00,8576546004-00
cuscinetto una corona rulli conici /30203,5054442680-00,1726905199-00,8576546004-00
cuscinetto rulli conici 30205 J2/Q corona singola,4317402654-00,4168905563-00,2981854107-00
30205 J2/Q cuscinetto a rulli conici una corona,4317402654-00,4168905563-00,2981854107-00
rulli conici 30205 J2/Q tipo monofila,4317402654-00,4168905563-00,2981854107-00
cuscinetto rulli conici 30206 una corona,3200232652-00,1046625092-00,6304011625-00
30206 cuscinetto conico rulli,3200232652-00,1046625092-00,6304011625-00
rulli conici 30206 cuscinetto a corona,3200232652-00,1046625092-00,6304011625-00
cuscinetto 30213 rulli conici,2890825468-00,1917219391-00,7534578004-00
30213 cuscinetto a una corona rulli conici,2890825468-00,1917219391-00,7534578004-00
rulli conici cuscinetto 30213,2890825468-00,1917219391-00,7534578004-00
cuscinetto rulli conici 31305/DF una corona,5674192739-00,7359971500-00,1689776736-00
31305/df cuscinetto a rulli conici,5674192739-00,7359971500-00,1689776736-00
cuscinetto una corona rulli conici 31305 df,5674192739-00,7359971500-00,1689776736-00
cuscinetto rulli conici 320/32 x/q,3325422228-00,6518638498-00,3420283645-00
320/32 rulli conici cuscinetto una corona,3325422228-00,6518638498-00,3420283645-00
rulli conici cuscinetto 320/32 x/q una corona,3325422228-00,6518638498-00,3420283645-00
cuscinetto rulli conici 32004 X/Q una corona,1634786010-00,1946388169-00,2845499435-00
32004 X/Q cuscinetto conico a rulli,1634786010-00,1946388169-00,2845499435-00
cuscinetto a corona rulli conici 32004 x/q,1634786010-00,1946388169-00,2845499435-00
rulli conici cuscinetto 32005 X/Q,1875361036-00,7419951092-00,8526360040-00
32005 X/Q cuscinetto rulli conici una corona,1875361036-00,7419951092-00,8526360040-00
cuscinetto 32005 X/Q rulli conici,1875361036-00,7419951092-00,8526360040-00
cuscinetto rulli conici 32006 X/Q corona singola,6434397493-00,2563891919-00,5276410858-00
32006X/Q rulli conici cuscinetto singola corona,6434397493-00,2563891919-00,5276410858-00
cuscinetto a rulli conici Una corona 32006 X/Q,6434397493-00,2563891919-00,5276410858-00
cuscinetto rulli conici 32007 X/Q corona singola,7256263291-00,8713494800-00,5819118999-00
32007X/Q cuscinetto una corona rulli,7256263291-00,8713494800-00,5819118999-00
cuscinetto a una corona di rulli conici 32007X Q,7256263291-00,8713494800-00,5819118999-00
Cuscinetto 32008 rulli conici X/Q,1070027217-00,3252594469-00,4892118737-00
32008 X/Q cuscinetto corona rulli conici,1070027217-00,3252594469-00,4892118737-00
Rulli conici 32008X/Q cuscinetto corona,1070027217-00,3252594469-00,4892118737-00
Cuscinetto rulli conici a una corona 32009 X/Q,6877469816-00,2687889630-00,2767523756-00
32009 x/q rulli conici cuscinetto corona,6877469816-00,2687889630-00,2767523756-00
una corona rulli conici -c uscinetto Tipo 32009X-Q,6877469816-00,2687889630-00,2767523756-00
Cuscinetto rulli conici 32010X/Q,2599343660-00,3739454668-00,6921602240-00
32010 X/Q cuscinetto una corona rulli conici,2599343660-00,3739454668-00,6921602240-00
Rulli conici 32010X/Q una corona cuscinetto,2599343660-00,3739454668-00,6921602240-00
cuscinetto 32012 X corona rulli conici,7659070552-00,2692784607-00,5225495328-00
rulli conici cuscinetto 32012X ad una corona,7659070552-00,2692784607-00,5225495328-00
Cuscinetto a rulli conici 32012 X corona,7659070552-00,2692784607-00,5225495328-00
rulli conici cuscinetto 32014 X/Q,6354617632-00,8037006337-00,5496994079-00
cuscinetto 32014X/Q corona rulli conici,6354617632-00,8037006337-00,5496994079-00
Rulli Conici 32014X/Q cuscinetto una corona,6354617632-00,8037006337-00,5496994079-00
cuscinetto rulli conici 32017 x,6344833046-00,1968984769-00,2913148877-00
32017X rulli conici singola corona,6344833046-00,1968984769-00,2913148877-00
cuscino 32017X conico 1 corona rulli,6344833046-00,1968984769-00,2913148877-00
cuscinetto 32020 X/Q rulli conici,3923826893-00,6620963127-00,4691335210-00
32020X/Q cuscinetto una corona rulli conici,3923826893-00,6620963127-00,4691335210-00
Cuscinetto conico 32020/XQ rulli,3923826893-00,6620963127-00,4691335210-00
Cuscinetto rulli conici 32024 X,7071447618-00,5322750371-00,8635651210-00
rulli conici cuscinetto 32024 X,7071447618-00,5322750371-00,8635651210-00
32024 X cuscinetto rulli conici,7071447618-00,5322750371-00,8635651210-00
cuscinetto rulli conici 32206 a una corona,7123932343-00,8903415072-00,6069903182-00
32206 cuscinetto conico a rulli singola corona,7123932343-00,8903415072-00,6069903182-00
rulli conici 32206 tipo monofila,7123932343-00,8903415072-00,6069903182-00
cuscinetto rulli conici 32928,6080942541-00,4545019368-00,7907391950-00
32928 cusc. rulli conici una corona,6080942541-00,4545019368-00,7907391950-00
cuscinetto una corona rulli 32928 conici,6080942541-00,4545019368-00,7907391950-00
cuscinetto rulli conici 32934,2722844269-00,7895769519-00,3628132510-00
32934 cuscinetto una corona RULLI conici,2722844269-00,7895769519-00,3628132510-00
Cuscinetto Conico rulli / 32934,2722844269-00,7895769519-00,3628132510-00
cuscinetto rulli conici 33016 una corona,5076189624-00,9937502513-00,8813172774-00
33016 cuscinetto corona rulli conici,5076189624-00,9937502513-00,8813172774-00
cuscinetto 33016 rulli conici corona,5076189624-00,9937502513-00,8813172774-00
rulli conici cuscinetto 33020 una corona,5945613579-00,2262609082-00,7540520705-00
cuscinetto conici 33020 rulli,5945613579-00,2262609082-00,7540520705-00
33020 cuscinetto una corona rulli conici,5945613579-00,2262609082-00,7540520705-00
cuscinetto rulli conici 33108 una corona,7458208800-00,3665132280-00,9741033403-00
Rulli conici cuscinetto una corona 33108,7458208800-00,3665132280-00,9741033403-00
33108 cuscinetto a corona rulli conici,7458208800-00,3665132280-00,9741033403-00
cuscinetto rulli incrociati dxl rb10020,2170650291-00,1681758905-00,7000007117-00
Rulli incrociati CUSCINETTO DXL RB 10020,2170650291-00,1681758905-00,7000007117-00
dxl rb 10020 cuscinetto rulli incrociati,2170650291-00,1681758905-00,7000007117-00
Cuscinetto a rulli incrociati DXL RB-11020,5066546121-00,6390964574-00,8526360040-00
DXL RB 11020 cuscinetto rulli incrociati,5066546121-00,6390964574-00,8526360040-00
rulli incrociati CUSCINETTO DXL modello RB 11020,5066546121-00,6390964574-00,8526360040-00
DXL RB 14016 cuscinetto rulli incrociati,3413264052-00,7882473440-00,2722844269-00
Rulli incrociati DXL RB-14016,3413264052-00,7882473440-00,2722844269-00
Cuscinetto DXL 14016 rulli incrociati RB,3413264052-00,7882473440-00,2722844269-00
cuscinetto rulli incrociati DXL RB-40035,2401035377-00,3685572130-00,6716692769-00
rulli incrociati 40035 DXL RB cuscinetto,2401035377-00,3685572130-00,6716692769-00
DXL RB 40035 Cuscinetto incrociati rulli,2401035377-00,3685572130-00,6716692769-00
DXL SX 01 1828 cuscinetto rulli incrociati,4321444789-00,6099664890-00,9026041071-00
Cuscinetto rulli incrociati DXL SX01 1828,4321444789-00,6099664890-00,9026041071-00
DXL SX 01 1828 rulli incrociati cuscinetto,4321444789-00,6099664890-00,9026041071-00
cuscinetto rullini corona singola BK3520,4867102292-00,2115313531-00,9324563672-00
BK 3520 cuscinetto a rullini,4867102292-00,2115313531-00,9324563672-00
cuscinetto rullini tipo BK-3520,4867102292-00,2115313531-00,9324563672-00
cuscinetto una corona rullini HK 0509,5660497797-00,7601063729-00,2297062745-00
rullini cuscinetto HK0509 corona,5660497797-00,7601063729-00,2297062745-00
cuscinetto rullini HK 0509 singola corona,5660497797-00,7601063729-00,2297062745-00
cuscinetto corona rullini HK 0608,4302709327-00,2393165131-00,2541182070-00
rullini HK0608 cuscinetto corona,4302709327-00,2393165131-00,2541182070-00
HK 0608 cuscinetto rulli,4302709327-00,2393165131-00,2541182070-00
cuscinetto rullini HK0609,2167417774-00,7745245765-00,7458208800-00
cuscinetto una corona di rullini HK 0609,2167417774-00,7745245765-00,7458208800-00
rullini HK 0609 corona,2167417774-00,7745245765-00,7458208800-00
Cuscinetto rullini HK 0812.2RS corona,7501846298-00,5120130739-00,7966761424-00
RULLINI HK 0812.2RS cuscinetto 1 corona,7501846298-00,5120130739-00,7966761424-00
0812.2RS cuscinetto una corona rullini HK,7501846298-00,5120130739-00,7966761424-00
cuscinetto hk 1010a rullini una corona,1269372122-00,8592912576-00,6434397493-00
hk 1010a cuscinetto a rullini,1269372122-00,8592912576-00,6434397493-00
rullini cuscinetto HK1010A corona singola,1269372122-00,8592912576-00,6434397493-00
rullini HK1012 cuscinetto corona,5794953922-00,5901673931-00,8365455653-00
cuscinetto HK 1012 rullini a una corona,5794953922-00,5901673931-00,8365455653-00
corona di rullini HK-1012 cuscinetto,5794953922-00,5901673931-00,8365455653-00
Cuscinetto HK 1015 rullini corona,2779967050-00,3896168300-00,1399047505-00
HK1015 cuscinetto rullini,2779967050-00,3896168300-00,1399047505-00
cuscinetto corona rullini hk 1015,2779967050-00,3896168300-00,1399047505-00
cuscinetto rullini hk1210,7540520705-00,2463103318-00,5660497797-00
HK 1210 cuscinetto a una corona  rullini,7540520705-00,2463103318-00,5660497797-00
rullini cuscinetto HK-1210,7540520705-00,2463103318-00,5660497797-00
cuscinetto rullini hk1212 corona singola,8576546004-00,3359898107-00,9380813905-00
hk 1212 cuscinetto a rullini,8576546004-00,3359898107-00,9380813905-00
corona rullini hk1212 tipo cuscinetto,8576546004-00,3359898107-00,9380813905-00
cuscinetto rullini hk1212 una corona,8576546004-00,5509613879-00,4532257943-00
hk 1212 cuscinetto a rullini,8576546004-00,5509613879-00,4532257943-00
cuscinetto hk 1212 rullini 1 corona,8576546004-00,5509613879-00,4532257943-00
cuscinetto rullini HK1412 corona singola,5735344423-00,7068060064-00,2790637539-00
HK 1412 cuscinetto a rullini,5735344423-00,7068060064-00,2790637539-00
cuscinetto corona rullini tipo HK1412,5735344423-00,7068060064-00,2790637539-00
cuscinetto rullini hk 1614rs una corona,5124901454-00,6643459127-00,8365455653-00
hk 1614rs cuscinetto a rullini,5124901454-00,6643459127-00,8365455653-00
cuscinetto a corona rullini HK1614RS,5124901454-00,6643459127-00,8365455653-00
cuscinetto rullini hk1616 corona singola,9832730678-00,9865133896-00,7656917278-00
HK 1616 cuscinetto a rullini,9832730678-00,9865133896-00,7656917278-00
cuscinetto corona rullini tipo hk1616,9832730678-00,9865133896-00,7656917278-00
cuscinetto rullini hk1814rs una corona,3022862719-00,9991528053-00,2370411599-00
hk 1814 rs cuscinetto a rullini,3022862719-00,9991528053-00,2370411599-00
cuscinetto una corona hk 1814rs rullini,3022862719-00,9991528053-00,2370411599-00
cuscinetto rullini hk1816,4892118737-00,9985673215-00,9006239418-00
hk 1816 cuscinetto a corona di rullini,4892118737-00,9985673215-00,9006239418-00
cuscinetto a rullini tipo hk1816,4892118737-00,9985673215-00,9006239418-00
cuscinetto rullini hk 2012,2739077386-00,5174805796-00,5076189624-00
hk 2012 cuscinetto a corona rullini,2739077386-00,5174805796-00,5076189624-00
cuscinetto hk2012 una corona rullini,2739077386-00,5174805796-00,5076189624-00
cuscinetto rullini hk 2020 corona singola,7417715853-00,8262572173-00,7225268837-00
hk 2020 cuscinetto a rullini una corona,7417715853-00,8262572173-00,7225268837-00
cuscinetto a una corona di rullini modello hk 2020,7417715853-00,8262572173-00,7225268837-00
cuscinetto rullini hk 2020.2rs una corona,2964395104-00,5264300594-00,6952320784-00
hk 2020.2rs cuscinetto a rullini singola corona,2964395104-00,5264300594-00,6952320784-00
cuscinetto hk2020.2rs rullini 1 corona,2964395104-00,5264300594-00,6952320784-00
cuscinetto HK 2220 rullini,7489900871-00,2548456439-00,4438679634-00
cuscinetto singola corona rullini HK2220,7489900871-00,2548456439-00,4438679634-00
HK 2220 cuscinetto a rullini,7489900871-00,2548456439-00,4438679634-00
cuscinetto HK25/20.2RS rullini singola corona,8143255737-00,5735698913-00,3178453665-00
HK 25/20.2RS cuscinetto a rullini una corona,8143255737-00,5735698913-00,3178453665-00
cuscinetto rullini HK 25-20.2RS single row,8143255737-00,5735698913-00,3178453665-00
cuscinetto rullini una corona HK 2518 RS,2057314738-00,7767416194-00,7489900871-00
HK 2518 RS cuscinetto a rullini,2057314738-00,7767416194-00,7489900871-00
cuscinetto rullini singola corona HK2518RS,2057314738-00,7767416194-00,7489900871-00
cuscinetto rullini hk2520 2rs,9824739935-00,1440891966-00,7907391950-00
hk 2520.2rs cuscinetto rullini a una corona,9824739935-00,1440891966-00,7907391950-00
cuscinetto a rullini hk-2520 2rs,9824739935-00,1440891966-00,7907391950-00
cuscinetto HK3016 corona singola rullini,6469053003-00,5765399431-00,7534578004-00
cuscinetto a rullini hk 3016,6469053003-00,5765399431-00,7534578004-00
hk3016 cuscinetto rullini una corona,6469053003-00,5765399431-00,7534578004-00
cuscinetto HK3026 a rullini singola corona,6588151918-00,4242885761-00,2179472331-00
HK 3026 cuscinetto a una fila di rullini,6588151918-00,4242885761-00,2179472331-00
cuscinetto rullini HK 3026 corona singola,6588151918-00,4242885761-00,2179472331-00
cuscinetto a rullini hk3512 una corona,4438679634-00,5942763771-00,2322483775-00
hk 3512 cuscinetto rullini singola corona,4438679634-00,5942763771-00,2322483775-00
cuscinetto rullini hk 3512,4438679634-00,5942763771-00,2322483775-00
cuscinetto rullini hk4020 una corona,1818734295-00,2148970760-00,7865149791-00
hk 4020 cuscinetto a rullini,1818734295-00,2148970760-00,7865149791-00
cuscinetto hk 4020 singola corona,1818734295-00,2148970760-00,7865149791-00
cuscinetto rullini una corona ORU RNA 69/32,6304011625-00,9917520427-00,2569431920-00
ORU RNA 69/32 cuscinetto a rullini,6304011625-00,9917520427-00,2569431920-00
cuscinetto rullini ORU modello RNA 69/32,6304011625-00,9917520427-00,2569431920-00
cuscinetto rullini hk1216.2rs una corona,2835901561-00,5396528414-00,1804489327-00
hk 1216.2rs cuscinetto a rullini singola corona,2835901561-00,5396528414-00,1804489327-00
cuscinetto hk 1216/2rs rullini corona unica,2835901561-00,5396528414-00,1804489327-00
vite TCEI M5x20 8.8 parzialmente filettata acciaio bianco zincato,9060437798-00,6009433368-00,6029968985-00
vite testa cilindrica esagono interno acciaio A2K M5x20 classe 8.8,9060437798-00,6009433368-00,6029968985-00
M5x20 vite esagonale incassata acciaio zincato parz. filettatura,9060437798-00,6009433368-00,6029968985-00
vite tcei acciaio bianco parz filettata M6x25 8.8,2965761849-00,5379178942-00,4624316935-00
vite testa cilindrica esagono incassato zincata bianca M6 25 8.8,2965761849-00,5379178942-00,4624316935-00
M6x25-8.8 tcei parziale acciaio zincato,2965761849-00,5379178942-00,4624316935-00
vite TCEI M6x90 parzialmente filettata zincato bianco 8.8,7767416194-00,1871950127-00,3940763029-00
vite testa cilindrica esagono incassato acciaio A2K M6 90mm 8.8,7767416194-00,1871950127-00,3940763029-00
TCEI acciaio bianco parzial filettata M6x90 8.8,7767416194-00,1871950127-00,3940763029-00
boccola paf 16120 p10,8308447551-00,2010439133-00,8284236066-00
paf 16120/p10 boccola,8308447551-00,2010439133-00,8284236066-00
boccola modello paf 16120 p10,8308447551-00,2010439133-00,8284236066-00
boccola paf 18170 p10,3687303022-00,8413622314-00,1774298979-00
paf 18170/p10 boccola,3687303022-00,8413622314-00,1774298979-00
boccola modello PAF 18170 P10,3687303022-00,8413622314-00,1774298979-00
boccola paf 20115 p10,2699455699-00,3624754278-00,6298267102-00
paf 20115/p10 boccola,2699455699-00,3624754278-00,6298267102-00
boccola modello PAF 20115 P10,2699455699-00,3624754278-00,6298267102-00
boccola PAF 20165 P11,8284236066-00,8020240760-00,8764064664-00
PAF 20165 P11 boccola,8284236066-00,8020240760-00,8764064664-00
boccola serie PAF 20165/P11,8284236066-00,8020240760-00,8764064664-00
boccola PAF 25115 P10,8112929682-00,6344833046-00,3433772587-00
PAF 25115/P10 boccola,8112929682-00,6344833046-00,3433772587-00
boccola modello 25115 P10,8112929682-00,6344833046-00,3433772587-00
anello arresto foro BR38,9621571968-00,6230080185-00,2548456439-00
BR38 anello di blocco foro,9621571968-00,6230080185-00,2548456439-00
anello per foro modello BR38,9621571968-00,6230080185-00,2548456439-00
boccola paf 30160 p10,8030213686-00,8082655917-00,7792307856-00
paf 30160 p10 boccola,8030213686-00,8082655917-00,7792307856-00
boccola 30160/p10 PAF,8030213686-00,8082655917-00,7792307856-00
boccola paf 35260 p10,1641822704-00,5037382791-00,7827461347-00
paf 35260 p10 boccole,1641822704-00,5037382791-00,7827461347-00
boccola modello 35260/p10,1641822704-00,5037382791-00,7827461347-00
boccola PAP 0606 P10,3163078234-00,7664309470-00,4163122733-00
PAP 0606 boccola P10,3163078234-00,7664309470-00,4163122733-00
boccola P10 / PAP 0606,3163078234-00,7664309470-00,4163122733-00
copiglia acciaio D3x40 zincata bianca,7217776785-00,4184231864-00,1693769191-00
D3x40 copiglia acciaio zincato A2K,7217776785-00,4184231864-00,1693769191-00
copiglia acciaio bianco zincato d 3x40,7217776785-00,4184231864-00,1693769191-00
"copiglia elastica acciaio D1,8 zincato bianco",4936903325-00,4632171824-00,9681999783-00
"copiglia elastica A2K diametro 1,8 acciaio zincato",4936903325-00,4632171824-00,9681999783-00
elastica copiglia acciaio zincato A2K D1.8,4936903325-00,4632171824-00,9681999783-00
copiglia elastica acciaio D4 a2k,6363406377-00,3397156269-00,4308546672-00
copiglia elastica D4 zincato bianco acciaio,6363406377-00,3397156269-00,4308546672-00
elastica copiglia d 4 acciaio zincatura bianca,6363406377-00,3397156269-00,4308546672-00
disco elastico blocco M12 1.50 28,8262572173-00,4575616101-00,6066764359-00
"m12x1,50 disco elastico bloccaggio 28mm",8262572173-00,4575616101-00,6066764359-00
elastico M12 28 disco bloccaggio 1.50,8262572173-00,4575616101-00,6066764359-00
disco elastico m8 x1 18,9235182267-00,4332667820-00,5825574311-00
m8/1 disco bloccaggio 18mm,9235182267-00,4332667820-00,5825574311-00
elastico di bloccaggio M8 1x18,9235182267-00,4332667820-00,5825574311-00
"fascia sollevamento 0,5m rossa swl 5t",2010206071-00,5276410858-00,8856387870-00
cinghia rossa swl 5 ton lunghezza 0.5 m,2010206071-00,5276410858-00,8856387870-00
fascia sollevamento rossa l=0.5 metri portata 5t,2010206071-00,5276410858-00,8856387870-00
cuscinetto rullini singola corona K 5x8x8 TN,6741886649-00,4893561425-00,6344833046-00
K 5x8x8 TN cuscinetto rullini a una fila,6741886649-00,4893561425-00,6344833046-00
cuscinetto a rullini K 5x8x8 TN singola fila,6741886649-00,4893561425-00,6344833046-00
cuscinetto NA4900RS rullini una corona,7728063749-00,6390964574-00,2693880860-00
NA 4900 RS cuscinetti a rullini,7728063749-00,6390964574-00,2693880860-00
cuscinetto rullini NA-4900RS una fila,7728063749-00,6390964574-00,2693880860-00
cuscinetto a rullini NA4901.2RS una corona,1399047505-00,4163122733-00,9111163930-00
NA 4901 2RS cuscinetto rullini singola fila,1399047505-00,4163122733-00,9111163930-00
cuscinetti una corona rullini NA-4901.2RS,1399047505-00,4163122733-00,9111163930-00
rullini NA 4901.2RS cuscinetto una corona,1399047505-00,1211141021-00,9371809952-00
cuscinetto NA 4901.2RS a rullini singola fila,1399047505-00,1211141021-00,9371809952-00
NA 4901.2RS cuscinetto corona rullini,1399047505-00,1211141021-00,9371809952-00
cuscinetto NA 4902 rullini singola corona,9551318466-00,2777129183-00,8813172774-00
NA 4902 cuscinetto a rullini,9551318466-00,2777129183-00,8813172774-00
cuscinetto rullini NA4902 corona singola,9551318466-00,2777129183-00,8813172774-00
cuscinetto rullini na4903,3195565534-00,2265233032-00,5185231715-00
cuscinetto a una corona NA 4903,3195565534-00,2265233032-00,5185231715-00
rullini na 4903 cuscinetto,3195565534-00,2265233032-00,5185231715-00
cuscinetto a rullini NA4904,1634454981-00,1599421041-00,9371809952-00
NA 4904 cuscinetto una corona rullini,1634454981-00,1599421041-00,9371809952-00
cuscinetto rullini modello NA 4904,1634454981-00,1599421041-00,9371809952-00
cuscinetto rullini NA4905 2RS,4552388370-00,7075018725-00,1778812082-00
cuscinetto a rullini na 4905/2RS una corona,4552388370-00,7075018725-00,1778812082-00
NA 4905.2RS cuscinetto rullini corona singola,4552388370-00,7075018725-00,1778812082-00
cuscinetto a rullini NA4906,2683054798-00,3691912117-00,3912035463-00
NA 4906 cuscinetto di rullini una corona,2683054798-00,3691912117-00,3912035463-00
rullini NA 4906 cuscinetto,2683054798-00,3691912117-00,3912035463-00
cuscinetto rullini NA4907 RS,2533557946-00,2293806356-00,1625768085-00
cuscinetto a rullini singola corona NA 4907-RS,2533557946-00,2293806356-00,1625768085-00
NA 4907 RS cuscinetto a rullini,2533557946-00,2293806356-00,1625768085-00
cuscinetto NA 4909 rullini,6069903182-00,3160559768-00,3385366022-00
cuscinetto a rullini modello na4909,6069903182-00,3160559768-00,3385366022-00
NA 4909 cuscinetto a una corona rullini,6069903182-00,3160559768-00,3385366022-00
cuscinetto NA4919 rullini una corona,8151190862-00,7210597771-00,2057314738-00
NA 4919 cuscinetto con rullini singola fila,8151190862-00,7210597771-00,2057314738-00
cuscinetto a rullini NA-4919 corona singola,8151190862-00,7210597771-00,2057314738-00
cuscinetto rullini NA6904,2045686967-00,8310185265-00,8226467110-00
cuscinetto a rullini singola corona NA 6904,2045686967-00,8310185265-00,8226467110-00
NA 6904 cuscinetto rullini singola fila,2045686967-00,8310185265-00,8226467110-00
cuscinetto rullini na6908,5605446752-00,5461753764-00,2873874475-00
cuscinetto una corona NA 6908,5605446752-00,5461753764-00,2873874475-00
na 6908 cuscinetto a rullini,5605446752-00,5461753764-00,2873874475-00
cuscinetto rullini NA6911,3628132510-00,5652404820-00,4521949722-00
NA 6911 cuscinetto a rullini una corona,3628132510-00,5652404820-00,4521949722-00
cuscinetto una corona NA 6911 rullini,3628132510-00,5652404820-00,4521949722-00
cuscinetto rullini nk 10-12 TN,3539538119-00,3633358682-00,4921777111-00
cuscinetto a corona singola NK10/12 tn,3539538119-00,3633358682-00,4921777111-00
nk 10/12 TN cuscinetto rullini,3539538119-00,3633358682-00,4921777111-00
cuscinetto rullini una corona NK12/12,7333334677-00,5506538398-00,8107621338-00
NK 12/12 cuscinetto a rullini corona singola,7333334677-00,5506538398-00,8107621338-00
cuscinetto rullini serie NK 12x12,7333334677-00,5506538398-00,8107621338-00
cuscinetto rullini nk12/16,2928643503-00,2091151423-00,2297062745-00
cuscinetto a rullini singola corona nk 12-16,2928643503-00,2091151423-00,2297062745-00
nk 12/16 cuscinetto per rullini,2928643503-00,2091151423-00,2297062745-00
cuscinetto a rullini NK15/20 una corona,2331944648-00,6365943916-00,6621224456-00
NK 15/20 cuscinetti rullini singola fila,2331944648-00,6365943916-00,6621224456-00
cuscinetto rullini NK 15 20 corona singola,2331944648-00,6365943916-00,6621224456-00
cuscinetto rullini nk20/20,2720683655-00,2056020036-00,5674192739-00
cuscinetto a rullini singola fila nk 20 20,2720683655-00,2056020036-00,5674192739-00
nk 20/20 cuscinetti a una corona,2720683655-00,2056020036-00,5674192739-00
cuscinetto rullini nk 22/16,4727133865-00,7894897755-00,6354617632-00
NK 22/16 cuscinetto a rullini singolo,4727133865-00,7894897755-00,6354617632-00
cuscinetto a una corona NK 22/16 rullini,4727133865-00,7894897755-00,6354617632-00
cuscinetto rullini NK 32/20 TN,1323236359-00,3029884494-00,7656917278-00
NK 32/20 TN cuscinetto a una corona di rullini,1323236359-00,3029884494-00,7656917278-00
rullini cuscinetto NK 32/20 TN,1323236359-00,3029884494-00,7656917278-00
cuscinetto rullini NK 37/20,9026041071-00,5989045910-00,9551318466-00
NK 37/20 cuscinetto una corona rullini,9026041071-00,5989045910-00,9551318466-00
rullini NK37/20 cuscinetto a corona,9026041071-00,5989045910-00,9551318466-00
cuscinetto NK 40/20 TN rullini a una corona,6438980949-00,3672346156-00,4021551247-00
NK 40/20 TN cuscinetto rullini tipo corona,6438980949-00,3672346156-00,4021551247-00
rullini NK 40/20 TN cuscinetto semplice,6438980949-00,3672346156-00,4021551247-00
cuscinetto rullini NK 42/20 a corona unica,5185231715-00,3628254685-00,8777053594-00
NK 42/20 cuscinetto rullini singolo,5185231715-00,3628254685-00,8777053594-00
cuscinetto a rullini NK 42/20 con una corona,5185231715-00,3628254685-00,8777053594-00
cuscinetto rullini NK 42/30,7707915166-00,1013994276-00,8222495190-00
NK 42/30 cuscinetto a rullini,7707915166-00,1013994276-00,8222495190-00
rullini cuscinetto NK 42/30 1 corona,7707915166-00,1013994276-00,8222495190-00
cuscinetto a rullini NK 45/30 TN,8189288329-00,4196826985-00,2873874475-00
NK 45/30 TN cuscinetto rullini,8189288329-00,4196826985-00,2873874475-00
rullini cuscinetto NK 45/30 TN,8189288329-00,4196826985-00,2873874475-00
cuscinetto rullini NK 5/12 TN a corona unica,7056352833-00,1469574084-00,9275195001-00
NK 5/12 TN cuscinetto rullini con una sola corona,7056352833-00,1469574084-00,9275195001-00
rullini cuscinetto NK 5/12 TN tipo a corona,7056352833-00,1469574084-00,9275195001-00
cuscinetto rullini nk 50/25,1689776736-00,6839459558-00,2873874475-00
nk 50/25 cuscinetto a rullini,1689776736-00,6839459558-00,2873874475-00
"cuscinetto rullini, NK 50/25",1689776736-00,6839459558-00,2873874475-00
cuscinetto rullini NK 55/35,5225495328-00,3628521450-00,3111837963-00
NK 55/35 cuscinetto a rullini,5225495328-00,3628521450-00,3111837963-00
corona di rullini cuscinetto NK 55/35,5225495328-00,3628521450-00,3111837963-00
cuscinetto rullini TN NK 6/12,8112582292-00,2709104285-00,8981416541-00
NK 6/12 cuscinetto a rullini,8112582292-00,2709104285-00,8981416541-00
cuscinetto rullini una corona TN 6/12,8112582292-00,2709104285-00,8981416541-00
cuscinetto a rullini NK 7/12 TN,8620546313-00,9741109116-00,5621744151-00
NK 7/12 TN cuscinetto rullini,8620546313-00,9741109116-00,5621744151-00
rullini cuscinetto NK 7/12 TN,8620546313-00,9741109116-00,5621744151-00
cuscinetto NK19/20 con rullini a corona singola,1964769773-00,1027628233-00,7966761424-00
NK19/20 cuscinetto rullini,1964769773-00,1027628233-00,7966761424-00
rullini cuscinetto NK19/20,1964769773-00,1027628233-00,7966761424-00
cuscinetto rullini NKI 10/20,9515153013-00,9593556803-00,9111163930-00
NKI 10/20 cuscinetto rullini 1 corona,9515153013-00,9593556803-00,9111163930-00
cuscinetto a rullini NKI 10/20,9515153013-00,9593556803-00,9111163930-00
cuscinetto NKI 100/30 rullini a una corona,5276410858-00,7734476041-00,7971238139-00
rullini NKI 100/30 cuscinetto a corona,5276410858-00,7734476041-00,7971238139-00
NKI 100/30 cuscinetto rullini unum,5276410858-00,7734476041-00,7971238139-00
cuscinetto rullini NKI 12/20,6621224456-00,6345654229-00,1376946622-00
NKI 12/20 cuscinetto una corona rullini,6621224456-00,6345654229-00,1376946622-00
rullini NKI 12/20 cuscinetto a corona,6621224456-00,6345654229-00,1376946622-00
cuscinetto rullini NKI 20/16 a corona singola,9741033403-00,6737430838-00,1778812082-00
rullini NKI 20/16 cuscinetto a una corona,9741033403-00,6737430838-00,1778812082-00
NKI 20/16 cuscinetto rullini tipo a corona,9741033403-00,6737430838-00,1778812082-00
cuscinetto NKI 20/20 con rullini,9612996235-00,3104080093-00,1500848500-00
rullini cuscinetto NKI 20/20 a una corona,9612996235-00,3104080093-00,1500848500-00
NKI 20/20 cuscinetto rullini a corona singola,9612996235-00,3104080093-00,1500848500-00
cuscinetto NKI 25/20 TN rullini una corona,9266148795-00,7540448458-00,4301909287-00
NKI 25/20 TN cuscinetto rullini,9266148795-00,7540448458-00,4301909287-00
rullini cuscinetto 25/20 TN NKI,9266148795-00,7540448458-00,4301909287-00
cuscinetto rullini NKI 35/20 TN,4481338477-00,2438994529-00,1429597897-00
NKI 35/20 TN cuscinetto a una corona di rullini,4481338477-00,2438994529-00,1429597897-00
cuscinetto rullini tipo NKI 35/20 TN,4481338477-00,2438994529-00,1429597897-00
cuscinetto rullini NKI 70/25 a una corona,4732482395-00,9147503056-00,4243875482-00
NKI 70/25 cuscinetto rullini singola corona,4732482395-00,9147503056-00,4243875482-00
cuscinetto NKI 70/25 rullini a una corona,4732482395-00,9147503056-00,4243875482-00
cuscinetto rullini NKIS 45,8813172774-00,6145862798-00,6438980949-00
NKIS 45 cuscinetto a rullini,8813172774-00,6145862798-00,6438980949-00
cuscinetto rullini una corona NKIS 45,8813172774-00,6145862798-00,6438980949-00
cuscinetto RNA 49/28 rullini 1 corona,1484422168-00,5501065460-00,6069903182-00
RNA 49/28 cuscinetto a rullini,1484422168-00,5501065460-00,6069903182-00
rullini cuscinetto 49/28 RNA,1484422168-00,5501065460-00,6069903182-00
cuscinetto rullini RNA 49/32 a una corona,8365455653-00,7826489678-00,5879115229-00
RNA 49/32 cuscinetto rullini,8365455653-00,7826489678-00,5879115229-00
cuscinetto a rullini RNA 49/32,8365455653-00,7826489678-00,5879115229-00
cuscinetto rullini RNA 4902 a corona unica,1625768085-00,2735987175-00,1736673130-00
"RNA 4902 cuscinetto rullini, tipo a corona",1625768085-00,2735987175-00,1736673130-00
"cuscinetto a rullini RNA4902, corona singola",1625768085-00,2735987175-00,1736673130-00
cuscinetto rullini RNA 4905 a corona,7541138863-00,3396052504-00,2008875850-00
RNA 4905 cuscinetto rullini tipo a una corona,7541138863-00,3396052504-00,2008875850-00
cuscinetto a rullini RNA4905 1 corona,7541138863-00,3396052504-00,2008875850-00
cuscinetto rullini RNA 4906 un corona,3152553412-00,4788689431-00,6161653291-00
RNA 4906 cuscinetto a rullini,3152553412-00,4788689431-00,6161653291-00
cuscinetto rullini tipo RNA 4906,3152553412-00,4788689431-00,6161653291-00
cuscinetto rullini RNA 4906.2RS a corona unica,5934919929-00,9299975640-00,9304821899-00
RNA 4906.2RS cuscinetto rullini con una corona,5934919929-00,9299975640-00,9304821899-00
cuscinetto a rullini 4906.2RS RNA tipo corona,5934919929-00,9299975640-00,9304821899-00
cuscinetto rullini RNA 4908 a una corona,9111163930-00,2589716124-00,4231466817-00
RNA 4908 cuscinetto rullini,9111163930-00,2589716124-00,4231466817-00
cuscinetto a rullini RNA 4908 corona singola,9111163930-00,2589716124-00,4231466817-00
cuscinetto rullini RNA 4909 una corona,4021551247-00,1876945966-00,1399047505-00
RNA 4909 cuscinetto rullini a corona,4021551247-00,1876945966-00,1399047505-00
cuscinetto a rullini RNA 4909 tipo corona,4021551247-00,1876945966-00,1399047505-00
cuscinetto RNA 4910 rullini a corona,7359180004-00,5997622662-00,7656917278-00
RNA 4910 cuscinetto rullini una corona,7359180004-00,5997622662-00,7656917278-00
rullini cuscinetto RNA 4910 tipo corona,7359180004-00,5997622662-00,7656917278-00
cuscinetto rullini RNA 4914,1785647874-00,7660587480-00,2833252741-00
RNA 4914 cuscinetto a rullini singoli,1785647874-00,7660587480-00,2833252741-00
rullini RNA 4914 cuscinetto corona unica,1785647874-00,7660587480-00,2833252741-00
cuscinetto RNA 4916 rullini corona unica,3111837963-00,5116998464-00,3664296603-00
RNA 4916 cuscinetto a rullini,3111837963-00,5116998464-00,3664296603-00
cuscinetto rullini 4916 tipo RNA,3111837963-00,5116998464-00,3664296603-00
cuscinetto RNA 6903 rullini una corona,2756427079-00,7034847370-00,8690964237-00
RNA 6903 cuscinetto rullini a corona,2756427079-00,7034847370-00,8690964237-00
cuscinetto rullini 6903 RNA,2756427079-00,7034847370-00,8690964237-00
cuscinetto RNA 6910 a rullini una corona,8824276530-00,1648801175-00,2722844269-00
RNA 6910 cuscinetti rullini,8824276530-00,1648801175-00,2722844269-00
cuscinetto rullini 6910 tipo RNA,8824276530-00,1648801175-00,2722844269-00
cuscinetto rullini RNA 6913,4243875482-00,3584946221-00,2779967050-00
RNA 6913 cuscinetto a corona rullini,4243875482-00,3584946221-00,2779967050-00
cuscinetto RNA 6913 rullini una corona,4243875482-00,3584946221-00,2779967050-00
cuscinetto VELMOR LSA8-14 sezione sottile,4834866204-00,3584946221-00,6506566613-00
LSA8-14 cuscinetto a sezione sottile VELMOR,4834866204-00,3584946221-00,6506566613-00
VELMOR cuscinetto sottile LSA8-14,4834866204-00,3584946221-00,6506566613-00
cuscinetto VELMOR LSA8-17 sezione sottile,1303415976-00,9732007045-00,5685286874-00
VELMOR LSA8-17 cuscinetto sottile,1303415976-00,9732007045-00,5685286874-00
LSA8-17 cuscinetto a sezione sottile VELMOR,1303415976-00,9732007045-00,5685286874-00
cuscinetto sfera lineare ORU KBO 2045 PP,7225268837-00,6145820055-00,2756427079-00
ORU KBO2045PP cuscinetto sferico,7225268837-00,6145820055-00,2756427079-00
cuscinetti sfera lineari KBO2045 PP,7225268837-00,6145820055-00,2756427079-00
cuscinetto sfera lineare oru kbs40-pp,7118497327-00,9625341535-00,8021852651-00
kbs40-pp cuscinetto sferico lineare,7118497327-00,9625341535-00,8021852651-00
cuscinetto ORU modello KBS40-PP,7118497327-00,9625341535-00,8021852651-00
cuscinetto sfera lineare ORU KN 2045 PP,4676557703-00,8625641545-00,1634454981-00
ORU KN 2045 PP cuscinetto sfera lineare,4676557703-00,8625641545-00,1634454981-00
cuscinetto lineare KN 2045 PP sfera ORU,4676557703-00,8625641545-00,1634454981-00
cuscinetto sfera lineare KN 2558 PP ORU,6119360463-00,4538507388-00,1399047505-00
ORU cuscinetto sfera lineare modello KN 2558 PP,6119360463-00,4538507388-00,1399047505-00
cuscinetto KN 2558PP sfera linea ORU,6119360463-00,4538507388-00,1399047505-00
cuscinetto sfera KH14-PPN lineare,6086560983-00,1410187978-00,8226467110-00
cuscinetto lineare PPN KH14 sfera,6086560983-00,1410187978-00,8226467110-00
KH14PPN cuscinetto sfera lineare,6086560983-00,1410187978-00,8226467110-00
cuscinetto SJ25C LORVEN acciaio inox A2,2807690610-00,8029233870-00,4317402654-00
LORVEN cuscinetto SJ25C in acciaio inox A2,2807690610-00,8029233870-00,4317402654-00
SJ25C cuscinetto A2 LORVEN materiale acciaio inox,2807690610-00,8029233870-00,4317402654-00
cuscinetto SJ25E LORVEN acciaio inox A2,9228068111-00,6700770175-00,4834866204-00
LORVEN SJ25E cuscinetto A2 in acciaio inox,9228068111-00,6700770175-00,4834866204-00
A2 cuscinetto SJ25E acciaio inox LORVEN,9228068111-00,6700770175-00,4834866204-00
cuscinetto jas 18 rs 18,2297062745-00,9464218475-00,3152553412-00
tipo jas 18 rs cuscinetto,2297062745-00,9464218475-00,3152553412-00
cuscinetto 18 rs tipo jas,2297062745-00,9464218475-00,3152553412-00
cuscinetto trasparente KOSAMI DR-30-B3-10.5,4389349426-00,8577088598-00,2859125868-00
KOSAMI DR-30-B3-10.5 cuscinetto trasparente,4389349426-00,8577088598-00,2859125868-00
cuscinetto DR-30-B3-10.5 trasparente KOSAMI,4389349426-00,8577088598-00,2859125868-00
ruota pesante supp.fissi Q+P50,7150466486-00,4251313627-00,6416879197-00
Q+P50 ruota fissa pesanti,7150466486-00,4251313627-00,6416879197-00
ruota con supporti fissi pesanti Q+P50,7150466486-00,4251313627-00,6416879197-00
ruota supp.girevole pesante Q+P50,6419553753-00,5463670446-00,6485532333-00
ruota girevole pesante modello Q+P50,6419553753-00,5463670446-00,6485532333-00
Q+P50 ruota con supporto girevole pesante,6419553753-00,5463670446-00,6485532333-00
ruota girevole senza freno diametro 100mm,1052468184-00,9747330567-00,7220467591-00
D100 ruota girevole senza freno,1052468184-00,9747330567-00,7220467591-00
ruota girevole 100mm senza freno,1052468184-00,9747330567-00,7220467591-00
ruota vro beta art. 12012 d125,7296303178-00,8811987705-00,4157467111-00
beta vro wheel model 12012 diameter 125,7296303178-00,8811987705-00,4157467111-00
articoli ruota d125 vro 12012 beta,7296303178-00,8811987705-00,4157467111-00
ruota vro beta 12026 diametro 160,4846801812-00,7123932343-00,4157467111-00
art.12026 ruota vro beta D160,4846801812-00,7123932343-00,4157467111-00
beta vro wheel 160mm articolo 12026,4846801812-00,7123932343-00,4157467111-00
ruota vro delta articolo 13058 diametro 100,6327543700-00,1013994276-00,6057518909-00
delta art. 13058 ruota D100,6327543700-00,1013994276-00,6057518909-00
ruota D100 vro delta 13058,6327543700-00,1013994276-00,6057518909-00
ruota vro D60 M320,7363194374-00,3119784394-00,2633402017-00
M320 ruota vro 60mm,7363194374-00,3119784394-00,2633402017-00
ruota D60 M320 vro,7363194374-00,3119784394-00,2633402017-00
ruota vro M420 con FR D60,7220467591-00,5621711058-00,2633402017-00
FR D60 ruota vro per M420,7220467591-00,5621711058-00,2633402017-00
M420 ruota vro + FR D60,7220467591-00,5621711058-00,2633402017-00
ruota vro M520 D60,6416879197-00,9836819829-00,2962086114-00
M520 D60 ruota vro,6416879197-00,9836819829-00,2962086114-00
vro wheel M520 diameter 60,6416879197-00,9836819829-00,2962086114-00
ruota vro M620 dim D60,2633402017-00,8376341210-00,6692181667-00
M620 ruota VRO 60mm,2633402017-00,8376341210-00,6692181667-00
D60 ruota vro M620,2633402017-00,8376341210-00,6692181667-00
ruota vro q p60 art.1061 d130,3824865055-00,7839026961-00,7150466486-00
d130 ruota vro q + p60 articolo 1061,3824865055-00,7839026961-00,7150466486-00
ruota art.1061 d130 tipo vro q p60,3824865055-00,7839026961-00,7150466486-00
ruota vro q p60 d130,6057518909-00,5846963981-00,1388817573-00
d130 ruota vro p60,6057518909-00,5846963981-00,1388817573-00
vro q ruota p60 diametro 130,6057518909-00,5846963981-00,1388817573-00
ruota vro QD D150 articolo 1003cc,4157467111-00,2057138330-00,7296303178-00
articolo 1003cc ruota vro 150mm,4157467111-00,2057138330-00,7296303178-00
RUOTA VRO D150 QD 1003cc,4157467111-00,2057138330-00,7296303178-00
Ruota VRO ZETA + E70 + FV ART.7305 diametro 100mm,9029186452-00,2506733412-00,5752034351-00
FV ART.7305 ruota D100 ZETA E70 VRO,9029186452-00,2506733412-00,5752034351-00
ruota 100mm ZETA E70 + FV 7305 VRO,9029186452-00,2506733412-00,5752034351-00
ruota vro zeta d100 e70 art.7305,8059232524-00,1568532537-00,1052468184-00
art.7305 ruota vro zeta dimensione d100,8059232524-00,1568532537-00,1052468184-00
vro zeta ruota e70 7305 d100,8059232524-00,1568532537-00,1052468184-00
ruota vro zeta e70 art.7355 diametro 100,4545019368-00,3763476385-00,3824865055-00
art. 7355 ruota vro zeta D100 E70,4545019368-00,3763476385-00,3824865055-00
zeta E70 ruota D100 7355,4545019368-00,3763476385-00,3824865055-00
ruota vro zeta 7405 D82 E70,5752034351-00,1978099364-00,4157467111-00
ART.7405 D82 ruota zeta E70,5752034351-00,1978099364-00,4157467111-00
ZETA ruota D82 E70 modello 7405,5752034351-00,1978099364-00,4157467111-00
ruota vro zeta M20 D100 FR ART.23105,7126761567-00,1096993174-00,7296303178-00
ART.23105 ruota vro zeta + M20 + diametro 100,7126761567-00,1096993174-00,7296303178-00
ruota D100 FR M20 vro zeta modello 23105,7126761567-00,1096993174-00,7296303178-00
ruota vro zeta M22 FR articolo 24001 diametro 80,3702814928-00,8368256870-00,4976501797-00
FR 24001 ruota vro D80 M22 zeta,3702814928-00,8368256870-00,4976501797-00
D80 ruota VRO zeta M22 art.24001,3702814928-00,8368256870-00,4976501797-00
ruota vro zeta m22 d80 art.24001,6485532333-00,7808173269-00,7220467591-00
art.24001 ruota zeta vro misura d80 m22,6485532333-00,7808173269-00,7220467591-00
m22 ruota vro zeta D80 24001,6485532333-00,7808173269-00,7220467591-00
ruota vro zeta M22 ART.24005 diametro 100,2962086114-00,8533726607-00,7220467591-00
D100 ruota vro zeta M22 articolo 24005,2962086114-00,8533726607-00,7220467591-00
vro zeta ruota D100 M22 ART 24005,2962086114-00,8533726607-00,7220467591-00
ruota vro zeta M22 D80 articolo 24101,1388817573-00,1703128847-00,3702814928-00
articolo 24101 ruota zeta + M22 diametro 80,1388817573-00,1703128847-00,3702814928-00
ruota D80 vro zeta M22 modello 24101,1388817573-00,1703128847-00,3702814928-00
ruota vro zeta m22 d100 art.24105,3139039835-00,5980354908-00,1388817573-00
art.24105 ruota zeta m22 diametro 100,3139039835-00,5980354908-00,1388817573-00
ruota vro zeta + m22 + d100 + 24105,3139039835-00,5980354908-00,1388817573-00
ruota vro zeta M22 D150 ART.24116,4976501797-00,1321057021-00,3702814928-00
ART.24116 ruota D150 M22 vro zeta,4976501797-00,1321057021-00,3702814928-00
ruota D150 M22 + vro zeta art. 24116,4976501797-00,1321057021-00,3702814928-00
ruota vro zeta D100 P60 art.23853,6692181667-00,5348129455-00,3824865055-00
D100 ruota vro zeta + P60 23853,6692181667-00,5348129455-00,3824865055-00
vro zeta ruota P60 articolo 23853 D100,6692181667-00,5348129455-00,3824865055-00
