query,positive,hard_negative,soft_negative
search deep grove ball bearing 629 info,6526985464-00,2561394108-00,4417015971-00
I want: 629 deep-groved bbearings specifc,6526985464-00,7564947432-00,6480966456-00
give me deep groove 629 ball beering,6526985464-00,1872210053-00,4571590299-00
info about deep groove ball brng 630/8 2-rs-ry,1778812082-00,4200127880-00,8222495190-00
search for deepgrove bearings 2RS-RY 630/8,1778812082-00,1211253224-00,3738435794-00
give me deepgroove b ball brg 630 8 RS RY,1778812082-00,5439349326-00,9745921972-00
info on 1214 etn9 self align bal bearing,8501258214-00,6099664890-00,8267716595-00
search for selfaligning BBearing; code 1214ETN9?,8501258214-00,1442542605-00,6711268221-00
give me: self alining bball-bearing 1214 et12n9,8501258214-00,3984544458-00,7359180004-00
search plz for selfaligning bal bearing 2204e 2rs1tn9,7608996579-00,8535159829-00,2779967050-00
info on sellf-align ball bering 2204E-2RS1TN9?,7608996579-00,5439349326-00,2642506992-00
i want specific self-aligning bbearing 2204 e2rs1tn9 pls,7608996579-00,3984544458-00,3642729084-00
search 2 row angular cntac ball bering 3201 AT-n9 plz,3589328560-00,4736528681-00,2323356604-00
info about double bearing 3201atn9/ang contact row type,3589328560-00,8226467110-00,6438980949-00
give me spcific details for angular cont DOUBLE ROW BALL 3201-ATN9,3589328560-00,1454292720-00,6662252496-00
search 2-row angular contract bearing 3204 aTn9,7280147626-00,4736528681-00,8596689344-00
info for double rows ang. cont. bball bearing ATN9-3204,7280147626-00,2830358974-00,2890825468-00
give me 3204 ATN9 double-row angular contat ball bearing,7280147626-00,3056222605-00,7707915166-00
search double row angular contct b-bearng 3205 ATN-9 infos,9010947482-00,2693880860-00,7398474472-00
specific 2row angular contact ballbearing 3205atn9 i need,9010947482-00,7280147626-00,7997028723-00
2-row angular berring 3205 / ATN-9 for contact pls,9010947482-00,3664767599-00,6192682953-00
search 2-row angular contct bball bearing 3206 atN9,4736528681-00,8226467110-00,4200127880-00
I want: doubel row angled contact brg 3206 aTN9 info,4736528681-00,3166847823-00,9487173729-00
specific double rw anguler conact b-bearing / 3206-ATN9,4736528681-00,5178196899-00,5794953922-00
search 2-row angular contact b-bearnig 3207ATN9 specs?,8226467110-00,7280147626-00,3539538119-00
info on double r. angular contct ball bearng model 3207 atN9,8226467110-00,3664767599-00,2642506992-00
I want: 2r ang contact BALL bearrings typ 3207/ATN9.,8226467110-00,1454292720-00,1071330167-00
search dbl row ang cont ball-bearng 3212/atn9,3664767599-00,1454292720-00,5337956037-00
info 2 rw angular contact bbearing 3212 atn-9 pls,3664767599-00,8201515478-00,7988037521-00
I want: double rw ang. contact b-bearing 3212 at 9,3664767599-00,3166847823-00,2599343660-00
search: 2 row angelr contact b-ball bearing 3304 atn9,2693880860-00,7280147626-00,1499210270-00
info on that double-row angular contct bearing code 3304 ATN9,2693880860-00,5178196899-00,3193792857-00
i want: duble r0w angle contact bearing /3304-ATN9,2693880860-00,3166847823-00,1843344004-00
search 2row angular contact baring 3305-ATN9,3166847823-00,5178196899-00,6345654229-00
info on double row ang. contct ball-baring 3305atN9?,3166847823-00,5178196899-00,5659214768-00
give me double-row angular contact b bearing 3305/atn9,3166847823-00,3664767599-00,8365455653-00
search for a 2-row angular contct b-baring 3307ATN9,1454292720-00,3166847823-00,1318185697-00
info doble row angle contact ballbearng typ atn9 3307,1454292720-00,4736528681-00,2756774135-00
I want: a DoubleRow angular contct bal bearing model 3307 ATN9,1454292720-00,3664767599-00,2167417774-00
search for: 2 rOW angular cont bearing 3308atn9 double row type,5178196899-00,7280147626-00,9167644979-00
info bout double row andgular contact b-ball bering 3308 ATN9,5178196899-00,3166847823-00,4365586622-00
I need: 2row angular cntact ball bearing 3308-ATN9,5178196899-00,3056222605-00,6792307074-00
find me info for 2-row angular contct b-bearing 3309-ATN9,3056222605-00,7280147626-00,4200127880-00
search dbll row anglr contact ball bearin code 3309atn9,3056222605-00,3589328560-00,2167417774-00
i want angular contact bering 2rw type 3309 aTN9 fl specs,3056222605-00,5178196899-00,9681999783-00
"looking for 2row ball bering double deep type groove model 4200, atn9",2561394108-00,1454292720-00,1736673130-00
"info on deep-groove 2 row ball BERINGS 4200/atn9, pls",2561394108-00,4736528681-00,4725934533-00
"specific 4200 AT9N doble bearing, DEEP groove 2ROWS",2561394108-00,1872210053-00,1429597897-00
search doubl rowd deep gruve bering 4204-ATN9,5879115229-00,4736528681-00,9985019990-00
info for 2row groove ball berring 4204 at N9 plz,5879115229-00,4736528681-00,7966761424-00
spesific double-rowd groov bal baring -4204 atn9,5879115229-00,4736528681-00,5652404820-00
search needle roller rna 4902 bearing single rw,1625768085-00,1785647874-00,2010439133-00
info about the needel roller bearing RNA-4902,1625768085-00,9551318466-00,7664309470-00
"I want: singl row bearing, rna4902, roller needle",1625768085-00,5124901454-00,3409610748-00
search for 6001 deep grov ballbearing,8329315855-00,3301113478-00,6811106407-00
info on ball bearing type deepgroove BB code 6001,8329315855-00,2835082719-00,2179472331-00
i need specific deep grooveed 6001 bearing pls,8329315855-00,8596689344-00,2010439133-00
Find info deep groov bearin 6002 type?,1872210053-00,6586389960-00,6015093811-00
"Search for 6002 ball bearings grooved, deep ones.",1872210053-00,5879115229-00,3301113478-00
specific info deep-groove Bebaring model num. 6002.,1872210053-00,6526985464-00,1159958664-00
find info on deep grove ball baring 604,8267716595-00,2438994529-00,2913148877-00
I want 6004 deepgrove ballbearing details pls,8267716595-00,4411161347-00,6951776968-00
search deep-grove BEARING balll type 6004,8267716595-00,4807745763-00,7731941463-00
search 4 deep grove bal bering 6005,6768070251-00,4200127880-00,1464206595-00
I want deep groov ball bearing size 6005 plz,6768070251-00,8329315855-00,4571590299-00
info on 6005 deep-groove bearng,6768070251-00,3178453665-00,6674044697-00
search 6008 ball baring with groves,4807745763-00,3761118568-00,5178196899-00
info on DEEP-deep grovo bearing typ 6008,4807745763-00,2948676075-00,5277900050-00
I want: 6008 deep-groov bbearing,4807745763-00,8267716595-00,9092070035-00
search for deap groove ball-bearing 6015 info,5079219078-00,5879115229-00,8520539423-00
i want 6015 deep-groove BB,5079219078-00,3878276711-00,4078903042-00
specific deep grov b bearing code 6015,5079219078-00,2569431920-00,6080942541-00
find deep groove ball brng 6200 series plz,8376341210-00,2118591654-00,8690964237-00
info on deep groove B-bearng code 6200,8376341210-00,6824584696-00,2098611045-00
search Deeop groov ball bearing #6200,8376341210-00,5962016512-00,5439349326-00
info on deep groov ball bearng 6201 pls,2815418110-00,3761118568-00,3178453665-00
search 6201 deep-grove b-bearings specs,2815418110-00,9556016514-00,6960522247-00
give details for deeep groves bearing 6201,2815418110-00,3403872805-00,2506733412-00
search deep grov ball bearin 62003 inf,2569431920-00,5379178942-00,6786384278-00
want: 6203 deepgrove bearrings,2569431920-00,2748816495-00,6345654229-00
info deep grooove bal bea 6203,2569431920-00,8267716595-00,8021852651-00
Search deep goove ballbearing type 62004,9051475783-00,6526985464-00,8021852651-00
info: 6204 deep groov ball bearing needed,9051475783-00,8329315855-00,4220919257-00
need data for 6204 deep-groove b-bearrings,9051475783-00,3810906932-00,2748816495-00
search for deep grove ballbarring 6205,2179472331-00,4200127880-00,1360393557-00
info on groove-deep 6205 ball berings,2179472331-00,2118591654-00,9745921972-00
"find 6205 bbearing, deep grov type",2179472331-00,2815418110-00,2569747623-00
search info for ball bearing deep groove model 6206,7656917278-00,8596689344-00,2032105748-00
deep groov bearing type 6206 plz find?,7656917278-00,7959077921-00,7699881798-00
ballbearng / 6206 deepgroove info,7656917278-00,7959077921-00,2036427045-00
serch DEEP GROVve ball bearng 6207,4200127880-00,5379178942-00,4220919257-00
info on 6207 deep-groove ball berings,4200127880-00,7731941463-00,1736673130-00
want ballbearing 6207 deepgrove type pls,4200127880-00,6192682953-00,2036427045-00
search deep groov ball bearing type 6208,2086169402-00,2561394108-00,5124484992-00
6208 groove b-bearings deep info,2086169402-00,8329315855-00,3810906932-00
i want: deep groove bearing 6208 ball,2086169402-00,5879115229-00,3420283645-00
search 4 info on deep groov ball bearing type 6216,1582619643-00,1872210053-00,2790637539-00
deep grove b-baring code: 6216 pls,1582619643-00,2118591654-00,4251313627-00
I want a 6216 deep groove bearing,1582619643-00,2055284905-00,1642873948-00
serch deep grov ball bearing 6228,8735514073-00,2561394108-00,8021852651-00
info on 6228 deepgroove b-bearrings,8735514073-00,2748816495-00,6951776968-00
I want deep grooved 6228 ballbearin,8735514073-00,5212948757-00,2561394108-00
search info for deep grooving ball bearin 6303,4562806135-00,5879115229-00,1695355830-00
6303 deep groove type bearing ball thing,4562806135-00,5079219078-00,4725934533-00
Give me: ball  bearing deep groves 6303,4562806135-00,1582619643-00,3634085133-00
search deep groove ballbearinbg 6043,6970809125-00,2118591654-00,3255745551-00
I want: deep grove rolling b-bearing 6304 info,6970809125-00,2815418110-00,3878276711-00
spesific 6304 groove ball type bearing,6970809125-00,2086169402-00,1804489327-00
search deep groove ballbearing 6305 2rz,7241073437-00,8690964237-00,9101084712-00
info for grooved deep ball bering 6305-2Rz,7241073437-00,5915174609-00,9101084712-00
i want: deep groove b bearrings 6305 / 2rz,7241073437-00,4807745763-00,2359786082-00
info on 6307 ball bearin / deep groof type,7564947432-00,7617818121-00,6674044697-00
search 6307 deep-groove beering,7564947432-00,1872210053-00,4751202753-00
give me deeep grooved b-bearings code 6307,7564947432-00,5915174609-00,4052349502-00
search: deep grove ball bearings 61908 info,2920035791-00,8027272493-00,1074177481-00
"61908 deep-groov bearing specs, plz",2920035791-00,7564947432-00,9304821899-00
specific info for deep groov BALL beering 61908,2920035791-00,3761118568-00,8690964237-00
b-bearing 7010 acd p4adba any other info like angular contact,6752477895-00,9010947482-00,7359180004-00
finding the angular contact bearing 7010 acd/p4adba,6752477895-00,1920622049-00,9324563672-00
exploration for b-bearing 7010 acd-p4adba angular contact,6752477895-00,1920622049-00,2739077386-00
search for b-bearing 7011 acd p4a angle cont.,6919265037-00,5648611363-00,5610238284-00
info on ang cont 7011 b-beaing acd/p4a,6919265037-00,7176768192-00,4465044592-00
giv me b bearing acd p4a 7011 angle cont.,6919265037-00,9167644979-00,6877469816-00
ang cont b bearing 7013 cd plus p4adga search,3912035463-00,2969832734-00,8329315855-00
b-bearing 7013 cd p4adga also info about angular contact,3912035463-00,7083538772-00,4562806135-00
find ang. contact b bearing model 7013 cd p4adga plz,3912035463-00,3939779254-00,3200232652-00
looking for b-bearing s7014 ang. cont. acdga p4a,1096993174-00,8526360040-00,1642873948-00
searchin for acdga/p4a b-bearing s7014 ang. cont.,1096993174-00,2873874475-00,3420283645-00
info on ang cont. bearings s 7014 p4a acdga types,1096993174-00,8526360040-00,5903303792-00
search for ang cont b bearing s7015 acdga p4a or similiar,8204973030-00,2873874475-00,6178070846-00
b beerng s7015 acdga/p4a finding aid please,8204973030-00,1096993174-00,9681999783-00
need info about ang.cont bearng s7015A  p4 a,8204973030-00,4930835243-00,7988037521-00
plz show me ang. cont. b bear 7201 bep stuff,3789444311-00,4930835243-00,4220919257-00
searching for b-bearing 7201 bep ang. content,3789444311-00,4930835243-00,5124901454-00
info on ang cont b-bearing 7201 bep parts???,3789444311-00,9636694855-00,6877469816-00
search for ang cont ball bearing 7204 bep or any similar ones,9116099346-00,1487938653-00,8425163072-00
i want b bearing 7204 bep angular contact type if possible,9116099346-00,8201515478-00,8891849873-00
find me angular cont bearing 7204 bep n stuff,9116099346-00,3789444311-00,3403872805-00
search for ang.cont.bearing s7209 acdga p4a,9941168753-00,5218800597-00,2948676075-00
info about bearing s7209 acdga ang continuation type p4a,9941168753-00,1096993174-00,8329315855-00
where i can find S7209 acdga p4a angular contact bearing,9941168753-00,8204973030-00,8696018241-00
search for angulared cont. b-bearings 7213 acdga/p4a,5648611363-00,8099456195-00,3454525239-00
info on 7213 acdga p4a ang b bearing type,5648611363-00,9941168753-00,2599343660-00
give me ang. cont b-bearing 7213 acdga/p4 a details,5648611363-00,1096993174-00,3923826893-00
search for bearing 11207 and maybe size or types,4478587001-00,8979284849-00,2170650291-00
"info on 11207 bearing, like materials or sizes",4478587001-00,2845499435-00,6015093811-00
"give me 11207 bearing stuff, what it is and any sizes or specs",4478587001-00,2807690610-00,2401035377-00
search for b-bearing 3204 atn9/c2 angular contact,2830358974-00,3664767599-00,4867102292-00
info on angular contac bearing 3204 atn9 c2,2830358974-00,6779624979-00,5660497797-00
want to find ang cont ball bearing 3204 atn9/c2,2830358974-00,7280147626-00,6960522247-00
angulr cont b-bearing model 3205 atn9 c2,6779624979-00,8226467110-00,2920035791-00
looking for bearing 3205atn9/c2 angulr cont.,6779624979-00,5823862226-00,7417715853-00
pls give me ang. contact b-bearing 3205 atn 9 c2 xmm size,6779624979-00,9010947482-00,1634786010-00
search deep groove ball bearing 16004 info plz,1376946622-00,5879115229-00,2506646912-00
where iz 16004 b-bearng deep grooov,1376946622-00,8329315855-00,9101084712-00
need deep groove bearing 16004 type ball pls,1376946622-00,2561394108-00,5652404820-00
deep grove b bearing 16007 size whats the specs,6586389960-00,4200127880-00,7458208800-00
I want to find deep b-bearing 16007 groov thing,6586389960-00,4200127880-00,3923826893-00
info for bearing 16007 deep groove b type please,6586389960-00,4562806135-00,8161850682-00
search for b-bearing s7014 ang cont acdga/p4a type,6749247184-00,9827472106-00,4562806135-00
find s7014 bearing acdga/P4a angular cont,6749247184-00,6919265037-00,5337956037-00
info about acdga p4a b-bearing s7014 ang cont like,6749247184-00,2873874475-00,5079219078-00
search for retaining ring frb 10 120 size,5357993975-00,4692228309-00,6478345925-00
info about frb 10/120 retaning ring component,5357993975-00,2034326186-00,6484615821-00
need data on ring frb 10-120 retainer type,5357993975-00,2034326186-00,3970194616-00
need h 313 adapter sleve for a project or something,9526753360-00,6267553235-00,5652404820-00
h313 sleev adapter types n sizes for machinery,9526753360-00,1318185697-00,6711268221-00
pls help find adapter sleeve h313 or similar ones,9526753360-00,7740098792-00,6711268221-00
search for spherical roll bearing 22213 ek part pls,1748309131-00,3409610748-00,2981854107-00
info on 22213 ek spherical roller bearings type,1748309131-00,3409610748-00,7044481484-00
give me details on spherical bearing 22213 ek ok,1748309131-00,4921777111-00,5660497797-00
searching for felt seal tsna 513 c material like looking for,2563891919-00,5865483017-00,1861548310-00
i need the tsna 513 c type seal felt,2563891919-00,5865483017-00,1861548310-00
info on 513 c seal felt tsna i am looking for,2563891919-00,1219718861-00,6178070846-00
search for spherical roller bearin 22216 e and other similar ones,2010439133-00,4956672336-00,4727133865-00
"looking for 22216 e spherical roller bearin, need specific info",2010439133-00,3409610748-00,9501685511-00
need the spherical roller bearings like 22216 E or somthing similar plz,2010439133-00,1843344004-00,9371809952-00
search for frb 12.5 140 retaining ring thingy,4692228309-00,6354125661-00,8112582292-00
give me retaining ring frb 140 size 12.5,4692228309-00,1207395784-00,9581036835-00
want info on 12.5 frb 140 ring retaining thingy,4692228309-00,5357993975-00,2743205990-00
search for lip sealing dh 216 type material,5865483017-00,4411161347-00,7952451883-00
need info on dh216 seal lip components,5865483017-00,6051170151-00,6711268221-00
looking for lip seal model dh 216 specific info,5865483017-00,1826684776-00,6951776968-00
lip seal code 516 4 where can I find it?,1826684776-00,9681999783-00,6345654229-00
search fo tsn 516 4 lip seal like give me info on it,1826684776-00,2605789397-00,1861548310-00
lookin for seal lip tsn 516 four how to get this?,1826684776-00,6051170151-00,9196144313-00
search spherical roller bearing 22216ek  size info,4921777111-00,7857794706-00,7333334677-00
gimme 22216 ek spherical roller bearings pls,4921777111-00,7857794706-00,5276410858-00
need info on spherical roller bearings 22216ek maybe,4921777111-00,4956672336-00,8620546313-00
search for adapter sleeve type h316 material pls,7099357687-00,1318185697-00,2036427045-00
i need the h 316 adapter sleeve thingy,7099357687-00,6529849998-00,2036427045-00
find adapter sleeve h-316 specs and info,7099357687-00,1016512264-00,2036427045-00
search for adapter sleeve h2318 size and type,1016512264-00,1442542605-00,6951776968-00
h 2318 adapter sleeve info wanted maybe,1016512264-00,4411161347-00,6951776968-00
can I get the adapter sleeve h 2318 in the system?,1016512264-00,6267553235-00,6951776968-00
search felt seal tsna 518c for my project need,1219718861-00,2563891919-00,2036427045-00
can u find me felt seal code tsna=518 c pls,1219718861-00,7970501472-00,6178070846-00
lookin for tsna518c felt sealing material for repair,1219718861-00,1318185697-00,5652404820-00
search for retaining ring frb 6.25 160 size or maybe other types pls,9383943811-00,7261025418-00,2506646912-00
"im looking for frb 6,25/160 retaining ring and any kinda alternatives",9383943811-00,7261025418-00,6345654229-00
can u help me find 6.25/160 frb ring retaining type thingy or similar items,9383943811-00,3806516682-00,7976170256-00
search for ang cont b bearing 3205 2rs inox,1455229100-00,6779624979-00,2920035791-00
looking for b-bearing 3205 inox 2rs ang cont type,1455229100-00,9010947482-00,4921777111-00
info on inox ang cont b bearing 3205-2rs,1455229100-00,9010947482-00,3403872805-00
search spherical roller bearing 23218 cck/w33 for info,9324563672-00,2010439133-00,6438980949-00
i want spherical bering 23218 cck w33 for my machine,9324563672-00,8635651210-00,6178070846-00
give me 23218 cck/w33 spherical rollr bearing specifics or indications,9324563672-00,2010439133-00,2756427079-00
search for b-bearing inox 4204-2rs ang cont.,1402897100-00,2370411599-00,8979284849-00
info on 4204 2rs stainless steel angular contact b-bearing,1402897100-00,2370411599-00,3119784394-00
need ang cont b-bearing inox 4204-2rs for project,1402897100-00,4796572961-00,5431850038-00
search for taperd roller bearing like 30205 j2/q,4317402654-00,4956672336-00,5249463039-00
looking for 30205 j2/q tapered bearing type,4317402654-00,7458208800-00,9111163930-00
pls help me find roller bearings tapered 30205 j2/q model,4317402654-00,2722844269-00,4743934823-00
search for tapered roller bearing 31305 df and like components and extra info,5674192739-00,5945613579-00,7212218295-00
i need the 31305/d-f tapered roller bearings and any similar items that fits,5674192739-00,2890825468-00,6741886649-00
looking for roller bearing tapered 31305 df or somthing like it in the inventory,5674192739-00,2599343660-00,5827014141-00
search tapered roller bearings 32004 x/q is there any,1634786010-00,7071447618-00,2739077386-00
need info on roller bearing x/q type 32004 tapered,1634786010-00,2599343660-00,6365943916-00
give me bearin 32004 x/q hmmm tapered roller types,1634786010-00,7458208800-00,5185231715-00
looking for tapered roller bearing 32005 x/q model with specs needed,1875361036-00,2599343660-00,9918136165-00
where can I find info on tapered bearings sizes 32005 x/q pls ?,1875361036-00,5945613579-00,8891849873-00
need the 32005 x/q tapered rollar bearing not sure about detais,1875361036-00,2890825468-00,4301909287-00
search for tapered roller bearing 32006 x/q or similar ones plz,6434397493-00,7458208800-00,3728612861-00
can u find me a 32006 x/q tapered bearings(type roller),6434397493-00,5054442680-00,2057314738-00
looking for roller bearngs that are tapered like 32006 x/q,6434397493-00,5945613579-00,2833252741-00
search for tapered roller bearing 32007 x/q what’s the details,7256263291-00,2722844269-00,9612996235-00
i need info on 32007 x/q bearing roller taper,7256263291-00,8161850682-00,5225495328-00
give me: roller bearing tapered model 32007 x/q maybe other types also,7256263291-00,5054442680-00,5934919929-00
looking for tapered roller bearing 32008 x q or similar,1070027217-00,5054442680-00,5037382791-00
search for 32008 q tapered roller bearing kinda thing,1070027217-00,6344833046-00,9501685511-00
where can I find roller bearing 32008 x/q tapered specs?,1070027217-00,2722844269-00,1501058271-00
search for tapered roller bearings 32009 from x/q type or similar,6877469816-00,6354617632-00,4643465183-00
info on roller bearing 32009 x/q what it means,6877469816-00,3409610748-00,8365455653-00
looking for taperd roller bearing 32009 excatly x/q specs,6877469816-00,1748309131-00,6765111973-00
search for tapered roller bearng 32014 x/q whith specific details,6354617632-00,3923826893-00,7056352833-00
info on 32014 x/q tapered roller bearings types n sizes,6354617632-00,1875361036-00,2833252741-00
give me tapered roller bearing 32014 x q or similar options please,6354617632-00,5054442680-00,6304011625-00
search for tapered roller bearing 32020 x q size and stuff,3923826893-00,6344833046-00,2928643503-00
info about bearing 32020 x/q tapered roller,3923826893-00,2722844269-00,4481338477-00
looking for 32020x/q roller bearing tapered type,3923826893-00,5945613579-00,4481338477-00
search for tapered bearing 320/32 x q or smth similar,3325422228-00,6354617632-00,9324563672-00
info on 320/32 x/q taper roller bearin,3325422228-00,7453588100-00,4727133865-00
give me tapered roller bearing 320 32 x/q or close enuff,3325422228-00,5945613579-00,9266148795-00
looking for tapered roller bearing size 32928 please,6080942541-00,2599343660-00,6161653291-00
32928 bearing tapered roller search,6080942541-00,2599343660-00,1211253224-00
want roller bearing type tapered 32928 here,6080942541-00,2722844269-00,4727133865-00
"search tapered rolerr bearing type 32934, like size and dimension stuff plz",2722844269-00,7256263291-00,7541138863-00
"I need info about bearing 32934 tapered roller, what it looks like?",2722844269-00,7458208800-00,9026041071-00
"find me tapered roller bearring 32934 and tell me the sizes or any code related, thanks",2722844269-00,7256263291-00,3812303110-00
search for tapered roller bearng 33016 size and info,5076189624-00,1070027217-00,1268066289-00
i want to find 33016 tapered roller beairngs plz,5076189624-00,6877469816-00,6161653291-00
give me info on bearng 33016 tapered roller types,5076189624-00,7659070552-00,5037382791-00
lookin for tapered roller bearing size 33020 and info,5945613579-00,7659070552-00,7452840785-00
33020 bearing tapered roller specs where can find pls,5945613579-00,5054442680-00,2798380832-00
"search for roller bearing, tapered, 33020 size, what it like",5945613579-00,7071447618-00,6428135444-00
search for tapered roller bearings 33108 so i can find plz help,7458208800-00,1070027217-00,6428135444-00
"looking for 33108 tapered roller bearing, wher can i locate that?",7458208800-00,6080942541-00,9371809952-00
"give me info on bearing 33108 roller tappered, what size is it?",7458208800-00,8161850682-00,5827014141-00
search thrust ball bearing 51100 type please,1429597897-00,3420283645-00,4925955239-00
info on ball bearing 51100 thrust size,1429597897-00,6954730411-00,8501258214-00
where can I find thrust bearing 51100 or maybe something similar?,1429597897-00,5962016512-00,4243875482-00
thrust ball bearing 51102 size and what it does searched,3875557124-00,6954730411-00,7136905351-00
looking for info on bearing 51102 thrust ball type,3875557124-00,1429597897-00,1721477118-00
find thrust bearing 51102 and its details maybe,3875557124-00,2835082719-00,2045686967-00
search for thrust ball bearing 51103 spec or details,7567206630-00,7534578004-00,4706798503-00
info on bearing 51103 thrust ball size and types,7567206630-00,3633336925-00,8596689344-00
"i want thrust ball bearing, like 51103 plz tell me about it",7567206630-00,3875557124-00,2693880860-00
search for thrust ball bearing 51104 size and details maybe,7907391950-00,6954730411-00,7617818121-00
"info thrust bearing 51104, i need like the specs and stuff",7907391950-00,9304821899-00,8813172774-00
"where can i find info on 51104 thrust ball bearing, any size help?",7907391950-00,7534578004-00,8262411778-00
"search for thrust ball bearing model 51105, like bearings for thrust specs",8696018241-00,2835082719-00,6960522247-00
I need info on 51105 thrust ball bearing thing,8696018241-00,7534578004-00,5439349326-00
give me thrust ball bearings 51105 or somthing similar to that,8696018241-00,2835082719-00,3166847823-00
thrust ball bering 51106 with specific size please,3633336925-00,7567206630-00,5178196899-00
info on 51106 thrust bearing big or small,3633336925-00,5962016512-00,8376341210-00
search thrust bering 51106 for my project plz,3633336925-00,3929801887-00,3379105488-00
search for thrust ball bearing 51108 size and info,3740504429-00,3420283645-00,9556016514-00
thrust ball bearings 51108 specification details needed,3740504429-00,3420283645-00,6345654229-00
i want thrust berring 51108 info with size and types,3740504429-00,5962016512-00,7398474472-00
find thrust bearing 51111 type ball in stock please,3193792857-00,1642873948-00,3664767599-00
search for 51111 thrustball bearings for my project,3193792857-00,7349941438-00,1861548310-00
"i need thrust ballbearings 51111, like wheres those?",3193792857-00,3929801887-00,6198473236-00
search thrust bearing 51112 size info please,1642873948-00,5962016512-00,8576546004-00
thrustballbearing 51112 what is it?,1642873948-00,1318185697-00,6711268221-00
i want thrust ball bearing number 51112 details and size,1642873948-00,3633336925-00,2055284905-00
search for thrustball bering 51120 size or something like that,8059254291-00,5903303792-00,1861548310-00
can u give me info on 51120 thrust bearing kinda thing,8059254291-00,8696018241-00,1625768085-00
looking for 51120 thrust ball beering maybe some details if possible,8059254291-00,1642873948-00,3379105488-00
"throst ball bearing 51122, need info on size n type pls",5337956037-00,3193792857-00,4956672336-00
"search for 51122 thrust bering, what is it",5337956037-00,5685286874-00,2715100092-00
"thrust bearin 51122, give me details and size and more",5337956037-00,9304821899-00,6198473236-00
"search for thrust ball bearing 51124, need info on this one.",1736673130-00,8696018241-00,7044481484-00
thrust ball brg 51124 size and types details.,1736673130-00,2835082719-00,5979277982-00
"give me thrust bearing 51124 please, looking for specs.",1736673130-00,1429597897-00,4438679634-00
find thrust ball bearing 51130 type please,5962016512-00,8696018241-00,9044786768-00
im lookin for ball bearing thurst 51130,5962016512-00,9304821899-00,5429558500-00
search for 51130 thrus ball bearing pls,5962016512-00,5685286874-00,5610238284-00
looking for thrust ball bering 51144 or maybe somthing similar,3929801887-00,1736673130-00,6119360463-00
"thrust bering 51144, any info on that part?",3929801887-00,3420283645-00,6008985204-00
want to search thrust ball bearing type 51144 pls!,3929801887-00,7907391950-00,7946949392-00
"thrust ball bearing 51200 type, could u help me find it?",5685286874-00,8696018241-00,7946949392-00
"need info about 51200 thrust balls bearing, size maybe?",5685286874-00,3875557124-00,6080942541-00
"searching for ball bearing 51200 thrust, any specific details pls?",5685286874-00,3875557124-00,6365943916-00
search for 51204 thrust ball bearngs and info,8107621338-00,1642873948-00,1473554121-00
thrust bearng 51204 type specific plz help,8107621338-00,3745610842-00,6198473236-00
giv me bearing 51204 and thrust type info please,8107621338-00,2835082719-00,1634786010-00
thrust ball bearin 51205 size and detials plz,6954730411-00,3740504429-00,6529849998-00
info on 51205 thrust bearings for the project pls,6954730411-00,1811269553-00,4225769061-00
where to find thrust ball bearin 51205 type things,6954730411-00,7567206630-00,6543774793-00
"thrust ball bearings 51305, new and replacement info I need",3745610842-00,1736673130-00,9010947482-00
"looking for 51305 type thrust balls bearing, size details please",3745610842-00,7907391950-00,7489900871-00
"thrust bearing specs 51305, where can I find that?",3745610842-00,3420283645-00,2722844269-00
thrust ball bearring 51405 need help finding it,9304821899-00,5337956037-00,3211385349-00
search 51405 thrust bearing ball what is that,9304821899-00,8696018241-00,2807690610-00
I want thrust ball bearing size 51405 specifcs,9304821899-00,7907391950-00,6360710927-00
search for thrust ball bearings 52202 with sizes and other info,7534578004-00,1736673130-00,5128603712-00
give me all thrust ball bearing 52202 details and specifications,7534578004-00,3420283645-00,1321057021-00
want thrust ball bearing 52202 or similar types and sizes please,7534578004-00,3875557124-00,9336506479-00
thrust ball bearing 52204 plz search for it,2835082719-00,3193792857-00,6360710927-00
"info on 52204 ball bearing thrust, like is it big or small?",2835082719-00,1429597897-00,8535159829-00
"looking for thrust bearing code 52204, help me with details",2835082719-00,8696018241-00,4021551247-00
search deep groove b-bearing 61800 and some other sizes,8596689344-00,2815418110-00,2845499435-00
info about bearing 61800 deep g-roove type,8596689344-00,1872210053-00,7857794706-00
help me find 61800 deep groove ball bearings please,8596689344-00,4289477543-00,6765111973-00
search for b-bearing deep groove 61802-2rs1 maybe sum info about it,2981854107-00,8057376401-00,2328078956-00
can u find deep groove ball bearing code 61802-2rs1 pls,2981854107-00,8027272493-00,2506646912-00
I want deeps groove bbearng 61802 two rs1 in de database,2981854107-00,6586389960-00,1445209486-00
find deep groove b bearing 61804 size pls,2948676075-00,2086169402-00,7123932343-00
looking for bearings 61804 type deep grooved,2948676075-00,9276516840-00,4966456272-00
search info deep groove ballbearin 61804 pls help,2948676075-00,6526985464-00,6960522247-00
search for deep groove b bnaring 61811 type plz,8256451220-00,8267716595-00,9101084712-00
need info on bearing 61811 deepgrove ball,8256451220-00,8107621338-00,2055284905-00
looking for 61811 deep groove b bearing or somthing similar,8256451220-00,9927360461-00,3923826893-00
search for deep groove b bearing 61812 2rs1 or similar thing,2403389392-00,3892688398-00,1721477118-00
info on deepgroove ball bearing 61812-2Rs1 please,2403389392-00,7688968790-00,1464206595-00
looking for 61812-2rs1 bearing deep groove b type,2403389392-00,7688968790-00,3636027469-00
searching for b-bearings deep groove like 61814-2rs1,7649021906-00,2541182070-00,7349941438-00
need info on deep groove bearing size 61814-2 rs1,7649021906-00,8735514073-00,4751202753-00
give me deep groove ball bearing 61814 with 2rs1,7649021906-00,9151720152-00,4327921388-00
search deep groove b bearing 61816 2rs1 size and more info plz,1360393557-00,3892688398-00,8443687500-00
gimme deep groove bearing 61816-2rs1 like what is this,1360393557-00,2607022206-00,9275195001-00
looking for 61816 2rs1 b-type deep groove bearings for machine,1360393557-00,8320851783-00,3178453665-00
deepish groove ball-bearng 61818 2rs1 find me pls,9151720152-00,1520755690-00,7241073437-00
search b-bearing 61818-2rs1 deep groove maybe,9151720152-00,8057376401-00,8289664449-00
can i get info on 61818 deep groove b-bearng 2rs1?,9151720152-00,2541182070-00,8556932975-00
search for deep groove ball bearing 61856 size and type,6824584696-00,8329315855-00,3633336925-00
info on b bearing 61856 deepgroove,6824584696-00,2010439133-00,9832730678-00
get me deep groove b-bearing 61856 for project,6824584696-00,1582619643-00,4725934533-00
looking for deep groove ball beering 61900-2rs1,5103533812-00,9363196510-00,5218547457-00
need info on 61900-2rs1 deep groove b bearing,5103533812-00,3892688398-00,8289664449-00
"search for 61900-2rs1 ball bearing, deep groove type",5103533812-00,3309987938-00,8289664449-00
search for deep groove bbb bearing kod 61902 2rs1 plz,7966761424-00,8057376401-00,3636027469-00
find me 61902-2rs1 deep grov ball bering,7966761424-00,3621748882-00,1792495291-00
info about b-bearing 2rs1 deep groove 61902 pls,7966761424-00,8222495190-00,1721477118-00
"i need to find deep groove ball bearing 61904-2rs1, is it available?",5621744151-00,1360393557-00,1736673130-00
"looking for b-bearing 61904-2rs1 deep grove for machinery, any stock?",5621744151-00,3724834067-00,9275195001-00
"search for 61904-2rs1 b bearing, deep groove type, please help!",5621744151-00,9363196510-00,7857794706-00
searching for deep groove b-bearin 61905-2rs1 maybe some details?,1074177481-00,5621744151-00,4704551666-00
what is the deap groove b bearing like 61905-2rs1?,1074177481-00,8057376401-00,3636027469-00
info on 61905 2rs1 b-bearing deep groove please!,1074177481-00,8222495190-00,2328078956-00
search for deep groov b bearing 61906 2rs1,1030163491-00,5112834724-00,8979284849-00
I need info on 61906 2rs1 deep groove ball bearing,1030163491-00,8222495190-00,5903303792-00
show me deep groove ballbear 61906-2rs1 please,1030163491-00,2541182070-00,8201515478-00
info about bearing 61907-2rs1 deep groove b type,2755374713-00,9101084712-00,3636027469-00
deep groove bearing 61907-2rs1 search for specs,2755374713-00,7090571037-00,2561394108-00
I want deep groove b-bearng 619072rs1 pls give me info,2755374713-00,5610238284-00,7740098792-00
search for deep groove ball bearing 61908 size and type maybe,6654178420-00,2561394108-00,7740098792-00
looking for 61908 b bearing deep groove stuff,6654178420-00,2920035791-00,2599343660-00
info on 61908 bearing deep groove ball specific type,6654178420-00,2561394108-00,8520539423-00
deep gveovr ball b-bearing 61916-2rs1 searching for it,4691335210-00,1360393557-00,5903303792-00
61916 2rs1 deepeq groove ball b-bearing wanna find,4691335210-00,4414391372-00,6086560983-00
need b-bearing 61916-2rs1 deep groove help me pls,4691335210-00,1500848500-00,2010439133-00
deep groove b bearin 61928 ma size and type please search,9854233246-00,6526985464-00,9363196510-00
info on 61928 ma deep groove ball bearin needed,9854233246-00,2815418110-00,5112834724-00
find me a deepgroove b-bearin 61928ma or similar styles,9854233246-00,1442542605-00,1861548310-00
lookin for angular contact ball bearing 71914 acd p4adba type,9167644979-00,5178196899-00,9044786768-00
search for bearing acd/p4adba ang. contact 71914 some info,9167644979-00,7176768192-00,2948676075-00
need to find 71914 acd p4adba angular cont. b-bearings thank you,9167644979-00,3056222605-00,9745921972-00
lookup ang. cont. ball bearing 7213 acdga p4a,8526360040-00,9941168753-00,6529064708-00
find b-bearing 7213 acdga/p4 with p4a or something like that,8526360040-00,5787199712-00,6069903182-00
search for 7213 acdga p4a angular contact b bearing info,8526360040-00,9941168753-00,3111837963-00
search for 61905 deep groove ball bearing with spec stuff,2055284905-00,2815418110-00,3633336925-00
I want deep groove b-bearings like 61905 in the size whoever,2055284905-00,4200127880-00,9535092488-00
info on b-bearing type 61905 deep groove please and thank you,2055284905-00,6768070251-00,8501258214-00
need to find ang cont b bearing s71914 acdga p4a,9827472106-00,1096993174-00,4200127880-00
searching for s71914 angular contact b-bearing acdga/p4a,9827472106-00,2370411599-00,3152553412-00
info about angler bearing s71914 acdga type p4a,9827472106-00,8204973030-00,8222495190-00
search for ang contact thrs b-bearing 234410 bm one slash sp,1126995875-00,2370411599-00,6344833046-00
give me angular contact thrust ball bearing model 234410 bm1/sp,1126995875-00,5797442239-00,6695477620-00
info about b-bearing ang.cont.thrust 234410 bm1 or sp,1126995875-00,3789444311-00,1171759738-00
info on replaced 7567206630-00 component or part,7320710729-00,8216402332-00,3624270395-00
search for replacement 7567206630-00 item pls,7320710729-00,8216402332-00,8534736814-00
"details for replaced part number 7567206630-00, what it is",7320710729-00,1612358200-00,9751416586-00
searching for b bearing deep grooved 61800-2r1 size,4289477543-00,1376946622-00,7458208800-00
info about deep groove ball bearing 61800 two rs one,4289477543-00,8596689344-00,1582827507-00
need details on 61800-2rs1 big groove b-bearing,4289477543-00,8057376401-00,4725934533-00
search deep groove ball bearing 61830 size and type,9044786768-00,3403872805-00,9043346665-00
info about 61830 bearing deep groove ball bearings please,9044786768-00,2569431920-00,6086560983-00
what is the size of deep groove b bearing 61830 in my search,9044786768-00,2920035791-00,2835082719-00
search for deep gove ball bearings 61852 ma,8520539423-00,1464206595-00,2001314721-00
i want deep groove b-bearings 61852 MA and info,8520539423-00,3403872805-00,9998240700-00
give me 61852 ma deep groove bearings plz,8520539423-00,6586389960-00,4725934533-00
search deep groove 61908-2rs1 bearing plzz need info,8027272493-00,2920035791-00,2359786082-00
need to find deepgroove b bearing 61908-2rs1 for my project,8027272493-00,2541182070-00,8256451220-00
"pls show me 61908-2rs1 b-bearing, deep groove size, what it is?",8027272493-00,3892688398-00,1721477118-00
looking for deep groove b bearing 62210 - 2rs1 size info,6786384278-00,9363196510-00,2010439133-00
searching for b bearing with code 62210-2rs1 deep groove types,6786384278-00,2607022206-00,7601389897-00
need the 62210 2rs1 b bearing deep groove thingy for my project,6786384278-00,5112834724-00,8161850682-00
search for kmt 3 m17x1 precision locking nut pls,3381874459-00,1868052648-00,9276516840-00
info on m17x1 lock nut precision kmt 3 or somethng,3381874459-00,4724612976-00,9330533540-00
find precision locknut 3 kmt m17x1 what is that?,3381874459-00,5120130739-00,3738435794-00
search for precision nut kmt 4 m20 x 1,4724612976-00,4883592855-00,8891875446-00
need info on m20x1 kmt4 precision locknut,4724612976-00,5196514300-00,9352817059-00
looking for precision lock nut m20 x 1 kmt four,4724612976-00,8786168191-00,3903406802-00
search for precision lock nut kmt 5 with size m25x1 point 5,1868052648-00,5232587970-00,4795852814-00
need info on kmt5 precision locknut m25 x 1 dot 5,1868052648-00,4883592855-00,6951776968-00
looking for kmt 5 precision lock nuts m 25x1.5 and related parts,1868052648-00,4724612976-00,9534081164-00
"search precision lock nut kmt 6 sizes 30 x 1,5 please",2799522499-00,5232587970-00,8629637526-00
kmt 6 precision locknut 30 1.5 what i need,2799522499-00,2988200849-00,6345654229-00
info about nut lock precision kmt 6 30x1.5 type,2799522499-00,5232587970-00,8222802007-00
"kmt 7 precision locknut m35 x 1,5 info search",4883592855-00,4281765786-00,9196144313-00
m35x1.5 locknut precision kmt 7 size search,4883592855-00,1868052648-00,2036427045-00
give me precision kmt 7 m35 1.5 locknut please,4883592855-00,2583664143-00,8534736814-00
searching for precision lock nut oru kmt 9 m45 by size 1 point 5,1016265441-00,3381874459-00,9117551575-00
please give me the details for locknut kmt oru m45x1point5 precision,1016265441-00,2799522499-00,6178070846-00
"where to find oru kmt 9 m45 1,5 precision locknut?",1016265441-00,1868052648-00,2036427045-00
search for locknut precision m12x1 oru zm12,5818801584-00,3672346156-00,5126431065-00
i need info on precision n locknut oru zm12 m12 by 1,5818801584-00,5120130739-00,7398474472-00
give me precision nut oru zm12 size m12 x 1,5818801584-00,7985802491-00,4940282571-00
precision oru lock nut zm15 m15x1 size wondering,4519942501-00,8725430886-00,4795852814-00
i wanna find locknut precision m15x1 code zm15,4519942501-00,1868052648-00,2089304133-00
search for a m15x1 precision lock nut oru zm15 parts,4519942501-00,1469574084-00,7295438312-00
precision nut oru zm17 m17 x 1 specification pleae,5120130739-00,2988200849-00,9723645203-00
looking for lock nut m17x1 oru zm17 type,5120130739-00,3381874459-00,8575337361-00
help with finding the precision locknut oru zm17 m17 1x1,5120130739-00,8178727713-00,2036427045-00
search precision lock nut oru zm 20 20 mm x 1 type,2988200849-00,9612996235-00,1395728832-00
give me info on locknut oru zm20 size 20x1,2988200849-00,6519083481-00,9196144313-00
find precision nuts oru zm 20 with 20x1 specifications,2988200849-00,1016265441-00,2506646912-00
i need the oru zm25 25x1 point 5 precision locknut thingy,1505569972-00,2988200849-00,4052349502-00
precision locknut 25x1.5 oru zm25 help me find,1505569972-00,5120130739-00,1861548310-00
searching for 25 by 1.5 oru precision lock nut zm25 for my project,1505569972-00,8178727713-00,3810692731-00
precision locknut oru zm30 30mm x 1.5 thread on search please,5888185401-00,7985802491-00,3461058488-00
I want precision nut oru zm30 size 30 x 1.5 what is it?,5888185401-00,8725430886-00,2269643128-00
info on oru zm30 precision lock nut 30 1.5 please and thank you,5888185401-00,8178727713-00,1841743209-00
find info locking vk 550 size 40 by 50,2656138952-00,3325522719-00,4365586622-00
search vk550 lockin g40x50,2656138952-00,2748816495-00,5652404820-00
get me locking device vk 550 40 50 size,2656138952-00,7256209367-00,4410734538-00
plz help me find precision locknut oru zm40 size 40 x 1.5,8178727713-00,3672346156-00,8891849873-00
searching for oru zm40 40mm locknut precision type with 1.5 thread,8178727713-00,4281765786-00,7601063729-00
need info about locknut precision oru zm40 dimensions 40 by 1.5,8178727713-00,6519083481-00,4365586622-00
precision lock nut oru zm50 size 50 millimeter by 1.5 funny,7985802491-00,4281765786-00,8720113730-00
search for oru zm50 locknut 50 x 1.5 please,7985802491-00,5818801584-00,3113830218-00
would like to find precision locknut 50/1.5 oru type zm50,7985802491-00,4519942501-00,9681999783-00
"pls show me precision locknut oru zm55 size 55 x 2, i need it now!",3672346156-00,6519083481-00,6178070846-00
looking for oru zm 55 precision lock nut with dimentions 55 and 2!,3672346156-00,8178727713-00,6402703757-00
"can i find info on 55x2 oru zm55 precision locknut, thx!",3672346156-00,1505569972-00,9352817059-00
search for oru zm70 precision lock nut 70 mm x 2 size,8725430886-00,4281765786-00,8099001430-00
info about locknut precision oru zm70 70x2,8725430886-00,8178727713-00,1329191849-00
give me the details for 70x2 precision oru lock nut zm70,8725430886-00,8178727713-00,4224982894-00
precision lock nut oru zm90 90 by 2 need search,4281765786-00,5888185401-00,9788886065-00
lookin for 90x2 locknut oru zm90 type specific,4281765786-00,4519942501-00,9352817059-00
info on zm90 precision locknut size 90 and 2,4281765786-00,8178727713-00,8534736814-00
precision nut lock oru zm110 mm 110 by 2,6519083481-00,8725430886-00,9645658988-00
check oru zam110 110x2 precision lock nut please,6519083481-00,2988200849-00,9137602664-00
searching for locknut precision 110x2 oru zm110,6519083481-00,8725430886-00,6345654229-00
"search for precision locknut lre16 m50x1,5 galvanized steel white",2583664143-00,1868052648-00,4788689431-00
give me info about lre16 precision locknut m 50 x 1.5 a2k,2583664143-00,5888185401-00,8174049868-00
looking for m50x1.5 precision locknut lre16 white steel galvznzd,2583664143-00,8178727713-00,3801883632-00
b-bearing ang cont 7002 cdga p4adga please show me info,4007447862-00,8099456195-00,1875361036-00
search for ang. cont b-bearing 7002 code cdga p4adga,4007447862-00,5218800597-00,2569431920-00
looking for b-bearings with ang.cont 7002 and codes cdga/p4adga,4007447862-00,2008875850-00,5979277982-00
search for ang. cont. b-bearings model 7010 cd p4adga,5960374337-00,3301044811-00,4225769061-00
info on bearing 7010cd/p4adga ang. cont.,5960374337-00,6952320784-00,8764064664-00
looking up b-bearing 7010 cd p4adga type and angular contact,5960374337-00,6342300634-00,2179472331-00
search for ang cont b bearing 7204 cd p4 adga type,2604916105-00,7083538772-00,6344833046-00
info about b-bearing 7204 cd/p4adga angular contact stuff,2604916105-00,2969832734-00,1625768085-00
give me 7204 cd p4 adga ang cont b bearing info,2604916105-00,7714385972-00,8107621338-00
search for angualar contact b bearings like 7210 be2 rzp,9636694855-00,7083538772-00,7988037521-00
looking for 7210 b bering ang cont. be2rzp,9636694855-00,7083538772-00,2748816495-00
find me angular contact bearing 7210 be-2rzp or similar items,9636694855-00,3056222605-00,7417715853-00
looking for ang. contact ball-bearing 7215 bep for my project,1046311721-00,3056222605-00,6119360463-00
search b-ball bearing 7215 with ang.cont. specs please,1046311721-00,1920622049-00,3634085133-00
show me info on 7215 bep angular cont. bearing,1046311721-00,2370411599-00,6824584696-00
"searching for b-bearing 7216 bep, ang cont, maybe other types like bearing stuff",1487938653-00,3385366022-00,2055284905-00
"info 7216 b bearing ang cont, need to find some of them",1487938653-00,3385366022-00,2890825468-00
"i want bearng 7216 bep, ang cont stuff, help me search for it",1487938653-00,4313510383-00,5124484992-00
searching for b-bearing ang cont 7305 becbp part like info,3385366022-00,7176768192-00,4200127880-00
need info about 7305 b bearin cont ang becbp type,3385366022-00,6779624979-00,1837857857-00
find me ang cont bearing 7305 becbp and other types please,3385366022-00,9116099346-00,3923826893-00
search for bearing couple 7919 tauep gwn info,8349694726-00,5126431065-00,2401035377-00
i need couple of bearing 7919 tauep gwn specific details,8349694726-00,5903303792-00,6015093811-00
"find 7919 bearing, couple tauep gwn, pls help",8349694726-00,2010439133-00,5735344423-00
need some info on bearing 7948b with code x3tauep5,2845499435-00,1721477118-00,6786384278-00
search for 7948b bearing x3tauep5,2845499435-00,1721477118-00,1883772598-00
looking for brring 7948b x3tauep5 please,2845499435-00,4411161347-00,6951776968-00
"looking for precision locknut m20 x 1,5 hr",5196514300-00,4883592855-00,2756774135-00
search for hr precision lock nuts m20x1.5,5196514300-00,6780711462-00,6178070846-00
"I need precision locknut, high quality, size m20 1.5",5196514300-00,6519083481-00,5126431065-00
search retaining ring size c-ab 35 info,7842233152-00,2688699729-00,4346290599-00
give me retaining ring c ab 35,7842233152-00,1188618193-00,7255109294-00
need info on c-ab 35 retain ring,7842233152-00,1087482974-00,6529849998-00
thrust ball bearing 51107 search for it,3420283645-00,7534578004-00,1811269553-00
looking for bearing 51107 thrust type info,3420283645-00,9304821899-00,6434397493-00
find ball bearing 51107 thrust what sizes,3420283645-00,3875557124-00,4921777111-00
b-bearng 7000 acd/p4adbc angle cont. stuff search,8981416541-00,1046311721-00,6529849998-00
7000 acd bearing p4adbc contng,8981416541-00,6919265037-00,4694010433-00
info on angle contact b bearing 7000 acd/p4adbc,8981416541-00,6919265037-00,8151190862-00
searching for ang cont b bearing 7001 acd p4adbc info,7176768192-00,6919265037-00,5066546121-00
b-bearing 7001 acd p4 adbc angle continuous type,7176768192-00,4478587001-00,7541138863-00
can i find 7001 acd/p4adbc ang.cont b-bearing pls,7176768192-00,8981416541-00,2890825468-00
search velmor lsa8 17 slim bearing type for slim bearings,1303415976-00,2370892415-00,5735344423-00
i want slim bearings velmor lsa8-17 info and types,1303415976-00,7053519753-00,4571590299-00
give me velmor lsa8 17 slim bearing please,1303415976-00,2506733412-00,1269372122-00
search for angualar contact thrust ball bearing bsa 201 cga with info,5797442239-00,3320272936-00,1473554121-00
"give me b-bearing bsa 201 cga type, lookin for angular cont. thrust",5797442239-00,7865149791-00,6526985464-00
i need info on bsa 201 angular cont thrus ball bearing maybe something like b-bearing,5797442239-00,8226467110-00,2215866549-00
lookin for bsa 202 cga-2rz angulr cont thrust ball bearng kinda stuff,7594985659-00,1920622049-00,1368938831-00
info on angular contakt thr b-bearing bsa 202 cga 2rz,7594985659-00,1920622049-00,3420283645-00
can I get details about the b bearing bsa 202 cga-2rz angular cont-thrust ball?,7594985659-00,8020240760-00,2748816495-00
search ball bearing bsa205 cga angulr cont thrust info,5429558500-00,2370411599-00,3553074739-00
give me b-bearing bsa 205 cga ang contact thrust ball,5429558500-00,1920622049-00,9043346665-00
I want: bsa205 cga angular contact thr b-bearing info,5429558500-00,6720131488-00,4021551247-00
search for ang contact ball b-bearing bsa 202 cga or dba,6720131488-00,8020240760-00,5128603712-00
find info on angular thrust bearing cga/dba bsa 202,6720131488-00,5659214768-00,7256263291-00
give me angular contact thr b-bearing bsa 202 cga dba,6720131488-00,1920622049-00,2170650291-00
angler continuous thruster b-ball bearing bsa 202 cga-2rz/qbca search,5659214768-00,6720131488-00,2859125868-00
bsa 202 cga 2rz qbca ang.cont.thr. big bearing info,5659214768-00,8020240760-00,9927360461-00
find ang.cont.thr. bearing b-brg bsa 202 cga-2rz/qbca stuff help,5659214768-00,2370411599-00,8979284849-00
please search for bearing bsa 204 cga/dba angular contact thr rust-thr,5675620078-00,7594985659-00,2167417774-00
info on bsa 204 cga dba bearing with angular contact thrust type,5675620078-00,8020240760-00,2756427079-00
show me the angul. cont thrust ball bearing of type bsa 204 cga/dba,5675620078-00,1920622049-00,5819118999-00
search for bsa 208 cgA DBA aNgular contac thrust ball berring,7865149791-00,5797442239-00,6119360463-00
I need info on aNgular contact thrst ball bearing bsa 208 cGa/dba,7865149791-00,2370411599-00,1582619643-00
pls give me b-bearing bsa 208 cga dba specific angular cont thro ball bearing,7865149791-00,1920622049-00,6192682953-00
i want to find angulr contact thrus ball b-bearing bsa 209 cga/dba,8020240760-00,5797442239-00,2642506992-00
search for angular cont thrust b-bearing bsa209 cga d/b/a,8020240760-00,1920622049-00,6824584696-00
give me info on ang contact thrust bearring bsa 209 cga/dba,8020240760-00,6720131488-00,2748816495-00
search for angular contact thrus ball b-bearing zklfa1563-2rs info,2370411599-00,2859125868-00,6088982169-00
give me zklfa1563-2rs angular contack thrust bearing,2370411599-00,8988363787-00,9336506479-00
looking for bearing zklfa1563-2rs thrus ang. contact,2370411599-00,1455229100-00,2055284905-00
search for angular contact thrust b-bearing zkln2052-2rs type,1920622049-00,4796572961-00,6768070251-00
info about the b-bearing ang.cont.thr. zkln2052-2rs,1920622049-00,2370411599-00,7608996579-00
give me zkln2052-2rs bearing with ang.cont.thrust details pls,1920622049-00,3320272936-00,3229941575-00
search for ang contact thr b-bearing zkln2052-2rs-2ap type stuff,8188917277-00,2922513175-00,6526985464-00
need info on angular cont. thrust ball bearing zkln2052-2rs-2ap,8188917277-00,2370411599-00,4327921388-00
"give me zkln 2052 2rs 2ap thr angular contact ball bearings, pls",8188917277-00,2859125868-00,1442542605-00
search for zkln2557-2rs-pe angular contact thr b-bearing,8988363787-00,1920622049-00,2086169402-00
info about angualr cntct thrst ball bearing zkln2557-2rs-pe,8988363787-00,8188917277-00,2323356604-00
give me zkln2557 2rs pe bearing type contacts angular,8988363787-00,3320272936-00,1875361036-00
search for angular contact thrust bearring zkln3062 2rs pe parts,3320272936-00,2370411599-00,1442542605-00
give me info ang. cont. thr. b-bearing zkln3062-2rs-pe specific,3320272936-00,4796572961-00,7857794706-00
i need zkln3062-2rs-pe angular contact thrust ball beairng,3320272936-00,5429558500-00,6198473236-00
search for angular contact thrust ball b-bearing zkln4075-2rs-2ap but with 2ap,2922513175-00,2370411599-00,3245717955-00
looking 4 ang. contact thr. b-bearing zkln4075-2rs-2ap parts please,2922513175-00,5429558500-00,1268066289-00
info about b-bearing zkln4075-2rs-2ap angular cont. thr. ball plz,2922513175-00,2859125868-00,7740098792-00
search for angular contact thr. ball bearring zkln5090-2rs2ap,2859125868-00,5429558500-00,2026712416-00
info about ang.contact thrust b-bearing zkln 5090 2rs 2ap,2859125868-00,2922513175-00,2123111659-00
give me zkln5090-2rs-2ap angular contact thrust ball beairng,2859125868-00,8188917277-00,6662252496-00
info about ang. cont. b bearing 7004 cd / p4 adga,2215866549-00,5567905514-00,7458208800-00
search b-bearing 7004 cd p4adga with the angular contact,2215866549-00,7714385972-00,2086169402-00
need specifics on ang. contact bearing 7004 cd/p4adga,2215866549-00,3939779254-00,7071447618-00
searching for b-bearing 7005 cd/p4adga ang cont type,3931415237-00,6342300634-00,6344833046-00
info on 7005 p4adga bearings cont/ang,3931415237-00,1368938831-00,4571590299-00
b-bearing p4adga 7005 cd ang cont i need to find,3931415237-00,6313759283-00,7907391950-00
ang cont b-bearing 7006 cd/p4adga pls info,1368938831-00,3664296603-00,3200232652-00
"7006 cd/p4adga b-bearing angular contact, what is it?",1368938831-00,6342300634-00,1642873948-00
search for b-bearing ang. cont. 7006 cd/p4adga type,1368938831-00,6342300634-00,7659070552-00
search 7007cd/p4adga b bearin ang cont.,6313759283-00,2969832734-00,2506646912-00
info angular contact baring 7007 c d p4adga,6313759283-00,3166847823-00,7997028723-00
I want: anty contact ballbarng 7007cd p4adga,6313759283-00,4007447862-00,3738435794-00
search 7008CD p4adga angular contaact ball bearing details,7714385972-00,2370411599-00,4956672336-00
"I want: b bearing 7008-cd/p4 adga, angular type conttact",7714385972-00,3931415237-00,6954730411-00
info for ang.cont. ball baring cd/p4adga 7008 specs,7714385972-00,1368938831-00,6695477620-00
search 7009cd/p4adga angle contact b-bearring info,3664296603-00,4007447862-00,3738435794-00
I want: angular contaact ball bearing 7009 CD-P4ADGA please,3664296603-00,6342300634-00,4435163658-00
give me specifics for agnle contact brg. 7009cd p4ADGA,3664296603-00,1368938831-00,5196167183-00
looking up angular conctact ball brg 7201cd p4adaga size?,5331200037-00,5659214768-00,4365586622-00
info 7201 c d/p4adaga angle contact b bearing model plz,5331200037-00,1454292720-00,3454525239-00
search for ang. contact bbrng 7201cdp4adaga detal specs,5331200037-00,7280147626-00,7617818121-00
search 7204cd p4adga ang cont bearing infos?,7981958136-00,2215866549-00,7656917278-00
i want: angle contact ballbearng 7204cd/p4 adga data,7981958136-00,3664767599-00,6663935295-00
specific 7204 cd p4adga angluar contin bearing specs,7981958136-00,2215866549-00,4243875482-00
search 7205cd/p4adga ang cont b-bearrings spec,3939779254-00,6342300634-00,2748816495-00
i want: angular contact ball bear 7205 c d p4 adga info,3939779254-00,8201515478-00,8501258214-00
specifics for 7205cd/p4adga angular cntc bearing,3939779254-00,2969832734-00,2167417774-00
search anggle contact ball bearing 7206cd p4adga plz,2969832734-00,9010947482-00,5256096413-00
info 7206 cdp4adga angular c. ballbearings,2969832734-00,2370411599-00,8891849873-00
I want: angular contact b-bearing code 7206-cd/p4 a dga specs,2969832734-00,1454292720-00,8813172774-00
"search for angular contact ballbearng 7207cd/p4adga, info needed",3844212784-00,5178196899-00,2039087397-00
specifics on 7207 cd p4adga angle contactd bearing plz,3844212784-00,6313759283-00,2167417774-00
i want ang. cont. b-bear 7207cd-p4adga steel model,3844212784-00,3912035463-00,9189484113-00
search for angular contact ballbearing 7208cd/p4 adga plz,3301044811-00,3589328560-00,4571590299-00
i want: 7208 cd p4adga anguler contact b bearing details,3301044811-00,5567905514-00,1625768085-00
info about angle cont b bearing model 7208 -cd/p4adga,3301044811-00,6313759283-00,3929801887-00
"search big bearing angle 7210cd p4 adga contac type, need info",7083538772-00,8979284849-00,4966456272-00
"i want 7210cdp4adga angular conct bearing, kind of heavy duty?",7083538772-00,6010022135-00,7028139230-00
give me: anglear contact b-bearg 7210/cd/p4adga specs pls,7083538772-00,3931415237-00,5126431065-00
search ang contct ball bearning 71905 CD P4A specs,5787199712-00,5648611363-00,9196144313-00
"info on angular continous bearing 71905cd/p4A, size?",5787199712-00,2873874475-00,4021551247-00
I want: angular contct 71905 cdp4a bbearing data,5787199712-00,8226467110-00,7988037521-00
search angle contact bbearing 71908cd p4adga info,6342300634-00,7714385972-00,7997028723-00
"i want: angular contat ball bearing, code 71908 CD/P4ADGA details",6342300634-00,3912035463-00,3882501209-00
specific 71908cd/p4adga anguler contact bbear infos,6342300634-00,5567905514-00,4346290599-00
search for 71948cdga p4adga angulr contact b-bearing,6615563785-00,3301044811-00,2118591654-00
i want: angular cntct bearin 71948 CDGA/P4ADGA type,6615563785-00,5218800597-00,5196167183-00
info ang cont b-bearing kode 71948 cdga/p4adga,6615563785-00,4313510383-00,3193792857-00
search angular contact thrust b-bearing beas025057 2rs details,4796572961-00,8188917277-00,5610238284-00
I want: ang.cont.thr ball beas 025057-2rs baring info,4796572961-00,2922513175-00,9043346665-00
specific info for BEAS025057-2RS angular cntct thrust bll barings,4796572961-00,8988363787-00,9535092488-00
search angular contact ball bering S7006CDGA/P4A info,4313510383-00,2370411599-00,2036328500-00
I want: s 7006 cdga p4a anguler cont bal bearring datas,4313510383-00,1368938831-00,7762471396-00
give me specs angular contct bearring S7006CDGA P4A,4313510383-00,5218800597-00,4220919257-00
search s7008 cdga/p4a angular contact ball baring spec,8099456195-00,4313510383-00,6197392647-00
I want: ang cont bearing S7008CDGA P4A info,8099456195-00,1096993174-00,6768070251-00
"give me angular conterct b-bearing, s7008cdgap4a",8099456195-00,9010947482-00,6700770175-00
search ang contct ballbearing s 7010 CDGA-P4A info,2008875850-00,4386762078-00,2756774135-00
I want: s7010cdga p4 a angular contact b-bearring specification,2008875850-00,1454292720-00,6663935295-00
specific angular cont bearing S 7010cdga/P4A and details,2008875850-00,8204973030-00,6586389960-00
info search angular contanct ball bearing 7205bep,5823862226-00,1920622049-00,5079219078-00
I want: angle contact bearng 7205bep details,5823862226-00,1920622049-00,7988037521-00
specific 7205 BEP anguler cntct ball barring,5823862226-00,3761118568-00,9793768748-00
search for 71907cdga/p4a angular contact b bearing info,5218800597-00,8201515478-00,2739077386-00
i want ang cont ballbearin 71907 CDGA-P4A details,5218800597-00,9827472106-00,7997028723-00
specific 71907 cdga p4a angular cont. bearin specs,5218800597-00,9941168753-00,2856564860-00
search info s71919acdga/p4a angular contact bear Bbearing,2873874475-00,3056222605-00,2036427045-00
I want: ang cont b-bear S71919-ACDGA P4A specs,2873874475-00,8526360040-00,9534081164-00
specific: bearing angle contact s 71919acdga p4a b-bearing info,2873874475-00,2008875850-00,1736673130-00
I want ang cont bearin 7206cdga p4a qga info please,4386762078-00,5787199712-00,2506646912-00
search angle contact b-bearg type 7206/CDGA-P4AQGA,4386762078-00,5218800597-00,3738435794-00
give me: 7206 cdga/p4aqga angular contact ball bearring specs,4386762078-00,3664767599-00,4225769061-00
search for ringbearin pbxa090 plv skinny type,1919114371-00,1442542605-00,6345654229-00
info on thin bearin ring plv PBXA 090 pls,1919114371-00,2322483775-00,5357993975-00
I want: plv ring bearing thin 090 pbxa model,1919114371-00,1405819675-00,6178070846-00
search thin ring bearring plv pbxa105 list,6711939733-00,7476166945-00,4346290599-00
info on slim ring bearing type PBXA-105 plv,6711939733-00,8135097001-00,3970194616-00
i want plv thinn ring bearimgs pbxa 105 model,6711939733-00,3642729084-00,9681999783-00
search thin ring plv 115 pbxa bearing part info,2322483775-00,4213734940-00,9383943811-00
I want: pbxa115 thin bearing ring plv slim version,2322483775-00,1919114371-00,1634786010-00
give me spec slim bearingring plv-pbxa115 thin type,2322483775-00,7740098792-00,6178070846-00
search thin ring bear PLV PBXU370 plz infos,5561728555-00,1919114371-00,1861548310-00
"i want: bearing ring thin plvPbxu 370 model,",5561728555-00,8135097001-00,8596689344-00
specific plv-pbxu370 thn ring bering detials,5561728555-00,1405819675-00,2036427045-00
search bearing parts velmor LEL0400 info,2767523756-00,2370892415-00,4021551247-00
i want: lel-0400 bearing element velmmor E type,2767523756-00,5496994079-00,4021551247-00
"velmor bearings lel 400, give me specific elements",2767523756-00,7267184433-00,6695477620-00
search bearing element velmmor lel4 0520 infos plez,7971238139-00,4478587001-00,2170650291-00
i want: velmmor LEL4/0520 ball bearings elemnt,7971238139-00,1303415976-00,4925955239-00
infos VELMOR bearing parts LEL4 520,7971238139-00,7994469262-00,9927360461-00
"search velmmor lel0570 baring parts elements, info plz",7267184433-00,2767523756-00,6951776968-00
"I want: bearing piece lel570 Velmor, what type?",7267184433-00,2733673304-00,3628132510-00
give me velmmor leh 0570 bering ellements data,7267184433-00,7740098792-00,5652404820-00
search info velmor lel0760 bearing elements parts,4309921101-00,7267184433-00,8764064664-00
I want: lel-0760 velmmor bearing elemnts size specs,4309921101-00,7267184433-00,2170650291-00
specific bearings element velmmor LEL 0760 details pls,4309921101-00,1258316254-00,5126431065-00
search velmor lel0440 bearing elemnts info plz,4532257943-00,2733673304-00,1376946622-00
i want: lel 0440 Velmor baring parts elements,4532257943-00,2767523756-00,6198473236-00
give me specific lement bearring VELMOR LEL-0440,4532257943-00,2506733412-00,4365586622-00
search bearng parts lel0450 velmorr,2506733412-00,6192682953-00,6711268221-00
info on velmor Lel 0450 bearing elemants pls,2506733412-00,4309921101-00,7359180004-00
give me: bearing leL-0450 elements veomor,2506733412-00,1705888698-00,7540520705-00
info Velmor bearing elemnts lel0490 please,7994469262-00,4309921101-00,6741886649-00
search for 0490 bearing element velmorr LEL type,7994469262-00,2767523756-00,6069903182-00
I want: bearing part lel 490 velmmor L E L elemnt,7994469262-00,2506733412-00,2045686967-00
search bearing elments velmmor lel0530 infor,1258316254-00,1721477118-00,3553074739-00
i want: velmor LEL-0530 bareing parts pls,1258316254-00,8075449217-00,6198473236-00
give me: lel 0530 bearing elmentz elmor spare,1258316254-00,7994469262-00,2167417774-00
i want info outerring velmor lee0530 steel part,2743205990-00,9520903464-00,2657608685-00
search for velmor 0530 outer ring lee modl,2743205990-00,8367543199-00,4410734538-00
"give me outerring lee 0530 by velmor, is it avalble?",2743205990-00,8573119194-00,6493958615-00
search velmor bearing lel-0920 elemnts stuff,8249556098-00,9510775158-00,5605446752-00
info bearing parts LEL0920 Velmor where is it?,8249556098-00,4532257943-00,6970809125-00
I want: element bearng vvelomr lel0920,8249556098-00,6529849998-00,7212218295-00
search lel 1020 bear elements spec info velmmor,1705888698-00,2767523756-00,7997028723-00
info abut bearing ellemnts type velmmor lel1020 size,1705888698-00,2807690610-00,6951776968-00
I want: velmor bearings lel-1020 element parts,1705888698-00,5496994079-00,3738435794-00
search VELMOR lel1080 bering elments details plz,8075449217-00,1303415976-00,8891849873-00
info about LEL-1080 bearring elemnts by vemor,8075449217-00,7267184433-00,5126431065-00
I want: bearing parts velmmor lel 1080 specifc,8075449217-00,7994469262-00,7417715853-00
looking for slim bearin Velmor LSA8 14 info please,4834866204-00,7420544092-00,6198473236-00
"search slim bearings lsa8-14 velmorr type, any details?",4834866204-00,2256841335-00,5013018299-00
i want: LSA8-14 slimline bearing by Velmmor slim bearin,4834866204-00,1303415976-00,7994469262-00
search velmor lel5-0640 bearing element info plz,2733673304-00,2767523756-00,1843344004-00
"i want: lel5 0640 elements from velmor, bearings tipe",2733673304-00,1258316254-00,5013018299-00
"give me: bearin components velmmor lel50640, any specs",2733673304-00,7740098792-00,6711268221-00
search for Velmor LEL5-0760 bearing pieces or them elements,2370892415-00,7971238139-00,1625768085-00
"info lel5 0760 bearng elemnt velmor , need size",2370892415-00,1303415976-00,4225769061-00
I want: lel5-0760 bearngs from velmor company elemants,2370892415-00,4834866204-00,6493958615-00
search lel 0570 velmmor bear elems for machine,9510775158-00,7267184433-00,5013018299-00
info about bearring partes velmmor lel-0570 elements,9510775158-00,7267184433-00,7997028723-00
I want: velmor bearing element LEL0570 list,9510775158-00,1303415976-00,1269372122-00
info lemnts Velmor bearing lell 490 size,5496994079-00,2733673304-00,7028139230-00
search for element bearings LEL0490 elmor kinda,5496994079-00,1953221694-00,5013018299-00
I want: beering elmor 0490 LEL elemnts plz,5496994079-00,9510775158-00,3738435794-00
search angular contact ballbearings 7008cd p4adga info,5567905514-00,1920622049-00,4365586622-00
I want: angle contaxt b-bearing 7008 cd/p4adga details,5567905514-00,6313759283-00,3111837963-00
"giv me: 7008cd/p4adga ang contact brg, P4ADGA spec",5567905514-00,3301044811-00,7398474472-00
search about angular contact ball bear 71948 cdgb-p4adga info,6952320784-00,2370411599-00,2032105748-00
i want: 71948cdgb p4adga anguler cont bearingz,6952320784-00,6313759283-00,7740098792-00
71948 cdgb/p4adga angle contct b-bearin spesific,6952320784-00,3939779254-00,4571590299-00
search for bearing that is tapered roller kind 30206 model plz,3200232652-00,1070027217-00,4481338477-00
info about 30206 taprd rolr bearin size,3200232652-00,4365874663-00,2036427045-00
I want: tapperd rollr 30206 bearings type,3200232652-00,1171759738-00,6345654229-00
"search for 32206 rolr bearing taperd, any info?",7123932343-00,2845499435-00,5652404820-00
I want taperedroler bear 32206 size spec,7123932343-00,1318185697-00,2036427045-00
"giveme: taper rollerbearng 32206, any detials",7123932343-00,2748816495-00,6178070846-00
search deep groove b bering 6082rsl info needed,4966456272-00,9927360461-00,4465044592-00
"I want: 608-2rsl deep groov ballbearngs, any size",4966456272-00,2179472331-00,5112834724-00
"give me: deepgrove bearing 608 2 rsl, do you have this?",4966456272-00,1373794031-00,1269372122-00
search deep groov ball baering 6201z info,3403872805-00,1464206595-00,9854233246-00
I want: 6201 z deepgroovebear info bearing steel,3403872805-00,5836842495-00,2683054798-00
give me: deepgrov bearing 6201-z number bal,3403872805-00,4478587001-00,2913148877-00
search for 6202z deep groov ball bearingz infomation,5610238284-00,7617818121-00,6480966456-00
i want: 6202 z deepgrove bearign details metal type,5610238284-00,6267553235-00,6178070846-00
"give me deepgroove b bearing 6202/Z, any datasheet?",5610238284-00,6333641889-00,1818734295-00
search for 6203z deep grove b bearing parts info,9927360461-00,5079219078-00,4751202753-00
i want: 6203-z deep ballbearing groov,9927360461-00,4807745763-00,5196167183-00
"give me deepgroove bearng 6203 Z, any material?",9927360461-00,4417015971-00,6345654229-00
need info deep groove ball bearing 6008 z type,2118591654-00,8329315855-00,3420283645-00
search for 6008-z deep grove b bearing pls,2118591654-00,5112834724-00,1771445207-00
deep growve bearing 6008z specification details,2118591654-00,8376341210-00,5945613579-00
info deep grove b bearing 608 2z plz,6674044697-00,6811106407-00,6080942541-00
search for 608-2z deep groove ball bearing,6674044697-00,6683837403-00,1642873948-00
i want deep groove b bearing 608 2 z spec,6674044697-00,1872210053-00,2981854107-00
info deep groove ball bearing 626 2z search,7667381834-00,6480966456-00,7966761424-00
I want: 626 2z deep grooved b bearing,7667381834-00,6683837403-00,1695355830-00
give me deep groove bearing b 626-2z details,7667381834-00,6683837403-00,7821834815-00
give me info on deep groove size 619/6 2z bearing type,2913148877-00,7667381834-00,5879115229-00
search for b bearing 619 6 with 2z deep groove kind,2913148877-00,6683837403-00,8289664449-00
I want: deep groove b-bearing 619/6 2z please,2913148877-00,7911100976-00,6344833046-00
info deep groove ball bearing 6015 2z for looking,3878276711-00,7911100976-00,3875557124-00
search deep groove b-bearing 6015-2z metal type,3878276711-00,7911100976-00,9304821899-00
I want deep groove b bearing number 6015 2z pls,3878276711-00,7911100976-00,8777053594-00
i want deep groove 6200-2z b bearing info,6683837403-00,7911100976-00,8520539423-00
search for deep groove ballbear 6200 2z type,6683837403-00,7667381834-00,6960522247-00
give me 6200-2z deep groov bearing b type please,6683837403-00,6480966456-00,1461083928-00
looking for 6201-2z deep groove ball bearring info,6480966456-00,3878276711-00,1736673130-00
search for deep groove b bearing type 6201-2z please,6480966456-00,7667381834-00,1721477118-00
where is 6201 2z b-bearing deep groove found details,6480966456-00,2913148877-00,6354617632-00
info deep groove ball bearing 6202 2z what is,6333641889-00,1804489327-00,5685286874-00
want deep groove type b bearing 6202-2z part details,6333641889-00,2913148877-00,2599343660-00
search b-bearing 6202 2z deep groove balls please,6333641889-00,5610238284-00,1695355830-00
i want deep groove bearing 6203 2rsl pls info,4417015971-00,2569431920-00,6954730411-00
search for 6203 2rsl deep grov b bearing exact,4417015971-00,6768070251-00,8777053594-00
give me 6203-2rsl type deep groove ball bearng details,4417015971-00,5879115229-00,8289664449-00
info deep groove b bearing 6204-2z searching,1804489327-00,6480966456-00,4301909287-00
give me 6204-2z deep groove ballbearng type,1804489327-00,9051475783-00,1771445207-00
I want deep grove b-bearing 6204 2z details please,1804489327-00,3810906932-00,3621748882-00
give me info on 6205 2z deep groove b bearing,6811106407-00,2179472331-00,2328078956-00
search deep groove type ball bearing 6205-2z pls,6811106407-00,7667381834-00,1744820572-00
I want deep groove bearing 6205 2z ball kind details,6811106407-00,7667381834-00,2506646912-00
info deep groove ball brng 6206-2z pls,7911100976-00,2913148877-00,3882501209-00
I want deep groove bearing 6206 2z type details,7911100976-00,7656917278-00,4289477543-00
search for 6206 2z deep groove b bearing spec,7911100976-00,3483257789-00,1159958664-00
I want info on 6202-2z type deep groove ball bearing please,4521949722-00,3878276711-00,4220919257-00
search dee groove b ball bearng 6202-2z model for me now,4521949722-00,6683837403-00,7731941463-00
specific deep groove bearing 6202 2z kind b all details,4521949722-00,6683837403-00,1695355830-00
need spec deep grove ball bearing 6204 2znr info,7601389897-00,5218547457-00,6711268221-00
search for 6204-2znr deep groove b bearing pls,7601389897-00,5218547457-00,1721477118-00
give me 6204 2znr deep groove type ball bearings data,7601389897-00,4694010433-00,9588849110-00
I want info on 6205 2znr deep groove bbearing,5218547457-00,6811106407-00,7453588100-00
search deep groove ball bearing 6205-2znr type,5218547457-00,7601389897-00,6683837403-00
give me details for 6205 2znr bearing deep groove b bearing,5218547457-00,8690964237-00,4956672336-00
search deep groove ball bearing 6207 2znr pls info,6716692769-00,7731941463-00,5903303792-00
i want deep grove b bearing type 6207-2znr for machines,6716692769-00,7656917278-00,8152492172-00
give me deep groov bg bearing model 6207 2znr with cover,6716692769-00,8267716595-00,3420283645-00
give me info on deep groove ball bearing 607 2rsh plz,1461083928-00,1771445207-00,6683837403-00
searching deep groove b bearing 607-2rsh model type,1461083928-00,3636027469-00,1030163491-00
want spesific deep groove roller bearing 607 2 rsh details,1461083928-00,1872210053-00,7601389897-00
I need deep groove ball bearing 609 2rsh info,2790637539-00,2359786082-00,2036427045-00
search for 609 2 rsh deep groove bearing ball type pls,2790637539-00,2118591654-00,6314452072-00
give me 609-2rsh b bearing deep groove type please,2790637539-00,8021852651-00,3409610748-00
search for 2 row angular contact b bearing 3204 a 2rs1 pls,8201515478-00,4736528681-00,8189288329-00
I want: double row angle contact ball bearing 3204a-2rs1 info,8201515478-00,3056222605-00,1442542605-00
info needed on b bearing 3204 a-2rs1 double row angular contact ballings,8201515478-00,3664767599-00,8620546313-00
i want info deep groove ball bearing 6000 2rsh exact,1771445207-00,9588849110-00,6674044697-00
search bearing 6000-2rsh deep groove b bearing specs,1771445207-00,1792495291-00,5277900050-00
pls give me 6000 2rsh type deep grove ball bearning steel,1771445207-00,6314452072-00,7090571037-00
search deep groove ball bearing 6001 2rsh info,3301113478-00,3838026476-00,7567206630-00
i want deep groove b bearing 6001-2rsh part details,3301113478-00,1461083928-00,1642873948-00
info on 6001 2rsh deep groove ballbearing please,3301113478-00,3636027469-00,3240037049-00
need info on 6002 2rsh deep groove ball bearing pls,3195233039-00,4725934533-00,9043346665-00
search for deep groove b bearing 6002-2rsh type details,3195233039-00,3178453665-00,7659070552-00
give me 6002-2rsh deep groove bearing ball got it,3195233039-00,4725934533-00,9998240700-00
search info 6003 2rsh deep groove ball bearing type,7560065898-00,2790637539-00,7997028723-00
I want: bearing b type 6003-2rsh groove deep,7560065898-00,8556932975-00,6786384278-00
give me deep groove bearing 6003 2rsh ball plz,7560065898-00,3838026476-00,4220919257-00
search deep groove ball bearing 6004 2rsh info,3838026476-00,2758662101-00,5128603712-00
info on 6004 2rsh deep groove b bearing pls,3838026476-00,6314452072-00,8152492172-00
give me deep groove bore bearing 6004 2rsh or similar,3838026476-00,4694010433-00,1902401529-00
give me info on deep groove ball bearing 6005 2rsh,3178453665-00,2758662101-00,6954730411-00
search for 6005-2rsh deep groove bearing pls,3178453665-00,6768070251-00,2541182070-00
i want spec on 6005 2 rsh deep groove b type bearing,3178453665-00,6526985464-00,8520539423-00
need info on deep groove ball bearing 6006 2rs1 please,1883772598-00,4414391372-00,5962016512-00
search for 6006-2rs1 deep groove b bearing what type?,1883772598-00,6786384278-00,6811106407-00
give me details deep groove b-bearing 6006 2rs1 info,1883772598-00,8027272493-00,5879115229-00
info deep groove ball beaaring 6007 2rs1 specs,7090571037-00,1500848500-00,1804489327-00
give me 6007-2rs1 deep groove b bearing part numbers,7090571037-00,1582827507-00,4921777111-00
search for deep groove b bearing model 6007 2rs1 details,7090571037-00,8027272493-00,8021852651-00
plz find deep groove ball bearing 6008-2rs1 info,5112834724-00,2118591654-00,6695477620-00
give me 6008 2rs1 deep groove b bearing parts,5112834724-00,2118591654-00,3301113478-00
search for deep grove b bearing model 6008-2rs1 details,5112834724-00,2118591654-00,6716692769-00
i need deep groove b bearing type 6009 2rsh info,1792495291-00,3838026476-00,6954730411-00
search deep groove ball bearing 6009-2rsh model,1792495291-00,8443687500-00,4327921388-00
deep groove b-bearing 6009 2 rsh specs details pls,1792495291-00,8735514073-00,4966456272-00
looking for deep groove ball bearing 6010 2rs1 info,9101084712-00,5103533812-00,2359786082-00
give me deep groove b bearing model 6010-2rs1 pls,9101084712-00,1883772598-00,6314452072-00
search 6010-2rs1 bearing deep groove ball type details,9101084712-00,3309987938-00,7907391950-00
search deep groove ball bearing size 6011-2rs1 info,9363196510-00,1883772598-00,4417015971-00
i want deepgroove b bearing type 6011 2rs1 specification,9363196510-00,1902401529-00,6178070846-00
specific deep groove roller bearing 6011 2rs1 details please,9363196510-00,8057376401-00,2758662101-00
info deep groove ball bearing 6012 2rs1 whats that,9998240700-00,1360393557-00,7997028723-00
I want deep groove b bearing 6012-2rs1 datasheet,9998240700-00,7090571037-00,9275195001-00
search for bearing 6012 2RS1 groove deep type ball steel parts,9998240700-00,7450112541-00,8021852651-00
I want deep groove b bearing 6013 2rsh details,4751202753-00,4725934533-00,5879115229-00
deep groove ball bearing model 6013-2rsh info pls,4751202753-00,7560065898-00,3740504429-00
search for 6013 2rsh type deepgroov bearing  ball,4751202753-00,6314452072-00,7617818121-00
search deep groove ball ber 6015-2rs1 bearing info,8320851783-00,5079219078-00,2392008238-00
I want deep groove b bearing model 6015 2 rs1 pls,8320851783-00,6768070251-00,4956672336-00
specific 6015-2rs1 deep groove ball bearing spares,8320851783-00,4289477543-00,7731941463-00
info about bearing deep groove 6016 2rs1 pls,3309987938-00,3892688398-00,8535159829-00
give me deep groove ball b 6016-2rs1 search,3309987938-00,9101084712-00,3301113478-00
want deep groove b bearing no 6016/2rs1 with details,3309987938-00,1883772598-00,4251313627-00
looking for deep groove ball bearing 6017 2rs1 info,6015093811-00,1883772598-00,7988037521-00
need 6017-2rs1 deep groove b bearing with seal pls,6015093811-00,9151720152-00,1792495291-00
search 6017 2rs1 type deep groove bbearing for machine parts,6015093811-00,6786384278-00,6716692769-00
give me info on deep groove ball bearing 6018 2rs1 pls,8222495190-00,9151720152-00,9854233246-00
searching for b bearing 6018-2rs1 deep groove type info,8222495190-00,9101084712-00,8535159829-00
I want deep groove bearing model 6018-2rs1 b type details,8222495190-00,3309987938-00,4725934533-00
i want deep groove ball bearing 6200-2rsh info,4725934533-00,7560065898-00,4327921388-00
search for bearing b type deep groove 6200 2rsh pls,4725934533-00,3636027469-00,1070027217-00
give me 6200-2rsh deep groove b bearing maybe info,4725934533-00,8376341210-00,8161850682-00
need info for deep groove ball bearin 6201-2rsh type,6314452072-00,3403872805-00,6187478393-00
search 6201 2rsh deep groove bearing ball some specs,6314452072-00,7560065898-00,1642873948-00
give me deep groove b bearing 6201-2rsh details pls,6314452072-00,1461083928-00,2755374713-00
info deep groove ball bearing 6202 2rsh for me,2328078956-00,9588849110-00,5962016512-00
search b bearing 6202-2rsh deep groove pls,2328078956-00,4751202753-00,3409610748-00
I want: 6202 2rsh deep groove b bering type details,2328078956-00,8777053594-00,6529849998-00
info on deep groove ball bearing 6203 2rsh pls,2758662101-00,4417015971-00,2541182070-00
i want deep groove type b bearing 6203-2rsh details,2758662101-00,9588849110-00,7534578004-00
search deep groove b type bearing model 6203 2rsh technical,2758662101-00,9588849110-00,1804489327-00
give me deep grove ball bearing 6204-2rsh info,4694010433-00,2758662101-00,5617313420-00
search for 6204-2rsh type deep groove b bearing plz,4694010433-00,9051475783-00,3200232652-00
need deep groove b bearing model 6204 2rsh details,4694010433-00,4751202753-00,9151720152-00
search info b bearing 6205 2rsh groove deep type,2359786082-00,6314452072-00,3929801887-00
i want: 6205-2rsh deep groove ball bearing details please,2359786082-00,5617313420-00,3621748882-00
specifics on deep groove 6205 2rsh b bearing for machine part,2359786082-00,8289664449-00,8764064664-00
search deep groove ball bearing model 6206-2rs1 for info,1520755690-00,6786384278-00,2001314721-00
i want ball bearing 6206 2rs1 deep groove bearing type,1520755690-00,7450112541-00,1736673130-00
give me deep groove b bearing 6206-2rs1 pls materials,1520755690-00,3483257789-00,3195233039-00
info deep groove ball bear 6207 2rsh pls,8443687500-00,8777053594-00,1360393557-00
search for 6207-2rsh deep groove bearing type,8443687500-00,3838026476-00,5218547457-00
I want deep groove b bearing 6207 2 rsh details,8443687500-00,4200127880-00,1736673130-00
info deep groove ball bearing 6208 2rsh plz,8021852651-00,1792495291-00,7997028723-00
give me 6208-2rsh deep grove b bearing specs,8021852651-00,6314452072-00,8027272493-00
search for b-bearing 6208 2 rsh deep groove type detail,8021852651-00,8329315855-00,4478587001-00
want info deep groove ball bearing 6210 2rsh pls,4251313627-00,4694010433-00,5218547457-00
search for bearing b-type 6210-2rsh deep groove,4251313627-00,2359786082-00,7608996579-00
give me the deep groove b bearing 6210 2 rsh details,4251313627-00,4807745763-00,1634786010-00
need info deep groove ball bear 6211 2rs1 type please,4414391372-00,7090571037-00,3178453665-00
give me search ball bearing groov deep 6211-2rs1 model,4414391372-00,5621744151-00,8556932975-00
looking for deep groove roller bearing 6211 2rs1 mateiral info,4414391372-00,7090571037-00,2779967050-00
info deep groove ball bearing 6212-2rs1 size good please,2541182070-00,8027272493-00,1744820572-00
search 6212-2rs1 bearing type deep groove b bearing,2541182070-00,4289477543-00,4921777111-00
i want deep groove b-bearing 6212 2rs1 seal model,2541182070-00,7966761424-00,1397484017-00
search deep groove b bearing 6214 2rsh info,8289664449-00,8556932975-00,2845499435-00
I want: b-type deep groove ball bearing model 6214-2rsh pls,8289664449-00,1771445207-00,2506646912-00
give me info on 6214 2rsh deep groove b bearing part,8289664449-00,3301113478-00,3745610842-00
want info deep groove ball bearring 6300-2rs1 kinda,1695355830-00,4231466817-00,2098611045-00
search for b bearing 6300 2rs1 deep groov type pls,1695355830-00,5112834724-00,2807690610-00
specific deep groove bl bearing 6300-2rs1 detail on it,1695355830-00,5112834724-00,3409610748-00
help needed deep groove ball bearing 6301 2rs1 plz,9985019990-00,9363196510-00,4411161347-00
looking for 6301-2rs1 type deep groove b bearing info,9985019990-00,3309987938-00,7699881798-00
i want deep groove ballbearng model 6301-2rs1 part details,9985019990-00,9101084712-00,1778812082-00
search deep groove ball bearin 6303 2rsh pls,3636027469-00,8289664449-00,2098611045-00
i want: 6303-2rsh deep grove b bearing info,3636027469-00,2328078956-00,9985019990-00
give me deep groove rol bearing 6303 2rsh details,3636027469-00,3178453665-00,7450112541-00
info deep groove bearin 6304 2rsh pls help,8777053594-00,1461083928-00,7391952106-00
give me deep groove b brng 6304-2 rsh what is it,8777053594-00,5079219078-00,2913148877-00
search for 6304 2rsh deep groove ball bearing type,8777053594-00,6970809125-00,5128603712-00
looking for deep groove ball bearing size 6305 2rsh info,8556932975-00,7560065898-00,8222495190-00
6305 2 rsh deep grove b. bearing search,8556932975-00,7241073437-00,8021852651-00
want deep groove bearing 6305 2-rsh type ball bearing,8556932975-00,7241073437-00,6954730411-00
info deep groove ball bearing type 6306 2rs1,7391952106-00,5112834724-00,8107621338-00
give me deep groove b bearing 6306-2rs1 pls,7391952106-00,2607022206-00,8289664449-00
search for 6306 2rs1 deep groove ballbearings,7391952106-00,2755374713-00,8201515478-00
info deep groove roller bush 6307 2rs1 type bearing,4301909287-00,2607022206-00,5617313420-00
I want deep greave b bearing 6307-2rs1 sealde one,4301909287-00,7564947432-00,8535159829-00
search for b bearing 6307 2rs1 deep groove with rubber seals,4301909287-00,1520755690-00,3810906932-00
need info on 6308-2rs1 deep groove ball bearing pls,9006239418-00,3309987938-00,6716692769-00
search deep groove b bearing 6308 2rs1 type stuff,9006239418-00,8057376401-00,8021852651-00
give me specs deep groove 6308-2rs1 ballbearings,9006239418-00,9985019990-00,3838026476-00
info angular contact ball bearing 7303bep type pls,4930835243-00,3056222605-00,8161850682-00
angular ball bearing 7303 bep search for info,4930835243-00,3789444311-00,7608996579-00
want ang contact b bearing 7303bep for parts,4930835243-00,2693880860-00,2948676075-00
looking for tapered rolr bearing 30203 info,5054442680-00,5076189624-00,2401035377-00
give me spesific 30203 taper roller bearngs to check,5054442680-00,9265943440-00,3728612861-00
i want 30203 type taperd rolr bearings listings available,5054442680-00,1473554121-00,6493958615-00
search tapered roller bearing 32010 xq info,2599343660-00,1634786010-00,5827014141-00
i want tapered roller rol bearing 32010x q specific,2599343660-00,7123932343-00,5037382791-00
give me tap roller bearing type 32010 x q please,2599343660-00,5819118999-00,7452840785-00
info tapered roller bearing 32012x size,7659070552-00,3923826893-00,2835901561-00
i want tapered roller ball bearing 32012 x type,7659070552-00,3200232652-00,7541138863-00
give me search tapered rol bearing 32012 x part number,7659070552-00,6877469816-00,1964769773-00
i want tapered roller bearing 32024 x size part info,7071447618-00,1875361036-00,7034847370-00
search tapered roller 32024x bearing for machine part,7071447618-00,6434397493-00,2256841335-00
give me tapered roller bearing number 32024 x please,7071447618-00,1875361036-00,2833252741-00
search for deep groove ball bearing type 61808-2rs1 info,4231466817-00,8222495190-00,6662252496-00
info on bearing b deep groove 61808 2rs1 please,4231466817-00,7090571037-00,5879115229-00
I want deep groove b bearing 61808-2rs1 details help,4231466817-00,2607022206-00,9854233246-00
need info on deep groove ball bearing 61809 2rs1 for use,1902401529-00,4289477543-00,3633336925-00
give me deep groove b bearing model 61809-2rs1 info,1902401529-00,9101084712-00,2001314721-00
search spesific deep groove ball bearing 61809 2rs1 type plz,1902401529-00,8027272493-00,3553074739-00
info deep groove b bearing 61810 2rs1 model,7450112541-00,5112834724-00,1804489327-00
i want dee groove ball bearng 61810-2rs1 part,7450112541-00,8152492172-00,3810906932-00
search for 61810 2rs1 deep groove ball bearing plz,7450112541-00,1500848500-00,3740504429-00
I want info on deep groove ball bearing 61811 2rs1 type,3724834067-00,4414391372-00,6711268221-00
search for 61811-2rs1 deep groove bearng ball type,3724834067-00,7090571037-00,1771445207-00
details specific b bearing deep groove 61811 2rs1 please,3724834067-00,8256451220-00,9228068111-00
info deep groove ball bearing 61812 2rs1 searching,7688968790-00,1074177481-00,1429597897-00
need deep groove b bearing 61812-2rs1 for machine,7688968790-00,5112834724-00,4478587001-00
give me deep groove b-bearing model 61812 2rs1 plz,7688968790-00,3309987938-00,4694010433-00
search deep grove ball bearing 61828 2rs1 info,3892688398-00,1360393557-00,4704551666-00
i want deep groove b bearing 61828-2rs1 specific,3892688398-00,2607022206-00,9275195001-00
info bearing 61828 2rs1 deepgroove ball b,3892688398-00,1520755690-00,2693880860-00
info on deep groove b bearing 62201 2rsh specs,9588849110-00,4725934533-00,8501258214-00
i want deep groove ball bearing 62201-2rsh details please,9588849110-00,2790637539-00,6716692769-00
search deep groove b type bearing cod 62201-2 rsh cheap,9588849110-00,5079219078-00,6480966456-00
search info deep groove ball bea 62203-2rs1 please,8057376401-00,1520755690-00,2328078956-00
i want deep groove rol b bearing 62203-2rs1 type,8057376401-00,9363196510-00,4751202753-00
give me bearing 62203 2rs1 deep grooved ball info,8057376401-00,7966761424-00,9665407542-00
give me info 62205 2rs1 deep groove b bearing,2607022206-00,3309987938-00,5617313420-00
I want search deep groove type bearing 62205 2rs1,2607022206-00,9101084712-00,8201515478-00
specific data b bearing 62205-2rs1 deep groove pls,2607022206-00,7090571037-00,4478587001-00
search deep groove ball b bearing 62207-2rs1 info,1500848500-00,9101084712-00,7997028723-00
I want: 62207 2rs1 deep groove b bearing maybe,1500848500-00,1883772598-00,5879115229-00
give me deep groove b type ball brg 62207-2rs1 plz,1500848500-00,3621748882-00,8201515478-00
search deep groove ball brng 63003 2rs1 info,6187478393-00,9985019990-00,2835082719-00
i want b bearing type deep groove 63003-2rs1 pls,6187478393-00,7090571037-00,2790637539-00
specific 63003-2rs1 deep groove bng bearing deep groove,6187478393-00,7090571037-00,7857794706-00
search for deep groove ball bearing 63004-2Rs1 info,8152492172-00,6015093811-00,5903303792-00
I want: b bearing 63004-2rs1 deep groove pls,8152492172-00,9101084712-00,4704551666-00
give me the deep groove b-bearing type 63004 2rs1 parts,8152492172-00,9101084712-00,7699881798-00
i want deep groove ball bearing model 63005-2rs1 info,7000007117-00,7090571037-00,8201515478-00
search for 63005 2rs1 deep groove b bearing pls,7000007117-00,9101084712-00,2790637539-00
deep groove b bearing 63005-2rs1 type wanted give me,7000007117-00,8057376401-00,4704551666-00
search info deep groove ball bearing 63010 2rs1 type,3621748882-00,6786384278-00,2758662101-00
i want deep groove b bearing 63010-2rs1 specification,3621748882-00,8222495190-00,1721477118-00
give me 63010 2rs1 deep groove bbearing with seals,3621748882-00,1074177481-00,3301113478-00
search bearing sj25c lorven stainless steal a2 info,2807690610-00,5858046109-00,3300579673-00
give me lorven sj25c bearing a2 stainless steal part,2807690610-00,9778571217-00,3280639713-00
info bearing sj25c type lorven a2 stainless steel material,2807690610-00,9228068111-00,5942763771-00
search bearing sj25e lorven a2 stainless steal info,9228068111-00,3873262707-00,5777325392-00
give me lorven bearing SJ25E a2 stainless steel type,9228068111-00,1570747722-00,3069487216-00
info on bearing a2 sj25e lorven stainless steal query,9228068111-00,5431850038-00,2033483249-00
need info on kvr fpcb bearing 1000 model pls,5277900050-00,5825574311-00,3413264052-00
i want search for fpcb 1000 kvr bearing part thing,5277900050-00,7611388564-00,6951776968-00
kvr bearing fpcb type 1000 any details thx,5277900050-00,7611388564-00,5823862226-00
info deep grove ball bearing 6006 nr type please,1516525272-00,7731941463-00,8520539423-00
search 6006nr deep groove bering with balldetails,1516525272-00,2179472331-00,5879115229-00
i want deep groove beaering 6006 nr specs,1516525272-00,1063362084-00,2748816495-00
info deep groove ball baring 6007 nr pls,1582827507-00,1063362084-00,8891849873-00
need deep groove b bearing 6007nr type for use,1582827507-00,1872210053-00,9363196510-00
search 6007 nr deep groove ball bearing part wanted,1582827507-00,7699881798-00,8891849873-00
search deep groove ball bearing 6009 nr type info,4704551666-00,5617313420-00,1429597897-00
i want deep groove roller b bearing model 6009nr,4704551666-00,2086169402-00,6877469816-00
give me 6009 nr deep groov bearing ball details,4704551666-00,1063362084-00,7988037521-00
search deep groove b bearing 6203 nr info plz,9275195001-00,2569431920-00,7567206630-00
i want deep ridge ball bearin 6203nr details,9275195001-00,1464206595-00,7688968790-00
give me depp groove b type bearing 6203 nr data,9275195001-00,2001314721-00,7659070552-00
looking for deep groove ball bearing 6204nr part info,3810906932-00,9927360461-00,6786384278-00
need 6204 nr deep groove roller bearing please,3810906932-00,9051475783-00,1778812082-00
search bearing 6204-nr deep groove type with balls or anything similar,3810906932-00,4694010433-00,3420283645-00
searching deep groove ball bearing size 6205 NR info,5617313420-00,4704551666-00,2032105748-00
want info on 6205 nr bearing deep groove ball type,5617313420-00,6811106407-00,1736673130-00
give me deep groove B bearing model 6205nr details please,5617313420-00,6526985464-00,8161850682-00
looking for deep groove ball bearing 6206 nr for info,3483257789-00,1516525272-00,1429597897-00
give me deep groove b bearing 6206nr parts search,3483257789-00,6586389960-00,5879115229-00
need data on deep groove roller bearing type 6206 nr please,3483257789-00,1516525272-00,5103533812-00
search deep grove bearing 6207 nr info,7731941463-00,1516525272-00,2599343660-00
I want: 6207 nr deep groove ball bearring,7731941463-00,2001314721-00,5337956037-00
give me specific 6207nr deep groove b bearing plz,7731941463-00,8376341210-00,2561394108-00
info deep groove ball bearing 6209 nr type,2001314721-00,1063362084-00,1360393557-00
search for 6209nr bearings deep groove b bearing pls,2001314721-00,7656917278-00,7601389897-00
i want deep groove b bearng 6209nr model details,2001314721-00,7656917278-00,1445209486-00
info for deep groove bearing 6305 nr size details,1063362084-00,9275195001-00,1070027217-00
search deep groove ball bearing type 6305NR for parts,1063362084-00,8735514073-00,7954596083-00
I want deep groove b-type bearing 6305nr technical info,1063362084-00,6768070251-00,6954730411-00
search for 6306nr deep groove ball bearing type info,7699881798-00,8735514073-00,7398474472-00
I want deep groove 6306 nrb bearing pls help,7699881798-00,1872210053-00,1070027217-00
give me details on 6306 nr standard deep groove bearing ball,7699881798-00,1063362084-00,6662252496-00
search for deep groove ball bearing 6305 2znr info,8690964237-00,2815418110-00,5112834724-00
give me 6305-2znr b bearing deep groove type pls,8690964237-00,5218547457-00,2758662101-00
I want 6305 2znr deep groove b bearing part details,8690964237-00,5218547457-00,2758662101-00
info bearing kd 210 ty 21 slash 520 point korbe halm,2231226859-00,5217076625-00,3633336925-00
search 21/520.0 kd210 ty bearing korbehalm,2231226859-00,7037704410-00,6741886649-00
"I want kd210 ty bearing type 21, size 520.0 by Korbe Halm",2231226859-00,5217076625-00,5605446752-00
search info bearing guide d40 4 0 size,1721477118-00,3409610748-00,6469053003-00
i want specific guide bearing for d40 type,1721477118-00,8979284849-00,6588151918-00
give me d40 bearing guide or bearing guide d 40 part,1721477118-00,1071330167-00,7028139230-00
need info on washer size 3x6x8 for fitting part,6056086096-00,7944868052-00,1920921560-00
search for 3 by 6 by 8 washer component details,6056086096-00,4563825986-00,6973153932-00
give me spec of 3x6x8 metal washer part info,6056086096-00,3873262707-00,3083433426-00
info about single row needle roller bearing nk55/35 size,5225495328-00,4302709327-00,5256096413-00
search for needle roller bearing type nk 55/35 single row pls,5225495328-00,4727133865-00,4956672336-00
give me nk 55/35 nnedle roller bearing 1 row kind details,5225495328-00,5185231715-00,9556016514-00
info inner ring ir 35 42 20 mm search,5259060496-00,7623389262-00,3642729084-00
I want inner ir ring 35x42x20 size part,5259060496-00,6244523251-00,5357993975-00
give me inner ring IR 35x42x20 dimension,5259060496-00,8304552776-00,9352817059-00
search for single row needle rol bearing nkis 45 please,8813172774-00,3628132510-00,8884625491-00
I want nkis 45 needle roller bearing single row info,8813172774-00,5660497797-00,4921777111-00
give me needle rollr bearing nkis 45 single row type data,8813172774-00,8824276530-00,1268066289-00
search single row needle rol bearing hk1012 please,5794953922-00,1269372122-00,6365943916-00
info needle roller bear hk 1012 one row type,5794953922-00,4302709327-00,6365943916-00
i want hk 1012 needle roller single row bearnig,5794953922-00,1818734295-00,8262411778-00
i want needle roller bearing rna 4910 single row please info,7359180004-00,4021551247-00,4317402654-00
search for single row needle roller bearing model rna 4910 needed,7359180004-00,2756427079-00,8979284849-00
give me rna 4910 needle roller bearing with single row design for parts,7359180004-00,9111163930-00,3413264052-00
info on single row needle bearing rna4905 roller pls,7541138863-00,1625768085-00,6543774793-00
search needle roller bearing of type RNA 4905 single row what it have,7541138863-00,3111837963-00,7256263291-00
I want: rna 4905 needle roller bearing single row find me this,7541138863-00,2756427079-00,6530333098-00
info single row needle roller rna 4906 bearing pls,3152553412-00,9111163930-00,6365943916-00
search needle roller bearing type rna 4906 single row,3152553412-00,1785647874-00,1843344004-00
I want needle roller RNA4906 bearing single row type,3152553412-00,1625768085-00,6365943916-00
looking for single row needle rol bearing nk 50/25 info pls,1689776736-00,7333334677-00,9352817059-00
search needle roller type nk 50 by 25 single row bearing,1689776736-00,7333334677-00,7751355997-00
give me needle roller bearing size nk 50/25 single row model,1689776736-00,8112582292-00,6428135444-00
need inner ring bering ir 50 by 58 by 40 size pls,4575616101-00,4402980302-00,9708781245-00
search info ir 50x58x40 inner ring ring steel part,4575616101-00,7530895413-00,9541305032-00
give me inner ir ring with dimensions 50 58 40 mm for machine part,4575616101-00,7623389262-00,4464470975-00
want inner ring size 25x30x20 ir info,7530895413-00,6938115332-00,2743205990-00
search ir inner ring 25 by 30 by 20 mm,7530895413-00,8103144553-00,2205046870-00
innerrring ir 25x30x20 dimension specifics pls,7530895413-00,4168905563-00,6198473236-00
looking for inner ring ir 22x28x20.5 size bearing,6938115332-00,8822757826-00,1721477118-00
"need info on ir inner ring 22 by 28 by 20,5 dimension",6938115332-00,1467564531-00,1159958664-00
"search inner ring type ir dimensions 22x28x20,5 please",6938115332-00,1467564531-00,7988037521-00
search combined needle roller and thrust ball bearing nkx 15 info,6506566613-00,2833252741-00,3553074739-00
I want combined n-roller & thrust b-bearing nkx15 type,6506566613-00,1087482974-00,8151190862-00
give me comb nkx15 needle roller combined with thrust ball bearing details,6506566613-00,5819118999-00,9612996235-00
search for single line needle roller hk 2012 bearing part,2739077386-00,5794953922-00,2833252741-00
i want needle roller bearing hk 2012 single row type info,2739077386-00,5124901454-00,2104984653-00
specific needle roll bearing hk2012 single row kind please,2739077386-00,3683324554-00,8262411778-00
I want search for single row needle roller bearing hk 2020 size,7417715853-00,5124901454-00,7256263291-00
lookup needle roller ball bearing hk 2020 single raw version,7417715853-00,1818734295-00,3812303110-00
info needle roller bearing hk 2020 1 row type please,7417715853-00,2779967050-00,5666169376-00
search single row nki 10/20 needle roller bearing info,9515153013-00,2720683655-00,4921777111-00
i want nki 10/20 roller needle bearing single row type,9515153013-00,4732482395-00,6360710927-00
give me bearing nki 10/20 needle roller single line row part,9515153013-00,9741033403-00,6428135444-00
info single row needle roller bear na4900rs model,7728063749-00,4867102292-00,4743934823-00
search for needle roller bearing type na 4900rs one row,7728063749-00,5605446752-00,9918136165-00
I want: na 4900 rs single row needle roller bearings info,7728063749-00,2057314738-00,1268066289-00
give me info on single row needle roller bearing model hk3026,6588151918-00,1625768085-00,3812303110-00
search needle roller bearing hk 3026 one row type pls,6588151918-00,3683324554-00,1087482974-00
I want needle roller type hk-3026 single row bearing part details,6588151918-00,2739077386-00,1843344004-00
i want info ball bearing unit pft 30 tf fine thread,9043346665-00,7084542775-00,8988363787-00
search for ball bearing unit pfine thread 30 tf size,9043346665-00,7084542775-00,9010947482-00
give me ball bearing unit pft 30 tf with fine threaded type,9043346665-00,6951776968-00,7865149791-00
i want ball bearing unit type syj 30 tf info,2032105748-00,6695477620-00,3589328560-00
search for syj 30 tf ball bearing unit please,2032105748-00,8534736814-00,2859125868-00
ball bearing unti syj30 tf details needed,2032105748-00,8891849873-00,5879115229-00
I want search ball bearing unit type fyj30 tf specific,7084542775-00,9196144313-00,1721477118-00
info on fyj 30 tf ball bearing unit pls,7084542775-00,7398474472-00,4478587001-00
give me details for ballbearings unit fyj30tf model,7084542775-00,3454525239-00,9793768748-00
search needle rollr bearing single row hk 1015 info,2779967050-00,4892118737-00,4522541027-00
i want single row hk1015 neddle roller bearing type,2779967050-00,5605446752-00,3245717955-00
give me needle roller brng hk-1015 single row please,2779967050-00,4302709327-00,9572791500-00
looking for single row needle roller gaussian rna 49/32 bearing info,8365455653-00,4243875482-00,5945613579-00
give me needle roller baering rna 49 32 single row pls,8365455653-00,4243875482-00,7034847370-00
search for rna 49/32 needle roller single row bearing type,8365455653-00,4021551247-00,7123932343-00
search neddle roller bearing NK32/20tn single row please,1323236359-00,5605446752-00,4317402654-00
info single row needle roller NK 32 slash 20 tn bearing needled,1323236359-00,5185231715-00,6354617632-00
i want: NK 32/20 tn needle roller bearing single row type,1323236359-00,7056352833-00,4321444789-00
looking for inner ring bearing ir 28 x 32 x 30 size info,5300150117-00,4402549594-00,7025136559-00
i want inner ring ir28 32 by 30 mm dimensions thing,5300150117-00,4402980302-00,6814405720-00
"inner ring ir dim 28 32 30, need more specific details on this please",5300150117-00,7449618970-00,7210597771-00
search for inner ring IR 35x40x30 bearing type,1467564531-00,5259060496-00,8596689344-00
give me info on IR 35 40 30 inner ring part,1467564531-00,4168905563-00,7476166945-00
I want inner ring size 35 by 40 by 30 IR details,1467564531-00,7936708706-00,9487173729-00
looking for hk 4020 single row needle rol bearing info,1818734295-00,5660497797-00,8161850682-00
give me needle rolr bearing hk4020 single line model,1818734295-00,5660497797-00,4200127880-00
search single row hk 4020 needle bearings pls,1818734295-00,8576546004-00,3166847823-00
search single line needle rol bearing na4906 part info,2683054798-00,5605446752-00,4956672336-00
I want: needle roller na 4906 single row bearing details,2683054798-00,3152553412-00,1634786010-00
"na4906 needle roller, one row bearing, pls info",2683054798-00,1625768085-00,5827014141-00
I want specific info about single row needle roller bearing nk 45/30 tn size,8189288329-00,7707915166-00,6360710927-00
give me needle roller bearing nk 45/30 tn single row type details pls,8189288329-00,7056352833-00,4522541027-00
search for nk 45/30 tn needle roller bearing one row only specs,8189288329-00,8620546313-00,5979277982-00
search needle roll bearings single row na 4901.2rs pls info,1211253224-00,5605446752-00,9572791500-00
give me na 4901.2rs needle roller bearing single row for checking,1211253224-00,6069903182-00,9535092488-00
i want single row needle roll bearing NA4901.2RS type fast find,1211253224-00,7501846298-00,7034847370-00
info sto 15 support roller part,5958696916-00,6906098423-00,7452840785-00
i want sto 15 roller suport type,5958696916-00,7857794706-00,3229941575-00
search for supp roller sto15 piece,5958696916-00,5819118999-00,8620546313-00
need info oval flanegd bearing ftr1215 0 a,9421728268-00,7857794706-00,1582827507-00
search for oval flange bearing type FTR-1215-0-A pls,9421728268-00,4362770512-00,1582827507-00
give me oval flange bearng ftr 1215 0a model,9421728268-00,2392008238-00,6178070846-00
search cam folower kr16 info needed,6897568036-00,6197314875-00,6951776968-00
I want cam track follower kr 16 plz give me detals,6897568036-00,1332912348-00,5196167183-00
specific kr16 camfollower data pls help now,6897568036-00,6529849998-00,1861548310-00
search for single row needle bearing RNA4908,9111163930-00,2167417774-00,5827014141-00
info on needle roller rnna 4908 single bearings,9111163930-00,1953221694-00,9572791500-00
"i want: roller bearing, RNA 4908 row single",9111163930-00,1785647874-00,1087482974-00
"search needle roller bearings RNA4914, single raw item",1785647874-00,3245717955-00,3325422228-00
give me info on RNA 4914 bering—needle/roller single-row,1785647874-00,3111837963-00,1268066289-00
i need single needle rolle rong type RNA 4914,1785647874-00,4021551247-00,5256096413-00
search needdle roller barings RNA-4916 single row,3111837963-00,9111163930-00,3196966778-00
info on needle roller beering rna 4916 singel-row type,3111837963-00,7359180004-00,6354617632-00
I want specific single raw needl bearin RNA4916,3111837963-00,8813172774-00,2506646912-00
search bal bearing unit fine thrad 20 TF pft,6951776968-00,4365586622-00,2055284905-00
want info ball bearin PF20 with treads TF unit,6951776968-00,5652404820-00,4346290599-00
specific PF thread-ball bearing 20TF unit,6951776968-00,6662252496-00,5879115229-00
find info single needle roller bearing NK37-20 row?,9026041071-00,9741033403-00,3949656826-00
"search nk 37/20 needle bearing, sinle row",9026041071-00,1964769773-00,6530333098-00
"I want: n.k 37/20 roller, single-line, needle",9026041071-00,9741033403-00,7452840785-00
search comb needle/thrust b-baring NKX40,2833252741-00,6506566613-00,3628132510-00
info combined n roller and thrust bll bearing nkx 0040,2833252741-00,5819118999-00,5674192739-00
give me nkx-40 combind roller/thrust ball bering,2833252741-00,5256096413-00,1070027217-00
search needle roler bearing RNA-6903 single-row,2756427079-00,7541138863-00,1953221694-00
single needle roller baring rna 6903 info,2756427079-00,7541138863-00,4643465183-00
specific bearing RNA 6903 single raw nedle,2756427079-00,3111837963-00,7534578004-00
info about inner rign IR 17mm x22x 26mm,3156441578-00,4402549594-00,4365586622-00
search for IR ring inner 17 x 22mm / 26,3156441578-00,7623389262-00,6010022135-00
i want: innr ring ir size 17*22*26,3156441578-00,8822757826-00,7988037521-00
search single-row roller needle bearing HK1814RS,3022862719-00,5735344423-00,7659070552-00
"info on HK 1814RS needle bear, single row type",3022862719-00,3683324554-00,3245717955-00
give me: roller needl bearing hk 1814-rs single-row,3022862719-00,9832730678-00,4321444789-00
search bearing bk3520 / da 48 6710 2292 replacment info,8583777362-00,6792307074-00,8824276530-00
i want info for bk-3520 bearing thats replaced by DA4867102292,8583777362-00,4867102292-00,5823862226-00
look up: bearing bk 3520 + da48 67102292 new version,8583777362-00,4867102292-00,7560065898-00
search radial shaft fine seal G-35 42x4 mm,5174805796-00,6662252496-00,4365586622-00
info for raidal shaft sealing g 35x42 / 4,5174805796-00,6529849998-00,9196144313-00
I want: radial shaft fine-thread seal 35 x 42 x 4 G,5174805796-00,5825574311-00,1977603061-00
search for needle rolelr bearing RNA-49/28 single ro,1484422168-00,4243875482-00,3409610748-00
specific single row nedle roller RNA 49-28 bearenig,1484422168-00,1625768085-00,7212218295-00
info: rna/49/28 needle baring single raw,1484422168-00,4243875482-00,4465044592-00
search for single row roller needle bearng NA 6908,5605446752-00,6069903182-00,7028139230-00
info about na6908 bearing single-rowed needle rollers,5605446752-00,2779967050-00,6178070846-00
I want NA 6908 nedle roller bering single row,5605446752-00,9551318466-00,6877469816-00
search for rol bearing RNA-6910 single-row type needle plz.,8824276530-00,3111837963-00,2890825468-00
info needle rolr bearing rna6910...need specs!!,8824276530-00,6588151918-00,4478587001-00
single raw roller/needle bearing rNA 6910 pls find it.,8824276530-00,7541138863-00,1748309131-00
find single row bearing NA4902 needle roller?,9551318466-00,1269372122-00,4522541027-00
search for needlebearing NA 4902 single row,9551318466-00,1634454981-00,4465044592-00
i want info on needle roller na/4902 single-row,9551318466-00,3628132510-00,6906098423-00
search: single row nedle roler bearing NK 22 16 specs,4727133865-00,9026041071-00,2561394108-00
give me: needle rolle bearing NK22/16 singel row data,4727133865-00,2928643503-00,8979284849-00
info for NK 22-16 single-roller nedle berings,4727133865-00,2928643503-00,7193492054-00
search cylindrical rolr bearng nn 3010 TN / spw33,9918136165-00,6741886649-00,9164921243-00
info on cilinder roller  bering type nn-3010 tn sp w33,9918136165-00,7028139230-00,5666169376-00
need nn3010tn-spW33 cylinderical rooler bearrings,9918136165-00,6960522247-00,5652404820-00
search needle roller bearing nk 12 12 single-row pls,7333334677-00,8620546313-00,6792307074-00
info on NK12/12 needl bearing single row,7333334677-00,8620546313-00,7496615874-00
I want: single needle bearing nk-12 12 pls,7333334677-00,7707915166-00,1426989314-00
info on single row roller bearings na-4901 2RS needdle type,1399047505-00,2683054798-00,8884625491-00
"search bearing NA 4901/2rs, needle roll single-row",1399047505-00,3628132510-00,1811269553-00
i want needle rol bearing NA-4901.2RS single-row,1399047505-00,8151190862-00,9535092488-00
info about needle roller beraing NK 10/12TN single-row,3539538119-00,2720683655-00,6506566613-00
search for needle bearning 10/12 tn type nk singel row,3539538119-00,6741886649-00,2323356604-00
"give me nk10/12 tn rolr beraing, single row needel type",3539538119-00,6161653291-00,7280147626-00
search needle roller bearing hk25/20.2rs single-row info,8143255737-00,1964769773-00,4005656361-00
I want: needle rollers hk 25 / 20 RS Single Roll technicl,8143255737-00,7728063749-00,3074267649-00
specific single row roller beering 25/20-2.RS HK,8143255737-00,3022862719-00,6620963127-00
give me single-row needle bearing NK15-20 info,2331944648-00,9515153013-00,3949656826-00
search roller bearing nk 15/20 row one,2331944648-00,5185231715-00,9918136165-00
specific NK15/20 nee dle rolle r bearings,2331944648-00,8573119194-00,8891849873-00
find bearing NKI 20/20 with needle/roller type.,9612996235-00,9515153013-00,1748309131-00
I want specific info on needle bearng single-row NKI20 20.,9612996235-00,6621224456-00,7280147626-00
search single row needle roller bearing NKI 20/20 pls.,9612996235-00,5185231715-00,6530333098-00
search needle roller bearing single type NA-4905.2rs infos,4552388370-00,1211253224-00,7611388564-00
I want single-line needle bearing Nr NA4905/2RS,4552388370-00,1211253224-00,8707135493-00
give me: NA 4905.2rs needle/bearing single-row type,4552388370-00,7541138863-00,6792307074-00
search needle roller beraing NA-4903 single row info,3195565534-00,2683054798-00,7751355997-00
give me needle bearing NA4903 with 1 line of rollers,3195565534-00,6980772817-00,5610238284-00
spesific NA4903 cylindrical needle bearings single-row,3195565534-00,5124901454-00,5357013118-00
find single-row bearing needle; NKI 70 25 roller,4732482395-00,6621224456-00,8884625491-00
"infos about NKI 70/25 needle roller, single raw type?",4732482395-00,6621224456-00,1473554121-00
pls search for needlebearing NKI70/25 single rollr-row,4732482395-00,3683324554-00,6192682953-00
"search nki 100/30 needle beraring, single row pls",5276410858-00,9612996235-00,4736528681-00
give me: NKI100/30 single roller needle BEARING row type,5276410858-00,3683324554-00,7652035392-00
info on needle roler bearig 100/30 NKI single line,5276410858-00,4732482395-00,9487173729-00
search na/4907rs singel row needle bearing roller,2533557946-00,2683054798-00,1748309131-00
looking for needle rolr bearing NA 4907RS 1 row,2533557946-00,5605446752-00,3949656826-00
"specific single row nedle bearing, model na-4907 rs",2533557946-00,3195565534-00,2835082719-00
search taperd rooler bearng 32017X,6344833046-00,4006809740-00,2036427045-00
info on tampered roller baring 32017-x,6344833046-00,9265943440-00,6530333098-00
give me tapered rolr beering 32017 X,6344833046-00,2599343660-00,6178070846-00
search for cylindrical roller bearing nu213ECP C2 specs,7079399658-00,1067796670-00,5225495328-00
info on cylindar roller bearing NU 213 ECP/C2 type,7079399658-00,4067784318-00,1473554121-00
I want: NU-213ECPc2 cylindrical bearings,7079399658-00,7452840785-00,6719591180-00
search taperd roller berings 30213 info,2890825468-00,4893561425-00,5256096413-00
i want tapered rolling 30213 bearing,2890825468-00,6877469816-00,7997028723-00
specific taper bearing size 30213 plz,2890825468-00,8535159829-00,5823862226-00
seach single row needle roller bear HK 1212 needle rolls,3683324554-00,5124901454-00,1634786010-00
"info needle-type bearing HK1212 roller, single rw bearing",3683324554-00,8813172774-00,4005656361-00
"give me HK 1212 bearing/needle roller, 1 row",3683324554-00,4302709327-00,3949656826-00
info bearing cylinder roller nu-203 e.c.p,6921602240-00,2010439133-00,2928643503-00
search: NU 203 ECP cylinderical rolr bering,6921602240-00,4067784318-00,6951776968-00
want info: roller cylinderical im looking NU203ECP bearing,6921602240-00,6434397493-00,7821834815-00
search needle roler bearing NKI20/16 sigle row,9741033403-00,1269372122-00,1049273981-00
info about single-needle bearing NKI 20:16 roler,9741033403-00,9612996235-00,5819118999-00
I want needle roller bering single row nki 20 / 16,9741033403-00,9612996235-00,2256841335-00
search innr rign 40mm x 50mm x 22 mm IR,2548456439-00,5918243383-00,7988037521-00
info for inneer rin IR 40/50/22 measurements,2548456439-00,6438980949-00,4410734538-00
give me: ring inner type ir 40 by 50 by 22,2548456439-00,1467564531-00,1445209486-00
search eku brg CRBHV-5013 A UUT1 grade P5,3905666343-00,2578136163-00,9681999783-00
info for eku bearing model crbvh 5013-A-UUT1 precision P5,3905666343-00,2578136163-00,6951776968-00
eku brging 5013 crbhv A-UUT1  p5 specs pls,3905666343-00,8244490406-00,5652404820-00
serch bearing info EKU CRBH-9016A UUT1 P5,8244490406-00,2578136163-00,9324563672-00
I want bearing data ekku CRBH 9016a  p5 spec UUT1,8244490406-00,9228068111-00,6069903182-00
spcifics for eku / beraing CRB-h9016 A type P.5+uut,8244490406-00,2578136163-00,6178070846-00
info eku bearing CRBH25025 A P6 specifiations UUT1,2578136163-00,8979284849-00,3413264052-00
search for brg EKU crbh-25025/a uut1 grade p6,2578136163-00,6192682953-00,9681999783-00
eku CRBH25025 p-6 bearing uut-1 data pls,2578136163-00,3905666343-00,5735344423-00
search inner rng LR 30 / 35 x 12.5,6097613322-00,2735987175-00,6115832919-00
info for LR inner-ring 30mm by 35mm x12.5,6097613322-00,7914843151-00,7976170256-00
"i want: lr inner rng size 30mm x 35m x12,5",6097613322-00,2933465058-00,9681999783-00
search sigle row roller berring needel HK3512,4438679634-00,3195565534-00,6906098423-00
i want info about HK 35 12 single-row nedle rolling bearing,4438679634-00,7540520705-00,3589328560-00
give mee HK-3512 nedel rollerbarrings single ro type,4438679634-00,9832730678-00,9196144313-00
info nki 12/20 needle bearing single row roller?,6621224456-00,1964769773-00,2833252741-00
serch for Needle-ROLLER nki12 20 single row bearing pls,6621224456-00,9741033403-00,3200232652-00
i want: single needle roller 12/20 NKI bearing,6621224456-00,9515153013-00,6921602240-00
search needle roller bearing NA-4909 single row pls.,6069903182-00,3195565534-00,9324563672-00
"info on needle roller Na4909 beraing, one row type.",6069903182-00,7417715853-00,7028139230-00
give me NA 4909 singlerow needle bearing roller.,6069903182-00,3195565534-00,5666169376-00
Search lr ring inside 20x25x12.5 size info,8946535786-00,2089304133-00,5126431065-00
"need inner circle lr 20x25x12.5, how to find?",8946535786-00,3355330845-00,4225769061-00
"lr internal bearing? 20mm x 25mm x 12,5mm",8946535786-00,6097613322-00,9457329856-00
search for singl row needle bearings HK-0608 info,4302709327-00,2779967050-00,6161653291-00
i want ndl rlr brng hk608 single row,4302709327-00,9832730678-00,5126431065-00
"specific single needle roller bearing h.k 0608, pls",4302709327-00,2683054798-00,7664309470-00
search roller bearings needle HK1412 single-row,5735344423-00,3152553412-00,4743934823-00
"info about needle bearing HK 1412, roller one-row",5735344423-00,3683324554-00,2722844269-00
I want: single needle bearin HK/1412 row,5735344423-00,6469053003-00,7212218295-00
search single needlerollar bearing nk 19/20 specs,1964769773-00,7056352833-00,7656917278-00
info abt needle row roller with code NK19-20 pls,1964769773-00,2331944648-00,2735987175-00
give me single ro needle BEARINGS nk-19/20,1964769773-00,5185231715-00,7044481484-00
search crossed rolleer brng dxl RB40035 model information,2401035377-00,2170650291-00,5652404820-00
info for RB 40035 cross roller bering DXL pls,2401035377-00,2170650291-00,5720179105-00
I want: DXL crossd roller-bearing rb 40035,2401035377-00,7857794706-00,6088982169-00
search single raw needle bearing HK0812 2RS roller plz,7501846298-00,2835901561-00,7123932343-00
"info: needle beraing HK-0812 RS2, single-row?",7501846298-00,7417715853-00,1268066289-00
want HK0812.2rs roller needles single row bearing,7501846298-00,2835901561-00,3923826893-00
search eku bearing crbh7013 A uut1 grade P5,9380813905-00,3409610748-00,9111163930-00
eku CRBH-7013/UUT1 bearing p5 precision want info,9380813905-00,3912035463-00,2722844269-00
pls need bearing 7013 eku CRBH A/UUT1 P-5,9380813905-00,3905666343-00,9043346665-00
search single line needle roler baring HK-0609 row plz,2167417774-00,5124901454-00,8226467110-00
"I want: HK-0609 roller needle bearing, single-row type info",2167417774-00,1269372122-00,7079399658-00
"give me specific hk 0609 needle roller rows, sinlge pls",2167417774-00,5660497797-00,6877469816-00
search for nki 25/20 tn single row needle roller bearing i need info,9266148795-00,9741033403-00,6344833046-00
info on needle roller bearing nki 25/20 tn what is it,9266148795-00,9741033403-00,3413264052-00
give me nki 25/20 tn bearing single row needle please,9266148795-00,9515153013-00,2256841335-00
find ball bearing unit tpw ubpfl 202 please,4870101176-00,6951776968-00,2922513175-00
search for tpw ubpfl202 ballbearing unit,4870101176-00,6951776968-00,9352817059-00
"info on unit ballbearing tpw ubpfl 202, what it is?",4870101176-00,6951776968-00,3738435794-00
searching for crossed roller bearng dxl rb 10020,2170650291-00,3413264052-00,1484422168-00
info on dxl rb10020 crossed roller bearing type,2170650291-00,7857794706-00,7751355997-00
give me crossed rollerbearngs dxl model rb 10020,2170650291-00,5066546121-00,6951776968-00
searching for crossed roller bearings dxl rb 11020 stuff like that,5066546121-00,2170650291-00,4643465183-00
find me dxl rb 11020 crossed roller bearing type and sizes,5066546121-00,8979284849-00,4481338477-00
give me infomation on crossed roller bearing dxl rb11020 what is that?,5066546121-00,3409610748-00,8143255737-00
"how to find guide bands 9287 123907 size 5,6x2,5 like for part buddy",2193613906-00,5645656566-00,6404187464-00
search for 9287-123907 guide band with 5.6 by 2.5 dimension,2193613906-00,1318185697-00,6951776968-00
"give me info on guidebands 9287123.907 measurements 5,6x2,5 pls",2193613906-00,6529849998-00,7212218295-00
search for needle thr-brng washer 4060 roller type,9556016514-00,1171759738-00,2538868426-00
need washer for roller thrust bearing 4060 specifics,9556016514-00,7946949392-00,5185231715-00
info on washer n. for thr bearing roller as 4060,9556016514-00,3245717955-00,7865149791-00
search for thrust roller needle cage axk 4060 size,7946949392-00,3949656826-00,9645658988-00
info about axk 4060 needle cages thrust roller,7946949392-00,4522541027-00,9265943440-00
cage needel roller axk4060 thrust specific part,7946949392-00,6530333098-00,5066546121-00
search for ls 4060 washer type for rollers and thrust bearings like cylindrical and needle,7452840785-00,5979277982-00,8298096627-00
"info on washer c/n ls 4060 for roller thr-bearings, specifically cylindrical and needle types",7452840785-00,6365943916-00,8979284849-00
give me ls 4060 thrust bearing washer for cylindrical & needle roller kinda stuff,7452840785-00,5979277982-00,5934919929-00
search for washer n roller thrust bearin 90120 type,1171759738-00,7349941438-00,3030593180-00
I want info on washer for needle roller thr-bearing kinda 90120,1171759738-00,1953221694-00,8020240760-00
give me washer 90120 for needle roller thrust bearing roller,1171759738-00,9556016514-00,2720683655-00
i want to find washer zuvo model prt-04-60-dri  also know as somethin like that,8370007751-00,4327921388-00,7124258264-00
lookin for prt-04-60 dri zuvo wash thingy,8370007751-00,2139794434-00,6178070846-00
search for washer zuvo prt 04 60 dri parts info for repair,8370007751-00,6805638993-00,7894897755-00
search for axk 90120 thrust needle roller cage stuff,5666169376-00,9336506479-00,2890825468-00
info on axk90120 cage needle thurst roller dimensions,5666169376-00,5249463039-00,3245717955-00
need the specifics for needle roller cage axk 90120 thingy,5666169376-00,2104984653-00,2256841335-00
search for axk0515 tn thrust needle roller cage thingy,9572791500-00,9336506479-00,1429597897-00
info on needle roller cage axk 0515 tn pls,9572791500-00,7044481484-00,3728612861-00
where to find axk 0515 tn thrust roller cage needle parts,9572791500-00,5666169376-00,7212218295-00
washer roller thrust bearing 0515 info needed,3245717955-00,1473554121-00,1920622049-00
I want: needle roller bearings washer 0515,3245717955-00,1171759738-00,9937502513-00
search for roller thr-bearing washer type 0515,3245717955-00,9556016514-00,6056086096-00
search for ls 90120 washer for the roller thrust bearing cylindrically,5979277982-00,4005656361-00,5794953922-00
I want: ls90120 washer for needle/cylindrical roller thr-bearing,5979277982-00,5827014141-00,6720131488-00
give me info on washer c/n for ls 90120 thrust bearings needle/roller,5979277982-00,3728612861-00,5431850038-00
"search for single row cylindric roller thrust bearing 81104 tn, need info about it",6161653291-00,8112582292-00,7751355997-00
"looking for thrust bearin 81104 tn, it's cylindrical and a roller type",6161653291-00,8620546313-00,1875361036-00
give me details on roller thrust bearin 81104 tn typ single row cylindr.,6161653291-00,6741886649-00,2599343660-00
search for washer n roller thr-bearing type 6590,2256841335-00,1953221694-00,6921602240-00
info washer for needle roller thrust bearing as thr-bearing 6590,2256841335-00,7349941438-00,6720131488-00
give me roller thrust bearing washer maybe number 6590,2256841335-00,1473554121-00,7489900871-00
cage thrust needle roller axk 6590 size and stuff,7044481484-00,9572791500-00,8365455653-00
looking for thrust needle roller axk6590 or similar things,7044481484-00,6530333098-00,2835082719-00
search for needle roller cage axk 6590 and other options,7044481484-00,7946949392-00,4613363443-00
search for ls 6590 washer for needle roller thr-brngs or cylindrical types,7751355997-00,2256841335-00,4763264514-00
give me cylindrical roller thrust bearing washer c/n ls 6590 please,7751355997-00,3728612861-00,4021551247-00
info washer ls6590 for needle/roller thr-bearing type please,7751355997-00,9556016514-00,4481338477-00
find thrust washer paw 26 p10 for machine needs,7136905351-00,1473554121-00,3081287116-00
looking for p10 26 thrustwasher paw specific,7136905351-00,7882473440-00,6354125661-00
thrustwasher paw 26 p10 parts serch info,7136905351-00,7882473440-00,8135097001-00
"thrust washer paw 32 p10, looking for somethng specific like dimensions",5643762042-00,1953221694-00,1684555397-00
"need parts like thrust wash paws 32 p10, what have u got",5643762042-00,7453588100-00,6467382367-00
"info about thrust washer type paw 32 P10, any similar products",5643762042-00,7136905351-00,8760874283-00
search for paw thrust washer 52 p10 maybe somthing like that,1321057021-00,1953221694-00,9557184959-00
"info about thrust washer p10 52 paw, need some detail",1321057021-00,7136905351-00,4295597107-00
thrust washer 52 p10 paws any info wud help,1321057021-00,9556016514-00,8096244744-00
search for cylindrical roller bearing nup 206 ecp info with dimensions,4067784318-00,5037382791-00,8112582292-00
want nup 206ecp roller bearing cylindrical type please,4067784318-00,1067796670-00,2720683655-00
find info on bearing nup 206 ecp cylindrical roller please thank you,4067784318-00,6161653291-00,2942663287-00
lookin for cylindrical roller bearing NUP210 ECP type stuff in database,9501685511-00,9371809952-00,5958696916-00
search for bearing roller cylindrical NUP210 ECP maybe?,9501685511-00,8979284849-00,7652035392-00
where can i find NUP 210 ecp cylindrical roller bearings??,9501685511-00,6921602240-00,9026041071-00
cylindrical roller bearing nup 212 ecp pls help me find,1067796670-00,4067784318-00,4481338477-00
need a nup212ecp cylinder roller bearing like that plz,1067796670-00,3409610748-00,1501058271-00
searching for bearing nup 212 ecp roller in cylindrical form,1067796670-00,4067784318-00,2928643503-00
search cylindrical roller bearing nup 305 ecp size and dimension,9371809952-00,7079399658-00,1501058271-00
info NUP305 ECP cylindrical rollers bearings catalog particular,9371809952-00,4982032276-00,7531996245-00
help with finding nup 305 ecp bearing cylndrcl roller specifics,9371809952-00,1067796670-00,2720683655-00
search for wheel vro d60 m320,7363194374-00,3824865055-00,9196144313-00
info on vro wheel m320 model d60,7363194374-00,6057518909-00,1329191849-00
give me d60 m320 wheel vro specs,7363194374-00,7220467591-00,9352817059-00
search wheel girevol without brake d100,1052468184-00,4545019368-00,6951776968-00
I want: rotating wheel no brakes diamtr100,1052468184-00,6419553753-00,4213734940-00
info d100 wheel girevole without freno,1052468184-00,6094533974-00,7988037521-00
search for m420 wheel vro plus fr d60 what is it,7220467591-00,6327543700-00,9196144313-00
need info on wheel vro m420 and d60 fr stuff,7220467591-00,7126761567-00,9352817059-00
looking for vro wheel m420 with fr d60 specs please,7220467591-00,3702814928-00,9674348759-00
search for nk 5/12 tn single row needle roller bearing,7056352833-00,8112582292-00,7659070552-00
info about needle roller bearing tn nk 5 12,7056352833-00,8189288329-00,7946949392-00
give me nk 5/12 tn bearings in single row bahavior,7056352833-00,6438980949-00,7349941438-00
i need to find wheel vro m520 d60 plz help me,6416879197-00,6327543700-00,9352817059-00
searching for m520 d60 vro wheel thingy,6416879197-00,6327543700-00,9674348759-00
what is the info on wheel vro d60 m520?,6416879197-00,4846801812-00,9196144313-00
lookin for busher pap 0606 p10 maybe like som other type?,3163078234-00,7827461347-00,1321057021-00
"search for p10 busher paper 0606, not sure if it is right",3163078234-00,2779561943-00,4225769061-00
can i get info on busher pap 0606 p 10 or somthing else?,3163078234-00,3103452341-00,2323356604-00
looking for busher pap 0608 p10 or somthin like dat,4429676008-00,5732277571-00,9534081164-00
search busher paper 0608 p10 type materials info,4429676008-00,6833265528-00,7476166945-00
need details on p10 busher pap 0608 or similar please,4429676008-00,3185373673-00,7210597771-00
busher pap 0610 p10 part infromation and details,6477628898-00,9181346928-00,7669229686-00
what is the busher pap 0610 p10 specs or types,6477628898-00,7827461347-00,9621571968-00
need a busher pap 0610 p10 for order plz send me info,6477628898-00,2494634256-00,1405819675-00
search for needle roller bearin nk6/12 tn single row,8112582292-00,1323236359-00,5827014141-00
info about nk 6/12 tn needle bearings row they has,8112582292-00,7056352833-00,1501058271-00
give me nk6/12tn singl row needle roller bearin plz,8112582292-00,5124901454-00,9336506479-00
search for axk 0619 tn needle roller thrust cage thingy,9336506479-00,6530333098-00,9515153013-00
info bout thrust roller cage needle axk 0619 tn,9336506479-00,9572791500-00,8059254291-00
need help findin needle roller cage THRUST axk0619 tn,9336506479-00,9572791500-00,4893561425-00
need info on wheel vro m620 d60 specifcaly,2633402017-00,6416879197-00,9352817059-00
looking for m620 d60 wheel vro stuff,2633402017-00,7363194374-00,9196144313-00
what is wheel vro d60 m620 can u help me?,2633402017-00,3824865055-00,4811533283-00
"search needle roller bearings, nk 7/12 tn, single row, i need info on it pls",8620546313-00,6741886649-00,1268066289-00
"nk 7/12 tn bearing, single row needle, roller type, just look for that",8620546313-00,7333334677-00,7034847370-00
"give me single row needle roller bearing, nk 7/12 tn, any info or details needed",8620546313-00,3539538119-00,1843344004-00
search for cylindrical rolrs rc - 8x8 size,8281473503-00,2218027097-00,6639135641-00
info about rc8 x 8 cylinder roller types,8281473503-00,4921777111-00,7079399658-00
give me 8x8 rc cylindrical roller specs pls,8281473503-00,4047319682-00,2104984653-00
find busher papp 0812 maybe p10,2483257253-00,2779561943-00,5643762042-00
looking for busher pap smallest size 0812 and p10,2483257253-00,3185373673-00,7210597771-00
can i have info on busher pap 0812 p 10 types,2483257253-00,1826420970-00,2323356604-00
I want washer for needle roller thr bearing cp 8 16 like the one roller and size maybe 18?,6543774793-00,1473554121-00,9266148795-00
search 8 16 cp needle roller washer thr-bearing roller n.,6543774793-00,1811269553-00,4613363443-00
give me info on roller thr-bearing washer cp 8 16 type or size maybe other?,6543774793-00,1171759738-00,7501846298-00
pls find nkxr 50 z combined needle/cylindrical roller thrust bearing roller type,5819118999-00,6506566613-00,4921777111-00
search for nkxr 50z combin needle and cyl roller bearing thrust,5819118999-00,1087482974-00,6954730411-00
"info about thrust bearing, nkxr 50z, needle roller and cylindrical types, help me!",5819118999-00,2833252741-00,6354617632-00
search for busher pap 1008 p10 please,3397156269-00,7827461347-00,7136905351-00
looking for pap busher 1008 p10,3397156269-00,4163122733-00,4052349502-00
I need info on p10 1008 busher pap,3397156269-00,1946388169-00,4052349502-00
searching for busher pap 1010 p10 material like stuff,3617522161-00,8358189939-00,2034326186-00
need i pap 1010 busher p10 piece,3617522161-00,2806046120-00,7964215642-00
find busher p10 1010 pap items possible,3617522161-00,8358189939-00,7136905351-00
search for busher pap 1012 p 10 please,4519349320-00,8101295351-00,1255737259-00
info on p10 pap busher 1012 like part,4519349320-00,5214347101-00,9877554164-00
get me busher paper 1012 p10 or somethng similar,4519349320-00,2779561943-00,4410734538-00
what is the support 1020 q kind of material?,6094533974-00,9103470507-00,6178070846-00
info about 1020 q support and specifications please,6094533974-00,9192194133-00,9681999783-00
give me support 1020 type q for my project,6094533974-00,1705888698-00,9681999783-00
search for support 1040 Q thingy,3495040641-00,4613363443-00,8534736814-00
info on 1040q support peices,3495040641-00,6094533974-00,8534736814-00
lookup best support 1040 q options,3495040641-00,9192194133-00,4047319682-00
search for busher pap 1208 p 10,6139201504-00,6796505905-00,9639799876-00
info on pap busher 1208 type p10,6139201504-00,1686558964-00,7476166945-00
need the 1208 p10 busher pap part,6139201504-00,8760874283-00,1321057021-00
what is busher pap 1210 p10 part like or stuff,9514707216-00,3397156269-00,1920921560-00
i need info on p10 busher pap 12o p10,9514707216-00,7827461347-00,5658261801-00
search busher paper 1210 p 10 please find it,9514707216-00,4934808632-00,6261514671-00
show me busher pap 1212 p 10 for my project,5954303285-00,7827461347-00,8425163072-00
need info on pap 1212 busher p10,5954303285-00,6058211450-00,1052315420-00
looking for busher p10 1212 paper or smthing like that,5954303285-00,7572878881-00,1207395784-00
search for busher pap 1215 P10 thingy,5839883350-00,5787003575-00,7136905351-00
info on pap 1215 p10 busher mate,5839883350-00,2494634256-00,1052315420-00
looking for busher p10 1215 paper,5839883350-00,6058211450-00,5643762042-00
lookin for busher pap 1220 p10 fpr repair or witf similar codes,8811987705-00,5732277571-00,7964215642-00
whre can I find 1220 P10 busher pap materials for projects,8811987705-00,2494634256-00,7476166945-00
"info on pap p10 1220 busher parts, needin some of dat stuff",8811987705-00,4163122733-00,1321057021-00
search for busher pap 1415 p10 parts,7078889404-00,5165979372-00,9621571968-00
info busher p10 and 1415 paper types,7078889404-00,8358189939-00,2034326186-00
looking for pap busher p10 1415 specs,7078889404-00,5732277571-00,7476166945-00
search for busher pap 1425 p10 maybe or similar stuff,9786803570-00,2806046120-00,1405819675-00
need busher paperwork 1425 p10 kinds of info,9786803570-00,3822575538-00,7136905351-00
"find p10 busher pap, like 1425 or other versions",9786803570-00,4163122733-00,7476166945-00
plz show me busher mb 1510 du bronze material,5989045910-00,6298267102-00,5126431065-00
need info on bronze busher 1510 mb specimen,5989045910-00,2514996460-00,1861548310-00
search for mb 1510 du busher made of bronz,5989045910-00,4937698724-00,8891849873-00
search for busher bmc tfp 1510 parts and specifications,6298267102-00,5627782037-00,4225769061-00
info on bmc tfp 1510 busher type,6298267102-00,3397156269-00,4410734538-00
looking for 1510 busher bmc tfp model or maybe something similar,6298267102-00,8700805601-00,4365586622-00
search for busher pap 1512 p 10 parts or stuff,9181346928-00,7078889404-00,3539538119-00
"looking for p10 1512 busher paper, maybe they have",9181346928-00,4934808632-00,7136905351-00
"need info on 1512 pap busher, what's that p10 mean?",9181346928-00,7827461347-00,7964215642-00
search for busher pap type 1515 and p10 in database,2233760591-00,2494634256-00,4052349502-00
looking for pap 1515 busher p10 stuff,2233760591-00,4163122733-00,4052349502-00
can i find 1515 p10 busher paper somewhere,2233760591-00,4934808632-00,1837857857-00
search for busher pap 1520 p 10 info,6796505905-00,4703197479-00,5357993975-00
looking for p10 busher pap 1520,6796505905-00,1946388169-00,2569747623-00
find busher paper 1520 p10 or similar,6796505905-00,2779561943-00,7964215642-00
search for pap busher 1610 type p10,7714999073-00,2494634256-00,7136905351-00
looking for 1610 p10 busher pap stuff,7714999073-00,5165979372-00,4052349502-00
give me busher p10 pap 1610 or 1610p10 info,7714999073-00,5165979372-00,7964215642-00
search for busher pap 16-12 p10 or somthing like that,4703197479-00,6184974473-00,9019812829-00
"looking for p10 busher pap 1612 material, help",4703197479-00,2494634256-00,4052349502-00
need info on 1612 busher paper p10 or anything realted,4703197479-00,3822575538-00,4410734538-00
i need the busher pap 1615 p10 for my project or something pls,5214347101-00,2494634256-00,2569747623-00
searching for 1615 p10 busher pap thingy,5214347101-00,7827461347-00,2034326186-00
"find me busher paps model 1615 p10, need it for the work",5214347101-00,3822575538-00,4410734538-00
search for busher pap 1620 p10 and maybe other stuff too,5216498526-00,5440625674-00,9621571968-00
info about p10 busher pap 1620 like what is it,5216498526-00,5440625674-00,2034326186-00
give me the details on 1620 p10 busher paper thing,5216498526-00,3822575538-00,1837857857-00
looking for busher pap 1625 p10 like part,5474448232-00,3208232197-00,7811220022-00
search for item called busher pap size 1625 p10 something,5474448232-00,2494634256-00,7476166945-00
need to find pap busher 1625 p10 pls,5474448232-00,2494634256-00,9621571968-00
searching for busher pap 1815 p10 part,1968600748-00,9514707216-00,7811220022-00
i need a p10 busher pap item number 1815,1968600748-00,1946388169-00,7476166945-00
give me info on busher paper 1815 p10,1968600748-00,5787003575-00,4225769061-00
looking for busher pap 1820 p10 or else some info on it,3103452341-00,7827461347-00,4052349502-00
need to find busher paper 1820 p10 like real quick,3103452341-00,1774298979-00,1329191849-00
"what is this busher pap 1820 p10 stuff, need details pls",3103452341-00,4163122733-00,7476166945-00
"helo need crossed roller bearing ddxl sx 01 1828, plz send me info",4321444789-00,7857794706-00,2256841335-00
looking for crossed roller bxring dxl sx 01 1828 size,4321444789-00,3413264052-00,2057314738-00
can u find crossed roller bearring dxl sx 01 1828 for my project,4321444789-00,5066546121-00,9103470507-00
search for dxl crossed roller bearng rb 14016 with dxl and crossed stuff,3413264052-00,2170650291-00,4643465183-00
give me info on crossed roller bearing model rb 14016 from dxl,3413264052-00,8979284849-00,5185231715-00
looking fo dxl rb14016 crossed roller bearng details and info,3413264052-00,5819118999-00,4552388370-00
busher pap 2015 p10 component lookin for,3149495518-00,1826420970-00,7476166945-00
need busher pap 2015 maybe p10 or sumthing,3149495518-00,2806046120-00,7136905351-00
search for the busher paper 2015 p10 item now,3149495518-00,5787003575-00,7476166945-00
search for nk 20/20 single row needle roller ball bearing please,2720683655-00,6438980949-00,6360710927-00
info about bearing needle roller nk 20/20 type,2720683655-00,1323236359-00,1070027217-00
looking for nk 20 20 roller bearings single row,2720683655-00,6438980949-00,5249463039-00
"looking for busher pap 2020 p10, like what it is and sizes",5165979372-00,6184974473-00,4346290599-00
"can i find info on p10 busher pap 2020, need the specs",5165979372-00,2160677782-00,5643762042-00
"search busher paper 2020 p10, like needs or somthing diff?",5165979372-00,7572878881-00,7136905351-00
got a busher pap 2025 p10 looking for info,3433772587-00,7827461347-00,2034326186-00
need specifications for busher pap type 2025 p10 plz,3433772587-00,5165979372-00,4052349502-00
where can I find busher pap 2025 p10 part details or info,3433772587-00,7714999073-00,9877554164-00
please search for busher pap 2030 model p10 thingy,6184974473-00,5732277571-00,7476166945-00
need info on p10 busher pap 2030 whatchamacallit,6184974473-00,4163122733-00,2569747623-00
find busher pap 2030 p10 item or whatever,6184974473-00,5732277571-00,9621571968-00
search for support roller na 2203.2 r sx please,4643465183-00,3195565534-00,5827014141-00
looking for roller support na 22032rsx,4643465183-00,9103470507-00,8365455653-00
info about support roller na 2203 2rsx pls,4643465183-00,2683054798-00,9832730678-00
search for nup 2207 ecp cylindrical roller bearing info pls,5037382791-00,7079399658-00,9918136165-00
want to find cylindrical roller bearing nup2207 ecp like what size is it?,5037382791-00,6161653291-00,6621224456-00
looking to get nup 2207 ecp roller bearings cylindrical type details need help!,5037382791-00,7079399658-00,3539538119-00
search self aligning bearng bs2 2212 2rs vt143 parts,3044100751-00,2964395104-00,3806516682-00
info on bs2-2212-2rs vt143 self aligning bearing,3044100751-00,2835901561-00,4633625354-00
give me self aligning bearng bs 2 2212 2rs vt143 pls,3044100751-00,2835901561-00,7993069863-00
search for busher pap 2220 p 10 please,1134871499-00,5474448232-00,8043948667-00
info on p10 2220 busher paper type,1134871499-00,6477628898-00,4410734538-00
looking for busher paper big 2220 p10 thing,1134871499-00,3822575538-00,4410734538-00
what is busher mb2225 du brnze material?,2514996460-00,5627782037-00,6951776968-00
help me find bronze busher mb 22 25 du for equipment,2514996460-00,5989045910-00,6058211450-00
looking for specific mb 2225d bronze busher pls?,2514996460-00,5989045910-00,5652404820-00
lookin for busher pap 2430 p10 and specs,2494634256-00,8096244744-00,2034326186-00
where can i find pap busher 2430 p10 info,2494634256-00,5165979372-00,2569747623-00
need to search for 2430 p10 busher paper type,2494634256-00,1774611466-00,1052315420-00
search pap busher 2515 p10 type material and size pls,5732277571-00,2494634256-00,2569747623-00
info about busher 2515 p10 but i also need pap stuff,5732277571-00,7827461347-00,2034326186-00
give me: 2515 p10 busher of pap material any info,5732277571-00,2806046120-00,2034326186-00
search for busher pap 2520 p 10 model or somthing like that,1826420970-00,5216498526-00,5063594698-00
i need to find 2520 p10 busher pap part or maybe similar types,1826420970-00,5787003575-00,1321057021-00
lookin for P10 busher pap 2520 or any related component that has it,1826420970-00,1686558964-00,9793768748-00
busher mb 2520 du bronze detailed search,1547554553-00,7269638704-00,4480948610-00
looking for bronze busher mb2520 du,1547554553-00,5989045910-00,5126431065-00
info on mb 2520 du bronze busher parts,1547554553-00,1826420970-00,2089304133-00
lookin for busher pap 2525 p 10 part please,4163122733-00,4519349320-00,6082143397-00
can u find 2525 p10 busher paper specific info,4163122733-00,5737655993-00,4410734538-00
need to locate busher pap p10 2525 size thing,4163122733-00,1946388169-00,7476166945-00
search for busher pap 2530 p10 or sumtin similar,1946388169-00,7827461347-00,2034326186-00
where can i find p10 busher pap 2530 looking for,1946388169-00,7827461347-00,9621571968-00
info on pap busher 2530 p 10 or maybe other types,1946388169-00,4703197479-00,8043948667-00
searching for axk 2542 needle roller cage thrust with some details,3949656826-00,7349941438-00,8696018241-00
info on cage thrust needleroller axk two five four two please,3949656826-00,7946949392-00,1318185697-00
find me needle rollr thrust cage axk2542 or something similar,3949656826-00,2104984653-00,1323236359-00
info about washer 2542 for needle roller thr-bearing and also roller type,7349941438-00,1953221694-00,6877469816-00
search for needle roller thrust bearings info washer n 2542,7349941438-00,6765111973-00,7734476041-00
gimme washer for thr-bearing roller 2542 type stuff,7349941438-00,3245717955-00,2859125868-00
i need the busher pap for 2820 and p10 like info,7827461347-00,5732277571-00,1405819675-00
look for pap busher 2820 p 10 type,7827461347-00,8811987705-00,2323356604-00
searching busher p10 2820 paper for machine,7827461347-00,2714088785-00,1837857857-00
search for busher 2830 P10 pap type of stuff,8358189939-00,5165979372-00,7476166945-00
wher can I find pap p10 2830 busher,8358189939-00,2494634256-00,1321057021-00
I want info on 2830 busher pap p10 thing,8358189939-00,2494634256-00,7964215642-00
searching for busher paps 3015 p 10,8096244744-00,3081287116-00,5959674287-00
find me busher pap 3015 p10 model,8096244744-00,2494634256-00,2569747623-00
looking for p10 busher pap 3015not sure on thee sizes,8096244744-00,7827461347-00,2034326186-00
find pap busher 3020 p10 please,1686558964-00,5440625674-00,9621571968-00
looking for busher p10 model pap 3020,1686558964-00,4163122733-00,1405819675-00
search for p10 busher pap 3020 and stuff,1686558964-00,7827461347-00,4052349502-00
search for busher pap 30 25 p10 like what is in our system,2714088785-00,5732277571-00,7611388564-00
p10 busher pap3025 find it or may be something similar,2714088785-00,6833265528-00,4410734538-00
info on busher pap 3-025 p 10 type or maybe look for it,2714088785-00,4163122733-00,2013038763-00
search for busher pap 3030 type p10,8583464876-00,1686558964-00,9352817059-00
looking for 3030 p10 busher kinda paper,8583464876-00,8096244744-00,2569747623-00
need info on p10 busher paper with 3030 specs,8583464876-00,8096244744-00,1405819675-00
search for busher mb3030 du bronce material,7269638704-00,8700805601-00,9681999783-00
looking for bronze busher mb 3030 du,7269638704-00,2514996460-00,2036427045-00
info on mb3030 busher du bronze component,7269638704-00,4937698724-00,2756774135-00
needin busher pap 3040 P10 part can u give some info?,2160677782-00,7714999073-00,1920921560-00
search for pap busher 3040 p10 component or somethin like that,2160677782-00,2494634256-00,4052349502-00
wheres that busher p10 pap 3040 thingy i saw earlier?,2160677782-00,1826420970-00,7964215642-00
searching for bk 3520 single row needle roller bearing component,4867102292-00,1785647874-00,5178196899-00
"needle roller beariing bk 3520, I want info on single row",4867102292-00,5605446752-00,1473554121-00
"give me bk 3520 needle roller bearing, like a single row type",4867102292-00,5660497797-00,5178196899-00
busher pap 3530 model p10 please find,3508567827-00,2806046120-00,1321057021-00
looking for p10 busher pap 3530 stuff,3508567827-00,2494634256-00,7476166945-00
can i get info on busher pap 3530 p10?,3508567827-00,2806046120-00,7136905351-00
info about busher pap 3540 p 10 any details,4934808632-00,9181346928-00,4389349426-00
plz give me 3540 p10 busher papr,4934808632-00,2779561943-00,1052315420-00
searching for busher p10 type 3540 paper and stuff,4934808632-00,1774611466-00,9621571968-00
"search for busher pap 3550 p10 or something like it, where can i find that?",3081287116-00,4163122733-00,2569747623-00
"i need pap busher p10, 3550 model or maybe smth similar?",3081287116-00,5165979372-00,9621571968-00
"help me 2 find busher pap 3550 p10, any info on this?",3081287116-00,7827461347-00,2569747623-00
i need to find busher p20 like 3550 pap,1211141021-00,5165979372-00,6345654229-00
lookig for p20 busher pap 3550,1211141021-00,3185373673-00,7611388564-00
search pap busher 3550 p 20 something like,1211141021-00,4163122733-00,8284236066-00
busher pap 4020 p10 what is that and can I find it?,6833265528-00,8096244744-00,9534081164-00
looking for p10 pap busher 4020 detail and info,6833265528-00,8101295351-00,7448971127-00
"info on busher p10, what is the 4020 size?",6833265528-00,5732277571-00,4346290599-00
looking for busher mb4030 du material bronze thingy,9019812829-00,5627782037-00,7320801684-00
info on bronze busher 4030 mb  du,9019812829-00,7594836231-00,9793768748-00
check for 4030 mb busher  du bronze alloy material,9019812829-00,7269638704-00,4220919257-00
looking for busher pap 4040 p10 like item I'm needing,3822575538-00,5440625674-00,7136905351-00
find me p10 busher 4040 like paper or somthing,3822575538-00,6058211450-00,1052315420-00
search busher p10 4040 pap what is it can I get it,3822575538-00,4163122733-00,2569747623-00
i need to find busher pap 40 50 p10 plz,6058211450-00,4163122733-00,6738728316-00
search for p10 busher pap 4050 materials or somthing,6058211450-00,5732277571-00,2569747623-00
wheres the busher type pap 40 50 p10 at??,6058211450-00,2494634256-00,6738728316-00
searching for busher pap 4530 p10 part,5787003575-00,7714999073-00,1920921560-00
info on p10 busher pap 4530,5787003575-00,5165979372-00,2034326186-00
need the busher paper 4530 p10 details,5787003575-00,4934808632-00,9621571968-00
search for busher pauses like pap 4550 p10,2779561943-00,1826420970-00,7476166945-00
looking for busher pap 4550 p10 part or similar,2779561943-00,7714999073-00,8666922925-00
info on p10 busher pap 4550 piece please,2779561943-00,5440625674-00,4052349502-00
search for rna 4906.2rs needle roller bearing single row please,5934919929-00,1785647874-00,7452840785-00
info on single row needle roller bearing rna 4906.2rs,5934919929-00,8824276530-00,8979284849-00
give me RNA4906 2RS needl roller bearings specs and details,5934919929-00,7664309470-00,7541138863-00
search for single row needle bearing rna 4909,4021551247-00,9111163930-00,3745610842-00
info on rna 4909 needle roller bearings single row,4021551247-00,6069903182-00,7946949392-00
looking for rna 4909 single row needle roller bearing,4021551247-00,2756427079-00,5827014141-00
search for needle roller bearing na4919 single row very specific,8151190862-00,7489900871-00,6921602240-00
info about na 4919 single row needles roller bearing,8151190862-00,9551318466-00,7028139230-00
give me some details on needle bearings na4919 like single row,8151190862-00,7359180004-00,2748816495-00
need search for busher pap 5040 p 10 parts,3185373673-00,5214347101-00,2323356604-00
can I find p10 busher pap 5040 pls,3185373673-00,5165979372-00,2034326186-00
looking info on pap busher 5040 p10 please,3185373673-00,1826420970-00,9621571968-00
lookin for busher papper 5060 P10,4332667820-00,5787003575-00,4225769061-00
info on 5060 p10 busher that is paper,4332667820-00,1774611466-00,4225769061-00
search for busher paper type p10 5060,4332667820-00,5440625674-00,7136905351-00
search for busher pap specs 6030 p10,8101295351-00,2494634256-00,2569747623-00
need info on 6030 p10 busher paper thingy,8101295351-00,6058211450-00,7964215642-00
"looking for busher pap with code 6030 p10, help me find",8101295351-00,2494634256-00,9621571968-00
plz look for busher paf 06070 p10 component,6467382367-00,7572878881-00,5643762042-00
what is busher paf 06070 p10 sry,6467382367-00,7047810484-00,1052315420-00
info about paf06070 p10 busher part thing,6467382367-00,5474448232-00,5107098838-00
buscar busher paf 06080 p ten,6298201523-00,7792307856-00,6663935295-00
info on busher paf 06080 part 10,6298201523-00,9015214706-00,1388524047-00
find paf busher model 06080 p10,6298201523-00,7047810484-00,5643762042-00
find washer for needle roller thrust bearings n 0619 type,1953221694-00,9556016514-00,1642873948-00
looking for roller thr-bearing washer 0619 specific,1953221694-00,8262411778-00,6161653291-00
search washer n. for thr bearing roller needle like 0619,1953221694-00,7349941438-00,1634786010-00
search for needle roller bearing na6904 single row,2045686967-00,5660497797-00,4317402654-00
"give me na 6904 bearing, roller needle one row",2045686967-00,6069903182-00,7079399658-00
info about single row na6904 needle roller bearings,2045686967-00,4302709327-00,1067796670-00
give me single row needle bearing na6911,3628132510-00,6469053003-00,5610238284-00
I want: needle roller bearing type na 6911,3628132510-00,1211253224-00,4321444789-00
search needle roller bearings stuff na6911,3628132510-00,2256841335-00,1323236359-00
search for single needle roller bearin rna 6913,4243875482-00,3152553412-00,7857794706-00
"I want to find rna 6913 ,rolling needel bearing single row",4243875482-00,3152553412-00,6526985464-00
info on needle roller bearin rna 6913 single row plz,4243875482-00,3111837963-00,1070027217-00
search for needle roller bearin oru rna 69/32 single row,6304011625-00,3111837963-00,8810070590-00
"i need kinda like oru rna 69/32, a needle roller bearing but not sure",6304011625-00,4243875482-00,6360710927-00
"give me details on single row needle roller bearin oru rna 69/32, thnx",6304011625-00,9111163930-00,4281765786-00
info on busher pap 7050 p10,3208232197-00,2806046120-00,7476166945-00
searching for pap busher 7050 p10 specifics,3208232197-00,5165979372-00,1321057021-00
p10 busher paper 7050 help please,3208232197-00,3822575538-00,4225769061-00
pls search for busher paf 08055 p10 part or maybe just paf08055,1774298979-00,3687303022-00,3076317177-00
looking for p10 busher type 08055 part some info,1774298979-00,5345176211-00,8317446155-00
get me busher paf in part number 08055 and p10 like details,1774298979-00,8953620793-00,5011131774-00
lookin for busher paf model 08095 p10,7572878881-00,7047810484-00,1837857857-00
search busher paf 08095 p-10,7572878881-00,6253052120-00,2026712416-00
can i find 08095 p10 busher paf?,7572878881-00,7882473440-00,1837857857-00
search 12012 art vro beta wheel d125 type,7296303178-00,2962086114-00,9196144313-00
looking for beta vro wheel d 125 art 12012,7296303178-00,2962086114-00,8534736814-00
info on lagging wheel 12012 d 125 beta,7296303178-00,7220467591-00,7997028723-00
search for wheel vro beta art.12026 d160 size 160 pls,4846801812-00,3824865055-00,1861548310-00
"info on beta vro wheel d160 art. 12026, what is it?",4846801812-00,3824865055-00,4811533283-00
looking up wheel vro art 12026 d 160 betta thingy,4846801812-00,2962086114-00,1861548310-00
busher pap 10 60 p10 model search pleaz,8760874283-00,6139201504-00,7269638704-00
looking for p10 busher pap 10060 specs,8760874283-00,4163122733-00,1321057021-00
info on pap busher 10060 p 10 piece,8760874283-00,7714999073-00,3539538119-00
looking for busher paf 10070 p10 part,7882473440-00,6298201523-00,1920921560-00
need paf 10070 p10 busher,7882473440-00,7572878881-00,5643762042-00
search busher part 10070 p 10 what is it,7882473440-00,5737655993-00,9515153013-00
lookin for busher paf 10090 type p10,9015214706-00,9463710625-00,5643762042-00
need info on paf 10090 busher p 10,9015214706-00,7792307856-00,1108656646-00
search for busher 10090 p10 like paf,9015214706-00,7047810484-00,7255109294-00
looking for busher 10120 pAF p10 type stuff,7792307856-00,6253052120-00,1321057021-00
p10 busher paf 10120 pls help locate,7792307856-00,7882473440-00,7255109294-00
search busher paf type 10120 p10 components,7792307856-00,6253052120-00,4052349502-00
k 12x15x13 tn needle roller cage looking for infos,3812303110-00,5666169376-00,9265943440-00
searching for cage needle roller k 12x15x13 type tn,3812303110-00,9572791500-00,6906098423-00
where can I find a needle roller k12x15x13 tn cage specifics?,3812303110-00,2104984653-00,5720179105-00
"search for washer roller thr-bearing like 1226, I want: needle type",6765111973-00,9556016514-00,9918136165-00
info on bearing washer for roller thrust 1226 n.,6765111973-00,1473554121-00,3195565534-00
give me: washer for neddle thrust bearings similar as 1226,6765111973-00,1811269553-00,2226715329-00
search for busher pap 12060 P10 material stuff,3047152691-00,5165979372-00,2569747623-00
needed pap busher 12060 p10 component,3047152691-00,1946388169-00,1321057021-00
info on 12060 p10 busher pap item,3047152691-00,5165979372-00,1321057021-00
search for busher paf 12090 p 10 type thingy,8953620793-00,7792307856-00,9515153013-00
looking for paf busher p10 12090 item,8953620793-00,1774298979-00,5643762042-00
can I find p10 busher paf 12090 or something like that,8953620793-00,3687303022-00,4225769061-00
search for busher paf 12170 p10 component pls,1027628233-00,7047810484-00,1052315420-00
info on paf 12170 p10 busher type,1027628233-00,6253052120-00,5643762042-00
where to find busher 12170 p10 in the database need help,1027628233-00,6833265528-00,1052315420-00
wheel vro radiator delta article 13058 d100 size,6327543700-00,7126761567-00,9196144313-00
search delta art 13058 d100 wheel vro component,6327543700-00,4157467111-00,9352817059-00
info on wheel vro deltaprt 13058 d 100,6327543700-00,7296303178-00,1329191849-00
search for k 15 times 19 times 13 cage type needle roller,8884625491-00,5249463039-00,3245717955-00
info on needle roller k cage size 15x19x13,8884625491-00,2104984653-00,4893561425-00
im looking for k15x19x13 cage roller needel type,8884625491-00,3949656826-00,3229941575-00
cage needled roller k 15 by 21 by 21 size,5249463039-00,3812303110-00,7728063749-00
plz search for k roller needle cage 15x21x21,5249463039-00,2104984653-00,4921777111-00
info on k cage needle roller dimensions 15 21 21,5249463039-00,2231226859-00,7659070552-00
search for ls 1528 washer bearing roller type needle and cylindrical thr stuff,6365943916-00,5979277982-00,1501058271-00
info washer c/n ls 1528 for needle/roller thrust bearings roller bearing,6365943916-00,5979277982-00,1634786010-00
give me ls1528 cylindrical needle bearing with washer thr bearing info,6365943916-00,2256841335-00,3539538119-00
pls search for busher pap 15060 p10 part thing,5345176211-00,2233760591-00,5011131774-00
I need to find busher paper 15060 p ten,5345176211-00,8700805601-00,6951776968-00
help me look for pap busher 15060 p10 please,5345176211-00,4163122733-00,2034326186-00
search for busher paf type 15090 p10 plz,7047810484-00,3687303022-00,7255109294-00
need the paf busher 15090 p 10 part info,7047810484-00,9015214706-00,8308947793-00
looking for the 15090 p10 busher paf item,7047810484-00,9463710625-00,1052315420-00
looking for busher paf 15120 p10 part or similar kind of this,9463710625-00,8308447551-00,1321057021-00
search for paf 15120 busher p10 not sure if its correct,9463710625-00,7882473440-00,1837857857-00
I need info about busher 10 p15120 or what ever is it,9463710625-00,1686558964-00,7913166788-00
searching busher paf 15170 model p10,5737655993-00,8953620793-00,4052349502-00
need info on paf busher 15170 p10 part,5737655993-00,8953620793-00,5107098838-00
find busher 15170 p10 type paf,5737655993-00,1027628233-00,1837857857-00
looking for busher paf 1612o p10 or somethin like that,8308447551-00,3687303022-00,1321057021-00
i need info on busher paf 16120 p10 part,8308447551-00,3687303022-00,1920921560-00
search paf busher 16120 p10 do u have anythng?,8308447551-00,8174917101-00,7476166945-00
search for busher paf 18120 p10 component plz,9635495583-00,6253052120-00,7255109294-00
looking for paf busher 18120 p10 type,9635495583-00,6253052120-00,4225769061-00
info on busher p10 18120 paf thingy,9635495583-00,1774298979-00,1321057021-00
busher paf 18170 p10 search for parts,3687303022-00,9463710625-00,4052349502-00
need info on busher p-a-f 18170 p10,3687303022-00,6477628898-00,4225769061-00
looking for p10 busher paf 18170 seems right,3687303022-00,7882473440-00,5643762042-00
search busher paf 18220 p10 part details and info,6253052120-00,1641822704-00,5107098838-00
give me p10 busher paf 18220 product specs or somthing,6253052120-00,7882473440-00,7476166945-00
can I find the busher model paf 18220 p10 or similar in the database,6253052120-00,3687303022-00,7255109294-00
search for busher paf 20115 / P10 part thingy,2699455699-00,1027628233-00,8317446155-00
might need the paf 20115 busher p10 specific component,2699455699-00,9015214706-00,1837857857-00
looking for busher part number 20115 & p10 maybe,2699455699-00,1027628233-00,3269654436-00
find: busher paf 20115 p11 part for repair or replace,5392032523-00,7572878881-00,9093412678-00
looking for: paf 20115 p11 busher thing with details,5392032523-00,2699455699-00,9164378441-00
info on: p11 busher paf 20115 or maybe other similar stuff,5392032523-00,3183211547-00,9793768748-00
search for busher paf 20165 p 11 stuff,8284236066-00,6253052120-00,6345654229-00
find 20165 p11 busher paf,8284236066-00,6467382367-00,9164378441-00
info on paf busher p11 20165 and others,8284236066-00,9463710625-00,1052315420-00
search for busher paf 20215 and p10 pls need more details,9582710726-00,7572878881-00,4052349502-00
i want to find paf 20215 busher type p10 stuff,9582710726-00,7572878881-00,7255109294-00
info on type p10 busher 20215 paf right here,9582710726-00,7572878881-00,1837857857-00
searchin for cam follower kr 22 data plz,6065132367-00,7014174175-00,7321897932-00
I want info bout kr22 cam followr right now,6065132367-00,9265943440-00,2039087397-00
give me specific kr 22 camfollower detail quickk,6065132367-00,8018111817-00,6345654229-00
search spherical 22207 ek roller bearing,4956672336-00,8161850682-00,1501058271-00
info on roller beaerings 22207-EK type/spherical,4956672336-00,7857794706-00,6543774793-00
i need spherical roller berings 22207 EK pls,4956672336-00,3409610748-00,4727133865-00
search spheriacl roller bearring 22208-E,3409610748-00,5819118999-00,1399047505-00
info on spherical bearing roller type 22208e,3409610748-00,8979284849-00,2331944648-00
I need specific details about sphere roller 22208 earing,3409610748-00,4956672336-00,4321444789-00
search for bearing spheirical 22210 e roller type,7857794706-00,1748309131-00,1473554121-00
"info on rollear spherical 22210e, give me details pls",7857794706-00,8161850682-00,6711268221-00
specific sperical rollerbering 22210 e,7857794706-00,6529849998-00,6951776968-00
search for shpere bearing type 22211 EJ W33 roller,7028139230-00,9324563672-00,6428135444-00
info spherical RLER bearing 22211ej w/33,7028139230-00,8979284849-00,6344833046-00
I want spherical rolr BEARNG EJ22211 /W 33,7028139230-00,1843344004-00,1861548310-00
seearching for info spherical roller beaaring model 23028CC W-33,8635651210-00,8979284849-00,8365455653-00
I want: 23028 CC/W33 spherical rollr baaring specification,8635651210-00,8979284849-00,8534736814-00
specifik spherical roller type 23028/cc-w33 bearing,8635651210-00,9324563672-00,6621224456-00
search spherical bearing 23030CC W33 roller?,1843344004-00,7857794706-00,8112582292-00
info about 23030 cc/w33 round barrel bearing pls,1843344004-00,9324563672-00,1964769773-00
need specifics for bearing spherical 23030 cc-w33 rollers,1843344004-00,3409610748-00,7564947432-00
"search for bushing PAF 25115 P10, need info",8112929682-00,7882473440-00,1405819675-00
give me BUSHER PAF 25115/P10 specififcation,8112929682-00,1641822704-00,1321057021-00
bushing paf. code 25115-p10 details,8112929682-00,1027628233-00,1405819675-00
search bush paf 25215 P-10 size?,3941427155-00,5392032523-00,5658151048-00
info for bushing Paf25215p10 format pls,3941427155-00,6192682953-00,5652404820-00
give me: PAF bush 25215 p 10,3941427155-00,5737655993-00,4595789175-00
search bushing PAF-30 160 P-10,8030213686-00,6757660918-00,4568894138-00
info about bushr PAF30160 P10,8030213686-00,6467382367-00,8696414262-00
I need bush paff 3016 0 p10,8030213686-00,1134871499-00,8135097001-00
search bushing PAF30260 P-10 metal,8174917101-00,3113830218-00,9471472650-00
info for bush 30260paf p10 type,8174917101-00,9015214706-00,8696414262-00
give me: bushing paf 30260 P10,8174917101-00,8953620793-00,2034326186-00
wheel vro 150mm Qd model art#1003cc specs,4157467111-00,4846801812-00,9196144313-00
search wheel/artificial 1003CC vro 150 diameter,4157467111-00,6327543700-00,9352817059-00
"want info for lagging wheel Q.D. Type d=150, art1003cc",4157467111-00,1052468184-00,5013018299-00
info wheel support fixed heavy q+p50,7150466486-00,8150398753-00,7321897932-00
search heavy duty con fixed wheel q+p 50,7150466486-00,8301973657-00,5997622662-00
want supp.fissi wheels q plus p50,7150466486-00,6267553235-00,1861548310-00
info wheel with supp+GIREVOL pesanti q and P 50,6419553753-00,8367543199-00,9196144313-00
search heavy turn wheel supp girev p50+q,6419553753-00,8301973657-00,1052315420-00
I want wheel suport girevole pesenty q/p 50,6419553753-00,1052468184-00,5126431065-00
search wheel lagging Q / P-60 article 1061 d. 130mm,3824865055-00,4327921388-00,5013018299-00
info pls! vro wheel q+p60 art no 1061 dia 130,3824865055-00,3139039835-00,8534736814-00
give me: wheel Q P60 art1061 dimension d 130,3824865055-00,6692181667-00,6711268221-00
info on swival castor YLS-u 100mm plz,9775450433-00,5903303792-00,6951776968-00
search: ylS u caster swivle type 100 milimeters,9775450433-00,6192682953-00,5652404820-00
100 mm YSL-U wheel/castor swivvle,9775450433-00,1052468184-00,6951776968-00
search fixed wheel yls-u caster 100mm plz,5918243383-00,9775450433-00,2036427045-00
info on yls u FIX castr 100 mm wheel,5918243383-00,6057518909-00,6711268221-00
i want: 100 mm fixed caster 4 yls/u,5918243383-00,1318185697-00,6711268221-00
search wheel vro model q / p60 diameter 130mm,6057518909-00,7363194374-00,4811533283-00
info pls on wheel bracket q p60 size 130,6057518909-00,1052468184-00,4571590299-00
want: wheel vro q+p60 D 130,6057518909-00,4846801812-00,1329191849-00
info TRANSPALLET rolr vro 1520CC diam 80,2211636078-00,4411161347-00,9196144313-00
search lagged wheel for 1520cC d:80mm,2211636078-00,2633402017-00,4571590299-00
i want details 80mm transpallet vro roller type 1520c,2211636078-00,7296303178-00,4317402654-00
serch for roller vro 70MM transpallet Art1529cc info,8758900044-00,5092984113-00,2401035377-00
I need transpallet rol lagging d 70 art 1529CC pls,8758900044-00,2211636078-00,2596755451-00
roller/transpallet d70 ART. 1529CC vro,8758900044-00,5092984113-00,5066546121-00
"search transpallet rolling vro d 85, art: 1712cc",5092984113-00,7296303178-00,8534736814-00
"i want: roller for transpallets lagged, article 1712CC, D-85",5092984113-00,4893561425-00,4321444789-00
info about trans pallet rollar lagging art 1712cc D85,5092984113-00,7296303178-00,4346290599-00
info on lagging wheel zeta m-22 art.24001 diameter 80mm,6485532333-00,6692181667-00,4365586622-00
"search wheel vro m22 zta ART 24001, 80-mm",6485532333-00,4846801812-00,6198473236-00
i want details of wheel-vro/ZETA+M22 articel 24001 d. 80,6485532333-00,2962086114-00,1329191849-00
look for vro wheel zeta fr / art.24001 m22 80mm d,3702814928-00,5752034351-00,9352817059-00
info on d 80 zta vro wheel m-22 plus art 24001,3702814928-00,6485532333-00,6695477620-00
search wheel VRO Z+eta m22 art24001 fr diameter 80,3702814928-00,1388817573-00,7976170256-00
search wheel lagging zeta PLUS M22 art nr. 24101 diameter 80mm,1388817573-00,5752034351-00,5124484992-00
info about zeta vro whell m 22 articl 24101 d 80,1388817573-00,8059232524-00,6695477620-00
I want: vro wheel zeta / m22 art# 24101 dia 80,1388817573-00,6485532333-00,7976170256-00
search wheel lagg ZETA M22 art n.24005 D-100,2962086114-00,8059232524-00,8534736814-00
info on wheel-lagg m22/ZETA art. 24005 dia 100,2962086114-00,5752034351-00,4346290599-00
give me: vro wheel zetta d 100 art24005 M22,2962086114-00,2633402017-00,1329191849-00
search wheel vro zeta m20 fr articl #23105 dia 100,7126761567-00,1388817573-00,6198473236-00
I want: vro WHEEL Zeta + M20 / FR art23105 100mm,7126761567-00,3139039835-00,4365586622-00
info about lagging zeta-wheel FR ART! 23105 M20 size D100,7126761567-00,9029186452-00,4220919257-00
find info wheel vro zetaa & e 70 art7405 diam 82,5752034351-00,7296303178-00,9473428869-00
"search: vro wheel zetta+ E-70 artikle 7405, 82mm",5752034351-00,6057518909-00,3300579673-00
"I want: zetta lagged WEELS / Art. 7405, d.82 E.70",5752034351-00,4846801812-00,4215182994-00
search wheel vro ZETA m22?? d-100 art 24105,3139039835-00,6692181667-00,1329191849-00
info on vro wheel zeta + M22 arcticle 24105 diameter100,3139039835-00,6692181667-00,1861548310-00
want: zeta WHLag m22 art/24105 d=100 wheel,3139039835-00,5752034351-00,8534736814-00
"search whell vro, zeta m22 artic 24116 diametr 150",4976501797-00,3139039835-00,9196144313-00
I want info for art: 24116 zeta vro wheel 150mm m-22,4976501797-00,3139039835-00,5196167183-00
"vro wheel d150 zeta + m22, articule code 24116",4976501797-00,4157467111-00,9352817059-00
"search zeta vro wheel art 23853, d-100 p-60",6692181667-00,6485532333-00,1861548310-00
info wheel lagging zeta p60 art-23853 diameter/100,6692181667-00,4976501797-00,9196144313-00
give me: zeta wheel vro p 60 artical 23853 d100,6692181667-00,6485532333-00,9196144313-00
search needle rolr b3 x 27.8 g2,1501058271-00,4078903042-00,1268066289-00
"info on b3x27,8 g2 needle bearings rollers",1501058271-00,8625641545-00,9681999783-00
I want needle roller bearing B3x27.8g2,1501058271-00,5794953922-00,5958696916-00
cam folower NUKR-35A2RS part or component,7504323369-00,5479560822-00,2248126059-00
info CAMFLWR nkr 35-a/2RS bearing roller?,7504323369-00,1211253224-00,6621224456-00
I want: nukr 35a 2 rs followr..,7504323369-00,6192682953-00,6178070846-00
search camfollower nukre 35 2rs specs?,2250125943-00,7842233152-00,4571590299-00
info cam folower NUCRE-35.2RS details.,2250125943-00,7504323369-00,6960522247-00
i want: nukre cam follower 35.2-rs pls.,2250125943-00,8018111817-00,4365586622-00
search fr bushing PAF-35260 /p 10 size,1641822704-00,7220467591-00,1132975697-00
info abut PAF35260 p10 bhsr material,1641822704-00,7572878881-00,5124484992-00
find bush paf 35260 model p10 pls,1641822704-00,1774298979-00,6345654229-00
find zeta vro WHEEL art 7305 D100 size +E70,8059232524-00,7126761567-00,9196144313-00
search for: vro wheel Zetta ART. 7305 dia100 e7o part,8059232524-00,3824865055-00,4659010223-00
info about wheel/lagging zetta model ART7305 E70 diameter 100,8059232524-00,5276410858-00,9681999783-00
search wheel vro model Zta e-70 fv articl 7305 d=100,9029186452-00,4157467111-00,6404187464-00
i want info on lagged wheel zeta E70 FV art 7305 diam100,9029186452-00,6485532333-00,6711268221-00
specific Zeta wheel /e70 fv#art.7305 size d-100,9029186452-00,4976501797-00,9196144313-00
search for wheel zta vro e70 plus art.7355 diam 100,4545019368-00,7296303178-00,9534081164-00
i want info  wheel vro zeta articl 7355 D 100mm,4545019368-00,3702814928-00,1329191849-00
zeta wheel vro 100d Article7355+e70,4545019368-00,6692181667-00,8534736814-00
search bushings PAF40260 P/10 size info,1774611466-00,2579853511-00,1644223822-00
i need the busher paf 40 260 p10,1774611466-00,7047810484-00,5989045910-00
bushing paf-40260-p10 detais,1774611466-00,5737655993-00,2034326186-00
search bushing mb 85100 out of brone materials,5658261801-00,5645656566-00,6711268221-00
info on bronze busser MB-85100 pls,5658261801-00,7594836231-00,1861548310-00
I want bush MB85100 bronz,5658261801-00,6960522247-00,6951776968-00
"search AXK 100135, thrust needle cage roller specs?",2104984653-00,7946949392-00,2942663287-00
info plz thrust bearing roller AXK-100135 needle cage,2104984653-00,7946949392-00,7034847370-00
i want thrust roller needle cage axk100135 details,2104984653-00,9336506479-00,7857794706-00
search washer for thrust roller case ls/100135 cylindrical needle,4005656361-00,7452840785-00,6954730411-00
info cylindrical washer /needle for bearing LS100135 thrust thing,4005656361-00,5827014141-00,8143255737-00
I want: roller thrust washers ls 100135 cilinder and needles parts,4005656361-00,8262411778-00,3195565534-00
search washern fo needle roller thrust-bearig as100135,8262411778-00,3949656826-00,5962016512-00
"I want: washer/roller thrust bearing, code AS 100135 plz",8262411778-00,2104984653-00,6741886649-00
specific info on thrust washer for roller bearings AS100135,8262411778-00,1473554121-00,2604472017-00
search washer needle rol thrust cp1.5100135 cp1,6360710927-00,1811269553-00,2720683655-00
info washer needle-bearing roller thrusts part CP 1.5100135,6360710927-00,1953221694-00,3539538119-00
I want: washer needle rollers thrust-bearing CP15100135,6360710927-00,1473554121-00,1323236359-00
"search washer LS-1226 for thril bearings, roller type neddle/cylndrical",5827014141-00,2256841335-00,2771391001-00
"give me washer ls1226 used wth thrust roller-bearngs, cylndrcl & nedle types",5827014141-00,3245717955-00,6344833046-00
looking for info on LS 1226 washer 4 needle/cylingdrcl roller thrst breangs,5827014141-00,3728612861-00,9572791500-00
search info for bushing paf 12120 P11 part,3183211547-00,8443316906-00,7540448458-00
I want: bushr P.A.F 1212 P-11 specific datas,3183211547-00,6192682953-00,6711268221-00
bushin PAF12120 p11 size info pls,3183211547-00,5392032523-00,2036427045-00
find cage thrust needle roller axk 120/155 spec's,6530333098-00,3949656826-00,2010439133-00
info for thrust bearing roller cage AXK-120155 search,6530333098-00,3949656826-00,4892118737-00
i need needle roller thrust AXK120155 pls,6530333098-00,4522541027-00,1736673130-00
search washer ls/120155 for cylindricall thresh bearin Rollers,3728612861-00,6530333098-00,5599619248-00
info about c/n roller thrust bearing washer model LS120155 pls,3728612861-00,1953221694-00,4892118737-00
I want: thr-bearing needle or cylinder type washer 120155,3728612861-00,7349941438-00,5380898723-00
search washer needle roller thrust braring AS-120155 info,1473554121-00,3245717955-00,6438980949-00
"give me teh washer 4 roller thrust bearing, code as120155",1473554121-00,3245717955-00,2057314738-00
specific AS 120155 needle/roller whasher for thrust bering,1473554121-00,2104984653-00,9741033403-00
info washer FOR needle rolr thrst bearng code CP1 5120155,9535092488-00,7349941438-00,2720683655-00
search needl-roller thrust bearing washer cp1.5120155 washer,9535092488-00,7349941438-00,9276338271-00
specific for needle rollr washer - thrust bearing cp1 5120155,9535092488-00,2256841335-00,3022862719-00
search for info on spherical rolr baring 22205 slash 20 E,8161850682-00,2720683655-00,4571590299-00
I want: sphere roller BRG 22205 20e find detailz plz,8161850682-00,4893561425-00,6360710927-00
spheical roller-bearng model 22205/20e,8161850682-00,4956672336-00,4481338477-00
search spherical ball bearing 22207E info,8979284849-00,4921777111-00,4722540187-00
give me roller bearing / Spherical 22207 e Bearing,8979284849-00,4956672336-00,3022862719-00
sphehrical roler 22207-e bearrin specs,8979284849-00,7952451883-00,6711268221-00
search for axial cage thrust needle roller axk 140 180 spesifics,4522541027-00,7044481484-00,2010439133-00
info on axk 140180 needle roller cage thrust,4522541027-00,3949656826-00,2964395104-00
looking for thrust needle roller cage axk140180 part,4522541027-00,7044481484-00,4956672336-00
search for washer c/n ls 140180 roller thrust bearings like cylindrical or needle type,1268066289-00,7452840785-00,9026041071-00
"find ls 140180 washer roller for thrust bearing cylindrical/needle, info pls",1268066289-00,5827014141-00,3745610842-00
"I want small washer for thr bearing, c/n ls 140180, cyl/needle type please",1268066289-00,3728612861-00,8020240760-00
"search for roller washer for thr-bearing like 140180, i need the info",1811269553-00,6765111973-00,2370411599-00
"washer for thrust bearing needle roller 140 180, please give me the specific",1811269553-00,8262411778-00,8059254291-00
looking for n. washer for rolling thr-bearing as coded 140180 please check,1811269553-00,7349941438-00,7643733072-00
search for busher pap 1415 p10 replcement 7078889404-00,3047841491-00,5440625674-00,7594836231-00
info about busher 1415 pap P10 repl. number 7078889404-00,3047841491-00,6058211450-00,9019812829-00
give me details on 7078889404 replacement busher pap 1415 P10,3047841491-00,1826420970-00,1405819675-00
search for linear ball bearing kh14-ppn maybe some sort of size or type info,6086560983-00,4676557703-00,4200127880-00
looking for kh14-ppn linear ball bearngs any other details would be cool,6086560983-00,7225268837-00,7594985659-00
"I need info on linear ball bearing kh14 ppn, like sizes and types, plz help",6086560983-00,3420283645-00,6354617632-00
search shaft metric w14x965 h6n thread what is the shaftine,3878640170-00,5174805796-00,1511681744-00
info w14x965 h6n metric shaf thread,3878640170-00,8150398753-00,6192891321-00
give me w14x966 metric shaft with h6n threading please,3878640170-00,5174805796-00,1861548310-00
busher pap 2010 p10 paper that i need to find,2806046120-00,1946388169-00,9621571968-00
looking for p10 busher paper model 2010,2806046120-00,8096244744-00,2034326186-00
p10 busher pap 2010 what is this for search info,2806046120-00,2494634256-00,2569747623-00
search for busher pap 2020 p10 should find me,7839026961-00,2160677782-00,1321057021-00
info on 2020 p10 busher paper please,7839026961-00,7792307856-00,1052315420-00
busher 2020 p.10 type of pap,7839026961-00,4163122733-00,5357993975-00
search for oru kn 2045 pp linear ball bearing and other stuff,4676557703-00,2835082719-00,3029570564-00
pls find linear ballbearings like kn 2045 pp oru,4676557703-00,6086560983-00,5124484992-00
I want: info for kn2045pp linear ball bearing oru,4676557703-00,7534578004-00,9010947482-00
search linear bearing oru kbo2045 pp type pls,7225268837-00,7118497327-00,2948676075-00
looking for oru kbo 2045 pp ball the bearing,7225268837-00,1429597897-00,3029570564-00
info about ball bearing KBO2045PP linear type pls,7225268837-00,4676557703-00,7123932343-00
searchin for cam folower kr22pp info plz,1322992482-00,6197314875-00,7997028723-00
I want cam track follower kr 22 pp detals now,1322992482-00,7014174175-00,6529849998-00
give me specific camfollowr kr-22-pp data fast dude,1322992482-00,7014174175-00,9681999783-00
search for cam folower kr22 pp info needed urgently,7282383740-00,3029570564-00,2427940069-00
I want cam track follower kr 22pp specs plz help now,7282383740-00,6897568036-00,1861548310-00
give me details on kr22 pp camfollower specific data thx,7282383740-00,2415609792-00,6951776968-00
I want cam track follower kr 22pp specs plz help now,7282383740-00,1332912348-00,9681999783-00
give me details on kr22 pp camfollower specific data thx,7282383740-00,5903295517-00,6178070846-00
serch bushing PAP 220100 p-10 specs,5440625674-00,8583464876-00,5206757906-00
info on PAP220100 plain type bushing P/10 data,5440625674-00,9520903464-00,4444787150-00
need PAP-220100 p10 bush info,5440625674-00,3047152691-00,9164378441-00
search camfolower kre22-PP,2286624801-00,5903295517-00,6178070846-00
info abot KRE 22pp cam folower,2286624801-00,8272876416-00,2039087397-00
I want: follower cam K.R.E. 22 PP,2286624801-00,3029570564-00,2506646912-00
search for camfolower kre22-pp,8272876416-00,2415609792-00,9681999783-00
info on CAM followr KRE 22PP,8272876416-00,5004896110-00,5013018299-00
I want: kre-22 pp camp follower,8272876416-00,7282383740-00,2392008238-00
search bushing brnze bgl12-c1816 info,4937698724-00,6192682953-00,9196144313-00
i want bush BGL 12C1816 in bronz material,4937698724-00,6192682953-00,1861548310-00
bushing/bronze bgl12c-1816 find it,4937698724-00,2514996460-00,6951776968-00
search bushing BGL12C1830 made of bronz material,8700805601-00,6529849998-00,6711268221-00
info bushing code bgl 12c1830 in bronze metal,8700805601-00,5989045910-00,5652404820-00
bush bgl12C1830 /bronse,8700805601-00,6267553235-00,1861548310-00
info about linear BEARINg KN-2558-pp oru model,6119360463-00,7225268837-00,5945613579-00
search ORU linear BALL bearing kn 2558pp plz,6119360463-00,2835082719-00,8725430886-00
I want: kn_2558 ballbearigs linear pp oru?,6119360463-00,6086560983-00,8338631077-00
serch guide bush fsl 25x42mm x46 dimentions,5645656566-00,2193613906-00,8534736814-00
info: bushing F.S.L 25/42/46 size plz,5645656566-00,2942663287-00,2756774135-00
want: guide bushings 25 by 42 by 46 fsl model,5645656566-00,2942663287-00,7988037521-00
search zuvo bushing info,5627782037-00,7740098792-00,5652404820-00
busher from zuov manufacturer,5627782037-00,6253052120-00,6198473236-00
give me zuvo bush component pls,5627782037-00,2748816495-00,5652404820-00
grease fiting info ORU NIP A1,7944868052-00,2715100092-00,6663935295-00
search for GREES nipple fitting nip-a1 oru,7944868052-00,8178727713-00,6951776968-00
i want oru grease/nipple FITTING nip A-1,7944868052-00,5818801584-00,6951776968-00
I want grease fiting ORU nip-A/2 steel pls,3952682608-00,1505569972-00,2604472017-00
search: greese nipple stainless ORU nip a2 fitting,3952682608-00,9228068111-00,1597772200-00
info ORU-NIP STEL GRESE FITTING,3952682608-00,5818801584-00,6663935295-00
I want info NATV support roller 15-PPXA roller,9192194133-00,4613363443-00,7333334677-00
search natv support rollers 15 PPXA bearing pls show,9192194133-00,5958696916-00,3413264052-00
"give-me: NATV15PPXA roller, support-type, any info",9192194133-00,9103470507-00,4727133865-00
searchin for cam folower kr 16 pp info needed urgently,1049273981-00,2123111659-00,6529849998-00
giv me details on kr16pp cam followr plz hurry,1049273981-00,6197314875-00,4571590299-00
I want cam track follower kr 16pp specific data now thx,1049273981-00,2415609792-00,9681999783-00
search cam followr kr 19 pp info needed urgent,9480496381-00,4094357318-00,5124484992-00
give me: kr19pp cam follower detail plz fast,9480496381-00,1332912348-00,4220919257-00
I want specifics on kr 19pp cam follower bearing now thx,9480496381-00,7014174175-00,7417715853-00
i want support rolr natv 20 size maybe,6906098423-00,5720179105-00,6198473236-00
need info about roller suport natv20 part,6906098423-00,4921777111-00,7333334677-00
specific support roller natv 20 for machine,6906098423-00,9192194133-00,9824739935-00
"searchin for cam folower kr30, gimme detail plz",4094357318-00,4893561425-00,2036427045-00
"I want info on kr 30 cam track follower, tel me bout it",4094357318-00,7014174175-00,4225769061-00
"give me specific kr30 camfollowr, need data now thx",4094357318-00,1318185697-00,7212218295-00
search for suppport roller nakv 12 parts,4613363443-00,3539538119-00,1323236359-00
info on national support roller 12 model,4613363443-00,6094533974-00,6428135444-00
looking for roller natv 12 support piece,4613363443-00,6906098423-00,2170650291-00
looking for kosami dr-30-b3-10.5 bearing component pls,4389349426-00,1744820572-00,1748309131-00
where can i find dr30 b3 10 5 kosami bearing parts info,4389349426-00,9639799876-00,6148036737-00
searching for bearing dr 30 b3 10.5 kosami i need this,4389349426-00,5276410858-00,1290053134-00
searchin for cam folower kr 35 pp info plz help,2415609792-00,4094357318-00,8338631077-00
give me cam follower kr35pp specifc detail now,2415609792-00,6897568036-00,2756774135-00
I want cam foller kr 35 pp data or stuff like that fast,2415609792-00,1322992482-00,2756774135-00
search cam follwer kr47 need info now,1332912348-00,5479560822-00,4571590299-00
I want cam follower kr 47 details plz fast,1332912348-00,4094357318-00,4220919257-00
give me specific kr47 camfollower data hey thanks,1332912348-00,1318185697-00,6711268221-00
searchin for cam followr kr 52 hey can u find this,8018111817-00,6065132367-00,2692682170-00
give me info on kr 52 cam track follower plz i need fast,8018111817-00,6065132367-00,5126431065-00
I want cam follower kr52 detail or somethin like that oky,8018111817-00,1998064545-00,3738435794-00
searchin for cam folower KR 80 PP info plz,1871542232-00,9480496381-00,3454525239-00
I want cam followr kr80pp detals now,1871542232-00,4094357318-00,1861548310-00
give me specific kr 80 pp cam track follower fastly,1871542232-00,1049273981-00,2392008238-00
search cam folower kr16 info needed now,9692707642-00,1998064545-00,8891849873-00
give me cam tracker kr 16 specifics plz,9692707642-00,6897568036-00,6695477620-00
I want cam followr kr-16 data quicky today,9692707642-00,4094357318-00,7954596083-00
need follow cam krv16 pp model type info,9613895497-00,1871542232-00,2036427045-00
give me cam follower krv 16 pp version plz,9613895497-00,6897568036-00,5196167183-00
cam follower part krv16pp for this machine details search,9613895497-00,7153700806-00,2069007815-00
search cam follower type krv 19 pp mechnical,3029570564-00,9613895497-00,4365586622-00
I want cam follower krv 19 pp part info,3029570564-00,6373766664-00,2590488757-00
camfollower krv19 pp unit specs details,3029570564-00,9613895497-00,1837857857-00
info cam follower type krv 22 pp pls,6230080185-00,1322992482-00,4410734538-00
search cam flwr krv 22 pp part number,6230080185-00,9613895497-00,8913245598-00
I want cam follower krv22pp technical details,6230080185-00,9692707642-00,7988037521-00
info cam followr krv 30 pp2rs search,8707135493-00,9265943440-00,4571590299-00
give me cam follower type krv 30 pp 2rs part,8707135493-00,2123111659-00,3281332982-00
looking for follower cam krv-30 pp.2rs specific details,8707135493-00,5004896110-00,5903303792-00
looking for cam follower model nukr 47 a part,9841109457-00,7504323369-00,6375619999-00
cam fllower nukr 47a info needed pls,9841109457-00,9265943440-00,9681999783-00
details on follower cam nukr 47 a search,9841109457-00,7504323369-00,6951776968-00
I want cam follower krv52 pp part info,7075018725-00,6373766664-00,5858467301-00
"spec for follower, cam type krv 52 pp pls",7075018725-00,6230080185-00,6198473236-00
search cam followers model krv52 in pp material details,7075018725-00,1871542232-00,6711268221-00
search cam follower krv62pp info,6373766664-00,4094357318-00,2756774135-00
i want camfolower krv 62 pp part,6373766664-00,1322992482-00,3763476385-00
specif cam follower type krv62 pp details,6373766664-00,9480496381-00,7988037521-00
info on cam follower type kre 16 pp 2rs pls,2123111659-00,1049273981-00,7954596083-00
I want cam follower kre16 pp.2rs bearings,2123111659-00,6373766664-00,5652404820-00
search cam follower kre 16pp 2rs technical data,2123111659-00,2286624801-00,2748816495-00
info about roller support na 22 6.2rsx for machine,5720179105-00,4643465183-00,1484422168-00
I want: support roll NA22/6.2RSX details part,5720179105-00,2942663287-00,8558678354-00
specific search na 22/6.2 rsx support rolldr steel,5720179105-00,4643465183-00,3952682608-00
support rol NA 22 by 8.2rs info,7664309470-00,3495040641-00,9745921972-00
searching for support rol NA 22/8.2rs pls,7664309470-00,4552388370-00,9745921972-00
wanna find support roller na22 8.2 rs type,7664309470-00,6906098423-00,2964395104-00
info cam follower type kre30 pp for machine,6757660918-00,3029570564-00,6711268221-00
I want cam follower kre 30 polypropylene part,6757660918-00,6065132367-00,2973017365-00
search kre30 pp cam follower bearing element,6757660918-00,8272876416-00,2948676075-00
looking for cam follower type nukre 40 a part number,1998064545-00,9841109457-00,2495255911-00
help find nukre 40 a cam follower bearing,1998064545-00,6065132367-00,1429597897-00
cam follower nukre model 40a info searching,1998064545-00,9841109457-00,4571590299-00
search info cam follower nukre 47 a 2rs bearing type,7755366050-00,2123111659-00,3745610842-00
I want cam follower nukre 47 a.2rs model component,7755366050-00,1998064545-00,9352817059-00
give me cam follower nukre 47 a2 rs spares part,7755366050-00,1332912348-00,7691548010-00
I want info cam follower kre 52 pp bearing type,5004896110-00,2123111659-00,2739077386-00
search cam follower model kre 52 pp please,5004896110-00,8018111817-00,7954596083-00
cam follower KRE52 pp specs and details,5004896110-00,1871542232-00,2427940069-00
i want info on eccentric bushing be20 for nukr 52.2sk size,8443316906-00,5479560822-00,6951776968-00
search eccentric bushings type BE20 used with nukr 52.2sk please,8443316906-00,9841109457-00,6711268221-00
eccentric bushing BE20 per nukr 52.2 sk specs detail 4 me,8443316906-00,7153700806-00,4380157914-00
i want info on 80A Cam Follower / NUKRE bearing,6197314875-00,8018111817-00,3553074739-00
search specifik cam follo nukre80a roller typ,6197314875-00,4094357318-00,5066546121-00
give me nukr 80-A cam folower from database,6197314875-00,1871542232-00,1861548310-00
i need info on supprt rollrs like na2203.2rs or whats equvalent,9103470507-00,8188917277-00,7988037521-00
give me tech specs for roller supports with na 2203 2rs seals 뉴,9103470507-00,4643465183-00,5124901454-00
search na 2203.2 rs suppport rollersikleri精256anyhrst olle bearing,9103470507-00,2045686967-00,2739077386-00
i need info on rollar type 305807 with code c-2z specs give me detalis of cam,7821834815-00,2913148877-00,2756774135-00
specifik cam roler bearing c2z 305807 dimension anyone know where to fine?,7821834815-00,4094357318-00,5735344423-00
search cam w/ roler 305807 c 2 z how do i install tech manuals??,7821834815-00,9265943440-00,2756774135-00
search track roller bearing type lfr5301 kdd info,4743934823-00,2010439133-00,6765111973-00
i want lfr 5301 kdd track wheel rollers specifikations,4743934823-00,6980772817-00,4346290599-00
give me data on roller bearings lfr-5301-kdd for rail / guides,4743934823-00,3245717955-00,7540520705-00
info need bearing c-2z 305702 w/roller for cam mechanism,3196966778-00,7821834815-00,8018111817-00
i want tech specs of c2z camroller 305702,3196966778-00,4411161347-00,5652404820-00
search specifics on roler cam part # 305702 with c-2 zorado certification,3196966778-00,7014174175-00,6769183923-00
search roller bearing type nrb size 2.5 x 9.8 with g cage,6428135444-00,5666169376-00,4732482395-00
i need specs for needle roller nrb 2.5mm * 9.8mm g2 what this means ?,6428135444-00,1818734295-00,5037382791-00
"any info on brg rollers with nrb prefix 2,5 / 9,8 dimensions g2 config",6428135444-00,6980772817-00,9534081164-00
i need inner ring bearing with size 35mm/40mm/17mm can you give me info,6244523251-00,1791112940-00,9304821899-00
ir inner rings spec: 35x40x17 search everywhere in database for me,6244523251-00,2353386350-00,6198473236-00
inner rin ir 35/40/17 size codes or stuff like that pls show results,6244523251-00,7623389262-00,2039087397-00
search inner bearing ring whats the IR size 35mm x 40mm x 30mm,7815440699-00,5300150117-00,5685286874-00
i need specs on 35x40x30 innerring IR inner diameters thx,7815440699-00,1467564531-00,6695477620-00
give me info inner seal ring IR type dimensions 35 x 40 x 30 milimiters size,7815440699-00,8822757826-00,6307157416-00
search cam rollr 361200 r I want info on this part now,9265943440-00,7821834815-00,6312418668-00
give me specifc details for cam roller 361200r or track roller or somethin like that,9265943440-00,2010439133-00,4481338477-00
hey look up camroller 361200 r plz need data urgent for project,9265943440-00,6192682953-00,1861548310-00
looking for camroler type 361204 r part info,4893561425-00,9877554164-00,3119784394-00
cam roller 361204r specs and details please,4893561425-00,6897568036-00,2928643503-00
need info on 361204 r cam rolr component part,4893561425-00,4094357318-00,6036804021-00
info for linear ball bering oru kbs40 pp,7118497327-00,6066764359-00,6197392647-00
i want linear ballbearings type kbs40-pp oru,7118497327-00,7225268837-00,5124484992-00
search ORU kbs40pp linear ball bearing parts,7118497327-00,7534578004-00,2098611045-00
info support rol nr 25 natr pls,2942663287-00,7664309470-00,9793768748-00
I want support roll natr size 25 details,2942663287-00,9192194133-00,2036427045-00
search for natr 25 support rolers part,2942663287-00,7664309470-00,5358690547-00
guide roller pfvr35 spesific info,2735987175-00,8979284849-00,1484422168-00
I want guide roller type pfvr  35 search,2735987175-00,1721477118-00,5934919929-00
roller guide PFVR 35 for me please,2735987175-00,7842233152-00,6360710927-00
need info busher bronze bearing psm 607060 a51 part,7594836231-00,5658261801-00,7256263291-00
busher bronze bushing psm 607060 a51 search,7594836231-00,9019812829-00,3047841491-00
give me busher bronze psm607060 a51 bushing details,7594836231-00,9019812829-00,1052315420-00
looking for inner ring size 80 x 90 x 25 mm ir,7760373174-00,1467564531-00,2819858087-00
need info on ir inner ring 80x90x25 dimensions,7760373174-00,4402980302-00,2743205990-00
can you find me inner ring ir 80 by 90 by 25 please,7760373174-00,8958626885-00,4465044592-00
searchring inner dimensions 80x90x30 what ir means,6145820055-00,4168905563-00,6695477620-00
i want bearing part inner ring ir type size 80/90/30 dont no if its correct,6145820055-00,2548456439-00,9487173729-00
give me info on innerring ircode d80xd90xt30 thats for my report,6145820055-00,6529849998-00,5652404820-00
info on needel rolr bearn type nk 42/30 single row bearing spec,7707915166-00,4727133865-00,8256451220-00
search for singl rost beariing bear nk42/30 rol needl specification,7707915166-00,6757660918-00,9681999783-00
i want data sheet on NK 42/30 typ needl rollr beariing/bear singl row info,7707915166-00,5225495328-00,9487173729-00
want norml needle rol bear spec 25mm 20mm 2rs HK2520 sealed typ wit flage or,9824739935-00,5934919929-00,6530333098-00
info hk 2520 2rs single r needle roller bear w/bore size roller cap  and medeling require pls spec,9824739935-00,5124901454-00,4317402654-00
serch HK2520-2RS - real embell bear hk2520 / radial ty needle be  structured spSingle row val enriched cage cap single radial Ring Size Hous Port chat external type furn ventilation Requirements summoned metal Homo needle id big bearing one q spare,9824739935-00,7501846298-00,9645658988-00
i need info on bearrings inner diameter ring 10mm x outer 13mm x height 12.5,1791112940-00,6861763791-00,3114810437-00
"give me specific bearing lr inner ringsize 10 x 13 x 12,5 mm dimensions",1791112940-00,7333334677-00,5590080186-00
search bearing inner ring codes lr type dim 10x13x12.5mm technical description,1791112940-00,2394479755-00,7534578004-00
search singl row bearin needle typ roll NA 4904,1634454981-00,6069903182-00,7452840785-00
I want: roller bear needl single row 4904 NA,1634454981-00,2683054798-00,5958696916-00
info specif needle roll bearings single ro NA4904,1634454981-00,1811269553-00,5124484992-00
search singl row ndl roler bearin with dimen 5x8x8 tn giv me the spcific one,6741886649-00,7056352833-00,6960522247-00
info needl roller bearin k 5x8x8x8 tn single row 1,6741886649-00,8620546313-00,2890825468-00
i want: roler bearin needle typ singl row 5x8x8x tn find,6741886649-00,3539538119-00,7751355997-00
search for needle roller bearing hk1616 single row type,9832730678-00,1269372122-00,3812303110-00
i need hk 1616 single row needle roller brg,9832730678-00,2779967050-00,2735987175-00
give me specs for hk-1616 needle bearing single row,9832730678-00,4892118737-00,5819118999-00
search single needle rows bearing HK 1010a part,1269372122-00,5735344423-00,3949656826-00
I want: needle roller bearings hk1010a single row info plz,1269372122-00,3683324554-00,7652035392-00
give me hk 1010a needl bearing roller one row,1269372122-00,4892118737-00,4321444789-00
search single row ib roller bearin NK12/16 info,2928643503-00,4302709327-00,1748309131-00
needle rller bearings 12/16NK single row wanted,2928643503-00,4302709327-00,7044481484-00
I want: nk12-16 needle bearing singl row data,2928643503-00,3152553412-00,6365943916-00
search nkx35 combined nedle thrustball bering info,1087482974-00,6506566613-00,5652404820-00
"I want: n-roller / thrust b-bearing nkx 35 combined, specific",1087482974-00,6792307074-00,5735344423-00
"give me: comb needle roller nck 35 thrust ball bering, combined Bearings",1087482974-00,2833252741-00,2739077386-00
search infro needle roller bearings nk 42/20 singel row,5185231715-00,7056352833-00,6428135444-00
give me: nk 42/20 singe-needle roller berings one row type,5185231715-00,2331944648-00,6024645608-00
"specific, I want roller bearing needle type NK 42/20 single-row",5185231715-00,5225495328-00,1875361036-00
search needle bearing HK1210 single row info,7540520705-00,1269372122-00,3812303110-00
I want: single roller needle bearing hk 1210 details plz,7540520705-00,2779967050-00,8635651210-00
give me hk1210 neddle rollers singlerow bearing spec,7540520705-00,8625641545-00,8777053594-00
search hk1816 single needle rollers bearing informaion,4892118737-00,1625768085-00,5827014141-00
i want: hk 1816 needle bearng single-row,4892118737-00,6588151918-00,1454292720-00
"give me hk-1816 needle rollerbearin single row typ, pls",4892118737-00,2167417774-00,3728612861-00
I want: needle bearing single row hk1614 rs,5124901454-00,3022862719-00,4522541027-00
search for needle rolle row HK 1614rs singel,5124901454-00,3683324554-00,5256096413-00
info hk1614rs needlebearin single-row,5124901454-00,3111837963-00,1861548310-00
"search for inner ring 20 mm x25x20mm ir parts, looking info",8822757826-00,7815440699-00,9708781245-00
i want IR 20*25*20 bearing sleeve innerrngs size details,8822757826-00,9266148795-00,4921777111-00
"give me: 20x25x20mm inner rings IR type, info plz",8822757826-00,4168905563-00,8891849873-00
search ir 32x37x30 innr ring dimentions info,2933465058-00,2360514074-00,2036427045-00
"I want: innerring 32 37 30mm size, ir type",2933465058-00,8365455653-00,2756774135-00
"give me inner ring ir size 32 by 37 by 30, iring peaces",2933465058-00,2115938088-00,9674348759-00
search in stock INNER rng usare 5205787518-00 parts,9581036835-00,3047841491-00,5652404820-00
"info about usare ring inner 5205787518-00, need specs",9581036835-00,4575616101-00,8301973657-00
"I want: inner rng 5205787518-00 usare, what avaiable?",9581036835-00,3047841491-00,4225769061-00
search inner ring ir 12 16 20mm dimentions,2506823247-00,4402980302-00,5836842495-00
info on inside ring IR size 12x16X20 what is it,2506823247-00,8304552776-00,9674348759-00
"i want: innerrings 12*16mm*20 ir type, datas info",2506823247-00,9026041071-00,5368655997-00
search nkx50z combine n roller and thrust bering thingy,6792307074-00,5256096413-00,2057314738-00
info abt combined needle rolr/thrust ball bear nkx-50z please,6792307074-00,6506566613-00,8576546004-00
I want: combo needle roller + ball trust bearing type NKX 50Z,6792307074-00,6506566613-00,6543774793-00
info for combine n roler and tthrust berring NKX60,5256096413-00,4411161347-00,5652404820-00
search neddle rolle/thrust ball bearring nkx 60 details pls,5256096413-00,3633336925-00,5178196899-00
I want: nkx60 combined n-bearing with thrust ball bering specs,5256096413-00,2833252741-00,7280147626-00
info on nx20z combind needle rollr an thrust ball bearigs,3229941575-00,6506566613-00,2506646912-00
"search combined n roller slash thrust ballbearring, nx-20z",3229941575-00,5819118999-00,7501846298-00
"I want: neddle/thrust ball bering, z nx 20 combined, specifc specs",3229941575-00,6951776968-00,8262411778-00
search comb n roller + thr b bearin nkib-5906 info,7652035392-00,1953221694-00,5276410858-00
i want: nkib 5906 combinaison needle roller thrust bearing,7652035392-00,6792307074-00,7534578004-00
give me combin nroller thurst b bearing NKIB5906,7652035392-00,2807690610-00,6786384278-00
search nkib5910 comb n roller with thrust b bearing info please,2798380832-00,6506566613-00,7707915166-00
"I want: nkib-5910 combined needle roller and thrust ballbearng, specifc",2798380832-00,1087482974-00,3409610748-00
"give me nkib 5910 b-bearng combination n roller / thr, thnks",2798380832-00,2256841335-00,2928643503-00
search single needle roller bearin nki35/20tn row type info,4481338477-00,5124901454-00,6906098423-00
specific i need needle rollr bear NKI 35 20tn singel row,4481338477-00,5225495328-00,8226467110-00
give me nki-35/20tn single-row nedle rolling bearings,4481338477-00,9515153013-00,9535092488-00
search for single nakkle rollr bearing nk 40/20 tn row plz,6438980949-00,7056352833-00,4921777111-00
info needle rollerbearng type nk40 20 tn single row,6438980949-00,2720683655-00,4522541027-00
I want: nk 40-20 tn needle rolle bearing singlrow,6438980949-00,8620546313-00,1399047505-00
search innner rign 30/35/20 IR type specfic please,7914843151-00,2735987175-00,7051940106-00
"info for inner rng ir size 30mm x 35 mm x20 mm, need part ring",7914843151-00,4575616101-00,8317446155-00
I want: IR innerring 30x35x20mm dimentions any material,7914843151-00,7710694487-00,7261025418-00
search ir 45 50 25 inner ring dimentions metal?,2353386350-00,3396052504-00,4370679081-00
I want: ring insert IR size 45x50 mm by 25mm thick,2353386350-00,2394479755-00,3320997887-00
info about innr ring type ir 45/50/25 please,2353386350-00,1689776736-00,2089304133-00
search for bearing HK1212 single rows needl roller type,8576546004-00,9551318466-00,7652035392-00
"info about needle rollerbearings hk 1212 size, single row variant",8576546004-00,2779967050-00,4005656361-00
i want hk-1212 singl needle rol bearings spac type,8576546004-00,4892118737-00,4481338477-00
search needle rol bearing single row hk0509 pls,5660497797-00,9832730678-00,2010439133-00
info about HK-0509 needle bearing row singl roller,5660497797-00,2779967050-00,3664767599-00
I want: needle-rollerbearings HK 0509 single rows,5660497797-00,7540520705-00,7740098792-00
search single needle bearing hk1216.2rs row info,2835901561-00,5934919929-00,7946949392-00
i want: roller needle hk 1216 2rs one row barings,2835901561-00,2739077386-00,5819118999-00
specific hk1216.2rs needle rollerbearings single rows give me,2835901561-00,1399047505-00,6543774793-00
search needle roller roller bearing HK3016 single row 3016 info please,6469053003-00,5794953922-00,5054442680-00
"I want: hk 3016 needle row bearing singleroller, any details on that?",6469053003-00,1818734295-00,2833252741-00
"give me needle bearing hk3016, singel row type, needlroller bearings",6469053003-00,7489900871-00,3728612861-00
lookin for single row needl roller brg hk2518 rs bearing info,2057314738-00,1785647874-00,6792307074-00
search needle rol bearing type hk 2518rs single-row,2057314738-00,5794953922-00,6824584696-00
I want: hk 2518 RS nedle row bearring info single roller,2057314738-00,1818734295-00,4321444789-00
search hk 2020.2rs singl row needle roler bearng,2964395104-00,4892118737-00,6428135444-00
info: needle bearing hk2020.2rs 1 row,2964395104-00,1399047505-00,7212218295-00
i want needle roler bearng hk-2020.2rs single raw,2964395104-00,7501846298-00,2104984653-00
search needle rolle bearing hk2220 single row I need info,7489900871-00,2739077386-00,2179472331-00
give me: HK 2220 needle bearing single-row thing,7489900871-00,6469053003-00,2055284905-00
info on needle rollers bearing hk 2220 singl row bearings,7489900871-00,5124901454-00,6161653291-00
"search for ir 45 50 35 inside ring, i think",6560656005-00,7710694487-00,3240037049-00
"info innerrings size 45x50x35 ir, where is it",6560656005-00,4575616101-00,6198473236-00
"I want: ring internal IR45-50-35, give me more",6560656005-00,3553074739-00,1445209486-00
info for inside ring IR 70x80x54 size inner part,4402980302-00,7449618970-00,6711939733-00
"i want: inner race 70x80x54mm ir, details",4402980302-00,2115938088-00,4410734538-00
search innerring IR 70 80 54 dimension,4402980302-00,8958626885-00,3030346654-00
search for innr ring ir size 40 48 40 need info,2115938088-00,1219752306-00,7976170256-00
I want: inner rng IR 40mmx48mmx40mm where can find,2115938088-00,3355330845-00,4220919257-00
give me IR inner race 40/48/40 sizes plis,2115938088-00,1219752306-00,4365586622-00
search inner rign IR size 80 by 90 by 54 where find,3396052504-00,2394479755-00,3113830218-00
i want IR inner ring 80x90x54mm details plese,3396052504-00,1467564531-00,4692228309-00
info about ring innr 80/90/54 IR dimentions,3396052504-00,2394479755-00,2465261058-00
search ir ring inside 45mm by 52 mm 40mm?,4402549594-00,2506823247-00,9196144313-00
give me: inerr rings IR size 45 52x40,4402549594-00,7530895413-00,5196167183-00
info about Inner rrng ir 45x52/40,4402549594-00,6938115332-00,4225769061-00
specific inner race ring ir size 30*35*32 infomation,3355330845-00,2548456439-00,8484402553-00
search for IR 30 by 35 by 32 internal bearing race details,3355330845-00,1323236359-00,7123932343-00
i want: 30x35x32 mm innner ring ir typo data,3355330845-00,6938115332-00,4411161347-00
search the inner rng ir size 32x37x30 info,7936708706-00,6861763791-00,4220919257-00
I want: IR 32/37/30 innr ring any detials,7936708706-00,7308860313-00,7976170256-00
give me innerring ir32-37-30 dimentions pls,7936708706-00,7707915166-00,2756774135-00
search for ir inner ring 35x40x22 dimentions please,2360514074-00,8822757826-00,2322483775-00
info about 35 mm x 40 mm x 22 mm insde ring IR style,2360514074-00,6145820055-00,9487173729-00
I want: inner race ir type 35 40 22 size specs,2360514074-00,6244523251-00,5836842495-00
search ring inner 30 by 35x30 size ir need info,8304552776-00,7308860313-00,9383943811-00
I want: IR inner circle 30-35-30 dimention,8304552776-00,6757660918-00,6951776968-00
give me: innr rng ir size 30mm x35 x 30mm,8304552776-00,7710694487-00,4365586622-00
search innr ring IR 55 60X25 size info,7623389262-00,2394479755-00,6711939733-00
i want: bearing inside circle IR 55x60x25mm,7623389262-00,7914843151-00,2890825468-00
spesific ir-55x60x25 innerring dimention,7623389262-00,6938115332-00,4220919257-00
search IR ring inner 28-32-17 mm size plz,2394479755-00,2360514074-00,5670985005-00
"specific, i need inner race 28 x 32 x17 IR type",2394479755-00,8103144553-00,9352817059-00
give me: 28mmx32mmx17mm inner ring info ir style,2394479755-00,3355330845-00,2748816495-00
search about that inner race IR 20 25x20 mm sizing,6788242064-00,7623389262-00,7997028723-00
i want: iner ring 20mm x25x20 ir model stuff,6788242064-00,2933465058-00,3346184161-00
info for IR inner ring 20by25x20mm dimentions,6788242064-00,2360514074-00,7740098792-00
search ir ring 65 75 28 size inner infor,8958626885-00,8822757826-00,9534081164-00
I want: inner circle ring IR 65mm/75mm/28mm wrong spelling,8958626885-00,2933465058-00,6010022135-00
specific innerrng 65x75x28 metal ir data,8958626885-00,9311995010-00,2039087397-00
search for inner rng IR size 17 20 16.5mm info,7710694487-00,2115938088-00,3738435794-00
"i want: ir 17mmx20mmx16,5 inr ring variatns",7710694487-00,2360514074-00,3750693595-00
give me specific INNERRING irr17-20-16.5 dimentions,7710694487-00,8573119194-00,2692682170-00
"search inner ring lr 17 20 16.5mm i need, any idees?",9460048376-00,1791112940-00,8135097001-00
"give me: lr inner race 17x20x16,5 dimension, info please",9460048376-00,2115938088-00,2756774135-00
specific innerring lr type 17-20x16.5 where is it?,9460048376-00,6192682953-00,6178070846-00
search innr rng IR 40mmx45mmx17mm part info plz,9306365722-00,6788242064-00,5357362357-00
I want: innerRING ir size 40 45 17 mm dimension,9306365722-00,8813172774-00,7988037521-00
give me inter ring 40 x 45 x17 IR typr,9306365722-00,8822757826-00,4411161347-00
"search info inner rin 40-45*20, IR, whats avilbel",4168905563-00,8304552776-00,4411161347-00
i want: IR ring inner size 40 x45x20mm,4168905563-00,3355330845-00,2756774135-00
give me ir 40 by 45 by 20 inner ring part,4168905563-00,2353386350-00,7210597771-00
search inner rng IR size 12-15-12.5 metal info,9311995010-00,2548456439-00,1557781426-00
"I want: iring IR 12 x 15 x 12,5mm in stock plz",9311995010-00,7997028723-00,2312811465-00
"specific innr ring ir code IR12x15x12,5 show availabilty",9311995010-00,2933465058-00,6192682953-00
search for dorvik 1331-730-50 sealing ring info,1397484017-00,8425163072-00,9674348759-00
I want: seal Dorvik type 322495248 details,1397484017-00,6693547172-00,4571590299-00
specific 1331 730 50 dorvik seals whats available,1397484017-00,5854970220-00,1329191849-00
search inner ring IR 8x12x10 dimentions might be wrong,7308860313-00,2360514074-00,9383943811-00
I want: 8 12 10 innerrings ir type info,7308860313-00,7936708706-00,6843773357-00
"give me IR inner ring 8mmx12mmx10mm sizes, do you have this?",7308860313-00,2353386350-00,7954596083-00
search ir inner ring 10x13x12.5 dimentions i need,5871470332-00,1467564531-00,1919114371-00
"give me: innerrings ir size 10 13 12,5 mm please",5871470332-00,8304552776-00,8286072537-00
"info on IR 10x13x12.5mm ring insde, want specs",5871470332-00,3355330845-00,9352817059-00
want info inner ring ir 35x40x40 size type,6861763791-00,8822757826-00,4220919257-00
search for ir inner ring 35 by 40 by 40 dimension,6861763791-00,2506823247-00,9674348759-00
give me ir ring inner 35x40x40 spec details,6861763791-00,2933465058-00,3346184161-00
search inner ring size 12x15x12 ir info,8103144553-00,2360514074-00,9674348759-00
i want inner ring ir 12 by15 by12 measurement,8103144553-00,8304552776-00,7997028723-00
inner ring ir 12x15x12 dimensions plz,8103144553-00,9311995010-00,3346184161-00
search for inner ring size 12x16x16 ir info,7449618970-00,1467564531-00,6711268221-00
i want inner ir ring 12 by16 by16 dimensions pls,7449618970-00,7623389262-00,8810070590-00
specific inner ring ir with 12x16x16 measures for me,7449618970-00,2933465058-00,9674348759-00
search cam folower KR22X specs plz give me info now,7014174175-00,7821834815-00,4220919257-00
"I want cam follower kr 22x details fast, anythin related",7014174175-00,1332912348-00,5652404820-00
"specific kr22 x cam track follower, can u show me data bout this thing",7014174175-00,7153700806-00,6178070846-00
seach info on ax7 bearing s687 grw,8535159829-00,2845499435-00,1785647874-00
want to know about s687grw axle bearing ax-7 spec,8535159829-00,4478587001-00,9196144313-00
give me details of ax7 wheel bear s687 gr w,8535159829-00,2633402017-00,5652404820-00
need info on plaven t7130 bearing cage assembllies what kind of cage,8764064664-00,1680230506-00,1634454981-00
i want search result for bearing t7130 cage material plaven type stuf,8764064664-00,3949656826-00,5652404820-00
specifics on plaven cage used in t7130 bearings any diagram AVAILABLE,8764064664-00,3812303110-00,5126431065-00
i want dorvik ball transfer unit with code 0531-022-00 info on how to instal it,4925955239-00,2323356604-00,2036328500-00
search ball transfer unit manufactured by dorvik model number 629645435 how much,4925955239-00,2323356604-00,4613363443-00
spec of dorvik 0531 022 00 / ball transfer unite / dimension dorvik factory std,4925955239-00,1397484017-00,5256096413-00
i need info on dorvik ball transfer unit model 419593198 Jas,2642506992-00,6951776968-00,6506566613-00
.Info regarding 0533-712-00 Transfer unit ball type manufactered dorvik i wnt,2642506992-00,2323356604-00,4736528681-00
searc specific dorvik produc - transfer unit for balls acc to dorvik partnumber 419593198,2642506992-00,2323356604-00,5126431065-00
search dorvik ball transer unit spec 0535 122 10 steel,2323356604-00,7997028723-00,2877514590-00
info dorvik roller ball transfere unit serie 0535-122-10 dimension,2323356604-00,2026712416-00,6741886649-00
i need dorvik 0535-122-10 spherical transfere unti sizes and material,2323356604-00,8979284849-00,1132975697-00
dorvik ball transfer unit model no 0535 230 10 specs,2026712416-00,2323356604-00,2877514590-00
i need info on dorvik ball bearing transfer unit with the code 0535-230-10 detals,2026712416-00,8425163072-00,2098611045-00
search ball trasnfer product dorvik series 0535 23010 tech details pleez,2026712416-00,7913166788-00,2859125868-00
i need info on dorvik ball tranfer unit model 0536 115 10,8425163072-00,2323356604-00,9639799876-00
search dorvik ball bearring transfer unit 692738321,8425163072-00,3454525239-00,3211385349-00
give me spec for dorvik 0536-115-10 ball transfer system,8425163072-00,2323356604-00,5063594698-00
i want dorvik bal transfer unit specifc model num 0536 122 10 includ siz pls,7913166788-00,2642506992-00,6484615821-00
Dorvik Ball Transfer system [Dorvik code 0536-122-10] informations needed,7913166788-00,4380157914-00,8134591754-00
serch for pdf spec dorvik ball transfer mod 0536-12210 whats the unit siz,7913166788-00,6951776968-00,5797442239-00
info on fyj50tf ball bearings units can you giv me specifik models,6529064708-00,1303415976-00,6178070846-00
search all fyj-50-tf bearings/ ball type wholesalers list bearings interchange for that unit i want,6529064708-00,7084542775-00,4722540187-00
i want ball bearing fyj 50tf unit Price with Technical details i assum is Stainless ball bearing unit Interchange FYJ50 same as the TF unit,6529064708-00,4411161347-00,9044786768-00
i need info on pft 35fm ball bearin unit fine threds,3553074739-00,9043346665-00,8501258214-00
give me spefic ball bearing p fine thread type 35fm unit,3553074739-00,6951776968-00,7256263291-00
search Bearing Unit: pft35fm with fine threading ballbearings,3553074739-00,8891849873-00,1843344004-00
lookin 4 specific ball bear uni syj55 tf diameter kind,9665407542-00,9043346665-00,4796572961-00
searchin inf fo rollin elemnt unit syj 55tf kinda ball bearin,9665407542-00,6620963127-00,7280147626-00
I want: bear unit syj-55 tf infor,9665407542-00,9196144313-00,1329191849-00
giv me: info about ball bear uni syj5 25tf omitn other sizes,6620963127-00,9444399682-00,6792307074-00
searchin for bearin unit syj 25tf specifics not others type,6620963127-00,5652404820-00,2756774135-00
i want: detials fo ball bearing uni syj-25 tf excludn other modelz,6620963127-00,6529849998-00,2693880860-00
I want double collars d12 comp,4308546672-00,3056222605-00,9352817059-00
find me complet double collar 12d,4308546672-00,8201515478-00,6951776968-00
info on 12d double colar complete assemb,4308546672-00,8201515478-00,6951776968-00
gimmie: info on ball bear 25tf size unit syf,9208538142-00,3454525239-00,4706798503-00
i want specific 25 tf ball bearings unit syf / type,9208538142-00,4225769061-00,7452840785-00
searchin  for  ball bearing uni 25tf syf kinda size,9208538142-00,5685286874-00,3211385349-00
find me somethin with ball bear uni pf40 rm,8302887250-00,1861548310-00,2323356604-00
giv me info bout bearin unit pf 40rm,8302887250-00,9196144313-00,2427940069-00
search specifics 40 rm ball bearin uni,8302887250-00,3634085133-00,2748816495-00
"searchin for ball bearin unity pf 45 rm, any size",3634085133-00,4571590299-00,9010947482-00
info need 45 rm ball bear uni pf 45 rm,3634085133-00,4410734538-00,3589328560-00
i want find unit ball bear pf 45 rm just ball bearings that rm specific,3634085133-00,4410734538-00,1126995875-00
searchin for ball bear. unit oru pasey50-n i want,5128603712-00,6951776968-00,2859125868-00
info. on bearin unit w/ oru pasey50n size,5128603712-00,6951776968-00,8073379634-00
give me specifics ball bearin uni oru pasey50/n kind thingy,5128603712-00,6066764359-00,4925955239-00
searchin for ball bear unit syf 40tf dimension,1219752306-00,6951776968-00,5797442239-00
i want: info on bearing assmly syf 40tf kind,1219752306-00,8979284849-00,4811533283-00
give me specifics on  ball bear syf-40 tf unit style,1219752306-00,8302887250-00,3211385349-00
fnd me specific ball bear uni pf 30tf ones,1744820572-00,1464206595-00,5196167183-00
info baering unit pf30tf where r they,1744820572-00,3553074739-00,9681999783-00
i searchin 30tf pf ball bearin uni where can get,1744820572-00,8302887250-00,7964215642-00
searchin for ball barrin unit syj-40 tf somthin like that,1071330167-00,3454525239-00,7594985659-00
i want: rollin elemnt uni syj40tf info,1071330167-00,9444399682-00,9196144313-00
giv me: specific bearin assembly syj 40tf kinda thing,1071330167-00,9665407542-00,6178070846-00
search for ball bearing pf35 tf unit size 35,6662252496-00,5124484992-00,8739534142-00
i need info on tf pf 35mm bearing ball type,6662252496-00,7997028723-00,8535159829-00
give me details of bearing unit pf-35 tf ball kind,6662252496-00,3454525239-00,5797442239-00
search round flanged bearing unit pf72 info,1499210270-00,9043346665-00,3111837963-00
i want pf 72 round type flange ball bearing unit,1499210270-00,8302887250-00,8541639722-00
give me flanged round ball bearing unit model pf-72 specs,1499210270-00,2392008238-00,3403872805-00
need info on jas type 18 rs 18 bearng,2297062745-00,7728063749-00,9681999783-00
searching for bearing model jas 18 rs 18 pls,2297062745-00,2057314738-00,7540520705-00
give me the details of jas 18 rs 18 bearing type,2297062745-00,2533557946-00,1269372122-00
info rod end kvr sakac16m for machine,8191859174-00,2427940069-00,4225769061-00
kvr sakac 16 m rod ends details pls,8191859174-00,9793768748-00,7997028723-00
search kvr sakac-16m rod end bearing or somethin,8191859174-00,1143851458-00,4807745763-00
info rodend kvr sakac 20m part,1143851458-00,5277900050-00,2674961440-00
looking for rod end bearing kvr sakac 20 m please,1143851458-00,7648626463-00,3091746206-00
rod end kvr type sakac size 20 m search me,1143851458-00,7376782950-00,6066764359-00
info rod end rm16 s marenzo please,1686239041-00,1837857857-00,6178070846-00
give me marenzo rm 16 s rod end part,1686239041-00,9164378441-00,9625341535-00
I want rod end marenzo type rm16 s details,1686239041-00,7255109294-00,7976170256-00
info rod end kvr model sakac 8 m search,7648626463-00,7376782950-00,6345654229-00
I want rodend KVR type sakac8 m part,7648626463-00,2427940069-00,3256546005-00
look for kvr rod end sakac 8m size,7648626463-00,3113830218-00,8534736814-00
i want rod end kvr model sa8 c info,7774599888-00,9793768748-00,7997028723-00
search kvr rod end bearing sa 8c type,7774599888-00,7648626463-00,8107621338-00
give me kvr sa 8 c rod end part details,7774599888-00,3113830218-00,9230008126-00
info kvr rod end sakac 12 m type,7376782950-00,8073379634-00,4444787150-00
give me rod end kvr sakac12m part for checking,7376782950-00,4365874663-00,8767108517-00
search kvr rodend sakac 12m kind of component,7376782950-00,7774599888-00,7034847370-00
search for oru gar20-do rod end bearing,1373794031-00,7320801684-00,4200127880-00
give me rod end type gar20-do oru info,1373794031-00,4052349502-00,5652404820-00
oru gar20do rod end link part details,1373794031-00,7648626463-00,3348164823-00
looking for oru gal20-do type rod end bearing info,4006809740-00,7376782950-00,9228068111-00
gal 20 do oru rodend part search maybe bearing,4006809740-00,8161850682-00,6434397493-00
give me rod end with code oru gal20 do detailed specs,4006809740-00,1143851458-00,5013018299-00
I want rod end KVR SIKAC 25m part info,4365874663-00,3113830218-00,5259351791-00
search rod end sIkac 25 m KVR type,4365874663-00,9793768748-00,2609079641-00
rod end KVR screw size 25m sikac details please,4365874663-00,2427940069-00,9214170501-00
i want info for radial ball bearing kvr geh 25 c spherical,5825574311-00,4811533283-00,1087482974-00
search for radial spherical plain p bearing kvr geh25c maybe,5825574311-00,7611388564-00,1642873948-00
specific radial p-bearing kvr model geh 25 c plain spherical type,5825574311-00,3913717318-00,1079293252-00
need info radial spherical plain type kvr bearing ge 25c for use,6700770175-00,7857794706-00,6970809125-00
search radial spherical p bearing kvr ge25 c plain bearing kind,6700770175-00,3409610748-00,3740504429-00
want radial spherical kvr plain bearing ge25c p-bearing model details,6700770175-00,7857794706-00,7489900871-00
search rod end type beltrazzi ga 40 info,9358540356-00,7648626463-00,4047319682-00
give me info about beltrazzi ga40 rod end part,9358540356-00,1052315420-00,7165977649-00
spec for rod end beltrazzi model ga-40 please,9358540356-00,8957745808-00,6429617186-00
want info on radial spherical plain p-bearing kvr geh 12c type,4811533283-00,7611388564-00,8267716595-00
search kvr geh12 c radial spherical bearin plain for machine,4811533283-00,4921777111-00,9708781245-00
give me radial spherical p bearing kvr geh 12 c plain kind please,4811533283-00,2010439133-00,2427940069-00
info beltrazzi ga 50 rod end like specific,8957745808-00,1143851458-00,7988037521-00
i want rod end from beltrazzi model GA-50 please,8957745808-00,4052349502-00,9681999783-00
search rod end bearing beltrazzi ga50 part number,8957745808-00,4052349502-00,7458208800-00
info rod end dorvik model cgka size 25 search,4380157914-00,7648626463-00,2236883020-00
give me rod ends dorvik cgka 25 type please,4380157914-00,7913166788-00,2039087397-00
need dorvik cgka series rodend 25 part details,4380157914-00,2642506992-00,4141074622-00
info dorvik rod-end type cgka 16 pls,5854970220-00,6663935295-00,6345654229-00
give me rodend dorvik cgka 16 part maybe,5854970220-00,2642506992-00,7891212922-00
search for rod end dorvik model cgka 16 specs,5854970220-00,6805638993-00,6178070846-00
give me info rod end bearing kvr siqg16 es type,6663935295-00,1143851458-00,7458208800-00
search for kvr rodend siqg 16 es size,6663935295-00,8191859174-00,9196144313-00
I want: kvr siqg16 es rod end part details,6663935295-00,8191859174-00,1507127156-00
info kvr rodend siqg12 esa type,3574000742-00,7648626463-00,7988037521-00
kvr siqg 12 rod end mechnical part search,3574000742-00,6663935295-00,6621224456-00
give me rodend kvr siqg12 esa model details,3574000742-00,8191859174-00,7988037521-00
info rod end for dorvik model cgka 60 looking part,6805638993-00,4052349502-00,5011131774-00
i want rod end dorvik cgka60 maybe similar type part,6805638993-00,4052349502-00,1920921560-00
give me rodend dorvik cgka 60 specific search please,6805638993-00,5256096413-00,9681999783-00
search rod end salkac 16m kvr info,9793768748-00,3113830218-00,6951776968-00
i want rod end m16 salkac type from kvr details,9793768748-00,2427940069-00,4410734538-00
give me kvr salkac rod end size 16 m please,9793768748-00,7376782950-00,8891849873-00
looking for kvr sikb rod end size 20 f model,2427940069-00,9793768748-00,7954596083-00
info on rod end kvr sikb 20f type part,2427940069-00,4365874663-00,3363589240-00
enable me to find sikb 20 f rod end from kvr please,2427940069-00,8073379634-00,3454525239-00
info marenzo rm 8 rod end x type search,7320801684-00,7964215642-00,4811533283-00
I want: rod end marenzo rm8 x part details,7320801684-00,4346290599-00,8380686623-00
specific rod end rm-8 x marenzo component,7320801684-00,7964215642-00,5126431065-00
looking for albora rod end am-m8t part info,3980242882-00,9358540356-00,4659010223-00
need albora am m8t rod end bearings details,3980242882-00,7774599888-00,9325677048-00
albora am-m8t type rod ends spec searching,3980242882-00,7320801684-00,9681999783-00
need rod end bearing kvr siqg25 es model info,3913717318-00,7376782950-00,6824584696-00
searching rod end kvr siqg 25 es type part,3913717318-00,9793768748-00,9877554164-00
"kvr siqg 25es rod end, info for technician please",3913717318-00,4365874663-00,4571590299-00
need radial spherical pbrng kvr ge30 es2rs spec,7611388564-00,4811533283-00,2756774135-00
search for kvr radial sphr clg ge 30 es 2rs,7611388564-00,6663935295-00,9745921972-00
info on radial sph bearing kvr ge30 es-2rs type,7611388564-00,3913717318-00,9304821899-00
search rod end type marenzo rm5 info,9164378441-00,7964215642-00,6198473236-00
i want marenzo rm 5 rod end part,9164378441-00,4346290599-00,4113664615-00
rod end rm5 marenzo specific information,9164378441-00,7964215642-00,6951776968-00
info marenzo rm6 rod end bearing wanted,7255109294-00,1686239041-00,3193792857-00
i want rod end marenzo type rm 6 part,7255109294-00,9164378441-00,5719460806-00
search marenzo rm-6 rod end joint piece,7255109294-00,7320801684-00,4811533283-00
need info on marenzo rm8 rod end type rod,4052349502-00,1052315420-00,7611388564-00
search rod end marenzo RM 8 specific part,4052349502-00,7320801684-00,6560524468-00
give me details on marenzo rm-8 rod end component,4052349502-00,1837857857-00,8891849873-00
info rod end marenzo size 10 x part search,5063594698-00,9164378441-00,5863483943-00
give me marenzo rod end rm 10x for technical,5063594698-00,9164378441-00,8051335606-00
specific rod end rm 10 x marenzo details please,5063594698-00,1052315420-00,7913166788-00
search rod end marenzo rm 12 x part info,7964215642-00,9534081164-00,8112582292-00
I want marenzo rod end rm 12 x type for details,7964215642-00,5063594698-00,4692228309-00
give me rod end type marenzo rm 12 x component data,7964215642-00,1837857857-00,6896891954-00
i want info for rod end type marenzo RM12 rod,1052315420-00,1837857857-00,4365586622-00
search marenzo rm 12 rod end part,1052315420-00,4052349502-00,4811533283-00
rod end marenzo model rm12 please give me details,1052315420-00,5063594698-00,2039087397-00
info rod end marenzo rm16 x size,1837857857-00,9534081164-00,2506646912-00
I want marenzo rod end rm 16x part details,1837857857-00,4346290599-00,6940014199-00
search rod end marenzo rm16 x component specs,1837857857-00,7964215642-00,7398474472-00
"need info on marenzo rm16 x 1,5 rod end",4346290599-00,1837857857-00,9352817059-00
"search for rod end type marenzo RM 16x1,5 dimension",4346290599-00,5063594698-00,9352817059-00
give me marenzo rm 16 x1.5 rod end part details,4346290599-00,7320801684-00,9325677048-00
search rod end marenzo type rm 20x info,9534081164-00,1686239041-00,2036427045-00
I want marenzo rod end rm 20 x type pls,9534081164-00,1052315420-00,3114810437-00
give me rod end marenzo rm size 20 x details,9534081164-00,7964215642-00,2036427045-00
"info marenzo rod end rf 16x1,5 size",1329191849-00,9164378441-00,7398474472-00
search for rodend marenzo RF thread 16 x1.5,1329191849-00,1686239041-00,1543538935-00
i want marenzo rod end RF 16x1.5 metric part,1329191849-00,1686239041-00,4141074622-00
"need info axial joint rba size m12x1,25",9352817059-00,6120344016-00,9681999783-00
search for rba axial connector M12x1.25 screw type,9352817059-00,8434447630-00,1432523498-00
"I want rba type axial join m12 x 1,25 please",9352817059-00,8891849873-00,9534081164-00
i want rod end salkac m16 kvr type info,8073379634-00,7376782950-00,2039087397-00
search kvr salkac rod end 16m for tools,8073379634-00,7376782950-00,2756774135-00
give me kvr salkac 16 m rod end bearing part,8073379634-00,7774599888-00,8256451220-00
info ball bearing unit type syj 50 tf search please,8534736814-00,6529064708-00,5797442239-00
i want ball bearng  unit syj 50  tf kind of,8534736814-00,1442542605-00,6197392647-00
give me syj 50 tf ball bearing unit type details,8534736814-00,2039087397-00,2922513175-00
info ball bearng unit pft 17 tf fine thred,9196144313-00,3454525239-00,2833252741-00
give me ball bearing pft17 tf unit with fine thread,9196144313-00,6951776968-00,7453588100-00
search ball bearing unti pf threaded 17 tf type,9196144313-00,6951776968-00,3543972817-00
i want info on pf 35 rm ball bearing unit,1861548310-00,6662252496-00,7617818121-00
ball bearig unit pf35 rm specs pls,1861548310-00,8891849873-00,8188917277-00
search for pf 35rm type ball bearing unit details,1861548310-00,9043346665-00,7280147626-00
search ball bearng unit p25 rm info,6711268221-00,9043346665-00,3211385349-00
i want bearing ball unit p 25 rm specifically,6711268221-00,9208538142-00,2859125868-00
give me details for ballbearings unit type p25rm please,6711268221-00,9196144313-00,9793768748-00
I want info on ball bearing pft 20 tf unit with fine thread,5652404820-00,3454525239-00,3664767599-00
search for ball bearing unit pf thread 20 tf pls,5652404820-00,8891849873-00,7617818121-00
give me details about pft 20 tf ball bearing unit fine threaded,5652404820-00,3454525239-00,1087482974-00
i want ball bearing unit type ucfk 204 info,2036427045-00,5675620078-00,3882501209-00
search for bearing ball ucfk204 unit some specifics,2036427045-00,3454525239-00,6970809125-00
ballbearings unit of ucfk-204 kind what have it,2036427045-00,9196144313-00,2756774135-00
info bearing houzing snl 216 please,6178070846-00,2010439133-00,5124901454-00
search for snl 216 bearing house component,6178070846-00,9681999783-00,9832730678-00
I want snl216 bearing housng part details,6178070846-00,8979284849-00,8289664449-00
need info on bearing housing snl 516-613 type pls,9681999783-00,8979284849-00,8891849873-00
bearing house snl516-613 for findin pls,9681999783-00,9228068111-00,7417715853-00
search for snl 516-613 bearing housing unit part,9681999783-00,2756774135-00,7489900871-00
info bearing hosing snl 513-611 search,6345654229-00,6178070846-00,3454525239-00
I want snl 513-611 bearing holdin block,6345654229-00,8979284849-00,2756427079-00
give me SNL513-611 bearing housng please,6345654229-00,3409610748-00,3385366022-00
need info bearing holder type snl 518-615,2756774135-00,6345654229-00,4438679634-00
search for snl 518-615 bearing housing unit pls,2756774135-00,9196144313-00,3740504429-00
bearing suport snl-518 615 part housing give me details,2756774135-00,2139794434-00,4892118737-00
looking for ball bearin unit size sy 55 tf info,7988037521-00,5652404820-00,5879115229-00
info on bearing ball sy55 tf type unit plz,7988037521-00,9043346665-00,8188917277-00
search some sy 55 tf ballbearings unit model,7988037521-00,6951776968-00,1329191849-00
info ball bearing unit synt45 f specs,4571590299-00,3553074739-00,2086169402-00
need ball bearing unit synt 45f model search,4571590299-00,6951776968-00,9927360461-00
give me bearing ball unit synt-45 f details,4571590299-00,3634085133-00,6526985464-00
searching ball bearing unit pft12 tf fine thread type pls,7997028723-00,4410734538-00,1454292720-00
info on ball bearing unit with fine threading 12 tf pft model want,7997028723-00,3553074739-00,3664767599-00
ball bearing unit pf thread size 12 tf give me datasheet,7997028723-00,3634085133-00,1341156832-00
search for self lub bearing insrt gwn 1120 20 need urgent info,5126431065-00,3738435794-00,2049616791-00
give me self-lubricating bearin insert gwn 1120-20 any detail plz,5126431065-00,6024645608-00,1876945966-00
I want specific self lube bearng insert gwn 1120/20 can u help fast,5126431065-00,8161850682-00,3562703168-00
hey gimme info on self lube bearin insert gwn 1150-50 wat u got,3738435794-00,8350865695-00,5927554878-00
searchin for self lubricatin bearing insert gwn 1150 50 can u help me plz,3738435794-00,8350865695-00,2807690610-00
I want specific detals about self lub bearing inser gwn 1150-50 show me now thx,3738435794-00,2091151423-00,5079219078-00
i need info on beariings flange/ucfl212 units,5013018299-00,1968984769-00,9196144313-00
serch: specifik ball bearig units - unic flange /212,5013018299-00,5439349326-00,8188917277-00
give me tech details ucfl212 flange type bal bearigs units,5013018299-00,8043948667-00,9196144313-00
info on ball bearing unit fytb 50tf whats the specs,2039087397-00,9196144313-00,6354617632-00
search for fytb50 tf type ball bearing unit i need details,2039087397-00,9196144313-00,4706798503-00
specific datasheet for 50 tf bearing unit fytb the ball bearing one,2039087397-00,7997028723-00,9051475783-00
info on beering unit flange type ucfl211_h whats size?,4220919257-00,9196144313-00,9534081164-00
search bearin unit specifik code ucfl-211 or h dimension?,4220919257-00,8891849873-00,9681999783-00
give me data sheet flange bearin unit type ufcl 211 hographics,4220919257-00,3454525239-00,6178070846-00
"i need info on ball bearin unit pfine thread / pft 25 tf, specificaly the size",8891849873-00,9208538142-00,2036328500-00
"give me data on pft 25 tf bearin unit, is it coarse or fine thred?",8891849873-00,7997028723-00,4346290599-00
search ball bearin units fine thred type pft 25 tf tech specs,8891849873-00,9043346665-00,6506566613-00
i want spec info on bearin unit 25mm code FYTJ-TF type ballbearing/ bevelling,4225769061-00,6695477620-00,5126431065-00
search fytj25 bearig unit tf with ball and seal,4225769061-00,8891849873-00,3240037049-00
show me tech specs of FYTJ-25tf antifriction beariing ball type,4225769061-00,4365586622-00,1454292720-00
want info about fy/tj20  bearring unit /ball bearings for specific diameter 20 tf,4365586622-00,8891849873-00,7567206630-00
i need search results for fytj 20 ball bearing  unit tf type technical specs,4365586622-00,9196144313-00,8226467110-00
give me specific datasheets of fytj-20-tf ballbearings any type unit bearings with 20 size,4365586622-00,6695477620-00,7976170256-00
i need info on a ball bearing unti like FYTJ40TF 40mm,6198473236-00,3745610842-00,2890825468-00
specfics of fytj-40/tf typ ball bearin unit thingy,6198473236-00,5124484992-00,8988363787-00
search: 40mm fytj40 FYTJ 40 TF ball bearing unit technical data sheet,6198473236-00,9196144313-00,3211385349-00
i need infos on bearin units specificaly ballbearings Fytj-45 / TF types,4410734538-00,3634085133-00,9534081164-00
search for fytj 45 tf ball bearring unit sizes and spec,4410734538-00,6695477620-00,4796572961-00
fytj45-tf ball-bearing-unit give me technic details,4410734538-00,6198473236-00,5797442239-00
i wanna info on fytj30tf ballbearingunits with specifik diameter,6695477620-00,6267553235-00,1861548310-00
give me specific ball bearing product / fytj 30 tf size / dismantable unit ball,6695477620-00,9043346665-00,8541639722-00
search results for KVR type fytj30tf / unit 30 ball bearin unit sealed unit,6695477620-00,2032105748-00,1454292720-00
i need replacemnt for old module 6951776968 00 whats the new code,5196167183-00,1316045560-00,4346290599-00
info on updated version of 6951776968-00 unit to buy for replacement,5196167183-00,4925955239-00,8073379634-00
give me documentations for re placer for 6951776968 zero zero my part is broken,5196167183-00,7811220022-00,9257600323-00
searchin for a ball bearin united syf 30tf dimens,8338631077-00,7617818121-00,3056222605-00
give me info specific ball bear uni syf30 tf inch size,8338631077-00,7398474472-00,4796572961-00
I want: data of ball bearing assembly syf 30tf type diameter,8338631077-00,3745610842-00,6877469816-00
searchin fo smal bal bearin unity fyc 30tf,7398474472-00,4411161347-00,1861548310-00
giv me info of bearin unit fyc30 tf those spherical bearing,7398474472-00,6951776968-00,8596689344-00
i want: specifics on a 30tf fyc ball bearin unity particulr,7398474472-00,1442542605-00,3379105488-00
i want: info on bearing assmbly fytj 35tf wher size,5124484992-00,6198473236-00,3309987938-00
searchin 4 ball bear uni  codename fytj35tf,5124484992-00,9444399682-00,3056222605-00
give specifics on bearing kit fytj 35tf incorrect size,5124484992-00,4478587001-00,3309987938-00
searchin for smal bal bearin unit wit pfin threadin 35tf,3454525239-00,5652404820-00,9534081164-00
i want pfte 35tf ball bear uni w tfin thred,3454525239-00,9444399682-00,1499210270-00
info specific ball bearin unitin  wit pfine 35 thread,3454525239-00,2392008238-00,9877554164-00
searchin for oval flange ball bearin unit pfine thread 52 pft,2392008238-00,7997028723-00,3320272936-00
i want: info on oval flanged ball bearin 52 pft pfine thread,2392008238-00,5652404820-00,9877554164-00
give me specifics oval flanged ball bearing 52 pfine thread unit pft,2392008238-00,8891849873-00,1070027217-00
gimme info bearin unit fyc 30tf ball type,7954596083-00,8891849873-00,7865149791-00
searchin specific ballbear uni fyc30 tf,7954596083-00,3454525239-00,1861548310-00
wanna find ball bearinassem unit fyc 30tf,7954596083-00,6192682953-00,3114810437-00
searchin for ball bear unit np30 gwn give dimensions n type,2506646912-00,5903303792-00,7280147626-00
info bearings ball type np30 (gwn) i need it,2506646912-00,8349694726-00,5429558500-00
gimme specifc ball bear uni np30 gwn with any additnl info,2506646912-00,5903303792-00,2693880860-00
i want: balls bearings sf30 (gwn) unit find it,5903303792-00,2506646912-00,9352817059-00
searchin for sf 030 ball turbine part (rh p) size that,5903303792-00,5379178942-00,4925955239-00
give infos for bearing sf30 gwn unit ball mechansim stuff,5903303792-00,2506646912-00,6720131488-00
give me inf whr can find ball bear uni fyj 25tf tht hav diametr of tht size,6529849998-00,1464206595-00,7585838948-00
searha  specificball bear unit fyj twenty five tf wheres it locatd in?,6529849998-00,5652404820-00,2756774135-00
info needd ballbear uni fyj 25 tf where get Show me,6529849998-00,9444399682-00,4480948610-00
search smal componet ball bear uni fyc 35tf,7740098792-00,5439349326-00,8625641545-00
info need bearings unit fyc 35 tf take out extra play,7740098792-00,7954596083-00,1329191849-00
give me ball bearings 35tf fyc size unit,7740098792-00,9043346665-00,4736528681-00
search for ball bearing fyc 35mm tf type need dimensions,6192682953-00,7954596083-00,7857794706-00
i need info on bearing unit fyctf 35 size material specs,6192682953-00,6662252496-00,1872210053-00
give me details of fyc-35 tf ball bearing / dimensions and type,6192682953-00,3454525239-00,5797442239-00
info on ball bearing unit fyj80 tf for machine use,4411161347-00,3454525239-00,4478587001-00
search for fyj 80 tf type ball bearing unit details pls,4411161347-00,6529849998-00,1126995875-00
want specifics of unit bearing ball fyj80 tf model part,4411161347-00,4365586622-00,2845499435-00
search ball bearing unit fyc 50 tf info,1442542605-00,8534736814-00,5429558500-00
i want fyc 50 tf ballbearing unit spc,1442542605-00,1318185697-00,1207395784-00
give me ball  bearing unit type fyc 50tf detail,1442542605-00,7740098792-00,2086169402-00
looking for ball bearing unit type fyc 35 tf info,1318185697-00,7954596083-00,2036328500-00
need specifics on fyc 35 tf ball bearing set unit pls,1318185697-00,2748816495-00,3664767599-00
search for bearing unit ball model fyc35tf with details,1318185697-00,3454525239-00,7857794706-00
need info on bearing unit fyc 60 tf ball type,2748816495-00,4327921388-00,2807690610-00
search ballbearing unit model fyc60tf pls,2748816495-00,9196144313-00,2756774135-00
give me specific details fyc 60 tf ball bearing unit,2748816495-00,1318185697-00,8541639722-00
i want info on ball bearing unit ucf206 from kitaro brand,6960522247-00,3454525239-00,3409610748-00
search kitaro ucf 206 ball bearing unit type please,6960522247-00,6951776968-00,8988363787-00
give me kitaro ball bearing unit model ucf-206 details,6960522247-00,9043346665-00,1126995875-00
info rod end kvr model sakac 10m size,3113830218-00,8073379634-00,3738435794-00
want: kvr sakac 10 m rod end bearing type,3113830218-00,9793768748-00,5690510024-00
search rodend kvr sakac10m part number details,3113830218-00,6700770175-00,1357234586-00
info search housing gwn slfl2 flab group2 part,2139794434-00,9681999783-00,7418397259-00
I want housing for gwn group 2 slfl2 flab please,2139794434-00,8349694726-00,6711268221-00
give me GWNN slfl2 flab housing grp 2 details,2139794434-00,6192682953-00,1861548310-00
search ball bearing unit type fyj 60 tf info,4327921388-00,6529849998-00,6088982169-00
want fyj60 tf ball bearing unit model details,4327921388-00,6951776968-00,4921777111-00
info on bearing unit fyj-60 tf ball type please,4327921388-00,4411161347-00,5439349326-00
I want tervan ring model 6205 av type part,9745921972-00,7210597771-00,3346184161-00
search for tervan seal 6205 av ring info,9745921972-00,5836842495-00,2465261058-00
specific tervan 6205 av ring type finder,9745921972-00,7448971127-00,3346184161-00
search tervan ring 30203 jv info,4465044592-00,3240037049-00,5126431065-00
i want tervan ring jv size 30203 part,4465044592-00,9708781245-00,6508425047-00
give me the info for ring tervan jv 30203 model,4465044592-00,7210597771-00,9352817059-00
i need washers 20x26x15 size d type for search,7762471396-00,1046625092-00,5652404820-00
give me d washer with 20 by 26 by 15 dimensions info,7762471396-00,8573119194-00,7817345840-00
washer d 20x26x15 mm find it pls parts search,7762471396-00,4214798508-00,7103403071-00
give me info tervan ring 3205 jv part number,6814405720-00,7210597771-00,8835390267-00
search for tervan 3205 jv ring type,6814405720-00,5836842495-00,7287424213-00
I want tervan ring 3205 model jv details,6814405720-00,3240037049-00,3750693595-00
need info on tervan ring model 4204 av any details,9487173729-00,1269747985-00,2039087397-00
search for av 4204 tervan ring type what it is,9487173729-00,9092070035-00,5357993975-00
give me specific data about ring tervan 4204 av part,9487173729-00,1159958664-00,2465261058-00
looking for Tervan ring type 6001 av info,1445209486-00,6814405720-00,9674348759-00
give me specific 6001 av tervan ring datasheet,1445209486-00,9745921972-00,4052349502-00
search tervan 6001-av ring part details plz,1445209486-00,2819858087-00,7976170256-00
i want info tervan sealing ring 6008 ZAV type,1269747985-00,7959077921-00,9581036835-00
give me datasheet for tervan ring size 6008 ZAV please,1269747985-00,9487173729-00,4410734538-00
search tervan rubber ring 6008 ZAV spare part,1269747985-00,7448971127-00,1511681744-00
want info tervan ring 6012 type zav,3240037049-00,2819858087-00,7287424213-00
search for tervan seal 6012 zav ring part,3240037049-00,1269747985-00,2743205990-00
give me tervan 6012 sealing ring zav details,3240037049-00,1269747985-00,6345654229-00
search for tervan seal ring 6201 jv type,5836842495-00,4465044592-00,4571590299-00
info about tervan 6201 jv ring seal pls,5836842495-00,9745921972-00,1919114371-00
I want tervan 6201 jv ring gaskets specification,5836842495-00,7210597771-00,7287424213-00
looking for tervan ring 6203 zav type info,7025136559-00,1445209486-00,6711939733-00
whats info on tervan seal 6203-zav please,7025136559-00,5174805796-00,6951776968-00
need details about 6203zav tervan rink part,7025136559-00,1269747985-00,6617180054-00
search tervan ring 6204 jv part info,2819858087-00,7959077921-00,2322483775-00
i want info on jv 6204 tervan ring type,2819858087-00,5836842495-00,3454525239-00
specific details for 6204 tervan jv ring please,2819858087-00,3240037049-00,7255109294-00
searching for tervan sealing ring 6206 jy info,7959077921-00,9745921972-00,9534081164-00
need tervan ring 6206jy kind type,7959077921-00,7025136559-00,7398474472-00
give me the 6206 jy tervan rubber ring part,7959077921-00,1159958664-00,7861699713-00
give me info tervan ring type 7205 avh,9092070035-00,1159958664-00,7398474472-00
search for 7205 avh tervan ring pls,9092070035-00,5836842495-00,2039087397-00
I want tervan 7205 avh ring bearing details,9092070035-00,7448971127-00,8979284849-00
search tervan ring 6206 av type info,1159958664-00,9092070035-00,4692228309-00
i want tervan seal 6206av ring in fo,1159958664-00,1445209486-00,2322483775-00
give me specs for 6206 av tervan ring part,1159958664-00,9708781245-00,4141074622-00
search for tervan ring model 7205 jvg info,9708781245-00,2819858087-00,9581036835-00
i want tervan 7205 jvg ring specific please,9708781245-00,9745921972-00,2465261058-00
info on ring tervan 7205 jvg kind,9708781245-00,7025136559-00,7611388564-00
info about tervan rin 31305 jv ring please,7210597771-00,2819858087-00,2465261058-00
I want find tervan 31305 jv ring part,7210597771-00,6814405720-00,9383943811-00
search ring type jv 31305 tervan model,7210597771-00,2819858087-00,6695477620-00
search info tervan ring size 61928 av part,7448971127-00,2819858087-00,7976170256-00
I want tervan gasket 61928 av ring for machine,7448971127-00,9708781245-00,5196167183-00
give me 61928 av tervan type ring sealing,7448971127-00,7025136559-00,7988037521-00
need info retaining ring model wr16 size,6354125661-00,2692682170-00,9534081164-00
search for wr16 retaning ring part,6354125661-00,9621571968-00,5357993975-00
give me part retaining ring wr 16 model please,6354125661-00,2688699729-00,2465261058-00
info on retaining ring wr 17 size part,7791255843-00,3462809681-00,5866832251-00
i want retaining wr17 ring for machine,7791255843-00,1405819675-00,2392008238-00
search wr17 retaining circl ring specs,7791255843-00,2692682170-00,5124484992-00
info retaining ring size wr22 for parts,6307157416-00,1796405131-00,5561728555-00
i want retaining cirlce wr22 type ring,6307157416-00,3642729084-00,8150398753-00
search WR22 retaining ring component details,6307157416-00,4464470975-00,8891849873-00
info retaining ring model wr25 like size,4199791104-00,3642729084-00,3346184161-00
i want retaining clip wr 25 part search,4199791104-00,1405819675-00,6036804021-00
wr25 circlip retaining ring for order pls,4199791104-00,9621571968-00,8534736814-00
search for retaining ring BR26 size part,1834212913-00,7993069863-00,2114186304-00
I want retaining ring br26 steel type info,1834212913-00,1796405131-00,7414145175-00
info about br26 retaining clip ring part,1834212913-00,1405819675-00,1919114371-00
give me retaining ring model BR28 info,2569747623-00,1405819675-00,7997028723-00
need ring retaining type BR28 for search,2569747623-00,1796405131-00,2322483775-00
info on retention ring br 28 please,2569747623-00,3462809681-00,1919114371-00
need info on wr30 retaining ring plz,7476166945-00,1405819675-00,3970194616-00
search for retaining clip wr 30 type,7476166945-00,7993069863-00,2427940069-00
give me wr30 ring that is retaining one,7476166945-00,2034326186-00,2756774135-00
info retaining ring br 32 size,2034326186-00,8696414262-00,7398474472-00
i want retaining ring type br32 part,2034326186-00,3642729084-00,9864328534-00
search br32 retaning ring component,2034326186-00,9621571968-00,5561728555-00
info on retaining ring size br35 pls,1405819675-00,3642729084-00,3980242882-00
I want retaining ring br 35 type details,1405819675-00,5927554878-00,7959077921-00
specific retaining ring br35 part search,1405819675-00,4370679081-00,2657608685-00
looking for retaining ring wr35 size specific,1796405131-00,2692682170-00,5013018299-00
retention ring type wr35 info needed,1796405131-00,4213734940-00,4220919257-00
give me wr35 retainer ring parts details,1796405131-00,8696414262-00,6178070846-00
info about retainng ring br37 part,3642729084-00,1796405131-00,9093412678-00
i want retaining ring type br37 details,3642729084-00,9927928159-00,6695477620-00
search for the br37 steel retaining clip ring,3642729084-00,7476166945-00,5476556092-00
searching for retaining ring size br38 info,9621571968-00,4213734940-00,7320801684-00
i want br38 type retaining ring part details,9621571968-00,8696414262-00,2743205990-00
give me retaining ring br38 specification data,9621571968-00,9927928159-00,2756774135-00
i want retaining ring br39 type part info,8696414262-00,3806516682-00,6008985204-00
search for ring retaining model br39 please,8696414262-00,7476166945-00,9581036835-00
looking for br39 retain ring fastener holder,8696414262-00,2034326186-00,1329191849-00
search retaining ring br42 size,8135097001-00,1405819675-00,9581036835-00
info br42 retaining circluar ring part,8135097001-00,8696414262-00,1357234586-00
give me retaining ring model br42 for machine,8135097001-00,3642729084-00,4225769061-00
info retaining ring model wr44 size,3806516682-00,2692682170-00,2036427045-00
I want retaining clip wr44 for machine,3806516682-00,2688699729-00,7964215642-00
search wr44 retaning ring spare part,3806516682-00,8135097001-00,7861699713-00
give me specific retaining ring WR45 size info,4370679081-00,4213734940-00,7287424213-00
search wr45 type retaining ring part details,4370679081-00,7476166945-00,7573797526-00
I want retaining ring wr 45 technical info data,4370679081-00,1405819675-00,9534081164-00
info retaining ring type br47 pls,4359144184-00,2034326186-00,2756774135-00
search for retaning ring br47 size,4359144184-00,4213734940-00,3346184161-00
give me retaining ring br-47 technical data,4359144184-00,4199791104-00,2039087397-00
info retaining ring size br50 whats that,7993069863-00,4464470975-00,9793768748-00
search for br50 type retaining ring part,7993069863-00,1796405131-00,1511681744-00
I want: br50 metal retaining ring specs,7993069863-00,4464470975-00,7193492054-00
want retaining ring br52 part info,1207395784-00,7051940106-00,5561728555-00
search br52 retaining ring for stuff,1207395784-00,4213734940-00,7988037521-00
info on ring retaining br 52 please,1207395784-00,8696414262-00,5196167183-00
info about ring retainer br55 size,2688699729-00,1796405131-00,8891849873-00
i want retaining ring type br55 specifics,2688699729-00,8696414262-00,3346184161-00
search for br55 retainer ring part details,2688699729-00,3462809681-00,7669229686-00
i want info on retaining ring br62 size type,4480948610-00,1405819675-00,9196144313-00
search retaining ring part br62 plz,4480948610-00,7321897932-00,4416543723-00
tell me for retainer ring br62 details,4480948610-00,8135097001-00,3738435794-00
want retaining ring br68 part info,5927554878-00,7051940106-00,3763476385-00
give me br68 type retention ring details,5927554878-00,1796405131-00,7976170256-00
search for ring retainer br68 pls,5927554878-00,3806516682-00,2743205990-00
looking for wr70 retaining ring info,1188618193-00,1405819675-00,9352817059-00
want retaining rin wr70 part details,1188618193-00,7993069863-00,3150894744-00
search for wr 70 retaning ring specs,1188618193-00,8696414262-00,7064132121-00
info on retaining ring br72 size searching,2089304133-00,9621571968-00,6695477620-00
I want retaining ring model br72 what type is it,2089304133-00,3642729084-00,7287424213-00
give me details about br72 retaining clip ring thing,2089304133-00,1796405131-00,4220919257-00
I want retaining ring WR 73 info,3462809681-00,6493958615-00,6345654229-00
search wr73 retain ring part,3462809681-00,4480948610-00,6944966855-00
give me info on retaining ring type wr 73,3462809681-00,2034326186-00,3970194616-00
give me retaining ring wr 90 specs,4213734940-00,4464470975-00,3913717318-00
search wr90 retaning ring part,4213734940-00,1405819675-00,4141074622-00
info on wr 90 ring retaining pls,4213734940-00,4464470975-00,9681999783-00
give me info on ring retaining br95 type please,9927928159-00,9621571968-00,3980242882-00
search retaining ring br-95 part number,9927928159-00,7993069863-00,6008985204-00
i want retaining clip br95 model details,9927928159-00,3462809681-00,2465261058-00
I want retaining ring br100 specs info,6493958615-00,1405819675-00,1919114371-00
retaining ring type br100 search please,6493958615-00,8135097001-00,6178070846-00
give me details for ring retaining br 100 part,6493958615-00,2688699729-00,3422773531-00
searching for retaining ring br 110 size part,4464470975-00,2034326186-00,1732199075-00
i want retaining ring model br110 for machine part,4464470975-00,3642729084-00,8088004904-00
info on ring retaining br-110 specification details,4464470975-00,7791255843-00,8891849873-00
hat trick ring hirth moresa info,7976170256-00,1405819675-00,4692228309-00
looking for hattrick hirth ring moresa specific,7976170256-00,4213734940-00,5063594698-00
give me hat trick hirth moresa ring part,7976170256-00,4480948610-00,6711939733-00
looking for hattrick ring hirth graul details,2465261058-00,4213734940-00,3750693595-00
info on hirth hat trick ring by graul type,2465261058-00,8696414262-00,8301973657-00
give me hat-trick hirth ring graul parts search,2465261058-00,2034326186-00,5561728555-00
want info ring compenser 0810-020-01 part,7287424213-00,4464470975-00,9393372856-00
search ring compensator 0810 020 01 code,7287424213-00,4321444789-00,4692228309-00
give me ring type compenser 0810-020-01 details,7287424213-00,3642729084-00,4692228309-00
I want ring compensator 0810 036 05 info,9674348759-00,1834212913-00,3970194616-00
Search ring compenser 0810-036-05 specific part,9674348759-00,5927554878-00,3750693595-00
details for 0810-036-05 ring compansator please,9674348759-00,4464470975-00,9534081164-00
info ring compenser part 0810-045-01 search,3346184161-00,4359144184-00,5595912099-00
I want ring compenser 0810-045-01 spcial type,3346184161-00,4464470975-00,7193492054-00
give me specific ring compensator code 0810-045-01 details,3346184161-00,4213734940-00,9681999783-00
info on retaining ring br30 size,7321897932-00,9927928159-00,9793768748-00
search retaining spring br30 for me,7321897932-00,3806516682-00,6663935295-00
I want: circlip retainer br30 part details,7321897932-00,1920921560-00,9570592597-00
i want retaining ring br45 part info,7051940106-00,1405819675-00,6643383016-00
search for ring retain br45 size,7051940106-00,7476166945-00,1919114371-00
retaining ring model br 45 specs details,7051940106-00,8135097001-00,8338631077-00
give me info on retaining ring br80 size,2692682170-00,2034326186-00,1329191849-00
specific retaining ring type br80 for search,2692682170-00,9927928159-00,7964215642-00
i want retaining ring br80 parts details,2692682170-00,2034326186-00,3346184161-00
search retaining ring br 90 info,7261025418-00,8135097001-00,7964215642-00
i want retaining ring type br90 part,7261025418-00,1796405131-00,6008985204-00
retaining ring br90 specs details please,7261025418-00,4213734940-00,5196167183-00
search for cam folower rky 52 plz give me detail,5479560822-00,7153700806-00,3738435794-00
info about rky 52 cam tracker need urgent,5479560822-00,8443316906-00,5013018299-00
I want cam followr rky52 specifics now thanks,5479560822-00,6065132367-00,6178070846-00
search cam folower rkyr 52 wat is this thing,7153700806-00,5479560822-00,9681999783-00
give me info on rkyr 52 cam follower i need it noww,7153700806-00,9841109457-00,6711268221-00
I want cam tracker rkyr 52 specific detail plz help fast,7153700806-00,2392008238-00,7988037521-00
search for concentric pin oru lz 12 specific item pls,1968984769-00,7944868052-00,1442567475-00
give me info about concetric pin oru lfz12 need urgently,1968984769-00,2715100092-00,6198473236-00
I want concentric pib oru lfz 12 detail fast now,1968984769-00,7985802491-00,3773597417-00
specific search oru lfz-12 m-12 concetric pin item,8810070590-00,7056352833-00,2078359379-00
i want know abt pin concentri lfz12 with metric M12,8810070590-00,8243127142-00,6663935295-00
give me tech info on ORU-LFZ 12 conentric pins M 12 type,8810070590-00,7217776785-00,3984480791-00
search spec's ORU LFE12-1 exh centric pin,2856564860-00,6066764359-00,6198473236-00
can i get info on type lfe 12-1 inn eccentric pin out,2856564860-00,3114810437-00,8713716659-00
give me ORU LFE 12-1 off-center pin dimension's,2856564860-00,6066764359-00,1931768917-00
"i want info on oru part, type lfe 12-1 with m12 thread and got eccentric pin thingy",3114810437-00,2203707952-00,5888185401-00
search for eccentric pin bushing / oru lfe12-1-m12 Drawing or somethin,3114810437-00,1968984769-00,4410734538-00
"specific reqst: give me all oru linear eccentric pins, lfe 12 1, with m12x1 thread size, howevr u spell that",3114810437-00,7118497327-00,3628254685-00
i need info on wiper seals ORU code ab 52 search,6066764359-00,1321057021-00,1861548310-00
give me specifics ab52 wiper seals oru type what are they made of,6066764359-00,6519083481-00,6711268221-00
looking for wiper seals model ab52 oru equivalent types and uses,6066764359-00,7944868052-00,6663935295-00
i need limit stops oru type pah52 specs,2715100092-00,3952682608-00,6951776968-00
oru pah52 limit stop any info search,2715100092-00,5128603712-00,6951776968-00
anybody knows specifik limit stop pah 52 ORU?,2715100092-00,7153700806-00,9196144313-00
i need info on zeb roller bearin 3.5mm x 15.8mm g2 spec cylindrical typ,3379105488-00,8625641545-00,6792307074-00
"search bearing rollers cylindrical f.a.g. size 3,5 x 15,8 mm grade 2 precis",3379105488-00,8281473503-00,3929801887-00
give me cylindrical zeb rollers with 3.5mm diameter 15.8mm lenght g2 tolerans,3379105488-00,6429617186-00,1130810921-00
i need specs for cilindrical rolller bearings sized 3x11.8 Looking 4 g2 also search rollers type,8625641545-00,6429617186-00,6951776968-00
give me info on B3x11.8G2 cylindrical roll what are dimensions on this one got bearing codes?,8625641545-00,5037382791-00,5652404820-00
want to know about cilindre rollers with diam 3mm x 11.8 mm lookin for b3x11.8 g2 tolerances too,8625641545-00,5918243383-00,9534081164-00
i need info on cylindircal roller bearrings RC-6x12 C with metrix sizess 6mm x 12mm,7585838948-00,4982032276-00,7034847370-00
specific search for rolllers type c sizes 6 x 12 lookin for rc6x12 c if posible cylindrical,7585838948-00,8321833690-00,1945547201-00
give me datasheet on roler RC-6 X 12 C cylindrical bearing with certifikate info also thxs,7585838948-00,4811533283-00,3028497617-00
i need info on cyl roller bearings 12mm x 12mm type rc,6429617186-00,7349941438-00,7946949392-00
search rollers cylin rc-12/12 cylindrical bearings,6429617186-00,4982032276-00,2928643503-00
"give me specifc bearing rc-12x12 model, dimension 12mm diameter, cylindrical-type roller beari",6429617186-00,8051335606-00,6506566613-00
info cylindrical roler rc8x8 c bearing types,4982032276-00,6921602240-00,1843344004-00
i want c type beering roller specs rc-8 x 8  cylindre rollers,4982032276-00,8281473503-00,3812303110-00
search rolers cylindrcal rc8x8c bearing details round parts,4982032276-00,9228068111-00,8520539423-00
searchin fo tpw cylindrical roller bearin 6x25 stuff,6980772817-00,6921602240-00,9026041071-00
i want infos on 6x25 tpw roller cylindric thingy,6980772817-00,6114708424-00,2104984653-00
giv me specific on tpw cylindr'cl roller 6 x 25 bearingss,6980772817-00,4527880773-00,7540520705-00
searchin for a circlular rollrs bearing rc 20x 20c,8051335606-00,8281473503-00,1516525272-00
infos bout cylindricals rollrs bear rc20x20c pls,8051335606-00,4411161347-00,6951776968-00
i want roll bearings rc-20x20c th cylin kind,8051335606-00,4834866204-00,6711268221-00
searh info tpw cylindricals rollr bear 6x6,7952451883-00,7740098792-00,9196144313-00
i want: specific tpw roler bearings cylindrical 6 x 6,7952451883-00,4870101176-00,5525935480-00
giv me: tpw cylinderical rollers bearings dimen 6x6,7952451883-00,6114708424-00,4380157914-00
searchin for cylindricals rollr type rc-5x10,4047319682-00,8051335606-00,6711268221-00
I want: rollers cylinder rc-5x10 anyinfo,4047319682-00,7952451883-00,4346290599-00
giv me: specif cylindric roller rc-5x10 dimen 5x10,4047319682-00,6429617186-00,7652035392-00
"searchin for thing like needle roler rn-3x9,8 bear bf/g2 dimensions",7034847370-00,3379105488-00,8338631077-00
gv me info bout small roller ndl typ rn-3x9.8 bf/g2 kinda,7034847370-00,8979284849-00,7707915166-00
"i want findneedle roler bearin rn-3x9,8 bf/g2 stuff specifi",7034847370-00,3337876451-00,8534736814-00
need inf. on roller nedl rn-2x9.8bf/g2 thingy bearin',7212218295-00,8625641545-00,5720179105-00
gimme specific on needle rollerbear 2x9.8 bf/g,7212218295-00,8824276530-00,6192682953-00
"searchin' 4 rn2x9,8 bf/g2 roller needl technical stuffs",7212218295-00,8979284849-00,6069903182-00
give me sk cylindrical roller bearin with x6 50mm,6114708424-00,7452840785-00,2835901561-00
info specif tpw bearing cylindrical roll 6x50 size,6114708424-00,4527880773-00,7417715853-00
I want: cylindrol ringer 50mm 6mm nks search,6114708424-00,6960522247-00,2036427045-00
"search ball 1/2"" rivet rb-12.7 rb-12.70 type iv",2036328500-00,3211385349-00,6171464147-00
i want: info half inch riv rb12.7 rivet 12.70 type 4,2036328500-00,6505214127-00,2455366782-00
"spelic rivet ball rb 12.70 iv 1/2"" inch rivets",2036328500-00,6088982169-00,7913166788-00
want dimensions 12x18 roller cylndricals tpw,4527880773-00,6980772817-00,4067784318-00
specifics for tpw roller bearin cylnrical 12 by 18,4527880773-00,7333334677-00,6792307074-00
lookin 4 tpw cylindric roller bearin dimension 12x18,4527880773-00,2010439133-00,3022862719-00
"search ball 1/4"" rivt slash rb- 6.35 iv, need screw",4722540187-00,2036328500-00,2026712416-00
"info for 1/4"" ball rivt fastener rb-6.35 type iv, give me it",4722540187-00,8541639722-00,6720131488-00
lookn 4 ball rivet size quarter inch code rb- 6.35 class 4,4722540187-00,3882501209-00,2922513175-00
search for 1/8 inch ball rivet rb- 3.175 iv size,6088982169-00,4706798503-00,2922513175-00
"need info on rb- 3.175 iv rivet ball 1/8""",6088982169-00,4706798503-00,1332912348-00
give me ball type rivet 3.175 iv 1/8 rb-,6088982169-00,3211385349-00,6792307074-00
i want info on d2 steel ball pls,7617818121-00,5439349326-00,9680723972-00
search ball made from d2 material,7617818121-00,5379178942-00,5178196899-00
give me specific d2 hardened ball steel,7617818121-00,9416261095-00,8020240760-00
search for ball 2.5mm riv rb 2.5 size info,2438994529-00,7453588100-00,7865149791-00
"give me details on 2,5 ball riv rb with 2.5 measure pls",2438994529-00,7453588100-00,7280147626-00
"I want ball 2,5 riv rb-2,5 exact part data",2438994529-00,4435163658-00,2693880860-00
info ball diameter d3 size search,5379178942-00,5901673931-00,1837857857-00
i want ball d 3 dimension specific,5379178942-00,2438994529-00,5675620078-00
give me balls with dia 3 unit size,5379178942-00,9043346665-00,6663935295-00
info ball 3/4 size rivet rb 19.05 type iii,6197392647-00,3882501209-00,9745921972-00
search 3/4 ball rivet rb-19.05 iii kind,6197392647-00,8541639722-00,1920622049-00
give me ball riv rb 3/4 19.05 mm iii please,6197392647-00,7453588100-00,1499210270-00
search ball bearing 3/8 inch riv rb- 9.525 iv pls info,8541639722-00,4706798503-00,8201515478-00
i want ball 3/8 riveted rb 9.525 iv size details,8541639722-00,2036328500-00,3589328560-00
"give me 3/8"" ball riv rb-9.525 iv type material",8541639722-00,6197392647-00,2833252741-00
looking for ball d4 rb-4 part info,3882501209-00,2036328500-00,3269654436-00
need info on rb-4 ball d4 type pls,3882501209-00,4722540187-00,2139794434-00
searchable ball d4 rb-4 component details,3882501209-00,2036328500-00,8020240760-00
search info ball diameter 6 d6 size,5439349326-00,2438994529-00,5797442239-00
give me balls d6 6 size pls,5439349326-00,7740098792-00,6711268221-00
i want ball size d6 6 diameter part,5439349326-00,5379178942-00,4429913408-00
show me ball 7/8 inch riv rb 22225 size,4435163658-00,3211385349-00,3113830218-00
"need info on 7/8 ball rivet rb-22,225 please",4435163658-00,2438994529-00,2026712416-00
search ball riv 7/8 rb22 225 part details,4435163658-00,4722540187-00,1126995875-00
info ball bearing 7/8 size needed,3761118568-00,5962016512-00,2890825468-00
searching 7/8 inch ball part for repair,3761118568-00,7617818121-00,8666922925-00
i want 7/8 diameter ball component part,3761118568-00,7617818121-00,6508425047-00
search info ball dia 1/16 inch,2098611045-00,2928643503-00,8188917277-00
i want: 1/16 ball sphere size,2098611045-00,9741033403-00,2036328500-00
give me specific small ball d 1/16,2098611045-00,3211385349-00,5797442239-00
search for ball d14 size info,1464206595-00,2438994529-00,3379105488-00
give me d14 type ball specific,1464206595-00,2098611045-00,3056222605-00
pls find ball d 14 part details,1464206595-00,3740504429-00,7594985659-00
ball 4.762 mm d 3/16 rivet rb info,3211385349-00,6088982169-00,5256096413-00
i want d3/16 riv ball 4.762 size rb,3211385349-00,2438994529-00,5256096413-00
search for riv 3/16 diameter ball 4.762 rb,3211385349-00,6197392647-00,2370411599-00
looking for ball d 5/16 rivet rb7.938 type ii,8739534142-00,6655726866-00,6960522247-00
ball 5/16 riv rb 7.938 version 2 search info,8739534142-00,7453588100-00,2026712416-00
give me ball diameter 5/16 rivet rb-7.938 II spec,8739534142-00,8541639722-00,3166847823-00
looking for ball d 5/32 size riv rb- 3.969 iv part info,7453588100-00,3211385349-00,1511681744-00
need info on rivet ball diameter 5/32 rb-3.969 iv dimension,7453588100-00,3211385349-00,7608996579-00
search ball riv rb 3.969 iv d 5/32 size component details,7453588100-00,2036328500-00,3056222605-00
search info ball bearing d7/32 rivet rb 5.556 iv,4706798503-00,2438994529-00,9208538142-00
i want ball d 7 slash 32 riv rb 5.556 internal val,4706798503-00,8541639722-00,2323356604-00
give me specific ball d7 32 riv rb number 5.556 iv please,4706798503-00,8541639722-00,7988037521-00
"need roller ZEB b3 x9,8 g2 info",4078903042-00,7034847370-00,9324563672-00
"search needle rol  b3x9,8 / g2 ZEB part",4078903042-00,1818734295-00,2106723884-00
i want needle rollerr zeb type b3x9.8 g2 specifications,4078903042-00,3379105488-00,5196167183-00
info locking ring gn705 16e d16 h8 28 mm,7193492054-00,3984544458-00,8958626885-00
i want locking ring gn705-16-e with d16h8 x 28 sizes,7193492054-00,9741033403-00,5312760431-00
search locking ring type gn705 size d16 h8 d 28 mm,7193492054-00,2656138952-00,2933465058-00
i want hammer head fastener 12 by 50 size,7745245765-00,7347632804-00,6258151250-00
search for fastener hammer head 12x50 dimension,7745245765-00,1681758905-00,9625341535-00
hammer head fix part 12x50 info please,7745245765-00,3076317177-00,9778571217-00
info hammer head bolt 20 by 80 fasten,7347632804-00,4411161347-00,2657608685-00
i want hammer head screw 20x80 size part,7347632804-00,7811220022-00,9541305032-00
search 20x80 hammerhead fastener tool piece,7347632804-00,7740098792-00,6951776968-00
need info on key ring size d38 all types,8484402553-00,1194332529-00,7193492054-00
search keyring diameter 38 mm kind of ring,8484402553-00,5918243383-00,4410734538-00
give me the details of keyring d 38 for my use,8484402553-00,1318185697-00,2036427045-00
search cotter pin a2k d2x15 white galv steel info,8115414843-00,9910910852-00,2812062302-00
i want cotter pins D2 x 15 a2k made in white zinc coated steel please,8115414843-00,7617818121-00,3478926866-00
give me cotter pins d2 by 15 a2k white galvanized steel details,8115414843-00,2331944648-00,2952661606-00
search cotter pins A2K size d3x40 steel white galvanized type info,7217776785-00,2447466166-00,1585531447-00
give me cotter pins steel galvanized white d3 x 40 A2k for info,7217776785-00,4936903325-00,5174124939-00
want cotter pin A2 k d3 40 white galvanized steel please details,7217776785-00,8115414843-00,9883456014-00
need spring lock cotter pin A2K diameter 1.8 galvanized steel info,4936903325-00,1046625092-00,1440891966-00
"search white galvanized steel spring safety lock pin d 1,8 for cotter",4936903325-00,6643459127-00,2812062302-00
cotter pins spring lock safety a2k d1.8 steel white galvanized pls give me,4936903325-00,8298096627-00,9315899660-00
"looking for spring lock safety cotter pins A2K steel white galvanized d2,5 size",2447466166-00,9416261095-00,3478926866-00
"give me info on saftey spring lock cotter pins d 2,5 made from white galvan steel A2k",2447466166-00,7217776785-00,4114944577-00
"I want spring lock cotter pins safety type made in galvanized white steel d2,5 A2K codes",2447466166-00,6363406377-00,9330533540-00
info spring safe lock cotter pins steel white galvanized a2k d4 pls,6363406377-00,6010330454-00,2080562227-00
i want spring lock cotter pins d4 steel galvanized white type A2K search,6363406377-00,8115414843-00,6630654982-00
specific spring lock safety cotter pins a2k size d4 steel white galv material,6363406377-00,8115414843-00,7775082541-00
looking for cage nut A2K size m6x4.5-8 with thickness s=1.7 to 2.5 white galvan steel,8631876834-00,5272929528-00,8542570623-00
"search cage nut type A2k m6x4,5-8 steel galvanized white s 1,7-2,5 needed info",8631876834-00,9621326677-00,1451158850-00
cage nuts m6x4.5-8 A2K style galvanized steel white s=1.7 to 2.5 thickness please help,8631876834-00,8174049868-00,1585531447-00
looking for cage nut C806-15 size m6 info,9645658988-00,4407921557-00,1260785993-00
cage nut type c 806 15 m6 please details,9645658988-00,8099001430-00,2126668815-00
need cage nut C806-15 M6 model search,9645658988-00,8631876834-00,6272289280-00
info on cage nut CJ4815 whats the specks for,1680230506-00,8884625491-00,5827832202-00
seach specifik cage nut / cj 4815-1 or alternitives,1680230506-00,7946949392-00,3132322870-00
i want to no wha is cj4815 cage nut dimension and material can you giv me that,1680230506-00,8884625491-00,6139131350-00
i need specifik info on a2k m6-6 autoblind flangiato thingy zigrinato with whit galvanizd steel nut,3650234567-00,2080562227-00,6093063669-00
"search dado wrench m6-6, white galvanized steel flangiato, spec is autobl a2k zigrin and any thread",3650234567-00,9526772961-00,7283136748-00
"tech detail dado a2k auto-blind flange nut whit zigrin, look 4 galvanized steel type m6-6 fittiing any wrench",3650234567-00,2269643128-00,1255737259-00
"i'm lookin for a zigrinato dado with autobl flangiato thingy m8-6 spec a2k, its probbably made of galvanised steel or whit stuff",3137142682-00,5191521234-00,7142238274-00
give me info on autobl.flangeado/zigrinado ring m8-6 with white galvanized coating and a2k code is it posible made of metal/stainless steel,3137142682-00,1444121761-00,4464470975-00
"find specificted dado for me, its autoblflangiato zigrin type, has m8-6 code, its materil steel wit galvanizzed white end its usoing screw somethin & its numder something, a2k probs",3137142682-00,9723645203-00,6390964574-00
"specific dado cieco calotta sferica in whit galvanazed stel, thread m10 - 6, search all a2k type",3711982227-00,3166246449-00,3963962452-00
"i want info on: spherical cap blind rivet a2k, m10 - 6 thread, in white galvanized steal materil, its specific dado cieco calotta sferica dijoint",3711982227-00,9844671434-00,7371808107-00
"give me result for dado cieco calotta sferica blind rivit spherical cap in white galvanize steel a2k, metric thread specification m10-6 sutable",3711982227-00,3280639713-00,4757180611-00
give me info on hex nut m10 whit galvanizd A2K stl specs,3166246449-00,9330533540-00,5477398477-00
i need high hex galvnut whit stl a2k din m10 6 what codes equivlant,3166246449-00,2596794819-00,9621326677-00
sepecific nut search: hexagonal high strenth a2k whit galvanized stlpsych m10/6 type Alternitives,3166246449-00,2596794819-00,6291754020-00
i need specifik info on hex nut whit hig a2k materiel M12 6mm thred,2596794819-00,1612358200-00,6390964574-00
search M12-6 high strenght hexagonal nut a2k equals whit galvanisd steel type,2596794819-00,6154628649-00,4242885761-00
give me high strengh m12x6 hex nut galvanzd with a2k specifikation stl whit,2596794819-00,2233951822-00,1444121761-00
search a2k hex nut m14 whit galv steel high,9315899660-00,9883456014-00,6139131350-00
info on m14-6 hexagon nut whit steel high a2k galvanizd specifik,9315899660-00,2596794819-00,4940282571-00
i want datasheet for white galvanizd hex nut a2k high m14-6 thread steel type,9315899660-00,5765399431-00,8499456817-00
i need infos on white A2K hex nut m16 6 what size,6704039474-00,3984544458-00,5047489690-00
specifc tehnical search M16-6 galvanized high nut hex type a2k materl,6704039474-00,3555796952-00,5621711058-00
give me results for a2k type m16-6 Galev steel hexag nut Hi-prof whit,6704039474-00,1078275837-00,2596794819-00
info on high A2K M18-6 hex nut whit galvanisd stl,8570551709-00,9723645203-00,7680811732-00
give me specs of hexagonal high nut M18-6 whit galv steel/ stainless a2k,8570551709-00,2702873845-00,3071439359-00
search hex nut high white galvanized steel A2K M18-6 thread siz,8570551709-00,8629637526-00,1841743209-00
seach a2k whit galvanize steel hex nut m20 6 specifik,2233951822-00,4282390587-00,7680811732-00
i want info on high strengh m20/6 hexagon nut a2k steel type,2233951822-00,9723645203-00,4224982894-00
need spec sheet for m20-6 hex nut whit galvanize a2k materil Galactic high torque,2233951822-00,7960050789-00,8588190828-00
search nuta hex high galvanized m24 6,6154628649-00,9723645203-00,5594889711-00
info high nut hexagonal size m 24-6 steel,6154628649-00,9315899660-00,4242885761-00
giv me specif hex high nut galva a2k 24-6 bolts,6154628649-00,2233951822-00,8222802007-00
i want nut hex galvanise white m3-6 a2k high,8629637526-00,6154628649-00,9788886065-00
search specific datas for high hexagonal nuts size m3-6 steel a2k whitish,8629637526-00,5352356648-00,3832265731-00
info needed nut hexagon high  a2k m3-6 galvanizedd steel,8629637526-00,9315899660-00,6738728316-00
i want nut hexagonal high whit zinc galv ized steel m30-6 / a2k,7124833478-00,6154628649-00,6139131350-00
search info specific high hex nut white galv steel m30 6 a2k bolting,7124833478-00,9315899660-00,5509613879-00
need nut hexagon high A2K wht zinc coated m30 6 nut galv bolts,7124833478-00,2596794819-00,9102211860-00
search nut hexagon high whit galvanz steel m30x2-6 a2k,6085123772-00,7124833478-00,3414353862-00
info high hexagonal nut galvanized steell m30x2 6 size a2k,6085123772-00,2812062302-00,9679603972-00
giv me high nut hexag stuff steel galvanized A2K m30x2-6,6085123772-00,9315899660-00,3438146950-00
search nut hexagonal high whit galvanize steel a2k size m4-6,1440891966-00,7124833478-00,1515535636-00
info high nut hexagon a2k w/ galvanised steel m4-6,1440891966-00,9723645203-00,8580568059-00
i want: nut hexagonal high m4-6 whitish galv. steel a2k,1440891966-00,7124833478-00,2796016373-00
lookn for specific high nuts hexagaonal white galv. steel m6-6 a2k,2702873845-00,9315899660-00,1260785993-00
show all info hihg nut hex m6-6 w/ galvaniz steel a2k,2702873845-00,2269643128-00,6400451842-00
search: hexagon nut hi a2k M6-6 galv steel,2702873845-00,6291754020-00,4292268847-00
search hex nut whit a2k steel m8/6 galv,9723645203-00,9137602664-00,3414353862-00
i want nut hexagonal high m8-6 a2k galvaniz,9723645203-00,6704039474-00,6603193262-00
give me high nut hex steel m8/6 a2k galvanised whit,9723645203-00,9315899660-00,7013411208-00
serch info selflock nut hi whit galvnazd steel type a2k size m8-6,8091613231-00,3804855403-00,5352356648-00
giv me specifics high white galv self-lockin nut a2k m8-6,8091613231-00,9125241032-00,5678708526-00
i want: nut self lock high galvanized a2k m8-6 / steel,8091613231-00,4167410991-00,4788689431-00
search nut whit a2k galvnized high selfloke m10 8,6986135211-00,6154628649-00,8575337361-00
i want: nutself-lock high a2 k m10-8 w/ galvan,6986135211-00,6363406377-00,7387154897-00
info specific nuts self Lock 10 -8 hihg a2k steel,6986135211-00,5316813243-00,2737752458-00
search nut self-loc high a2k galvaniz m10x1.25-8,5312760431-00,1698692338-00,8786168191-00
find high nut selflock steel a2k m10x1.25 -8,5312760431-00,6889923705-00,1536796713-00
"info especific nut self-lock galvanized whtie steel  a2k size m10x1,25 has 8 bolt",5312760431-00,7013411208-00,8814802312-00
search for self lock nut high a2k m10 1.25 8 whit galv steel,2205046870-00,4167410991-00,8204718697-00
need m10x1.25-8 self locking nut high grade a2k white galvanized,2205046870-00,3055475159-00,9788886065-00
give me high self-lock nut m10 1.25 8 a2k white zinc coated steel,2205046870-00,2873901855-00,4114944577-00
"self-locking nut high a2k m12-8 white galvanized, looking for info on that steel",5047489690-00,5477398477-00,4407921557-00
"I need self-lockin nut M12-8 high a2k steel, maybe white galvanized or somthing",5047489690-00,2596794819-00,1260785993-00
"searching self lockin nut m12-8 high galvanized a2k steel, just want the white one",5047489690-00,8390094954-00,8831445184-00
"search self locking nut m12x1,25-8 in high a2k white galvanized steel",1698692338-00,5312760431-00,1260785993-00
give me high self locking nut made of white galvanized m12x1.25-8,1698692338-00,8390094954-00,3438146950-00
find info on self locking nut m12 1.25 8 high a2k with galvanized steel,1698692338-00,2205046870-00,9117551575-00
searching for self locking nut high m14-8 galvanized steel A2K,9125241032-00,5352356648-00,1260785993-00
"what is teh self-locking nut high, size m14-8, white and made of steel?",9125241032-00,5477398477-00,2049616791-00
"info on high self locking nut in galvanized steel, m14-8 A2K",9125241032-00,6400451842-00,3828365589-00
self locking nut m14x1.5 high a2k white galv steel 8 help me find,8542570623-00,5477398477-00,1953835512-00
searching for high selflocking nut m14x 1.5-8 galv steel a2k,8542570623-00,9315899660-00,2789360096-00
info about m14 x 1.5 - 8 nut self locking bright galvenized,8542570623-00,2789360096-00,3438146950-00
search for self locking nut high a2k m16-8 white galvanized steel,2873901855-00,8091613231-00,5760759939-00
info about high self-locking nuts m16-8 in galvanized steel,2873901855-00,8091613231-00,2212658191-00
give me self locking nut high m16-8 steel white a2k type,2873901855-00,5047489690-00,3420626497-00
"search self-locking high nut in a2k material m16 x 1.5-8, like white steel galvanized",8343697990-00,2884271768-00,3074267649-00
"info about self locking nut high galvized, size m16x1.5-8, please",8343697990-00,6954739972-00,9330533540-00
give me self-locking nut m16 1.5-8 high a2k white steel the info,8343697990-00,8542570623-00,4783474646-00
info on self locking nuts m20-8 high a2k white galvanized steel,3896168300-00,2873901855-00,2443553697-00
searching self-locking nut galvanized high a2k m20-8,3896168300-00,6954739972-00,1953835512-00
give me the details for high m20-8 self locking nut white steel,3896168300-00,6099664890-00,3438146950-00
search for self locking nut high m20x1.5-8 made of galvanized steel white a2k,3409786374-00,6986135211-00,5827832202-00
give me info about self locking nut high a2k m20 1.5 size with white finish,3409786374-00,3896168300-00,5675130171-00
looking for high self-locking nut m20x1.5-8 galvanized in steel white color,3409786374-00,1319770837-00,8720113730-00
search: self-locking nut high m24-8 white galvanized steel a2k,1388223722-00,2873901855-00,4114944577-00
give me: m24-8 self locking nut high a2k made from white steel,1388223722-00,4757180611-00,6272289280-00
info: self locking nut m24-8 high a2k galvanzied steel for high pressure,1388223722-00,6954739972-00,1260785993-00
search for self lockin nut high m24 x2 8 white galvanized steel a2k,4167410991-00,1388223722-00,3074267649-00
give me info about self-lockin nut m24-2.8 a2k high galvanized metal,4167410991-00,9367332368-00,3682914116-00
look up self locking high nut m24x2-8 steel white galvanize type a2k,4167410991-00,4757180611-00,6667303359-00
searching for self locking nut high a2k m3-8 white galvanized steel,5352356648-00,9125241032-00,5827832202-00
I want self-locking nut m3-8 high white galv steel a2k,5352356648-00,6986135211-00,6267553235-00
give me info on m3-8 self locking high nut a2k galvanized steel,5352356648-00,8091613231-00,5760759939-00
self locking high nut a2k specific m30 8 white galvanized steel,8390094954-00,6954739972-00,9416261095-00
m30-8 selflocking nut high a2k steel white galv,8390094954-00,8570551709-00,7309665997-00
search for self lock nut high m30-8 in a2k galvanized material,8390094954-00,5336459512-00,6139131350-00
self lock nut m30x2-8 white galvinized steel high a2k type plz give info,6400451842-00,6099664890-00,9344205959-00
high strength self-lockin nut in size m30 x 2 -8 made of white galv steel,6400451842-00,9125241032-00,3478926866-00
searching for self locking nut m30x2 eight high grade a2k galv steel pls help,6400451842-00,6099664890-00,4783474646-00
search for high self locking nut galvanized steel m3 x 0.5-8 size A2k pls,9367332368-00,2873901855-00,4783474646-00
info on nuts self locking high A2k m3 0.5 8 white galvanized steel,9367332368-00,5477398477-00,3252594469-00
give me details for self locking nut m3x0.5-8 high white galvanized steel A2k,9367332368-00,6954739972-00,9330533540-00
find me self locking nuts high m4-8 white galvanized steel a2k,6954739972-00,1461569135-00,8298096627-00
searching for nuts self-lockin high M4-8 a2k galvanized steel white,6954739972-00,1451158850-00,9057304858-00
looking for high self locking m4-8 nut material a2k galvanized steel white,6954739972-00,4757180611-00,3624754278-00
search for self locking nut high a2k white galvanzied steel m4 x 0.5 8,1319770837-00,6954739972-00,4026925895-00
info self locking nut high m4x0.5-8 made of galvanized steel,1319770837-00,5477398477-00,7155263857-00
give me self locking high nut 8 m4 x 0.5 a2k white steel,1319770837-00,8542570623-00,4940282571-00
search selflocking nut high m5-8 white galvanized steel a2k,6099664890-00,1440891966-00,3040759579-00
info about nut self locking m5-8 high white steel galvanized,6099664890-00,1388223722-00,9183626126-00
give me self-locking nught high A2k in size m5-8 galvanized steel,6099664890-00,4757180611-00,3236853584-00
self lockin nut high a2k m5x 0.5-8 white galvanized info ifo,5477398477-00,3065840761-00,9788886065-00
"m5x0,5-8 self locking nut high in steel galvanized information needed please",5477398477-00,1319770837-00,9639799876-00
searching self-lock nut high a2k steel galvanized m5 size 0.5-8,5477398477-00,5047489690-00,4407921557-00
give me self locking m6-8 nut in high a2k galvanized steel white,3065840761-00,1451158850-00,1953835512-00
search for high self-locking nut m6-8 material galvanized a2k steel,3065840761-00,1319770837-00,1536796713-00
I want: a2k self locking nut high m6-8 white steel galvanized,3065840761-00,1451158850-00,9137602664-00
self locking nuts high m6 x 0.75-8 white galvanized steel,6473846417-00,8390094954-00,4918161903-00
search for high self-locking nut a2k m6 x 0.75 8,6473846417-00,4167410991-00,5678708526-00
"info about self locking nut white steel m6x0,75-8 high",6473846417-00,6954739972-00,8592912576-00
search for self locking nut m8-8 high white galvanized steel A2K,4757180611-00,2873901855-00,8434447630-00
info high type m8-8 self locking a2k nut galvanized steel,4757180611-00,9125241032-00,9883456014-00
gimme self locking high nut m8-8 in white steel galvanized stuff,4757180611-00,2884271768-00,8067527976-00
self locking nut high a2k m8-8 plus white galvanized steel type search,2884271768-00,5047489690-00,9344205959-00
looking for high self-locking nut in m8-8 galvanzied steel a2k,2884271768-00,3409786374-00,2812062302-00
needs self locking nut m8-8 size in high quality white steel a2k,2884271768-00,8091613231-00,7013411208-00
self lockin nut high m8x1-8 white galvanzied steel,1451158850-00,8343697990-00,3624754278-00
search for high self locking nut size m8 x 1-8 in steel,1451158850-00,5477398477-00,3562703168-00
give me info about self locking nuts high a2k m8 1-8 galvanized white,1451158850-00,1388223722-00,4358015637-00
search low self locking nut stainless m10 50 a2,4593310304-00,7256209367-00,8534736814-00
give me: low a2 m10-50 nut selflock info,4593310304-00,8350865695-00,3292671355-00
looking for m10-50 self locking low nut in stainless steel,4593310304-00,3325522719-00,7155263857-00
search self-locking screw nut low m14 50 a2 stainless,3325522719-00,8350865695-00,2269643128-00
info m14-50 low self-locking nut stainless steel type a2,3325522719-00,6738728316-00,1442542605-00
give me low self locking nut m14 m14-50 a2 steel,3325522719-00,1835191561-00,4633625354-00
wht does a self locking nut low stainless steel m16-50 look like?,7256209367-00,3325522719-00,9416261095-00
searching for m16-50 self lockin nut low A2 material please,7256209367-00,8545733832-00,8957745808-00
give me the info on self-locking nut low made of stainless steel m16-50,7256209367-00,2091151423-00,1599421041-00
self locking nut low a2 m3 50 stainless steel searching,2057138330-00,2091151423-00,1809871854-00
low profile selflocking nut M3-50 a2 grade info,2057138330-00,5191521234-00,7124833478-00
m3-50 selflockig nut low stainless steel sooo I want it,2057138330-00,2091151423-00,6390964574-00
search self locking nut low a2 m4-50 stainless steel like long description,8350865695-00,7256209367-00,2796016373-00
info self locking type nut m4-50 low a2 ss,8350865695-00,2057138330-00,7053519753-00
give me low a2 m4-50 selflocking nut made of stainless steel,8350865695-00,1461569135-00,2474448039-00
search self locking nut m5-50 low a2 s/s stainless steel,6738728316-00,2057138330-00,3929231998-00
I want self locking nut low type m5 50 stainless steel,6738728316-00,8350865695-00,2897779206-00
give me info on low profile self locking nut m5-50 a2 material,6738728316-00,2057138330-00,9430522140-00
search for self locking nut low a2 stainless m6-50 types,2091151423-00,8350865695-00,3804855403-00
info about m6 50 self locking low nut a2 stainless steel,2091151423-00,4593310304-00,5599619248-00
give me details self-locking nut low m6-50 a2 mat'l,2091151423-00,7680811732-00,1442542605-00
search: self locking nuts low m8-50 a2 stainless steel,5191521234-00,6738728316-00,5988207918-00
info: low a2 self lockig nut 50 mm m8 size,5191521234-00,8350865695-00,6963062415-00
give me: low profile nut stainless steel m8 50 self locking,5191521234-00,2057138330-00,2656138952-00
search low a2k self locking nut galvanized steel m10 8 white,5199644221-00,1444121761-00,8631876834-00
give me self locking nut m10-8 low a2k in white galvanized material pls,5199644221-00,1444121761-00,9276516840-00
info about self locking low a2k nut m10 8 steel white galvanized,5199644221-00,6149920023-00,8575337361-00
looking for self lock nut low a2k m10x1.25-8 in steel white galvanized,3055475159-00,1835191561-00,9679603972-00
need info on low self-locking nut m10 x 1.25 -8 white galvanized a2k,3055475159-00,6149920023-00,8629637526-00
search self locking nut low white galvanized steel m10x1.25 eight,3055475159-00,6291754020-00,5678708526-00
search for low self locking nut m12-8 in white galvanize steel,7309665997-00,7680811732-00,1255737259-00
where can I find self locking nut type low a2k galvanizd M12-8,7309665997-00,1461569135-00,5509206431-00
info about m12-8 self-locking nut low a2k white steel please,7309665997-00,6291754020-00,9344205959-00
gimme self lock nut low a2k m12 x 1.25 8 white galvanized steel,8588190828-00,3074267649-00,8067527976-00
searching for m12x1.25-8 self locking nut low in steel white galv,8588190828-00,5199644221-00,3420626497-00
need a self locking low nut m12 1.25-8 a2k galvanized white steel,8588190828-00,7309665997-00,8629637526-00
search for self locking nut galvanized a2k m14-8 low steel,1835191561-00,6291754020-00,9102211860-00
looking for low steel nut self locking white m14-8 a2k,1835191561-00,1444121761-00,3420626497-00
info about nut m14-8 low self lockin galvanized steel a2k,1835191561-00,9125241032-00,6267553235-00
"search for self locking nut low a2k m14 x 1,5 galvanized steel stuff please",4292268847-00,8545733832-00,9723645203-00
"info about m14x1,5-8 self locking nut low white galvanized",4292268847-00,7309665997-00,9639799876-00
give me self locking nut low a2k in size m14x1.5-8 needed,4292268847-00,7181962772-00,9239540417-00
pls help search for self lockin nut low a2k m16-8 made of steel galvanized white,8545733832-00,7256209367-00,6039966677-00
what is the low a2k m16-8 self locking nut in white gavanized steel,8545733832-00,7181962772-00,3584946221-00
info on self locking nut m16-8 low galvanized a2k white steel material,8545733832-00,6093063669-00,6667303359-00
search for self-lockg nut m16x1.5-8 white galvanzed low a2k steel,1789617221-00,8545733832-00,9679603972-00
"info on low self locking nut m16x1,5-8 type a2k steel galvanized",1789617221-00,4292268847-00,8592912576-00
"specific self-locking low m16x1.5 nut steel, white galvanzed a2k info",1789617221-00,4292268847-00,4486541696-00
self locking nut low a2k size m20-8 made from galvanized steel and white color plz,7181962772-00,7309665997-00,4385962679-00
i need info on self-locking nuts low m20-8 and steel white a2k,7181962772-00,6149920023-00,9621326677-00
search for low self lock nut m20-8 white galv steel specifically a2k,7181962772-00,8545733832-00,1395728832-00
search for self-locking nut low white galvanzied steel m20x1.5-8 plz,6093063669-00,4292268847-00,8592912576-00
info on low a2k self locking nut m20 x 1.5 8 whit steel,6093063669-00,7015268682-00,9183626126-00
"give me self lockin nut low a2k m20 1,5 8 galvanized please",6093063669-00,6149920023-00,4131998906-00
self locking nut low M20x1.5-8 white galvanized steel whatever,6835565995-00,6323122600-00,4940282571-00
m20 x 1.5 8 selflocking nut low a2k all info,6835565995-00,7181962772-00,4486541696-00
low self locking nut a2k M20 by 1.5 -8 steel search for this,6835565995-00,5199644221-00,3420626497-00
search for self locking nut low m24-8 white galvanized  steel a2k,7015268682-00,6093063669-00,5212948757-00
give me a2k self locking nut low m24-8 i need white steel,7015268682-00,5264300594-00,9621326677-00
info on low self locking nut m24 8 white galvanized a2k,7015268682-00,5199644221-00,8592912576-00
search self locking nut low m24 x2-8 galvanized steel white a2k,3963962452-00,1388223722-00,2897779206-00
wanna find low profile self locking nut a2k m24x2-8 white color steel,3963962452-00,6093063669-00,5915174609-00
info on m24 by 2-8 self locking nut low white galvanized a2k type,3963962452-00,1835191561-00,7960050789-00
looking for self-locking nut low a2k white  m3-6 steel galvanized,3600032315-00,7309665997-00,3132322870-00
info about galvanized steel self locking nut low m3-6 a2k,3600032315-00,5352356648-00,7124833478-00
"need self locking nut low m3-6, white galvanized steel, find me a2k",3600032315-00,7680811732-00,4940282571-00
search for self locking nut low a2k galvanized steel m30 8 white,5336459512-00,3600032315-00,7775082541-00
where can I find low self-locking a2k steel nut m30-8 in white,5336459512-00,1835191561-00,9723645203-00
give me info on nut m30-8 low self locking white galvanized a2k,5336459512-00,7309665997-00,3584946221-00
self locking nut m30 x 2-8 white galv low a2k type,6323122600-00,7309665997-00,8831445184-00
looking for nut low m30size galvanized white steel self locking 2-8,6323122600-00,3040759579-00,3828365589-00
search self locking a2k nut low steel m30x2-8 in white galvanize,6323122600-00,7015268682-00,8080092186-00
search for self-lockin nut low m3 0.5-8 white galv steel a2k type,3040759579-00,7181962772-00,9102211860-00
"can you find selflockin nut low a2k steel m3 x0,5 8",3040759579-00,5352356648-00,3584946221-00
info on low self locking nut m3x0.5 8 galvanized white steel,3040759579-00,1444121761-00,9189483726-00
searching for low self locking nut s/s a2k in size m4 to 6,7680811732-00,7181962772-00,9183626126-00
info on self locking nut white galvanized for m4 6 low,7680811732-00,1461569135-00,9788886065-00
give me: a2k self locking nut low in m4 m6 size steel,7680811732-00,1461569135-00,2538868426-00
self locking nut low m4-6 white galvanzied steel,1461569135-00,6954739972-00,1536796713-00
info about self locking nut low a2k m4-6 what is it,1461569135-00,3040759579-00,8845118499-00
give me self lockin nut low steel m4-6 with white finish,1461569135-00,8545733832-00,4131998906-00
search for self locking big nut low A2K m4 x 0.5 8 white galvanized steel,5509613879-00,6954739972-00,8580568059-00
info self-lockin nut low M4-0.5 size 8 galvanized steel,5509613879-00,1835191561-00,2796016373-00
give me low M4 x 0.5-8 self locking nut A2k galvanised in white,5509613879-00,7680811732-00,7351292732-00
self locking nut low m5-6 nice steel white galvanized stuff,6149920023-00,6099664890-00,3008254339-00
search nuts a2k m5-6 self locking like low maybe,6149920023-00,7680811732-00,9419602658-00
info white galvanized self-lockin nut low m5 6 steel,6149920023-00,6291754020-00,4131998906-00
find self locking nut low a2k m5 x 0.5 -8 white steel galvanized,5264300594-00,1789617221-00,8067527976-00
m5x0.5-8 nut self locking low a2k give me info,5264300594-00,4292268847-00,9102211860-00
searching for low self locking nut in galvanized steel m5 0.5 by 8,5264300594-00,1835191561-00,5055926893-00
search for self locking nut low in white galvanized steel sizes m6-8,6291754020-00,7309665997-00,3650234567-00
info low a2k self-lock nut m6-8 galvanized steel,6291754020-00,2091151423-00,4026925895-00
looking for self locking nut kinda low a2k m6 8 white color,6291754020-00,2091151423-00,1652967927-00
search for self locking nut low a2k in size m6x0.75-8 white and galvanized steel,3397376704-00,6473846417-00,2049616791-00
i want self lock nut low m6x0.75-8 galvanized a2k steel,3397376704-00,3040759579-00,1440891966-00
give me info on self-locking nuts low in galvanized steel m6x0.75 8 or a2k,3397376704-00,5509613879-00,6667303359-00
search self locking nut low white a2k steel m8-8 with galvanized,1444121761-00,6291754020-00,8067527976-00
info for low m8-8 self locking nut steel white a2k galvanized,1444121761-00,8891875446-00,3584946221-00
give me self locking galvanized steel nut m8-8 low type a2k please,1444121761-00,5191521234-00,8631876834-00
give me info on self locking nut low m8x1-8 and white galvanised steel,8891875446-00,1451158850-00,4734959973-00
searching for a2k nut self locking low m8x1-8 in steel,8891875446-00,8545733832-00,9681950978-00
looking for m8x1-8 low self lock nut made of galvanized white steel,8891875446-00,7181962772-00,4131998906-00
self lockin nut m14 size i need for a project,5161232131-00,8222802007-00,3474627261-00
m14 self locking nuts search for availability,5161232131-00,3984544458-00,5126431065-00
i want to find self-lockin nut m14 types and options,5161232131-00,9315899660-00,3474627261-00
self locking nut m16 size searching for the clamping type,3984544458-00,3409786374-00,8498516301-00
m16 nut self lockin specs I need info on that,3984544458-00,8545733832-00,3474627261-00
need self lockin m16 nut plz help finding it,3984544458-00,8903415072-00,3828365589-00
search self locking nut m16 1.5 size with type self lock,2789360096-00,6093063669-00,8067527976-00
give me m16x1.5 nut self lockin details plz,2789360096-00,8542570623-00,1440891966-00
info on self lockingnut M16x 1.5 nice one,2789360096-00,6986135211-00,8135097001-00
search for self locking nut model fermolok df008 type plz,6402703757-00,3409786374-00,6341704425-00
"info on nut being self lockined fermolok df008, need more details!",6402703757-00,5161232131-00,5621711058-00
"looking for df008 self locking nuts called fermolok, any good info?",6402703757-00,8091613231-00,9064006634-00
searching for low a2 hexagonal nut stainless steel m16 70,1078275837-00,8222802007-00,9084731867-00
info on hexagonal nut m16 70 low a2 material stainless,1078275837-00,1978099364-00,1440891966-00
looking for hexagonal nuts low a2 m 16 70 steel of stainless,1078275837-00,2269643128-00,8501645232-00
search for hexagon nut low A2k m10-4 galvanized steel white,9330533540-00,6272289280-00,4486541696-00
give me low hexagonal nut m10 four in steel galvanized white,9330533540-00,5264928016-00,9344205959-00
info on hex nut low m10-4 A2k white steel galvanization,9330533540-00,2812062302-00,8783888577-00
hexagon nut low a2k 10x1-4 galvanized steel whte needs pls,6889923705-00,8434447630-00,8222802007-00
searching for low hexagonal nut m10x1-4 a2k white steel,6889923705-00,5765399431-00,5725210060-00
info low hexagonal nut m10x1 4 a2k in galvanized whte steel,6889923705-00,9455269245-00,8542570623-00
search for a2k m10x1.25-4 hexagon nut low galvanized steel white,7013411208-00,3074267649-00,7351292732-00
find hexagonal nut low m10 size 1.25-4 steel a2k in white color,7013411208-00,9455269245-00,1570116266-00
give me info on hex nut low m10x1.25-4 white galvanized a2k,7013411208-00,3074267649-00,1319770837-00
search for hex nut low a2k m12-4 in whit galvanised steel pls,7071292323-00,6272289280-00,2702873845-00
info on low hexagonal nut m12 size 4 in a2k white steel,7071292323-00,4224982894-00,5046793048-00
give me hexagonal nut low m12-4 galvanized steel white thingy,7071292323-00,6758530756-00,5352356648-00
search low hex nut a2k m12 x 1.5 4 galvanized white steel,8434447630-00,7309665997-00,9788886065-00
hexagonal nut steel white low m12 1.5-4 a2k,8434447630-00,5621711058-00,7775082541-00
info m12 low hex nut a2k 1.5-4 galvanized steel white,8434447630-00,7309665997-00,5477398477-00
search hexagon nut low a2k m12 x 1.25-4 white galvanized steel,3074267649-00,7309665997-00,8343697990-00
looking for low hexagonal steel nut m12x1.25-4 galvanized type a2k,3074267649-00,4788689431-00,4757180611-00
info about low hexagonal nut steel white m12 x 1.25-4 a2k,3074267649-00,7013411208-00,2091151423-00
search for low hexagon nut m14-4 in steel white galvanized,9455269245-00,5264928016-00,5915174609-00
give me info on m14-4 low a2k hexagonal nut galvanized,9455269245-00,1835191561-00,8575337361-00
find low hexagonal nut in a2k steel m14-4 with white color,9455269245-00,7371808107-00,2226715329-00
search hexagon nut low a2k galvanized white steel size m14-4 please,5765399431-00,4788689431-00,4486541696-00
info low hex nut m14-4 steel galvanized hexagonal white,5765399431-00,9455269245-00,9639799876-00
give me hexagonal low nut m14-4 a2k galvanized steel info,5765399431-00,9315899660-00,8524394518-00
search hexagonal nut low a2k m14x1.5-4 white galvanized steel,6272289280-00,2080562227-00,6954739972-00
looking for low hexagonal nut galvanized steel m14 1.5-4,6272289280-00,9455269245-00,6835570853-00
"give me info on low profile hex nut, A2K m14x1.5-4, white and steel",6272289280-00,6889923705-00,5675130171-00
search hexagonal M16 nut low a2k in white galv steel sx-4 please,7986386415-00,8903415072-00,5212948757-00
give me info on galvanized low a2k white hexagon nut M16 sx4,7986386415-00,1078275837-00,3682914116-00
I want: hexagon nut sx4 low m16 a2k white steel galv,7986386415-00,6704039474-00,8814802312-00
search for hex nut low m16-4 steel galvanized white a2k kinda,8903415072-00,6272289280-00,3409786374-00
i need m16-4 low hexagonal nut in white galvanized steel a2k please,8903415072-00,2080562227-00,1096506778-00
info about low a2k hex nut m16 4 white galvanized type steel,8903415072-00,6272289280-00,6085123772-00
"hex nut low m16x1,5-4 white galvanized steel whats the info?",3478926866-00,4224982894-00,3132322870-00
search for low a2k hexagonal nut m16x1.5-4 and white steel,3478926866-00,6272289280-00,1953835512-00
need hexagonal nut low m16 x 1.5-4 in galvanized steel can u help?,3478926866-00,9117551575-00,6733410119-00
search for hexagonal nutt low a2k m18x1 5-4 in galvanized steel,5264928016-00,5760759939-00,2057138330-00
"give me hexagon nut low m18x1,,5-4 white steel options",5264928016-00,5765399431-00,9883456014-00
"looking for low hex nuts m18x1,5-4 a2k galvanized steel",5264928016-00,5621711058-00,9315899660-00
search for hexagon nut low A2K galvanized steel m20-4 white,8720113730-00,7371808107-00,1698692338-00
info on low hexagonal nut m20-4 A2K in white galvanized steel,8720113730-00,2233951822-00,8580568059-00
give me hexagonal nut m20-4 low type A2K steel galvanized wht,8720113730-00,5264928016-00,5612443179-00
"search for hexagonal nut low a2k white steel galvanized m20x1,5-4 to match my needs",5760759939-00,6341704425-00,4167410991-00
"info about nut low hexagonal m20x1.5-4, galvanized steel, looking specifically for a2k type",5760759939-00,8720113730-00,4242885761-00
give me a low hexagonal nut size M20 x1.5-4 made of white steel galvanized and a2k specs,5760759939-00,2812062302-00,3684987268-00
search for low hex nut galvanized white steel m20 x 1.5 -4 plz,6758530756-00,7071292323-00,1255737259-00
give me low a2k hexagon nut for m20 1.5 m20x1.5-4,6758530756-00,2233951822-00,9102211860-00
find hex nut low a2k m20 x 1.5 -4 in steel galvanized info,6758530756-00,6272289280-00,9315899660-00
"looking for info on hex nut low m22x1.5-4, galvanized steel white a2k",9834454697-00,5765399431-00,7412425536-00
search for m22x1.5-4 low hex nut a2k in white steel galvanized,9834454697-00,7071292323-00,7604168415-00
"give me hexagonal nut low a2k m22x1,5 size 4 in white steel galvanized",9834454697-00,6272289280-00,5055926893-00
give me a2k m24-4 hexagon nut low steel galvanized white,4224982894-00,1388223722-00,7775082541-00
search low hexagonal nut m24-4 steel a2k white coated,4224982894-00,6154628649-00,3584946221-00
find hex nut low white galvanize steel m24 4 a2k,4224982894-00,9455269245-00,9125241032-00
search: hex nut low a2k white galvanized m24 x 2 4 steel,7371808107-00,3828365589-00,6954739972-00
info: nut hexagone low a2k m24x2 4 white and in galvanized steel,7371808107-00,5264928016-00,3682914116-00
give me: hex nut low galvanized steel m24 2 4 a2k,7371808107-00,9834454697-00,1096506778-00
search for low hexagonal nut galvanized a2k m30x2-4 steel type,2812062302-00,9455269245-00,2884271768-00
I want hex nut low m30x2-4 white steel galvanized,2812062302-00,2080562227-00,9236434512-00
give me info hexagonal nut m30x2-4 low a2k in steel,2812062302-00,6323122600-00,8783888577-00
search hex nut low a2k m5-4 white galvanized steel pls,4788689431-00,8903415072-00,1319770837-00
give me info on low hexagon nut m5-4 steel galvanized a2k,4788689431-00,6149920023-00,7124833478-00
looking for A2k low galvanized steel hex nut m5-4,4788689431-00,8720113730-00,9367332368-00
search for low hexagonal nut m6-4 white galvanized steel a2k,2080562227-00,5621711058-00,5352356648-00
giv me low type hexagonal nuts m6-4 in white galvanzied steel,2080562227-00,6272289280-00,2078359379-00
lookin for hex nut low a2k size m6-4 galvanized white steel,2080562227-00,6758530756-00,7974005612-00
hexagonal nut m8-4 low galvanized a2k white steel types,5621711058-00,2080562227-00,8786168191-00
low a2k hex nut m8-4 with white galvanized coating info,5621711058-00,3478926866-00,6099664890-00
I want hex nut m8 4 low white steel maybe galvanized a2k,5621711058-00,8903415072-00,1395728832-00
searching for hex nut low grado 5 nero size 1/2x13-4,2897779206-00,6889923705-00,8570551709-00
can u find gr5 hexagonal nuts black 1/2 inch 13 thread 4,2897779206-00,6357802946-00,8150398753-00
info on low grade 5 hex nut 1/2x13 nero color 4,2897779206-00,6889923705-00,2873901855-00
search hexagonal nut low gr5 1/4-4 nero,7295438312-00,6272289280-00,3981189670-00
can I get umm low grade 5 nero hexagon nut 1/4 inch 4,7295438312-00,6889923705-00,3828365589-00
info on low gr5 hex nut 1/4-4 that is nero color,7295438312-00,6758530756-00,5047489690-00
find hexagon nut low grade 5 nero 1/8 4 specifc,3112439740-00,8434447630-00,4734959973-00
search for nut hexagonal low gr5 nero 1/8th to 4,3112439740-00,6272289280-00,1253568846-00
info on low gr5 hexaganal nut with nero finish 1/8-4,3112439740-00,6758530756-00,5827832202-00
search hexagonal nut m10-70 medium stainless steel,3280639713-00,3903406802-00,5116420748-00
give me a2 hexagonal nuts 10 mm size m70 medium,3280639713-00,2126668815-00,9515153013-00
info on hexagonal nut stainless steel m10_70 type medium,3280639713-00,2928794343-00,3065840761-00
search for hexagon nut m12 70 stainless steel medium a2 type,8230451596-00,3804855403-00,9901076633-00
give me info on medium a2 hexagonal nut size m12-70,8230451596-00,1841743209-00,3334359792-00
can i find hex nut m12 70 in ss & medium a2 material,8230451596-00,3280639713-00,1841898958-00
search for stainless steel medium hexagonal nut m14 70 a2,8222802007-00,2928794343-00,6757365315-00
info about m14 70 hex nut medium stainless steel,8222802007-00,2126668815-00,6757365315-00
give me hex nut stainless steel a2 m14 size 70 medium,8222802007-00,1871950127-00,3748907827-00
search hexagonal nut m16 70 medium a2 stainless steel plz,2126668815-00,3280639713-00,6851681215-00
give me a2 medium hexagonal nut size m16-70 in stainless steel,2126668815-00,8222802007-00,4439471575-00
info on medium stainless steel nut hexagon m16 70 type a2,2126668815-00,3280639713-00,9083509236-00
search for hex nut medium m24-70 made of steel a2,2928794343-00,3804855403-00,9901076633-00
looking for m24-70 hexagonal nut stainless steel medium,2928794343-00,2126668815-00,3119784394-00
info about medium hex nut a2 m24 70 stainless steel,2928794343-00,8230451596-00,2700123943-00
search for nut hexagonal a2 m3-70 medium ss steel,3903406802-00,1871950127-00,9084731867-00
looking for m3-70 med hex nut stainless a2,3903406802-00,7778606307-00,9084731867-00
info on medium hex nut stainless steel a2 m3-70 please,3903406802-00,8222802007-00,5116420748-00
search for stainless steel hex nut medium m4 70 size or also a2,1978099364-00,2126668815-00,7691548010-00
info about hex nut medium m4 with material a2 70 markings plz,1978099364-00,8230451596-00,4439471575-00
give me hexagonal nut in stainless steel m4-70 medium maybe with a2 type,1978099364-00,3804855403-00,7176640084-00
info about m5 70 medium hex noggin in stainless steel or a2 nut,1871950127-00,2928794343-00,9083509236-00
search hex nut medium a2 stainless steel m5-70 type,1871950127-00,3280639713-00,6643459127-00
give me hexagonal nut medium in a2 or stainless steel m5-70 pls,1871950127-00,1978099364-00,7748564458-00
search for medium hex nuts a2 m6 70 stinless steel,2269643128-00,1871950127-00,2218027097-00
hexagonal nut m6 70 medium a2 steel please,2269643128-00,3804855403-00,8183063386-00
info about m6-70 hex nut medium in stainles steel,2269643128-00,4407921557-00,8891875446-00
search for hex nut medium m8-70 stainless steell,3804855403-00,8222802007-00,6029968985-00
give me hexagonal medium nut a2 m8-70 in stainless,3804855403-00,2126668815-00,7064132121-00
info hex nut m8-70 medium stainless steel please,3804855403-00,3280639713-00,7440613697-00
searching for medium hex nut m10 -6 galvanized a2k steel white,9183626126-00,3438146950-00,6473846417-00
i want a2k m10 hexagonal nut medium galvanized steel -6,9183626126-00,2931864581-00,1096506778-00
info hex nut white steel medium type m10-6 a2k please,9183626126-00,6039966677-00,1461569135-00
searching for hex nut medium a2k size m12 6 or galvanized steel info,1841743209-00,2931864581-00,8588190828-00
where can I find m12-6 hexagonal nut medium white galv steel,1841743209-00,5675130171-00,9679603972-00
give me hexagon nut medium a2k m12 six steel type galvanized pls,1841743209-00,8067527976-00,5336459512-00
search for hex nut m14-6 in medium a2k galvanized steel,9883456014-00,9455269245-00,1096506778-00
info on medium hexagonal nut m14 size 6 white steel galvanized,9883456014-00,3810692731-00,4783474646-00
give me: hex nut type m14-6 medium a2k steel galvanized,9883456014-00,7960050789-00,5047489690-00
search for medium hex nut a2k white galvanized stee m16-10,1255737259-00,2126668815-00,7680811732-00
looking for hex nut m16-10 steel galvanized medium type a2k,1255737259-00,8067527976-00,1835191561-00
info about a2k medium hexagonal nut 10 m16 galvanized white steel,1255737259-00,8749893339-00,9276516840-00
lookin for hexagonal nut m16-6 medium a2k galvanized white steel or whatever,9117551575-00,6341704425-00,3963962452-00
search for medium hex nut m16-6 type a2k and also the galvanized steel stuff,9117551575-00,6039966677-00,3682914116-00
need info on galvanized hex nut m16 6 medium steel white a2k or similar,9117551575-00,1255737259-00,5509613879-00
"lookin for medium hexagon nut a2k m2,5-6 in galvanized steel whitest possible",6390964574-00,7960050789-00,6400451842-00
search for a2k medium hexagonal nuts m2.5 to 6 in steel white galvanized,6390964574-00,9117551575-00,3144303627-00
"i need info on hex nut medium m2,5-6 made from galvanized white steel a2k",6390964574-00,5675130171-00,8891875446-00
search for hex nut medium a2k m20 six white galv. steel,7960050789-00,8720113730-00,6704039474-00
info on m20-6 hexagonal nut steel galvanized medium,7960050789-00,6039966677-00,7775082541-00
plz help me finding med hex nut galvanized steel m20 six a2k,7960050789-00,8720113730-00,5312760431-00
search for hexagon nut medium galv steel m20x1.5 sx-4,4486541696-00,7986386415-00,8499456817-00
info on medium a2k hex nut m20 1.5 sx4 white galvanised,4486541696-00,8498516301-00,2300869594-00
give me hexagonal nut steel m20x1.5 medium sx 4 galvanized,4486541696-00,7986386415-00,7680811732-00
"give me info a2k medium hexagonal nut by size m20x1,5-6 galvanized and steel white",6341704425-00,1841743209-00,8499456817-00
"search for medium hex nut m20x1.5-6 in a2k galvanized steel, the color is white",6341704425-00,3828365589-00,3600032315-00
I want specific hexagon nut m20x1.5-6 in medium a2k steel white galvanized,6341704425-00,4486541696-00,6473846417-00
search: medium hexagonal nut m22-6 white galvanized steel a2k,8749893339-00,9183626126-00,5352356648-00
give me info hex nut m22-6 in medium size made from galvanized steel,8749893339-00,3828365589-00,7680811732-00
find: hexagonal nut size medium a2k m22-6 made of steel white,8749893339-00,3438146950-00,3684987268-00
search for hexagon nut medium a2k made of white galvanized steel m24-6,3828365589-00,6039966677-00,3409786374-00
i need info about medium hexagonal nuts m24-6 a2k white galvanized metal,3828365589-00,4940282571-00,9276516840-00
give me the hexagon nut size m24-6 medium steel white galvanized please,3828365589-00,4224982894-00,6954739972-00
search for medium hexagon nut m24 x1.5-6 galvanized steel info pls,2931864581-00,4940282571-00,1444121761-00
I need hexagon nut m24x1.5 size 6 a2k steel or what ever like white,2931864581-00,8631876834-00,7256209367-00
give me: medium hex nut m24 1.5-6 white coated steel please,2931864581-00,8749893339-00,1461569135-00
"search: m24x2-6 hexagon nut medium, galvanized steel A2K, white color",5675130171-00,4167410991-00,5264928016-00
give me hexagonal medium nut m24x2-6 made of steel and with galvanized white,5675130171-00,6341704425-00,1515535636-00
"info: medium hex nut m24 size 2-6, A2k, steel, white galvanized",5675130171-00,3828365589-00,8390094954-00
searching for hex nut medium m30x2-6 galvanized steel 2k white,6039966677-00,6323122600-00,1461569135-00
find hexagonal nut steel m30x2-6 medium with galvanization,6039966677-00,9788886065-00,9236434512-00
plz give me hex nut medium A2K m30x2-6 in white steel info,6039966677-00,9117551575-00,3600032315-00
find hexagon nut medium m36-6 galvanized steel white a2k,3810692731-00,3828365589-00,5264928016-00
search for medium hex nuts m36-6 a2k steel white galvanized,3810692731-00,8174049868-00,6291347005-00
info hexagonal nu m36 size 6 medium white steel a2k galvanized,3810692731-00,8749893339-00,1684555397-00
search hex nut medium size m39-6 galvaniz steel a2k,3438146950-00,5675130171-00,7013411208-00
give me hexagonal nut medium type a2k white m39 6,3438146950-00,6390964574-00,5509206431-00
info m39-6 nut galvanized steel medium hexagonal a2k,3438146950-00,8749893339-00,6323122600-00
search for nut hexagon med a2k m4-6 galvanized steel white,8067527976-00,6954739972-00,1255737259-00
give me info on m4-6 hexagonal nut white galv steel medium,8067527976-00,6390964574-00,8204718697-00
lookin for medium galv a2k m4-6 hexagon nut in steel,8067527976-00,8498516301-00,3600032315-00
"search for hex nut size m42x3-6, that is medium and also made of galvanize steel",8498516301-00,9117551575-00,1515535636-00
plz gimme medium hexagonal nut a2k silver color m42x3-6,8498516301-00,4407921557-00,5827832202-00
"looking for m42x3-6 hex nut, medium, in white galvanized steel, like what I need for project",8498516301-00,6390964574-00,6291754020-00
looking for hex nut medium a2k or white galvanized steel M5-6,4940282571-00,6341704425-00,2756193419-00
search hexagonal nut size m5-6 will be medium a2k or white galvanized,4940282571-00,8749893339-00,2952661606-00
find me hex nut m5-6 medium material white galvanized steel a2k,4940282571-00,8224343365-00,8588190828-00
search for hexagonal nut white galvanized steel mediumm a2k size m6-6 pls,4407921557-00,8434447630-00,6139131350-00
info about hex nut m6-6 medium steel galvanized a2K in white,4407921557-00,3810692731-00,5477398477-00
give me hexagonal nuts m6-6 from galvanized white steel medium a2k,4407921557-00,8067527976-00,9503448128-00
search for hex nut m8-4 medium steel white galvized a2k,9788886065-00,3804855403-00,6750118579-00
I want to find medium hexagon nut made of white galvanize steel m8-4 type,9788886065-00,9137602664-00,6323122600-00
give me hexagonal nuts of size m8-4 white galv zinc steel medium a2k,9788886065-00,1841743209-00,3144303627-00
search for hex nut a2k steel galvanized m8 6 medium,9137602664-00,4407921557-00,1536796713-00
looking for medium hexagonal nut size m8-6 in white,9137602664-00,3438146950-00,5212948757-00
info about m8-6 medium hexagonal nut white galvanized a2k,9137602664-00,9883456014-00,5725210060-00
search for medium hexagonal nut brass cw508l M5 size or somthing like that,8224343365-00,1558823437-00,9941288707-00
want info about hexagonal nut med copper m5 or brass cw508l,8224343365-00,4940282571-00,3474627261-00
give me hexagonal nut m5 medium cw508l and brass stuff plz,8224343365-00,7142238274-00,1684555397-00
please find me hex nut medium cw508l m6 brs,7142238274-00,4358015637-00,5011131774-00
hexagonal nut size m6 med brass c/w 508l info,7142238274-00,2080562227-00,4823204896-00
searching for hexagonal nut medium brass m 6 cw 508l,7142238274-00,7960050789-00,9575584857-00
looking for a hexagon nut brass m8 cw508l medium type,4358015637-00,7734476041-00,2702873845-00
please show me medium hexagonal nuts hex  m8 in brass cw508l  pls,4358015637-00,7142238274-00,9455269245-00
find hexagonal m8 nut medium brass med  cw508l for my project,4358015637-00,8224343365-00,3292671355-00
looking for hexagon nut m8 x 24 size maybe a2k white galvanized,9639799876-00,9723645203-00,8027067171-00
i need hexagonal connection nut m8x24 ten in a2k or similar,9639799876-00,6704039474-00,5212948757-00
search for m8x24-10 connection hex nut made of galvanized steel or a2k,9639799876-00,8631876834-00,6484615821-00
search for nut m10 that replces 1444121761-00,1570116266-00,3280639713-00,7124833478-00
info about m10 nut used instead of 1444121761-00,1570116266-00,3280639713-00,6341704425-00
looking for replacement nut with code 1444121761-00 m10 size,1570116266-00,9330533540-00,3420626497-00
info m10 nut replacement for 5199644221-00 pls,4397882555-00,9575584857-00,7351292732-00
search for nut size m10 to replace 5199644221-00 or similar,4397882555-00,3166246449-00,9788886065-00
i need m10 nut that replace code 5199644221-00 like that,4397882555-00,1612358200-00,8903415072-00
search for nut m12 replacements like 5047489690-00 pls,5046793048-00,9621326677-00,2233951822-00
find m12 nut part number 5047489690-00 or simillar ones,5046793048-00,1612358200-00,8786168191-00
info on nut size m12 instead of 5047489690-00 where is it,5046793048-00,1612358200-00,7960050789-00
search nut m12 replacement part 7309665997-00,1612358200-00,9621326677-00,3478926866-00
info about m12 nut also 7309665997-00,1612358200-00,7071292323-00,5675130171-00
give me m12 nut that replaced 7309665997 00,1612358200-00,4397882555-00,9137602664-00
search Nut m5 which replaced the code 6099664890-00 please,9575584857-00,1612358200-00,4734959973-00
looking for m5 nut that is substitute for 6099664890-00,9575584857-00,8224343365-00,2952661606-00
find info on nut size m5 that is the replacement of 6099664890-00,9575584857-00,4788689431-00,8575337361-00
nut m6 replacement for 3065840761-00 something like that,8099001430-00,2080562227-00,8230451596-00
need a nut m6 which replaces 3065840761-00 plz,8099001430-00,1570116266-00,5264928016-00
looking for nut m6 that substitue the 3065840761-00 code,8099001430-00,2080562227-00,3804855403-00
search for white galvanised steel nuts t-slots m20x22-8 like a2k,8174049868-00,5203964419-00,4798702967-00
specific t-slot nuts m20x22-8 in white steel galvanized what is it,8174049868-00,5316813243-00,6758530756-00
give me info about nuts t-slots m20x22-8 a2k made of galvanised white steel,8174049868-00,5316813243-00,7013411208-00
nuts t-slots a2k m6x8-8 galvanized steel white,1664484787-00,7412425536-00,4788689431-00
info about nuts for t-slots m6x8-8 in a2k and steel,1664484787-00,8174049868-00,7510141127-00
give me white steel t-slot nuts m6x8-8 a2k please,1664484787-00,5316813243-00,6721180302-00
lookin for nuts m6x8-8 t-slots steel white galvanized a2k,6780711462-00,3090593496-00,6291347005-00
search t-slots nuts m6 x8 8 a2k from white steel galvanized,6780711462-00,4407921557-00,9117551575-00
info nuts for t-slots m6x8-8 in white galv steel a2k please,6780711462-00,1664484787-00,5760759939-00
search nuts t-slots m8x10-8 galvanized steel white a2k,5316813243-00,9048598660-00,9330533540-00
give me t-slot nuts white steel m8x10-8 a2k 10 nuts,5316813243-00,5440054076-00,7419951092-00
looking for a2k nuts for m8 x 10 t-slots in galvanized white steel,5316813243-00,5621711058-00,9715830174-00
search for quick m5 nut nul 521 dash 3 i want to find it,2425021393-00,6099664890-00,3963962452-00
find nul521-3 nut to screw using m5 types,2425021393-00,6738728316-00,3903406802-00
info about screws m5 quick nul 521-3 nut please,2425021393-00,1871950127-00,3963962452-00
search drive nut 4 spindle thing,7280084778-00,3474627261-00,2873901855-00
info on spindle screw nut drve,7280084778-00,7142238274-00,5725210060-00
give me: drv nut spindel part,7280084778-00,8631876834-00,9645658988-00
search m10 x1.25 x22 elastik lok disk please,7940812971-00,4732482395-00,7988037521-00
info disc lockin elastic 22mm x 1.25 pitch M10 not sure,7940812971-00,2210052713-00,5126431065-00
i want: elastic lock washer disc M10x1.25x22 dimention,7940812971-00,1809871854-00,9535092488-00
search elastic lockin disk m12 1.5 by 28mm infomation,8262572173-00,1237825463-00,2415609792-00
"i want: m12x1,50 elstic lock disc 28mm parts",8262572173-00,6363406377-00,1052315420-00
"give me: lock disk elastic M12*1.50*28 specification, pls",8262572173-00,2447466166-00,2036427045-00
search elastic loking disk m16 screw stuff,1237825463-00,5411138778-00,2973017365-00
I want: m16 elstic lock disc info please,1237825463-00,1570747722-00,4346290599-00
give me: disk elastic lockng size M16 parts,1237825463-00,1809871854-00,2036427045-00
search elastic loking disk m8x1x18 info plese,9235182267-00,1294937780-00,6345654229-00
I want: elstic lock disc size M8 1 18 metal ring,9235182267-00,8262572173-00,9306365722-00
"give me specific m8x1x18 elasic disk lockng, is there?",9235182267-00,5903303792-00,6711268221-00
"search red slng for lifting 0.5 meters long swl 5 ton, need info",2010206071-00,1679897402-00,9927928159-00
"I want: red hoist slling lifting 5t swll 0,5mtre",2010206071-00,8610260368-00,5063594698-00
give me red liftng strap swl five tons lenngth 0.5m,2010206071-00,7398474472-00,6711268221-00
search for snap fastners westaro im need,5057879465-00,6192682953-00,5652404820-00
"info snap closure westaro, missing in stock?",5057879465-00,9732007045-00,5652404820-00
"I want: snp fastning WESTAR, details pls",5057879465-00,1442542605-00,6951776968-00
search groov nut tb20/1 M20x1 a2k in white galv steell,4734959973-00,6835565995-00,3682914116-00
"info abot white galvanized TB20/1 groved nut m20x1, steel nut a2k type",4734959973-00,6758530756-00,2205046870-00
"I want: galvanized groovd nut m20x1 tb20/1 a2k steel, white finish",4734959973-00,5760759939-00,8580568059-00
info groovednut white galvaniz steel guk gn0 m10/0.75 size,3414353862-00,8499456817-00,9057304858-00
search for gn0 groov nut a2k metriic 10x0.75 whit galvanized stel,3414353862-00,3555796952-00,2873901855-00
"I want: galvanized m10x0,75 guk gnO grooved nuts steel white",3414353862-00,3584946221-00,6412652996-00
search groved nut guK gn 1 a2k m12x1 white zink steeel,5827832202-00,1515535636-00,8091613231-00
"info on gn1 guk groovd nut, m12x1, a2k, white galvano steell",5827832202-00,8434447630-00,7181962772-00
i want a m12 x 1 grovved nut guk/gn1 whit galvanisedd stel a2k please,5827832202-00,6009433368-00,6323122600-00
search guk gn10 groove nut M50x1.5 steel zinc white,8814802312-00,9189483726-00,8230451596-00
"info: grovd nuts a2k m50x1,5 galvanized guk gn10 white",8814802312-00,8174049868-00,8318286175-00
"give me: GN10 GUK nut groov type M50 x1,5 white galvnizd steel",8814802312-00,4513423567-00,2269643128-00
looking for grooved nut guk gn11 a2k m55 x2 steel but with white galvnize info please,4513423567-00,8027067171-00,1388223722-00
"search grooved nut gn11 guk m55 by 2 white galvanizd, a2k maybe?",4513423567-00,9189483726-00,1388223722-00
"i want: groved nuts guk gn11 m55x2 in steal a2k, something galvanised (whtie kind)",4513423567-00,8575337361-00,9714124213-00
"search guk gn12 m60x2 grooved nut galvanized white steel 2mm, what info",1953835512-00,9236434512-00,9883456014-00
"give me: a2k m60x2 steel groove nuts gn12, galvanized wite matarial",1953835512-00,1664484787-00,8298096627-00
"spesific gn12 guk groove nut, steel m60x2, white galvinised, size m60x2",1953835512-00,8027067171-00,9330533540-00
"search for guk gn14 groovd nut white galvanis steel m70x2 size, a2k added maybe",1515535636-00,4385962679-00,3055475159-00
"info plz on M70 x 2 groved nut, gn14 guk a2k version, steel with white galvanised, want that",1515535636-00,4513423567-00,1444121761-00
"I want: guk gn14 groved nut a2k or galvanized steel, maybe m70x2 thread, white coat or similiar",1515535636-00,6009433368-00,5930875688-00
info about guk gn17 groved nut m75x2 whit galvanize stel,9189483726-00,4114944577-00,6099664890-00
search gn-17 groove nuts A2k M75x2 steel whitegalvanized,9189483726-00,8174049868-00,4691335210-00
I want: groovd nut GUK M75X2 gn17 whte galv stell,9189483726-00,6009433368-00,1612358200-00
search info grooved nut m90x2 gn18 guk galvanized white steel,2115313531-00,4795852814-00,3896168300-00
I want: a2k gn18 groovednut m90x2 white galvaniZed steel nut,2115313531-00,9621326677-00,3065840761-00
give me groved guk nut m90x2 gn18 a2K white galvznzd steel,2115313531-00,4513423567-00,8588190828-00
info guk groove nut gn19 m95x2 steel white galvanzd,8027067171-00,5827832202-00,9330533540-00
"search m95 x2 guk gn19 nut, a2k, steel grooved whit galvanised",8027067171-00,5827832202-00,6986135211-00
specific gn19 groove a2k groovednut m95x2 galvanised white stl,8027067171-00,4200127880-00,9189484113-00
search gn2 groove nut M15x1 a2k white zinc steel?,6009433368-00,8631876834-00,9236434512-00
info about groved nut guk gn-2 m15 x1 steell galvnized,6009433368-00,8580568059-00,1570116266-00
I want: m15x1 groovd nut GUk gn 2 white galv. steel,6009433368-00,1469574084-00,5477398477-00
"info about guk gn20 groov nut, M100x2, white galnized metel steel pls",8580568059-00,8027067171-00,6986135211-00
search for gn20 guk A2k nut with grooves m100 x2 galv. white stell,8580568059-00,9236434512-00,2080562227-00
giv me groved nuts guk/gn20 m100x2 a2k galvanized white steel,8580568059-00,5827832202-00,8592912576-00
search groved nut GN3 GUK M17x1 white galv steel nut info,4783474646-00,8027067171-00,3381874459-00
I want: a2k m17x1 grooved nuts guk gn3 steel galvanizzd white,4783474646-00,5212948757-00,7817345840-00
give me gn3 guk grooved nut m17x1 white steel galvd a2k type,4783474646-00,4385962679-00,1698692338-00
search groved nut guk gn4 m20x1 a2k steel white galvanised,3584946221-00,4734959973-00,3040759579-00
"i want: guk gn4 nut groved m20x1 galvanized whit a2k, steel??",3584946221-00,2952661606-00,6323122600-00
"info gn4 guk nut, groove type, white steel galv M20 x 1 a2K",3584946221-00,2233951822-00,4486541696-00
search gn5 grooved nut a2k m25 x 1.5 galvanized white steel pls,3682914116-00,3624754278-00,6149920023-00
info on guk gn5 groove nut with m25 1.5mm pitch steel white a2k type,3682914116-00,1515535636-00,7013411208-00
"I want: groov nut steel gn5 guk m25x1,5 whte galv",3682914116-00,3624754278-00,4167410991-00
"search guk GN6 m30*1.5 groov nut steel, galvanizd white",4385962679-00,5336459512-00,6093063669-00
info: m30 x1.5 a2k gn6 white galvad nut groovd,4385962679-00,5336459512-00,3055475159-00
I want: groved nuts guk gn6 M30x1.5 galvanized steels whte,4385962679-00,8580568059-00,1440891966-00
"search gn7 groovd nut m35x1,5 white zinc a2k steel info",9236434512-00,8631876834-00,3584946221-00
"I want: guk gn7 m35x1.5 groov nut a2k, galvanizd white steel one",9236434512-00,8814802312-00,5336459512-00
"give me groov nut g n 7 m35 1,5 white galv steel, gn-7 a2k, specs",9236434512-00,3474627261-00,5477398477-00
"search for guk gn8 groovd nut m40x1.5 steel galvnise color white, need info",8499456817-00,1096506778-00,1451158850-00
"I want: grooved nut GUK GN8, white galvnised A2K, m40 1.5 metric, give me",8499456817-00,4783474646-00,5312760431-00
"specific gn8 guk nut steel groved m40x1,5 whit galvaniized bolts",8499456817-00,8580568059-00,8343697990-00
search groovd nut guk GN9 m45x1.5 white steel galvanzd,1096506778-00,4783474646-00,4292268847-00
info for a2k gn9 grooved nuts type guk galvanized M45 x 1.5 whitish,1096506778-00,3682914116-00,6630654982-00
I want: grovednut GUK GN9 A2K M45 1.5mm steel galvi,1096506778-00,8027067171-00,8318286175-00
search km0 groved nut m10 x0.75 galv white steel a2k?,5725210060-00,6473846417-00,5477398477-00
"I want: grooved steell nut km0 a2k M10x0,75 white coat plz info",5725210060-00,8575337361-00,6323122600-00
"give me groved KM0 nut, white galv steel size m10-0.75",5725210060-00,3280639713-00,3074267649-00
search for grov nut km 1 m12x1 white steel galvanised a2k,1536796713-00,8588190828-00,1255737259-00
i want: kM1 groove nut M 12 x1 a2k white galvaNized steell,1536796713-00,3555796952-00,9927360461-00
info about nut with groove km-1 m12x1mm steel zinc whit finish a2k,1536796713-00,9621326677-00,5199644221-00
search groved nut steel M50x1.5 info km-10 white galvanised a2k,9276516840-00,8814802312-00,4724490701-00
I want: KM10 groove nut white coated steel thread m50x1.5 galvan nut a2k,9276516840-00,3292671355-00,6473846417-00
"specific groovednuts km 10 m50 1.5 mm galvanized white steel, a2k type",9276516840-00,5918243383-00,5501174308-00
search for groved nut km11 a2k m55 x2 steel wite galvnized plz,8575337361-00,9455269245-00,6986135211-00
info on nut KM-11 size m55x2 gruv white galv a2k matiral steel?,8575337361-00,3292671355-00,3055475159-00
i want: groove nuts m55x2 km11 galvanized whit stl,8575337361-00,6780711462-00,3724834067-00
search groved nut KM12 with white galvinized stel M60x2 size,3132322870-00,5675130171-00,6402703757-00
"I want: km 12 groved nut M60x2 a2k, is it the white galvinised steel one?",3132322870-00,9621326677-00,2928794343-00
info about nut grovd km12 m60x2 white galvznized a2k,3132322870-00,8783888577-00,6099664890-00
info bout grooved KM14 nut m70 x2 white galv steel maybe a2k?,9102211860-00,4114944577-00,6291754020-00
i want: steel km14 nuts groovd whit galvanizd M70X2 a2k,9102211860-00,1664484787-00,4292268847-00
search for m70x2 groov nut km14 white galv. stel a2k specs,9102211860-00,9621326677-00,8230451596-00
"search for grooved nut m75x2 km15 steel white coating, galvanized a2k specific",4114944577-00,9276516840-00,7414145175-00
"info about KM15 m75x2 groove nuts, zinc plate galvinzized, not sure if steel or other materal",4114944577-00,1664484787-00,9275195001-00
"I want: groved nut a2k galvznzd steel m75x2 km15 not plastic, white finish",4114944577-00,5272929528-00,3074267649-00
search grov nut km18 m90x2 white galv steel a2k,4795852814-00,5272929528-00,6291754020-00
info on KM18 groove nut m90x2 a2k galvanize whit color,4795852814-00,3555796952-00,8027067171-00
"I want: m90 x 2 groove nuts km 18 galvz steel, a2k, whte",4795852814-00,5316813243-00,7604168415-00
search for km2 groovd nut m15 x1 a2k steel galv whit,1469574084-00,8629637526-00,3600032315-00
I want: white steel nut groved km2 m15x1 galvanzied like a2k,1469574084-00,7351292732-00,2789360096-00
info: grooved m15x1 steel nut galvanized km2 not sure if a2k,1469574084-00,1536796713-00,1078275837-00
search groved nut KM3 A2K M17x1 white steel what is galvanized?,5212948757-00,3292671355-00,7181962772-00
info abot groovved km3 nut galvaniised white m17x1 steel a2k bolts,5212948757-00,4783474646-00,9236434512-00
I want: nuts grooved m17 x1 km3 A2K galvanized stell whitte,5212948757-00,5509206431-00,6390964574-00
need info grooved nut km4 galvanized white m20x1 A2k on steel,5915174609-00,5760759939-00,3065840761-00
search for groowe km4 nut m20x1 steel white galv,5915174609-00,5760759939-00,1978099364-00
"i want: m20x1 KM4 nut with groove, white galvant steel, A2K?",5915174609-00,3409786374-00,5725210060-00
search km4 groov nut m20x1 white galv steel a2k,2952661606-00,6341704425-00,7986386415-00
I want: galvanized steel grooved nut M20x1 A2K km4 info,2952661606-00,5760759939-00,4757180611-00
give me: white galvd groovednut km4 a2k m20x1 screw type,2952661606-00,5915174609-00,9734771552-00
search groved KM5 nut a2k type white steel galv. m25x1.5 please,5055926893-00,1868052648-00,8542570623-00
"info about white galvanized m25x1,5 groveded nut km5, missin anything?",5055926893-00,3292671355-00,1319770837-00
"i want: steeld groved nut with m25x1,5 pitch, KM5, galvnized a2k model whte",5055926893-00,3474627261-00,4358015637-00
search 4 km5 grooved nut galvanized ¿steel m25x1.5 white stuff,3624754278-00,5055926893-00,8343697990-00
"info about m25x1,5 groov nut km5 steel a2k galvznised white",3624754278-00,5055926893-00,2928794343-00
i want: nut m25 x1.5 km5 groovd steel galvd white a2k,3624754278-00,3555796952-00,2884271768-00
"i want groved nute km6 m30x1,5 white galvanised steel",9344205959-00,7858424626-00,8592912576-00
"search for grooved km6 nut A2K M30 x 1,5 steel, is it white galvd?",9344205959-00,1395728832-00,5477398477-00
"info: KM6 groove nut m30x1.5 A2K, whats about white galv steel?",9344205959-00,3555796952-00,2091151423-00
I want: grov nut km6 white steel a2k M30x1.5 galvaized,3420626497-00,3474627261-00,8027067171-00
info on groovednut km6 m30x1.5 steel zinc white a2k,3420626497-00,5021921994-00,8786168191-00
"search km6 groove nut A2K m30x1,5 galv steel whte",3420626497-00,8631876834-00,3896168300-00
"search grooved nut km7 a2k steel white galvniz m35x1,5 info",8783888577-00,2952661606-00,8749893339-00
i want: galvanized steal groovd nut km7 thread m35x1.5 not sure a2k?,8783888577-00,4883592855-00,2873901855-00
"specific km7 m35x1,5 groved nut white galvanzied still",8783888577-00,4883592855-00,1789617221-00
"search grov nut km8, white galvanizd steell, metric m40 x1.5, is it a2k?",5509206431-00,9621326677-00,1570116266-00
"info on KM8 groove nuts m40x1,5 whit galvanis steell, what type A2K?",5509206431-00,8256451220-00,8115414843-00
"I want: m40x1.5 groved nut a2k km 8, steel white galvanzed",5509206431-00,9455269245-00,4358015637-00
search for groved KM9 nut m45 x1.5 steel white galvanzed a2k?,1395728832-00,9621326677-00,9189483726-00
"I want: grooved nut A2k m45x1,5 KM9 whit galvanized stell, infos pls",1395728832-00,4114944577-00,5509613879-00
specific info on nut grooved km9 m45x1.5 a2k white galvaniz steeel,1395728832-00,9102211860-00,2205046870-00
search grooved nut kmk2 white galv steel m15x1 a2k info,7351292732-00,1469574084-00,3600032315-00
i want: kmk2 grooved nut m15x1 a2k plated steel whte,7351292732-00,6009433368-00,6400451842-00
give me grooved nut type kmk2 m15x1 white galvanized steel a2k,7351292732-00,1469574084-00,4519942501-00
looking for precision nut HIR size M15x1 info,1919151413-00,6009433368-00,6099664890-00
need info on hir precision nut m15 x1 type,1919151413-00,7775082541-00,9117551575-00
specific precision hir nut M15 1 thread details,1919151413-00,8592912576-00,5725210060-00
need precision screw nut hir m20 x1 info,5232587970-00,5196514300-00,1978099364-00
give me specific hir precision hex nut m20x1 size,5232587970-00,8786168191-00,2931864581-00
search for high precision nut hir m20 by 1 thread,5232587970-00,5196514300-00,1395728832-00
i want precision screw nut lfe26 made of white galvanized steel with m95x2 thread info,8786168191-00,6139131350-00,8891875446-00
search for lfe26 a2k metallic nut precision m95x2 size please,8786168191-00,7775082541-00,5199644221-00
give me details precision lfe26 nut metal steel white galv m95x2 thread type,8786168191-00,8027067171-00,5120130739-00
"info precision nut lr15 a2k m45x1,5 white galvanin steel please",9681950978-00,1096506778-00,6009433368-00
"I want precision nut m45x1,5 lr15 a2k in white galvan steel",9681950978-00,3981189670-00,8230451596-00
"search nut precision lr15 M45x1,5 a2k made of white galvanize steel",9681950978-00,1585531447-00,1319770837-00
looking for precision nut lr20 in white galvanized steel m65 x2 size a2k type,3981189670-00,7775082541-00,6603193262-00
"need specific nut lr20 m65x2, a2k, search white galvanized steel precision type",3981189670-00,6139131350-00,7680811732-00
give me precision nut m65 x 2 lr20 made from white galvanized steel a2k info,3981189670-00,9679603972-00,8891875446-00
give me precision nuts LRE25 white steel galvanized M90x2 info,1585531447-00,6139131350-00,9344205959-00
search for lre25 precision nut white color galvanized steel M90x2 size m90 x 2,1585531447-00,7775082541-00,7309665997-00
I want LRE25 precision nut M90x2 thread pitch two galvanized white steel,1585531447-00,9679603972-00,3600032315-00
search precision nut lre25 a2k white galvanized steel m90x2 sx pls,6139131350-00,4795852814-00,1444121761-00
I want precision nut M90x2 lre25 a2k from white steel galvanized sx type,6139131350-00,9679603972-00,4883592855-00
info lre25 precision nut m90x2 a2k white galvanised steel sx search,6139131350-00,4486541696-00,3381874459-00
search precision nut white galvanized steel lx44 a2k size m44x1.5 info,1260785993-00,2583664143-00,6400451842-00
"give me lx44 a2k precision nut made of galvanized steel with m44x1,5 thread pls",1260785993-00,8786168191-00,1835191561-00
I want: nut lx44 type precision m44x1.5 thread white galvanized steel a2k,1260785993-00,9679603972-00,8814802312-00
"search precision nut lx60 m60x1,5 a2k galvanized steel white",9679603972-00,1585531447-00,3286166145-00
"info lx60 precision nut M60x1,5 a2k white galvanized metal",9679603972-00,1260785993-00,5352356648-00
give me lx60 nut precision steel m60 x 1.5 a2k white galvanized,9679603972-00,8786168191-00,5312760431-00
"search precision nut lx70 m70x1,5 steel white galvanized a2k info",7775082541-00,3981189670-00,3040759579-00
"give me nut precision lx70 size M70x1,5 white steel galvanized a2k",7775082541-00,1260785993-00,8390094954-00
"I want: lx70 a2k nut precision white galvanized steel M70x1,5 metric",7775082541-00,1585531447-00,8542570623-00
"info precision nut lx82 a2k m82x1,5 white galvanized steel search",8592912576-00,6139131350-00,6986135211-00
give me lx82 precision nut steel galvanized white M82 x1.5 a2k,8592912576-00,9679603972-00,1388223722-00
"I want precision nut lx82 m82x1,5 in white galvanized steel a2k specific",8592912576-00,1585531447-00,7858424626-00
search lock nut msa 65 x 1.5 x 24 info,5218241439-00,2447466166-00,2057138330-00
I want msa 65mm locknuts 1.5 pitch 24mm size pls,5218241439-00,5460707695-00,4571590299-00
"give me specific nut lock msa 65x1,5 by 24 measurement",5218241439-00,5272929528-00,1255737259-00
need info locknuts msr size 100x2x32 thread pitch details,8234565308-00,8943879072-00,7891212922-00
search for msr locknuts 100x2 x 32 maybe 32mm diam,8234565308-00,9411768388-00,7964215642-00
give me please msr lock nuts 100 by 2 by 32 kind of locknuts,8234565308-00,8924810199-00,6695477620-00
need info locknuts msr 120 by 2 by 36 size,8924810199-00,5460707695-00,1052315420-00
search for msr locknut 120x2x36 for mechanical parts,8924810199-00,3381874459-00,9534081164-00
give me lock nut msr size 120x2x36 maybe specific type,8924810199-00,5460707695-00,8499456817-00
need info lock nuts msr 140 by 3 by 36 size,8943879072-00,6780711462-00,7964215642-00
search for msr locknut 140x3x36 specifications please,8943879072-00,3381874459-00,1052315420-00
locknuts type msr dimension 140x3x36 any details give me,8943879072-00,5460707695-00,1052315420-00
I want info on locknuts msr 150 by 3 by 36 size,5460707695-00,3369966519-00,7287424213-00
search for msr lock nuts 150x3x36 dimension please,5460707695-00,6780711462-00,7611388564-00
give me msr locknuts size 150*3*36 exact match,5460707695-00,6506470874-00,4346290599-00
search lock nuts msr 170 x 3 x 40 info,4253700944-00,1998064545-00,4052349502-00
i want locknut msr size 170x3x40 new model,4253700944-00,1868052648-00,7611388564-00
give me specific msr locknut 170 3 40 dimension,4253700944-00,4883592855-00,6178070846-00
"search for msr locknuts 18x1,5x18 size pls",9411768388-00,4253700944-00,4346290599-00
"i want lock nut msr thread 18x1,5x18 info",9411768388-00,8106800184-00,8230451596-00
"give me msr locknuts 18 by 1,5 by 18 dimension",9411768388-00,2297062745-00,1052315420-00
"i want lock nuts msr 20 x1,5 x18 search info",6515509664-00,5316813243-00,3980242882-00
give me msr locknuts size 20x1.5x18 for spesific use,6515509664-00,5460707695-00,7964215642-00
"msr lock nut 20 by 1,5 by 18 some datas please",6515509664-00,9612996235-00,9883456014-00
search lock nuts msr 22x1.5 x18 size please,8106800184-00,6780711462-00,1188618193-00
"i want locknuts msr 22x1,5 by 18 mm info",8106800184-00,8234565308-00,7964215642-00
specific msr locknuts 22 x 1.5 thread 18 material or type,8106800184-00,8924810199-00,3624270395-00
search lock nut msr 24 x 1.5 x18 size,3685083825-00,4936903325-00,4397882555-00
"info msr locknuts 24x1,5 thread 18mm",3685083825-00,3369966519-00,5595912099-00
give me locknut msr 24 1.5 18 parts please,3685083825-00,2297062745-00,5063594698-00
info lock nuts msr size 25x1.5x20 details,3255745551-00,5440054076-00,7964215642-00
"search msr locknuts 25 x 1,5x 20 metric type",3255745551-00,8234565308-00,7740098792-00
want msr 25 1.5x20 lock nut for fixing use,3255745551-00,6397878439-00,4734959973-00
"info lock nut msr size 30x1,5x20 bolt",6397878439-00,2799522499-00,6154628649-00
"give me specific msr locknuts 30 x 1,5 x 20 search",6397878439-00,8943879072-00,4410734538-00
"search for locknut msr 30x1,5 x 20 screw part",6397878439-00,2799522499-00,8037006337-00
"info for locknuts msr size 35 x 1,5 x 22 mm steel or whatever",2790526286-00,6515509664-00,6024645608-00
can you give me lock nut msr 35 by 1.5 by 22 details please,2790526286-00,4936903325-00,2596794819-00
search lock nuts msr 35x1.5x22 dimension specs and more stuff,2790526286-00,6780711462-00,9164378441-00
info lock nut msr 40x1.5 x22 size,1725870815-00,1046625092-00,3438146950-00
"I want search for msr lock nuts 40 x1,5 by 22",1725870815-00,6780711462-00,3454525239-00
"give me spec lock nuts msr 40 x 1,5 x 22 dimension",1725870815-00,8174049868-00,2756774135-00
search for lock nuts msr 45 x1.5 x22 sizes,5822798508-00,5440054076-00,2089304133-00
"I want locknuts msr 45x1,5x22 thread pitch and diameter",5822798508-00,1725870815-00,2726698148-00
info on msr lock nuts 45mm 1.5mm pitch 22mm width,5822798508-00,6363406377-00,1837857857-00
search lock nuts msr 48 1.5 25 size info,6286450696-00,2447466166-00,4220919257-00
"give me msr type locknuts 48x1,5x25 measurement",6286450696-00,4636455457-00,7287424213-00
need lock nuts msr 48x1.5x25 mm specific details,6286450696-00,5918243383-00,3913717318-00
"info locknuts msr 50 x 1,5 x 25 mm",6119538160-00,8943879072-00,7320801684-00
search msr locknuts 50x1.5x25 size,6119538160-00,9411768388-00,5063594698-00
"I want lock nut msr 50 by 1,5 by 25 please",6119538160-00,3325522719-00,8720113730-00
"i want info on locknut msr 55 x1,5 x25 size",4636455457-00,7988037521-00,9352817059-00
search for msr locknuts 55mm 1.5 pitch 25 length,4636455457-00,3685083825-00,2392008238-00
give me specific data on msr lock nut 55x1.5x25 please,4636455457-00,5460707695-00,2080562227-00
"I want infos on lock nuts msr size 60x1,5x26 maybe specs",1028628638-00,6363406377-00,7611388564-00
search msr locknut 60 x 1.5 x 26 detail,1028628638-00,8370007751-00,2756774135-00
"give me msr lock nuts dimension 60 1,5 26 for check",1028628638-00,6780711462-00,2089304133-00
wanting msr locknuts 65x1.5x28 type info,6506470874-00,8924810199-00,1837857857-00
"lock nuts size 65x1,5x28 msr please search",6506470874-00,5316813243-00,9164378441-00
give me msr nut lock 65 1.5 28 details,6506470874-00,8924810199-00,6085123772-00
"info Lock nuts msr size 75x1,5x28 technical data",5516941534-00,6506470874-00,3913717318-00
want search msr locknuts 75 by 1.5 by 28 specs,5516941534-00,8924810199-00,4052349502-00
"details for locknuts type msr 75 x 1,5 x 28 please",5516941534-00,4253700944-00,1837857857-00
search for msr locknuts size 85 x 2 x 32 info,3369966519-00,4253700944-00,7964215642-00
I want lock nut msr 85x2x32 type for parts,3369966519-00,5460707695-00,6039966677-00
give me msr locknuts thread 85 2 32 dimention specific,3369966519-00,8924810199-00,3281332982-00
info eye nut M12 galvanized white steel like A2K,9621326677-00,5047489690-00,1698692338-00
search white steel eyenut A2K size M12 galvanized,9621326677-00,5594889711-00,6889923705-00
give me M12 eye nuts galvanized steel white A2K please,9621326677-00,6780711462-00,8019776574-00
give me info on eye nut M14 white galvanize steel a2k part,5272929528-00,3555796952-00,3074267649-00
need specific eye nut A2K size m14 made from galvanized metal white color,5272929528-00,9883456014-00,8588190828-00
search for white galvanized steel eye nut m14 a2k type for parts,5272929528-00,3292671355-00,8091613231-00
pls find info on eye nut white galv steel M16 A2K type,3555796952-00,9117551575-00,8814802312-00
search for M16 size eye nut a2k galvanized steel whit color,3555796952-00,3292671355-00,4757180611-00
give me details about galv eye nut M16 metal steel white a2k,3555796952-00,3292671355-00,9639799876-00
i want eye nut M20 a2k galvanized steel white info,3474627261-00,3292671355-00,4486541696-00
search for white galvanized metal eye nut size M20 A2K type,3474627261-00,5272929528-00,3074267649-00
give me a2k eye nut steel white M20 galvanized details,3474627261-00,3292671355-00,1388223722-00
give me info on eye nut m30 a2k white galvanized steel,3292671355-00,3555796952-00,7181962772-00
search for m30 eye nut a2k steel galvanized white type,3292671355-00,1152928692-00,5827832202-00
i want eye nut a2k size M30 with galvanized steel white color details,3292671355-00,9621326677-00,7858424626-00
looking for eyebolt M24 size please info,9444399682-00,5670985005-00,1861548310-00
I want eye bolt size 24m for info,9444399682-00,5052877313-00,1861548310-00
info about bolt eye M 24 part,9444399682-00,1152928692-00,9257600323-00
search lifting eye bolt m08 galvanized steel a2k white info,8730929570-00,5052877313-00,4513423567-00
give me a2k steel eye bolt lifting m08 white galvnzd,8730929570-00,9875853252-00,7775082541-00
info lifting eye bolt galvanized steel M08 a2k white plz,8730929570-00,2916818412-00,5621711058-00
need info lifting eye bolt M10 a2k white galvanized steel,6721180302-00,4282390587-00,1469574084-00
search lifting eye bolt galvanized steel A2K M10 size,6721180302-00,5419770835-00,8067527976-00
give me lifting eye bolt m10 a2k steel white galvanized,6721180302-00,2916818412-00,6154628649-00
search lifting eye bolt A2K size m12 white galvanized steel info,1123639171-00,6721180302-00,5509206431-00
i want lifting eyebolts m12 in white galvanized steel A2K type,1123639171-00,6721180302-00,1395728832-00
give me lifting eye bolts with m12 thread white galvanized steel and A2K code,1123639171-00,2916818412-00,3150894744-00
looking for lifting eye bolt A2K M16 white galvanized steel type,5174124939-00,8730929570-00,2596794819-00
give me info on M16 eye bolt lifting style a2k with galvanised white steel,5174124939-00,5052877313-00,5264928016-00
search lifting eye bolt M16 size white zinc coated steel A2K model,5174124939-00,1123639171-00,9723645203-00
looking for lifting eye bolt m20 A2K white galvanized steel info,4282390587-00,6721180302-00,6758530756-00
need A2K m20 lifting eye bolt galvanized steel whit finish search,4282390587-00,5174124939-00,4940282571-00
lifting eye bolt steel m20 A2K galv white pls provide details,4282390587-00,1123639171-00,2952509661-00
need lifting eye bolt A2K size M24 white galvanize steel info,5052877313-00,4282390587-00,2952509661-00
lifting eye bolt m24 white galvanized steel A2K for lifting stuff,5052877313-00,6721180302-00,9137602664-00
search M24 lifting eyebolt A2K galvanized steel white coating give me,5052877313-00,6721180302-00,8019776574-00
give me info lifting eyebolt M30 a2k steel white galvanized,1152928692-00,2916818412-00,9728025833-00
i want specific lifting eye bolt M30 a2k zinc coated,1152928692-00,6630654982-00,3438146950-00
search lifting eye bolt steel M30 a2k white metal galvanized,1152928692-00,4282390587-00,9183626126-00
need info lifting eye bolt white galv steel A2K M36x3 screw thread,2916818412-00,5174124939-00,2939293469-00
search lifting eye bolt a2k m36x3 size with galvanized steel what,2916818412-00,6721180302-00,8592912576-00
give me lifting eyebolts m36x3 with white galv steel a2k type please,2916818412-00,1152928692-00,5696356045-00
info lifting eye bolt M42x3 white galvanised steel A2K please,9875853252-00,5052877313-00,2233951822-00
search for white galv steel M42x3 a2k lifting eye bolt,9875853252-00,8730929570-00,5509206431-00
give me lifting eye bolt M42x3 made of white galvanized A2K steel,9875853252-00,6721180302-00,9315899660-00
"search lifting eye bolt a2k thread m42x4,5 galvanized white steel info",6630654982-00,8730929570-00,5719460806-00
"i want lifting eye screw eye bolt m42x4,5 a2k galvined steel with white",6630654982-00,9875853252-00,6367957917-00
"give me lift eye bolts m42x4,5 white coated steel a2k for lifting use",6630654982-00,1152928692-00,5675130171-00
search for lifting eye bolt A2K m48x3 white galvanized steel info,5419770835-00,1123639171-00,5765399431-00
I want: m48x3 lifting eyebolt zinc coated steel a2k type,5419770835-00,8730929570-00,1648801175-00
lifting eye bolt steel white galvanizd m48x3 a2k find it,5419770835-00,1123639171-00,2080562227-00
info heavy duty lifeline swivel hoist ring with thread M16 size,3750693595-00,8150398753-00,2743205990-00
give me heavy lift swivel ring hoist with M16 thread lifeline type,3750693595-00,8150398753-00,9043346665-00
search heavy lifine threaded swivel hoist ring M16 for lifting usage,3750693595-00,4501408104-00,9745921972-00
search heavy duty lifeline swivel hoist ring m24 thread size,5670985005-00,8301973657-00,2495255911-00
give me info heavy lift swivel ring m24 hoist thread lifine,5670985005-00,3970194616-00,7997028723-00
i want heavy load lifeline rotation hoist ring m24 thread lifting,5670985005-00,5052877313-00,7811220022-00
info heavy lift swivel hoist ring thread m24x2 lifine,6010022135-00,4501408104-00,3055785881-00
search for m24x2 heavy lifine swivel hoist ring lifting,6010022135-00,3970194616-00,4571590299-00
I want heavy lifing threaded swivel hoist ring m24x2,6010022135-00,5670985005-00,8204718697-00
info on heavy lifine swivel hoist ring M30 thread type,4501408104-00,3750693595-00,5561728555-00
I want heavy lift swivel hoist ring thread M30 for lifting,4501408104-00,1152928692-00,6711939733-00
search for heavy lifline threaded swivel hoist ring size M30,4501408104-00,3292671355-00,8271010713-00
search heavy lifine swivel hoist ring thread size m36 please,8301973657-00,8150398753-00,5011131774-00
give me info on heavy lift swivel hoist ring M36 threaded type,8301973657-00,4501408104-00,8338631077-00
I want heavy lifine hoist swivel ring with m36 thread for lifting,8301973657-00,3970194616-00,7976170256-00
give me heavy lifing swivel hoist ring thread M42 size,8150398753-00,4501408104-00,9676503496-00
I want info heavy lift swivel ring hoist with thread M42,8150398753-00,3970194616-00,6478964688-00
search for heavy lifine swivel hoist ring threaded M42 part,8150398753-00,8301973657-00,2743205990-00
give me heavy lifline swivel hoist ring thread m48x3 part info,3970194616-00,4501408104-00,7861699713-00
search heavy lift swivel hoistring M48 x3 with thread of lifeline type,3970194616-00,3750693595-00,6617180054-00
I want heavy lifing swivel hoist ring with m48x3 thread size please,3970194616-00,3750693595-00,1917219391-00
search heavy lifine swivel hoist ring thread size m48x5 info,8610260368-00,5670985005-00,2743205990-00
I want: hoist ring swivel heavy lift m48x5x5 thread type,8610260368-00,8301973657-00,6192891321-00
give me heavy duty swivel hoist ring with lifine thread M48 x5 size,8610260368-00,9775450433-00,7518381135-00
want info grub screw hex socket cyl point white galvanizd steel m10x10-45h,5152658680-00,9090531392-00,9228106533-00
search grub skrew hs cilindrical point m10x10 45h a2k white steel hexagon socket,5152658680-00,5074512420-00,8899320851-00
give me grub screw hexagon sock cyl point m10x10 45h galvanized steel a2k screw detail,5152658680-00,8691580996-00,5506538398-00
search grub screw hex socket white galvanized steel m10x20-45h cylindrical point a2k m10x20/45h,6159899080-00,3359898107-00,5195367950-00
I want: hexagon socket grub screw cylindrical point m10x20-45h in white galvanized steel a2k type,6159899080-00,8522302620-00,6288436231-00
info grub screw m10x20 45h hex socket cylindrical pnt white zinc plated steel A2K,6159899080-00,6874152815-00,5960557195-00
search grub screw hex socket cylindrical ptr A2K steel M10x25-45h,2742017990-00,1114043114-00,7367405253-00
I want grub screw hexagon socket cyl pointed white galvanized M10 25-45h A2k,2742017990-00,5997622662-00,1698692338-00
specific hex screw grub m10x25-45h cylind point steel white A2K galvanized,2742017990-00,5074512420-00,3624270395-00
need hex socket grub screw p.a2k m10x30 to 45h cylind white steel,7660587480-00,9521712444-00,6874152815-00
searching for grub screw hexagon socket cylindr point galvanized steel m10x30-45h info,7660587480-00,9650481371-00,9953982052-00
give me grub screw hex cylindrical point galv steel m10 x 30 45h p.a2k please,7660587480-00,7578498450-00,7414145175-00
I want grub screws hex socket cylindrical pin white metal M10x35 45h info,5933620471-00,7578498450-00,7590432131-00
search hexagonal grub screw zinc coated steel size M10 x 35-45h cylindrical point pls,5933620471-00,1095765315-00,3917547196-00
give me hs grub screw A2k M10 35-45h hex socket cylinder point galvanized steel,5933620471-00,1860195269-00,6123290703-00
give me info grub screw hexagon socket cylindrical point m10x40-45h stainless steel a2k,7223215219-00,5997622662-00,7590432131-00
search for m10x40-45h white galvanized steel hex socket grub screw cylindr. type,7223215219-00,8522302620-00,9452727936-00
I want grub screw hex socket cylindr point steel white galv M10x40x45h a2k specific,7223215219-00,9650481371-00,1560087501-00
search grub hs screw m10x50 45h white galv steel cylind point hex socket a2k,2266480034-00,5782911625-00,9271244353-00
info wanted hexagon socket grub screw cylindr point m10x50 45h a2k galvanized steel,2266480034-00,5577156710-00,4598714933-00
give me grub screw hex socket m10x50-45h a2k cylind point white galv steel plz,2266480034-00,2088268475-00,2128548752-00
search grub screw hex socket white galvanized steel m10x60 45h info,3302201450-00,5066868032-00,8641791085-00
i want hexagon socket grub scre m10x60-45h cylindrical point steel white galv,3302201450-00,8022444645-00,6083606650-00
specific grub scew hs cylindric point galv m10 x60 45h hex socket steel,3302201450-00,5726401144-00,1378514553-00
search for cylindric hex socket grub screw m10x70 45h white galv steel a2k info,5575104128-00,5074512420-00,8030314056-00
i want grub screw m10x70 with hexagon hole cylindr point hs made of white galvanized steel,5575104128-00,4938014729-00,2248126059-00
give me m10x70-45h hex socket grub screw hexagon cylindr point made from white galv steel a2k,5575104128-00,1405237532-00,1130810921-00
I want grub screw hex socket screw cylindrical point M12x16-45h white galv steel A2K,5211292766-00,5337702452-00,7390065635-00
search hexagon socket cylin point grub screw m12x16-45h made of white galvanized steel a2k,5211292766-00,4336832700-00,9962012008-00
give me grub screw cyl point hexagonal socket m12x16-45h steel white galv A2K type,5211292766-00,7223215219-00,9883456014-00
search for m12x35-45h grub screw hex scket cylindrical point white steel a2k,5726401144-00,2658021352-00,5936570319-00
info hexagon socket screw grub cylin point galvanized steel m12x35 45h a2k pls,5726401144-00,9669699196-00,8447322876-00
I want: grub screw a2k m12x35 45h hex socket white galvanized cyl. point steel,5726401144-00,2634225721-00,9308219724-00
search info hex socket grub screw cylndr pt white zink m12x50-45h a2k steel,6591331085-00,2265233032-00,8447322876-00
I want: hexagon grub screew cylndr pt M12x50-45h white galv steel a2k threaded,6591331085-00,7563728627-00,7337262832-00
give me: hex cylndr pointed grub screw M12x50-45h a2k white steel galvnized socket part,6591331085-00,2634225721-00,2330627626-00
need info grub screw hex socket cylinder point m16x30 to 45h white galv steel a2k,9650481371-00,1114043114-00,1570275778-00
search for hexagon socket grub screw cylindrical point M16x30-45 h a2k galvanized steel,9650481371-00,9572923199-00,9271244353-00
I want grub screw hs cyl p a2k size M16x30-45h white galv hexagon socket point steel,9650481371-00,9572923199-00,1378514553-00
want info grub screw hex socket cyl point white galvanized steel m16x35-45h a2k,1922810124-00,7808173269-00,6439186466-00
search hexagon socket grub screw m16x35-45h cylindrical point white galvanised stee,1922810124-00,4938014729-00,4598714933-00
give me grub screw hexagon socket cyl point galvanized steel m16x35 45h A2K screw,1922810124-00,8022444645-00,8468201600-00
give me grub screw hex socket cylndrical point white steel m16x40-45h info,9908968425-00,8137604383-00,7836777852-00
search for hexagon socket grubscrw cylndrical pnt galvanized steel m16x40x45h pls,9908968425-00,4410646567-00,5211292766-00
I want grub scw hs cylindr point A2K M16x40-45h steel white galvnzd details,9908968425-00,5211292766-00,7873219226-00
search grub screw hex socket cylindrical point m16x60 A2K white galv steel,5782911625-00,8691580996-00,3218830030-00
I want hexagon socket grub srew cylindric point M16x60-45h a2k whte galvanised,5782911625-00,7602736333-00,1913125651-00
info grub screw hex soc cyl point m16x60 45h steel white galvanis a2k type,5782911625-00,7895769519-00,3029884494-00
i want hexagon socket grub screw m16x70-45h hs cylindrical steel white galvanized,8691580996-00,7808173269-00,4147306188-00
search for grub screw hs cylindr hex socket m16x70 45h galvanized steel white,8691580996-00,5782911625-00,5819943066-00
info hex socket grub screw cylindr point m16x70-45h white galvanized steel hs,8691580996-00,9908968425-00,3091746206-00
give me search grub hex screw white zinc steel M3x8 45h cylindrical point type,1114043114-00,5782911625-00,9007191352-00
need info hex socket grub screw cylindr. p. steel galvanised M3x8-45h a2k size,1114043114-00,6591331085-00,7337262832-00
I want: grub screw hexagon cyl. point zinc coated white steel m3x8 45h a2k,1114043114-00,2368003050-00,5789814708-00
info grub screw hex socket cylindrical point m4x10-45h white galvanised steel,4336832700-00,6945181432-00,9587897673-00
search hs grub cylindrical point hs hexagon socket screw m4x10 45h a2k,4336832700-00,3455590283-00,6005248041-00
i want grub screw hexagon type cyl point m4x10 to 45h white galvanized steel a2k,4336832700-00,3359898107-00,7367405253-00
need info hexagon socket grub screw cylindr p white galv steel M4x16 45h a2k,5997622662-00,5726401144-00,5731319278-00
search grub screw hs cylindric point m4x16 - 45h hex socket white galvanized steel pls,5997622662-00,9855194441-00,4869901228-00
give me grub screw hex socket cylin point a2k m4 x 16-45 h white steel galv,5997622662-00,8691580996-00,2252168350-00
search grub screw hex socket cylindrical point white p.a2k m5x10-45h info,7578498450-00,6945181432-00,8703862792-00
I want: hs grub screw hexagon cylindrical point m5x10-45h white galv steel,7578498450-00,3302201450-00,4554747324-00
give me grub hexagon screw steel cylindrical p.a2k m5x10-45h galvanized,7578498450-00,9325677048-00,8126165786-00
need grub screw hex socket cyl point white galv steel m5x16 45h a2k,8858466482-00,9741109116-00,8082655917-00
search for hs grub screw m5x16 45h hexagon socket cylinder point steel white gal,8858466482-00,9650481371-00,3202526870-00
info on grub screw hex socket cylindrical point m5x16-45h galvanized white steel a2k,8858466482-00,1405237532-00,2407054170-00
search grub screw cylind. point hex soc m5x20 45h white galvanizd steel info,4938014729-00,4336832700-00,2069007815-00
i want hexagon socket grub scrw m5x20-45h cylindr point p a2k white steel,4938014729-00,8858466482-00,2983651819-00
grub screw m5x20 45h hex cylndrical point hex soc white galvanised steel give me,4938014729-00,1114043114-00,5897638051-00
search for white galvanized steel grub screw hex cylinric point m5x8-45h a2k,1095765315-00,8522302620-00,3940763029-00
info on hexagon socket grub screw cylindrical pointer m5x8-45h steel white galvanizd,1095765315-00,2479083677-00,6472361413-00
I want: grub screw hex socket m5x8-45h cylindric point steel white a2k galv,1095765315-00,5915353532-00,7254172697-00
looking for grub screw hex socket cyl point white steel m6x10-45h a2k,8022444645-00,7578498450-00,1378514553-00
i need hs cylindr grub screw m6x10 45h hexagon socket galvanized steel,8022444645-00,1922810124-00,8407770695-00
give me grub screw hex socket m6x10-45h cyl point white galvanised steel a2k,8022444645-00,7578498450-00,9880764182-00
search for grub screw hex socket cylin p a2k m6x12-45h white steel galvanized,4403967100-00,8254688091-00,5501065460-00
give me hs grub screw hexagon socket with cylin point m6x12-45h a2k steel white galvanizd,4403967100-00,1405237532-00,2049616791-00
info on hex socket grub scrw cylindrical point m6x12-45h a2k steel white galvanizd please,4403967100-00,5577156710-00,2236883020-00
search for hex socket grub screw cylindrical tip m6x16-45h white steel A2K,5577156710-00,9908968425-00,5897638051-00
give me info on grub screw hexagon cyl point m6 x 16 45h galvanized steel part,5577156710-00,1094578790-00,1537895535-00
I want grub screw m6x16 length 45h hex socket cylindrical end made a2k white galv steel,5577156710-00,7826489678-00,7836028606-00
find grub screw hex socket cylindrical tip steel white m6x20-45h a2k,3455590283-00,2088268475-00,5195367950-00
info on hexagon grub screw white galvanized steel m6x20-45h cylindrical point,3455590283-00,5577156710-00,7934338423-00
I want grub screw m6x20-45h hex socket cylindrical point a2k steel white galvanized,3455590283-00,6271104408-00,9007191352-00
search grub screw hexagon socket style cylindric point A2K M6x25-45h white galvanized steel,8522302620-00,2265233032-00,5501065460-00
info hex socket grub screw cylindr point m6 25-45h stainless A2K steel pls,8522302620-00,6591331085-00,4365909519-00
I want: hexagon socket grub screw with cylindric point m6x25-45h white steel galvanized A2k,8522302620-00,2265233032-00,4606671218-00
search grub screw hs cylindric pt white galva steel m6x30-45h info,7808173269-00,2368003050-00,2463572176-00
give me hex socket grub screw cylind point m6x30 to 45h a2k steel plz,7808173269-00,5074512420-00,8641791085-00
i want hexagon socket grub screw cyl point in galvanized steel m6x30-45h,7808173269-00,9855194441-00,7873219226-00
search grub hex soc cyl point steel A2K M6x40-45h white galvonized screw,6271104408-00,9521712444-00,3917547196-00
I want grub screw hexagon solket cylindr. point M6x40 45h in whte steel A2K,6271104408-00,2658021352-00,7521870912-00
info grub screw h s cyl point m6x40-45h hex soc white galvan steel A2k,6271104408-00,2609079641-00,6944966855-00
looking for grub screw hex socket cylin point steel white galv M6x45-45h A2k,5915353532-00,8022444645-00,1278211702-00
give me info on hexagon socket grub screw cyl ptr M6x45-45h in white galvanized steel,5915353532-00,4133880244-00,8577088598-00
need grub screw hs cylind p a2k M6x45-45h hex socket cylindrical steel white galv please,5915353532-00,3302201450-00,4554747324-00
I want grub screw hex socket cylindrical point m6x60-45h steel white galvanized info,1860195269-00,5997622662-00,3202526870-00
search for hexagon driver grub screw cyl point A2K size M6x60-45h pls,1860195269-00,2088268475-00,2609079641-00
give me hex socket grub screw cyln drived point m6x60-45h white galvaniz steel,1860195269-00,9741109116-00,8705789131-00
search for grub screw hex socket cylindr point a2k m6x8 45h white galv steel,2658021352-00,5933620471-00,8694059428-00
I want: hexagonal socket grub screw m6x8 45h cylindrical point white galv steel a2k,2658021352-00,6945181432-00,2164394937-00
info on cylindrical point grub scew hex socket m6x8-45h galvanized white steel a2k,2658021352-00,6480292520-00,7361105842-00
looking for grub hex socket screw m8x10-45h cylindriacl point a2k white steel,3359898107-00,8022444645-00,2252168350-00
grub screw hs hexagon socket point cylidner m8x10-45h galvanised steel search,3359898107-00,1913125651-00,8468201600-00
info on hs grub screw cylinnder hex socket M8x10-45h a2k white galvanizd steel screw,3359898107-00,4938014729-00,7254172697-00
search grub screw hex socket cylindrical point steel white m8x16 45h a2k,2463103318-00,9650481371-00,8812817358-00
I want: hexagon socket grub screw m8x16 45h cylindrical point white galvanized steel a2k,2463103318-00,5152658680-00,2407054170-00
info grub screw hs cylindr point m8x16-45h hex socket head white galv steel a2k,2463103318-00,8522302620-00,7395059843-00
i want grub screw hex socket cylindric point white galv steel M8x20 45h a2k,6480292520-00,2016872502-00,8539881347-00
search for hexagon socket grub screew with cylindrical point M8 x 20-45h a2k white galvanized steel,6480292520-00,3455590283-00,8254688091-00
info on grub screw hs cylindr point hex socket m8x20-45h a2k steel galvanized white,6480292520-00,8858466482-00,9228106533-00
search grub screw hex socket cylindrical point m8x30-45h a2k white galvanized steel,1405237532-00,6480292520-00,6639135641-00
i want grub screw hex. cyl point m8x30-45h a2k steel coated white info,1405237532-00,7151661320-00,5858467301-00
give me hexagon socket grub screw cyl. point m8x30-45h a2k type white galvanized steel,1405237532-00,9572923199-00,8407770695-00
info grub screw hexagonal socket hs cylindr. point galvanized steel m8x35 to 45h m8x35-45h,4051928637-00,8782691424-00,6439186466-00
I want grub screw hs cylindrical p. with hex socket made of white galv steel M8x35 45h,4051928637-00,2463103318-00,1560087501-00
specific search hexagon socket grub screw cylindr. point M8 x 35-45h white galvanized steel hs,4051928637-00,4336832700-00,6692325649-00
info grub screw hex socket cyl point white galv steel M8x40 45h pls,8782691424-00,2971866041-00,1371850964-00
search for white galvanised steel grub screw hexagon cylind point M8 x 40-45h,8782691424-00,4938014729-00,9308219724-00
give me grub screw hs cylindric point hex socket M8 by 40-45h in white galvanize steel,8782691424-00,7174182235-00,7367405253-00
search grub screws hex socket cyl point steel white galv m8x45 45h A2K info,2088268475-00,7895769519-00,9147503056-00
I want grub screw hexagon socket type cylind pin m8x45 45h hex point steel white galvanized,2088268475-00,7808173269-00,1597772200-00
find grub screw Hex Cylinder point steel white zinc plated m8 x 45-45h a2k version,2088268475-00,4051928637-00,2164394937-00
search grub screw hex socket cylndr point white galv steeel m8x50 45h a2k info,5337702452-00,5221213735-00,6018052738-00
i want grub screw hs cylindr pnt hex sckt m8x50 45h white galv steel please,5337702452-00,1922810124-00,2657608685-00
give me grub screw hexagon sckt cyl point whte galvanized steel m8x50 45 h a2k,5337702452-00,6145862798-00,3090593496-00
search grub screw hex socket cylind point M8x60 45h white galv steel a2k,6945181432-00,9855194441-00,3218830030-00
I want grub screw hex cylindrical point m8x60-45h a2k white steel galvanized,6945181432-00,7808173269-00,4661397238-00
give me hex socket grub screw cylind point M8x60 45h steel zinc coated a2k,6945181432-00,7808173269-00,5501065460-00
search grub screw hex socket cylindrical point m8x70 45h white galv steel info,2971866041-00,1378514553-00,9228106533-00
I want: grub screw hexagon socket white galv steel m8x70 45h cylindric point,2971866041-00,9741109116-00,6087737330-00
specific grub screw hs cylin point A2K M8x70 45h hex socket steel galvanized,2971866041-00,2368003050-00,9641115149-00
i want grub screw hex socket cone point stainless steel a2 m3x4 21h info,6439186466-00,9228106533-00,5629772323-00
search hexagon socket grub screw conic tip m3x4 a2 stainless steel pls,6439186466-00,2692033395-00,2463103318-00
give me grub screw hs conical point stainless steel m3 x4-21h hex socket type,6439186466-00,6123290703-00,4365909519-00
search grub scew hex socket conical point ss m5x12 21h A2,2692033395-00,1278211702-00,6757365315-00
give me grub screw hs coni pnt stainless steel m5x12 21h hexagon,2692033395-00,9308219724-00,4000811310-00
info hex socket screw conical p A2 m5x12 21h stainless steel grub,2692033395-00,7254172697-00,2742017990-00
give me grub screw stainless steel hex socket conical point m5x8 21h info,1278211702-00,9308219724-00,1097464442-00
search hexagon socket grubbolt conical pnt a2 steel M5x8-21h pls,1278211702-00,2692033395-00,6148464742-00
I want grub screw hex soscket conical point A2 stainless stee m5 x 8 21h details,1278211702-00,9308219724-00,7527229457-00
search grub screw hex socket conical p A2 stainless M6x10-21h info,6123290703-00,1278211702-00,8522302620-00
I want grub screw hexagon socket point m6x10 a2 stainless steel conical,6123290703-00,2479083677-00,5828119227-00
give me grub screw hs conical point stainless steel hex m6x10-21h please,6123290703-00,4220226415-00,9147503056-00
search hexagon socket grub screw conic point white galv steel m10x10-45h hs info,9669699196-00,4051928637-00,8205155184-00
give me grub screw hs conical pnt m10x10-45h hex socket white galvanized screw,9669699196-00,9855194441-00,5897638051-00
I want hexag socket conical point grub screw m10x10-45h p.a2k white galv steel screw,9669699196-00,7782203578-00,4641212468-00
give me info grub screw hex socket conical point A2K white steel M10x14 45h please,1094578790-00,7602736333-00,7552750844-00
search for hexagon socket grub screw conical p a2k steel m10x14-45h white galvanized,1094578790-00,9855194441-00,7544850930-00
I want grub screw hex socket conical tip steel white galvanized M10x14 45h a2k type,1094578790-00,2103822303-00,1800442133-00
need info grub screw hex socket conical point white steel m10x20-45h a2k,7602736333-00,6159899080-00,6173154583-00
search for hexagon socket grub screw size m10 x 20-45h conical point white galvanize steel,7602736333-00,9090531392-00,2252168350-00
give me grub screw hs conical p m10x20-45h made of white galvanized steel hex socket,7602736333-00,6159899080-00,1481396410-00
search grub screw hs conical point white galvanized steel m10x25-45h m10x25 info,5074512420-00,2489784533-00,4265798346-00
give me hex socket grub screw conic p a2k m10x25-45h whit galvanizd steel,5074512420-00,4133880244-00,1913125651-00
I want grub screw hexagon socket with conical point a2k m10x25 to 45h in white galvanizd steel,5074512420-00,4133880244-00,9641115149-00
search grub screw hex socket conical point white galv steel m10x30 45h p a2k,9521712444-00,5677958469-00,9308219724-00
I want grub screw hs conical p white galvanized steel M10x30-45H hex socket info,9521712444-00,7782203578-00,4265798346-00
give me grub screw hexagon socket conical point steel white galv M10 x 30 to 45h p a2k,9521712444-00,2489784533-00,6777499687-00
search white galvanized steel grub screw hex socket conical point m10x60-45h info,5066868032-00,9855194441-00,9962012008-00
give me m10x60-45h grub screw hs conicalpoint hexagon socket in white galvanized steel,5066868032-00,7660587480-00,7390065635-00
i want hex socket grub screw conical pnt m10x60 45h hs made from white galvanized steel,5066868032-00,7602736333-00,6413035813-00
need info hex socket cam conical point grub screw m12x35-45h white steel a2k,9090531392-00,9741109116-00,8030314056-00
search white galv steel hexagon head grub screw conical m12x35-45h a2k size,9090531392-00,1094578790-00,6036804021-00
give me grub screw hexagon socket conical point hs m12x35-45h made from p.a2k steel,9090531392-00,2165953442-00,2407054170-00
give me grub screw hex socket with conical point white steel M12x60-45h info,2634225721-00,2368003050-00,6600153617-00
search hs conical point grub screw m12x60-45h white galvanized hexagon socket,2634225721-00,5066868032-00,3091746206-00
i want grub screw m12 x60-45h hex hole conical point steel white galvanized type A2K,2634225721-00,9090531392-00,7544850930-00
info grub screw hex hole conical point white galvanized steel M16x20 45h pls,7782203578-00,2368003050-00,5897638051-00
i want grub screw hex socket conic point steel white galvanized m16 x 20 45h part,7782203578-00,2658021352-00,6035530235-00
search hexagon socket grub screwd conical tip m16x20 45h white galvanized steel piece,7782203578-00,2489784533-00,5501065460-00
search grub hs screw hex socket conical point steel white galv M16x30 45h part,9572923199-00,9650481371-00,9641115149-00
wanna find hexagon socket conical grub screw a2k white steel M16x30 45h info,9572923199-00,6145862798-00,6413035813-00
give me grub hex screw p a2k conical point stainless galvanized steel M16x30-45h pls,9572923199-00,2489784533-00,9713312546-00
search grub hexagon socket screw cone point white steel galvanized M4x10-45h a2k,7895769519-00,2634225721-00,4365909519-00
I want grub screw hex socket conical tip steel white galvanised M4x10-45h a2k pls,7895769519-00,7835034023-00,6586480729-00
info grub screw hs cone point galvanized steel hexagonal socket m4x10 45h a2k white,7895769519-00,7660587480-00,9147503056-00
searching for grub screw hex socket conical pnt m4x5-45h white galvanized steel a2k,7835034023-00,2103822303-00,5826927866-00
i want grubhexagon socket conical point screw m4x5-45h steel white galvanized a2k type pls info,7835034023-00,9829102239-00,8649274296-00
give me grub screw hs conical point steel white galvanized m4x5x45h hex socket a2k model,7835034023-00,9521712444-00,4606671218-00
search grubscrw hex socket coni p white metal m4x8 45h,9829102239-00,1388524047-00,3904441491-00
give me: hs conical point hexagon screw m4x8 45h galvanized steel,9829102239-00,9521712444-00,1013994276-00
specific grub screw hexagon conical p m4x8-45h white galv steel info,9829102239-00,3685572130-00,1913125651-00
looking for hs conical point grub screw m5x10-45h hex socket white galvanised steel,2103822303-00,6398827514-00,3090593496-00
info on hexagon socket grub screw m5x10-45h with conical pnt and a2k white galvanized,2103822303-00,6398827514-00,6005248041-00
give me grub screw hex hs conical tip size m5x10-45h steel wht galvanized plz,2103822303-00,5677958469-00,3202526870-00
search for hs conical point hex socket grub screw a2k m5x12 45h steel,4133880244-00,8137604383-00,3132891770-00
info on grub screw hexagon socket conical point white galvanised m5x12x45h a2k,4133880244-00,1094578790-00,7807065847-00
I want: grub screw hex socket conical type hs a2k steel white galvanised m5 m5x12-45h,4133880244-00,9741109116-00,7826489678-00
search grub screw hex socket cone tip white zinc steell M5x16 45h info,9741109116-00,6945181432-00,5789814708-00
I want: hs grub screw conical pnt hexagon socket white galvanised steel M5 16-45h pls,9741109116-00,4133880244-00,1747945048-00
give me grub screw M5x16 hex socket conical point white galvanised steel 45h part,9741109116-00,2103822303-00,1225952671-00
info grub screw hex knob with conical tip m5x5-45h white steel a2k,8137604383-00,2368003050-00,9990793220-00
search white galvanized steel hexagon grub screw conical pnt m5x5-45h a2k,8137604383-00,9572923199-00,2106723884-00
give me hex grub screw conical point m5x5-45h galv steel hs a2k,8137604383-00,2489784533-00,5506538398-00
search hex key grub screw conical pint m5x6-45h white galvanised steel a2k,2489784533-00,2634225721-00,7335286512-00
i want hexagon socket grubscrew m5x6-45h conical tip in white galvanized steel a2k info,2489784533-00,7602736333-00,4147306188-00
give me grub screw hs conical point with hex socket m5 x 6 - 45h white galvanized steel a2k please,2489784533-00,4133880244-00,2726415115-00
need hexagon allen type grub screw m5x8 45h white steel conical point hs conical a2k,2479083677-00,1094578790-00,6358349105-00
search info for m5x8-45h grubscrw hex socket conical pointed white galvanized steel a2k,2479083677-00,1094578790-00,6822152452-00
give me hexagon socket grub screw conical point m5x8 45h hs conical screw steel a2k white covered,2479083677-00,5605551532-00,4185081666-00
I want grub hex screw conical p white galv steel m6x10-45h A2K,5221213735-00,5074512420-00,4659010223-00
search hexagon socket grub scre M6 x10-45 h conical point white galvanized,5221213735-00,2103822303-00,9007191352-00
give me hexagon skt grub screw conical p m6 10-45h steel galvanized A2K,5221213735-00,9572923199-00,5008345398-00
search grub screw hex socket conical point steel white galv M6x16-45h info,9855194441-00,5677958469-00,7337262832-00
I want: hs conical point grub screw M6 x16 45h white galv steel hex socket pls,9855194441-00,7174182235-00,2080562227-00
give me hexagon socket grub screw conical p A2K size M6x16 45h with white galvanized steel,9855194441-00,2479083677-00,8687110294-00
want info grub screw hex socket conic point white zinc steel m6 x 20-45h,5605551532-00,2634225721-00,5863483943-00
search hexagon socket grub screw conical p A2K steel m6x20 45h white galv,5605551532-00,7782203578-00,6948161018-00
give me hex grub screw with conical tip A2k m6x20-45h white zinc plated steel,5605551532-00,9521712444-00,7367405253-00
search grub screw hex socket conical point white steel m6 m6x25 45h a2k info,2265233032-00,9521712444-00,9526772961-00
I want: hex screw grub type hexagon conical p. white galvanised m6x25-45h a2k pls,2265233032-00,7895769519-00,7544850930-00
give me grub screw a2k hex cone point M6 x 25 to 45 h galvanized steel exact match,2265233032-00,2971866041-00,8030314056-00
search grub screw conical point m6x30-45h hs a2k hexagon socket white galvanised steel,2368003050-00,2634225721-00,2049616791-00
I want: hex socket grub screw m6x30-45h with conical point a2k hs white galvanized steel,2368003050-00,9741109116-00,7151661320-00
info grub screw hexagon socket white galvanised steel conical p m6x30-45h a2k hs,2368003050-00,2634225721-00,5622965267-00
search grub screw hexagon socket conical point m6x40-45h white galvanized steel info,6398827514-00,9572923199-00,7692192434-00
I want: hs conical grub screw a2k m6x40-45h hex socket steel with white galv coating,6398827514-00,6271104408-00,6874152815-00
give me grub screw hex socket conical point a2k m6x40-45h steel galvanized white pls,6398827514-00,9741109116-00,6018052738-00
search for grub scre hexagon socket conical point whit galv steel m6x50x45h info,3685572130-00,9829102239-00,2028041505-00
I want: hex socket grub screw con pnt white galv m6 50-45h screw made of steel,3685572130-00,4403967100-00,3205324893-00
give me grub screw hs conical point white galvanised steel m6x50 45h hex socket type,3685572130-00,5677958469-00,8760264488-00
looking for grub screw hex socket conical point white steel m6x8 45h info,7174182235-00,9829102239-00,8705789131-00
want hexagon socket grub screw a2k m6x8 45h conical point galvanized pls,7174182235-00,1376399055-00,7826489678-00
search hs conical point grub screw m6x8-45h white galvanized steel hex type,7174182235-00,9669699196-00,3104080093-00
need info grub screw hex socket conical point white galvanised M8x10 45h,6145862798-00,5066868032-00,1378514553-00
search hexagon socket grub screw conical sharp pnt steel M8 x 10-45h a2k,6145862798-00,5221213735-00,5690510024-00
give me grub screw hexagonal socket M8x10-45h conical tip white zinc plated steel,6145862798-00,3359898107-00,2726415115-00
search grub screw hex socket conical point m8x16-45h white galv steel a2k,5677958469-00,9829102239-00,9060437798-00
I want grub screw hs conical point m8x16-45h hexagon socket white galvanized steel,5677958469-00,7602736333-00,7590432131-00
give me hs grub screw hex socket conical p a2k size m8x16-45h white galv steel,5677958469-00,9090531392-00,9344370987-00
search grub screw hexagon socket conical white galvanised steel M8x20x45h a2k,2016872502-00,2103822303-00,8698794570-00
i want grub screw hs conical tip hex socket m8x20mm 45h white galvanised steel info,2016872502-00,2103822303-00,7204923374-00
give me conical point grub screw hexagonal socket steel white galvanised m8 x 20 45h a2k,2016872502-00,7212344264-00,3580821337-00
need grub screw hex soc conical point A2K m8x25-45h white gal steel,2165953442-00,7895769519-00,2300869594-00
search for M8x25-45 hexagon screw grub steel conical point white A2K,2165953442-00,2489784533-00,8189288329-00
give me hs conical grub screw m8x25-45 hex socket white galvanised steel,2165953442-00,2265233032-00,6173154583-00
search for grub screw hex cone point a2k steel m8x30-45h,7212344264-00,7151661320-00,5102587125-00
I want: hex socket grub screw conical tip white galvanized m8x30-45h info,7212344264-00,9090531392-00,2892389414-00
give me grub SCREW hexagon conical point steel a2k m8x30x45h details,7212344264-00,6145862798-00,6312418668-00
search grub screw hex socket conic point galvaniz white steel M8x8-45h hs conical pa2k,1376399055-00,5066868032-00,2049616791-00
give me grub screws hexagon socket with conical point white galvanized steel size m8x8-45h hs conical p a2k,1376399055-00,9741109116-00,1013994276-00
info grub screw hex sock conical pnt white galvanized steel m8x8-45h part hs conical pa 2k,1376399055-00,9829102239-00,8195453239-00
search grub hex socket cup point screw m8x10 45h white galvanized steel a2k,9048598660-00,5152658680-00,7325563727-00
give me grub screw hs cup pointed hexagon galv m8 x10 45h steel a2k info,9048598660-00,2634225721-00,9503448128-00
i want grub screw m8x10 45h hs hex socket cup point steel white galv a2k please,9048598660-00,4938014729-00,7544850930-00
want grub screw hex socket flat ended stainles steel M4x5-21h a2 info,7254172697-00,6123290703-00,7174182235-00
search for hexagon socket grub screw flat end stainless a2 m4x5 21h,7254172697-00,2463572176-00,3748347140-00
give me hs grub screw flat end hex socket stainlees steel M4x5-21h a2,7254172697-00,6123290703-00,4051928637-00
search hex socket grub screw flat end stainless a2 m5x25 21h info,4220226415-00,2463572176-00,3012926011-00
give me hexagon socket hs grub screw M5 x25 flat end a2 stainless steel,4220226415-00,7254172697-00,6159899080-00
specific flat end grub hs screw hexagon stainless steel m5 25-21h a2,4220226415-00,6439186466-00,9778571217-00
I want search for hex socket grub screw flat end stainless steel type A2 M8x10-21h,9228106533-00,9308219724-00,9734057020-00
specific info grub screw hex hole flat finish A2 stainless steel M8 x 10-21h,9228106533-00,6123290703-00,9729631604-00
give me hexagon socket grub screw M8x10-21h flat end made from A2 stainless steel,9228106533-00,2692033395-00,5116420748-00
give me info grub screw flat tip hex socket stainless m8x16 21h a2,9308219724-00,1542882622-00,6345452813-00
search hexagon socket grub screw A2 stainless steel flat end M8x16 21h,9308219724-00,2692033395-00,7748564458-00
I want hex socket grub screw flat end stainless steel M8x16 21h a2 type,9308219724-00,2463572176-00,5828119227-00
i need info on screew for white galvanized steel material grub m10 x 1.25 x 40 45h a2k type,9147503056-00,5066868032-00,8698794570-00
"search specifix grub screw with thread 1,25 10mm and 40 45 height and coating type hsfh and a2k galvanizd",9147503056-00,2833252741-00,4181689176-00
"give me details on a2k type grub screws hsfh plating with diam 10mmx1,25 thread xlenth 40 to 45mm how companents Mateiral is steel whti galv",9147503056-00,2205046870-00,5897638051-00
i need info on flat end grubscrew with a2k coating & m10x10 45h dimensios,2726415115-00,7325563727-00,2266480034-00
search for h/s m10x10 45h flat socket head grub screw a2k(hexagon type),2726415115-00,9325677048-00,1278211702-00
"give me specifik data on white galvanised a2k grub screws, flat ended, hex sock M10x10 / 45h",2726415115-00,8254688091-00,6352965674-00
search for flat end hs grub screws a2k m10x20 45h in whit steel galvanized hex socket,6874152815-00,9880764182-00,4453967750-00
info on hex soc m10x20 45h grub screws with flat endings type a2k hs material is white galvan steel,6874152815-00,5721473726-00,8522302620-00
i want grub screws m10x20 to 45h spec a2k hs flat end hex socket material is like white galv steel,6874152815-00,2164394937-00,6352965674-00
search infos on hs a2k whit galvanzied steels grub screws flat tip m10x40 to 45h long,5506538398-00,5863483943-00,2088268475-00
i need specifik hex sockts grub screw size m10 x40-45h flat ended in steel white a2k with hs code,5506538398-00,2128548752-00,9728025833-00
give me detals of m10 x40 45h grub screw hs code flat ends whit zinc coating steels equal a2k hexagon socket,5506538398-00,9007191352-00,5337702452-00
i want stainless stel grub screw a2k or wite galvanisd flat end socket hs m10x50 with 45h thread give me info,2236883020-00,3917547196-00,9741109116-00
specifik hex soket grub screw hs flat ended a2k seris or galvanizd m10x50 with pich 45h,2236883020-00,5721473726-00,7510141127-00
search hs grub screw metrik flat ended white galvanij a2k serie us m10x50 45h what are specifikations,2236883020-00,2164394937-00,9147503056-00
info on screw type hs / flat end / a2k spec / m12 x 10 45h size hexsome socket what material,5789814708-00,7826489678-00,5308978324-00
"i want data sheet on m12x10 grub screw 45h, flat end type, hexagon socket a2k coated in white,  galvanized steel",5789814708-00,8071445697-00,3455590283-00
give me spec sheet for m12 10-45h grub screw flat ened hs / hex socket type whit galv steel mat a2k info,5789814708-00,7544850930-00,2463103318-00
"i need info on screw a2k type hs, size m12 x 12 45h flat egnd stl whit gavanzied",7521870912-00,2236883020-00,3984480791-00
search specif grub scrw hex Soket m12x12 45h flat whit a2k typ dont no materil but is whit galvenazed finish,7521870912-00,5863483943-00,8022444645-00
"give me hs typ grub scrwe flat point, hexsocket a2k m12x 12 45h lockin whit srew fe male gzlvanized",7521870912-00,9747330567-00,3873262707-00
i want info on grub screw m12x16-45h a2k hs flat end whit galv stel hs sock surf,7337262832-00,3917547196-00,4365874663-00
specif grub screw data m12 16 - 45 h hs a2k hex whit zink plated with flat ending,7337262832-00,7544850930-00,2203707952-00
search technical info about hex sock grub screws flat ends a2k m 12 x 16 - 45 h wht galvan steel  material,7337262832-00,8698794570-00,2634225721-00
search screw w/ hex socket a2k or white galvanized steel flat end size m12x35 to 45mm,8605355283-00,7151661320-00,2374738313-00
info on m12 x 35 grub screw 45 thread len flat end type a2k hex soc white color coated,8605355283-00,9747330567-00,3910293894-00
"give me spec of a2k m12x35-45 grub screw / flat tip grub srew, galvanize steel w/ hexagon sockt",8605355283-00,2726415115-00,4568894138-00
"i need spec for screw, type grub a2k, size m12 x 40 - 45 h, flat end with hex soket, steel whit galvan",9880764182-00,5501065460-00,8782691424-00
"searc info on grub screw hs, a2k means wht?? hexagon scket, flat end, galvanized stl, metri size m12x 40 to 45h",9880764182-00,9962012008-00,9829102239-00
"req Material spec sheet for M12x40-45h wht coat hex grub screw hs, steel flat end type Disclaimer: grammar/spelling errors intentional",9880764182-00,6005248041-00,1278211702-00
search fr grb scrw hex sockt w/ flatnd a2k m12x45-45h stainlss,6035530235-00,9650481371-00,5789814708-00
info especific hexagonal socket grubscrw wit flatend steel m12x45-45h 45h galvnzd,6035530235-00,4133880244-00,9007191352-00
i want: sockt grub screws a2k flatend stl m12x45-45h hexa 45h white,6035530235-00,2634225721-00,2037215776-00
searchin for hex soct grub scrw whit zinc platd a2k m12x50/45h flatend,2252168350-00,7782203578-00,3091746206-00
give me infos on screw grub hexa socket flatend whit galvaniz a2k m12x5-45,2252168350-00,9669699196-00,3202526870-00
i want specific on grubscrw hexsock flatend steel type a2k m12x50 45h whit,2252168350-00,9147503056-00,4181689176-00
search flat end grubscrw hex socket a2k m12x60-45h whit galvnlzd,3388938782-00,9880764182-00,1094578790-00
i want grub screw hexagon a2k steel screw m12x60-45h w/ flatend,3388938782-00,3972732506-00,5352015213-00
give me info specif grubscrw hexsock flatend whit galvaniz m12x60-45h,3388938782-00,4586595445-00,7325563727-00
searchin 4 info tinny grub screw hex soct flat ending whit metl galvanize 16x16-45 stainlss,7826489678-00,8030314056-00,8129997486-00
i want: screw grub hexa sockt finis in flat whit end stl a2k metirc 16 x16- 45h,7826489678-00,9325677048-00,6271104408-00
giv me: specifics hex sock grubscrew w/ flat ending steel galv 16x 16 45h a2 kind,7826489678-00,4457628282-00,5322750371-00
search hex socket grubs crew flatend whit zinc m16x30-45h,7544850930-00,9650481371-00,9962012008-00
i want info on hexagonal sock screws a2k endflat M16x30-45H,7544850930-00,7518381135-00,3202526870-00
find flatend grubscrw hexagon white metal 16x30-45h stainles,7544850930-00,7212344264-00,9962012008-00
lookn for hex soct grubscrw whit end size m16x35-45h info,1013994276-00,3388938782-00,2463103318-00
searh a2k flatend grub screws hexagon white galv steel,1013994276-00,2634225721-00,7630033023-00
i need grub screw m16x35-45h type hex sockt flatend a2k stl,1013994276-00,2489784533-00,7877351864-00
search flat end grubscrw hex socket m16x40-45h a2k,5897638051-00,1013994276-00,9572923199-00
info especific hexagonal socet grub screw wht metal 16x40-45h,5897638051-00,5066868032-00,5721473726-00
i want: screw grub hexsockt flatend galvnz a2k m16x4,5897638051-00,5337702452-00,6947945444-00
search flat end grubscrew hex sock a2k galvnize steel m16 55-45h,8698794570-00,8030314056-00,6077061732-00
info specific hexa socket grub screw whit galvanised a2 k m16x55-45 h,8698794570-00,9308219724-00,7337262832-00
i want grubscrew hexagon sockt flatend steel a2k 16x55-45h white galv,8698794570-00,2634225721-00,4429913408-00
searh someting like grb scr hexgon socket falt end a2k galvniz steel 20x4,2128548752-00,2609079641-00,7692192434-00
I want: info specific grub scrw hex sockt pointy tip a2k m20x45-4,2128548752-00,8137604383-00,7604168415-00
giv me: hxagon socket zero tip white steel m20x4,2128548752-00,5986859531-00,1560087501-00
search screw hex soct flt end a2k galvnzd stell m3x10-45h,5501065460-00,5863483943-00,1373794031-00
i want grubscrew hexagon white flatend m3x10 45h a2k,5501065460-00,9857994711-00,7367405253-00
info specific for screw hex socket end flat m3 x10-45h a2k galvaniz steel,5501065460-00,7826489678-00,3910293894-00
search for grub screw hex socket flat a2k m3x5-45h white galv steel,7325563727-00,2128548752-00,1278211702-00
need grub screw m3x5-45h with hex/ flat end a2k galvanized,7325563727-00,7590432131-00,3030593180-00
give me info on grub screw hs m3x5-45h white galv flat tip a2k steel,7325563727-00,7521870912-00,5704325743-00
search for grub hexagon skt scrw flat ennd a2k whit galvanisd m4 by 10x45h,4265798346-00,7367405253-00,2088268475-00
info grub-screw flat-end hex soket galvanized steeel M4x10-45H screw type A2K,4265798346-00,9325677048-00,2692033395-00
I want: hs grub screw m4X10 / 45-h flatt white galvnd steel hex socket,4265798346-00,7808173269-00,7359971500-00
search grub SCRW m4 X 20-45h hex socket flatt end galvanized whit steel,5721473726-00,3202526870-00,5185231715-00
info on hrexa socket grubb scerw A2K m4*20-45-H flate end steal,5721473726-00,4571590299-00,7774599888-00
i want grubb screw M4x20 45h flat endpoint galvinze hexgon socet,5721473726-00,9325677048-00,2265233032-00
search info grub screw hex socket flate end A2K m4x4/45h white galvanzz,9747330567-00,5863483943-00,6822152452-00
"I need grub scw with HEX socket, flat end, m4x4-45h, whit galv. steel",9747330567-00,5721473726-00,7604168415-00
specific m4x4/45h white galvnized steeel hexgon grub screw flatend,9747330567-00,3359898107-00,7826489678-00
"searc grub screw hexagon socket flt end, white galvzinzed A2K steel M4X5/45H?",5863483943-00,7835034023-00,2869859722-00
"info for grub screw hs flat head m4by5mm galvinized white stell, code 45h",5863483943-00,5506538398-00,5074512420-00
"give me: grub skrew M4 x 5-45H steel A2k, flat ended, hex socet",5863483943-00,1054349066-00,6945181432-00
"I want: grub screw m5x10, hex socket, white galvanized steeel, flat end A2k, 45h",9325677048-00,6098060240-00,5511269683-00
search grub-screw hs flat end m5x10 45h galvanized steel (white),9325677048-00,2236883020-00,1732199075-00
specific info grub scrw M5 by 10mm / hex socket WHITE-STEEL  A2k flat-ed,9325677048-00,5863483943-00,7511541800-00
search grub screew hs soket flat end a2k steel m5 x 12 - 45h,3904441491-00,6035530235-00,3685572130-00
info for white galvanized grub skrew hex sokct flat end m5x12-45H,3904441491-00,7325563727-00,9669699196-00
give me: flat-end grub hex screw A2K galvinized M5 12mm -45h,3904441491-00,1225952671-00,7320801684-00
search grub screw hex soket flat-end A2K m5 x 15-45 h steeel galvanized white,1225952671-00,7204923374-00,2257511613-00
"info on m5*15-45H flt-end grub scw, white galvnzd hex socket stell a2k?",1225952671-00,7544850930-00,2265233032-00
specific grub srews hexgn sckt flate end m5-15x45 h steel whit galvanzing A-2K,1225952671-00,9308219724-00,5211292766-00
search grub skrew hex sockt flat head a2k m5x20-45h stel galvanized white,9007191352-00,3202526870-00,7223215219-00
info on grub screw hexagon hole flat tip whit galvanazed steal M5 20-45 length,9007191352-00,1684555397-00,6159899080-00
specific grub-screw A2k flat-end M5x20/45H made of white steel galvonized,9007191352-00,7367405253-00,9060437798-00
search for grub hs screw a2k flat end m5 x 25 - 45H steel,3202526870-00,5501065460-00,1278211702-00
info on flat end grubb screw hex soc. white galvanised M5x25/45H,3202526870-00,8641791085-00,2463103318-00
I want: HEX socket grubscrew 5x25-45H A2K white zinc,3202526870-00,2634225721-00,2236883020-00
search grub srew hex sock flat-end A2k m5x35/45 h gimme details,8030314056-00,8605355283-00,1114043114-00
info pls grub skrew M5 x 35-45h flat tipe hexagon socket galv steel white,8030314056-00,4181689176-00,6352965674-00
i want: grub scrw flat-end hex soc white-zink m5 35 to 45 H,8030314056-00,5863483943-00,2425021393-00
search grub screw hex soket white galvanized steel M5 x40/45h flat en pls,6010207047-00,9007191352-00,6291347005-00
"info on HS screw flatend, hex socket, a2k material, need M5-40  45 H one",6010207047-00,5360297225-00,3202526870-00
"specific grub screws m5x40-45h flat tip hex SOCKETED a2k, white metal",6010207047-00,7151661320-00,4403967100-00
search grub skrew M5 x 8 - 45H whit galvanised hex socket flat end steel,7873219226-00,7521870912-00,9387215994-00
want info on m5x8 flat hex end grubb screw steel a2k white coating,7873219226-00,8030314056-00,7611904021-00
spesific grub-srcew hexgon socket flatt end m5x8/45-H galvanizzed steel,7873219226-00,7254172697-00,9793768748-00
info grub scerw A2K hex socket flat tip m6x10-45h white galvanized,8468201600-00,5721473726-00,5380898723-00
serch grubscrw FLAT-END hexagon sckt steel m6 10mm galvnized whit,8468201600-00,7151661320-00,2336896288-00
I want hex socket grub screew m6x10 45H flatend whit galvaniz steel,8468201600-00,5677958469-00,6874152815-00
"wanna find grub screw with hex socket, a2k flat point, M6x12-45h white coat stel?",8254688091-00,5721473726-00,1922810124-00
"search flat-end GRUBS, hexkey socket m6 12mm length 45-h galvanzd wite",8254688091-00,7826489678-00,9557184959-00
info: steel grub screw flat hexagon sckt a2/k m6x12mm - 45h galvd,8254688091-00,6874152815-00,3119784394-00
"search grub screw hex socket flat end whit galvinised metal M6 x 16, 45H",2164394937-00,9007191352-00,7782203578-00
info on grub screws A2K m6*16-45h hexagon-flat end galvinize,2164394937-00,7521870912-00,6398827514-00
"give me specific grub screw flat end, m6x16 45h, white galvaniz steel hex socket",2164394937-00,5863483943-00,4568894138-00
info on grub screws flat end with hex socket m6 x 20- 45h white steal galvanzd plz,4181689176-00,2128548752-00,2489784533-00
search for: grub screw hex socket flat end steel white galv A2K M6 20x45 -h,4181689176-00,5789814708-00,4624316935-00
give me hs grub screw m6x20 to 45 h flt end whit galv steel,4181689176-00,9308219724-00,5933620471-00
search grub-screw hex soket flatend white finish steel m6 x 25 to 45 H,1054349066-00,8813172774-00,1378514553-00
info for grub scrw hexagon soc. flat tip A2K m6 by 25--45?,1054349066-00,2538868426-00,5997622662-00
I want: grub screws HS flat-end galvanized whit steel size M6x25/45-H,1054349066-00,5506538398-00,9557184959-00
search for grub screw A2k white Galvanised hex socket FLAT end m6*30-45H,6005248041-00,1054349066-00,2953169297-00
info on hexagon socket screw flatend white zinc steel M6x30 / 45h grub,6005248041-00,9908968425-00,7359971500-00
give me: flat-end GRUB screws a2k HEX socket M6x30 45h white steel,6005248041-00,9007191352-00,7604168415-00
looking for grub scrw hex socket whit galvanised m6 x40/45-H info,2609079641-00,4410734538-00,2128548752-00
search grub srews flatend a2k hexagon socket M6 40 to 45H steel??,2609079641-00,2088268475-00,1998064545-00
give me grub screw flat-end white galvnz hex socket m6 times 40-45h,2609079641-00,8030314056-00,9669699196-00
"search grub screw hex sockett flat end, A2k steel white galvanzed m6 x 50mm-45H",6098060240-00,4365909519-00,2016872502-00
info on hex socket grub scroow flat-END white coatd galvanise steel M6*50-45h,6098060240-00,1054349066-00,9844671434-00
"specific grub screws hexn soket / flatend m6/50mm 45 h, galvanized white stel A22k",6098060240-00,9526772961-00,5501065460-00
search grub srews m6x6 white color galva. steel flat hex socket a2k-45h,7204923374-00,7544850930-00,9557184959-00
"need info on grub screw hexagon soket, flat end M6*6mm steel white galvanized a2k (45 h)",7204923374-00,3218830030-00,2165953442-00
flat end grub screw hex soket A2k m6 x6—45h galvanisaiti steel white,7204923374-00,3090593496-00,7895769519-00
"search grub scrw hexgn socket flat tip, m6x8-45h, white galvanizd stell",3090593496-00,7174182235-00,3302201450-00
"i need info on grub screw hs flatend a2k M6 x 8 45h, white galvanizzed steeel",3090593496-00,8858466482-00,8605355283-00
"give me: grubsocket screws flatend hex m6/8-45h, wht galvanized metal",3090593496-00,2538868426-00,8691580996-00
search grub skrew hex socket white galvnted m8 x10 45-H,1913125651-00,5621711058-00,6874152815-00
info on grubcrew a2K m8*10 flatend white zinc steel hs,1913125651-00,9723645203-00,5152658680-00
"gime ""grub scrw"" flatended hex sckt M8/10-45h galvanized",1913125651-00,7602736333-00,9137602664-00
search grub screw hex sockt flat end m8x16 white galvanisd steel 45h,7367405253-00,6010207047-00,7146771293-00
pls find: grub hexgon scrw flat end A2K M8 x 16 45-H galvnizd,7367405253-00,9325677048-00,9991528053-00
info grub_screw flatend hexsoc white m8/16 steel galnized,7367405253-00,7624899234-00,3555796952-00
search grub skrew hex sockt flat end a2k m8 1 x10/45h white,9962012008-00,5721473726-00,1431389609-00
"info a2k grub Screw, m8x1x10-45h galvanzied white flat end hexgonn socket",9962012008-00,7367405253-00,1108656646-00
"specific grub screw flatt end, Hx sck a2k m8*1*10-45h stel, galvnized",9962012008-00,7590432131-00,6692325649-00
"need grub screw whit Hex sockt flt end, A2K 20mm to 45H, galvanized m8",3091746206-00,5789814708-00,9308219724-00
info pls grub screw hex sckt flat end steel A2k m8x20 - 45 H galvaniz,3091746206-00,8698794570-00,9090531392-00
"search grub m8 x 20mm flat end whit hexagon soket, white galvanized, screw steel 45-H",3091746206-00,2252168350-00,2479083677-00
"info grub screw hex socket, flat tip, A2k, steel, m8 x 25 45H white zinkd",3917547196-00,8071445697-00,2088268475-00
"search m8 by 25 grub bolt, galvanisd whit stell, hex soc, flat-end A2k, 45-H",3917547196-00,7325563727-00,3653142136-00
give me: grub screws A2k m8/25 45h whit galvanez steal flat hex>-->,3917547196-00,3218830030-00,2479083677-00
I want grub scre m8 x 30 with hex sockt a2k 45-h flt end,7151661320-00,1225952671-00,9991528053-00
search hex socket grub bolt flat tip m8/30 steel white galvnized 45 H-code,7151661320-00,5431850038-00,7511541800-00
specific grub screw flatend A2K m8x30 - 45h white galvainted,7151661320-00,9147503056-00,7325563727-00
search grub socket screw m8 x 40-45h flat end hex white steel galvanzed,3218830030-00,7544850930-00,4514307030-00
info on hexagonal grub screw flat-end size M8x40 45H made of a2k white galvaniz,3218830030-00,2164394937-00,6085123772-00
"give me: grub screw hs flat-end M8 size, steel, white galvinzed, socket type",3218830030-00,1013994276-00,5726401144-00
want info on grub screw hex socket flatend white galva steel M8x45 45H,7590432131-00,2088268475-00,8186036331-00
search grub screw hs flat end steel white galvanzed m8 x 45-45H,7590432131-00,3904441491-00,2103822303-00
specific details grub scrw HEXAGON socket Flat end A2K steel m8 45mm 45-H,7590432131-00,3202526870-00,3685572130-00
search grub crew hex soket flat end galvinzd steeel m8 by 6 45h,4365909519-00,5501065460-00,7174182235-00
info grub screw A2k flt end hexgon socket whitee galvnised m8x6mm 45h,4365909519-00,8698794570-00,6271104408-00
grub scrw M8X6-45H flatt end galvenized stell hex sokt pls,4365909519-00,8030314056-00,1052315420-00
"search grub skrew with flat end, hex socket A2K, made of white galvanised stel, size M8 x 60 / 45h.",8071445697-00,8468201600-00,3030593180-00
"info for groob screw hex sockt type, white galv. steel m8x60-45h flat end plzz.",8071445697-00,7873219226-00,9189484113-00
I want: grub screw with hsocket HEX type Flat ENd galvanized WHITE stel m8/60 45h.,8071445697-00,8468201600-00,1431389609-00
search grub screw hex socket flat edge m8 x 70 white zinc-plated stell 45H?,1378514553-00,2252168350-00,8232184671-00
"Info on hs grub srews, flat-ednd, A2K, dimension M8*70 45-H galvin soctt wranch!",1378514553-00,2463572176-00,6123290703-00
I want: white galvanized hex skt grub screw m8/70-45h flattt ENd details pls.,1378514553-00,2128548752-00,7648626463-00
info: grub screw hex sockt flat end m8/8 45-H whit galvanizd A2k stel,8641791085-00,2164394937-00,3285264200-00
search flat-end grub M8 x 8 STEEL galvniz hex soket A 2k,8641791085-00,2463572176-00,9164378441-00
give me: hex sockt grb screw white steel flat end m8x8 -45h,8641791085-00,1225952671-00,9189484113-00
search m12 x16 brass grubscrew hex socket flat end cw508L,2463572176-00,3339120926-00,3113830218-00
"info on grub screw, brass material, HS socket, flat-end, 12mm by 16 mm dimensions",2463572176-00,7590432131-00,2971866041-00
need flat head socket grub screew m12 * 16 hex tong brass cw508l,2463572176-00,5011131774-00,8191859174-00
search grubcrew flat end hex socket brass m8x12 dimentions?,2650154326-00,9308219724-00,3691912117-00
info hexgrub screw hsocket flat finish CW508-L brass M8 by 12mm size,2650154326-00,2995356510-00,5191521234-00
need specific brass grp screw flat-end 8mm x 12 hex socket cw.508l,2650154326-00,5897638051-00,5713567997-00
search shacle bow alloy stell 2 tons SWL galvanized whit,1721102402-00,6902345456-00,2931864581-00
alloymetal bow sckle 2T load capacity A2k steel white coat,1721102402-00,7627731391-00,3624754278-00
info for bow shckls steel alloy galvenized sw 2T,1721102402-00,7858424626-00,1126028490-00
search alloy steeel shackle a2k 3.25 T swl whit galvanized,7627731391-00,7013411208-00,3478926866-00
"specific info on bow shackles SWL 3,25 ton alloy metall white finish",7627731391-00,1679897402-00,5419770835-00
"i want bow shackls, 3,25T galvinized a2k metal steel aloy",7627731391-00,1721102402-00,3810692731-00
search bow shaqkles 6.5t alloy steeel whit galvanize info pls,1679897402-00,6529849998-00,6711268221-00
"give me bow shackl A2K SWL 6 5 T, i think alloy metal steel",1679897402-00,6887895412-00,6341704425-00
"specific alloy sckl 6.5t bow white galvanised, steel",1679897402-00,6824517508-00,6149920023-00
search alloy Dee shacklz A2K galvanized whit 0.25t SWL info,6824517508-00,3286166145-00,3981189670-00
I want: alloy steel D shckle / swl 0.25 ton galvanized white,6824517508-00,2205046870-00,4407921557-00
specific a2k shackle alloy stl SWL 0.25t dee galvenized,6824517508-00,6010330454-00,1536796713-00
search threaded insert cylindrical head m10 white galvanised stell ftt/c,2180285684-00,2796016373-00,2031660634-00
"info on cylindrical thd insrts CH, A2K galvanizd steel M10?",2180285684-00,2308371976-00,3384169379-00
give me CYLINDRIAL treaded insert FTT/C m10 white steel galvanised,2180285684-00,8204718697-00,4788689431-00
find cylindrical THD insert with cylndrcl hd m3 a2k whit galvanzd stel,8271010713-00,3929231998-00,1547798321-00
info on cylndrical threaded head insert FTT/C m3 galvinized wht steel,8271010713-00,2180285684-00,7573797526-00
search for cylndrcl threadd insterts whit galvanised still A2k C head m3,8271010713-00,7643733072-00,7165977649-00
"need info for m4 thrd insert cylndrical head, white galvanizd stell, ftt/c type",2796016373-00,9865133896-00,4807814893-00
give me CYLIND drill inserts w/ threads steel A2k M4 Fttc,2796016373-00,4823204896-00,3132322870-00
"search cylindrical THREADED insrts, ftt/c, white glvnzd M4",2796016373-00,8271010713-00,8361149774-00
search cylindrical threaded insert with cylndrcl hd ftt/c steal white galvanise M5,9036324333-00,5173715598-00,5195367950-00
I want: cylnder thread inserts head FTT/C a2k steel (m5) galvaniezd white,9036324333-00,2180285684-00,3018333822-00
info on cylndrcl thd inserts with cyclindrical top m5 wht steel galvniz,9036324333-00,4940282571-00,5866832251-00
"info cylindrical thd insert, head ftt/c, A2k, size m6 in white steal?",2218027097-00,1681278189-00,7301625995-00
"give me cylindrical threaded inserts ftt-c, white galvinized stell M6 thred.",2218027097-00,2180285684-00,6603980774-00
search cylyndrical head insert ftt/C A2K galv.steel m6 size pls.,2218027097-00,1681278189-00,3018333822-00
search for cylindrical threded insert m10 fts/c with flat head in white galv steel plz,2308371976-00,9844671434-00,1378514553-00
info about countersunk cylindrical inserts cfh m10 a2k in white galvanized steel,2308371976-00,3543972817-00,6018052738-00
give me: flat head cfh m10 cylindrical thrd insert fts/c galv steel white,2308371976-00,6750118579-00,8605355283-00
search cylindrical thd insert fts/c m4 white galvanized steel with cfh and a2k,3320997887-00,9358750566-00,1547798321-00
give me info on countersunk flat head inserts cylindrical m4 cfh fts/c a2k,3320997887-00,9358750566-00,6077061732-00
looking for m4 thread insert cylindrical type in white galv steel fts/c cfh and a2k,3320997887-00,6750118579-00,2869859722-00
looking for cylindrical thrd insert fts/c a2k m5 in white galv steel,3929231998-00,9036324333-00,9985673215-00
search for m5 cylindrical inserted threads countersunk flat head cfh galvanized,3929231998-00,4633625354-00,3633311233-00
info about fts/c cylindrical thd inserts m5 a2k in galvanized steel white,3929231998-00,9036324333-00,9641115149-00
searching for m6 cylindrical insert thd cfh fts/c white galv steel,1876945966-00,9358750566-00,7531996245-00
I need a2k m6 cylindrical threaded insert flat head countersunk white steel,1876945966-00,3929231998-00,5955385582-00
looking for cylindrical thd fts/c insert m6 in galvanized steel with flat head,1876945966-00,1681278189-00,6173154583-00
searching for cfh fts/c cylindrical thd insert m8 white galv steel,6750118579-00,7408470863-00,2056020036-00
need info on flat head countersunk cylindrical threaded inserts a2k m8,6750118579-00,2308371976-00,3804855403-00
looking for m8 cylindrical insert fts/c c2m a2k white galvanized steel,6750118579-00,1876945966-00,8368256870-00
search: clyndrical thrd inserts m8 ftt/c with flat head cfh in white steel galvanized,9358750566-00,3320997887-00,2128548752-00
info: countersunk ftt/c m8 thd cylindrical insert in galv steel a2k type please,9358750566-00,3320997887-00,3983001081-00
give me: m8 flat head threaded inserts cfh clyndrical a2k with galvanized steel,9358750566-00,3320997887-00,6611607843-00
search for hexagon thrd insert ftte/l m10 in white galv steel ch cylindrical head a2k,3543972817-00,8271010713-00,5826927866-00
give me info on m10 hexagonal threaded inserts ftte/l white steel with cylin head,3543972817-00,8524394518-00,7142238274-00
find hex thd inserts of type ftte/l m10 made of galv steel white ch cylindrical head,3543972817-00,8524394518-00,7552750844-00
"find me something like hexagonal threaded inserts for m12 size, maybe cylindrical head, ch ftte/l a2k stuff",6391201229-00,9036324333-00,2928794343-00
"info on hexagon thd insert, looking for ftte/l white galv steel m12, like cylindrical head dimensions",6391201229-00,8271010713-00,7510513190-00
"search for m12 hexagonal ftte/l ch inserts can be cylindrical head, white galvanized maybe, a2k or something like that",6391201229-00,8271010713-00,4114984509-00
search hexagonal thrd inserts with cylindrical head ftte/l in m4 size from white galv steel,9865133896-00,6391201229-00,3562703168-00
info on hexagonal threaded insert ch ftte/l made of white galvanized steel m4,9865133896-00,4242885761-00,3112439740-00
find hexagon threaded cylindrical head inserts a2k m4 with ftte/l in white galvanized material,9865133896-00,6391201229-00,9127105398-00
search for hexagonal thrd insert cylindrical head m5 in steel ftte/l or something white galvanized,8524394518-00,3684987268-00,7301625995-00
info on hexagon insert m5 ftte/l a2k and dnt forget about head type like cylindrical,8524394518-00,5173715598-00,8723283629-00
I want hexagonal threaded insert head ftte/l a2k m5 galvanized steel white please,8524394518-00,4242885761-00,8037006337-00
search for hex thd insert cylindrical head ftte l white galvanized steel m6 a2k,4242885761-00,2218027097-00,9346361961-00
info on hexagonal threaded inserts ftte l galvanized m6 ch a2k white,4242885761-00,1681278189-00,4624316935-00
gimme info on hexagon thd insert cylindrical ftte/l white steel m6 a2k,4242885761-00,1876945966-00,6413035813-00
give me the hexagon thrd insert with cylindrical head ftte/l m8 in white steel galv,3580821337-00,7408470863-00,6179478807-00
"search for the hexagonal insert, threaded type, m8, cylindrical head, made of galvanized steel white",3580821337-00,9991528053-00,8723283629-00
"I need the ftte/l hexagon thd insert for size m8, white galv steel and cylindrical head please",3580821337-00,3543972817-00,4897352893-00
search for hex thrd insert rh a2k m10 white galvanized steel reduced head,8204718697-00,5173715598-00,5259351791-00
info on hexagonal insert thread reduces head er/c m10 a2k galvanized stl,8204718697-00,9991528053-00,8913245598-00
need hexagonal threaded inserts with reduced head in rh and m10 white steel,8204718697-00,6733410119-00,2928794343-00
search for hexagon threaded insrts reduced head m12 er/c white galv steel a2k please,6733410119-00,8204718697-00,1432523498-00
info hexagonal insert rh galvanized steel m12 er/c with reduce head,6733410119-00,4823204896-00,6667303359-00
give me hexagonal thrd insert a2k m12 white galv reduced head er/c,6733410119-00,3684987268-00,7611904021-00
plz give me hexagon thread insert with reduced head ER/C white galvanized steel m4 size,4823204896-00,9991528053-00,8971643306-00
info about thd insert hexagonal rh ER/C A2K m4 steel with white and reduced head,4823204896-00,8740694432-00,4807814893-00
search for hexagonal insert thread size m4 rh steel galvanized white er/c,4823204896-00,1253568846-00,4659010223-00
give me hexagon thd inserts M5 reduced head in galvanized white steel,3684987268-00,1253568846-00,2069007815-00
search for hexagonal threaded insert with reduced head ER/C white steel m5,3684987268-00,8845118499-00,3008254339-00
info on hexagonal thd insert rh er/c steel a2k m5 fata system,3684987268-00,8740694432-00,4131998906-00
search for hexagonal thd inserts with rh head er/c and a2k for m8 size in steel,7408470863-00,8204718697-00,1760470605-00
give me info about threaded hexagonal insert reduced head er/c white galv steel m8,7408470863-00,9991528053-00,5126431065-00
looking for m8 hexagon thd inserts with reduced head rh in white galvanized a2k steel,7408470863-00,8845118499-00,4559775853-00
search hexag nal thd inserts m10 white galvanized steel rh er/l a2k reduced head,8740694432-00,6733410119-00,9144101775-00
info hexagonal threaded insert reduction head m10 galvanized steel rh a2k er/l,8740694432-00,1253568846-00,5713567997-00
give me hexagonal thd insert rh m10 a2k white galvanized steel reduced head info,8740694432-00,3684987268-00,2462869810-00
"hexagonal thrd inserst white galvanized steel m4, reduced head er/l i need info",8845118499-00,1253568846-00,8971643306-00
search for hex thrdded insert a2k reduced head m4 galvanized steel,8845118499-00,4823204896-00,9487954222-00
i want hexagon REduced head er/l m4 thread insert white steel where to find,8845118499-00,4823204896-00,4893172831-00
search for hexagon thrd insert reduced head m5 in white galvanised steel,5173715598-00,6733410119-00,3281332982-00
give me hexagonal threaded inserts rh er/l a2k m5 whte,5173715598-00,8845118499-00,9419602658-00
hexagonal thd insert reduced head steel m5 er/l white plz,5173715598-00,9991528053-00,9575584857-00
search hexagonal threded insert rh reduced head m6 in white galv steel info pls,1253568846-00,8204718697-00,9241749184-00
give me hexagonal thd inserts having rh and er/l in a2k m6 size,1253568846-00,6733410119-00,8230451596-00
lookin for hexagonal insert rh m6 white galvanized steel reduced head er/l,1253568846-00,1681278189-00,1871950127-00
search for hexaganal threaded inserts m6 reduced head like rh er/l in white steel galvanized,1681278189-00,4823204896-00,6508425047-00
plz give me info on hexagonal thd insert m6 in white galvanized reduce head or rh er/l,1681278189-00,8845118499-00,8195453239-00
i want: hexagonal m6 thd inserts rh er/l white steel galvanized with reduced head,1681278189-00,6733410119-00,2096233051-00
search hexagonal threaded insert reduced head m8 galvanized steel rh er/l a2k,9991528053-00,5173715598-00,2897779206-00
give me hexagonal thrd insert white steel m8 reduced head er/l a2k,9991528053-00,6733410119-00,3569251090-00
info about m8 hexagonal insert er/l white galvanized reduced head steel,9991528053-00,5173715598-00,3653142136-00
search feather key shape c45c 18 mm x 11 mm x 100 mm,1536843318-00,1809871854-00,9681999783-00
info a c45c featherkey dimensions 100 length 11x18,1536843318-00,9775450433-00,5652404820-00
looking for 18x11x100 c45c key shape feather,1536843318-00,2469021087-00,7988037521-00
search for feather key shape c45c 18mm x 11mm x 50mm plz,1194332529-00,2469021087-00,2039087397-00
need info on feather key c45c shape dimensions 18x11x50,1194332529-00,8484402553-00,4571590299-00
gimme feather key with shape type c45c sizes 18 by 11 by 50,1194332529-00,1536843318-00,8891849873-00
i need to find square wedge wash3r scf-220-na type for project,3598238979-00,6069903182-00,4571590299-00
looking for type scf 220 na square shaped washer wedge,3598238979-00,3195565534-00,7136905351-00
can u please give me square wedge shapped washer code scf-220-na info,3598238979-00,2683054798-00,3801883632-00
searching for bar handle pp steel plain 196x27x57 m8 or something like it,5903295517-00,9788886065-00,2320198646-00
info on bar handle pp 196 by 27 by 57 mm m8 plain steel needed,5903295517-00,8026821230-00,3315991152-00
give me the bar handle 196x27x57-m8 pp type or similar steel one,5903295517-00,6603193262-00,3339120926-00
search for mekora bar handel in pp steel plain,8026821230-00,6757660918-00,1932500150-00
give me info pp plain mekora bar handel steel,8026821230-00,1871542232-00,4763264514-00
look for mekora handels bar pp steel and plain,8026821230-00,6373766664-00,1664484787-00
i need wire clamp max diamter d3 made of white steel galvanized,5901673931-00,6505214127-00,8629637526-00
search for max d3 wire rope clamp in galvanized a2k material,5901673931-00,2291864354-00,5725210060-00
give me wire rope clamp d3 max white galvanization steel info,5901673931-00,8370275129-00,6764592654-00
search wire rope clamp d3/16 max a2k in white galvanized steal,7624899234-00,2291864354-00,4224982894-00
info about white galvanized steel wire rope clamp with max d3/16 a2k,7624899234-00,2291864354-00,8019776574-00
give me wire rope clamp d3/16 max size and steel type a2k galvanized whit,7624899234-00,3211385349-00,6272289280-00
search for wire rope clamp max diameter 5 a2k galvanized steel white,2291864354-00,1515743851-00,1395728832-00
give me the wire rope clamp max d5 with a2k and stuff,2291864354-00,8739534142-00,4114944577-00
looking for wire rope clamp max d5 white galv steel material,2291864354-00,5021921994-00,5336459512-00
searching for copper plated steel welding bolt 4.8 m6 14 shape pt,5676241751-00,6693547172-00,3873262707-00
need info on welding bolts shape pt copper 4.8 m6x14,5676241751-00,2605789397-00,5063594698-00
give me welding bolt shape pt 4.8 copper steel m6 14 please,5676241751-00,2362242496-00,9057304858-00
search welding bolt shape pt copper-plated steel 4.8 m6x16 type,6178014442-00,6721180302-00,6780711462-00
give me welding bolts copper shape pt 4.8 size m6x16 specific,6178014442-00,2362242496-00,2756774135-00
info on pt shape copper welding bolts 4.8 in  m6 16 size,6178014442-00,6973153932-00,4220919257-00
i want welding bolt copper-plated steel shape pt 4.8 m6 x 20 size,2362242496-00,5411138778-00,7627731391-00
search welding bolts shape pt copper 4.8 m6 x20 platin steel,2362242496-00,6693547172-00,9189484113-00
"give me info on welding bolt shape pt copper, 4.8, m6 20",2362242496-00,6973153932-00,4624316935-00
replaced spring up plunger model 6080026579-00,8216402332-00,5046793048-00,8534736814-00
info on plunger spring replacement 6080026579-00 plgr,8216402332-00,7320710729-00,1188618193-00
"search for plunger sprng item 6080026579-00, need help",8216402332-00,9575584857-00,1329191849-00
stud m10x100 8.8 a2k galvanized steel white bm=2d search,9161970545-00,3286166145-00,2080562227-00
info about m10x100-8.8 stud white galvnized a2k bm lenth 2d,9161970545-00,5853983356-00,5612443179-00
give me stud of size m10x100-8.8 made of white steal and bm=2d,9161970545-00,6887895412-00,2812062302-00
lookin inf o stud m 10 x 30 8.8 white galvanized steell,5021921994-00,3286166145-00,1022841450-00
search stud a2k (galvanized) m10 x 30 8.8 steel,5021921994-00,7412425536-00,7217776785-00
give me studd m10 30 size 8.8 white galv steel stuff,5021921994-00,7414145175-00,5594889711-00
search for stud m10x35-8.8 galvaniZed steel a2k,5853983356-00,1515743851-00,3420626497-00
info on white steel stud a2k m10x35 8.8 size,5853983356-00,1515743851-00,4940282571-00
looking for m10x35-8.8 stud galvanized white steel plz,5853983356-00,6902345456-00,2702873845-00
search for stud m10 x 40 mm 8.8 white galv steel,3286166145-00,1515743851-00,6154628649-00
info on galvanized steel stud a2k m10 40 size,3286166145-00,7412425536-00,7960050789-00
looking for studs 8.8 m10x40 galv white material,3286166145-00,7223215219-00,1440891966-00
search for stud m10x45-8.8 steel galvanized white a2k,6887895412-00,5021921994-00,8019776574-00
give me information on steel stud a2k m10 45 8.8,6887895412-00,5021921994-00,8592912576-00
looking for white stud 8.8 m10x45 a2k galvanizing,6887895412-00,5203964419-00,3828365589-00
search for stud a2k m10 65 mm 8.8 galvanized steel,5203964419-00,9161970545-00,8368482762-00
info about white galvansized stud m10x65 with specific 8.8,5203964419-00,7412425536-00,2771391001-00
give me stud m10 65 a2k 8 point 8 steel galvanized,5203964419-00,1515743851-00,7627731391-00
stud a2k m10 by 80 8.8 galvanized steel white,6010330454-00,9161970545-00,5264928016-00
searching for m10x80-8.8 stud made of galvanized white steel,6010330454-00,1515743851-00,4940282571-00
need info on stud m10 80 8.8 a2k white galvanized steel,6010330454-00,1515743851-00,8783888577-00
find me stud m12 x100 8.8 a2k white galvanzied steel,1515743851-00,6010330454-00,7775082541-00
searching for m12-100 stud 8.8 steel a2k galvanized white,1515743851-00,5203964419-00,9137602664-00
i need info on stud a2k 12mm x 100 length galvanzied steel 8.8,1515743851-00,6902345456-00,6291347005-00
search for stud white galvanized a2k m12 x55 8.8,7412425536-00,6887895412-00,1152928692-00
give me info on galvanized steel stud m12 55 a2k 8 point 8,7412425536-00,1515743851-00,8174049868-00
need stud m12x55 8.8 galvanized steel plz,7412425536-00,6902345456-00,6764592654-00
search white a2k studs galvanized steel m12x75-8.8,6902345456-00,3286166145-00,1260785993-00
"info stud m12 x75 size 8.8, galvanized steel",6902345456-00,1515743851-00,8498516301-00
give me a2k studs 75 m12 size white and some other info,6902345456-00,3414353862-00,3478926866-00
search prigioniero m8x35 8.8 galvanized steel white,7858424626-00,7821257699-00,6704039474-00
info white steel m8x35-8.8 prigioniero 35 size,7858424626-00,5203964419-00,2702873845-00
give me: prigioniero a2k m8x35 8.8 made of galvanized steel,7858424626-00,5853983356-00,9834454697-00
find black closing profile type pls,8856387870-00,6357802946-00,5652404820-00
searching for closing profile black color,8856387870-00,1318185697-00,1861548310-00
need info on black profile closers,8856387870-00,6267553235-00,1861548310-00
search for light duty rope thimble max d5 in galvanized white steel material please,3337876451-00,5901673931-00,2952509661-00
find me a max d5 light-duty thimble made of galvanized steel type a2k or something like that,3337876451-00,6887895412-00,4795852814-00
"I need info on light-duty thimble for rope max d5, steel white galvanized what is it",3337876451-00,6010330454-00,9875853252-00
search for 2x6 rivits non fornible kinda for some project,4897323405-00,4327921388-00,6711268221-00
give me info on rivet size 2 by 6 f not fornibile,4897323405-00,6577415164-00,5652404820-00
looking for 2 inch by 6 inch rivet f non forinible type,4897323405-00,1693769191-00,1861548310-00
"search for cfh rivet almg3,5 with flat head and dimension d5x8",6941636534-00,1681758905-00,3654387069-00
"give me info on rivet d5x8 cfh almg3,5 in countersunk flat head type",6941636534-00,2443553697-00,2726415115-00
"looking for flat head rivet d5x8 countersunk almg3,5 cfh type",6941636534-00,3320997887-00,7604168415-00
search for hammer rivets male/female type needed,6915280749-00,9416261095-00,6711268221-00
looking for male and female hammer rivets info,6915280749-00,6529849998-00,8534736814-00
i want those hammer rivets with male and female types,6915280749-00,4411161347-00,6178070846-00
tearing rivet ss flat button head a2 d3 x 6 plzz help,1693769191-00,5379178942-00,8134591754-00
infomation on flat head tearing rivet stainless steel d3x6,1693769191-00,6655726866-00,9423853212-00
where can I find tearing rivet fhbh a2 d3 by 6 mm,1693769191-00,6577415164-00,9308219724-00
"lookin for tearing rivet flat head almg2,5 size d3,4x7",6505214127-00,5379178942-00,4675217838-00
"search tearing rivet button head fkbh almg2,5 d3,4 x 7",6505214127-00,1681758905-00,7669229686-00
"info on tearing rivet fhbh d3.4x7 almg2,5 flat button head",6505214127-00,6577415164-00,7529220633-00
"search tearing rivet flat head button head almg 2.5 d3.4 x 9, need info on this",8370275129-00,6941636534-00,9313557687-00
"info tear rivet fhbh almg2.5 d3.4x9, looking for specs and details",8370275129-00,1681758905-00,2036427045-00
"give me tearing button head rivet almg 2.5 d3.4x9 for a project, need to know more",8370275129-00,3300252533-00,2114186304-00
"tearing rivet d3,8x20 almg2,5 flat head button head, searching for something like this",6655726866-00,6577415164-00,7303137141-00
"i want tearing rivet fhbh almg2.5 in size d3.8x20, info on that",6655726866-00,6505214127-00,9681999783-00
"give me info on flat head tearing rivet button head almg2,5 d3.8 by 20",6655726866-00,6941636534-00,1766918733-00
looking for tearing rivet flat head button head almg2.5 d4x12 sizes or types,6577415164-00,3300252533-00,9715830174-00
"search tearing rivet fhb h almg2,5 d4x12 information and specs pls",6577415164-00,6655726866-00,6711268221-00
"info on tearing rivets d4x12 flat head button head almg2,5  sizes and type",6577415164-00,2836562661-00,9114099404-00
"search for tearing rivet flat button head almg2,5 d4x16 sizes",1681758905-00,6505214127-00,3939252475-00
need info on fhbh tearing rivet alumminum 16x4 d4x16,1681758905-00,6577415164-00,2036427045-00
gimme tearing rivet head flat almg2.5 d4 16 mm sizes,1681758905-00,6941636534-00,3906125529-00
"tearing rivet flat head button head in almg2,5 and size d6x10 lookin for info",3300252533-00,6941636534-00,7155263857-00
"searching for tearing rivet fhbh almg2,5 6mm x 10mm",3300252533-00,6577415164-00,6951776968-00
"give me all about rivet tear, button head, almg2.5, d6x10, flat head types",3300252533-00,6505214127-00,6185779988-00
search for self threading hammer rivets d1.9 x 5 white galvanized steel a2k,2836562661-00,6915280749-00,3984544458-00
info on white a2k self-thread hammer rivets 1.9 diameter 5 size,2836562661-00,7309665997-00,1699684670-00
"give me self threading hammer rivet with d1.9x5 in galvanized steel, like a2k",2836562661-00,6915280749-00,3738435794-00
search for self treading hammer rivets d2.5x5 steel white galvanized,9430522140-00,2836562661-00,5272929528-00
info self-threaded hammer rivets a2k dimensions d2.5 x 5,9430522140-00,7347632804-00,3044100751-00
"give me self-threading rivets white color size d2,5x5 hammer type",9430522140-00,7347632804-00,8115414843-00
"search for self-threading hammer rivets in A2K with size d2,9x8 white galvanized steel",9416261095-00,9367332368-00,2812062302-00
"looking for hammer rivets self-threading size d2,9x8 made of white galvanized steel, A2K",9416261095-00,2836562661-00,9455269245-00
"give me info on d2,9x8 self threading hammer rivets in A2K and what is white galvanized steel",9416261095-00,8390094954-00,6009304401-00
search conical washer shape d c 50 mm m12 please,7394457644-00,3808818546-00,1570747722-00
looking for m12 conical washers shape d c50,7394457644-00,2678278255-00,6258151250-00
info about washer shape d c50 diameter m12 size,7394457644-00,5917366663-00,5511269683-00
find me cone washer shpaes d=50 m20,2300869594-00,7563435984-00,2257511613-00
looking for cone-shaped washr d50 m20,2300869594-00,4069051559-00,6711268221-00
search for conical wsh washer with m20 d=50,2300869594-00,5988207918-00,3236853584-00
search for d c50 m8 conical washers shaped like washers,9990793220-00,9714124213-00,4052349502-00
info on cones washer m8 shape d is 50 stuff,9990793220-00,2469021087-00,2303429008-00
give me conical shaped washers with dimension d50 and size m8 please,9990793220-00,3598238979-00,8338631077-00
gimme search for conical washr shape c50 m16 size,3808818546-00,7394457644-00,5652404820-00
find me a m16 c50 shaped conical washer,3808818546-00,6963062415-00,3245717955-00
specific info on conical shape washer m16 g c50 please,3808818546-00,2300869594-00,6488079350-00
conical washer shape g with c50 m20 size looking for,5917366663-00,9990793220-00,2631728731-00
search for g shape conic washer in c50 m20,5917366663-00,3808818546-00,9728025833-00
info on washers conical c50 m 20 shape g,5917366663-00,3808818546-00,1861548310-00
looking search for curved spring lock washers steel white a2k m2 stuff,1046625092-00,5461598347-00,9883456014-00
find me the lock washers galvanized curved spring m2 in steel white,1046625092-00,5203964419-00,5052877313-00
I want a2k m2 curved spring lock washers made of white steel galvzn,1046625092-00,6390964574-00,8783888577-00
search for extern toothed washer type a m10 made of stainless steel,5217076625-00,6138551596-00,9728025833-00
info on type a extern toothed washers with m10 size in stainless steeel,5217076625-00,5134598702-00,7047336438-00
give me extern. tootherd washer ty a  stainless steel m10 please,5217076625-00,7497806643-00,4230197672-00
search for extern toothed washer ty a2 m8 stainless steel,3653142136-00,9540952247-00,6769183923-00
info about ty-a m8 washer with external teeth made of a2 steel,3653142136-00,1652967927-00,6214669592-00
give me extern. type a m8 toothed washer in stainless steel,3653142136-00,5134598702-00,2303429008-00
search for extern. toothed washer type a m10 white galvanized steel a2k,2556292981-00,7497806643-00,7970501472-00
info on toothed washer external type-a m10 in a2k material,2556292981-00,7103403071-00,7124258264-00
give me extern toothed washer type-a m10 made from white galvanized stl,2556292981-00,5217076625-00,6056086096-00
search extern toothed washer type A2K m3 white galvanized steel,9540952247-00,7103403071-00,3292671355-00
extern. toothed washer ty-a m3 made of white galv. steel,9540952247-00,1652967927-00,2327247503-00
I want info on external toothed washer type a2k m3 in white galvanized material,9540952247-00,7497806643-00,7349941438-00
search for extern. toothed washers type a m5 in steel galvanized white color,6138551596-00,5134598702-00,9276338271-00
looking for toothed washer m5 type-a extern a2k made of galvanized steel,6138551596-00,5134598702-00,7778606307-00
extern toothed washer m5 a2k galvanized steel type a white pls help,6138551596-00,2556292981-00,9520903464-00
search for external toothed washer type a in a2k material m5 x10 size please find,7037704410-00,9540952247-00,4536902446-00
give me the info on ty-a external white galvanized steel washer m5x10 sizes and types,7037704410-00,9540952247-00,9786004707-00
looking for extern toothed washers ty a2k size m5 10 and maybe others like galvanized steel,7037704410-00,7103403071-00,1142825332-00
"search for extern toothd washer type a, m6, galvanized steel white a2k",1652967927-00,5134598702-00,2091151423-00
info about tooth washer m6 extern. type-a made of galv. steel white,1652967927-00,2538868426-00,3071439359-00
"give me extern. type a toothed washer, m6 size, galv. steel white a2k please",1652967927-00,5217076625-00,7219825620-00
search for extern. toothed washers SIze M6x11 in white galv. steel like a2k type a,7497806643-00,2556292981-00,5955385582-00
info about external. toothed washers A2K m6 by 11 mm made of galvanized steel,7497806643-00,5134598702-00,1395728832-00
"give me extern. ty-a toothed washer 6mm,11mm galvanized steel a2k or something similar",7497806643-00,9540952247-00,1294937780-00
searching for extern toothed washer type a m8 a2k galvanized steel white,5134598702-00,3653142136-00,8952877545-00
info about external ty-a washer m8 galvanzied steel white,5134598702-00,6138551596-00,7124258264-00
i need extern. toothed type a m8 a2k white steel washer,5134598702-00,7037704410-00,5544830891-00
search for extern toothed wash. ty v M10 type or somthing like it,7103403071-00,7497806643-00,9196144313-00
info about M10 type washer toothed extern tyv or may be something else,7103403071-00,7037704410-00,7778606307-00
i want to find ty-v M10 washer with external teeth plis help me locate it,7103403071-00,1652967927-00,8367543199-00
search extern toothed washer type v m8 size,8025235221-00,7037704410-00,4295597107-00
info m8 external toothed washer ty.v,8025235221-00,3653142136-00,5988207918-00
give me big m8 washer with external teeth type v,8025235221-00,2469021087-00,8367543199-00
search for white safety washer galvanized steel a2k mb10 pls,9057304858-00,3236853584-00,5316813243-00
info on safety washer type mb10 white steel galvanized,9057304858-00,8310185265-00,1597772200-00
need safety washing mb10 a2k in white galvanized steel,9057304858-00,6009304401-00,5509206431-00
safety washer white galvanized steel mb11 info i want: a2k,3236853584-00,3832265731-00,9210849690-00
mb11 safety washer galvanized steel white type a2k give me,3236853584-00,4763264514-00,2756193419-00
looking for a2k washer safety white steel galvanized mb11 please,3236853584-00,3144303627-00,3810692731-00
i need to search safety wahser a2k in white color or the galvanized steel mb12,6009304401-00,9680723972-00,5055926893-00
looking for safety washer mb12 galvanzied steel type a2k,6009304401-00,4763264514-00,4428142357-00
info on a2k washer safety mb12 made of white steel galvansized,6009304401-00,4763264514-00,5643762042-00
info about the safety washer mb15 in galvanized a2k steel please,8310185265-00,9057304858-00,1473554121-00
looking for white safety washers in the type a2k mb15,8310185265-00,7733451960-00,9728025833-00
give me safety washer like a2k mb15 white galvanized steel,8310185265-00,8298096627-00,7387154897-00
search safety washer galvanized steel a2k mb18 white,7733451960-00,8298096627-00,1294937780-00
info mb18 safety washer in white and a2k galvanized,7733451960-00,3144303627-00,9901076633-00
give me galvanized steel safety washer white color mb18 a2k,7733451960-00,3144303627-00,9526772961-00
safety washer white a2k galvanized steel mb3 please find,4763264514-00,6009304401-00,9937502513-00
looking for safety washer mb3 a2k in galvanized whit steel,4763264514-00,7733451960-00,5599619248-00
info about a2k mb3 safety washers white steel please!,4763264514-00,6009304401-00,5055926893-00
search 4 safety washer a2k white galvanzied steel mb4 size or something like that,3832265731-00,9680723972-00,5411138778-00
info on safety washers mb4 a2k with white coating galvanised or whatever,3832265731-00,3236853584-00,6630654982-00
give me: washer safety white galvanized a2k mb4 type or similar things,3832265731-00,3236853584-00,2336896288-00
search for white safety washer made of galvanized steel a2k mb5,3144303627-00,3236853584-00,3474627261-00
info on washer safety mb5 material white galvanized a2k,3144303627-00,8310185265-00,9367992085-00
looking for safety washer galvanized steel a2k mb5 in white color,3144303627-00,3236853584-00,2756193419-00
search for safety washer a2k in white galvanized steel mb6 type,9680723972-00,3236853584-00,3334359792-00
"give me safety washers of the type mb6 and a2k, i need the galvanzied steel ones",9680723972-00,3236853584-00,8434447630-00
info on safety washer in white color made from galvansized steel mb6 and a2k,9680723972-00,3144303627-00,6973153932-00
search for white safety washer a2k galvanized steel mb7,8298096627-00,3236853584-00,7420544092-00
give me the galvanized steel safety washer mb7 a2k in white color,8298096627-00,3832265731-00,3555796952-00
"info on safety washer with code mb7, a2k and white galvanized steel",8298096627-00,9680723972-00,9901076633-00
search for mb8 safety washr a2k in white galvanized steel pls,1430110093-00,7733451960-00,8575337361-00
give me info about safety washer type a2k made of galvanized steel white,1430110093-00,8298096627-00,5217076625-00
what’s the mb8 safety washr in white galvaized steel?,1430110093-00,7733451960-00,9161970545-00
looking for st2k60 washer m25 by 36 by 2 size,9367992085-00,2327247503-00,4069051559-00
search m25x36x2 washer type st2k60,9367992085-00,3014326085-00,6291347005-00
need info on washer type st2k60 with sizes m25 36 2,9367992085-00,4536902446-00,7136905351-00
need info about m30x42x1 washer called st2k60,4536902446-00,2327247503-00,6291347005-00
looking for washer st2k60 m30 x 42 x 1,4536902446-00,3292671355-00,6470312653-00
search for st2k60 washer in sizes m30 42 1,4536902446-00,4501408104-00,5643762042-00
looking for m14 x 20 x 1.5 seal washer copper/plated steel,2605789397-00,6178014442-00,6077061732-00
help me find copper seal washer 14mm by 20mm by one point five,2605789397-00,5174805796-00,3336498156-00
need seal washer m14 20 1.5 copper-plated/steel specific info,2605789397-00,6973153932-00,5594889711-00
"info seal washer made of copper m17 x 22 x 1,5 like copper-plated steel",6051170151-00,5676241751-00,7817345840-00
search for seal washer 17x22x1.5 in copper material or copper plated,6051170151-00,7970501472-00,2952509661-00
give me copper seal washer m17x22x1.5 part like with steel plating,6051170151-00,5676241751-00,6765111973-00
"search copper seal washer m21,5 x 27 x 1.5 pls long steel",6973153932-00,5676241751-00,5827014141-00
"give me info m21,5 27 1,5 copperplated washer seal typs",6973153932-00,5865483017-00,3030593180-00
"where to find seal washer copper plated steel m21,5x27x1,5?",6973153932-00,6051170151-00,5217076625-00
"info about copper washer seal m21x27x1,5 cuz I need it",6693547172-00,9732007045-00,8881076183-00
find copper-plated steel seal washer size m21 x 27 x 1.5,6693547172-00,5676241751-00,2257511613-00
searching for seal washer copper m21 27 1.5 dimensions pls,6693547172-00,2362242496-00,2952509661-00
looking for copper seal washer m27 x 33 x 1.5 maybe some steel too,7970501472-00,5174805796-00,7124258264-00
"what is the seal washer copper-plated m 27 33 1.5 size, I need it for my project",7970501472-00,2605789397-00,8019776574-00
"need info on washer seal copper and steel m27x33x1.5, searching for options",7970501472-00,5174805796-00,4453967750-00
"search for westaro seal washer, like specifc type plz",9732007045-00,6051170151-00,2300869594-00
"westaro washer seals, size or dimension not sure",9732007045-00,2995356510-00,5599619248-00
"info about seal washers from westaro, need detail like kinda parts",9732007045-00,8243127142-00,5652404820-00
"search for grower elastic washer shape B made of stainless steel m10 size, I want specifics",1809871854-00,2469021087-00,4397882555-00
"info on shape b washer elastic material stainless steel with m10 size, there’s grower type",1809871854-00,2756193419-00,7604168415-00
"give me grower elastic washer shape b in m10, made of s.s. steel, what else info can I find?",1809871854-00,2709104285-00,8318286175-00
search for shape b grower elastc washer m12 in stainless steel a2 type,2210052713-00,6214669592-00,7511541800-00
can i get info on washer elastic grower shape b m12 stainless steel,2210052713-00,5599619248-00,8298096627-00
need grower elastic washer shape b version in m12 with a2 material plz,2210052713-00,5599619248-00,9367992085-00
gimme grower elstic washer shape b m14 stainless steel |,1294937780-00,2210052713-00,4069051559-00
searching for shape b grower elactic washer for m14 in a2 or stainless |,1294937780-00,5599619248-00,3236853584-00
info about grower elastic washerrs shape b m14 in steel a2 type,1294937780-00,5599619248-00,4734377813-00
search for grower elastic washer shape b in stainless steel A2 M16 size plz,2709104285-00,2210052713-00,3804855403-00
"info for elastic washer shape b m16 made of stainless steel, grower type",2709104285-00,2469021087-00,9276338271-00
find grower type elastic washer b A2 m16 in stainless steel material pls,2709104285-00,1809871854-00,8045442358-00
grower elastic washer shape b made of stainless steel m4 size I need,5599619248-00,2756193419-00,6051170151-00
search grower elastic washer shape b a2 m4 steel,5599619248-00,2756193419-00,2161661959-00
info about shape b elastic washer grower m4 a2 stainless steel please,5599619248-00,5411138778-00,6603193262-00
search for elastic grower washer shape b in stainless steel m5 and also a2,2756193419-00,5599619248-00,6291347005-00
plz give me info on shape b m5 grower elastic washer made of stainless steel,2756193419-00,2469021087-00,9966918607-00
what is the detail on m5 stainless steel grower elastc washer shape b a2,2756193419-00,5599619248-00,9189484113-00
search for grower elastic washer shape b a2 m6 size or stainless steel type,5411138778-00,1294937780-00,7604168415-00
need info on elastic washer shape b m6 made from steel A2 grower,5411138778-00,3083433426-00,7604168415-00
give me elastic grower washer shape b with m6 sizes and stainless steel please,5411138778-00,2469021087-00,3071439359-00
find me grower b shape washer elastic stainless steel m8 A2,2469021087-00,2210052713-00,2057138330-00
need info on m8 elastic b shape grower washer made of ss,2469021087-00,5411138778-00,8426806797-00
search for grower elastic washer shape b A2 m8 stainless steel type,2469021087-00,1809871854-00,9189484113-00
info on grower elastic washer shape b m10 in white/galvanized steel,5303308423-00,5852213281-00,7778606307-00
search for shape b grower washer elastic m10 made of galvanized white a2k,5303308423-00,5544830891-00,6963062415-00
what type of grower elastic washer shape b a2k m10 white galvanized,5303308423-00,3336498156-00,9122072784-00
search for grower elastic washers shape b white color galvanized steel m12 size,6214669592-00,2210052713-00,9680723972-00
info about elastic washer shape b from grower in a2k and m12,6214669592-00,5852213281-00,7974005612-00
need grower b shape elastic washer m12 in galvanized steel white color and all details,6214669592-00,3083433426-00,6138551596-00
find grower elastic washer shape b m14 white galvanzied steel,6835570853-00,3088262718-00,2161661959-00
i want to search for elastic washer shape b A2K for m14 size,6835570853-00,3083433426-00,2256841335-00
pls give me grower M14 shape b washers in white and steel material,6835570853-00,5544830891-00,5594889711-00
search for grower elastic washer shape b in a2k m16 galvanized steel white,3336498156-00,3083433426-00,4457628282-00
I want grower shape b elastic washer m16 in white steel galvanize,3336498156-00,8400584249-00,3984544458-00
info on shape b m16 grower elastic washer in white plastic or steel,3336498156-00,8400584249-00,3750693595-00
search for grower elastic washer shape B m18 made of white galvanize steel,8881076183-00,5544830891-00,8262572173-00
info on washer shape B elastic from grower size m18 a2k please,8881076183-00,5544830891-00,2604472017-00
looking for shape b grower elastic washer m18 in galvanized white steel,8881076183-00,6470312653-00,9732007045-00
give me the info on grower elastic washer shape b m20 galvanized steel white a2k,5544830891-00,1378331381-00,7412425536-00
search for the shape b washer grower elastic m20 in white and steel material,5544830891-00,3088262718-00,9367992085-00
I'm looking for grower elastic washer m20 shape b in white color and silver galvanized,5544830891-00,5852213281-00,6138551596-00
searching for grower elastic washer shape b m22 in white galvanized steel or a2k,3088262718-00,5544830891-00,8262572173-00
info on elastic grower washers shape b for m22 size mostly white galvanized,3088262718-00,6470312653-00,1126028490-00
give me elastic washer shape b m22 in galvanized steel a2k or what so ever,3088262718-00,5303308423-00,6056086096-00
search for grower washer elastic shape B m24 in white galvanized steel and also i need a2k,3083433426-00,5852213281-00,6488079350-00
"info on elastic grower washer shape b a2k m24, like what is the material, white steel",3083433426-00,1378331381-00,7778606307-00
give me details about white galvanized steel grower elastic washers shape B with code m24 a2k,3083433426-00,7124258264-00,6764592654-00
lookin for grower shape b washer A2K m3 galvanized steel white elastic,8400584249-00,5735698913-00,2579853511-00
search elastic washer shape b M3 grower white steel a2k,8400584249-00,3088262718-00,6024645608-00
need info about grower elastic washer m3 shape b steel galvanized shiny,8400584249-00,3088262718-00,2556292981-00
pls help me find grower elastic washer shape b made of white galvanized steel m30 kinda like a2k,1378331381-00,8400584249-00,3474627261-00
searching for grower elastic wash b m30 white galv steel something like a2k,1378331381-00,6835570853-00,6077061732-00
I want to look for elastic washer grower shape b a2k m30 in white galvanized steel please!,1378331381-00,6835570853-00,7627731391-00
i need grower elastic washer shape b m4 galvanized white in steel pls,6470312653-00,7124258264-00,1978099364-00
search for elastic grower washer shape b a2k m4 metal white stuff,6470312653-00,6835570853-00,7349941438-00
"find me shapes of washer grower elastic m4 b, is it galvenized or just steel?",6470312653-00,2469021087-00,4536902446-00
search for grower elastic shape b washer m5 white galvanzied steel,5441228703-00,2756193419-00,1570747722-00
i need elastic washer shape b m5 from grower in steel galvanized color,5441228703-00,6214669592-00,1652967927-00
info about grower washer shape b elastic m5 a2k white finish steel,5441228703-00,7124258264-00,2425021393-00
looking for grower elastic washer shape B size m6 in white galvanized steel stuff,5735698913-00,7124258264-00,3633311233-00
need the b shape elastic washer m6 grower made of white galvanize steel,5735698913-00,5544830891-00,3071439359-00
"search grower elastic washer shape b A2K m6, anyone know about its white stuff?",5735698913-00,3088262718-00,8262572173-00
search for grower elastic washer shape b white m7 made of galvanized steal,7124258264-00,6214669592-00,8129997486-00
info on shape b grower elastic washing machine washer a2k m7,7124258264-00,6214669592-00,6056086096-00
looking for m7 grower elastic washer shape b in white color with galvanized steel,7124258264-00,3083433426-00,9503448128-00
search for grower elastic washer shape b m8 white galvanized steel,5852213281-00,3088262718-00,9714124213-00
info about shape b washer grower elastic m8 a2k steel,5852213281-00,2469021087-00,9728025833-00
looking for m8 grower elastic washers shape b in white galvanized material,5852213281-00,3336498156-00,9057304858-00
search for flat washer m10 a2 stainless steel,8592696706-00,5476556092-00,9713312546-00
need info on stainless flat washers size m10 a2,8592696706-00,8426806797-00,7527229457-00
looking for m10 a2 flat washer made of steel,8592696706-00,7414145175-00,8400584249-00
search for flat washer a2 ss m12 size like I want: stainless steel,3014326085-00,9937502513-00,7643733072-00
give me flat washer m12 A2 insspeciifc,3014326085-00,7734476041-00,3144303627-00
info flat washer size m12 in a2 stainless steel type,3014326085-00,5693143967-00,2269643128-00
search for flat washer a2 m14 steel stainless,5476556092-00,5431850038-00,6693547172-00
plz give me flat stainless steel washer m14 a2 type,5476556092-00,1294937780-00,8310185265-00
info on washer m14 flat a2 in stainless material,5476556092-00,6352965674-00,7349941438-00
search for flat washers m16 a2 stainless steel,1570747722-00,2303429008-00,3399345551-00
info about m16 a2 flat washer in stainless,1570747722-00,5476556092-00,9117551575-00
looking for stainless flat washer m16 type a2,1570747722-00,3014326085-00,9680723972-00
search stainless steel flat washer m4 a2 size,4457628282-00,3873262707-00,3280639713-00
plz give me flat washer m4 a2 stainless,4457628282-00,7604168415-00,7680811732-00
want info about m4 size a2 flat washers in steel,4457628282-00,1052597007-00,5988207918-00
searching for flat washers m5 stainless steel a2,9937502513-00,2756193419-00,4593310304-00
I need info about m5 stainless flat washer a2,9937502513-00,8592696706-00,3132891770-00
give me flat washer type a2 size m5 in stainless steel,9937502513-00,5431850038-00,3280639713-00
search flat washer stainless a2 m5 by 15 by 1.6,3873262707-00,5476556092-00,2425021393-00
info about m5x15x1.6 flat washer a2 made of stainless steel,3873262707-00,5431850038-00,3286024653-00
give me flat washer m5 size 15 and 1.6 thickness in stainless steel,3873262707-00,3014326085-00,5303308423-00
"search for flat wshers, a2 steel type m6 washer",7974005612-00,3873262707-00,6214669592-00
info about flat washer made of stainless steel m6 size,7974005612-00,4457628282-00,1378331381-00
i need a stainless steel flat washer m6 a2 type please,7974005612-00,1570747722-00,2702873845-00
search for flat washers a2 made of stainless steel m8 size,5431850038-00,8592696706-00,4986042147-00
info on stainless steel washer flat m8 a2,5431850038-00,9937502513-00,3580821337-00
"give me flat washer m8 a2 in stainless steel, maybe flatwasher",5431850038-00,4457628282-00,9680723972-00
search for flat washer galvanized white steel A2K M10 size,7414145175-00,3399345551-00,2164394937-00
i want flat washer type m10 a2k in white galvanized,7414145175-00,9844671434-00,9880764182-00
info about flat washers like A2K steel m10 in white color,7414145175-00,8592696706-00,7337262832-00
search flat washer m10 white in galvanized steel a2k type pls,9844671434-00,4214798508-00,2609079641-00
info m10 flat washer made of galvanized steel a2k i need,9844671434-00,5380898723-00,5789814708-00
give me flat washer m10 galvanzied steel a2k plz,9844671434-00,5696356045-00,1652967927-00
"searching for m12 washers, flat type, a2k or white galvanized steel",3339120926-00,3014326085-00,5309071573-00
"info on flat washer for m12, looking for white galvanized or a2k material",3339120926-00,5594889711-00,5506538398-00
"give me flat washers m12, color white or galvanized steels, a2k option",3339120926-00,1841743209-00,3135963696-00
search for flat washer m14 a2k white galvanized steel,6352965674-00,6835570853-00,2726415115-00
info flat washer m14 in a2k matl or galvanized kinda steel,6352965674-00,5476556092-00,6874152815-00
specific m14 washer flat in a2k or galvanized steel please,6352965674-00,9557184959-00,7325563727-00
search for flat washer m14 x 44 x 3 in galvanized white steel,5380898723-00,9276338271-00,8468201600-00
i need a2k flat washer 14mm 44mm 3 mm,5380898723-00,2303429008-00,3285264200-00
info about flat washers size m14x44x3 made of white galvanzied steele,5380898723-00,3339120926-00,7254172697-00
search flat washer m16 galvanized white a2k type steel material plz,2303429008-00,5511269683-00,1054349066-00
info m16 washer a2k flat white steel galvanized which is nice,2303429008-00,6603193262-00,8400584249-00
give me flat washer in m16 size galvanized something like a2k steel,2303429008-00,2327247503-00,1225952671-00
lookin for flat washer galvanized steel m16 48x4 a2k,2631728731-00,3336498156-00,2556292981-00
"need info on white m16x48x4 flat washer steel, a2k",2631728731-00,7414145175-00,9325677048-00
search flat washers a2k size m16 48mm 4 thickness galvanized white,2631728731-00,5174124939-00,8029233870-00
give me flat washer m18 in steel white galvanized or a2k type,5511269683-00,9557184959-00,7611904021-00
search for flat washer a2k m18 and galvanized steel white,5511269683-00,2538868426-00,9747330567-00
info on washer flat type a2k m18 and white galvanized steel,5511269683-00,1932500150-00,3917547196-00
search for flat washr A2K size m20 made of white galvanized steel pls,3399345551-00,5544830891-00,7042454996-00
info flat washer in A2K material type m20 steel white galvanized,3399345551-00,5544830891-00,9325677048-00
I want flat washer m20 A2K whte galvanzd steel for my project,3399345551-00,2631728731-00,9962012008-00
search flat washer M22 white galvanized steel a2k type please,9189484113-00,7604168415-00,3691912117-00
info about M22 flat washer steel galvanized a2k,9189484113-00,5380898723-00,3202526870-00
give me flat washer a2k m22 galvanized steel in white color,9189484113-00,6352965674-00,3139039835-00
search flat washer m24 white galvanized steel a2k i need for project,1932500150-00,1684555397-00,2236883020-00
info about washer galvanized steel a2k m24 flat white,1932500150-00,7604168415-00,3090593496-00
flat washer steel m24 a2k white search what i need,1932500150-00,6737430838-00,5441228703-00
looking for flat washers a2k size m3 in white color galvanzied steel,7511541800-00,8400584249-00,1876945966-00
where can I find m3 flat washer galvanized steel a2k specs,7511541800-00,2538868426-00,5789814708-00
need info about flat washer m3 white steel galvanised a2k,7511541800-00,7643733072-00,2609079641-00
give me info flat washer m30 white galvanzied a2k steel,9557184959-00,6352965674-00,2164394937-00
search for flat washer m30 a2k type in white steel,9557184959-00,3339120926-00,2236883020-00
specific flat washers galvanzied a2k size m30 for search,9557184959-00,1152928692-00,1876945966-00
search flat washer a2k m4 white color galvanized steel,7604168415-00,8318286175-00,5873849436-00
info about flat washer galv steel m4 a2k,7604168415-00,1684555397-00,1294937780-00
give me flat washer m4 a2k in white galvanized material plz,7604168415-00,8318286175-00,6750118579-00
"search for m5 flat washer, galvanized steel, a2k type, white if possible",1684555397-00,1558823437-00,6005248041-00
"info on white flat washer steel m5, a2k size, looking for galvanzied",1684555397-00,3339120926-00,7204923374-00
"give me details for flat washer m5 with a2k, what kind of steel is white galv?",1684555397-00,7414145175-00,7826489678-00
search flat washer A2K steel white m6 galvanized,2538868426-00,7414145175-00,1054349066-00
give me info on flat washers m6 white galvanized a2k,2538868426-00,7974005612-00,5074445582-00
look for m6 flat washer galvanized steel a2k for my work,2538868426-00,6603193262-00,9714124213-00
search flat wahser m8 A2K infor galvanized steeel,6603193262-00,9788886065-00,3904441491-00
I want: m8 flatwasher white galv steel a2k type,6603193262-00,5134598702-00,8434447630-00
give me: M8 flat wahser white coat steel galvinisd a2k,6603193262-00,5431850038-00,7387154897-00
look for flat washers M10 CW508L brass I want it,4214798508-00,2650154326-00,3091746206-00
Info brass flat washer size m10 / code cw508 L give me,4214798508-00,9844671434-00,2679738386-00
"search m10 plat washer brass, flat c w 508 l, any?",4214798508-00,1558823437-00,2256841335-00
search m12 flad washer brass cw508 IL info,7734476041-00,2995356510-00,1431389609-00
"I want flatwaser m12 brasss, cW508l, flat type",7734476041-00,2650154326-00,7643815862-00
"specific m12 flat brass washer/cw508L, whats avaible",7734476041-00,4214798508-00,2226715329-00
info on CW508L M16 flat brass washers,2327247503-00,2995356510-00,5506538398-00
search flat wahser M16 brass (CW508L) type,2327247503-00,2995356510-00,7151661320-00
i want: m16 flate washer cw508 brass material,2327247503-00,7734476041-00,2474448039-00
search for flat brass washer cw508l m5 plz,1558823437-00,2327247503-00,6051170151-00
info flat wahser M5 brass type 508l,1558823437-00,2650154326-00,7204923374-00
"i want flat washer M5 brass/cw508l, any details",1558823437-00,2463572176-00,7643733072-00
search flat washers cw508l brass for m8 size pls,2995356510-00,7734476041-00,2952509661-00
i want: m8 flatwasher brass cw508l material,2995356510-00,4214798508-00,5126431065-00
"info on flat wahser m8, brass, CW508L type",2995356510-00,7734476041-00,3218830030-00
search for that big flat washer A2 stainless m4 x 12 x01 info,4295597107-00,4457628282-00,8310185265-00
I want: large steel flatwasher m4/12/1 a2 details pls,4295597107-00,4457628282-00,4632171824-00
"specific, give me: M4x12x1 big flat wahser inox, steel, a2?",4295597107-00,7510141127-00,3202526870-00
search big flat washer a2 stainles steel M4*15*3,2551198468-00,9937502513-00,4763264514-00
info on large flat dish washer stainless m4 15 3 plz,2551198468-00,2952509661-00,3132891770-00
i want: flat wahser big size m4x15x3 stainless a2,2551198468-00,5431850038-00,9557184959-00
search flat washr big inox a2 m5 x 15 x 1.2,8129997486-00,1871950127-00,3334359792-00
"info on larg steel flatwashers m5/15/1,2 stainless",8129997486-00,9192194133-00,8413622314-00
"i want: flatwaser a2 big size m5x15x1,2 steel",8129997486-00,6373635107-00,9241727014-00
"I want: big flat washers A2 steel M5 x 15 x1,2, search about it",2336896288-00,1871950127-00,9325677048-00
give me info flat washer large inox m5x15 mm 1.2,2336896288-00,1648801175-00,3071439359-00
specific search large flatwashr stainless stelel m5 15 1.2 mm,2336896288-00,2756193419-00,4439471575-00
search flat washer big size m6 24x2 a2 stainles,7387154897-00,5431850038-00,6360710927-00
info on stainless flatwasher m6/24x2 large type pls,7387154897-00,2091151423-00,3653142136-00
I want: large FLAT WASHER steel a2 M6 x 24 x 2mm,7387154897-00,2336896288-00,8400584249-00
"search big flat wahser m10 x 30 x 2,5 A2K steel white galvanzied",3633311233-00,8592696706-00,5897638051-00
info: flat steel washer LARG m10/30/2.5 white A2K zinc plate,3633311233-00,8592696706-00,7367405253-00
"specific flat wahsers galv. white m10 x30x2,5, large type steel",3633311233-00,6291347005-00,7521870912-00
search for big flat wahser galvanize steel white A2K M12 35 5,4453967750-00,2596794819-00,3320997887-00
info: M12x35x5 large flat steel washer whit galvniz finish,4453967750-00,1126028490-00,4536902446-00
"i want flat washer a2k size m12/35/5, large, whte galvanized metal",4453967750-00,5955385582-00,7497806643-00
search large flatwashr a2k m12x36x3 white galvaniz steel,2771391001-00,2257511613-00,6341704425-00
info flat washer big white galv. steel M12 36 3mm,2771391001-00,6214669592-00,6098060240-00
I want: large flat wahser m12x36x3 glim steel a2k,2771391001-00,4453967750-00,3067769121-00
search big flat washer m13x35x5 a2k steel white galvanised,2257511613-00,5380898723-00,6035530235-00
info on: large galva washr flat m13 35 5 in white,2257511613-00,6764592654-00,5878864569-00
i want: flat big washer m13x35x5 white steel A2k galvan flat,2257511613-00,2631728731-00,7611904021-00
search large flat wahser m17x45x6 galvanized steeel white a2k,2952509661-00,1431389609-00,9358750566-00
info on big flatwasher a2k 17x45x6 galv white steel,2952509661-00,7858424626-00,4282390587-00
"I want: flat washers large m17x45x6 a2k white galvanised, steel",2952509661-00,9728025833-00,7254172697-00
search m21x50x6 big flat wahser a2k white steel galvanized,5955385582-00,2303429008-00,7412425536-00
info on large galvaniz flat wahser M21 50 6 large a2k maybe white,5955385582-00,2771391001-00,3929231998-00
I want: flat wahser steel white big m21x50x6 galv a2k,5955385582-00,1684555397-00,5873849436-00
search flat wahser white big M25x60x8 A2K galvanzied steel,3030593180-00,9189484113-00,9489754341-00
info on flatwasher LRG galvanzd wht stl m25 60 8 please,3030593180-00,6192682953-00,2036427045-00
I want: flat washer a2k size M25x60x8 large galvanized steal wht,3030593180-00,6077061732-00,6005248041-00
search flat big washer galvanizedd white steel a2k m31x68x10,6077061732-00,2631728731-00,8030314056-00
i want: larg flat wahser m31x68x10 white galv steel or a2k,6077061732-00,7604168415-00,3793164435-00
info big washer flat m31x68x10 a2k steel galviniced whte,6077061732-00,9557184959-00,3182897861-00
search flat wahser big size m4 x 12mm x 1 galvanzed steel whit A2K,7510141127-00,4457628282-00,5704325743-00
info about large flat steel washer M4*12*1 white galvinized,7510141127-00,6077061732-00,9880764182-00
give me FLATWASHER A2k white galvanized m4/12/1 large please,7510141127-00,1126028490-00,8720113730-00
search flatwasher A2K large M6x17x3 steel whit galvanizd,3252594469-00,6291347005-00,5055926893-00
info m6 x 17 x 3 big flat wshr galvanized white steel,3252594469-00,2080562227-00,4457628282-00
i want: flat washer LARGe m6 17 3 a2k white galv steeel,3252594469-00,3633311233-00,3091746206-00
search big flat wahser m6x18x2 a2k white galvanised stell,1431389609-00,7604168415-00,9715830174-00
"info on large steel flat washer, m6 18 2 white galvanized, need that",1431389609-00,9728025833-00,7563435984-00
"I want: large flat wahser a2k m6x18x2 white galvinition, steel pls",1431389609-00,6077061732-00,4568894138-00
search large A2K washer flatt m6 x 24 x2 white steel galvanizd,6291347005-00,1648801175-00,4563825986-00
info m6x24x2 big flat wahser a2k galvaniized stell wite,6291347005-00,9844671434-00,9358750566-00
I want: large flat wahser M6 24 2 galvanized whit steel a2k,6291347005-00,3252594469-00,6148036737-00
i want flat wahser large a2k m6x24x2 galv steel whte,1126028490-00,5955385582-00,1022841450-00
search info large flatwashr m6 24x2 galvanized white steel,1126028490-00,6291347005-00,7217776785-00
specific big flat washer M6 x24 x2 a2k white galvniz steel plz,1126028490-00,6603193262-00,5506538398-00
search flat wahser big m8 x 23 x 4 A2k steel white galvanzed,9728025833-00,9788886065-00,5191521234-00
info needed m8/23/4 flat washer large white zinc steel galvinse,9728025833-00,2952509661-00,6373635107-00
i want: large flatwear A2K M8X23X4 steel wash white galvanzd,9728025833-00,6077061732-00,4783474646-00
search big flat washer m8 x 24 x 2 white galva steel A2K,6764592654-00,7511541800-00,8698794570-00
info A2k flatwashr 24mm 2mm thickness large galvanized m8,6764592654-00,1431389609-00,8019776574-00
I want: flat washer steel whte big M8X24X2 galv,6764592654-00,9937502513-00,1225952671-00
search flatwasher large A2k white galv. m8 32mmx2mm steel,1648801175-00,1431389609-00,9183626126-00
I want: large flat wahser m8 x 32 x2 white steel galvanized,1648801175-00,2771391001-00,7873219226-00
info big A2k m8 32 2mm galvanized flatwasher steel wite,1648801175-00,3137142682-00,8730929570-00
search large nylon flat wahser m12x37 dimentions,4428142357-00,8129997486-00,1862899777-00
i want large plastic plain washer M12 37mm info,4428142357-00,4295597107-00,9520903464-00
give me: big nyln flatwashr size m12 x 37,4428142357-00,5594889711-00,9534081164-00
search flat wahser large a2 m6 by 18 x2 stainless stell,4563825986-00,6764592654-00,5599619248-00
info m6x18x2 biggest plain washer inox steel,4563825986-00,9937502513-00,8286072537-00
I want: flat washer large size m6*18*2 steel stainles,4563825986-00,2336896288-00,7420544092-00
I want: squar wedge shape wahser white galvanized steel a2k m10,4069051559-00,6963062415-00,6780711462-00
search squar wdge washer m10 a2k whit galvanzied metl,4069051559-00,2556292981-00,9367992085-00
info on square wedge shaped wahser m10 steel galvnisd a2k,4069051559-00,3598238979-00,5509206431-00
search wedge washr square steel m12 white galvanised a2k style,9714124213-00,6963062415-00,4224982894-00
i want: sqare wedge shape washer m12 a2k white galvzd,9714124213-00,6963062415-00,2995356510-00
info squar wedgeplate washer M12 white galvenized steel,9714124213-00,7894897755-00,9519477340-00
search for squar wedge shapped washer a2k m18 white galvinized steeel,3071439359-00,4069051559-00,4428142357-00
info washer m18 square wedge shape white galvanis steel a2k style,3071439359-00,3598238979-00,7751355997-00
"I want: wedge squr shaped m18 washr a2k white galv steel, is this in?",3071439359-00,7563435984-00,9315899660-00
search squar wedge ahaped washer white galvnized steel a2k m20,7563435984-00,4069051559-00,3245717955-00
"info: square wedg type washer m20 galvanized, i need the steel ones",7563435984-00,3399345551-00,5858046109-00
"i want: squar washer, wedge shaped, size m20, does it come in a2k whit galvnized?",7563435984-00,3071439359-00,2161661959-00
search square wedged shapped washer m8 A2k white galvanzed still,6963062415-00,2066945648-00,9937502513-00
info on m8 wedge square washer white steel galviniz A2K,6963062415-00,4069051559-00,9937502513-00
I want: squar washer m8 wedge-shape gal white stel a2k,6963062415-00,6603193262-00,6692325649-00
search kaldrix washer A2 size m10 stainless safty,8426806797-00,5696356045-00,4184231864-00
I want: kaldrix saftey washers m10 steel a2,8426806797-00,2474448039-00,2692784607-00
info kaldrix secure washer stainlesssteel m10 a-2,8426806797-00,1052597007-00,7420544092-00
search kaldrix washer saftey m12 / A2 steel info,5693143967-00,2474448039-00,3083433426-00
i want: kaldrix safe washers stainles m12 a2 type,5693143967-00,2604472017-00,2126668815-00
give me kaldrix safty washers m12 stainless stel,5693143967-00,6737430838-00,5191521234-00
search washer kaldrix a2 m14 stainless stell,2226715329-00,2474448039-00,6051170151-00
info about kaldrix stainless m14 safety waher,2226715329-00,3285264200-00,9696569168-00
I want: m14 kaldrix saftey washer steel a2,2226715329-00,1052597007-00,2995356510-00
"search for kaldrix safe washer A2 in stainless stell, M16 size",8090921104-00,5988207918-00,1684555397-00
info kaldrix saftey wahser m16 inox A2 please,8090921104-00,8019776574-00,1597772200-00
i want: kaldrix steinless steel safety wahser M16 a2,8090921104-00,2226715329-00,7064132121-00
search for kaldrix a2 stainless steel m18 safe washer,3182897861-00,5988207918-00,7414145175-00
info oaldrix saftey wahser M18 made a2 stainless,3182897861-00,5858046109-00,6123290703-00
I want: kaldrix saftey washer m18 steel a2,3182897861-00,8090921104-00,1431389609-00
search kkaldrix lock washer a2 for m2.5 is steel,8952877545-00,9937502513-00,5134598702-00
info about kaldrix safety washers stainless m2.5 size a2 typo,8952877545-00,2474448039-00,4593310304-00
"give me kaldrix steel secure washer m2,5 stainless a2 where to find",8952877545-00,2474448039-00,2257511613-00
search kaldrix a2 stainless saftey washer size m20 info,5988207918-00,2604472017-00,3832265731-00
give me kaldrix safety wahser m20 steel a2 specifik,5988207918-00,6737430838-00,2057138330-00
"I want: kaldrix security washer m20 inox, stainless, a2",5988207918-00,1052597007-00,1684555397-00
search kaldrix secure washer A2 inox m22 size steel,2604472017-00,8368482762-00,7124258264-00
"give me kldrix safety wahser stainless M22, info please",2604472017-00,7778606307-00,2709104285-00
specific oaldrix safe steel washer m22 a2,2604472017-00,6373635107-00,1126028490-00
search kaldrix m24 saftey washer stainless steel a2,6737430838-00,7778606307-00,6291347005-00
info about kldrix safety washers m24 a2 materiale,6737430838-00,3285264200-00,8222802007-00
I want: kaldrix stainless m24 washers safety,6737430838-00,2604472017-00,8186909629-00
search kaldrix safety washer inox A2 m3 size steel,7778606307-00,2474448039-00,7970501472-00
info for kaldrix stailess safety washers m3 A2 tyep,7778606307-00,8426806797-00,2756193419-00
I want: stainless steel kaldrix safety wahser m3 a2 specefic,7778606307-00,5988207918-00,3920625495-00
need kaldrix saftey ss washer a2 for m4 bolts quick search,1052597007-00,2604472017-00,6291347005-00
give me kaldrix steel safety washer in stainless m4 size a2 type info,1052597007-00,7778606307-00,5955385582-00
looking for m4 kaldrix saftey washer stainless steel a2 pls help me with details,1052597007-00,6488079350-00,3030346654-00
search kaldrix saftey washer stainless steel A2 size m5 info,2474448039-00,5693143967-00,3399345551-00
i want kaldrix safety lock washer m5 A2 stainless steel pls,2474448039-00,8426806797-00,7511541800-00
give me kaldrix saftey lock steel washer size m5 A2 type,2474448039-00,6488079350-00,2538868426-00
info kaldrix saftey lock washer A2 stainless steel m6 size,6488079350-00,1052597007-00,7414145175-00
serch for kaldrix m6 steel a2 saftey washer type,6488079350-00,8090921104-00,3071439359-00
give me kaldrix stainless m6 saftey washer A2 part details,6488079350-00,7974005612-00,5367398985-00
i want kaldrix safety washer stainless steel A2 type m8 info,3285264200-00,8952877545-00,8230451596-00
search kaldrix steel safety washer A2 size m8 for fixings,3285264200-00,1052597007-00,7604168415-00
give me kaldrix A2 stainless m8 washer saftey kind please,3285264200-00,2474448039-00,6693547172-00
give me info kaldrix safety lock washer m10 a2k white galvanized steel,5696356045-00,8426806797-00,7970501472-00
search for kaldrix saftey washer M10 steel white galvanised a2k type,5696356045-00,6412652996-00,9937502513-00
I want kaldrix washer m10 type a2k safety white galvanized steel part,5696356045-00,8426806797-00,4429913408-00
search kaldrix safety lock washer A2K size m12 white galvanized steel info,5594889711-00,5696356045-00,5203964419-00
I want kaldrix saftey washer steel galvanised M12 A2K specific,5594889711-00,7643733072-00,3071439359-00
give me kaldrix white galv steel m12 a2k saftey washer please,5594889711-00,7643733072-00,8400584249-00
i want kaldrix safe washer A2K white steel m14 galvanized info,9276338271-00,5612443179-00,8129997486-00
search for kaldrix safety washer m14 a2k white galv steel,9276338271-00,7817345840-00,8881076183-00
give me kaldrix saftey walshur m14 a2k made white galvanizd steel,9276338271-00,9315899660-00,8498516301-00
need kaldrix safety washer A2K size m16 white galvanized steel info,8019776574-00,6412652996-00,7256209367-00
give me kaldrix saftey lock washer m16 A2K made of white galvanised steel,8019776574-00,9276338271-00,6963062415-00
search for kaldrix m16 safety washer A2k white galv steel part details,8019776574-00,5612443179-00,2605789397-00
search kaldrix safety washer white galv steel A2K M18,2743366945-00,8318286175-00,6214669592-00
I want kaldrix saftey lock washer M18 a2k made from white galvanized metal,2743366945-00,3071439359-00,2605789397-00
info on kaldrix M18 A2K saftey washer steel galv white type,2743366945-00,3071439359-00,2256841335-00
I want kaldrix safety washer m2 white steel galvanize A2K search,6412652996-00,5594889711-00,5411138778-00
give me info kaldrix lock washer A2K M2 steel white galvanizing,6412652996-00,7643733072-00,5411138778-00
specific kaldrix saftey lock washer A2K size M2 galvanised steel,6412652996-00,5594889711-00,3083433426-00
search kaldrix saftey lock washer A2K galvanized m20 steel white,5612443179-00,7817345840-00,9520903464-00
give me kaldrix saftey washer m20 A2K steel white colour,5612443179-00,3399345551-00,2709104285-00
info kaldrix safety washer m20 A2K white metal galvanized please,5612443179-00,5696356045-00,7124258264-00
search kaldrix saftey washer white galv steel A2K M22 size,8368482762-00,9189484113-00,2579853511-00
i want kaldrix m22 saftey washer galv steel A2k type,8368482762-00,3088262718-00,1809871854-00
specific oaldrix safety washer M22 white galvanizd steel a2k info,8368482762-00,3144303627-00,5476556092-00
need kaldrix safety washer m24 white galvanized steel a2k for info,7817345840-00,8019776574-00,9910910852-00
search for kaldrix washer safety a2k size m24 steel galvanized white pls,7817345840-00,2743366945-00,4457628282-00
give me kaldrix washers m24 a2k made from white galvanized steel type saftey,7817345840-00,5052877313-00,9834454697-00
need info kaldrix safety washer a2k m3 white galvanised steel type,7643733072-00,8318286175-00,8367543199-00
give me kaldrix m3 safety washer a2k made from white galvanized steel,7643733072-00,5696356045-00,7053519753-00
search kaldrix a2k safety washer m3 steel white galvanizd version please,7643733072-00,3066371197-00,8573119194-00
info kaldrix safe washer m4 a2k white galvanized steel plz,8318286175-00,8019776574-00,1009800385-00
give me kaldrix washer safety m4 type a2k white zinc steel kind,8318286175-00,7817345840-00,1597772200-00
search for kaldrix safety lock washer a2k size m4 made galvanized steel,8318286175-00,1052597007-00,6373635107-00
looking for kaldrix saftey washer a2k M5 white galvanized steel info,3801883632-00,6412652996-00,6887895412-00
give me kaldrix white galv steel saftey m5 washer a2k,3801883632-00,8318286175-00,7563435984-00
kaldrix saftey washer m5 a2k steel galvanized white please find,3801883632-00,2743366945-00,5858046109-00
search kaldrix safety lock washer M6 a2k white galvanized steel info,3066371197-00,5612443179-00,4050287682-00
i want kaldrix saftey washer type A2K size M6 galv steel please,3066371197-00,7974005612-00,5303308423-00
give me kaldrix M6 saftey washer a2k white metal galvanized kind,3066371197-00,2743366945-00,7219825620-00
i want kaldrix saftey washer A2K type size m8 white galvanized steel,2066945648-00,3066371197-00,6051170151-00
search kaldrix washer safety steel galvanised M8 A2K please,2066945648-00,6412652996-00,4069051559-00
info kaldrix saftey lock washer m8 A2K white galvanizes steel type,2066945648-00,3285264200-00,8129997486-00
search spherical washer form c c50 size m12,7894897755-00,2678278255-00,8426806797-00
i want spherical shape washer c c50m12 info,7894897755-00,2469021087-00,2538868426-00
specific spherical shaped washer c c50 with m12 please,7894897755-00,6963062415-00,2605789397-00
search info c50 steel sphrical washer m16 size,2678278255-00,9990793220-00,2995356510-00
give me shape spherical washer m16 cc50 material,2678278255-00,1570747722-00,2605789397-00
Want specs on m16 c c50 metal sphere washer shape,2678278255-00,4594330070-00,8368482762-00
info spherical washer type c c50 size m20 what is,9835640929-00,3808818546-00,1126028490-00
can find washer sphere c c50 m20 dimension search,9835640929-00,2300869594-00,5134598702-00
give me m20 spherical shaped washer in c c50 material type,9835640929-00,7563435984-00,3285264200-00
info spherical washer type cc50 for m8 bolts,4594330070-00,2995356510-00,2604472017-00
give me specific shape spherical washer cc 50 size m8 maybe,4594330070-00,1843344004-00,3399345551-00
search c c50 spherical washer m8 dimension type,4594330070-00,7894897755-00,6024645608-00
need info on qt washer m13x35 size,2161661959-00,4214798508-00,7452840785-00
search for m13 x35 qt steel washer part,2161661959-00,9937502513-00,5217076625-00
give me qt m13 by 35 washer details please,2161661959-00,6662252496-00,5303308423-00
info replaced part 9728025833-00 search,6922881579-00,1570116266-00,3332127492-00
i want 9728025833-00 replaced part number,6922881579-00,8099001430-00,8037006337-00
specific replaced p/n 9728025833-00 details,6922881579-00,1570116266-00,8534736814-00
"info search velmor steel washer m6x0,025 size",7420544092-00,7053519753-00,8881076183-00
"give me stainless stee washer type A2 M6x0,025 from velmor",7420544092-00,2579853511-00,6352965674-00
"washer velmor a2 stailess m6x0,025 please help find",7420544092-00,1009800385-00,2952509661-00
"i want washer stainless steel velmor m6x0,10 maybe for m6",2579853511-00,8573119194-00,1648801175-00
give me info on velmor steel washer m6x0.1 size pls,2579853511-00,8367543199-00,5303308423-00
"searching velmor m6x0,10 washer stainless steel part",2579853511-00,5858046109-00,3135963696-00
looking for velmor washer steel m6x0.20 size,8573119194-00,6024645608-00,4365586622-00
"info washer stainless velmor m6 with 0,20 thread",8573119194-00,7974005612-00,1253568846-00
"velmor m6x0,20 washer stainless steel need it please",8573119194-00,2579853511-00,7267184433-00
"search for velmor stainless steel washer M6x0,50 size for machine",8367543199-00,6373635107-00,1378331381-00
"give me info on washer A2 from velmor M6x0,50 mm steel",8367543199-00,9520903464-00,5696356045-00
"I want velmor metal washer a2 m6x0,50 with stainless plz",8367543199-00,2579853511-00,1430110093-00
"find washer velmor stainless steel M6 x1,0 please",6373635107-00,8573119194-00,4453967750-00
"I want info on velmor washer M6x1,0 steel type",6373635107-00,8367543199-00,3653142136-00
search velmor metal washer M6 with pitch 1.0 screw size,6373635107-00,6024645608-00,8090921104-00
"search washer velmor steel type m8 x0,025 for info",1009800385-00,6024645608-00,5411138778-00
"I want: velmor stainless washer M8x0,025 size info",1009800385-00,8573119194-00,5511269683-00
give me washer velmor metal m8x0.025 screw washer,1009800385-00,8573119194-00,7452840785-00
"need velmor ss washer M8x0,10 info",9520903464-00,5858046109-00,2556292981-00
give me washer velmor size m8 x 0.10 stainless steel detail,9520903464-00,7053519753-00,1648801175-00
"search velmor metal washer m8x0,10 dimension",9520903464-00,8367543199-00,2743366945-00
"want info velmmor m8x0,20 washer steel stainless type a2",6024645608-00,5431850038-00,3252594469-00
searching for a2 stainless velmor metal washer m8 x 0.20 size,6024645608-00,5858046109-00,4365586622-00
"give me washer for velmmor a2 stainless steel M8 x0,20screw",6024645608-00,6373635107-00,4734377813-00
"search washer velmor steel stainless for M8x0, 50 thread please",7053519753-00,9520903464-00,1258316254-00
I want: velmor metal washer size M8x0.50 info,7053519753-00,7420544092-00,1473554121-00
"give me washer stainless velmor M8 x 0,50 screw use",7053519753-00,2579853511-00,5621711058-00
give me info velmor washer steel stainless thread M8x1.0 search,5858046109-00,2579853511-00,2952509661-00
"I want velmor washer size M8x1,0 made of stainless steel please",5858046109-00,6024645608-00,7124258264-00
search for washer velmor M8x1.0 stainless steel metal ring washer,5858046109-00,6024645608-00,1811269553-00
give me oval head pin from westaro info,8243127142-00,9732007045-00,5298209446-00
search westaro oval shaped pin head,8243127142-00,5057879465-00,3624270395-00
I want westaro ovaltop head pin details,8243127142-00,9732007045-00,6508425047-00
i want nuts for t slots gn506 6 m8 info,5440054076-00,2995356510-00,9534081164-00
search gn 506-6 m8 t-slot nuts pls,5440054076-00,5431850038-00,5854970220-00
nuts tslot gn 506 6 M8 for the t slots give me,5440054076-00,1664484787-00,1329191849-00
search for turnbuckle eyelet a2k M6 white galvanized steel info,9526772961-00,3066371197-00,2233951822-00
I want: m6 turn buckle with eyelets in white zinc coated steel A2K,9526772961-00,5735698913-00,1536796713-00
give me specific galvanized it eyelet turnbuckle M6 a2k style,9526772961-00,9503448128-00,9455269245-00
give me turnbuckle eye lets M8 A2K steel white galvanized for check,9503448128-00,9526772961-00,5509206431-00
search for turnbuckle with eye holez galvanized steel m8 a2k info plz,9503448128-00,5419770835-00,7960050789-00
I want turnbuckle eyelets m8 made from white galvanized metal A2K part,9503448128-00,2066945648-00,9487954222-00
i want black ending terminal thingy,6357802946-00,1318185697-00,6951776968-00
search black close terminator part,6357802946-00,3076317177-00,1543538935-00
info on black closure termninal piece,6357802946-00,1442542605-00,5652404820-00
info screw leveling type 24201 with hole for,2148970760-00,4366679025-00,9464218475-00
give me screw levelling 24201 with hole kind,2148970760-00,2173703042-00,7573797526-00
specific screw di livell 24201 hole type,2148970760-00,5174805796-00,4281765786-00
search safety screw button head hex pin m4x10-70 stainless steel a2 info,5238684850-00,3216451039-00,5298209446-00
give me hexagon socket button head safety screw with pin a2 stainless m4 x 10-70 pls,5238684850-00,9910910852-00,2877514590-00
I want: hsbh safety screw with pin stainless steel m4x10-70 hex socket buttonhead part,5238684850-00,3216451039-00,6769183923-00
search safety hex socket screw hsbh pin a2 stainless m4x16 to 70,1870525316-00,3216451039-00,3920625495-00
give me safety button head hex screw a2 m4x16 70 stainless pin,1870525316-00,5527530826-00,3139520890-00
info hexagon safety screw pin hsbh stainless steel m4 m416 to70,1870525316-00,8082655917-00,5008345398-00
give me info on safety hex screw hsbh pin a2 stainless steel m4x20 70,9901076633-00,7228742265-00,9072517807-00
search hex socket buttonhead screw with pin a2 steel M4x20 to 70 size,9901076633-00,2146594767-00,5322750371-00
I want safety screw hexagonal socket buttonhead + pin a2 inox m4 20-70 specs,9901076633-00,1130811379-00,9423853212-00
search safety hexagon socket button screw pin made in stainless m4 25 to 70 a2 size,1597772200-00,1870525316-00,6404187464-00
I want safety button head hsbh screw with pin stainless steel m4 by 25-70 mm a2 type,1597772200-00,1870525316-00,3950194926-00
give me safety screw hex pin hexagon socket button head a2 stainless steel M4x25-70 please,1597772200-00,1130811379-00,9378016972-00
info safety hex socket button head screw with pin stainless M4x30 to 70 A2 variant,3633358682-00,3334359792-00,3986344388-00
search for safety screw hexagon button head pin stainless steel M4 size M4x30-70 fix,3633358682-00,2654093768-00,2467314709-00
give me safety button head hex socket screw with pin A2 stainlss M4 30 70 length,3633358682-00,9305174342-00,9778571217-00
looking for safety screw hsbh pin A2 stainless steel m4x35 to 70 hex button head,2654093768-00,1130811379-00,4547644032-00
info on hexagon socket button head screw with pin m4x35-70 a2 stainless steel safety type,2654093768-00,7228742265-00,3920625495-00
need safety screw hex socket button head+pin size m4 x 35-70 made of stainless steel a2 give me details,2654093768-00,5527530826-00,3030346654-00
search hex socket button head safety screw with pin stainless steel m4 M4x50 to 70 size,2146594767-00,1130811379-00,6488079350-00
want info A2 m4x50-70 saftey screw hsbh with pin - hexagon buttoned head steel,2146594767-00,1870525316-00,3300579673-00
give me safety screw a2 stainless steel m4 x 50 70mm hexagon sockt button head and pin,2146594767-00,3633358682-00,9084575467-00
give me safety hex screw hsbh+pin stainless steel M5x10 to 70 info,9305174342-00,6643459127-00,7495471828-00
specific search button head hex socket screw with pin A2 stainless m5 x 10-70,9305174342-00,2654093768-00,5008345398-00
I want hexagon screw with pin stainless steel M5 10-70 hsbh style for safety use,9305174342-00,4050287682-00,6404187464-00
info safety hex button screw with pin a2 stainless m5x16 to 70 size,8082655917-00,4050287682-00,1836583820-00
search for safety screw hsbh with pin hex socket button head steel M5 16-70 mm,8082655917-00,9910910852-00,3139520890-00
give me safety pin screw hexagon socket buttonhead stainless a2 m5 x 16 till 70,8082655917-00,6643459127-00,8558678354-00
look for safety hex soc button head screw pin A2 stainless m5x20-70 mm,6643459127-00,3334359792-00,2106723884-00
I want safety screw hsb pin A2 m5x20 to 70 mm stainless steel part info,6643459127-00,3216451039-00,9313557687-00
search hexagon button head safety screw with pin M5x20-70 A2 stainless steel,6643459127-00,3216451039-00,5065362985-00
search saftey hex socket button head with pin A2 inox m5x25 to m5x70 screw,4050287682-00,3633358682-00,6577415164-00
give me saftey screew HSBH plus pin m5 stainless steel 25-70 mm,4050287682-00,9210849690-00,7748564458-00
info safety hexagon socket button head screw pin stainless m5x25 70 length A2,4050287682-00,2146594767-00,3906125529-00
need info safety hex screw pin hsbh A2 m5 30-70 stainless,3334359792-00,3633358682-00,9262765158-00
safety screw hex socket button head pin size m5x30 to 70 A2 steel pls,3334359792-00,6643459127-00,1952396536-00
searching safety button head hex screw with pin m5x30-70 A2 stainless steel type,3334359792-00,7228742265-00,7691548010-00
search for safety screw hex socket buttonhead with pin stainless steel size m5 x 60 to 70 a2 pls,1130811379-00,7228742265-00,6738728316-00
info on hsbh plus pin safety screw stainless steel type a2 m5 60-70 mm give me that now,1130811379-00,9901076633-00,4538507388-00
I want safety screw hsbh with pin m5 60-70 mm stainless steel hex button head fastener a2,1130811379-00,5527530826-00,3748907827-00
search safety hex buttonhead hsbh pin A2 screw m6 x 10-70 stainless steel info,3216451039-00,9210849690-00,9768909848-00
I want hexagon socket button head safety screw pin A2 m6 10-70 stainless steel screw please,3216451039-00,3334359792-00,4283635832-00
info hex socket button head screw with pin steel A2 size M6x10-70 safety screw give me,3216451039-00,3334359792-00,9224795099-00
search safety bolt hsbh with pin A2 stain steel M6x16 to 70 mm,5527530826-00,1597772200-00,5777325392-00
info hex socket button head screw with pin M6x16 to 70 a2 stainless steel,5527530826-00,7228742265-00,9114099404-00
I want safety hsbh screw hex pin stainless steell M6 from 16 to 70 length,5527530826-00,7228742265-00,9084575467-00
search safety screw hex socket button head pin A2 stainless steel m6x20-70 info,9210849690-00,1130811379-00,5367398985-00
I want safety screw hsbh with pin A2 m6x20-70 stainless steal hexagon socket buttonhead,9210849690-00,2654093768-00,9257600323-00
give me safety screw hexagon sock button head pin m6 20-70 A2 stainless steel part,9210849690-00,3334359792-00,7354403074-00
looking for safety fastener hsbh pin a2 m6 x 25 to 70 stainless steel,9910910852-00,9210849690-00,7064132121-00
need hexagon socket button hd screw with pin m6x25-70 in a2 steel safety type,9910910852-00,9305174342-00,8090921104-00
info on safety screw hex socket button head + pin m6 x 25 - 70 a2 stainless plz,9910910852-00,7228742265-00,3286024653-00
search safety screw hsbh pin stainless steel m6 30 to 70 mm hex socket button head,7228742265-00,8082655917-00,5828119227-00
info specific hexagon button screw head w pin a2 stainless steel m6x30 70 length,7228742265-00,9910910852-00,9564807796-00
give me safety hex socket screw with pin a2 stainless steel m6x30 to 70 sizes,7228742265-00,2654093768-00,8558678354-00
search screw hexagon socket btn hd w/ flange full thread a2k white galvanized steel m5x12 10.9,5959674287-00,4362770512-00,8685260185-00
give me full threaded m5x12 screw hsbhf flange white galvanized steel a2k grade 10.9,5959674287-00,4362770512-00,1815563881-00
info about hex btn hd flange scres a2k m5x12 10.9 full thread white galv steel,5959674287-00,8043948667-00,3654387069-00
search screw hex button head flange full mt thread a2k m5x16 10.9 pls,3820596471-00,2013038763-00,1132785186-00
i want full threaded hsbhf m5x16 screw 10.9 white galvanized steel hex socket info,3820596471-00,9801266729-00,8418420037-00
give me flange hex head socket screw m5x16-10.9 full thd a2k white galv steel,3820596471-00,5959674287-00,3067769121-00
search screw full threaded hex bolt a2k M6x10 white galvanized flange 10.9,9801266729-00,3820596471-00,1895841627-00
I want: hexagon socket button head screw m6x10 10.9 steel white galv flange full thd,9801266729-00,5534285274-00,3691912117-00
give me screw hsbhf flange full thread m6 x 10 10.9 white galv hex socket head steel,9801266729-00,4873387863-00,9595065052-00
looking for hsbhf screw m6x12 full threaded flange hex socket button head white galvanized steel 10.9,8043948667-00,4362770512-00,3793164435-00
info on full thd m6x12 hsbhf button hex screw flange type a2k white gal 10.9,8043948667-00,3820596471-00,6758858432-00
want screw hex socket button head flange full thd a2k m6 by 12 steel white galv 10.9,8043948667-00,9801266729-00,7653911057-00
give me screw hsbhf full thd A2K M6x16 10.9 flange hex head white steel galvanized,5534285274-00,4362770512-00,6640393611-00
search for hexagon socket button hd flange screw m6x16 10.9 full tread white galv steel,5534285274-00,4873387863-00,4514307030-00
info screw hex socket buttonhead flange full thread m6x16 10.9  white galvanized steel,5534285274-00,9801266729-00,6148036737-00
I want full thread hex soc button screw flange in white galvanised steel m6x20 10.9 type,4362770512-00,7649956661-00,8029233870-00
search for m6x20 screw flange hsbhf full threaded white galvanized steel grade 10.9,4362770512-00,2013038763-00,6639795882-00
give me button head hex socket flange full thread screw in hsbhf A2K m6x20 10.9 steel,4362770512-00,2013038763-00,6104764951-00
info screw hex socket button head flange full thd a2k m6x40 10.9 steel white galvanised,4873387863-00,8043948667-00,8308947793-00
I want: full thread hsbhf screw m6x40 10.9 white galvanized hexagon socket flange,4873387863-00,2877514590-00,1862899777-00
search screw a2k m6x40 10.9 full thread flange hex button head hsbhf white steel galvanized,4873387863-00,4362770512-00,2274194725-00
i want screw hex flange head full thread A2K M8x16 10.9 white galvanized steel info,2013038763-00,5534285274-00,3983001081-00
search for hsbhf full thd button head screw m8x16 10.9 made in white galvanise steel,2013038763-00,9801266729-00,2953169297-00
give me full thread screw hexagon socket button flange a2k M8 x16 10.9 galvanized steel please,2013038763-00,5534285274-00,7877351864-00
search give me screw hsbh self thread whit galv steel 4x10,2049616791-00,2212658191-00,7181962772-00
want info hex socket button head screw self thd a2k 4 by 10 steel,2049616791-00,5206757906-00,5116998464-00
screw hexagon boutton head selftapping a2k 4x10 white galvanised steel,2049616791-00,9890504923-00,1398953358-00
give me screw hex button head full thread A2 M3x10-70 stainless steel type,1782609923-00,4734411209-00,9313557687-00
I want full thread hsbh screw made of stainless a2 size M3x10-70 hexagon socket button head,1782609923-00,9595065052-00,4873387863-00
search for screw fullthread hex socket button hd a2 ssteel M3x10-70 pls,1782609923-00,1715949208-00,5322750371-00
give me info for hex socket button head screw full thread stainless stl A2 M3x12 to 70,9595065052-00,8994100422-00,5690510024-00
search screw hsbh full threaded hex head button m3x12 70 mm a2 stainless steel part,9595065052-00,6757365315-00,5116420748-00
I want screw hexagon socket btn head full thread stainless st a2 m3 12-70 length query,9595065052-00,4196725180-00,1895782379-00
search for screw hexagon socket m3 full thd button head A2 stainless 16-70 size,8889344815-00,6077003273-00,8983831494-00
give me info about hsbh bolt full threaded stainless steel m3x16 70 hexed socket button type,8889344815-00,4215182994-00,5980354908-00
specific hex socket button hd screw full thd m3 x 16-70 stainless steel A2 like that,8889344815-00,8081905519-00,9608119877-00
need info on full thread screw hex socket button head a2 stainless steel m4x10 70mm,1097464442-00,2033483249-00,7440613697-00
search for hsbh screw full thd hexagon buttonhead stainless steel m4 m4x10-70mm,1097464442-00,6239810547-00,1870525316-00
give me screw with hexagon socket button head and full threaded m4x10 70 a2 steel,1097464442-00,5238684850-00,4733875998-00
give me infos screw hex button head full threading a2 stainless m4x12 70,4196725180-00,1782609923-00,9114099404-00
search hexagon socket button head full thd screw stainless steel m4 m4x12x70,4196725180-00,2033483249-00,6367957917-00
I want a2 stainless steel hex screw full thread m4 x 12 to 70 hex button head,4196725180-00,1782609923-00,4724490701-00
want screw button head full thred hexagon socket A2 stainless m4 x 8 70,9083509236-00,8994100422-00,1841898958-00
info hex socket button hd screw full thr a2 stainless steel m4 8-70 size,9083509236-00,5710205158-00,7064132121-00
search for hexagon socket screw full thread stainless stl m4x8-70 button head screw,9083509236-00,8889344815-00,7836028606-00
looking for hex bolt button head full thread screw A2 stainless m5x10 to 70mm,8994100422-00,8889344815-00,2692784607-00
info screw m5 x 10-70 full thread stainless steel hex socket button head A2 type,8994100422-00,5091829011-00,9734057020-00
I want screw hsbh A2 m5 10-70mm full threaded hexagon socket buttonhead stainless steel,8994100422-00,9083509236-00,2577201529-00
search screw hex button hd full thread a2 stainless m5x12-70 info,5091829011-00,9083509236-00,9564807796-00
I want: hsbh screw full thd hex socket button head m5x12-70 stainless steel pls,5091829011-00,9595065052-00,7687191436-00
give me screw hex socket buttonhead full threaded A2 M5x12 to 70 stainless steel,5091829011-00,1715949208-00,3286024653-00
give me info screw hex socket button head full threaded stainless m5 x16 to 70 a2,6757365315-00,8081905519-00,8045442358-00
search full threaded screw hsbh m5 16-70 stainless steel hexagon button head,6757365315-00,8994100422-00,7748564458-00
I want screw hex socket buttonhead fullthd a2 m5x16 70 stainless steel details,6757365315-00,9313557687-00,2269643128-00
give me screw hex socket button head full treads a2 stainless M5x20 to 70 info,5710205158-00,6757365315-00,2280881012-00
search hsbh full thread screw stainless steel hexagon button head m5x 20  - 70 please,5710205158-00,8081905519-00,8983831494-00
I want screw a2 stainless hsbh hex bolt full threaded M5 20 to 70 length type,5710205158-00,9083509236-00,5828119227-00
search full thrd hex socket button head screw stainless steel A2 m5x25 70mm,6077003273-00,8994100422-00,2596755451-00
I want: stainless steel m5 x 25 to 70 hexagon button head screw hsbh full thread,6077003273-00,6239810547-00,3069487216-00
give me screw hex button head fullthread M5 x 25-70 stainless st A2 info,6077003273-00,8082655917-00,9966918607-00
need screw full thred hex button head A2 steel size m6x10-70,4734411209-00,4196725180-00,7687191436-00
search hexagon sockt button hd screw full thread stainless m6x10 70,4734411209-00,8081905519-00,7748564458-00
give me full threaded hex socket button head screw A2 stainless m6 10-70,4734411209-00,4215182994-00,7064132121-00
need screw hex socket button head m6x12 70 full thd a2 stainless steel info,6239810547-00,2033483249-00,6769183923-00
find full thread hex sck button head screw a2 m6x12 -70 stainless steel type,6239810547-00,8994100422-00,5959674287-00
screw a2 stainless steel m6 x 12 70 hexagon socket btn hd full threaded search,6239810547-00,5091829011-00,2091151423-00
info screw button head hex socket full thd stainless steel m6x16-70 hsbh a2,4215182994-00,1715949208-00,3901147993-00
give me full thread steel screw hexagon socket buttonhead m6x16 70mm a2,4215182994-00,9083509236-00,7354403074-00
search screw hsbh hex button head stainless steel full thread m6x16 to 70 a2,4215182994-00,9595065052-00,6404187464-00
search screw hex socket button head full thread stainless steel M6x20 to 70 info,2033483249-00,6077003273-00,7303137141-00
I want hexagon button head screw fully threaded A2 stainless m6x20 70 mm,2033483249-00,6239810547-00,3773597417-00
give me screw hsbh full thd stailess steel hexagon socket m6x 20-70 length,2033483249-00,1715949208-00,5767660249-00
i want info screw hex button hsbh full thread m6x25 to 70 stainless steel,6598988196-00,5091829011-00,5364960095-00
search for hsbh screw full thread hex socket button head stainless m6x25-70,6598988196-00,6239810547-00,6029968985-00
give me screw hex socket button hd fullthread a2 m6 x 25 70 stainless steel part,6598988196-00,9083509236-00,9228106533-00
info for hsbh screw full thread M8x12-70 stainless steel button head hex socket,1715949208-00,1782609923-00,4283635832-00
give me screw m8x12-70 hexagon socket button head full thread A2 stainless steel,1715949208-00,6757365315-00,9235266034-00
search screw hex socket button head full thread a2 grade stainless m8 12-70,1715949208-00,1568532537-00,5679205903-00
search screw hsbh full thread stainless steel A2 m8x16-70 for info,1568532537-00,8889344815-00,2737752458-00
give me screw hex socket button head full thrd m8x16 to 70 A2 ss,1568532537-00,8889344815-00,7836028606-00
I want: hexagon socket button head screw full threaded m8x16-70 a2 stainless steel,1568532537-00,4196725180-00,3797912024-00
want full thread hsbh hex socket screw a2 stainless steel m8x20 to 70,8081905519-00,5091829011-00,3939252475-00
info screw m8 x 20 70 fullthred hexagon socket button head stainless steel a2,8081905519-00,9210849690-00,3332127492-00
search stainless fullthred screw hex button head hsbh a2 m8 20 to 70 mm,8081905519-00,1597772200-00,6484615821-00
i want screw hex socket button head full thd m10x15 10.9 a2k white steel galvanized,6478345925-00,5102587125-00,4675217838-00
search for full threaded hsbh screw m10x15 10.9 hexagon socket button head a2k steel white,6478345925-00,3939252475-00,4568894138-00
give me info on hex button head screw full thread m10x15-10.9 a2k white galvanized steel,6478345925-00,6600100268-00,3590365415-00
looking for a m10x25 full thread screw hex soc button head a2k 10.9 white steel galvanized,3939252475-00,5008345398-00,9715830174-00
give me screw button head hex socket full thread size m10x25 grade 10.9 white galvanized steel a2k,3939252475-00,3348224466-00,8445426123-00
want info about m10x25 10.9 full thr hexagon socket button head screw galvanized steel white a2k type,3939252475-00,5679205903-00,4568894138-00
search screw hex socket button head full thread stainless white m10x35 10.9 steel,3797912024-00,8134591754-00,2146594767-00
i want hsbh screw full thd a2k m10x35 10.9 with hexagon socket button head white galvanized,3797912024-00,8848957018-00,3793164435-00
info for screw m10x35 10.9 full threaded hex socket button head steel white galv galva,3797912024-00,3966591837-00,3625848499-00
looking for hsbh screw full threda m10x50 10.9 a2k plz,9691312135-00,9608119877-00,3227693960-00
info screw hex socket buttonhead fulltread galv steel M10x50 10.9 I want,9691312135-00,6934886974-00,5768980724-00
screw full thrd a2k hexagon button head M10x50 10.9 zinced steel search,9691312135-00,3348224466-00,1408518013-00
give me screw a2k m3x10 full thread hex socet button head whte galvanized steel 10.9,8140663775-00,2737752458-00,6082143397-00
search for hex button head screw full thd m3x10 white galvanized steel 10.9 a2k,8140663775-00,3797912024-00,2598714111-00
info on full threaded hex socket button hd screw m3x10 10.9 galvnized steel a2k,8140663775-00,9917520427-00,1726905199-00
search screw hex button head fulled thread a2k steel m3x6 10.9 info,7210136390-00,8134591754-00,4026925895-00
give me hsbh full threaded screw m3 6mm galvanized white steel 10.9,7210136390-00,6221838917-00,5658151048-00
I want: hex socket button head screw full thread m3x6-10.9 galvanized a2k steel,7210136390-00,3910293894-00,4196826985-00
give me info on full thread white galvanized steel screw hex socket heads M4x12 10.9,6484615821-00,1410187978-00,5658151048-00
search for hexagon screw button head fullthreads M4x12 made from A2K steel 10.9 grade,6484615821-00,3348224466-00,3104080093-00
I want screw hsbh full threaded hex alb m4 x 12 with white galvanize steel 10.9,6484615821-00,2737752458-00,1746469094-00
can you find me white galv screw hex socket button head full thread M4x16 10.9,6221838917-00,9207759437-00,1408518013-00
looking for hsbh screw full thread a2k white steel m4x16 10.9 please,6221838917-00,1680115035-00,4330983094-00
search for hexagon socket button hd screw M4x16 10.9 full thd galv white steel type a2k,6221838917-00,9691312135-00,4514307030-00
search for button head hex socket screw full thread A2K M4x6 white galvanized steel 10.9,1084274257-00,9207759437-00,5767660249-00
give me full threaded hex button socket screw M4x6 10.9 A2K zinc coated steel,1084274257-00,1680115035-00,7463424763-00
I want: hexagon socket hd button screw full thread 6x4 M4x6-10.9 white galvanised steel,1084274257-00,7529220633-00,3350014268-00
give me info screw hex socket button head fully threaded a2k M4x8 10.9 white steel,1680115035-00,2877514590-00,8705789131-00
search hsbh screw full threaded hp white galvanized steel m4x8 10.9,1680115035-00,5873849436-00,2893936683-00
want screw hexagon socket button hd full thd M4x8 10.9 a2k type galvanized steel,1680115035-00,3966591837-00,6185779988-00
need info screw hex socket button head full thd a2k m5x10 10.9 zinc plated steel,9207759437-00,7649956661-00,7877351864-00
search for white galvanized steel screw m5x10 10.9 full thread hex button head,9207759437-00,7529220633-00,7578498450-00
give me screw hexagon button head full thread m5x10 ansi 10.9 white galvanizd steel,9207759437-00,2737752458-00,3955556714-00
looking for screw hsbh a2k full thd m5x16 10.9 white galvanized steel,4758662814-00,2877514590-00,3793164435-00
give me hs button head hex screw fullthread m5x16 10.9 steel white galvanized,4758662814-00,2590488757-00,7212344264-00
search for m5x16 10.9 full thread hex socket button head screw white galv steel,4758662814-00,3820596471-00,7463424763-00
search for screw hex socket button head full thrd white steel m5x20 10.9,2737752458-00,5710205158-00,5074445582-00
I want screw hsbh full threaded galvanized steel M5x20 10.9 info,2737752458-00,5679205903-00,9191041307-00
give me full thread hexagon socket button hd screw a2k m5x20 10.9 steel galvanized,2737752458-00,9608119877-00,2726698148-00
give me screw hex socket button head full threaded A2K m5x25 10.9 white steel,5206757906-00,4212432744-00,9620732978-00
search for hsbh screw full thread hexagon socket m5x25 galvanized steel 10.9,5206757906-00,1084274257-00,7573814967-00
I want full thd button head hsbh screw M5x25 in white galvanized steel grade 10.9,5206757906-00,6484615821-00,6758858432-00
info full thread hsbh hex socket screw m5x35 10.9 white steel galvanized,8134591754-00,5008345398-00,6169214528-00
I want screw hexagon socket button head A2k galvanized steel m5 35mm 10.9,8134591754-00,6221838917-00,7864138034-00
search hex soket button hd screw white galvanised fullthread M5x35 10.9,8134591754-00,5206757906-00,2654093768-00
give me info screw hsbh full thread A2K m5x6-10.9 white galvanized steel,5690510024-00,5206757906-00,8081905519-00
search for hex socket button hd screw full thrd m5x6 10.9 white galvanized steel,5690510024-00,1084274257-00,7005019557-00
want: hsbh hexagon button head screw full thread m5x6-10.9 steel white galvanized,5690510024-00,8134591754-00,1022841450-00
need info screw hex soc button head fullthread a2k m5x8 10.9 white galv steel,3966591837-00,6261514671-00,4131998906-00
search for M5x8 10.9 hsbh full thr hex socket button head screw white galvanised,3966591837-00,1084274257-00,2783619008-00
give me screw hex socket button head full threaded m5 x 8 a2k grade 10.9 white steel galvanized,3966591837-00,4758662814-00,5766840546-00
info screw hsbh full thread A2K m6x10 10.9 steel white galvanized type,4724490701-00,8140663775-00,5074445582-00
give me screw hex button head full thred m6x10 10.9 white galvanised,4724490701-00,4734411209-00,4366679025-00
I want screw hexagon socket btn head full thrd m6x10 10.9 galvanized steel,4724490701-00,4734411209-00,9715830174-00
i want info on hsbh screw full thread M6x12 A2K galvanized steel 10.9,3348224466-00,2877514590-00,1815563881-00
search full thead hex socket button head screw M6x12 white galvanized steel 10.9 grade,3348224466-00,9917520427-00,3785046823-00
give me specif hsbh hexagon btn head screw M6x12x10.9 a2k full threaded galvanized steel,3348224466-00,4724490701-00,1870525316-00
looking for screw hex button head full thread m6x15 10.9 a2k galvanized white steel,6261514671-00,4758662814-00,1862899777-00
find info hsbh fullthread m6x15 screw A2K white zinc coated 10.9 grade bolt,6261514671-00,1152928692-00,9083509236-00
I want full thread hexagon socket button hd screw A2K m6x15 10.9 galvanized steel part,6261514671-00,9917520427-00,8080636197-00
search screw hex socket button head a2k m6x20 full thread 10.9,7649956661-00,6484615821-00,2598714111-00
give me screw hsbh full thr white steel m6x20 10.9 grade,7649956661-00,3966591837-00,7167950273-00
info hexagon socket buttonhead screw full thr m6x20 zinc steel 10.9,7649956661-00,3793164435-00,4828582854-00
search screw hsbh full thread m6x25 A2K white zinc steel 10.9,5679205903-00,5690510024-00,6082143397-00
info hexagon socket buttonhead screw full thd m6x25 10.9 galvanized steel pls,5679205903-00,6221838917-00,2033483249-00
I want screw hexagon socket button head full thd m6x25 grade 10.9 white steel zinc,5679205903-00,4212432744-00,3485500899-00
search screw a2k hexagon socket button head full thread M6x35 10.9 steel whte galvanized info,4212432744-00,1084274257-00,9387064486-00
give me full threaded hex soc button head screw M6x35 10.9 a2k white galvanize steel pls,4212432744-00,7649956661-00,4311539891-00
need screw hsbh fullthd white galvanized steel M6x35 10.9 hex socket buttonhd a2k type,4212432744-00,3797912024-00,5556266370-00
search screw hex socket button hd full thread white galv steel m6 x40 10.9 info,2877514590-00,5690510024-00,6185779988-00
I want screw hexagon socket btn head fully thd a2k m6 by 40 10.9 data,2877514590-00,5690510024-00,2049616791-00
give me full tread hexagon soc button head screw white galvanized m6x40 10.9 info,2877514590-00,2737752458-00,7359971500-00
looking for m6x50 10.9 full thread hex socket button head screw a2k white galvanized steel,9917520427-00,7359971500-00,5873849436-00
give me info screw hsbh full threaded m6x50 10.9 hex socket button white galvanized stl,9917520427-00,2737752458-00,1746469094-00
search full thread hexagon socket button head screw m6x50 10.9 a2k white galv steel,9917520427-00,5206757906-00,2598714111-00
search screw hsbh full thread a2k m8x12 10.9 white galvanized steel,7068060064-00,9608119877-00,6708180027-00
info hex socket button head screw full thd M8x12 grade 10.9 a2k steel white,7068060064-00,5206757906-00,3755850374-00
give me screw hexagon socket btn hd full threaded M8x12 10.9 galvanized a2k,7068060064-00,2877514590-00,4734411209-00
search for hex socket btn head full thread screw A2K M8X16 10.9 steel white galvanized,5008345398-00,4568894138-00,8029233870-00
I want: screw hsbh fullthread A2K m8 by 16 10.9 hexagon socket btn head white galvanized steel,5008345398-00,6934886974-00,9723645203-00
info screw hexagon btn head full thd white galvanized steel M8 x 16 size 10.9 grade A2K,5008345398-00,6478345925-00,9296042632-00
I want screw hex socket btn hd full thrd white galv steel M8x20 10.9 info,7529220633-00,2598714111-00,8445426123-00
search for hsbh screw full thread a2k m8x20 10.9 white galvanized steel plz,7529220633-00,6600100268-00,7463424763-00
give me screw hexagon socket button head full threaded M8x20 grade 10.9 steel,7529220633-00,4758662814-00,6367957917-00
give me info screw hsbh full thread metal m8x25 10.9 white galvanized,6934886974-00,9608119877-00,7573814967-00
search hexagon bolz button head full thd a2k M8x25 10.9 steel white plating,6934886974-00,6484615821-00,5878864569-00
"i want screw hex socket head button full threaded galvanized steel m8x25-10,9",6934886974-00,7210136390-00,7419951092-00
search screw full thread hex btn head A2K m8x30 10.9 white galvanised steel,5102587125-00,7529220633-00,4568894138-00
i want: m8x30-10.9 screw hex socket buttonhead full thd steel white galvanized thd,5102587125-00,7649956661-00,9387064486-00
give me info hexagon btn hd screw full thread A2K m8x30 steel white galvanisez 10.9,5102587125-00,9207759437-00,9543433719-00
i want full thd screw hsbh a2k size m8x35 10.9 steel white galvanized hex button,8848957018-00,9207759437-00,3654387069-00
search special screw hex socket button head full thread m8x35 10.9 zinced steel a2k,8848957018-00,3797912024-00,1132975697-00
info screw hsbh full thread m8x35 10.9 a2k white galvanized hexagon socket head button,8848957018-00,3797912024-00,6185779988-00
looking for hsbh full thread screw A2K m8x45 10.9 white steel galv,9608119877-00,7649956661-00,9715830174-00
give me screw hexagon socket button head fully threaded galv steel m8 x45 10.9 type,9608119877-00,6221838917-00,9346361961-00
info screw hex socket button head fullthread m8x45 steel galvanized 10.9 grade,9608119877-00,4724490701-00,5731319278-00
give me screw hexagon head screw a2k full thread white m8x50 10.9 steel pls,4380679545-00,6600100268-00,5939413013-00
search full thd hex socket button head screw a2k m8x50 size 10.9 white zinc steel,4380679545-00,4212432744-00,5309071573-00
info on hex bugget head screw m8x50 a2k 10.9 full threaded galvanized steel,4380679545-00,7068060064-00,9543433719-00
info full thd hex socket button head screw a2k m8x60 10.9 white galv steel pls,6600100268-00,3348224466-00,5309071573-00
need screw m8x60 10.9 hex button head full thread steel white galvanize hd,6600100268-00,6261514671-00,9540700976-00
search hsbh full thread hexagon socket button head screw a2k size m8x60 grade 10.9 galvanized steel,6600100268-00,1680115035-00,9158457183-00
looking for screw hsbh concrete self threading A2K size 6x60 white galvanized,4026925895-00,2049616791-00,7155263857-00
give me info on button head self thd screw concrete love 6x60 steel white finish,4026925895-00,1564767009-00,7891212922-00
screw a2k concrete self thread 6x60 white galvanized steel button head pls,4026925895-00,3562703168-00,1040011022-00
i want screw hex socket head rect tang f9 m10 d12x16 12.9 info,4492492559-00,2016320500-00,2180285684-00
search hexagon cylin drical head rectang tang screw m10 d12 by 16 12.9 f9,4492492559-00,5456183122-00,2312811465-00
screw hsch rect tang f9 M10 d12x16 12.9 hexagon socket cylindrical head lookup,4492492559-00,5713567997-00,6472361413-00
search screw hex socket head cylin f9 m10 d12x20 12.9 please,4184231864-00,1182065572-00,9545805367-00
i want screw hsch rect tang f9 M10 d12x20 12.9 type thing,4184231864-00,6045171767-00,5696356045-00
give me hexagon socket screw cylindrical head rect tang f9 M10-D12x20-12.9 info,4184231864-00,4492492559-00,1079293252-00
info screw hex socket cil head rect tang f9 m10 d12x25 12.9 please,6045171767-00,9122072784-00,7089590364-00
searching hexagon socet screw cylindrical head rectang tang f9 m10 d12 by 25 length 12.9 rating,6045171767-00,4573564884-00,5590080186-00
I want hex head screw m10 special d12x25 long 12.9 tang f9 type,6045171767-00,9122072784-00,6259431200-00
looking for screw hsch tang rect f9 M10 d12x30 12.9 hex socket head cylindrical,4573564884-00,5713567997-00,6997603480-00
need info hexagon socket screw with rectangular tang f9 M10-D12x30 12.9  cylindrical,4573564884-00,2679738386-00,2407054170-00
give me a hex soc screw hsch rect tang F9 M10 d12x30 12.9 type cylindrical head,4573564884-00,5456183122-00,5731319278-00
show me screw hex soc cyl head rect tang f9 M10 D12x40 12.9,5713567997-00,2016320500-00,1557781426-00
info screw hsch rectangular tang f9 M10 d12x40 grade 12.9 pls,5713567997-00,1182065572-00,1945547201-00
search screw hex socket head cyl f9 m10 d12x40 12.9 kind,5713567997-00,4230197672-00,2308371976-00
looking for screw hex socket head rect tang F9 M10 D12x40 12.9 typ,2679738386-00,4573564884-00,9545805367-00
info on hsch rect tang screw m10 d12 x40 12.9 grade cyl head hex soc,2679738386-00,2016320500-00,1046650199-00
give me screw hexagon socket cyl head m10-d12x40-12.9 rect tang part,2679738386-00,6045171767-00,8694059428-00
search screw hex cylindrical headd rectangle tang F9 M10 D12x50 12.9 info,9122072784-00,4573564884-00,2676694235-00
I want: hexagon socket screw rect tang m10 d12 x 50 12.9 inox,9122072784-00,2016320500-00,6916390553-00
give me: hsch screw round head rect tang F9 M10 d12 x 50 length 12.9 steel,9122072784-00,4184231864-00,8847665360-00
search screw hex socket head cylindrical m10 d12x60 12.9 tang f9,5456183122-00,9122072784-00,1557781426-00
I want screw hsch rectangular tang f9 m10 d12 60 12.9 info,5456183122-00,5713567997-00,2261079652-00
give me screw hexagon cylindrical head rect tang m10 d12 x60 grade 12.9,5456183122-00,6045171767-00,6997603480-00
search screw hex cyl head rect tang f9 m10d12x80-12.9 info,1182065572-00,9921638475-00,2857731037-00
give me screw hsch rectangular tang F9 10mm d12x80 12.9 steel,1182065572-00,8724841823-00,4838358893-00
I want screw hex socket head circle tang type F9 M10 d12x80 12.9 pls,1182065572-00,4573564884-00,6171464147-00
search screw hex socket cylindr head rect tang f9 M12 D16x30 12.9 bolt info,9519477340-00,3665132280-00,5106055601-00
i want screw hsch flat head tang f9 m12 d16x30 12.9 type info,9519477340-00,3420647459-00,2210052713-00
give me hexagon socet screw rect tang f9 m12 d16 x30 12.9 steel part,9519477340-00,6258151250-00,1360735004-00
need info screw hex socket cyl head rect tang F9 m12 d16x30 grade 12.9,3420647459-00,9519477340-00,9714124213-00
search screw hsch rect tang F9 M12 D16x30 12.9 clyndrical head,3420647459-00,9547309251-00,6391201229-00
give me screw hexagon socket cylindrical head rectang tang F9 M12-D16X30 12.9,3420647459-00,8153096555-00,8899320851-00
search screw hex cylin head rect tang f9 M12 d16x40 12.9 info,7263953526-00,3635384046-00,6733410119-00
give me screw hsch type rectangular tang F9 size m12-d16x40 grade 12.9,7263953526-00,9547309251-00,2596794819-00
info screw hexagon socket cylin head rect tang for F9 M12-D16X40 12 9,7263953526-00,3420647459-00,6259431200-00
I want screw hex socket round head tang f9 m12 d16x60 12.9 info,6258151250-00,7263953526-00,1079293252-00
search hexagon socket screw cylin head rect tang f9 M12 D16x60 12.9 pls,6258151250-00,9921638475-00,7301625995-00
give me screw hsch rect tang F9 M12 d16 x 60 12.9 scress part,6258151250-00,3635384046-00,5590080186-00
search screw hexagon cylindar head rect tang F9 M12 d16x80 12.9 info,6443597983-00,9921638475-00,4632171824-00
give me screw hsch m12 d16x80 12.9 rect tang hex socket cylindr head,6443597983-00,8153096555-00,6271104408-00
I want screw hex soc cylin head rect tang f9 m12-d16x 80 12.9 please,6443597983-00,2203707952-00,4894468146-00
want screw hsch flat head rect tang f9 m12 d16x90 12.9 info,8153096555-00,3665132280-00,8132115336-00
search hexagon socket cyl head screw m12 d16 x90 12.9 tang f9 pls,8153096555-00,3635384046-00,4444787150-00
give me screw hex socket cylindrical head rect tang f9 M12-d16x90 12.9 stuff,8153096555-00,7263953526-00,5191985271-00
looking for screw hex socket head type rect tang F9 M12 D20X30 12.9 metric,9547309251-00,9921638475-00,1945547201-00
info screw hsch rectangular tang f9 size m12-d20 x 30 grade 12.9 what i want,9547309251-00,6258151250-00,7954596083-00
give me screw hexagon socket cylinder head rectang tang f9 m12 with d20 by 30 and 12.9 specs,9547309251-00,3420647459-00,2261079652-00
search screw hex socket head m12 d20x40 12.9 tang rect f9 info,9921638475-00,8153096555-00,9688170406-00
info on screw m12-d20x40 hexagon cyl head 12.9 rect tang f9,9921638475-00,6258151250-00,3315991152-00
give me screw hexagon cylind head with socket m12 d20x40 f9 rect tang 12.9,9921638475-00,3665132280-00,2262609082-00
search screw hex socket head rectangular tang f9 M12 D20 x50 12.9 info,3635384046-00,3665132280-00,6214669592-00
need hsch rectang tang screw m12 d20x50 12.9 type F9 please,3635384046-00,9921638475-00,2455366782-00
give me hexagon soc cylind head rect tang screw F9 m12 d20x50 12.9 spec,3635384046-00,3028497617-00,6956349207-00
looking for screw hex socket head rect tang F9 M12 d20x60 12.9 grade,2203707952-00,6443597983-00,5693143967-00
info about hexagon socket cylin head rect tang screw f9 M12-d20x60 12.9 steel,2203707952-00,9519477340-00,1447866253-00
want screw hex soc rec tang F9 M12 d20 x60 12.9 bolt type search,2203707952-00,3028497617-00,5428394963-00
search screw hex socket cylndr head rect tang F9 M12 d20x80 12.9 plz,3028497617-00,6443597983-00,6391201229-00
i want screw hsch rect tang f9 m12 d20x80 grade 12.9 info,3028497617-00,2203707952-00,3774397299-00
give me hexagon socket cylindr head tang rect screw M12 D20X80 12.9 please,3028497617-00,9921638475-00,1796069938-00
looking for screw hex soc head cylindrical m12 d20x90 12.9 rect tang f9,3665132280-00,8153096555-00,5512927515-00
give info screw hs socket type rect tang m12 d20 x 90 grade 12.9 f9,3665132280-00,9921638475-00,1424906352-00
screw hexagon sock cyl head rect tang f9 m12 d20x90 12.9 pls help,3665132280-00,2203707952-00,6733410119-00
search for hex socket head screw m12x120 12.9 grade f9 tang rect hsch,2016320500-00,2203707952-00,8539881347-00
I want: hsch screw M12x120 12.9 tang f9 hexagon cylyndrical head rect,2016320500-00,1182065572-00,2676694235-00
info screw hexagonal socket cyclindr head rect tang F9 dim M12x120 12.9,2016320500-00,3665132280-00,2914934155-00
find screw hex socket head rect tang f9 m16 d16x40 12.9 please,4041106770-00,3028497617-00,1079293252-00
need hs screw f9 rect tang M16 with d16x40 size grade 12.9 info,4041106770-00,9921638475-00,7089590364-00
looking for hexagon socket cylindrical head screw m16-d16x40 12.9 tang rect f9 details,4041106770-00,4492492559-00,2173703042-00
info on socket hd scrw hsch rect. tang F9 M5 D6x10 12.9 dinPurchase req,6571703109-00,9519477340-00,6149920023-00
i need data sheet of rectanguar tang screw hex sock m5-d6x10 f9 din 12.9 std,6571703109-00,9966918607-00,6259431200-00
give me specs of M5 D6x10-12.9 rect. tang cyl head hexagon scrw F9 ID number,6571703109-00,4624316935-00,1426989314-00
i need info on screw socket hexagonal cylindrical hed with f9 thread m5-d6x16 and 12.9 strenthевigkeit search also for rect tang,9387215994-00,9419602658-00,2676694235-00
give me all data about rect. tang. screws type m5-d6 x16 12.9 w/ hex socket hed f9 watever mat.,9387215994-00,4624316935-00,5428394963-00
specifc search for m5-d6x16 12.9 fix.f9 rect. tang cylindr. head hexag socket screw type thing CNBC,9387215994-00,5360297225-00,2658021352-00
"search info on hex socket scrw, m5, F9, thread 6x20, Rectangular tange D=12.9 need size spec",1408501010-00,9419602658-00,3628254685-00
"i need specfics on m5-d6x20 cylindr head screw, dont forhet to incl. F9 and his rect. tang measur 12.9",1408501010-00,9419602658-00,7347520742-00
give me details for f9 hs rect. tang screw with metric 5 and 6 by 20 and cylin head hex scket 12.9m long,1408501010-00,7263953526-00,1426989314-00
info on hex socket screw rectangler tang f9 m5-d6/25/12.9 typ,9419602658-00,3665132280-00,4940282571-00
search f9 m5x25 hsch rectangular tang 12.9 strenth cyl head what matl,9419602658-00,2489351829-00,4613363443-00
You can provide the next passage I'll be happy to help with more queries.,9419602658-00,6960522247-00,5652404820-00
i need specs on m5 d6x30 12.9 hscrews rectangular tangeant / hex socket F9,9966918607-00,8724841823-00,7089590364-00
looking 4 docs on rectangler tang screws d6x30 m5 12.9 hexagonal head and socket F9 hs,9966918607-00,5360297225-00,8847665360-00
can u give me info on cyl head F9 m5d6 x30 12.9 hsch screws rect tang socke hex,9966918607-00,2016320500-00,2297518908-00
i want info on socket head F9 M5-D6x40 screws with like 12.9 thingy rect tang,5360297225-00,6571703109-00,9457329856-00
give me specific hexagon screw m5 d6 x 40 size 12.9 rect. tang(ular) head cylindrical is ok to,5360297225-00,2016320500-00,2297518908-00
"search rect tang hsch sockethead F9 12.9 m5d6 x 40 screw, is hex ok or only cylin?",5360297225-00,6692325649-00,8815417597-00
info on M6 screw hex socket D8x10 rectangulr thingi 12.9 tang f9 hsch thing rectangular,8724841823-00,7219825620-00,6575833974-00
can u give me specif data on F9 M6-D8X10 rect. screw HSch head 12.9 mm?,8724841823-00,1602913890-00,2080562227-00
"searchin data base for hexagonal head screw hsch f9 rectangular tang m6d8x10 Socket 12,9 what it do?",8724841823-00,6258151250-00,2293806356-00
can i get info on rectangulr tang screw w/ hex sock m6-d8x12 12.9 mm,3205324893-00,4256015092-00,5512927515-00
i need specific data sheet for hs screw m6 -d8 x12-12.9 w hexagon socket cylin head type f9 stor,3205324893-00,2016320500-00,4974013062-00
give me all about cycndercal hsch m6- d8x12 rectangul tang type f9 hexgon socket scratch 12.9 grade screw,3205324893-00,7219825620-00,4407921557-00
i need specs on hex socket scrw cylindrical hd rect tan m6 d8x16 whats thread f9,2078359379-00,8724841823-00,4606671218-00
search all doc for rectang tang screw hsch hxd f9 d8x16-12.9 how long m6,2078359379-00,2016320500-00,5735698913-00
"info on metric screw rect. tang, hexagon socked head m6-d8x16 f9 material of 12.9 whats spec",2078359379-00,3205324893-00,3774397299-00
"i need screw f9 rectngl tang, hex sock, what is m6-d8x20 12.9 std proportions",2489351829-00,4624316935-00,3921443853-00
give me info techn specs hsch screws d8 x 20mm 12.9 mater f9 and m6 rect tan,2489351829-00,1602913890-00,6062338830-00
"search rect. tang f9 h.s.c head screws d8 12,9 thread size: m6x20 hexagonal head what specif citations",2489351829-00,5360297225-00,1409980522-00
give i want screw socket hex f9 size m6-d8x20 12.09 w/ cylindrcl head,1602913890-00,5456183122-00,7142238274-00
search for hexagon screwdatang f9 m6 d8 20 129 /w rectangular head,1602913890-00,7433502444-00,1920921560-00
info specific screw hex head f9 m6-d8x20-12.09 wagon Rect tangential,1602913890-00,2016320500-00,4242885761-00
search hex socket screws wit cylindrical head an rectang tangeent f9 m6 d8 25 12.9,7219825620-00,8153096555-00,5411138778-00
"info for h sch screws were head cylindrical and rectangle tangent f9 m6-d8 25 12,9",7219825620-00,4624316935-00,6843773357-00
I want hexsocket screw tht cylindricalhead rectangular tang f9 m6 d8x25-12.9,7219825620-00,3205324893-00,2261079652-00
search screw hex sokct cylindrical head with rectang tng f9 size m6-d8x30-12.9 u need,4624316935-00,7219825620-00,1442567475-00
info for hsch screws they got rectangular tng f9 m6-d8x3%12.9 socket head cylindr type,4624316935-00,8724841823-00,6916390553-00
I want screws hex socket wid rectang pg f9 m6-d8x30-12.9 cylind heads specifics,4624316935-00,7219825620-00,1796069938-00
search screw hex socket with cylindrcl head rect tang f9 m6 d8 40 12.9,7433502444-00,3665132280-00,2538868426-00
info for screw hexagonal sock rect. tangent f9 m6-d8x40-12.9 screws,7433502444-00,1602913890-00,1881869961-00
i want  hex head screwhole rect. tangent f9 m6 d8 x40 12.9 socket type,7433502444-00,2489351829-00,9593556803-00
search hex socket screw with cylindric head and also rectangulr tang f9 m8-d10x16-12.9,3569251090-00,6692325649-00,6603193262-00
info for hx sockt screw cylindricalhead rect tang f9 m8 d10 x16 12.9,3569251090-00,4181994172-00,6171464147-00
i want screws hex sock rect. tang. f9 m8-d10x16-12.9 cylin head,3569251090-00,9895453927-00,3921443853-00
search screw hex socket cylindr head rectangle tng f9 m8 d10 16 12.9,9895453927-00,8232184671-00,9650481371-00
i want hexagon screws w/ socket drive cylinder heads rectangular tangs f9 m8 d10 x16 12.9 find,9895453927-00,6692325649-00,6956349207-00
giv me info specific scrw hexagonal cylin head rect. tangent f9 m8 10x16 12.9,9895453927-00,8220713106-00,6154628649-00
search for hex soct screws with rect tangs f9 m8 d10x20.9,4256015092-00,9895453927-00,8957745808-00
info specific bolts hexagon head  rectangle tang f9 m8-d10x20-12.9,4256015092-00,9895453927-00,6843773357-00
i want find cylindricalhead screw with hex socket f9 m8 d10 x20-12.9 rectangular tange,4256015092-00,5762240135-00,5852213281-00
search screw hexagonal cylin head w/ rect. tang f9 m8 d10 25 12 9,4181994172-00,5762240135-00,5825574311-00
info need hex cylin screw f9 m8-d10 x25-12.9 hsch head tan f9,4181994172-00,9895453927-00,3921443853-00
"I want: spec screw hex sock w/ cylin head, f9 m8 d10 25 25 12 9 rect",4181994172-00,8220713106-00,2320198646-00
"searchin hexagonal socket scrw w/ cylindrcl hd, rectngl tang f9 m8 d10 25 12 9",1760470605-00,5762240135-00,9834454697-00
info for hex socket headscrew rect tang f9 m8 d 1025 lenght 12.9,1760470605-00,3569251090-00,1006926039-00
I want specif hex key sunk screws w/ cylindhead rectanglar tang f9 m8 d10x25 leng 12.9,1760470605-00,9895453927-00,8810070590-00
search screw hex socket with cylindrical heads its f9 m8 d10 35 -12.9,8220713106-00,5762240135-00,7496615874-00
info for scre hexagon sock rectanglong t9 m8d10 130 12.,8220713106-00,1945547201-00,2856564860-00
finding specifics hex scre clyindrical head rect. tan f9 m8 d10x30/12/,8220713106-00,3569251090-00,6575833974-00
search for hex socket screw rect tang f9 m8 d10 60mm 12.9 grade,8232184671-00,4181994172-00,1517496950-00
need hsch screw m8-d10x60 12.9 with rectangulr tang,8232184671-00,5762240135-00,2857731037-00
give me: f9 hexagon socket cyl head screw rect tang 60mm 12.9 m8-d10,8232184671-00,8220713106-00,2650208388-00
info screw socket hsch M8-d-1Ox8 12.9-rect tangulr F9,6692325649-00,8232184671-00,9137602664-00
Need: hex socet cyl. head bolt f9 m8xD10X8 - 12.9 rect tang?,6692325649-00,9966918607-00,9545805367-00
pls find screw hs cylinder with rectang tang F9 m8/d1O8x12-9,6692325649-00,4256015092-00,3359898107-00
info for hsch head screw m8 d20/80 grade 12.9 rect. tang f9?,5762240135-00,9895453927-00,1931768917-00
"specific SCREWS hex sock cylndrcl head, rec tang f9 m8-d 20 x 80-12.9.",5762240135-00,8220713106-00,5440054076-00
search screw cylinder socket HEAD hex dec tang. f9 M8D20X80 (12.9).,5762240135-00,4184231864-00,2261079652-00
info bout m10 d12x100 screw rect. head TANGF9 hex cyl.search 12.9 grade,4230197672-00,6045171767-00,8815417597-00
screw need: HEX socket type cylindrical hschn rectang tangf9 m10-d12/100 slab?,4230197672-00,5713567997-00,3774397299-00
hexagon socckt screw rectangular head M10-12x100[12.9] tangf9 do u hav it,4230197672-00,1182065572-00,7103403071-00
search screw hex cly head M5 x 50 8.8 FULL thd WHITE GALV. a2k,1895782379-00,4196826985-00,8043948667-00
info hsch hexagon socket FULL THREAD SCREWS 5mmx50mm steel A2K coated,1895782379-00,8134591754-00,6947945444-00
I want: screw M5/50 white galvd cylndrcal head 8.8 hex skt,1895782379-00,1684555397-00,7669229686-00
info: m6 x 50mm hex sokt scrw full thrd A2k steel 8.8 zinc coatd,7359971500-00,7974005612-00,2737752458-00
"serch 4 screw cylidrical hd, WHITE galvaniz M6x50 full-thr. hex key type",7359971500-00,7976283257-00,5534285274-00
"pls find hex socket head scrw, 8.8 grad, fully thread, m6 * 50 galvanized wht",7359971500-00,4624316935-00,6962179027-00
"info screw HEX scylndrcl hd, m3X10, repl. code 5768980724-00",8584132113-00,5501065460-00,9035646162-00
search hexagonal socket head cap screw M3x10 replaced by 5768980724-00 screw?,8584132113-00,5196167183-00,6777499687-00
"give me M3x10 cyln hsch scrw, 5768980724-00 replacement details pls!",8584132113-00,2783619008-00,6083606650-00
search screw hex soket cylander head M3 x16 (replace 8286072537-00),2650208388-00,7643733072-00,5930875688-00
info for hex socket head screw m3x16 replaced by code 8286072537-00 screw,2650208388-00,8286072537-00,1895782379-00
i want: cylindrical head screw M3 / 16 hex socket replaced 7798002501,2650208388-00,2173703042-00,6087737330-00
"search for srew hs piece, part thd a2k, steal galvanised M10 x1.25 x 30-8.8",3625233948-00,8204718697-00,7165977649-00
"I want: hs screw partly thread a2K whit galvanise stell m10 1,25X30mm 8.8 grade",3625233948-00,4184231864-00,1537895535-00
pls info screw hs part thrd steel galvanizd m10 slash 1.25 mm x30 / 8.8,3625233948-00,3074267649-00,2103822303-00
"search Hsch screw with part thrd, stainless A2 m10/100 70 info",1783879014-00,5777325392-00,6439186466-00
"hex sock cylndr hd screw, partly thded, m10x100-70, need in stainless",1783879014-00,6404187464-00,8222802007-00
want stainless steeel M10x100 Hex socket screw cilindrical head w/partial thread,1783879014-00,1507127156-00,1703128847-00
search screw with Cylndrcl soket Head m10*16-70 stainless sTeel part thrd A2,1209233355-00,2692784607-00,6239810547-00
info needed hex socket srews partly THREADED stainless m10 by 16-70 A-2 material,1209233355-00,4547644032-00,1978099364-00
give me hexagon sokt scrw A2 st/nless steel M10-16 70 partial thds,1209233355-00,5217076625-00,7748564458-00
search screw hsck cylndrcl head part thread m10 *20-70 a2 stainless,3139520890-00,9257600323-00,5238684850-00
info hex socket screw cylindr hd partly threaded m10x20_70 metric steel A2,3139520890-00,5575104128-00,3334359792-00
i want hexg sokt screw part thrd m10 20 70 stel sainless,3139520890-00,6851681215-00,6621224456-00
"find screw hex soc cyl head M10 x 25 - 70, part thred A2 steel",9423853212-00,8045442358-00,3906125529-00
"info for screw part threaded stainless m10/25-70, hex socket cyl head",9423853212-00,6238573247-00,8889344815-00
screw hexagonal soc cylndr clndr head partly threads a2 m10*25-70,9423853212-00,3074267649-00,2146594767-00
search screw hex socket head partly thred stainless A2 size M10X30-70,9084731867-00,5065362985-00,9901076633-00
"info on hexagon socket ss srew with part thread, M10/30-70",9084731867-00,9734057020-00,5768980724-00
give me: cylindr push socket head M10 x 30 to 70mm stainless steel,9084731867-00,5217076625-00,2971866041-00
search screw hsckn socket head part thd steel M10x35 slash70,9734057020-00,3986344388-00,1447866253-00
give me screw hex socket cyldrical partly threded A2 stainless m10/35-70,9734057020-00,7395059843-00,9122072784-00
"info on srew with hexgn socket cylindr hd, part thrd A2 STEEL M10 x 35-70",9734057020-00,3950194926-00,7047336438-00
search screw with hex socket cyl head part thrd steell M10x40 / 70,7176640084-00,5259714115-00,6757365315-00
info bout screws M10x40-70 a2 partly thd hex socket cylndrcl stainless,7176640084-00,2467314709-00,9910910852-00
give me hexgon Cyl head part thread screw m10 40-70 steel,7176640084-00,9696569168-00,1542882622-00
search hsch screw partial thd a2 m10x55 70 stainless head cylidircal,9084575467-00,8413622314-00,1871950127-00
"info hex socket screw M10 x 55/70 part thred steel, where can I find?",9084575467-00,3950194926-00,3986344388-00
"screw, hexagon socket head, part thread A2, 55-70mm, m10 stel",9084575467-00,9734057020-00,9055208562-00
search screw M10x90 a2 hexagon ss partially thread part. thd,9262765158-00,3030346654-00,1766918733-00
info pls hexagon socket screw stainless steel cylindrical head m10x90 70 partially thrd,9262765158-00,1481396410-00,5556266370-00
give me screw hex cyl head partly threaded m10 90mm ss A2,9262765158-00,8426806797-00,5777325392-00
search screw hex socket cyl HED part thread M12x35-70 a2 stainless,5065362985-00,9084575467-00,4196725180-00
"info on stainless screw M12 x 35/70 hex, cylinderic part. thred head",5065362985-00,6273083255-00,7734476041-00
give me: hex scoket cylinder head screws 12mmx35mm SS partly thred,5065362985-00,7811220022-00,1841898958-00
search for screw M14 X 60-70 hex sockt? cylindre head part thread IN steel,7687191436-00,4430253848-00,1094408086-00
"I want: screws stainless, hex socket/cylinderical head, partly 14mm*60-70.",7687191436-00,7691548010-00,5368655997-00
info abot part thrd screews m14x60-70 A2 hex socketed cyl_head,7687191436-00,3256546005-00,2654093768-00
serch Screw hex sockt head stainless a2 M16x30 to 70 partly thredd,5980354908-00,9696569168-00,1871950127-00
info for hexagonal socket cylinder screw steel M16/30 mm - 70mm part Threaded,5980354908-00,1078275837-00,9589635876-00
specific hexagon screw a-2 m16 x 30mm70m partialthd steeel,5980354908-00,3750693595-00,2674961440-00
"search hex soket cylindrica screw M16x80-70 partly thred, stainless stell A2",5942763771-00,9778571217-00,9313557687-00
"info screw part thd, hexagonal socket cyl head m16 80mm stainless A2?",5942763771-00,3139520890-00,3300579673-00
give me: M16*80-70 stainless steel screw with hex socket/head partial thread,5942763771-00,9072517807-00,3750693595-00
search hex socked cyl head screw A2 stainless steel 2.5x12 semi thread,5461598347-00,3332127492-00,8889344815-00
give me partly threaded m2.5 *stainless* cyl screw with hex head 12mm pls,5461598347-00,6412652996-00,4734411209-00
screw info: hexagon socket cilinder head partial thread a2 m2.5 x 12,5461598347-00,1557781426-00,2489351829-00
"info on hex sygnet screw stainless, part thrd a2 M2by8 70",8013105397-00,9570592597-00,5476556092-00
"give me screw cilyndral head, partly THREAD m2x8/70, stainless steel hex sock",8013105397-00,2280881012-00,9901076633-00
search for a2 stainless m2*8-70 hexagon socket screw part threded,8013105397-00,8952877545-00,9910910852-00
info on hex socket cylind head scw m3x12/70 part thrd stainless,3759777997-00,3143339606-00,1703128847-00
"search screw hsck cylndr hd partly thrd a2, dim M3*12-70",3759777997-00,7064132121-00,4444787150-00
specific hsck scrw stainless-steel M3 12mm partially thrd,3759777997-00,5352356648-00,1130811379-00
search for screw M3X16-70 hex sokt head part.thread stainless stell,5552184374-00,7064132121-00,5238684850-00
info screw hexagonal socket head ssteel M3x16/70 partial thrd pls,5552184374-00,8286072537-00,5760759939-00
I want: a cyl. headed M3 x16 70 partly thred hex socket srews,5552184374-00,7511541800-00,3334359792-00
search screw hexa soket cylnderical hd a2 part-thread m3 20 - 70,9564807796-00,7836028606-00,3722553199-00
info on M3x20/70 part thrd ss hex socket screws cylindrical head,9564807796-00,4547644032-00,9299975640-00
"give me screw m3x20to70 hex head socket, stainless with partly threads",9564807796-00,5116420748-00,6148464742-00
search for hex socket screw cylndr head partial thred A2 M3x25/70,7354403074-00,9768909848-00,4986042147-00
give me: stainless steel hex screw with socket head M3x25-70 partly threaded,7354403074-00,2455366782-00,5098478150-00
info about screw Hexagon Socket head cylndrical partly threaded stainless m3 x 25-70,7354403074-00,3903406802-00,3633358682-00
search hsch screws hex socket cilindrical heads m3x8-70 part thds stainless.,8183063386-00,2467314709-00,5191985271-00
give me: partly threaded screw / a2 M3x8-70 hexgon soket type.,8183063386-00,3920625495-00,3804855403-00
"info for stainless steel screw - hexsocket cylndrcl head, m3*8 70 part thread.",8183063386-00,8186909629-00,1094408086-00
find SCREW hex sckt cap head part thrded stainless a2 / M4x 10x70?,9072517807-00,3332127492-00,2033483249-00
info abt m4*10 hexgn cylinderical SCREW part Thread A2 steel 70mm,9072517807-00,3691912117-00,3012926011-00
screw a2 stainless thrd partly 10 m4 x70 hex scoket head pls,9072517807-00,7047336438-00,3910293894-00
search screw hex socket cylinder head A2 partial thread stainless steel size M4 x12mm 70,6238573247-00,1978099364-00,6954739972-00
info on hecsogn socket screw with head cylndrical steel stnless m4*12 partially threaded,6238573247-00,2297518908-00,5456183122-00
specific SCrew M4x12-70 cylndr hd SS stnls steel part thrd with hsoket hex,6238573247-00,6375619999-00,1952396536-00
info on screw hex socet cylndr hd part thrd stl m4x16/70,5364960095-00,6267553235-00,1507127156-00
plz find m4x16 screw hexagon socket cylidrical head partly thrd in stainless,5364960095-00,1870525316-00,3216451039-00
search for stnls screw M4X16-70 hex socket cyl hd part thd,5364960095-00,1132785186-00,2280881012-00
"search hex socket cyl head screw A2 partly threaded, stainless, size m4x20 to m4x70",9473428869-00,7643815862-00,4734377813-00
info on hex socket M4x20/70 screws part thread steel a2 cylinder shape,9473428869-00,5819943066-00,9788873693-00
"Give me: partly thd hexgon soc cylndricl hd srews, stainless stell m4*20 - 70",9473428869-00,3920625495-00,1952396536-00
search hsck screw A2 4mm x 25-70 part thrd stainless cylndrcl head,2596755451-00,2280881012-00,6373635107-00
"give me info hex skt screw, partly thrd steel m4-25/70, cylinder head",2596755451-00,3030346654-00,9910910852-00
"specific screw with hex socket, cylndrical 4x25-70, partal thrd A2",2596755451-00,3633358682-00,9378016972-00
search for hex sockt screw steel partly thred a2 m4/35-70,4675402319-00,9570592597-00,6954739972-00
info hexgonal cylinderical head screw stainless partly threaded  m4 by 35-70,4675402319-00,7047336438-00,2735987175-00
need screw hsch m4x35-70 partial thred stainless steal,4675402319-00,2893936683-00,3132891770-00
search for screw part hsch hexagon socket stainless steel m5 10-70  thd,3748347140-00,2596755451-00,5074445582-00
info on m5x10-70 screw hex cylindrical head partly thread A2 stainless,3748347140-00,8994100422-00,6982573376-00
give me hex socket screw thd m5x10 70-70 in stainless steel hsch parts,3748347140-00,1836583820-00,5846963981-00
search for hex soc screw m5x12-70 partly thred a2 stainless steel,3012926011-00,7527229457-00,9313557687-00
"info on screwss hex soc cylindrical head m5x12-70, part thd a2",3012926011-00,5980354908-00,6077003273-00
give me hexagon socket screw m5 12mm 70 a2 part thd steel,3012926011-00,8183063386-00,4598714933-00
give me info bout hex socket screw partly thd m5x16-70 a2,3069487216-00,9313557687-00,7146771293-00
search for hsch screw m5 x 16-70 partially threaded stainless steel,3069487216-00,2577201529-00,8889344815-00
i want hsch part  screw with cylinder head m5 16 70 thd in stainless steel,3069487216-00,4675402319-00,1952396536-00
"search for hsch screw hex socket with part thread m5 x 20 - 70, stainless steel stuff",9695811272-00,3748347140-00,9985673215-00
info about the screw with hex socket cylindrical head partly thd a2 m5x20 70,9695811272-00,6634333003-00,1715949208-00
need the m5 x 20-70 screw hexagon socket cylindrical head i think made of stainless steel,9695811272-00,7495471828-00,3906125529-00
give me info on screw hexagon socket part thd a2 m5 x 25-70,7495471828-00,1147017964-00,1568532537-00
searching for stainless steel screw hsch m5x25 partly thread cylindrical head,7495471828-00,6878665766-00,4897352893-00
need small m5x25-70 screw part with cylindrical head and hexagon socket thread,7495471828-00,8854288795-00,8321833690-00
search stainless steel screw partly thread hexagon socket hsch m5 30 70,8888866174-00,3748347140-00,7527229457-00
info hex socket cylindrical head screw part thread a2 m5 x 30 70,8888866174-00,9734057020-00,7064132121-00
give me: screw hsch m5x30 70 stinless steel threading hexagon head partilly,8888866174-00,4538507388-00,6673803951-00
screw hex soc head hsch m5 40 70 partially threaded ss,4538507388-00,8524394518-00,6598988196-00
info hexagonal socket screw a2 m5x40 70 with part thread,4538507388-00,5980354908-00,8994100422-00
give me: stainless steel screw hsch thd m5 40 70 hexagona,4538507388-00,4675402319-00,3633358682-00
search for screw hex cylindrcl head m6 x 10-70 partly thread A2 stainless steel,5777325392-00,3030346654-00,4733875998-00
info about part hsch screw A2 thd m6x10 70 stainless steel hex head,5777325392-00,9262765158-00,6179478807-00
i need m6 10 70 socket hex screw thrd stainless steel A2 part descriptor,5777325392-00,5828119227-00,8558678354-00
"i want to find a screw hsch like hexagon socket m6x16-70 thd, the stainless steel part.",2467314709-00,5527530826-00,7064132121-00
give me info on part with a2 hexagonal socket screw m6 16 70 thd like ss.,2467314709-00,5552184374-00,1097464442-00
search for the m6x16-70 screw hsch partly stainless type with hex cylindrical head.,2467314709-00,8807682391-00,5577156710-00
search screw hex soc cyl head part thread m6 x 20-70 in stainless steel a2,7440613697-00,9257600323-00,6643459127-00
info about hsch screw ss m6 20x70 partly threaded,7440613697-00,4624316935-00,1560087501-00
give me hexagon socket screw m6x20-70 a2 stainless steel with part thd,7440613697-00,3906125529-00,6598988196-00
need screw hexagon socket m6x25-70 a2 thd partly thread,5116420748-00,6598988196-00,1782609923-00
search for part stainless steel screw hsch m6x25 70,5116420748-00,3950194926-00,3906125529-00
give me info about hex socket cylindrical head screw m6 x 25 -70,5116420748-00,4732482395-00,6769183923-00
search for part screw hsch a2 stainless steel m6x35-70 with partly threading and cylindrical head,3143339606-00,4538507388-00,5195367950-00
i need info on hexagon socket screw m6 x 35-70 a2 with part thread and what it is made of,3143339606-00,3012926011-00,7974005612-00
looking for hsch screw m6 35-70 a2 stainless steel with cylindrical head and some thread part on it,3143339606-00,4675402319-00,3245824682-00
search for hex hsch screw part thd m6 45-70 stainless steel,3748907827-00,9695811272-00,7974005612-00
need socket screw partly thd a2 m6x45-70 with cylinder head,3748907827-00,9473428869-00,9788873693-00
give me m6x45-70 stainless steel screw with hex socket cylindrical head part thd,3748907827-00,7440613697-00,4283635832-00
want search screw hex socket part thd m6 55 70 a2 stainless steel,7748564458-00,2577201529-00,2091151423-00
info on m6x55 70 hex cylindrical head screw hsch part threading,7748564458-00,5116998464-00,8713716659-00
give me stainless steel screw hexagonal socket 55mm 70 part thd m6,7748564458-00,9695811272-00,7527229457-00
screw hsch m6x60-70 a2 part number search please,6029968985-00,9473428869-00,1870525316-00
hexagon socket screw stainless steel partly thrd 60-70 m6,6029968985-00,3069487216-00,1597772200-00
I want info on screw m6x60-70 hex hsch a2 thd type,6029968985-00,9464218475-00,2928794343-00
"searching for a m8x10-70 screw hsch part with thd, also known as hexagon socket cylindrical head partly thread stainless steel",9241727014-00,7440613697-00,8413622314-00
"info on screw hsch, m8x10-70, like hex soket thread part, also it’s partly threaded stainless steel",9241727014-00,4495204230-00,9313557687-00
"give me a hexagon socket screw with part m8x10-70, it’s stainless steel too with partly thd, looking for hsch",9241727014-00,9768909848-00,9226799871-00
info about hex screw m8x100-70 partly thread hsch stnless steel,4547644032-00,9241727014-00,6586480729-00
I want to find screw hexagon socket cylindrical head part thd m8 x 100 70 a2,4547644032-00,7748564458-00,3119784394-00
search for stainless steel screw hsch m8 100 70 with partly thrd head,4547644032-00,5777325392-00,1715949208-00
search hex socket screw part a2 m8 16-70 with thread partly,7395059843-00,6238573247-00,6259431200-00
give me m8 x 16-70 a2 stainless steel screw hex head thd,7395059843-00,9713312546-00,3280639713-00
info about screw hsch cylindrical head m8x16 70 thread stainlesssss steel,7395059843-00,1542882622-00,9164921243-00
search for hex soc screw part m8x 20-70 stainless thd cyl head,3950194926-00,8919094757-00,6312418668-00
info on screw hsch m8 20-70 a2 part thread steel hexagon,3950194926-00,7687191436-00,8300606513-00
give me hex socket screw m8 x 20 and 70 partly threaded stainless material,3950194926-00,5116420748-00,1782609923-00
i need screw m8x25-70 hex soc part thread stainless steel,8501645232-00,8186909629-00,9901076633-00
find stainless steel hsch screw with partly thd hexagon m8 25-70 plz,8501645232-00,5777325392-00,6598988196-00
search for screw a2 m8 uni 25mm hex head with cylindrical socket and some thread,8501645232-00,4181994172-00,3628254685-00
wanna search bolt hsch m8x30-70 partly threaded stainless steel,9768909848-00,3500145278-00,7228742265-00
info on screw hex socylindrical head a2 m8 by 30-70,9768909848-00,5367398985-00,4215182994-00
give me hex socket screw part screw m8 size 30-70 with threded section,9768909848-00,7495471828-00,2654093768-00
search screw hex socket part thrd m8x35-70 stainless steal,2700123943-00,9503946395-00,2269643128-00
info hsch screw partly thrd m8 x 35 - 70 cylindrical hexagon head,2700123943-00,9072517807-00,1409980522-00
give me m8 35 70 hex screw socket stainless steel tpe with part thd,2700123943-00,7495471828-00,9344370987-00
lookin for hsch screw hexagon socket m8 x 40-70 part partly thread in stainless steel,1836583820-00,7395059843-00,5590080186-00
need info on screw part a2 m8 40 70 hex soc head partl thrd stainless,1836583820-00,9570592597-00,3653142136-00
search for m8x40-70 hex soc cyl head screw with partly thread in stainless stl,1836583820-00,9696569168-00,6643459127-00
find screw hex socket clyndrical head partly thd a2 m8 x 45 70 info,2577201529-00,9262765158-00,7692192434-00
searching for m8x45-70 hexagon socket screw in stainless steel,2577201529-00,9608119877-00,3030346654-00
pls give me info on screw hsch a2 m8 45 70 part w/ cylindrical head,2577201529-00,2596755451-00,3300579673-00
find hsch screw with hexagon socket maybe part Thrd m8 60-70 in stainless steel,6345452813-00,3950194926-00,6179478807-00
search stainless steel screw hex socket hsch m8x60-70 with partly thrd type,6345452813-00,7176640084-00,5191985271-00
need info on screw with hsch type and hex cyl head m8 60-70 partly threaded in ss,6345452813-00,4547644032-00,7303137141-00
find hsch screw with hex socket m8 x 65-70 thd partly made of stainless steel,5461753764-00,1147017964-00,4181994172-00
search for hex cylindrical head screw a2 m8 65-70 part thrd or not,5461753764-00,9423853212-00,1715949208-00
looking for screw m8x65-70 hex socket kinda stainless steel part thd,5461753764-00,6238573247-00,4215182994-00
search for hsch screw hexagon socket m8x70 part stainless steel,1147017964-00,6940014199-00,6603980774-00
info on m8 x 70-70 partly threaded screw hsch thd cylindrical head,1147017964-00,7176640084-00,4215182994-00
give me hex socket screw a2 m8 70 mm thd info please,1147017964-00,1715949208-00,9503448128-00
plz show me hex socket screw a2 m8 x 75-70 partially ilike thread,4495204230-00,3748907827-00,5431850038-00
lookin for m8 75-70 screw stainless steel hexagon socket partly thrd,4495204230-00,5461753764-00,3280639713-00
"info on screw hsch m8x75-70 part thd a2, like cylindrical head please",4495204230-00,5980354908-00,5960557195-00
searching for screw hsch hexagon sockt cylindrical heda maybe partly threaded stainless steel m8x80-70,5828119227-00,8888866174-00,3132891770-00
I need info on m8x80-70 screw the half-threaded hexagon socket stainless steel part,5828119227-00,2596755451-00,2374738313-00
give me screw hsch with m8x80 size and thd made of stainless steeel hex cylindrical head,5828119227-00,9539155196-00,1046650199-00
search for screw hsch m8 x 90 70 part w/ threded hex cylindrical head in sst,7691548010-00,5461753764-00,1153687795-00
get me hex socket screw m8x90 70 w/ partially thd made from stainless steel,7691548010-00,4000811310-00,1841898958-00
info on screw part m8 90-70 hex cyl head stainless steel with hsch thd,7691548010-00,7176640084-00,2857731037-00
find info about screw m10x100 8.8 white galv steel hex cylindrical head part thd hsch,4647839108-00,1783879014-00,4367095841-00
"search for part screw a2k m10 x 100 8.8 hexagon socket, it partly has thread",4647839108-00,9149032558-00,1896353070-00
"give me details on hex socket screw m10x100-8.8 with thd, white galvanized steel材質",4647839108-00,2049616791-00,2376697760-00
find screw hsch hexagon socket m10x110-8.8 with partial thread white galvanized steel,2374738313-00,4627757243-00,7390065635-00
search for m10x110-8.8 screw hex cylindrcl head hsch partly thread galvanized steel,2374738313-00,5396528414-00,6586480729-00
info about screw partly thd hex socket m10 x 110-8.8 white galvanized steel,2374738313-00,7934338423-00,6083606650-00
specific searching for screw hsch m10x120-8.8 with white galvaniz and thd part head,8539881347-00,6878665766-00,6518638498-00
"need info about hex socket screw 8.8 m10x120 partially threaded, steel white galvanized",8539881347-00,8204718697-00,4661397238-00
"show me m10 x 120-8.8 screw hex part thd hsch from the galvanized steel, asking for details",8539881347-00,3625233948-00,6962179027-00
search for screw m10x130-8.8 hsch thd galvanized steel part mostly,4554747324-00,9961931002-00,7023956011-00
info hex socket screw partly thread m10x130-8.8 white galvanized steel,4554747324-00,9060437798-00,5333106852-00
give me m10x130-8.8 screw part thread hex cylindrical head zinked,4554747324-00,1554805926-00,8539881347-00
search for screw hsch m10x150-8.8 hexagon socket partly threaded white galv steel,8368256870-00,4869901228-00,9164921243-00
info needed for screw cylin head a2k m10x150-8.8 with hexagon socket treading,8368256870-00,8447322876-00,8584132113-00
give me specifics on white galvanized steel screw thd hex socket m10x150 8.8,8368256870-00,4641212468-00,2949807863-00
info about screw hex sockt cylindrical head m10 x 16-8.8 white galvanized steel,6673803951-00,8204718697-00,7197948058-00
searching for screw hsch part m10 16 8.8 galvanized thrad,6673803951-00,5456183122-00,8539881347-00
need specific info on m10x16-8.8 white galv'd steel hex sad screw,6673803951-00,9625341535-00,7540448458-00
"give me hsch screw m10 x 180, 8.8 part with partly thread and maybe hex head",8361149774-00,3628254685-00,5525935480-00
search for white galvanized steel screw that is hexagon socket and has threded part m10x180 8.8,8361149774-00,2745886712-00,4147306188-00
info on screw hex soc part treads m10 180 8.8 hsch and the galvanized steel type,8361149774-00,4492492559-00,5256951442-00
find screw hexagon socket hsch m10x20 8.8 thread in white galvanized steel,9953982052-00,7602736333-00,8126165786-00
looking for part hsch screw m10-20 8.8 cylindrical head in info dull galvanized steel,9953982052-00,9122072784-00,3543972817-00
search for m10x20-8.8 screw thd hsch in white galv steel with cylindrical head,9953982052-00,6159899080-00,6752727328-00
I want search for screw hexagon socket m10x25-8.8 partly thrd steel white galvanized hsch part,4816820374-00,2742017990-00,9537630327-00
give me info on m10x25-8.8 screw hsch cylindrical head thd white galv steel,4816820374-00,9423853212-00,2407054170-00
find screw partly threaded hex socket white galv 8.8 m10x25 in my db pls,4816820374-00,7891212922-00,6912749729-00
search m10 x 30 hex socket screw partly thread 8.8 a2k,6822152452-00,1182065572-00,6998943831-00
give me info about galvanized steel hsch screw m10x30 thd 8.8,6822152452-00,5021921994-00,9836819829-00
find part screw cylindrical head 30mm m10 white galvanized 8.8,6822152452-00,4230197672-00,2376697760-00
give me info on screw hex socked cylindrcl head m10x35-8.8 with part thd a2k,1130810921-00,3986344388-00,1977603061-00
search for m10x35-8.8 screw hsch galvanized steel part with whte finish,1130810921-00,3986344388-00,6982573376-00
looking for hex screw socket partly threaded m10 35 8 point 8 white galvanized,1130810921-00,8204718697-00,3031428088-00
search for screw hex soket m10x40-8.8 white galv steel with part lke thd a2k m10x40-8.8,5259714115-00,9259659927-00,4869901228-00
need info on hsch screw partty thread m10 x 40 8.8 galvanized steel hexagon socket,5259714115-00,1182065572-00,8760264488-00
give me cylindrical head screw hsch part with white galvnize m10x40-8.8 and thred a2k,5259714115-00,8919094757-00,9224795099-00
find hsch screw hexagon part m10x45 thd 8.8 galvanized steel,8812817358-00,3625233948-00,6719591180-00
looking for screwed thd m10 45mm 8.8 hex socket whte galv,8812817358-00,5456183122-00,9077176137-00
search for m10x45-8.8 screw cylindrical head partly galvanized steel,8812817358-00,8703862792-00,6288436231-00
give me info about the screw hsch part m10x50-8.8 with thd and hexagon cylinder head galv steel,8574329846-00,9691312135-00,5368655997-00
"search for screw with hsch part, hex socket, partly thrd white galvanized steel m10x50-8.8",8574329846-00,5396528414-00,6518638498-00
please show me the info regarding the hexagon socket screw  m10x50-8.8 thd and galvanize steel part,8574329846-00,1945547201-00,9587897673-00
i need search screw hsch with hex bolt specs m10x55 and thread a2k 8.8 quality,1371850964-00,2916818412-00,1481396410-00
wanna find m10x55 dome head screw w/ partly thrd white galv steel hexagon 8.8,1371850964-00,2462869810-00,8705789131-00
plz give me hexagon socket screw part hsch m10 x 55 - focused on galvanized steel thrd 8.8,1371850964-00,5713567997-00,6777499687-00
i need to search for screw m10x60 8.8 hsch hexagonal socket whit galvanized steel with partial thd,9271244353-00,5858467301-00,7301625995-00
looking for a screw part with hsch cyl head m10 x 60-8.8 i think it should be galvanized white,9271244353-00,6045171767-00,5819943066-00
give me info about screw hex soc part with m10x60 size and thd 8.8 and maybe a2k steel if possible,9271244353-00,5066868032-00,2892389414-00
find me a screw hsch hex soc cylindrical head part thrd m10x65-8.8 pls,5960557195-00,5203964419-00,1902888810-00
info about m10 by 65 mm hexagon socket head screw 8.8 galv steel,5960557195-00,5713567997-00,5556266370-00
searching for screw m10x65 8.8 thread partly in white steel hex soc head,5960557195-00,4430253848-00,8705789131-00
looking for a screw hsch part whit thd a2k m10x70-8.8,5789803864-00,3245824682-00,9226799871-00
info on screw hex socket cylindrical head partly thd white galv steel m10x70-8.8,5789803864-00,8703862792-00,3358964777-00
search for m10 x 70-8.8 screw hesch a2k part thd and galvanized white steel,5789803864-00,5696356045-00,1962744634-00
gime me hsch screw m10 75 8.8 white galv steel part with thd,2376697760-00,6173154583-00,9132261912-00
search info on hexagon socket screw partly thd m10x75 8.8 in galvanized,2376697760-00,9346361961-00,1896353070-00
need to find screw hsch m10x75-8.8 cyl head with some white galv on it,2376697760-00,5819118999-00,8981508854-00
searching for screw hsch m10x80-8.8 white galvanizd steel with thd part cyl drd hd,6603980774-00,3625233948-00,1300531753-00
info on hex socket screw partly threaded m10 x 80 size 8.8 a2k white galv,6603980774-00,9844671434-00,8186036331-00
give me details about screw m10x80 with hexagon socket cylindrical head threded hsch part 8.8,6603980774-00,2297518908-00,8848643796-00
search for screw hex socket m10 x85 8.8 a2k part partly thrd white galvanized steel,5525935480-00,8126165786-00,2351386675-00
info hexagon cyl head screw thd m10x85 8.8 white galvnizd part hsch,5525935480-00,5358287054-00,6472361413-00
give me screw m10 x 85 8.8 hex sockt galvanized steel part with threded info,5525935480-00,5696356045-00,7573797526-00
give me: hsch screw m10x90 with thd wht galvanizd steel 8.8 part,1481396410-00,2869859722-00,8321833690-00
search for m10x90 hexagon socket scrw partly threaded A2K 8.8 white galvanize,1481396410-00,9262765158-00,6634333003-00
info about screw with hex socket cylndr head A2K m10x90-8.8 white glv steel,1481396410-00,8687110294-00,2351386675-00
looking for screw hexagon socket cyl head a2k m12x100 partially thread 8.8,8205155184-00,8649274296-00,9935696508-00
need info on hsch screw m12 x 100 8.8 white galv steel part thread,8205155184-00,3625233948-00,8407770695-00
searching for cylindrical head screw m12x100-8/8 hsch partly thred galvanized steel,8205155184-00,2236902687-00,2330627626-00
search for screw hex soc m12x110 with partly thraed and white galv steel,4627757243-00,9751416586-00,3281332982-00
find info on hsch screw 8.8 m12 x110 cylindrical heead wht galv,4627757243-00,3665132280-00,8703862792-00
can I get the details for screw hexagon soc m12x110-8.8 steel part with some thd?,4627757243-00,5358690547-00,6273083255-00
search for screw m12x120 hex socket hsch partly thread with thd a2k 8.8,9226799871-00,1447866253-00,7146771293-00
info about white galvanz steel screw hex cyl head thd m12x120-8.8,9226799871-00,6367957917-00,7573797526-00
give me details on m12 x 120 screw hexagon socket part thread a2k 8.8,9226799871-00,9547309251-00,5960557195-00
"give me some info on screw hexagon socket m12x130-8.8, thd a2k, looking for galvanized steel pls",9641115149-00,2049616791-00,6221838917-00
searching hsch screw m12x130-8.8 with white galv steel and cylindrical head,9641115149-00,9422469846-00,1300531753-00
"need info on screw partly thread m12x130-8.8, hex socket hsch, made of galvanized steel",9641115149-00,2376697760-00,7767416194-00
give me info m12x140-8.8 screw hsch hex socket part with some thread,7818196723-00,2236902687-00,6962179027-00
search for hexagonal screw cylindrical head partly threaded galvanized steel m12x140-8.8,7818196723-00,3543972817-00,5195367950-00
want to find hsch screw part with white galv. steel m12 140 8.8 thd,7818196723-00,5622965267-00,2892389414-00
search m12x150-8.8 screw hsch partly threaded hexagon socket galv. steel,2340376361-00,9086058599-00,9422469846-00
info about screw hex socket m12 x 150 - 8.8 white galv. steel,2340376361-00,5594889711-00,7531996245-00
give me: hexagon socket screw m 12 by 150 8 point 8 part thd galvanized steel,2340376361-00,3921443853-00,2745886712-00
find m12x180-8.8 screw hsch thd in white galvanized steel plz,5826927866-00,9641115149-00,9132261912-00
hex soc cylindrical head part thrd screw m12 x 180-8.8 steel,5826927866-00,7263953526-00,2869859722-00
search for screw partly threaded hex head m12x180 8.8 a2k galvanized,5826927866-00,2796016373-00,2024351750-00
find hsch part screw hex socket cylindrical head m12x20 8.8 mostly thrd,9985673215-00,6916390553-00,4410646567-00
search for white galvanized steel screw with hexagon socket partly threaded m12 x 20 8.8,9985673215-00,9621326677-00,5594889711-00
need info on screw m12x20 hex socket hsch part white galv steel 8.8 thd,9985673215-00,4661397238-00,5396269374-00
search: hsch screw with thd m12x200-8 point 8 in white metal,6948161018-00,2376697760-00,6083606650-00
"give me: hex socket cylindrical head screw, part thread, galvanized steel, m12 by 200 size",6948161018-00,8577088598-00,2031660634-00
"info: white galvanized m12x200 8-8 hsch screw with cylindrical head, part thrd",6948161018-00,8368256870-00,7035858829-00
search for hsch screw m12x25 8.8 white galvanize steel partly thred head cylndr,1703128847-00,5905948272-00,6651829316-00
info on screw hexagon socket m12x25-8.8 thd white galvanized steel parts,1703128847-00,5905948272-00,7692192434-00
give me details about screw hsch m12 25 8.8 part thd cyld head in galvanize steel,1703128847-00,9519477340-00,2455366782-00
can u find me a screw hsch with m12x280-8.8 that has a partly thd and is white galv steel?,6980499450-00,8703862792-00,7745825410-00
looking for hexagon socket screw m12 280mm with 8.8 grade and threded part steel white galvanized.,6980499450-00,5731319278-00,6719591180-00
pls show me a screw partly threaded m12x280-8.8 hex socket cylindrical head steel galvanized whit?,6980499450-00,6878665766-00,1570275778-00
"I am looking for screw m12x30 8.8 with hex soc and partly thred, if you can help me pls",2869859722-00,8666922925-00,4000811310-00
"need info on a hsch screw m12 30mm thd a2k white galv steel, not sure if it has the right type",2869859722-00,6733410119-00,8899320851-00
"search hexagon socket screw m12x30-8.8 partly threaded and white galvanized steel, think it might be useful",2869859722-00,5731319278-00,7745825410-00
find screw hex soc m12x35-8.8 part galvanized steel shady thd,4568600985-00,1850869928-00,9541305032-00
info about hexagonal socket screw clyndrical head m12 35 size with white galv,4568600985-00,8230451596-00,3358964777-00
I want the hex soc screw m12x35 w/ partial thread 8.8 steel galv looking for it,4568600985-00,5065362985-00,5595912099-00
search for screw hex socket part thd m12 x 40 galvanized steel 8.8,5622965267-00,6822152452-00,9060437798-00
info about m12x40 8.8 screw hsch white galv steel cylindrical head,5622965267-00,2407054170-00,6634333003-00
give me details on partially thrd hexagon socket screw m12 40 8.8 steel,5622965267-00,3028497617-00,5819943066-00
search screw hex socket part thd A2K m12x45 8.8 galvanized steel,6129590427-00,6035530235-00,6395039276-00
give me hsch screw m12 x 45 8.8 partly threaded cylindrical head white steel,6129590427-00,2203707952-00,5116269099-00
info hexagonal screw with socket 8.8 m12x45 white galv steel part thd,6129590427-00,6173154583-00,4816820374-00
search hsch screw m12 50mm 8.8 white galv steel hex cyl head partly thrd,8186036331-00,9547309251-00,1447866253-00
info m12x50-8.8 hex sock cyl hsch screw thread white galv steel,8186036331-00,3625233948-00,1300531753-00
give me: screw m12 50 8.8 threaded hex cylind head partly made of galvanized white steel,8186036331-00,9621326677-00,2106723884-00
screw hsch hexagon socket part thd m12x55-8.8 white galvanized steel info,8694059428-00,7412425536-00,4647839108-00
"I want to find hsch screw thd m12x55 8.8 white galvanized steel, cylindrical head",8694059428-00,6288436231-00,6948161018-00
give me hexagon socket screw 55 m12x8.8 partly threaded in galvanized steel,8694059428-00,9344370987-00,3683853426-00
"search for screw m12x60-8.8 with that hexagon sockets, partly threaded, white galv steel",4586595445-00,9487954222-00,6610415924-00
"give me information on hsch screw part, the m12 x 60 8.8 screw with hex socket head",4586595445-00,6258151250-00,6600153617-00
"looking for a screw hex socket cylindrical that has part threads, white galvanize m12x60 8.8",4586595445-00,3388938782-00,1593243093-00
"search for screw hsch m12 x 65 part, whole partly thd galv steel 8.8 hex head",1560087501-00,5396528414-00,4444787150-00
"what is the hexagon cylindrical head screw with partial thread size m12x65 and 8.8, white steel",1560087501-00,8687110294-00,8206709094-00
"give me info about screw with thd a2k m12x65-8.8, like hex-cylindrical part, galv steel 8.8",1560087501-00,2843799327-00,9060437798-00
search info for white galvanzied steel hex screw m12 70 mm cylindrical head thd a2k 8.8,6962179027-00,4131998906-00,7836777852-00
give me specific hexagon socket screw partly thred m12x70 8.8 a2k in galvanized steel,6962179027-00,8687110294-00,9537250553-00
need info cylindrical head m12x70-8.8 white screw hsch with thrd part in steel,6962179027-00,7197948058-00,2501819648-00
give me info on hsch screw m12x80 8.8 thd or maybe part hex socket galvanized steel,8126165786-00,7531996245-00,9149032558-00
search for hexagon socket screw part thds m12 x 80 8.8 white steel cylindrical head,8126165786-00,6258151250-00,8981508854-00
need the info about screw hsch m12 80 8.8 partly threaded galvanized hex socket,8126165786-00,3420647459-00,6518638498-00
search for screw m12x90-8.8 hsch part white galvanized steel hex head,5556266370-00,2843799327-00,5986859531-00
looking for partly threaded hex socket screw A2K 8.8 m12 x 90,5556266370-00,6391201229-00,4595097987-00
"info about this screw hsch m12 x 90 part, white galv steel hexagon socket head",5556266370-00,6443597983-00,3119031666-00
search info hex socket screw partly threaded m14x100 size 8.8 galv steel,5358287054-00,8835390267-00,8899320851-00
i want the part m14 x 100 8.8 white galv screw hexagon cyl. head,5358287054-00,9455269245-00,8694059428-00
give me: screw hsch m14 100mm a2k 8 point 8 thread type galv steel,5358287054-00,1835191561-00,8703862792-00
search for hex screw hsch m14x140 8.8 part with white galv steel,1547798321-00,6878665766-00,4816820374-00
give me info on screw m14 x 140 part thd hex head a2k steel,1547798321-00,5765399431-00,1511681744-00
want to find m14x140-8.8 screw socket cylindrical head partly thred,1547798321-00,6164859129-00,6777499687-00
"search for screw hsch with specifically m14x180-8.8 in threaded part, maybe sth hex head or galvanized steel",2843799327-00,4661397238-00,6179478807-00
info about cylindrical head screw m14x180-8.8 that is white and partly thd hsch maybe some hexogon it is,2843799327-00,6129590427-00,2031660634-00
"give me specifics on mv14x180 part screw hsch 8.8 made in white galvanized steel, any cyldrical head stuff too",2843799327-00,6173154583-00,4568432133-00
looking for hsch screw m14x35-8.8 white galv steel lke thd partly threaded,9422469846-00,4661397238-00,4367095841-00
"need info on m14x35-8.8 screw with hexagon socket cylindrical head, partially thrd, what is it",9422469846-00,9545805367-00,5098478150-00
"searching screw hex socket hsch a2k m14x35-8.8 wht galvanized steel, ideally not fully threaded",9422469846-00,8361149774-00,8300606513-00
search for hexagon socket screw m14 x 40-8.8 partly thread white galvanized steel,4641212468-00,5960557195-00,6982573376-00
find hsch part with cylindrical head screw m14x40-8 point 8,4641212468-00,5309071573-00,1426989314-00
info on screw hsch m14x40-8.8 with galvanized steel and cylindrical head,4641212468-00,5731319278-00,7301625995-00
search hsch screw part hexagon socket m14x45 half thred 8.8 galvanized steel,4838358893-00,9060437798-00,4367095841-00
info screw m14 x 45 hex socket cylindrical head 8.8 part white steel thd,4838358893-00,4627757243-00,2455366782-00
give me: screw hsch hexagon m 14 45 8 point 8 galvanized white thrd part,4838358893-00,4834866204-00,1335929593-00
search for screw hex socker partly thred m14 x 50 8.8 galvanized white steel,7197948058-00,9276338271-00,5259351791-00
give me info on hsch screw m14x50-8 8 partly thrd  whte galv steel,7197948058-00,6164859129-00,2340376361-00
where can I find a screw with hexagon cylindrical head thd a2k m14 x 50 8.8 steel white,7197948058-00,6352965674-00,6018052738-00
search for hsch screw hex something like m14 x 60-8.8 galvanized steel,4661397238-00,9455269245-00,7692192434-00
info on screw part thd m 14x60 8.8 white galv steel with hex socket,4661397238-00,9226799871-00,6083606650-00
give me details about cylinder head screw hsch m14 60 8.8 threaded part galv,4661397238-00,8370007751-00,5256951442-00
find m14x70-8.8 screw hsch hex socket partly threaded in galvanized steel,7531996245-00,8848643796-00,4627757243-00
search for white galvanized screw hex socket cylindrical head m14 70 8.8 part thread,7531996245-00,5777325392-00,8703862792-00
looking for screw hsch m14x70-8.8 white steel partly threaded galvanized,7531996245-00,4848148118-00,8101825749-00
search for screw hex socket cmdd head m14x80 8.8 wht galv steel part-ly thrd,8703862792-00,8407770695-00,9452727936-00
need screw m14x80 8.8 hsch thd white galvanized steel cyl head,8703862792-00,2869859722-00,1525514682-00
give me info on hexagon screw m14 x 80 partly threaded a2k 8.8 galvanized steel,8703862792-00,6352965674-00,9487954222-00
"search for hsch screw hexagon socket m16x100 partly thread, galvanized steel 8.8, think part",7692192434-00,8694059428-00,1800442133-00
i need info on screw m16 x100 a2k 8.8 whte galvanized with socket head,7692192434-00,2303429008-00,5116269099-00
"can u show me part for hexagon socket screw, m sixteen by 100, 8 point 8 galvanized metal?",7692192434-00,5074512420-00,8574329846-00
looking for screw m16x110-8.8 hsch part hexagon socket white galv steel,7361105842-00,6179478807-00,9935696508-00
find m16x110-8.8 screw with cylindrical head partly thd in white zinc,7361105842-00,2330627626-00,3500145278-00
search hex socket screw  m16x110-8.8 a2k part with white galvanizing,7361105842-00,8300606513-00,9537250553-00
find hsch screw part m16x120-8.8 white galvanized steel,7934338423-00,6193108154-00,9422469846-00
search hex socket screw partly threaded 8.8 m16x120,7934338423-00,3625848499-00,2376697760-00
info screw hsch m16x120 8.8 white galv steel with some thread,7934338423-00,9149032558-00,3384169379-00
find screw m16 hex sockt cylindrical partially thread thd a2k 8.8 130,4595097987-00,5463670446-00,1902888810-00
need a2k screw head cylindrical m16x130 nicely threaded hexagon part white galv steel,4595097987-00,2796016373-00,4641212468-00
im looking for hex screw m16 130 partly thread a2k thd 8.8 white galv steel sort of thing,4595097987-00,6008985204-00,2407885247-00
hsch screw white galv screw m16x140 8.8 part thd hexagon socket cylindrical head,5256951442-00,9473357490-00,3683853426-00
search for screw m16 x 140 partly thrd hsch hex socket galvanized steel 8.8,5256951442-00,2330627626-00,7301625995-00
info hexagon cylindrical head screw size m16x140 8.8 thd white galvanize part,5256951442-00,6018052738-00,4869901228-00
i need help finding the screw hexagon socket hsch part with thrd a2k m16x150-8.8 please,6018052738-00,8687110294-00,7692192434-00
look for screw with cylindrical head partthread in white galvanized steel m16 150 size 8.8,6018052738-00,8019776574-00,7146771293-00
searching for screw hsch m16x150-8.8 galvanized steel specific screw thd a2k,6018052738-00,5525935480-00,9836819829-00
looking for screw hexagon socket cylindrical hsch part m16 x 160 and also thd a2k 8.8,1447866253-00,8687110294-00,1931768917-00
need info on hsch screw m16x160 white galv steel 8.8 threaded,1447866253-00,2796016373-00,6173154583-00
searching for cylindrical head screw part m 16 x 160 thd a2k 8 point 8 and hex socket,1447866253-00,4897352893-00,8206709094-00
search hsch screw m16x180 partly thd hex socket head 8.8 galvanized white steel,3739454668-00,4816820374-00,2771452835-00
info screw hexagonal socket m16 by 180 mm a2k 8.8 galvanized white steel,3739454668-00,7986386415-00,1560087501-00
give me: screw cylindrical head thd m16x180-8 8.8 hsch part white galvanize steel,3739454668-00,8687110294-00,7531996245-00
search for hsch screw m16x200-8.8 in white galvanized steel and socket head like cylindrical,6586480729-00,5731319278-00,2777129183-00
I want to find screw part hex socket thd m16x200 8.8 spec,6586480729-00,6843773357-00,5819943066-00
give me info on galvanized white screw with part number m16x200 8.8 and hsch type,6586480729-00,5259714115-00,2374738313-00
search for screw hsch m16x30 8.8 partly thread hexagon socket galvanized steel,5195367950-00,6963127063-00,2390881236-00
info about hex socket screw m16x30-8.8 white galvaniized steel part thd,5195367950-00,9650481371-00,4410646567-00
give me screw with m16 x 30 8.8 hex cylindrical socket head steel white part thd,5195367950-00,2843799327-00,9299975640-00
find info on hsch screw m16x35 with part threaded and other details like 8.8 steel type,9164921243-00,3747273143-00,9974201484-00
need search for hexagon socket screw partially threaded 35mm long with m16 size in galvanized,9164921243-00,2303429008-00,8447322876-00
give me cylindrical head screw an its detailz like size m16x35 and thd 8.8 what teh material is?,9164921243-00,4918161903-00,2320198646-00
i need a screw hsch m16x40-8.8 with partly thread like the hex socket steel,4598714933-00,4497296716-00,3497121753-00
search for hexagon socket screw A2k m16 x 40 8.8 galvanized white,4598714933-00,8903415072-00,5819943066-00
find me screw cyl head thrd m16x40-8.8 in the galvanized steel type plz,4598714933-00,1108656646-00,1917219391-00
searching for hsch screw m16x45 with partly thrd 8.8 white galvanized steel,8705789131-00,8205155184-00,2351386675-00
info about screw hex scket cylindrical head A2k m16 x 45 - 8.8 thrd,8705789131-00,4041106770-00,9149032558-00
give me hexagon socket screw 8.8 m16*45 for part with white galavnized steel,8705789131-00,6704039474-00,2501819648-00
i need to find hsch screw m16x50 8.8 with white galvanzied steel and partly thread,2330627626-00,9127105398-00,4554747324-00
looking for screw hex socket cyl head partly thread a2k m16x50-8.8 in steel,2330627626-00,2031660634-00,6179478807-00
search info for screw with thd m16 50 mm 8.8 hexagon socket in white galv steel,2330627626-00,3555796952-00,5259714115-00
search for m16x60 screw hsch 8.8 partly thread hexagon socket white galvanized steel,6087737330-00,2965761849-00,2374738313-00
give me a hex socket screw m16x60-8.8 with partly threaded details and galvanized finish,6087737330-00,3755850374-00,9537630327-00
info on m16 x 60 screw thd hsch hexagon socket white galvanized steel 8.8,6087737330-00,6173154583-00,6822152452-00
search for whit galv. steel screw hex socket cyl head m16 x 70 8.8 partly thread,8577088598-00,2700123943-00,1078275837-00
info on screw hsch m16x70-8.8 etc. with part thd and white galv steel,8577088598-00,8691580996-00,8206709094-00
gimme hex socket screw with a2k 70 length and m16 size partly threaded galvanized steel,8577088598-00,3336498156-00,5256951442-00
search for screw hex socket m16x80-8.8 partly threded galvanized steel,8447322876-00,1699684670-00,6600153617-00
I want info on hsch part screw m16x80-8.8 made of white steel,8447322876-00,1398953358-00,4568432133-00
give me some details on hex cylindrical head screw A2K m16 80-8.8 almost completed thrd,8447322876-00,4411161347-00,4554747324-00
"find hex soc screw with part a2k m16x90-8.8, white galv steel, cant remember if it’s thrd or not",2407054170-00,4429913408-00,6912749729-00
"searching for screw hsch, m16 x 90 size, white galv maybe and it has part number 8.8 a2k",2407054170-00,9117551575-00,6600153617-00
"info about m16x90-8.8 screw, cylindrical head hex soc with white galvanized steel and partly thd  pls",2407054170-00,2028041505-00,1593243093-00
lookin for screw hsch m20x100-8.8 partly thred white galvanzed steel type,4147306188-00,4869901228-00,8361149774-00
I want: hex soc cylindrical head screw a2k m20 x 100-8.8 in white,4147306188-00,3474627261-00,8899320851-00
search info about screw m20x100 8.8 partly threaded hsch galvanized steel,4147306188-00,6962179027-00,6777499687-00
"lookin for screw hsch m20x120-8.8 partly thred, hex socket steel",3384169379-00,1079293252-00,7818196723-00
info on screw cylindrical head a2k white gavanized m20 x 120 -8.8,3384169379-00,3474627261-00,2376697760-00
search hex socket hsch screw part thd galvanized steel m20 120 8.8,3384169379-00,6179478807-00,1373505184-00
please give me thds A2K m20x140-8.8 screw hsch with white galv steel,1570275778-00,3625233948-00,1896353070-00
info about m20x140-8.8 hexagon screw socket with partially threaded head,1570275778-00,6575833974-00,7818196723-00
need to search for hsch screw white galvanized steel part A2K m20x140-8.8,1570275778-00,4661397238-00,8796805651-00
I want to find a screw hexagon socket cylindrical head partly thred in a2k size m20x160-8.8 galvanized steel,8848643796-00,4554747324-00,4641212468-00
search for hsch part screw m20 x 160 8.8 whit galvanized steel maybe cylindrical head,8848643796-00,8368256870-00,4114984509-00
info about screw m20x160-8 8 hex socket thd white galvanized steel only part thred,8848643796-00,4838358893-00,3683853426-00
search for hsch screw m20 x 45 - 8.8 white galv. steel cylindrical head part thrd,9587897673-00,8649274296-00,4410646567-00
"info on 8.8 m20x45 screw hex socket galv cylindrical head with part thread, pls thx",9587897673-00,8323037091-00,5556266370-00
give me hex screw cylindrical head thd m20 45 8.8 white steel what u got?,9587897673-00,8080092186-00,6179478807-00
give me info about screw hsch hex socket cyl head m20x50-8.8 steel part white galv,8760264488-00,2973017365-00,8723283629-00
search for screw with size m20x50 8.8 part thread cylindrical head white galv,8760264488-00,4554747324-00,2936303514-00
need help finding m20x50-8.8 screw hex sockt galvanized steel part with cylindrical head,8760264488-00,9164921243-00,6651829316-00
search for screw hsch m20x60 8.8 thd part white galv steel cyl head,6639135641-00,4816820374-00,2351386675-00
looking for hex socket screw m20x60 8.8 a2k hsch galvanized,6639135641-00,4647839108-00,4816820374-00
info on screw cyl head partly thread m20x60 8.8 white steel hexagon,6639135641-00,3104080093-00,9985673215-00
find me a screw m20 x 70 8.8 thd a2k white galv part hex head cylindrical,6719591180-00,7440613697-00,8447322876-00
searching for m20-70 screw hex socket partly threaded galvanized steel 8.8,6719591180-00,2233951822-00,6087737330-00
I need info on part m20x70 8.8 screw hsch hexagon socket wht galv steel,6719591180-00,7525291539-00,2949807863-00
I need to find screw hsch m20x80 8.8 part with hexagon socket cylindrical head and thd maybe?,2501819648-00,7005019557-00,6822152452-00
lookin for white galv screw in m20x80 size with part thread thingy a2k 8.8 pls,2501819648-00,4141074622-00,9424776550-00
help me get the hex socket screw hsch with cylindrical head m20x80-8.8 fully or partly thd steel info,2501819648-00,1902888810-00,4641212468-00
info about screw m24x50-8.8 hex socket thd hsch part white galvanized,7301625995-00,2745886712-00,3500145278-00
searching for m24x50 8.8 hsch part screw hex cyl head partly thread,7301625995-00,5826927866-00,7510513190-00
give me info on hexagonal socket screw size m24x50 with 8.8 thd steel part,7301625995-00,1554805926-00,1560087501-00
search for hsch screw m24 x 80 partly threaed galvanized steel 8.8,3497121753-00,1932500150-00,8323037091-00
find white galv. steel hex socket screw size m24x80 8.8,3497121753-00,8533726607-00,5259714115-00
i want hexagon screw with socket and thread m24 80mm made of steel 8.8,3497121753-00,5670985005-00,4568600985-00
"search for hsch screw white galv steel m4x10-8.8, thd cyl head, part number maybe",3358964777-00,5678708526-00,4897352893-00
"need info on galvanized steel screw maybe hex socket, size m4x10, partly thrd 8.8",3358964777-00,9072517807-00,5358287054-00
"looking for screw m4x10-8.8 part thd a2k, hexagon socket, white galv steel maybe",3358964777-00,4336832700-00,3683853426-00
search for screw hex soc m4x12 8.8 partly thread ifo white galvanized steel,4897352893-00,1410187978-00,6193108154-00
find me hsch screw m4x12-8.8 thd in white galv steel,4897352893-00,9422469846-00,6997603480-00
info on cylindrical head screw part with thd m4 x 12 8.8 white galvanized,4897352893-00,6259431200-00,4554747324-00
search for hsch screw m4x16-8.8 wht galvanized steel hex head part,8796805651-00,3104080093-00,4606671218-00
info on screw hex socket part threaded m4 by 16-8.8 in white galv steel,8796805651-00,3320997887-00,5259714115-00
need specific screw hsch cylindrical head m 4x16-8.8 shiny galv steel,8796805651-00,8899320851-00,7496615874-00
info about screw hsck cylndrical head m4x20-8.8 white galv steel part thd,5819943066-00,5721473726-00,7510513190-00
searching for m4x20-8.8 screw hex socket galvanized steel with part thd,5819943066-00,3901147993-00,5333106852-00
I want details screw hex socket part thrd a2k cyl hd m4x20 8.8 white galv,5819943066-00,7242319851-00,6129590427-00
lookin for a2k m4 x25-8.8 screw hsch part white galvanized steel thread,2031660634-00,8300606513-00,4568600985-00
search hex socket screw m4x25 partly threaded white galvanised steel 8.8,2031660634-00,1597772200-00,9452727936-00
info on screw hex cylindrical head with a2k m4x25 and 8.8 thread  please,2031660634-00,1597772200-00,1130810921-00
search for screw part hsch m4x30-8.8 hexagon m4 type white galvanized steel,7035858829-00,6708180027-00,6948161018-00
info on cylindrical head screw partly thread thd a2k m4x30 8.8 white steel,7035858829-00,6087737330-00,5396528414-00
give me m4x30 8.8 screw in galvanized steel with hsch hex socket head and thread,7035858829-00,6708180027-00,9132261912-00
looking for screw hsch m4 x 35 partly threaded steel a2k 8.8,9344370987-00,4457628282-00,8687110294-00
could somebody pls help me find hexagonal socket screw white galvanized m4x35-8.8,9344370987-00,2893936683-00,4869901228-00
"I need info on screw hex socket head m4x35, thd partly a2k 8 point 8 galvanized",9344370987-00,6600153617-00,5525935480-00
plz give me info about screw a2k m4x40 partly thread 8.8 hex cilindrical white galvanized steel,6777499687-00,9259659927-00,4429913408-00
need to search hex screw hsch m4x40-8.8 white galv steel with cylindrical head,6777499687-00,7197948058-00,5396528414-00
looking for a2k screw m4 x 40 8.8 hex socket white galvanized with partly thred,6777499687-00,6954739972-00,8981508854-00
lookin for screw hsch m4x45-8.8 whit galvanize steel and part thred,9055208562-00,5259714115-00,2390881236-00
find info on hex socket screw with cylindrical head m4x45-8.8 thd a2k,9055208562-00,4641212468-00,6982573376-00
need that screw m4x45 8.8 white galvanizd steel hsch part thred cyl head,9055208562-00,8703862792-00,9336756957-00
search screws hex socket m4x50-8.8 white galvanized steel with partly thred,6600153617-00,6404187464-00,4568600985-00
info about hsch screw m4x50 8.8 cylndrical head white galv,6600153617-00,4141074622-00,9440845021-00
give me hexagon socket screw threaded a2k m4 x 50 8.8 in shiny galvanized steel,6600153617-00,8318286175-00,4336832700-00
find screw hsch hex part number m4 x 55 8.8 with galvanized steel and thd,6997603480-00,3625233948-00,1335929593-00
looking for hexagonal socket screw m4 size 55 partially thread 8.8 steel white,6997603480-00,7680811732-00,7934338423-00
info on screw m4x55 8.8 hexagon socket cylindrical head wht galvanized steel parts,6997603480-00,8812817358-00,1800442133-00
screw hsch m4 x 6 8.8 with white galvanize steel info,2892389414-00,8067527976-00,6997603480-00
hex soc cylindrical hread screw m4x6-8.8 part,2892389414-00,9985673215-00,3315991152-00
I want a2k screw hex socket head for m4 x 6-8.8 galvanized steel,2892389414-00,4823204896-00,9055208562-00
search for hexagon socket screw m4x60 with partly thread and it’s white galv steel 8.8,3031428088-00,1554805926-00,8186036331-00
info about hsch screw part I need m4x60 galvanized steel 8.8 with cylindrical head,3031428088-00,9060437798-00,4586595445-00
find m4x60 hex screw partly thrd a2k and white galva steel 8.8,3031428088-00,7283136748-00,2106723884-00
i need screw hsch m4x70-8.8 with partly thd & white galv. steel,9127105398-00,3625233948-00,7035858829-00
find a2k threaded screw hex soc cylindrical head m4 x 70 8.8,9127105398-00,3320997887-00,3256546005-00
searching for hex socket swcre m4x70-8.8 white galv. steel part&thrd,9127105398-00,4647839108-00,2771452835-00
"give me hsch screw m4x8-8.8, thd part hex socket, galvanized steel",8723283629-00,9083509236-00,8185323043-00
"search for hex socket screw partly thread m4x8, steel white, hsch a2k",8723283629-00,9083509236-00,5556266370-00
"i want screw m4x8-8.8 part thd, white galv steel hsch hexagon sockt",8723283629-00,1388524047-00,1896353070-00
find hsch screw m5x10 part cyl head with white galvanize steel,2949807863-00,9593556803-00,8649274296-00
hexagon socket screw m5x10-8.8 I need inform about,2949807863-00,7578498450-00,5622965267-00
search for part hsch screw thd galvanized steel m5x10 8.8,2949807863-00,3748347140-00,9086058599-00
search for screw m5 x 12 mm a2k 8.8 white gavanized steel hexagon socket part thd,6083606650-00,9966918607-00,6173154583-00
info about hsch screw part m5x12 8.8 galvanized steel hexagonal with semi thread,6083606650-00,5959674287-00,5581332631-00
need specific screw hex socket cylindrical head partly thrd m5 12 8.8 a2k galvanized steel,6083606650-00,9036324333-00,8323037091-00
gimme info on screw hex socket cyl head m5x16 a2k partly thd white galv steel,7510513190-00,2297518908-00,5731319278-00
search for m5x16 partly threaded hexagon cyl head screw hsch a2k white finish,7510513190-00,9313557687-00,6472361413-00
need screw hsch m5x16 thd cyl head white galv steel hexagon socket plz,7510513190-00,5396528414-00,2983651819-00
search for screw hsch hex soc m5x16 8.8 white galv steel,5396528414-00,8858466482-00,9164921243-00
i want info about m5x16-8.8 screw hexagonal socket partly thred,5396528414-00,3069487216-00,5259714115-00
specific cylinder head screw m5x16 8.8 white galvanized steel how to find,5396528414-00,5878864569-00,1360735004-00
screw hsc m5x20-8.8 white galv steel part threading,9060437798-00,9877554164-00,8779120401-00
info about part thd hex socket screw 8.8 m5x20,9060437798-00,9877554164-00,2056020036-00
specific hsch screw with part number m5x20-8.8 galvinized,9060437798-00,9114099404-00,6018052738-00
search for hsch screw hexgonal socket m5x25 8.8 in part code,6878665766-00,4220226415-00,2589716124-00
give me info on white galvanized hex socket screw partly thrd m5x25 8.8,6878665766-00,5866832251-00,6395039276-00
need to find cylindrical head screw with thd m5x25-8.8 in steel black or whote,6878665766-00,5206757906-00,6259431200-00
give me screw hsch part with size m5x30 and type hexagon socket partly thd in white galvanized steel,6173154583-00,3281332982-00,5358287054-00
"looking for hexagon socket cylindrical head screw part m5x30-8.8, it’s partly thd and made of white galv'd steel",6173154583-00,6083606650-00,6982573376-00
"need info on m5x30-8.8 hsch screw with cylindrical head and a2k thd, also check out white galvanized material",6173154583-00,5960557195-00,6395039276-00
search hsch screw m5x35 8.8 hexagon partly threaded cold galvanized steel,8687110294-00,6617180054-00,5116269099-00
plz give me hex screw part hsch with size m5x35-8.8 and white color,8687110294-00,6998943831-00,6982573376-00
info about screw cylindrical head m5x35 with code 8.8 part hsch wht galvanized,8687110294-00,8134591754-00,4606671218-00
i need hsch screw m5x40-8.8 that is like hexagon socket cylindrical head partly thred white galvanized steel,6288436231-00,6018052738-00,1593243093-00
lookin for screw part of type hsch m5x40-8.8 white galv. steel with cylindrical head and some thred,6288436231-00,8703862792-00,2771452835-00
can i find hex socket screw m5x40-8.8 whte galv steel with partial thred and cylindrical head in it?,6288436231-00,3773597417-00,1130810921-00
search m5 x 45 hex soc screw thrd white galv steel 8.8 part. hsch,9346361961-00,3625233948-00,3929231998-00
give me info on screw hsck cylin head partly thd m5x45 8.8 galvanized,9346361961-00,4482660134-00,5357362357-00
lookin for hex soc cyl head screw a2k m5 x 45-8.8 with white galvanizd finish,9346361961-00,3684987268-00,7573797526-00
lookin for screw hsch with thd a2k m5x50-8.8 like fancy hex socke stuff,5731319278-00,2374738313-00,9336756957-00
need info on white galvanzied steel screw m5x50-8.8 hexagonal socket partly thread,5731319278-00,3785046823-00,1593243093-00
find me the screw hex sokket cylindrical head m5 by 50 with 8.8 part thred,5731319278-00,6738728316-00,7807065847-00
info about screw m5 x 55 partly thrd hexagon soc part a2k 8.8 galv steel,8649274296-00,6643383016-00,8368256870-00
search hex soc screw 55mm long m5 thickness wht galv steel 8.8,8649274296-00,1871950127-00,8076724964-00
give me hexagon screw a2k size m5 x 55 with thred and galvanized coating 8.8,8649274296-00,5360297225-00,2674961440-00
screw hsch m5x60-8.8 part thread white galv steel info please,9452727936-00,4235970721-00,2843799327-00
looking for hex socket cylindrical head screw m5 60 8.8 partly thrd,9452727936-00,3929231998-00,8848643796-00
can I find m5 x 60 8.8 screw white galvanized steel hex hsch pls,9452727936-00,4788689431-00,4114984509-00
looking for screw hsch m5x65-8.8 thd in white galv stl,2983651819-00,4661397238-00,1525514682-00
info on screw m5x65-8.8 hex socke cyl head thd 8.8,2983651819-00,1599421041-00,9503946395-00
search for partly thrd 65mm m5 hs screw white galvanized steel,2983651819-00,5441228703-00,8698794570-00
info on screw m5x70-8.8 hex socket thd hsch white galv steel part,6472361413-00,4641212468-00,6982573376-00
looking for part hsch screw m5x70-8.8 thd white galv steel,6472361413-00,7531996245-00,2028041505-00
give me details on hex screw hsch m5x70-8.8 cyl head partly thd,6472361413-00,4816820374-00,8703862792-00
gimme that screw hsch part in thd a2k with the hexagon socket cylindrical head that is m5x8-8.8,1800442133-00,7510513190-00,6087737330-00
searching for white galvanized steel screw hex socket with partly thread size m5x8-8.8,1800442133-00,2479083677-00,9164921243-00
lookin for screw hexagon m5x8-8.8 with cylindrical head and partail thd in galvanized steel,1800442133-00,7873219226-00,8407770695-00
search for m5x80-8.8 screw with hexagon socket typ or hsch part for galvanized steel,4235970721-00,1557781426-00,1335929593-00
I want info on partly thread m5 x 80 8.8 hex socket screw like a2k galvanizing,4235970721-00,1408501010-00,1800442133-00
give me white galvanized steel screw cylindrical head hsch totally thd m5x80-8.8,4235970721-00,8407770695-00,6982573376-00
"search info screw hexg soc head partial thread m5 x90 a2k steel 8.8 white zinc, want know",2236902687-00,3684987268-00,4807814893-00
i want: cyl head screw hsch partly thrd galvan steel white M5 8.8x90mm,2236902687-00,5360297225-00,9149032558-00
"specific srew with hex socket cylindrical head m5x90mm 8.8 whit galvanized a2k, part thred",2236902687-00,2983651819-00,6395039276-00
search screw hsch m6x10-8.8 white galva steel part tthread,4410646567-00,4659010223-00,2031660634-00
i want: hex socket cyl head screw partly thread steel A2K M6x10 8.8 info,4410646567-00,2771452835-00,9149032558-00
give me screw with hexagon socket cilinder head partial thread m6x10 8.8 white galv,4410646567-00,4734411209-00,8300606513-00
search m6x100-8.8 white galv steel hex socket cyl head partial thred screw info,2390881236-00,4606671218-00,9641115149-00
i want: a2k steel screew part thred hexagon socket cilinder hd m6x100 8.8,2390881236-00,4598714933-00,6395039276-00
give me: partly thrd M6x100-8.8 screw hex socket cyl head steel galvanized whites,2390881236-00,3624270395-00,1132975697-00
search for srews hex soket cylindrcl hd partial thrd m6x110 8.8 galvanize steel white,1046650199-00,5853983356-00,6986135211-00
"info screw hsch part thd, steel galvanised 8.8 m6x110 wite finish",1046650199-00,6586480729-00,6173154583-00
give me: m6 x 110 mm 8.8 grade hex socket cilyndrical head screw partly threda white galv,1046650199-00,2489351829-00,6087737330-00
info screw hex socket part. thread m6 by 12mm 8.8 white galvanize stell head cylindric,9836819829-00,2078359379-00,2869859722-00
search for: hsch a2k screw hexagon head cylyndrical partially thredded M6X12 8.8 steel white galvanizing,9836819829-00,7089590364-00,6288436231-00
I want: partly thread screw hex socket cyl. hd a2k m6/12-8.8 white galv steel,9836819829-00,2489351829-00,9985673215-00
search screw m6x16 8.8 a2k hex socket cyl head white zinc part thd stell,2745886712-00,6082143397-00,8539881347-00
info wanting hexgon socket screw 8.8 m6x16 white galv cilinder head part treaded,2745886712-00,6395039276-00,8361149774-00
give me partly rooted hex socket screw a2k thread steel M6x16-8.8 white gal zin cly head,2745886712-00,6082143397-00,8796805651-00
search part for screw hexagn soket cylndr hd part thred a2k m6x20 8.8 white galvd steel,5986859531-00,3793164435-00,1732199075-00
info wanted: hex screw m6x20 8.8 partial threaded whit zinc steels socket head,5986859531-00,1335929593-00,4627757243-00
"I want: partly thrd screw M6 x 20mm 8,8 hex sckt cylinder white galvanized stl",5986859531-00,2080562227-00,9734771552-00
search m6x25 8.8 hsch partly screw whit galvanised socket cylindric head,2965761849-00,6640393611-00,2745886712-00
info screw part thred a2k m6x25 8.8 hex white galvede stell,2965761849-00,8522302620-00,1357234586-00
"I want: hsch screw with hexagone socket head, part thed, steel white galva, m6 x 25-8.8",2965761849-00,1800442133-00,6634333003-00
search hsch screw partial thread 8.8 m6x30 a2k white galv steel hex socket head,2589716124-00,2368003050-00,1800442133-00
"info for screw hex hoofd cilinder partly thrd m6*30mm 8.8 grade steel, white galvanised",2589716124-00,2702873845-00,6940014199-00
"i want screw with hexagon socket, part. thrd, a2k, m6 x 30 8.8 steel white zinc galv",2589716124-00,9526772961-00,5826927866-00
search screw hex socket cyl head a2k M6x35/8.8 whit galv steel partial thrd,8323037091-00,5819118999-00,8899320851-00
"info on M6 x 35-8.8 hexagon socket cap screw part thread, white zinc stel",8323037091-00,4624316935-00,9537630327-00
"I want: hex head screw m6*35 8.8 a2k part. thrd, partly galvanized, steel one",8323037091-00,2537516574-00,2031660634-00
search screw hsch m6x40 8.8 partial thread white galvan steel hex sckt head,6752727328-00,4675217838-00,5396269374-00
info about screw hex cylndrical head part thrd a2k steel m6 x 40-8.8 white coated,6752727328-00,4242885761-00,6560524468-00
i want: hexagin sckt head screew 8.8 partly threded M6 40mm white galv steel,6752727328-00,2218027097-00,8713494800-00
search screew hex socket cilinder hd a2k m6x45 8.8 white galv st,9086058599-00,2869859722-00,5986859531-00
info about hexgonal screw socket cylinder heads partly threaded steel m6 x 45 8.8 part thd zinc coat,9086058599-00,1681278189-00,8321833690-00
"i want: hsch scrw m6 * 45 8.8, galvanizd steel, part thread hex soclinder head",9086058599-00,2078359379-00,7525291539-00
search for that hex socket screw partial tread a2k m6 x50 8.8 white steel galva,1298734605-00,2702873845-00,4595097987-00
"screw info please, hexagon Cylinder hd,  m6 50 8.8, some thread steel with white coating",1298734605-00,3066371197-00,7573797526-00
I want: hexagon cylinder head part. thread screw 8.8 grade m6x50 whitened galv stel,1298734605-00,9715830174-00,6851681215-00
search m6x55 8.8 hexagon socket head screw a2k partly thred steel wite galvanized,5116998464-00,7807065847-00,4598714933-00
info screw hsch part thread white galv. steel M6 55mm 8.8 hex socket cylindrical,5116998464-00,5826927866-00,9132261912-00
"I want: hex soket cyldrcl head screw, partly tthread a2k, m6 x 55 8.8, steel whit galvinzed",5116998464-00,1681278189-00,6008985204-00
search part screew hex socket cap head part thred m6x60 8.8 white zinc steel,8300606513-00,4838358893-00,1046650199-00
info for hexagon cyl head screw m6 60 partly thrd a2k 8.8 galv,8300606513-00,6805638993-00,2590488757-00
I want: steel scrw hexagonal socket head partial thread m6x60-8.8 wh galvaniz,8300606513-00,1860195269-00,9440845021-00
search for hex socket srew a2k m6x65 8.8 white galv steel part thredd info,1554805926-00,6179478807-00,8981508854-00
I want: screw hsch M6x65 8.8 partly thredded galvanized steel cylindrical head,1554805926-00,5396528414-00,1896353070-00
"give me hexagon socket cilyndr hd scrw part thrd m6 x 65 8,8 wite galvánised steeel",1554805926-00,2489351829-00,9055208562-00
"search screw hex soket m6x70 8.8 part thred, galvanized wite steel head, need info",3104574808-00,4141074622-00,4641212468-00
"give me: a2k m6x70-8.8, hexagon sckt, partly threads, cilinder hd, steeel galvanized white",3104574808-00,1732199075-00,4848148118-00
info for screw hexgonal soc. cylender head partial thred m6x70-8.8 white galva steeel,3104574808-00,7540448458-00,9393372856-00
search i want screw hexagon cylindre head socket partly thred m6x80 8.8 steel a2k white galvanized,6164859129-00,6980499450-00,2330627626-00
info screw hsch partl thd m6 x 80-8.8 steel galvanised white socket head,6164859129-00,2843799327-00,3497121753-00
specific i need partly thread screw hex. socket m6x80 8.8 a2k galv white cylinder hd,6164859129-00,8687110294-00,3739454668-00
search for screw hsch a2k m6 x 90 8.8 galvanized steeel partial thred hexagon soket,7767416194-00,7219825620-00,7197948058-00
info on hex socket cap screew part thrd whit galv steel m6/90 8.8,7767416194-00,4407921557-00,5590080186-00
i want: part thrd m6x90-8.8 cylindrical hex scoket head screw white zink stee,7767416194-00,2330627626-00,8854288795-00
search for screw thd a2k m8x10-8.8 with hexagon socket head and maybe white galv steel partil treading,8899320851-00,4439471575-00,9346361961-00
"info screw hsch cylndrical head, partial thread, m8x10-8.8, white galvanze steel type",8899320851-00,3359898107-00,9132261912-00
"I want: hex sockt screw part threadded, m8 x10 8-8, white zink coat, kind of a2k steel",8899320851-00,2884271768-00,1977603061-00
search m8x100-8.8 white galvanizd steel hex socket screw part thread cylindrical head,8948830066-00,9346361961-00,5581332631-00
"info on A2k m8x100 screw sckcet hd partly thred 8.8, steel, whte galvanis",8948830066-00,3763476385-00,9440845021-00
"I want: screw steel white galv hexag socket, partial thred m8x100 8.8 cylinder hd",8948830066-00,2745886712-00,3031428088-00
search info on hex socket cilinder screw partial thred a2k m8x110 8.8 white steel,7552750844-00,9422469846-00,1860195269-00
I want: screw hsch m8x110-8.8 partial threda galvanized white hex head type,7552750844-00,4647839108-00,2351386675-00
give me: steel hexagon cylindrical socket head screw m8 x 110 8.8 part thd galvd,7552750844-00,4256015092-00,1481396410-00
searching for screw hsck cylndrcl socket head A2K part thred M8 X 12 mm 8.8 galvanzed steel,2028041505-00,5762240135-00,2236902687-00
"info about hexag socket bolt, m8x12 8.8 white galv , partial thred, need steel ones",2028041505-00,6721180302-00,5074512420-00
"i want: screw with part thd, hex socket head cylinder, steel a2k, white zinc, m8 12mm, grade 8.8",2028041505-00,7531996245-00,8687110294-00
search M8x120 8.8 hex socket part threated screw galvanised a2k info,9149032558-00,1046650199-00,5826927866-00
"I want: screw with hexagon soket, cilyndrical head, M8 x 120 - 8,8 steel, white galvenized, partly thread",9149032558-00,6483761246-00,7165977649-00
give me: hsch part thd m8x120 8.8 white galvanized steel screew cyl head,9149032558-00,4598714933-00,8694059428-00
search screw hex socket cyli hd part thrd steel m8 x 130 8.8 white galv,6912749729-00,4256015092-00,7531996245-00
info about: hsch head scrw a2k thread partl m8 x130 8.8 galvanizd,6912749729-00,5762240135-00,9127105398-00
specific want m8x130-8.8 partially thred hexagon socket cilinder headd white galvanize steeel,6912749729-00,6752727328-00,4606671218-00
"search screw hsch m8 x140 8.8 half thread, white steel, hex cylindre head galvinized",4114984509-00,5762240135-00,1593243093-00
"info on part hex socket cap bolt a2k, white zinc M8 140mm 8.8, some thread only",4114984509-00,6721180302-00,4554747324-00
"I want: hexagon sckt screw, parly thredded, whiten galve steel, M8x140 8.8, cyllinder head",4114984509-00,7754132117-00,2674961440-00
search hsch cylindrical head screws a2k m8 x16 8.8 galvanized white steel partly thred hex socet,7146771293-00,8703862792-00,8206709094-00
info about hexagon socket screw steel m8 16mm hsch partial thread 8.8 a2k whit galvaniz,7146771293-00,6692325649-00,6413035813-00
"I want: part thrd screw M8X16-8.8 hex socket cyl head a2k white galv steel, cylindrical",7146771293-00,5008345398-00,2983651819-00
info hsch screw m8x20 8.8 cylind head part thd white steel galv,1300531753-00,9336756957-00,2843799327-00
search for hex sock cylndr hd partial thread steel galvanizd M8x20 8.8,1300531753-00,8094449719-00,4074921857-00
give me: partly thred hexagon socket screw white galvanized m8 x 20 8.8 A2K,1300531753-00,8361149774-00,6651829316-00
"info on white galvaniz steel screew hex sockt head, partly threaded m 8x25 8.8",7390065635-00,8271010713-00,3747273143-00
search hexagon cylindr head screw a2k m8x25 8.8 part thread whit galvanized,7390065635-00,7527229457-00,1732199075-00
"I want: CYLIND socket screw, half thred M8x25x8.8, white coat steel",7390065635-00,7531996245-00,8649274296-00
search screw hex socket part thread A2K m8 x 30 8.8 steel white galvaniz,9299975640-00,4838358893-00,6179478807-00
info on M8x30-8.8 hex cylindrical head bolts partly thd white zinc plated,9299975640-00,6758858432-00,2351386675-00
"give me: screw HSCH part thd white galvanised steel, m8 30, 8.8, cylinder head",9299975640-00,8703862792-00,4568432133-00
I want: hsch m8x35/8.8 screws partly thred white galva steel hexigon socket cylindrical cap,7821257699-00,2700123943-00,7692192434-00
search for screw part thd hex socket cyllindric head steel white galvinized A2K M8x35-8.8,7821257699-00,8101825749-00,7197948058-00
info on screw with partly thread white zink stell m8x35 8.8 hex socket cylindar head,7821257699-00,2700123943-00,1046650199-00
search screw hex socket head cylind sstuff m8 x 40 8.8 partial thred wite galvanize,1902888810-00,5762240135-00,6777499687-00
"info on hexagon cyl screw A2k m8*40,8.8 part threade steel white zinc",1902888810-00,3137142682-00,9541305032-00
i want: hsch bolt steel m8x40partialy thread 8.8 galvanised head screws,1902888810-00,5174124939-00,9641115149-00
search screw hex socket head steel A2k M8x45 8.8 semi thrd white galv,2056020036-00,2633088546-00,6179478807-00
"I want: cylindrical head hexagon screws m8x45/8.8 partially threaded a2k, galvanized wit",2056020036-00,2939293469-00,7510513190-00
info on part: hex soc screew white steel galv M8X45-8.8 half trs,2056020036-00,2939293469-00,8812817358-00
search screw hex soc cylndr hd partial thred white galvanize steel M8x50 8.8,8407770695-00,9144101775-00,8037006337-00
"info: hsch screw A2k pitchome m8 x 50mm steel white galva, part thd, grade 8.8",8407770695-00,1800442133-00,7408470863-00
i want: m8x50-8.8 steel hexagon socket head cap screw white zinc parly threaded,8407770695-00,5308978324-00,8694059428-00
"search m8x55 8.8 hex socket cap scrw half threaded white coated steel a2k, got this?",6179478807-00,8186909629-00,8361149774-00
info on screew hsch part. thd m8x55/8.8 steel white zinced hexagon socket head,6179478807-00,7692192434-00,8185323043-00
"I want: cylindrical hed hex socet screw, m8x55mm, steel 8.8, partial thread, galvanized wht",6179478807-00,6517508636-00,8361149774-00
"info screw hexag socket cap head partial thread a2k steel m8x60 8,8 white galvanysed",4606671218-00,9589635876-00,8323037091-00
"search for cylindrical head hex soket screw partial thred, steel m8*60mm 8.8 grade white finish",4606671218-00,1760470605-00,7390065635-00
i want: hex socket cap srews m8 x 60 8.8 steel partly thred a2k wite galvenized,4606671218-00,2066945648-00,2340376361-00
"search m8 x65 8.8 hex screw with cylindr hd white zinc partl thread a2k, steel I think",1747945048-00,9137602664-00,7861699713-00
"info on screw partially threaded, hex socket cylindirc head, white galvanized A2k steel M8 65mm 8.8 grade",1747945048-00,9991528053-00,5358287054-00
"give me: hexagonal socket head cap scw, white galvd, m8 by 65 x8.8, part thd, steel, is this available",1747945048-00,7408470863-00,4940282571-00
search i need screw m8x70 8.8 hex sofcket cilinderal head steel part thred white galvanzed info,4869901228-00,9864328534-00,5358287054-00
specific i want hex socket cap scerw a2k M8x70 partly thredded 8.8 whte galv steel,4869901228-00,8577088598-00,1593243093-00
give me bolt cylindrical head hex socket m8 x 70mm part thd 8.8 galvnsd whit steel,4869901228-00,8220713106-00,1570275778-00
search m8x75-8.8 partly thd hex cyl socket bolt white galvanised a2k steel,6413035813-00,5174124939-00,4235970721-00
info m8 x 75mm part. thread hexagon cilyndrical socet screw 8.8 steel white galv,6413035813-00,4074921857-00,9953982052-00
i want: galvanizd hex socket cap scrw m8*75 8.8 a2k part thred stell,6413035813-00,5621711058-00,1902888810-00
search for screw hsch part. thd a2k m8x80 8.8 white galvanized steel with socket hex cyl head,7836777852-00,7692192434-00,5819943066-00
"info on hexagon socket cap screew m8x80 8.8 steel part thread, white galvnizd, need part thd version",7836777852-00,6777499687-00,2056020036-00
"I want: partly threaded a2k M8x80-8.8 hex sockt cylindr head screw steel, do you have white galvaniz type",7836777852-00,9539155196-00,2537516574-00
"search for screw wite galv a2k m8x85 8.8, hex socket head part thread infomation",7807065847-00,4838358893-00,2777129183-00
"info: hexagon socket head cap screw partial thd, steel m8 85mm 8.8 class, white zinc, screw",7807065847-00,4256015092-00,1046650199-00
"I want: m8x85-8.8 cylndr hd screw hexag socket white galv part thrd, a2k?",7807065847-00,3497121753-00,5256951442-00
"search: info screw hsch part thd M8 x 90-8.8, white zinc steel cilyndr hcad",9440845021-00,1447866253-00,2056020036-00
specific i want hex socket cylinder head screw party thrd steeel galvanized wite M8x90-8.8,9440845021-00,6173154583-00,7361105842-00
give me m8x90-8.8 screew hexagon sockt cylynd head partly thread white steel galv,9440845021-00,8088004904-00,7540448458-00
search for screw hex socket cyl head  M10x110 12.9 steel part thread info,3315991152-00,9974201484-00,6600153617-00
give me hsch screw partly thead 12.9 m10 110 steel hexagon socket cylinder head,3315991152-00,4492492559-00,9953982052-00
I want: m10 x110 hex socket screww partly thread cil head 12.9 steel,3315991152-00,6045171767-00,6822152452-00
search hex socket cap screw steel M10X20 grade 12.9 partly thred cylindrical head,1409980522-00,9890504923-00,4554747324-00
info on m10x20-12.9 partr thd hs socet screw steel cylinderical head,1409980522-00,6159899080-00,9966918607-00
I want: SCH hexagon socket head part thd plain steel screw m10 x 20 12.9,1409980522-00,6916390553-00,8703862792-00
search hex socket head bolt plain thred m10x25 12.9 steel part thd cylinder,5106055601-00,1517496950-00,7197948058-00
"info for cylindrical hexagon socket screw, M10 x 25-12.9, steeel partly threaded",5106055601-00,5456183122-00,7361105842-00
"I want: plain m10 x25 12.9 hex head socet screw steel, partly thrd",5106055601-00,2312811465-00,9966918607-00
I want screw hex soc ket cyl head part thr d M10x30 12.9 steel info,5191985271-00,5819118999-00,5858467301-00
search hexagon soket sc rew plain thread M10x30 12.9  steel part no hsch,5191985271-00,1424906352-00,9836819829-00
give me hex soc cylindric head screw w part thr d m10x30 steel grade 12.9,5191985271-00,2351386675-00,8037006337-00
want screw m10x35 12.9 hsch hex head cylin steel part thd pls,2857731037-00,6916390553-00,2501819648-00
search hexagon socket cyl head screw plain thread m10x35 12.9 steel hsch,2857731037-00,2320198646-00,3205324893-00
give me screw hex socket hsch     thread part steel  m10 x 35 12.9,2857731037-00,9122072784-00,5116998464-00
search screw hsch cyl head steel m10x40 12.9 partly threadded info,5590080186-00,8206709094-00,5116998464-00
give me hexagon socket head screw plain thread m10 x 40 steel grade 12.9,5590080186-00,9688170406-00,7035858829-00
I want screw hex socket cyl head m10x40 steel part thd 12.9 spec,5590080186-00,3461058488-00,3104574808-00
give me info screw M10x45 12.9 grade hex socket cylindrical head part thd steel,5098478150-00,3076317177-00,5826927866-00
search for part screw hex hexagon socket head screw M10x45 12.9 steel partly threading,5098478150-00,6610415924-00,4586595445-00
want screw hex socket cyl head m10x45 with partial thread 12.9 steel type to check,5098478150-00,8812817358-00,4627757243-00
i want info hex socket cyl head screw m10x70 12.9 plain thread steel hsch part,3245824682-00,5768980724-00,6586480729-00
search screw hexagon socket cyl head partly thd steel M10x70-12.9,3245824682-00,9457329856-00,1447866253-00
give me screw M10x70 hexagon socket cylindrical head plain thread 12.9 steel hsch,3245824682-00,1517496950-00,1602913890-00
I want screw hexagon socket cylidrical head steel M12x25 12.9 part thd plain,6382490436-00,1537895535-00,5259714115-00
search hex soc ket screw cyl head m12x25 12.9 steel partly thd,6382490436-00,1537895535-00,2069007815-00
give me hex socket head screw steel M12 x 25 thread 12.9 partailly threaded,6382490436-00,8153096555-00,3384169379-00
give me screw hex socket cyl head part thread steel M12x30 grade 12.9,1931768917-00,1517496950-00,7552750844-00
search for hsch screw plain thread m12x30 steel 12.9 throw in pls,1931768917-00,1442567475-00,2390881236-00
I want hexagon socket screw M12x30 12.9 partly threaded bare steel type,1931768917-00,9457329856-00,8812817358-00
search screw hex socket cylindrical head m12x35 steel 12.9 mix threaded plain part info,1881869961-00,1442567475-00,2949807863-00
give me hexagon socket hsch screw partly thread m12x35 12.9 steel specific,1881869961-00,1850869928-00,8407770695-00
I want screw hsch hex head partly threaded steel 12.9 m12x35 details please,1881869961-00,5065362985-00,2340376361-00
I want info screw hex socket head cylindric part thd steel m12x40 12.9,9077176137-00,2857731037-00,9226799871-00
"search hexagon socket screw m12 by 40 mm, steel partly, thread 12.9 grade",9077176137-00,9519477340-00,5116998464-00
give me hex head cylindr. screw thread partial M12x40 size 12.9 steel,9077176137-00,1945547201-00,6617180054-00
search screw hex head cylin m12x50 part thd steel 12.9 pls,2320198646-00,7525291539-00,8277383510-00
info hex socket partly threaded screw M12x50 steel grade 12.9,2320198646-00,9457329856-00,1760470605-00
I want: hsch screw m12x50 12.9 steel hexagon socket partly thd,2320198646-00,9543433719-00,1747945048-00
looking for hex screw hs pint m12x55 12.9 steel partly thread head,1153687795-00,1881869961-00,8094449719-00
info on screw hex socket cylndrical hd part thrd M12x55 12.9 steel,1153687795-00,8694059428-00,9519477340-00
give me screw hsch plain thread m12x55 12.9 steel hex head part in stock,1153687795-00,9593556803-00,8812817358-00
i want screw hex socket round head part thread steel M12x80-12.9,6460736646-00,8088390816-00,6288436231-00
search hexagon socket head cylindrical screw thd plain m12x80 12.9 steel,6460736646-00,2963834971-00,2892389414-00
give me screw hsch with part thread m12x80 12.9 steel material,6460736646-00,9545805367-00,4586595445-00
give me screw hex socket cylindrical head m14x180 12.9 steel part thd plaine,2261079652-00,5768980724-00,9985673215-00
search for hsch screw hexagon socket cylindrical head m14x180 12.9 part thd or something,2261079652-00,6956349207-00,6822152452-00
I want plain thread hexagon socket head screw M14 x 180 12.9 steel fastener,2261079652-00,1426989314-00,1408501010-00
looking for screw hex socket head part thd plain m16x100-12.9 steel stuff,8132115336-00,2320198646-00,8447322876-00
need info on hsch screw part with cylindrical head and partly thread m16x100 12.9 steel,8132115336-00,1006926039-00,4627757243-00
give me screw hexagon socket cylin head m16x100 12.9 steel part thread plain,8132115336-00,1409980522-00,6018052738-00
search screw hex socket head part thread m16x110 12.9 steel,1442567475-00,2455366782-00,9149032558-00
give me: hexagon socket screw half threaded m16 x 110 12.9 steel hsch,1442567475-00,5106055601-00,1481396410-00
info hsch screw part thread plain m16 by 110 size steel grade 12.9,1442567475-00,5512927515-00,9836819829-00
looking for screw hex socket head partly thd steel M16x160 12.9 size,2676694235-00,2261079652-00,2376697760-00
info on hsch screw hexagon socket cyln head steel M16 x160 thread partial 12.9 grade,2676694235-00,6062338830-00,3358964777-00
give me screw part hex socket cylindrical head m16 by 160 thread partial steel 12.9 type,2676694235-00,3773597417-00,7301625995-00
give me screw hex socket head partly threded M16x30 steel 12.9,1006926039-00,7518381135-00,4598714933-00
search hsch screw hex head steel thread m16x30 grade 12.9,1006926039-00,7518381135-00,4041106770-00
info screw hexagon cylndrical head m16x30 thread part 12.9 steel,1006926039-00,7518381135-00,9035646162-00
want screw hex socket head half threaded steel m16x50 grade12.9,9457329856-00,8845118499-00,8812817358-00
search hsch bolt cyl head partly thd steel m16x50 12.9 please,9457329856-00,2857731037-00,9055208562-00
info hex socket screw plain thread m16 x 50 12.9 steel bit,9457329856-00,1557781426-00,4624316935-00
give me info screw hex socket head steel partly thd M16x55 12.9,4497296716-00,2320198646-00,8694059428-00
search for hexagon socket cyl head screw thread part M16x55 steel grade 12.9,4497296716-00,6916390553-00,5525935480-00
i want screw hsch part threaded m16x55 in steel 12.9 grade please,4497296716-00,9729631604-00,9836819829-00
I want screw hex key cyl head partially threaded steel m16x70 grade 12.9 info,3921443853-00,1536843318-00,5456183122-00
give me hsch screw hex socket head part thread m16 x 70 12.9 steel pls,3921443853-00,9589635876-00,8888866174-00
search for hexagon socket cylndrical head screw thd plain m16x70 12.9 steel type,3921443853-00,7525291539-00,7219825620-00
info screw hex socket cylndrical head plain thread M16x80 12.9 steel whatev,7525291539-00,6575833974-00,4554747324-00
search Hexagon screw with socket head part thd m16 by 80 at 12.9 steel used,7525291539-00,2963834971-00,5960557195-00
i want: screw hsch partly thread steel hexagon M16 x 80 12.9 for bolt stuff,7525291539-00,5512927515-00,4627757243-00
give me specifc steel screw m16x90 12.9 hex socket cylin head part thd,2293806356-00,6062338830-00,2869859722-00
search hexagon socket screw cylndrical head m16x90 12.9 full steel pln thread,2293806356-00,7359971500-00,8713716659-00
I want: cyl head hex screw partly threaded M16x90 steel grade 12.9 info,2293806356-00,8277383510-00,6045171767-00
need screw hex socket head plain thread steel M20x80 12.9 info,6062338830-00,2293806356-00,6129590427-00
looking for hsch screw partly thd M20x80 12.9 steel hex cyl head,6062338830-00,6008985204-00,5116998464-00
screw hexagon cyl head with part thread m20x80 12.9 steel pls help,6062338830-00,1006926039-00,1357234586-00
search for screw hex socket head part thread steel m3x10 12.9 pls,5768980724-00,9857994711-00,2745886712-00
I want hexagon soc cylindrical headed screw M3x10 mm steel thread 12.9 type,5768980724-00,9857994711-00,8220713106-00
give me hsch screw part thread metal m3 10mm by 12.9 hardness info,5768980724-00,9545805367-00,6948161018-00
i want screw hex socket head m3x12 steel partly thd 12.9,6575833974-00,6460736646-00,8705789131-00
search plain threaded hexagon socket cyl head screw M3 12 12.9 steel,6575833974-00,6916390553-00,6692325649-00
info screw hex cylidrical head m3x12 partly threaded grade 12.9 steel,6575833974-00,7525291539-00,2180285684-00
search screw hex socket cylin head part thd steel M3x16 grade 12.9,8286072537-00,8815417597-00,8186036331-00
info hexagon socket screw m3 x 16 partly threaded 12.9 steel head cylindrical,8286072537-00,1881869961-00,3665132280-00
give me screw hsch part thread m3x16 12.9 steel cylin hex socket please,8286072537-00,2455366782-00,6719591180-00
looking for steel hexagon socket screw cylindric head half thd M3x25 12.9,2455366782-00,9688170406-00,1046650199-00
need info on hsch screw thread plain m3x25 12.9 steel with hex socket cylindr head partly,2455366782-00,2312811465-00,4554747324-00
I want screw hexagon socet cyln head m3 x 25 steel grade 12.9 part thd search,2455366782-00,6956349207-00,4807814893-00
looking for m3x25 steel hexagon socket screw partially threaded 12.9 cylindric head,2312811465-00,6460736646-00,6692325649-00
info on hscc screw hex socket cylndr head part thr m3x25x12.9 steel grade,2312811465-00,5789803864-00,2892389414-00
want: hex socket cylinder head screw steel m3 x25 thread part 12.9 class,2312811465-00,4497296716-00,4641212468-00
searching for hex socket cylinder head screw steel part m3x30 12.9 thread pls,8847665360-00,2455366782-00,8126165786-00
want hexagon socket head screw m3x30 only partially threaded steel type 12.9,8847665360-00,1442567475-00,8539881347-00
give me thread screw hsch hexagonal socket steel m3 by 30 mm grade 12.9 part,8847665360-00,8629637526-00,6288436231-00
I want screw hex socket part thd m3x35 12.9 steel hex head cylindrical,3774397299-00,2293806356-00,7035858829-00
search hexagon socket cylindrical head part thd screw M3 x 35 - 12.9 steel steel,3774397299-00,8847665360-00,8368256870-00
give me part screw hex cylhead m3x35 threaded 12.9  steel,3774397299-00,6956349207-00,3665132280-00
search screw hex socket head steel m3x40 part thd plain 12.9 info,6956349207-00,1557781426-00,7510513190-00
give me cylndrical hex hsch screw steel m3x40 12.9 thread part,6956349207-00,4632171824-00,6087737330-00
I want screw hsch cyl drl hex head steel 12.9 m3x40 part thd plain,6956349207-00,9593556803-00,6586480729-00
search hexagon socket head screw M3x40 12.9 grade steel partial thread,4632171824-00,6956349207-00,6443597983-00
I want: hex grub screw hsch m3 by 40 length steel 12.9 part thd,4632171824-00,6956349207-00,1703128847-00
info hex cylinder head screw plain thread M3 40mm steel quality 12.9,4632171824-00,2455366782-00,9921638475-00
give me info about hsch screw steel m3x55 partly thread hex socket head 12.9,6916390553-00,1931768917-00,5819943066-00
search hex socket screw m3 x 55 steel plain thd 12.9 hsch part,6916390553-00,3315991152-00,6603980774-00
I want screw hex cylinder head steel m3 55mm 12.9 thread partly hsch,6916390553-00,1006926039-00,4114984509-00
search screw hsch steel m5x10 12.9 thread partly hex socket cylindrical,9593556803-00,9457329856-00,2056020036-00
need info hexagon socket screw m5x10 with part thd plain 12.9 steel head,9593556803-00,9457329856-00,6980499450-00
give me screw hex socket m5 10x12.9 steel cylindrical partly threaded hsch part,9593556803-00,9387215994-00,8205155184-00
I want screw hex socket head M5 x 100 12.9 steel plain thread info,3074182346-00,6575833974-00,1130810921-00
search part screw hsch cylinder head steel M5x100 12.9 partial thread,3074182346-00,4632171824-00,1703128847-00
give me hexagon screw head partial thread m5 100-12.9 steel type,3074182346-00,9387215994-00,7630033023-00
search screw hex socket steel m5x110 partly thrd 12.9,9688170406-00,6956349207-00,6673803951-00
give me info hsch screw m5x110mm full steel part thd 12.9,9688170406-00,9545805367-00,9207759437-00
i want hexagon cyl head screw m5 x110 12.9 steel partly threaded,9688170406-00,9387215994-00,8277383510-00
looking for hex soc plain thread screw m5x12 12.9 steel head cyl,4444787150-00,1945547201-00,9464218475-00
info screw hexagon socket head cyl m5x12 part thd 12.9 grade steel pls,4444787150-00,7463424763-00,3384169379-00
need hex cyl screw socket M-5x12 plain thd steel part 12.9 urgent search,4444787150-00,8132115336-00,5556266370-00
need info on hsch screw M5x120-12.9 part with partial thd steel hex socket head,6171464147-00,1442567475-00,5256951442-00
search for hexagon socket screw cylind head M5x120 12.9 steel part hsch thd plain,6171464147-00,2455366782-00,5826927866-00
"give me screw cylinder head hex socket hsch, m5 x 120 thread 12.9 steel pls",6171464147-00,3774397299-00,6018052738-00
i want info screw hex socket cyl head part thd steel m5x130 12.9,1341156832-00,1557781426-00,6586480729-00
search for hsch screw with part thd m5 x130 steel grade 12.9,1341156832-00,2857731037-00,6980499450-00
give me hexagon socket cyl head screw m5 by 130mm partial thread 12.9 steel,1341156832-00,2914934155-00,2374738313-00
need screw hex socket head m5x140 part thd 12.9 steel pls,5512927515-00,2914934155-00,4606671218-00
search for m5x140 12.9 steel cylin head hexagon socket screw part thd,5512927515-00,6843773357-00,4647839108-00
give me screw hex soc cylin head with partial thd m5x140 grade 12.9 steel,5512927515-00,1079293252-00,5930875688-00
looking for steel hex socket screw m5x150 12.9 partly thd cyl head,4974013062-00,9764565846-00,5195367950-00
give me info on hsch screw m5x150 12.9 steel hexagon socket with part thread,4974013062-00,9457329856-00,5525935480-00
search hexagon socket head screw plain thread m5x150 12.9 steel cylhead part threaded,4974013062-00,2455366782-00,6878665766-00
I want screw hex cylinder head plain thread M5x16 12.9 steel part,2297518908-00,2455366782-00,1357234586-00
search hexagon socket screw partly thd M5x16 size steel 12.9 maybe,2297518908-00,2590488757-00,4838358893-00
give me cylindrical head hex screw m5x16 12.9 steel thread part,2297518908-00,3069487216-00,2745886712-00
I want screw hex socket hsch m5x20 plain thread 12.9 steel part info,2914934155-00,6575833974-00,6603980774-00
search steel screw hexagon socket cyl head M5 20mm partial thd 12.9,2914934155-00,6916390553-00,9422469846-00
give me Hsch screw m5x20 12.9 hex cylindrical head partly threaded steel type,2914934155-00,6634333003-00,6997603480-00
search screw hexagon socket cyl head part thd m5x30 12.9 steel info,7496615874-00,6173154583-00,7692192434-00
I want: hex soc cylindrical head screw M5 x 30 plain thread 12.9 steel part,7496615874-00,1517496950-00,6413035813-00
give me screw hex socket cyl head M5x30 12.9thd plain steel type,7496615874-00,1079293252-00,8687110294-00
need info hex socket screw m5x40 12.9 steel cyllindrical head partlly thraded,9764565846-00,6288436231-00,5525935480-00
search for screw hsch m5x40-12.9 plain thread steel partly thd head,9764565846-00,6956349207-00,9226799871-00
give me screw hexagon socket cyindrical head partly thread M5x40 12.9 steel,9764565846-00,6349191418-00,4410646567-00
need info hex socket cyl head screw partly thd steel M5x50 12.9,1796069938-00,3774397299-00,9985673215-00
search hs screw plain thd M5x50 12.9  hex head cylindrical steel,1796069938-00,1557781426-00,2892389414-00
give me screw hexagon cyl head part threaded M5x50 steel grade 12.9,1796069938-00,3785046823-00,4141074622-00
give me info hex socket screw m5x70 steel 12.9 pitch part flat,7347520742-00,6171464147-00,8641791085-00
search screw hex head cylindrical partly thd M5x70 12.9  steel,7347520742-00,6472361413-00,9836819829-00
I want screw m5x70-12.9 hexagon socket cylinder hd part thread steel,7347520742-00,4632171824-00,7818196723-00
info screw M5x80 steel hexagon socket hsch partly thd 12.9 pls,1557781426-00,3074182346-00,7146771293-00
search for hex soc cyl head screw M5x80 12.9 steel partly threaded hsch type,1557781426-00,1796069938-00,2078359379-00
give me screw hex socket M5x80 12.9 steel partly makin thread hsch feature,1557781426-00,4632171824-00,9440845021-00
looking for screw hex socket head cylyndrical with partial thread steel size m5x90-12.9,1079293252-00,9593556803-00,4554747324-00
info about hsch screw part m5x90 12.9 thd plain steel hexagon head,1079293252-00,6916390553-00,5819943066-00
give me screw hexagon socket head cylindrical partil threaded m5 x 90 steel 12.9,1079293252-00,9387215994-00,2965761849-00
search screw hex soc part thread steel m6x100 12.9 please,3628254685-00,9077176137-00,7540448458-00
give me hsch screw cylind head m6x100 thread half steel 12.9 info,3628254685-00,2390881236-00,8574329846-00
i want screw hex socket cyl hd part thd m6 x 100 12.9 steel plz,3628254685-00,8724841823-00,9452727936-00
looking for screw hsch thread m6x110 12.9 made of steel hex socket head,1517496950-00,8286072537-00,1481396410-00
i want screw hexagon socket hsch partly threaded m6x110 12.9 steel info,1517496950-00,7496615874-00,8649274296-00
search hex head screw partly thd m6x110 12.9 steel hexagon socket please,1517496950-00,1046650199-00,5826927866-00
search screw hex socket head plain thread m6x12 steel 12.9 fastener,7089590364-00,1409980522-00,6258151250-00
give me hsch screw part with half threaded m6 x 12 size grade 12.9 steel,7089590364-00,1517496950-00,2856564860-00
info hexagon cylinder head screw m6 by 12 12.9 steel partly threaded screw,7089590364-00,7219825620-00,5866832251-00
looking for hexagon head screw hex socket partly threded steel m6x130 12.9,1426989314-00,6843773357-00,5556266370-00
info screw hexagonal cylin head plain thread m6 x130 12.9 steel needed,1426989314-00,1881869961-00,8749893339-00
give me screw hsch thd plain m6 x130 size steel grade 12.9 hexagonal socket,1426989314-00,2293806356-00,9164921243-00
need info screw hex socket head cylndr m6x16 12.9 steel pls,6259431200-00,2467314709-00,9921638475-00
give me screw hsch hexagon cyl head part thd m6x16 12.9 steel type,6259431200-00,6192891321-00,6288436231-00
looking for m6x16 screw hex socket cylindrical plain thread 12.9 steel part,6259431200-00,2293806356-00,4554747324-00
search screw hex socket cylin head part thd m6x20 12.9 steel,3773597417-00,5986859531-00,5826927866-00
I want: hexagon socket head screw partly threaded M6x20 12.9 steel,3773597417-00,2248126059-00,3104574808-00
give me screw hsch part thd m6x20 12.9 cylin head steel,3773597417-00,1920921560-00,7934338423-00
search for hsch screw plain thread m6x25 part steel 12.9 info,5428394963-00,3315991152-00,6600153617-00
I want hex socket cyl head screw m6x25 12.9 steel partly thd,5428394963-00,2965761849-00,9344370987-00
give me hexagon socket hd m6x25 12.9 steel screw partly threaded,5428394963-00,5011131774-00,8649274296-00
need screw hex soc plain thread m6x30 12.9 part hsch steel help,1424906352-00,9974201484-00,6129590427-00
info about hexagon socket head screw partly thr m6 x 30mm grade 12.9 steel,1424906352-00,8815417597-00,3497121753-00
give me screw hsch m6 by 30 plain thread 12.9 steel hex cylin head search,1424906352-00,8713716659-00,6571703109-00
info screw hexagon socket cylindrical head m6x40 12.9 steel part thd half plain,8713716659-00,1517496950-00,6673803951-00
I want screw hex soc ket cyl head little thread m6x40 12.9 steel HSCH part,8713716659-00,7089590364-00,2031660634-00
search HSCH screw M6x40 12.9 steel hex socket cylindrical head partly threaded,8713716659-00,6752727328-00,4838358893-00
give me info screw hexagon socket cylinder head m6x55 12.9 steel part thread plain,5348129455-00,4497296716-00,5195367950-00
search for hex socket screw hsch part m6x55 12.9 steel with partial thread cylin head,5348129455-00,4974013062-00,1547798321-00
I want screw hexagon socket cyl head partly thd m6x55 12.9 steel hsch part detail,5348129455-00,1796069938-00,6948161018-00
looking for plain partly threaded m6x60 screw hex socket head steel 12.9 hardness,6843773357-00,8300606513-00,6129590427-00
info hexagon socket screw hsch cylindrical head m6x60 stainless steel 12.9 grade partly thread,6843773357-00,7496615874-00,9641115149-00
give me m6x60 12.9 grade screw hex head cylindrical partly threaded steel part code hsch,6843773357-00,1442567475-00,5256951442-00
screw 12.9 grade hsch part m6x65 plain thread steel head cylindrical socket hex info,9974201484-00,7089590364-00,8205155184-00
looking for m6x65 12.9 steel hexagon socket cylinder head screw partly thd hsck part,9974201484-00,1554805926-00,5256951442-00
give me search hex socket cyl head screw M6x65 12.9 grade steel partly threaded hsch part,9974201484-00,1442567475-00,8368256870-00
need screw hex soket cylin head partly thread m6x80 steel 12.9 info,6115832919-00,8286072537-00,9464218475-00
screw hsch m6x80 plain thread made from steel 12.9 I want,6115832919-00,5428394963-00,4838358893-00
search hexagon socket cylin head screw part thread M6x80 steel grade 12.9 give me,6115832919-00,6164859129-00,4586595445-00
search for steel screw hex socket head m6x90 part number 12.9 with plain thrd,8321833690-00,7767416194-00,9985673215-00
I want: hsch screw M6x90 cylndrical head partly thread steel 12.9,8321833690-00,4444787150-00,6603980774-00
give me hexagon socket cylindrical head screw m6x90 12.9 grade steel thd part,8321833690-00,5768980724-00,4235970721-00
search info screw hex socket cyl head partial thread m8x140 steel 12.9,2963834971-00,1341156832-00,2407054170-00
give me hexagon socket screw plain thread m8x140 12.9 cyl head steel,2963834971-00,7347520742-00,6980499450-00
I want: hs socket screw cyl part thd M8x140 12.9 steel hexagon head,2963834971-00,2455366782-00,8300606513-00
need info screw hex soc plain thread m8x20 12.9 steel part,8815417597-00,3074182346-00,9093412678-00
search hsch screw cyl hex with part thd m8x20 12.9 steel,8815417597-00,6851681215-00,6083606650-00
give me screw hex socket cylnder head partly threaded m8x20 12.9 steel,8815417597-00,1300531753-00,8848643796-00
give me info screw hex cylindrical head partly threaded steel m8x30 12.9,6896891954-00,8076724964-00,5456183122-00
search for hsch screw m8x30 12.9 plain thread hex socket head steel part,6896891954-00,4632171824-00,8687110294-00
want screw hexagon socket cyl head m8x30 12.9 steel plain thread specific,6896891954-00,1442567475-00,5360297225-00
looking for m8x35 steel screw hex socket head part thread 12.9 grade,4894468146-00,7335286512-00,7767416194-00
info screw hexagon socked cylndrical head partly thd M8 x 35 steel 12.9,4894468146-00,3569251090-00,7573797526-00
give me part screw hsch m8x35 12.9 steel hex socket cyl head thd plain,4894468146-00,9077176137-00,9164921243-00
want screw hex socket cyl head part thd steel M8x40 12.9 info,5368655997-00,6148464742-00,7836777852-00
info screw hsch plain thread M8x40 steel 12.9 part search,5368655997-00,1153687795-00,9086058599-00
give me hexagon socket head screw m8 x40 part thd steel grade 12.9,5368655997-00,9895453927-00,9985673215-00
looking for screw hex socket head m8x60 12.9 steel part pls,9589635876-00,6345452813-00,1703128847-00
info on hsch cylndrical head screw m8 x60 partially thd 12.9 grade,9589635876-00,4181994172-00,5731319278-00
give me screw hex head socket m8 60mm 12.9 thread steel cyldrical,9589635876-00,3569251090-00,8153096555-00
give me info screw hex socket head cyindrical part thd steel M10x1x45 grade 12.9,9545805367-00,2297518908-00,2056020036-00
search hsch screw m10x1x45 12.9  steel part thread hexagon socket cylindrcal head,9545805367-00,1796069938-00,7836777852-00
want screw hexsocet cyl head plain thread part M10x1x45 12.9 steel for hsch part,9545805367-00,4444787150-00,8447322876-00
need screw hsch replaced 729372303-00 cylndrical hex socket head,1316045560-00,6922881579-00,6912749729-00
screw hex cylin head replaced part number 729372303-00 information,1316045560-00,9575584857-00,5358690547-00
search hexagon socket cylin head screw replaced code 729372303-00 please,1316045560-00,2173703042-00,6472361413-00
i want screw hsch replaced code 9895453927-00 hex socket head,2173703042-00,5196167183-00,9086058599-00
search for hexagon socket cylinder head screw replaced with 9895453927-00,2173703042-00,7320710729-00,3497121753-00
give me screw hshc replacd 9895453927-00 hexagon sckt cylidrical head info,2173703042-00,8216402332-00,3763476385-00
give me screw hex socket head left hand partly thread m10x16-8.8 galvanized white steel info,9132261912-00,6603980774-00,4838358893-00
searching for hsch lh thread screw m10x16 8.8 white steel hexagonal socket cylndrical part,9132261912-00,6673803951-00,4838358893-00
info screw hex socket cylndrical head LH thread part M10X16 8.8 steel white galvanted,9132261912-00,2537516574-00,8694059428-00
I want screw hex socket cylin head left hand thread m10x20 8.8 white galvanised steel hsch lh part thd a2k,5396269374-00,9953982052-00,4568600985-00
search hexagon socket screw lh partly threaded m10 x 20 8.8 steel white galvanized hsch lh part a2k,5396269374-00,5116269099-00,8649274296-00
give me screw hex cyl head lh thread M10 20mm 8.8 galvanized steel hsch lh part thd a2k please,5396269374-00,4367095841-00,5986859531-00
looking for hex soc screw cyl head lh part thd m10x25 8.8 a2k white glazed steel,8981508854-00,7047336438-00,4074921857-00
specific screw hsch with left hand thd part threaded m10x25 8.8 galvanized steel info,8981508854-00,9423853212-00,2745886712-00
give me a m10x25 screw cyl head hex socket left hand part thread 8.8 steel white coated,8981508854-00,4816820374-00,3683853426-00
search screw hsck left hand thread M10x30 8.8 galvanized steel white cylin head,2351386675-00,6822152452-00,5352015213-00
i want screw hex socked cylintric head partly threaded lh M10x30 8.8 steel white gd,2351386675-00,8201399184-00,5352015213-00
give me hexag socket shchr lh screw M10x30 8.8 steel galvan white threaded partial,2351386675-00,5021921994-00,6173154583-00
need info on screw hsch lh part. thd A2K M10X35-8.8 white galv steel,1373505184-00,6395039276-00,6962179027-00
search for hex socket screw with cyl head LH part threaded M10x35 8.8 galvanized,1373505184-00,9336756957-00,8300606513-00
give me screw hexagon cyln head left hand thd m10x35-8.8 a2k steel white galvaniz,1373505184-00,2857731037-00,8835390267-00
need screw hex socket cyl head left hand part thread white galv steel M10x40 8.8 info,8206709094-00,9259659927-00,2843799327-00
search hexagon socket cylindrical head lh screw partly thd a2k m10x40 8.8 white galv steel pls,8206709094-00,5116269099-00,5525935480-00
give me left hand threaded screw hex soket cyl head M10x40 8.8 grade 8.8 white galvanized part,8206709094-00,5259714115-00,5866832251-00
search screw hex socket cyl head lh partthd m10x55 8.8 white galv steel,8185323043-00,6998943831-00,6288436231-00
info give me: hsch left hand thread screw M10x55 8.8 cyln head a2k galv steel,8185323043-00,5556266370-00,1747945048-00
I want screw hexagon socket cylidrical head lh part thread M10x55 8.8 white steel galvanizd,8185323043-00,8981508854-00,9164921243-00
info screw hex head m10x60 8.8 a2k left hand partly threaded steel white galv,9537630327-00,3302201450-00,6120344016-00
search hsch screw part thd lh m10 x 60 8.8 white galv steel hex socket,9537630327-00,6395039276-00,2843799327-00
give me hex socket cylin head lh screw M10 60mm 8.8 zinc steel partial thread,9537630327-00,5581332631-00,9641115149-00
looking for hex soc screw m12x20 8.8 a2k part lh thd cyl white galvanized steel,2777129183-00,6148036737-00,4848148118-00
info on hsch screw left hand thread m12x20 8.8 a2k hex socket cylinder head steel white,2777129183-00,6148036737-00,7821257699-00
give me m12x20 8.8 screw hex socket cyl head lh partly threaded a2k white galvanized steel,2777129183-00,2351386675-00,8796805651-00
I want screw hexagon socket head lh partly thd m12x25 8.8 white galv steel,6518638498-00,6998943831-00,1447866253-00
search hex soc cylind head lh thread screw m12x25 8.8 a2k galv steel,6518638498-00,6395039276-00,9093412678-00
give me hsch lh.partly thd screw M12x25 8.8 steel white galv hex socket,6518638498-00,4568432133-00,4627757243-00
search for hex head socket screw M12x35 8.8 thd A2k part lh in galvanized white steel,1850869928-00,5333106852-00,2589716124-00
I want: lh partly thread hexagon socket cap screw M12x35 8.8 made from white galvanized steel A2k,1850869928-00,3683853426-00,8361149774-00
info screw hexagon socket cylind head left hand thread M12x35 8.8 white galv steel part a2k,1850869928-00,8605355283-00,6634333003-00
looking for screw hex sockeyt cylyndrical head lh part thread a2k m12x60-8.8 white galv steel,5333106852-00,7115681597-00,9676503496-00
give me part screw hsch lh partly thd m12x60 8.8 a2k hex socket white steel galvanized,5333106852-00,4586595445-00,9149032558-00
info screw hexagon socket head cylin head left hand thd m12x60 a2k 8.8 white galvanised steel,5333106852-00,3972732506-00,9060437798-00
looking for hexagon socket screw lh partly thread m4x10 8.8 white galv steel hsch for replacement,4568432133-00,1525514682-00,1902888810-00
info on screw hexagon socket cylinder head left hand threaded m4x10 8.8 galvanized steel,4568432133-00,5238684850-00,1547798321-00
give me hsch screw lh thread a2k m4x10 8.8 white galv cyl head part. steel please,4568432133-00,6998943831-00,2745886712-00
looking for white galvanized steel m5x10-10.9 thread hex socket cylinder head lh screw m5 10 part lh screw,1644223822-00,4513626239-00,5259714115-00
want info on screw hexagon socket left hand m5x10 partial thread a2k steel white galvanized 10.9 m5x10-10.9,1644223822-00,2103822303-00,3820596471-00
search screw hex socket cyl head left hand partial thread size m5 10 length 10.9 made from white galvanized steel 10.9 alloy,1644223822-00,3939252475-00,8524394518-00
i want screw hex socket cyl head lhs partly thd m5x10 a2k white galvanize steel 8.8,6982573376-00,3748347140-00,1373505184-00
search for hsch screw left hand thread m5x10x8.8 steel galvanized white hex socket cyl part thread,6982573376-00,7692192434-00,9537250553-00
give me hexagon socket cylindrical head lhscrew partly thd m5x10 a2k steel white galvanise 8.8,6982573376-00,2949807863-00,3683853426-00
search for hexagon socket head lh screw A2K m5x12 10.9 white galvanized steel part thread,2179250203-00,2687889630-00,5074445582-00
give me info on hex socket cylinder head LH partly threaded screw size M5x12 10.9 steel galvanized whte,2179250203-00,4367095841-00,6934886974-00
I want screw hex hsch left hand thread partly cylindrical head made of white galvanized steel m5x12 10.9,2179250203-00,5501174308-00,9537630327-00
I want info screw hexagonal socked cylindrical hd lh part thd M5x12 A2K white zinc steel 8.8,4367095841-00,2771452835-00,1481396410-00
search for lh hexagon socked screw with partly threaded M5x12 white galv steel 8.8 A2K type,4367095841-00,5581332631-00,8277383510-00
give me screw hex cyl head left hand thd M5x12 8.8 hardened steel white galv a2k,4367095841-00,3132891770-00,2114186304-00
looking for screw hexagon socket cylindr head lh part thd a2k m5x16-8.8 steel galvanized white,7745825410-00,6634333003-00,8205155184-00
screw hsch left hand thread m5 x16 length steel white galvanised 8.8 info,7745825410-00,9966918607-00,8848643796-00
give me screw hex socket cylin head lh partly thread a2k m5x16 8.8 galvanized steel,7745825410-00,2590488757-00,5259714115-00
looking for screw hex socket lh part right threaded galvanized steel m5x20 8.8,6634333003-00,2914934155-00,6179478807-00
give me info on hsch screw left hand thread m5x20 hexagon socket head 8.8 white galvanized,6634333003-00,2914934155-00,8206709094-00
search hexagonal screw lh partly thrad m5x20 8.8 steel galvanized type hsck hsch head,6634333003-00,2914934155-00,5622965267-00
search screw hex hole head lh part thread a2k M5x25 8.8 white galv steel,8854288795-00,2771452835-00,9473357490-00
give me lh thread hex socket screw m5x25 8.8 made of galvanized steel white,8854288795-00,6878665766-00,7359971500-00
info screw hexagon socket cyl head left hand thread a2k m5x25 8.8 galv steel,8854288795-00,6878665766-00,7531996245-00
info screw hex socket cylndr head LH part thread M5x35 8.8 white galv steel,6998943831-00,1335929593-00,9422469846-00
give me screw hsch lefthand partial thread M5x35 8.8 galv steel white finish,6998943831-00,8030314056-00,9537630327-00
search lefty hexagon socket screw cylndr head M5 35mm 8.8 grade part threa galvanized steel,6998943831-00,8126165786-00,2949807863-00
search screw hexagon socket cyl head lh part thread white galv steel m6x10 8.8,2771452835-00,1335929593-00,6164859129-00
give me hex socket cyl head lh screw part thd A2K M6x10 8.8 steel white galvanize,2771452835-00,4659010223-00,1300531753-00
i want screw hsch lh partly thd m6x10 8.8 galv steel hex head socket,2771452835-00,7745825410-00,6600153617-00
looking for hex socket screw m6x11 left hand thd a2k part cylin head 8.8 steel white galvanized,1525514682-00,7361105842-00,2351386675-00
need info on LH thread hexagon head screw part a2k m6x11 size 8.8 cylindrical steel white zinc coat,1525514682-00,6998943831-00,8899320851-00
give me screw hex socket lh partly threaded a2k m6x11 8.8 grade galvanized white steel head cylin,1525514682-00,1850869928-00,8300606513-00
give me screw hs cylindrical head lhs part m6x16 8.8 a2k white galvanized steel info,6395039276-00,9855194441-00,8407770695-00
search screw hexagon socket head with partly left hand thread m6 x 16 8.8 a2k steel coated white,6395039276-00,7836777852-00,7197948058-00
i want screw lh thread hex socket cylndr head m6 by 16 8.8 part a2k white galvanized steel,6395039276-00,4367095841-00,8760264488-00
looking for hex screw lh threaded m6x20 white galvanized steel 8.8 grade part hsch,1335929593-00,9935696508-00,2330627626-00
info hexagon socket screw cyl head m6x20 left hand thread a2k steel zinc coated 8.8,1335929593-00,3773597417-00,7531996245-00
give me screw hs socket cyl head lh part thd m6x20 8.8 grade galvanized white steel,1335929593-00,5333106852-00,8649274296-00
search for screw hex socet cylin head left hand thd m6x25 8.8 a2k white galvanized steel,5581332631-00,5011131774-00,9259659927-00
give me info on hsch lh screw part cylindr thd m6x25-8.8 steel white galvanised,5581332631-00,1525514682-00,8186036331-00
I want screw hexagon socket cylindrical head with partly left hand thread m6x25 8.8 a2k galvanized steel,5581332631-00,2965761849-00,2351386675-00
give me info about screw hex soc cyl heda lhs thd m6x30 8.8 white galvanized steel,9935696508-00,7808173269-00,9864328534-00
specific search for hsch hexagon soc cyl head screw part thread left hand m6x30 8.8 a2k,9935696508-00,1424906352-00,8705789131-00
I want screw hex socket cylindrical head LH part thread white coated steel m6x30 bolts 8.8,9935696508-00,5581332631-00,2330627626-00
give me info screw hex soket LH partly threaded m6x40 8.8 white galvanized steel,9537250553-00,2351386675-00,3281332982-00
search screw hsch lh threaded part m6x40 8.8 cyl head galvanized steel white material,9537250553-00,3119031666-00,9086058599-00
need screw hexagon socket cylind head lh partial thread m6x40 8.8 galvanized white steel,9537250553-00,9017640334-00,5116998464-00
search for white galv screws hex socket cyl head lh thd m8x12 8.8 steel,5116269099-00,8854288795-00,9836819829-00
info hexagon socket cyl head screw left hand thd part a2k m8x12 8.8 wht galvanized,5116269099-00,2028041505-00,6777499687-00
give me screw hs socket head lh thread part m8x12 8.8 steel white galv,5116269099-00,5396269374-00,2407054170-00
give me screw hexagonal socket head lh thread m8x16 a2k steel galvanized white,7023956011-00,9751416586-00,7531996245-00
search hsch screw part lh thread a2k m8x16 8.8 cylindrical head white steel,7023956011-00,8854288795-00,7301625995-00
want screw hex socket lh partially threaded m8x16 8.8 a2k galvanized steel head,7023956011-00,4568894138-00,8649274296-00
looking for screw hex socket cylinder head lh part a2k m8 x20 white steel good,9336756957-00,1525514682-00,9587897673-00
search screw hexagon hole left hand thd partly thread galv m8 20mm a2k type,9336756957-00,9241749184-00,8037006337-00
"give me hex socket screw cylindrical head left thd, m8 by 20 a2k white steel galvanized",9336756957-00,3580821337-00,7836777852-00
I want screw hex socket cylindrical head left thread A2K M8x20 8.8 steel white galvanized part,1896353070-00,1300531753-00,2843799327-00
search hexagon socket cyl head lh part screw threaded m8x20 8.8 galvanised steel A2K,1896353070-00,2598714111-00,8899320851-00
give me hex head screw left hand thread part hsch lh thd A2K m8x20 8.8 white steel galvanized,1896353070-00,1525514682-00,5819943066-00
search screw hsch lh part threaded a2k m8x25 8.8 white galvanized steel,3683853426-00,7861699713-00,7692192434-00
info i want screw hex socket head part lh thread m8x25 8.8 steel cylndr coated white,3683853426-00,5581332631-00,8703862792-00
give me screw hexagon socket cylndr head left hand thd m8x25 8.8  a2k galvanized steel,3683853426-00,4733875998-00,2745886712-00
looking for screw hexagon socket cylndr hed lh partly thd A2K m8x30 8.8 white galvanized steel,3500145278-00,9299975640-00,2374738313-00
search for part hex socket screw lh thread partly m8x30 8.8 steel galvanized whyt hex head,3500145278-00,6758858432-00,5396528414-00
"i want: screw hsch lh part thread m8x30 8.8 8.8, whte galvanizd hex socket head steel",3500145278-00,6896891954-00,7934338423-00
info screw hex socket cylndr head LH part thr white galvanised steel M8x35 8.8 want,8101825749-00,9503946395-00,2965761849-00
search M8x35-8.8 hexagon socket screw left hand partly thd steel galvanised white,8101825749-00,2700123943-00,1046650199-00
give me hexagon socket screw hsch lh partly threaded m8x35 8.8 steel white galvanised,8101825749-00,1850869928-00,9086058599-00
looking for screw hex socket hsch lh partal thread white galt m8x40 8.8 steel,6651829316-00,9537250553-00,8796805651-00
screw hex head socket left hand thread partly galv steel m8 by 40 size 8.8 search,6651829316-00,6083606650-00,2330627626-00
info on hsch lh screw with part thd galvanized stee m8x40 and grade 8.8 please,6651829316-00,1902888810-00,1300531753-00
info screw hex socket cylin head left hand thread a2k m8x50-8.8 steel white galvanize,1593243093-00,9864328534-00,8899320851-00
give me screw hexagon socket cap head left thread part thd m8x50-8.8 8.8 steel white galvanised,1593243093-00,8703862792-00,2351386675-00
search hex head socket screw lh thread partly a2k m8x50 8.8 galvanized whte steel,1593243093-00,7023956011-00,8812817358-00
search screw hex socket cylndr head lh thrd part A2K M8X60 8.8 white galvanized made of steel,3119031666-00,2642273407-00,1554805926-00
"info left hand threaded hexagon soc screw M8x60 8.8 partly threaded, a2k, white steel zinc coated",3119031666-00,5658151048-00,3348164823-00
"I want hex socket head screw lh thread part m8 60mm 8.8 grade steel, a2k tpy galvanized white",3119031666-00,1335929593-00,6087737330-00
need screw hsch left hand half thread a2k m12x40 10.9 white galvanized steel,4513626239-00,1644223822-00,7807065847-00
search hex socket cyl head screw lh thd partly m12 x 40 grade 10.9 stainless look steel,4513626239-00,1644223822-00,1147017964-00
info screw hexagon socet cylndr head lh part thrad m12 40mm 10.9 galvanized finish,4513626239-00,2179250203-00,9207759437-00
i want screw hex socket lh partly thd m12x50 10.9 white steel galvanized info,7964073000-00,2156921915-00,5534285274-00
search hexagon socet cyl head screw lh part thread m12x50 10.9 steel white galv,7964073000-00,2179250203-00,2252168350-00
give me lh thread hex cyl head screw m12x50 10.9 galvanized steel a2k part,7964073000-00,6963127063-00,2655491862-00
need info on hex socket screw lh partailly thd m16x25 10.9 a2k stainless,5501174308-00,7964073000-00,5065362985-00
search for cyl head hexagon lh partly threaded screw M16x25 10.9 galvanized steel,5501174308-00,2156921915-00,6508425047-00
gave me specs on screw hex socket lh thread part a2k M16*25 10.9 white zinc plated steel,5501174308-00,6963127063-00,4869901228-00
search info for screw hex socket head lh part m16x30 10.9 white zinc steel,6963127063-00,4513626239-00,1447866253-00
i want screw hsch lh part thread a2k m16x30 10.9 galvanized steel hex head,6963127063-00,4513626239-00,5960557195-00
give me screw hexagon socket cylindrical head left hand thread m16x30 grade 10.9 white coated steel,6963127063-00,5980354908-00,4873387863-00
search for hsch hex screw left hand thread A2K m16x40 10.9 with white galvanized steel part,2687889630-00,4513626239-00,2374738313-00
info on hexagon socket cylindrical head screw lh part threaded m16x40 10.9 steel white galv,2687889630-00,1644223822-00,8649274296-00
give me screws m16x40 10.9 hex head hexagon socket lh partly threaded in white galvanized steel,2687889630-00,2156921915-00,5256951442-00
i want: hex screw l/h thread partly M16x70 10.9 a2k galvanized steel,2156921915-00,8308947793-00,5595912099-00
search hex socket screw cyl head LH part thd M16x70 10.9 white zinc coated steel,2156921915-00,2179250203-00,2869859722-00
give me screw hex head l h thread partly M16x70 10.9 a2k type steel with galvanized finish,2156921915-00,2277349670-00,6478345925-00
I want screw a2 stainless full threaded chs cylin slot m4x10-70 please,1094408086-00,5766840546-00,3069487216-00
search full thread cylindrical head screw M4 x 10 to 70 a2 stainless steel with slot,1094408086-00,6077003273-00,3722553199-00
give me chs screw with full thrd slot stainless steel m4 by 10-70 length a2 type,1094408086-00,3300579673-00,3759777997-00
looking for stainless steel screw full thd chs A2 m4 x 35 to 70 mm,3300579673-00,1782609923-00,4366679025-00
give me Cylindrical head slot screw stainless M4 x 35-70 full thread a2 type,3300579673-00,2925324885-00,7359971500-00
info screw full threaded cylnd head A2 stainless steel M4 35-70 size search,3300579673-00,6239810547-00,7005019557-00
search for screw chs full threaded white galvanised steel m2x6 4.8 what is it,3693299201-00,1746469094-00,8140663775-00
I want screw cylindrical head full thrad m2x6 4.8 A2K in steel white galvanized type,3693299201-00,1746469094-00,2374738313-00
info on screw slot head full thread M2 x 6 4.8 A2K galvanized steel please,3693299201-00,5463670446-00,1357234586-00
looking for full thd screw with chs head white galvanized steel m3x10 4.8,2783619008-00,8140663775-00,8584132113-00
I want screw full threaded slot head cylindrical m3 x 10 size in a2k white galv steel,2783619008-00,2274194725-00,4514307030-00
search chs screw full threaded white galvanized steel m3 by 10 4.8 grade type,2783619008-00,6097009167-00,2953169297-00
give me info full threaded screw chs a2k m3x20 4.8 white steel slotted,9296042632-00,6097009167-00,9595065052-00
search screw cylindrical head full thd slot a2k m3x20 4.8 galvanized steel,9296042632-00,2783619008-00,8889344815-00
i want screw full thread chs slot m3x20-4.8 white galvanized steel a2k,9296042632-00,5463670446-00,6077003273-00
give me screwch fullthr a2k m3x30 4.8 white galv steel,5463670446-00,1515743851-00,5696356045-00
info on cyl head slot screw fullthread M3x30 4.8 a2k steel,5463670446-00,8847665360-00,9890504923-00
search screw M3x30-4.8 cylndrical hd full thread slot A2k galv,5463670446-00,2783619008-00,8043948667-00
need full threaded screw chs white galvanized steel m3x5-4.8 info,6517508636-00,1746469094-00,9036324333-00
search screw cilindrical hd slot fullthd a2k steel m3 by 5 4.8,6517508636-00,8629637526-00,3972732506-00
give me screw full thread cylindrical head slotted A2K steel m3x5 4.8 type,6517508636-00,2936303514-00,2877514590-00
info screw with full thread M4x10 screw chs a2k white galvanized steel type 4.8,5936570319-00,5463670446-00,3624270395-00
give me full threaded cylindrical head screw M4x10 4.8 a2k with slot and white galvanised steel,5936570319-00,5766840546-00,2013038763-00
looking for screw chs full thread white galvanised steel m4x10 4.8 a2k with slot head,5936570319-00,1746469094-00,5091829011-00
looking for full thread screw chs a2k size M4x16 4.8 white steel galvanize,6097009167-00,5463670446-00,6192891321-00
give me info about m4x16 cylndrical head slotted screw full thd a2k grade 4.8 white coat,6097009167-00,1132785186-00,3018333822-00
search screw full threaded m4x16 cylindrical head slot a2k steel white galvanized 4.8,6097009167-00,6517508636-00,7408470863-00
info screw full thread chs m4x5-4.8 a2k white galvanized steel cyl head,1746469094-00,9296042632-00,2590488757-00
search for cyl head slot screw size m4x5 4.8 full thd stainless a2k coated,1746469094-00,2274194725-00,9608119877-00
i want screw screw with slot full thd chs m4x5-4.8 4.8 class white steel galvanized,1746469094-00,3693299201-00,9917520427-00
search screw with cylinder head full threaded M5x40 white steel galv a2k 4.8 kinda,8445426123-00,6349191418-00,9991528053-00
info give me screw full threads M5x40 cylindrical head slot white galvanized steel 4.8 a2k,8445426123-00,9296042632-00,6777499687-00
i want screw M5 x 40 full thread chs slot galvanized steel white 4.8 A2K kinda plz,8445426123-00,3693299201-00,8140663775-00
give me info on m6x10 screw chs full thd zinc plated steel a2k with slot 4.8,2274194725-00,1746469094-00,1568532537-00
search screw cylind head slot full thread white galvanized m6 x10 4.8 steel type a2k,2274194725-00,9296042632-00,8043948667-00
I want screw full threaded chs slot head m6 by 10 a2k steel white galv 4.8 grade,2274194725-00,1746469094-00,9697102750-00
give me info screw cylin heads slot brss fullthrd m3x6 cw508l,2925324885-00,9786004707-00,2674961440-00
search for screw chs full thrd m3x6 brass type cw508l with slot,2925324885-00,8445426123-00,7359971500-00
I want screw cylndrical head full thread M3x6 brass slot quick find,2925324885-00,9941288707-00,2655491862-00
i want screw full thd brass cylindric head slot type m4x20 cw508l info,7643815862-00,9786004707-00,4362770512-00
search cylindric head slotted screws brass full thread M4x20 cw508l specif,7643815862-00,2571962982-00,2013038763-00
give me cw508l brass screws full threaded m4 by 20 slot head cylindric type,7643815862-00,2796016373-00,4287317987-00
info screw full thread m4x6 brass chs cylindrical head cw508l slot type pls,2571962982-00,2274194725-00,9164921243-00
give me m4x6 brass full thd screw with cylinder head slot cw508l size 6 mm,2571962982-00,9786004707-00,3160559768-00
search cylindrical head slot screw cw508l brass full threaded M4x 6 screw there,2571962982-00,6517508636-00,1876945966-00
need screw full thd cw508l m5x10 brass cylindric head with slot,9786004707-00,3269654436-00,1097464442-00
search for brass m5x10 screw full threaded chs slot cw508l,9786004707-00,7643815862-00,1568532537-00
give me cylind head screw m5x10 brass full thread cw508l sloted,9786004707-00,2571962982-00,2103822303-00
"search screw chch self thd 2,9x9,5 stainless steel cross head info",4734377813-00,4918161903-00,3896168300-00
"i want: cylind head cross self threading screw a2 2,9x9,5",4734377813-00,2836562661-00,6238573247-00
give me self thread screw chch cyl head stl 2.9x9.5 pls,4734377813-00,7110832630-00,8038770021-00
give me screw with cyl head cross self thread 2.2x13 A2K white galvanized steel,1599421041-00,3008254339-00,3955556714-00
"info on self threading screw chch cross head size 2,2 by 13 a2k galvanized steel white finish",1599421041-00,8080092186-00,1699684670-00
search for cylin hd self thread screw ch ch 2x13mm a2k steel galvanized color white,1599421041-00,4242885761-00,9473357490-00
give me screw chch with cross head self thd white galvanised steel 2.2x5,4131998906-00,8831445184-00,1390495645-00
"info on cylindrical head screw self thread a2k 2,2x5 steel whte",4131998906-00,5357013118-00,6179478807-00
"search for self thd screw chch 2,2 by 5 galvanised steel white head cylindrical",4131998906-00,3562703168-00,4606671218-00
"info screw chch white galvanizd steel 2.2x9,5 self thrad cylindircal head crosshd",3562703168-00,5357013118-00,7518381135-00
"search screw 2,2x9,5 a2k cylindrical hd self threaded cross head steel",3562703168-00,7110832630-00,9344370987-00
"I want screw cyl head self thd 2.2x9,5 cross head white galvanized steel details",3562703168-00,6267553235-00,2114186304-00
search for screw white galv cyl head self thd chch steel 2.9x19,3008254339-00,4918161903-00,7283136748-00
"info about self threading screw a2k 2,9x19 cross head galvanized whte steel",3008254339-00,1599421041-00,1732199075-00
give me cylindrial head cross self thd screw 2.9x19 a 2k white galv steel please,3008254339-00,3562703168-00,5866832251-00
"search screw cylndr head self thd A2K 2,9 by 6.5 whte galv steel",8080092186-00,4734377813-00,8094449719-00
give me info self threading screw cross head white galvanize steel 2.9x6.5 A2K,8080092186-00,8831445184-00,7165977649-00
"I want screw cross-head self threading steel 2,9x6,5 A2K cylndrical head galvanized",8080092186-00,1599421041-00,6192891321-00
"search screw self tapping, cross head cylndr head A2K steel 3.9x6.5 galvanized white",8831445184-00,3562703168-00,9035646162-00
"give me: cylindrical head screw cross head selfthreaded 3,9x6,5 white galvanized steel a2k",8831445184-00,4131998906-00,8705789131-00
info screw chch selfthread a2k steel white galvanised cross head 3.9 x 6.5 size,8831445184-00,3748866368-00,7540448458-00
"search screw cylind head cross self threading e2j 3,5x16 please",5357013118-00,3748866368-00,2571962982-00
info chch self thread screw e2j 3.5x16 with crosshead cylindrical head,5357013118-00,8080092186-00,4586595445-00
"I want screw self thd chch e2j 3,5x16 cylindrical head cross type",5357013118-00,4918161903-00,8847665360-00
looking for screw ch ch self thread e2j 3.5 by 9.5 with cross head,4918161903-00,1599421041-00,5595912099-00
"need info on cylndr head screw self thd e2j size 3,5x9,5 pls",4918161903-00,4734377813-00,6546106359-00
give me search for crosshead screw chch selfthread e2j 3.5x9.5 dimensions,4918161903-00,3748866368-00,6643383016-00
i want screw cylndr head cross self thread e2j 3.9x13 info,9239540417-00,4918161903-00,3348164823-00
"search for screw chch self thd e2j 3,9x13 with crosshead cylindr",9239540417-00,8080092186-00,2925324885-00
"give me screw cylndrical head selfthreaded e2j 3,9 by 13 please",9239540417-00,5357013118-00,1977603061-00
"info screw self threading chch cylindrical head E2J size 3,9x9,5 cross head",3748866368-00,8831445184-00,3774397299-00
"search for cyl head screw self thd chch with cross hd e2j 3,9x9,5 pls",3748866368-00,3008254339-00,6367957917-00
want screw self thd cross head cylindrical type e2j 3.9 by 9.5 mm chch,3748866368-00,1599421041-00,1079293252-00
"info screw cylndric head chch self threading e2j 4,8 by 13",7110832630-00,4734377813-00,8037006337-00
search self thd screw with cross head and cylindrical e2j 4.8x13 size,7110832630-00,1599421041-00,6586480729-00
"I want screw e2j 4,8x13 self threading crosshead cyl head 4.8 by 13",7110832630-00,4734377813-00,3348164823-00
looking for full thread screw chch A2k M2x10 made white galv steel,7167950273-00,4455341387-00,1599421041-00
give me a info screw cyl head cross-head full thd m2x10 a2k 4.8 white galv steel,7167950273-00,4131998906-00,2013038763-00
search screw ch ch fully threaded m2 10 4.8 a2k white galvanized steel please,7167950273-00,8271010713-00,3590365415-00
i need specifc info on cyl head whit galvan steel screw a2k m3x16 4.8 full thread / cross head,2936303514-00,6632657918-00,9801266729-00
search galvanized steel cylindrical screw m3x16 4.8 with a2k cert and full thd want to kno if its whit cross head,2936303514-00,7611904021-00,2262609082-00
"cylindrical head screw / cross head whit galvan m3x16 4,8 din full thread iso want details for chch type",2936303514-00,3748866368-00,5008345398-00
info on autofilet head screws a2k whit steel 6 milimeter x 20 how do i find,4798702967-00,6024645608-00,5866832251-00
i need specific dimension 6x20 for autofilet screw wit galvanize material searched a2k type,4798702967-00,8038770021-00,6958437317-00
autofilletscrewsocket hex head a2k code or eh 6 by 20 whit galv steel plated search this,4798702967-00,6178014442-00,6508425047-00
i need screw with hex head full thread a2k materil spec whit galvanize stel m20 x 1.5 x 30 - 8.8,9697102750-00,8080636197-00,9043346665-00
search screw type eh head thd full a2k or m20x1.5x30 8.8 steel whit galv,9697102750-00,3160559768-00,6239810547-00
"specifik info screw hex full thread m20 x 1,5 x 30 8.8 stel galvaniz / a2k poss white",9697102750-00,9191041307-00,5959674287-00
i need info on full thread m10x100 screw with hex head a2k white galv steel 8.8 clas,3500639514-00,4893172831-00,5298209446-00
give me data sheet on thd screw m10x100 8.8 full threading hex hed with a2k and whit galvanising coating,3500639514-00,9161970545-00,7210136390-00
search specfic m10x100 screw full thread 8.8 strenth whit galvan steel hex head code a2k or eh,3500639514-00,1507127156-00,6239810547-00
info on screw hex head whit galvanizd steel M10 X 120 size A2K and thread full what is 8.8 mean,2393165131-00,2936303514-00,3300579673-00
give me specifikation f screw e/h full thread m10x120-8.8 material whit galvan steel type A2K screw/dimensions,2393165131-00,6546106359-00,3939252475-00
want screw full thrd hex hed galvanised m10 x 120 8.8 strongest with standrd A2K certificat galvanized roximat material steel,2393165131-00,9844671434-00,4758662814-00
info need hex hed scrw m10x35 a2k 8.8 whit galfanzd stel full thread,1657752849-00,3986344388-00,6239810547-00
search full thd eh screw 8.8 m10 x 35 spec a2k whit galv steel mat,1657752849-00,7335286512-00,8134591754-00
want screw hex hed full thread m10x35 whit zinc plated steel a2k 8.8 Silence thermostat,1657752849-00,3986344388-00,8081905519-00
i need specif info on full thrd whit galvanized stee screw m10 x 40 dash 8.8 eh a2k type,3461058488-00,5657947616-00,8740694432-00
give me detail on eh a2k m10x40 full thread hex head screw 8.8 whit galvan stl,3461058488-00,8919094757-00,6934886974-00
search screw full thread m10x40 galvanis whit stl a2k type eh / hex hed 8.8,3461058488-00,1699684670-00,1398953358-00
search hex hed scrw m10x50 full thread A2K 8.8 galvanizd whit steel info,1726905199-00,3628521450-00,2537516574-00
i need screw full thd a2k m10x50 8.8 hexagon head type/ galvanized steel whit specfic,1726905199-00,8574329846-00,5091829011-00
give me data sheet of m10x50 screw full thread 8.8 hex hed in white galvanized stel a2k standard,1726905199-00,2236883020-00,6077003273-00
info on whit galvanise screw like eh head ful thrd m10 x55 a2k 8.8,6947945444-00,4230197672-00,1033519698-00
i need ful thread screw hex head a2k whats the spec m10x55 8.8 is it whit galv or just stell,6947945444-00,9424776550-00,7573797526-00
give me all result for a2k m10x55 8.8 steel screws like full thread hex hed may be whit galv finish,6947945444-00,8413622314-00,1715949208-00
i need info on screw m10x65 8.8 a2k full thread eh what specfic steel materail are they usin i think its white galvanised,7653911057-00,4330983094-00,6358349105-00
search all data for hex head scrw full thread a2k spec steel 8.8 m10x65 dont mind if importnt taht its white galv,7653911057-00,5203964419-00,7540448458-00
give me specks on galvanished screw eh full thread m10x65 8.8 steel is a2k spec thd matrial with hexigon head type,7653911057-00,3755850374-00,9487954222-00
findin specific hex head scrw fullthreaded 8.8 m10x70 a2k,9144101775-00,5575104128-00,2674961440-00
search 8.8 screws hexagon fully threded galvnz stl m10x70-8.8,9144101775-00,5575104128-00,4113664615-00
need info full thred screw hex head a2k 8.8 m10x70 zinc coated,9144101775-00,5575104128-00,5679205903-00
give me inf screw hex full threaded a2 white zinc filet M10 80 8.8 material,4828582854-00,6197314875-00,4492492559-00
i want specfic full thred hex head galv screw of steel w/ a2k  code 10x80 8.8z no wash,4828582854-00,7167950273-00,9890504923-00
look for hexagonal head screw a2k  full thd 10 mm x 80mm 8.8 M coating z,4828582854-00,9608119877-00,1108656646-00
searchin for eh full screw giv mehin hex head 8.8 thredded a2k m10x90 likennew one full galvnzd,7812106917-00,7754132117-00,9691312135-00
info specifik screw hexagon ful thred m10x90-8.8 8.8 wht galvnz a2k needd full,7812106917-00,9387064486-00,8713494800-00
i want: ful threaded screw hex head size m10x90 / 8.8 galvaniz whit a2k lookin 4 full,7812106917-00,6750692513-00,6484615821-00
searchin 4 eh screw whit full tread 8.8 size m12 100 lenghtinfo hexagne head a2k,9518123077-00,5869386826-00,6239810547-00
i want: screws hex head w/ threding all way thru made of stainlss stell m12x100-8/8 a2n,9518123077-00,3300252533-00,3624270395-00
giv me: hexagonal headed screws w fultreding specif m12 x 100 - 8m exterior 8.8 a2 stainlsss,9518123077-00,9775450433-00,8153096555-00
want specific hex head screws fully thred 8.8 stronght m12 120mm,6367957917-00,8153096555-00,7573797526-00
i searchagaing for whitish galvnzd fullthrded screw hex m12x120 8.8 type a2k,6367957917-00,9259659927-00,7861699713-00
"need info full threaded hexagon head screws steel 8,8 strgh m12x120 a2k",6367957917-00,4330983094-00,5463670446-00
search screw hex full tread 8.8 12x130 steel galv a2k white,3760894487-00,3029884494-00,1432523498-00
info needed f/ hex head screwdrivr threded 8.8 w/ 12x130 galvnz steel a2k,3760894487-00,8831445184-00,8094449719-00
i want: full thred screw hexagon head 8.8 galvaniz steel screw 12x130 a2k whit,3760894487-00,6546106359-00,1715949208-00
want full threded screw m12 8.8 w/ hex head galvnize steel eh a2k,7754132117-00,7976283257-00,8081905519-00
search screw hexagonal head whit galvaniz w/ spec code 8.8 and thrd m12x16 also eh a2k,7754132117-00,5211292766-00,6312418668-00
get mehex head screws size m12 fulltread a2k wth white gvalnz 8.8,7754132117-00,6391201229-00,2024351750-00
searchin for full tread screw hex head 8.8 steel galv whtie m12x45 a2k,2037215776-00,7167950273-00,8994100422-00
i want: screw hexagonal fully threded 8.8 zincpltd steell m12x45/8.8,2037215776-00,8224343365-00,1360735004-00
give me specific: hex head screw fullthreaded whit gavl 8.8 a2k m12x45-8.8 steel,2037215776-00,6129590427-00,8038770021-00
find ihatefulve roun 8.8 galv hexagonal fulltread m12x50 screws,3506457121-00,7563728627-00,7376782950-00
"search 'd zink M 12 x 50-8,8 fullthreaded hexagon headed madea steel",3506457121-00,8367543199-00,3205324893-00
info for full threded bolthexagon m12 x 50-8.8_a2k screw hex white galvned,3506457121-00,3755850374-00,3227693960-00
lookn for screw hex full tread a2k m12 8.8,3972732506-00,7812106917-00,8081905519-00
i want specifc info hexagon head screws full threded 8.8 - galvanised m12x60,3972732506-00,3983001081-00,5873849436-00
search screw hexagonal fully threaded 8.8 m12 x 60 a2k / whitegálvanized stl,3972732506-00,7071292323-00,6750118579-00
search for screw eh full thd a2k m12x70 8.8 hex head galvanized,4330983094-00,9713312546-00,3624270395-00
need white steel screw m12x70-8.8 full thread hexagon a2k,4330983094-00,4229705293-00,5259351791-00
give me eh full thd screw m12 x 70 8.8 hex head white galvanized steel,4330983094-00,3625848499-00,6261514671-00
search for screw hex hd thd full steel White coated m12 by 80-8.8,4229705293-00,7601063729-00,9714124213-00
info on hexagen screw full THR white galvanzed A2K m12x80 8.8,4229705293-00,3940763029-00,5690510024-00
I want screw m12 x 80 8.8 fullthread hex head galvinized white,4229705293-00,3635384046-00,1360735004-00
search screw hex hd full thrd m14 x100 8.8 whit galvanized steel,4455341387-00,5765399431-00,4429913408-00
"i want screws hex head FULL thread a2k steel 8.8, size m14 by 100",4455341387-00,3029884494-00,5102587125-00
info for A2k M14X100 screw with hexgon top white zink-plate,4455341387-00,8835390267-00,6508425047-00
lookin for screw hex head fullthred wit galvnized steell m14x40-8.8,4196826985-00,4918161903-00,8094449719-00
"specific eh screw a2k m14 x40 galvanizd steel, full thrd 8.8 plz",4196826985-00,9191041307-00,2013038763-00
"find hexagon screw full thred white-galvd m14/40 grade 8,8",4196826985-00,3500639514-00,1782609923-00
"info for hex head screw with full thds a2k m14*50 8.8, glavanizd white stel",8080636197-00,2067159406-00,5091829011-00
search hexagon skrw full threaded m14x50-8.8 steel white galvanise,8080636197-00,4196826985-00,4798702967-00
"I want: screw whit hex head, size m14 / 50mm, A2K full threading stel galavanized",8080636197-00,9430522140-00,3939252475-00
search hex scrw steel A2k m14 x 55 full thrd 8.8 white galvanizd,8250221914-00,9125241032-00,1715949208-00
need screw hexgon hed full treads M14/55 white zink coated steel 8.8 grade,8250221914-00,9276338271-00,5959674287-00
info hex headd fully threatend screw galvanized whitish steel M14x55 - 8.8,8250221914-00,9539155196-00,2248126059-00
info screw hex full thrd a2k M14 x60 8.8 galvanzed whit steel,9387064486-00,5476556092-00,4758662814-00
give me hexagon screw fullthreaded white galvanize m14*60 8.8 grade,9387064486-00,6835570853-00,2939293469-00
search screw hex hd full thred white galvanzized steel M14-60 8.8,9387064486-00,9125241032-00,1782609923-00
search screw hex full THResd a2k m14 x 70 steel galvanizd,5869386826-00,4196725180-00,9697102750-00
info for hexagonal head screw white zinc M14x70-8.8 full treads,5869386826-00,4455341387-00,9330533540-00
I want hex hd screw full thrd whit galvinized M14/70-8.8 pls,5869386826-00,9083509236-00,4873387863-00
"find screw hex hd, ful thread, white gavanised M14 x80 8.8 steel a2k",1040011022-00,9883456014-00,2657608685-00
"looking for: hex screw thredd full white coated steel, m 14x80 8.8 grade",1040011022-00,8291938546-00,3150894744-00
"M14 eh screw ful thd (8.8) whit galvanizd stl, hex head",1040011022-00,8666922925-00,6036804021-00
info screw hex hd full thread steel white galvanize m16 /120 class 8.8,3625848499-00,1726905199-00,8380686623-00
"search for hexagon bolt M16 X 120, 8.8 full thd whit galvniz steeel",3625848499-00,5052877313-00,8140663775-00
"I want scerw hex head, FULL threaded, m16x120-08.8 galvanized whit stell",3625848499-00,2936303514-00,6757365315-00
search screw hex head full thred steel a2k m16x50 8.8 white zinct,5657947616-00,2936303514-00,5959674287-00
"info on hexagon screw 16mm 50mm, full thd galvnized steel pls",5657947616-00,4366679025-00,1094408086-00
"I want: m16 x 50 hex screw, full thred whit steel A-2K 8.8 verzion",5657947616-00,3555796952-00,7242319851-00
"info on hex screw full thredded steel, white galvanised, M16x60mm 8.8 grade",3755850374-00,1699684670-00,7204913316-00
"search screw EH m-16x60 8/8 hex head, galvanized white, full thread",3755850374-00,1673205948-00,1390495645-00
"need screw m16 by 60 hexagon Head full thrd white galvanize steel grade 8,8",3755850374-00,2726698148-00,2274194725-00
search for hex screw M16x70 full thread steel galvanzed white A2k 8.8,2277349670-00,8577088598-00,8277383510-00
"info about M16 70mm hex head screw, full thrd galvinzated steel A2K 8.8",2277349670-00,3760894487-00,8889344815-00
I want: hexagon screw full thred m16/70 white Galvnatd stell 8.8,2277349670-00,9595065052-00,7242319851-00
"search for hex hd screw, full THRD, white coat m16 x 80 a2k 8.8 stl",1699684670-00,8019776574-00,9207759437-00
info hexagon scrw full-thread zinc steel M16/80mm Gr. 8.8,1699684670-00,7601063729-00,9296042632-00
give me: full thrd hex srew galvinizd steeel white M16x80 8.8 A2K,1699684670-00,7525291539-00,9057304858-00
search full thrd hexagon scerw A2K white zinced stell M16x90-8.8,8291938546-00,8277383510-00,2936303514-00
"info M16x90 hex head screw, whit galvanized metl fullthred grade 8-8",8291938546-00,8080092186-00,8835390267-00
i want: hex screw full thread m16x90 with 8.8 steeel galvanize finish,8291938546-00,4366679025-00,2013038763-00
search screw hex head full thred steel m18x30 8.8 galvnized whit,6546106359-00,4366679025-00,9801266729-00
info on hexagon cap screw whit galvanized full thrd M18x30mm steel A2k grade 8 8,6546106359-00,4828582854-00,1094408086-00
"i want: M18 30 screw whit fullthread, white coated hex hd steel galvnized 8.8",6546106359-00,3071439359-00,2106723884-00
"screw hex full thread white A2K STEEl M20/1,5-30mm 8.8 search",7573814967-00,2037215776-00,5988207918-00
info about galvnised hex head screw m20x1.5 x 30mm 8.08 full thrd,7573814967-00,9786004707-00,5534285274-00
I want hexagon hd SCREWS steel galv. m20x1.5x30-8.8 pls,7573814967-00,8531744429-00,2277349670-00
"search for screw hex head white/galvanzed m20 1,5x50 full thrad steel 8.8",3160559768-00,7005019557-00,7563435984-00
info on eh screw full thrd m20x1.5 50mm white zinc? 8.8 steel,3160559768-00,5657947616-00,5959674287-00
I want: hex shkrew A2K M20x1.5x50-8.8 full thrd galvinised,3160559768-00,8761824113-00,8994100422-00
info on screw hex head white galvanised steel full thd m20 x1.5x 80-8.8,8531744429-00,7653911057-00,3348164823-00
"search hexagonal bolt A2k white ZINK coated steel, m20 1.5 thread full 80mm - 8.8 grade",8531744429-00,5174124939-00,6484615821-00
"screw, plz find eh hex hd type full threat m20 x1,5 80mm galvanized wht metal 8.8",8531744429-00,3506457121-00,6239810547-00
look for m20x100 8.8 zinc steel hexagon head screw full thread a2k,9620732978-00,4455341387-00,9625341535-00
I need screw / head hex white galvanizd full threaded M20 x100 class 8.8,9620732978-00,4330983094-00,8889344815-00
"specific hex hd screw, white zinc, full thrd steel a2k m20-100 8.8",9620732978-00,3474627261-00,6757365315-00
search hex screw m20x120 8.8 fully threded white galvnized steel,2067159406-00,3055785881-00,9035646162-00
info about full thread hex bolt head a2k M20 x 120 8.8 galvnted stel,2067159406-00,5174124939-00,9595065052-00
I want: hexagon srcew M-20x120 8.8 whit galvanazied ful thread,2067159406-00,5011131774-00,2049324918-00
search screw hex head galvanized full THD 20mm x 80mm grade 8.8?,7005019557-00,2067159406-00,2033483249-00
info on hexagonal screws m20/80 full-thread steel galvanized 8-8,7005019557-00,3474627261-00,9608119877-00
I want: galvanized white SCREW m20X80mm full thd 8.8,7005019557-00,8291938546-00,8043948667-00
info 4 screw hex hd full thrd m24x100 steel 8.8 galvn white finish?,6632657918-00,7005019557-00,4141074622-00
"search screw head hexgN fully threaded 24mm 100mm a2k, std 8.8, white galvanised.",6632657918-00,8204718697-00,2590488757-00
I want: scrw full-thread steel hex 24x100mm 8.8 grade galvozized pls?,6632657918-00,5869386826-00,2973017365-00
search hex head screw full thrd A2K steel white galvanised 8.8 M24x150,3933857095-00,5869386826-00,2106723884-00
"info on screw, hexagon full thread, m 24X150-8.8 white zink pls",3933857095-00,2037215776-00,2571962982-00
"want hex screw with full THD white coat, steel galv A2K m24x150 8.8",3933857095-00,3755850374-00,8831445184-00
search screw hex hd whit galv a2k M24x2 100mm 8.8 full thred,9158457183-00,2037215776-00,9393372856-00
info: hexagon scrw full thrd galvanised stel m24*2*100 class 8.8,9158457183-00,9775450433-00,3269654436-00
give me: screw hex head m24x2x100 8.8 full thread white coat a2K,9158457183-00,4196826985-00,9941288707-00
"search for hex head scrw M24x80 8.8, full thred, white galvonized stel",9191041307-00,4229705293-00,2013038763-00
specific info: hexagon full thread  M24/80 screw white steel 8-8 grade,9191041307-00,3933857095-00,7643815862-00
"I want a2k SCRW 24x80mm, fully threaded whit galavanized material",9191041307-00,8845118499-00,5852213281-00
screw hex full thread steel? m24x80-8.8 need galvanized white?,8533726607-00,2037215776-00,6192891321-00
give info on hexagon hd full thd m24x80 white galvaniced stell 8.8,8533726607-00,7812106917-00,8043948667-00
search screw M24 x 80 hex head full th right? galvinized steel white,8533726607-00,5869386826-00,1507127156-00
search screw HEX full thread A2K M4x35/8.8 galvanized whit steel,2893936683-00,4675402319-00,2973017365-00
want: hex cap screw full thrd m4x35 - 8.8 a2k white galvanized,2893936683-00,9017640334-00,9941288707-00
info on srews hexagon head full trhd steel m4 x 35mm 8.8 zinc pls,2893936683-00,4366679025-00,8140663775-00
search hex screw full thred a2k steel m4 x 40 8.8 galvanaized,4893172831-00,1461569135-00,4380679545-00
specific screw with hex head galvnized full thrad whit m4*40 8.8,4893172831-00,2936303514-00,4196725180-00
I want: m4 40 screw whit hexgon head ful thred a2k galv sttel,4893172831-00,2796016373-00,8088390816-00
find Screw hex head whit galvinized full thrd steel M4/45-8.8 specifik,4559775853-00,4455341387-00,1052597007-00
search hexagon bolt full thd steel white galvnised M4 x 45 - 8.8,4559775853-00,2916818412-00,4724490701-00
"info on screw ehad FULL thred A2k M4X45mm, 8.8 whit coat",4559775853-00,7812106917-00,2033483249-00
search screw hex hd full thrd white galvanized A2K steel m4x50 8:8,3940763029-00,9144101775-00,3227693960-00
info for EH screw full thread M4x50 8.8 white galv stell with hex top,3940763029-00,6600153617-00,3348224466-00
"specific m4x50 8.8 hexagon screw,  full thred A2k white zincted",3940763029-00,2893936683-00,1917219391-00
search for screws hex hd full thd A2K white steel M5x30 8 8,3029884494-00,1040011022-00,7115681597-00
info hexagon screw white galvanised M5 X 30 mm grade 8.8,3029884494-00,3801883632-00,5866832251-00
i want a 8.8 screw fullthread galvd steel hex hd size m5 30,3029884494-00,2474448039-00,1726905199-00
search hex head screw whit galvanizd steel full threads m6x12 8.8 grade,3955556714-00,7089590364-00,1680115035-00
"info for a2k m6x12 full thd screw with hexogon head, 8.8 styrnght",3955556714-00,2936303514-00,3281332982-00
screw hex head full THREDS white galvanized material m6x12mm 8/8,3955556714-00,8291938546-00,1568532537-00
"search screw full	thread , hex head galvinized steel is white and metric M6x30 grade 8.8.",5767660249-00,5560341153-00,6598988196-00
"info about hex scrw full thred A2K m6 x 30, white-steel, 8.8.",5767660249-00,3066371197-00,8134591754-00
specific hexagon bolt whit coating m6x30 / 8.8 full thd steel pls.,5767660249-00,9935696508-00,2049616791-00
search screw hex head full THD White zinc steel m6x35 8.8?,7601063729-00,4212432744-00,1097464442-00
info: eh screw all-thread A2k galvanized hex M6 35mm class 8.8,7601063729-00,9890504923-00,9017640334-00
"give me: screw w/ hexagon-head, totally thrd steel galvanized, 35xM6 8.8",7601063729-00,9676503496-00,3933857095-00
I want hex Head screw M6x40mm fullthrd wite galvanzed stell 8.8 grade,9017640334-00,4734377813-00,3747273143-00
search. m6x40 screwss hex whit galvaniz. full thredd steel A2K 8/8,9017640334-00,9537250553-00,1515743851-00
info screw hexogo head FULL thread m6  x40 white galvanize stell grade 8.8,9017640334-00,2037215776-00,4362770512-00
"search for EH screw M6X50 8.8 full-threaded, hex head, galvanized whit steel",7976283257-00,1040011022-00,4482660134-00
info on hex screw full thd M6 50mm/white galv steel type-8.8,7976283257-00,9518123077-00,9526772961-00
i want: m6x50 hexagon screw a2k full thred 8.8 galvinised,7976283257-00,1298734605-00,3820596471-00
screw hex head full thred M6x55 8.8 galvanized find whitey steel,4287317987-00,2936303514-00,6478964688-00
give me screw eh for hexagon fullthrd galvnizd steel m6/55 8.8,4287317987-00,7988037521-00,1537895535-00
"search fo screw M6 x 55,8.8 steel hexhead zinc coated fullthrad",4287317987-00,2702873845-00,9625341535-00
search screw hex full threds a2k M8x35 8.8 galvanzied white steell,7335286512-00,7821257699-00,3300579673-00
"looking for: hex head skrw full-thread M8x35 class 8.8, coated galvanize whit finish",7335286512-00,8101825749-00,8043948667-00
info about screw A2k hex head full thrd m8 x 35 white zinc stel 8.8 grade,7335286512-00,3972732506-00,8091613231-00
search for screw whit hex hd full thrd steel a2k m8x40 8.8,1673205948-00,6169214528-00,5102587125-00
i want info on hexagon screw full thredd m8x40 steel galvanized 8.8,1673205948-00,1836583820-00,6517508636-00
give me screw hex headed full thread m8/40 white zinc 8.8,1673205948-00,9539155196-00,8994100422-00
looking for eh SCREW full threaded a2k mateiral m8 x45 8.8,2939293469-00,8291938546-00,7210136390-00
search screw hex hd. FULL THD white galvinized steel m8-45 8.8,2939293469-00,9620732978-00,3939252475-00
give me: hexagon head screw FULLTHREAD galvànized stl m8x45 - 8.8,2939293469-00,2633088546-00,3150894744-00
"search for screw hex hd 8.8 M8x55 full thread, galv-steel white?",8038770021-00,4229705293-00,5259351791-00
"need hexagon screw 8.8, fully trheaded A2k white. Where it is?",8038770021-00,2537516574-00,4659010223-00
"info on m8x55 screw full thd, steel white galvenized head ax2k?",8038770021-00,6179478807-00,6667303359-00
search screw with hex hd full thred a2k white galvanize m8 x 60 8.8,2726698148-00,7976283257-00,9991528053-00
"need info hex head screw full thrd galvniz steel, m8-60, grade 8.8",2726698148-00,4330983094-00,5206757906-00
specific screw m8x60 fullThr copper a2k? white coated?,2726698148-00,6693547172-00,6617180054-00
search screw with hexgonal head full thred a2k m8x80 8.8 whit galvnized材料,9539155196-00,9017640334-00,1094408086-00
give me hex headd screw m8*80 full thred a2k steel grade 8.8 white coted,9539155196-00,3625848499-00,7643815862-00
info needed: hexagon bolt/srew steel fullthread m8 8-80 8.8 galvnise,9539155196-00,5174124939-00,3281332982-00
looking for screw hex hd full thrd steel M10 x 35 - 12.9,2262609082-00,6045171767-00,3166246449-00
info screw eh full thrd/plain steel mt10/35 grade 12.9,2262609082-00,4366679025-00,4215182994-00
pls find: screw HEX head full THD 10mm x 35 mm steel class 12.9,2262609082-00,7167950273-00,5428394963-00
info screw full thred hex hEAD PLAIN steel M10/35-8.8,4366679025-00,4330983094-00,8140663775-00
"need hexagon skrw FULL thrd M10X35 8.8 steel material, pls",4366679025-00,1130810921-00,2462869810-00
sCRW hex hd +fullthred stele M10 35 8.8,4366679025-00,6662252496-00,3913717318-00
search for m10 x 50 full thread hex screws plain steel 12.9,1945547201-00,4366679025-00,7601063729-00
give me info on hex screw head full thd steel m10 50 12.9,1945547201-00,9122072784-00,9207759437-00
find: m10x50 hexagon screw full thread 12.9 grade steel,1945547201-00,8574329846-00,1006926039-00
searching for m10 x1.25 x 70 8.8 screw hex head full thread steel,3227693960-00,2033483249-00,4430253848-00
I need the screw plain fullthread m10 by 1.25 by 70 8.8 specifc hexagon head steel,3227693960-00,6700770175-00,4734411209-00
give me info on steel screw hexagon head m10x1.25 70-8.8 full thred,3227693960-00,8081905519-00,9608119877-00
screw hex hrd A2 part thd m10 20-70 what is this,1841898958-00,8186909629-00,4050287682-00
i need info on stainless steel screw m10x20 70 not fully threaded,1841898958-00,8666922925-00,6123290703-00
search screw hexagon head partly threaded a2 m10 x 20 70,1841898958-00,9713312546-00,3216451039-00
search hex head screw partly threaded stainless steel m10 x 25-70 plz,7047336438-00,3332127492-00,9183626126-00
info about screw m10x25-70 thde part steel hexagon head specifically,7047336438-00,3939252475-00,6239810547-00
give me m10 25 70 screw stainless hexagon head partially thread type,7047336438-00,3256546005-00,3755850374-00
"give me the hex screw with m10x30-70 partly threaded stainless steel, info on eh part",5846963981-00,6851681215-00,4416543723-00
search stainless steel screw hex head part thd a2 m10 x 30-70,5846963981-00,8413622314-00,3906125529-00
"i want screw m10 30 70 hexagon head with thd a2, what is the part?",5846963981-00,4283635832-00,7303137141-00
find hex head screw m10x35-70 part threded a2 what is that?,3986344388-00,2280881012-00,5527530826-00
searching for stainless steel screw a2 hexagon head 35mm 70mm in length plz,3986344388-00,9257600323-00,7691548010-00
info on partly threded m10 screw hexagonal head stainless steel 70-35 what is it?,3986344388-00,2126668815-00,9122072784-00
search for m10 x 40-70 screw hex part thread a2 stainless steel,8919094757-00,3119784394-00,9228068111-00
i want some hexagon head screw partly thrd m10 size 40-70,8919094757-00,9788873693-00,6198473236-00
"give me stainless m10x40-70 partly threaded hex screw, A2 type please",8919094757-00,9788873693-00,1278211702-00
search for hex screw m10 45-70 partly thrd a2 steel,6769183923-00,2280881012-00,8082655917-00
info about screw stainless m10x45 70 hexagon head part thd,6769183923-00,8812817358-00,1568532537-00
"give me screw with codes m10x45-70 hex head, pls specify material s.steel",6769183923-00,4439471575-00,2033483249-00
search screw hex head m10 x 55 to 70 a2 stainless thd,8413622314-00,3256546005-00,2928794343-00
info m10x55-70 screw part threaded hexagon head stainlee steel,8413622314-00,7064132121-00,3018333822-00
give me hex screw a2 m10 55 70 short thread part steel,8413622314-00,4439471575-00,9083509236-00
find screw part thread hex head stainless steel m10 60 70,2692784607-00,4439471575-00,3281332982-00
I want the hexagon hrd screw a2 m10 x 60-70 with partial thread,2692784607-00,9570592597-00,5713567997-00
give me info on screw m10x60-70 stainless steel hex head part thd,2692784607-00,9537630327-00,9313557687-00
screw hex head part thred stnless steel m10 size 65 to 70,4430253848-00,9570592597-00,5091829011-00
plz search for m10x65-70 high quality hexagon head screw partially thrd,4430253848-00,3030346654-00,5477398477-00
need info on screw a2 m10 thd 65-70 hex dash part stainless steel,4430253848-00,6851681215-00,3901147993-00
search stainless steel screw m10 x 70 axially partly thd maybe hex head,3920625495-00,8558678354-00,4249580146-00
I want info on eh screw hexagon m10x70-70 part thd made of stainless steel,3920625495-00,9713312546-00,2407885247-00
find me hexagon head m10 70/70 screw a2 part thd stainless steel,3920625495-00,6375619999-00,3216451039-00
"search screw hexagon head m10x80-70, partly thread a2 stainless steel plz",4986042147-00,2692784607-00,1597772200-00
info on screw eh part with stainless steel m10 x80-70 threaded,4986042147-00,8472685349-00,9214170501-00
"give me hex screw m10 x 80 partly threaded a2 steel, like 70",4986042147-00,6851681215-00,3804855403-00
search for screw hexagon head m12 110 70 partly thd a2 stainless steel,5367398985-00,4430253848-00,2269643128-00
info for m12x110 screw partly threaded hex head made of stainless,5367398985-00,6273083255-00,1920921560-00
need screw eh part thd m12x110 70 a2 material in stainless,5367398985-00,9778571217-00,8807682391-00
search info for screw hex head m12 x 35 70 partly thd A2 stnless steel,9696569168-00,1841898958-00,6391201229-00
give me hexagon screw M12 35 70 part thread a2 steel,9696569168-00,9378016972-00,6443597983-00
i want stainless steel screw eh m12x35 70 with hex head thread 부분,9696569168-00,7418397259-00,3104080093-00
search for m12x60-70 screw hex head partly thd stainless steel,3119784394-00,5333106852-00,9259659927-00
give me info on stainless steel screw hexagon head with thd m12 x 60-70,3119784394-00,3332127492-00,6258151250-00
"looking for screw model eh, m12 x 60-70, partly threaded in stainless steel",3119784394-00,7418397259-00,7630033023-00
search for m12 x70-70 screw of hexagon head but it's a2 part thd,9713312546-00,5846963981-00,8088390816-00
looking for stainless steel m12x70-70 partly threaded screw with eh head,9713312546-00,3119784394-00,5527530826-00
"info on screw hex part threaded steel eh m12 70-70 type, please",9713312546-00,9696569168-00,6643383016-00
search for stainless steel screw hexagon head m14x60-70 with thd partly,6273083255-00,3920625495-00,2537516574-00
info on m14x60-70 hex screw A2 thd a bit,6273083255-00,3030346654-00,4733875998-00
need eh screw m14 x 60 70 partly thread in stainless steel,6273083255-00,3119784394-00,7115681597-00
search stainless steel screw hexagon head partly thrd m16 150mm type a2,9570592597-00,8045442358-00,9259659927-00
info part screw eh m16x150 70 thd stainless steel,9570592597-00,3030346654-00,3906125529-00
give me: hex head screw a2 m16 150 long and partially thd,9570592597-00,2126668815-00,1568532537-00
search for hex scrw m16x60-70 with partly thread A2 stainless steel,7064132121-00,3920625495-00,6643459127-00
"info on stainless steel screw hexagon head, m16 x 60-70, thread part",7064132121-00,9778571217-00,8971643306-00
give me: screw m16x60-70 hex head A2 threaded stainless stuff,7064132121-00,8983831494-00,1952396536-00
info about m16x65-70 screw hex head part thd stainless steel,3256546005-00,9257600323-00,9083509236-00
searching for hexagon screw partly threaded a2 m16 by 65 to 70,3256546005-00,9257600323-00,8994100422-00
give me stainless steel screw m16-65 70 hex head part thd,3256546005-00,8413622314-00,7228742265-00
searching for hex screw part thrd a2 m24 50 70,8472685349-00,4430253848-00,3901147993-00
part info for m24 screw hex head ss 50-70 thd,8472685349-00,1841898958-00,6737430838-00
give me stainless steel screw eh m24x50 70 d some treads,8472685349-00,6769183923-00,9114099404-00
looking for screw hex head partly thread A2 m4x10-70  pls help,9235266034-00,1094408086-00,7165977649-00
need some info on stainless steel screw eh part number m4 x 10-70,9235266034-00,4439471575-00,6104764951-00
search for m4x10 70 a2 screw hexagoon head with partially thread,9235266034-00,5936570319-00,7440613697-00
search for stainless steel screw m4x50-70 hex head partly threded,6404187464-00,2146594767-00,4050287682-00
need info on hexagonal head screw part thd a2 m4 size 50-70,6404187464-00,3920625495-00,2146594767-00
give me hex screw stainless steel a2 m4 50-70 partly threded,6404187464-00,8350865695-00,3901147993-00
search for hex head screw m5 x 12mm with partly thrd stainless steel,7418397259-00,7527229457-00,5980354908-00
give me the info on a2 screw stainless steel m5x12-70 with hexagon head,7418397259-00,7064132121-00,9901076633-00
look for partly threaded m5 12-70 hex screw made of stnless steel,7418397259-00,5173715598-00,2914934155-00
search for screw hex head part thd m6x10-70 in stainless a2 steel,9788873693-00,4283635832-00,7573797526-00
info on m6x10-70 screw hexagon partly threaded a2 stainless steel,9788873693-00,9235266034-00,6643459127-00
give me hex screw m6 x 10 with 70 part thread stainless material,9788873693-00,7836028606-00,1568532537-00
search screw with hexagon head m6x12-70 partly thread a2 stainless steel,9778571217-00,9257600323-00,4215182994-00
info on m6x12-70 screw hexagon head with part thread stainless steel,9778571217-00,9836819829-00,5710205158-00
find eh screw m6 12mm 70mm long stainless steel hex part thd,9778571217-00,4986042147-00,9877554164-00
search for screw hexagon head m6 x 16 70 thd a2 stainless steel partly,7836028606-00,3920625495-00,1094408086-00
I need info on screw eh m6x16 70 part thread stainless steel,7836028606-00,2467314709-00,3722553199-00
give me: hex screw a2 m6x16 partly thd 70 size info please,7836028606-00,6395039276-00,3748347140-00
give me info on hex screw a2 m6 x 20 70 partly threaded stainless need,3030346654-00,9378016972-00,5629772323-00
searching for partly thd m6x20 screws hexagon head stainless steel a2,3030346654-00,5986859531-00,3281332982-00
need to find m6 20 70 screw stainless steel hex part thd a2,3030346654-00,3256546005-00,1130811379-00
give me info about stainless steel screw hex head partly thred m6x30-70,4283635832-00,3332127492-00,4734377813-00
search for hex screw part thd a2 size m6x30-70 in the database,4283635832-00,5560341153-00,5238684850-00
looking for m6 x 30-70 screw hexagon head part thred stainless steel,4283635832-00,6404187464-00,6239810547-00
search screw m6x40-70 stainless steel hexagon head part thrd,6375619999-00,6752727328-00,1597772200-00
give me hex screw A2 partly threaded m6 x 40-70 what I need,6375619999-00,7527229457-00,2489351829-00
info on m6x40-70 stainless steel part thd hex screw head,6375619999-00,8186909629-00,9393372856-00
give me screws hex head stainless steel partly thred m6x50-70,9257600323-00,8045442358-00,6077003273-00
search screw eh for m6 by 50 to 70 stainless steel,9257600323-00,2269643128-00,9734057020-00
i need part thd hexagon screw size m6x50-70 in stainless steel,9257600323-00,9713312546-00,1511681744-00
search for screw hex head part thd a 2 m8x10-70 stainless steel,4439471575-00,9713312546-00,3901147993-00
i need info for m8x10-70 screw partly thread a2 hexagon head,4439471575-00,4986042147-00,8081905519-00
give me hexagon head screw stainless steel  m8x10-70 thd part,4439471575-00,8413622314-00,9048598660-00
search for hexagon head screw m8x100-70 part thd a2 stainless steel,8983831494-00,9570592597-00,2654093768-00
need stainless steel screw like m8 100 part threading hexagon short,8983831494-00,3286024653-00,1568532537-00
give me info on screw m8 x100 70 partly thread hex head a2 steel,8983831494-00,3119784394-00,9464218475-00
give me screw thread head hexagon m8x110-70 in stainless steel pls,3332127492-00,3119784394-00,3132891770-00
search for m8 110 screw hex partly thread A2 got any info?,3332127492-00,5191521234-00,4416543723-00
I want a stainless steel hexagon screw part thread M8x110-70 please,3332127492-00,7527229457-00,1097464442-00
search screw hex head m8 x 16 70 partly threaded stainless steel a2 pls,8045442358-00,9570592597-00,4215182994-00
info for hexagon head screw a2 m8x16 70 with part thd,8045442358-00,7527229457-00,1715949208-00
give me: stainless steel screw m8 16 70 hexagon head part thrd a2,8045442358-00,3986344388-00,6757365315-00
search stainless steel screw hex head partly thrd m8x20-70 info,6851681215-00,3119784394-00,8088390816-00
looking for part screw m8 x 20 with hexagonal head and some thread,6851681215-00,3580821337-00,2248126059-00
give me screw eh m8 20 70 stainless steel partly threded please,6851681215-00,8186909629-00,8230451596-00
pls find stainless steel screw hex head m8 x 25 with partial threads 70,7527229457-00,8983831494-00,6757365315-00
im looking for a hexagon screw with part thread a2 m8 25 70,7527229457-00,7064132121-00,1097464442-00
need info on screw m8x25-70 stainless steel hex head partly threaded,7527229457-00,3984480791-00,3216451039-00
search screw hex head partly thred a2 stainless steel m8 30x70,8558678354-00,3653142136-00,6077003273-00
info on screw m8 x 30-70 hexagon head partl thrd A2 steel,8558678354-00,3804855403-00,5762240135-00
give me: details for stainless steel screw eh m8 30 70 hex part thrd,8558678354-00,8472685349-00,2126668815-00
search for a2 thi screw hex head m8x35-70 part thrd steel,2280881012-00,9788873693-00,4050287682-00
looking for m8x35-70 screw stainless steel hexagon part fully thd,2280881012-00,8186909629-00,9224795099-00
give me info on screw hexagon head partially threaded a2 35 m8-70,2280881012-00,6851681215-00,3653142136-00
hex head screw partly thread a2 m8 by 40 to 70,6148464742-00,4439471575-00,3653142136-00
looking for screw m8x40-70 stainless steel hexagon head part thd,6148464742-00,7064132121-00,3218830030-00
m8x40-70 screw thd a2 search info hex head stainless steal,6148464742-00,6769183923-00,3903406802-00
search for screw hex head m8 x 45-70 with parti threading a2 stainless,3286024653-00,9788873693-00,9241727014-00
need hexagon screw partly threaded m8 45-70 in stainless steel,3286024653-00,9713312546-00,4734411209-00
give me info on screw eh m8x45-70 thd a2 hex head type in stainless,3286024653-00,9788873693-00,3216451039-00
looking for hex head stainless steel screw m8 55-70 partly treads info,8186909629-00,6404187464-00,9723645203-00
where can I find a2 m8 x 55 70 screw hexagon head with partial thrd?,8186909629-00,9778571217-00,4734411209-00
"need screw eh part stainless steel m8x55-70 hexagon head, search for it please!",8186909629-00,8919094757-00,9114099404-00
"info about screw hex head m8 x 60 to 70 with thread, ss",9378016972-00,5367398985-00,2146594767-00
need m8x60 to 70 stainless steel screw eh part which has hexagon head,9378016972-00,7836028606-00,2467314709-00
"search hexagon head screw stainless steel a2 thd m8 60-70, what is it?",9378016972-00,9257600323-00,2126668815-00
find me hex head screw pt thd a2 m8x90 70 stainless steel,4000811310-00,9713312546-00,2596755451-00
search for m8 90-70 hexagon head screw part thred a2,4000811310-00,4986042147-00,5710205158-00
give me info on screw part thd stainless steel m8x90-70 hexagon,4000811310-00,9696569168-00,4733875998-00
screw hex head m10x100 size 8.8 a2k galvanized steel part thrd info,1507127156-00,1783879014-00,8539881347-00
search for m10x100-8.8 screw hexagon head partly thread white steel,1507127156-00,4647839108-00,6777499687-00
give me specific eh screw part m10 x 100 8.8 thd galvanized white steel,1507127156-00,2096233051-00,2726698148-00
search for screw hexagon head m10 x 110 with partly thread thd a2k 8.8 steel white galvanized,6560524468-00,9393372856-00,7510513190-00
I need: screw hex head m10-110-8.8 partly thrd a2k white galvanized,6560524468-00,7414145175-00,3281332982-00
gimme info on m10 110 hex screw 8.8 thd a2k white galvnzd part thread,6560524468-00,9464218475-00,2973017365-00
"find m10x120-8.8 screw hex head with partly thread, white galvanized steel info",3363589240-00,6944966855-00,1732199075-00
"searching for part screw ih hexagon head a2k, galvanized steel m10 x 120 8.8",3363589240-00,2808138723-00,2180285684-00
"need for a hex head screw m10 120mm length partially threaded, white 8.8 steel",3363589240-00,9330533540-00,6617180054-00
searching for a screw hexagon head partly thd m10x130-8.8 in steel white galvanized,9961931002-00,3104080093-00,6164859129-00
info about screw eh m10 x 130 with part thrd 8.8 and galvanized steel,9961931002-00,2655491862-00,6986135211-00
give me hex head screw a2k size m10 130 8.8 galvanized steel please,9961931002-00,8204718697-00,4659010223-00
search for hex head screw m10x140 partly thred in a2k 8.8 steel,1390495645-00,1360735004-00,9890504923-00
i need info on m10 140 mm white galvanzied screw hexagon a2k 8.8,1390495645-00,9844671434-00,8277383510-00
give me: screw m10 x 140 with hex head and part thred in steel galvanized 8.8,1390495645-00,3166246449-00,1537895535-00
search for screw hex head m10 x 150 partly thrd a2k 8.8 galvanized white steel,7283136748-00,3166246449-00,3624270395-00
give me info on hex screw m10-150 thd a2k maybe white galvanized 8.8,7283136748-00,3166246449-00,5595912099-00
want hexagon head screw m10 150 part thrd steel a2k 8.8 white galvanize,7283136748-00,7204913316-00,9864328534-00
search hex screw part thd m10x16-8.8 white galv steel,2537516574-00,6673803951-00,8577088598-00
plz give me screw m10 x 16 partly threads hex a2k 8.8,2537516574-00,9844671434-00,1432523498-00
info on screw hexagon head m10x16 with galvanized white steel 8.8,2537516574-00,9876699383-00,2069007815-00
looking for hex screw eh part m10 x 160 8.8 galvanized steel,2407885247-00,5357362357-00,6617180054-00
need the eh part screw white galvanized steel m10x160 size 8.8,2407885247-00,8195453239-00,4330983094-00
search for screw hexagon head with partly thread m10x160 8.8 a2k,2407885247-00,5298209446-00,9230008126-00
search hex screw m10 20 a2k part with partly thread galv steel 8.8,9890504923-00,4429913408-00,2407054170-00
give me white galv steel m10x20 hexagon head screw part thd 8.8,9890504923-00,6159899080-00,8205155184-00
info about screw hex part thd m10x20 8.8 in galvanized steel pls,9890504923-00,1841898958-00,5358690547-00
find m10x25-8.8 screw thd hexagon head white galvanized steel part,7891212922-00,7042454996-00,4647839108-00
look for eh part screw hexagon head m10 25 8 point 8 wht galvanized steel,7891212922-00,2973017365-00,5357362357-00
search for partly threaded hex screw steel m10 x 25 8 point 8 galvanized white,7891212922-00,2308371976-00,9424776550-00
search for screw hex head a2k m10 x 30 8.8 part thread galvanized steel pls,8201399184-00,8835390267-00,6948161018-00
I need info on m10x30-8.8 screw partly white head thread,8201399184-00,6822152452-00,5259351791-00
looking for m10 30-8.8 hex part thread screw white galvanized steel stuff,8201399184-00,5696356045-00,4606671218-00
specific screw hex part thd a2k m10 35 8.8 in galvanized white steel,6279585112-00,9183626126-00,1977603061-00
info screw m10x35-8.8 hexagon head part thred white galv steel,6279585112-00,1373505184-00,5298209446-00
please search for m10 x 35-8.8 screw hex head partly thread galv a2k steel,6279585112-00,1732199075-00,2376697760-00
find screw hex head m10 x 40 - 8.8 a2k with partial thread i need info on this,9259659927-00,5456183122-00,2655491862-00
"searching for m10x40 galvanized steel screw, hexagon head partly thd 8.8",9259659927-00,3485500899-00,1570275778-00
get me the white screw eh part m10 x 40 hex 8.8 thd a2k pls!,9259659927-00,9241749184-00,1537895535-00
findin screw hexagon head partly thread m10 45 8.8 a2k galvanized steel white pls,6610415924-00,4848148118-00,2657608685-00
m10x45-8.8 screw eh part white galvanized steel hex head search,6610415924-00,5098478150-00,9541305032-00
info screw m10x45 8.8 a2k hexagon head white galvanized part thread,6610415924-00,1390495645-00,4661397238-00
search screw hex head m10 50 8.8 part thd galv steel,3628521450-00,4593310304-00,3286024653-00
info m10x50-8.8 screw partly thread white galvanized w/hex head,3628521450-00,1732199075-00,3747273143-00
give me hex screw m10 x 50 8.8 part thred steel galvanized pls,3628521450-00,9330533540-00,1033519698-00
search information on screw hex head wht galv steel m10 x 55-8.8,9424776550-00,4230197672-00,6192891321-00
I want to find screw eh part thd a2k m10 55 8.8 what is it,9424776550-00,9541305032-00,3055785881-00
give me details on m10x55-8.8 screw hexagon head partly thread white galvanized,9424776550-00,6947945444-00,8703862792-00
search fro screw hexagon m10x60-8.8 white galv steel thd a2k,5858467301-00,9271244353-00,5869386826-00
info on eh screw m10 x 60 hex part thread 8.8 white galvanized,5858467301-00,4141074622-00,9393372856-00
give me screw partly thd a2k hexagon head size m10-60 8.8 galvinized,5858467301-00,4184231864-00,9393372856-00
search for screw hexagon head m10 65mm partly threaded a2k 8.8 info,8380686623-00,8204718697-00,8539881347-00
i need m10x65 8.8 screw white galv steel thd hex part,8380686623-00,5866832251-00,6610415924-00
looking for hexagon head screw m10x65 8.8 partly thread steel a2k white galvanized,8380686623-00,2106723884-00,6018052738-00
search for hex screw m10x70 - I need partly threaded a2k 8.8 galvanized steel,2891067891-00,2796016373-00,2657608685-00
info hexagon head screw m10 70mm white guy galvanized steel 8.8 thred,2891067891-00,7414145175-00,4429913408-00
plz give me screw a2k m10x70 partly thd - white galvanized hexhead 8.8,2891067891-00,5575104128-00,9625341535-00
search for part screw hex head m10x75 partly thrd a2k 8.8 white galv steel,2495255911-00,2674961440-00,6083606650-00
info about screw hexagon head m10 x 75 8.8 partly threaded a2k steel white,2495255911-00,3414353862-00,9734771552-00
give me screw m10x75 8.8 hexagon head white galv part thd in steel plz,2495255911-00,6750692513-00,5731319278-00
screw hex head m10 x 80 a2k 8.8 galvanized partly thread I need it,3018333822-00,7165977649-00,1463568795-00
m10x80-8.8 screw white steel hexagon head with part thd search,3018333822-00,2674961440-00,6164859129-00
search for hex screw a2k m10 80 mm part thread 8 point 8 white galv steel,3018333822-00,9844671434-00,6358349105-00
search for hexagon head screw m10 90 mm partly thrd white galvanized steel 8.8,6750692513-00,9393372856-00,3628521450-00
need info on screw a2k m10x90-8.8 hex head white galv steel,6750692513-00,8831445184-00,3955556714-00
where is the specific screw type eh m10x90 8.8 hexagon head white galvanized with partial thread?,6750692513-00,5866832251-00,6546106359-00
search for screw hexagon head a2k partly threaded m12 35-8.8 galvanized steel,6120344016-00,1596340372-00,3763476385-00
info on white galvanize m12x1.25 35 screw hex head a2k 8.8,6120344016-00,5827832202-00,2973017365-00
give me 8.8 screw partly thread m12 1.25x35 hexagon a2k steel,6120344016-00,2114186304-00,1962744634-00
find info on m12 100mm 8.8 screw hex head partial thread galv steel,3348164823-00,7263953526-00,2982570583-00
"screw part eh, m12x100 code 8.8 white galvanized steel pt",3348164823-00,1515743851-00,2106723884-00
looking for hex screw m12 100mm 8.8 thd steel white galv pls,3348164823-00,9621326677-00,4659010223-00
search for screw hex head partly thd m12 x 110 8.8 galv steel,6944966855-00,2203707952-00,8094449719-00
pls give me hexagon screw with partially thread in m12x110 size like 8 point 8,6944966855-00,1860195269-00,6193108154-00
find info on screw a2k m12 110-8.8 hexagon head white galvanised steel,6944966855-00,9621326677-00,7518381135-00
searching for screw m12x120-8.8 thd a2k that is hex head steel white galvanised,4249580146-00,3562703168-00,8913245598-00
"give me specifics on hex screw partly thread m12x120, 8.8 a2k steel",4249580146-00,9241749184-00,4897352893-00
info on screw hexagon head m12 x 120 with part thread and 8.8 galvanized steel,4249580146-00,4482660134-00,8037006337-00
screw hex screw white galv steel m12 x 130 -8.8 part thread,8971643306-00,4482660134-00,2982570583-00
info hexagon screw part thd m12x130-8.8 galvanized steel white,8971643306-00,1511681744-00,7767416194-00
search for m12x130 8.8 hex screw white galv steel partly threaded,8971643306-00,3760894487-00,7669229686-00
search for screw hexagon head m12x140-8.8 white galv steel part thd a2k,6957993039-00,3104080093-00,4410646567-00
info on m12x140-8.8 screw partly thrd hex head made of white galvanized steel,6957993039-00,2841112127-00,7552750844-00
give me m12 x 140-8.8 hex screw white galvanized steel part with partly thd info,6957993039-00,2069007815-00,3281332982-00
search for screw hexagon head m12x180 partially thrd a2k 8.8 galvanized steel,2139735163-00,9158457183-00,4416543723-00
give me info on screw eh m12 x 180-8.8 white galv steel with partly thd,2139735163-00,2973017365-00,4430253848-00
i want the screw m12 180 mm hex head 8.8 a2k threaded kinda white galvanized,2139735163-00,9621326677-00,4807814893-00
screw eh hexagon weather steel m12x20-8.8 thd parts,7302875617-00,5767660249-00,5866832251-00
i need specific screw a2k maybe hex screw partly threaded m12x20-8.8,7302875617-00,9985673215-00,2973017365-00
search for white galvanized steel screw head hex m12 x 20-8.8,7302875617-00,5594889711-00,9625341535-00
search for screw hex head m12 x 25 partly thrd white galv steel 8.8,1537895535-00,7071292323-00,8574329846-00
looking for hex screw a2k m12x25 8.8 part thread galvd steel,1537895535-00,2096233051-00,8126165786-00
info about m12x25-8.8 hexagon screw partly thd white galvanized steel,1537895535-00,1507127156-00,5358287054-00
searching for screw hexgon head part thread a2k m12 30 8.8 white galvanzd steel,2049324918-00,4074921857-00,2248126059-00
info on hex screw partyl thrd m12 x 30 8.8 galvanized whit steel,2049324918-00,7309665997-00,2973017365-00
give me spec for screw m12x30-8 point 8 hexagon head partly thread in white steel,2049324918-00,8088390816-00,3624270395-00
lookin for hex screw m12 35 part thrd with white galvanize steel 8.8 pls,2462869810-00,3339120926-00,9751416586-00
need hexagon head screw a2k m12x35 8.8 partly thrd search white galvanize,2462869810-00,5726401144-00,2891067891-00
find me m12x35 screw thd white galvanized steel hexagon head 8.8 thank you,2462869810-00,1022841450-00,9734771552-00
search for part screw hex hrd m12x40-8.8 galvanized white treads,5930875688-00,5622965267-00,8574329846-00
info on m12x40 8.8 screw hexagon head partly thread steel white,5930875688-00,4074921857-00,4606671218-00
gimme hex screw 8.8 thrd m12x40 galvanized steel white part,5930875688-00,4659010223-00,8713494800-00
search for screw hex  head white galv steel m12 x 45mm 8.8 partly thrd,7878248452-00,9621326677-00,6752727328-00
where can i find screw eh part thd m12x45 8.8 galvanized stuph,7878248452-00,6035530235-00,1360735004-00
info on hexagon head screw galv part thd a2k  M12 45-8.8  please,7878248452-00,6443597983-00,4598714933-00
search for screw m12x50 8.8 a2k half thread hexagon head galvanized steel white,7563728627-00,3506457121-00,7669229686-00
looking for hex screw partly threaded m12 x 50 in steel white galvanized 8.8,7563728627-00,6733410119-00,1511681744-00
info on screw hex head m12x50 a2k thd white galvanizd steel 8.8,7563728627-00,8831445184-00,2248126059-00
give me hexagon head screw m12x55 8.8 A2k white galv part thd,1962744634-00,8195453239-00,8037006337-00
search for screw m12 55mm partly thd hexagon head white galvanized steel 8.8,1962744634-00,3104080093-00,2407885247-00
i want specific screw a2k thred m12x55 8.8 white steel hexagon,1962744634-00,4798702967-00,9487954222-00
search for screw hexagon head partly thd m12 x 60-8.8 in galvanized steel,7115681597-00,1917219391-00,2745886712-00
give me info on hex screw A2K partly threaded m12x60-8.8 white galvanized,7115681597-00,3388938782-00,2841112127-00
looking for hexagon head screw m12 60 mm 8.8 a2k with white galvanization,7115681597-00,9547309251-00,3055785881-00
search for m12 x 65 screw hexagon head a2k 8.8 with partly thd white galvanize steel plz,8195453239-00,8088004904-00,4897352893-00
give me info on hex head screw thd m12x65 made of galvanized a2k 8.8 steel,8195453239-00,6267553235-00,8971643306-00
looking for screw with hexagon head part types m12 65-8.8 white galvanizd steel an thd,8195453239-00,8380686623-00,2031660634-00
give me: screw m12x70-8.8 hex part thd white galvanised steel,9230008126-00,7573797526-00,8073584362-00
search for: hex head screw m12 x70 part thrd galvanized a2k 8.8,9230008126-00,1841743209-00,7563728627-00
info about: screw thd a2k 8.8 hexagon m12x70 white galvanize metal,9230008126-00,9713312546-00,7630033023-00
give me info on hex screww with m12x80 size partly thread white galvanized steel and code a2k-8.8,8088390816-00,1962744634-00,6164859129-00
search for screw part with hex head m12x80 8.8 a2k and white galv steel,8088390816-00,8126165786-00,1130810921-00
"looking for m12x80-8.8 maybe hex part screw, white galvanized, thd a2k steel",8088390816-00,4229705293-00,4114984509-00
find me a screw hexagon head m12x90 partly thrd a2k 8.8 galvanize white,6483761246-00,1917219391-00,8323037091-00
search info on m12x90-8.8 screw head hex part thd galvanized steel,6483761246-00,4141074622-00,3281332982-00
give me: hex screw 8.8 m12 x 90 white galvanized with part thred,6483761246-00,7071292323-00,4113664615-00
"search for eh screw with hex head and part thred, m14x1.5, 35-8.8 in galvanized steel",6834070862-00,8542570623-00,3281332982-00
"m14 x 1.5 x 35-8.8 screw hexagon head, white galv steel, need info on part thd",6834070862-00,2674961440-00,4641212468-00
"give me details for m14x1,5x35 screw with hex head, partly thread, must be galvanized steel 8.8",6834070862-00,9464218475-00,7197948058-00
search for screw hex head part thd a2k m14x100-8.8 galvanized steel white,8835390267-00,5358287054-00,7861699713-00
info on m14 x100 8.8 screw hexagon head whit galvanizd steel part thrd,8835390267-00,5765399431-00,8558678354-00
I want m14x100 8.8 screw threded hex part of galvanized steel whit head,8835390267-00,5358287054-00,8899320851-00
search for screw hex head partly thrd m14 130 white galvaniz a2k 8.8,9541305032-00,1835191561-00,5298209446-00
give me tha hexagon screw m14x130 8.8 whit galvanized stee,9541305032-00,1040011022-00,5595912099-00
need info on screw m14 130 partly thd a2k hex whte galvanize 8.8,9541305032-00,6835570853-00,2096233051-00
give me info screw hexagon head partly thd a2k size m14x160-8.8 galvanized white steel,6958437317-00,4141074622-00,5352015213-00
search for screw partly m14x160-8.8 hex head thd a2k steel white galvaized,6958437317-00,2096233051-00,2330627626-00
need help with hex head screw m14x160 8.8 a2k partly thred in white steeel galvanized,6958437317-00,3624270395-00,2114186304-00
"search for screw hex head m14x30 partly thd, galvanized a2k 8.8",2096233051-00,4482660134-00,9060437798-00
can i find hexagon screw m14x30 8.8 thd white steel i need?,2096233051-00,2049616791-00,7653911057-00
give me m14x30 8.8 screw white galv steel hex head part thd pls,2096233051-00,5595912099-00,6087737330-00
give me search for screw m14x35-8.8 hexagon head partly thd steel white galvanize,4482660134-00,9422469846-00,9393372856-00
info about hex screw a2k m14 35-8.8 threaded galvanizd steel,4482660134-00,5765399431-00,3624270395-00
find part for screw whte galvanize m14x35 with hex head 8.8 thd,4482660134-00,3269654436-00,7518381135-00
looking for screw hexagon head thd a2k m14 x 40-8.8 like white galv steel,1463568795-00,9455269245-00,2655491862-00
search for m14x40-8.8 screw eh partly thread white gavanized steel,1463568795-00,4141074622-00,9424776550-00
info m14x40 screw with hex head and partly thread galv steel 8.8,1463568795-00,1732199075-00,6148464742-00
search screw hex head m14x45 partly thd a2k galvanized steel 8.8 info,4074921857-00,8028447605-00,2114186304-00
give me hexagon screw white galvanized steel partly threaded m14x45 8.8,4074921857-00,4838358893-00,8703862792-00
find m14x45 screw a2k with hex head and partial thread stainless 8.8,4074921857-00,3030346654-00,2655491862-00
search for screw hex head partly thrd m14x50 8.8 a2k wht galv steel,8028447605-00,6571283283-00,8195453239-00
i want hexagon head screw m14 x 50 white galvanized 8.8 thd a2k,8028447605-00,9455269245-00,6617180054-00
give me info on screw galvanized steel with hex head m14-50 8.8 partly thd,8028447605-00,4482660134-00,9473357490-00
"search m14x60 hex screw partly thread, white galv steel 8.8 a2k type pls",5719460806-00,4482660134-00,4598714933-00
please show me hexagon head screw m14x60-8.8 with white thd galv a2k,5719460806-00,9864328534-00,3018333822-00
find info for screw partly thrd m14x60 8.8 hexagon head steel white galv,5719460806-00,6273083255-00,4586595445-00
find info on screw hex head m14 x 70 8.8 part thd a2k,4848148118-00,8472685349-00,4734411209-00
searching for hexagon ith screw m14x70 partly threaded galvanized steel,4848148118-00,4482660134-00,2236902687-00
need m14-70 8.8 screw with white steel galvanized hex head now,4848148118-00,9315899660-00,4196725180-00
search for screw with hex head partly thred m14 by 80 mm made from white galv steel 8.8,6358349105-00,9775450433-00,1447866253-00
info about hex screw m14x80 8.8 part thd galvanized steel white,6358349105-00,1040011022-00,7807065847-00
give me m14 80mm hex part thd screw 8.8 galv steel also known as white,6358349105-00,1835191561-00,8277383510-00
search for screw hex head m14x90 partly thrdd A2K 8.8 galvanized steel,9676503496-00,3281332982-00,3055785881-00
find hexagon screw m14 by 90 long 8.8 steel white part thread,9676503496-00,9276338271-00,2892389414-00
give me the info on screw partially threaded M14x90-8.8 in galvanize steel,9676503496-00,9865133896-00,2808138723-00
search for m16 screw hexagon head partly thred a2k 30-8.8 galvanized steel,1556034266-00,2303429008-00,6878665766-00
info about screw with hexagon head and m16x1.5x30 size white steel 8.8,1556034266-00,2789360096-00,7573797526-00
give me details on eh screw part thd m16 1.5x30 8.8 white galvanizd steel,1556034266-00,2891067891-00,7527229457-00
search: screw m16x1.5 50mm 8.8 part thd hexgon steel galvanizd,8073584362-00,8343697990-00,8195453239-00
info: hex screw eh m16 x 1.5 50 length 8.8 white gaivated,8073584362-00,8903415072-00,2049324918-00
I want: screw hex head partly threds a2k m16 1.5x50 8 8 steel,8073584362-00,9117551575-00,2390881236-00
searching for screw hex h ead m16 size 100 part t hreaded white galvanizd steel 8.8,8767108517-00,1255737259-00,9035646162-00
got m16x100 hexagon head screw a2k part threaded material steel lookin for 8.8,8767108517-00,9890504923-00,9734771552-00
need info about screww 100 x m16-8.8 hex dilated galvanized steel part t hreaded white,8767108517-00,6704039474-00,1511681744-00
looking for screw hex head with part thread m16 110mm a2k 8.8 steel,5352015213-00,4482660134-00,2982570583-00
I need a screw eh m16x110-8.8 white galvanize part thd,5352015213-00,4074921857-00,3256546005-00
search for hexagon screw partly thread m16 110 a2k 8.8 galvanized steel,5352015213-00,2069007815-00,8903415072-00
screw hexagon head m16 120mm 8.8 galvanized steel threaded part,6193108154-00,9214170501-00,9541305032-00
info on screw part a2k hex head m16 x 120 8.8 whit galvanized steel,6193108154-00,9117551575-00,2376697760-00
give me screw thd 8.8 m16 120mm white galvanized steel hexagon head,6193108154-00,9117551575-00,1699684670-00
find screw hex head m16 130mm thd a2k 8.8 steel galvanized,9214170501-00,8903415072-00,7165977649-00
search for m16x130-8.8 screw partly thrd white steel hex head,9214170501-00,5595912099-00,9230008126-00
info on screw hex m16 130mm wht galvanized part thrd 8.8,9214170501-00,8545733832-00,5357362357-00
looking for screw hex head with part thread m16 x 140 in galvanized steel 8.8,9473357490-00,3104080093-00,8368256870-00
need info on m16x140-8.8 screw a2k with hexagon head and part twd,9473357490-00,1390495645-00,6008985204-00
find me a screw partly threaded thd in white galvanized steel m16 140 8.8,9473357490-00,8903415072-00,7669229686-00
search for hex head screw part thd m16 150 length white galvanized steel 8.8,1033519698-00,3104080093-00,1046650199-00
I need info on m16x150-8.8 screw hexagonal partly thd white galv steel,1033519698-00,3543972817-00,3763476385-00
looking for screw part eh with m16 150 size and galvanized steel 8.8 hex head,1033519698-00,6571283283-00,6008985204-00
looking for screw hexgon head m16 25mm part thd galvized steel 8.8,9241749184-00,4041106770-00,3256546005-00
info on m16x25 partly thd screw galv white steel hex head 8.8,9241749184-00,2096233051-00,4586595445-00
need to find screw size m16x25-8.8 whit galvized steel hexagon head part thredded,9241749184-00,2642273407-00,6643383016-00
i need to find screw hexagon head partly thread m16 x 30 8.8 white galvanized steel maybe,7518381135-00,6508425047-00,2983651819-00
"searching for screw eh part number m16x30-8.8 and its material  white galvanzied steel, thd",7518381135-00,9572923199-00,9235266034-00
info on screw hxdn head thrd m16 30 8.8 white galvanized steel plz help,7518381135-00,8019776574-00,7573797526-00
"give me the hexagon head screw that is m16 x 35 and partly threaded with 8.8 a2k materail, also white galvinzed",3747273143-00,6958437317-00,2248126059-00
"search for screw m16x35 partly thrd, hex head white steel, 8.8 grade a2k please",3747273143-00,1398953358-00,7821257699-00
info on the m16 35 mm screw hexagon head with a2k and white galvanised and 8.8 threaded to find it,3747273143-00,9117551575-00,2841112127-00
i search for screw hex head part thd m16 x 40 8.8 white galv steel,1596340372-00,4074921857-00,4113664615-00
need info on screw m16x40 8.8 white galvanized steel hexagon head partly thread,1596340372-00,2687889630-00,4838358893-00
give me: hex screw wht galv steel m16 x 40-8.8 part thd,1596340372-00,3555796952-00,8088390816-00
info about screw hex head partly thrd white galv steel m16x45-8.8 plz,6312418668-00,1917219391-00,7891212922-00
searching for m16x45-8.8 screw eh part white galvanized steel with hexagon head,6312418668-00,8705789131-00,3763476385-00
give me details on screw in size m16x45-8.8 hex head thd a2k white galv steel,6312418668-00,5678708526-00,5352015213-00
searching for screw hex head partly threaded m16 x 50-8.8 white galv steel,2655491862-00,5174124939-00,9214170501-00
info on eh screw m16x50-8.8 hexagon head with white zinc coating,2655491862-00,1033519698-00,8088004904-00
need a screw m16 50 a2k 8.8 thread hexagon shape galv steel part,2655491862-00,7256209367-00,5858467301-00
search for screw m16x60-8.8 hexagon head white galvanzied steel with part thread,2024351750-00,7064132121-00,9055208562-00
info about hex head screw partly threaded m16 x 60 8.8 coating in white galv,2024351750-00,8019776574-00,7878248452-00
give me details on screw a2k m16 60mm hex head with partly thd and galvanized steel,2024351750-00,4074921857-00,8913245598-00
search for hex screw eh m16x70 8.8 partly thrd galvanized steel,1543538935-00,7878248452-00,5719460806-00
give me info on screw m16x70 hexagon head all thds a2k white galv,1543538935-00,2277349670-00,6312418668-00
need m16x70-8.8 screw hexagon head partly thread in white steel please,1543538935-00,4074921857-00,5358287054-00
search for hex screw m16 80 length galvanized steel a2k partly thread 8.8,1398953358-00,3555796952-00,5298209446-00
info on white galvanized steel screw m16x80 hex head part threaed 8.8,1398953358-00,3104080093-00,2537516574-00
i want to find screw hexagon head m16 by 80 part threded in white galvanizing steel 8.8,1398953358-00,8195453239-00,8028447605-00
search for screw hex head part thd m16 x 90 8.8 galvanzd steel,8277383510-00,4141074622-00,9625341535-00
info on screw partly thrd hexagon M16 90 mm steel a2k 8.8,8277383510-00,2303429008-00,6173154583-00
I want screw m16x90 8.8 whte galvanize steel hex head with thd part,8277383510-00,2590488757-00,6750692513-00
search: hex screw m20 100mm a2k 8.8 thd white galvanized steel,6478964688-00,5612443179-00,9864328534-00
give me: part screw m20x100 thd hexagon head 8.8 a2k,6478964688-00,2537516574-00,7836777852-00
looking for: m20x100 screw hex head partly thd galvanize 8.8 steel,6478964688-00,1917219391-00,7496615874-00
search hexagon head screw m20 120 8.8 partly thd in white galv steel,3055785881-00,2657608685-00,1747945048-00
give me info on screw a2k m20x120-8.8 white galvanized part thd,3055785881-00,1511681744-00,7035858829-00
find screw thd m20x120 with hex head 8.8 part white galv steel,3055785881-00,3384169379-00,8703862792-00
search screw hex head m20x150 8.8 a2k partly thrd galvanized steel,9625341535-00,6958437317-00,1547798321-00
info about hexagon screw m20 150mm 8.8 a2k thd galvanized white steel,9625341535-00,5612443179-00,7878248452-00
give me partly thrd steel screw hex m20x150-8.8 a2k in white galv or something like that,9625341535-00,6358349105-00,9393372856-00
info about screw hex head with partly thred m20x180-8.8 in galvanized steel plz,9734771552-00,4141074622-00,8277383510-00
looking for m20 x 180 8.8 hex screw metal white galvanized,9734771552-00,2233951822-00,2939293469-00
give me details on screw eh m20 180 8/8 a2k partly thrd galvanized steel,9734771552-00,3896168300-00,2939293469-00
search for screw hex head with part treads m20x40-8.8 in white galvanzized steel,2808138723-00,8201399184-00,3018333822-00
give me info about hex screw A2K kinda with m20x40 8 point 8 treading,2808138723-00,5726401144-00,2139735163-00
find partly treaded screw m20 x 40 8.8 white galv steel or similar stuff,2808138723-00,2233951822-00,5259351791-00
search for screw a2k fpr hex head partly thread steel m20 50 8.8 white galvanized,2973017365-00,3399345551-00,6610415924-00
info for hexagon screw m20 x50 8.8 a2k with part thread galvanized,2973017365-00,7960050789-00,3739454668-00
find hex hrd screw m20x50 8.8 wht galvanized steel part thd,2973017365-00,4429913408-00,2390881236-00
search for eh screw hex part m20x55 semi treads 8.8 steel,8713494800-00,7573797526-00,4848148118-00
wanted: hexagon head screw galvanized white thd A2k m20x55 8.8,8713494800-00,9864328534-00,6750692513-00
info about screw pls hex head partly thd steel m20 by 55 8.8,8713494800-00,2233951822-00,1360735004-00
need info on hex head screw a2k m20x60 8.8 partly thred steel galvanized white,5358690547-00,2841112127-00,8835390267-00
searching for m20x60-8.8 screw hexagon head partially thread in galvznized white steel,5358690547-00,7711131637-00,9625341535-00
can you give me screw polys a2k thd galv steel m20 x60 hex head 8.8,5358690547-00,5612443179-00,3933857095-00
search screw hex head m20 by 65 length 8.8 a2k galvanized part or a little thread,1977603061-00,5612443179-00,3739454668-00
looking for screw m20x65 with 8.8 and partly threaded and galvanized steel hex,1977603061-00,8524394518-00,2106723884-00
info on screw white galvanized part thread m20x65 hexagon head 8.8 thd a2k,1977603061-00,2891067891-00,7630033023-00
search screw hexagon head partially threaded white galvanized steel m20x70-8.8,2114186304-00,8271010713-00,1917219391-00
give me info on m20x70 hex screw head with thread a2k 8.8,2114186304-00,9144101775-00,6940014199-00
where can I find hex screw m20 x 70 partly thread in white galvanize steel thickness 8.8,2114186304-00,4282390587-00,5719460806-00
search screw hex head partially threaded a2k m20x80-8.8 info plz,6008985204-00,4242885761-00,8037006337-00
can I find m20x80-8.8 galvanized steel hexagon head screw with part thread?,6008985204-00,2096233051-00,4606671218-00
give me specifications for whte m20x80-8.8 partly threaded screw eh as my info needed,6008985204-00,5011131774-00,2096233051-00
searching for screw hex part thd a2k m20x90-8.8 galvanized steel,2069007815-00,7573797526-00,1962744634-00
info m20x90-8.8 hex screw white galva steel part thread,2069007815-00,6958437317-00,9625341535-00
give me partly thd screw hexagon head m20x90 size 8.8,2069007815-00,9877554164-00,5259714115-00
search for screw hex head part thd m22x120-8.8 white galvanized steel,3150894744-00,9214170501-00,8447322876-00
info on eh screw partially threaded a2k m22 x 120-8.8,3150894744-00,3088262718-00,5858467301-00
give me details on screw m22 120 hexagon head part galvanized steel 8.8,3150894744-00,8749893339-00,8076724964-00
search for hexagon head screw m22 x 140 fully part thred a2k 8.8 galvanized white steel,9393372856-00,4659010223-00,2049324918-00
give me info on screw m22x140 hex head a2k part thrd 8.8 steel galv in white color,9393372856-00,5298209446-00,3348164823-00
need the information about white galvanized steel screw hexagon head 140 m22 8.8 partly thred,9393372856-00,3088262718-00,8028447605-00
search for screw hex head partly thd m22x150- 8.8 in a2k steel,8779120401-00,4141074622-00,2407054170-00
info white galv screw m22 by 150 with hexagon head 8.8 thd,8779120401-00,9189484113-00,6193108154-00
specific screw eh part m22 x 150 8.8 thd steel galvz,8779120401-00,9541305032-00,7573797526-00
find screw hex head partly thrd m22x200-8.8 s/s white galv steel,3422773531-00,4429913408-00,2891067891-00
search for hexagonal screw part thd m22x200-8.8 in white zinc steel,3422773531-00,9865133896-00,2891067891-00
need info on screw m22x200-8.8 hexagon head white galvanized with part thread,3422773531-00,7204913316-00,2024351750-00
pls find screw m24 x 100 8.8 hex part thread galvanized a2k white steel,2657608685-00,1033519698-00,3625233948-00
search for hexagon head screw completely parts thread in white steel m24x100-8.8,2657608685-00,9191041307-00,2024351750-00
I want to locate screw thread steel m24 100 a2k hex head 8 dot 8 galvanized,2657608685-00,4224982894-00,4113664615-00
search for eh screw hex head m24x120-8.8 galvanize steell,7630033023-00,5011131774-00,4141074622-00
find hexagon screw partly thread m24 x 120 with 8.8 code,7630033023-00,5357993975-00,8713494800-00
give me info on a2k white galvanized steel screw m24 120 8.8,7630033023-00,1932500150-00,3357157332-00
search screw hexagon head with part thread m24x240-8.8 white galvanized steel,8913245598-00,4074921857-00,5986859531-00
info screw eh part fully threaded sizes m24 x 240 8.8 steel,8913245598-00,1388223722-00,4482660134-00
m24x240-8.8 hex screw galvanized white steel with part thd please give me,8913245598-00,1357234586-00,1130810921-00
search for screw hex head m24 x 70 thd a2k 8.8 galvanized steel,7165977649-00,3083433426-00,2024351750-00
info on m24x70-8/8 screw with hex head and partly threading galvanized steel,7165977649-00,2642273407-00,8574329846-00
give me hexagon screw m24 x 70 with part thread a2k 8 point 8 white steel,7165977649-00,8558678354-00,8807682391-00
find screw hex head partially thrd m24x80 8.8 a2k galvanized steel,7669229686-00,3562703168-00,6571283283-00
info about thd screw eh part m24 80 8.8 galvanized white steel,7669229686-00,1932500150-00,7812106917-00
searching for screw m24x80 hexagon head 8.8 a2k thd partly steel galv,7669229686-00,6279585112-00,6600153617-00
find me hex head screw part m24 x 90 totally 8.8  with galvanized steel stuff,1360735004-00,7817345840-00,8088390816-00
search for screw m24x90-8.8 white galvanized steel hexagon head and partly thread,1360735004-00,3363589240-00,2657608685-00
looking for part thd screw A2K 8.8 size m24 by 90 hexagon head processamento,1360735004-00,2407885247-00,9093412678-00
search for screw hexagon head m27x50-8.8 partly thread white galv steel,9487954222-00,9541305032-00,7302875617-00
info on galvanized steel screw thrd m27x50-8.8 hexagon head,9487954222-00,9259659927-00,9464218475-00
lookup hex screw m27 x 50 8.8 a2k white galvanized part thd,9487954222-00,2982570583-00,1447866253-00
search for screw part eh thd m4x10-8.8 galvanized steel hex head white,5298209446-00,9072517807-00,3029884494-00
give me: hexagon head screw m4x10 8 point 8 partly threaded a2k white galvanize,5298209446-00,9235266034-00,8022444645-00
i want screw type eh m4 x 10 8.8 thd white steel galvanized hexagon head,5298209446-00,2642273407-00,2069007815-00
search for screw hex head partly threaded m4 16 mm 8.8 a2k galvanized white steel,3104080093-00,9865133896-00,1253568846-00
"give me info on m4x16-8.8 threaded screw hexagon steel, 8.8 a2k",3104080093-00,8796805651-00,6940014199-00
"find hex screw a2k m4x16 with white galvanized finish, partly thread 8.8",3104080093-00,8796805651-00,8577088598-00
im looking for a screw hex head m4x20 part thd 8.8 in white galvanized steel if possible,7204913316-00,9901076633-00,7390065635-00
"need info on m4 x 20 hex screw with partly thread A2K 8.8 rating, i think it’s galvanized",7204913316-00,1461569135-00,3739454668-00
search screw Hexagon A2K 20m m4 size with part thread 8.8 shiny steel or something like that,7204913316-00,1440891966-00,7767416194-00
"search screw hex head, a2k, galv steel m4 x25 8 8 partly threaded?",7573797526-00,7604168415-00,6571283283-00
info screw hexagon hd partial thd white galv steeel M4 25mm 8.8 grade,7573797526-00,8845118499-00,1511681744-00
I want: hex head scrw partly thred a2k galavnized white m4 x 25 -8.8,7573797526-00,4823204896-00,2106723884-00
search screew white galvanized hex hd part. thred m4x30/8.8 a2k steeel,4429913408-00,9393372856-00,7302875617-00
I want: eh head screw partlly thd steel white galva M4 x 30 8.8,4429913408-00,7604168415-00,2808138723-00
"info specific hexagon screw, partial threading M4 30mm 8.8, white zinc a2k",4429913408-00,6954739972-00,1917219391-00
search screw hex head part thd white galva steeel M4x35-8.8,1917219391-00,2407885247-00,1732199075-00
"info on a2k m4x35-8.8 screw hexagon partly threaded steel, white galzn",1917219391-00,3300579673-00,5358287054-00
i want: screw hex head partial thread m4 x 35 8.8 whit galvanizd stel,1917219391-00,3320997887-00,3281332982-00
search info for screw hex head part thd a2k m4 x50 white galvanised steel 8.8,4141074622-00,4823204896-00,6087737330-00
I want: hexagon screws partly thread m4*50-8.8 a2k white galv stl,4141074622-00,7680811732-00,1357234586-00
give me: screw eh partial thd M4x50 8.8 steel white zinc galv,4141074622-00,9424776550-00,2808138723-00
search screw hex head a2k M4X55-8.8 white zinc steel partly thred,2841112127-00,6997603480-00,8380686623-00
"i want: thd partial screw, m4 x 55, 8.8 grade, white galvanise, hexagon cap, steel",2841112127-00,8318286175-00,3422773531-00
info screw eh part thd steel m4x55x8.8 galvaniz hex head bolt,2841112127-00,2096233051-00,2633088546-00
search info on screw hex head a2k m4x60 8.8 part thread steel galvanized white,5595912099-00,6940014199-00,9836819829-00
give me: hexagon screew m4x60 partly threaded 8.8 galv. a2k white steel,5595912099-00,8271010713-00,4838358893-00
i want hexagon head screw steel m4 x 60 mm 8.8 white zinc plated part thrd,5595912099-00,8067527976-00,4627757243-00
search hex head screw white galvnzd barely threaded A2k M5 x 10 8.8,1732199075-00,3801883632-00,5658151048-00
info screw eh parth thd m5*10-8.8 steel wite zinc galvanized,1732199075-00,4940282571-00,3281332982-00
I want: hexagon screew partial threaad M5x10x8.8 a2k steeel galvanizd whte,1732199075-00,5767660249-00,5298209446-00
search screw eh partial thred m5 16 8.8 white zinc steeel hex hd,2590488757-00,3801883632-00,6508425047-00
info m5x16-8.8 hex head steel scrw halv thread  white galv eh type,2590488757-00,2297518908-00,1977603061-00
"i want: part thread screw M5 16mm hexgon hd 8.8 steel, zink coated",2590488757-00,2756193419-00,8037006337-00
info on hex head screw partly thread a2k m5x20/8.8 galv steel white,2106723884-00,5710205158-00,8703862792-00
search for screw eh prt thd steel m5x20 8.8 white galavanizd hex top,2106723884-00,6611607843-00,1977603061-00
I want: m5 x 20-8.8 hex screw white zinkd partly threaded head a2k steel,2106723884-00,4940282571-00,9473357490-00
search screw hex head a2k m5x25 8.8 white galvanised steel some thread,5866832251-00,4050287682-00,3055785881-00
"info on hexagon screws partial thred M5x25/8.8 steel galv white, want",5866832251-00,7419951092-00,8277383510-00
give me: screw M5x25 by 8.8 partial thread hex white zink steel,5866832251-00,4220226415-00,5298209446-00
search screw eh head part thrd A2k M5 x 30 8.8 white galv steel,3281332982-00,6478964688-00,9393372856-00
I want: hex head screw partial thd 5mm x30mm 8.8 zincd stell info,3281332982-00,6267553235-00,6944966855-00
"give me screw hexgon hd partly thred steeel white galavanized m5/30 8,8",3281332982-00,4940282571-00,7165977649-00
search screew hex head a2k m5x35 8.8 white galv steel part thd,6617180054-00,4482660134-00,1596340372-00
info screw with hexagone head partl thread steeel m5*35 8.8 white zink coated,6617180054-00,3454525239-00,9864328534-00
i want: hex screw eh prt thd m5x35 mm 8.8 white galv anysteel,6617180054-00,6998943831-00,2024351750-00
search for hex head scrw part thd steel m5 x45 8.8 white galvzd,6508425047-00,8524394518-00,5789803864-00
I want: eh part. thd screw a2k m5x45-8.8 galvanized whit hexgon,6508425047-00,6958437317-00,1357234586-00
info on m5x45-8.8 white galv screw partial thread hexagon hd stel,6508425047-00,6957993039-00,2248126059-00
search for: hex screw a2k 8.8 m5x50 partly threaded white galv steel head,1511681744-00,1796069938-00,8380686623-00
"I want: part thd m5 50mm screw, eh, hex head, 8.8, white zinc steel plz",1511681744-00,2973017365-00,9570592597-00
info screw hexagonal partly thrded a2k M5x50 8 8 steel galvd whit,1511681744-00,1895782379-00,9625341535-00
search hex head screew a2k m5x60 8.8 white steel galv partly threded,9093412678-00,9452727936-00,7692192434-00
info on screw m5 x 60 8.8 hexagon partially thread zinc plate steeel,9093412678-00,2748816495-00,7204913316-00
"i want: galvanis steel partial thd hex screw m5x60 8.8, is there?",9093412678-00,9452727936-00,9035646162-00
"specific screuw hex hd partl thred A2K M6*10 8.8, wite galv steel info",4659010223-00,7974005612-00,6639795882-00
search for screw hex head part thread m6x10 8.8 steel white galvaniz,4659010223-00,2274194725-00,8779120401-00
give me: hexagon screw partly thd m6x10-8.8 steel white galv,4659010223-00,1132975697-00,3150894744-00
"info screw hex hd white galv a2k m6 x100 8,8 partial thrad steel",3624270395-00,2538868426-00,7754132117-00
search for screw with hexagon head partly threaded m6*100 8.8 white galvanizd steel,3624270395-00,2489351829-00,7630033023-00
I want: screw hex head a2k m6 x 100 by 8.8 partial thd white gal zinc stell,3624270395-00,5918243383-00,5657947616-00
search for screw eh part thd a2k m6x16x8.8 white galv stell hex head,6192891321-00,7573797526-00,2808138723-00
"I want: hexgon screww partial threadded white galvanizd m6-16 8.8, steel parts",6192891321-00,1652967927-00,9455269245-00
info on steel screw hex hd part thread a2k m6x16-8.8 zink wite plz,6192891321-00,7836028606-00,7818196723-00
search hex screw partly thred a2k m6x20mm 8.8 galvanize steel white head,2248126059-00,7204913316-00,6312418668-00
I want: screw hex head part. threded m6 20 8.8 white galvaniz steel info,2248126059-00,2538868426-00,2808138723-00
give me screw hexagon white steel part th hread m6 x20 8.8 specification,2248126059-00,5735698913-00,6083606650-00
search screw hex hed a2k part. thd m6 x 25 8.8 galvanized white steel,9035646162-00,4242885761-00,1547798321-00
"I want: hexagon head screw partially threded m6x25 8.8 coated white, steel, eh",9035646162-00,5679205903-00,3422773531-00
info on screw part thrd hex head steel m6 25mm 8.8 white galv.,9035646162-00,2080562227-00,1962744634-00
search hexagone screw white galv steel a2k m6 30 8.8 part thd,3357157332-00,1253568846-00,6018052738-00
info on screw head hex partly thred m6x30 8.8 whit galvanizd stell,3357157332-00,4283635832-00,7540448458-00
i want: hexhead screw partial thread A2K steel M6X30-8.8 galvanised,3357157332-00,2368003050-00,3055785881-00
search info for screw hex head white zinc galv m6x35 8.8 partly threded steell,1432523498-00,5866832251-00,7836777852-00
I want: scerw eh part thd A2K steel M6x35/8.8 wite galv,1432523498-00,2096233051-00,6036804021-00
"give me hexagon screw partial thread, m6 x 35 mm 8.8, white galvanizedd, metal, eh part thd",1432523498-00,4848148118-00,2808138723-00
search white zinced stell hex screw head part thred eh M6x40 8.8 spec,6643383016-00,8713716659-00,6834070862-00
"info for a2k hexagon bolt, steel, galaxized, partially threaded M6 x 40 8.8?",6643383016-00,8730929570-00,3625848499-00
I want: screw m6 40mm 8.8 hex head partly thd galvanized stel eh part thtead,6643383016-00,5858467301-00,6834070862-00
info screw hex hd steel white galvniz a2k m6x45x8.8 part thrd,5259351791-00,9890504923-00,9149032558-00
"search hexagon-head bolt, steel galvd screw m6x45 8.8 partly threaded",5259351791-00,9086058599-00,8045442358-00
I want: screw hex head m6 45mm 8.8 grade part thread whit galvaniz a2k,5259351791-00,2489351829-00,1920921560-00
search m6x50 8.8 hex head screw part thrd a2k steel white zinc,4807814893-00,9257600323-00,8380686623-00
give me: partly threded hex screw 8.8 M6x50 whte galvanizd steel,4807814893-00,1298734605-00,4986042147-00
info screw a2k m6x50-8.8 hexagon hd partily thread white galv,4807814893-00,6098060240-00,5719460806-00
search screw hexagon hd part thred m6x60 8.8 white galvanizd a2k steel,9464218475-00,4482660134-00,2674961440-00
i want: screw eh partly thrd M6 x 60-8.8 steel whte galvanize,9464218475-00,2841112127-00,1398953358-00
info on hd screw partial thread a2k galv m6*60 8.8 hexhead,9464218475-00,5256096413-00,1357234586-00
search white zinc screw eh part. thd steel m6 x 70 8.8 with hexagon head,7540448458-00,3119784394-00,8073584362-00
info about HEX head screww 8.8 white galvanizd PART THREAD size m6x70,7540448458-00,1917219391-00,2589716124-00
give me: a2k m6x70 8.8 half thread hex screw whit galvanised stell,7540448458-00,2939293469-00,8088390816-00
search for that screw hex head parly thred a2k M6x75 8.8 white galv steel,6036804021-00,8080092186-00,9487954222-00
info about hexagonal headed crew partly thred 8.8 a2k steel m6x75 galv,6036804021-00,9117551575-00,2973017365-00
"giv me: white zinc screw M6 x 75 mm partial thread hex head eh part thd steel 8,8",6036804021-00,2633088546-00,5259351791-00
search scrw hex head a2k M6 x 80 8.8 white galvanize stel part thd,4416543723-00,2218027097-00,3624270395-00
info about screw hexagon partly thrd steel M6 80mm 8.8 grade wite galvanzd,4416543723-00,8724841823-00,6404187464-00
I want: steel screw hex head m6x80 8-8 white zinc part. thrd,4416543723-00,4141074622-00,3628521450-00
info screw m8x10 8.8 partly thred hex head whte galvanzed steel,3763476385-00,1913125651-00,6148464742-00
I want: a2k screew hexagon m8x10-8.8 partial thrd zinc white,3763476385-00,4439471575-00,4141074622-00
search for screw hex hd steel white galv. m8 x 10 mm 8.8 thred part,3763476385-00,6185779988-00,9991528053-00
search m8x100 8.8 screw part. thd hex white galv steel info,8037006337-00,8948830066-00,3055785881-00
give me: hex headed screw a2k galvanizd m8 x 100-8.8 partial thread steel,8037006337-00,5918243383-00,5858467301-00
"specific partly thread hex screw m8*100 8.8, whte galvanized stell a2k",8037006337-00,6603193262-00,2236902687-00
I want: m8 x 110 8.8 screw hex head partial thread white galv a2k part steel,2674961440-00,4074921857-00,7035858829-00
search screw hexagon HEAD THD partly 8.8 m8x110 steel white zinc plated,2674961440-00,3422773531-00,2745886712-00
info on SCREW eh a2k m8 110 8.8 part threaded galvanized whte,2674961440-00,7408470863-00,8533726607-00
search screws hex hd white galvinised a2k half thred m8 x130 8.8,4113664615-00,9137602664-00,8498516301-00
info on m8 130mm hexagon screw 8.8 grade white galv steel part threded,4113664615-00,2066945648-00,2537516574-00
i want: eh head screw partly thd steel white zink m8x130-8.8,4113664615-00,7302875617-00,1977603061-00
search screw hex head part thd white zink steel M8 x16 8.8 info,9751416586-00,8028447605-00,8577088598-00
i want: hexagon screw with partial thread m8 16 galvanized steel 8-8,9751416586-00,9503448128-00,7630033023-00
give me: M8x16 8.8 screw partial threading steel white galvanised hex head,9751416586-00,4568894138-00,2106723884-00
search screw hex head A2K galv stl white m8x20 8.8 partly threaded,8094449719-00,9336756957-00,9625341535-00
info about hexagon head screw partial thread m8x20-8.8 A2K galva steel white,8094449719-00,8081905519-00,5357362357-00
I want: screw hexa partly thd m8 x 20 8.8 steel white galvaniz,8094449719-00,6750118579-00,9259659927-00
"search m8x25 8.8 hex head screw A2k, white galvnizd partly threaded steeel",7861699713-00,7390065635-00,7630033023-00
i want: part. thd screw steel white zinced m8x25-8.8 hexagon head info,7861699713-00,3984480791-00,1398953358-00
"give me: partial thread hex scrw 8.8 grade m8x25 white galvanized a2k, not full thread",7861699713-00,4330983094-00,6643383016-00
"search scrw hex head, partial thred A2k M8 x 30 8,8 white galvn steel",5357362357-00,6603193262-00,2024351750-00
"I want: scru hexigon partly threaded steel white galvd, m8x30 8.8",5357362357-00,6896891954-00,6008985204-00
info: bolt hex head part thrd m8 by 30mm 8.8 white galv steel a2k,5357362357-00,6721180302-00,9734771552-00
"search m8 x 30, screw hex head partly threaded white zinc, steel a2k 8.8 grade",8076724964-00,6750118579-00,1547798321-00
info on hexagone screw part threa a2k m8X30 8.8 white galvanize steel,8076724964-00,5357362357-00,2674961440-00
"specific : give me screw m8 30mm hex head partial thread, steel 8.8 white color galv",8076724964-00,6603193262-00,2096233051-00
search for screw hex hed part threded a2k m8x35 8.8 steel white zink,9503946395-00,7858424626-00,2808138723-00
info on M8 x 35 8.8 half thd screws hexagon head white galv steel pls,9503946395-00,3580821337-00,1917219391-00
i want: hex hd partiel thread screew a2k steel m8by35 8.8 white galvaniz,9503946395-00,3422773531-00,2139735163-00
info about screw hex part thread m8x40 8.8 galvy whit steel hexagon head,1357234586-00,6169214528-00,8472685349-00
search screw A2K partial thrd m8 x 40-8.8 steel white zink hex hd,1357234586-00,9137602664-00,1726905199-00
i want: hex screw part. threa a2k m8 40mm 8.8 whit galvanizd steeel,1357234586-00,2066945648-00,6192891321-00
search hex head scrw A2K steel M8x45-8.8 part thred wite galvanized,2633088546-00,3286024653-00,2407054170-00
info on screw partly threaded m8x45x8.8 hexagon head white galv steel,2633088546-00,4429913408-00,8205155184-00
i want: scrw hex hd partial thrd steeel m8 × 45 8.8 white galvd,2633088546-00,2066945648-00,1648801175-00
search screw hexagon hd part thd m8 x 45 8.8 a2k white galz steel,6571283283-00,1463568795-00,9149032558-00
info on partly thred scrw hex head m8x45 8.8 galvanized white steel,6571283283-00,2633088546-00,6279585112-00
specific i want: m8 45 8.8 scrws hexagon head a2k part thred galv,6571283283-00,3634085133-00,3747273143-00
info hex head scrwe m8 x 50 8.8 part thrd steel galvanised white,9864328534-00,9503448128-00,6312418668-00
search for partly treaded screw m8*50 8.8 a2k white galvnising hexegon,9864328534-00,3137142682-00,7165977649-00
i want: m8 50 8.8 hex screw steel white galvaniz partial thred a2k,9864328534-00,6603193262-00,2590488757-00
search for white galv steeel hex hd scerw m8x60/8.8 half thread a2k part,2642273407-00,6945181432-00,5116998464-00
I want: thd hex screw part m8 60mm 8.8 grade white steel zinc coat,2642273407-00,6750118579-00,8703862792-00
info on part. thd hexagon screw steel white galvan a2k m8 x 60 8.8,2642273407-00,8028447605-00,7204913316-00
search for that m8x70-8.8 bolt hex eh part. thd white steel galv,6940014199-00,4869901228-00,2692784607-00
info i want screw hex head partial threaded a2k m8 x 70 grade 8.8 white zinc,6940014199-00,6750118579-00,1715949208-00
give me hexagonal head screw partly threading galvanized steeel m8x70 8.8,6940014199-00,9416261095-00,2633088546-00
search screw hex head partly thr a2k m8x80 size 8.8 white galvanised steel,2982570583-00,7573797526-00,1046650199-00
want screw eh thd partly M8x80 8.8 grade a2k white plated steel hexagon screw,2982570583-00,4482660134-00,2808138723-00
give me hexagon head screw partially threaded m8x80 8.8 white galvanised screw eh type,2982570583-00,6279585112-00,8076724964-00
search screw hex head partly threaded steel white m8x90 8.8 maybe,8088004904-00,5173715598-00,1300531753-00
give me info eh part screw A2K m8x90 8.8 galvanized with thread,8088004904-00,4000811310-00,1040011022-00
I want screw hexagon head part thd steel m8 x 90 size 8.8 galvanized white,8088004904-00,1360735004-00,8407770695-00
search screw hex head partail brass m10x20 cw508l info,8666922925-00,5107098838-00,3348164823-00
give me hexagon screw with part thd m10x20 brass cw508l,8666922925-00,7811220022-00,9235266034-00
i want: hex head screw partly thread m10x20 brass cw508l part,8666922925-00,5011131774-00,1398953358-00
looking for screw hex head part thread brass M10 by 30 cw508l,7811220022-00,9877554164-00,2891067891-00
info screw hexagonal head partly thd brass size m10x30 cw508l,7811220022-00,9877554164-00,3348164823-00
give me hex head screw part thread brass m10 30mm cw508l,7811220022-00,5011131774-00,4848148118-00
i want screw hex head partly thd brass M10x45 cw508l info,3076317177-00,8666922925-00,6643383016-00
search for hexagon screw with part thread m10 45mm brass cw508l,3076317177-00,9877554164-00,6193108154-00
give me hex screw eh pt cw508l m10 x 45 brass material details,3076317177-00,4214798508-00,1917219391-00
screw hex head brass m5x16 part thread cw508l 4 me,3269654436-00,7811220022-00,3920625495-00
I want screw hexagon head with partial threading m5x16 brass cw508l,3269654436-00,3076317177-00,7573797526-00
search screw hex pointy cw508l brass m5x16 part thread,3269654436-00,8317446155-00,9487954222-00
search screw hex head half thread brass CW508L m5x20,9877554164-00,3076317177-00,5930875688-00
give me part eh screw m5x20 brass hexagon head with ptl thread cw508l,9877554164-00,7811220022-00,9734771552-00
info screw hexagon partly threaded m5 x 20 brass material cw508l type,9877554164-00,1558823437-00,6617180054-00
search screw with hex head partly thread brass m6x10 cw508l,8317446155-00,8666922925-00,7115681597-00
I want info on eh screw hexagon head part thr m6x10 brass type cw508l,8317446155-00,5011131774-00,5259351791-00
give me screw hex head half thread eh material brass size m6x10 cw508l code,8317446155-00,5107098838-00,9625341535-00
search screw hex head brass m6x20 cw508l part threaded,1920921560-00,3269654436-00,2139735163-00
give me info ehd cw508l brass screw m6 by 20 partly thread,1920921560-00,3269654436-00,2049324918-00
I want screw hexagonal head partly thread brass M6x20 cw508l item,1920921560-00,5011131774-00,9230008126-00
give me screw hex head brass type cw508l m6x25 thread partly search,5011131774-00,5107098838-00,1463568795-00
i want info on eh screw m6x25 brass hexagon head part thread cw508l,5011131774-00,9035646162-00,8971643306-00
specific screw hexagon head partly threaded m6x25 CW508L brass part,5011131774-00,9877554164-00,6279585112-00
search screw hex head cw508l brass m8x25 thread partial,5107098838-00,1920921560-00,7976283257-00
give me info about eh hexagonal head screw m8 by 25 bracket cw508l brass,5107098838-00,3076317177-00,5767660249-00
I want screw hex head partly threaded brass M8x25 part cw508l details,5107098838-00,5011131774-00,8472685349-00
"search for screw cfh concrete self threading e2j size 3,5 by 9,5",9064006634-00,9430522140-00,9393372856-00
info on selfthred cfh screw for concrete e2j 3.5x9.5,9064006634-00,4026925895-00,2114186304-00
"i want: concrete self treading e2j cfh screw 3,5x9,5 details",9064006634-00,9239540417-00,2024351750-00
search screw a2k concrete self tapping 6x60 white galvanized steel,2212658191-00,1564767009-00,5298209446-00
info about cfh concrete screw self thread 6x60 mm steel white galv,2212658191-00,4026925895-00,1033519698-00
I want screw concrete cfh self thd 6 by 60 a2k coated white steel,2212658191-00,7155263857-00,8913245598-00
"give me info on yellow galvanized steel self thd screw flat head countersink 4,5x50 for wood",8761824113-00,8831445184-00,6400451842-00
search screw ygs 4.5x50 self threading wood flat countersunk head made from yellow galv steel,8761824113-00,2443553697-00,5308978324-00
"I want screw for wood self thd ygs yellow galv steel countersunk flat head 4,5 by 50 mm please",8761824113-00,2443553697-00,1815563881-00
search screw yellow galv steel 4x40 self thd cfh wood flathead give me,7155263857-00,4734377813-00,6750692513-00
info self-threaded screw 4x40 yellow galvanized steel for wood countersunk flat head pls,7155263857-00,6750118579-00,1681278189-00
want screw cfh-wood self threading yellow galv steel 4 by 40 flat head thx,7155263857-00,9430522140-00,1290053134-00
give me info screw flat head for wood self tapping 4x70 yellow galvanised steel cfh,5190129351-00,9064006634-00,3202526870-00
search wood screw self thd ygs cfh 4x70 in yellow galvanize finish,5190129351-00,3748866368-00,3940763029-00
I want screw 4x70 self threading cfh flat head yellow galvanized steel for woods,5190129351-00,9430522140-00,1862899777-00
give me info screw self thd countersunk flat hd yellow galv steel 5x80 for wood,2443553697-00,2212658191-00,9325677048-00
search cfh-wood screw 5x80 self threading yellow galvanized steel flat head,2443553697-00,2212658191-00,5074445582-00
I want screw wood countersk flat hd self thread YGS 5x80 metal steel yellow galv,2443553697-00,1564767009-00,5352356648-00
search screw yellow galv steel flat hd self threading wood 6x100 cfh,4633625354-00,7155263857-00,2303429008-00
I want: cfh wood screw self thread 6x100 yellow galvanized flat head pls,4633625354-00,7155263857-00,9224795099-00
info about self thd screw countersunk flat head for wood galv steel ygs 6x100,4633625354-00,2443553697-00,5789814708-00
i want screw flat head wood self threading ygs 6x60 yellow steel search,1564767009-00,4633625354-00,1815563881-00
give me countersunk self thd screw for wood 6x60 in yellow galvanize steel info,1564767009-00,2049616791-00,1835191561-00
specific countersunk flat hd self thread screw yellow galvanized steel 6x60 for wood,1564767009-00,5766840546-00,3963962452-00
search screw cfhhs stainless steel hex hole m10x40 to 70 part,9224795099-00,3901147993-00,4050287682-00
give me countersunk flat hd hexagon socket partially thread screw stl m10 40-70,9224795099-00,3722553199-00,9262765158-00
I want m10x40-70 a2 ss screw part flat head hexagon socket partly threaded,9224795099-00,8919094757-00,3216451039-00
need screw cfhhs hex socket head flat countersunk thd a2 m4x10-70 stainless steel part,1952396536-00,3722553199-00,4734411209-00
search for part screw flat hs head countersunk hexagon socket partly threaded a2 m4x10-70 ss,1952396536-00,3135963696-00,5878864569-00
give me screw countersunk flat head with hexagon socket and partly thread m4x10-70 a2 stainless steel,1952396536-00,9224795099-00,3920625495-00
need screw flat head hex soc stainless steel m4x12-70 cfhhs part thread,5322750371-00,9114099404-00,5658151048-00
looking for cfhhs type screw countersunk hexagon socket some thread steel m4x12-70 info,5322750371-00,3132891770-00,5777325392-00
give me screw partially threaded hex soc flat head stainless m4 12x70 cfhhs part number,5322750371-00,3901147993-00,4283635832-00
info screw flathead hex socket partly threaded inox m4x20-70 giv me,3901147993-00,9901076633-00,5527530826-00
search hexagon socket flat countersunk screw stainless steel m4x20 to 70 partially threaded,3901147993-00,9224795099-00,2598714111-00
i want part thd screw hex socket steel m4x20 to 70 flat head countersunk,3901147993-00,4733875998-00,5704325743-00
give me screw flat head cfhhs a2 M5x12-70 with hex socket and part thd stainless steel,3132891770-00,9313557687-00,7419951092-00
search for part thread screw hex socket cfhhs countersunk flat head SS a2 M5 x 12-70,3132891770-00,3901147993-00,9695811272-00
I want: screws stainless steel hexagon socket flathead M5x12-70 partially threaded cfhhs a2,3132891770-00,4733875998-00,3804855403-00
need screw cfhhs thd m5x16-70 stainless steel flat head hex socket part thread,9313557687-00,1542882622-00,6185779988-00
give me specific screw countersunk flat hex socket stainless steel m5 16 to 70 partially threaded,9313557687-00,5629772323-00,6758858432-00
search for cfhhs screw a2 m5x16-70 hexagon socket stainless steel partly thread flathead please,9313557687-00,3906125529-00,7510513190-00
info screw flat head hex socket stainless steel part cfhhs m5x20-70,9114099404-00,3906125529-00,5560341153-00
search countersunk hexagon shank screw stainless steel m5 thread 20-70 mm cfhhs,9114099404-00,9224795099-00,4311539891-00
give me screw thd a2 m5 x 20-70 countersink flat head hex socket stainless steel part,9114099404-00,4733875998-00,9305174342-00
info screw flat head countersunk hex socket partly thread stainless steel M6x10-70 thd CFHHS,3722553199-00,4733875998-00,6404187464-00
search cfhhs screw hexagon socket flathead partly thread M6x10-70 stainless steel part thd,3722553199-00,9788873693-00,1388524047-00
give me stainless stee part screw hex flat head countersunk partly threaded M6x10 70 thd cfhhs,3722553199-00,1952396536-00,7064132121-00
searching screw countersunk flat hd hex socket stl a2 part thd m6x16-70,8807682391-00,6082143397-00,1410187978-00
info on screw cfhhs hexagon socket partly thread stainless steel M6x16 70 A2,8807682391-00,4215182994-00,3691912117-00
give me screw flathead countersunk hex socket partially thd m6x16-70 A2 stainless steel,8807682391-00,2467314709-00,6169214528-00
looking for screw cfhs part a2 m6x20-70 flat head hex socket partly thd stainless,3906125529-00,2033483249-00,2248126059-00
i want countersunk flat head hex screw stainless steel m6x20-70 with partial thread cfhhs,3906125529-00,9313557687-00,8186909629-00
info screw cfhhs threaded partly m6x20-70 a2 stl hexagon socket flathead,3906125529-00,1952396536-00,3332127492-00
looking for screw CFHHS type a2 m6 with 30 to 70mm length part thread stainless steel,1766918733-00,3906125529-00,1022841450-00
info needed screw hex socket countersunk flathead stainless steel m6x30-70 partly thread a2 kind,1766918733-00,3901147993-00,1132785186-00
give me parts screw m6 size 30-70mm partly threaded hexagon flat head countersunk stainless a2,1766918733-00,1876945966-00,5065362985-00
give me info screw countersunk flat hex socket part thd a2 stainless m8 x 16 70,1542882622-00,9224795099-00,9228106533-00
search screw cfhhs hex socket head partial threaded stainless steel M8 16-70 please,1542882622-00,3132891770-00,9072517807-00
I want screw flat head hexagon socket partly thread SS m8x16 70 countersunk type,1542882622-00,5629772323-00,5942763771-00
search screw cfhhs hex socket partly thread stainless m8x20 70mm,7303137141-00,3950194926-00,7440613697-00
i want: countersunk flathead screw thd a2 m8 x 20-70 stainless steel hexagon,7303137141-00,4733875998-00,6345452813-00
give me screw flat head hexagon socket partly threaded A2 stainless M8 20-70 info,7303137141-00,3132891770-00,9595065052-00
info screw cfhhs stainless steel hex socket part thd M8 25-70,4733875998-00,3132891770-00,8081905519-00
search m8-70 flat head countersunk screw a2 hexagon socket part threaded,4733875998-00,8807682391-00,9257600323-00
I want: screw partly threaded hex countersunk flat head a2 stainless m8 x25 to 70,4733875998-00,8807682391-00,3793164435-00
I want screw a2 stainlees steel hex socket countersunk flat m8 x 30-70 partly thread cfhhs thd,5629772323-00,3901147993-00,2700123943-00
give me info part a2 m8x30-70 stainlesss steel hex head flat screw countersunk partly thread cfhhs,5629772323-00,4733875998-00,5828119227-00
search screw m8 x 30-70 flat head hex socket stainless steel partly threaded cfhhs thd a2,5629772323-00,3906125529-00,5846963981-00
search screw flat head hex socket partly threaded white galv steel m10x16 10.9 pls,9876699383-00,3135963696-00,4365909519-00
give me screw cfhhs part thd hexagon socket partly thread white galvanized steel m10x16-10.9 info,9876699383-00,1132975697-00,1130810921-00
want screw countersunk hex socket partially threaded white galv steel m10x16 grade 10.9,9876699383-00,6673803951-00,9313557687-00
search screw cfhhs hex soc flat head m10x20 part thd a2k white galvanized steel,6639795882-00,5939413013-00,7242319851-00
want info flat hd screw countersukept m10x20 partly threade hexagon socket steel a2k 10.9,6639795882-00,1409980522-00,5102587125-00
give me screw hexagon socket flat head part threaded a2k thd m10x20 white galv steel 10.9,6639795882-00,6874152815-00,5206757906-00
"search screw flat head hex socket partly threaded A2K m10x25, steel whit galvanized 10.9",7042454996-00,7463424763-00,9007191352-00
"info screw cfhhs with half thread and hex key white galvanized steel size m10x25, grade 10.9 pls",7042454996-00,9232719975-00,2156921915-00
give me flathead hexagon socket half threaded screw M10x25 steel galvanized white 10.9 part thd a2k,7042454996-00,3939252475-00,4647839108-00
search screw cfhhs with hexagon socket partly thread white steel m10x30-10.9,1290053134-00,1410187978-00,2407054170-00
give me screw flat head countersunk hex socket a2k thd M10x30 10.9 galvanized,1290053134-00,8308947793-00,5721473726-00
info screw cfhh part thd m10x30 white galvanized hex flathead steel 10.9,1290053134-00,9521712444-00,4659010223-00
need screw cfhhs m10x35 10.9 part thd hex socket flat hd white galv steel please,4311539891-00,9857994711-00,1378514553-00
search for flat head hexagon socket screw partly threaded m10x35 10.9 galvanized steel cfhhs type,4311539891-00,7042454996-00,6874152815-00
info on threaded screw m10x35 10.9 countersunk head hex socket partly white galvanize steel cfhhs,4311539891-00,7419951092-00,2308371976-00
search screw flat head countersunk m10x40 10.9 a2k steel white zink,3485500899-00,9543433719-00,8140663775-00
give me screw hex socket partly threaded m10x40 10.9 stainless galvanized,3485500899-00,8919094757-00,6484615821-00
info screw countersunk hexagon soket m10x40 steel white galvanized 10.9,3485500899-00,9224795099-00,5501174308-00
info screw cfhhs part thd A2K M10 x 50 10.9 white gavanized steel hex socket partly tthread,9540700976-00,9232719975-00,6018052738-00
search screw counter sunk flathead hex soscket M10x50 10.9 a2k partly threaded white galvanizd,9540700976-00,1726905199-00,9464218475-00
give me screw hexagon sockey partly thd m10 50mm 10.9 grade galvanized steel countersunk flat head,9540700976-00,3135963696-00,7649956661-00
give me screw part thd a2k m12x20 10.9 flat head countersunck with hex socket shld be white galvanized steel,6148036737-00,9985673215-00,2843799327-00
info screw countersunk flat hex socket partially thraded cfhh part thd a2k m12x20 grade 10.9 we need it,6148036737-00,5309071573-00,1913125651-00
I want screw cfhhs thread partly hexagon socked flathead white galvanised steel m12 x 20 -10.9 please search,6148036737-00,1132785186-00,6261514671-00
give me info on cfhs screw part thd a2k M12x25 10.9 hex socket white zinc coated steel,5905948272-00,6839459558-00,4554747324-00
search for screw countersk flat head hex socket with partial threading m12x25 10.9 in white galvanized steel,5905948272-00,6518638498-00,8641791085-00
I want screw cfhs partly threaded hexagon socket flat head galvanized white steel M12 x 25 grade 10.9,5905948272-00,3350014268-00,1225952671-00
give me screw cfhhs white galv steel m12x30 10.9 hex socket part thread,1895841627-00,1142825332-00,9691312135-00
search screw countersunk flat head hex socket partly thread A2K M12x30 steel 10.9,1895841627-00,1108656646-00,9587897673-00
I want screw thd a2k m12x30-10.9 cfhhs hexagon socket white galvanized steel,1895841627-00,2869859722-00,6752727328-00
give me screw countersunk flathead hex socket partially threaded white galvanized steel m12x35 10.9 info,1022841450-00,6640393611-00,8368256870-00
search cfhhs screw hexagon socket thread part thd a2k m12x35-10.9 fastener,1022841450-00,2462869810-00,7649956661-00
looking for m12x35 10.9 screw cfhhs hex socket partly thd white galvanized steel part,1022841450-00,2462869810-00,7821257699-00
give me info screw flat head countersunk hex socket partly threaded white steel m12x40 10.9,8418420037-00,6639795882-00,4633625354-00
search for cfhhs screw hexagon socket flathead partly thd steel white zinc m12x40 10.9,8418420037-00,3135963696-00,5959674287-00
I want screw m12x40 10.9 partly thread countersunk flathead hex socket galvanized steel,8418420037-00,6185779988-00,7197948058-00
give me screw countersunk flathead hex socket partly thread m12x50 a2k 10.9 white galvanized steel,9543433719-00,7563728627-00,7649956661-00
search screw cfhhs with hex partly thread m12x50 10.9 a2k steel white galvanized,9543433719-00,6839459558-00,5298209446-00
info screw flat head hexagon socket cfhhs thread partly m12x50 10.9 galvanized white steel,9543433719-00,3350014268-00,9207759437-00
looking for screw cfhhs thd part m12x60 10.9 steel white galvanized hex socket flat head,3983001081-00,3135963696-00,1570275778-00
screw countersunk flathead hex socket partly thread galvanized steel m12x60 10.9 a2k thd part,3983001081-00,3350014268-00,1570275778-00
need info on part cfhhs screw m12x60 10.9 white galvanized flat head hexagon socket threaded screw,3983001081-00,3350014268-00,5102587125-00
give me screw cfhhs thd a2k M12x70-10.9 white galvanized steel,9489754341-00,3590365415-00,1255737259-00
search hex socket flat head screw partly thread M12 x70 10.9 steel galvanized,9489754341-00,3910293894-00,6472361413-00
I want part screw countersunk fh hexagon socket M12x70 thread 10.9 galvanized steel,9489754341-00,1132975697-00,6472361413-00
search screw flat head hex socket partly thread a2k m14x40 10.9 white galvanised steel,5309071573-00,4641212468-00,7692192434-00
info screw hex flat countersunk thd 10.9 m14x40 cfhhs part a2k steel white coated,5309071573-00,4675217838-00,1564767009-00
I want: screw partly threaded hex socket head flat countersunk m14x40 10.9 a2k steel white galvanize,5309071573-00,4641212468-00,1013994276-00
search screw flat head hex socket partly thread m16x30 A2K galvanized steel 10.9 info,3590365415-00,5195367950-00,4595097987-00
want screw countersunk hexagon socket flathead white galvanized steel thd M16x30-10.9 part CFHHS,3590365415-00,6611607843-00,1554805926-00
give me: screw m16x30 partly threaded hex socket flat head galvanized steel 10.9 CFHHS thd a2k,3590365415-00,6963127063-00,8705789131-00
search for screw cfhhs white galvanized steel m16x35 10.9 partially threaded hex socket,7877351864-00,8418420037-00,6673803951-00
info about countersunk flat head screw thd a2k m16x35 10.9 hexagon socket part thread,7877351864-00,1132785186-00,7934338423-00
give me screw hex socket partly thread flat head countersunk white zinced steel M16 x 35 10.9,7877351864-00,4185081666-00,2236902687-00
search screw flathead hexagon socket partly threaded M16x40 10.9 white zinc steel,1108656646-00,7864138034-00,1547798321-00
give me cfhhs screw thd m16x40 10.9 partially threaded hex socket galvanized steel info,1108656646-00,1132975697-00,3358964777-00
I want screw countersink flat head hex socket partly thread m16 x 40 10.9 white galvanized,1108656646-00,5560341153-00,4816820374-00
search screw flat head hex socket partly thread m16x45 a2k white galvanize steel 10.9,1408518013-00,6082143397-00,3984480791-00
info screw cFHHS counter sink head hexagonal socket partly threaded metric 16x45 a2k galvanized 10.9,1408518013-00,9540700976-00,1902888810-00
give me screw flat countersunk hexagon socket thread part m16x45 10.9 white galvanised steel a2k,1408518013-00,4595789175-00,3384169379-00
search screw flat hd hex socket part thr white galv ste m16x55 10.9,9729631604-00,3135963696-00,9207759437-00
give me countersunk fhead hexagon socket screw cf hhs m16x55 10.9 steel white galvanized,9729631604-00,3793164435-00,6963127063-00
info screw cfhhs part thd hex socket flathead galvanized steel 16x55 10.9,9729631604-00,5939413013-00,7934338423-00
search screw cfhhs a2k size m16x70 white steel galvanized 10.9 partly thread flat head hex socket,8308947793-00,2156921915-00,9801266729-00
info m16x70 10.9 thread part flat countersunk hexagon socket head screw zinc coated steel a2k,8308947793-00,1862899777-00,3384169379-00
give me screw thread partial hex socket cfhhs flat head metal m16x70 galvanized white grade 10.9,8308947793-00,3135963696-00,1766918733-00
looking for screw cfhhs hex socket m20x60 10.9 whte galvanized steel partly threaded,7711131637-00,9876699383-00,8848957018-00
need info screw countersunk flat head hexagon socket part thread size m20x60 grade 10.9,7711131637-00,3983001081-00,7649956661-00
give me hex socket flat head screw partly threaded a2k m20x60 10.9 steel galvanized white,7711131637-00,6185779988-00,8030314056-00
search screw cfhhs hex socket partly threaded m20x70 10.9 white steel galvanized,7864138034-00,6719591180-00,4554747324-00
info countersunk flat head hex socket screw m20x70 part thd a2k 10.9 galvanized steel,7864138034-00,4185081666-00,7210136390-00
give me screw cfhhs thd partly hexagon socket white galvanized steel size m20x70 10.9,7864138034-00,5905948272-00,9271244353-00
search screw flat head hex socket partly thread M20x80 a2k 10.9 white steel galvanized info,8029233870-00,6148036737-00,4380679545-00
I want: cfhhs screw m20x80 10.9 white galvanized steel hexagon head part thread flat,8029233870-00,1132975697-00,2737752458-00
specific screw countersunk head hex socket m20x80 10.9 partly thread steel galvanizd A2K,8029233870-00,6062338830-00,7210136390-00
looking for screw cfhh part thd m3x10 10.9 zinc coated steel hex hole flat head,9857994711-00,6082143397-00,4074921857-00
specific screw hex socket cfhhs partly thread 10mm x3 white galvanis steel 10.9 grade,9857994711-00,6349191418-00,9691312135-00
need countersunk flat screw a2k m3 x10 with hexagon screw part thd galvanized steel 10.9,9857994711-00,5309071573-00,4212432744-00
need screw flat head hex socket partly thread white zinc steel M3x12 10.9 info,6104764951-00,1388524047-00,9641115149-00
search for cfhhs screw hexagon socket partially threaded steel m3 x12 size a2k white galvanized,6104764951-00,7511541800-00,4595097987-00
give me countersink flathead hexagon socket screw m3x12 10.9 partially threaded white zinc coated steel,6104764951-00,1084274257-00,8687110294-00
need info screw countersunk flat head hex socket a2k m3x15 10.9 steel white gvrtd,9232719975-00,3793164435-00,7210136390-00
search for m3x15 screw flat head hexagon socket partly thread a2k 10.9 steel whte,9232719975-00,6611607843-00,9587897673-00
give me part thd hex socket screw cfhhs m3x15 a2k 10.9 white galv steel,9232719975-00,3793164435-00,5322750371-00
need screw cfhhs a2k m3x6-10.9 hex socket partly threaded steel white galv,3910293894-00,1142825332-00,8848643796-00
give me info about screw countersunk flat head hex hd thread a2k m3x6 10.9 galv steel,3910293894-00,7463424763-00,2308371976-00
screw thread partly thd cfhhs hexagon socket flathead steel white galvanized M3x6 10.9 search,3910293894-00,6104764951-00,8796805651-00
info for screw cfhhs a2k size m3x8-10.9 white galvanized part hex socket,5939413013-00,3793164435-00,4661397238-00
give me details about countersunk flat head hex socket screw partly threaded m3x8 10.9 steel,5939413013-00,6185779988-00,4873387863-00
search m3x8 10.9 steel screw hexagon socket partly thread countersunk flat head cfhhs white galvanized,5939413013-00,5309071573-00,4586595445-00
looking for screw cfhhs m4x10 hex socket partly thrad white zinc steel 10.9 grade,3135963696-00,1952396536-00,5690510024-00
give me info on countersunk-flathead screw hex socket part threaded m4x10 A2K steel white galvanized,3135963696-00,3358964777-00,8687110294-00
search screw thd a2k m4x10 hexagon socket flat head partly thread white galv steel grade 10.9,3135963696-00,3358964777-00,5396528414-00
search screw flat countersink hex socket partly thread m4x12 A2K 10.9 white galvanizd steel thd cfhhs part,1410187978-00,9232719975-00,2376697760-00
info give me countersink hexagon screw A2K m4x12 10.9  partly threaded white galvanised flat head,1410187978-00,7042454996-00,3281332982-00
I want screw cfhhs partly threaded white galvanized steel hex socket flat head m4x12 10.9 thd A2K,1410187978-00,1132785186-00,8140663775-00
looking for screw counter sunk head with hex hole partly thread in white galvanized steel a2k m4x16 10.9,1132785186-00,6097009167-00,5102587125-00
screw hex socket flat head csfhh partly threaded M4X16 10.9 steel zinc coated pls info,1132785186-00,4595789175-00,3929231998-00
I want screw cfhhs thread partial white galvanized steel m4x16 grade 10.9 hexagon socket head,1132785186-00,4595789175-00,2983651819-00
give me the info screw countersunk hex flats head partly threaded m4x20 10.9 white galv steel,3350014268-00,3901147993-00,9801266729-00
search for cfhhs screw hex socket half thread M4X20 10.9 galvanized steel flat head,3350014268-00,6082143397-00,3917547196-00
I want screw with flat countersunk hexagon socket partly thread m4 x 20 white galv steel grade 10.9,3350014268-00,6082143397-00,1554805926-00
give me info screw flat head hex socket partly thread m4x25 10.9 galvanized white steel,1142825332-00,6148036737-00,5396528414-00
search for countersunk screw cfhhs m4x25 10.9 partially threaded white galvanized hex hole,1142825332-00,9489754341-00,4873387863-00
I want screw hexagon socket countersunk flat head part thd m4x25 grade 10.9 white galv steel,1142825332-00,5939413013-00,2376697760-00
info screw cfhhs hex socket partly thread steel a2k m4x30-10.9 white galv,6708180027-00,7864138034-00,4598714933-00
i want screw flat head countersunk hex m4x30 10.9 thd a2k steel galvanized whte,6708180027-00,9471472650-00,2877514590-00
search countersunk flathead hexagon socket screw part thread m4x30 a2k 10.9 steel,6708180027-00,3785046823-00,1298734605-00
looking for screw countersunck flate head hex like socket partly thread d steel m4x8 10.9 part thd a2k,1388524047-00,9471472650-00,9985673215-00
info about screw CFHHS m4 x 8 with hexagon socket head partly threaded white galvanized steel 10.9 type,1388524047-00,8418420037-00,2892389414-00
give me specific screw flat head cfhhs hex socket partly thr'd model thd a2k m4x8 10.9 galvanised steel,1388524047-00,5939413013-00,9344370987-00
i want screw cfhhs a2k m5x10 10.9 white galvanized steel hex socket partly thread,2953169297-00,6082143397-00,9953982052-00
search screw countersunk flathead m5x10 10.9 hexagon socket partly threaded a2k steel,2953169297-00,1644223822-00,6484615821-00
give me screw cfhhs m5x10 10.9 hex socket partly thread white galvanized steel part number a2k,2953169297-00,1142825332-00,2236902687-00
looking for screw cfhhs thd a2k 10.9 m5x12 hex socket white galvanized,7463424763-00,5959674287-00,6018052738-00
give me countersunk flathead screw with part thd a2k m5x12 10.9 stainless steel hex,7463424763-00,2179250203-00,5777325392-00
search screw flat head hexagon socket partly threaded a2k m5x12 10.9 white galvanizd steel,7463424763-00,4367095841-00,7204923374-00
search screw cfhhs m5x16-10.9 white galvanized steel flat head hex socket partly thread,5878864569-00,3785046823-00,8447322876-00
give me flathead screw countersunk hex socket partly threaded m5x16 steel 10.9 a2k,5878864569-00,9232719975-00,6261514671-00
info screw cfhhs thd partly M5x16 with hex hexagon socket white zinc steel grade 10.9,5878864569-00,2590488757-00,7068060064-00
give me info about screw flat head hex socket partly thd m5x20 10.9 steel white galv cfhh,6611607843-00,9114099404-00,3797912024-00
"search for cfhhs screw m5 x 20, countersunk flathead, hexagon part threaded 10.9 steel white galv",6611607843-00,5939413013-00,5959674287-00
I want M5x20 10.9 counter sink screw hex socket partly threaded white galvanized steel cfhhs type,6611607843-00,1132975697-00,4873387863-00
search screw flat head hex socket partly threaded A2K white galvanized steel M5x25 10.9 metric,7419951092-00,9543433719-00,5789814708-00
give me screw countersunk flathead hexagon socket partly thread m5x25 10.9 Cfhhs part steel white metal galvanized,7419951092-00,7463424763-00,7531996245-00
info screw hex socket partly thread screw a2k thd m5x25 10.9 flat countersunk head steel white galvanized,7419951092-00,6708180027-00,5195367950-00
info screw flat head hex socket partly thread m5x30 10.9 whte steel galvanized cfhhs,3691912117-00,3785046823-00,5826927866-00
I want: countersunk screw hexagon socket partly threaded steel white galvanised M5x30 grade 10.9 cfhhs part thd,3691912117-00,6148036737-00,2236902687-00
search screw cfhhs thd flat head hex socked partly threaded steel M5x30 10.9 white galv,3691912117-00,5905948272-00,4362770512-00
I want screw flat head hex socket cfhhs part thd a2k m5x35 10.9 white galvanized steel,9471472650-00,2953169297-00,6087737330-00
search for countersunk screw hexagon socket partly thread m5x35 a2k cfhhs part 10.9 steel white galvanized,9471472650-00,3485500899-00,6603980774-00
give me screw cfhhs flat head hex socket galvanized steel m5x35 10.9 partly thread a2k class 10.9,9471472650-00,7463424763-00,3797912024-00
I want info on cfhh screw M5x40 white galvanized steel hex socket flat head thd 10.9 part,6349191418-00,7419951092-00,7035858829-00
search screw countersunk flat hd hexagon socket partly thd steel M5x40-10.9 cfhhs please,6349191418-00,1132975697-00,6478345925-00
give me details bolt cfhhs type hex socket screw M5x40 10.9 white galvanized steel thd part,6349191418-00,6639795882-00,7303137141-00
search screw cfhhs m5x50 part thd steel white galvanizd hex socket 10.9,3785046823-00,5939413013-00,2737752458-00
info give me screw flat head hex skt partly thread m5x50 10.9 white steel countersunk,3785046823-00,1862899777-00,6934886974-00
i want: countersunk flathead hxskt screw m5x50 10.9 galvanized white steel partially threaded,3785046823-00,1895782379-00,8043948667-00
give me info screw cfhhs hex socket partthd m5x55 white steel galvanized 10.9,6185779988-00,8649274296-00,8323037091-00
search for countersunk flat head screw with hexagon part threaded M5x55 10.9 white galvanized steel,6185779988-00,9232719975-00,9207759437-00
I want: screw flat head hexagon socket partly threadded M5 55 10.9 galvanized white steel,6185779988-00,1388524047-00,2965761849-00
search screw cfhh part thd a2k m5x60 10.9 white galvanised steel hex head flat countersunk,1862899777-00,5878864569-00,5008345398-00
give me screw flat head countersunk with hex socket partly threaded m5x60 10.9 steel white galvanized,1862899777-00,5560341153-00,8134591754-00
info screws thd a2k m5x60-10.9 cfhhs countersunk flathead hexagon socket part thread white galvanized steel,1862899777-00,4185081666-00,6173154583-00
search screw flat head hex hole partly thread white galv steel m5x8 10.9 cfhhs part thd,4185081666-00,6639795882-00,6036804021-00
I want screw countersunk flathead with hex socket part thd m5x8 10.9 a2k white galv steel info,4185081666-00,1800442133-00,7807065847-00
give me screw hexagon socket flathead partly thread m5x8 10.9 10.9 galv white steel cfhhs code,4185081666-00,6611607843-00,4724490701-00
want info screw countersink flat head hex socket partly thd white galvanised steel M6x10 10.9,1132975697-00,2771452835-00,1747945048-00
search for cfhhs screw hexagon socket part thd M6x10 white galvanized steel class 10.9,1132975697-00,5939413013-00,6478345925-00
give me partially threaded hex socket countersunk screw m6 x10 10.9 A2K steel white galvanized,1132975697-00,3350014268-00,9953982052-00
looking for screw cfhhs a2k m6x12 10.9 white galvanized partly thread hex socket,6839459558-00,3793164435-00,2501819648-00
give me info hexagon socket capped flathead screw m6x12 10.9 steel white galvanized part thd a2k,6839459558-00,9836819829-00,2340376361-00
search screw countersunk flat head hex socket m6x12 10.9 partly thread galvanized white steel a2k,6839459558-00,6640393611-00,1447866253-00
i want search screw countersunk flathead hex socket part thread white zinc steel m6x16 10.9,6082143397-00,5534285274-00,8539881347-00
give me info cfhhs screw hex socket flat head partly threaded m6x16 10.9 white galvanized steel,6082143397-00,1388524047-00,7873219226-00
specific screw m6x16 10.9 partly thread hexagon socket countersunk flat head zinc coated steel,6082143397-00,1408518013-00,5008345398-00
search screw flat head hexagon socket partly threaded white galvanized steel m6x20 10.9 cfhhs thd a2k,3793164435-00,3135963696-00,3797912024-00
I want: countersunk head hex socket screw m6x20 10.9 partly thread white galvanised steel cfhhs thd a2k,3793164435-00,3906125529-00,6962179027-00
give me screw cfhhs countersunk flathead  hex socket partly thr m6x20 10.9 whte galvanised steel,3793164435-00,1408518013-00,8134591754-00
search screw m6x25 10.9 thd partly hex socket flat head steel white galvanized cfhhs type,6640393611-00,6708180027-00,6261514671-00
give me hexagon socket screw countersunk partia thread a2k m6x25 10.9 white galvanized steel,6640393611-00,6082143397-00,4410646567-00
info screw cfhhs a2k m6 x 25 thread 10.9 flat head hex socket white steel galvanized,6640393611-00,3135963696-00,7590432131-00
info part screw cfhhs with hexagon socket flat head m6x30 galvanized white steel 10.9 grade,5560341153-00,6839459558-00,6600100268-00
give me screw countersunk flathead hex socket partly threaded m6x30 steel white galvanised 10.9,5560341153-00,3793164435-00,3797912024-00
search for screw cfhhs m6x30 10.9 white galvanized steel hex socket flat head partly thread,5560341153-00,3910293894-00,1447866253-00
give me screw countersuk flathead hex socket partly thread m6x35 10.9 white galvanized steel,4595789175-00,1432523498-00,9691312135-00
search cfhhs screw thd a2k M6x35 10.9 hexagon socket flathead white galvanised steel,4595789175-00,1432523498-00,7934338423-00
info screw hex socket flat countersunk partial thread m6x35 screw 10.9 steel galvanized,4595789175-00,1142825332-00,8761824113-00
give me info screw flat head hexagon socket partly threaded m6x40 10.9 galvanized steel cfhhs i want,4675217838-00,1142825332-00,8698794570-00
search for screw countersunk flathead hex socket partly thread white galvanized steel M6x40-10.9 cfhhs part thd,4675217838-00,6708180027-00,6719591180-00
screw cfhhs countersunk hex drive partly thread M6 40mm 10.9 steel galvanized flat head please find,4675217838-00,3691912117-00,9608119877-00
give me info screw flat head hex socket partly thread m6x45 a2k 10.9 steel,1815563881-00,9086058599-00,7303137141-00
search countersunk head screw with hexagon socket partly threaded m6x45 10.9 galvanized,1815563881-00,1410187978-00,2843799327-00
I want screw cfhs M6x45 10.9 partly thread white galvanized steel thd a2k,1815563881-00,9086058599-00,4659010223-00
I want info on m6x50 screw cfhhs thd a2k 10.9 white galvanised steel hex socket,9715830174-00,1298734605-00,5959674287-00
search hexagon socket flat head screw part cfhhs thd size m6x50 grade 10.9 partly thread steel white galv,9715830174-00,5878864569-00,5259714115-00
specific screw countersunk hex socket m6 x 50 10.9 white galvanised steel partly threaded cfhhs thd a2k,9715830174-00,3910293894-00,6600100268-00
search screw flat head hex socket partly threaded white zinc m8x12 grade 10.9,5074445582-00,1132975697-00,9691312135-00
info countersink head screw with hex hole partly thread A2K steel M8x12 10.9,5074445582-00,3910293894-00,9207759437-00
give me screw cfhhs hexagonsocket partlythread zincplated steel M8x12 10.9 specification,5074445582-00,2650154326-00,9639799876-00
search screw cfhhs part thd a2k m8x16 10.9 white zinc coated steel hex socket,4568894138-00,9751416586-00,7301625995-00
I want: countersunk flat head screw hex socket part thd A2K M8x16 10.9 galvanized steel,4568894138-00,9489754341-00,5206757906-00
give me screw flat head cfhhs m8x16 10.9 partly thread white galvanized steel hexagon socket,4568894138-00,9232719975-00,4554747324-00
looking for screw cfhhs hex socket partly threaded m8x20 from steel white galvanizd 10.9,2598714111-00,6640393611-00,1371850964-00
need counter sink flat head hexagon socket screw m8x20 steel whtie galvanized part number a2k 10.9,2598714111-00,1132975697-00,7151661320-00
give me info for hex socket screw flat head countersunk partly thread steel white gal M8x20 10.9 thd a2k,2598714111-00,9489754341-00,5008345398-00
looking for cfhhs screw thd a2k white galvanized steel m8x25 10.9 hex socket countersunk flat head,3654387069-00,3793164435-00,1378514553-00
can you find screw m8x25 10.9 partly thread hexagon socket countersunk flat head cfhs thd a2k steel white galvaniz,3654387069-00,3984480791-00,8760264488-00
need info about screw flat head hex socket cfhhs thd a2k m8x25 10.9 galvanized steel with partly threading,3654387069-00,4733875998-00,2877514590-00
search screw countersunk flat head hex socket part thd white galvanized steel M8x30 10.9 info,6758858432-00,2953169297-00,4212432744-00
I want: cfhhs hexagon socket screw a2k m8 x30 length part thd white galvanized steel 10.9,6758858432-00,1815563881-00,2390881236-00
specific screw part M8x30 cfhhs hex flat head white galvanized steel thread 10.9 give me,6758858432-00,3350014268-00,7068060064-00
give me info on cunkrsunk flat hd hexagon socket screw m8x35 10.9 white steel,8685260185-00,7821257699-00,2877514590-00
search for screw cfhhs m8x35 part thd a2k steel white galvanize 10.9,8685260185-00,7821257699-00,5008345398-00
i want screw flat head countersunk with hex socket partly thread m8x35 steel white galvanize 10.9 part,8685260185-00,5905948272-00,1570275778-00
looking for screw cfhhs with hex head socket thread a2k m8x40 10.9 white galvanized steel,6169214528-00,3135963696-00,2892389414-00
give me info on countersunk flat head screw partly thread hexagon socket m8x40 10.9 steel a2k,6169214528-00,1862899777-00,7068060064-00
search screw hex socket cfhhs type partly threaded m8x40 10.9 galvanized white steel a2k please,6169214528-00,3135963696-00,8186036331-00
search screw counter sunk flat head hex socket m8x45 10.9 galvanized white steel cfhs thd a2k,3067769121-00,9608119877-00,2236883020-00
info screw cfshhs m8x45 10.9 part hexagon socket partly thread white galv steel give me,3067769121-00,6611607843-00,6087737330-00
i want screw flat head counter sunk with hex soocket galvanized white steel m8x45-10.9 cfhhspart thd,3067769121-00,5560341153-00,9557184959-00
need give me cfhhs screw hex socket partly thd M8x50 steel white galvanized info,5308978324-00,9471472650-00,1298734605-00
search screw flat head countersunk hexagon socketed partly thread M8x50 A2K 10.9,5308978324-00,1862899777-00,9734771552-00
I want screw threaded partly cfhhs M8 x 50 10.9 white galvanized steel hex head,5308978324-00,4185081666-00,9865133896-00
give me info on screw cfhhs hex socket partly thread thread a2k m8x60 steel white galvanized 10.9,5658151048-00,2642273407-00,9149032558-00
searching for countersunk flat head screw with hexagon socket and partial thread m8x60 a2k made white galvanised steel 10.9,5658151048-00,6640393611-00,8848957018-00
i want screw part thd partly threaded hex socket countersunk flat hd m8x60 a2k white galvanized steel 10.9 grade,5658151048-00,3910293894-00,8300606513-00
search screw cfhhs hex socket part thd white zinc steel m8x80 10.9 info,4514307030-00,7836777852-00,4897352893-00
give me screw flat head countersunk hexagon socket partly thd galvanized steel m8x80 10.9,4514307030-00,3590365415-00,7807065847-00
info screw m8x80 10.9 countersunk flathead hex socket partly threaded white galvanised steel,4514307030-00,1132975697-00,7531996245-00
info screw countersunk flathead with hex socket partly thrd steel M8x25 12.9 thd plain,3984480791-00,1426989314-00,6082143397-00
search cfhhs screw M8x25 steel hexagon socket flat head partly threaded 12.9 pls,3984480791-00,3654387069-00,1408501010-00
I want: screw m8x25 12.9 flat head countersunk hex socket part thread steel thd plain,3984480791-00,4733875998-00,7711131637-00
search screw full thread M4x10 countersunk flat head A2K 4.8 white gavanized steel,5766840546-00,3135963696-00,7877351864-00
info screw cfhs slot thread full m4x10 4.8 galvanized white steel kinda,5766840546-00,1094408086-00,4807814893-00
give me flat head countersunk screw fullthd M4x10 A2K steel 4.8 white coated,5766840546-00,5298209446-00,3633311233-00
looking for screw m4x20 full thread white galvanized steel cfhs 4.8 flat head with slot,7242319851-00,7643815862-00,5690510024-00
screw slot full threading flat head countersunk m4 x 20 metal galvanized steel 4.8 info,7242319851-00,2783619008-00,9232719975-00
give me cfhs full thrds galvanized steel screw 4.8 grade m4 20mm flathead with slot please,7242319851-00,5936570319-00,8043948667-00
I want screw cfhs full thread m4x25 4.8 white steel galvanized slot type,5704325743-00,6517508636-00,1543538935-00
search countersunk flat head screw full thd a2k m4x25 4.8 steel white galvanized,5704325743-00,5873849436-00,3160559768-00
give me screw full threaded slotted cfhs M4X25 4.8 white galvanized steel info,5704325743-00,5766840546-00,7643815862-00
search screw cfhs full thread M4x8-4.8 white galv steel flat head slot info,5873849436-00,5936570319-00,1815563881-00
I want screw countersnk flat hd full thrd a2k M4x8 4.8 whit galvanized steel pls,5873849436-00,7242319851-00,3091746206-00
give me screw fullthread cfhs with slot flat head m4 x 8 white galv steel type 4.8,5873849436-00,5766840546-00,1895841627-00
looking for screw full thread brass m3x10 cfhs full thd cw508l flat head slot,9941288707-00,5873849436-00,5959674287-00
need for screww m3x10 countersunk flathead with slot brass full thread cfhs cw508l,9941288707-00,5873849436-00,2277349670-00
search screw countersunk flat head cw508l brass full threaded M3 x 10 slot type,9941288707-00,2571962982-00,1542882622-00
looking for screw full thread M4x30 flat head cfhch a2k white galvanized steel 4.8,7611904021-00,3755850374-00,3227693960-00
need info on cross head screw full threaded M4x30 4.8 flat countersunk head white galv steel,7611904021-00,4429913408-00,3160559768-00
give me search screw a2k M4x30 4.8 full thd countersun flat head chrome nic cross head white steel,7611904021-00,5766840546-00,5679205903-00
I want screw raised head cross self thd A2K 4x10 white galvanize steel,6667303359-00,2049616791-00,4828582854-00
search screw rhch self thread 4 by10 white galvanised steel cross hd,6667303359-00,4131998906-00,8380686623-00
info screw selfthread raised head cross A2K size 4x10 zinc white coated,6667303359-00,5678708526-00,1432523498-00
i want screw raised head cross self threading white galvanized steel size m4x10 4.8,5678708526-00,8080092186-00,5352015213-00
search for rhch screw self thread cross hd galvanised m4x10 4.8 steel,5678708526-00,8080092186-00,2069007815-00
info about self thd screw cross head raised m4x10 mm A2K steel 4.8 galvanized,5678708526-00,4734377813-00,8088390816-00
search screw white galv raised hd self thread a2k m4x16 4.8 info,6267553235-00,1132785186-00,5259351791-00
i want screw cross head self thread galvanized steel m4x16-4.8 a2k raised hd,6267553235-00,8831445184-00,6036804021-00
give me a2k m4x16 4.8 self thd screw raised head white galv steel cross hd,6267553235-00,8080092186-00,7005019557-00
