query,positive,soft_negative,hard_negative
RING COMPENSER 0810-020-01,7287424213-00,5765399431-00,8946535786-00
0810-020-01 ring compenser,7287424213-00,5765399431-00,8946535786-00
ring compenser part number 0810-020-01,7287424213-00,5765399431-00,8946535786-00
RING COMPENSER 0810-036-05,9674348759-00,7835034023-00,7287424213-00
0810-036-05 ring compenser,9674348759-00,7835034023-00,7287424213-00
compenser ring model 0810-036-05,9674348759-00,7835034023-00,7287424213-00
RING COMPENSER 0810-045-01,3346184161-00,5670985005-00,6244523251-00
0810-045-01 RING COMPENSER,3346184161-00,5670985005-00,6244523251-00
COMPENSER RING 0810-045-01,3346184161-00,5670985005-00,6244523251-00
retaining ring WR16,6354125661-00,7349941438-00,4402549594-00
WR16 retaining ring,6354125661-00,7349941438-00,4402549594-00
retaining ring type WR16,6354125661-00,7349941438-00,4402549594-00
retaining ring WR17,7791255843-00,9164921243-00,6861763791-00
WR17 retaining ring,7791255843-00,9164921243-00,6861763791-00
need retaining ring model WR17,7791255843-00,9164921243-00,6861763791-00
retaining ring WR22,6307157416-00,1318185697-00,1207395784-00
WR22 retaining ring,6307157416-00,1318185697-00,1207395784-00
retaining ring part number WR22,6307157416-00,1318185697-00,1207395784-00
RETAINING RING WR25,4199791104-00,8272876416-00,9306365722-00
WR25 retaining ring,4199791104-00,8272876416-00,9306365722-00
retaining ring part number WR25,4199791104-00,8272876416-00,9306365722-00
RETAINING RING WR30,7476166945-00,4365586622-00,7308860313-00
WR30 retaining ring,7476166945-00,4365586622-00,7308860313-00
retaining ring part number WR30,7476166945-00,4365586622-00,7308860313-00
WR35 retaining ring,1796405131-00,5456183122-00,1207395784-00
retaining ring size WR35,1796405131-00,5456183122-00,1207395784-00
ring WR35 retaining,1796405131-00,5456183122-00,1207395784-00
retaining ring WR44,3806516682-00,9336756957-00,9708781245-00
WR44 Retaining Ring,3806516682-00,9336756957-00,9708781245-00
Retaining Ring part number WR44,3806516682-00,9336756957-00,9708781245-00
RETAINING RING WR45,4370679081-00,7256263291-00,9927928159-00
WR45 Retaining Ring,4370679081-00,7256263291-00,9927928159-00
Retaining Ring part number WR45,4370679081-00,7256263291-00,9927928159-00
RETAINING RING WR70,1188618193-00,6056086096-00,3355330845-00
WR70 Retaining ring,1188618193-00,6056086096-00,3355330845-00
Retaining ring code WR70,1188618193-00,6056086096-00,3355330845-00
retaining ring WR73,3462809681-00,4157467111-00,4692228309-00
WR73 retaining ring,3462809681-00,4157467111-00,4692228309-00
retaining ring type WR73,3462809681-00,4157467111-00,4692228309-00
RETAINING RING WR90,4213734940-00,4385962679-00,2569747623-00
WR90 retaining ring,4213734940-00,4385962679-00,2569747623-00
retaining ring part number WR90,4213734940-00,4385962679-00,2569747623-00
retaining ring BR100,6493958615-00,6178014442-00,3642729084-00
BR100 retaining ring,6493958615-00,6178014442-00,3642729084-00
ring BR100 retaining,6493958615-00,6178014442-00,3642729084-00
Retaining Ring BR110,4464470975-00,2066945648-00,9927928159-00
BR110 Retaining Ring,4464470975-00,2066945648-00,9927928159-00
Retaining Ring type BR110,4464470975-00,2066945648-00,9927928159-00
retaining ring BR26,1834212913-00,3761118568-00,7815440699-00
BR26 retaining ring,1834212913-00,3761118568-00,7815440699-00
ring BR26 retain,1834212913-00,3761118568-00,7815440699-00
Retaining ring BR28,2569747623-00,7078889404-00,9092070035-00
BR28 retaining ring,2569747623-00,7078889404-00,9092070035-00
retaining ring type BR28,2569747623-00,7078889404-00,9092070035-00
RETAINING RING BR30 type,7321897932-00,1644223822-00,2548456439-00
BR30 retaining ring,7321897932-00,1644223822-00,2548456439-00
retaining ring part number BR30,7321897932-00,1644223822-00,2548456439-00
Retaining Ring BR32,2034326186-00,6948161018-00,8135097001-00
BR32 Retaining Ring,2034326186-00,6948161018-00,8135097001-00
retaining ring type BR32,2034326186-00,6948161018-00,8135097001-00
Retaining ring BR35,1405819675-00,7934338423-00,3156441578-00
BR35 retaining ring specs,1405819675-00,7934338423-00,3156441578-00
retaining ring part number BR35,1405819675-00,7934338423-00,3156441578-00
RETAINING RING BR37,3642729084-00,1684555397-00,7287424213-00
BR37 retaining ring,3642729084-00,1684555397-00,7287424213-00
retaining ring type BR37,3642729084-00,1684555397-00,7287424213-00
Retaining ring BR38,9621571968-00,9161970545-00,9674348759-00
BR38 retaining ring,9621571968-00,9161970545-00,9674348759-00
retaining ring part number BR38,9621571968-00,9161970545-00,9674348759-00
Retaining Ring BR39,8696414262-00,9084731867-00,9311995010-00
BR39 retaining ring,8696414262-00,9084731867-00,9311995010-00
retaining ring part number BR39,8696414262-00,9084731867-00,9311995010-00
RETAINING RING BR42,8135097001-00,8835390267-00,7959077921-00
BR42 retaining ring,8135097001-00,8835390267-00,7959077921-00
retaining ring part BR42,8135097001-00,8835390267-00,7959077921-00
RETAINING RING BR45,7051940106-00,5124901454-00,3346184161-00
BR45 retaining ring,7051940106-00,5124901454-00,3346184161-00
retaining ring type BR45,7051940106-00,5124901454-00,3346184161-00
retaining ring BR47,4359144184-00,9680723972-00,5836842495-00
BR47 Retaining Ring,4359144184-00,9680723972-00,5836842495-00
Retaining Ring type BR47,4359144184-00,9680723972-00,5836842495-00
Retaining ring BR50,7993069863-00,5065362985-00,9487173729-00
BR50 retaining ring,7993069863-00,5065362985-00,9487173729-00
retaining ring type BR50,7993069863-00,5065362985-00,9487173729-00
Retaining Ring BR52,1207395784-00,6298267102-00,4480948610-00
BR52 retaining ring,1207395784-00,6298267102-00,4480948610-00
retaining ring type BR52,1207395784-00,6298267102-00,4480948610-00
retaining ring BR55,2688699729-00,5428394963-00,7760373174-00
BR55 retaining ring,2688699729-00,5428394963-00,7760373174-00
ring BR55 retaining,2688699729-00,5428394963-00,7760373174-00
Retaining ring BR62,4480948610-00,6184974473-00,2688699729-00
BR62 retaining ring,4480948610-00,6184974473-00,2688699729-00
retaining ring type BR62,4480948610-00,6184974473-00,2688699729-00
retaining ring BR68,5927554878-00,6404187464-00,8103144553-00
BR68 retaining ring,5927554878-00,6404187464-00,8103144553-00
ring BR68 retention,5927554878-00,6404187464-00,8103144553-00
Retaining Ring BR72,2089304133-00,3397156269-00,7051940106-00
BR72 Retaining Ring,2089304133-00,3397156269-00,7051940106-00
BR72 ring retaining,2089304133-00,3397156269-00,7051940106-00
RETAINING RING BR80,2692682170-00,5659214768-00,4213734940-00
BR80 retaining ring,2692682170-00,5659214768-00,4213734940-00
retaining ring type BR80,2692682170-00,5659214768-00,4213734940-00
Retaining ring BR90,7261025418-00,5272929528-00,2360514074-00
BR90 retaining ring,7261025418-00,5272929528-00,2360514074-00
retaining ring part number BR90,7261025418-00,5272929528-00,2360514074-00
retaining ring BR95,9927928159-00,9953982052-00,5174805796-00
BR95 retaining ring,9927928159-00,9953982052-00,5174805796-00
retaining ring part number BR95,9927928159-00,9953982052-00,5174805796-00
FRB 10/120 retaining ring,5357993975-00,9786004707-00,3642729084-00
retaining ring size FRB 10 120,5357993975-00,9786004707-00,3642729084-00
FRB10-120 ring,5357993975-00,9786004707-00,3642729084-00
RETAINING RING FRB 12.5 140,4692228309-00,1378514553-00,4465044592-00
FRB 12.5/140 retaining ring,4692228309-00,1378514553-00,4465044592-00
12.5/140 retaining ring FRB,4692228309-00,1378514553-00,4465044592-00
Retaining ring FRB 6.25/160,9383943811-00,6947945444-00,7760373174-00
FRB 6.25 160 retaining ring,9383943811-00,6947945444-00,7760373174-00
6.25/160 FRB retaining ring,9383943811-00,6947945444-00,7760373174-00
LOCKING RING GN705-16-E D16H8x28 dimensions,7193492054-00,4224982894-00,6788242064-00
GN705-16-E Locking ring size D16H8x28,7193492054-00,4224982894-00,6788242064-00
D16H8x28 locking ring GN705-16-E,7193492054-00,4224982894-00,6788242064-00
C-AB 35 retaining ring,7842233152-00,1070027217-00,3355330845-00
retaining ring 35 C-AB,7842233152-00,1070027217-00,3355330845-00
C-AB35 ring,7842233152-00,1070027217-00,3355330845-00
radial seal G 35x42x4,5174805796-00,3955556714-00,7710694487-00
G 35x42x4 radial shaft sealing,5174805796-00,3955556714-00,7710694487-00
35x42x4 seal radial shaft fine thread,5174805796-00,3955556714-00,7710694487-00
OUTER RING Velmor Lee 0530,2743205990-00,8021852651-00,4402980302-00
Velmor Lee 0530 outer ring,2743205990-00,8021852651-00,4402980302-00
0530 Outer Ring Velmor Lee,2743205990-00,8021852651-00,4402980302-00
INNER RING IR 10x13x12.5,5871470332-00,7540448458-00,8696414262-00
IR 10x13x12.5 inner ring,5871470332-00,7540448458-00,8696414262-00
10x13x12.5 IR inner ring component,5871470332-00,7540448458-00,8696414262-00
INNER RING IR 12x15x12,8103144553-00,5046793048-00,3156441578-00
IR 12 15 12 inner ring,8103144553-00,5046793048-00,3156441578-00
12x15x12 inner ring part,8103144553-00,5046793048-00,3156441578-00
INNER RING 12x15x12.5,9311995010-00,4937698724-00,2692682170-00
IR 12x15x12.5 inner ring,9311995010-00,4937698724-00,2692682170-00
12x15x12.5 inner ring IR,9311995010-00,4937698724-00,2692682170-00
INNER RING IR 12x16x16,7449618970-00,6439186466-00,9621571968-00
IR 12x16x16 inner ring,7449618970-00,6439186466-00,9621571968-00
inner ring dimensions 12x16x16,7449618970-00,6439186466-00,9621571968-00
INNER RING 12x16x20 IR,2506823247-00,7707915166-00,6861763791-00
IR 12 16 20 INNER RING,2506823247-00,7707915166-00,6861763791-00
12x16x20 inner ring piece IR,2506823247-00,7707915166-00,6861763791-00
INNER RING IR 17 20 16.5,7710694487-00,1771445207-00,2743205990-00
IR 17x20x16.5 inner ring,7710694487-00,1771445207-00,2743205990-00
17x20x16.5 inner ring component,7710694487-00,1771445207-00,2743205990-00
INNER RING IR 17x22x26,3156441578-00,9181346928-00,1796405131-00
IR 17x22x26 inner ring,3156441578-00,9181346928-00,1796405131-00
17x22x26 inner ring component,3156441578-00,9181346928-00,1796405131-00
INNER RING 20x25x20 IR,6788242064-00,1410187978-00,4480948610-00
IR 20x25x20 Inner Ring,6788242064-00,1410187978-00,4480948610-00
20x25x20 Inner Ring IR,6788242064-00,1410187978-00,4480948610-00
INNER RING IR 20x25x20 dimensions,6788242064-00,8520539423-00,3346184161-00
IR 20x25x20 inner ring,6788242064-00,8520539423-00,3346184161-00
20x25x20 inner ring IR,6788242064-00,8520539423-00,3346184161-00
INNER RING 22x28x20.5,6938115332-00,5337702452-00,5259060496-00
IR 22/28/20.5 inner ring,6938115332-00,5337702452-00,5259060496-00
22x28x20.5 inner ring IR,6938115332-00,5337702452-00,5259060496-00
INNER RING IR 25 30 20,7530895413-00,8380686623-00,2089304133-00
IR 25x30x20 INNER RING,7530895413-00,8380686623-00,2089304133-00
25x30x20 INNER RING specs,7530895413-00,8380686623-00,2089304133-00
INNER RING IR 28x32x17,2394479755-00,1147017964-00,7993069863-00
IR 28x32x17 inner ring,2394479755-00,1147017964-00,7993069863-00
inner ring dimensions 28x32x17,2394479755-00,1147017964-00,7993069863-00
INNER RING IR 28x32x30,5300150117-00,5066546121-00,9306365722-00
IR 28x32x30 INNER RING,5300150117-00,5066546121-00,9306365722-00
28x32x30 INNER RING IR,5300150117-00,5066546121-00,9306365722-00
INNER RING 30x35x20 IR,7914843151-00,5076189624-00,1445209486-00
IR 30 35 20 INNER RING,7914843151-00,5076189624-00,1445209486-00
INNER RING dimensions 30mm x 35mm x 20mm,7914843151-00,5076189624-00,1445209486-00
INNER RING IR 30 x 35 x 30,8304552776-00,4632171824-00,7287424213-00
IR 30x35x30 inner ring,8304552776-00,4632171824-00,7287424213-00
inner ring dimension 30 35 30 IR,8304552776-00,4632171824-00,7287424213-00
INNER RING IR 30x35x32 dimensions,3355330845-00,5367398985-00,6493958615-00
30x35x32 IR INNER RING,3355330845-00,5367398985-00,6493958615-00
IR INNER RING size 30x35x32,3355330845-00,5367398985-00,6493958615-00
INNER RING 32x37x30 IR,7936708706-00,7627731391-00,7476166945-00
IR 32x37x30 inner ring,7936708706-00,7627731391-00,7476166945-00
32x37x30 Inner Ring IR,7936708706-00,7627731391-00,7476166945-00
INNER RING 32x37x30,7936708706-00,1430110093-00,4692228309-00
IR 32x37x30 INNER RING,7936708706-00,1430110093-00,4692228309-00
32x37x30 IR ring,7936708706-00,1430110093-00,4692228309-00
INNER RING IR 35x40x17,6244523251-00,6662252496-00,5300150117-00
IR 35x40x17 INNER RING,6244523251-00,6662252496-00,5300150117-00
35x40x17 INNER RING IR,6244523251-00,6662252496-00,5300150117-00
INNER RING 35x40x22 IR,2360514074-00,9681950978-00,9708781245-00
IR type 35 40 22 INNER RING,2360514074-00,9681950978-00,9708781245-00
35x40x22 inner ring specifications,2360514074-00,9681950978-00,9708781245-00
INNER RING 35x40x30 IR,7815440699-00,4147306188-00,5357993975-00
IR dimensions 35 40 30 inner ring,7815440699-00,4147306188-00,5357993975-00
35x40x30 inner ring IR type,7815440699-00,4147306188-00,5357993975-00
INNER RING IR 35mm x 40mm x 30mm,7815440699-00,9387064486-00,5357993975-00
IR inner ring 35x40x30 dimensions,7815440699-00,9387064486-00,5357993975-00
35x40x30 IR inner ring part,7815440699-00,9387064486-00,5357993975-00
INNER RING 35x40x40 IR,6861763791-00,4439471575-00,7308860313-00
IR 35x40x40 INNER RING,6861763791-00,4439471575-00,7308860313-00
35x40x40 INNER RING type IR,6861763791-00,4439471575-00,7308860313-00
INNER RING 35x42x20,5259060496-00,1052597007-00,2506823247-00
35x42x20 IR inner ring,5259060496-00,1052597007-00,2506823247-00
IR inner ring dimensions 35 42 20,5259060496-00,1052597007-00,2506823247-00
INNER RING 40x45x17,9306365722-00,4184231864-00,7193492054-00
IR 40mm x 45mm x 17mm,9306365722-00,4184231864-00,7193492054-00
40x45x17 INNER RING specs,9306365722-00,4184231864-00,7193492054-00
INNER RING 40x45x20,4168905563-00,8443316906-00,5259060496-00
IR 40 45 20 inner ring,4168905563-00,8443316906-00,5259060496-00
40x45x20 inner ring component,4168905563-00,8443316906-00,5259060496-00
INNER RING 40x48x40 IR,2115938088-00,9778571217-00,5174805796-00
IR 40mm x 48mm x 40mm inner ring,2115938088-00,9778571217-00,5174805796-00
40x48x40 inner ring part IR,2115938088-00,9778571217-00,5174805796-00
INNER RING IR 40x50x22 dimensions,2548456439-00,3838026476-00,1188618193-00
IR 40x50x22 inner ring,2548456439-00,3838026476-00,1188618193-00
40x50x22 inner ring details,2548456439-00,3838026476-00,1188618193-00
INNER RING 45x50x25,2353386350-00,7204913316-00,1796405131-00
IR 45x50x25 specs,2353386350-00,7204913316-00,1796405131-00
45x50x25 INNER RING,2353386350-00,7204913316-00,1796405131-00
INNER RING IR 45x50x35,6560656005-00,2248126059-00,8946535786-00
IR 45 50 35 INNER RING,6560656005-00,2248126059-00,8946535786-00
45x50x35 INNER RING IR,6560656005-00,2248126059-00,8946535786-00
INNER RING 45x52x40 IR,4402549594-00,6428135444-00,4575616101-00
IR 45x52x40 inner ring,4402549594-00,6428135444-00,4575616101-00
inner ring dimensions 45x52x40,4402549594-00,6428135444-00,4575616101-00
INNER RING IR 50 58 40,4575616101-00,5066868032-00,4199791104-00
IR inner ring dimensions 50x58x40,4575616101-00,5066868032-00,4199791104-00
50x58x40 INNER RING part IR,4575616101-00,5066868032-00,4199791104-00
INNER RING IR 55 60 25,7623389262-00,9557184959-00,8696414262-00
55x60x25 IR inner ring,7623389262-00,9557184959-00,8696414262-00
IR inner ring dimensions 55-60-25,7623389262-00,9557184959-00,8696414262-00
INNER RING 65x75x28,8958626885-00,4870101176-00,7476166945-00
IR 65x75x28 inner ring,8958626885-00,4870101176-00,7476166945-00
65x75x28 inner ring IR,8958626885-00,4870101176-00,7476166945-00
IR inner ring 70x80x54,4402980302-00,6571283283-00,4199791104-00
70mm x 80mm x 54mm inner race IR,4402980302-00,6571283283-00,4199791104-00
inner ring IR size 70 80 54,4402980302-00,6571283283-00,4199791104-00
IR inner ring 80x90x25,7760373174-00,2869859722-00,5836842495-00
bearing inner ring 80mm ID 90mm OD 25mm width,7760373174-00,2869859722-00,5836842495-00
IR 80/90/25 inner ring,7760373174-00,2869859722-00,5836842495-00
IR inner ring 80x90x30,6145820055-00,6460736646-00,2360514074-00
inner ring 80mm id 90mm od 30mm width,6145820055-00,6460736646-00,2360514074-00
IR 80/90/30 bearing ring,6145820055-00,6460736646-00,2360514074-00
IR inner ring 80x90x54,3396052504-00,7878248452-00,6097613322-00
bearing inner ring IR 80 90 54,3396052504-00,7878248452-00,6097613322-00
IR 80mm x 90mm x 54mm inner ring,3396052504-00,7878248452-00,6097613322-00
IR inner ring 8x12x10,7308860313-00,8786168191-00,6861763791-00
8mm x 12mm x 10mm inner ring IR,7308860313-00,8786168191-00,6861763791-00
inner ring IR size 8 12 10,7308860313-00,8786168191-00,6861763791-00
inner ring LR 10x13x12.5,1791112940-00,7047336438-00,1269747985-00
LR type inner ring 10mm x 13mm x 12.5mm,1791112940-00,7047336438-00,1269747985-00
"LR 10x13x12,5 inner ring",1791112940-00,7047336438-00,1269747985-00
lr inner ring 17x20x16.5,9460048376-00,9875853252-00,2115938088-00
bearing inner ring lr type 17mm x 20mm x 16.5mm,9460048376-00,9875853252-00,2115938088-00
"lr 17x20x16,5 inner ring",9460048376-00,9875853252-00,2115938088-00
LR inner ring 20x25x12.5,8946535786-00,7572878881-00,6560656005-00
20mm x 25mm x 12.5mm inner ring LR series,8946535786-00,7572878881-00,6560656005-00
LR 20/25/12.5 bearing inner ring,8946535786-00,7572878881-00,6560656005-00
inner ring LR 30x35x12.5,6097613322-00,8649274296-00,9487173729-00
LR series inner ring 30mm x 35mm x 12.5mm,6097613322-00,8649274296-00,9487173729-00
LR 30 35 12.5 inner race,6097613322-00,8649274296-00,9487173729-00
inner ring usare 5205787518-00,9581036835-00,2796016373-00,3462809681-00
5205787518-00 inner ring usare,9581036835-00,2796016373-00,3462809681-00
usare inner ring part number 5205787518-00,9581036835-00,2796016373-00,3462809681-00
tervan ring 30203 JV,4465044592-00,8099456195-00,9708781245-00
30203 JV tervan sealing ring,4465044592-00,8099456195-00,9708781245-00
tervan 30203/JV ring,4465044592-00,8099456195-00,9708781245-00
31305 JV TERVAN ring,7210597771-00,6764592654-00,7993069863-00
TERVAN seal ring type 31305 JV,7210597771-00,6764592654-00,7993069863-00
31305JV TERVAN retaining ring,7210597771-00,6764592654-00,7993069863-00
3205 JV TERVAN ring search,6814405720-00,4411161347-00,7449618970-00
TERVAN ring type 3205 JV,6814405720-00,4411161347-00,7449618970-00
replacement TERVAN 3205 JV ring,6814405720-00,4411161347-00,7449618970-00
4204 AV tervan ring,9487173729-00,1774298979-00,2353386350-00
tervan sealing ring type 4204AV,9487173729-00,1774298979-00,2353386350-00
tervan ring model 4204 AV,9487173729-00,1774298979-00,2353386350-00
6001 AV tervan ring,1445209486-00,9102211860-00,2692682170-00
tervan sealing ring type 6001AV,1445209486-00,9102211860-00,2692682170-00
tervan ring for 6001 AV bearing,1445209486-00,9102211860-00,2692682170-00
tervan ring 6008 zav,1269747985-00,1895782379-00,7791255843-00
6008 zav tervan sealing ring,1269747985-00,1895782379-00,7791255843-00
ring TERVAN type 6008/ZAV,1269747985-00,1895782379-00,7791255843-00
6012 ZAV tervan sealing ring,3240037049-00,3183211547-00,7936708706-00
TERVAN RING type 6012 ZAV,3240037049-00,3183211547-00,7936708706-00
tervan ring 6012ZAV,3240037049-00,3183211547-00,7936708706-00
tervan ring 61928 av,7448971127-00,6288436231-00,5836842495-00
61928 AV tervan sealing ring,7448971127-00,6288436231-00,5836842495-00
tervan 61928av ring,7448971127-00,6288436231-00,5836842495-00
6201 JV TERVAN ring,5836842495-00,2939293469-00,7760373174-00
TERVAN seal 6201JV,5836842495-00,2939293469-00,7760373174-00
TERVAN RING type 6201 JV,5836842495-00,2939293469-00,7760373174-00
TERVAN ring for 6203-ZAV,7025136559-00,4389349426-00,2394479755-00
6203-ZAV TERVAN sealing ring,7025136559-00,4389349426-00,2394479755-00
TERVAN RING 6203ZAV,7025136559-00,4389349426-00,2394479755-00
tervan ring 6204 JV,2819858087-00,6119538160-00,7815440699-00
6204JV TERVAN sealing ring,2819858087-00,6119538160-00,7815440699-00
tervan 6204 JV ring,2819858087-00,6119538160-00,7815440699-00
TERVAN ring 6205AV,9745921972-00,7347632804-00,7025136559-00
6205 AV type TERVAN sealing ring,9745921972-00,7347632804-00,7025136559-00
TERVAN 6205 AV ring,9745921972-00,7347632804-00,7025136559-00
6206 AV TERVAN ring,1159958664-00,3636027469-00,6938115332-00
TERVAN sealing ring for 6206 AV,1159958664-00,3636027469-00,6938115332-00
TERVAN RING type 6206AV,1159958664-00,3636027469-00,6938115332-00
TERVAN ring 6206 JY,7959077921-00,1760470605-00,9745921972-00
6206 JY tervan-ring,7959077921-00,1760470605-00,9745921972-00
TERVAN 6206JY ring seal,7959077921-00,1760470605-00,9745921972-00
7205 AVH Tervan Ring,9092070035-00,4513626239-00,9708781245-00
tervan ring type 7205AVH,9092070035-00,4513626239-00,9708781245-00
7205AVH sealing ring tervan,9092070035-00,4513626239-00,9708781245-00
7205 JVG tervan ring,9708781245-00,2123111659-00,1159958664-00
tervan 7205 JVG sealing ring,9708781245-00,2123111659-00,1159958664-00
ring type JVG 7205 tervan,9708781245-00,2123111659-00,1159958664-00
grooved nut TB20/1 M20x1 white galvanized steel,4734959973-00,1371850964-00,3682914116-00
A2K grooved nut M20x1 TB20/1 steel galvanized,4734959973-00,1371850964-00,3682914116-00
TB20/1 grooved nut M20x1 white zinc steel,4734959973-00,1371850964-00,3682914116-00
grooved nut GUK GN0 A2K M10x0.75 white galvanized steel,3414353862-00,7296303178-00,2952661606-00
M10x0.75 grooved nut GN0 GUK white zinc-plated steel,3414353862-00,7296303178-00,2952661606-00
GN0 GUK grooved nut white galvanized steel M10x0.75,3414353862-00,7296303178-00,2952661606-00
GUK GN1 grooved nut M12x1 white galvanized steel,5827832202-00,3240037049-00,5196514300-00
grooved nut A2K M12x1 GUK GN1 white zinc plated,5827832202-00,3240037049-00,5196514300-00
GN1 grooved nut M12x1 galvanized steel GUK,5827832202-00,3240037049-00,5196514300-00
grooved nut GUK GN10 M50x1.5 white galvanized steel,8814802312-00,7124258264-00,1515535636-00
"GUK GN10 grooved nut M50x1,5 A2K finish",8814802312-00,7124258264-00,1515535636-00
M50x1.5 grooved nut white galvanized steel GN10,8814802312-00,7124258264-00,1515535636-00
GUK GN11 grooved nut M55x2 white galvanized steel,4513423567-00,7527229457-00,5822798508-00
"M55x2 grooved nut GN11 A2K GUK, galvanized",4513423567-00,7527229457-00,5822798508-00
"grooved steel nut GN11 GUK, M55x2, white galvanized",4513423567-00,7527229457-00,5822798508-00
grooved nut GUK GN12 M60x2 white galvanized steel,1953835512-00,8526360040-00,3682914116-00
GN12 grooved nut GUK M60x2 A2K white zinc plated,1953835512-00,8526360040-00,3682914116-00
M60x2 grooved nut GUK GN12 A2K galvanized steel,1953835512-00,8526360040-00,3682914116-00
grooved nut GUK GN14 M70x2 white galvanized steel,1515535636-00,9581036835-00,8234565308-00
GN14 grooved nut A2K M70x2 GUK zinc plated,1515535636-00,9581036835-00,8234565308-00
GUK GN14 steel grooved nut M70x2 white galvanized,1515535636-00,9581036835-00,8234565308-00
grooved nut GUK GN17 M75x2 white galvanized steel,9189483726-00,2819858087-00,4795852814-00
"GN17 grooved nut A2K M75x2 GUK, white zinc-plated steel",9189483726-00,2819858087-00,4795852814-00
"M75x2 GUK GN17 grooved nut, white galvanized steel, A2K",9189483726-00,2819858087-00,4795852814-00
GUK GN18 grooved nut M90x2 white galvanized steel,2115313531-00,6878665766-00,8786168191-00
grooved nut M90x2 A2K GUK GN18 white zinc plated,2115313531-00,6878665766-00,8786168191-00
GN18 grooved nut steel white galvanized M90x2,2115313531-00,6878665766-00,8786168191-00
grooved nut GUK GN19 M95x2 white galvanized steel,8027067171-00,2080562227-00,4883592855-00
GN19 grooved nut M95x2 A2K finish GUK,8027067171-00,2080562227-00,4883592855-00
steel grooved nut M95x2 GUK GN19 white zinc,8027067171-00,2080562227-00,4883592855-00
Grooved nut GUK GN2 M15x1 white galvanized steel,6009433368-00,7044481484-00,4281765786-00
GUK GN2 grooved nut A2K M15x1 galvanized,6009433368-00,7044481484-00,4281765786-00
M15x1 grooved nut GN2 white zinc-coated steel,6009433368-00,7044481484-00,4281765786-00
grooved nut GUK GN20 M100x2 white galvanized steel,8580568059-00,4788689431-00,1919151413-00
GN20 grooved nut A2K M100x2 galvanized,8580568059-00,4788689431-00,1919151413-00
M100x2 grooved nut GN20 GUK white galvanized steel,8580568059-00,4788689431-00,1919151413-00
grooved nut GUK GN3 M17x1 white galvanized steel,4783474646-00,7541138863-00,2952661606-00
"GN3 grooved nut A2K M17x1 steel, white galvanised",4783474646-00,7541138863-00,2952661606-00
GUK GN3 M17x1 grooved nut white galvanized steel,4783474646-00,7541138863-00,2952661606-00
grooved nut guk gn4 m20x1 white galvanized steel,3584946221-00,8103144553-00,8234565308-00
"GUK GN4 grooved nut A2K M20x1 steel, white zinc",3584946221-00,8103144553-00,8234565308-00
GN4 grooved nut M20x1 white galvanised steel,3584946221-00,8103144553-00,8234565308-00
"grooved nut GUK GN5 M25x1,5 white galvanized steel",3682914116-00,6811106407-00,1395728832-00
"GUK GN5 grooved nut A2K M25x1,5 steel, white galvanized",3682914116-00,6811106407-00,1395728832-00
"gn5 grooved nut M25x1.5 guk, galvanized steel white",3682914116-00,6811106407-00,1395728832-00
"grooved nut guk gn6 m30x1,5 white galvanized steel",4385962679-00,2010439133-00,6286450696-00
GN6 grooved nut A2K M30x1.5 white galvanized,4385962679-00,2010439133-00,6286450696-00
guk gn6 grooved nut m30x1.5 steel white galvanised,4385962679-00,2010439133-00,6286450696-00
grooved nut GUK GN7 white galvanized steel M35x1.5,9236434512-00,3929231998-00,1515535636-00
"GUK GN7 grooved nut A2K M35x1,5 galvanized",9236434512-00,3929231998-00,1515535636-00
M35x1.5 grooved nut white galvanized steel GN7,9236434512-00,3929231998-00,1515535636-00
grooved nut GUK GN8 M40x1.5 white galvanized steel,8499456817-00,1568532537-00,1096506778-00
"M40x1,5 grooved nut GN8 GUK A2K steel zinc coated",8499456817-00,1568532537-00,1096506778-00
"GUK GN8 grooved nut A2K M40x1,5 galvanized steel",8499456817-00,1568532537-00,1096506778-00
"GROOVED NUT GUK GN9 M45x1,5 white galvanized steel",1096506778-00,9480496381-00,1395728832-00
GUK GN9 grooved nut A2K M45x1.5 white zinc,1096506778-00,9480496381-00,1395728832-00
GN9 grooved nut M45x1.5 galvanized steel,1096506778-00,9480496381-00,1395728832-00
Grooved nut KM0 M10x0.75 white galvanized steel,5725210060-00,7731941463-00,9189483726-00
"KM0 A2K grooved nut M10x0,75 steel",5725210060-00,7731941463-00,9189483726-00
M10x0.75 grooved nut KM0 white galvanized,5725210060-00,7731941463-00,9189483726-00
grooved nut KM1 white galvanized steel M12x1,1536796713-00,8782691424-00,2583664143-00
KM1 A2K grooved nut M12x1 steel galvanized,1536796713-00,8782691424-00,2583664143-00
M12x1 grooved nut KM1 white steel,1536796713-00,8782691424-00,2583664143-00
grooved nut KM10 M50x1.5 white zinc steel,9276516840-00,2010439133-00,8499456817-00
KM10 A2K grooved nut m50x1.5 galvanized,9276516840-00,2010439133-00,8499456817-00
steel grooved nut M50x1.5 KM10 white galvanized,9276516840-00,2010439133-00,8499456817-00
grooved nut KM11 M55x2 white galvanized steel,8575337361-00,1791112940-00,6139131350-00
"KM11 grooved nut A2K M55x2 steel, white galvanized",8575337361-00,1791112940-00,6139131350-00
M55x2 grooved nut KM11 white galvanized,8575337361-00,1791112940-00,6139131350-00
grooved nut km12 white galvanized steel M60x2,3132322870-00,8531744429-00,4114944577-00
km12 grooved nut M60x2 A2K white galvanized,3132322870-00,8531744429-00,4114944577-00
M60x2 grooved nut km12 A2K white galvanised steel,3132322870-00,8531744429-00,4114944577-00
grooved nut KM14 M70x2 white galvanized steel A2K,9102211860-00,3801883632-00,5725210060-00
KM14 grooved nut M70x2 galvanized white steel A2K,9102211860-00,3801883632-00,5725210060-00
M70x2 grooved nut KM14 A2K white galvanized steel,9102211860-00,3801883632-00,5725210060-00
grooved nut KM15 white galvanized steel M75x2,4114944577-00,3193792857-00,1725870815-00
KM15 grooved nut A2K M75x2 galvanized steel,4114944577-00,3193792857-00,1725870815-00
grooved nut M75x2 KM15 white galvanized steel A2K,4114944577-00,3193792857-00,1725870815-00
grooved nut KM18 M90x2 white galvanized steel,4795852814-00,3083433426-00,2988200849-00
KM18 grooved nut M90x2 A2K white galvanized,4795852814-00,3083433426-00,2988200849-00
M90x2 grooved nut KM18 steel galvanized white version,4795852814-00,3083433426-00,2988200849-00
grooved nut KM2 M15x1 white galvanized steel,1469574084-00,6478964688-00,5218241439-00
KM2 grooved nut M15x1 A2K white galvanized,1469574084-00,6478964688-00,5218241439-00
M15x1 grooved nut KM2 A2K white galvanized steel,1469574084-00,6478964688-00,5218241439-00
grooved nut km3 m17x1 white galvanized steel a2k,5212948757-00,4703197479-00,1868052648-00
m17x1 grooved nut km3 a2k white galvanized,5212948757-00,4703197479-00,1868052648-00
km3 grooved nut m17x1 steel white galvanized a2k,5212948757-00,4703197479-00,1868052648-00
grooved nut KM4 M20x1 white galvanized steel A2K,2952661606-00,6149920023-00,1395728832-00
KM4 grooved nut white galvanized steel M20x1 A2K,2952661606-00,6149920023-00,1395728832-00
M20x1 grooved nut KM4 A2K galvanized white steel,2952661606-00,6149920023-00,1395728832-00
grooved nut KM4 M20x1 white galvanized steel,2952661606-00,5858467301-00,3369966519-00
KM4 groove nut A2K M20x1 white galvanized,2952661606-00,5858467301-00,3369966519-00
M20x1 grooved nut KM4 white galvanized steel A2K,2952661606-00,5858467301-00,3369966519-00
grooved nut KM5 M25x1.5 white galvanized steel,3624754278-00,2114186304-00,2583664143-00
"KM5 grooved nut A2K M25x1,5 galvanized steel white",3624754278-00,2114186304-00,2583664143-00
"grooved nut KM5 A2K M25x1,5 steel white galvanized",3624754278-00,2114186304-00,2583664143-00
grooved nut km5 M25x1.5 white galvanized steel A2K,3624754278-00,4545019368-00,9102211860-00
KM5 grooved nut M25x1.5 zinc coated steel A2K,3624754278-00,4545019368-00,9102211860-00
"grooved nut KM5 size M25x1,5 in white galvanized steel A2K",3624754278-00,4545019368-00,9102211860-00
grooved nut km6 M30x1.5 white galvanized steel A2K,3420626497-00,2856564860-00,8592912576-00
"M30x1,5 grooved nut km6 steel white galvanized A2K",3420626497-00,2856564860-00,8592912576-00
KM6 grooved nut M30x1.5 A2K white galvanized steel,3420626497-00,2856564860-00,8592912576-00
grooved nut km6 m30x1.5 a2k steel white galvanized,3420626497-00,3104574808-00,8725430886-00
"km6 grooved nut m30x1,5 white galvanized steel a2k",3420626497-00,3104574808-00,8725430886-00
m30x1.5 grooved nut km6 white galvanized steel type a2k,3420626497-00,3104574808-00,8725430886-00
grooved nut KM7 M35x1.5 white galvanized steel A2K,8783888577-00,5178196899-00,1469574084-00
"KM7 grooved nut M35x1,5 A2K white galvanized steel",8783888577-00,5178196899-00,1469574084-00
M35x1.5 grooved nut KM7 white galvanized steel A2K,8783888577-00,5178196899-00,1469574084-00
grooved nut KM8 M40x1.5 white galvanized steel A2K,5509206431-00,9570592597-00,1515535636-00
"KM8 grooved nut M40x1,5 steel white galvanized A2K",5509206431-00,9570592597-00,1515535636-00
white galvanized grooved nut KM8 A2K M40x1.5 steel,5509206431-00,9570592597-00,1515535636-00
grooved nut km9 M45x1.5 white galvanized steel A2K,1395728832-00,1748309131-00,7775082541-00
"KM9 grooved nut M45x1,5 steel white galvanized A2K",1395728832-00,1748309131-00,7775082541-00
white galvanized grooved nut km9 M45x1.5 A2K steel,1395728832-00,1748309131-00,7775082541-00
grooved nut KMK2 M15x1 white galvanized steel A2K,7351292732-00,6708180027-00,6009433368-00
M15x1 grooved nut KMK2 A2K white galvanized finish,7351292732-00,6708180027-00,6009433368-00
KMK2 grooved nut A2K M15x1 galvanized steel white coating,7351292732-00,6708180027-00,6009433368-00
precision locknut ORU KMT 9 M45x1.5,1016265441-00,5934919929-00,8725430886-00
"ORU KMT 9 locknut M45x1,5 precision",1016265441-00,5934919929-00,8725430886-00
locknut precision ORU KMT9 M45 x 1.5,1016265441-00,5934919929-00,8725430886-00
precision locknut ORU ZM110 110x2,6519083481-00,1013994276-00,3420626497-00
ORU ZM110 precision lock nut 110 by 2,6519083481-00,1013994276-00,3420626497-00
locknut type ZM110 ORU size 110x2 precision,6519083481-00,1013994276-00,3420626497-00
precision locknut ORU ZM12 M12x1,5818801584-00,2392008238-00,5827832202-00
ORU ZM12 precision lock nut M12x1,5818801584-00,2392008238-00,5827832202-00
locknut M12x1 ORU model ZM12 precision,5818801584-00,2392008238-00,5827832202-00
ORU precision locknut ZM15 M15x1,4519942501-00,8534736814-00,2115313531-00
locknut precision ORU ZM15 M15 x 1 thread,4519942501-00,8534736814-00,2115313531-00
M15x1 lock nut ORU type ZM15 precision,4519942501-00,8534736814-00,2115313531-00
precision locknut ORU ZM17 M17x1,5120130739-00,9127105398-00,3132322870-00
ORU ZM17 precision lock nut size M17x1,5120130739-00,9127105398-00,3132322870-00
locknut ORU ZM17 thread M17x1 precision,5120130739-00,9127105398-00,3132322870-00
precision locknut ORU ZM20 size 20x1,2988200849-00,4439471575-00,3672346156-00
ORU ZM20 precision lock nut 20x1 thread,2988200849-00,4439471575-00,3672346156-00
lock nut ORU ZM20 precision 20 by 1mm,2988200849-00,4439471575-00,3672346156-00
precision locknut oru zm25 size 25x1.5,1505569972-00,3332127492-00,5725210060-00
oru zm25 lock nut 25 mm diameter 1.5 pitch precision,1505569972-00,3332127492-00,5725210060-00
"locknut precision zm25 oru 25x1,5 thread lock nut",1505569972-00,3332127492-00,5725210060-00
precision locknut ORU ZM30 30x1.5,5888185401-00,7527229457-00,8924810199-00
ORU ZM30 locknut 30 x 1.5 precision type,5888185401-00,7527229457-00,8924810199-00
locknut ORU ZM30 size 30x1.5 precision,5888185401-00,7527229457-00,8924810199-00
ORU ZM40 precision locknut 40x1.5,8178727713-00,2916818412-00,3381874459-00
"precision locknut size 40x1,5 ORU ZM40",8178727713-00,2916818412-00,3381874459-00
locknut ORU ZM40 40 x 1.5 precision type,8178727713-00,2916818412-00,3381874459-00
precision locknut ORU ZM50 50x1.5,7985802491-00,8811987705-00,1028628638-00
"ORU ZM50 locknut precision 50x1,5",7985802491-00,8811987705-00,1028628638-00
locknut ORU ZM50 precision 50 x 1.5,7985802491-00,8811987705-00,1028628638-00
ORU precision locknut ZM55 55x2,3672346156-00,7501846298-00,3624754278-00
locknut 55x2 precision ORU ZM55,3672346156-00,7501846298-00,3624754278-00
ORU ZM55 locknut precision size 55x2,3672346156-00,7501846298-00,3624754278-00
ORU precision locknut ZM70 size 70x2,8725430886-00,6244523251-00,1868052648-00
locknut precision ORU ZM70 70 mm by 2 mm,8725430886-00,6244523251-00,1868052648-00
ORU ZM70 precision lock nut 70x2 thread,8725430886-00,6244523251-00,1868052648-00
ORU precision locknut ZM90 90x2,4281765786-00,2693880860-00,8786168191-00
locknut precision ORU ZM90 90 by 2,4281765786-00,2693880860-00,8786168191-00
ORU ZM90 precision lock nut 90x2 dimension,4281765786-00,2693880860-00,8786168191-00
locknut precision KMT 3 M17x1,3381874459-00,8161850682-00,5827832202-00
M17x1 KMT 3 precision lock nut,3381874459-00,8161850682-00,5827832202-00
precision locknut type KMT 3 size M17x1,3381874459-00,8161850682-00,5827832202-00
precision locknut KMT 4 size M20x1,4724612976-00,8099001430-00,1868052648-00
locknut KMT 4 M20x1 precision type,4724612976-00,8099001430-00,1868052648-00
M20x1 KMT 4 locknut precision threaded nut,4724612976-00,8099001430-00,1868052648-00
precision locknut KMT 5 M25x1.5 metric,1868052648-00,2312811465-00,6009433368-00
"locknut KMT5 size M25x1,5 precision type",1868052648-00,2312811465-00,6009433368-00
M25x1.5 KMT 5 precision locknut specification,1868052648-00,2312811465-00,6009433368-00
precision locknut KMT 6 30x1.5,2799522499-00,8758900044-00,8575337361-00
"KMT6 locknut precision 30 x 1,5",2799522499-00,8758900044-00,8575337361-00
"locknut precision KMT-6 30x1,5 thread",2799522499-00,8758900044-00,8575337361-00
precision locknut KMT7 M35x1.5,4883592855-00,3574000742-00,3132322870-00
"KMT 7 locknut precision M35x1,5",4883592855-00,3574000742-00,3132322870-00
locknut precision type KMT7 M35 x 1.5,4883592855-00,3574000742-00,3132322870-00
precision nut HIR M15x1,1919151413-00,6045171767-00,2115313531-00
HIR precision nut M15x1 size,1919151413-00,6045171767-00,2115313531-00
M15x1 HIR precision nut component,1919151413-00,6045171767-00,2115313531-00
precision nut HIR M20x1,5232587970-00,1341156832-00,9102211860-00
HIR precision nut size M20x1,5232587970-00,1341156832-00,9102211860-00
M20x1 HIR precision nut component,5232587970-00,1341156832-00,9102211860-00
precision locknut HIR M20x1.5,5196514300-00,9535092488-00,3624754278-00
HIR precision locknut M20 x 1.5,5196514300-00,9535092488-00,3624754278-00
locknut M20x1.5 precision HIR,5196514300-00,9535092488-00,3624754278-00
precision nut LFE26 white galvanized steel M95x2 A2K,8786168191-00,2916818412-00,8814802312-00
LFE26 precision nut M95x2 A2K white galvanized steel,8786168191-00,2916818412-00,8814802312-00
M95x2 precision nut LFE26 A2K white galvanized finish,8786168191-00,2916818412-00,8814802312-00
precision nut LR15 white galvanized steel M45x1.5 A2K,9681950978-00,3200232652-00,5460707695-00
"LR15 precision nut M45x1,5 A2K white galvanized steel",9681950978-00,3200232652-00,5460707695-00
M45x1.5 precision nut LR15 A2K white galvanized steel coated,9681950978-00,3200232652-00,5460707695-00
precision nut LR20 M65x2 white galvanized steel A2K,3981189670-00,2739077386-00,6397878439-00
LR20 precision nut M65x2 white galvanized steel type A2K,3981189670-00,2739077386-00,6397878439-00
M65x2 precision nut LR20 white galvanized steel A2K nut,3981189670-00,2739077386-00,6397878439-00
precision locknut LRE16 white galvanized steel M50x1.5 A2K,2583664143-00,1194332529-00,5725210060-00
"LRE16 locknut precision M50x1,5 A2K white galvanized",2583664143-00,1194332529-00,5725210060-00
M50x1.5 precision locknut LRE16 A2K steel white galvanized,2583664143-00,1194332529-00,5725210060-00
precision nut LRE25 M90x2 white galvanized steel A2K,1585531447-00,7602736333-00,1536796713-00
LRE25 precision nut M90x2 A2K white galvanized,1585531447-00,7602736333-00,1536796713-00
M90x2 LRE25 precision nut steel white galvanized A2K,1585531447-00,7602736333-00,1536796713-00
precision nut LRE25 M90x2 SX A2K white galvanized steel,6139131350-00,4722540187-00,4636455457-00
LRE25 precision nut M90x2 SX white galvanized steel A2K,6139131350-00,4722540187-00,4636455457-00
nut precision LRE25 M90x2 SX A2K white galvanized steel coating,6139131350-00,4722540187-00,4636455457-00
precision nut LX44 M44x1.5 white galvanized steel A2K,1260785993-00,6814405720-00,8943879072-00
"LX44 precision nut white galvanized M44x1,5 steel A2K",1260785993-00,6814405720-00,8943879072-00
M44x1.5 white galvanized steel precision nut LX44 A2K,1260785993-00,6814405720-00,8943879072-00
precision nut lx60 a2k white galvanized steel M60x1.5,9679603972-00,3633311233-00,3981189670-00
lx60 precision nut M60x1.5 white galvanized steel a2k,9679603972-00,3633311233-00,3981189670-00
white galvanized steel precision nut lx60 M60 x 1.5 a2k,9679603972-00,3633311233-00,3981189670-00
precision nut LX70 M70x1.5 A2K white galvanized steel,7775082541-00,7193492054-00,4519942501-00
"lx70 precision nut M70x1,5 steel A2K white galvanized",7775082541-00,7193492054-00,4519942501-00
nut M70x1.5 precision LX70 white galvanized steel A2K,7775082541-00,7193492054-00,4519942501-00
precision nut LX82 M82x1.5 white galvanized steel,8592912576-00,9421728268-00,4795852814-00
"LX82 precision nut A2K M82x1,5 galvanized steel white",8592912576-00,9421728268-00,4795852814-00
M82x1.5 precision nut LX82 A2K white galvanized steel,8592912576-00,9421728268-00,4795852814-00
locknut MSA 65 x 1.5 thread pitch 24mm,5218241439-00,3403872805-00,3255745551-00
MSA lock nut size 65x1.5 with 24 teeth,5218241439-00,3403872805-00,3255745551-00
locknut MSA thread 1.5 pitch diameter 65 mm 24 slots,5218241439-00,3403872805-00,3255745551-00
locknuts msr 100 x 2 x 32,8234565308-00,7602736333-00,9411768388-00
MSR locknut 100x2x32 size,8234565308-00,7602736333-00,9411768388-00
locknut msr 100x2x32 dimensions,8234565308-00,7602736333-00,9411768388-00
locknuts msr 120 x 2 x 36,8924810199-00,4416543723-00,7351292732-00
msr locknut 120x2x36,8924810199-00,4416543723-00,7351292732-00
locknut msr size 120 by 2 by 36,8924810199-00,4416543723-00,7351292732-00
locknuts msr 140 x 3 x 36,8943879072-00,2368003050-00,3682914116-00
msr locknut 140x3x36 size,8943879072-00,2368003050-00,3682914116-00
LOCKNUT MSR 140x3x36 thread specification,8943879072-00,2368003050-00,3682914116-00
locknuts MSR 150 x 3 x 36,5460707695-00,7181962772-00,5888185401-00
MSR lock nuts 150x3x36,5460707695-00,7181962772-00,5888185401-00
lock nut MSR size 150 by 3 by 36,5460707695-00,7181962772-00,5888185401-00
locknuts msr size 170x3x40,4253700944-00,5238684850-00,2988200849-00
msr locknut 170 by 3 by 40 dimensions,4253700944-00,5238684850-00,2988200849-00
locknut msr 170x3x40 specification,4253700944-00,5238684850-00,2988200849-00
locknut msr 18 x 1.5 x 18 dimensions,9411768388-00,7858424626-00,3255745551-00
"msr locknuts 18x1,5x18 size",9411768388-00,7858424626-00,3255745551-00
MSR locknut 18x1.5x18 thread pitch and length,9411768388-00,7858424626-00,3255745551-00
locknut msr size 20x1.5 thread 18mm,6515509664-00,4848148118-00,2583664143-00
MSR locknut 20 x 1.5 x 18,6515509664-00,4848148118-00,2583664143-00
"locknut MSR 20x1,5 pitch 1.5 outer diameter 18",6515509664-00,4848148118-00,2583664143-00
locknut msr 22x1.5x18,8106800184-00,5431850038-00,1395728832-00
msr locknut 22 x 1.5 x 18,8106800184-00,5431850038-00,1395728832-00
"locknut msr 22x1,5x18 size specification",8106800184-00,5431850038-00,1395728832-00
MSR locknuts 24x1.5x18,3685083825-00,2057314738-00,3584946221-00
locknut MSR size 24 x 1.5 x 18,3685083825-00,2057314738-00,3584946221-00
"MSR lock nut 24x1,5x18 dimensions",3685083825-00,2057314738-00,3584946221-00
locknut MSR 25 x 1.5 x 20,3255745551-00,8720113730-00,6009433368-00
MSR locknut size 25x1.5 thread x 20,3255745551-00,8720113730-00,6009433368-00
locknut MSR 25mm 1.5mm pitch 20mm thickness,3255745551-00,8720113730-00,6009433368-00
locknut msr 30 x 1.5 x 20,6397878439-00,1686558964-00,8027067171-00
MSR locknut 30x1.5x20,6397878439-00,1686558964-00,8027067171-00
msr nut lock 30 1.5 20,6397878439-00,1686558964-00,8027067171-00
locknuts MSR 35 x 1.5 x 22,2790526286-00,3047152691-00,6506470874-00
MSR locknut 35x1.5x22 size,2790526286-00,3047152691-00,6506470874-00
locknut MSR 35 1.5 22 mm,2790526286-00,3047152691-00,6506470874-00
locknuts MSR 40x1.5x22,1725870815-00,3420647459-00,5822798508-00
"MSR locknut size 40x1,5x22",1725870815-00,3420647459-00,5822798508-00
MSR locking nut 40 x 1.5 x 22,1725870815-00,3420647459-00,5822798508-00
locknuts MSR 45 x 1.5 x 22,5822798508-00,7827461347-00,6119538160-00
MSR locknut size 45x1.5x22,5822798508-00,7827461347-00,6119538160-00
locknut MSR 45mm diameter 1.5 pitch 22 width,5822798508-00,7827461347-00,6119538160-00
locknut msr 48 x 1.5 x 25,6286450696-00,5936570319-00,3624754278-00
msr locknuts 48x1.5x25 size,6286450696-00,5936570319-00,3624754278-00
LOCKNUT MSR 48x1.5x25 thread pitch,6286450696-00,5936570319-00,3624754278-00
locknut MSR 50x1.5x25,6119538160-00,9228106533-00,1260785993-00
"MSR locknut 50 x 1,5 x 25",6119538160-00,9228106533-00,1260785993-00
locknut size 50x1.5x25 MSR type,6119538160-00,9228106533-00,1260785993-00
locknut msr 55x1.5x25,4636455457-00,1097464442-00,6519083481-00
"msr locknuts 55 x 1,5 x 25",4636455457-00,1097464442-00,6519083481-00
LOCKNUT MSR 55 1.5 25 size,4636455457-00,1097464442-00,6519083481-00
locknut msr 60 x 1.5 x 26,1028628638-00,7448971127-00,5218241439-00
msr locknuts 60mm diameter 1.5 pitch 26 thickness,1028628638-00,7448971127-00,5218241439-00
MSR locknut size 60x1.5x26 thread type,1028628638-00,7448971127-00,5218241439-00
locknut msr thread 65x1.5x28,6506470874-00,9674348759-00,1016265441-00
msr lock nut 65 mm diameter 1.5 pitch 28 width,6506470874-00,9674348759-00,1016265441-00
msr locknut 65x1.5x28 size specification,6506470874-00,9674348759-00,1016265441-00
locknuts msr 75 x 1.5 x 28,5516941534-00,2293806356-00,8499456817-00
msr locknut size 75*1.5*28,5516941534-00,2293806356-00,8499456817-00
LOCKNUT MSR thread 75 1.5 pitch 28,5516941534-00,2293806356-00,8499456817-00
locknuts MSR 85x2x32 size,3369966519-00,7627731391-00,9236434512-00
MSR lock nut 85 by 2 by 32,3369966519-00,7627731391-00,9236434512-00
locknut MSR 85x2x32 specifications,3369966519-00,7627731391-00,9236434512-00
conical washer d=c50 m12,7394457644-00,6980499450-00,7511541800-00
m12 conical washer shape d 50,7394457644-00,6980499450-00,7511541800-00
washer conical d c50 m12 type,7394457644-00,6980499450-00,7511541800-00
conical washer D shape C50 M20,2300869594-00,9007191352-00,1126028490-00
washer conical shape D C50 M20,2300869594-00,9007191352-00,1126028490-00
M20 conical washer type D C50,2300869594-00,9007191352-00,1126028490-00
conical washer type d C50 for M8,9990793220-00,3584946221-00,8400584249-00
M8 conical washer C50 shape D,9990793220-00,3584946221-00,8400584249-00
washer conical shape D C50 M8 size,9990793220-00,3584946221-00,8400584249-00
conical washer shape G C50 M16,3808818546-00,2205046870-00,5696356045-00
washer conical type G C50 size M16,3808818546-00,2205046870-00,5696356045-00
C50 conical washer M16 shape G,3808818546-00,2205046870-00,5696356045-00
conical washer shape G c50 size M20,5917366663-00,6483761246-00,1378331381-00
c50 conical washer G shape M20,5917366663-00,6483761246-00,1378331381-00
washer conical G shape c50 m20,5917366663-00,6483761246-00,1378331381-00
curved spring lock washers M2 A2K white galvanized steel,1046625092-00,1698692338-00,3182897861-00
M2 curved spring lock washers steel A2K galvanized white,1046625092-00,1698692338-00,3182897861-00
A2K M2 white galvanized steel curved spring lock washers,1046625092-00,1698692338-00,3182897861-00
External TY-A toothed washer stainless steel M10 A2,5217076625-00,5827014141-00,4214798508-00
M10 stainless steel toothed washer type A external A2,5217076625-00,5827014141-00,4214798508-00
TY-A external toothed washer steel A2 M10 size,5217076625-00,5827014141-00,4214798508-00
external toothed washer type A stainless steel M8 A2,3653142136-00,5989045910-00,1046625092-00
M8 toothed washer external TY-A stainless steel A2,3653142136-00,5989045910-00,1046625092-00
A2 stainless steel M8 external tooth washer TY-A,3653142136-00,5989045910-00,1046625092-00
external toothed washer TY-A M10 white galvanized steel A2K,2556292981-00,8720113730-00,4536902446-00
TY-A type external toothed washer M10 A2K white galvanized,2556292981-00,8720113730-00,4536902446-00
white galvanized steel external tooth washer M10 TY-A A2K,2556292981-00,8720113730-00,4536902446-00
external toothed washer type A M3 white galvanized steel A2K,9540952247-00,7940812971-00,4536902446-00
white galvanized external tooth washer M3 TY-A A2K,9540952247-00,7940812971-00,4536902446-00
TY-A external tooth washer M3 steel A2K white galvanized,9540952247-00,7940812971-00,4536902446-00
external toothed washer TY-A M5 white galvanized steel A2K,6138551596-00,2266480034-00,9557184959-00
TY-A type external toothed washer M5 size A2K white galvanized,6138551596-00,2266480034-00,9557184959-00
M5 EXTERN tooth washer TY-A white galvanized steel A2K,6138551596-00,2266480034-00,9557184959-00
external toothed washer TY-A M5x10 white galvanized steel A2K,7037704410-00,6683837403-00,2604472017-00
TY-A toothed washer M5x10 galvanized steel white external,7037704410-00,6683837403-00,2604472017-00
white galvanized external toothed washer TY-A M5x10 A2K steel,7037704410-00,6683837403-00,2604472017-00
external toothed washer TY-A M6 white galvanized steel A2K,1652967927-00,8349694726-00,5411138778-00
TY-A type A2K external tooth washer M6 white galvanized,1652967927-00,8349694726-00,5411138778-00
white galvanized steel external toothed washer M6 TY-A A2K,1652967927-00,8349694726-00,5411138778-00
external toothed washer TY-A M6x11 white galvanized steel A2K,7497806643-00,7295438312-00,5917366663-00
TY-A M6x11 external tooth washer white galvanized steel A2K,7497806643-00,7295438312-00,5917366663-00
white galvanized steel toothed washer TY-A M6x11 external A2K,7497806643-00,7295438312-00,5917366663-00
external toothed washer type A M8 white galvanized steel A2K,5134598702-00,6080942541-00,1378331381-00
M8 TY-A toothed washer external white galvanized steel,5134598702-00,6080942541-00,1378331381-00
external tooth washer TY-A steel A2K M8 white galvanized coating,5134598702-00,6080942541-00,1378331381-00
external toothed lock washer M10 type TY-V,7103403071-00,7826489678-00,7734476041-00
TY-V M10 external tooth washer,7103403071-00,7826489678-00,7734476041-00
M10 washer toothed external type TY-V,7103403071-00,7826489678-00,7734476041-00
external M8 toothed washer type TY-V,8025235221-00,9520903464-00,9057304858-00
TY-V external toothed washer M8,8025235221-00,9520903464-00,9057304858-00
M8 TY-V external tooth washer,8025235221-00,9520903464-00,9057304858-00
safety washer mb10 white galv steel a2k,9057304858-00,2427940069-00,2066945648-00
a2k mb10 safety washer white galvanized steel,9057304858-00,2427940069-00,2066945648-00
mb10 safety washer a2k steel white galvanized,9057304858-00,2427940069-00,2066945648-00
safety washer mb11 white galvanized steel A2K,3236853584-00,2447466166-00,1652967927-00
mb11 safety washer A2K white galvanized,3236853584-00,2447466166-00,1652967927-00
white galvanized steel safety washer mb11 A2K,3236853584-00,2447466166-00,1652967927-00
safety washer MB12 white galvanized steel A2K,6009304401-00,9788886065-00,3236853584-00
MB12 safety washer white galvanized steel A2K type,6009304401-00,9788886065-00,3236853584-00
A2K MB12 safety washer galvanized steel white finish,6009304401-00,9788886065-00,3236853584-00
safety washer MB15 white galvanized steel A2K,8310185265-00,7707915166-00,3144303627-00
MB15 safety washer A2K white galvanized,8310185265-00,7707915166-00,3144303627-00
A2K safety washer MB15 galvanized steel white,8310185265-00,7707915166-00,3144303627-00
safety washer MB18 white galvanized steel A2K,7733451960-00,4725934533-00,1126028490-00
MB18 safety washer A2K steel white galvanized,7733451960-00,4725934533-00,1126028490-00
white galvanized steel safety washer type MB18 A2K,7733451960-00,4725934533-00,1126028490-00
safety washer A2K MB3 white galvanized steel,4763264514-00,4873387863-00,1648801175-00
white galvanized steel safety washer type MB3 A2K,4763264514-00,4873387863-00,1648801175-00
MB3 safety washer in white galvanized steel A2K,4763264514-00,4873387863-00,1648801175-00
safety washer MB4 white galvanized steel A2K,3832265731-00,7283136748-00,3144303627-00
MB4 safety washer A2K white galvanized steel,3832265731-00,7283136748-00,3144303627-00
white galvanized steel safety washer MB4 A2K,3832265731-00,7283136748-00,3144303627-00
safety washer MB5 A2K white galvanized steel,3144303627-00,8531744429-00,2161661959-00
MB5 safety washer A2K steel white galvanized,3144303627-00,8531744429-00,2161661959-00
white galvanized steel MB5 safety washer A2K,3144303627-00,8531744429-00,2161661959-00
safety washer MB6 A2K white galvanized steel,9680723972-00,8317446155-00,9990793220-00
white galvanized safety washer A2K MB6,9680723972-00,8317446155-00,9990793220-00
A2K MB6 safety washer galvanized steel white,9680723972-00,8317446155-00,9990793220-00
safety washer MB7 white galvanized steel A2K,8298096627-00,1188618193-00,8368482762-00
A2K MB7 safety washer in white galvanized steel,8298096627-00,1188618193-00,8368482762-00
white galvanized steel safety washer MB7 A2K type,8298096627-00,1188618193-00,8368482762-00
safety washer MB8 white galvanized steel A2K,1430110093-00,2098611045-00,3653142136-00
white galvanized steel safety washer type A2K MB8,1430110093-00,2098611045-00,3653142136-00
MB8 safety washer steel white galvanized A2K,1430110093-00,2098611045-00,3653142136-00
washer st2k60 m25 x 36 x 2,9367992085-00,8185323043-00,5441228703-00
st2k60 washer M25x36x2 size,9367992085-00,8185323043-00,5441228703-00
m25 36 2 washer st2k60 type,9367992085-00,8185323043-00,5441228703-00
washer ST2K60 M30 x 42 x 1,4536902446-00,2845499435-00,7497806643-00
ST2K60 washer 30mm inner 42mm outer 1mm thick,4536902446-00,2845499435-00,7497806643-00
M30x42x1 ST2K60 flat washer part,4536902446-00,2845499435-00,7497806643-00
copper plated steel seal washer M14x20x1.5,2605789397-00,7193492054-00,6138551596-00
seal washer copper M14 20x1.5 steel plated,2605789397-00,7193492054-00,6138551596-00
M14x20x1.5 copper steel seal washer plating,2605789397-00,7193492054-00,6138551596-00
copper seal washer M17x22x1.5 steel plated,6051170151-00,2215866549-00,1558823437-00
seal washer copper plated steel 17x22x1.5,6051170151-00,2215866549-00,1558823437-00
M17x22x1.5 copper plated steel seal washer,6051170151-00,2215866549-00,1558823437-00
seal washer copper plated steel M21.5x27x1.5,6973153932-00,8443316906-00,1932500150-00
"copper washer seal M21,5 x 27 x 1.5 steel plated",6973153932-00,8443316906-00,1932500150-00
M21.5x27x1.5 copper coated steel seal washer,6973153932-00,8443316906-00,1932500150-00
copper plated steel seal washer M21x27x1.5,6693547172-00,8244490406-00,9276338271-00
"seal washer copper M21 X 27 X 1,5",6693547172-00,8244490406-00,9276338271-00
M21x27x1.5 seal washer copper plated steel,6693547172-00,8244490406-00,9276338271-00
copper plated steel seal washer M27x33x1.5,7970501472-00,6342300634-00,9937502513-00
M27x33x1.5 copper seal washer steel material,7970501472-00,6342300634-00,9937502513-00
seal washer copper M27x33x1.5 plated steel,7970501472-00,6342300634-00,9937502513-00
seal washer Westaro,9732007045-00,5960374337-00,2551198468-00
Westaro seal washer,9732007045-00,5960374337-00,2551198468-00
washer seal for Westaro,9732007045-00,5960374337-00,2551198468-00
grower elastic washer shape B stainless steel M10,1809871854-00,5345176211-00,4428142357-00
stainless steel grower washer shape B elastic M10,1809871854-00,5345176211-00,4428142357-00
M10 grower elastic washer shape B A2 stainless steel,1809871854-00,5345176211-00,4428142357-00
grower elastic washer shape b m12 stainless steel a2,2210052713-00,1432523498-00,7970501472-00
shape b grower elastic stainless steel washer m12 a2,2210052713-00,1432523498-00,7970501472-00
m12 grower elastic washer type b stainless steel a2,2210052713-00,1432523498-00,7970501472-00
grower elastic washer shape B stainless steel A2 M14,1294937780-00,8575337361-00,6488079350-00
M14 grower elastic washer shape B A2 stainless steel,1294937780-00,8575337361-00,6488079350-00
shape B grower elastic washer A2 stainless steel M14,1294937780-00,8575337361-00,6488079350-00
grower elastic washer shape B M16 stainless steel A2,2709104285-00,1260785993-00,6051170151-00
stainless steel grower elastic washer shape B A2 m16,2709104285-00,1260785993-00,6051170151-00
elastic grower washer shape B A2 stainless steel M16 fastener,2709104285-00,1260785993-00,6051170151-00
grower elastic washer shape B stainless steel A2 M4,5599619248-00,3208232197-00,7778606307-00
shape B grower elastic washer M4 A2 stainless steel,5599619248-00,3208232197-00,7778606307-00
M4 grower elastic washer shape B A2 stainless steel spring type,5599619248-00,3208232197-00,7778606307-00
Grower elastic washer shape B M5 stainless steel A2,2756193419-00,8943879072-00,1430110093-00
Stainless steel Grower elastic washer A2 M5 shape B,2756193419-00,8943879072-00,1430110093-00
M5 Grower elastic washer shape B made of A2 stainless steel,2756193419-00,8943879072-00,1430110093-00
grower elastic washer shape b stainless steel a2 m6,5411138778-00,1207395784-00,6963062415-00
stainless steel grower elastic washer m6 shape b a2,5411138778-00,1207395784-00,6963062415-00
m6 grower elastic washer a2 stainless steel shape b,5411138778-00,1207395784-00,6963062415-00
grower elastic washer shape b M8 stainless steel A2,2469021087-00,8700805601-00,9367992085-00
stainless steel A2 M8 grower elastic washer type B,2469021087-00,8700805601-00,9367992085-00
m8 grower elastic washer shape B A2 stainless steel,2469021087-00,8700805601-00,9367992085-00
grower elastic washer shape B M10 white galvanized steel,5303308423-00,9265943440-00,2469021087-00
M10 grower elastic washer shape B A2K galvanized steel white,5303308423-00,9265943440-00,2469021087-00
elastic grower washer shape B M10 A2K white galvanized steel,5303308423-00,9265943440-00,2469021087-00
grower elastic washer shape B M12 white galvanized steel,6214669592-00,7115681597-00,5431850038-00
M12 grower elastic washer shape B A2K white galvanized steel,6214669592-00,7115681597-00,5431850038-00
white galvanized steel grower spring washer M12 shape B A2K,6214669592-00,7115681597-00,5431850038-00
grower elastic washer shape B m14 white galvanized steel A2K,6835570853-00,5677958469-00,8426806797-00
elastic grower washer M14 shape B A2K white zinc coated,6835570853-00,5677958469-00,8426806797-00
shape B grower washer elastic M14 A2K galvanized steel white,6835570853-00,5677958469-00,8426806797-00
grower elastic washer m16 shape b white galvanized steel,3336498156-00,2156921915-00,3808818546-00
m16 grower elastic washer shape b a2k galvanized steel white,3336498156-00,2156921915-00,3808818546-00
shape b grower elastic washer m16 a2k white galvanized steel,3336498156-00,2156921915-00,3808818546-00
elastic grower washer shape B M18 white galvanized steel,8881076183-00,8605355283-00,5303308423-00
grower washer M18 shape B elastic steel white galvanized,8881076183-00,8605355283-00,5303308423-00
M18 grower elastic washer shape B white galvanized steel,8881076183-00,8605355283-00,5303308423-00
grower elastic washer shape B M20 white galvanized steel,5544830891-00,3163078234-00,6693547172-00
shape B elastic washer grower M20 A2K white galvanized,5544830891-00,3163078234-00,6693547172-00
M20 grower elastic washer white galvanized steel shape B A2K,5544830891-00,3163078234-00,6693547172-00
grower elastic washer shape b white galvanized steel M22,3088262718-00,1599421041-00,1378331381-00
elastic grower washer shape B M22 A2K galvanized white steel,3088262718-00,1599421041-00,1378331381-00
shape B grower washer elastic A2K M22 white galvanized steel,3088262718-00,1599421041-00,1378331381-00
grower elastic washer shape B M24 A2K white galvanized steel,3083433426-00,9695811272-00,2995356510-00
elastic grower washer M24 shape B A2K white galvanized,3083433426-00,9695811272-00,2995356510-00
shape B grower washer elastic M24 A2K galvanized steel white,3083433426-00,9695811272-00,2995356510-00
grower elastic washer shape B M3 white galvanized steel,8400584249-00,3081287116-00,6835570853-00
elastic washer grower shape B A2K M3 galvanized steel white,8400584249-00,3081287116-00,6835570853-00
shape B grower washer elastic M3 steel white galvanized A2K,8400584249-00,3081287116-00,6835570853-00
grower elastic washer shape B M30 white galvanized steel A2K,1378331381-00,9210849690-00,3083433426-00
M30 grower elastic washer shape B A2K white galvanized,1378331381-00,9210849690-00,3083433426-00
shape B grower elastic washer M30 A2K white galvanized steel,1378331381-00,9210849690-00,3083433426-00
grower elastic washer shape B M4 white galvanized steel,6470312653-00,6149920023-00,3182897861-00
elastic washer grower shape B M4 A2K white galvanized steel,6470312653-00,6149920023-00,3182897861-00
grower shape B washer elastic M4 white galvanized steel A2K,6470312653-00,6149920023-00,3182897861-00
grower shape b elastic washer m5 white galvanized steel a2k,5441228703-00,5152658680-00,9276338271-00
m5 grower elastic washer a2k shape b white galvanized,5441228703-00,5152658680-00,9276338271-00
elastic washer grower shape b a2k m5 galvanized white steel,5441228703-00,5152658680-00,9276338271-00
grower elastic washer shape b m6 white galvanized steel,5735698913-00,2589716124-00,2336896288-00
m6 shape b grower elastic washer a2k white galvanized,5735698913-00,2589716124-00,2336896288-00
white galvanized grower elastic washer a2k shape b m6,5735698913-00,2589716124-00,2336896288-00
grower elastic washer shape B M7 white galvanized steel,7124258264-00,6087737330-00,8952877545-00
M7 grower elastic washer shape B A2K galvanized steel white,7124258264-00,6087737330-00,8952877545-00
galvanized steel grower elastic washer shape B M7 white A2K,7124258264-00,6087737330-00,8952877545-00
grower elastic washer shape B M8 white galvanized steel,5852213281-00,5581332631-00,1431389609-00
M8 grower elastic washer type B with white galvanized finish,5852213281-00,5581332631-00,1431389609-00
elastic grower washer shape B M8 steel white galvanization,5852213281-00,5581332631-00,1431389609-00
flat washer a2 stainless steel m10,8592696706-00,1445209486-00,1431389609-00
m10 flat washer a2 stainless steel,8592696706-00,1445209486-00,1431389609-00
stainless steel flat washer m10 a2,8592696706-00,1445209486-00,1431389609-00
stainless steel flat washer M12 A2,3014326085-00,7525291539-00,2336896288-00
flat washer A2 stainless steel size M12,3014326085-00,7525291539-00,2336896288-00
M12 flat washer in A2 stainless steel material,3014326085-00,7525291539-00,2336896288-00
stainless steel flat washer A2 M14,5476556092-00,2790526286-00,5431850038-00
flat washer M14 A2 stainless steel,5476556092-00,2790526286-00,5431850038-00
A2 stainless steel washer flat M14,5476556092-00,2790526286-00,5431850038-00
flat washer stainless steel A2 M16,1570747722-00,9158457183-00,1046625092-00
A2 stainless steel flat washer for M16,1570747722-00,9158457183-00,1046625092-00
stainless flat washer M16 A2 material,1570747722-00,9158457183-00,1046625092-00
stainless steel flat washer A2 M4,4457628282-00,7099357687-00,7817345840-00
flat washer M4 A2 stainless steel,4457628282-00,7099357687-00,7817345840-00
A2 stainless flat washer size M4,4457628282-00,7099357687-00,7817345840-00
flat washer stainless steel A2 M5,9937502513-00,6477628898-00,6009304401-00
A2 stainless flat washer size M5,9937502513-00,6477628898-00,6009304401-00
M5 flat washer steel A2 type,9937502513-00,6477628898-00,6009304401-00
flat washer A2 stainless steel M5x15x1.6,3873262707-00,4330983094-00,2327247503-00
stainless steel flat washer M5 15mm diameter 1.6mm thickness A2,3873262707-00,4330983094-00,2327247503-00
A2 flat washer M5 x 15 x 1.6 stainless steel,3873262707-00,4330983094-00,2327247503-00
flat washer stainless steel a2 M6,7974005612-00,6546106359-00,6009304401-00
A2 stainless flat washer size M6,7974005612-00,6546106359-00,6009304401-00
M6 flat washer stainless steel A2 type,7974005612-00,6546106359-00,6009304401-00
flat washer A2 stainless steel size M8,5431850038-00,5617313420-00,7124258264-00
M8 flat washer stainless steel A2,5431850038-00,5617313420-00,7124258264-00
stainless steel flat washer A2 M8 fastener accessory,5431850038-00,5617313420-00,7124258264-00
flat washer M10 white galvanized steel A2K,9844671434-00,6752727328-00,7733451960-00
A2K M10 flat washer zinc coated white steel,9844671434-00,6752727328-00,7733451960-00
M10 flat washer in white galvanized steel A2K type,9844671434-00,6752727328-00,7733451960-00
flat washer A2K M10 white galvanized steel,9844671434-00,1895782379-00,2066945648-00
white galvanized flat washer M10 A2K,9844671434-00,1895782379-00,2066945648-00
M10 flat washer A2K steel galvanized white,9844671434-00,1895782379-00,2066945648-00
flat washer M12 A2K white galvanized steel,3339120926-00,2036427045-00,5511269683-00
M12 flat washer white galvanized A2K,3339120926-00,2036427045-00,5511269683-00
A2K flat washer size M12 galvanized steel white,3339120926-00,2036427045-00,5511269683-00
flat washer M14 white galvanized steel A2K,6352965674-00,9336756957-00,6603193262-00
A2K flat washer M14 galvanized steel white,6352965674-00,9336756957-00,6603193262-00
M14 flat washer steel white galvanized A2K,6352965674-00,9336756957-00,6603193262-00
flat washer A2K M14 x 44 x 3 white galvanized steel,5380898723-00,3789444311-00,7778606307-00
M14x44x3 flat washer white galvanized A2K steel,5380898723-00,3789444311-00,7778606307-00
A2K flat washer steel M14 44mm diameter 3mm thick white galvanized,5380898723-00,3789444311-00,7778606307-00
flat washer M16 A2K white galvanized steel,2303429008-00,8323037091-00,7394457644-00
white galvanized flat washer steel M16 A2K,2303429008-00,8323037091-00,7394457644-00
M16 flat washer steel A2K white galvanized,2303429008-00,8323037091-00,7394457644-00
flat washer M16x48x4 A2K white galvanized steel,2631728731-00,4796572961-00,2605789397-00
M16x48x4 flat washer A2K galvanized white finish,2631728731-00,4796572961-00,2605789397-00
white galvanized steel flat washer A2K size M16x48x4,2631728731-00,4796572961-00,2605789397-00
flat washer M18 A2K white galvanized steel,5511269683-00,1868052648-00,3832265731-00
M18 flat washer A2K steel white galvanized,5511269683-00,1868052648-00,3832265731-00
white galvanized flat washer M18 A2K steel,5511269683-00,1868052648-00,3832265731-00
flat washer M20 white galvanized steel A2K,3399345551-00,9299975640-00,3832265731-00
A2K flat washer 20mm white galvanized,3399345551-00,9299975640-00,3832265731-00
M20 flat washer A2K white galvanized steel,3399345551-00,9299975640-00,3832265731-00
flat washer M22 A2K white galvanized steel,9189484113-00,1818734295-00,2678278255-00
A2K flat washer M22 with white galvanization,9189484113-00,1818734295-00,2678278255-00
M22 flat washer steel white galvanized A2K,9189484113-00,1818734295-00,2678278255-00
flat washer M24 white galvanized steel A2K,1932500150-00,1376946622-00,3144303627-00
"A2K flat washer M24 steel, white galvanized",1932500150-00,1376946622-00,3144303627-00
M24 flat washer in white galvanized steel A2K,1932500150-00,1376946622-00,3144303627-00
flat washer M3 white galvanized steel A2K,7511541800-00,5419770835-00,1126028490-00
A2K flat washer M3 galvanized steel white,7511541800-00,5419770835-00,1126028490-00
M3 flat washer white galvanized steel A2K type,7511541800-00,5419770835-00,1126028490-00
flat washer M30 white galvanized steel A2K,9557184959-00,3748866368-00,3339120926-00
A2K flat washer M30 galvanized steel white,9557184959-00,3748866368-00,3339120926-00
white galvanized steel flat washer A2K M30,9557184959-00,3748866368-00,3339120926-00
m4 flat washer a2k white galvanized steel,7604168415-00,1641822704-00,3066371197-00
A2K galvanized M4 flat washer,7604168415-00,1641822704-00,3066371197-00
flat washer white galvanized steel m4 a2k type,7604168415-00,1641822704-00,3066371197-00
M5 galvanized steel flat washer A2K,1684555397-00,4930835243-00,2300869594-00
White steel flat washer A2K M5 galvanized,1684555397-00,4930835243-00,2300869594-00
a2k m5 flat washer galvanized steel white,1684555397-00,4930835243-00,2300869594-00
m6 flat washer a2k white galvanized steel,2538868426-00,1517496950-00,5599619248-00
"A2K M6 washer, flat steel, galvanized white",2538868426-00,1517496950-00,5599619248-00
white galv steel flatwasher M6 A2K,2538868426-00,1517496950-00,5599619248-00
washer flat m8 a2k galvanized steel,6603193262-00,2599343660-00,3399345551-00
a2k flat washer steel m8 white/galvanized,6603193262-00,2599343660-00,3399345551-00
m8 flat washer white galvanized steel a2k type,6603193262-00,2599343660-00,3399345551-00
brass flat washer M10 CW508L,4214798508-00,5440054076-00,3808818546-00
M10 CW508L flat washer / brass type,4214798508-00,5440054076-00,3808818546-00
washer CW508L brass flat M10,4214798508-00,5440054076-00,3808818546-00
brass washer m12 cw508l flat type,7734476041-00,5116269099-00,9835640929-00
m12 flat washer cw508l brass material,7734476041-00,5116269099-00,9835640929-00
cw508l brass flat washer with m12 size,7734476041-00,5116269099-00,9835640929-00
washer m16 flat cw508l brass,2327247503-00,6750692513-00,5917366663-00
brass flat washer cw508L m16 size,2327247503-00,6750692513-00,5917366663-00
m16 cw508L flat washer brass type,2327247503-00,6750692513-00,5917366663-00
brass flat washer M5 CW508L,1558823437-00,1782609923-00,2678278255-00
CW508L washer flat M5/brass,1558823437-00,1782609923-00,2678278255-00
M5 flat washer in brass CW508L material,1558823437-00,1782609923-00,2678278255-00
brass flat washer m8 cw508l,2995356510-00,4464470975-00,6488079350-00
M8 CW508L flat washer / brass,2995356510-00,4464470975-00,6488079350-00
washer flat brass cw508l m8,2995356510-00,4464470975-00,6488079350-00
m4 a2 flat washer 12mm 1mm thick stainless,4295597107-00,5986859531-00,3801883632-00
stainless steel flat washer large m4x12x1 a2,4295597107-00,5986859531-00,3801883632-00
A2 M4 12 1 large flat washer stainless steel,4295597107-00,5986859531-00,3801883632-00
a2 stainless steel flat washer m4 x 15 x 3,2551198468-00,8080092186-00,1126028490-00
large flat washer m4x15x3 a2 stainless,2551198468-00,8080092186-00,1126028490-00
stainless m4 x 15 x 3 large flat washer a2,2551198468-00,8080092186-00,1126028490-00
m5 stainless washer A2 15mm diameter 1.2 thickness,2336896288-00,4893172831-00,8592696706-00
a2 flat washer large m5x15x1.2 stainless,2336896288-00,4893172831-00,8592696706-00
M5x15x1.2 large flat washer in stainless/A2,2336896288-00,4893172831-00,8592696706-00
a2 m5 flat washer 15mm 1.2 thick large stainless,2336896288-00,8413622314-00,6973153932-00
large stainless steel flat washer m5x15x1.2 a2,2336896288-00,8413622314-00,6973153932-00
m5 x 15 x 1.2 flat washer large a2 stainless,2336896288-00,8413622314-00,6973153932-00
large flat washer M6 x 24 x 2 stainless A2,7387154897-00,7976170256-00,6764592654-00
A2 M6/24/2 flat washer stainless steel large,7387154897-00,7976170256-00,6764592654-00
stainless flat washer large size M6-24-2,7387154897-00,7976170256-00,6764592654-00
large flat washer A2K M10x30x2.5 white galvanized steel,3633311233-00,2859125868-00,6352965674-00
"M10x30x2.5 flat washer, large, white galvanized A2K",3633311233-00,2859125868-00,6352965674-00
flat washers M10 30 2.5 large white galvanized steel,3633311233-00,2859125868-00,6352965674-00
flat washer large A2K M12 x 35 x 5 galvanized steel,4453967750-00,8534736814-00,7643733072-00
M12x35x5 flat washer large white steel,4453967750-00,8534736814-00,7643733072-00
large flat washer m12 35mm 5mm A2K galvanised,4453967750-00,8534736814-00,7643733072-00
large flat washer M12 36mm 3mm A2K,2771391001-00,6154628649-00,2066945648-00
M12x36x3 flat washer white galvanized steel,2771391001-00,6154628649-00,2066945648-00
flat washer large A2K M12 3mm thickness,2771391001-00,6154628649-00,2066945648-00
flat washer A2K M13x35x5 galvanized steel,2257511613-00,4141074622-00,9844671434-00
large flat washer white M13 35mm x5,2257511613-00,4141074622-00,9844671434-00
M13 x 35 x 5 flat washer large steel A2K,2257511613-00,4141074622-00,9844671434-00
flat washer M17 x 45 x 6 A2K large white steel,2952509661-00,9387064486-00,3336498156-00
large flat washer galvanized steel M17/45/6,2952509661-00,9387064486-00,3336498156-00
M17x45x6 white steel flat washer A2K large,2952509661-00,9387064486-00,3336498156-00
M21x50x6 flat washer large A2K white galvanized steel,5955385582-00,5173715598-00,7970501472-00
"large FLAT washer A2K steel, M21 50 6 dimensions",5955385582-00,5173715598-00,7970501472-00
"white galvanized flat washer, large M21x50x6",5955385582-00,5173715598-00,7970501472-00
large flat washer M25x60x8 white galvanized steel,3030593180-00,4074921857-00,3633311233-00
flat washer A2K M25 60 8 large white steel,3030593180-00,4074921857-00,3633311233-00
M25x60x8 flat washer galvanized white steel large,3030593180-00,4074921857-00,3633311233-00
large flat washer M31x68x10 A2K white galvanized steel,6077061732-00,7212344264-00,7778606307-00
flat washer white galvanized steel 68x10 M31 large,6077061732-00,7212344264-00,7778606307-00
M31 A2K flat washer large 68x10 white galvanized,6077061732-00,7212344264-00,7778606307-00
flat washer large A2K steel M4x12x1,7510141127-00,7013411208-00,6352965674-00
M4 12 1 flat washer large white galvanized,7510141127-00,7013411208-00,6352965674-00
large flat washer steel 4x12x1 galvanized,7510141127-00,7013411208-00,6352965674-00
large flat washer A2K steel M6 17x3 white,3252594469-00,9051475783-00,6603193262-00
M6 flat washer 17mmx3mm large white galvanized A2K steel,3252594469-00,9051475783-00,6603193262-00
washer flat large M6 17 3 white galvanized steel,3252594469-00,9051475783-00,6603193262-00
flat washer large A2K steel m6 18 2 white galvanized,1431389609-00,4167410991-00,1046625092-00
M6 x 18 x 2 flat washer large white zinc coated,1431389609-00,4167410991-00,1046625092-00
large flat washer m6/18/2 white galvanized steel,1431389609-00,4167410991-00,1046625092-00
large M6 24x2 washer A2K flat galvanized white steel,1126028490-00,8088390816-00,7894897755-00
flat washer M6x24x2 white galvanized steel large,1126028490-00,8088390816-00,7894897755-00
M6 24x2 large flat washer A2K white steel,1126028490-00,8088390816-00,7894897755-00
FLAT WASHER LARGE A2K M6x24x2 steel white galvanized,1126028490-00,7351292732-00,1648801175-00
M6 x 24 x 2 FLAT WASHER large white galvanized steel,1126028490-00,7351292732-00,1648801175-00
large flat washer M6/24/2 A2K galvanized steel white,1126028490-00,7351292732-00,1648801175-00
FLAT washer LARGE A2K M8 x 23 x 4 galvanized,9728025833-00,6591331085-00,1648801175-00
M8x23x4 flat washer white large steel,9728025833-00,6591331085-00,1648801175-00
large flat steel washer M8 23mm 4mm A2K,9728025833-00,6591331085-00,1648801175-00
flat washer M8x24x2 white galvanized steel large,6764592654-00,2679738386-00,4763264514-00
large flat washer A2K steel M8 24mm outer diameter 2mm thick,6764592654-00,2679738386-00,4763264514-00
M8 x 24 x 2 flat washer large A2K white galvanized,6764592654-00,2679738386-00,4763264514-00
flat washer large a2k m8 32x2 white galvanized,1648801175-00,3763476385-00,8019776574-00
m8 flat washer 32x2 large a2k galvanized steel,1648801175-00,3763476385-00,8019776574-00
large flat washer M8x32x2 white steel a2k,1648801175-00,3763476385-00,8019776574-00
large nylon flat washer m12 37mm,4428142357-00,4807814893-00,3066371197-00
m12x37 nylon washer flat large,4428142357-00,4807814893-00,3066371197-00
flat washer nylon large size m12 37,4428142357-00,4807814893-00,3066371197-00
flat washer stainless steel large m6 18x2,4563825986-00,1870525316-00,4594330070-00
large a2 flat washer m6x18x2,4563825986-00,1870525316-00,4594330070-00
m6x18x2 stainless flat washer large,4563825986-00,1870525316-00,4594330070-00
square wedge washer A2K M10 galvanized steel,4069051559-00,7707915166-00,1126028490-00
M10 square wedge-shaped white-coated washer,4069051559-00,7707915166-00,1126028490-00
square wedge-shaped washer M10 steel A2K white zinc,4069051559-00,7707915166-00,1126028490-00
M12 square wedge washer A2K galvanized steel,9714124213-00,4823204896-00,9732007045-00
wedge-shaped steel washer square M12 white galvanized,9714124213-00,4823204896-00,9732007045-00
square M12 wedge washer A2K coated,9714124213-00,4823204896-00,9732007045-00
M18 square wedge washer white galvanized A2K,3071439359-00,9358750566-00,9276338271-00
wedge-shaped washer M18 galvanized square white steel,3071439359-00,9358750566-00,9276338271-00
A2K M18 square wedge-shaped washer galvanized steel,3071439359-00,9358750566-00,9276338271-00
square M20 wedge-shaped washer white galvanized steel,7563435984-00,7518381135-00,6138551596-00
"A2K M20 square washer, wedge type, steel galvanized white",7563435984-00,7518381135-00,6138551596-00
M20 white steel square washer wedge-shaped A2K,7563435984-00,7518381135-00,6138551596-00
square wedge washer A2K M8 galvanized,6963062415-00,5102587125-00,5441228703-00
M8 square wedge washer white galvanized steel,6963062415-00,5102587125-00,5441228703-00
galvanized steel square wedge-shaped M8 washer,6963062415-00,5102587125-00,5441228703-00
kaldrix safety washer A2 stainless steel M10,8426806797-00,8724841823-00,1932500150-00
safety washer M10 stainless KALDRIX A2,8426806797-00,8724841823-00,1932500150-00
M10 KALDRIX stainless steel safety washer,8426806797-00,8724841823-00,1932500150-00
KALDRIX safety washer M12 stainless steel,5693143967-00,1826684776-00,2952509661-00
M12 KALDRIX washer A2 stainless,5693143967-00,1826684776-00,2952509661-00
stainless steel KALDRIX washer M12,5693143967-00,1826684776-00,2952509661-00
kaldrix washer m14 stainless steel a2,2226715329-00,3748907827-00,6737430838-00
m14 kaldrix safety washer stainless a2,2226715329-00,3748907827-00,6737430838-00
stainless steel kaldrix safety washer m14,2226715329-00,3748907827-00,6737430838-00
KALDRIX M16 safety washer A2 stainless,8090921104-00,9745921972-00,9844671434-00
M16 KALDRIX stainless steel safety washer,8090921104-00,9745921972-00,9844671434-00
KALDRIX A2 safety washer M16 stainless steel,8090921104-00,9745921972-00,9844671434-00
KALDRIX M18 safety washer A2 stainless,3182897861-00,8501645232-00,2995356510-00
Stainless steel KALDRIX washer A2 M18,3182897861-00,8501645232-00,2995356510-00
M18 KALDRIX A2 safety washer stainless steel,3182897861-00,8501645232-00,2995356510-00
"KALDRIX M2,5 safety washer A2 stainless steel",8952877545-00,3810906932-00,7970501472-00
stainless KALDRIX safety washer M2.5 A2,8952877545-00,3810906932-00,7970501472-00
M2.5 KALDRIX washer A2 stainless safety,8952877545-00,3810906932-00,7970501472-00
safety washer KALDRIX stainless A2 M20,5988207918-00,8983831494-00,2678278255-00
M20 KALDRIX stainless steel safety washer,5988207918-00,8983831494-00,2678278255-00
A2 M20 KALDRIX washer stainless steel,5988207918-00,8983831494-00,2678278255-00
kaldrix safety washer stainless steel A2 M22,2604472017-00,3892688398-00,3144303627-00
safety washer M22 KALDRIX stainless A2,2604472017-00,3892688398-00,3144303627-00
stainless steel KALDRIX washer M22,2604472017-00,3892688398-00,3144303627-00
KALDRIX M24 safety washer A2 stainless,6737430838-00,6752727328-00,3873262707-00
M24 KALDRIX stainless steel safety washer,6737430838-00,6752727328-00,3873262707-00
A2 KALDRIX safety washer M24 stainless,6737430838-00,6752727328-00,3873262707-00
kaldrix safety washer m3 stainless steel,7778606307-00,6173154583-00,3236853584-00
a2 m3 kaldrix washer steel safety,7778606307-00,6173154583-00,3236853584-00
stainless kaldrix m3 safety washer,7778606307-00,6173154583-00,3236853584-00
KALDRIX A2 safety washer M4 stainless,1052597007-00,5789814708-00,3285264200-00
M4 KALDRIX stainless steel safety washer A2,1052597007-00,5789814708-00,3285264200-00
safety washer KALDRIX M4 A2 stainless steel,1052597007-00,5789814708-00,3285264200-00
KALDRIX safety washer M5 stainless steel A2,2474448039-00,2322483775-00,5955385582-00
M5 KALDRIX A2 washer stainless safety type,2474448039-00,2322483775-00,5955385582-00
safety washer KALDRIX A2 M5 stainless material,2474448039-00,2322483775-00,5955385582-00
KALDRIX washer A2 stainless steel M6,6488079350-00,2942663287-00,3336498156-00
M6 KALDRIX safety washer stainless A2,6488079350-00,2942663287-00,3336498156-00
safety washer M6 KALDRIX A2 stainless steel,6488079350-00,2942663287-00,3336498156-00
KALDRIX M8 safety washer A2 stainless steel,3285264200-00,8946535786-00,7497806643-00
A2 KALDRIX washer M8 stainless steel,3285264200-00,8946535786-00,7497806643-00
M8 stainless KALDRIX safety washer,3285264200-00,8946535786-00,7497806643-00
KALDRIX M10 safety washer A2K,5696356045-00,7458208800-00,8592696706-00
M10 KALDRIX safety washer white galvanized steel,5696356045-00,7458208800-00,8592696706-00
White galvanized KALDRIX washer M10 A2K,5696356045-00,7458208800-00,8592696706-00
kaldrix safety washer m12 galvanized steel A2K,5594889711-00,6349191418-00,3030593180-00
M12 white galvanized kaldrix washer safety type,5594889711-00,6349191418-00,3030593180-00
A2K safety washer steel kaldrix m12,5594889711-00,6349191418-00,3030593180-00
Kaldrix washer M14 steel white galvanized A2K,9276338271-00,1896353070-00,6835570853-00
"KALDRIX safety washer A2K, size M14, galvanized",9276338271-00,1896353070-00,6835570853-00
M14 Kaldrix washer A2K white steel,9276338271-00,1896353070-00,6835570853-00
kaldrix m16 safety washer white galvanized,8019776574-00,8767108517-00,1558823437-00
m16 kaldrix washer a2k steel,8019776574-00,8767108517-00,1558823437-00
safety washer kaldrix m16 white galvanized steel,8019776574-00,8767108517-00,1558823437-00
KALDRIX M18 SAFETY WASHER white galvanized steel,2743366945-00,9985019990-00,2161661959-00
M18 KALDRIX washer A2K safety type,2743366945-00,9985019990-00,2161661959-00
SAFETY WASHER KALDRIX M18 galvanized white,2743366945-00,9985019990-00,2161661959-00
kaldrix a2k m2 safety washer white galvanized,6412652996-00,3113830218-00,7387154897-00
safety washer M2 kaldrix A2K white galvanized steel,6412652996-00,3113830218-00,7387154897-00
white galvanized kaldrix M2 steel safety washer a2k,6412652996-00,3113830218-00,7387154897-00
kaldrix m20 safety washer a2k galvanized,5612443179-00,7255109294-00,5217076625-00
safety washer kaldrix m20 white steel,5612443179-00,7255109294-00,5217076625-00
m20 kaldrix washer galvanized steel,5612443179-00,7255109294-00,5217076625-00
KALDRIX safety washer M22 galvanized steel,8368482762-00,3178453665-00,4453967750-00
M22 KALDRIX washer A2K white steel,8368482762-00,3178453665-00,4453967750-00
safety washer KALDRIX M22 white galvanized,8368482762-00,3178453665-00,4453967750-00
KALDRIX safety washer M24 white galvanized,7817345840-00,5322750371-00,8025235221-00
M24 KALDRIX washer A2K steel,7817345840-00,5322750371-00,8025235221-00
White galvanized KALDRIX safety washer A2K M24,7817345840-00,5322750371-00,8025235221-00
kaldrix safety washer m3 white galvanized steel,7643733072-00,1360735004-00,3071439359-00
safety washer A2K M3 kaldrix galvanized,7643733072-00,1360735004-00,3071439359-00
"M3 kaldrix washer, white steel safety",7643733072-00,1360735004-00,3071439359-00
kaldrix safety washer m4 white galvanized,8318286175-00,3300579673-00,6603193262-00
m4 kaldrix washer steel a2k surface finish,8318286175-00,3300579673-00,6603193262-00
a2k kaldrix safety washer galvanized steel m4,8318286175-00,3300579673-00,6603193262-00
kaldrix a2k safety washer m5 white galvanized,3801883632-00,5677958469-00,5955385582-00
m5 kaldrix safety washer steel a2k galvanized,3801883632-00,5677958469-00,5955385582-00
safety washer kaldrix a2k m5 white steel,3801883632-00,5677958469-00,5955385582-00
KALDRIX safety washer M6 A2K white galvanized steel,3066371197-00,5767660249-00,5303308423-00
M6 safety washer KALDRIX A2K galvanized steel,3066371197-00,5767660249-00,5303308423-00
white galvanized steel KALDRIX washer M6 A2K,3066371197-00,5767660249-00,5303308423-00
KALDRIX M8 safety washer galvanized steel A2K,2066945648-00,8994100422-00,3653142136-00
M8 KALDRIX washer white safety steel,2066945648-00,8994100422-00,3653142136-00
safety washer M8 A2K galvanized steel KALDRIX,2066945648-00,8994100422-00,3653142136-00
Spherical Washer Shape C C50 M12,7894897755-00,1515535636-00,2743366945-00
Shape C C50 M12 spherical washer,7894897755-00,1515535636-00,2743366945-00
M12 spherical washer shape C C50,7894897755-00,1515535636-00,2743366945-00
Spherical Washer Shape C C50 M16,2678278255-00,5419770835-00,1932500150-00
Shape C M16 C50 spherical washer,2678278255-00,5419770835-00,1932500150-00
M16 spherical washer C50 shape C,2678278255-00,5419770835-00,1932500150-00
C50 M20 spherical washer shape C,9835640929-00,8418420037-00,1652967927-00
spherical washer type C size C50 M20,9835640929-00,8418420037-00,1652967927-00
C shape washer M20 dimension C50,9835640929-00,8418420037-00,1652967927-00
Spherical washer shape C M8 C50,4594330070-00,2771452835-00,2303429008-00
M8 C50 spherical washer type C,4594330070-00,2771452835-00,2303429008-00
shape C M8 washer spherical C50,4594330070-00,2771452835-00,2303429008-00
M13X35 washer +QT,2161661959-00,8810070590-00,2469021087-00
washer size M13 35mm +QT,2161661959-00,8810070590-00,2469021087-00
+QT washer 13mm x 35mm,2161661959-00,8810070590-00,2469021087-00
CAGE NUT M6x4.5-8 S=1.7-2.5 galvanized steel,8631876834-00,3252594469-00,9788886065-00
A2K M6 CAGE NUT White steel S=1.7-2.5,8631876834-00,3252594469-00,9788886065-00
galvanized CAGE NUT M6x4.5-8 A2K S=1.7-2.5,8631876834-00,3252594469-00,9788886065-00
CAGE NUT C 806-15 M6,9645658988-00,8234565308-00,4292268847-00
M6 CAGE NUT 806-15,9645658988-00,8234565308-00,4292268847-00
CAGE NUT 806-15 for M6,9645658988-00,8234565308-00,4292268847-00
CAGE NUT CJ 4815-1,1680230506-00,4212432744-00,7071292323-00
CJ 4815-1 CAGE NUT,1680230506-00,4212432744-00,7071292323-00
CAGE NUT part number CJ 4815-1,1680230506-00,4212432744-00,7071292323-00
DADO AUTOBL FLANGIATO M6-6 White galvanized steel,3650234567-00,1143851458-00,6341704425-00
DADO ZIGRINATO A2K M6-6 FLANGIATO,3650234567-00,1143851458-00,6341704425-00
M6-6 Flanged self-locking nut White galvanized steel,3650234567-00,1143851458-00,6341704425-00
DADO M8-6 White galvanized steel ZIGRINATO AUTOBL.FLANGIATO,3137142682-00,2078359379-00,9723645203-00
DADO AUTOBL. M8-6 Flangiato galvanized steel ZIGRINATO,3137142682-00,2078359379-00,9723645203-00
M8-6 DADO ZIGRINATO AUTOBL.FLANGIATO galvanized steel,3137142682-00,2078359379-00,9723645203-00
DADO CIECO CALOTTA SFERICA M10-6 galvanized steel,3711982227-00,9007191352-00,7015268682-00
White galvanized steel DADO CIECO CALOTTA SFERICA A2K M10-6,3711982227-00,9007191352-00,7015268682-00
M10-6 DADO CIECO CALOTTA SFERICA steel A2K,3711982227-00,9007191352-00,7015268682-00
hexagon nut high M10-6 white galvanized steel,3166246449-00,1872210053-00,2789360096-00
M10-6 high hexagonal nut A2K,3166246449-00,1872210053-00,2789360096-00
A2K high hex nut M10-6 galvanized steel,3166246449-00,1872210053-00,2789360096-00
HEXAGONAL NUT M12-6 White galvanized A2K high,2596794819-00,9276516840-00,1440891966-00
high A2K M12-6 hex nut galvanized steel,2596794819-00,9276516840-00,1440891966-00
M12-6 HEXAGONAL NUT high A2K white galvanized,2596794819-00,9276516840-00,1440891966-00
HEX NUT HIGH A2K M14-6 galvanized steel,9315899660-00,7882473440-00,3711982227-00
M14-6 HEXAGON NUT HIGH White steel,9315899660-00,7882473440-00,3711982227-00
High hex nut M14-6 A2K galvanized,9315899660-00,7882473440-00,3711982227-00
HEXAGONAL NUT HIGH A2K M16-6 white galvanized steel,6704039474-00,3286024653-00,8434447630-00
M16-6 HEXAGONAL NUT HIGH galvanised steel,6704039474-00,3286024653-00,8434447630-00
high hexagonal nut M16-6 A2K white galvanized,6704039474-00,3286024653-00,8434447630-00
HEXAGONAL NUT M18-6 High A2K galvanized steel,8570551709-00,7914843151-00,1871950127-00
M18-6 High Hex Nut White steel,8570551709-00,7914843151-00,1871950127-00
High HEXAGONAL NUT A2K M18-6 galvanized,8570551709-00,7914843151-00,1871950127-00
HEXAGONAL NUT M20-6 high A2K white galvanized steel,2233951822-00,2128548752-00,7071292323-00
M20-6 high hex nut A2K white galvanized,2233951822-00,2128548752-00,7071292323-00
high hex nut galvanized steel M20-6 A2K,2233951822-00,2128548752-00,7071292323-00
HEX NUT HIGH A2K M24-6 galvanized,6154628649-00,8361149774-00,7295438312-00
M24-6 Hexagonal Nut High White steel,6154628649-00,8361149774-00,7295438312-00
High Hex Nut M24-6 A2K White galvanized,6154628649-00,8361149774-00,7295438312-00
HEXAGONAL NUT HIGH m3-6 galvanized steel A2K,8629637526-00,4411161347-00,5316813243-00
M3-6 high hex nut white galvanized steel,8629637526-00,4411161347-00,5316813243-00
high hex nut A2K M3-6 white galvanized,8629637526-00,4411161347-00,5316813243-00
HEXAGONAL NUT M30-6 high A2K White galvanized steel,7124833478-00,8277383510-00,3711982227-00
M30-6 high HEXAGONAL NUT galvanized steel,7124833478-00,8277383510-00,3711982227-00
HEXAGONAL NUT high M30-6 A2K White steel,7124833478-00,8277383510-00,3711982227-00
HEX NUT HIGH A2K M30x2-6,6085123772-00,9192194133-00,5675130171-00
M30x2-6 Hexagonal Nut White galvanized steel,6085123772-00,9192194133-00,5675130171-00
High Hex Nut M30 x 2 6 A2K,6085123772-00,9192194133-00,5675130171-00
HEX NUT M4-6 high A2K white galvanized steel,1440891966-00,2407885247-00,5509613879-00
high hexagonal nut galvanized steel M4-6,1440891966-00,2407885247-00,5509613879-00
A2K high hex nut M4-6 white steel,1440891966-00,2407885247-00,5509613879-00
HEX NUT M6-6 High A2K white galvanized steel,2702873845-00,2715100092-00,3280639713-00
M6-6 High Hexagon Nut galvanized steel,2702873845-00,2715100092-00,3280639713-00
High Hex Nut A2K M6-6 white galvanized,2702873845-00,2715100092-00,3280639713-00
HEXAGONAL NUT HIGH A2K M8-6 White galvanized steel,9723645203-00,4594330070-00,2126668815-00
M8-6 Hexagonal Nut High galvanized steel,9723645203-00,4594330070-00,2126668815-00
High HEXAGONAL NUT M8-6 A2K White Steel,9723645203-00,4594330070-00,2126668815-00
SELF LOCKING NUT M8-6 White galvanized steel,8091613231-00,1194332529-00,8230451596-00
M8-6 self locking high nut A2K,8091613231-00,1194332529-00,8230451596-00
galvanized steel self-locking nut M8-6 high,8091613231-00,1194332529-00,8230451596-00
SELF-LOCKING NUT M10-8 white galvanized steel high,6986135211-00,6018052738-00,9645658988-00
M10-8 high self-locking nut A2K steel,6986135211-00,6018052738-00,9645658988-00
high self-locking nut galvanized steel M10-8,6986135211-00,6018052738-00,9645658988-00
SELF-LOCKING NUT HIGH M10x1.25-8 White galvanized steel,2205046870-00,7296303178-00,8545733832-00
M10x1.25-8 self-locking nut high A2K galvanized,2205046870-00,7296303178-00,8545733832-00
High self-locking nut M10x1.25 8 White steel,2205046870-00,7296303178-00,8545733832-00
SELF-LOCKING NUT HIGH M10x1.25-8 galvanized steel,2205046870-00,4168905563-00,1612358200-00
M10x1.25-8 self-locking nut high A2K,2205046870-00,4168905563-00,1612358200-00
high self-locking nut White galvanized steel M10x1.25-8,2205046870-00,4168905563-00,1612358200-00
SELF-LOCKING NUT M12-8 high A2K galvanized steel,5047489690-00,1321057021-00,2789360096-00
high strength self-locking M12-8 nut white galvanized,5047489690-00,1321057021-00,2789360096-00
M12-8 high self-locking nut A2K white steel,5047489690-00,1321057021-00,2789360096-00
SELF-LOCKING NUT HIGH M12x1.25-8 White galvanized steel,1698692338-00,9998240700-00,8067527976-00
M12x1.25-8 HIGH self-locking nut A2K galvanized steel,1698692338-00,9998240700-00,8067527976-00
high self-locking nut A2K M12 x 1.25-8 white galvanized,1698692338-00,9998240700-00,8067527976-00
SELF-LOCKING NUT M14-8 high A2K galvanized steel,9125241032-00,7959077921-00,3409786374-00
M14-8 self-locking nut high white steel,9125241032-00,7959077921-00,3409786374-00
high self-locking nut M14-8 A2K galvanized,9125241032-00,7959077921-00,3409786374-00
SELF-LOCKING NUT HIGH M14x1.5-8 White galvanized steel,8542570623-00,2742017990-00,2205046870-00
M14x1.5-8 SELF-LOCKING NUT HIGH A2K galvanized,8542570623-00,2742017990-00,2205046870-00
High self-locking nut M14 x 1.5-8 material A2K steel,8542570623-00,2742017990-00,2205046870-00
SELF-LOCKING NUT M16-8 high A2K white galvanized steel,2873901855-00,7242319851-00,4593310304-00
M16-8 high self-locking nut galvanized steel A2K,2873901855-00,7242319851-00,4593310304-00
nut high A2K M16-8 self-locking white galvanized steel,2873901855-00,7242319851-00,4593310304-00
SELF-LOCKING NUT M16x1.5-8 A2K high,8343697990-00,1290053134-00,2205046870-00
M16x1.5-8 high self-locking nut galvanized steel,8343697990-00,1290053134-00,2205046870-00
high self-locking nut A2K M16x1.5-8 white galvanized,8343697990-00,1290053134-00,2205046870-00
high SELF-LOCKING NUT M20-8 galvanized steel,3896168300-00,1126995875-00,3903406802-00
M20-8 self-locking nut high White A2K,3896168300-00,1126995875-00,3903406802-00
A2K high self-locking nut M20-8 galvanized steel,3896168300-00,1126995875-00,3903406802-00
SELF-LOCKING NUT M20x1.5-8 High A2K White galvanized steel,3409786374-00,5869386826-00,7071292323-00
M20 x 1.5-8 Self-locking Nut High Grade A2K galvanized,3409786374-00,5869386826-00,7071292323-00
High self-locking nut M20 1.5 8 White galvanized steel,3409786374-00,5869386826-00,7071292323-00
SELF-LOCKING NUT M24-8 White galvanized steel,1388223722-00,2583664143-00,2091151423-00
HIGH A2K SELF-LOCKING NUT M24-8,1388223722-00,2583664143-00,2091151423-00
M24-8 SELF-LOCKING NUT high grade galvanized steel,1388223722-00,2583664143-00,2091151423-00
SELF-LOCKING NUT M24x2-8 A2K galvanized steel,4167410991-00,3653142136-00,9639799876-00
M24x2-8 high self-locking nut White steel,4167410991-00,3653142136-00,9639799876-00
high self-locking nut M24x2-8 A2K White galvanized,4167410991-00,3653142136-00,9639799876-00
SELF-LOCKING NUT HIGH A2K M3 8,5352356648-00,7449618970-00,8230451596-00
high self-locking nut White galvanized steel M3-8,5352356648-00,7449618970-00,8230451596-00
M3-8 self-lock nut high A2K galvanized steel,5352356648-00,7449618970-00,8230451596-00
SELF-LOCKING NUT M30-8 high galvanized White steel,8390094954-00,8888866174-00,1461569135-00
M30-8 high self-locking nut in A2K steel,8390094954-00,8888866174-00,1461569135-00
high A2K self-locking nut M30-8 White galvanised steel,8390094954-00,8888866174-00,1461569135-00
SELF-LOCKING NUT M30x2-8 high galvanized steel A2K,6400451842-00,5276410858-00,9183626126-00
M30x2-8 high self-locking nut white steel,6400451842-00,5276410858-00,9183626126-00
high self-locking nut A2K M30x2-8 white galvanized,6400451842-00,5276410858-00,9183626126-00
SELF LOCKING NUT HIGH M3x0.5-8 White galvanized steel,9367332368-00,2650208388-00,6473846417-00
M3x0.5-8 Self-locking nut high A2K,9367332368-00,2650208388-00,6473846417-00
High self-locking nut galvanized M3x0.5-8,9367332368-00,2650208388-00,6473846417-00
SELF-LOCKING NUT M4-8 A2K White galvanized steel,6954739972-00,5396269374-00,6758530756-00
high SELF-LOCKING NUT M4 8 White galvanized steel,6954739972-00,5396269374-00,6758530756-00
M4-8 high self-locking nut galvanized A2K,6954739972-00,5396269374-00,6758530756-00
SELF LOCKING NUT M4x0.5-8 White galvanized A2K,1319770837-00,1796405131-00,5509613879-00
M4x0.5-8 HIGH SELF-LOCKING NUT galvanized steel,1319770837-00,1796405131-00,5509613879-00
A2K self-locking nut M4 0.5-8 White high,1319770837-00,1796405131-00,5509613879-00
SELF-LOCKING NUT M5-8 High White galvanized steel,6099664890-00,5379178942-00,2080562227-00
High A2K M5-8 self-locking nut galvanized steel,6099664890-00,5379178942-00,2080562227-00
M5-8 self-locking nut high galvanized steel A2K,6099664890-00,5379178942-00,2080562227-00
SELF LOCKING NUT M5x0.5-8 White galvanized steel,5477398477-00,8030213686-00,9117551575-00
M5x0.5-8 HIGH self locking nut A2K,5477398477-00,8030213686-00,9117551575-00
HIGH self-locking nut galvanized steel M5x0.5-8,5477398477-00,8030213686-00,9117551575-00
self-locking nut M6-8 high white galvanized steel,3065840761-00,5509206431-00,9645658988-00
M6-8 high self-locking nut A2K coated,3065840761-00,5509206431-00,9645658988-00
nut self-locking high A2K M6-8 galvanized steel,3065840761-00,5509206431-00,9645658988-00
SELF-LOCKING NUT HIGH M6x0.75-8 galvanized steel,6473846417-00,5074445582-00,1698692338-00
M6x0.75-8 self-locking nut high A2K white,6473846417-00,5074445582-00,1698692338-00
high self-locking nut M6x0.75-8 steel galvanized,6473846417-00,5074445582-00,1698692338-00
SELF LOCKING NUT M8-8 White galvanized steel HIGH A2K,2884271768-00,6373766664-00,5316813243-00
M8-8 HIGH self-locking nut White galvanized,2884271768-00,6373766664-00,5316813243-00
high self-locking nut A2K M8-8 galvanized steel,2884271768-00,6373766664-00,5316813243-00
SELF-LOCKING NUT M8-8 White galvanized steel high A2K,2884271768-00,9480496381-00,1444121761-00
M8-8 self-locking high nut White galvanized steel,2884271768-00,9480496381-00,1444121761-00
High A2K self-locking nut M8-8 galvanized steel,2884271768-00,9480496381-00,1444121761-00
SELF LOCKING NUT HIGH M8x1-8 galvanized steel,1451158850-00,6145820055-00,7071292323-00
M8x1-8 SELF-LOCKING NUT HIGH white galvanized,1451158850-00,6145820055-00,7071292323-00
high SELF-LOCKING NUT M8x1-8 steel A2K,1451158850-00,6145820055-00,7071292323-00
SELF LOCKING NUT Low A2 M10-50,4593310304-00,9935696508-00,9645658988-00
M10-50 Low Self-Locking Nut Stainless Steel,4593310304-00,9935696508-00,9645658988-00
Stainless Steel SELF LOCKING NUT M10-50 Low,4593310304-00,9935696508-00,9645658988-00
SELF-LOCKING NUT M14-50 Low A2 Stainless,3325522719-00,2368003050-00,6291754020-00
"M14-50 Low self-locking nut, Stainless Steel A2",3325522719-00,2368003050-00,6291754020-00
"Low self-locking nut A2, M14 size 50 stainless",3325522719-00,2368003050-00,6291754020-00
SELF LOCKING NUT LOW M16-50 A2 Stainless Steel,7256209367-00,6349191418-00,6835565995-00
M16-50 LOW Self-locking Nut A2,7256209367-00,6349191418-00,6835565995-00
Stainless Steel M16-50 Self-locking Nut Low,7256209367-00,6349191418-00,6835565995-00
SELF LOCKING NUT LOW M3-50 A2 Stainless Steel,2057138330-00,5479560822-00,8350865695-00
M3-50 Low Profile Self-Locking Nut Steel,2057138330-00,5479560822-00,8350865695-00
M3 50 Self-Locking Nut Low A2 Stainless,2057138330-00,5479560822-00,8350865695-00
self-locking nut M4-50 low A2 stainless steel,8350865695-00,1084274257-00,8588190828-00
low self-locking nut M4 50 A2,8350865695-00,1084274257-00,8588190828-00
M4-50 stainless steel self-locking nut low,8350865695-00,1084274257-00,8588190828-00
SELF LOCKING NUT LOW A2 M5 50,6738728316-00,5196514300-00,5047489690-00
low self-locking nut M5-50 stainless steel,6738728316-00,5196514300-00,5047489690-00
M5-50 SELF LOCKING NUT low A2,6738728316-00,5196514300-00,5047489690-00
self-locking nut low M6-50 stainless steel,2091151423-00,7572878881-00,1570116266-00
low A2 nut M6-50 self-locking,2091151423-00,7572878881-00,1570116266-00
M6-50 self-locking low nut A2 stainless,2091151423-00,7572878881-00,1570116266-00
low self-locking nut A2 M8-50 stainless steel,5191521234-00,7197948058-00,2884271768-00
M8-50 low profile self-locking nut stainless,5191521234-00,7197948058-00,2884271768-00
self-locking nut stainless steel low M8-50,5191521234-00,7197948058-00,2884271768-00
SELF LOCKING NUT LOW M10-8 White galvanized steel,5199644221-00,9207759437-00,2126668815-00
low A2K Self-Locking Nut M10-8 galvanized,5199644221-00,9207759437-00,2126668815-00
M10-8 low self-locking nut White steel A2K,5199644221-00,9207759437-00,2126668815-00
SELF-LOCKING NUT M10 x 1.25 A2K 8 galvanized white,3055475159-00,9503448128-00,6149920023-00
M10x1.25-8 low self-locking nut white galvanized,3055475159-00,9503448128-00,6149920023-00
low self-locking nut M10 1.25 A2K 8 steel galvanized,3055475159-00,9503448128-00,6149920023-00
SELF-LOCKING NUT M12-8 White galvanized steel LOW,7309665997-00,3838026476-00,4940282571-00
M12-8 Self-locking nut LOW A2K galvanized steel,7309665997-00,3838026476-00,4940282571-00
LOW A2K Self-locking nut M12-8 galvanized steel,7309665997-00,3838026476-00,4940282571-00
SELF-LOCKING NUT LOW M12x1.25 A2K 8,8588190828-00,6244523251-00,8891875446-00
M12x1.25-8 SELF-LOCKING NUT LOW White Galvanized Steel,8588190828-00,6244523251-00,8891875446-00
LOW SELF-LOCKING NUT M12 1.25 8 A2K Galvanized,8588190828-00,6244523251-00,8891875446-00
SELF LOCKING NUT M14-8 low galvanized A2K,1835191561-00,2830358974-00,9883456014-00
M14-8 self-locking nut low white galvanized steel,1835191561-00,2830358974-00,9883456014-00
low self locking nut galvanized M14-8 A2K,1835191561-00,2830358974-00,9883456014-00
SELF-LOCKING NUT M14x1.5-8 low A2K galvanized steel,4292268847-00,6610415924-00,2205046870-00
low self-locking nut M14 x 1.5-8 white galvanized,4292268847-00,6610415924-00,2205046870-00
M14x1.5-8 nut self-locking low A2K steel white,4292268847-00,6610415924-00,2205046870-00
SELF-LOCKING NUT M16-8 White galvanized A2K low profile,8545733832-00,7390065635-00,9330533540-00
M16-8 low self-locking nut galvanized steel,8545733832-00,7390065635-00,9330533540-00
low profile SELF-LOCKING NUT A2K M16-8 White galvanized,8545733832-00,7390065635-00,9330533540-00
self-locking nut M16x1.5-8 low A2K,1789617221-00,6663935295-00,7371808107-00
low galvanized steel self-locking nut M16 1.5x8,1789617221-00,6663935295-00,7371808107-00
M16 x 1.5-8 self-locking nut low white steel,1789617221-00,6663935295-00,7371808107-00
self-locking nut M20-8 low galvanized steel,7181962772-00,1473554121-00,7124833478-00
low A2K self-locking nut M20-8 White steel,7181962772-00,1473554121-00,7124833478-00
M20-8 self-locking nut low White galvanized,7181962772-00,1473554121-00,7124833478-00
SELF LOCKING NUT M20 1.5 8 LOW A2K,6835565995-00,8320851783-00,8099001430-00
M20x1.5-8 low self-locking nut galvanized steel,6835565995-00,8320851783-00,8099001430-00
low self-locking nut WHITE galvanized steel M20x1.5-8,6835565995-00,8320851783-00,8099001430-00
SELF LOCKING NUT M20x1.5-8 low A2K galvanized steel,6835565995-00,5735698913-00,1255737259-00
M20x1.5-8 self-locking low nut White galvanized steel,6835565995-00,5735698913-00,1255737259-00
LOW SELF-LOCKING NUT A2K M20 x 1.5-8 steel,6835565995-00,5735698913-00,1255737259-00
SELF LOCKING NUT M24-8 white galvanized low A2K,7015268682-00,6835570853-00,4788689431-00
M24-8 low self-locking nut white steel galvanized,7015268682-00,6835570853-00,4788689431-00
Low self-locking nut M24-8 A2K galvanized steel,7015268682-00,6835570853-00,4788689431-00
SELF-LOCKING NUT M24x2-8 White galvanized steel,3963962452-00,9325677048-00,9183626126-00
LOW A2K M24x2-8 self-locking nut,3963962452-00,9325677048-00,9183626126-00
low self-locking nut galvanized steel M24x2-8,3963962452-00,9325677048-00,9183626126-00
SELF LOCKING NUT M3-6 low A2K galvanized steel,3600032315-00,7044481484-00,8091613231-00
low profile self-locking nut M3-6 White galvanized,3600032315-00,7044481484-00,8091613231-00
M3-6 self-locking nut low A2K white steel,3600032315-00,7044481484-00,8091613231-00
self-locking nut M30-8 low a2k white galvanized steel,5336459512-00,9641115149-00,7280084778-00
low a2k self-locking nut M30-8 galvanized,5336459512-00,9641115149-00,7280084778-00
M30-8 self-locking nut low galvanized steel,5336459512-00,9641115149-00,7280084778-00
SELF-LOCKING NUT M30x2-8 low galvanized A2K,6323122600-00,7146771293-00,3438146950-00
low profile SELF-LOCKING NUT White steel M30x2-8,6323122600-00,7146771293-00,3438146950-00
M30x2-8 SELF-LOCKING NUT low A2K galvanized,6323122600-00,7146771293-00,3438146950-00
SELF-LOCKING NUT M3 x 0.5-8 low A2K galvanized,3040759579-00,2928643503-00,1388223722-00
low A2K self-locking nut M3x0.5-8 white steel,3040759579-00,2928643503-00,1388223722-00
M3x0.5-8 self-locking nut low galvanized steel A2K,3040759579-00,2928643503-00,1388223722-00
SELF-LOCKING NUT M4-6 low White galvanized steel,1461569135-00,2965761849-00,6835565995-00
LOW A2K M4-6 self-locking nut galvanized steel,1461569135-00,2965761849-00,6835565995-00
M4-6 self-locking nut low A2K White galvanized,1461569135-00,2965761849-00,6835565995-00
SELF-LOCKING NUT M4-6 low galvanized steel,1461569135-00,4552388370-00,6341704425-00
A2K M4-6 self-locking nut white low,1461569135-00,4552388370-00,6341704425-00
low self-locking nut M4-6 white galvanized,1461569135-00,4552388370-00,6341704425-00
self-locking nut M4x0.5-8 low galvanized steel,5509613879-00,2598714111-00,7181962772-00
low A2K self-locking nut M4x0.5 White,5509613879-00,2598714111-00,7181962772-00
M4x0.5-8 self locking nut low white galvanized steel,5509613879-00,2598714111-00,7181962772-00
SELF LOCKING NUT M5-6 low A2K galvanized steel,6149920023-00,7204923374-00,8631876834-00
low self-locking nut White galvanized steel M5-6,6149920023-00,7204923374-00,8631876834-00
M5-6 self-locking nut low A2K White steel,6149920023-00,7204923374-00,8631876834-00
SELF-LOCKING NUT LOW M5x0.5-8 white galvanized steel,5264300594-00,4937698724-00,4167410991-00
M5x0.5-8 self-locking nut low A2K,5264300594-00,4937698724-00,4167410991-00
low self-locking nut M5x0.5-8 galvanized steel,5264300594-00,4937698724-00,4167410991-00
SELF LOCKING NUT M6-8 Low White galvanized steel,6291754020-00,1695355830-00,8570551709-00
M6-8 Self-locking nut low A2K,6291754020-00,1695355830-00,8570551709-00
Low A2K SELF-LOCKING NUT White galvanized steel M6-8,6291754020-00,1695355830-00,8570551709-00
SELF-LOCKING NUT M6x0.75-8 White galvanized steel,3397376704-00,1143851458-00,4224982894-00
LOW A2K Steel Self-locking Nut M6 0.75-8,3397376704-00,1143851458-00,4224982894-00
M6x0.75-8 SELF-LOCKING NUT LOW galvanized steel A2K,3397376704-00,1143851458-00,4224982894-00
self-locking nut M8-8 white galvanized steel low A2K,1444121761-00,9473357490-00,4397882555-00
low A2K self-locking nut M8-8 galvanized steel,1444121761-00,9473357490-00,4397882555-00
M8-8 self-locking nut low white galvanized A2K,1444121761-00,9473357490-00,4397882555-00
SELF LOCKING NUT M8x1-8 low galvanized steel,8891875446-00,4562806135-00,9723645203-00
low A2K SELF LOCKING NUT M8x1-8 white galvanized,8891875446-00,4562806135-00,9723645203-00
M8x1-8 self-locking nut low white steel A2K,8891875446-00,4562806135-00,9723645203-00
M14 self-locking nut,5161232131-00,6009433368-00,8631876834-00
self locking nut M14 specs,5161232131-00,6009433368-00,8631876834-00
nut M14 lock type self,5161232131-00,6009433368-00,8631876834-00
M16 self-locking nut,3984544458-00,7604168415-00,9639799876-00
self locking nut size M16,3984544458-00,7604168415-00,9639799876-00
nut M16 self-locking type,3984544458-00,7604168415-00,9639799876-00
M16 self-locking nut 1.5 thread,2789360096-00,7308860313-00,1078275837-00
self-locking nut size M16 x 1.5,2789360096-00,7308860313-00,1078275837-00
M16x1.5 nut locking type,2789360096-00,7308860313-00,1078275837-00
SELF LOCKING NUT FERMOLOK DF008,6402703757-00,2393165131-00,2080562227-00
DF008 self-locking nut Feromlok,6402703757-00,2393165131-00,2080562227-00
Feromlok DF008 nut self locking,6402703757-00,2393165131-00,2080562227-00
HEX NUT LOW A2 M16-70,1078275837-00,6617180054-00,5509613879-00
M16-70 Stainless Steel Hexagonal Nut Low,1078275837-00,6617180054-00,5509613879-00
Low Hex Nut A2 M16-70,1078275837-00,6617180054-00,5509613879-00
HEXAGONAL NUT M10-4 low A2K galvanized steel,9330533540-00,3055785881-00,6390964574-00
low HEXAGONAL NUT White galvanized A2K M10-4,9330533540-00,3055785881-00,6390964574-00
M10-4 hex nut low A2K White steel,9330533540-00,3055785881-00,6390964574-00
HEXAGONAL NUT LOW A2K M10 1.25 4,7013411208-00,8425163072-00,7960050789-00
M10x1.25-4 HEXAGONAL NUT LOW galvanized steel,7013411208-00,8425163072-00,7960050789-00
Low HEXAGONAL NUT M10 1.25 white galvanized 4,7013411208-00,8425163072-00,7960050789-00
HEXAGONAL NUT M10x1-4 LOW A2K galvanized steel,6889923705-00,7204923374-00,6986135211-00
M10x1-4 HEX NUT low white steel,6889923705-00,7204923374-00,6986135211-00
low HEXAGONAL NUT A2K M10x1-4 galvanized,6889923705-00,7204923374-00,6986135211-00
HEXAGONAL NUT LOW A2K M12-4 White galvanized steel,7071292323-00,3624754278-00,3280639713-00
M12-4 Hexagonal nut low galvanized,7071292323-00,3624754278-00,3280639713-00
Low hex nut M12-4 A2K galvanized steel,7071292323-00,3624754278-00,3280639713-00
HEXAGONAL NUT LOW M12x1.5-4 white galvanized steel,8434447630-00,6757365315-00,2205046870-00
low profile hex nut A2K M12 1.5,8434447630-00,6757365315-00,2205046870-00
M12x1.5 hexagon nut low galvanized steel,8434447630-00,6757365315-00,2205046870-00
HEX NUT LOW A2K M12 1.25-4,3074267649-00,7907391950-00,3963962452-00
M12x1.25-4 low hexagonal nut white galvanized steel,3074267649-00,7907391950-00,3963962452-00
low hex nut M12 1.25 galvanized A2K 4,3074267649-00,7907391950-00,3963962452-00
HEXAGONAL NUT M14-4 low A2K galvanized,5765399431-00,8443316906-00,2702873845-00
Low Hex Nut White steel M14-4 A2K,5765399431-00,8443316906-00,2702873845-00
A2K Low Hexagonal Nut M14-4 galvanized steel,5765399431-00,8443316906-00,2702873845-00
HEXAGONAL NUT M14-4 low A2K White galvanized steel,5765399431-00,6352965674-00,9834454697-00
low HEXAGONAL NUT galvanized M14-4 A2K,5765399431-00,6352965674-00,9834454697-00
M14-4 HEXAGONAL NUT low A2K White steel,5765399431-00,6352965674-00,9834454697-00
HEXAGON NUT M14x1.5 low A2K galvanized,6272289280-00,8924810199-00,3397376704-00
low hexagonal nut M14 1.5-4 White steel,6272289280-00,8924810199-00,3397376704-00
M14x1.5-4 low nut hexagonal steel A2K,6272289280-00,8924810199-00,3397376704-00
HEX NUT LOW M16 SX-4 White galvanized steel,7986386415-00,3986344388-00,3804855403-00
M16 Hexagonal nut low A2K SX-4,7986386415-00,3986344388-00,3804855403-00
low hex nut SX-4 M16 galvanized steel,7986386415-00,3986344388-00,3804855403-00
HEXAGONAL NUT M16-4 low A2K white galvanized steel,8903415072-00,1515743851-00,7013411208-00
low hexagonal nut M16-4 A2K galvanized,8903415072-00,1515743851-00,7013411208-00
M16-4 hex nut low galvanized steel A2K,8903415072-00,1515743851-00,7013411208-00
HEX NUT LOW M16x1.5-4 galvanized A2K,3478926866-00,7193492054-00,5675130171-00
M16x1.5-4 Hexagonal Nut low-profile white steel,3478926866-00,7193492054-00,5675130171-00
low hex nut galvanized steel M16x1.5-4,3478926866-00,7193492054-00,5675130171-00
HEX NUT LOW A2K M18x1.5-4 galvanized steel,5264928016-00,4633625354-00,3438146950-00
low hexagonal nut M18 1.5-4 white,5264928016-00,4633625354-00,3438146950-00
M18x1.5-4 low hex nut galvanized steel,5264928016-00,4633625354-00,3438146950-00
HEXAGONAL NUT M20-4 low A2K galvanized steel,8720113730-00,4892118737-00,2897779206-00
low hex nut White Steel M20-4,8720113730-00,4892118737-00,2897779206-00
M20-4 low hex nut A2K galvanized,8720113730-00,4892118737-00,2897779206-00
HEXAGONAL NUT M20x1.5-4 Low A2K galvanized steel,6758530756-00,9635495583-00,6390964574-00
M20 x 1.5-4 Hex Nut Low White steel,6758530756-00,9635495583-00,6390964574-00
Low Hex Nut A2K M20x1.5 galvanized,6758530756-00,9635495583-00,6390964574-00
HEXAGONAL NUT LOW M20x1.5-4 White galvanized steel,6758530756-00,5599619248-00,1461569135-00
low hex nut M20 x 1.5 A2K,6758530756-00,5599619248-00,1461569135-00
M20x1.5 hex nut low galvanized steel,6758530756-00,5599619248-00,1461569135-00
HEX NUT LOW M22x1.5-4 galvanized steel,9834454697-00,6733410119-00,6390964574-00
low hexagonal nut A2K M22 1.5-4 white,9834454697-00,6733410119-00,6390964574-00
M22x1.5-4 Hex Nut low A2K White galvanized steel,9834454697-00,6733410119-00,6390964574-00
HEX NUT LOW White galvanized steel M24-4,4224982894-00,4321444789-00,8343697990-00
M24-4 Hexagonal Nut Low A2K,4224982894-00,4321444789-00,8343697990-00
Low Hex Nut M24-4 galvanized steel,4224982894-00,4321444789-00,8343697990-00
HEXAGONAL NUT M24x2-4 White galvanized steel,7371808107-00,3759777997-00,8230451596-00
LOW A2K HEXAGONAL NUT M24x2-4,7371808107-00,3759777997-00,8230451596-00
M24x2-4 HEXAGONAL NUT LOW galvanized steel,7371808107-00,3759777997-00,8230451596-00
HEX NUT LOW A2K M30 2-4 galvanized steel,2812062302-00,1871542232-00,3325522719-00
M30x2-4 HEX NUT LOW white galvanized steel,2812062302-00,1871542232-00,3325522719-00
low hexagonal nut M30x2-4 A2K,2812062302-00,1871542232-00,3325522719-00
HEXAGONAL NUT M5-4 Low A2K galvanized steel,4788689431-00,2605789397-00,1461569135-00
White galvanized HEXAGONAL NUT Low M5-4,4788689431-00,2605789397-00,1461569135-00
M5-4 low HEX NUT A2K white steel,4788689431-00,2605789397-00,1461569135-00
HEX NUT LOW A2K M6-4 galvanized steel,2080562227-00,1096506778-00,8230451596-00
Hexagonal nut M6-4 low White galvanized,2080562227-00,1096506778-00,8230451596-00
M6-4 low hex nut A2K galvanized steel,2080562227-00,1096506778-00,8230451596-00
HEXAGONAL NUT M8-4 low A2K white galvanized steel,5621711058-00,3812303110-00,6099664890-00
low hexagonal nut M8-4 White galvanized,5621711058-00,3812303110-00,6099664890-00
hex nut low M8-4 A2K galvanized steel,5621711058-00,3812303110-00,6099664890-00
HEX NUT 1/2x13 GR5 BLACK,2897779206-00,8760874283-00,5509613879-00
low hexagonal nut 1/2-13 grade 5,2897779206-00,8760874283-00,5509613879-00
1/2-13 hex nut GR5 black finish,2897779206-00,8760874283-00,5509613879-00
HEX NUT 1/4-4 GR5 BLACK LOW,7295438312-00,4828582854-00,9330533540-00
1/4-4 low hexagonal nut grade 5 nero,7295438312-00,4828582854-00,9330533540-00
low GR5 hex nut black 1/4-4,7295438312-00,4828582854-00,9330533540-00
HEX NUT GR5 BLACK 1/8-4,3112439740-00,6526985464-00,6039966677-00
1/8-4 LOW HEXAGONAL NUT GR5 NERO,3112439740-00,6526985464-00,6039966677-00
low hex nut black gr5 1/8 4,3112439740-00,6526985464-00,6039966677-00
HEXAGONAL NUT M10-70 A2 MEDIUM,3280639713-00,2001314721-00,6323122600-00
MEDIUM HEXAGONAL NUT Stainless steel M10 70,3280639713-00,2001314721-00,6323122600-00
M10-70 HEXAGONAL NUT A2 medium type,3280639713-00,2001314721-00,6323122600-00
HEX NUT A2 M12-70,8230451596-00,6824584696-00,4167410991-00
M12-70 hexagonal medium nut stainless steel,8230451596-00,6824584696-00,4167410991-00
medium hex nut stainless M12-70,8230451596-00,6824584696-00,4167410991-00
HEX NUT M14-70 medium A2 stainless,8222802007-00,1318185697-00,9788886065-00
M14-70 hex nut medium stainless steel,8222802007-00,1318185697-00,9788886065-00
medium hexagonal nut A2 M14 70,8222802007-00,1318185697-00,9788886065-00
HEX NUT M16-70 medium A2,2126668815-00,7812106917-00,6099664890-00
medium hexagonal stainless steel nut M16-70,2126668815-00,7812106917-00,6099664890-00
M16-70 hex nut A2 type,2126668815-00,7812106917-00,6099664890-00
HEXAGONAL NUT M24-70 Medium A2 stainless,2928794343-00,5364960095-00,5509613879-00
Medium hexagonal nut Stainless steel M24-70,2928794343-00,5364960095-00,5509613879-00
M24-70 hex nut A2 medium stainless steel,2928794343-00,5364960095-00,5509613879-00
HEXAGONAL NUT M3-70 Stainless steel medium A2,3903406802-00,4365586622-00,7986386415-00
medium HEXAGONAL NUT A2 M3-70,3903406802-00,4365586622-00,7986386415-00
Stainless steel M3-70 HEX NUT medium,3903406802-00,4365586622-00,7986386415-00
HEXAGONAL NUT M4-70 Stainless steel Medium A2,1978099364-00,5826927866-00,3478926866-00
A2 M4-70 medium hex nut stainless steel,1978099364-00,5826927866-00,3478926866-00
medium hex nut A2 M4-70 stainless steel,1978099364-00,5826927866-00,3478926866-00
Hex Nut M5-70 Stainless A2 Medium,1871950127-00,8501645232-00,8350865695-00
M5-70 Hexagonal Nut Medium stainless steel,1871950127-00,8501645232-00,8350865695-00
Stainless steel Nut A2 M5-70 hexagonal medium,1871950127-00,8501645232-00,8350865695-00
HEXAGONAL NUT M6-70 medium stainless steel A2,2269643128-00,1516525272-00,3896168300-00
M6-70 medium hex nut Stainless steel A2,2269643128-00,1516525272-00,3896168300-00
A2 hexagon nut medium M6-70 stainless,2269643128-00,1516525272-00,3896168300-00
hex nut A2 M8 stainless 70,3804855403-00,6412652996-00,2205046870-00
M8-70 medium nut hexagonal stainless/A2,3804855403-00,6412652996-00,2205046870-00
A2 stainless M8 70 hex medium nut,3804855403-00,6412652996-00,2205046870-00
hex nut m10-6 A2K white galvanized,9183626126-00,1027628233-00,9639799876-00
M10-6 a2k medium hexagonal nut steel,9183626126-00,1027628233-00,9639799876-00
m10-6 galvanized steel hex nut a2k,9183626126-00,1027628233-00,9639799876-00
m12 a2k hex nut steel galvanized white,1841743209-00,5605551532-00,4486541696-00
hexagonal nut M12-6 medium a2k white/galvanized,1841743209-00,5605551532-00,4486541696-00
M12 galvanized steel hex nut a2k m12-6,1841743209-00,5605551532-00,4486541696-00
a2k m14-6 hex nut white galvanized steel medium,9883456014-00,6187478393-00,6085123772-00
hexagonal medium nut m14-6 A2K galvanized,9883456014-00,6187478393-00,6085123772-00
m14-6 hexagonal nut white galvanized medium steel,9883456014-00,6187478393-00,6085123772-00
M16-10 A2K galvanized hex nut medium,1255737259-00,5767660249-00,5336459512-00
White steel hexagonal nut M16-10 A2K medium,1255737259-00,5767660249-00,5336459512-00
hex nut a2k medium m16 10 galvanized steel,1255737259-00,5767660249-00,5336459512-00
A2K M16-6 hex nut medium steel,9117551575-00,2128548752-00,8545733832-00
M16-6 white galvanized hexagonal nut,9117551575-00,2128548752-00,8545733832-00
medium hex nut m16-6 a2k white galvanized steel,9117551575-00,2128548752-00,8545733832-00
HEX NUT M2.5-6 A2K medium galvanized,6390964574-00,4552388370-00,6758530756-00
medium HEXAGON NUT White steel M2.5-6,6390964574-00,4552388370-00,6758530756-00
M2.5-6 hex nut medium galvanized steel,6390964574-00,4552388370-00,6758530756-00
HEX NUT M20-6 medium A2K galvanized steel,7960050789-00,6600100268-00,5621711058-00
Medium HEXAGONAL NUT M20-6 White steel,7960050789-00,6600100268-00,5621711058-00
M20-6 Hex nut A2K galvanized steel medium,7960050789-00,6600100268-00,5621711058-00
HEXAGONAL NUT M20x1.5 medium A2K SX-4,4486541696-00,8698794570-00,2269643128-00
M20x1.5 hex nut medium white galvanized steel SX-4,4486541696-00,8698794570-00,2269643128-00
nut hexagonal M20 1.5 A2K medium SX-4 galvanized,4486541696-00,8698794570-00,2269643128-00
HEXAGONAL NUT M20x1.5-6 White galvanized steel,6341704425-00,6508425047-00,6085123772-00
A2K M20x1.5-6 medium hex nut,6341704425-00,6508425047-00,6085123772-00
medium hex nut galvanized M20x1.5-6,6341704425-00,6508425047-00,6085123772-00
HEX NUT MEDIUM A2K M22-6,8749893339-00,5152658680-00,9137602664-00
M22-6 hexagonal nut white galvanized steel,8749893339-00,5152658680-00,9137602664-00
hexagonal nut medium M22-6 A2K,8749893339-00,5152658680-00,9137602664-00
HEX NUT MEDIUM M24-6 A2K galvanized steel,3828365589-00,9895453927-00,7124833478-00
M24-6 White galvanized HEX nut medium,3828365589-00,9895453927-00,7124833478-00
Medium HEXAGON NUT A2K M24-6 steel,3828365589-00,9895453927-00,7124833478-00
HEX NUT A2K M24x1.5-6 White galvanized steel,2931864581-00,8112582292-00,7015268682-00
M24x1.5-6 hexagon nut medium A2K,2931864581-00,8112582292-00,7015268682-00
medium hex nut M24 1.5 6 A2K galvanized steel,2931864581-00,8112582292-00,7015268682-00
HEX NUT A2K M24x2-6 galvanized steel,5675130171-00,6469053003-00,3711982227-00
Medium Hexagonal Nut M24x2-6 white galvanized,5675130171-00,6469053003-00,3711982227-00
M24x2-6 HEX NUT medium A2K steel,5675130171-00,6469053003-00,3711982227-00
HEXAGONAL NUT M30x2-6 A2K galvanized steel,6039966677-00,1373505184-00,3478926866-00
medium HEXAGONAL NUT White galvanized M30x2-6,6039966677-00,1373505184-00,3478926866-00
M30x2-6 medium HEX NUT A2K galvanized steel,6039966677-00,1373505184-00,3478926866-00
HEXAGONAL NUT M36-6 White galvanized steel medium,3810692731-00,1225952671-00,3065840761-00
M36-6 hex nut medium A2K galvanized,3810692731-00,1225952671-00,3065840761-00
medium hex nut M36-6 A2K White galvanized steel,3810692731-00,1225952671-00,3065840761-00
HEXAGONAL NUT M39-6 A2K medium galvanized steel,3438146950-00,4199791104-00,8224343365-00
medium hexagonal nut M39-6 white steel,3438146950-00,4199791104-00,8224343365-00
M39-6 hex nut medium A2K white galvanized,3438146950-00,4199791104-00,8224343365-00
HEXAGONAL NUT M4-6 A2K medium,8067527976-00,2327247503-00,6085123772-00
White galvanized steel medium hex nut M4-6,8067527976-00,2327247503-00,6085123772-00
M4-6 hex nut A2K galvanized steel medium,8067527976-00,2327247503-00,6085123772-00
HEXAGONAL NUT M42x3-6 A2K galvanized steel,8498516301-00,6543774793-00,8343697990-00
M42x3-6 medium hex nut White galvanized,8498516301-00,6543774793-00,8343697990-00
medium hex nut A2K M42x3-6 White steel,8498516301-00,6543774793-00,8343697990-00
HEXAGONAL NUT M5-6 medium A2K galvanized steel,4940282571-00,4074921857-00,6400451842-00
medium HEXAGONAL NUT White steel M5-6,4940282571-00,4074921857-00,6400451842-00
M5-6 NUT HEXAGONAL A2K medium galvanized,4940282571-00,4074921857-00,6400451842-00
HEXAGONAL NUT M6-6 Medium A2K galvanized steel,4407921557-00,1426989314-00,2789360096-00
M6-6 Medium HEXAGONAL NUT White galvanized,4407921557-00,1426989314-00,2789360096-00
A2K HEXAGONAL NUT M6-6 steel medium,4407921557-00,1426989314-00,2789360096-00
HEXAGONAL NUT M8-4 medium A2K galvanized steel,9788886065-00,7710694487-00,1461569135-00
White galvanized steel M8-4 HEXAGONAL NUT medium,9788886065-00,7710694487-00,1461569135-00
medium HEXAGONAL NUT A2K M8-4 white steel,9788886065-00,7710694487-00,1461569135-00
HEX NUT A2K M8-6 medium galvanized steel,9137602664-00,6145820055-00,5199644221-00
M8-6 hex nut medium white galvanized A2K,9137602664-00,6145820055-00,5199644221-00
medium hexagonal nut M8-6 white steel A2K,9137602664-00,6145820055-00,5199644221-00
HEX NUT M5 brass medium CW508L,8224343365-00,7525291539-00,5199644221-00
M5 hexagonal nut medium CW508L,8224343365-00,7525291539-00,5199644221-00
brass medium hex nut size M5,8224343365-00,7525291539-00,5199644221-00
hex nut medium CW508L M6 brass,7142238274-00,5627782037-00,8174049868-00
medium hexagonal nut M6 CW508L,7142238274-00,5627782037-00,8174049868-00
brass M6 hex nut medium,7142238274-00,5627782037-00,8174049868-00
HEX NUT Brass M8 CW508L medium,4358015637-00,7075018725-00,8224343365-00
M8 medium hex nut CW508L,4358015637-00,7075018725-00,8224343365-00
M8 hexagonal nut medium Brass,4358015637-00,7075018725-00,8224343365-00
HEXAGON NUT A2K M8x24-10 galvanized steel,9639799876-00,7000007117-00,1680230506-00
M8x24-10 hex nut White galvanized,9639799876-00,7000007117-00,1680230506-00
hexagon connection nut M8 x 24 10 A2K,9639799876-00,7000007117-00,1680230506-00
NUT M10 1444121761-00 replacement,1570116266-00,1537895535-00,1440891966-00
M10 nut replaced part number 1444121761-00,1570116266-00,1537895535-00,1440891966-00
1444121761-00 NUT M10 substitution,1570116266-00,1537895535-00,1440891966-00
NUT M10 5199644221-00 replacement,4397882555-00,6643459127-00,1841743209-00
M10 nut part number 5199644221-00,4397882555-00,6643459127-00,1841743209-00
replace 5199644221-00 nut M10,4397882555-00,6643459127-00,1841743209-00
M12 nut replacement for 5047489690-00,5046793048-00,1843344004-00,8749893339-00
5047489690-00 replaced by M12 nut,5046793048-00,1843344004-00,8749893339-00
NUT M12 alternative part 5047489690-00,5046793048-00,1843344004-00,8749893339-00
M12 nut replacement for 7309665997-00,1612358200-00,7359180004-00,2205046870-00
7309665997-00 replaced by M12 nut,1612358200-00,7359180004-00,2205046870-00
replacement nut M12 7309665997-00,1612358200-00,7359180004-00,2205046870-00
M5 nut replacement for 6099664890-00,9575584857-00,2893936683-00,6149920023-00
nut M5 part number replaced 6099664890-00,9575584857-00,2893936683-00,6149920023-00
6099664890-00 replacement M5 nut,9575584857-00,2893936683-00,6149920023-00
M6 nut replacement for 3065840761-00,8099001430-00,6630654982-00,3438146950-00
3065840761-00 replaced by M6 nut,8099001430-00,6630654982-00,3438146950-00
replacement nut M6 part number 3065840761-00,8099001430-00,6630654982-00,3438146950-00
M20x22-8 T-slot nuts white galvanized steel,8174049868-00,7176640084-00,7309665997-00
NUTS FOR T-SLOTS A2K M20x22-8 white zinc coated steel,8174049868-00,7176640084-00,7309665997-00
T-slot nut M20x22-8 A2K galvanized steel,8174049868-00,7176640084-00,7309665997-00
t-slot nut M6x8-8 white galvanized steel A2K,6780711462-00,4213734940-00,7295438312-00
A2K M6x8-8 t slot nuts galvanized,6780711462-00,4213734940-00,7295438312-00
nuts for t-slots M6x8-8 white galvanized steel,6780711462-00,4213734940-00,7295438312-00
T-slot nuts M6x8-8 white galvanized steel A2K,6780711462-00,3553074739-00,6341704425-00
"A2K M6x8-8 T-SLOT nut, white electrogalvanized steel",6780711462-00,3553074739-00,6341704425-00
white galvanized steel nuts for T-slots M6x8-8 A2K,6780711462-00,3553074739-00,6341704425-00
M8x10-8 T-slot nuts white galvanized steel A2K,5316813243-00,5013018299-00,5047489690-00
A2K nuts for T-slots M8x10-8 white galvanized steel,5316813243-00,5013018299-00,5047489690-00
T slot nut M8x10-8 A2K white galvanized steel,5316813243-00,5013018299-00,5047489690-00
nul 521-3 quick nut for m5 screw,2425021393-00,8812817358-00,8350865695-00
quick nut m5 screw type nul 521-3,2425021393-00,8812817358-00,8350865695-00
m5 screw quick nut nul 521-3,2425021393-00,8812817358-00,8350865695-00
drive nut spindle type,7280084778-00,9917520427-00,7142238274-00
spindle drive nut replacement,7280084778-00,9917520427-00,7142238274-00
nut for spindle drive,7280084778-00,9917520427-00,7142238274-00
vite livellamento con foro tipo 24201,2148970760-00,3745610842-00,2106723884-00
screw for leveling with hole type 24201,2148970760-00,3745610842-00,2106723884-00
24201 livell.con foro screw,2148970760-00,3745610842-00,2106723884-00
hex socket button head safety screw with pin A2 M4x10-70 stainless,5238684850-00,5331200037-00,4196826985-00
HSBH+PIN safety screw stainless steel M4 10-70mm,5238684850-00,5331200037-00,4196826985-00
M4x10-70 hex button head screw with pin A2 stainless steel,5238684850-00,5331200037-00,4196826985-00
HSBH+PIN safety screw M4x16-70 Hex button head stainless steel,1870525316-00,7839026961-00,3590365415-00
M4x16-70 hex socket button head screw with pin A2,1870525316-00,7839026961-00,3590365415-00
Stainless safety screw with pin HSBH+PIN A2 M4x16-70,1870525316-00,7839026961-00,3590365415-00
HSBH+PIN A2 safety screw M4x20-70 hex socket button head stainless,9901076633-00,3929801887-00,9072517807-00
stainless steel safety screw M4 20-70mm hexagon socket button head with pin,9901076633-00,3929801887-00,9072517807-00
M4x20-70 hex socket button head screw with pin A2 stainless steel,9901076633-00,3929801887-00,9072517807-00
hex socket button head safety screw with pin A2 stainless M4x25-70,1597772200-00,1826684776-00,1796069938-00
M4x25-70 HSBH+PIN safety screw stainless steel hexagon socket,1597772200-00,1826684776-00,1796069938-00
stainless safety screw hex button head w/pin M4x25-70,1597772200-00,1826684776-00,1796069938-00
hex socket button safety screw with pin A2 stainless M4x30-70,3633358682-00,9908968425-00,9387215994-00
M4x30-70 stainless steel safety screw HSBH + pin hexagon socket button,3633358682-00,9908968425-00,9387215994-00
safety screw A2 steel hex button head with pin M4 30-70,3633358682-00,9908968425-00,9387215994-00
hexagon socket button head safety screw with pin A2 M4x35-70 stainless,2654093768-00,1399047505-00,1426989314-00
SAFETY SCREW HSBH+PIN stainless steel M4x35-70 hex socket,2654093768-00,1399047505-00,1426989314-00
"M4x35-70 safety screw, hex socket button head, A2 with pin",2654093768-00,1399047505-00,1426989314-00
M4x50-70 HSBH+PIN safety screw stainless steel hex socket button head,2146594767-00,4501408104-00,7395059843-00
Safety screw hexagon socket button head with pin A2 M4x50-70,2146594767-00,4501408104-00,7395059843-00
Stainless steel safety screw M4 50-70 hex socket button head w/ pin,2146594767-00,4501408104-00,7395059843-00
M5x10-70 safety screw hex socket button head w/ pin A2 stainless,9305174342-00,2331944648-00,1732199075-00
HSBH+PIN stainless steel safety screw M5 10-70mm,9305174342-00,2331944648-00,1732199075-00
hexagon socket button head safety screw with pin A2 M5x10-70,9305174342-00,2331944648-00,1732199075-00
hexagon socket button head safety screw with pin stainless steel M5x16-70,8082655917-00,1547554553-00,9241727014-00
HSBH+PIN A2 safety screw M5x16-70,8082655917-00,1547554553-00,9241727014-00
stainless safety screw hex socket button head w/ pin M5x16-70,8082655917-00,1547554553-00,9241727014-00
HSBH+PIN safety screw M5x20-70 stainless steel hex socket button head,6643459127-00,3183211547-00,1568532537-00
"stainless steel safety screw with pin, hexagon socket button head M5x20-70",6643459127-00,3183211547-00,1568532537-00
M5x20-70 hex socket button head safety screw + pin A2,6643459127-00,3183211547-00,1568532537-00
HSBH+PIN A2 safety screw M5x25-70 stainless hex socket button head,4050287682-00,2008875850-00,7303137141-00
Stainless steel hexagon socket button head safety screw with pin M5x25-70,4050287682-00,2008875850-00,7303137141-00
M5x25-70 safety screw hex socket button w/pin A2,4050287682-00,2008875850-00,7303137141-00
HSBH+PIN safety screw M5x30-70 hex socket button head stainless A2,3334359792-00,7217776785-00,6998943831-00
stainless steel hexagon socket button head safety screw with pin M5x30-70,3334359792-00,7217776785-00,6998943831-00
M5x30-70 HSBH PIN screw A2 hex socket button head safety,3334359792-00,7217776785-00,6998943831-00
HSBH safety screw with pin A2 stainless hex button head M5x60-70,1130811379-00,4732482395-00,7836777852-00
M5x60-70 safety screw hex socket button head with pin stainless steel,1130811379-00,4732482395-00,7836777852-00
stainless steel HSBH+PIN M5x60-70 hexagon socket button head safety screw,1130811379-00,4732482395-00,7836777852-00
HSBH+PIN safety screw M6x10-70 A2 stainless hex socket button head,3216451039-00,6835570853-00,7023956011-00
Stainless steel safety screw with pin hexagon socket button head M6x10-70,3216451039-00,6835570853-00,7023956011-00
M6x10-70 safety screw hex socket button head with PIN A2,3216451039-00,6835570853-00,7023956011-00
HSBH+PIN A2 safety screw M6x16-70 hex socket button head stainless,5527530826-00,3156441578-00,7821257699-00
M6x16-70 stainless steel hexagon socket button head screw with pin,5527530826-00,3156441578-00,7821257699-00
Safety screw A2 HSBH+PIN hex socket button head M6x16-70,5527530826-00,3156441578-00,7821257699-00
HSBH+PIN safety screw M6x20-70 stainless hex socket button head,9210849690-00,1378331381-00,6443597983-00
Safety screw stainless steel hex socket button head with pin M6x20-70,9210849690-00,1378331381-00,6443597983-00
M6x20-70 safety screw hexagon socket button head pin A2,9210849690-00,1378331381-00,6443597983-00
HSBH+PIN safety screw M6x25-70 stainless steel hexagon socket button head,9910910852-00,3029570564-00,5259351791-00
stainless steel safety screw with pin M6x25-70 hex socket button head,9910910852-00,3029570564-00,5259351791-00
M6x25-70 hex socket button head screw with pin A2 safety,9910910852-00,3029570564-00,5259351791-00
HSBH safety screw with pin A2 M6x30-70 hexagon socket button head stainless,7228742265-00,7815440699-00,9336756957-00
stainless steel safety screw M6x30-70 hex socket button head + pin,7228742265-00,7815440699-00,9336756957-00
M6x30-70 security screw HSBH+PIN A2 hex button head stainless,7228742265-00,7815440699-00,9336756957-00
M5x12-10.9 hex socket button head screw with flange full thread white galvanized HSBHF A2K,5959674287-00,5945613579-00,5116269099-00
full threaded screw M5x12-10.9 button head hex socket flange white zinc steel,5959674287-00,5945613579-00,5116269099-00
HSBHF screw A2K M5x12 10.9 white galvanized hex button head w/flange full thread,5959674287-00,5945613579-00,5116269099-00
hex socket button head screw with flange full thread white galvanized steel M5x16-10.9,3820596471-00,5659214768-00,7263953526-00
SCREW HSBHF full thd A2K M5x16-10.9 white galvanized,3820596471-00,5659214768-00,7263953526-00
M5x16-10.9 screw hexagon socket button head full thread steel A2K,3820596471-00,5659214768-00,7263953526-00
hex socket button head screw with flange full thread M6x10-10.9 A2K galvanized steel,9801266729-00,8592696706-00,7976283257-00
SCREW HSBHF FULL THD white galvanized steel M6x10-10.9,9801266729-00,8592696706-00,7976283257-00
M6x10-10.9 full thread hex button head screw with flange A2K,9801266729-00,8592696706-00,7976283257-00
hex socket button head screw with flange full thread white galvanized A2K steel M6x12-10.9,8043948667-00,6758530756-00,8796805651-00
SCREW HSBHF M6x12-10.9 full thd white zinc-plated hexagon socket button head,8043948667-00,6758530756-00,8796805651-00
M6x12-10.9 hex socket button flange screw white galvanized STEEL full thread,8043948667-00,6758530756-00,8796805651-00
hex socket button head screw w/ flange full thread white galvanized steel M6x16 10.9,5534285274-00,8019776574-00,3216451039-00
SCREW HSBHF M6x16-10.9 full thd A2K white zinc steel,5534285274-00,8019776574-00,3216451039-00
M6x16-10.9 hexagon socket button head flange screw full thread white galvanized,5534285274-00,8019776574-00,3216451039-00
hex socket button head screw with flange full thread M6x20-10.9 A2K white galvanized steel,4362770512-00,1126995875-00,9226799871-00
SCREW HSBHF M6x20-10.9 full thd white galvanized hex button/flange,4362770512-00,1126995875-00,9226799871-00
M6x20-10.9 hexagon socket button head screw with flange A2K full thread white galvanized steel,4362770512-00,1126995875-00,9226799871-00
HSBHF screw M6x40-10.9 full thread white galvanized hex socket button head with flange,4873387863-00,7078889404-00,6777499687-00
M6x40-10.9 hex socket button head screw with flange white galvanized steel full thd A2K,4873387863-00,7078889404-00,6777499687-00
screw full thread A2K M6x40-10.9 hex button head w/ flange white galvanized,4873387863-00,7078889404-00,6777499687-00
screw hex socket button head with flange full thread A2K M8x16-10.9 white galvanized steel,2013038763-00,1705888698-00,1881869961-00
HSBHF full thd screw M8x16-10.9 hex button head flange white galvanized,2013038763-00,1705888698-00,1881869961-00
"M8x16-10.9 screw hexagon socket button head/flange, full thread, white galvanized steel",2013038763-00,1705888698-00,1881869961-00
HSBH hex socket button head screw self-threading A2K 4x10 white galvanized steel,2049616791-00,2370411599-00,7687191436-00
Screw 4x10 SELF THD hex button head white zinc A2K,2049616791-00,2370411599-00,7687191436-00
Hexagon socket button head screw 4x10 white galvanized self threading,2049616791-00,2370411599-00,7687191436-00
HSBH screw M3x10-70 stainless A2 hex socket button head full thread,1782609923-00,1843344004-00,7023956011-00
M3x10-70 hexagon socket button head screw full thd stainless steel,1782609923-00,1843344004-00,7023956011-00
stainless steel screw full thread A2 M3x10-70 hex socket button head,1782609923-00,1843344004-00,7023956011-00
hex socket button head screw full thread A2 stainless M3x12-70,9595065052-00,5822798508-00,6958437317-00
M3x12-70 screw HSBH full thd stainless steel hex button,9595065052-00,5822798508-00,6958437317-00
full thread hexagon socket button head screw A2 M3x12-70,9595065052-00,5822798508-00,6958437317-00
hex socket button head screw full thread A2 M3x16-70 stainless,8889344815-00,8115414843-00,3654387069-00
M3x16-70 HSBH screw stainless steel full thd hexagon socket,8889344815-00,8115414843-00,3654387069-00
screw stainless A2 hex button head M3x16-70 full threaded,8889344815-00,8115414843-00,3654387069-00
HSBH screw full thread A2 stainless M4x10-70 hex socket button head,1097464442-00,1516525272-00,9713312546-00
M4x10-70 stainless steel hexagon socket button head screw full thd,1097464442-00,1516525272-00,9713312546-00
screw hex socket button head full thread A2 M4x10-70,1097464442-00,1516525272-00,9713312546-00
hex socket button head screw full thread A2 stainless M4x12-70,4196725180-00,8498516301-00,7836777852-00
SCREW HSBH stainless steel M4x12-70 full threaded,4196725180-00,8498516301-00,7836777852-00
M4x12-70 hexagon socket button head screw full thd A2,4196725180-00,8498516301-00,7836777852-00
hex socket button head screw full thread stainless steel M4x8-70,9083509236-00,4897323405-00,9734771552-00
SCREW HSBH full thd A2 M4x8-70 stainless,9083509236-00,4897323405-00,9734771552-00
M4x8-70 full thread hexagon socket button head screw A2,9083509236-00,4897323405-00,9734771552-00
hex socket button head screw full thread A2 stainless M5x10-70,8994100422-00,2971866041-00,9072517807-00
SCREW HSBH full thd stainless steel M5x10-70,8994100422-00,2971866041-00,9072517807-00
"M5x10-70 hexagon socket button hd screw, full thread, A2",8994100422-00,2971866041-00,9072517807-00
hexagon socket button head screw full thread stainless steel A2 M5x12-70,5091829011-00,6506566613-00,8533726607-00
SCREW HSBH full thd M5x12-70 stainless,5091829011-00,6506566613-00,8533726607-00
M5x12-70 stainless hex socket button head screw full thread,5091829011-00,6506566613-00,8533726607-00
M5x16-70 hex socket button head screw full thread A2 stainless,6757365315-00,1278211702-00,9235266034-00
SCREW full thread HSBH stainless steel M5x16-70,6757365315-00,1278211702-00,9235266034-00
hexagon socket button head screw A2 M5x16-70 full thd,6757365315-00,1278211702-00,9235266034-00
HSBH screw full thread A2 M5x20-70 stainless hex button socket,5710205158-00,1063362084-00,8291938546-00
hexagon socket button head screw M5x20-70 full threaded stainless steel,5710205158-00,1063362084-00,8291938546-00
M5x20-70 screw A2 hex socket button head full thd,5710205158-00,1063362084-00,8291938546-00
hex socket button head screw full thread a2 stainless M5x25-70,6077003273-00,8298096627-00,5074445582-00
screw HSBH full thd M5x25-70 stainless steel,6077003273-00,8298096627-00,5074445582-00
M5x25-70 hexagon socket button head screw full thread A2,6077003273-00,8298096627-00,5074445582-00
hex socket button head screw full thread A2 stainless steel M6x10-70,4734411209-00,3636027469-00,6192891321-00
SCREW HSBH full thd M6x10-70 stainless,4734411209-00,3636027469-00,6192891321-00
M6x10-70 stainless steel hex button screw full thread,4734411209-00,3636027469-00,6192891321-00
full thread hex socket button head screw A2 stainless steel M6x12-70,6239810547-00,5660497797-00,1760470605-00
stainless steel A2 HSBH screw M6 x 12-70 full threaded hexagon socket button head,6239810547-00,5660497797-00,1760470605-00
M6x12-70 full thread hexagon socket button head screw A2 stainless steel,6239810547-00,5660497797-00,1760470605-00
hex socket button head screw full thread A2 stainless M6 x 16-70,4215182994-00,6097613322-00,8186909629-00
stainless steel full threaded screw hexagon socket button head M6 16-70,4215182994-00,6097613322-00,8186909629-00
M6x16-70 hex socket button head screw full thread A2 stainless steel,4215182994-00,6097613322-00,8186909629-00
full thread hex socket button head screw stainless steel M6 20-70mm,2033483249-00,8620546313-00,9696569168-00
A2 stainless steel M6x20 to 70 hexagon socket button head screw full thread,2033483249-00,8620546313-00,9696569168-00
hex socket button head screw full thread M6 stainless steel A2 length 20-70 mm,2033483249-00,8620546313-00,9696569168-00
hexagon socket button head screw full thread stainless steel A2 M6 25 to 70 mm,6598988196-00,7282383740-00,1409980522-00
M6 x 25-70 full threaded screw hexagon socket button head A2 stainless,6598988196-00,7282383740-00,1409980522-00
full thread hex socket button head screw stainless steel A2 M6 size 25-70,6598988196-00,7282383740-00,1409980522-00
hexagon socket button head screw full thread stainless steel a2 m8x12-70,1715949208-00,2771391001-00,9214170501-00
stainless steel a2 full threaded button head hex screw m8x12-70,1715949208-00,2771391001-00,9214170501-00
m8x12-70 hex socket button head screw full thread stainless steel a2,1715949208-00,2771391001-00,9214170501-00
hexagon socket button head screw full thread A2 stainless steel M8x16-70,1568532537-00,8151190862-00,9691312135-00
M8x16-70 stainless steel A2 full thread hex socket button head screw,1568532537-00,8151190862-00,9691312135-00
screw A2 stainless steel full thread hex socket button head M8x16 to 70mm,1568532537-00,8151190862-00,9691312135-00
hex socket button head screw stainless steel full thread M8x20 to 70,8081905519-00,8370007751-00,2139735163-00
A2 stainless steel full threaded hexagon socket button head screw M8 20-70mm,8081905519-00,8370007751-00,2139735163-00
full thread hex socket button head screw M8 size 20-70 stainless steel A2,8081905519-00,8370007751-00,2139735163-00
hex socket button head screw M10x15 full thread A2K 10.9 white galvanized,6478345925-00,6480966456-00,7068060064-00
M10x15 screw HSBH full thread 10.9 stainless steel white galvanized hex socket,6478345925-00,6480966456-00,7068060064-00
full threaded hexagon socket button head screw M10 x 15 A2K grade 10.9 white galvanized,6478345925-00,6480966456-00,7068060064-00
hex socket button head screw M10x25 white galvanized steel 10.9 full thread,3939252475-00,3664296603-00,7146771293-00
M10x25 full thread hexagon socket button head screw A2K class 10.9 white galvanized,3939252475-00,3664296603-00,7146771293-00
full thread HSBH screw M10x25 10.9 white galvanized steel hex socket button head,3939252475-00,3664296603-00,7146771293-00
hex socket button head screw M10x35 full thread A2K white galvanized 10.9,3797912024-00,5300150117-00,3420647459-00
M10x35 full threaded HSBH screw 10.9 grade white galvanized steel,3797912024-00,5300150117-00,3420647459-00
full thread hexagon socket button head screw M10x35 10.9 white galvanized,3797912024-00,5300150117-00,3420647459-00
screw hex socket button head full thread M10x50 A2K 10.9 white galvanized,9691312135-00,3409786374-00,9876699383-00
hexagon socket button head screw M10x50 full thread steel white galvanized 10.9,9691312135-00,3409786374-00,9876699383-00
HSBH full thread screw M10x50 10.9 white galvanized steel hex socket button head,9691312135-00,3409786374-00,9876699383-00
full thread hex socket button head screw M3x10 10.9 white galvanized steel,8140663775-00,3090593496-00,2033483249-00
M3x10 10.9 hexagon socket button head screw A2K full threaded white galvanized,8140663775-00,3090593496-00,2033483249-00
white galvanized steel full thread screw hex socket button head M3x10 10.9,8140663775-00,3090593496-00,2033483249-00
hex socket button head screw full thread M3x6 white galvanized steel 10.9,7210136390-00,2086169402-00,7611904021-00
M3x6 HSBH screw full threaded A2K white galvanized steel grade 10.9,7210136390-00,2086169402-00,7611904021-00
full thread hexagon socket button head screw M3 by 6 white galvanized steel 10.9,7210136390-00,2086169402-00,7611904021-00
hex socket button head screw M4x12 full thread A2K white galvanized steel 10.9,6484615821-00,2541182070-00,4828582854-00
HSBH full thread screw M4 x 12 white galvanized steel grade 10.9,6484615821-00,2541182070-00,4828582854-00
M4x12 hexagon socket button head screw full thread A2K white coated steel 10.9,6484615821-00,2541182070-00,4828582854-00
hex socket button head screw full thread M4x16 steel A2K grade 10.9 white galvanized,6221838917-00,8281473503-00,7283136748-00
M4x16 full threaded hexagon button head screw 10.9 white galvanised steel A2K,6221838917-00,8281473503-00,7283136748-00
screw hex socket button head full thread M4x16 10.9 A2K white galvanized steel,6221838917-00,8281473503-00,7283136748-00
hex socket button head screw M4x6 full thread A2K steel grade 10.9 white galvanized,1084274257-00,9732007045-00,6029968985-00
full thread HSBH screw 10.9 M4x6 white galvanized steel hex socket button head,1084274257-00,9732007045-00,6029968985-00
M4x6 hexagon socket button head screw full threaded A2K white galvanized steel 10.9,1084274257-00,9732007045-00,6029968985-00
hexagon socket button head screw full thread M4x8 white galvanized steel 10.9 grade,1680115035-00,2699455699-00,3763476385-00
full thread HSBH screw M4x8 10.9 stainless A2K white galvanized,1680115035-00,2699455699-00,3763476385-00
M4x8 screw hex socket button head fully threaded galvanized steel 10.9 grade,1680115035-00,2699455699-00,3763476385-00
hex socket button head screw full thread M5x10 steel A2K white galvanized 10.9,9207759437-00,1520755690-00,2277349670-00
M5x10 full threaded hexagon socket button head screw A2K white galvanized steel 10.9 grade,9207759437-00,1520755690-00,2277349670-00
screw hex head socket button full thread M5 x 10 white galvanized steel A2K 10.9,9207759437-00,1520755690-00,2277349670-00
hex socket button head screw M5x16 full thread a2k 10.9 white galvanized steel,4758662814-00,4359144184-00,9422469846-00
M5x16 hexagon socket button head screw full threaded a2k 10.9 white galvanized,4758662814-00,4359144184-00,9422469846-00
full thread hex socket button head screw M5 x16 grade 10.9 A2K white galvanized steel,4758662814-00,4359144184-00,9422469846-00
screw hex socket button head full thread M5x20 10.9 white galvanized steel,2737752458-00,9786803570-00,9587897673-00
M5x20 10.9 hexagon socket button head screw full thread A2K white galvanized,2737752458-00,9786803570-00,9587897673-00
full threaded hex socket button head screw M5x20 10.9 steel white galvanized A2K,2737752458-00,9786803570-00,9587897673-00
screw M5x25 full thread hex socket button head A2K 10.9 white galvanized,5206757906-00,4380157914-00,3654387069-00
M5x25 hexagon button head screw full thread 10.9 grade white galvanized steel,5206757906-00,4380157914-00,3654387069-00
hex socket button head screw A2K M5 25mm full thread 10.9 white zinc coating,5206757906-00,4380157914-00,3654387069-00
hex socket button head screw full thread M5x35 10.9 A2K white galvanized steel,8134591754-00,7295438312-00,7531996245-00
M5x35 hexagon socket button head screw full thread white galvanized steel 10.9 grade,8134591754-00,7295438312-00,7531996245-00
screw HSBH full thread M5x35 10.9 white galvanized steel hex socket button head,8134591754-00,7295438312-00,7531996245-00
hex socket button head screw full thread M5x6 A2K 10.9 white galvanized steel,5690510024-00,3761118568-00,4249580146-00
white galvanized full thread hexagon socket button head screw M5x6 10.9 steel A2K,5690510024-00,3761118568-00,4249580146-00
M5x6 screw hex socket button head full threaded steel 10.9 white galvanized A2K,5690510024-00,3761118568-00,4249580146-00
screw hexagon socket button head M5x8 full thread 10.9 white galvanized steel,3966591837-00,9325677048-00,6171464147-00
HSBH full threaded screw A2K M5x8 grade 10.9 white galvanized,3966591837-00,9325677048-00,6171464147-00
full thread hex socket button head screw M5 by 8 mm 10.9 white galvanized steel,3966591837-00,9325677048-00,6171464147-00
screw hex socket button head full thread M6x10 A2K white galvanized steel 10.9,4724490701-00,7420544092-00,1079293252-00
HSBH full threaded screw M6x10 white galvanized steel hex socket button head 10.9 grade,4724490701-00,7420544092-00,1079293252-00
M6x10 hexagon socket button head full thread screw A2K white galvanized steel 10.9,4724490701-00,7420544092-00,1079293252-00
full thread hex socket button head screw M6x12 A2K white galvanized steel 10.9,3348224466-00,2401035377-00,9985673215-00
M6x12 hexagon socket button head screw full threaded 10.9 white galvanized steel,3348224466-00,2401035377-00,9985673215-00
HSBH full thread screw M6x12 10.9 white galvanized steel hex socket button head,3348224466-00,2401035377-00,9985673215-00
hex socket button head screw full thread M6x15 A2K grade 10.9 white galvanized,6261514671-00,2583664143-00,1715949208-00
M6x15 full thread hexagon socket button head screw steel A2K 10.9 white zinc coated,6261514671-00,2583664143-00,1715949208-00
full thread hex socket button head screw M6 x 15 white galvanized steel 10.9 A2K,6261514671-00,2583664143-00,1715949208-00
screw hex socket button head full thread M6x20 10.9 white galvanized steel,7649956661-00,7966761424-00,9064006634-00
HSBH full threaded screw A2K M6x20 grade 10.9 white galvanized,7649956661-00,7966761424-00,9064006634-00
M6x20 hexagon socket button head screw full thread steel 10.9 white galvanized,7649956661-00,7966761424-00,9064006634-00
hex socket button head screw fully threaded M6x25 white galvanized steel A2K grade 10.9,5679205903-00,4694010433-00,9589635876-00
full thread hexagon socket button head screw M6x25 steel white galvanized 10.9 A2K,5679205903-00,4694010433-00,9589635876-00
M6x25 full thread screw hex socket button head white galvanized steel A2K 10.9,5679205903-00,4694010433-00,9589635876-00
hex socket button head screw M6x35 full thread A2K 10.9 white galvanized,4212432744-00,1789617221-00,8533726607-00
M6x35 full threaded HSBH screw white galvanized steel 10.9 grade,4212432744-00,1789617221-00,8533726607-00
screw hexagon button head full thread M6 35mm A2K 10.9 coated white,4212432744-00,1789617221-00,8533726607-00
hex socket button head screw full thread M6x40 white galvanized steel 10.9,2877514590-00,6159899080-00,8445426123-00
M6x40 full threaded hexagon socket button head screw A2K steel white galvanized 10.9,2877514590-00,6159899080-00,8445426123-00
full thread hex button head screw HSBH M6x40 white galvanized steel grade 10.9,2877514590-00,6159899080-00,8445426123-00
full thread hex button head screw M6x50 10.9 A2K white galvanized,9917520427-00,5191521234-00,9035646162-00
M6x50 hex socket button head screw A2K full threaded grade 10.9 white galvanized,9917520427-00,5191521234-00,9035646162-00
white galvanized steel full thread screw hex socket button head M6 50mm 10.9,9917520427-00,5191521234-00,9035646162-00
full thread hex socket button head screw M8x12 A2K 10.9 white galvanized steel,7068060064-00,5380898723-00,3332127492-00
M8x12 hex button head screw full thread A2K 10.9 white galvanized,7068060064-00,5380898723-00,3332127492-00
white galvanized steel hex socket button head screw M8x12 full thread 10.9 A2K,7068060064-00,5380898723-00,3332127492-00
hex socket button head screw M8x16 full thread A2K 10.9 white galvanized,5008345398-00,9103470507-00,9537630327-00
full thread hexagon socket button head screw M8x16 grade 10.9 A2K white zinc coated,5008345398-00,9103470507-00,9537630327-00
M8x16 white galvanized full threaded hex button head screw A2K 10.9 steel,5008345398-00,9103470507-00,9537630327-00
screw hex socket button head full thread A2K M8x20 10.9 white galvanized steel,7529220633-00,2790637539-00,9419602658-00
hexagon socket button head screw full threaded M8x20 steel grade 10.9 A2K coated,7529220633-00,2790637539-00,9419602658-00
full thread button head hex screw M8x20 white galvanized steel 10.9 A2K,7529220633-00,2790637539-00,9419602658-00
hex socket button head screw M8x25 full thread A2K 10.9 white galvanized,6934886974-00,5627782037-00,3793164435-00
white galvanized steel hexagon socket button head screw M8x25 10.9 full threaded,6934886974-00,5627782037-00,3793164435-00
M8x25 full thread hex socket button head screw steel A2K grade 10.9 white galvanized,6934886974-00,5627782037-00,3793164435-00
hex socket button head screw M8x30 full thread white galvanized steel 10.9,5102587125-00,5594889711-00,8854288795-00
HSBH full thread A2K M8x30 screw 10.9 white galvanized,5102587125-00,5594889711-00,8854288795-00
M8x30 hexagon socket button head screw 10.9 grade full threaded white galvanized steel,5102587125-00,5594889711-00,8854288795-00
screw hex socket button head full thread M8x35 A2K 10.9 white galvanized steel,8848957018-00,8075449217-00,9387215994-00
HSBH full threaded screw M8x35 10.9 white galvanized steel hexagon socket button head,8848957018-00,8075449217-00,9387215994-00
M8x35 10.9 white galvanized steel screw hexagon socket button head full thd A2K,8848957018-00,8075449217-00,9387215994-00
hex socket button head screw full thread M8x45 10.9 A2K white galvanized steel,9608119877-00,7865149791-00,6575833974-00
full threaded hexagon socket button head screw M8x45 10.9 A2K white galvanized,9608119877-00,7865149791-00,6575833974-00
M8x45 screw hex button head full thread A2K grade 10.9 white galvanized steel,9608119877-00,7865149791-00,6575833974-00
hex socket button head screw M8x50 full thread A2K 10.9 white galvanized steel,4380679545-00,8216402332-00,2891067891-00
full thread hexagon socket button head screw M8 x 50 10.9 A2K white galvanized,4380679545-00,8216402332-00,2891067891-00
M8x50 hex head screw button style full threaded steel white galvanized grade 10.9 A2K,4380679545-00,8216402332-00,2891067891-00
screw hex socket button head full thread M8x60 10.9 white galvanized steel,6600100268-00,2952661606-00,5116269099-00
M8x60 10.9 full thread hexagon socket button head screw A2K white zinc coated,6600100268-00,2952661606-00,5116269099-00
HSBH full thread screw 10.9 grade M8x60 white galvanized steel hex socket button head,6600100268-00,2952661606-00,5116269099-00
screw button head concrete self threading A2K 6x60 white galvanized steel,4026925895-00,7071447618-00,7263953526-00
HSBH concrete self threaded screw 6x60 steel white galvanize,4026925895-00,7071447618-00,7263953526-00
self thd button head screw for concrete 6x60 A2K white galvanized,4026925895-00,7071447618-00,7263953526-00
screw M10-D12x16-12.9 hex socket cylindrical head rect tang f9,4492492559-00,8030314056-00,6546106359-00
HSCH hexagon socket cylindrical head screw M10 D12x16 12.9 rect tang f9,4492492559-00,8030314056-00,6546106359-00
M10-D12x16 12.9 SCR hex socket cyl head rectangular tang f9,4492492559-00,8030314056-00,6546106359-00
screw hex socket cylindrical head m10 d12x20 12.9 hs ch rect tang f9,4184231864-00,1126028490-00,6478964688-00
hexagon socket screw m10 d12x20 12.9 grade 12.9 cylindrical head rectangular tang f9,4184231864-00,1126028490-00,6478964688-00
hs screw m10 d12x20 12.9 cylindrical head hex socket rectangular tang f9,4184231864-00,1126028490-00,6478964688-00
screw hex socket cylindrical head rectangular tang f9 m10 d12x25 grade 12.9,6045171767-00,6877469816-00,1022841450-00
hexagon socket screw M10 d12x25 12.9 rectangular tang f9 cylindrical head,6045171767-00,6877469816-00,1022841450-00
hs ch screw m10 d12x25 12.9 f9 rectangular tang hex socket cylindrical head,6045171767-00,6877469816-00,1022841450-00
hex socket screw M10 D12x30 12.9 rectangular tang head,4573564884-00,1860195269-00,3748907827-00
HSCH cylindrical head screw M10-D12x30 grade 12.9 with rectangular tang,4573564884-00,1860195269-00,3748907827-00
M10 hexagon socket cap screw 12.9 12x30mm rectangular tang type,4573564884-00,1860195269-00,3748907827-00
hex socket screw cylindrical head rect tang M10 D12x40 grade 12.9,2679738386-00,6304011625-00,5348129455-00
screw hex socket head rectangular tang f9 M10-D12x40 12.9,2679738386-00,6304011625-00,5348129455-00
"HSCH screw M10 D12x40 12.9 hexagonal socket, cylindrical head, rectangular tang",2679738386-00,6304011625-00,5348129455-00
screw hex socket cylindrical head rectangular tang f9 M10 D12x40 12.9,2679738386-00,3414353862-00,3562703168-00
hexagon socket screw rect tang f9 M10 d12x40 grade 12.9,2679738386-00,3414353862-00,3562703168-00
HSCH screw rectangular tang f9 M10 D12 by 40 12.9 alloy,2679738386-00,3414353862-00,3562703168-00
hex socket screw cylindrical head rect tang f9 M10 D12x50 12.9,9122072784-00,1294937780-00,7643815862-00
M10-D12x50 12.9 hexagon socket head screw rect tang f9,9122072784-00,1294937780-00,7643815862-00
screw hex socket cyl head rect tang f9 size M10 diameter 12 length 50 grade 12.9,9122072784-00,1294937780-00,7643815862-00
hexagon socket screw M10 D12x60 12.9 rectangular tang f9,5456183122-00,5918243383-00,9688170406-00
HSCH screw hex socket cylindrical head M10-D12x60 grade 12.9 rectangular tang,5456183122-00,5918243383-00,9688170406-00
M10 D12x60 12.9 hex socket head screw rectangular tang f9,5456183122-00,5918243383-00,9688170406-00
screw hex socket cylindrical head rectangular tang f9 m10 d12x80 12.9,1182065572-00,1875361036-00,6571283283-00
hexagon socket screw HSCH rectangular tang f9 M10 D12 x 80 12.9,1182065572-00,1875361036-00,6571283283-00
M10-D12x80 12.9 hex socket cylinder head screw with rectangular tang f9,1182065572-00,1875361036-00,6571283283-00
screw hex socket cylindrical head rectangular tang f9 M12 D16x30 12.9,3420647459-00,7255109294-00,8994100422-00
hexagon socket head screw M12 D16x30 12.9 rectangular tang f9,3420647459-00,7255109294-00,8994100422-00
HSCH screw with rectangular tang f9 M12 diameter 16 length 30 grade 12.9,3420647459-00,7255109294-00,8994100422-00
hex socket screw cylindrical head M12 D16x30 12.9 rect tang f9,3420647459-00,2016872502-00,9910910852-00
M12-D16x30-12.9 HSCH screw hexagon socket cylindrical head rectangle tang f9,3420647459-00,2016872502-00,9910910852-00
screw hex socket cyl head rect tang f9 M12 D16x30 12.9 grade 12.9,3420647459-00,2016872502-00,9910910852-00
screw hex socket cylindrical head rectangular tang f9 M12 D16x40 12.9,7263953526-00,2115313531-00,7836028606-00
hexagon socket screw M12 D16x40 12.9 cylindrical head rect tang f9,7263953526-00,2115313531-00,7836028606-00
HSCH screw M12-D16x40 12.9 hex cylinder head rectangular tang f9,7263953526-00,2115313531-00,7836028606-00
hex socket screw M12×60 D16 f9 12.9 hexagon cylindrical head,6258151250-00,5124901454-00,9122072784-00
M12-D16x60 12.9 hex socket cylindrical head screw rectangular tang f9,6258151250-00,5124901454-00,9122072784-00
screw hex socket cyl head rectangular tang f9 M12 D16 60 12.9 grade,6258151250-00,5124901454-00,9122072784-00
hexagon socket screw cylindrical head rectangular tang M12 D16x80 12.9 grade,6443597983-00,6515509664-00,8076724964-00
HSCH screw M12 diameter 16 length 80 mm 12.9 strength rectangular tang,6443597983-00,6515509664-00,8076724964-00
screw hex socket head cyl. rectangular tang f9 M12-D16x80 class 12.9,6443597983-00,6515509664-00,8076724964-00
screw hex socket cap head rectangular tang M12 D16x90 12.9,8153096555-00,3508567827-00,1815563881-00
"hexagon socket cylindrical head screw, rectangular tang, size M12, D16 x 90mm, grade 12.9",8153096555-00,3508567827-00,1815563881-00
"HSCH screw with rectangular tang, M12 diameter, D16 by 90 length, strength class 12.9",8153096555-00,3508567827-00,1815563881-00
hex socket screw M12 D20x30 12.9 cylindrical head rect tang f9,9547309251-00,1461083928-00,9224795099-00
HSCH screw hex cyl head rectangle tangential f9 M12 D20x30 grade 12.9,9547309251-00,1461083928-00,9224795099-00
M12 screw 12.9 grade rect tang f9 hexagon socket cyl head D20x30,9547309251-00,1461083928-00,9224795099-00
screw hex socket cap head rectangle tang f9 m12 d20x40 grade 12.9,9921638475-00,8556932975-00,3785046823-00
HSCH hex socket screw cylindrical head rectangular tang M12-D20x40 12.9,9921638475-00,8556932975-00,3785046823-00
hexagon socket head screw rectangular tang f9 size M12 d20x40 class 12.9,9921638475-00,8556932975-00,3785046823-00
hex socket screw M12-D20x50 12.9 tang rectangular cylindrical head,3635384046-00,2291864354-00,6998943831-00
HSCH screw 12.9 grade M12 D20x50 f9 rectangular tang hexagon socket head,3635384046-00,2291864354-00,6998943831-00
M12 hexagon socket cylinder head screw tang rectangular f9 12.9 D20x50,3635384046-00,2291864354-00,6998943831-00
hex socket screw M12 D20x60 12.9 cylindrical head rect tang f9,2203707952-00,7608996579-00,6472361413-00
M12-D20x60 12.9 hex cyl head screw with rectangular tang f9,2203707952-00,7608996579-00,6472361413-00
HSCH screw hex socket cylindrical head M12 20x60 12.9 rect tang f9,2203707952-00,7608996579-00,6472361413-00
hexagon socket screw rectangular tang M12 D20x80 12.9 grade,3028497617-00,7118497327-00,6839459558-00
HSCH screw M12 D20 x 80mm f9 tang 12.9 hardness,3028497617-00,7118497327-00,6839459558-00
cylindrical head screw hex socket rectangular tang M12-D20x80 12.9 steel,3028497617-00,7118497327-00,6839459558-00
hex socket screw cylindrical head rectangular tang f9 M12 D20x90 grade 12.9,3665132280-00,5721473726-00,6632657918-00
M12 D20x90 12.9 hexagon socket cylinder head screw rect tang f9,3665132280-00,5721473726-00,6632657918-00
screw hexagon socket cyl head rectangular tang f9 M12 D20 x 90 class 12.9,3665132280-00,5721473726-00,6632657918-00
screw hex socket cap head M12x120 12.9 f9 rectangular tang,2016320500-00,3196966778-00,5358287054-00
hexagon socket cylindrical head screw M12x120 f9 12.9 rectangular tang,2016320500-00,3196966778-00,5358287054-00
HSCH screw M12x120-12.9 cylindrical hex socket rectangular tang f9,2016320500-00,3196966778-00,5358287054-00
screw hex socket cylindrical head rectangular tang f9 M16-D16x40 12.9,4041106770-00,8349694726-00,7354403074-00
HSCH screw rectangular tang f9 M16-D16x40 12.9 hexagon socket head,4041106770-00,8349694726-00,7354403074-00
hexagon socket cylindrical head screw M16-D16x40 12.9 rectangular tang f9,4041106770-00,8349694726-00,7354403074-00
screw hex socket cylindrical head rect tang f9 M5 D6x10 12.9,6571703109-00,3285264200-00,2495255911-00
hexagon socket screw M5-D6x10 12.9 rectangular tang f9 cylindrical head,6571703109-00,3285264200-00,2495255911-00
HSCH screw M5 D6x10 12.9 hex socket cylindrical head rect tang f9,6571703109-00,3285264200-00,2495255911-00
hex socket screw M5 D6x16 12.9 cylindrical head rectangular tang,9387215994-00,6058211450-00,2203707952-00
HSCH screw M5 D6x16 12.9 hexagon socket cylindrical head RECT tang,9387215994-00,6058211450-00,2203707952-00
M5-D6x16-12.9 hex screw hex socket cylind head rectangular tang f9,9387215994-00,6058211450-00,2203707952-00
hex socket screw M5 12.9 grade tang cylindrical head 6x20,1408501010-00,7835034023-00,8705789131-00
M5 f9 tang rectangle head hexagon socket screw D6x20 12.9,1408501010-00,7835034023-00,8705789131-00
HSCH screw 12.9 M5 tang hex socket straight head D6 20 length,1408501010-00,7835034023-00,8705789131-00
hex socket screw M5-D6x25 12.9 grade rectangular tang head,9419602658-00,5264300594-00,6375619999-00
HSCH screw 12.9 M5-D6x25 hex socket cylindrical head with rect tang,9419602658-00,5264300594-00,6375619999-00
screw M5 D6x25 12.9 hexagon socket cyl head rectangular tang f9,9419602658-00,5264300594-00,6375619999-00
hex socket screw M5 f9 tang 6x30 12.9 grade,9966918607-00,8425163072-00,8201399184-00
HSCH rectangular tang screw M5 D6x30 12.9,9966918607-00,8425163072-00,8201399184-00
hexagon socket cylindrical head screw M5 6x30 f9 tang 12.9,9966918607-00,8425163072-00,8201399184-00
hex socket screw M5-D6x40 12.9 grade rectangular tang head,5360297225-00,8367543199-00,7878248452-00
M5-D6x40 12.9 hexagon socket cylindrical head screw with rect tang,5360297225-00,8367543199-00,7878248452-00
screw hex socket cyl head M5 f9 rect tang 40mm 12.9 steel,5360297225-00,8367543199-00,7878248452-00
screw hex socket cyl head rect tang f9 M6 D8x10 12.9,8724841823-00,7452840785-00,1952396536-00
hexagon socket screw M6 D8x10 ratchet tang f9 12.9 grade,8724841823-00,7452840785-00,1952396536-00
HSCH screw hex cyl head rectangular tang f9 M6-D8x10 12.9 steel,8724841823-00,7452840785-00,1952396536-00
hex socket cylindrical head screw M6 D8x12 12.9 RECT TANG,3205324893-00,2010206071-00,9452727936-00
M6-D8x12 screw hexagon socket cyl head rectangular tang f9 12.9 grade,3205324893-00,2010206071-00,9452727936-00
screw 12.9 hex socket cyl head M6 D8x12 rectangular tang type f9,3205324893-00,2010206071-00,9452727936-00
screw hex socket cap head rectangular tang f9 M6-D8x16 12.9,2078359379-00,7295438312-00,8831445184-00
HSCH hexagon socket cylindrical head rect tang f9 M6 D8x16 12.9 screw,2078359379-00,7295438312-00,8831445184-00
M6-D8x16 12.9 hex socket screw with rectangular tang f9 head,2078359379-00,7295438312-00,8831445184-00
hex socket screw cylindrical head M6 D8x20 12.9 rectangular tang,1602913890-00,1570116266-00,4455341387-00
HSCH screw M6-D8x20 12.9 grade with rectangular tang hexagon socket,1602913890-00,1570116266-00,4455341387-00
screw hex socket cylindrical head RECT TANG f9 M6 D8x20 12.9,1602913890-00,1570116266-00,4455341387-00
hex socket screw M6 D8x20 12.9 cylindrical head rectangular tang f9,1602913890-00,3555796952-00,8153096555-00
HSCH cylindrical head screw M6-D8x20 12.9 rect tang f9,1602913890-00,3555796952-00,8153096555-00
screw hexagon socket hex head M6 x D8 20mm 12.9 rect tang f9,1602913890-00,3555796952-00,8153096555-00
hex socket screw M6 D8x25 12.9 f9 rectangular tang,7219825620-00,3824865055-00,5942763771-00
HSCH screw M6 12.9 d8x25 hex socket cylindrical head rectangular tang,7219825620-00,3824865055-00,5942763771-00
M6 screw hexagon socket cyl head rectangular tang f9 12.9 D8x25,7219825620-00,3824865055-00,5942763771-00
hex socket screw cylindrical head M6 D8x30 grade 12.9 rect tang,4624316935-00,7564947432-00,1760470605-00
M6 hexagon socket screw cylindric head rectangular tang f9 D8x30 12.9,4624316935-00,7564947432-00,1760470605-00
screw hex socket cyl head rect tang M6 f9 d8x30 12.9 grade bolt,4624316935-00,7564947432-00,1760470605-00
screw hex socket cylinder head rectangular tang f9 m6 d8x40 12.9,7433502444-00,3941427155-00,8413622314-00
hexagon socket screw rectangular tang M6 D8x40 12.9 grade,7433502444-00,3941427155-00,8413622314-00
HSCH screw rectangular tang f9 M6-D8x40-12.9 hex head,7433502444-00,3941427155-00,8413622314-00
screw hexagon socket cylindrical head rectangular tang M8 D10x16 12.9,9895453927-00,9827472106-00,5581332631-00
HSCH screw M8 D10x16 12.9 hex socket cylindrical head rectangular tang,9895453927-00,9827472106-00,5581332631-00
hex socket screw 12.9 grade M8 diameter 10 length 16 cylindrical head rectangular tang,9895453927-00,9827472106-00,5581332631-00
screw hex socket cylindrical head rectangular tang f9 M8 D10x16 12.9,9895453927-00,5303308423-00,3901147993-00
HSCH screw M8 D10x16 12.9 rectangular tang f9 hexagon socket cylindrical head,9895453927-00,5303308423-00,3901147993-00
hex socket cylinder head screw rectangular tang M8-D10x16 12.9 f9,9895453927-00,5303308423-00,3901147993-00
hex socket screw hsch cylindrical head tang f9 M8 D10x20 12.9,4256015092-00,5627782037-00,6571283283-00
HSCH rectangular tang screw M8 D10x20 12.9 hexagon socket cylindrical head,4256015092-00,5627782037-00,6571283283-00
screw M8 D10x20 12.9 hexagon socket cylindrical rectangular head tang f9,4256015092-00,5627782037-00,6571283283-00
hex socket screw cylindrical head rect tang M8 D10x25 steel 12.9 grade,1760470605-00,7656917278-00,7204913316-00
M8 screw hex socket cylindrical head f9 tang rectangular D10x25 12.9,1760470605-00,7656917278-00,7204913316-00
12.9 grade screw hexagonal socket cyl head rect tang f9 M8 D10 by 25 mm,1760470605-00,7656917278-00,7204913316-00
hex socket screw M8 D10x25 12.9 tang rectangular head,1760470605-00,8075449217-00,7573814967-00
screw 12.9 grade hexagon cylindrical head M8 D10x25 rectangular tang,1760470605-00,8075449217-00,7573814967-00
M8 screw hex socket cylindrical head tang rect f9 D10x25 12.9,1760470605-00,8075449217-00,7573814967-00
hex socket screw M8 D10x30 12.9 tang rectangular head,8220713106-00,1872210053-00,5065362985-00
M8 D10x30 12.9 hexagon socket cylindrical head screw rectangular tang,8220713106-00,1872210053-00,5065362985-00
cylindrical head screw hex socket M8-D10x30 12.9 tang f9 rectangular,8220713106-00,1872210053-00,5065362985-00
screw hex socket cylindrical head rectangular tang f9 m8 d10x60 12.9 grade,8232184671-00,1778812082-00,1726905199-00
hexagon socket screw M8 D10x60 12.9 rect tang f9 cylindrical head,8232184671-00,1778812082-00,1726905199-00
HSCH screw M8-D10x60 12.9 hex socket circular head rectangular tang f9,8232184671-00,1778812082-00,1726905199-00
hex socket screw M8 D10x8 12.9 cylindrical head rect tang f9,6692325649-00,7255109294-00,6611607843-00
hs screw hex socket cylind head rectangular tang f9 M8 D10x8 12.9,6692325649-00,7255109294-00,6611607843-00
M8-D10x8 12.9 hex socket cylinder head screw rect tang f9,6692325649-00,7255109294-00,6611607843-00
hexagon socket screw cylindrical head M8 D20x80 12.9 rectangular tang f9,5762240135-00,4051928637-00,4873387863-00
M8-D20x80 12.9 grade 12.9 hex socket head screw cylindrical rect tang f9,5762240135-00,4051928637-00,4873387863-00
screw hex socket cap head M8 20x80 12.9 rectangular tang f9 cylindrical,5762240135-00,4051928637-00,4873387863-00
hex socket screw M10 D12x100 12.9 tangf9 rectangular head,4230197672-00,5853983356-00,8277383510-00
HSCH hexagon socket cylindrical screw tangf9 M10 diameter 12 length 100 grade 12.9,4230197672-00,5853983356-00,8277383510-00
screw hexagon socket cylinder head rectangular tangf9 M10-D12x100 12.9 bolt,4230197672-00,5853983356-00,8277383510-00
full thread hex socket screw M5x50 A2K 8.8 white galvanized,1895782379-00,8370275129-00,4873387863-00
M5x50 8.8 hexagon socket head screw fully threaded A2K steel,1895782379-00,8370275129-00,4873387863-00
hex socket cylindrical head screw M5x50 8.8 full thread white galvanized steel,1895782379-00,8370275129-00,4873387863-00
hex socket screw full thread M6x50 8.8 white galvanized steel cylindrical head,7359971500-00,8289664449-00,9419602658-00
hs screw a2k M6 by 50 mm full threaded hexagon socket head grade 8.8,7359971500-00,8289664449-00,9419602658-00
full thread hex socket cap screw M6x50 8.8 white galvanized steel cylindrical head,7359971500-00,8289664449-00,9419602658-00
hex socket screw M3x10 cylindrical head replacement for 5768980724-00,8584132113-00,4481338477-00,7643815862-00
HSCH screw M3 by 10 mm hex socket cyl head replaced part 5768980724-00,8584132113-00,4481338477-00,7643815862-00
M3x10 hex socket cylindrical head screw substitute 5768980724-00,8584132113-00,4481338477-00,7643815862-00
screw hex socket head M3x16 replacement for 8286072537-00,2650208388-00,5643762042-00,9387215994-00
HSCH screw M3x16 cylinder head replacing part 8286072537-00,2650208388-00,5643762042-00,9387215994-00
"M3x16 hexagon socket screw, cylindrical head, substitute 8286072537-00",2650208388-00,5643762042-00,9387215994-00
screw M10x1.25x30 8.8 partly threaded HSCH white galvanized steel,3625233948-00,1318185697-00,3920625495-00
HSCH screw M10 x 1.25 x 30 8.8 grade partly thread white zinc coated,3625233948-00,1318185697-00,3920625495-00
partly threaded screw 8.8 M10x1.25x30 HSCH type white galvanized steel,3625233948-00,1318185697-00,3920625495-00
hex socket screw stainless steel M10x100 partially threaded cylindrical head HSCH,1783879014-00,9834454697-00,6843773357-00
M10x100 hexagon socket cyl head screw A2 stainless steel part thread,1783879014-00,9834454697-00,6843773357-00
stainless steel HSCH screw M10x100-70 partly threaded hexagonal socket head,1783879014-00,9834454697-00,6843773357-00
hex socket screw stainless steel M10x16-70 partly threaded cylindrical head,1209233355-00,3195565534-00,3358964777-00
stainless steel hexagon socket head screw M10x16-70 part thread,1209233355-00,3195565534-00,3358964777-00
HSCH screw A2 stainless steel M10x16-70 hex socket cylindrical head partial thread,1209233355-00,3195565534-00,3358964777-00
screw hex socket cylinder head stainless steel A2 M10x20-70 partly threaded,3139520890-00,1445209486-00,7495471828-00
hexagon socket head screw stainless steel M10 20-70 A2 partly thread,3139520890-00,1445209486-00,7495471828-00
A2 stainless steel hex socket cylinder head screw M10 x 20-70 partial thread,3139520890-00,1445209486-00,7495471828-00
hex socket cap screw A2 stainless steel M10x25-70 partially threaded,9423853212-00,5903295517-00,9440845021-00
M10x25-70 hex head screw partly threaded stainless steel A2,9423853212-00,5903295517-00,9440845021-00
stainless A2 hexagon socket cylindrical head screw M10 thread 25 to 70 mm length,9423853212-00,5903295517-00,9440845021-00
Stainless steel hex socket screw M10x30-70 partially threaded cylindrical head,9084731867-00,9732007045-00,8413622314-00
M10 x 30-70 hexagon socket cylinder head screw A2 stainless part thread,9084731867-00,9732007045-00,8413622314-00
"HSCH screw A2 stainless steel, hex socket, cylindrical head, M10, length 30 to 70mm, partial thread",9084731867-00,9732007045-00,8413622314-00
stainless steel hex socket screw M10x35-70 partial thread cylindrical head,9734057020-00,2465261058-00,9570592597-00
M10x35-70 A2 stainless steel hexagon socket screw partly threaded,9734057020-00,2465261058-00,9570592597-00
hex socket screw A2 stainless steel M10x35 to 70 cylindrical head partial thread,9734057020-00,2465261058-00,9570592597-00
hex socket screw a2 stainless partly threaded m10x40 to 70,7176640084-00,1070027217-00,1800442133-00
stainless steel cylindrical head screw m10 40-70mm partial thread hs part thd,7176640084-00,1070027217-00,1800442133-00
hschn part thread screw hexagon socket head m10 x 40-70 a2 stainless,7176640084-00,1070027217-00,1800442133-00
stainless steel hex socket screw M10 x 55-70 partial thread cylindrical head,9084575467-00,8338631077-00,6944966855-00
HSCH screw A2 stainless M10x55-70 hexagon socket partly threaded,9084575467-00,8338631077-00,6944966855-00
M10x55-70 screw hex socket cylinder head stainless steel A2 partial thread,9084575467-00,8338631077-00,6944966855-00
screw hex socket cap stainless steel M10 90mm partly threaded,9262765158-00,3112439740-00,6083606650-00
HSCH cylindrical head screw A2 stainless steel M10x90-70 thread partial,9262765158-00,3112439740-00,6083606650-00
stainless steel hexagon socket screw M10x90 partially threaded A2,9262765158-00,3112439740-00,6083606650-00
stainless steel hex socket screw M12x35-70 partially threaded cylindrical head,5065362985-00,5392032523-00,6478345925-00
M12x35-70 hexagon socket screw A2 stainless partly threaded,5065362985-00,5392032523-00,6478345925-00
HSCH part screw hex cylinder head A2 stainless steel M12x35-70 thread partial,5065362985-00,5392032523-00,6478345925-00
hex socket screw part thread A2 stainless steel M14x60-70,7687191436-00,8367543199-00,8361149774-00
stainless steel hexagon socket cylindrical head screw M14x60-70 partial thread,7687191436-00,8367543199-00,8361149774-00
HSCH screw hex socket M14x60-70 A2 stainless partly threaded,7687191436-00,8367543199-00,8361149774-00
stainless steel hex socket screw M16 30 to 70mm partial thread,5980354908-00,3724834067-00,6097009167-00
hexagon socket cylindrical head screw A2 stainless M16x30-70 partially threaded,5980354908-00,3724834067-00,6097009167-00
A2 stainless steel screw hex socket head partly threaded M16 30-70 mm length,5980354908-00,3724834067-00,6097009167-00
hex socket screw part thread A2 stainless steel M16x80-70,5942763771-00,5645656566-00,9424776550-00
HSCH screw M16x80-70 stainless steel partly threaded hexagon socket head,5942763771-00,5645656566-00,9424776550-00
M16x80-70 hex socket cylindric head screw A2 stainless steel partial thread,5942763771-00,5645656566-00,9424776550-00
screw hex socket head steel A2 M2.5 x 12mm part thread,5461598347-00,8216402332-00,6258151250-00
"stainless steel hexagon socket head screw M2,5 x 12 partially threaded",5461598347-00,8216402332-00,6258151250-00
hscrew hex socket cylinder head A2 stainless M2.5x12 partial thread,5461598347-00,8216402332-00,6258151250-00
hex socket screw partly threaded stainless steel M2 x 8-70,8013105397-00,5685286874-00,7878248452-00
HSCH screw A2 stainless steel M2x8-70 cylindrical head hexagon,8013105397-00,5685286874-00,7878248452-00
M2 x 8-70 hexagon socket cylindrical head screw partly threaded A2 steel,8013105397-00,5685286874-00,7878248452-00
stainless steel hexagon socket screw M3x12-70 partly threaded cylindrical head,3759777997-00,3584946221-00,6148036737-00
HSCH part screw hex socket A2 stainless M3 x 12-70 cylindrical head thread,3759777997-00,3584946221-00,6148036737-00
M3x12-70 screw hex socket cylindrical head partial thread A2 stainless steel,3759777997-00,3584946221-00,6148036737-00
hex socket screw stainless steel M3x16-70 partly threaded cylindrical head,5552184374-00,6700770175-00,6769183923-00
screw HSCH A2 partly threaded M3x16-70 hexagon socket cylindrical head,5552184374-00,6700770175-00,6769183923-00
stainless steel hex socket cyl head screw M3x16-70 partial thread A2,5552184374-00,6700770175-00,6769183923-00
screw hex socket head partially threaded stainless steel M3 x 20-70,9564807796-00,9236434512-00,9587897673-00
HSCH screw stainless steel M3x20-70 hexagon socket cylindrical head partial thread,9564807796-00,9236434512-00,9587897673-00
hex socket screw A2 stainless steel M3 20 to 70 mm partial thread cylindrical head,9564807796-00,9236434512-00,9587897673-00
stainless steel hex socket cylinder head screw M3 with partial thread 25 to 70 mm length,7354403074-00,9526772961-00,1673205948-00
"HSCH part screw A2 M3 25-70mm hexagon socket cylindrical head, partly threaded",7354403074-00,9526772961-00,1673205948-00
M3x25 to 70 mm stainless steel hex socket head screw partly threaded HSCH type A2,7354403074-00,9526772961-00,1673205948-00
hex socket screw Stainless steel A2 M3x8-70 partly threaded,8183063386-00,7047810484-00,4598714933-00
screw hexagon socket cylindrical head A2 stainless M3x8-70 part thread,8183063386-00,7047810484-00,4598714933-00
M3x8-70 stainless steel hex screw partly threaded HSCH part A2,8183063386-00,7047810484-00,4598714933-00
hex socket screw A2 stainless steel partially threaded M4x10-70,9072517807-00,2709104285-00,4235970721-00
stainless steel hexagon socket cylindrical head screw M4x10-70 part thd,9072517807-00,2709104285-00,4235970721-00
HSCH screw A2 SS partly threaded M4x10-70 hex head socket cylindrical,9072517807-00,2709104285-00,4235970721-00
screw hex socket head partly threaded stainless steel A2 M4x12-70,6238573247-00,6833265528-00,1084274257-00
HSCH hexagon socket screw A2 stainless steel M4 x 12-70 partially threaded,6238573247-00,6833265528-00,1084274257-00
M4x12-70 stainless steel hex socket cylindrical head screw partly threaded A2,6238573247-00,6833265528-00,1084274257-00
stainless steel hex socket screw M4x16-70 part thread,5364960095-00,8810070590-00,7818196723-00
HSCH screw A2 stainless M4x16-70 hexagon socket cylindrical head,5364960095-00,8810070590-00,7818196723-00
hex socket screw partly threaded A2 steel M4x16 to 70 mm,5364960095-00,8810070590-00,7818196723-00
stainless steel hex socket cap screw M4x20-70 partly threaded cylindrical head,9473428869-00,5988207918-00,3910293894-00
HSCH screw A2 stainless hexagon socket cylindrical head thread partial M4x20-70,9473428869-00,5988207918-00,3910293894-00
M4x20-70 hex socket screw partly threaded stainless steel HSCH type cylindrical head,9473428869-00,5988207918-00,3910293894-00
hex socket screw A2 stainless steel M4 thread partial length 25-70mm,2596755451-00,8641791085-00,2262609082-00
HSCH screw stainless M4x25 to 70 hex head partly threaded,2596755451-00,8641791085-00,2262609082-00
stainless steel screw hexagon socket cylinder head M4 25-70mm partial thread,2596755451-00,8641791085-00,2262609082-00
hex socket screw stainless steel M4x35-70 part threaded cylindrical head,4675402319-00,8620546313-00,4627757243-00
A2 stainless steel hexagon socket screw M4 x 35-70 partly threaded,4675402319-00,8620546313-00,4627757243-00
M4x35-70 HSCH screw hex socket cylindrical partly threaded A2 stainless steel,4675402319-00,8620546313-00,4627757243-00
screw hex socket head partly threaded A2 stainless steel M5x10-70,3748347140-00,1095765315-00,5102587125-00
hexagon socket cylindrical head screw stainless steel A2 M5x10-70 partial thread,3748347140-00,1095765315-00,5102587125-00
M5x10-70 stainless steel A2 hex socket screw partly threaded cylindrical head,3748347140-00,1095765315-00,5102587125-00
stainless steel hex socket head screw M5x12-70 partly threaded HSCH,3012926011-00,1920622049-00,8028447605-00
M5x12-70 stainless steel hexagon socket cylindrical head screw with partial thread,3012926011-00,1920622049-00,8028447605-00
HSCH A2 steel screw hex socket partial thread M5x12-70,3012926011-00,1920622049-00,8028447605-00
stainless steel hex socket screw M5x16-70 partly threaded cyl head,3069487216-00,4501408104-00,5428394963-00
M5x16-70 HSCH screw hexagon socket cylinder head A2 steel,3069487216-00,4501408104-00,5428394963-00
hex socket cylindrical head screw A2 stainless M5x16-70 part thread,3069487216-00,4501408104-00,5428394963-00
stainless steel hex socket cylinder head screw M5x20-70 partially threaded,9695811272-00,1052315420-00,9226799871-00
HSCH screw A2 stainless steel M5x20-70 partly threaded hexagon socket,9695811272-00,1052315420-00,9226799871-00
M5x20-70 hexagon socket cylinder head screw stainless steel A2 partial thread,9695811272-00,1052315420-00,9226799871-00
hex socket cylindrical head screw stainless steel A2 M5x25-70 partially threaded,7495471828-00,7627731391-00,4495204230-00
stainless steel hexagon socket screw A2 M5x25-70 part thread cylindrical head,7495471828-00,7627731391-00,4495204230-00
HSCH screw A2 stainless hex socket partly threaded M5x25-70 cylindrical head,7495471828-00,7627731391-00,4495204230-00
stainless steel hex socket screw M5x30 to 70 partly threaded cylindrical head,8888866174-00,7000007117-00,9346361961-00
HSCH part A2 hexagon socket screw M5 size 30-70mm stainless steel,8888866174-00,7000007117-00,9346361961-00
M5 hex socket head screw partly threaded stainless steel HSCH cylindrical 30-70 length,8888866174-00,7000007117-00,9346361961-00
screw hex socket hd partly threaded A2 stainless steel M5x40 to 70,4538507388-00,6620963127-00,4893172831-00
hexagon socket cylindrical hd stainless steel screw M5 thread 40-70mm A2,4538507388-00,6620963127-00,4893172831-00
M5 x 40-70 mm stainless steel A2 hex socket head screw partial thread,4538507388-00,6620963127-00,4893172831-00
stainless steel hex socket screw M6x10-70 partially threaded cyl head,5777325392-00,4481338477-00,8796805651-00
HSCH screw A2 stainless steel M6 x 10-70 hex socket part thread,5777325392-00,4481338477-00,8796805651-00
M6x10-70 hexagon socket cylindrical head stainless steel screw partially threaded A2,5777325392-00,4481338477-00,8796805651-00
screw hex socket head stainless steel M6x16-70 partial thread,2467314709-00,3628132510-00,2843799327-00
HSCH screw partially threaded A2 stainless M6x16-70 hex socket cylindrical,2467314709-00,3628132510-00,2843799327-00
hexagon socket cylinder head screw A2 stainless steel M6x16-70 partial thread,2467314709-00,3628132510-00,2843799327-00
Hexagon socket head screw stainless steel M6x20-70 partial thread,7440613697-00,5997622662-00,2312811465-00
HSCH screw A2 stainless steel M6 x 20-70 partly threaded,7440613697-00,5997622662-00,2312811465-00
M6x20-70 hex socket cylindrical head screw A2 stainless partial thread,7440613697-00,5997622662-00,2312811465-00
hex socket screw partially threaded stainless steel M6 25-70 mm,5116420748-00,5577156710-00,1084274257-00
hexagon socket cylindrical head screw A2 stainless M6x25 to 70,5116420748-00,5577156710-00,1084274257-00
HSCH screw A2 stainless steel M6 thread 25-70 length,5116420748-00,5577156710-00,1084274257-00
screw hexagon socket cylindrical head partly threaded A2 stainless steel M6 35-70,3143339606-00,6139131350-00,6692325649-00
hex socket head screw stainless steel A2 M6x35 to 70 partial thread,3143339606-00,6139131350-00,6692325649-00
M6x35-70 hexagon socket cylindrical head screw partly threaded stainless steel A2,3143339606-00,6139131350-00,6692325649-00
stainless steel hex socket screw M6x45-70 partially threaded cylindrical head,3748907827-00,8903415072-00,5195367950-00
HSCH part screw A2 stainless steel hexagon socket M6 45 to 70 mm,3748907827-00,8903415072-00,5195367950-00
M6x45-70 hexagon socket cylindrical head screw A2 stainless steel part thread,3748907827-00,8903415072-00,5195367950-00
hex socket cylinder head screw stainless steel M6 55-70mm partial thread,7748564458-00,8740694432-00,4675217838-00
stainless steel M6 screw hexagon socket head partial threaded 55 to 70 mm,7748564458-00,8740694432-00,4675217838-00
HSCH screw A2 stainless partial thread hex head M6 55x70 length,7748564458-00,8740694432-00,4675217838-00
screw hex socket head partially threaded stainless steel M6 60-70mm,6029968985-00,1255737259-00,9083509236-00
hs ch screw A2 stainless M6 x 60-70 cylindrical hex socket,6029968985-00,1255737259-00,9083509236-00
hexagon socket cylindrical head screw M6 thread part stainless steel 60-70 mm,6029968985-00,1255737259-00,9083509236-00
stainless steel hs screw hex socket cyl head part thread M8x10-70,9241727014-00,5232587970-00,2312811465-00
hex socket cylindrical head screw A2 stainless threaded part M8x10-70,9241727014-00,5232587970-00,2312811465-00
M8x10-70 stainless steel hexagon socket screw partly threaded cyl head,9241727014-00,5232587970-00,2312811465-00
screw hex socket cyl head A2 stainless steel M8x100-70 partial thread,4547644032-00,1721102402-00,5731319278-00
hexagon socket screw M8x100 partially threaded stainless steel A2,4547644032-00,1721102402-00,5731319278-00
stainless steel A2 hex socket cylinder head screw M8 x 100-70 partial thread,4547644032-00,1721102402-00,5731319278-00
stainless steel hex socket screw M8x16-70 partially threaded hexagon head,7395059843-00,5331200037-00,7811220022-00
M8x16-70 hexagon socket head screw partly threaded stainless steel,7395059843-00,5331200037-00,7811220022-00
hex socket cylindrical head screw A2 stainless steel M8x16-70 partial thread,7395059843-00,5331200037-00,7811220022-00
stainless steel hex socket screw M8 x 20-70 partially threaded cylindrical head,3950194926-00,3379105488-00,9164921243-00
hexagon socket screw A2 stainless steel M8 20-70mm partly threaded,3950194926-00,3379105488-00,9164921243-00
HSCH screw M8x20-70 stainless steel hex socket cylindrical head partial thread,3950194926-00,3379105488-00,9164921243-00
hex socket screw stainless steel M8 x 25-70 partial thread cylindrical head,8501645232-00,1318185697-00,4196725180-00
stainless steel HSCH screw M8 25 to 70 mm partly threaded hex head,8501645232-00,1318185697-00,4196725180-00
M8x25-70 hexagon socket cylindrical head screw A2 stainless partial thread,8501645232-00,1318185697-00,4196725180-00
stainless steel hex socket screw M8x30 to 70 partially threaded cylindrical head,9768909848-00,2658021352-00,8848643796-00
HSCH part screw A2 stainless steel M8x30-70 hexagon socket cylinder head,9768909848-00,2658021352-00,8848643796-00
M8 x 30-70 hexagonal socket head screw partly threaded stainless steel A2,9768909848-00,2658021352-00,8848643796-00
hex socket screw A2 stainless steel M8x35-70 partly threaded cylindrical head,2700123943-00,2735987175-00,1182065572-00
M8x35-70 stainless steel HSCH screw hexagon socket partly threaded,2700123943-00,2735987175-00,1182065572-00
stainless steel M8x35-70 hexagon socket cylindrical head screw partly thread A2,2700123943-00,2735987175-00,1182065572-00
hexagon socket screw A2 stainless steel M8 x 40-70 partially threaded,1836583820-00,1520755690-00,8574329846-00
M8x40-70 stainless steel HSCH screw partly threaded hexagon socket cylindrical head,1836583820-00,1520755690-00,8574329846-00
stainless steel hex socket screw M8 40 to 70 mm partly threaded HSCH part,1836583820-00,1520755690-00,8574329846-00
hex socket screw stainless steel M8 partially threaded 45-70mm,2577201529-00,8739534142-00,2407885247-00
HSCH bolt A2 stainless M8 x 45 to 70 hex cyl head,2577201529-00,8739534142-00,2407885247-00
M8 x45-70 steel hexagon socket screw partly threaded cylindrical head,2577201529-00,8739534142-00,2407885247-00
hex socket screw stainless steel M8 60-70mm partial thread cylindrical head,6345452813-00,1269747985-00,1006926039-00
A2 stainless steel hex socket cylindrical head screw M8 x 60-70 partially threaded,6345452813-00,1269747985-00,1006926039-00
partly threaded hexagon socket screw M8 x 60-70 A2 stainless steel cylindrical head,6345452813-00,1269747985-00,1006926039-00
stainless steel hex socket screw M8 65-70mm partially threaded cylindrical head,5461753764-00,8216402332-00,7836028606-00
M8x65-70 hexagon socket cylindrical head part thread A2 stainless screw,5461753764-00,8216402332-00,7836028606-00
HSCH screw hex socket M8 65-70 A2 stainless steel partly threaded head,5461753764-00,8216402332-00,7836028606-00
stainless steel M8x70 hex socket screw partial thread cylindrical head,1147017964-00,4893561425-00,7630033023-00
hs ch screw a2 stainless steel hex socket M8 x70 partially threaded,1147017964-00,4893561425-00,7630033023-00
hexagon socket head screw M8x70 A2 stainless steel part threaded cylindrical,1147017964-00,4893561425-00,7630033023-00
screw hexagon socket cyl head part thd stainless steel A2 M8x75-70,4495204230-00,9330533540-00,3422773531-00
stainless steel hex socket screw partial thread M8x75-70 A2 type,4495204230-00,9330533540-00,3422773531-00
HSCH screw hex socket cylindrical head M8x75-70 part thread A2 ss,4495204230-00,9330533540-00,3422773531-00
hex socket screw stainless steel M8 x 80 partly threaded HSCH,5828119227-00,2494634256-00,5930875688-00
M8x80 hexagon socket head screw cylindrical type A2 stainless,5828119227-00,2494634256-00,5930875688-00
stainless steel A2 hex socket cylindrical head M8 80 mm partly threaded screw,5828119227-00,2494634256-00,5930875688-00
stainless steel hex socket screw M8x90-70 partly threaded cylindrical head,7691548010-00,8520539423-00,4627757243-00
HSCH screw A2 M8x90-70 hexagon socket cylindrical head partly threaded,7691548010-00,8520539423-00,4627757243-00
M8x90-70 hexagonal socket head screw partly threaded stainless steel A2,7691548010-00,8520539423-00,4627757243-00
hex socket screw m10x100 a2k / white galvan 8.8 thd,4647839108-00,1876945966-00,6997603480-00
cylindrical head screw 8.8 M10 x 100 HSCH galvanized steel,4647839108-00,1876945966-00,6997603480-00
partly thread M10x100 8.8 hexagon head A2K screw galvan white steel,4647839108-00,1876945966-00,6997603480-00
cylindrical head screw m10x110 8.8 partly thd a2k / hsch galv steel,2374738313-00,1237825463-00,3334359792-00
hex socket head screw m10x110-8.8 / white galvanized A2K thd,2374738313-00,1237825463-00,3334359792-00
M10x110 8.8 Galvanized steel Cylindrical Head Screw / Partly Thread A2K HSCH,2374738313-00,1237825463-00,3334359792-00
m10x120 8.8 hex socket screw a2k partly threaded,8539881347-00,4807745763-00,4734377813-00
White galvanized M10x120-8.8 screw / HSCH PART THD A2K,8539881347-00,4807745763-00,4734377813-00
cylindrical head screw m10x120 8.8 galvanized steel hexagon socket,8539881347-00,4807745763-00,4734377813-00
hex socket M10x130 8.8 White galvanized screw A2K,4554747324-00,1505569972-00,4568600985-00
cylindrical head M10x130-8.8 HSCH PART screw / White galv,4554747324-00,1505569972-00,4568600985-00
M10x130-8.8  galvanized steel hexagon socket head screw A2K,4554747324-00,1505569972-00,4568600985-00
m10x150 screw 8.8 a2k hs socket head white galvanized,8368256870-00,9358540356-00,4848148118-00
hex socket head screw 8.8 m10 x 150 a2k partly threaded,8368256870-00,9358540356-00,4848148118-00
galvanized steel screw m10x150 8.8 hs cyl head a2k thd,8368256870-00,9358540356-00,4848148118-00
m10x16 a2k 8.8 hex socket screw white galv steel,6673803951-00,1964769773-00,6912749729-00
8.8 M10x16 HSCH Head Cylindrical Galvanized Partly Threaded,6673803951-00,1964769773-00,6912749729-00
hex socket head m10 x 16-8.8 A2K partly threaded screw galv steel,6673803951-00,1964769773-00,6912749729-00
M10x180 8.8 white galvanized steel hex socket screw,8361149774-00,2835082719-00,4559775853-00
A2K screw M10 x 180 HSCH / partly threaded cylindrical head,8361149774-00,2835082719-00,4559775853-00
hexagon socket head screw M10x180-8.8 galvanized steel A2K type,8361149774-00,2835082719-00,4559775853-00
m10x20 screw a2k partly threaded hex socket 8.8,9953982052-00,1868052648-00,3269654436-00
Cylindrical head M10x20 8.8 steel screw a2k / HSCH PART,9953982052-00,1868052648-00,3269654436-00
Hex socket screw white galvanized M10x20-8.8 partly threaded A2K,9953982052-00,1868052648-00,3269654436-00
m10x25 8.8 a2k hs hex socket screw,4816820374-00,8981416541-00,7035858829-00
White galvanized M10x25-8.8 cylindrical head partly threaded A2K screw,4816820374-00,8981416541-00,7035858829-00
A2K galvanized steel hex socket screw M10 x 25 8.8 hs,4816820374-00,8981416541-00,7035858829-00
m10x30 hex socket screw a2k partly threaded 8.8 / white galv steel,6822152452-00,7601389897-00,5869386826-00
cylindrical head screw m10x30 8.8 steel galvanized white hs ch part thd a2k,6822152452-00,7601389897-00,5869386826-00
white galvanized steel screw m10x30-8.8 hexagon socket head partly thread A2K,6822152452-00,7601389897-00,5869386826-00
M10x35-8.8 hex socket screw a2k partly threaded galvanized,1130810921-00,8188917277-00,2351386675-00
steel M10x35-8.8 white galvan screw with hexagon cylindrical head,1130810921-00,8188917277-00,2351386675-00
A2K M10x35 8.8 hs / Hex Socket Cylindrical Head Part Thread screw,1130810921-00,8188917277-00,2351386675-00
M10x40-8.8 galvanized A2K hex socket screw,5259714115-00,8988363787-00,2857731037-00
8.8 Steel hexagon socket head screw M10x40 A2K partly threaded,5259714115-00,8988363787-00,2857731037-00
screw m10x40 8.8 white galvanized steel hex cylindrical head a2k hs code,5259714115-00,8988363787-00,2857731037-00
m10x45 hex socket screw a2k 8.8 partly threaded,8812817358-00,1052597007-00,9086058599-00
White galvanized M10x45 8.8 cylindrical head screw / HSCH part,8812817358-00,1052597007-00,9086058599-00
8.8 M10x45 A2K hexagon socket screw Steel partly thread thd,8812817358-00,1052597007-00,9086058599-00
m10x50 hex socket screw a2k 8.8 partly threaded galvanized,8574329846-00,2180285684-00,7042454996-00
White galv steel M10x50 8.8 socket head screw A2K THD,8574329846-00,2180285684-00,7042454996-00
Galvanized HSCH Part M10x50-8.8 Hex Socket Head Screw with partial thread,8574329846-00,2180285684-00,7042454996-00
m10x55 screw 8.8 a2k partly threaded,1371850964-00,7791255843-00,7283136748-00
hex socket head screw m10x55 white galvanized 8.8,1371850964-00,7791255843-00,7283136748-00
HSCH M10x55 8.8 cylindrical head screw galvanized steel A2K,1371850964-00,7791255843-00,7283136748-00
M10x60-8.8 hex socket screw a2k partly threaded,9271244353-00,5575104128-00,2537516574-00
HSCH screw M10x60 8.8 White galvanized cylindrical head,9271244353-00,5575104128-00,2537516574-00
A2K M10x60 screw 8.8 hex head socket/White galvanized steel,9271244353-00,5575104128-00,2537516574-00
A2K spec hex socket M10x65 screw 8.8 threaded white galvanized,5960557195-00,3433772587-00,5501174308-00
M10x65-8.8 cylindrical head hexagon screw white galv partly threaded,5960557195-00,3433772587-00,5501174308-00
galvanized steel hex socket head screw a2k M10x65 8.8 partial thread,5960557195-00,3433772587-00,5501174308-00
hex socket screw m10x70 a2k partly threaded 8.8 white galvanized steel,5789803864-00,8025235221-00,9224795099-00
M10x70-8.8 WS CYL HEAD SCREW A2K PART THREADED HEXAGON SOCKET,5789803864-00,8025235221-00,9224795099-00
8.8 a2k m10x70 screw hexagonal head white galvanized partly threaDed cylindrical socket,5789803864-00,8025235221-00,9224795099-00
HSCH screw M10x75-8.8 part thread hex socket A2K galvanized,2376697760-00,1152928692-00,3334359792-00
M10x75-8.8 hex socket cylindrical head screw white galvanized partly threaded,2376697760-00,1152928692-00,3334359792-00
A2K steel M10 75mm screw hex socket head partial thread,2376697760-00,1152928692-00,3334359792-00
M10x80-8.8 hexagon socket head screw partially threaded white galvanized steel,6603980774-00,8583464876-00,9344370987-00
screw HSCH part thread A2K M10x80 grade 8.8,6603980774-00,8583464876-00,9344370987-00
white galvanized steel screw M10 80mm hex socket cylindrical head,6603980774-00,8583464876-00,9344370987-00
hex socket screw M10x85 8.8 galvanized steel partially threaded,5525935480-00,8267716595-00,7242319851-00
M10x85 hex screw 8.8 white zinc coated part thread cylinder head,5525935480-00,8267716595-00,7242319851-00
screw with cylindrical hex head M10x85 partially threaded class 8.8 A2K,5525935480-00,8267716595-00,7242319851-00
M10x90-8.8 hex socket screw partly threaded A2K white galvanized,1481396410-00,9581036835-00,4661397238-00
screw hex socket head cylindrical M10 90 mm 8.8 white coated steel,1481396410-00,9581036835-00,4661397238-00
A2K steel partially threaded screw M10x90 galvanized hex socket,1481396410-00,9581036835-00,4661397238-00
hex socket screw partially threaded M12x100 8.8 white galvanized steel,8205155184-00,1570116266-00,9387215994-00
M12x100 screw hex socket cylindrical head part thread steel A2K 8.8,8205155184-00,1570116266-00,9387215994-00
screw partially threaded hex socket head M12x100-8.8 galvanized steel,8205155184-00,1570116266-00,9387215994-00
hex socket screw M12x110 partly threaded A2K 8.8 white galvanized,4627757243-00,2353386350-00,7495471828-00
M12x110 hex socket cylindrical hd screw part thd steel 8.8 A2K,4627757243-00,2353386350-00,7495471828-00
screw cylindrical head hex socket white zinc M12 110mm 8.8,4627757243-00,2353386350-00,7495471828-00
Hex socket cap screw M12x120 partly threaded A2K steel 8.8 white galvanized,9226799871-00,8588190828-00,8013105397-00
"M12x120 hex socket screw, partial thread, A2K, grade 8.8 galvanized steel",9226799871-00,8588190828-00,8013105397-00
Part-threaded M12x120 hex socket head screw steel A2K white zinc 8.8,9226799871-00,8588190828-00,8013105397-00
M12x130 partly threaded hex socket screw 8.8 white galvanized steel,9641115149-00,4411161347-00,6484615821-00
screw with hex socket cyl head M12 x 130 grade 8.8 A2K coated,9641115149-00,4411161347-00,6484615821-00
HSCH screw partial thread A2K finish steel 130mm x 12mm 8.8,9641115149-00,4411161347-00,6484615821-00
screw hex socket cyl head partial thread A2K M12x140 grade 8.8,7818196723-00,1721102402-00,4041106770-00
hexagon socket cylinder head screw M12x140 8.8 white galvanized steel,7818196723-00,1721102402-00,4041106770-00
M12 x 140 partially threaded hex socket screw 8.8 A2K steel,7818196723-00,1721102402-00,4041106770-00
M12x150-8.8 hex socket screw partial thread A2K galvanized,2340376361-00,6005248041-00,8277383510-00
partly threaded hex cylindrical head screw M12 x 150 steel grade 8.8,2340376361-00,6005248041-00,8277383510-00
A2K white steel screw M12x150 hex socket head partial threading,2340376361-00,6005248041-00,8277383510-00
M12x180-8.8 hexagon socket head screw partial thread white galvanized steel,5826927866-00,5621711058-00,8760264488-00
"screw M12 180mm hex socket head, 8.8 partly threaded, steel A2K finish",5826927866-00,5621711058-00,8760264488-00
partly threaded white galvanized screw M12x180 8.8 hex cyl. head,5826927866-00,5621711058-00,8760264488-00
screw hex socket head partial thread A2K steel M12x20 grade 8.8,9985673215-00,8811987705-00,5866832251-00
M12x20 8.8 hex socket head screw partially threaded white galvanized,9985673215-00,8811987705-00,5866832251-00
hex socket cyl head screw M12 x 20mm 8.8 steel part thread,9985673215-00,8811987705-00,5866832251-00
hexagon socket head screw M12x200 partially threaded white galvanized 8.8,6948161018-00,4703197479-00,9457329856-00
screw hs cylindrical head A2K M12x200 grade 8.8 partially threaded,6948161018-00,4703197479-00,9457329856-00
M12x200 hex socket screw part thread white zinc steel 8.8,6948161018-00,4703197479-00,9457329856-00
M12x25-8.8 hex socket screw partial thread A2K white galvanized,1703128847-00,5677958469-00,1209233355-00
screw with hex socket cyl head partially threaded steel M12x25/8.8,1703128847-00,5677958469-00,1209233355-00
partly thread screw M12x25 8.8 hexagonal socket white galvanized,1703128847-00,5677958469-00,1209233355-00
Hex socket head screw M12x280 partially threaded white zinc-plated steel grade 8.8,6980499450-00,8542570623-00,6752727328-00
M12x280 screw hex socket cyl head part thread A2K steel 8.8 galvanized,6980499450-00,8542570623-00,6752727328-00
Part-threaded screw M12 x 280 hexagonal socket head white zinc A2K 8.8,6980499450-00,8542570623-00,6752727328-00
hex socket screw M12x30-8.8 partial thread A2K galvanized steel,2869859722-00,7652035392-00,7711131637-00
M12x30 8.8 screw cyl head white zinc plated partial thread,2869859722-00,7652035392-00,7711131637-00
HSCH screw A2K M12x30 8.8 hex socket white galvanized steel,2869859722-00,7652035392-00,7711131637-00
hex socket screw M12x35 partially threaded steel 8.8 white galvanized,4568600985-00,1695355830-00,5195367950-00
M12x35 hex socket cylinder head screw part. thread A2K grade 8.8,4568600985-00,1695355830-00,5195367950-00
partially threaded screw M12x35 8.8 hexagonal socket white zinc-steel,4568600985-00,1695355830-00,5195367950-00
hex socket screw M12x40 partially threaded 8.8 white galvanized steel,5622965267-00,7981958136-00,6769183923-00
M12x40 hexagon socket cyl head screw 8.8 partly thread A2K coating,5622965267-00,7981958136-00,6769183923-00
partly threaded screw M12x40 8.8 white zinc-coated hex socket,5622965267-00,7981958136-00,6769183923-00
hex socket head screw partially threaded white galvanized M12x45 8.8 steel,6129590427-00,9324563672-00,1657752849-00
M12x45 hex socket screw A2K partly thread galvanized 8.8,6129590427-00,9324563672-00,1657752849-00
screw with hexagonal cylinder head 8.8 steel M12x45 partial thread white zinc,6129590427-00,9324563672-00,1657752849-00
Hex socket screw M12x50 8.8 part thread white galvanized,8186036331-00,5074512420-00,7934338423-00
M12x50 hex screw partial thread A2K steel grade 8.8,8186036331-00,5074512420-00,7934338423-00
part-thread cylindrical head screw M12x50 8.8 white-coated,8186036331-00,5074512420-00,7934338423-00
"HSCH screw M12x55-8.8 partly threaded, hex socket, white galvanized A2K steel",8694059428-00,2556292981-00,4734411209-00
"M12x55-8.8 hex cyl head screw, part thread, white zinc A2K coating",8694059428-00,2556292981-00,4734411209-00
"Screw A2K steel hex socket head, partial thread, M12x55 class 8.8",8694059428-00,2556292981-00,4734411209-00
hex socket screw M12x60 partial thread 8.8 white galvanized steel,4586595445-00,4317402654-00,2028041505-00
M12x60 hex socket head screw A2K partial thread grade 8.8,4586595445-00,4317402654-00,2028041505-00
partly threaded hex socket screw white zinc M12x60 steel 8.8,4586595445-00,4317402654-00,2028041505-00
M12x65-8.8 hex socket cylinder head screw partial thread white galvanized,1560087501-00,2569747623-00,5826927866-00
"screw partly threaded, hex socket, steel, M12 65mm, white zinc plated 8.8",1560087501-00,2569747623-00,5826927866-00
galvanized M12 x 65 hex socket head screw partial thread grade 8.8,1560087501-00,2569747623-00,5826927866-00
M12x70-8.8 white galvanised hex socket screw partial thread,6962179027-00,6365943916-00,8038770021-00
screw with cylindrical hex socket head A2K partly threaded steel M12x70 8.8,6962179027-00,6365943916-00,8038770021-00
M12x70 partially threaded screw hex socket head 8.8 white zinc steel,6962179027-00,6365943916-00,8038770021-00
screw M12x80-8.8 hex socket cyl head partial thread white galvanized A2K steel,8126165786-00,7212344264-00,4838358893-00
hexagon socket screw 8.8 partially threaded steel M12 x 80 white galvanised,8126165786-00,7212344264-00,4838358893-00
M12/80 screw HSCH part thread A2K 8.8 hex socket white-coated steel,8126165786-00,7212344264-00,4838358893-00
HSCH screw M12x90 8.8 partial thread white galvanized steel,5556266370-00,2583664143-00,9473357490-00
hexagon socket cylindrical head screw 8.8 M12x90 white zinc-coated partly threaded,5556266370-00,2583664143-00,9473357490-00
"M12x90 screw, HSCH, partial thread, 8.8 white galvanized",5556266370-00,2583664143-00,9473357490-00
M14x100-8.8 screw hex socket head partial thread white galvanized,5358287054-00,7873219226-00,6239810547-00
hex socket cyl head screw A2K M14x100 steel 8.8 partial thread,5358287054-00,7873219226-00,6239810547-00
white zinc-plated partly threaded hex socket screw M14x100 8.8,5358287054-00,7873219226-00,6239810547-00
hex socket head screw partially threaded M14x140 class 8.8 white zinc steel,1547798321-00,1444121761-00,6643459127-00
M14x140-8.8 screw hex socket cyl head part thread A2K galvanized,1547798321-00,1444121761-00,6643459127-00
partially threaded hex socket screw M14 140mm white zinc coated grade 8.8,1547798321-00,1444121761-00,6643459127-00
screw hex socket head partially threaded M14x180 8.8 steel white galvanized,2843799327-00,7775082541-00,2096233051-00
M14x180-8.8 hex socket screw partial thread galvanized A2K,2843799327-00,7775082541-00,2096233051-00
cylindrical hex socket screw M14x180 grade 8.8 white coating,2843799327-00,7775082541-00,2096233051-00
screw M14x35-8.8 hex socket head partial thread A2K white galvanized,9422469846-00,9167644979-00,6483761246-00
hex socket cyl screw partly threaded 8.8 M14x35 steel white,9422469846-00,9167644979-00,6483761246-00
M14x35 8.8 hex cylinder white steel screw partial thread,9422469846-00,9167644979-00,6483761246-00
M14x40-8.8 hex socket screw partial thread white zinc steel,4641212468-00,7510141127-00,9729631604-00
screw cyl. head partly threaded A2K M14x40 grade 8.8,4641212468-00,7510141127-00,9729631604-00
white galvanized hex socket head screw M14x40 partial threading,4641212468-00,7510141127-00,9729631604-00
hexagon socket screw partially threaded M14x45 8.8 white galvanized steel,4838358893-00,5567905514-00,6239810547-00
SCREW HSCH M14x45 part thread A2K steel 8.8,4838358893-00,5567905514-00,6239810547-00
M14x45 hex socket cylinder head white zinc coated partially threaded 8.8 steel,4838358893-00,5567905514-00,6239810547-00
Hex socket screw A2K M14x50 partially threaded 8.8 white galvanized,7197948058-00,5787199712-00,3625848499-00
M14x50-8.8 hex socket cylindrical head screw galvanized steel,7197948058-00,5787199712-00,3625848499-00
Part-threaded screw M14x50 hex socket head galvanized 8.8,7197948058-00,5787199712-00,3625848499-00
HSCH screw M14x60-8.8 partially threaded white galvanized steel,4661397238-00,5092984113-00,5819943066-00
hex socket cylindrical head screw A2K M14x60 grade 8.8,4661397238-00,5092984113-00,5819943066-00
partially threaded galvanized M14x60 screw hex socket head,4661397238-00,5092984113-00,5819943066-00
hex socket screw partial thread M14x70 grade 8.8 white galvanized steel,7531996245-00,3047152691-00,7861699713-00
M14x70 partially threaded screw A2K white zinc hex cylinder head 8.8,7531996245-00,3047152691-00,7861699713-00
screw M14x70 hex socket cylindrical head part thread steel 8.8 zinc plated,7531996245-00,3047152691-00,7861699713-00
screw M14x80 8.8 hex socket cyl head partial thread white galvanized steel,8703862792-00,4521949722-00,7563728627-00
white zinc hexagonal socket screw M14x80 partly threaded 8.8 grade,8703862792-00,4521949722-00,7563728627-00
M14x80-8.8 partial thread cylindrical head screw white galvanized,8703862792-00,4521949722-00,7563728627-00
HSCH screw M16x100 8.8 partly threaded white galvanized steel,7692192434-00,3624754278-00,4734411209-00
M16x100 screw hex socket head partial thread A2K 8.8 steel,7692192434-00,3624754278-00,4734411209-00
hex socket head screw 8.8 white zinc M16 100 partial thread,7692192434-00,3624754278-00,4734411209-00
hex socket screw M16x110-8.8 partly threaded A2K white galvanized steel,7361105842-00,6342300634-00,6193108154-00
M16 110mm hex socket head screw 8.8 grade partially threaded A2K white coating,7361105842-00,6342300634-00,6193108154-00
screw cylindrical head hex socket partly thread galvanized M16x110 8.8,7361105842-00,6342300634-00,6193108154-00
M16x120-8.8 hex socket screw / white galvanized steel / partially threaded,7934338423-00,6960522247-00,5629772323-00
partly thread hexagon socket screw A2K M16x120 8.8 galvanized,7934338423-00,6960522247-00,5629772323-00
steel cylindrical head screw M16 120mm 8.8 white coat,7934338423-00,6960522247-00,5629772323-00
HSCH screw partial thread M16x130-8.8 white galvanized,4595097987-00,1207395784-00,3748866368-00
Hex socket cylindrical head screw steel A2K M16 130mm partial thread,4595097987-00,1207395784-00,3748866368-00
M16x130 hex socket screw 8.8 grade galvanized steel,4595097987-00,1207395784-00,3748866368-00
M16x140-8.8 hex socket screw partial thread A2K white zinc,5256951442-00,7960050789-00,8186036331-00
part-threaded cylindrical head screw M16x140-8.8 white galvanized steel,5256951442-00,7960050789-00,8186036331-00
hex socket head screw A2K steel M16 140mm 8.8 white coat,5256951442-00,7960050789-00,8186036331-00
hex socket screw M16x150 8.8 partially threaded A2K white galvanized,6018052738-00,2835082719-00,8760264488-00
M16 150mm hex socket cylindrical head screw steel 8.8 white coating,6018052738-00,2835082719-00,8760264488-00
galvanized steel screw M16x150 hex/cyl head partial thread 8.8,6018052738-00,2835082719-00,8760264488-00
hex socket cap screw M16x160 partial thread 8.8 white zinc A2K,1447866253-00,8700805601-00,2983651819-00
M16x160 screw hex socket cyl head partially threaded steel grade 8.8 galvanized,1447866253-00,8700805601-00,2983651819-00
A2K M16x160 hex screw 8.8 white-coated part thread,1447866253-00,8700805601-00,2983651819-00
HEX socket head screw M16x180 partly threaded steel 8.8 white galvanized,3739454668-00,2164394937-00,8981508854-00
screw M16x180 8.8 partial thread hex socket cyl head A2K,3739454668-00,2164394937-00,8981508854-00
M16x180 hex socket screw steel 8.8 partial threading white zinc,3739454668-00,2164394937-00,8981508854-00
M16x200-8.8 Hex socket screw partial thread galvanized steel,6586480729-00,3030593180-00,4184231864-00
Screw partially threaded white zinc-plated M16 200mm 8.8 hex cyl head,6586480729-00,3030593180-00,4184231864-00
HSCH screw A2K M16 200mm 8.8 partial thread steel,6586480729-00,3030593180-00,4184231864-00
hex socket screw M16 x 30 mm partially threaded white galvanized steel 8.8,5195367950-00,1684555397-00,4041106770-00
"M16x30 hexagonal socket head screw, part thread, A2K coating steel grade 8.8",5195367950-00,1684555397-00,4041106770-00
"white zinc plated steel screw M16-30 partial threading, hex socket cylindrical head 8.8",5195367950-00,1684555397-00,4041106770-00
hex socket screw partially threaded A2K steel M16x35 grade 8.8 white galvanized,9164921243-00,8349694726-00,3940763029-00
M16x35 hex socket head partial thread screw 8.8 galvanized steel A2K,9164921243-00,8349694726-00,3940763029-00
steel screw M16x35 8.8 hex socket cylindrical head part thread white zinc,9164921243-00,8349694726-00,3940763029-00
M16x40-8.8 hex socket screw partial thread A2K galvanized steel,4598714933-00,6493958615-00,4185081666-00
screw with cylindrical hex head partly threaded white zinc-plated M16x40 grade 8.8,4598714933-00,6493958615-00,4185081666-00
A2K galvanized hex socket screw M16x40 partially threaded 8.8,4598714933-00,6493958615-00,4185081666-00
"M16x45-8.8 partially threaded hex socket screw, white galvanized steel",8705789131-00,5392032523-00,4416543723-00
screw hex socket cylindrical head A2K M16x45 steel 8.8,8705789131-00,5392032523-00,4416543723-00
"white zinc-coated hexagon socket screw 8.8, partly threaded M16x45",8705789131-00,5392032523-00,4416543723-00
hex socket screw M16x50 8.8 partly threaded white galvanized steel,2330627626-00,6307157416-00,7089590364-00
screw HSCH A2K M16x50 partial thread 8.8 steel hex socket,2330627626-00,6307157416-00,7089590364-00
M16x50 hex socket cylindric screw 8.8 white zinc-coated steel,2330627626-00,6307157416-00,7089590364-00
M16x60-8.8 screw hexagon socket partially threaded white galvanized steel,6087737330-00,1094578790-00,7748564458-00
hex socket screw A2K M16x60 8.8 partly threaded,6087737330-00,1094578790-00,7748564458-00
SCREW THD M16 60mm 8.8 galvanized hex cylindrical head,6087737330-00,1094578790-00,7748564458-00
M16x70-8.8 screw hex socket partly threaded white galvanized steel,8577088598-00,4281765786-00,4675402319-00
screw cylindrical head HSCH M16 x 70 8.8,8577088598-00,4281765786-00,4675402319-00
HSCH screw M16 70mm 8.8 A2K white galvanized,8577088598-00,4281765786-00,4675402319-00
Screw M16x80 A2K 8.8 hex socket partly threaded,8447322876-00,8545733832-00,7359971500-00
Hex Socket Screw M16 x 80-8.8 white galvanized steel,8447322876-00,8545733832-00,7359971500-00
M16x80-8.8 screw hex cylindrical head partially threaded,8447322876-00,8545733832-00,7359971500-00
M16x90-8.8 Hex Socket Screw partly threaded white galvanized steel,2407054170-00,1686239041-00,9230008126-00
Hexagonal Socket Screw A2K M16x90 8.8,2407054170-00,1686239041-00,9230008126-00
SCREW HSCH M16x90 8.8 white galvanized steel cylindrical head,2407054170-00,1686239041-00,9230008126-00
M20x100-8.8 screw hex socket partly threaded white galvanized steel,4147306188-00,9228106533-00,2679738386-00
hexagon socket screw M20x100 8.8 A2K galvanized,4147306188-00,9228106533-00,2679738386-00
partly threaded screw hex cylindrical head M20x100 8.8,4147306188-00,9228106533-00,2679738386-00
M20x120-8.8 screw hex socket cylindrical partly threaded white galvanized steel,3384169379-00,7907391950-00,1703128847-00
hexagon socket screw M20x120 A2K 8.8 partly threaded,3384169379-00,7907391950-00,1703128847-00
white galvanized steel screw 8.8 hexagonal M20x120 cylindrical head,3384169379-00,7907391950-00,1703128847-00
M20x140-8.8 screw hex socket partly threaded white galvanized,1570275778-00,3478926866-00,1800442133-00
hexagon socket screw A2K M20x140-8.8 galvanized steel,1570275778-00,3478926866-00,1800442133-00
partly threaded M20x140-8.8 screw hex cylindrical head white galvanized,1570275778-00,3478926866-00,1800442133-00
M20x160-8.8 screw hex socket partly threaded white galvanized steel,8848643796-00,4795852814-00,4074921857-00
hex socket screw A2K M20x160 8.8 white galvanized,8848643796-00,4795852814-00,4074921857-00
M20 x 160 screw partly thread 8.8 hexagon socket steel,8848643796-00,4795852814-00,4074921857-00
M20x45-8.8 screw hex socket partly threaded galvanized A2K,9587897673-00,1405237532-00,8134591754-00
hex cylindrical head screw M20x45 8.8 white galvanized steel,9587897673-00,1405237532-00,8134591754-00
partly threaded screw 8.8 M20x45 hex socket SCREW HSCH,9587897673-00,1405237532-00,8134591754-00
M20x50-8.8 Hexagon Socket Screw partly threaded galvanized steel,8760264488-00,1378331381-00,2407054170-00
HSCH Screw A2K M20x50-8.8 white galvanized cylindrical head,8760264488-00,1378331381-00,2407054170-00
Cylindrical Head Screw M20x50 8.8 part thread hex socket steel,8760264488-00,1378331381-00,2407054170-00
M20x60 hex socket screw A2K partly threaded 8.8,6639135641-00,9551318466-00,6404187464-00
Screw M20x60-8.8 partly thd hexagonal socket corrosion-resistant,6639135641-00,9551318466-00,6404187464-00
Hex Socket Screw M20x60 white galvanized A2K 8.8,6639135641-00,9551318466-00,6404187464-00
Screw M20x70 8.8 partly threaded hex socket galvanized A2K,6719591180-00,3810692731-00,4598714933-00
A2K M20x70-8.8 White galvanized steel hex screw,6719591180-00,3810692731-00,4598714933-00
Hexagon socket screw M20x70 8.8 partly threaded galvanized,6719591180-00,3810692731-00,4598714933-00
M20x80-8.8 Hex socket screw partly threaded white galvanized steel,2501819648-00,8891849873-00,5819943066-00
HSCH screw M20x80-8.8 A2K white galvanized,2501819648-00,8891849873-00,5819943066-00
Hexagon socket screw M20 x 80 8.8 partly threaded galvanized steel,2501819648-00,8891849873-00,5819943066-00
M24x50-8.8 hex socket screw partly threaded white galvanized steel,7301625995-00,1505569972-00,3143339606-00
Screw HSCH M24x50-8.8 white galvanized steel cylindrical head,7301625995-00,1505569972-00,3143339606-00
A2K M24x50 8.8 screw hexagon socket partly threaded,7301625995-00,1505569972-00,3143339606-00
M24x80 hex socket screw partly threaded A2K 8.8 galvanized steel,3497121753-00,7282383740-00,1442567475-00
White galvanized steel M24x80-8.8 screw hexagon socket cylindrical head,3497121753-00,7282383740-00,1442567475-00
HSCH screw M24x80 partly thd A2K 8.8 hex socket galvanized steel,3497121753-00,7282383740-00,1442567475-00
Screw M4x10 8.8 A2K white galvanized steel partly threaded hex socket,3358964777-00,9674348759-00,8848643796-00
M4x10-8.8 hexagon socket screw white galvanized cylindrical head,3358964777-00,9674348759-00,8848643796-00
Hex socket screw dimensions M4x10 A2K 8.8 partly threaded galvanized steel,3358964777-00,9674348759-00,8848643796-00
M4x12-8.8 hex socket screw partly threaded white galvanized steel,4897352893-00,1237825463-00,2293806356-00
HSCH screw A2K M4x12 8.8 galvanized steel,4897352893-00,1237825463-00,2293806356-00
cylindrical head socket screw M4 12mm 8.8 threaded,4897352893-00,1237825463-00,2293806356-00
M4x16-8.8 screw hex socket cylindrical partially threaded white galvanized steel,8796805651-00,7544850930-00,5298209446-00
hexagon socket screw A2K M4x16-8.8 white galvanized,8796805651-00,7544850930-00,5298209446-00
threaded screw M4x16-8.8 cylindrical head hex socket galvanized steel,8796805651-00,7544850930-00,5298209446-00
M4x20-8.8 Hex Socket Screw partly threaded galvanized steel,5819943066-00,9681999783-00,6575833974-00
SCREW HSCH A2K 20mm M4 8.8 white,5819943066-00,9681999783-00,6575833974-00
Hexagon Socket Screw M4 20mm partly threaded 8.8 galvanized,5819943066-00,9681999783-00,6575833974-00
M4x25-8.8 screw hex socket head partly threaded galvanized steel,2031660634-00,7176768192-00,7877351864-00
Hexagon socket screw A2K M4 x 25 8.8 white galvanized,2031660634-00,7176768192-00,7877351864-00
SCREW M4x25 partly threaded hex socket galvanized 8.8,2031660634-00,7176768192-00,7877351864-00
M4x30-8.8 screw hex socket partly threaded galvanized steel,7035858829-00,6086560983-00,2577201529-00
Hexagon socket screw A2K M4x30 8.8 white galvanized,7035858829-00,6086560983-00,2577201529-00
Screw M4 30mm 8.8 partly threaded hex socket galvanized,7035858829-00,6086560983-00,2577201529-00
M4x35-8.8 hex socket screw partly threaded white galvanized steel,9344370987-00,6560656005-00,9788873693-00
Hexagon socket screw M4 x 35 mm 8.8 class,9344370987-00,6560656005-00,9788873693-00
HSCH screw A2K M4x35 partly threaded galvanized steel,9344370987-00,6560656005-00,9788873693-00
M4x40-8.8 hex socket screw partly threaded galvanized steel,6777499687-00,2233760591-00,6758858432-00
Hexagon socket screw A2K M4x40 8.8 white galvanized,6777499687-00,2233760591-00,6758858432-00
screw M4 x 40 8.8 partly threaded hex socket galvanized,6777499687-00,2233760591-00,6758858432-00
M4x45-8.8 hex socket screw partly threaded galvanized,9055208562-00,6560656005-00,2777129183-00
A2K screw cylindrical head white 8.8 M4x45,9055208562-00,6560656005-00,2777129183-00
SCREW HSCH M4 x 45 8.8 galvanized steel partly threaded,9055208562-00,6560656005-00,2777129183-00
M4x50-8.8 screw hex socket partly threaded galvanized A2K,6600153617-00,5218800597-00,2495255911-00
hex socket screw M4x50 partly thread 8.8 white steel,6600153617-00,5218800597-00,2495255911-00
partly threaded hexagon socket screw M4 50mm 8.8 A2K galvanized,6600153617-00,5218800597-00,2495255911-00
M4x55-8.8 Hex Socket screw threaded A2K galvanized,6997603480-00,8075449217-00,6460736646-00
Screw A2K M4x55-8.8 partly threaded white galvanized,6997603480-00,8075449217-00,6460736646-00
Hexagon Socket screw M4x55 8.8 steel part thread,6997603480-00,8075449217-00,6460736646-00
M4x6-8.8 partly threaded hex socket screw galvanized steel,2892389414-00,3196966778-00,7064132121-00
Hexagon socket screw A2K M4 x 6 8.8 white galvanized,2892389414-00,3196966778-00,7064132121-00
SCREW M4x6-8.8 hex socket cylindrical head galvanized steel,2892389414-00,3196966778-00,7064132121-00
M4x60-8.8 Hex Socket Screw partly threaded galvanized steel,3031428088-00,4200127880-00,4632171824-00
Hexagon Socket Screw A2K M4 x 60 8.8 category,3031428088-00,4200127880-00,4632171824-00
A2K M4 60mm SCREW cylindrical head White galvanized 8.8,3031428088-00,4200127880-00,4632171824-00
Screw Hexagon Socket M4x70-8.8 partly threaded A2K,9127105398-00,4636455457-00,8037006337-00
M4x70-8.8 screw hex socket cylindrical head white galvanized,9127105398-00,4636455457-00,8037006337-00
Partly threaded hexagon socket screw M4x70 8.8 A2K galvanized steel,9127105398-00,4636455457-00,8037006337-00
M4x8-8.8 Hexagon Socket Screw White galvanized steel partly thread,8723283629-00,2291864354-00,8413622314-00
Screw A2K M4x8-8.8 partly threaded cylindrical head,8723283629-00,2291864354-00,8413622314-00
HSCH part M4 x 8 / hex socket screw / white galvanized steel,8723283629-00,2291864354-00,8413622314-00
Screw M5x10 A2K 8.8 partially threaded hex socket,2949807863-00,6980772817-00,4595789175-00
Hex Socket Screw M5x10 8.8 galvanized steel,2949807863-00,6980772817-00,4595789175-00
M5x10-8.8 Hexagon Socket Screw partly threaded,2949807863-00,6980772817-00,4595789175-00
M5x12-8.8 hex socket screw white galvanized steel partially threaded,6083606650-00,2103822303-00,2156921915-00
screw partly threaded M5 x 12 mm 8.8 hexagon socket,6083606650-00,2103822303-00,2156921915-00
HSCH screw A2K M5 12mm 8.8 galvanized steel,6083606650-00,2103822303-00,2156921915-00
Screw M5X16 Hex Socket Partly Thread A2K White Galv Steel,7510513190-00,5336459512-00,5259714115-00
HSCH Screw 16mm M5 A2K Partly Thread White Galvanized,7510513190-00,5336459512-00,5259714115-00
Hexagon Socket Screw A2K M5X16 Part Thread White Galvanized Steel,7510513190-00,5336459512-00,5259714115-00
Screw M5x16-8.8 hex socket partly threaded white galvanized steel,5396528414-00,2331944648-00,7165977649-00
Hexagon socket screw A2K M5x16-8.8 with partial thread,5396528414-00,2331944648-00,7165977649-00
M5x16-8.8 screw white galvanized steel hex socket cylindrical head,5396528414-00,2331944648-00,7165977649-00
M5x20-8.8 screw hex socket cylindrical partly threaded white galvanized steel,9060437798-00,4021551247-00,4026925895-00
Hexagon socket screw A2K M5 x 20 8.8 galvanized steel,9060437798-00,4021551247-00,4026925895-00
SCREW M5x20-8.8 white galvanized steel hex cylindrical socket partially threaded,9060437798-00,4021551247-00,4026925895-00
M5x25-8.8 screw hex socket partly threaded white galvanized A2K,6878665766-00,5337956037-00,9801266729-00
Hexagon Socket Screw M5x25 8.8 white galvanized steel,6878665766-00,5337956037-00,9801266729-00
SCREW A2K M5x25-8.8 hex socket cylindrical head partially threaded,6878665766-00,5337956037-00,9801266729-00
M5x30-8.8 Hexagon Socket Screw partially threaded A2K white galvanized steel,6173154583-00,6506566613-00,2443553697-00
Screw M5x30-8.8 cylindrical head partly thread A2K HSCH,6173154583-00,6506566613-00,2443553697-00
A2K M5x30-8.8 galvanized steel hexagon socket screw with partial thread,6173154583-00,6506566613-00,2443553697-00
M5x35-8.8 hex socket screw partially threaded galvanized steel,8687110294-00,5272929528-00,2577201529-00
Screw A2K 8.8 M5x35 hexagon socket cylindrical head,8687110294-00,5272929528-00,2577201529-00
galvanized steel screw M5x35 8.8 partly threaded hex socket,8687110294-00,5272929528-00,2577201529-00
M5x40-8.8 Hex Socket Screw partly threaded white galvanized steel,6288436231-00,5577156710-00,2537516574-00
SCREW HSCH A2K M5 40mm 8.8 galvanized,6288436231-00,5577156710-00,2537516574-00
Hexagon Socket Screw M5x40 fully threaded 8.8 white steel,6288436231-00,5577156710-00,2537516574-00
M5x45 screw hex socket partly threaded 8.8 galvanized A2K,9346361961-00,4309921101-00,2106723884-00
Hex Cylindrical Head Screw M5 x 45 mm A2K 8.8,9346361961-00,4309921101-00,2106723884-00
Socket Head Screw M5 45mm partly thread 8.8 white galvanized,9346361961-00,4309921101-00,2106723884-00
M5x50-8.8 Hex Socket Screw partly threaded White galvanized steel,5731319278-00,7660587480-00,4974013062-00
SCREW M5x50-8.8 A2K Hexagon Socket CS M5,5731319278-00,7660587480-00,4974013062-00
Hex Socket SCREW 50mm long M5 A2K 8.8 galvanized,5731319278-00,7660587480-00,4974013062-00
M5x55 HSCH Screw A2K 8.8 galvanized,8649274296-00,2771391001-00,9541305032-00
Hex Socket Screw Partly Threaded M5x55 8.8,8649274296-00,2771391001-00,9541305032-00
Screws M5x55-8.8 White galvanized hex cylindrical head,8649274296-00,2771391001-00,9541305032-00
M5x60-8.8 Hex Socket Screw partly threaded white galvanized steel,9452727936-00,8030213686-00,1357234586-00
Screw A2K M5 60mm 8.8 hex head galvanized,9452727936-00,8030213686-00,1357234586-00
Hex cylindrical head screw M5x60-8.8 partly threaded A2K,9452727936-00,8030213686-00,1357234586-00
M5x65-8.8 Hex Socket Screw partly threaded white galvanized steel,2983651819-00,5917366663-00,2351386675-00
Screw HSCH Partly thread M5x65-8.8 stainless steel,2983651819-00,5917366663-00,2351386675-00
Hexagon Socket Screw M5x65 8.8 partly threaded galvanized,2983651819-00,5917366663-00,2351386675-00
M5x70-8.8 screw A2K white galvanized steel hex socket cylindrical head partly threaded,6472361413-00,7913166788-00,1507127156-00
Hex socket screw M5x70 8.8 partly threaded A2K galvanized steel,6472361413-00,7913166788-00,1507127156-00
SCREW M5x70 hexagon socket white galvanized steel 8.8 threaded,6472361413-00,7913166788-00,1507127156-00
SCREW M5x8 8.8 Hex Socket White galvanized steel,1800442133-00,7659070552-00,5581332631-00
HSCH SCREW 8.8 A2K M5x8 partly thread,1800442133-00,7659070552-00,5581332631-00
M5x8-8.8 Hexagon Socket Screw white galvanized steel,1800442133-00,7659070552-00,5581332631-00
M5x80-8.8 Hex socket screw partly threaded white galvanized steel,4235970721-00,4846801812-00,2771452835-00
SCREW A2K M5x80-8.8 with hex cylindrical head,4235970721-00,4846801812-00,2771452835-00
Hexagon socket screw M5 x 80 8.8 part thread white galvanized steel,4235970721-00,4846801812-00,2771452835-00
M5x90-8.8 hex socket screw white galvanized steel partly threaded,2236902687-00,1399047505-00,8043948667-00
hexagon socket screw A2K M5x90 8.8 partly thread,2236902687-00,1399047505-00,8043948667-00
screw M5 x 90 8.8 white galvanized hex socket cylindrical head,2236902687-00,1399047505-00,8043948667-00
M6x10-8.8 Screw Hex Socket Partly Threaded A2K,4410646567-00,3240037049-00,4249580146-00
White galvanized steel M6x10-8.8 hexagon socket screw,4410646567-00,3240037049-00,4249580146-00
Screw HSCH M6x10-8.8 partly threaded galvanized steel,4410646567-00,3240037049-00,4249580146-00
M6x100-8.8 Screw Hex Socket Partly Thread White Galvanized Steel,2390881236-00,1070027217-00,3562703168-00
HSCH SCREW A2K M6x100 8.8 Part Threaded,2390881236-00,1070027217-00,3562703168-00
Galvanized Steel Hex Socket Screw M6x100 partially threaded 8.8,2390881236-00,1070027217-00,3562703168-00
M6x110-8.8 hex socket screw partly threaded white galvanized steel,1046650199-00,4403967100-00,6600153617-00
HSCH screw M6x110 A2K 8.8 galvanized,1046650199-00,4403967100-00,6600153617-00
8.8 M6x110 partly threaded hexagon socket screw galvanized steel,1046650199-00,4403967100-00,6600153617-00
M6x12 screw hex socket partially threaded A2K 8.8 galvanized steel,9836819829-00,3952682608-00,1931768917-00
Hexagonal socket screw white steel M6 x 12 8.8 partly threaded,9836819829-00,3952682608-00,1931768917-00
SCREW HSCH A2K 8.8 M6 12mm white galvanized hex cylindrical,9836819829-00,3952682608-00,1931768917-00
A2K M6x16-8.8 partly threaded hex socket screw galvanized,2745886712-00,9669699196-00,5590080186-00
hexagon socket screw white galvanized M6 x 16 8.8,2745886712-00,9669699196-00,5590080186-00
screw M6 16mm 8.8 A2K white galvanized partly threaded,2745886712-00,9669699196-00,5590080186-00
M6x20 hex socket screw partly threaded A2K 8.8 galvanized,5986859531-00,8222495190-00,7861699713-00
screw hex part M6x20 8.8 white galvanized steel,5986859531-00,8222495190-00,7861699713-00
SCREW HSCH M6x20-8.8 partly threaded hexagon socket,5986859531-00,8222495190-00,7861699713-00
M6x25 screw hex socket cylindrical partly threaded 8.8 white galvanized,2965761849-00,2394479755-00,8250221914-00
8.8 M6x25 hex screw A2K white galvanized steel,2965761849-00,2394479755-00,8250221914-00
hex socket screw M6x25-8.8 partly threaded galvanized steel,2965761849-00,2394479755-00,8250221914-00
M6x30-8.8 screw hex socket partially threaded galvanized steel,2589716124-00,7051940106-00,1108656646-00
hexagonal socket screw A2K M6 30mm 8.8 white galvanized,2589716124-00,7051940106-00,1108656646-00
partly threaded screw M6 30mm 8.8 hex socket steel,2589716124-00,7051940106-00,1108656646-00
M6x35-8.8 Hex Socket Screw partly threaded galvanized A2K,8323037091-00,4358015637-00,9084575467-00
Screw HSC M6 35mm 8.8 white galvanized steel,8323037091-00,4358015637-00,9084575467-00
Hexagonal Socket Screw M6x35 partly threaded 8.8 A2K,8323037091-00,4358015637-00,9084575467-00
M6x40 Hex Socket Screw Partly Thread A2K 8.8,6752727328-00,5216498526-00,1596340372-00
Hexagon Socket Screw White Galv. Steel M6 x 40 8.8,6752727328-00,5216498526-00,1596340372-00
Screw HSCH M6 40 A2K 8.8 Threaded Galvanized Steel,6752727328-00,5216498526-00,1596340372-00
M6x45-8.8 Hex Socket Screw partly threaded A2K white galvanized,9086058599-00,2981854107-00,7573814967-00
SCREW M6 x 45 8.8 Hexagon Socket partially threaded galvanized steel,9086058599-00,2981854107-00,7573814967-00
Hexagon Socket Screw M6 45mm 8.8 White galvanized A2K,9086058599-00,2981854107-00,7573814967-00
M6x50-8.8 partly threaded hex socket screw galvanized steel,1298734605-00,5854970220-00,6097009167-00
screw hex socket cylindrical M6x50-8.8 white steel,1298734605-00,5854970220-00,6097009167-00
HSCH screw M6x50-8.8 hexagon socket galvanized,1298734605-00,5854970220-00,6097009167-00
M6x55-8.8 Screw Hex Socket Partly Threaded White Galvanized Steel,5116998464-00,5797442239-00,4816820374-00
Hexagon Socket Screw A2K M6x55 8.8 partially threaded,5116998464-00,5797442239-00,4816820374-00
M6x55 Hex Socket Screw 8.8 galvanized steel cylindrical head,5116998464-00,5797442239-00,4816820374-00
M6x60-8.8 screw hex socket partly threaded galvanized steel,8300606513-00,1402897100-00,4367095841-00
hexagon socket screw A2K M6x60 8.8 white galvanized,8300606513-00,1402897100-00,4367095841-00
screw M6x60 8.8 partly threaded hex A2K white steel,8300606513-00,1402897100-00,4367095841-00
screw M6x65-8.8 partially threaded hex socket galvanized steel,1554805926-00,5643762042-00,1815563881-00
HEX SOCKET SCREW A2K M6 65mm 8.8 white galvanized,1554805926-00,5643762042-00,1815563881-00
M6x65 hex screw partly threaded 8.8 material steel galvanized,1554805926-00,5643762042-00,1815563881-00
Screw M6x70-8.8 hexagon socket partly threaded white galvanized steel,3104574808-00,6469053003-00,9060437798-00
HSCH screw M6 x 70 8.8 white galvanized,3104574808-00,6469053003-00,9060437798-00
M6x70 8.8 screw hex socket cylindrical head part thread,3104574808-00,6469053003-00,9060437798-00
M6x80-8.8 partly threaded hex socket screw galvanized steel,6164859129-00,1744820572-00,4287317987-00
Hexagon socket screw M6x80 8.8 A2K white galvanized,6164859129-00,1744820572-00,4287317987-00
M6 80mm 8.8 screw hex socket cylindrical head white galvanized,6164859129-00,1744820572-00,4287317987-00
M6x90 hex socket screw partly threaded A2K 8.8 galvanized,7767416194-00,4513423567-00,3628254685-00
Hexagon socket screw white galvanized M6x90-8.8 partial thread,7767416194-00,4513423567-00,3628254685-00
SCREW M6 x 90 8.8 A2K white galvanized hex socket half thread,7767416194-00,4513423567-00,3628254685-00
M8x10-8.8 hex socket screw partially threaded galvanized A2K,8899320851-00,7176768192-00,2179250203-00
white galvanized steel screw M8x10-8.8 hexagonal socket,8899320851-00,7176768192-00,2179250203-00
HSCH screw partly threaded M8x10 8.8 white galvanized steel,8899320851-00,7176768192-00,2179250203-00
screw M8x100 partly threaded hex socket A2K 8.8,8948830066-00,6663935295-00,4147306188-00
hex socket screw A2K M8x100 galvanized steel,8948830066-00,6663935295-00,4147306188-00
M8x100-8.8 hexagon socket screw white galvanized,8948830066-00,6663935295-00,4147306188-00
M8x110-8.8 Hex Socket Screw partly threaded white galvanized steel,7552750844-00,1171759738-00,6896891954-00
Screw HSCH M8x110-8.8 white galvanized steel,7552750844-00,1171759738-00,6896891954-00
Hexagon Socket Screw M8 110mm 8.8 partly threaded,7552750844-00,1171759738-00,6896891954-00
M8x12-8.8 Hexagon Socket Screw partly threaded galvanized steel,2028041505-00,4231466817-00,9503946395-00
Screw A2K M8 x 12 Hex Socket head 8.8,2028041505-00,4231466817-00,9503946395-00
M8 12mm partly threaded screw white steel hexagon_socket 8.8,2028041505-00,4231466817-00,9503946395-00
M8x120-8.8 screw hex socket part thread white galvanized steel,9149032558-00,5823862226-00,2067159406-00
Hexagon socket screw partly threaded M8 x 120mm 8.8,9149032558-00,5823862226-00,2067159406-00
screw A2K M8 120mm partially threaded hex head 8.8,9149032558-00,5823862226-00,2067159406-00
M8x130-8.8 Hex Socket Screw White Galv Steel partly threaded,6912749729-00,1332912348-00,4416543723-00
Screw Hexagon Socket M8 x 130 8.8 A2K White galvanized,6912749729-00,1332912348-00,4416543723-00
M8 130-8.8 screw HSCH A2K partly threaded galvanized steel,6912749729-00,1332912348-00,4416543723-00
M8x140 screw hex socket partly threaded A2K 8.8,4114984509-00,7044481484-00,8831445184-00
Hex socket screw M8 140mm partly threaded galvanized steel 8.8,4114984509-00,7044481484-00,8831445184-00
SCREW A2K M8 140mm hexagon socket partly threaded 8.8 quality,4114984509-00,7044481484-00,8831445184-00
M8x16 screw hex socket partly threaded A2K 8.8,7146771293-00,2798380832-00,3693299201-00
hexagon socket screw M8x16 with partial thread white galvanized steel 8.8,7146771293-00,2798380832-00,3693299201-00
screw A2K M8 x 16 hex socket cylindrical head 8.8 galvanized,7146771293-00,2798380832-00,3693299201-00
M8x20-8.8 hex socket screw partly threaded white galvanized steel,1300531753-00,9371809952-00,6312418668-00
screw A2K M8x20 8.8 hexagon socket cylindrical head,1300531753-00,9371809952-00,6312418668-00
hex socket screw M8x20-8.8 partly thread galvanized steel,1300531753-00,9371809952-00,6312418668-00
M8x25 screw hex socket partly threaded A2K 8.8,7390065635-00,1028628638-00,8038770021-00
White galvanized steel hexagon socket screw M8x25-8.8,7390065635-00,1028628638-00,8038770021-00
A2K M8x25 8.8 partly threaded hex head screw,7390065635-00,1028628638-00,8038770021-00
M8x30-8.8 screw hex socket partly threaded galvanized A2K,9299975640-00,5865483017-00,8531744429-00
hex socket screw M8x30 8.8 white galvanized,9299975640-00,5865483017-00,8531744429-00
A2K M8x30-8.8 partly threaded screw cylindrical head,9299975640-00,5865483017-00,8531744429-00
M8x35 hex socket screw 8.8 partly threaded galvanized A2K,7821257699-00,3409786374-00,2330627626-00
screw A2K M8x35-8.8 white galvanized hexagon socket,7821257699-00,3409786374-00,2330627626-00
hex socket cylindrical head screw M8x35 partly threaded 8.8,7821257699-00,3409786374-00,2330627626-00
screw hex socket M8x40-8.8 partly threaded galvanized steel,1902888810-00,7954596083-00,3315991152-00
HSCH screw M8x40 8.8 white zinc A2K,1902888810-00,7954596083-00,3315991152-00
8.8 M8x40 partly threaded hex cylindrical head screw galvanized steel,1902888810-00,7954596083-00,3315991152-00
M8x45 socket screw A2K partly threaded 8.8 galvanized steel,2056020036-00,2702873845-00,2925324885-00
Hex socket screw M8x45-8.8 white galvanized,2056020036-00,2702873845-00,2925324885-00
Partly threaded M8x45 hex screw 8.8 A2K galvanized steel,2056020036-00,2702873845-00,2925324885-00
M8x50-8.8 hex socket screw partly threaded galvanized steel,8407770695-00,1431389609-00,3074182346-00
screw hex socket cylindrical head M8 50 length A2K,8407770695-00,1431389609-00,3074182346-00
white galvanized M8x50-8.8 screw with hex head and partial thread,8407770695-00,1431389609-00,3074182346-00
M8x55 hexagon socket screw partly threaded A2K 8.8,6179478807-00,7367405253-00,3256546005-00
White galvanized steel screw M8 x 55-8.8 HSCH,6179478807-00,7367405253-00,3256546005-00
M8 55 screw hex socket cylindrical head partly threaded 8.8,6179478807-00,7367405253-00,3256546005-00
M8x60-8.8 Screw Hex Socket Cylindrical Head A2K partly threaded,4606671218-00,9276338271-00,2891067891-00
HSCH Screw White galvanized steel M8 x 60 8.8,4606671218-00,9276338271-00,2891067891-00
Hexagon Socket Screw M8x60 partly thread 8.8 galvanized,4606671218-00,9276338271-00,2891067891-00
M8x65 hex socket screw partly threaded A2K 8.8,1747945048-00,6674044697-00,8584132113-00
White galvanized steel screw M8x65-8.8 hexagon cylindrical head,1747945048-00,6674044697-00,8584132113-00
screw A2K M8x65-8.8 partly thread hex socket galvanized,1747945048-00,6674044697-00,8584132113-00
SCREW Hex Socket M8x70-8.8 part thread galvanized,4869901228-00,3685083825-00,5678708526-00
M8x70-8.8 Hex Socket Screw partly threaded white steel,4869901228-00,3685083825-00,5678708526-00
Hexagon Socket Screw A2K M8x70 8.8 full spec galvanized,4869901228-00,3685083825-00,5678708526-00
Screw M8x75 partly threaded hex socket 8.8 A2K white galvanized,6413035813-00,1811269553-00,8983831494-00
HSCH screw M8x75-8.8 white galvanized steel hexagon socket,6413035813-00,1811269553-00,8983831494-00
M8x75-8.8 screw hex cylindrical head partly threaded A2K,6413035813-00,1811269553-00,8983831494-00
M8x80 hex socket screw partly threaded 8.8 galvanized steel,7836777852-00,6695477620-00,8687110294-00
hexagon socket screw M8 x 80 A2K 8.8 white galvanized,7836777852-00,6695477620-00,8687110294-00
partially threaded screw M8 80mm hex head 8.8 galvanized steel,7836777852-00,6695477620-00,8687110294-00
M8x85-8.8 screw hex socket partly threaded galvanized steel,7807065847-00,6861763791-00,3747273143-00
Hexagon socket screw A2K M8x85 8.8 white galvanized steel,7807065847-00,6861763791-00,3747273143-00
Screw HSCH M8x85 partly threaded hex head 8.8 steel,7807065847-00,6861763791-00,3747273143-00
Screw M8x90 fully threaded A2K 8.8 galvanized,9440845021-00,8556932975-00,1442567475-00
Hexagon Socket screw partly threaded M8 90mm 8.8,9440845021-00,8556932975-00,1442567475-00
M8 x 90 screw Hex socket partially threaded A2K 8.8 galvanized steel,9440845021-00,8556932975-00,1442567475-00
M10x110 hex socket screw 12.9 partly threaded,3315991152-00,3218830030-00,8323037091-00
Screw hexagonal socket cylindrical head M10 110mm 12.9,3315991152-00,3218830030-00,8323037091-00
HSCH screw M10x110 12.9 steel partly threaded,3315991152-00,3218830030-00,8323037091-00
M10x20-12.9 Screw Hex Socket Partly threaded Steel,1409980522-00,9416261095-00,5556266370-00
Steel Hexagon Socket Screw M10x20 12.9,1409980522-00,9416261095-00,5556266370-00
SCREW M10 x 20 12.9 PART THD HSCH,1409980522-00,9416261095-00,5556266370-00
M10x25 screw hex socket cylindrical head 12.9 partly threaded,5106055601-00,2089304133-00,2679738386-00
Steel screw M10x25 hexagon socket partly thread 12.9,5106055601-00,2089304133-00,2679738386-00
HSCH screw M10x25-12.9 steel part threaded 12.9,5106055601-00,2089304133-00,2679738386-00
M10x30-12.9 hex socket screw partly threaded steel,5191985271-00,6655726866-00,3357157332-00
HSCH screw M10 30mm 12.9 cylindrical head,5191985271-00,6655726866-00,3357157332-00
Screw 12.9 M10x30 hexagon socket plain thread,5191985271-00,6655726866-00,3357157332-00
M10x35-12.9 Hex Socket Screw Partly Thread Steel,2857731037-00,7544850930-00,3245824682-00
Steel Screw Cylindrical Head M10x35 12.9,2857731037-00,7544850930-00,3245824682-00
SCREW HSCH M10 35mm Partly Thread 12.9,2857731037-00,7544850930-00,3245824682-00
M10x40 screw hexagon socket 12.9 partly threaded,5590080186-00,2604472017-00,7976283257-00
Steel cylindrical head screw M10x40-12.9,5590080186-00,2604472017-00,7976283257-00
Hex socket screw THD plain M10 40mm 12.9 grade,5590080186-00,2604472017-00,7976283257-00
Hexagon Socket Screw M10x45 partly threaded 12.9 steel,5098478150-00,2836562661-00,3739454668-00
M10x45-12.9 screw cylindrical head steel,5098478150-00,2836562661-00,3739454668-00
HSCH screw 12.9 steel M10x45 partly threaded,5098478150-00,2836562661-00,3739454668-00
Hex Socket Screw M10x70 partly threaded 12.9,3245824682-00,2359786082-00,8321833690-00
"M10 x 70 Steel Screw, Hexagon Socket, Partly Threaded 12.9",3245824682-00,2359786082-00,8321833690-00
"Screw HSCH M10 70mm 12.9 Steel, hex cylindrical head",3245824682-00,2359786082-00,8321833690-00
M12x25-12.9 hex socket screw partly threaded steel,6382490436-00,7412425536-00,3104080093-00
Hexagon Socket Screw Steel M12 25mm 12.9,6382490436-00,7412425536-00,3104080093-00
SCREW HSCH M12x25-12.9 partially threaded cylindrical head,6382490436-00,7412425536-00,3104080093-00
M12x30-12.9 Screw Hex Socket Cylindrical Head Part Thread Steel,1931768917-00,7944868052-00,5679205903-00
Screw Hexagon Socket partially threaded M12 x 30 12.9,1931768917-00,7944868052-00,5679205903-00
SCREW HSCH PLAIN THD M12 30 12.9 Steel,1931768917-00,7944868052-00,5679205903-00
M12x35 hex socket screw partly threaded 12.9 steel,1881869961-00,7521870912-00,9114099404-00
Screw M12x35-12.9 hexagon socket cylindrical head,1881869961-00,7521870912-00,9114099404-00
Steel hex screw HSCH M12x35 partly threaded 12.9,1881869961-00,7521870912-00,9114099404-00
Screw M12x40-12.9 hex socket partly threaded steel,9077176137-00,8903415072-00,9751416586-00
HSCH Screw 12.9 M12 x 40 partly threaded,9077176137-00,8903415072-00,9751416586-00
Hexagon Socket Screw Steel M12 40 partial thread 12.9,9077176137-00,8903415072-00,9751416586-00
Screw M12x50 12.9 Hex Socket Partly Threaded Steel,2320198646-00,8137604383-00,8094449719-00
HSCH Screw Cylindrical Head M12x50-12.9,2320198646-00,8137604383-00,8094449719-00
Steel Screw Hexagon Socket Partly Thread M12 50 12.9,2320198646-00,8137604383-00,8094449719-00
M12x55-12.9 Screw Hex Socket Partly Thread Steel,1153687795-00,1501058271-00,9473428869-00
Steel Hexagon Socket Screw M12 x 55 12.9,1153687795-00,1501058271-00,9473428869-00
SCREW HSCH PTHD M12 55 12.9,1153687795-00,1501058271-00,9473428869-00
M12x80 screw hex socket partly threaded 12.9 steel,6460736646-00,1070027217-00,4131998906-00
Steel hexagon socket screw 12.9 M12 x 80,6460736646-00,1070027217-00,4131998906-00
HSCH bolt M12x80 partly threaded 12.9,6460736646-00,1070027217-00,4131998906-00
M14x180 screw hex socket partially threaded steel 12.9,2261079652-00,6663935295-00,4661397238-00
Hexagon Socket Screw M14x180 12.9 partly thread,2261079652-00,6663935295-00,4661397238-00
steel screw THD plain M14 180 12.9 hex head,2261079652-00,6663935295-00,4661397238-00
M16x100 screw hex socket cylindrical head 12.9 partly threaded steel,8132115336-00,5676241751-00,2293806356-00
Hex socket screw M16 100mm length grade 12.9,8132115336-00,5676241751-00,2293806356-00
Steel screw M16x100 partly threaded 12.9 hexagonal socket head,8132115336-00,5676241751-00,2293806356-00
Screw M16x110-12.9 partly threaded hex socket,1442567475-00,4200127880-00,9452727936-00
HSCH screw M16 110mm 12.9 steel,1442567475-00,4200127880-00,9452727936-00
M16x110 hex socket cylindrical screw 12.9 grade,1442567475-00,4200127880-00,9452727936-00
M16x160 screw hex socket head steel 12.9 partly threaded,2676694235-00,8112582292-00,5534285274-00
hex socket screw M16 160mm 12.9 plain thread,2676694235-00,8112582292-00,5534285274-00
screw M16x160-12.9 HSCH partly threaded steel,2676694235-00,8112582292-00,5534285274-00
M16x30-12.9 screw hex socket partly threaded steel,1006926039-00,6952320784-00,1341156832-00
steel screw hexagonal socket cylindrical M16x30 12.9,1006926039-00,6952320784-00,1341156832-00
HSCH SCREW M16x30 partly threaded 12.9  steel,1006926039-00,6952320784-00,1341156832-00
Screw M16x50 12.9 Hex Socket Partly threaded,9457329856-00,8526360040-00,8835390267-00
"M16x50-12.9 Steel Hexagon Socket screw, cylindrical head",9457329856-00,8526360040-00,8835390267-00
Hex Socket Screw partly threaded M16 x 50 12.9,9457329856-00,8526360040-00,8835390267-00
M16x55-12.9 hex socket screw partly threaded steel,4497296716-00,9786803570-00,2857731037-00
steel screw hexagonal socket 12.9 M16x55,4497296716-00,9786803570-00,2857731037-00
hexagon socket cylindrical head screw M16x55 part thread 12.9,4497296716-00,9786803570-00,2857731037-00
M16x70 steel screw hex socket partly threaded 12.9,3921443853-00,2236883020-00,7692192434-00
Partly threaded cylindrical head screw M16x70-12.9 hex,3921443853-00,2236883020-00,7692192434-00
Hexagon socket screw M16x70 steel 12.9 PART THD,3921443853-00,2236883020-00,7692192434-00
M16x80 hex socket screw 12.9 partly threaded steel,7525291539-00,3624754278-00,2156921915-00
Steel screw cylindrical head M16 80mm 12.9,7525291539-00,3624754278-00,2156921915-00
HSCH SCREW M16x80-12.9 partially threaded hexagon,7525291539-00,3624754278-00,2156921915-00
M16x90 12.9 steel screw hex socket partly threaded,2293806356-00,2541182070-00,9691312135-00
hex socket screw M16x90 12.9 cylindrical head,2293806356-00,2541182070-00,9691312135-00
screw M16 90mm part thread hexagon socket 12.9,2293806356-00,2541182070-00,9691312135-00
M20x80 hex socket screw 12.9 partly threaded steel,6062338830-00,3970194616-00,4986042147-00
Steel hexagonal socket screw M20 x 80 12.9,6062338830-00,3970194616-00,4986042147-00
HSCH screw M20x80-12.9 cylindrical head partly threaded,6062338830-00,3970194616-00,4986042147-00
M3x10 hex socket screw 12.9 partly threaded,5768980724-00,5479560822-00,9296042632-00
Steel hexagon socket screw M3x10-12.9,5768980724-00,5479560822-00,9296042632-00
M3x10-12.9 cylindrical head screw partly threaded,5768980724-00,5479560822-00,9296042632-00
M3x12 12.9 hex socket screw partly threaded steel,6575833974-00,7971238139-00,8080092186-00
hexagon socket screw M3x12-12.9 steel,6575833974-00,7971238139-00,8080092186-00
steel screw HSCH M3 12mm 12.9 partly threaded,6575833974-00,7971238139-00,8080092186-00
M3x16 hex socket screw 12.9 partly threaded steel,8286072537-00,6357802946-00,1481396410-00
Steel screw M3x16 hex cylindrical head part thread 12.9,8286072537-00,6357802946-00,1481396410-00
HSCH M3x16-12.9 partly threaded steel screw hexagon socket,8286072537-00,6357802946-00,1481396410-00
M3x25 screw hexagon socket 12.9 partly threaded,2312811465-00,3137142682-00,8134591754-00
Steel screw HSCH M3x25-12.9,2312811465-00,3137142682-00,8134591754-00
Hex socket cylindrical head screw 12.9 M3x25,2312811465-00,3137142682-00,8134591754-00
M3x25-12.9 Hex Socket Screw Partly Thread Steel,2312811465-00,9137602664-00,2650208388-00
Steel Screw Hexagon Socket M3x25 12.9 Partly threaded,2312811465-00,9137602664-00,2650208388-00
HSCH screw M3x25-12.9 cylindrical head partly threaded,2312811465-00,9137602664-00,2650208388-00
M3x30-12.9 Hex Socket Screw Partly Threaded Steel,8847665360-00,4051928637-00,4724490701-00
Steel SCREW M3x30 12.9 Hexagon Socket,8847665360-00,4051928637-00,4724490701-00
Screw M3x30 12.9 partly threaded hex cylindrical head,8847665360-00,4051928637-00,4724490701-00
hex socket screw M3x35 partly threaded steel 12.9,3774397299-00,2873901855-00,3628254685-00
M3x35-12.9 screw hexagon socket cylindrical head,3774397299-00,2873901855-00,3628254685-00
steel hex socket screw M3x35 12.9 partly thread,3774397299-00,2873901855-00,3628254685-00
M3x40 12.9 steel screw hex socket partly threaded,4632171824-00,5128603712-00,1408518013-00
hexagonal socket screw M3 x 40 12.9 steel,4632171824-00,5128603712-00,1408518013-00
screw hex socket cylindrical head M3 40-12.9 partly threaded,4632171824-00,5128603712-00,1408518013-00
Screw M3x40 12.9 Hexagon Socket Partly threaded Steel,4632171824-00,2269643128-00,2963834971-00
HSCH SCREW M3x40 12.9 THD PLAIN,4632171824-00,2269643128-00,2963834971-00
M3x40-12.9 Screw Hexagon Socket Steel Part Thread,4632171824-00,2269643128-00,2963834971-00
M3x55 hex socket screw 12.9 partly threaded,6916390553-00,8845118499-00,1298734605-00
Steel screw cylindrical head M3x55-12.9,6916390553-00,8845118499-00,1298734605-00
HSCH screw M3x55 steel 12.9 partly threaded,6916390553-00,8845118499-00,1298734605-00
M5x10 Hex Socket Screw partly threaded 12.9 steel,9593556803-00,7090571037-00,6192891321-00
Steel Screw Hexagon Socket M5x10-12.9,9593556803-00,7090571037-00,6192891321-00
HSCH Partly threaded Screw M5x10 12.9,9593556803-00,7090571037-00,6192891321-00
M5x100-12.9 Partly threaded Steel Hex Socket Screw,3074182346-00,1634454981-00,4330983094-00
Hexagon Socket Screw M5 x 100 12.9  part threaded,3074182346-00,1634454981-00,4330983094-00
Steel Screw HSCH M5 100 12.9 partially threaded,3074182346-00,1634454981-00,4330983094-00
M5x110-12.9 Hex Socket Screw Partly Thread Steel,9688170406-00,1268066289-00,4074921857-00
Steel Screw HSCH M5x110 12.9 part threaded,9688170406-00,1268066289-00,4074921857-00
Hexagon Socket Screw M5 x 110 partially threaded 12.9,9688170406-00,1268066289-00,4074921857-00
M5x12-12.9 hex socket screw partly threaded steel,4444787150-00,7261025418-00,9540700976-00
Screw part M5x12-12.9 HSCH steel fully threaded,4444787150-00,7261025418-00,9540700976-00
hexagon socket screw steel M5x12 12.9 cylindrical head,4444787150-00,7261025418-00,9540700976-00
M5x120-12.9 Hex Socket Screw Partly Threaded Steel,6171464147-00,5594889711-00,5358287054-00
Screw Hexagon Socket Partly Threaded M5 x 120 12.9,6171464147-00,5594889711-00,5358287054-00
Steel M5 120 12.9 cyl head screw hex socket,6171464147-00,5594889711-00,5358287054-00
M5x130-12.9 hex socket screw partly threaded steel,1341156832-00,5277900050-00,8081905519-00
hexagon socket screw M5 130 12.9 THD plain,1341156832-00,5277900050-00,8081905519-00
Steel screw M5x130 12.9 cylindrical head hexagon socket,1341156832-00,5277900050-00,8081905519-00
M5x140 hex socket screw partly threaded 12.9 steel,5512927515-00,3810906932-00,9608119877-00
steel screw M5x140 12.9 hexagon socket cylindrical head,5512927515-00,3810906932-00,9608119877-00
HSCH part M5x140 12.9 screw partly threaded steel,5512927515-00,3810906932-00,9608119877-00
M5x150 hex socket screw 12.9 partly threaded,4974013062-00,8526360040-00,9734057020-00
HSCH screw steel M5x150 12.9 cylindrical head,4974013062-00,8526360040-00,9734057020-00
12.9 M5x150 screw hexagon socket partly thread,4974013062-00,8526360040-00,9734057020-00
M5x16 12.9 HSCH screw partly threaded steel,2297518908-00,3286166145-00,7643815862-00
Hex socket cylindrical head screw M5x16 12.9,2297518908-00,3286166145-00,7643815862-00
steel screw M5x16 with hexagon socket partly threaded 12.9,2297518908-00,3286166145-00,7643815862-00
M5x20-12.9 hex socket screw partly threaded steel,2914934155-00,8226467110-00,2393165131-00
Partly threaded Steel Screw M5 x 20 mm 12.9 hex,2914934155-00,8226467110-00,2393165131-00
Hexagon Socket Screw M5x20 partially threaded 12.9,2914934155-00,8226467110-00,2393165131-00
M5x30 screw hex socket partly threaded 12.9,7496615874-00,9747330567-00,4212432744-00
part no M5x30-12.9 hex cylindrical screw,7496615874-00,9747330567-00,4212432744-00
Steel hexagon socket screw M5x30 with partial thread 12.9,7496615874-00,9747330567-00,4212432744-00
M5x40-12.9 Socket Screw Partly threaded Steel Hexagon,9764565846-00,4501408104-00,6460736646-00
Steel Cylindrical Head Screw M5x40-12.9,9764565846-00,4501408104-00,6460736646-00
Screw HSCH M5 40mm 12.9 part thd,9764565846-00,4501408104-00,6460736646-00
M5x50-12.9 socket screw hexagon partly threaded steel,1796069938-00,6721180302-00,3500639514-00
steel screw hex socket cylindrical head M5x50 12.9,1796069938-00,6721180302-00,3500639514-00
HSCH screw M5x50 partly threaded hexagon head 12.9,1796069938-00,6721180302-00,3500639514-00
M5x70-12.9 hex socket screw partly threaded steel,7347520742-00,6654178420-00,1447866253-00
steel screw hexagon socket cylindrical head M5 x 70 12.9,7347520742-00,6654178420-00,1447866253-00
screw M5 70 12.9 hexagon socket partly threaded,7347520742-00,6654178420-00,1447866253-00
M5x80 hex socket screw partly threaded 12.9 steel,1557781426-00,6010207047-00,4675402319-00
Steel screw M5x80 12.9 hexagon socket cylindrical head,1557781426-00,6010207047-00,4675402319-00
hex socket screw M5x80-12.9 partly threaded steel,1557781426-00,6010207047-00,4675402319-00
M5x90 hex socket screw 12.9 partly threaded steel,1079293252-00,8696018241-00,9864328534-00
steel screw M5x90-12.9 hex cylindrical head,1079293252-00,8696018241-00,9864328534-00
12.9 M5x90 socket head screw partly threaded,1079293252-00,8696018241-00,9864328534-00
M6x100 screw hex socket partially threaded 12.9,3628254685-00,3808818546-00,4380679545-00
Cylindrical head hex screw M6x100 12.9 steel,3628254685-00,3808818546-00,4380679545-00
Steel screw partly threaded M6x100 hexagon socket 12.9,3628254685-00,3808818546-00,4380679545-00
M6x110 12.9 Hex Socket Screw Partly Thread Steel,1517496950-00,6080942541-00,5501174308-00
Screw Hexagon Socket M6x110 12.9 Part Threaded,1517496950-00,6080942541-00,5501174308-00
Steel Screw M6x110-12.9 Partly Threaded Hex HSC,1517496950-00,6080942541-00,5501174308-00
M6x12-12.9 hex socket screw partly threaded steel,7089590364-00,3132322870-00,1570275778-00
HSCH screw cylindrical head M6 x 12 12.9,7089590364-00,3132322870-00,1570275778-00
Steel screw M6 12.9 hexagon socket partly threaded,7089590364-00,3132322870-00,1570275778-00
M6x130 screw hex socket cylindrical head 12.9 partly threaded,1426989314-00,1804489327-00,8080636197-00
Steel screw HSCH M6x130-12.9 partly threaded,1426989314-00,1804489327-00,8080636197-00
Hexagon socket screw M6x130 12.9 steel cylindrical head,1426989314-00,1804489327-00,8080636197-00
M6x16 12.9 screw hex socket partly threaded steel,6259431200-00,3114810437-00,7976283257-00
hex socket screw M6 x 16 12.9 threaded,6259431200-00,3114810437-00,7976283257-00
steel screw M6x16-12.9 hexagon socket cylindrical head,6259431200-00,3114810437-00,7976283257-00
M6x20-12.9 screw hex socket cylindrical head partly threaded steel,3773597417-00,3600032315-00,2891067891-00
hexagon socket screw M6 x 20mm steel 12.9,3773597417-00,3600032315-00,2891067891-00
M6 20mm 12.9 hexagon socket screw partly threaded,3773597417-00,3600032315-00,2891067891-00
M6x25-12.9 socket screw hexagon part thread,5428394963-00,1096506778-00,3972732506-00
Steel hexagon socket screw partly threaded M6 x 25,5428394963-00,1096506778-00,3972732506-00
HSCH screw M6 25mm 12.9 fully/part thread,5428394963-00,1096506778-00,3972732506-00
M6x30-12.9 Hex Socket Screw Partly threaded Steel,1424906352-00,2057314738-00,8134591754-00
"Steel Screw, Hexagon Socket, M6 x 30, 12.9 grade",1424906352-00,2057314738-00,8134591754-00
"Partly threaded Steel Screw, M6 x 30, Hex Socket 12.9",1424906352-00,2057314738-00,8134591754-00
M6x40-12.9 Hex Socket screw partly threaded steel,8713716659-00,2995356510-00,5905948272-00
Steel screw M6x40-12.9 hex cylindrical head,8713716659-00,2995356510-00,5905948272-00
Partly threaded HSCH screw M6x40 12.9 thickness,8713716659-00,2995356510-00,5905948272-00
M6x55-12.9 hex socket cap screw partial thread steel,5348129455-00,6145862798-00,7419951092-00
SCREW HSCH M6x55-12.9 partly threaded cylindrical steel,5348129455-00,6145862798-00,7419951092-00
hexagon socket head screw M6x55-12.9 plain/part thread steel,5348129455-00,6145862798-00,7419951092-00
hex socket head screw M6x60 12.9 steel part thread,6843773357-00,2057138330-00,5107098838-00
HSCH screw partial thread M6x60-12.9 cylindrical head,6843773357-00,2057138330-00,5107098838-00
M6 x 60 screw hexagon socket 12.9 steel partly threaded,6843773357-00,2057138330-00,5107098838-00
M6x65-12.9 steel hex socket cylindrical head screw partly threaded,9974201484-00,8580568059-00,8073584362-00
SCREW HSCH PART. THD PLAIN M6x65-12.9 hexagon socket steel,9974201484-00,8580568059-00,8073584362-00
"hex socket head, partial thread, M6x65-12.9, steel screw",9974201484-00,8580568059-00,8073584362-00
hex socket screw M6x80-12.9 partly threaded steel,6115832919-00,6419553753-00,9641115149-00
HSCH M6 x 80 12.9 plain part thread screw,6115832919-00,6419553753-00,9641115149-00
hexagon socket cylindrical head screw steel M6x80-12.9,6115832919-00,6419553753-00,9641115149-00
M6x90-12.9 hex socket cylinder head screw partial thread steel,8321833690-00,1469574084-00,2037215776-00
screw HSCH partially threaded steel M6 x 90 12.9,8321833690-00,1469574084-00,2037215776-00
hexagon socket head cap screw M6 90mm steel 12.9 partial thread,8321833690-00,1469574084-00,2037215776-00
M8x140 12.9 hex socket cap screw partial thread steel,2963834971-00,4536902446-00,7089590364-00
HSCH screw partly threaded steel M8x140-12.9,2963834971-00,4536902446-00,7089590364-00
hexagon socket cylindrical head screw steel M8x140 12.9 partial thread,2963834971-00,4536902446-00,7089590364-00
M8x20-12.9 HSCH screw partially threaded steel hex socket cylindrical head,8815417597-00,4281765786-00,1602913890-00
hexagon socket screw m8x20-12.9 partial thread steel,8815417597-00,4281765786-00,1602913890-00
screw steel M8x20-12.9 hex socket head cylindrical partly thread,8815417597-00,4281765786-00,1602913890-00
hex socket head screw partial thread steel M8x30 12.9,6896891954-00,4930835243-00,6667303359-00
SCREW HSCH M8x30-12.9 partly threaded cylindrical head,6896891954-00,4930835243-00,6667303359-00
"M8x30-12.9 hexagon socket cylindrical head screw, steel, partial thread",6896891954-00,4930835243-00,6667303359-00
M8x35-12.9 hex socket head screw partly threaded steel,4894468146-00,9551318466-00,4283635832-00
SCREW HSCH PARTIAL THREAD PLAIN M8x35-12.9,4894468146-00,9551318466-00,4283635832-00
steel hexagon socket cylindrical head screw M8 x 35 partially threaded,4894468146-00,9551318466-00,4283635832-00
hex socket head screw M8x40 12.9 partial thread steel,5368655997-00,5822798508-00,5731319278-00
SCREW HSCH M8x40-12.9 part. thd cylindrical steel,5368655997-00,5822798508-00,5731319278-00
M8 x 40 12.9 hexagon socket cap screw partly threaded steel,5368655997-00,5822798508-00,5731319278-00
hex socket head screw M8x60 12.9 partial thread steel,9589635876-00,8367543199-00,6288436231-00
SCREW HSCH M8x60-12.9 cylindrical head partly threaded,9589635876-00,8367543199-00,6288436231-00
steel screw hexagon socket M8 x 60 partial thread grade 12.9,9589635876-00,8367543199-00,6288436231-00
HSCH screw partially threaded M10x1x45 grade 12.9 steel,9545805367-00,6307157416-00,9114099404-00
hex socket cylinder head screw M10x1x45-12.9 partial thread,9545805367-00,6307157416-00,9114099404-00
screw M10x1x45 12.9 hexagon socket cylindrical head partly thread steel,9545805367-00,6307157416-00,9114099404-00
screw hexagon socket cylindrical head replaced 729372303-00,1316045560-00,8071445697-00,4215182994-00
HSCH screw replacement for part 729372303-00,1316045560-00,8071445697-00,4215182994-00
replaced 729372303-00 hex socket cyl head screw,1316045560-00,8071445697-00,4215182994-00
screw hex socket cylindrical head replaced 9895453927-00,2173703042-00,9026041071-00,4362770512-00
HSCH screw replacement for 9895453927-00,2173703042-00,9026041071-00,4362770512-00
9895453927-00 replaced hexagon socket cylindrical head screw,2173703042-00,9026041071-00,4362770512-00
HSCH screw M10x16-8.8 left hand partial thread A2K white galvanized steel,9132261912-00,5161232131-00,3506457121-00
Hex socket cylindrical head screw partly threaded LH M10 x 16 mm 8.8 white zinc,9132261912-00,5161232131-00,3506457121-00
M10x16-8.8 screw hex cylindrical head partial LH white galvanized steel,9132261912-00,5161232131-00,3506457121-00
hex socket head screw LH partial thread M10x20-8.8 A2K white galvanized steel,5396269374-00,3420626497-00,4196725180-00
SCREW HSCH left hand partly thread M10x20-8.8 white zinc steel,5396269374-00,3420626497-00,4196725180-00
M10x20-8.8 hex cyl head screw A2K partial thread LH galvanized,5396269374-00,3420626497-00,4196725180-00
HSCH screw left hand partial thread A2K M10x25-8.8 white galvanized steel,8981508854-00,7585838948-00,4444787150-00
Hex socket cyl head screw M10x25-8.8 LH part thread A2K steel white zinc,8981508854-00,7585838948-00,4444787150-00
screw M10x25-8.8 hex socket cylinder head LH partial thread steel white galvanized,8981508854-00,7585838948-00,4444787150-00
Hexagon socket screw LH partial thread A2K M10x30-8.8 white galvanized steel,2351386675-00,5124484992-00,7146771293-00
M10x30-8.8 HSCH left hand partly threaded screw white zinc steel,2351386675-00,5124484992-00,7146771293-00
Screw cylindrical head hex socket LH part thread A2K M10x30-8.8 white galvanized,2351386675-00,5124484992-00,7146771293-00
HSCH screw M10x35-8.8 LH partially threaded white galvanised steel,1373505184-00,3952682608-00,6171464147-00
Hex socket cyl head screw A2K M10x35-8.8 partial LH thread,1373505184-00,3952682608-00,6171464147-00
M10x35-8.8 hex socket head left hand part thread white zinc steel,1373505184-00,3952682608-00,6171464147-00
HSCH screw LH part thread A2K M10x40-8.8 white galvanized steel hex socket cylindrical head,8206709094-00,6391201229-00,1341156832-00
"M10x40-8.8 hexagon socket screw LH partly threaded, white galv, steel",8206709094-00,6391201229-00,1341156832-00
hex socket cyl head SCREW M10x40-8.8 white galvanized steel left hand partial thread,8206709094-00,6391201229-00,1341156832-00
HSCH screw left hand part thread A2K M10x55-8.8 steel white zinc,8185323043-00,6080942541-00,7042454996-00
"M10 x 55-8.8 hex socket cylindrical head screw left hand, partial thread, white galvanized",8185323043-00,6080942541-00,7042454996-00
Hex socket head cap screw LH partial thread white galvanized steel M10x55-8.8,8185323043-00,6080942541-00,7042454996-00
HSCH screw LH partial thread A2K M10x60-8.8 white galvanized steel,9537630327-00,2211636078-00,7563728627-00
hexagon socket cylinder head screw left hand partial thread M10x60-8.8 8.8 grade white galvanized,9537630327-00,2211636078-00,7563728627-00
M10x60-8.8 hex socket head screw LH partly threaded steel A2K white zinc,9537630327-00,2211636078-00,7563728627-00
hex socket screw M12x20 8.8 A2K LH part thread white galvanized steel,2777129183-00,3838026476-00,5461598347-00
SCREW HSCH LH partially threaded M12x20-8.8 A2K steel,2777129183-00,3838026476-00,5461598347-00
M12x20-8.8 hexagon socket cylinder head screw left hand white galvanized part thread,2777129183-00,3838026476-00,5461598347-00
HSCH screw left hand partial thread A2K M12x25-8.8 white galvanized steel,6518638498-00,2139794434-00,6940014199-00
M12x25-8.8 hex socket cap screw LH part thd white zinc steel,6518638498-00,2139794434-00,6940014199-00
hexagon socket cylindrical head screw partly thread LH A2K white galvanized M12x25-8.8,6518638498-00,2139794434-00,6940014199-00
Hex socket cylindrical head screw left hand partial thread A2K M12x35-8.8 white galvanized steel,1850869928-00,9147503056-00,3315991152-00
"M12x35-8.8 SCREW HSCH LH PART THD white zinc, hexagon socket, partial thread",1850869928-00,9147503056-00,3315991152-00
LH partly threaded hex socket screw M12x35 white galvanized steel 8.8,1850869928-00,9147503056-00,3315991152-00
hex socket screw LH partial thread A2K M12x60-8.8 white galvanized,5333106852-00,3103452341-00,5116420748-00
M12x60-8.8 hexagon socket cyl head left hand partly threaded steel screw,5333106852-00,3103452341-00,5116420748-00
screw cyl head hex socket white galvanized steel M12x60-8.8 LH part thread,5333106852-00,3103452341-00,5116420748-00
Hexagon socket head screw LH partial thread A2K white galvanized M4x10-8.8,4568432133-00,3022862719-00,5768980724-00
SCREW HSCH cyl head left-hand part thread M4x10-8.8 steel white zinc,4568432133-00,3022862719-00,5768980724-00
M4x10-8.8 partly threaded hex socket screw LH A2K finish,4568432133-00,3022862719-00,5768980724-00
HSCH screw left hand partial thread A2K M5x10-10.9 white galvanized steel,1644223822-00,8135097001-00,4185081666-00
hex socket cylinder head screw M5x10-10.9 LH part thread white zinc,1644223822-00,8135097001-00,4185081666-00
M5x10-10.9 steel screw hexagon socket head partly threaded LH A2K finish,1644223822-00,8135097001-00,4185081666-00
HSCH screw LH partial thread M5x10-8.8 white galvanized steel,6982573376-00,2180285684-00,2351386675-00
Hex socket cylindrical head screw left hand A2K M5x10-8.8 part. thd,6982573376-00,2180285684-00,2351386675-00
M5x10-8.8 screw hex socket cyl head LH partial thread white zinc,6982573376-00,2180285684-00,2351386675-00
HSCH screw LH partial thread M5x12-10.9 A2K white galvanized steel,2179250203-00,7988037521-00,6643383016-00
Hex socket cyl head screw left hand partly threaded M5x12-10.9,2179250203-00,7988037521-00,6643383016-00
M5x12-10.9 LH hexagon socket cap screw partial thread white zinc,2179250203-00,7988037521-00,6643383016-00
HSCH screw left hand part thread M5x12-8.8 A2K white galvanized steel,4367095841-00,5836842495-00,3635384046-00
Hex socket cyl head LH partially threaded screw M5x12 8.8 steel,4367095841-00,5836842495-00,3635384046-00
M5x12-8.8 white zinc hex socket cap screw left-hand part thread,4367095841-00,5836842495-00,3635384046-00
HSCH screw left hand A2K M5x16 8.8 partly threaded white galvanized steel,7745825410-00,1378331381-00,4828582854-00
Hexagon socket head screw LH partial thread M5x16-8.8 white zinc steel,7745825410-00,1378331381-00,4828582854-00
"Screw cylindrical hex socket LH, M5x16-8.8, partly thread, A2K finish",7745825410-00,1378331381-00,4828582854-00
HSCH screw LH part A2K M5x20-8.8 hex socket cylindrical head partly threaded white galvanized steel,6634333003-00,6342300634-00,1902888810-00
M5x20-8.8 partly thread hex socket cap screw left hand white zinc A2K steel,6634333003-00,6342300634-00,1902888810-00
Hexagon socket cylindrical head screw LH partial thread M5x20-8.8 A2K white galvanized,6634333003-00,6342300634-00,1902888810-00
HSCH screw LH part thread M5x25-8.8 white galvanized steel,8854288795-00,7540520705-00,1033519698-00
hexagon socket cylindrical head screw A2K M5x25-8.8 partial thread,8854288795-00,7540520705-00,1033519698-00
"M5x25-8.8 partly threaded hex socket cap screw LH, white zinc steel",8854288795-00,7540520705-00,1033519698-00
hex socket cylindrical head screw LH partly threaded A2K M5x35-8.8 white galvanized steel,6998943831-00,5216498526-00,3028497617-00
SCREW M5x35-8.8 hexagon socket LH partial thread white galvanized A2K,6998943831-00,5216498526-00,3028497617-00
M5x35-8.8 LH hex socket cap screw partial thread steel white galvanized,6998943831-00,5216498526-00,3028497617-00
HSCH screw M6x10-8.8 white galvanized steel left hand partial thread,2771452835-00,1953221694-00,7155263857-00
hex socket cylindrical head screw LH A2K M6x10-8.8,2771452835-00,1953221694-00,7155263857-00
M6x10-8.8 partly threaded screw hex socket head LH white galvanized,2771452835-00,1953221694-00,7155263857-00
HSCH screw M6x11-8.8 left hand part thread A2K white galvanized steel,1525514682-00,6066764359-00,1896353070-00
hex socket cyl head screw LH part. thd M6x11-8.8 8.8 grade steel,1525514682-00,6066764359-00,1896353070-00
"M6x11-8.8 hex socket head screw partially threaded LH, A2K finish white galvanized",1525514682-00,6066764359-00,1896353070-00
HSCH screw M6x16-8.8 LH partial thread A2K white galvanized steel,6395039276-00,4199791104-00,9734057020-00
hex socket cyl head screw left hand partially threaded M6x16-8.8 white zinc,6395039276-00,4199791104-00,9734057020-00
screw hex socket cylindrical head LH M6x16-8.8 partial thread white galvanized,6395039276-00,4199791104-00,9734057020-00
HSCH screw M6x20-8.8 left hand A2K partially threaded hex socket white galvanized steel,1335929593-00,5675130171-00,6261514671-00
hex socket cyl head screw LH part thread A2K M6x20 8.8 white galvanized,1335929593-00,5675130171-00,6261514671-00
M6x20-8.8 screw white zinc steel partially threaded hexagon socket LH,1335929593-00,5675130171-00,6261514671-00
Hex socket screw LH partial thread A2K M6x25-8.8 white galvanized steel,5581332631-00,8588190828-00,7197948058-00
M6x25-8.8 Hexagon socket cylindrical head screw left hand partly threaded white zinc,5581332631-00,8588190828-00,7197948058-00
Partly thread SCREW HSCH left hand A2K white galvanized steel M6x25-8.8,5581332631-00,8588190828-00,7197948058-00
HSCH screw M6x30-8.8 left hand partial thread A2K white galvanized steel,9935696508-00,1686558964-00,2024351750-00
hexagon socket head screw partly threaded M6x30 8.8 left hand white zinc,9935696508-00,1686558964-00,2024351750-00
screw M6x30-8.8 white galvanized LH part thread hex socket cylinder head,9935696508-00,1686558964-00,2024351750-00
HSCH screw M6x40-8.8 LH partial thread white galvanized steel hex socket,9537250553-00,5825574311-00,8971643306-00
M6x40-8.8 hex socket cylindrical head screw half threaded LH A2K,9537250553-00,5825574311-00,8971643306-00
screw hexagon socket cylindrical head white galvanised steel partial thread LH M6x40 8.8,9537250553-00,5825574311-00,8971643306-00
"HSCH screw M8x12-8.8 Left hand partial thread A2K, white galvanized steel",5116269099-00,5074512420-00,3031428088-00
hex socket cyl head screw LH partial thread M8x12-8.8 white galvanised A2K,5116269099-00,5074512420-00,3031428088-00
M8x12-8.8 screw hex socket left hand part. thd white galvanized steel,5116269099-00,5074512420-00,3031428088-00
M8x16-8.8 hex socket cap screw LH partial thread A2K white galvanized steel,7023956011-00,5185231715-00,1596340372-00
screw hexagon socket cylindrical head M8x16-8.8 LH partly threaded white galv,7023956011-00,5185231715-00,1596340372-00
HSCH LH partial thread screw A2K M8x16-8.8 white galvanized steel,7023956011-00,5185231715-00,1596340372-00
HSCH screw left hand partial thread A2K M8X20 white galvanized steel,9336756957-00,7815440699-00,2376697760-00
"M8X20 hex socket cylinder head screw LH partly threaded, steel, white zinc",9336756957-00,7815440699-00,2376697760-00
screw hex socket cylindrical head left hand partial thread steel A2K white galvanized m8 x 20,9336756957-00,7815440699-00,2376697760-00
hex socket cyl head screw left hand partial thread A2K steel white zinc M8x20-8.8,1896353070-00,4429676008-00,2016320500-00
"M8x20-8.8 LH hexagon socket screw, partial thread, white galvanized A2K",1896353070-00,4429676008-00,2016320500-00
"Screw steel 8.8 A2K hex socket cylindrical head, partly threaded, LH, M8x20 white galvanized",1896353070-00,4429676008-00,2016320500-00
hexagon socket screw LH part thread A2K M8x25-8.8 white galvanized steel,3683853426-00,7946949392-00,6834070862-00
HSCH LH partly threaded screw M8x25-8.8 white zinc steel,3683853426-00,7946949392-00,6834070862-00
M8x25-8.8 hex socket cylindrical head screw left hand partial thread white galvanized,3683853426-00,7946949392-00,6834070862-00
HSCH screw left hand part thread A2K M8x30-8.8 white galvanized steel,3500145278-00,3409786374-00,8323037091-00
Hex socket cyl head screw LH partial thread steel M8x30 8.8 white zinc,3500145278-00,3409786374-00,8323037091-00
M8x30-8.8 screw hexagon socket left-hand partial thread A2K galvanized,3500145278-00,3409786374-00,8323037091-00
HSCH screw LH part threaded A2K M8x35 8.8 white galvanized steel,8101825749-00,5789814708-00,2598714111-00
Hexagon socket cylindrical head screw partly thread M8x35-8.8 LH white zinc,8101825749-00,5789814708-00,2598714111-00
M8x35-8.8 screw hex socket head LH partial thread white galvanized,8101825749-00,5789814708-00,2598714111-00
HSCH screw LH part thread A2K M8x40-8.8 hex socket cylindrical head steel white galvanized,6651829316-00,1953221694-00,9393372856-00
"M8x40-8.8 hex socket head screw, left hand, partial thread, white zinc plated steel",6651829316-00,1953221694-00,9393372856-00
left hand screw partly threaded A2K M8x40-8.8 hexagon socket cylindrical head galvanized,6651829316-00,1953221694-00,9393372856-00
left hand thread hex socket screw M8x50 8.8 white galvanized steel partial thread,1593243093-00,2266480034-00,9539155196-00
M8x50 partly threaded hexagon socket cap screw HSCH LH 8.8 grade white galvanized,1593243093-00,2266480034-00,9539155196-00
hex socket cylindrical head screw M8x50 LH thread 8.8 steel white galvanized partial thread,1593243093-00,2266480034-00,9539155196-00
hex socket screw partly threaded M8x60 8.8 white galvanized steel left hand thread,3119031666-00,8075449217-00,5986859531-00
LH hexagon socket screw A2K M8x60 8.8 partly threaded white galvanized,3119031666-00,8075449217-00,5986859531-00
M8x60 hex screw left hand thread HSCH partly threaded steel 8.8 white galvanized,3119031666-00,8075449217-00,5986859531-00
hex socket screw M12x40 10.9 white galvanized steel left hand partial thread,4513626239-00,7193492054-00,9688170406-00
M12x40 10.9 left hand thread hex socket cylindrical head screw A2K white galvanized,4513626239-00,7193492054-00,9688170406-00
LH partly threaded hexagon socket screw 10.9 grade M12x40 galvanized steel A2K,4513626239-00,7193492054-00,9688170406-00
"hex socket screw M12x50 10.9 white galvanized steel, partly threaded, LH thread",7964073000-00,1126995875-00,3966591837-00
"HSCH left-hand thread screw M12x50 10.9, cylindrical head, A2K coating, partly threaded",7964073000-00,1126995875-00,3966591837-00
"M12 x 50mm hexagon socket screw, LH partly threaded, white galvanized steel 10.9 grade",7964073000-00,1126995875-00,3966591837-00
hex socket screw M16x25 left hand partly threaded A2K 10.9 white galvanized,5501174308-00,2873901855-00,5065362985-00
M16x25 hexagon head screw LH thread partially 10.9 grade white galvanized steel,5501174308-00,2873901855-00,5065362985-00
HSCH LH screw 10.9 white galvanized steel M16x25 half thread hex socket head,5501174308-00,2873901855-00,5065362985-00
hex socket screw M16x30 10.9 steel white galvanized LH partly threaded cylinder head,6963127063-00,2180285684-00,7283136748-00
M16x30 10.9 grade hexagon socket cap screw left-hand thread white galvanized steel,6963127063-00,2180285684-00,7283136748-00
left hand thread hex socket cylinder head screw M16x30 10.9 A2K white galvanized,6963127063-00,2180285684-00,7283136748-00
hex socket screw M16x40 10.9 white galvanized steel partially threaded left hand,2687889630-00,9908968425-00,9543433719-00
LH hexagon socket head screw M16 x 40 thread part A2K steel 10.9,2687889630-00,9908968425-00,9543433719-00
screw hex socket cyl head M16x40 10.9 partly threaded left hand galvanized steel,2687889630-00,9908968425-00,9543433719-00
hex socket screw M16x70 LH partly threaded A2K 10.9 white zinc,2156921915-00,6298267102-00,6395039276-00
M16x70 left hand thread hexagon socket cylindrical head screw A2K 10.9 galvanized,2156921915-00,6298267102-00,6395039276-00
screw M16 70mm hex head LH thread partially threaded white galvanized steel 10.9 A2K,2156921915-00,6298267102-00,6395039276-00
screw full thread M4x10-70 stainless steel A2 cylindrical head slotted,1094408086-00,5643762042-00,2106723884-00
A2 stainless steel full thread screw CHS slot M4x10-70,1094408086-00,5643762042-00,2106723884-00
M4 x 10-70 full threaded screw cylindrical head slotted A2 stainless steel,1094408086-00,5643762042-00,2106723884-00
screw full thread stainless steel A2 M4x35 to 70 mm cylindrical head slot,3300579673-00,2798380832-00,6395039276-00
CHS full threaded screw A2 stainless steel M4 x 35-70mm with slot head,3300579673-00,2798380832-00,6395039276-00
stainless steel M4x35-70 full thread screw cylindrical head slotted A2,3300579673-00,2798380832-00,6395039276-00
screw full thread M2x6 4.8 A2K cylindrical head slot white galvanized steel,3693299201-00,3040759579-00,6940014199-00
M2x6 4.8 full threaded screw chs slotted white galvanized steel A2K,3693299201-00,3040759579-00,6940014199-00
white galvanized steel screw M2x6 4.8 full thread cylinder head slot A2K,3693299201-00,3040759579-00,6940014199-00
full thread screw M3x10 cylindrical head slot A2K steel 4.8 white galvanized,2783619008-00,7882473440-00,6083606650-00
M3x10 screw full threaded white galvanized steel with cylindrical slotted head 4.8,2783619008-00,7882473440-00,6083606650-00
A2K M3x10 full thread slotted cylinder head screw 4.8 grade white galvanized steel,2783619008-00,7882473440-00,6083606650-00
full thread slotted cylindrical head screw M3x20 A2K white zinc steel 4.8,9296042632-00,5627782037-00,1153687795-00
M3x20 full threaded CHS screw 4.8 steel white galvanized slot head,9296042632-00,5627782037-00,1153687795-00
cylindrical head screw with full thread M3x20 4.8 grade steel white zinc slot,9296042632-00,5627782037-00,1153687795-00
full threaded cylindrical head screw M3x30 4.8 white galvanized steel A2K,5463670446-00,7563435984-00,8687110294-00
CHS slotted screw full thread M3x30 4.8 A2K white galvanized,5463670446-00,7563435984-00,8687110294-00
M3x30 screw cylindrical head slot full thread steel 4.8 A2K white galvanized,5463670446-00,7563435984-00,8687110294-00
screw full thread M3x5 4.8 A2K white galvanized steel cylindrical head slot,6517508636-00,8884625491-00,3150894744-00
CHS slot screw M3x5 4.8 full threaded white galvanized steel A2K,6517508636-00,8884625491-00,3150894744-00
M3x5 screw cylindrical head full thread white galvanized A2K grade 4.8,6517508636-00,8884625491-00,3150894744-00
full thread screw M4x10 steel a2k cylindrical head slot white galvanized,5936570319-00,5988207918-00,7176640084-00
M4x10 full threaded CHS screw grade 4.8 white galvanized steel a2k,5936570319-00,5988207918-00,7176640084-00
cylindrical head screw M4x10 full thread slot white galvanized 4.8 steel a2k,5936570319-00,5988207918-00,7176640084-00
full thread M4x16 screw CHS white galvanized steel A2K 4.8,6097009167-00,3454525239-00,9595065052-00
Cylindrical head slot screw M4x16 4.8 steel galvanized full thread A2K,6097009167-00,3454525239-00,9595065052-00
M4x16-4.8 full threaded screw CHS A2K white galvanized steel slot head,6097009167-00,3454525239-00,9595065052-00
full thread M4x5 screw A2K white galvanized steel cylindrical head slotted,1746469094-00,7044481484-00,6508425047-00
M4x5-4.8 full threaded screw with cylindrical slotted head A2K white zinc coated,1746469094-00,7044481484-00,6508425047-00
white galvanized steel full thread screw M4x5 4.8 grade cylindrical head slot A2K,1746469094-00,7044481484-00,6508425047-00
full thread M5x40 screw CHS slot white galvanized steel A2K 4.8 grade,8445426123-00,6473846417-00,2374738313-00
A2K M5x40-4.8 full threaded cylindrical head screw slot galvanized white,8445426123-00,6473846417-00,2374738313-00
slot head full thread screw M5x40 4.8 white galvanized steel cylindrical A2K,8445426123-00,6473846417-00,2374738313-00
full thread cylindrical head screw M6x10 4.8 white galvanized A2K,2274194725-00,2563891919-00,8043948667-00
white galvanized steel screw M6x10 slot head full thd 4.8,2274194725-00,2563891919-00,8043948667-00
A2K full threaded screw M6 10mm cylindrical head slotted 4.8 grade,2274194725-00,2563891919-00,8043948667-00
full threaded brass screw M3x6 cylindrical head slot CW508L,2925324885-00,9463710625-00,7167950273-00
M3x6 CW508L brass screw full thread with slotted cylindrical head,2925324885-00,9463710625-00,7167950273-00
CW508L M3x6 brass screw full threaded cylindrical head slot type,2925324885-00,9463710625-00,7167950273-00
screw full thread brass m4x20 chs cw508l,7643815862-00,1030163491-00,6639795882-00
cyl head slot screw cw508l m4x20 full thread brass,7643815862-00,1030163491-00,6639795882-00
M4x20 brass screw with slot full thread cylindrical head cw508l,7643815862-00,1030163491-00,6639795882-00
full thread brass screw M4x6 CHS slot CW508L,2571962982-00,4846801812-00,5191985271-00
M4x6 cylindrical head screw brass CW508L full threaded slot,2571962982-00,4846801812-00,5191985271-00
CW508L brass slot screw M4x6 full thread cylindrical head,2571962982-00,4846801812-00,5191985271-00
full thread M5x10 brass screw CHS slot CW508L,9786004707-00,2969832734-00,6610415924-00
M5x10 cylindrical head brass screw full threaded CW508L,9786004707-00,2969832734-00,6610415924-00
brass screw full thread M5x10 slot head cylindrical CW508L,9786004707-00,2969832734-00,6610415924-00
stainless steel self threading screw 2.9x9.5 mm cylindrical cross head,4734377813-00,5225495328-00,8983831494-00
"chch self thread screw A2 stainless 2,9 x 9,5 mm",4734377813-00,5225495328-00,8983831494-00
2.9 by 9.5 mm self thd cross head screw stainless cylindrical head,4734377813-00,5225495328-00,8983831494-00
self threading screw A2K 2.2x13 mm cross head cylindrical white galvanized,1599421041-00,5685286874-00,9589635876-00
"2,2x13 steel screw self tapping CHCH crosshead white galvanized",1599421041-00,5685286874-00,9589635876-00
cylindrical head screw self thread 2.2x13 white galvanized A2K cross slot,1599421041-00,5685286874-00,9589635876-00
self threading screw 2.2x5 white galvanized steel cylindrical cross head,4131998906-00,6145862798-00,3763476385-00
"A2K SCREW 2,2x5 self thd cross head cylinder head white galvanized",4131998906-00,6145862798-00,3763476385-00
2.2x5 self threading screw chch cross head A2K galvanized steel white,4131998906-00,6145862798-00,3763476385-00
self threading screw CHCH cross head A2K white galvanized steel 2.2x9.5,3562703168-00,5218547457-00,1747945048-00
"cylindrical head self thd screw 2,2x9,5 steel white galvanized cross",3562703168-00,5218547457-00,1747945048-00
SCREW self threaded crosshead CHCH 2.2 by 9.5 mm white galvanized,3562703168-00,5218547457-00,1747945048-00
self threading screw A2K 2.9x19 cylindrical cross head white galvanized steel,3008254339-00,7808173269-00,6382490436-00
2.9x19 self thd screw CHCH cross head white galv steel,3008254339-00,7808173269-00,6382490436-00
SCREW Cylindrical Head Self Tapping A2K 2.9x19 cross screwdriver white galvanized,3008254339-00,7808173269-00,6382490436-00
screw self tapping CHCH cross head A2K 2.9x6.5 white galvanized,8080092186-00,6752477895-00,5396269374-00
"self thread screw cylindrical head cross slot steel 2,9 by 6,5 mm A2K",8080092186-00,6752477895-00,5396269374-00
white galvanized steel screw self thd CHCH 2.9x6.5 crosshead,8080092186-00,6752477895-00,5396269374-00
self threading screw chch cross head A2K steel 3.9x6.5 galvanized white,8831445184-00,8484402553-00,6258151250-00
3.9x6.5mm cylindrical head self thd screw A2K white galvanized steel,8831445184-00,8484402553-00,6258151250-00
screw self threaded chch cross hd 3.9 by 6.5 a2k galvanized steel white,8831445184-00,8484402553-00,6258151250-00
screw self threading cross cylindrical head E2J 3.5x16,5357013118-00,5903303792-00,9734771552-00
"self thd screw E2J 3,5x16 cross head cylindrical",5357013118-00,5903303792-00,9734771552-00
cylindrical head screw self thd 3.5x16 E2J cross type,5357013118-00,5903303792-00,9734771552-00
screw self tapping E2J 3.5x9.5 cylindrical cross head,4918161903-00,5203964419-00,1564767009-00
CHCH self threading screw 3.5x9.5 E2J,4918161903-00,5203964419-00,1564767009-00
"cylindrical head screw cross head self thd E2J 3,5x9,5",4918161903-00,5203964419-00,1564767009-00
screw self threading E2J cross head cylindrical 3.9x13,9239540417-00,1499210270-00,7527229457-00
"E2J screw 3,9x13 self thd chch cylindrical head",9239540417-00,1499210270-00,7527229457-00
self tapping screw 3.9x13 E2J crosshead cylindrical,9239540417-00,1499210270-00,7527229457-00
self threading screw E2J 3.9x9.5 cylindrical cross head,3748866368-00,4464470975-00,3485500899-00
"E2J 3,9x9,5 screw self thd cross head cylindrical type",3748866368-00,4464470975-00,3485500899-00
cross head cylindrical screw 3.9x9.5 self threading E2J,3748866368-00,4464470975-00,3485500899-00
screw self threading E2J 4.8x13 cylindrical cross head,7110832630-00,1953221694-00,5766840546-00
"E2J self thd screw 4,8x13 chch cross recessed head",7110832630-00,1953221694-00,5766840546-00
cylindrical head cross slot self thd screw 4.8 x 13 E2J,7110832630-00,1953221694-00,5766840546-00
screw full thread cross head M2x10 4.8 A2K white zinc steel,7167950273-00,4295597107-00,4482660134-00
M2x10 4.8 screw cylindrical head full thread A2K galvanized steel,7167950273-00,4295597107-00,4482660134-00
white galvanized steel screw cross head full thread M2x10 4.8 A2K,7167950273-00,4295597107-00,4482660134-00
screw M3x16 full thread cylindrical head cross slot A2K white galvanized steel 4.8,2936303514-00,3478926866-00,3205324893-00
full threaded M3x16 screw cross head cylindrical white galvanized steel grade 4.8 A2K,2936303514-00,3478926866-00,3205324893-00
M3x16 screw cylindrical head cross recess full thread white galvanised steel 4.8 A2K,2936303514-00,3478926866-00,3205324893-00
hex head screw autofilett A2K 6x20 white galvanized steel,4798702967-00,2551198468-00,8899320851-00
autofilett hexagon head screw 6x20 white galvanized steel A2K,4798702967-00,2551198468-00,8899320851-00
white galvanized steel autofilett screw 6x20 hex head A2K,4798702967-00,2551198468-00,8899320851-00
hex head full thread screw M20x1.5x30 A2K 8.8 white galvanized,7573814967-00,7648626463-00,9226799871-00
A2K full threaded screw M20x1.5x30 hexagon head steel 8.8,7573814967-00,7648626463-00,9226799871-00
white galvanized steel screw M20x1.5x30 hex head full thread grade 8.8,7573814967-00,7648626463-00,9226799871-00
hex head screw M10x100 full thread white galvanized steel A2K 8.8,3500639514-00,6429617186-00,7510513190-00
full threaded hexagon head screw M10 100mm A2K grade 8.8 white galvanised,3500639514-00,6429617186-00,7510513190-00
M10x100 hex screw full thread white galvanized steel class 8.8 A2K,3500639514-00,6429617186-00,7510513190-00
hex head screw full thread M10x120 8.8 white galvanized steel,2393165131-00,1968984769-00,9017640334-00
M10x120 8.8 full threaded hexagon head screw A2K white zinc coating,2393165131-00,1968984769-00,9017640334-00
full thread hex screw M10x120 grade 8.8 white galvanized steel EH A2K,2393165131-00,1968984769-00,9017640334-00
hex head screw full threaded M10x35 A2K 8.8 white galvanized,1657752849-00,1207395784-00,7335286512-00
M10x35 screw white galvanized steel hexagon head full thread grade 8.8,1657752849-00,1207395784-00,7335286512-00
full thread hex screw A2K M10 by 35mm 8.8 white galvanized steel,1657752849-00,1207395784-00,7335286512-00
hex head screw full thread M10x40 8.8 white galvanized steel,3461058488-00,2952661606-00,2028041505-00
m10x40 full threaded hexagon head screw A2K 8.8 grade white galvanized,3461058488-00,2952661606-00,2028041505-00
full thread hex screw A2K M10x40 8.8 white galvanized steel,3461058488-00,2952661606-00,2028041505-00
hex head full thread screw M10x50 8.8 white galvanized steel A2K,1726905199-00,1442542605-00,8835390267-00
full threaded hexagon head screw M10x50 8.8 grade A2K white galvanized,1726905199-00,1442542605-00,8835390267-00
M10x50 full thread screw hex head 8.8 white galvanized steel A2K,1726905199-00,1442542605-00,8835390267-00
hex head full thread white galvanized steel screw M10x55 8.8,6947945444-00,6921602240-00,1463568795-00
M10x55 hexagon head screw full thread A2K 8.8 white galvanized,6947945444-00,6921602240-00,1463568795-00
full threaded hex screw 8.8 grade M10x55 white galvanized steel,6947945444-00,6921602240-00,1463568795-00
hex head screw full thread M10x65 8.8 white galvanized steel,7653911057-00,1373794031-00,7864138034-00
full threaded hex screw M10 x 65 A2K 8.8 white galvanized,7653911057-00,1373794031-00,7864138034-00
M10x65 hexagon head screw full thread steel white galvanized 8.8,7653911057-00,1373794031-00,7864138034-00
hex head screw M10x70 full thread white galvanized 8.8 steel,9144101775-00,7649021906-00,3747273143-00
M10x70 hexagon head screw full thread A2K 8.8 white galvanized,9144101775-00,7649021906-00,3747273143-00
full thread hexagon screw 8.8 grade M10x70 white galvanized steel,9144101775-00,7649021906-00,3747273143-00
hex head screw full thread M10x80 8.8 white galvanized steel,4828582854-00,9520903464-00,8038770021-00
M10x80 8.8 grade full threaded hexagonal head screw A2K,4828582854-00,9520903464-00,8038770021-00
full thread hexagon head screw A2K M10 80mm white galvanized 8.8,4828582854-00,9520903464-00,8038770021-00
hex head screw full thread M10x90 8.8 A2K white galvanized steel,7812106917-00,3414353862-00,2393165131-00
M10x90 screw hex head full thread class 8.8 white galvanized A2K,7812106917-00,3414353862-00,2393165131-00
full threaded hexagon head screw A2K M10 x 90 8.8 white galvanized,7812106917-00,3414353862-00,2393165131-00
full thread hex head screw M12x100 8.8 white galvanized steel A2K,9518123077-00,7648626463-00,4416543723-00
"M12x100 hexagon head screw, full threaded, grade 8.8, white galvanized A2K",9518123077-00,7648626463-00,4416543723-00
white galvanized hex head screw M12x100 full thread steel A2K 8.8,9518123077-00,7648626463-00,4416543723-00
hex head screw full thread M12x120 white galvanized steel A2K 8.8,6367957917-00,5933620471-00,9084731867-00
full threaded hexagon bolt M12x120 A2K class 8.8 white galvanized,6367957917-00,5933620471-00,9084731867-00
A2K M12x120 hex head screw fully threaded 8.8 white galvanized steel,6367957917-00,5933620471-00,9084731867-00
full thread hex head screw M12x130 white galvanized steel A2K 8.8,3760894487-00,9235182267-00,5762240135-00
hexagon head screw full threaded M12 x 130 mm A2K 8.8 white galvanized,3760894487-00,9235182267-00,5762240135-00
A2K M12x130 screw 8.8 grade hex head fully threaded white galvanized,3760894487-00,9235182267-00,5762240135-00
hex head full thread screw A2K M12x16 8.8 white galvanized steel,7754132117-00,4251313627-00,4897352893-00
M12x16 8.8 grade full threaded hexagon head screw A2K white galvanized,7754132117-00,4251313627-00,4897352893-00
white galvanized steel hex head screw full thread M12x16 8.8 A2K,7754132117-00,4251313627-00,4897352893-00
hex head screw full thread M12x45 A2K 8.8 white galvanized steel,2037215776-00,6796505905-00,9471472650-00
full threaded hexagon head screw M12 45mm 8.8 grade A2K white galvanized,2037215776-00,6796505905-00,9471472650-00
M12x45 screw hex head full thread steel A2K 8.8 white galvanized finish,2037215776-00,6796505905-00,9471472650-00
screw hex head full thread white galvanized M12x50 8.8 steel A2K,3506457121-00,4157467111-00,9239540417-00
A2K M12x50 hexagon head screw full threaded 8.8 grade white galvanized,3506457121-00,4157467111-00,9239540417-00
full thread hex head screw M12x50 8.8 A2K white galvanized steel,3506457121-00,4157467111-00,9239540417-00
hex head screw full thread white galvanized steel M12x60 8.8,3972732506-00,1269747985-00,9149032558-00
M12x60 8.8 full thread hexagon head screw A2K white galvanized,3972732506-00,1269747985-00,9149032558-00
A2K M12x60 8.8 screw hex head full threaded white galvanized steel,3972732506-00,1269747985-00,9149032558-00
hex head screw full thread white galvanized steel M12x70 8.8,4330983094-00,1680230506-00,9545805367-00
M12x70 hexagon head screw full thread A2K 8.8 grade,4330983094-00,1680230506-00,9545805367-00
full threaded hex head screw M12 70mm white galvanized steel 8.8,4330983094-00,1680230506-00,9545805367-00
hex head screw full thread M12x80 8.8 white galvanized steel,4229705293-00,9048598660-00,7653911057-00
M12x80 hexagon head full threaded screw A2K 8.8 grade white galvanized,4229705293-00,9048598660-00,7653911057-00
full thread hex head screw M12 x 80 8.8 white galvanised steel A2K,4229705293-00,9048598660-00,7653911057-00
"hex head screw full thread M14x100, white galvanized steel, A2K 8.8 grade",4455341387-00,8107621338-00,3030346654-00
"M14x100 hexagon head full threaded screw, white galvanized, steel A2K 8.8",4455341387-00,8107621338-00,3030346654-00
"full thread hex head screw M14x100 8.8 grade, white galvanized steel, A2K",4455341387-00,8107621338-00,3030346654-00
hex head full thread screw m14x40 8.8 white galvanized steel,4196826985-00,8178727713-00,3628254685-00
M14x40 hexagon head screw A2K full thread 8.8 white galvanized,4196826985-00,8178727713-00,3628254685-00
full thread hex screw steel A2K M14 x 40 8.8 white galvanized,4196826985-00,8178727713-00,3628254685-00
screw hex head full thread M14x50 A2K white galvanized steel 8.8,8080636197-00,6526985464-00,6171464147-00
M14x50 full thread hexagon head screw 8.8 grade white galvanized steel A2K,8080636197-00,6526985464-00,6171464147-00
hex head screw full thread M14x50 8.8 white galvanized steel type A2K,8080636197-00,6526985464-00,6171464147-00
hexagon head screw full thread M14x55 A2K white galvanized steel 8.8,8250221914-00,6780711462-00,1388524047-00
M14x55 hex head screw full threaded white galvanized steel A2K grade 8.8,8250221914-00,6780711462-00,1388524047-00
full thread hex screw 14mmx55mm white galvanized steel 8.8 A2K,8250221914-00,6780711462-00,1388524047-00
hex head screw full thread A2K M14x60 8.8 white galvanized steel,9387064486-00,1796405131-00,4429913408-00
M14x60 hexagon head fully threaded screw 8.8 grade A2K white galvanized,9387064486-00,1796405131-00,4429913408-00
full threaded hex screw M14x60 A2K 8.8 white galvanized steel,9387064486-00,1796405131-00,4429913408-00
hex head screw full thread A2K white galvanized M14x70 8.8,5869386826-00,3621748882-00,7745825410-00
M14x70 full thread hexagon head screw 8.8 grade white galvanized steel A2K,5869386826-00,3621748882-00,7745825410-00
white galvanized steel full threaded hex head screw A2K M14 x 70 8.8,5869386826-00,3621748882-00,7745825410-00
screw hex head full thread white galvanized steel M14x80 8.8 grade,1040011022-00,8115414843-00,5710205158-00
A2K M14x80 8.8 full threaded hexagon head screw galvanized steel,1040011022-00,8115414843-00,5710205158-00
full thread hexagon head screw M14x80 8.8 white galvanized steel A2K,1040011022-00,8115414843-00,5710205158-00
hex head screw full thread M16x120 8.8 white galvanized A2K,3625848499-00,6360710927-00,2280881012-00
M16x120 full threaded hexagon head screw 8.8 grade A2K steel white galvanized,3625848499-00,6360710927-00,2280881012-00
full thread hex head screw A2K M16x120 8.8 white galvanized steel,3625848499-00,6360710927-00,2280881012-00
hex head full thread screw A2K M16x50 8.8 white galvanized steel,5657947616-00,6365943916-00,6349191418-00
M16x50 full thread hexagon head screw grade 8.8 A2K galvanized,5657947616-00,6365943916-00,6349191418-00
white galvanized full thread hex head screw M16x50 8.8 A2K steel,5657947616-00,6365943916-00,6349191418-00
hex head full thread screw M16x60 8.8 white galvanized steel A2K,3755850374-00,7986386415-00,6600100268-00
full thread hexagon screw 8.8 grade M16x60 white galvanized A2K,3755850374-00,7986386415-00,6600100268-00
M16x60 8.8 screw hex head full thread white galvanized steel A2K,3755850374-00,7986386415-00,6600100268-00
full thread hex screw A2K M16x70 8.8 white galvanized steel,2277349670-00,6700770175-00,1079293252-00
hex head screw M16x70 8.8 grade full threaded A2K white zinc coated,2277349670-00,6700770175-00,1079293252-00
M16x70 screw hexagon head fully threaded 8.8 white galvanized A2K steel,2277349670-00,6700770175-00,1079293252-00
hex head screw full thread M16x80 8.8 white galvanized steel A2K,1699684670-00,9515153013-00,6598988196-00
M16x80 hexagon head screw fully threaded stainless steel A2K grade 8.8,1699684670-00,9515153013-00,6598988196-00
white galvanized full thread hex screw 8.8 M16x80 A2K,1699684670-00,9515153013-00,6598988196-00
Hex head screw M16x90 full thread A2K white galvanized steel 8.8,8291938546-00,3346184161-00,8983831494-00
M16x90 8.8 grade full thread hexagon head screw white galvanized A2K,8291938546-00,3346184161-00,8983831494-00
full threaded hex screw M16x90 8.8 A2K white galvanized steel,8291938546-00,3346184161-00,8983831494-00
hex head screw full thread M18x30 white galvanized steel A2K grade 8.8,6546106359-00,4846801812-00,5556266370-00
M18x30 screw hexagon head full threaded 8.8 white galvanized A2K,6546106359-00,4846801812-00,5556266370-00
full thread hex head screw M18x30 8.8 steel white galvanized A2K,6546106359-00,4846801812-00,5556266370-00
full threaded hex head screw M20x1.5x30 white galvanized A2K steel 8.8,7573814967-00,2551198468-00,6692325649-00
"M20x1.5x30 hexagon head screw, full thread, grade 8.8, A2K steel, white galvanized",7573814967-00,2551198468-00,6692325649-00
hex screw full thread 30mm length M20x1.5 white galvanized steel 8.8 A2K,7573814967-00,2551198468-00,6692325649-00
hex head full thread screw M20x1.5x50 8.8 white galvanized steel A2K,3160559768-00,2427940069-00,6478345925-00
M20x1.5x50 hexagon head full threaded screw 8.8 grade A2K white galvanized,3160559768-00,2427940069-00,6478345925-00
full thread screw hex head M20 x 1.5 x 50 8.8 A2K white galvanized steel,3160559768-00,2427940069-00,6478345925-00
hex head screw full thread M20x1.5x80 8.8 white galvanized steel A2K,8531744429-00,1681278189-00,7395059843-00
full threaded hexagon head screw M20 1.5 pitch 80mm length grade 8.8 A2K steel,8531744429-00,1681278189-00,7395059843-00
"white galvanized steel screw hex head full thread M20x1,5x80 8.8 A2K",8531744429-00,1681278189-00,7395059843-00
hex head screw full thread M20x100 A2K 8.8 white galvanized steel,9620732978-00,8073379634-00,9132261912-00
M20x100 hexagon head screw full threaded A2K 8.8 galvanized white,9620732978-00,8073379634-00,9132261912-00
full thread EH screw 8.8 grade A2K M20x100 white galvanized steel,9620732978-00,8073379634-00,9132261912-00
hex head screw full thread a2k white galvanized steel m20x120 8.8,2067159406-00,7755366050-00,3135963696-00
m20x120 8.8 full threaded hexagon head screw a2k white galvanized,2067159406-00,7755366050-00,3135963696-00
screw eh full thread a2k m20x120 8.8 white galvanized steel,2067159406-00,7755366050-00,3135963696-00
hex head full thread screw M20x80 8.8 white galvanized steel A2K,7005019557-00,4365874663-00,8195453239-00
M20x80 8.8 grade full thread hexagon head screw A2K white galvanized,7005019557-00,4365874663-00,8195453239-00
full thread hex head screw M20x80 8.8 A2K white galvanized steel,7005019557-00,4365874663-00,8195453239-00
hex head screw full thread A2K M24x100 8.8 white galvanized steel,6632657918-00,6700770175-00,6916390553-00
M24x100 full threaded EH screw grade 8.8 white galvanized A2K,6632657918-00,6700770175-00,6916390553-00
full thread hexagon head screw M24x100 8.8 galvanized white steel A2K,6632657918-00,6700770175-00,6916390553-00
hex head screw full thread white galvanized steel M24x150 8.8,3933857095-00,8262572173-00,4287317987-00
M24x150 8.8 full thread hexagon head screw A2K white galvanized,3933857095-00,8262572173-00,4287317987-00
full thread hex head screw A2K M24x150 8.8 white galvanized steel,3933857095-00,8262572173-00,4287317987-00
screw hex head full threaded a2k m24x2x100 grade 8.8 white galvanized,9158457183-00,1634454981-00,6940014199-00
m24x2x100 hexagon head full thread screw a2k 8.8 white galvanized steel,9158457183-00,1634454981-00,6940014199-00
white galvanized full thread hex screw m24x2x100 a2k 8.8 steel,9158457183-00,1634454981-00,6940014199-00
full thread hex head screw M24x80 A2K 8.8 white galvanized steel,8533726607-00,1071330167-00,1554805926-00
hexagon head screw 8.8 grade M24x80 full threaded A2K galvanized,8533726607-00,1071330167-00,1554805926-00
M24x80 hex head full thread screw steel 8.8 white galvanized A2K,8533726607-00,1071330167-00,1554805926-00
hex head full thread screw M24x80 A2K 8.8 white galvanized steel,8533726607-00,6963062415-00,6008985204-00
EH full thread screw M24x80 8.8 grade A2K hexagon head white galvanized,8533726607-00,6963062415-00,6008985204-00
white galvanized steel hex head screw M24x80 full thread 8.8 A2K,8533726607-00,6963062415-00,6008985204-00
hex head full thread screw A2K M4x35 8.8 white galvanized,2893936683-00,1725870815-00,7891212922-00
M4x35 hexagon head screw full threaded steel 8.8 white galvanized,2893936683-00,1725870815-00,7891212922-00
full thread screw hex head M4x35 white galvanized steel 8.8 A2K,2893936683-00,1725870815-00,7891212922-00
hex head screw full thread M4x40 steel A2K white galvanized 8.8 grade,4893172831-00,5621744151-00,6752727328-00
M4x40 full threaded screw hexagon head white galvanized steel 8.8,4893172831-00,5621744151-00,6752727328-00
full thread M4x40 hex screw A2K white galvanized steel 8.8 bolt,4893172831-00,5621744151-00,6752727328-00
Hex head screw full thread A2K M4x45 8.8 white galvanized steel,4559775853-00,9557184959-00,3286024653-00
M4x45 full threaded hexagon head screw 8.8 grade white galvanized A2K,4559775853-00,9557184959-00,3286024653-00
white galvanized steel hex screw M4x45 full thread A2K 8.8 grade,4559775853-00,9557184959-00,3286024653-00
hex head screw full thread M4x50 white galvanized steel A2K 8.8,3940763029-00,1225952671-00,9064006634-00
M4x50 full thread hexagon head screw A2K steel 8.8 white galvanized,3940763029-00,1225952671-00,9064006634-00
screw M4x50 hex head full thread A2K white galvanized steel grade 8.8,3940763029-00,1225952671-00,9064006634-00
hex head screw M5x30 full thread white galvanized steel 8.8 grade,3029884494-00,6094533974-00,4918161903-00
full threaded hexagon head screw A2K M5 by 30 white galvanized 8.8,3029884494-00,6094533974-00,4918161903-00
M5x30 screw hex head full thread steel white galvanized A2K 8.8,3029884494-00,6094533974-00,4918161903-00
hex head full thread screw A2K M6x12 8.8 white galvanized,3955556714-00,7782203578-00,9440845021-00
M6x12 hexagon head full threaded screw steel A2K grade 8.8,3955556714-00,7782203578-00,9440845021-00
white galvanized steel hex head screw full thread M6 x 12 8.8 A2K,3955556714-00,7782203578-00,9440845021-00
screw hex head full thread M6x30 8.8 white galvanized a2k,5767660249-00,4480948610-00,6571703109-00
M6x30 8.8 hexagon head screw full thread white galvanized steel,5767660249-00,4480948610-00,6571703109-00
full thread hex screw M6 x 30 8.8 A2K white galvanized steel,5767660249-00,4480948610-00,6571703109-00
hex head screw fully threaded M6x35 white galvanized steel class 8.8,7601063729-00,2001314721-00,2049616791-00
full thread hexagon head screw A2K M6 35mm 8.8 grade white zinc coated,7601063729-00,2001314721-00,2049616791-00
M6x35 hex screw full threaded white galvanized steel EH class 8.8,7601063729-00,2001314721-00,2049616791-00
hex head screw full thread white galvanized steel M6x40 8.8 A2K,9017640334-00,2578136163-00,7692192434-00
M6x40 screw hexagon head full threaded galvanized steel white finish 8.8,9017640334-00,2578136163-00,7692192434-00
A2K M6x40 hex head full thread screw white galvanized steel grade 8.8,9017640334-00,2578136163-00,7692192434-00
hex head screw full thread M6x50 steel white galvanized A2K 8.8,7976283257-00,6973153932-00,4113664615-00
screw M6x50 hexagon head full thread grade 8.8 white galvanized steel A2K,7976283257-00,6973153932-00,4113664615-00
M6x50 full thread hex head screw 8.8 white galvanized steel A2K type,7976283257-00,6973153932-00,4113664615-00
hex head full thread screw a2k M6x55 8.8 white galvanized steel,4287317987-00,7611388564-00,2293806356-00
M6x55 hexagon head screw full threaded 8.8 grade a2k coated white zinc,4287317987-00,7611388564-00,2293806356-00
full thread hex screw M6 x 55 mm 8.8 a2k white galvanised steel,4287317987-00,7611388564-00,2293806356-00
hex head screw full thread white galvanized steel M8x35 grade 8.8,7335286512-00,7792307856-00,2374738313-00
M8x35 full threaded hexagon head screw A2K white galvanized 8.8,7335286512-00,7792307856-00,2374738313-00
screw full thread hexagonal head M8 x 35 8.8 white galvanised steel A2K,7335286512-00,7792307856-00,2374738313-00
hex head screw full thread M8x40 A2K 8.8 white galvanized steel,1673205948-00,3137142682-00,4444787150-00
M8x40 hexagon head screw full threaded 8.8 grade A2K white galvanized,1673205948-00,3137142682-00,4444787150-00
full threaded hex screw M8x40 A2K 8.8 white galvanized steel type,1673205948-00,3137142682-00,4444787150-00
full thread hexagon head screw M8x45 8.8 white galvanized steel A2K,2939293469-00,5120130739-00,9158457183-00
M8x45 hex head screw fully threaded 8.8 grade white galvanized A2K,2939293469-00,5120130739-00,9158457183-00
hex screw M8x45 A2K full thread white galvanized steel 8.8 grade,2939293469-00,5120130739-00,9158457183-00
screw hex head full thread m8x55 white galvanized steel a2k 8.8,8038770021-00,3255745551-00,1796069938-00
M8x55 full thread hexagon head screw A2K 8.8 white galvanized,8038770021-00,3255745551-00,1796069938-00
full thread hex head screw M8x55 a2k steel white galvanized 8.8,8038770021-00,3255745551-00,1796069938-00
hex head screw full thread M8x60 8.8 grade white galvanized steel,2726698148-00,1399047505-00,9801266729-00
M8x60 full threaded hexagon head screw A2K 8.8 white galvanized,2726698148-00,1399047505-00,9801266729-00
full thread hex head screw steel A2K M8 60mm 8.8 white galvanization,2726698148-00,1399047505-00,9801266729-00
hex head full thread screw M8x80 steel A2K 8.8 white galvanized,9539155196-00,2715100092-00,8205155184-00
M8x80 hexagon head full threaded screw A2K grade 8.8 white galvanized,9539155196-00,2715100092-00,8205155184-00
full thread hex screw 8.8 grade M8x80 white galvanized steel A2K,9539155196-00,2715100092-00,8205155184-00
hex head full thread steel screw M10x35 12.9 grade,2262609082-00,3132322870-00,2877514590-00
M10x35 full threaded hexagon head screw steel 12.9,2262609082-00,3132322870-00,2877514590-00
screw M10 x 35 steel hex head full thread 12.9 grade,2262609082-00,3132322870-00,2877514590-00
hex head full thread screw M10x35 steel grade 8.8,4366679025-00,4934808632-00,1895841627-00
M10x35 EH full threaded steel screw 8.8,4366679025-00,4934808632-00,1895841627-00
full thread hexagon head screw size M10x35 8.8 steel,4366679025-00,4934808632-00,1895841627-00
hex head screw plain full thread steel M10x50 grade 12.9,1945547201-00,2579853511-00,6708180027-00
M10x50 full thread hexagon head steel screw 12.9,1945547201-00,2579853511-00,6708180027-00
steel screw M10x50 full threaded hex head 12.9 grade,1945547201-00,2579853511-00,6708180027-00
hex head full thread M10x1.25x70 screw steel 8.8,3227693960-00,8343697990-00,8703862792-00
"M10x1,25x70 hexagon head steel screw full thread 8.8",3227693960-00,8343697990-00,8703862792-00
screw steel hex head fully threaded M10 1.25 pitch 70mm grade 8.8,3227693960-00,8343697990-00,8703862792-00
screw stainless steel hex head partly threaded M10x20-70,1841898958-00,5979277982-00,3562703168-00
hexagon head screw A2 stainless M10 thread partial 20 to 70 mm,1841898958-00,5979277982-00,3562703168-00
M10 x 20-70 hex head screw partly threaded A2 stainless steel,1841898958-00,5979277982-00,3562703168-00
hex head screw stainless steel A2 M10x25 to 70 partial thread,7047336438-00,2835901561-00,6375619999-00
partly threaded hexagon head screw M10 25-70 mm stainless steel A2,7047336438-00,2835901561-00,6375619999-00
M10 A2 stainless steel hex screw partial thread size 25-70 mm,7047336438-00,2835901561-00,6375619999-00
hex head screw M10 stainless steel partly threaded 30-70mm,5846963981-00,8365455653-00,4439471575-00
stainless steel hexagon head screw A2 M10x30 to 70 partially threaded,5846963981-00,8365455653-00,4439471575-00
M10 x 30-70mm partly thd screw hex head A2 stainless steel,5846963981-00,8365455653-00,4439471575-00
screw hex head partly threaded stainless steel M10 x 35 to 70,3986344388-00,4692228309-00,6957993039-00
M10x35-70 A2 stainless hexagon head screw with partial thread,3986344388-00,4692228309-00,6957993039-00
hexagon head screw partly threaded A2 stainless steel M10 35-70mm,3986344388-00,4692228309-00,6957993039-00
hex head partially threaded stainless steel screw M10x40-70 A2,8919094757-00,7103403071-00,1006926039-00
M10x40-70 A2 stainless steel hexagon head screw partly threaded,8919094757-00,7103403071-00,1006926039-00
stainless steel screw hex head part thread size M10 length 40-70 A2,8919094757-00,7103403071-00,1006926039-00
hex head screw stainless steel partly threaded M10x45-70 A2,6769183923-00,7450112541-00,8291938546-00
stainless steel hexagon head screw part threaded M10x45-70 A2,6769183923-00,7450112541-00,8291938546-00
M10x45-70 hex head partly threaded screw A2 stainless steel,6769183923-00,7450112541-00,8291938546-00
stainless steel hex head screw M10 55-70mm partial thread,8413622314-00,1536843318-00,7649956661-00
hexagon head partly threaded screw A2 stainless M10x55-70,8413622314-00,1536843318-00,7649956661-00
M10x55-70 a2 stainless steel screw hex head part thread,8413622314-00,1536843318-00,7649956661-00
hex head screw A2 stainless M10 60-70mm partly threaded,2692784607-00,8018111817-00,6617180054-00
M10x60-70 mm stainless steel hexagon head screw partly thread,2692784607-00,8018111817-00,6617180054-00
stainless steel screw hex head A2 thread M10 60 to 70 mm,2692784607-00,8018111817-00,6617180054-00
hex head stainless steel screw M10 65-70mm partly threaded A2,4430253848-00,8443687500-00,8076724964-00
A2 stainless hexagon head screw M10 length 65 to 70 mm partial thread,4430253848-00,8443687500-00,8076724964-00
screw hex head part thread stainless steel M10 x 65-70mm EH A2,4430253848-00,8443687500-00,8076724964-00
stainless steel hex head screw M10x70 Partly threaded A2 grade,3920625495-00,5696356045-00,3986344388-00
A2 stainless steel M10x70 hexagon head screw partial thread,3920625495-00,5696356045-00,3986344388-00
hex head screw M10x70 70mm length partly threaded stainless steel A2,3920625495-00,5696356045-00,3986344388-00
hex head screw stainless steel partially threaded M10x80-70,4986042147-00,5696356045-00,4554747324-00
M10x80-70 A2 stainless steel hexagon head screw with partial thread,4986042147-00,5696356045-00,4554747324-00
partially threaded hexagon head screw A2 stainless M10 x 80-70,4986042147-00,5696356045-00,4554747324-00
hex head screw M12x110 stainless steel partly threaded A2,5367398985-00,5501065460-00,8037006337-00
stainless steel hexagon head screw M12 x 110 partially threaded A2,5367398985-00,5501065460-00,8037006337-00
A2 screw hexagonal head partly threaded M12x110-70 stainless steel,5367398985-00,5501065460-00,8037006337-00
stainless steel hex head screw M12x35-70 partly threaded,9696569168-00,8576546004-00,9084575467-00
M12 x 35-70 hexagon head screw A2 stainless steel partial thread,9696569168-00,8576546004-00,9084575467-00
hex head A2 steel screw partly threaded M12 35 to 70 mm length,9696569168-00,8576546004-00,9084575467-00
screw hex head partly threaded A2 stainless steel M12 x 60-70,3119784394-00,9503448128-00,4184231864-00
hexagon head screw stainless steel M12 60 to 70 mm partly threaded A2,3119784394-00,9503448128-00,4184231864-00
A2 stainless steel hex head screw M12 thread partial length 60-70mm,3119784394-00,9503448128-00,4184231864-00
hex head screw stainless steel A2 M12x70 partly threaded,9713312546-00,3081287116-00,9543433719-00
stainless steel hexagon head screw M12x70 A2 part thread,9713312546-00,3081287116-00,9543433719-00
A2 stainless screw hex head M12x70-70 partially threaded,9713312546-00,3081287116-00,9543433719-00
hex head screw stainless steel M14 60-70mm partly threaded,6273083255-00,5276410858-00,7165977649-00
partly threaded hexagon head A2 stainless steel screw M14 x 60-70,6273083255-00,5276410858-00,7165977649-00
M14 x 60 to 70 mm stainless steel hex screw with partial thread A2,6273083255-00,5276410858-00,7165977649-00
screw hex head A2 stainless steel M16 x 150-70 partly threaded,9570592597-00,7387154897-00,9734057020-00
A2 stainless steel M16x150-70 hexagon head screw partial thread,9570592597-00,7387154897-00,9734057020-00
hex head screw M16 150-70 mm partly threaded stainless A2 steel,9570592597-00,7387154897-00,9734057020-00
stainless steel hex head screw A2 M16x60-70 partially threaded,7064132121-00,8786168191-00,6192891321-00
hexagon head partly threaded stainless steel screw M16 60-70 mm A2,7064132121-00,8786168191-00,6192891321-00
M16 x 60-70 mm A2 stainless steel screw hex head half thread,7064132121-00,8786168191-00,6192891321-00
hex head screw stainless steel M16 65-70mm partly threaded,3256546005-00,8592912576-00,5590080186-00
stainless steel hexagon head screw M16 x 65 to 70 mm part thread,3256546005-00,8592912576-00,5590080186-00
screw A2 stainless hex head M16 65-70mm partial thread,3256546005-00,8592912576-00,5590080186-00
hex head screw stainless steel A2 M24 x 50-70 partly threaded,8472685349-00,4513423567-00,9419602658-00
A2 stainless steel hexagon head screw M24 50 to 70 mm partial thread,8472685349-00,4513423567-00,9419602658-00
stainless hex screw M24 x 50-70 mm partially threaded A2 material,8472685349-00,4513423567-00,9419602658-00
hex head partially threaded stainless steel screw M4x10-70 A2,9235266034-00,4934808632-00,1593243093-00
stainless steel A2 screw hex head M4x10-70 partly threaded,9235266034-00,4934808632-00,1593243093-00
M4x10-70 partly threaded hexagon head screw A2 stainless steel,9235266034-00,4934808632-00,1593243093-00
hex head screw partly threaded stainless steel M4 50-70 mm,6404187464-00,7078889404-00,7064132121-00
stainless steel screw M4 x 50-70 hexagon head partial thread,6404187464-00,7078889404-00,7064132121-00
M4x50-70 mm hex head screw A2 stainless partly threaded,6404187464-00,7078889404-00,7064132121-00
hex head screw stainless steel M5 x 12-70 partially threaded,7418397259-00,6765111973-00,9620732978-00
stainless steel hexagon head screw M5 12 to 70 mm part thread,7418397259-00,6765111973-00,9620732978-00
M5 x 12-70 partly threaded hex head screw A2 stainless steel,7418397259-00,6765111973-00,9620732978-00
screw hex head stainless steel M6x10-70 partial thread,9788873693-00,1134871499-00,8043948667-00
a2 stainless steel hexagon head screw M6x10-70 partly threaded,9788873693-00,1134871499-00,8043948667-00
hex head screw M6x10-70 A2 metal partly thread stainless steel,9788873693-00,1134871499-00,8043948667-00
stainless steel hex head screw partly threaded M6x12-70 EH,9778571217-00,1143851458-00,4430253848-00
M6x12-70 hexagon head screw A2 stainless partly threaded,9778571217-00,1143851458-00,4430253848-00
screw hex head partly thread A2 stainless steel M6 x 12-70,9778571217-00,1143851458-00,4430253848-00
hex head screw stainless steel M6x16-70 partly threaded,7836028606-00,7954596083-00,6115832919-00
M6x16-70 stainless steel hexagon head screw partial thread,7836028606-00,7954596083-00,6115832919-00
stainless steel screw hexagon head M6x16-70 part thread,7836028606-00,7954596083-00,6115832919-00
hex head screw A2 stainless steel M6x20-70 part thread,3030346654-00,1013994276-00,6413035813-00
M6x20-70 stainless steel hexagon head screw partly threaded A2,3030346654-00,1013994276-00,6413035813-00
screw hex head M6x20-70 A2 stainless steel part thread,3030346654-00,1013994276-00,6413035813-00
hex head screw stainless steel M6 thread partial length 30 to 70 mm,4283635832-00,7217776785-00,2069007815-00
stainless steel M6x30-70 hexagon head screw partly threaded,4283635832-00,7217776785-00,2069007815-00
M6 hex screw A2 stainless steel partly threaded 30-70mm length,4283635832-00,7217776785-00,2069007815-00
hex head screw stainless steel M6 thread partial 40-70mm,6375619999-00,4694010433-00,8501645232-00
partly threaded M6x40-70 hexagon head screw A2 stainless,6375619999-00,4694010433-00,8501645232-00
A2 stainless steel hex screw M6 40 to 70 mm partial thread,6375619999-00,4694010433-00,8501645232-00
hex head screw partly threaded stainless steel M6x50 to 70,9257600323-00,4643465183-00,9877554164-00
M6x50-70 A2 stainless steel screw with hexagon head and partial thread,9257600323-00,4643465183-00,9877554164-00
partly threaded hex screw A2 stainless M6 size 50 to 70 mm length,9257600323-00,4643465183-00,9877554164-00
screw hex head partly threaded A2 stainless steel M8x10-70,4439471575-00,1318185697-00,8687110294-00
M8x10-70 hexagon head screw A2 stainless partial thread,4439471575-00,1318185697-00,8687110294-00
hex head screw A2 stainless steel M8x10-70 partly threaded,4439471575-00,1318185697-00,8687110294-00
screw hex head A2 stainless steel M8x100-70 partly threaded,8983831494-00,6184974473-00,1432523498-00
M8x100-70 hexagon head screw A2 stainless partial thread,8983831494-00,6184974473-00,1432523498-00
hex head screw M8x100-70 stainless steel A2 part thread,8983831494-00,6184974473-00,1432523498-00
hex head screw M8x110 partly threaded stainless steel A2,3332127492-00,2080562227-00,5298209446-00
stainless steel M8x110-70 hexagon head screw with partial thread,3332127492-00,2080562227-00,5298209446-00
A2 stainless steel screw hex head threaded part M8 x 110 length 70,3332127492-00,2080562227-00,5298209446-00
hexagon head screw stainless steel M8x16 partly threaded,8045442358-00,2609079641-00,6192891321-00
A2 stainless M8x16-70 partially threaded hex head screw,8045442358-00,2609079641-00,6192891321-00
screw hex head M8x16 stainless steel partly thread A2,8045442358-00,2609079641-00,6192891321-00
hex head screw stainless steel M8 partially threaded 20-70 mm,6851681215-00,5126431065-00,4586595445-00
stainless steel hexagon head screw A2 M8 x 20 to 70 mm,6851681215-00,5126431065-00,4586595445-00
M8 A2 stainless steel screw hex head partial thread 20-70 length,6851681215-00,5126431065-00,4586595445-00
stainless steel hex head screw M8x25-70 partly threaded,7527229457-00,5431850038-00,8854288795-00
hexagon head screw A2 stainless M8 thread length 25 to 70 mm,7527229457-00,5431850038-00,8854288795-00
M8x25-70 hex screw partially threaded A2 stainless steel part,7527229457-00,5431850038-00,8854288795-00
hex head screw A2 stainless M8 thread partial 30 to 70 mm length,8558678354-00,7774599888-00,5766840546-00
partly threaded hexagon head stainless steel screw M8 size 30-70mm,8558678354-00,7774599888-00,5766840546-00
M8x30-70 hex screw stainless steel A2 partly threaded hex head,8558678354-00,7774599888-00,5766840546-00
hex head screw A2 stainless steel M8 x 35-70 partly threaded,2280881012-00,2928794343-00,3739454668-00
stainless steel hexagon head screw M8 35 to 70 mm partial thread A2,2280881012-00,2928794343-00,3739454668-00
M8x35-70 partly threaded hex head screw stainless A2 material,2280881012-00,2928794343-00,3739454668-00
stainless steel hex head screw M8 with partial thread 40 to 70 mm length,6148464742-00,9275195001-00,8983831494-00
M8x40-70 partly threaded hexagon head stainless steel screw,6148464742-00,9275195001-00,8983831494-00
hex head screw A2 stainless steel M8 size 40-70 mm partial thread,6148464742-00,9275195001-00,8983831494-00
stainless steel hex head screw M8 thread partial length 45-70mm,3286024653-00,7560065898-00,6822152452-00
M8x45 to 70 hexagon head screw partly threaded A2 stainless,3286024653-00,7560065898-00,6822152452-00
hex head partly threaded screw A2 stainless steel M8 45-70 mm,3286024653-00,7560065898-00,6822152452-00
hex head screw stainless steel A2 M8 55-70 partially threaded,8186909629-00,2835901561-00,4897352893-00
stainless steel M8 screw hexagon partly thread A2 55-70,8186909629-00,2835901561-00,4897352893-00
M8x55-70 hexagon head screw A2 stainless partial thread,8186909629-00,2835901561-00,4897352893-00
hex head screw a2 stainless steel m8 60-70mm partly threaded,9378016972-00,8631876834-00,6443597983-00
stainless steel hex screw M8x60-70 EH partly threaded,9378016972-00,8631876834-00,6443597983-00
partly threaded hexagon head screw A2 stainless M8 60 to 70 mm,9378016972-00,8631876834-00,6443597983-00
stainless steel hex head screw M8 x 90 partially threaded A2,4000811310-00,1278211702-00,8140663775-00
hexagon head screw partly threaded A2 stainless steel M8x90-70,4000811310-00,1278211702-00,8140663775-00
M8x90 stainless steel hex head screw partly thread A2 grade,4000811310-00,1278211702-00,8140663775-00
hex head screw M10x100 8.8 white galvanized partly threaded steel,1507127156-00,3208232197-00,2013038763-00
screw hexagon partly threaded A2K M10x100 grade 8.8 white galvanized,1507127156-00,3208232197-00,2013038763-00
M10x100 hex head screw 8.8 class white galvanized steel partial thread,1507127156-00,3208232197-00,2013038763-00
m10x110 8.8 galvanized hex head screw eh,6560524468-00,7714999073-00,3135963696-00
white galvanized M10 110mm partly threaded A2K screw,6560524468-00,7714999073-00,3135963696-00
8.8 steel hexagon screw M10x110mm EH A2K PART THD,6560524468-00,7714999073-00,3135963696-00
a2k screw m10x120 8.8 white galvanized part thd,3363589240-00,1255737259-00,8126165786-00
hex head screw m10 x 120 8.8 steel eh partly thread,3363589240-00,1255737259-00,8126165786-00
m10x120-8.8 screw galvanized steel eh/a2k hex head thd part,3363589240-00,1255737259-00,8126165786-00
M10x130 8.8 galvanized hex head screw,9961931002-00,6253052120-00,3506457121-00
Part thread A2K M10 / 130 EH screw 8.8,9961931002-00,6253052120-00,3506457121-00
White galv steel screw m10x130 8.8 hex head A2K,9961931002-00,6253052120-00,3506457121-00
m10x140-8.8 galvanized eh screw,1390495645-00,2165953442-00,3950194926-00
hex head partly threaded screw M10x140 A2K 8.8,1390495645-00,2165953442-00,3950194926-00
white galvanized steel screw eh M10 x 140 8.8 hex head,1390495645-00,2165953442-00,3950194926-00
m10x150 a2k screw 8.8 white galvanized steel partly threaded,7283136748-00,3929231998-00,3748347140-00
hex head screw m10x150-8.8 part thread eh galvanized,7283136748-00,3929231998-00,3748347140-00
thd m10x150 8.8 white galvanized a2k screw hexagon head partly thread,7283136748-00,3929231998-00,3748347140-00
m10x16 8.8 galvanized steel hex head screw,2537516574-00,2533557946-00,8037006337-00
a2k thd part M10x16 screw hexagon head 8.8 white galv steel,2537516574-00,2533557946-00,8037006337-00
eh screw m10x16 8.8 partly threaded hex galvanized steel a2k,2537516574-00,2533557946-00,8037006337-00
M10x160 8.8 A2K hex head partly threaded screw,2407885247-00,3081287116-00,2203707952-00
White galvanized steel screw EH M10x160-8.8 thd,2407885247-00,3081287116-00,2203707952-00
A2K part thread hexagon head screw m10 x 160 8.8,2407885247-00,3081287116-00,2203707952-00
M10x20 white galv eh screw a2k 8.8 thd,9890504923-00,4078903042-00,8045442358-00
hex head screw m10 x 20mm 8.8 steel galvanized a2k thd,9890504923-00,4078903042-00,8045442358-00
Eh A2K galvanized hexagon head screw M10x20-8.8 thd/part thd,9890504923-00,4078903042-00,8045442358-00
M10x25 8.8 A2K hex head screw partly threaded,7891212922-00,8244490406-00,4632171824-00
galvanized steel hexagon head M10 x 25mm screw A2K 8.8,7891212922-00,8244490406-00,4632171824-00
White galv screw M10x25-8.8 THD part EH A2K screw,7891212922-00,8244490406-00,4632171824-00
M10 x 30 A2K 8.8 galvanized hex head screw,8201399184-00,6470312653-00,2893936683-00
THD A2K screw M10-8.8 30mm white galv hex head,8201399184-00,6470312653-00,2893936683-00
Hexagon head M10x30-8.8 screw white galvanized steel A2K part thd,8201399184-00,6470312653-00,2893936683-00
m10x35 screw a2k thd 8.8 hex head white galvanized,6279585112-00,4114944577-00,6603980774-00
galvanized steel 8.8 M10x35 eh screw white / partly threaded,6279585112-00,4114944577-00,6603980774-00
A2K M10x35 8.8 hexagon head screw part thread,6279585112-00,4114944577-00,6603980774-00
a2k screw eh m10x40 8.8 galvanized steel,9259659927-00,1318185697-00,5960557195-00
hex head screw m10x40 8.8 thd partly threaded white galv steel,9259659927-00,1318185697-00,5960557195-00
m10x40-8.8 hexagon head screw a2k partly thread eh steel galvanized,9259659927-00,1318185697-00,5960557195-00
a2k m10x45 screw 8.8 thd partly thread hex,6610415924-00,1505569972-00,9257600323-00
eh m10x45 8.8 galvanized white steel screw hex head,6610415924-00,1505569972-00,9257600323-00
hex head screw m10x45-8.8 thd a2k wht galv stl part thread,6610415924-00,1505569972-00,9257600323-00
m10x50 8.8 hex head white galvanized screw a2k,3628521450-00,8059232524-00,8300606513-00
eh screw m10 x 50mm 8.8 galvanized steel thd,3628521450-00,8059232524-00,8300606513-00
steel hex screw m10-8.8 A2K 50mm partly threaded,3628521450-00,8059232524-00,8300606513-00
M10x55 screw 8.8 hex head galv steel,9424776550-00,5836842495-00,8380686623-00
hex socket head screw a2k m10x55 8.8 white zinc,9424776550-00,5836842495-00,8380686623-00
thd m10 x 55 8.8 galvanized hex head screw eh,9424776550-00,5836842495-00,8380686623-00
M10x60 8.8 a2k screw partly threaded white galvanized,5858467301-00,9051475783-00,6944966855-00
hex head screw m10 x 60mm 8.8 thd galvanized a2k,5858467301-00,9051475783-00,6944966855-00
White galvan A2K M10x60 8.8 hexagon head screw THD,5858467301-00,9051475783-00,6944966855-00
M10x65 a2k screw 8.8 eh galvanized,8380686623-00,8576546004-00,8694059428-00
hex head screw M10x65 8.8 white galvanized / thd A2K,8380686623-00,8576546004-00,8694059428-00
A2K M10 x 65 8.8 galvanized steel hex screw,8380686623-00,8576546004-00,8694059428-00
m10x70 8.8 galv screw hex head A2K thd,2891067891-00,3211385349-00,3901147993-00
white galvanized M10x70 8.8 hexagon screw eh part thd,2891067891-00,3211385349-00,3901147993-00
a2k M10x70-8.8 screw hex head partly threaded galvanized steel,2891067891-00,3211385349-00,3901147993-00
Hex head screw M10x75-8.8 partly threaded A2K,2495255911-00,7053519753-00,8713494800-00
screw hexagon head THD A2K M10x75 8.8 white galsct,2495255911-00,7053519753-00,8713494800-00
M10x75-8.8 screw EH PART THD A2K hex head galv steel,2495255911-00,7053519753-00,8713494800-00
m10x80 8.8 eh screw galvanized a2k,3018333822-00,5178196899-00,1644223822-00
hex head screw m10x80-8.8 white galvanized / a2k thd,3018333822-00,5178196899-00,1644223822-00
steel screw partly threaded m10x80 8.8 eh a2k hex head,3018333822-00,5178196899-00,1644223822-00
m10x90 8.8 white galvanized steel screw eh,6750692513-00,7225268837-00,1398953358-00
A2K screw M10x90-8.8 hex head partly threaded,6750692513-00,7225268837-00,1398953358-00
8.8 galvanized steel m10x90 hex head screw a2k thd,6750692513-00,7225268837-00,1398953358-00
M12 1.25 x 35 galvanized screw / 8.8 grade A2K THD,6120344016-00,3208232197-00,5819943066-00
A2K 8.8 White M12 x 1.25 x 35 EH screw,6120344016-00,3208232197-00,5819943066-00
Hexagon head M12x1.25x35 screw galvanized steel / THD partly thread 8.8,6120344016-00,3208232197-00,5819943066-00
hex head screw M12x100 8.8 a2k galvanized white,3348164823-00,3286166145-00,8703862792-00
Partly threaded M12 x 100mm A2K screw white galvanized,3348164823-00,3286166145-00,8703862792-00
A2K M12x100 screw 8.8 white galv/thd hex head,3348164823-00,3286166145-00,8703862792-00
M12 x 110 hex head part thread A2K 8.8 / white galvanized,6944966855-00,7391952106-00,3797912024-00
eh part screw a2k m12x110 8.8 galvanized steel,6944966855-00,7391952106-00,3797912024-00
White Galv M12 x 110 - 8.8 screw partly thread hex head eh part,6944966855-00,7391952106-00,3797912024-00
m12x120 8.8 a2k screw partly threaded galvanized,4249580146-00,7882473440-00,1409980522-00
hex head A2K screw M12x120 white galvanized steel 8.8,4249580146-00,7882473440-00,1409980522-00
galvanized steel screw m12x120 8.8 eh hex head a2k thd,4249580146-00,7882473440-00,1409980522-00
m12x130 screw a2k thd 8.8 partly thread white galvanized,8971643306-00,6814405720-00,7228742265-00
hex head screw 8.8 M12x130 A2K / partly threaded,8971643306-00,6814405720-00,7228742265-00
galvanized steel screw M12 x 130-8.8 EH part thread,8971643306-00,6814405720-00,7228742265-00
hex head screw m12x140 a2k partly threaded 8.8 galvanized,6957993039-00,6877469816-00,5259714115-00
M12 x 140 8.8 white galvanized steel eh screw part thd a2k,6957993039-00,6877469816-00,5259714115-00
screw eh m12x140-8.8 partly thread a2k hexagon head white galvanized steel,6957993039-00,6877469816-00,5259714115-00
M12x180-8.8 A2K EH screw White galvanized,2139735163-00,6244523251-00,8713716659-00
Hex Head screw M12x180-8.8 partly threaded A2K,2139735163-00,6244523251-00,8713716659-00
A2K M12x180-8.8 galvanized steel screw hex head EH,2139735163-00,6244523251-00,8713716659-00
hex head screw m12 x 20 a2k thd partly threaded 8.8,7302875617-00,3337876451-00,6087737330-00
M12x20 8.8 Galvanized Steel Part Thread A2K Screw Hex Head,7302875617-00,3337876451-00,6087737330-00
Eh screw m12x20-8.8 steel white galvanized a2k partly threaded hex head,7302875617-00,3337876451-00,6087737330-00
m12x25 8.8 galvanized eh part thd screw,1537895535-00,3280639713-00,8413622314-00
a2k 8.8 white galvanized steel hex head screw m12x25,1537895535-00,3280639713-00,8413622314-00
partly threaded hexagon head screw m12 x 25 8.8 eh / a2k,1537895535-00,3280639713-00,8413622314-00
m12x30 8.8 galvanized eh screw a2k thd,2049324918-00,3397376704-00,8983831494-00
Hex Head screw M12x30 Partly threaded 8.8 White steel A2K,2049324918-00,3397376704-00,8983831494-00
A2K THD M12x30 screw 8.8 hex head white galv steel,2049324918-00,3397376704-00,8983831494-00
hex head screw M12x35 A2K 8.8 white galvanized steel,2462869810-00,4321444789-00,8080092186-00
M12 8.8 screw eh/thd a2k part. 35mm length galvanized,2462869810-00,4321444789-00,8080092186-00
White galvanized steel screw partly thread M12x35 A2K hex head 8.8,2462869810-00,4321444789-00,8080092186-00
m12x40 A2K 8.8 hex head galv screw,5930875688-00,3379105488-00,2390881236-00
white galvanized M12x40-8.8 screw A2K THD partly threaded,5930875688-00,3379105488-00,2390881236-00
8.8 M12x40 hexagon head screw eh white galvanized / A2K thd part,5930875688-00,3379105488-00,2390881236-00
M12x45 8.8 Hex Screw partly threaded A2K,7878248452-00,7734476041-00,7023956011-00
THD Screw M12 x 45 A2K 8.8 white galvanized,7878248452-00,7734476041-00,7023956011-00
EH Screw M12x45-8.8 Partly Thread White Galvanized Steel Hex Head,7878248452-00,7734476041-00,7023956011-00
m12x50 8.8 galvanized screw a2k thd eh part,7563728627-00,2916818412-00,5731319278-00
hex head screw 8.8 m12x50 white galv eh,7563728627-00,2916818412-00,5731319278-00
8.8 m12x50 partly thread screw hex head a2k thd,7563728627-00,2916818412-00,5731319278-00
M12 x 55 screw 8.8 A2K thd / white galvanized,1962744634-00,4692228309-00,9540700976-00
hex head screw M12x55 8.8 white zinc EH thd A2K,1962744634-00,4692228309-00,9540700976-00
A2K M12-8.8 x 55 EH screw partly thread white galvanised steel,1962744634-00,4692228309-00,9540700976-00
m12x60 screw partly thread A2K thd 8.8 white galvanized,7115681597-00,4593310304-00,3348164823-00
hex head screw M12x60 8.8 WH PART A2K thd,7115681597-00,4593310304-00,3348164823-00
A2K M12x60-8.8 screw hexagon head white galvanized steel thd,7115681597-00,4593310304-00,3348164823-00
m12x65 screw a2k thd 8.8 white galvanized,8195453239-00,6515509664-00,7669229686-00
Hexagon head screw M12 x 65 partly threaded 8.8,8195453239-00,6515509664-00,7669229686-00
A2K M12 65 8.8 galvanized steel screw hex head thd,8195453239-00,6515509664-00,7669229686-00
m12x70 8.8 eh galvanized thd a2k screw,9230008126-00,4480948610-00,4229705293-00
8.8 M12x70 hex head partly threaded white galv steel,9230008126-00,4480948610-00,4229705293-00
a2k m12x70 8.8 galvanized steel hexagon head screw,9230008126-00,4480948610-00,4229705293-00
M12x80 8.8 WH galv partly threaded hex screw A2K,8088390816-00,3454525239-00,8807682391-00
hex head screw m12x80 8.8 white galv a2k thd eh,8088390816-00,3454525239-00,8807682391-00
steel hex screw part thd M12x80-8.8 A2K galvanized,8088390816-00,3454525239-00,8807682391-00
M12x90 8.8 galv screw / hex head A2K partly threaded,6483761246-00,6271104408-00,2013038763-00
EH screw M12x90 8.8 A2K / hex head white galvanized,6483761246-00,6271104408-00,2013038763-00
white galvanized steel screw m12 x 90 8.8 hexagon partly thd A2K,6483761246-00,6271104408-00,2013038763-00
M14x1.5x35 8.8 hex head screw a2k thd galvanized,6834070862-00,1558823437-00,7496615874-00
White galv steel eh screw M14x1.5x35 8.8 partly threaded,6834070862-00,1558823437-00,7496615874-00
8.8 galvanized steel screw m14x1.5x35 thd a2k hex head part. thread,6834070862-00,1558823437-00,7496615874-00
m14x100 8.8 galvanized white steel screw eh a2k thd,8835390267-00,4163122733-00,6129590427-00
hex head screw 8.8 m14x100 partly threaded WHITE GALVANIZED,8835390267-00,4163122733-00,6129590427-00
A2K M14 x 100 screw 8.8 steel galvanized white eh thd hex head,8835390267-00,4163122733-00,6129590427-00
m14x130 screw a2k partly threaded 8.8 galvanized,9541305032-00,1461569135-00,2495255911-00
white galv steel hex head screw M14 x 130mm 8.8 EH,9541305032-00,1461569135-00,2495255911-00
a2k thread M14 130 8.8 galvanized hexagon head screw,9541305032-00,1461569135-00,2495255911-00
M14x160 screw a2k thd 8.8 hex head white galvanized,6958437317-00,5836842495-00,5190129351-00
hexagon head screw m14x160 8.8 partly threaded galvanized eh,6958437317-00,5836842495-00,5190129351-00
white galvanized steel screw M14x160-8.8 partly thd eh/hex head,6958437317-00,5836842495-00,5190129351-00
hex head screw a2k m14x30 8.8 white galvanized,2096233051-00,4370679081-00,7197948058-00
m14x30-8.8 partly thread hexagon screw / white galv steel,2096233051-00,4370679081-00,7197948058-00
a2k screw m14x30 8.8 hex head white galvanized steel thd,2096233051-00,4370679081-00,7197948058-00
M14x35 8.8 Galv EH Screw / A2K White steel,4482660134-00,5979277982-00,9259659927-00
Hex head partly threaded screw M14-8.8 x 35 A2K,4482660134-00,5979277982-00,9259659927-00
White galv steel 8.8 screw M14 x 35 mm A2K hex head,4482660134-00,5979277982-00,9259659927-00
hex head screw m14x40 a2k 8.8 white galv,1463568795-00,1953221694-00,5333106852-00
M14x40 8.8 A2K screw hex head partly threaded white galvanized steel,1463568795-00,1953221694-00,5333106852-00
a2k screw galvanized steel m14x40 8.8 hexagon head partial thread,1463568795-00,1953221694-00,5333106852-00
galvanized steel screw m14x45 8.8 eh a2k part thd,4074921857-00,2656138952-00,5358690547-00
M14x45 A2K 8.8 Hex screw part thread / white zinc,4074921857-00,2656138952-00,5358690547-00
partially threaded hex head screw m14x45-8.8 white galv A2K EH,4074921857-00,2656138952-00,5358690547-00
m14x50 8.8 White galvanized steel hex head screw,8028447605-00,6298201523-00,4050287682-00
a2k thd screw M14 x 50-Hex Head-8.8 galvanized,8028447605-00,6298201523-00,4050287682-00
eh screw M14-50 8.8 white galv steel partly threaded,8028447605-00,6298201523-00,4050287682-00
m14x60 8.8 hex screw a2k thd white galvanized,5719460806-00,5046793048-00,2726698148-00
galvanized steel screw M14 x 60-8.8 eh partly threaded,5719460806-00,5046793048-00,2726698148-00
8.8 M14x60 screw hex head A2K partly thd,5719460806-00,5046793048-00,2726698148-00
Hexagon head screw M14x70-8.8 A2K partly threaded,4848148118-00,6980772817-00,6115832919-00
EH PART SCREW THD 8.8 M14X70 white galvanized steel,4848148118-00,6980772817-00,6115832919-00
Hex Screw A2K M14x70-8.8 PART THD  EH galvanized,4848148118-00,6980772817-00,6115832919-00
Hex head screw M14x80-8.8 A2K partly threaded,6358349105-00,8222495190-00,3256546005-00
EH PART SCREW THD M14x80 8.8 hex head white galv,6358349105-00,8222495190-00,3256546005-00
M14x80-8.8 Screw hexagon head A2K PART THD 8.8,6358349105-00,8222495190-00,3256546005-00
Hex Head Screw M14x90-8.8 A2K THD EH PART,9676503496-00,2080562227-00,6546106359-00
M14x90-8.8 screw hex head 8.8 galvanized,9676503496-00,2080562227-00,6546106359-00
partly threaded screw EH PART M14x90 A2K 8.8,9676503496-00,2080562227-00,6546106359-00
Hex head screw M16x1.5x30 8.8 partly thread A2K,1556034266-00,2796016373-00,1130811379-00
screw hexagon head M16 30mm length 8.8 part THD A2K,1556034266-00,2796016373-00,1130811379-00
"partly threaded screw M16x1,5x30-8.8 hex head white galv EH PART THD A2K",1556034266-00,2796016373-00,1130811379-00
Hexagon head screw M16x1.5x50 8.8 partly threaded A2K,8073584362-00,8696414262-00,9132261912-00
"EH PART SCREW THD A2K-M16x1,5x50 8.8 hex head white galv",8073584362-00,8696414262-00,9132261912-00
M16x1.5x50 8.8 screw hex head EH PART THD A2K partly threaded,8073584362-00,8696414262-00,9132261912-00
Hex head screw M16x100-8.8 partly threaded A2K,8767108517-00,5958696916-00,8317446155-00
screw hexagon head M16x100 8.8 THD A2K white galv,8767108517-00,5958696916-00,8317446155-00
M16x100-8.8 hex screw A2K PART THD galvanized,8767108517-00,5958696916-00,8317446155-00
Hexagon head screw M16x110-8.8 A2K THD partly thread,5352015213-00,2269643128-00,6575833974-00
screw hex head EH PART M16x110 8.8 THD A2K white galv,5352015213-00,2269643128-00,6575833974-00
M16x110-8.8 screw hexagonal head PART THD A2K white galvanized,5352015213-00,2269643128-00,6575833974-00
Hexagon head screw M16x120-8.8 partly threaded A2K,6193108154-00,9844671434-00,9346361961-00
M16x120 8.8 screw hex head EH PART THD white galvanized,6193108154-00,9844671434-00,9346361961-00
Partly Threaded Screw M16x120-8.8 Hex Head A2K Galvanized,6193108154-00,9844671434-00,9346361961-00
Hex head screw M16x130-8.8 partly threaded A2K,9214170501-00,1388223722-00,8205155184-00
screw hexagon head M16x130 8.8 THD A2K white galv,9214170501-00,1388223722-00,8205155184-00
EH PART SCREW hex head M16x130-8.8 THD A2K galvanized,9214170501-00,1388223722-00,8205155184-00
Hex head screw M16x140 8.8 partly threaded A2K,9473357490-00,8635651210-00,1783879014-00
EH screw PART THD 16x140 8.8 hex head white galvanized,9473357490-00,8635651210-00,1783879014-00
M16x140-8.8 screw hex head A2K partly threaded steel,9473357490-00,8635651210-00,1783879014-00
Hexagon head screw M16x150-8.8 partly threaded A2K,1033519698-00,7123932343-00,7510513190-00
EH PART SCREW THD 8.8 white galvanized M16x150,1033519698-00,7123932343-00,7510513190-00
screw hex head M16x150-8.8 THD A2K partly threaded,1033519698-00,7123932343-00,7510513190-00
Hex head screw M16x25-8.8 partly threaded A2K,9241749184-00,8605355283-00,5678708526-00
EH PART SCREW THD 8.8 M16X25 white galvanized steel,9241749184-00,8605355283-00,5678708526-00
Hexagon head screw M16 x 25 - 8.8 A2K partly threaded,9241749184-00,8605355283-00,5678708526-00
Hexagon Head Screw M16x30 8.8 A2K THD EH PART,7518381135-00,7895769519-00,9570592597-00
M16x30-8.8 screw hex head partly threaded A2K,7518381135-00,7895769519-00,9570592597-00
EH PART screw hex M16 x 30 - 8.8 THD A2K white gALVANIZED,7518381135-00,7895769519-00,9570592597-00
Hex Head Screw Part Thread M16x35-8.8 A2K Zinc,3747273143-00,1871542232-00,4050287682-00
partly threaded screw hex head M16x35 8.8 A2K white,3747273143-00,1871542232-00,4050287682-00
M16x35-8.8 screw hex hexagonal head EH A2K ZnPartThrd,3747273143-00,1871542232-00,4050287682-00
Hexagon head screw M16x40 8.8 partly threaded A2K,1596340372-00,8302887250-00,5011131774-00
EH PART SCREW THD 8.8-M16X40 white galvanized steel,1596340372-00,8302887250-00,5011131774-00
screw hex M16 x 40-8.8 THD partly A2K galvanized,1596340372-00,8302887250-00,5011131774-00
Hex head screw M16x45-8.8 partly threaded A2K,6312418668-00,4465044592-00,5098478150-00
EH PART SCREW THD 8.8 M16X45 white galvanized steel,6312418668-00,4465044592-00,5098478150-00
Hexagon head screw A2K M16x45-8.8 PART THD galvanized,6312418668-00,4465044592-00,5098478150-00
Hex head screw M16x50-8.8 partly threaded A2K,2655491862-00,9515153013-00,5348129455-00
EH PART SCREW THD 8.8 M16X50 galvanized,2655491862-00,9515153013-00,5348129455-00
Hexagon head screw white galv A2K M16x50-8.8 Part THD,2655491862-00,9515153013-00,5348129455-00
Hex head screw M16x60-8.8 A2K partly threaded,2024351750-00,5214347101-00,9471472650-00
screw hexagon head THD A2K M16x60 8.8 white galv,2024351750-00,5214347101-00,9471472650-00
Partly Threaded Screw EH M16x60-8.8 Hex Head steel,2024351750-00,5214347101-00,9471472650-00
Hexagon head screw M16x70-8.8 partly threaded A2K,1543538935-00,1868052648-00,6912749729-00
Screw hex head EH PART THD 8.8 white galvanized steel M16x70,1543538935-00,1868052648-00,6912749729-00
M16x70-8.8 Hex Screw Partly Threaded A2K White Galv,1543538935-00,1868052648-00,6912749729-00
M16x80-8.8 hex head screw A2K partly threaded,1398953358-00,6488079350-00,3763476385-00
white galvanized steel screw EH M16x80 8.8 hex head,1398953358-00,6488079350-00,3763476385-00
Hexagon Head Screw THD A2K M16x80-8.8 partly threaded white galv,1398953358-00,6488079350-00,3763476385-00
M16x90-8.8 hex head screw partly threaded A2K,8277383510-00,6397878439-00,1046650199-00
White galv screw EH M16x90 8.8 partly thread,8277383510-00,6397878439-00,1046650199-00
Hex head screw M16x90-8.8 THD A2K EH white galv,8277383510-00,6397878439-00,1046650199-00
Hexagon head screw M20x100 8.8 partly threaded EHPART A2K,6478964688-00,8498516301-00,4444787150-00
M20x100-8.8 screw hex head white galv EH PART THD A2K,6478964688-00,8498516301-00,4444787150-00
Partly threaded screw hexagon head M20 x 100 8.8 A2K EH PART,6478964688-00,8498516301-00,4444787150-00
Hex Head Screw M20x120 8.8 A2K partly threaded,3055785881-00,1464206595-00,7219825620-00
EH PART SCREW THD M20x120-8.8 hex head white galvanized,3055785881-00,1464206595-00,7219825620-00
M20x120 8.8 screw hexagonal head partly threaded A2K,3055785881-00,1464206595-00,7219825620-00
Hex head screw M20x150 8.8 partly threaded A2K,9625341535-00,4385962679-00,7210136390-00
M20 x150-8.8 screw hex head EH PART THD A2K,9625341535-00,4385962679-00,7210136390-00
partly threaded screw M20 150mm 8.8 hex head white galv,9625341535-00,4385962679-00,7210136390-00
Hex Head Screw M20x180 8.8 partly threaded A2K,9734771552-00,7053519753-00,2939293469-00
screw hexagon head M20x180-8.8 THD EH PART white galv,9734771552-00,7053519753-00,2939293469-00
M20 x 180 screw 8.8 hex head A2K partially threaded,9734771552-00,7053519753-00,2939293469-00
Hexagon head screw M20x40 8.8 partly threaded EH PART THD A2K,2808138723-00,1376399055-00,2877514590-00
M20x40-8.8 screw hex head EH PART THD A2K white galvanized,2808138723-00,1376399055-00,2877514590-00
Partly threaded screw EH PART THD A2K M20x40 8.8 hexagon head galvanized,2808138723-00,1376399055-00,2877514590-00
Hexagon head screw M20x50 8.8 partly threaded EH PART THD A2K,2973017365-00,5544830891-00,4632171824-00
M20x50-8.8 screw hex head white galvanized steel partly thread EH PART THD A2K,2973017365-00,5544830891-00,4632171824-00
partly threaded screw EH PART hexagon head M20x50 8.8 THD A2K white galv,2973017365-00,5544830891-00,4632171824-00
Hex head screw M20x55-8.8 partly threaded A2K,8713494800-00,4114944577-00,9060437798-00
m20x55-8.8 screw hex head THD A2K white galv,8713494800-00,4114944577-00,9060437798-00
partly thd screw hexagon head M20 x 55 8.8 steel,8713494800-00,4114944577-00,9060437798-00
Hex head screw M20x60-8.8 partly threaded ZNWH A2K,5358690547-00,3653142136-00,6822152452-00
M20x60 8.8 ZN WH hex screw part thread,5358690547-00,3653142136-00,6822152452-00
Partly threaded hex screw A2K M20x60-8.8 ZNWH,5358690547-00,3653142136-00,6822152452-00
Hex Head Screw M20x65-8.8 A2K THD Partly,1977603061-00,7079399658-00,9387064486-00
M20x65 8.8 screw hex head white galvanized EH,1977603061-00,7079399658-00,9387064486-00
partly threaded screw M20x65-8.8 hex head A2K THD,1977603061-00,7079399658-00,9387064486-00
Hex head screw M20x70-8.8 partly threaded A2K,2114186304-00,1978099364-00,3562703168-00
M20x70 8.8 screw hex head white galvanized EH PART THD,2114186304-00,1978099364-00,3562703168-00
Partly Threaded Screw M20x70-8.8 Hex Head A2K galvanized,2114186304-00,1978099364-00,3562703168-00
Hex head screw M20x80-8.8 A2K partly threaded,6008985204-00,1484422168-00,7821257699-00
screw hexagon head M20x80 8.8 white galvanized steel THD A2K,6008985204-00,1484422168-00,7821257699-00
Partly Threaded Screw EH M20x80-8.8 Hex Head white galv,6008985204-00,1484422168-00,7821257699-00
Hex head screw M20x90-8.8 partially threaded A2K,2069007815-00,7659070552-00,7518381135-00
M20x90-8.8 screw hex head EH PART THD A2K White galv,2069007815-00,7659070552-00,7518381135-00
Partly threaded screw hex M20x90 8.8 A2K galvanized,2069007815-00,7659070552-00,7518381135-00
Hexagon Head Screw M22x120-8.8 A2K THD 8.8 Zinc Plated Steel,3150894744-00,1318185697-00,6600100268-00
EH PART SCREW hex head M22x120 8.8 galv/ White A2K,3150894744-00,1318185697-00,6600100268-00
Partly THD screw hexagonal 22x120mm 8.8 SCREW A2K ZincPl,3150894744-00,1318185697-00,6600100268-00
Hexagon Head Screw M22x140 8.8 EH PART THD A2K,9393372856-00,3301113478-00,6261514671-00
white galvanized EH PART THD A2K M22x140-8.8 screw,9393372856-00,3301113478-00,6261514671-00
partly thread 8.8 hex Head M22x140 Screw A2K,9393372856-00,3301113478-00,6261514671-00
Hex head screw M22x150 8.8 partly threaded EH A2K,8779120401-00,1329191849-00,6571283283-00
M22x150-8.8 screw hex head white galvanized steel partly thd EH A2K,8779120401-00,1329191849-00,6571283283-00
Partly threaded screw EH PART THD A2K hex head M22x150 8.8 galv steel,8779120401-00,1329191849-00,6571283283-00
Hex Head Screw M22x200 8.8 THD A2K Partially Threaded,3422773531-00,2469021087-00,4410646567-00
M22x200-8.8 screw hex head THD A2K partially thread,3422773531-00,2469021087-00,4410646567-00
white galvanized steel screw EH PART M22x200 8.8 THD A2K Hex,3422773531-00,2469021087-00,4410646567-00
Hexagon head screw M24x100-8.8 partly threaded A2K,2657608685-00,1774298979-00,8703862792-00
partiallY threaded screw EH M24x100 8.8 hex head,2657608685-00,1774298979-00,8703862792-00
white galvanized steel screw hex head EH A2K M24x100-8.8,2657608685-00,1774298979-00,8703862792-00
Hexagon head screw M24x120 8.8 partly threaded ZN/WH,7630033023-00,8230451596-00,4595097987-00
EH screw partly threaded M24x120-8.8 white galv A2K,7630033023-00,8230451596-00,4595097987-00
M24x120 8.8 screw hex head part THD ZN/WH A2K,7630033023-00,8230451596-00,4595097987-00
Hexagon Head Screw M24x240-8.8 A2K THD Partly Threaded,8913245598-00,6088982169-00,9127105398-00
M24x240-8.8 screw hex head white galvanized EH PART THD,8913245598-00,6088982169-00,9127105398-00
Partly Threaded Hex screw EH PART M24x240 8.8 A2K THD,8913245598-00,6088982169-00,9127105398-00
M24x70-8.8 SCREW EH PART THD A2K WHITE GALVANIZED STEEL,7165977649-00,3236853584-00,8080636197-00
HEX HEAD SCREW PARTLY THREADED M24x70 8.8 A2K GALVANIZED,7165977649-00,3236853584-00,8080636197-00
WHITE GALV STEEL SCREW EH M24x70-8.8 PART THD A2K,7165977649-00,3236853584-00,8080636197-00
Hex head screw M24x80-8.8 A2K partly threaded,7669229686-00,3083433426-00,7303137141-00
screw hexagon M24 x 80 8.8 THD A2K ZN/WHITE,7669229686-00,3083433426-00,7303137141-00
M24x80-8.8 screw EH PART hex THD A2K white,7669229686-00,3083433426-00,7303137141-00
Hex head screw M24x90-8.8 partly threaded A2K,1360735004-00,3824865055-00,3281332982-00
M24x90-8.8 screw hex head white galv 8.8,1360735004-00,3824865055-00,3281332982-00
Partly threaded hex screw EH M24x90 8.8 A2K,1360735004-00,3824865055-00,3281332982-00
Hexagon head screw M27x50 8.8 partly threaded A2K,9487954222-00,9941168753-00,9876699383-00
White galvanized steel screw EH M27x50-8.8 hex head,9487954222-00,9941168753-00,9876699383-00
Partly threaded screw hexagon head M27x50 8.8 A2K screw,9487954222-00,9941168753-00,9876699383-00
Hex head screw M4x10 8.8 partly threaded ZNWH A2K,5298209446-00,4157467111-00,8889344815-00
screw hexagon M4*10-8.8 THD PART eh ZN WHITE,5298209446-00,4157467111-00,8889344815-00
Partly Threaded Hex Screw A2K M4x10/8.8 White zinc-plated,5298209446-00,4157467111-00,8889344815-00
Hex Head Screw M4x16-8.8 8.8 A2K partly thread,3104080093-00,5765399431-00,9503946395-00
screw hexagon M4x16 8.8 THD A2K white galvanized,3104080093-00,5765399431-00,9503946395-00
partly threaded screw EH M4x16-8.8 Hex Head A2K 8.8,3104080093-00,5765399431-00,9503946395-00
Hexagon Head Screw M4x20-8.8 8.8 A2K THD,7204913316-00,1461569135-00,1543538935-00
partly threaded screw EH M4x20 8.8 white galvanized,7204913316-00,1461569135-00,1543538935-00
EH PART. THD Screw Hex M4x20-8.8 A2K Galvanized,7204913316-00,1461569135-00,1543538935-00
Hexagon Head Screw M4x25-8.8 A2K THD Partly thread,7573797526-00,4936903325-00,9961931002-00
EH PART SCREW THD 8.8 M4x25 WHITE GALVANIZED STEEL,7573797526-00,4936903325-00,9961931002-00
Partly threaded screw hex M4x25 8.8 A2K THD EH PART,7573797526-00,4936903325-00,9961931002-00
Hexagon head screw M4x30-8.8 partly threaded ZNWH,4429913408-00,5567905514-00,5679205903-00
EH screw partiallY threaded 8.8 A2K M4x30,4429913408-00,5567905514-00,5679205903-00
M4x30-8.8 screw hex head THD white ZN,4429913408-00,5567905514-00,5679205903-00
query:Hex head screw M4x35-8.8 A2K partly threaded,1917219391-00,6588151918-00,5360297225-00
query:M4x35 8.8 screw hex head A2K white galv,1917219391-00,6588151918-00,5360297225-00
query:Partly threaded screw hex M4x35-8.8 galvanized A2K,1917219391-00,6588151918-00,5360297225-00
M4x50-8.8 SCREW EH PART THD A2K WHITE GALVANIZED STEEL,4141074622-00,7940812971-00,7110832630-00
HEX HEAD SCREW PARTLY THREADED M4x50-8.8 A2K GALVANIZED,4141074622-00,7940812971-00,7110832630-00
WHITE GALV STEEL SCREW EH PART THD M4x50-8.8 HEXAGON HEAD,4141074622-00,7940812971-00,7110832630-00
hexagon head screw M4x55-8.8 partly threaded white galvanized steel,2841112127-00,5954303285-00,4547644032-00
screw EH part M4 x 55 8.8 thd A2K hex head galvanized,2841112127-00,5954303285-00,4547644032-00
white galvanized screw partly thread hex head M4x55-8.8 eh part,2841112127-00,5954303285-00,4547644032-00
M4x60-8.8 SCREW EH PART THD A2K WHITE GALVANIZED,5595912099-00,3090593496-00,5731319278-00
HEX HEAD SCREW M4x60 PARTLY THREADED 8.8 A2K STEEL,5595912099-00,3090593496-00,5731319278-00
WHITE GALVANIZED M4 60MM 8.8 SCREW EH PART THD,5595912099-00,3090593496-00,5731319278-00
hexagon head screw M5x10-8.8 partly threaded white galvanized steel,1732199075-00,3963962452-00,7518381135-00
screw EH part M5x10 8.8 A2K thd white galvanized,1732199075-00,3963962452-00,7518381135-00
M5x10-8.8 screw hexagon partly thread steel galvanized white,1732199075-00,3963962452-00,7518381135-00
EH SCREW M5x16-8.8 A2K THD PART WHITE GALV STEEL,2590488757-00,5979277982-00,6962179027-00
HEX HEAD SCREW PARTIAL THREAD M5x16 8.8 A2K GALVANIZED,2590488757-00,5979277982-00,6962179027-00
M5x16-8.8 SCREW EH PART THD / WHITE GALV STEEL HEX,2590488757-00,5979277982-00,6962179027-00
screw hexagon head M5x20-8.8 white galvanized steel partly threaded EH part,2106723884-00,2034326186-00,7821257699-00
EH screw part thd A2K M5 x 20 8.8 hex head galvanized,2106723884-00,2034326186-00,7821257699-00
M5x20-8.8 screw partly threaded white steel hexagon head A2K,2106723884-00,2034326186-00,7821257699-00
M5x25-8.8 SCREW EH PART THD A2K WHITE GALVANIZED STEEL,5866832251-00,5958696916-00,3633358682-00
HEX HEAD SCREW PARTLY THREADED M5x25 8.8 A2K,5866832251-00,5958696916-00,3633358682-00
WHITE GALV STEEL SCREW EH M5x25-8.8 PART THD,5866832251-00,5958696916-00,3633358682-00
screw hex head partly threaded M5x30-8.8 white galvanized steel,3281332982-00,8520539423-00,6643459127-00
M5x30-8.8 screw EH part THD A2K hexagon head,3281332982-00,8520539423-00,6643459127-00
white galvanized steel screw M5 x 30 8.8 hex head partial thread,3281332982-00,8520539423-00,6643459127-00
M5x35-8.8 SCREW EH PART THD A2K WHITE GALVANIZED,6617180054-00,5567905514-00,1130810921-00
HEX HEAD SCREW PARTLY THREADED M5x35 8.8 A2K STEEL,6617180054-00,5567905514-00,1130810921-00
WHITE GALVANIZED M5x35-8.8 EH SCREW PART THD HEXAGON,6617180054-00,5567905514-00,1130810921-00
screw hexagon head M5x45-8.8 partly threaded white galvanized A2K,6508425047-00,6400451842-00,9423853212-00
M5x45-8.8 screw EH part thd hexagon head galvanized steel,6508425047-00,6400451842-00,9423853212-00
white galvanized screw M5 x 45 8.8 partly thread A2K hex head,6508425047-00,6400451842-00,9423853212-00
M5x50-8.8 SCREW EH PART THD A2K WHITE GALVANIZED,1511681744-00,2250125943-00,6375619999-00
HEX HEAD SCREW PARTLY THREADED M5x50 8.8 A2K STEEL,1511681744-00,2250125943-00,6375619999-00
WHITE GALVANIZED M5x50-8.8 EH SCREW PART THD A2K,1511681744-00,2250125943-00,6375619999-00
hexagon head screw M5x60-8.8 partly threaded white galvanized steel,9093412678-00,5300150117-00,9503946395-00
screw EH PART THD A2K M5 x 60 8.8 hex head galvanized,9093412678-00,5300150117-00,9503946395-00
M5x60-8.8 screw partly thread hexagon head white steel,9093412678-00,5300150117-00,9503946395-00
M6x10-8.8 SCREW EH PART THD A2K WHITE GALVANIZED STEEL,4659010223-00,9880764182-00,3069487216-00
HEX HEAD SCREW M6x10 PARTLY THREADED 8.8 A2K,4659010223-00,9880764182-00,3069487216-00
WHITE GALV STEEL SCREW EH M6x10-8.8 PART THD,4659010223-00,9880764182-00,3069487216-00
hexagon head screw M6x100-8.8 partly threaded A2K white galvanized steel,3624270395-00,2739077386-00,1108656646-00
screw EH part THD M6 x 100 8.8 galvanized white steel,3624270395-00,2739077386-00,1108656646-00
M6x100-8.8 screw partly thread hexagon head A2K steel galvanized,3624270395-00,2739077386-00,1108656646-00
screw hex head partially threaded a2k m6x16-8.8 white galvanized,6192891321-00,8174049868-00,4986042147-00
hexagon screw m6x16 8.8 part thread steel a2k coating,6192891321-00,8174049868-00,4986042147-00
m6x16 screw white zinc-coated hex-head 8.8 partial thd,6192891321-00,8174049868-00,4986042147-00
screw hex head partially threaded white galvanized m6x20 8.8,2248126059-00,9514707216-00,9589635876-00
hexagon screw a2k thread m6x20-8.8 white galvanized steel,2248126059-00,9514707216-00,9589635876-00
m6x20 hex screw 8.8 partly threaded galvanized white,2248126059-00,9514707216-00,9589635876-00
hex head screw partially threaded white galvanized M6x25 grade 8.8,9035646162-00,9336506479-00,3748866368-00
M6x25-8.8 hexagon screw partial thread A2K steel,9035646162-00,9336506479-00,3748866368-00
partly thread screw M6x25 white zinc coated grade 8.8,9035646162-00,9336506479-00,3748866368-00
Hex head screw partially threaded white galvanized steel m6x30 8.8,3357157332-00,1968984769-00,8080636197-00
screw M6x30 8.8 partially threaded hex drive A2K galvanized,3357157332-00,1968984769-00,8080636197-00
M6x30-8.8 white zinc hex screw partially threaded,3357157332-00,1968984769-00,8080636197-00
M6x35-8.8 hex head screw partial thread A2K steel white galvanized,1432523498-00,2964395104-00,9452727936-00
hexagon screw partially threaded M6 35mm 8.8 grade white galvanised,1432523498-00,2964395104-00,9452727936-00
screw A2K M6x35 8.8 steel hex partial threaded,1432523498-00,2964395104-00,9452727936-00
screw hex head partial thread A2K M6x40 class 8.8 galvanized steel,6643383016-00,8349694726-00,9271244353-00
M6x40 hex screw 8.8 partly threaded white zinc coated,6643383016-00,8349694726-00,9271244353-00
hexagon screw M6x40-8.8 part thread white galvanized,6643383016-00,8349694726-00,9271244353-00
Hex screw M6x45 8.8 partial thread galvanized steel,5259351791-00,8814802312-00,4380679545-00
Part thread hex head screw A2K M6x45 grade 8.8 white,5259351791-00,8814802312-00,4380679545-00
M6x45-8.8 hex bolt partly threaded white galvanized steel,5259351791-00,8814802312-00,4380679545-00
screw hex head partial thread m6x50 8.8 white galvanized,4807814893-00,2269643128-00,7303137141-00
"m6x50 hex screw, steel 8.8, partially threaded a2k",4807814893-00,2269643128-00,7303137141-00
hexagon screw m6 50mm 8.8 white zinc coated steel,4807814893-00,2269643128-00,7303137141-00
hex head screw M6x60 partially threaded 8.8 white galvanized steel,9464218475-00,8099456195-00,6571283283-00
M6x60 hex screw partly thread grade 8.8 white galv steel,9464218475-00,8099456195-00,6571283283-00
partially threaded hexagon screw M6x60-8.8 white zinc-coated steel,9464218475-00,8099456195-00,6571283283-00
hex head screw M6x70 partly threaded A2K grade 8.8 white galvanized,7540448458-00,7359180004-00,9235266034-00
M6x70 hexagon screw 8.8 white zinc coat partially threaded,7540448458-00,7359180004-00,9235266034-00
screw A2K M6 70mm hex head 8.8 galvanized white steel,7540448458-00,7359180004-00,9235266034-00
hex head screw M6x75 partly threaded 8.8 white galvanized,6036804021-00,7347632804-00,1341156832-00
screw M6x75 hexagon head steel A2K partly thread 8.8,6036804021-00,7347632804-00,1341156832-00
M6 x 75 screw 8.8 hex head white galvanized steel,6036804021-00,7347632804-00,1341156832-00
hex screw partial thread M6x80 8.8 white galvanized steel,4416543723-00,6922881579-00,8767108517-00
white zinc-coated hexagon head screw M6 80mm partly threaded 8.8,4416543723-00,6922881579-00,8767108517-00
screw hex head A2K M6x80 partially threaded grade 8.8,4416543723-00,6922881579-00,8767108517-00
screw partly thread hex head m8x10 8.8 white galvanized steel,3763476385-00,1194332529-00,8888866174-00
hexagon screw m8 x 10 partly threaded a2k steel grade 8.8,3763476385-00,1194332529-00,8888866174-00
m8x10 hex screw partial thread white galvanized steel 8.8,3763476385-00,1194332529-00,8888866174-00
screw hex head A2K M8x100 8.8 partly threaded white galvanized,8037006337-00,3047152691-00,8308947793-00
M8x100-8.8 hexagon screw partial thread steel white zinc coated,8037006337-00,3047152691-00,8308947793-00
hex screw galvanized steel 8.8 A2K 100mm M8 partial thread,8037006337-00,3047152691-00,8308947793-00
screw hex head partly threaded m8x110 8.8 white galvanized,2674961440-00,1269372122-00,1447866253-00
eh screw a2k m8x110-8.8 partially threaded steel,2674961440-00,1269372122-00,1447866253-00
m8x110 hex screw 8.8 white galvanized part thread,2674961440-00,1269372122-00,1447866253-00
hexagon head screw M8x130 8.8 partly threaded white galvanized steel,4113664615-00,1464206595-00,2330627626-00
M8x130-8.8 screw partially threaded hex head A2K white zinc coated,4113664615-00,1464206595-00,2330627626-00
galvanized steel screw 8.8 hex head partially threaded M8x130,4113664615-00,1464206595-00,2330627626-00
hex head screw partially thd M8x16 8.8 white galvanized steel,9751416586-00,2548456439-00,3074182346-00
SCREW EH Part A2K M8x16/8.8 white zinc coating,9751416586-00,2548456439-00,3074182346-00
M8x16-8.8 hexagon screw partly threaded galvanized,9751416586-00,2548456439-00,3074182346-00
hex head screw M8x20 8.8 partially threaded white galvanized steel,8094449719-00,8499456817-00,4538507388-00
screw M8x20 hexagon head A2K 8.8 part thread,8094449719-00,8499456817-00,4538507388-00
M8x20 8.8 screw hex head partial thread white galvanized,8094449719-00,8499456817-00,4538507388-00
hex head screw M8x25 8.8 partial thread white galvanized,7861699713-00,7150466486-00,4482660134-00
M8x25-8.8 A2K screw hex partly threaded steel,7861699713-00,7150466486-00,4482660134-00
white galvanized hex screw M8x25 partially threaded,7861699713-00,7150466486-00,4482660134-00
hex head screw M8x30 8.8 partial thread white galvanized,8076724964-00,2226715329-00,7643815862-00
"M8x30-8.8 screw, partly threaded, hexagon, A2K steel",8076724964-00,2226715329-00,7643815862-00
galvanized steel hex screw 8.8 M8x30 partial threads,8076724964-00,2226715329-00,7643815862-00
screw hex head A2k M8x30-8.8 white galvanized partly threaded,8076724964-00,7280084778-00,4429913408-00
M8x30 8.8 hexagon screw partly thread zinc coated steel,8076724964-00,7280084778-00,4429913408-00
A2K screw M8x30 8.8 hex head white galvanized steel thread,8076724964-00,7280084778-00,4429913408-00
hex head screw M8x35 8.8 partial thread white galvanized,9503946395-00,4225769061-00,8835390267-00
"M8x35-8.8 hex screw partial threaded, steel white finish",9503946395-00,4225769061-00,8835390267-00
"partially threaded screw M8x35 hexagon head steel, A2K galvanized",9503946395-00,4225769061-00,8835390267-00
Hex head screw M8x40-8.8 partly threaded white galvanized steel,1357234586-00,3684987268-00,3966591837-00
M8x40-8.8 screw hex partial thread A2K coating,1357234586-00,3684987268-00,3966591837-00
galvanized steel hex screw partially threaded M8x40 grade 8.8,1357234586-00,3684987268-00,3966591837-00
Hexagon screw partially threaded M8 x 45 8.8 white galvanized steel,6571283283-00,9526753360-00,9271244353-00
SCREW M8x45 8.8 white zinc-coated hex head partly thread,6571283283-00,9526753360-00,9271244353-00
M8x45-8.8 hex screw partial thread steel white galvanized,6571283283-00,9526753360-00,9271244353-00
hex screw partial thread M8x45 8.8 white galvanized steel,6571283283-00,7521870912-00,6483761246-00
SCREW EH PART M8x45-8.8 zinc-plated hex head,6571283283-00,7521870912-00,6483761246-00
M8x45 partially threaded hexagon screw 8.8 A2K finish,6571283283-00,7521870912-00,6483761246-00
"hex head screw M8x50, partly threaded, steel A2K 8.8 galvanized",9864328534-00,5152658680-00,2114186304-00
white galvanized hex screw M8x50 8.8 partially threaded,9864328534-00,5152658680-00,2114186304-00
"M8x50 8.8 hex screw/part thread, steel A2K white finish",9864328534-00,5152658680-00,2114186304-00
hex head screw partially threaded m8x60 8.8 white galvanized,2642273407-00,8739534142-00,3245824682-00
screw M8x60 hex head 8.8 grade partially threaded white zinc,2642273407-00,8739534142-00,3245824682-00
partially thd screw M8x60-8.8 hex galvanized steel,2642273407-00,8739534142-00,3245824682-00
hex head screw partially threaded A2K steel M8x70-8.8,6940014199-00,4522541027-00,8533726607-00
M8x70-8.8 white galvanized hex screw partial thread,6940014199-00,4522541027-00,8533726607-00
screw A2K partly thread steel M8x70 grade 8.8,6940014199-00,4522541027-00,8533726607-00
screw hex head partially threaded M8x80 8.8 white galvanized steel,2982570583-00,8845118499-00,3500639514-00
M8x80 partially threaded hex screw A2K finish grade 8.8,2982570583-00,8845118499-00,3500639514-00
hexagon head screw 8.8 M8 x 80 white zinc steel,2982570583-00,8845118499-00,3500639514-00
hex head screw M8x90 8.8 partly threaded white galvanized A2K,8088004904-00,7047810484-00,5309071573-00
M8x90 8.8 screw hexagon head white steel partial thread,8088004904-00,7047810484-00,5309071573-00
screw A2K M8x90 hex head 8.8 white galvanized,8088004904-00,7047810484-00,5309071573-00
screw hex partially threaded CW508L brass M10x20,8666922925-00,7688968790-00,5826927866-00
hexagon head screw M10x20 brass CW508L partial thread,8666922925-00,7688968790-00,5826927866-00
SCREW EH CW508L brass M10 x 20,8666922925-00,7688968790-00,5826927866-00
screw brass M10x30 hex head partial thread CW508L,7811220022-00,2118591654-00,5657947616-00
hex screw partly threaded M10 30mm brass CW508L,7811220022-00,2118591654-00,5657947616-00
M10x30 hexagon brass screw partial thd CW508L,7811220022-00,2118591654-00,5657947616-00
Hex head screw brass M10 x 45 partly threaded,3076317177-00,7627731391-00,6997603480-00
M10x45 brass screw hexagon head partial thread,3076317177-00,7627731391-00,6997603480-00
screw EH brass partially threaded M10 45mm,3076317177-00,7627731391-00,6997603480-00
screw partly threaded CW508L brass hex head M5x16,3269654436-00,3156441578-00,8767108517-00
hex screw M5x16 brass partial thread CW508L,3269654436-00,3156441578-00,8767108517-00
brass screw hex head partial thread M5 16,3269654436-00,3156441578-00,8767108517-00
hex screw M5x20 brass partially threaded CW508L,9877554164-00,7541138863-00,5357013118-00
brass hexagonal head screw M5 20mm part thread,9877554164-00,7541138863-00,5357013118-00
M5x20 screw CW508L hex head partial thread,9877554164-00,7541138863-00,5357013118-00
screw hex head partial thread brass CW508L M6x10,8317446155-00,7225268837-00,7042454996-00
M6x10 partly threaded hex screw brass code CW508L,8317446155-00,7225268837-00,7042454996-00
hexagon screw M6x10 partial thread CW508L material brass,8317446155-00,7225268837-00,7042454996-00
screw hex head partial thread CW508L brass M6 x 20,1920921560-00,2845499435-00,4492492559-00
brass screw M6/20 hexagon head partially threaded,1920921560-00,2845499435-00,4492492559-00
M6x20 CW508L screw hex partly threaded brass,1920921560-00,2845499435-00,4492492559-00
screw hex head partial thread brass m6x25,5011131774-00,2988200849-00,8073584362-00
hexagon screw m6x25 cw508l partly threaded,5011131774-00,2988200849-00,8073584362-00
brass hex screw cw508l m6x25 partial threading,5011131774-00,2988200849-00,8073584362-00
screw EH part brass M8x25 partial thread,5107098838-00,3905666343-00,8195453239-00
hexagon screw CW508L M8x25 partially threaded,5107098838-00,3905666343-00,8195453239-00
M8x25 brass screw hex head part thread,5107098838-00,3905666343-00,8195453239-00
CFH concrete screw self tapping E2J 3.5x9.5,9064006634-00,1294937780-00,8250221914-00
3.5x9.5 self-threading CFH concrete screw E2J,9064006634-00,1294937780-00,8250221914-00
E2J concrete screw CFH self-thd 3.5x9.5,9064006634-00,1294937780-00,8250221914-00
CFH concrete self-threading screw A2K white galvanized 6x60,2212658191-00,7044481484-00,2056020036-00
6x60 white galvanized CFH screw self-thd for concrete,2212658191-00,7044481484-00,2056020036-00
A2K self-threading CFH screw 6x60 galvanized steel,2212658191-00,7044481484-00,2056020036-00
self tapping wood screw 4.5x50 countersunk flat head yellow galvanized steel,8761824113-00,6768070251-00,9487954222-00
screw csk flat head 4.5x50 YGS for wood self thd,8761824113-00,6768070251-00,9487954222-00
4.5x50 yellow galv steel countersunk screw for wood self-threading,8761824113-00,6768070251-00,9487954222-00
4x40 CFH wood screw yellow galvanized self-threading flat head,7155263857-00,1360393557-00,1726905199-00
screw countersunk flat yellow steel 4x40 self thd for wood,7155263857-00,1360393557-00,1726905199-00
self-thd wood screws 4x40 flat cfh yellow galvanized,7155263857-00,1360393557-00,1726905199-00
CFH wood screw 4x70 yellow galvanized self thread,5190129351-00,1684555397-00,1917219391-00
4x70 countersunk flat head wood screw YGS self threading,5190129351-00,1684555397-00,1917219391-00
self-thd screw 4x70 YGS flat/countersunk head for wood,5190129351-00,1684555397-00,1917219391-00
cfh wood screw 5x80 yellow galvanized self thd,2443553697-00,3166847823-00,2965761849-00
5x80 countersunk flat head screw for wood yellow steel self-threading,2443553697-00,3166847823-00,2965761849-00
self thd wood screw 5x80 galvanized yellow flat countersunk head,2443553697-00,3166847823-00,2965761849-00
6x100 wood screw countersunk flat head self-thread yellow galvanized steel,4633625354-00,7511541800-00,8948830066-00
SCREW CFH-WOOD 6x100 YGS self-thread yellow zinc,4633625354-00,7511541800-00,8948830066-00
6x100 self-tapping wood screw countersunk head yellow galvanized,4633625354-00,7511541800-00,8948830066-00
6x60 wood screw countersunk flat head self-thread yellow galvanized,1564767009-00,9189483726-00,8472685349-00
CFH screw self threading for wood 6x60 YGS,1564767009-00,9189483726-00,8472685349-00
flat head wood screws 6x60 yellow galvanized steel self-thd,1564767009-00,9189483726-00,8472685349-00
screw countersunk flat head hex socket M10x40-70 stainless steel,9224795099-00,8824276530-00,9734057020-00
SCREW CFHHS partly threaded A2 stainless M10/40-70,9224795099-00,8824276530-00,9734057020-00
M10x40-70 hexagon socket flat head screw stainless steel threaded,9224795099-00,8824276530-00,9734057020-00
Screw M4x10-70 countersunk flat head hex socket partial thread stainless A2,1952396536-00,5610238284-00,2443553697-00
SCREW CFHHS A2 M4x10-70 partially threaded hexagon socket,1952396536-00,5610238284-00,2443553697-00
M4x10-70 stainless steel flat head hex socket screw partial thread,1952396536-00,5610238284-00,2443553697-00
countersunk flat head screw hex socket A2 stainless steel M4x12-70 partial thread,5322750371-00,2091151423-00,6634333003-00
SCREW CFHHS partial thread stainless M4 x 12-70 hexagonal socket,5322750371-00,2091151423-00,6634333003-00
M4x12-70 partly threaded screw flat countersunk head stainless hex socket,5322750371-00,2091151423-00,6634333003-00
M4x20-70 screw flat head hex socket partly threaded stainless steel,3901147993-00,2394479755-00,9084575467-00
stainless steel screw CFHHS M4 x 20 70,3901147993-00,2394479755-00,9084575467-00
countersunk hex socket screw M4 20 70 A2,3901147993-00,2394479755-00,9084575467-00
M5x12-70 A2 screw CFHHS partly threaded stainless steel,3132891770-00,9043346665-00,1142825332-00
Stainless steel screw flat head hexagon socket M5x12-70,3132891770-00,9043346665-00,1142825332-00
Countersunk screw THD A2 M5x12-70 flat head hex socket,3132891770-00,9043346665-00,1142825332-00
SCREW M5x16-70 Flat Head Countersunk A2,9313557687-00,1835191561-00,4256015092-00
Stainless steel partly threaded hex socket screw M5x16-70,9313557687-00,1835191561-00,4256015092-00
CFHHS screw A2 M5 x 16mm 70mm部分线程,9313557687-00,1835191561-00,4256015092-00
Screw M5x20-70 A2 partly threaded hex socket flat head,9114099404-00,7047810484-00,3067769121-00
CFHHS screw stainless steel M5x20-70 countersunk,9114099404-00,7047810484-00,3067769121-00
M5x20-70 partly threaded screw hexagon socket flat head A2,9114099404-00,7047810484-00,3067769121-00
M6x10-70 screw CFHHS partly threaded stainless steel,3722553199-00,6398827514-00,8043948667-00
stainless steel hex socket countersunk flat head screw M6 x 10 70,3722553199-00,6398827514-00,8043948667-00
CFHHS screw M6 10 70 A2 partly threaded flat head,3722553199-00,6398827514-00,8043948667-00
CFHHS SCREW M6x16-70 hex socket partly threaded stainless steel,8807682391-00,2742017990-00,1732199075-00
Stainless steel screw M6x16-70 countersunk flat head with hexagon drive,8807682391-00,2742017990-00,1732199075-00
M6x16-70 screw partly threaded hex socket flat head CFHHS,8807682391-00,2742017990-00,1732199075-00
M6x20-70 stainless steel screw CFHHS partly threaded flat head hex socket,3906125529-00,2873874475-00,6643459127-00
Countersunk flat head screw M6x20-70 A2 hex socket,3906125529-00,2873874475-00,6643459127-00
M6x20-70 screw stainless steel CFHHS hexagon socket partly threaded,3906125529-00,2873874475-00,6643459127-00
M6x30-70 Screw CFHHS Stainless steel Partly threaded,1766918733-00,1792495291-00,1760470605-00
Stainless steel screw hex socket flat head M6 30-70,1766918733-00,1792495291-00,1760470605-00
CFHHS screw M6x30 70mm partly threaded countersunk,1766918733-00,1792495291-00,1760470605-00
M8x16-70 screw CFHHS partly threaded stainless steel,1542882622-00,1378514553-00,9547309251-00
stainless steel M8 x 16 70 countersunk hex socket screw,1542882622-00,1378514553-00,9547309251-00
screw hex socket flat head M8 16-70 CFHHS partly threaded,1542882622-00,1378514553-00,9547309251-00
M8x20-70 screw A2 partly threaded countersunk flat head,7303137141-00,1294937780-00,5678708526-00
Stainless steel CFHHS screw M8x20 70mm hex socket,7303137141-00,1294937780-00,5678708526-00
Countersunk flat head screw M8 20-70 A2 with hexagon socket,7303137141-00,1294937780-00,5678708526-00
M8x25-70 screw hex socket partially threaded stainless steel CFHHS,4733875998-00,1067796670-00,2173703042-00
Countersunk flat head screw A2 stainless M8x25-70,4733875998-00,1067796670-00,2173703042-00
SCREW HEX SOCKET A2 M8 25-70 partly threaded flat head,4733875998-00,1067796670-00,2173703042-00
screw M8x30-70 CFHHS stainless steel partly threaded,5629772323-00,8281473503-00,7540448458-00
Countersunk Flat Head Screw A2 M8x30-70 Hex Socket,5629772323-00,8281473503-00,7540448458-00
M8x30-70 screw partly threaded hex socket flat head,5629772323-00,8281473503-00,7540448458-00
M10x16-10.9 screw countersunk flat head hex socket partly threaded,9876699383-00,8099001430-00,9440845021-00
CFHHS screw M10 x 16 10.9 white galvanized steel,9876699383-00,8099001430-00,9440845021-00
countersunk screw hexagon socket M10x16-10.9 A2K threaded,9876699383-00,8099001430-00,9440845021-00
M10x20-10.9 hexagon socket screw CFHHS partly threaded galvanized,6639795882-00,5196514300-00,5878864569-00
countersunk flat head screw A2K 10.9 M10x20 white steel,6639795882-00,5196514300-00,5878864569-00
screw with hex socket M10 x 20 10.9 partly threaded CFHHS galvanized,6639795882-00,5196514300-00,5878864569-00
M10x25 10.9 screw flat head hex socket partly threaded galvanized,7042454996-00,2609079641-00,7540448458-00
hex socket screw CFHHS M10 x 25 white galvanized A2K 10.9,7042454996-00,2609079641-00,7540448458-00
countersunk hexagon screw M10x25 partly threaded 10.9 CFHHS,7042454996-00,2609079641-00,7540448458-00
M10x30-10.9 countersunk flat head screw A2K white galvanized steel hexagon socket,1290053134-00,1835191561-00,8232184671-00
CFHHS screw partly threaded M10x30-10.9 hex socket galvanized steel,1290053134-00,1835191561-00,8232184671-00
hex socket screw M10x30 10.9 A2K white galvanized flat head countersunk,1290053134-00,1835191561-00,8232184671-00
M10x35-10.9 CFHHS screw hex socket partly threaded white galvanized steel,4311539891-00,1445209486-00,1895841627-00
hex socket screw flat head M10x35-10.9 white galvanized A2K,4311539891-00,1445209486-00,1895841627-00
screw A2K 10.9 M10x35 partly threaded countersunk flat head,4311539891-00,1445209486-00,1895841627-00
M10x40 screw CFHHS hex socket partly threaded 10.9,3485500899-00,9665407542-00,4828582854-00
Countersunk Flat Head screw M10 x 40 galvanized A2K 10.9,3485500899-00,9665407542-00,4828582854-00
Screw hexagon socket 10.9 M10x40 white galvanized CFHHS,3485500899-00,9665407542-00,4828582854-00
M10x50-10.9 screw CFHHS partly threaded white galvanized steel,9540700976-00,4892118737-00,6267553235-00
countersunk flat head hex socket screw A2K M10 50mm 10.9,9540700976-00,4892118737-00,6267553235-00
Screw hexagon socket M10 50mm flat head 10.9 galvanized steel,9540700976-00,4892118737-00,6267553235-00
M12x20-10.9 screw CFHHS partly thread hex socket white galvanized steel,6148036737-00,3420626497-00,2312811465-00
Countersunk flat head screw M12x20 10.9 A2K threaded,6148036737-00,3420626497-00,2312811465-00
SCREW M12x20-10.9 zinc coated hexagon socket flat head,6148036737-00,3420626497-00,2312811465-00
M12x25-10.9 countersunk flat head screw hex socket partly threaded A2K,5905948272-00,6704039474-00,9537630327-00
hexagon socket screw white galvanized steel M12x25-10.9,5905948272-00,6704039474-00,9537630327-00
screw CFHHS M12 x 25 10.9 partly threaded flat head,5905948272-00,6704039474-00,9537630327-00
M12x30-10.9 screw CFHHS hex socket partly threaded white galvanized steel,1895841627-00,5337702452-00,5206757906-00
hex socket countersunk screw M12x30 10.9 white galvanized A2K,1895841627-00,5337702452-00,5206757906-00
screw flat head M12x30 10.9 partly threaded CFHHS white galvanized steel,1895841627-00,5337702452-00,5206757906-00
Screw M12x35-10.9 A2K hex socket CFHHS partially threaded,1022841450-00,7839026961-00,8835390267-00
Countersunk Flat Head Screw M12x35-10.9 white galvanized steel,1022841450-00,7839026961-00,8835390267-00
hex socket screw CFHHS M12x35-10.9 partly threaded A2K,1022841450-00,7839026961-00,8835390267-00
M12x40-10.9 CFHHS screw partly threaded galvanized steel,8418420037-00,3420626497-00,1602913890-00
Countersunk flat head hex socket screw M12x40-10.9,8418420037-00,3420626497-00,1602913890-00
screw A2K M12 x 40 10.9 white galvanized flat head,8418420037-00,3420626497-00,1602913890-00
screw M12x50-10.9 flat head hex socket partly threaded galvanized,9543433719-00,7408470863-00,3069487216-00
countersunk screw A2K M12x50-10.9 white steel,9543433719-00,7408470863-00,3069487216-00
M12x50-10.9 hexagon socket screw flat head partly threaded galvanized steel,9543433719-00,7408470863-00,3069487216-00
M12x60 10.9 screw CFHHS White galvanized steel partly threaded,3983001081-00,4521949722-00,5512927515-00
Countersunk Flat Head screw A2K M12x60 10.9 hexagon socket,3983001081-00,4521949722-00,5512927515-00
Screw M12 x 60mm 10.9 CFHHS Partly thread galvanized white steel,3983001081-00,4521949722-00,5512927515-00
M12x70-10.9 screw flat head hex socket partly threaded white galvanized,9489754341-00,7034847370-00,8981508854-00
CFHHS screw A2K M12x70 10.9 white galvanized steel,9489754341-00,7034847370-00,8981508854-00
M12 70mm 10.9 countersunk screw hex socket partly threaded,9489754341-00,7034847370-00,8981508854-00
SCREW M14x40 10.9 A2K CFHHS Hex Socket White galvanized,5309071573-00,9669699196-00,9764565846-00
FHS Screw M14 40 10.9 part threaded countersunk,5309071573-00,9669699196-00,9764565846-00
M14x40 10.9 CFHHS White galvanized screw flat head part,5309071573-00,9669699196-00,9764565846-00
M16x30-10.9 screw countersunk flat head hex socket partly threaded galvanized steel,3590365415-00,1998064545-00,5556266370-00
CFHHS screw M16x30 10.9 hexagon socket white galvanized,3590365415-00,1998064545-00,5556266370-00
white galvanized M16x30-10.9 CFHHS screw partly threaded flat head,3590365415-00,1998064545-00,5556266370-00
M16x35-10.9 screw CFHHS A2K hex socket partly threaded,7877351864-00,6889923705-00,7146771293-00
countersunk flat head screw white galvanized steel M16 35 10.9,7877351864-00,6889923705-00,7146771293-00
A2K M16x35 screw hexagon socket partly threaded flat head 10.9,7877351864-00,6889923705-00,7146771293-00
M16x40-10.9 screw countersunk flat head hex socket partly threaded white galvanized steel,1108656646-00,8230451596-00,6404187464-00
CFHHS M16 x 40 10.9 screw flat head hexagon socket white galvanized,1108656646-00,8230451596-00,6404187464-00
screw A2K M16 40mm 10.9 countersunk hexagonal socket galvanized steel,1108656646-00,8230451596-00,6404187464-00
M16x45 screw flat head hex socket partly threaded 10.9,1408518013-00,5676241751-00,7748564458-00
CFHHS M16x45-10.9 white galvanized steel screw with hexagon socket,1408518013-00,5676241751-00,7748564458-00
hex socket screw countersunk flat head A2K M16 45mm 10.9,1408518013-00,5676241751-00,7748564458-00
Screw M16x55-10.9 CFHHS partly threaded flat head galvanized steel,9729631604-00,9029186452-00,7669229686-00
Hex socket countersunk screw M16x55 10.9 white galvanized,9729631604-00,9029186452-00,7669229686-00
CFHHS screw M16x55 fully threaded 10.9 galvanized steel,9729631604-00,9029186452-00,7669229686-00
M16x70-10.9 Countersunk Flat Head Screw Hex Socket A2K partly threaded,8308947793-00,8400584249-00,4497296716-00
Hexagon Socket CFHHS Screw M16x70 10.9 white galvanized steel,8308947793-00,8400584249-00,4497296716-00
SCREW A2K M16x70-10.9 partly threaded white galvanized hex head,8308947793-00,8400584249-00,4497296716-00
M20x60-10.9 countersunk flat head screw hex socket partly threaded,7711131637-00,3339120926-00,3031428088-00
Hex socket screw CFHHS M20 x 60 10.9 white galvanized steel,7711131637-00,3339120926-00,3031428088-00
SCREW A2K M20 60 10.9 flat head partly threaded galvanized,7711131637-00,3339120926-00,3031428088-00
M20x70-10.9 screw CFHHS partly threaded hex socket white galvanized steel,7864138034-00,7320710729-00,1408518013-00
Countersunk flat head screw A2K M20 x 70 10.9 with hexagon socket,7864138034-00,7320710729-00,1408518013-00
Screw hex socket countersunk flat head M20 70mm 10.9 thread galvanized,7864138034-00,7320710729-00,1408518013-00
M20x80-10.9 screw CFHHS hex socket partly threaded galvanized steel,8029233870-00,3381874459-00,9035646162-00
Countersunk Flat Head screw M20x80 10.9 A2K white galvanized,8029233870-00,3381874459-00,9035646162-00
hex socket screw M20x80-10.9 CFHHS partly thread galvanized steel,8029233870-00,3381874459-00,9035646162-00
screw M3x10-10.9 CFHHS hex socket partly threaded galvanized steel,9857994711-00,7734476041-00,7878248452-00
M3x10 hexagonal socket screw countersunk flat head 10.9,9857994711-00,7734476041-00,7878248452-00
white galvanized steel screw CFHHS M3x10 10.9 partly threaded,9857994711-00,7734476041-00,7878248452-00
screw M3x12-10.9 hex socket partly threaded,6104764951-00,7714999073-00,3590365415-00
CFHHS screw white galvanized A2K M3x12,6104764951-00,7714999073-00,3590365415-00
Flat Head screw M3x12 10.9 hexagon countersunk,6104764951-00,7714999073-00,3590365415-00
M3x15-10.9 screw A2K countersunk flat head hex socket white galvanized steel,9232719975-00,2693880860-00,2745886712-00
hex socket screw CFHHS partly threaded M3 x 15 10.9 white galvanized,9232719975-00,2693880860-00,2745886712-00
White galvanized M3x15-10.9 screw CFHHS hexagon socket countersunk flat head,9232719975-00,2693880860-00,2745886712-00
M3x6 countersunk flat head screw A2K 10.9 white galvanized steel,3910293894-00,3949656826-00,4330983094-00
hex socket screw partly threaded M3x6-10.9 CFHHS,3910293894-00,3949656826-00,4330983094-00
screw CFHHS M3x6 hexagon socket flat head partly threaded 10.9,3910293894-00,3949656826-00,4330983094-00
M3x8-10.9 hexagon socket screw CFHHS white galvanized steel,5939413013-00,9824739935-00,9344370987-00
countersunk flat head screw A2K M3x8-10.9,5939413013-00,9824739935-00,9344370987-00
M3x8-10.9 partly threaded screw white galvanized hex socket,5939413013-00,9824739935-00,9344370987-00
SCREW M4x10-10.9 hex socket CFHHS partly threaded white galvanized steel,3135963696-00,9835640929-00,7643815862-00
M4x10-10.9 countersunk flat head screw hexagon socket,3135963696-00,9835640929-00,7643815862-00
white galvanized steel screw CFHHS M4x10-10.9 hex socket partly threaded,3135963696-00,9835640929-00,7643815862-00
screw CFHHS M4x12 partly threaded A2K 10.9 galvanized,1410187978-00,5794953922-00,9423853212-00
M4x12-10.9 flat head hex socket screw white galvanized,1410187978-00,5794953922-00,9423853212-00
countersunk screw M4x12 CFHHS A2K 10.9 white steel,1410187978-00,5794953922-00,9423853212-00
screw M4x16 -10.9 flat head partly threaded hex socket galvanized,1132785186-00,6009304401-00,6997603480-00
CFHHS screw A2K 10.9 white galvanized M4 x 16,1132785186-00,6009304401-00,6997603480-00
M4x16 hex socket screw countersunk flat head galvanized steel 10.9,1132785186-00,6009304401-00,6997603480-00
M4x20-10.9 screw partly threaded flat head hex socket white galvanized steel,3350014268-00,5021921994-00,9625341535-00
screw CFHHS A2K M4x20 10.9 hexagonal socket,3350014268-00,5021921994-00,9625341535-00
countersunk hex screw M4x20 10.9 part white galvanized,3350014268-00,5021921994-00,9625341535-00
SCREW M4x25-10.9 A2K Flat Head Hexagon Socket White galvanized,1142825332-00,8027272493-00,2462869810-00
M4x25-10.9 Countersunk screw CFHHS partly threaded Hexagon,1142825332-00,8027272493-00,2462869810-00
Flat Head Screw A2K M4x25-10.9 White galvanized steel Hex Socket,1142825332-00,8027272493-00,2462869810-00
M4x30-10.9 CFHHS screw hexagon socket partly threaded white galvanized steel,6708180027-00,2066945648-00,5930875688-00
countersunk flat head screw A2K M4x30-10.9 hex socket,6708180027-00,2066945648-00,5930875688-00
screw hex socket M4x30 10.9 flat head galvanized white threaded,6708180027-00,2066945648-00,5930875688-00
CFHHS SCREW M4x8-10.9 hex socket partly threaded white galvanized,1388524047-00,9164378441-00,5106055601-00
M4x8 10.9 countersunk flat head screw A2K white galvanized steel,1388524047-00,9164378441-00,5106055601-00
Hexagon socket screw M4x8-10.9 CFHHS white galvanized steel countersunk,1388524047-00,9164378441-00,5106055601-00
SCREW M5x10-10.9 CFHHS hex socket partly threaded white galvanized steel,2953169297-00,1499210270-00,8558678354-00
Countersunk Flat Head Screw A2K M5x10-10.9 hexsocket,2953169297-00,1499210270-00,8558678354-00
M5x10-10.9 Screw CFHHS partly threaded white galvanized steel,2953169297-00,1499210270-00,8558678354-00
M5x12-10.9 screw countersunk flat head hex socket partly threaded,7463424763-00,9741109116-00,1084274257-00
CFHHS screw white galvanized steel A2K M5x12-10.9,7463424763-00,9741109116-00,1084274257-00
screw M5x12 10.9 hex socket flat head countersunk galvanized,7463424763-00,9741109116-00,1084274257-00
M5x16-10.9 hex socket screw partly threaded flat head galvanized steel,5878864569-00,8749893339-00,7573797526-00
flat head countersunk screw A2K M5 x 16 10.9 white galvanized,5878864569-00,8749893339-00,7573797526-00
SCREW M5 16 10.9 hexagon socket partly thread CFHHS galvanized steel,5878864569-00,8749893339-00,7573797526-00
M5x20-10.9 screw CFHHS A2K thick partly threaded hex socket,6611607843-00,3963962452-00,6238573247-00
screw hex socket flat head M5x20 10.9 white galvanized,6611607843-00,3963962452-00,6238573247-00
countersunk screw M5x20-10.9 hexagon socket A2K partly threaded,6611607843-00,3963962452-00,6238573247-00
M5x25-10.9 hex socket screw CFHHS partly thread white galvanized steel,7419951092-00,9612996235-00,6097009167-00
countersunk flat head screw M5x25-10.9 A2K threaded,7419951092-00,9612996235-00,6097009167-00
SCREW CFHHS M5x25 10.9 galvanized steel hexagon socket,7419951092-00,9612996235-00,6097009167-00
M5x30-10.9 Hex Socket Screw CFHHS partly threaded white galvanized,3691912117-00,2815418110-00,5461753764-00
Screw part CFHHS M5x30 10.9 flat head hexagon,3691912117-00,2815418110-00,5461753764-00
Countersunk Screw M5x30-10.9 A2K white galvanized steel,3691912117-00,2815418110-00,5461753764-00
screw M5x35-10.9 CFHHS hex socket white galvanized,9471472650-00,7971238139-00,8899320851-00
countersunk flat head screw partly threaded M5x35 10.9,9471472650-00,7971238139-00,8899320851-00
M5x35-10.9 screw hexagon socket flat head galvanized steel,9471472650-00,7971238139-00,8899320851-00
M5x40-10.9 screw hex socket countersunk flat head,6349191418-00,5218547457-00,9346361961-00
CFHHS screw partly thread M5 40mm steel,6349191418-00,5218547457-00,9346361961-00
Countersunk screw M5x40 10.9 galvanized hex socket,6349191418-00,5218547457-00,9346361961-00
M5x50-10.9 Screw CFHHS Hex Socket Partly threaded galvanized steel,3785046823-00,8178727713-00,7176640084-00
Countersunk Flat Head Screw M5x50 10.9 A2K white galvanized,3785046823-00,8178727713-00,7176640084-00
Hex socket screw M5x50-10.9 partly threaded CFHHS white galvanized steel,3785046823-00,8178727713-00,7176640084-00
M5x55 screw CFHHS hex socket partly threaded 10.9 white galvanized steel,6185779988-00,6970809125-00,8232184671-00
countersunk flat head screw A2K M5 x 55 10.9 white galvanized,6185779988-00,6970809125-00,8232184671-00
screw M5x55-10.9 hexagon socket countersunk flat head galvanized steel,6185779988-00,6970809125-00,8232184671-00
M5x60-10.9 A2K screw flat head hex socket,1862899777-00,4536902446-00,9570592597-00
hex socket screw M5x60-10.9 partly threaded galvanized steel,1862899777-00,4536902446-00,9570592597-00
CFHHS screw white galvanized steel M5x60-10.9,1862899777-00,4536902446-00,9570592597-00
M5x8-10.9 Screw CFHHS partly threaded hexagon socket galvanized steel,4185081666-00,3873262707-00,6571703109-00
Screw Flat Head A2K M5 x 8 10.9 white galvanized,4185081666-00,3873262707-00,6571703109-00
countersunk hex socket screw M5x8-10.9 flat head white steel,4185081666-00,3873262707-00,6571703109-00
M6x10-10.9 screw flat head hex socket A2K galvanized,1132975697-00,1473554121-00,3018333822-00
CFHHS screw partly threaded white steel M6x10,1132975697-00,1473554121-00,3018333822-00
Countersunk hexagon socket screw M6x10-10.9 galvanized steel,1132975697-00,1473554121-00,3018333822-00
CFHHS screw M6x12 10.9 part threaded white galvanized steel,6839459558-00,5441228703-00,9593556803-00
M6x12-10.9 countersunk flat head screw hex socket,6839459558-00,5441228703-00,9593556803-00
screw A2K M6x12 10.9 partly threaded hexagon socket white galvanized,6839459558-00,5441228703-00,9593556803-00
M6x16-10.9 Countersunk Flat Head Screw A2K Hex Socket White galvanized steel,6082143397-00,7123932343-00,6640393611-00
SCREW CFHHS M6x16 10.9 galvanized steel partly threaded,6082143397-00,7123932343-00,6640393611-00
White galvanized M6x16-10.9 Flat Head Hex Screw CFHHS A2K,6082143397-00,7123932343-00,6640393611-00
SCREW CFHHS M6x20-10.9 Hex Socket White galvanized,3793164435-00,9575584857-00,9503946395-00
M6x20-10.9 Countersunk Flat Head screw partly threaded,3793164435-00,9575584857-00,9503946395-00
Screw Hexagon Socket CFHHS THD A2K 20mm 10.9 galvanized,3793164435-00,9575584857-00,9503946395-00
M6x25 screw CFHHS THD A2K 10.9 galvanized steel,6640393611-00,1774298979-00,7035858829-00
Hexagon socket countersunk flat head screw M6x25 10.9,6640393611-00,1774298979-00,7035858829-00
White galvanized steel screw flat head hexagon socket M6x25-10.9,6640393611-00,1774298979-00,7035858829-00
screw M6x30 10.9 hex socket CFHHS partly threaded white galvanized,5560341153-00,5685286874-00,3461058488-00
countersunk flat head screw A2K M6x30-10.9 with hexagon socket,5560341153-00,5685286874-00,3461058488-00
M6x30-10.9 white galvanized steel screw CFHHS hex socket partly threaded,5560341153-00,5685286874-00,3461058488-00
M6x35 screw flat head hex socket partly threaded galvanized steel 10.9,4595789175-00,8178727713-00,5396269374-00
CFHHS screw A2K M6x35 hexagon socket white galvanized,4595789175-00,8178727713-00,5396269374-00
Part M6x35-10.9 countersunk screw partly threaded hex socket steel,4595789175-00,8178727713-00,5396269374-00
M6x40-10.9 screw countersunk flat head hex socket white galvanized steel,4675217838-00,4114944577-00,8081905519-00
CFHHS M6x40 10.9 partly threaded screw with hexagon socket,4675217838-00,4114944577-00,8081905519-00
hex socket screw M6x40-10.9 countersunk flat head galvanized steel,4675217838-00,4114944577-00,8081905519-00
CFHHS screw M6x45-10.9 partly threaded hex socket flat head,1815563881-00,4823204896-00,2982570583-00
screw M6x45 10.9 galv flat head CFSH,1815563881-00,4823204896-00,2982570583-00
galvanized steel countersunk screw M6x45-10.9 hex socket,1815563881-00,4823204896-00,2982570583-00
Screw M6x50-10.9 flat head countersunk partly threaded A2K,9715830174-00,3903406802-00,2674961440-00
CFHHS screw hex socket partly threaded M6x50 galvanized steel,9715830174-00,3903406802-00,2674961440-00
M6x50-10.9 white galvanized flat head screw with hexagon socket,9715830174-00,3903406802-00,2674961440-00
M8x12-10.9 hex socket screw CFHHS partly threaded white galvanized,5074445582-00,8625641545-00,9985673215-00
Countersunk flat head screw M8x12 10.9 A2K white galvanised,5074445582-00,8625641545-00,9985673215-00
Flat head hex screw M8x12 10.9 CFHHS partly thd white galv steel,5074445582-00,8625641545-00,9985673215-00
M8x16-10.9 hex socket screw CFHHS partly threaded white galvanized steel,4568894138-00,3132322870-00,2843799327-00
screw countersunk flat head M8x16-10.9 white galvanized A2K,4568894138-00,3132322870-00,2843799327-00
CFHHS screw M8x16 10.9 thd hexagon socket white galvanized steel,4568894138-00,3132322870-00,2843799327-00
M8x20-10.9 Hex Socket Countersunk Flat Head Screw,2598714111-00,7083538772-00,1732199075-00
CFHHS Partly threaded M8x20 screw White galvanized steel,2598714111-00,7083538772-00,1732199075-00
Screw A2K M8 20mm 10.9 white galvanized flat head,2598714111-00,7083538772-00,1732199075-00
M8x25-10.9 screw A2K hex socket countersunk flat head partly threaded white galvanized steel,3654387069-00,4501408104-00,4495204230-00
Countersunk flat head screw M8x25-10.9 hex socket A2K partly threaded,3654387069-00,4501408104-00,4495204230-00
SCREW M8x25-10.9 flat head hexagon socket white galvanized steel partly threaded,3654387069-00,4501408104-00,4495204230-00
SCREW M8x30 10.9 THD A2K White galvanized hex socket,6758858432-00,2971866041-00,3357157332-00
Countersunk Flat Head Screw M8x30-10.9 partly threaded,6758858432-00,2971866041-00,3357157332-00
M8x30 screw hex socket flat head A2K 10.9 galvanized,6758858432-00,2971866041-00,3357157332-00
M8x35-10.9 screw flat head hexagon socket partly threaded,8685260185-00,8782691424-00,4897352893-00
SCREW CFHHS M8 x 35 10.9 white galvanized steel,8685260185-00,8782691424-00,4897352893-00
Countersunk hex socket screw A2K M8 35mm 10.9 threaded,8685260185-00,8782691424-00,4897352893-00
M8x40-10.9 screw CFHHS partly threaded hexagon socket galvanized steel,6169214528-00,6986135211-00,9864328534-00
Countersunk Flat Head Hex Socket Screw M8 x 40 10.9 white galvanized,6169214528-00,6986135211-00,9864328534-00
Flat Head Screw M8 40mm 10.9 part threaded CFHHS hex socket galvanized,6169214528-00,6986135211-00,9864328534-00
M8x45-10.9 screw flat head hex socket partly threaded,3067769121-00,9117551575-00,9423853212-00
CFHHS screw A2K M8x45-10.9 white galvanized steel,3067769121-00,9117551575-00,9423853212-00
countersunk M8x45-10.9 screw hexagon socket part thread,3067769121-00,9117551575-00,9423853212-00
screw M8x50-10.9 CFHHS partly threaded hex socket white galvanized,5308978324-00,1063362084-00,6912749729-00
M8x50-10.9 countersunk flat head screw A2K hexagon socket,5308978324-00,1063362084-00,6912749729-00
flat head screw M8x50-10.9 white galvanized steel CFHHS partly thread,5308978324-00,1063362084-00,6912749729-00
M8x60-10.9 screw CFHHS partly threaded hexagon socket,5658151048-00,6400451842-00,1644223822-00
Hex socket countersunk flat head screw A2K M8x60-10.9,5658151048-00,6400451842-00,1644223822-00
SCREW M8x60 10.9 white galvanized CFHHS partly threaded,5658151048-00,6400451842-00,1644223822-00
M8x80-10.9 screw CFHHS partly threaded hex socket white galvanized,4514307030-00,9556016514-00,4974013062-00
countersunk flat head screw A2K M8x80 10.9 hexagon socket,4514307030-00,9556016514-00,4974013062-00
screw white galvanized steel M8 x 80 10.9 CFHHS countersunk,4514307030-00,9556016514-00,4974013062-00
M8x25-12.9 Countersunk Flat Head Screw Hex Socket Partly Thread Steel,3984480791-00,9991528053-00,2312811465-00
CFHHS Screw M8x25-12.9 Partly Threaded Flat Head Hexagon,3984480791-00,9991528053-00,2312811465-00
Steel Hex Socket Screw M8x25 12.9 CFHHS Countersunk Head,3984480791-00,9991528053-00,2312811465-00
SCREW M4x10 4.8 CFHS Flat Head Full Thread White Galvanized,5766840546-00,4704551666-00,6179478807-00
M4x10-4.8 Screw Countersunk Flat Head A2K Full Thread,5766840546-00,4704551666-00,6179478807-00
Full thread CFHS Screw Flat Head M4x10 White Galvanized Steel,5766840546-00,4704551666-00,6179478807-00
M4x20-4.8 white galvanized steel screw cfhs full thread,7242319851-00,5594889711-00,9422469846-00
countersunk flat head screw A2K M4x20 full thread,7242319851-00,5594889711-00,9422469846-00
SCREW CFHS M4x20-4.8 flat head slot galvanized,7242319851-00,5594889711-00,9422469846-00
SCREW M4x25 full thread countersunk flat head white galvanized A2K 4.8,5704325743-00,2427940069-00,3747273143-00
M4x25-4.8 screw CFHS full thread galvanized flat head,5704325743-00,2427940069-00,3747273143-00
full thread screw A2K M4x25 galvanized steel countersunk flat head,5704325743-00,2427940069-00,3747273143-00
M4x8-4.8 full thread screw flat head countersunk galvanized steel,5873849436-00,7099357687-00,8724841823-00
screw CFHS A2K M4x8-4.8 white galvanized steel,5873849436-00,7099357687-00,8724841823-00
countersunk flat head screw full thread M4x8-4.8 A2K,5873849436-00,7099357687-00,8724841823-00
CFHS M3x10 Brass screw full thread countersunk flat head,9941288707-00,9015214706-00,9688170406-00
M3x10 FULL THD CFHS screw brass countersunk flat head,9941288707-00,9015214706-00,9688170406-00
Screw M3x10 CFHS full thread brass countersunk flat head,9941288707-00,9015214706-00,9688170406-00
SCREW M4x30 4.8 FULL THD A2K CFHCH flat head galvanized,7611904021-00,6835570853-00,7818196723-00
Countersunk screw M4x30-4.8 white galvanized full thread,7611904021-00,6835570853-00,7818196723-00
Cross head screw CFHCH M4x30 4.8 full thread A2K,7611904021-00,6835570853-00,7818196723-00
SCREW 4x10 self threading galvanized A2K,6667303359-00,1052468184-00,9083509236-00
Raised head cross head screw 4x10 white galvanized steel,6667303359-00,1052468184-00,9083509236-00
4x10 RHCH self thd screw A2K galvanized,6667303359-00,1052468184-00,9083509236-00
SCREW M4x10-4.8 self tapping galvanized steel,5678708526-00,5178196899-00,9122072784-00
Raised head cross head screw A2K M4x10-4.8,5678708526-00,5178196899-00,9122072784-00
M4x10-4.8 screw white galvanized steel self threading,5678708526-00,5178196899-00,9122072784-00
Screw M4x16-4.8 self thread raised head galvanized A2K,6267553235-00,1883772598-00,8286072537-00
M4x16-4.8 white galvanized steel screw cross head self tapping,6267553235-00,1883772598-00,8286072537-00
raised head self threading screw A2K M4x16-4.8 galvanized steel,6267553235-00,1883772598-00,8286072537-00
BUSHER ZUVO dimensions,5627782037-00,1373505184-00,2806046120-00
ZUVO BUSHER specs,5627782037-00,1373505184-00,2806046120-00
specifications for BUSHER ZUVO,5627782037-00,1373505184-00,2806046120-00
BGL12C1816 BRONZE BUSHER,4937698724-00,8267716595-00,4429676008-00
BRONZE BUSHER model BGL12C1816,4937698724-00,8267716595-00,4429676008-00
BUSHER BGL12C1816 in bronze material,4937698724-00,8267716595-00,4429676008-00
BGL12C1830 BRONZE BUSHER,8700805601-00,2297518908-00,1826420970-00
BUSHER Bronze BGL12C1830,8700805601-00,2297518908-00,1826420970-00
BRONZE BUSHER with code BGL12C1830,8700805601-00,2297518908-00,1826420970-00
BUSHER BMC/TFP 1510,6298267102-00,1570116266-00,3208232197-00
BMC TFP 1510 BUSHER,6298267102-00,1570116266-00,3208232197-00
BUSHER 1510 model BMC/TFP,6298267102-00,1570116266-00,3208232197-00
BUSHER BRONZE PSM 607060 A51,7594836231-00,6861763791-00,6298201523-00
PSM 607060 A51 BUSHER BRONZE,7594836231-00,6861763791-00,6298201523-00
BUSHER BRONZE part number 607060 A51,7594836231-00,6861763791-00,6298201523-00
BUSHER MB 1510 DU BRONZE,5989045910-00,1432523498-00,8112929682-00
MB 1510 DU BRONZE BUSHER,5989045910-00,1432523498-00,8112929682-00
bronze BUSHER model MB 1510 DU,5989045910-00,1432523498-00,8112929682-00
BUSHER MB 2225 bronze,2514996460-00,5866832251-00,7594836231-00
MB 2225 DU BRONZE BUSHER,2514996460-00,5866832251-00,7594836231-00
bronze BUSHER MB2225,2514996460-00,5866832251-00,7594836231-00
BUSHER MB 2520 DU Bronze component,1547554553-00,2161661959-00,2514996460-00
Bronze BUSHER model MB 2520 DU,1547554553-00,2161661959-00,2514996460-00
MB 2520 DU BUSHER in bronze,1547554553-00,2161661959-00,2514996460-00
BUSHER MB 3030 DU BRONZE,7269638704-00,8081905519-00,1774298979-00
bronze BUSHER MB 3030 DU,7269638704-00,8081905519-00,1774298979-00
MB 3030 DU BUSHER bronze component,7269638704-00,8081905519-00,1774298979-00
BUSHER MB 4030 DU BRONZE,9019812829-00,1771445207-00,3687303022-00
MB4030 bronze bushing,9019812829-00,1771445207-00,3687303022-00
bronze bushing model MB 4030 DU,9019812829-00,1771445207-00,3687303022-00
BUSHER MB 85100 DU BRONZE part,5658261801-00,9895453927-00,5787003575-00
MB 85100 DU BRONZE BUSHER specifications,5658261801-00,9895453927-00,5787003575-00
bronze BUSHER MB 85100 DU,5658261801-00,9895453927-00,5787003575-00
BUSHER PAF 06070 P10 part,6467382367-00,9473357490-00,5732277571-00
PAF 06070 P10 BUSHER,6467382367-00,9473357490-00,5732277571-00
BUSHER PAF 06070 P10 specifications,6467382367-00,9473357490-00,5732277571-00
BUSHER PAF 06080 P10,6298201523-00,2501819648-00,7762471396-00
PAF 06080 P10 BUSHER,6298201523-00,2501819648-00,7762471396-00
06080 P10 BUSHER type PAF,6298201523-00,2501819648-00,7762471396-00
BUSHER PAF 08055 P10,1774298979-00,8230451596-00,3047152691-00
PAF 08055 P10 BUSHER,1774298979-00,8230451596-00,3047152691-00
BUSHER PAF 08055,1774298979-00,8230451596-00,3047152691-00
BUSHER PAF 08095 P10,7572878881-00,5419770835-00,7839026961-00
PAF 08095 P10 BUSHER,7572878881-00,5419770835-00,7839026961-00
BUSHER P10 08095,7572878881-00,5419770835-00,7839026961-00
BUSHER PAF 10070 P10,7882473440-00,5368655997-00,7839026961-00
PAF 10070 P10 BUSHER,7882473440-00,5368655997-00,7839026961-00
BUSHER 10070 P10,7882473440-00,5368655997-00,7839026961-00
BUSHER PAF 10090 P10,9015214706-00,6887895412-00,9181346928-00
PAF 10090 P10 BUSHER,9015214706-00,6887895412-00,9181346928-00
BUSHER PAF 10090,9015214706-00,6887895412-00,9181346928-00
Busher PAF 10120 P10,7792307856-00,8080092186-00,2779561943-00
PAF 10120 P10 Busher,7792307856-00,8080092186-00,2779561943-00
Busher PAF type 10120 P10,7792307856-00,8080092186-00,2779561943-00
BUSHER PAF 12090 P10,8953620793-00,3008254339-00,7827461347-00
PAF 12090 P10 BUSHER,8953620793-00,3008254339-00,7827461347-00
BUSHER PAF 12090 P10 part,8953620793-00,3008254339-00,7827461347-00
BUSHER PAF 12120 P11,3183211547-00,7688968790-00,6253052120-00
PAF 12120 P11 BUSHER,3183211547-00,7688968790-00,6253052120-00
BUSHER PAF 12120 P11 specifications,3183211547-00,7688968790-00,6253052120-00
BUSHER PAF 12170 P10,1027628233-00,1054349066-00,8583464876-00
PAF 12170 P10 BUSHER,1027628233-00,1054349066-00,8583464876-00
12170 P10 BUSHER,1027628233-00,1054349066-00,8583464876-00
BUSHER PAF 15090 P10 part number,7047810484-00,9572923199-00,1968600748-00
PAF 15090 P10 BUSHER component,7047810484-00,9572923199-00,1968600748-00
find BUSHER PAF15090P10,7047810484-00,9572923199-00,1968600748-00
BUSHER PAF 15120 P10,9463710625-00,1378514553-00,7839026961-00
PAF 15120 P10 BUSHER,9463710625-00,1378514553-00,7839026961-00
BUSHER PAF15120 P10,9463710625-00,1378514553-00,7839026961-00
BUSHER PAF 15170 P10,5737655993-00,9895453927-00,5732277571-00
PAF 15170 P10 BUSHER,5737655993-00,9895453927-00,5732277571-00
BUSHER PAF 15170,5737655993-00,9895453927-00,5732277571-00
BUSHER PAF 16120 P10 component,8308447551-00,5352015213-00,5392032523-00
PAF 16120 P10 BUSHER,8308447551-00,5352015213-00,5392032523-00
BUSHER type PAF 16120 P10,8308447551-00,5352015213-00,5392032523-00
BUSHER PAF 18120 P10,9635495583-00,4571590299-00,5345176211-00
PAF 18120 P10 BUSHER,9635495583-00,4571590299-00,5345176211-00
P10 BUSHER PAF 18120,9635495583-00,4571590299-00,5345176211-00
Busher PAF 18170 P10,3687303022-00,5331200037-00,8101295351-00
PAF 18170 Busher P10,3687303022-00,5331200037-00,8101295351-00
Busher P10 model 18170,3687303022-00,5331200037-00,8101295351-00
BUSHER PAF 18220 P10,6253052120-00,6970809125-00,2160677782-00
PAF 18220 P10 BUSHER,6253052120-00,6970809125-00,2160677782-00
BUSHER model PAF 18220 P10,6253052120-00,6970809125-00,2160677782-00
BUSHER PAF 20115 P10,2699455699-00,3055785881-00,1774611466-00
PAF 20115 P10 BUSHER,2699455699-00,3055785881-00,1774611466-00
20115 P10 BUSHER part,2699455699-00,3055785881-00,1774611466-00
BUSHER PAF 20115 P11,5392032523-00,4632171824-00,3941427155-00
P11 BUSHER PAF 20115,5392032523-00,4632171824-00,3941427155-00
PAF 20115 BUSHER type P11,5392032523-00,4632171824-00,3941427155-00
BUSHER PAF 20165 P11 component,8284236066-00,1094408086-00,1826420970-00
PAF 20165 P11 BUSHER material,8284236066-00,1094408086-00,1826420970-00
find BUSHER PAF 20165 P11 in database,8284236066-00,1094408086-00,1826420970-00
BUSHER PAF 20215 P10,9582710726-00,1171759738-00,8030213686-00
PAF 20215 P10 BUSHER,9582710726-00,1171759738-00,8030213686-00
BUSHER P10 model 20215,9582710726-00,1171759738-00,8030213686-00
BUSHER PAF 25115 P10,8112929682-00,1919151413-00,9181346928-00
PAF 25115 P10 BUSHER,8112929682-00,1919151413-00,9181346928-00
BUSHER PAF 25115,8112929682-00,1919151413-00,9181346928-00
BUSHER PAF 25215 P10 part,3941427155-00,7124833478-00,8583464876-00
Busher PAF 25215 P10 specifications,3941427155-00,7124833478-00,8583464876-00
PAF 25215 P10 Busher details,3941427155-00,7124833478-00,8583464876-00
BUSHER PAF 30160 P10,8030213686-00,4513626239-00,4163122733-00
BUSHER PAF 30160 P10 specs,8030213686-00,4513626239-00,4163122733-00
PAF 30160 P10 BUSHER,8030213686-00,4513626239-00,4163122733-00
Busher PAF 30260 P10,8174917101-00,7034847370-00,7839026961-00
PAF 30260 P10 Busher,8174917101-00,7034847370-00,7839026961-00
Busher type PAF 30260 P10,8174917101-00,7034847370-00,7839026961-00
BUSHER PAF 35260 P10,1641822704-00,9962012008-00,1946388169-00
PAF 35260 P10 BUSHER,1641822704-00,9962012008-00,1946388169-00
BUSHER PAF part number 35260 P10,1641822704-00,9962012008-00,1946388169-00
BUSHER PAF 40260 P10,1774611466-00,4321444789-00,2779561943-00
PAF 40260 P10 BUSHER,1774611466-00,4321444789-00,2779561943-00
BUSHER PAF 40260,1774611466-00,4321444789-00,2779561943-00
BUSHER PAP 0606 P10,3163078234-00,3980242882-00,3822575538-00
PAP BUSHER 0606 P10,3163078234-00,3980242882-00,3822575538-00
0606 P10 BUSHER PAP,3163078234-00,3980242882-00,3822575538-00
BUSHER PAP 0608 P10,4429676008-00,3555796952-00,2494634256-00
PAP 0608 P10 BUSHER,4429676008-00,3555796952-00,2494634256-00
P10 BUSHER PAP 0608,4429676008-00,3555796952-00,2494634256-00
BUSHER 0610 P10 PAP,6477628898-00,2942663287-00,2806046120-00
PAP 0610 BUSHER P10,6477628898-00,2942663287-00,2806046120-00
BUSHER PAP P10 0610,6477628898-00,2942663287-00,2806046120-00
BUSHER PAP 0812 P10,2483257253-00,7531996245-00,8760874283-00
PAP 0812 P10 BUSHER,2483257253-00,7531996245-00,8760874283-00
BUSHER part number P10 0812,2483257253-00,7531996245-00,8760874283-00
BUSHER PAP 10060 P10,8760874283-00,3904441491-00,1641822704-00
PAP 10060 P10 BUSHER,8760874283-00,3904441491-00,1641822704-00
BUSHER P10 part number 10060,8760874283-00,3904441491-00,1641822704-00
BUSHER PAP 1008 P10,3397156269-00,6944966855-00,3047152691-00
PAP 1008 P10 BUSHER,3397156269-00,6944966855-00,3047152691-00
1008 P10 BUSHER type PAP,3397156269-00,6944966855-00,3047152691-00
BUSHER PAP 1010 P10,3617522161-00,2700123943-00,8811987705-00
PAP 1010 P10 BUSHER,3617522161-00,2700123943-00,8811987705-00
BUSHER P10 model 1010,3617522161-00,2700123943-00,8811987705-00
BUSHER PAP P10 1012,4519349320-00,2807690610-00,6477628898-00
PAP 1012 BUSHER P10,4519349320-00,2807690610-00,6477628898-00
BUSHER 1012 P10 PAP,4519349320-00,2807690610-00,6477628898-00
Busher PAP 12060 P10,3047152691-00,6478345925-00,3208232197-00
12060 P10 Busher PAP,3047152691-00,6478345925-00,3208232197-00
PAP Busher 12060 P10,3047152691-00,6478345925-00,3208232197-00
Busher PAP 1208 P10,6139201504-00,3358964777-00,5627782037-00
PAP 1208 P10 Busher,6139201504-00,3358964777-00,5627782037-00
P10 Busher 1208 PAP,6139201504-00,3358964777-00,5627782037-00
BUSHER PAP 1210 P10,9514707216-00,3409610748-00,2494634256-00
PAP 1210 P10 BUSHER,9514707216-00,3409610748-00,2494634256-00
BUSHER P10 model 1210,9514707216-00,3409610748-00,2494634256-00
Busher PAP 1212 P10,5954303285-00,9985019990-00,1686558964-00
PAP 1212 P10 Busher,5954303285-00,9985019990-00,1686558964-00
Busher P10 model 1212,5954303285-00,9985019990-00,1686558964-00
Busher PAP 1215 P10,5839883350-00,2743205990-00,6298201523-00
PAP 1215 P10 Busher,5839883350-00,2743205990-00,6298201523-00
P10 Busher 1215 PAP,5839883350-00,2743205990-00,6298201523-00
Busher PAP 1220 P10,8811987705-00,2739077386-00,7714999073-00
PAP bush BUSHER 1220 P10,8811987705-00,2739077386-00,7714999073-00
1220 P10 Busher PAP,8811987705-00,2739077386-00,7714999073-00
BUSHER PAP 1415 P10,7078889404-00,6655726866-00,8101295351-00
PAP 1415 P10 BUSHER,7078889404-00,6655726866-00,8101295351-00
P10 BUSHER PAP 1415,7078889404-00,6655726866-00,8101295351-00
BUSHER PAP 1415 P10 7078889404-00 replacement,3047841491-00,6145820055-00,1641822704-00
replace BUSHER PAP 1415 P10 with 7078889404-00,3047841491-00,6145820055-00,1641822704-00
BUSHER PAP 1415 P10 repl 7078889404-00,3047841491-00,6145820055-00,1641822704-00
BUSHER PAP 1425 P10,9786803570-00,4925955239-00,6184974473-00
PAP 1425 P10 BUSHER,9786803570-00,4925955239-00,6184974473-00
BUSHER 1425 P10,9786803570-00,4925955239-00,6184974473-00
BUSHER PAP 15060 P10,5345176211-00,6036804021-00,7594836231-00
PAP BUSHER 15060 P10,5345176211-00,6036804021-00,7594836231-00
BUSHER P10 15060,5345176211-00,6036804021-00,7594836231-00
Busher PAP 1512 P10,9181346928-00,5217076625-00,5732277571-00
PAP 1512 P10 Busher,9181346928-00,5217076625-00,5732277571-00
1512 P10 Busher type PAP,9181346928-00,5217076625-00,5732277571-00
PAP 1515 P10 busher,2233760591-00,1040011022-00,6298201523-00
bushing PAP1515 P10,2233760591-00,1040011022-00,6298201523-00
P10 series busher 15x15,2233760591-00,1040011022-00,6298201523-00
PAP 1520 P10 busher,6796505905-00,5658151048-00,2233760591-00
bushing type PAP1520 P10,6796505905-00,5658151048-00,2233760591-00
PAP1520 P10 bushing part,6796505905-00,5658151048-00,2233760591-00
PAP 1610 P10 bushing,7714999073-00,2891067891-00,5737655993-00
busher type PAP1610 P10,7714999073-00,2891067891-00,5737655993-00
PAP-1610 P10 bush,7714999073-00,2891067891-00,5737655993-00
PAP 1612 P10 busher,4703197479-00,2103822303-00,7572878881-00
bushing P10 type PAP 1612,4703197479-00,2103822303-00,7572878881-00
PAP1612 P10 busher specs,4703197479-00,2103822303-00,7572878881-00
PAP 1615 P10 bushing,5214347101-00,1290053134-00,2494634256-00
busher type PAP1615 P10,5214347101-00,1290053134-00,2494634256-00
P10 bush PAP 1615,5214347101-00,1290053134-00,2494634256-00
PAP 1620 P10 busher,5216498526-00,8707135493-00,2494634256-00
bushing PAP 1620/P10,5216498526-00,8707135493-00,2494634256-00
BUSHER type PAP 1620 P10,5216498526-00,8707135493-00,2494634256-00
PAP 1625 P10 busher,5474448232-00,7497806643-00,3617522161-00
BUSHER type PAP 1625 P10,5474448232-00,7497806643-00,3617522161-00
PAP1625 P10 bushing,5474448232-00,7497806643-00,3617522161-00
PAP 1815 P10 busher,1968600748-00,5645656566-00,7047810484-00
bushing type PAP 1815 P10,1968600748-00,5645656566-00,7047810484-00
find BUSHER P10 1815 PAP,1968600748-00,5645656566-00,7047810484-00
PAP 1820 P10 busher,3103452341-00,7936708706-00,3941427155-00
bushing type PAP1820 P10,3103452341-00,7936708706-00,3941427155-00
PAP-1820/P10 bushing,3103452341-00,7936708706-00,3941427155-00
PAP 2010 bushing P10 type,2806046120-00,7745245765-00,8764064664-00
BUSHER P10 PAP2010,2806046120-00,7745245765-00,8764064664-00
PAP2010 bearing P10 busher,2806046120-00,7745245765-00,8764064664-00
PAP 2015 P10 busher,3149495518-00,9715830174-00,8583464876-00
bushing PAP-2015 P10,3149495518-00,9715830174-00,8583464876-00
bush PAP2015/P10,3149495518-00,9715830174-00,8583464876-00
PAP 2020 P10 bushing,7839026961-00,4676557703-00,2779561943-00
BUSHER type PAP2020 P10,7839026961-00,4676557703-00,2779561943-00
P10 bush PAP2020,7839026961-00,4676557703-00,2779561943-00
PAP 2020 P10 bushing,7839026961-00,5364960095-00,1547554553-00
BUSHER P10 PAP2020,7839026961-00,5364960095-00,1547554553-00
PAP2020 BUSHER size 2020 P10,7839026961-00,5364960095-00,1547554553-00
PAP 2025 P10 busher,3433772587-00,4283635832-00,9463710625-00
bushing PAP2025 P10,3433772587-00,4283635832-00,9463710625-00
busher type PAP 2025/P10,3433772587-00,4283635832-00,9463710625-00
busher pap 2030 p10,6184974473-00,6129590427-00,6253052120-00
PAP 2030 P10 bushing part,6184974473-00,6129590427-00,6253052120-00
p10 pap2030 busher specs,6184974473-00,6129590427-00,6253052120-00
PAP 220100 P10 busher,5440625674-00,1673205948-00,3433772587-00
bushing PAP 220100 / P10,5440625674-00,1673205948-00,3433772587-00
find BUSHER type PAP 220100 P10,5440625674-00,1673205948-00,3433772587-00
PAP 2220 P10 busher,1134871499-00,2203707952-00,9635495583-00
bushing PAP2220 type P10,1134871499-00,2203707952-00,9635495583-00
PAP-2220 P10 bushing parts,1134871499-00,2203707952-00,9635495583-00
PAP 2430 bushing P10,2494634256-00,3355330845-00,9635495583-00
BUSHER P10 type PAP2430,2494634256-00,3355330845-00,9635495583-00
PAP2430 2430/P10 bushing,2494634256-00,3355330845-00,9635495583-00
PAP 2515 P10 bushing,5732277571-00,6721180302-00,6253052120-00
BUSHER size 2515 type PAP P10,5732277571-00,6721180302-00,6253052120-00
PAP2515/P10 bush,5732277571-00,6721180302-00,6253052120-00
PAP 2520 P10 bushing,1826420970-00,4559775853-00,7792307856-00
busher type PAP2520 P10,1826420970-00,4559775853-00,7792307856-00
PAP 2520/P10 bush,1826420970-00,4559775853-00,7792307856-00
PAP 2525 P10 busher,4163122733-00,7946949392-00,1134871499-00
bushing PAP2525/P10,4163122733-00,7946949392-00,1134871499-00
BUSHER type PAP 2525 size P10,4163122733-00,7946949392-00,1134871499-00
PAP 2530 P10 busher,1946388169-00,1721477118-00,8174917101-00
bushing P10 type PAP 2530,1946388169-00,1721477118-00,8174917101-00
bush PAP 2530/P10,1946388169-00,1721477118-00,8174917101-00
PAP 2820 P10 busher,7827461347-00,1871542232-00,7792307856-00
bushing type PAP 2820 P10,7827461347-00,1871542232-00,7792307856-00
PAP2820 P10 bush,7827461347-00,1871542232-00,7792307856-00
PAP 2830 P10 busher,8358189939-00,5621711058-00,7047810484-00
bushing PAP2830 P10,8358189939-00,5621711058-00,7047810484-00
P10 bush PAP 2830,8358189939-00,5621711058-00,7047810484-00
PAP 3015 P10 bushing,8096244744-00,7976283257-00,9786803570-00
BUSHER type PAP 3015/P10,8096244744-00,7976283257-00,9786803570-00
bush PAP3015P10 specs,8096244744-00,7976283257-00,9786803570-00
PAP 3020 P10 bushing,1686558964-00,6056086096-00,1774611466-00
BUSHER P10 type 3020,1686558964-00,6056086096-00,1774611466-00
PAP 3020 bushing P10,1686558964-00,6056086096-00,1774611466-00
PAP 3025 busher P10,2714088785-00,5479560822-00,5737655993-00
bushing PAP3025 type P10,2714088785-00,5479560822-00,5737655993-00
P10 busher 3025 PAP,2714088785-00,5479560822-00,5737655993-00
PAP 3030 P10 busher,8583464876-00,6970809125-00,7839026961-00
bushing PAP3030 P10,8583464876-00,6970809125-00,7839026961-00
P10 PAP 3030 busher,8583464876-00,6970809125-00,7839026961-00
PAP 3040 P10 busher,2160677782-00,7395059843-00,6467382367-00
bushing PAP3040 P10,2160677782-00,7395059843-00,6467382367-00
P10 PAP 3040 bush,2160677782-00,7395059843-00,6467382367-00
PAP 3530 P10 bushing,3508567827-00,1809871854-00,2806046120-00
BUSHER P10 size 3530,3508567827-00,1809871854-00,2806046120-00
PAP 3530 plain bearing,3508567827-00,1809871854-00,2806046120-00
PAP 3540 P10 busher,4934808632-00,2952661606-00,6477628898-00
BUSHER type PAP3540/P10,4934808632-00,2952661606-00,6477628898-00
bushing PAP-3540 P10,4934808632-00,2952661606-00,6477628898-00
PAP 3550 P10 busher,3081287116-00,9855194441-00,4519349320-00
bushing type PAP 3550 P10,3081287116-00,9855194441-00,4519349320-00
PAP3550 P10 bush,3081287116-00,9855194441-00,4519349320-00
PAP 3550 busher P20,1211141021-00,1746469094-00,6796505905-00
bushing P20 type PAP3550,1211141021-00,1746469094-00,6796505905-00
PAP 3550 bushing material code P20,1211141021-00,1746469094-00,6796505905-00
PAP 4020 P10 busher,6833265528-00,3300579673-00,5732277571-00
bushing PAP 4020/P10,6833265528-00,3300579673-00,5732277571-00
BUSHER P10 4020 series,6833265528-00,3300579673-00,5732277571-00
PAP 4040 bushing P10,3822575538-00,9910910852-00,3047152691-00
BUSHER P10 type PAP4040,3822575538-00,9910910852-00,3047152691-00
PAP 4040 bush p10,3822575538-00,9910910852-00,3047152691-00
PAP 4050 P10 bushing,6058211450-00,5766840546-00,6184974473-00
BUSHER type PAP4050 size P10,6058211450-00,5766840546-00,6184974473-00
PAP4050 busher P10 specification,6058211450-00,5766840546-00,6184974473-00
PAP 4530 P10 bushing,5787003575-00,7337262832-00,4163122733-00
BUSHER P10 type 4530,5787003575-00,7337262832-00,4163122733-00
PAP 4530/P10 BUSHER search,5787003575-00,7337262832-00,4163122733-00
PAP 4550 P10 bushing,2779561943-00,6758530756-00,6477628898-00
BUSHER P10 type PAP 4550,2779561943-00,6758530756-00,6477628898-00
PAP 4550 busher P10 specification,2779561943-00,6758530756-00,6477628898-00
PAP 5040 P10 bushing,3185373673-00,7531996245-00,9015214706-00
BUSHER type PAP5040 P10,3185373673-00,7531996245-00,9015214706-00
bushing PAP 5040/P10,3185373673-00,7531996245-00,9015214706-00
PAP 5060 P10 bushing,4332667820-00,5066546121-00,7047810484-00
BUSHER type PAP 5060 P10,4332667820-00,5066546121-00,7047810484-00
PAP 5060 P10 bush,4332667820-00,5066546121-00,7047810484-00
PAP 6030 P10 busher,8101295351-00,7056352833-00,8700805601-00
busher P10 type PAP 6030,8101295351-00,7056352833-00,8700805601-00
PAP6030/P10 busher search,8101295351-00,7056352833-00,8700805601-00
PAP 7050 P10 busher,3208232197-00,4005656361-00,4163122733-00
bushing PAP7050 P10,3208232197-00,4005656361-00,4163122733-00
P10 bushing type PAP 7050,3208232197-00,4005656361-00,4163122733-00
bearing cage PLAVEN T7130,8764064664-00,6179478807-00,3047152691-00
PLAVEN T7130 bearing/cage,8764064664-00,6179478807-00,3047152691-00
"BEARING CAGE, material PLAVEN T7130",8764064664-00,6179478807-00,3047152691-00
WHASER D20x26x15 washer size,7762471396-00,2720683655-00,8760874283-00
D20x26x15 WHASER part,7762471396-00,2720683655-00,8760874283-00
washer 20x26x15 WHASER,7762471396-00,2720683655-00,8760874283-00
washer LS 100135 cylindrical/needle roller thrust bearing,4005656361-00,5552184374-00,7349941438-00
LS 100135 washer for roller thrust bearing (C/N type),4005656361-00,5552184374-00,7349941438-00
cylindrical needle roller bearing washer LS100135,4005656361-00,5552184374-00,7349941438-00
LS 120155 washer for cylindrical/needle roller thrust bearing,3728612861-00,2789360096-00,6543774793-00
cylindrical needle roller thrust bearing washer LS 120155,3728612861-00,2789360096-00,6543774793-00
WASHER C/N ROLLER THR-BEARING LS 120155,3728612861-00,2789360096-00,6543774793-00
LS 1226 washer cylindrical/needle roller thrust bearing,5827014141-00,8106800184-00,2256841335-00
thrust bearing washer for C/N roller type LS1226,5827014141-00,8106800184-00,2256841335-00
cylindrical needle roller thrust bearing washer LS-1226,5827014141-00,8106800184-00,2256841335-00
LS 140180 washer for cylindrical/needle roller thrust bearing,1268066289-00,5787199712-00,4005656361-00
cylindrical & needle roller thrust bearing washer LS 140180,1268066289-00,5787199712-00,4005656361-00
washer C/N ROLLER THR-BEARING LS140180,1268066289-00,5787199712-00,4005656361-00
washer for cylindrical/needle roller thrust bearing LS 1528,6365943916-00,6530333098-00,9556016514-00
LS 1528 thrust bearing washer cylinder & needle roller type,6365943916-00,6530333098-00,9556016514-00
C/N roller thrust bearing washer LS 1528,6365943916-00,6530333098-00,9556016514-00
LS 4060 washer cylindrical needle roller thrust bearing,7452840785-00,9313557687-00,2256841335-00
washer c/n roller thrust bearing LS 4060,7452840785-00,9313557687-00,2256841335-00
thrust bearing washer for cylindrical & needle roller LS 4060,7452840785-00,9313557687-00,2256841335-00
washer for cylindrical needle roller thrust bearing LS 6590,7751355997-00,5120130739-00,8262411778-00
LS 6590 roller thrust bearing washer C/N,7751355997-00,5120130739-00,8262411778-00
thrust bearing washer cylindrical needle roller LS6590,7751355997-00,5120130739-00,8262411778-00
washer for cylindrical needle roller thrust bearing LS 90120,5979277982-00,2170650291-00,1473554121-00
LS 90120 thrust bearing washer C/N roller,5979277982-00,2170650291-00,1473554121-00
thrust roller bearing washer type LS 90120 cylindrical needle,5979277982-00,2170650291-00,1473554121-00
washer for needle roller thrust bearing AS 0515,3245717955-00,5065362985-00,3728612861-00
needle roller thrust bearing washer AS-0515,3245717955-00,5065362985-00,3728612861-00
washer N roller thrust bearing AS0515,3245717955-00,5065362985-00,3728612861-00
washer for needle roller thrust bearing AS 0619,1953221694-00,1142825332-00,5979277982-00
AS 0619 needle roller thrust-bearing washer,1953221694-00,1142825332-00,5979277982-00
washer N. roller thr-bearing type AS 0619,1953221694-00,1142825332-00,5979277982-00
washer for needle roller thrust bearing AS 100135,8262411778-00,9164921243-00,1811269553-00
needle roller thrust bearing washer AS 100135,8262411778-00,9164921243-00,1811269553-00
AS 100135 thrust bearing needle roller washer,8262411778-00,9164921243-00,1811269553-00
washer for AS 120155 needle roller thrust bearing,1473554121-00,7489900871-00,5827014141-00
AS 120155 washer needle roller thrust-bearing,1473554121-00,7489900871-00,5827014141-00
needle roller thrust-bearing AS 120155 washer part,1473554121-00,7489900871-00,5827014141-00
washer for needle roller thrust bearing AS 1226,6765111973-00,2656138952-00,7452840785-00
thrust bearing washer AS1226 needle roller type,6765111973-00,2656138952-00,7452840785-00
N roller thrust bearing washer part AS 1226,6765111973-00,2656138952-00,7452840785-00
washer for needle roller thrust bearing AS 140180,1811269553-00,5581332631-00,1171759738-00
AS 140180 needle roller thrust bearing washer,1811269553-00,5581332631-00,1171759738-00
thrust bearing washer AS 140180 needle roller type,1811269553-00,5581332631-00,1171759738-00
washer for needle roller thrust bearing AS 2542,7349941438-00,3185373673-00,2256841335-00
AS 2542 washer N. roller thrust bearing,7349941438-00,3185373673-00,2256841335-00
needle roller thrust bearing washer AS2542,7349941438-00,3185373673-00,2256841335-00
washer for needle roller thrust bearing AS 4060,9556016514-00,7734476041-00,1473554121-00
AS 4060 needle roller thrust bearing washer,9556016514-00,7734476041-00,1473554121-00
thrust bearing AS 4060 washer for needle roller type,9556016514-00,7734476041-00,1473554121-00
washer for needle roller thrust bearing AS 6590,2256841335-00,1883772598-00,6365943916-00
thrust bearing washer AS 6590 needle roller,2256841335-00,1883772598-00,6365943916-00
AS 6590 washer for roller thrust bearings,2256841335-00,1883772598-00,6365943916-00
washer for needle roller thrust bearing AS 90120,1171759738-00,4694010433-00,4005656361-00
needle roller thrust bearing washer AS 90120,1171759738-00,4694010433-00,4005656361-00
AS 90120 washer n. roller thr-bearing part,1171759738-00,4694010433-00,4005656361-00
washer for needle roller thrust bearing CP1.5100135,6360710927-00,1818734295-00,1171759738-00
CP1.5100135 washer needle roller thrust bearing,6360710927-00,1818734295-00,1171759738-00
washer n roller thrust bearing type CP1.5100135,6360710927-00,1818734295-00,1171759738-00
washer for needle roller thrust bearing CP1.5120155,9535092488-00,4568894138-00,1171759738-00
thrust bearing washer needle roller CP1.5120155,9535092488-00,4568894138-00,1171759738-00
CP1.5120155 washer needle roller thrust-bearing,9535092488-00,4568894138-00,1171759738-00
washer for needle roller thrust bearing CP 8 16,6543774793-00,5997622662-00,1953221694-00
thrust bearing washer CP 8 16 needle roller type,6543774793-00,5997622662-00,1953221694-00
"CP 8 16 washer, needle roller thrust bearing accessory",6543774793-00,5997622662-00,1953221694-00
washer zuvo prt-04-60-dri,8370007751-00,6005248041-00,2256841335-00
zuvo prt-04-60-dri washer,8370007751-00,6005248041-00,2256841335-00
prt-04-60-dri zuvo washer,8370007751-00,6005248041-00,2256841335-00
thrust washer PAW26 P10,7136905351-00,3913717318-00,4005656361-00
PAW 26 P10 thrust washer,7136905351-00,3913717318-00,4005656361-00
washer thrust model PAW26 P10,7136905351-00,3913717318-00,4005656361-00
thrust washer PAW 32 P10,5643762042-00,1016512264-00,7136905351-00
PAW 32 P10 thrust washer,5643762042-00,1016512264-00,7136905351-00
thrust washer paw 32 p10 component,5643762042-00,1016512264-00,7136905351-00
thrust washer PAW 52 type P10,1321057021-00,1130811379-00,7452840785-00
PAW 52 P10 thrust washer,1321057021-00,1130811379-00,7452840785-00
washer thrust PAW 52 P10 model,1321057021-00,1130811379-00,7452840785-00
support rollers NATV 15 PPXA,9192194133-00,3409610748-00,7821834815-00
NATV 15 PPXA roller support,9192194133-00,3409610748-00,7821834815-00
NATV 15 PPXA support rollers parts,9192194133-00,3409610748-00,7821834815-00
support roller NA 22/6.2RSX,5720179105-00,7283136748-00,9103470507-00
NA 22/6.2RSX type support roller,5720179105-00,7283136748-00,9103470507-00
roller support model NA 22/6.2RSX,5720179105-00,7283136748-00,9103470507-00
support roller NA 22 8.2RS,7664309470-00,6954730411-00,7821834815-00
NA 22/8.2RS support roller,7664309470-00,6954730411-00,7821834815-00
support roller type NA22 8.2RS,7664309470-00,6954730411-00,7821834815-00
support roller NA 2203.2RS,9103470507-00,9111163930-00,4613363443-00
roller support NA2203.2RS,9103470507-00,9111163930-00,4613363443-00
NA 2203.2RS support roller part,9103470507-00,9111163930-00,4613363443-00
support roller NA 2203.2RSX,4643465183-00,9588849110-00,5958696916-00
NA 2203.2RSX support roller,4643465183-00,9588849110-00,5958696916-00
roller support NA 2203.2RSX,4643465183-00,9588849110-00,5958696916-00
support roller NATR 25,2942663287-00,9824739935-00,7664309470-00
NATR 25 support roller,2942663287-00,9824739935-00,7664309470-00
roller support type NATR 25,2942663287-00,9824739935-00,7664309470-00
support roller NATV 12,4613363443-00,1207395784-00,3196966778-00
NATV 12 support roller,4613363443-00,1207395784-00,3196966778-00
roller support model NATV12,4613363443-00,1207395784-00,3196966778-00
support roller NATV 20,6906098423-00,4918161903-00,5958696916-00
NATV20 support roller,6906098423-00,4918161903-00,5958696916-00
roller support model NATV 20,6906098423-00,4918161903-00,5958696916-00
support roller model STO 15,5958696916-00,2351386675-00,4893561425-00
STO 15 support roller,5958696916-00,2351386675-00,4893561425-00
roller support STO 15 type,5958696916-00,2351386675-00,4893561425-00
cam roller 305702 c-2z bearing,3196966778-00,2427940069-00,9192194133-00
305702 c-2z cam roller bearing,3196966778-00,2427940069-00,9192194133-00
cam roller bearing model 305702 C-2Z,3196966778-00,2427940069-00,9192194133-00
cam roller 305807 C-2Z bearing,7821834815-00,8631876834-00,4743934823-00
305807 C-2Z cam roller,7821834815-00,8631876834-00,4743934823-00
cam roller bearing code 305807 C-2Z,7821834815-00,8631876834-00,4743934823-00
cam roller 361200 R,9265943440-00,9387064486-00,3196966778-00
361200 R cam roller,9265943440-00,9387064486-00,3196966778-00
cam roller model 361200 R,9265943440-00,9387064486-00,3196966778-00
cam roller 361204 r,4893561425-00,4598714933-00,5958696916-00
361204 r cam roller,4893561425-00,4598714933-00,5958696916-00
roller cam 361204 r,4893561425-00,4598714933-00,5958696916-00
track roller lfr 5301 kdd,4743934823-00,4214798508-00,6906098423-00
lfr 5301 kdd track roller,4743934823-00,4214798508-00,6906098423-00
track roller model lfr5301kdd,4743934823-00,4214798508-00,6906098423-00
needle roller bearing NRB 2.5x9.8 G2,6428135444-00,7071447618-00,4047319682-00
"NRB needle roller 2,5 by 9,8 G2 type",6428135444-00,7071447618-00,4047319682-00
needle roller NRB 2.5x9.8 G2 size bearings,6428135444-00,7071447618-00,4047319682-00
needle roller b3 x 27.8 g2,1501058271-00,1134871499-00,8758900044-00
b3x27.8 g2 needle roller,1501058271-00,1134871499-00,8758900044-00
needle roller type b3 size 27.8 g2,1501058271-00,1134871499-00,8758900044-00
needle roller ZEB B3 x 9.8 G2,4078903042-00,6711939733-00,2735987175-00
"ZEB needle roller bearing B3x9,8/G2",4078903042-00,6711939733-00,2735987175-00
"B3x9.8 G2 needle roller, ZEB brand",4078903042-00,6711939733-00,2735987175-00
needle roller bearing RN 2x9.8 BF/G2,7212218295-00,5678708526-00,1501058271-00
RN-2 x 9.8 needle roller BF G2,7212218295-00,5678708526-00,1501058271-00
BF/G2 RN 2 by 9.8 needle roller bearing,7212218295-00,5678708526-00,1501058271-00
needle roller RN 3x9.8 BF G2,7034847370-00,5595912099-00,3379105488-00
RN-3x9.8 needle roller BF/G2 type,7034847370-00,5595912099-00,3379105488-00
roller needle RN3x9.8 BF G2 component,7034847370-00,5595912099-00,3379105488-00
cylindrical rollers B3x11.8 G2,8625641545-00,7808173269-00,6980772817-00
"B3x11,8 G2 cylindrical roller",8625641545-00,7808173269-00,6980772817-00
rollers cylindrical B3 by 11.8 G2,8625641545-00,7808173269-00,6980772817-00
ZEB cylindrical rollers 3.5 x 15.8 G2,3379105488-00,9708781245-00,8625641545-00
"cylindrical roller ZEB 3,5 by 15,8 G2",3379105488-00,9708781245-00,8625641545-00
ZEB rollers cylindrical 3.5x15.8 G2,3379105488-00,9708781245-00,8625641545-00
tpw cylindrical rollers 12x18,4527880773-00,7371808107-00,1501058271-00
cylindrical roller tpw size 12 by 18,4527880773-00,7371808107-00,1501058271-00
tpw 12x18 roller cylindrical type,4527880773-00,7371808107-00,1501058271-00
cylindrical rollers tpw 6 x 25 size,6980772817-00,8038770021-00,7212218295-00
tpw cylindrical roller bearing 6x25,6980772817-00,8038770021-00,7212218295-00
6 by 25 tpw cylindrical rollers,6980772817-00,8038770021-00,7212218295-00
cylindrical rollers TPW 6x50,6114708424-00,8943879072-00,1501058271-00
TPW rollers cylindrical 6 50 mm,6114708424-00,8943879072-00,1501058271-00
6x50 TPW cylindrical roller bearings,6114708424-00,8943879072-00,1501058271-00
TPW cylindrical rollers 6x6 dimensions,7952451883-00,9990793220-00,8281473503-00
cylindrical roller TPW 6 by 6 size,7952451883-00,9990793220-00,8281473503-00
6x6 TPW roller cylindrical type,7952451883-00,9990793220-00,8281473503-00
cylindrical roller rc 20x20 c,8051335606-00,7821257699-00,6429617186-00
rc type c cylindrical rollers 20 by 20,8051335606-00,7821257699-00,6429617186-00
20x20 rc cylindrical roller c series,8051335606-00,7821257699-00,6429617186-00
cylindrical rollers RC 12x12,6429617186-00,6506566613-00,7212218295-00
RC-12x12 cylindrical roller,6429617186-00,6506566613-00,7212218295-00
rollers cylindrical RC 12 by 12,6429617186-00,6506566613-00,7212218295-00
cylindrical rollers RC 5x10 C,4047319682-00,4385962679-00,7952451883-00
RC-5x10 C cylindrical roller bearings,4047319682-00,4385962679-00,7952451883-00
rollers cylindrical RC 5 by 10 type C,4047319682-00,4385962679-00,7952451883-00
cylindrical rollers RC 6x12 type C,7585838948-00,6010207047-00,2211636078-00
RC-6x12 cylindrical roller C,7585838948-00,6010207047-00,2211636078-00
roller cylindrical RC 6 by 12 C type,7585838948-00,6010207047-00,2211636078-00
cylindrical rollers RC 8x8,8281473503-00,7573797526-00,7952451883-00
RC-8x8 cylindrical roller,8281473503-00,7573797526-00,7952451883-00
RC 8x8 roller cylindrical type,8281473503-00,7573797526-00,7952451883-00
cylindrical rollers rc 8x8 c,4982032276-00,2642506992-00,3379105488-00
rc-8x8 c type cylindrical roller,4982032276-00,2642506992-00,3379105488-00
rollers cylindrical rc 8 x 8 c,4982032276-00,2642506992-00,3379105488-00
guide roller PFVR 35,2735987175-00,2265233032-00,6114708424-00
PFVR 35 guide roller,2735987175-00,2265233032-00,6114708424-00
roller guide model PFVR 35,2735987175-00,2265233032-00,6114708424-00
TRANSPALLET roller vro D80 art 1520cc,2211636078-00,5997622662-00,8758900044-00
roller lagger art.1520cc diameter 80 for transpallet,2211636078-00,5997622662-00,8758900044-00
transpallet roller D80 article 1520cc replacement part,2211636078-00,5997622662-00,8758900044-00
trans pallet roller 70mm art 1529cc,8758900044-00,1211141021-00,6114708424-00
art 1529cc roller D70 for trans pallet,8758900044-00,1211141021-00,6114708424-00
transpalet roller vro d70 art.1529cc,8758900044-00,1211141021-00,6114708424-00
transpalette roller vro 1712cc diameter 85,5092984113-00,1964769773-00,4078903042-00
roller vro for transpalet art 1712cc d85,5092984113-00,1964769773-00,4078903042-00
d85 roller vro art 1712cc transpalet component,5092984113-00,1964769773-00,4078903042-00
ball bearing unit FYC 30 TF,7954596083-00,4069051559-00,2748816495-00
FYC30TF ball bearing assembly,7954596083-00,4069051559-00,2748816495-00
bearing unit type FYC 30 TF,7954596083-00,4069051559-00,2748816495-00
ball bearing unit FYC 30 TF,7954596083-00,3878640170-00,2032105748-00
FYC 30 TF ball bearing unit,7954596083-00,3878640170-00,2032105748-00
unit ball bearing model FYC 30 TF,7954596083-00,3878640170-00,2032105748-00
ball bearing unit model FYC 35 TF,1318185697-00,9214170501-00,2036427045-00
FYC 35 TF ball bearing assembly,1318185697-00,9214170501-00,2036427045-00
bearing unit FYC35TF type ball,1318185697-00,9214170501-00,2036427045-00
ball bearing unit FYC 35 TF,1318185697-00,4230197672-00,6711268221-00
FYC 35 TF ball bearing assembly,1318185697-00,4230197672-00,6711268221-00
bearing unit type FYC 35 TF,1318185697-00,4230197672-00,6711268221-00
ball bearing unit FYC 35 TF,1318185697-00,7287424213-00,3634085133-00
FYC 35 TF ball bearing unit,1318185697-00,7287424213-00,3634085133-00
ball bearing FYC35TF unit,1318185697-00,7287424213-00,3634085133-00
ball bearing unit model FYC 50 TF,1442542605-00,5599619248-00,4365586622-00
FYC 50 TF ball bearing assembly,1442542605-00,5599619248-00,4365586622-00
bearing unit FYC50TF ball type,1442542605-00,5599619248-00,4365586622-00
ball bearing unit FYC 60 TF,2748816495-00,7254172697-00,1442542605-00
FYC 60 TF ball bearing assembly,2748816495-00,7254172697-00,1442542605-00
unit bearing ball type FYC 60 TF,2748816495-00,7254172697-00,1442542605-00
ball bearing unit fyj25tf,6529849998-00,8524394518-00,6695477620-00
fyj 25 tf ball bearing unit,6529849998-00,8524394518-00,6695477620-00
bearing unit fyj-25-tf ball type,6529849998-00,8524394518-00,6695477620-00
ball bearing unit model FYJ 30 TF,7084542775-00,5679205903-00,7997028723-00
FYJ30TF ball bearing unit,7084542775-00,5679205903-00,7997028723-00
bearing unit FYJ 30 TF type ball,7084542775-00,5679205903-00,7997028723-00
ball bearing unit model FYJ 50 TF,6529064708-00,9641115149-00,7988037521-00
FYJ 50 TF ball bearing assembly,6529064708-00,9641115149-00,7988037521-00
bearing unit FYJ50TF ball type,6529064708-00,9641115149-00,7988037521-00
ball bearing unit FYJ60TF,4327921388-00,8256451220-00,6960522247-00
FYJ 60 TF ball bearing block,4327921388-00,8256451220-00,6960522247-00
FYJ60 TF bearing unit ball type,4327921388-00,8256451220-00,6960522247-00
ball bearing unit model FYJ 80 TF,4411161347-00,6179478807-00,1318185697-00
FYJ80TF ball bearing unit,4411161347-00,6179478807-00,1318185697-00
bearing unit FYJ 80TF ball type,4411161347-00,6179478807-00,1318185697-00
ball bearing unit model FYTB 50 TF,2039087397-00,1679897402-00,6711268221-00
FYTB 50 TF bearing unit ball type,2039087397-00,1679897402-00,6711268221-00
bearing FYTB50TF ball unit assembly,2039087397-00,1679897402-00,6711268221-00
ball bearing unit FYTJ 20 TF,4365586622-00,7627731391-00,9043346665-00
FYTJ 20 TF ball bearing unit,4365586622-00,7627731391-00,9043346665-00
bearing unit FYTJ 20 TF ball type,4365586622-00,7627731391-00,9043346665-00
ball bearing unit model FYTJ 25 TF,4225769061-00,2758662101-00,7954596083-00
FYTJ 25 TF ball bearing unit,4225769061-00,2758662101-00,7954596083-00
unit ball bearing FYTJ 25 TF type,4225769061-00,2758662101-00,7954596083-00
ball bearing unit model FYTJ 30 TF,6695477620-00,3822575538-00,4411161347-00
FYTJ30TF ball bearing unit,6695477620-00,3822575538-00,4411161347-00
bearing unit FYTJ-30-TF ball type,6695477620-00,3822575538-00,4411161347-00
ball bearing unit model FYTJ 35 TF,5124484992-00,8161850682-00,8891849873-00
FYTJ35TF ball bearing unit,5124484992-00,8161850682-00,8891849873-00
bearing unit FYTJ 35 TF size 35 ball type,5124484992-00,8161850682-00,8891849873-00
ball bearing unit model FYTJ 40 TF,6198473236-00,2578136163-00,4327921388-00
FYTJ40TF ball bearing unit,6198473236-00,2578136163-00,4327921388-00
unit ball bearing FYTJ 40 TF type,6198473236-00,2578136163-00,4327921388-00
ball bearing unit type FYTJ 45 TF,4410734538-00,4536902446-00,2032105748-00
FYTJ 45 TF ball bearing block unit,4410734538-00,4536902446-00,2032105748-00
ball bearing block FYTJ45TF assembly unit,4410734538-00,4536902446-00,2032105748-00
ORU PASEY50-N ball bearing unit,5128603712-00,3227693960-00,7954596083-00
ball bearing unit ORU model PASEY50-N,5128603712-00,3227693960-00,7954596083-00
PASEY50-N ORU bearing unit ball type,5128603712-00,3227693960-00,7954596083-00
ball bearing unit np30 gwn,2506646912-00,5660497797-00,5652404820-00
np30 type ball bearing unit by gwn,2506646912-00,5660497797-00,5652404820-00
gwn ball bearing unit model np30,2506646912-00,5660497797-00,5652404820-00
TPW UBPFL 202 ball bearing unit,4870101176-00,1634454981-00,8891849873-00
ball bearing unit model UBPFL 202 TPW,4870101176-00,1634454981-00,8891849873-00
TPW bearing unit type UBPFL 202 ball,4870101176-00,1634454981-00,8891849873-00
ball bearing unit p 25 rm,6711268221-00,5134598702-00,4327921388-00
p 25 rm ball bearing unit,6711268221-00,5134598702-00,4327921388-00
bearing unit type p 25 rm,6711268221-00,5134598702-00,4327921388-00
ball bearing unit model PF 30 TF,1744820572-00,3438146950-00,6529849998-00
PF 30 TF ball bearing unit,1744820572-00,3438146950-00,6529849998-00
ball bearing unit PF30TF type,1744820572-00,3438146950-00,6529849998-00
ball bearing unit PF 35 RM,1861548310-00,2118591654-00,1318185697-00
PF35RM ball bearing block unit,1861548310-00,2118591654-00,1318185697-00
bearing unit type PF 35 RM,1861548310-00,2118591654-00,1318185697-00
ball bearing unit pf35tf,6662252496-00,4734411209-00,5124484992-00
pf 35 tf ball bearing unit,6662252496-00,4734411209-00,5124484992-00
ball bearing unit type PF 35 TF,6662252496-00,4734411209-00,5124484992-00
ball bearing unit PF40 RM,8302887250-00,1968600748-00,1071330167-00
PF 40 RM ball bearing unit,8302887250-00,1968600748-00,1071330167-00
bearing unit type PF 40 RM,8302887250-00,1968600748-00,1071330167-00
ball bearing unit model PF 45 RM,3634085133-00,1953221694-00,2506646912-00
PF 45 RM bearing unit ball type,3634085133-00,1953221694-00,2506646912-00
ball bearing PF45RM unit assembly,3634085133-00,1953221694-00,2506646912-00
ball bearing unit PFT12 fine thread TF,7997028723-00,6123290703-00,3553074739-00
PFT 12 TF ball bearing unit with fine thread,7997028723-00,6123290703-00,3553074739-00
ball bearing unit type PF fine thread 12 TF,7997028723-00,6123290703-00,3553074739-00
ball bearing unit PFT 17 TF,9196144313-00,4568432133-00,5124484992-00
PFine thread 17 TF ball bearing assembly,9196144313-00,4568432133-00,5124484992-00
bearing unit type PF 17 TF fine thread,9196144313-00,4568432133-00,5124484992-00
ball bearing unit PFT20 TF fine thread,5652404820-00,8899320851-00,6529849998-00
PFine thread ball bearing unit 20TF,5652404820-00,8899320851-00,6529849998-00
bearing unit PFT 20 fine threaded TF,5652404820-00,8899320851-00,6529849998-00
Ball bearing unit PFT20 TF fine thread,5652404820-00,2948676075-00,5128603712-00
PFine thread ball bearing unit 20 TF PFT,5652404820-00,2948676075-00,5128603712-00
bearing unit PFT 20 TF fine thread PFine,5652404820-00,2948676075-00,5128603712-00
ball bearing unit PF 25 TF fine thread,8891849873-00,5933620471-00,5013018299-00
PFT 25 TF ball bearing unit fine threaded,8891849873-00,5933620471-00,5013018299-00
PF bearing unit 25 TF fine thread type,8891849873-00,5933620471-00,5013018299-00
ball bearing unit pfine thread 30 tf,9043346665-00,7660587480-00,6711268221-00
pft 30 tf ball bearing unit fine thread,9043346665-00,7660587480-00,6711268221-00
ball bearing unit type pft 30 tf fine thread,9043346665-00,7660587480-00,6711268221-00
ball bearing unit PFT 35 FM fine thread,3553074739-00,8073379634-00,1318185697-00
PFT 35 FM ball bearing unit fine thread type,3553074739-00,8073379634-00,1318185697-00
bearing unit ball fine thread PFT35 FM,3553074739-00,8073379634-00,1318185697-00
ball bearing unit pft 35 tf,3454525239-00,1126028490-00,7997028723-00
pfine thread ball bearing unit 35 tf,3454525239-00,1126028490-00,7997028723-00
bearing unit pft35 tf fine thread,3454525239-00,1126028490-00,7997028723-00
ball bearing unit SF30 GWN,5903303792-00,2583664143-00,1744820572-00
GWN SF30 ball bearing unit,5903303792-00,2583664143-00,1744820572-00
SF30 bearing unit GWN ball type,5903303792-00,2583664143-00,1744820572-00
ball bearing unit model SY 55 TF,7988037521-00,8281473503-00,1318185697-00
SY 55 TF ball bearing unit,7988037521-00,8281473503-00,1318185697-00
bearing unit SY55TF ball type,7988037521-00,8281473503-00,1318185697-00
ball bearing unit syf 25 tf,9208538142-00,1094408086-00,1318185697-00
syf 25 tf ball bearing unit,9208538142-00,1094408086-00,1318185697-00
bearing unit syf 25 tf ball,9208538142-00,1094408086-00,1318185697-00
ball bearing unit model SYF 30 TF,8338631077-00,9521712444-00,4220919257-00
SYF30TF ball bearing unit,8338631077-00,9521712444-00,4220919257-00
bearing unit SYF 30 TF ball type,8338631077-00,9521712444-00,4220919257-00
ball bearing unit syf40tf,1219752306-00,9855194441-00,6662252496-00
syf 40 tf ball bearing unit,1219752306-00,9855194441-00,6662252496-00
ball bearing unit model syf-40-tf,1219752306-00,9855194441-00,6662252496-00
ball bearing unit syj 25 tf,6620963127-00,4133880244-00,6695477620-00
syj 25 tf ball bearing unit,6620963127-00,4133880244-00,6695477620-00
bearing unit type syj 25 tf,6620963127-00,4133880244-00,6695477620-00
ball bearing unit model SYJ 30 TF,2032105748-00,1063362084-00,9043346665-00
SYJ 30 TF ball bearing unit,2032105748-00,1063362084-00,9043346665-00
bearing unit SYJ30TF type ball,2032105748-00,1063362084-00,9043346665-00
ball bearing unit model SYJ40TF,1071330167-00,3229941575-00,4410734538-00
SYJ 40 TF bearing unit ball type,1071330167-00,3229941575-00,4410734538-00
ball bearing unit SYJ-40-TF size 40 TF,1071330167-00,3229941575-00,4410734538-00
ball bearing unit SYJ 50 TF,8534736814-00,2589716124-00,4220919257-00
SYJ 50 TF ball bearing unit,8534736814-00,2589716124-00,4220919257-00
bearing unit SYJ50TF ball type,8534736814-00,2589716124-00,4220919257-00
SYJ 55 TF ball bearing unit,9665407542-00,7755366050-00,4571590299-00
ball bearing unit model SYJ 55 TF,9665407542-00,7755366050-00,4571590299-00
SYJ55TF bearing unit ball type,9665407542-00,7755366050-00,4571590299-00
ball bearing unit synt 45 f,4571590299-00,7014174175-00,6529064708-00
synt 45 f ball bearing block,4571590299-00,7014174175-00,6529064708-00
bearing unit synt type 45 f,4571590299-00,7014174175-00,6529064708-00
ball bearing unit UCF 206 Kitaro,6960522247-00,2103822303-00,6711268221-00
UCF 206 Kitaro ball bearing unit,6960522247-00,2103822303-00,6711268221-00
Kitaro UCF 206 bearing unit ball,6960522247-00,2103822303-00,6711268221-00
ball bearing unit ucfk 204,2036427045-00,6934886974-00,3634085133-00
ucfk 204 ball bearing housing unit,2036427045-00,6934886974-00,3634085133-00
ucfk204 bearing unit ball type,2036427045-00,6934886974-00,3634085133-00
ball bearing unit model UCFL 211 H,4220919257-00,3650234567-00,4411161347-00
UCFL211/H ball bearing block unit,4220919257-00,3650234567-00,4411161347-00
unit ball bearing UCFL-211H type,4220919257-00,3650234567-00,4411161347-00
ball bearing unit model UCFL 212,5013018299-00,4734377813-00,7954596083-00
UCFL 212 ball bearing housing unit,5013018299-00,4734377813-00,7954596083-00
bearing unit UCFL 212 type ball-bearing,5013018299-00,4734377813-00,7954596083-00
ball 1/2 riv rb-12.70 iv,2036328500-00,4370679081-00,4706798503-00
1/2 inch ball riv rb-12.70 iv,2036328500-00,4370679081-00,4706798503-00
rb-12.70 iv ball 1/2 riv,2036328500-00,4370679081-00,4706798503-00
ball 1/4 riv 6.35 iv rb,4722540187-00,1054349066-00,4925955239-00
1/4 inch ball riv 6.35 iv rb,4722540187-00,1054349066-00,4925955239-00
rb ball riv 1/4inch 6.35 iv,4722540187-00,1054349066-00,4925955239-00
ball 1/8 riv 3.175 iv rb,6088982169-00,1837857857-00,3761118568-00
1/8 ball riv rb 3.175 iv,6088982169-00,1837857857-00,3761118568-00
rb ball riv 1/8 3.175 iv,6088982169-00,1837857857-00,3761118568-00
ball 2.5 riv rb 2.5,2438994529-00,6878665766-00,6088982169-00
2.5mm ball riv rb-2.5,2438994529-00,6878665766-00,6088982169-00
"riv ball 2,5 rb 2,5 size",2438994529-00,6878665766-00,6088982169-00
ball 3/4 riv rb-19.05 type iii,6197392647-00,9214170501-00,4925955239-00
3/4 inch ball riv rb-19.05 iii,6197392647-00,9214170501-00,4925955239-00
riveted ball rb-19.05 3/4 size iii,6197392647-00,9214170501-00,4925955239-00
ball 3/8 rivet radius 9.525 mm,8541639722-00,9921638475-00,2098611045-00
3/8 inch ball rivet rb with 9.525 mm radius,8541639722-00,9921638475-00,2098611045-00
"ball rivet 3/8"""" RB radius 9.525",8541639722-00,9921638475-00,2098611045-00
ball 7/8 inch,3761118568-00,5980354908-00,3882501209-00
7/8 ball,3761118568-00,5980354908-00,3882501209-00
ball size 7/8,3761118568-00,5980354908-00,3882501209-00
ball 7/8 riv rb-22 225,4435163658-00,6139201504-00,3761118568-00
"7/8 ball riv rb-22,225",4435163658-00,6139201504-00,3761118568-00
rb-22 225 riv ball 7/8,4435163658-00,6139201504-00,3761118568-00
ball diameter 1/16 inch,2098611045-00,5787199712-00,5439349326-00
"1/16"""" ball component",2098611045-00,5787199712-00,5439349326-00
ball size D1/16 replacement part,2098611045-00,5787199712-00,5439349326-00
ball d14,1464206595-00,2447466166-00,8739534142-00
d14 ball,1464206595-00,2447466166-00,8739534142-00
bearing ball size d14,1464206595-00,2447466166-00,8739534142-00
ball bearing D2,7617818121-00,8856387870-00,4435163658-00
D2 type ball,7617818121-00,8856387870-00,4435163658-00
ball D2 component,7617818121-00,8856387870-00,4435163658-00
ball D3,5379178942-00,2735987175-00,7617818121-00
D3 ball component,5379178942-00,2735987175-00,7617818121-00
ball diameter 3 D3,5379178942-00,2735987175-00,7617818121-00
ball rivet d3/16 rb 4.762,3211385349-00,5719460806-00,2026712416-00
d3/16 ball riv rb 4.762 size,3211385349-00,5719460806-00,2026712416-00
rb 4.762 ball riv d3/16,3211385349-00,5719460806-00,2026712416-00
ball bearing D4 RB-4,3882501209-00,5364960095-00,3211385349-00
rb-4 ball d4,3882501209-00,5364960095-00,3211385349-00
d4 rb-4 ball component,3882501209-00,5364960095-00,3211385349-00
ball rivet d5/16 rb-7.938 type ii,8739534142-00,5777325392-00,3882501209-00
d5/16 ball riv rb 7.938 II,8739534142-00,5777325392-00,3882501209-00
rivet ball 5/16 diameter 7.938 II model,8739534142-00,5777325392-00,3882501209-00
ball rivet d5 32 radius rb 3.969 iv,7453588100-00,8289664449-00,2438994529-00
d5/32 ball riv rb 3.969 iv,7453588100-00,8289664449-00,2438994529-00
ball rivet radius 5/32 d 3.969 iv rb,7453588100-00,8289664449-00,2438994529-00
ball diameter 6mm,5439349326-00,1114043114-00,7913166788-00
6mm ball component,5439349326-00,1114043114-00,7913166788-00
ball part d6 size 6,5439349326-00,1114043114-00,7913166788-00
ball rivet d7/32 radius rb-5.556 iv,4706798503-00,7578498450-00,7453588100-00
d7 32 ball riv rb-5.556 iv,4706798503-00,7578498450-00,7453588100-00
rivet ball diameter 7/32 radius rb-5.556 iv,4706798503-00,7578498450-00,7453588100-00
ball transfer unit dorvik 0531-022-00,4925955239-00,8254688091-00,8541639722-00
dorvik 0531-022-00 ball transfer,4925955239-00,8254688091-00,8541639722-00
0531-022-00 dorvik ball transfer unit,4925955239-00,8254688091-00,8541639722-00
ball transfer unit dorvik 0533-712-00,2642506992-00,6750118579-00,5439349326-00
dorvik 0533-712-00 ball transfer unit,2642506992-00,6750118579-00,5439349326-00
0533-712-00 dorvik ball transfer unit component,2642506992-00,6750118579-00,5439349326-00
ball transfer unit dorvik model 0535-122-10,2323356604-00,4783474646-00,2642506992-00
dorvik 0535-122-10 ball transfer unit,2323356604-00,4783474646-00,2642506992-00
0535-122-10 dorvik ball transfer unit part,2323356604-00,4783474646-00,2642506992-00
ball transfer unit Dorvik 0535-230-10,2026712416-00,9540700976-00,7453588100-00
Dorvik 0535-230-10 ball transfer unit,2026712416-00,9540700976-00,7453588100-00
0535-230-10 ball transfer unit Dorvik model,2026712416-00,9540700976-00,7453588100-00
ball transfer unit dorvik 0536-115-10,8425163072-00,7778606307-00,8739534142-00
dorvik 0536-115-10 ball transfer assembly,8425163072-00,7778606307-00,8739534142-00
0536-115-10 dorvik ball transfer unit part,8425163072-00,7778606307-00,8739534142-00
ball transfer unit dorvik 0536-122-10,7913166788-00,2514996460-00,3211385349-00
dorvik 0536-122-10 ball transfer unit,7913166788-00,2514996460-00,3211385349-00
ball transfer unit model 0536-122-10 dorvik,7913166788-00,2514996460-00,3211385349-00
GWN self lube bearing insert 1120-20,5126431065-00,3071439359-00,7408470863-00
1120-20 self lubricating bearing gwn insert,5126431065-00,3071439359-00,7408470863-00
bearing insert self-lube GWN 1120 20,5126431065-00,3071439359-00,7408470863-00
cylindrical threaded insert M10 white galvanized steel FTT/C head,2180285684-00,3832265731-00,9036324333-00
M10 threaded insert cylindrical head FTT/C coated white galvanized,2180285684-00,3832265731-00,9036324333-00
FTT/C cylindrical thread insert M10 white galvanized steel CH,2180285684-00,3832265731-00,9036324333-00
cylindrical threaded insert M3 white galvanized steel FTT/C head type,8271010713-00,5617313420-00,5126431065-00
threaded insert cylindrical head FTT/C M3 A2K white galvanized steel,8271010713-00,5617313420-00,5126431065-00
M3 cylindrical threaded insert FTT/C white galvanized steel CH A2K,8271010713-00,5617313420-00,5126431065-00
cylindrical threaded insert M4 white galvanized steel head FTT/C,2796016373-00,1194332529-00,7408470863-00
threaded insert M4 cylindrical head FTT/C A2K white galvanized,2796016373-00,1194332529-00,7408470863-00
M4 cylindrical thread insert white galvanized steel FTT/C head,2796016373-00,1194332529-00,7408470863-00
cylindrical threaded insert M5 white galvanized steel FTT/C cylindrical head,9036324333-00,8195453239-00,4823204896-00
FTT/C cylindrical head threaded insert M5 white galvanized steel,9036324333-00,8195453239-00,4823204896-00
M5 cylindrical head threaded inserts FTT/C white galvanized steel type A2K,9036324333-00,8195453239-00,4823204896-00
cylindrical threaded insert M6 white galvanized steel CH FTT/C A2K,2218027097-00,2699455699-00,5126431065-00
M6 cylindrical head threaded insert FTT/C A2K white zinc coated,2218027097-00,2699455699-00,5126431065-00
threaded insert cylindrical head FTT/C M6 A2K white galvanization,2218027097-00,2699455699-00,5126431065-00
cylindrical threaded insert M10 CFH FTS/C white galvanized steel,2308371976-00,2745886712-00,3929231998-00
M10 threaded insert countersunk flat head CFH FTS/C galvanized steel,2308371976-00,2745886712-00,3929231998-00
CFH FTS/C cylindrical threaded insert M10 white zinc coated steel,2308371976-00,2745886712-00,3929231998-00
cylindrical threaded insert M4 countersunk flat head white galvanized steel CFH FTS/C A2K,3320997887-00,8891849873-00,3684987268-00
M4 threaded insert cylindrical CFH FTS/C flat head countersunk white galvanized,3320997887-00,8891849873-00,3684987268-00
threaded cylindrical insert M4 countersunk flat head galvanized steel FTS/C CFH A2K,3320997887-00,8891849873-00,3684987268-00
cylindrical threaded insert m5 countersunk flat head FTS/C white galvanized steel,3929231998-00,6018052738-00,7408470863-00
M5 CFH threaded inserts flat head countersunk FTS/C white galvanized steel cylindrical,3929231998-00,6018052738-00,7408470863-00
white galvanized steel cylindrical threaded insert M5 countersunk flat head FTS/C A2K,3929231998-00,6018052738-00,7408470863-00
cylindrical threaded insert M6 countersunk flat head white galvanized steel CFH FTS/C A2K,1876945966-00,6757365315-00,9991528053-00
M6 threaded insert cylinder countersunk flathead FTS/C white zinc steel A2K CFH,1876945966-00,6757365315-00,9991528053-00
CYLINDRICAL THREADED INSERT M6 CFH FTS/C WHITE GALVANIZED STEEL COUNTERSUNK FLAT HEAD,1876945966-00,6757365315-00,9991528053-00
cylindrical threaded insert M8 CFH countersunk flat head FTS/C A2K white galvanized steel,6750118579-00,6693547172-00,9865133896-00
M8 countersunk flat head threaded insert CFH cylindrical FTS/C A2K white galvanized,6750118579-00,6693547172-00,9865133896-00
threaded insert M8 cylindrical CFH FTS/C countersunk flat head white galvanized steel,6750118579-00,6693547172-00,9865133896-00
cylindrical threaded insert M8 countersunk flat head FTT/C white galvanized steel A2K,9358750566-00,8584132113-00,9036324333-00
M8 CFH threaded inserts cylindrical countersunk flat head FTT/C white galvanized steel,9358750566-00,8584132113-00,9036324333-00
threaded insert cylindrical M8 CFH FTT/C countersunk flat head steel white galvanized A2K,9358750566-00,8584132113-00,9036324333-00
hexagonal threaded insert M10 FTTE/L cylindrical head white galvanized steel,3543972817-00,6083606650-00,3580821337-00
M10 hexagon thread insert cylindrical head FTTE/L in A2K white galvanized,3543972817-00,6083606650-00,3580821337-00
FTTE/L hexagonal thread insert M10 cylindrical head white galvanized steel A2K,3543972817-00,6083606650-00,3580821337-00
hexagonal threaded insert M12 cylindrical head FTTE/L white galvanized steel,6391201229-00,2679738386-00,2796016373-00
M12 hex thread insert with cylindrical head FTTE/L A2K white zinc coated,6391201229-00,2679738386-00,2796016373-00
FTTE/L hex insert cylindrical head M12 white galvanized steel thread,6391201229-00,2679738386-00,2796016373-00
hex threaded insert M4 FTTE/L white galvanized steel cylindrical head,9865133896-00,9953982052-00,9991528053-00
M4 hexagonal threaded insert FTTE/L A2K white galvanized steel head cylindrical,9865133896-00,9953982052-00,9991528053-00
FTTE/L hex insert M4 cylindrical head white galvanized steel threaded hexagon,9865133896-00,9953982052-00,9991528053-00
hex threaded insert M5 cylindrical head FTTE/L white galvanized steel A2K,8524394518-00,1373794031-00,9358750566-00
m5 hexagon threaded insert white galvanized steel FTTE/L cylindrical head A2K,8524394518-00,1373794031-00,9358750566-00
hexagonal thread insert ftte/l M5 cylindrical head A2K white galvanized steel,8524394518-00,1373794031-00,9358750566-00
hex threaded insert M6 cylindrical head FTTE/L white galvanized steel A2K,4242885761-00,8338631077-00,8524394518-00
M6 hexagonal thread insert FTTE/L type cylindrical head A2K white galvanized,4242885761-00,8338631077-00,8524394518-00
hex thread insert M6 FTTE/L cylindrical head white galvanized steel hexagonal type,4242885761-00,8338631077-00,8524394518-00
hexagonal threaded insert M8 ftte/l cylindrical head white galvanized steel,3580821337-00,5696356045-00,8524394518-00
m8 hex thd insert with cylindrical head ftte/l white galvanization a2k,3580821337-00,5696356045-00,8524394518-00
ftte/l hex thd insert cylind head m8 white galvanized steel a2k,3580821337-00,5696356045-00,8524394518-00
hexagonal thread insert M10 right hand reduced head ER/C white galvanized steel,8204718697-00,5091829011-00,8271010713-00
M10 hex threaded inserts ER/C RH reduced head A2K white zinc coated,8204718697-00,5091829011-00,8271010713-00
Reduced head hex inserts M10 RH thread ER/C A2K white galvanized steel,8204718697-00,5091829011-00,8271010713-00
ER/C hex insert m12 A2K thd reduced head white galvanized,6733410119-00,7448971127-00,3320997887-00
M12 rh threaded insert ER/C A2K galvanized steel hex,6733410119-00,7448971127-00,3320997887-00
A2K M12 hex insert ER/C reduced head galvanized thd steel,6733410119-00,7448971127-00,3320997887-00
M4 hex insert ER/C A2K reduced head white galvanized steel,4823204896-00,8631876834-00,3929231998-00
threaded hex insert RH M4 white galvanized ER/C A2K,4823204896-00,8631876834-00,3929231998-00
ER/C M4 galvanized steel reduced head hex thd insert A2K,4823204896-00,8631876834-00,3929231998-00
ER/C hex insert m5 A2K reduced head,3684987268-00,2631728731-00,1681278189-00
M5 White galvanized steel threaded hexagonal insert Rh,3684987268-00,2631728731-00,1681278189-00
Hex Reduced Head Thd Insert ER/C A2K M5 galvanized steel,3684987268-00,2631728731-00,1681278189-00
hex threaded insert M8 ER/C A2K rh white galv steel,7408470863-00,5046793048-00,3580821337-00
Reduced Head M8 Hexagonal inserts galvanized ER/C A2K steel,7408470863-00,5046793048-00,3580821337-00
ER/C M8 A2K steel hex insert rh galvanized threaded,7408470863-00,5046793048-00,3580821337-00
M10 A2K hex inserts thd rh erl white galvanized steel reduced head,8740694432-00,1726905199-00,1876945966-00
hexagonal threaded insert ER/L M10 RH A2K steel galvanized,8740694432-00,1726905199-00,1876945966-00
ER/L hex thread insert M10 white galvanized A2K RH reduced head,8740694432-00,1726905199-00,1876945966-00
M4 hex insert A2K reduced head ER/L galvanized steel,8845118499-00,2928794343-00,9991528053-00
HEX threaded insert M4 white galvanized steel ER/L RH A2K,8845118499-00,2928794343-00,9991528053-00
A2K galvanized hex insert M4 ER/L reduced head threaded,8845118499-00,2928794343-00,9991528053-00
GWN 1150-50 self lube bearing insert,3738435794-00,5721473726-00,2308371976-00
self-lubricating bearing GWN 1150 50 insert,3738435794-00,5721473726-00,2308371976-00
bearing insert self lube gwn 1150-50,3738435794-00,5721473726-00,2308371976-00
hexagonal threaded insert M5 ER/L reduced head galvanized steel,5173715598-00,9514707216-00,2308371976-00
M5 hex thread insert reduced head hexagonal A2K steel white,5173715598-00,9514707216-00,2308371976-00
ER/L M5 hex threaded inserts white galvanized reduced head,5173715598-00,9514707216-00,2308371976-00
hexagonal thd insert m6 reduced head er/l a2k,1681278189-00,4067784318-00,2308371976-00
m6 white galvanized hex threaded insert er/l reduced head,1681278189-00,4067784318-00,2308371976-00
hex insert m6 a2k er/l white galvanized steel,1681278189-00,4067784318-00,2308371976-00
hex thd insert RH A2K M6 galvanized steel,1681278189-00,5174805796-00,8271010713-00
M6 hexagonal threaded insert Reduced Head ER/L white coated,1681278189-00,5174805796-00,8271010713-00
RH hex thread insert A2K M6 white galvanized reduced-head,1681278189-00,5174805796-00,8271010713-00
hex threaded insert RH ER/L A2K M8 white galvanized steel,9991528053-00,6611607843-00,2180285684-00
M8 hexagonal insert reduced head white galvanized ER/L A2K,9991528053-00,6611607843-00,2180285684-00
RH ER/L hex insert M8 white galvanized reduced head,9991528053-00,6611607843-00,2180285684-00
Albora rod end AM-M8T,3980242882-00,5534285274-00,7774599888-00
rod end AM-M8T Albora,3980242882-00,5534285274-00,7774599888-00
AM-M8T Albora rod end,3980242882-00,5534285274-00,7774599888-00
dorvik rod end cgka 16,5854970220-00,8365455653-00,4006809740-00
cgka16 dorvik rod end,5854970220-00,8365455653-00,4006809740-00
rod-end CGKA 16 dorvik,5854970220-00,8365455653-00,4006809740-00
CGKA 25 DORVIK rod end,4380157914-00,6314452072-00,3574000742-00
DORVIK rod end CGKA 25,4380157914-00,6314452072-00,3574000742-00
rod end CGKA25 DORVIK,4380157914-00,6314452072-00,3574000742-00
rod end CGKA 60 Dorvik,6805638993-00,2098611045-00,7255109294-00
CGKA 60 rod end by Dorvik,6805638993-00,2098611045-00,7255109294-00
Dorvik rod-end model CGKA 60,6805638993-00,2098611045-00,7255109294-00
rod end GA-40 Beltrazzi,9358540356-00,4568894138-00,5063594698-00
GA-40 rod end by Beltrazzi,9358540356-00,4568894138-00,5063594698-00
Beltrazzi rod end model GA-40,9358540356-00,4568894138-00,5063594698-00
rod end GA-50 by Beltrazzi,8957745808-00,9167644979-00,5854970220-00
Beltrazzi GA-50 rod end,8957745808-00,9167644979-00,5854970220-00
GA-50 rod end beltrazzi,8957745808-00,9167644979-00,5854970220-00
oru gal20-do rod end,4006809740-00,8531744429-00,1329191849-00
rod end bearing gal20-do oru,4006809740-00,8531744429-00,1329191849-00
gal20do rod end part oru,4006809740-00,8531744429-00,1329191849-00
gar20-do oru rod end,1373794031-00,6662252496-00,7774599888-00
oru rod end gar20do,1373794031-00,6662252496-00,7774599888-00
rod end bearing oru gar 20 do,1373794031-00,6662252496-00,7774599888-00
rod end RF 16x1.5 marenzo,1329191849-00,6947945444-00,6805638993-00
marenzo RF 16x1.5 rod end,1329191849-00,6947945444-00,6805638993-00
RF 16x1.5 rod end marenzo,1329191849-00,6947945444-00,6805638993-00
MARENZO RM10X rod end,5063594698-00,7167950273-00,4380157914-00
rod end RM 10 X MARENZO,5063594698-00,7167950273-00,4380157914-00
RM-10X MARENZO rod-end,5063594698-00,7167950273-00,4380157914-00
MARENZO rod end RM 12,1052315420-00,2103822303-00,5063594698-00
RM 12 rod end MARENZO,1052315420-00,2103822303-00,5063594698-00
RM12 MARENZO rod-end,1052315420-00,2103822303-00,5063594698-00
RM 12 X rod end marenzo,7964215642-00,9305174342-00,1686239041-00
marenzo rod end RM12X,7964215642-00,9305174342-00,1686239041-00
rod end RM 12 X marenzo,7964215642-00,9305174342-00,1686239041-00
RM 16 S rod end MARENZO,1686239041-00,4823204896-00,6805638993-00
MARENZO rod end RM16S,1686239041-00,4823204896-00,6805638993-00
RM-16-S MARENZO rod end,1686239041-00,4823204896-00,6805638993-00
RM 16 X rod end MARENZO,1837857857-00,2748816495-00,1143851458-00
MARENZO rod end RM16X,1837857857-00,2748816495-00,1143851458-00
rodend RM 16X MARENZO,1837857857-00,2748816495-00,1143851458-00
RM 16x1.5 marenzo rod end,4346290599-00,3334359792-00,7376782950-00
"rod end rm 16x1,5",4346290599-00,3334359792-00,7376782950-00
marennzu rod end RM 16x1.5,4346290599-00,3334359792-00,7376782950-00
ROD END RM 20 X,9534081164-00,1052468184-00,3980242882-00
MARENZO rod end RM20X,9534081164-00,1052468184-00,3980242882-00
RM 20 X MARENZO rod end,9534081164-00,1052468184-00,3980242882-00
rod end RM5 marenzo,9164378441-00,9985673215-00,7255109294-00
RM 5 rod-end marenzo,9164378441-00,9985673215-00,7255109294-00
marenzo rod end RM-5,9164378441-00,9985673215-00,7255109294-00
rod end malenzo rm6,7255109294-00,8946535786-00,1686239041-00
rm 6 malenzo rodend,7255109294-00,8946535786-00,1686239041-00
rod-end RM-6 malenzo,7255109294-00,8946535786-00,1686239041-00
marenzo rod end rm 8,4052349502-00,2479083677-00,7255109294-00
rm 8 rod end marenzo,4052349502-00,2479083677-00,7255109294-00
rod end RM8 marenzo,4052349502-00,2479083677-00,7255109294-00
rod end rm8x,7320801684-00,5196514300-00,1686239041-00
MALENZO RM 8 X rod-end,7320801684-00,5196514300-00,1686239041-00
RM 8X MARENZO rod component,7320801684-00,5196514300-00,1686239041-00
KVR SA8C rod end,7774599888-00,1500848500-00,4380157914-00
rod end SA 8 C KVR,7774599888-00,1500848500-00,4380157914-00
SA8 C rod end KVR,7774599888-00,1500848500-00,4380157914-00
rod end SAKAC10M KVR,3113830218-00,1332912348-00,8073379634-00
KVR rod end model SAKAC 10 M,3113830218-00,1332912348-00,8073379634-00
SAKAC 10M rod ends KVR,3113830218-00,1332912348-00,8073379634-00
kvr rod end sakac 12m,7376782950-00,8390094954-00,1373794031-00
sakac 12 m rod end kvr,7376782950-00,8390094954-00,1373794031-00
rod end bearing kvr sakac 12 m,7376782950-00,8390094954-00,1373794031-00
kvr sakac16m rod end,8191859174-00,4453967750-00,4365874663-00
sakac 16 m rod end kvr,8191859174-00,4453967750-00,4365874663-00
rod end bearing SAKAC-16M KVR,8191859174-00,4453967750-00,4365874663-00
kvr sakac 20 m rod end,1143851458-00,3650234567-00,9358540356-00
rod end bearing sakac20m kvr,1143851458-00,3650234567-00,9358540356-00
sakac 20m kvr rod,1143851458-00,3650234567-00,9358540356-00
KVR SAKAC 8 M rod end,7648626463-00,3963962452-00,7376782950-00
rod end SAKAC 8M KVR,7648626463-00,3963962452-00,7376782950-00
SAKAC8 M rod end kvr,7648626463-00,3963962452-00,7376782950-00
KVR SALKAC 16 M rod end,8073379634-00,5627782037-00,1686239041-00
rod end SALKAC 16 M KVR,8073379634-00,5627782037-00,1686239041-00
SALKAC16M rod end KVR,8073379634-00,5627782037-00,1686239041-00
KVR SALKAC 16M rod end,8073379634-00,2578136163-00,4006809740-00
rod end SALKAC 16 M KVR,8073379634-00,2578136163-00,4006809740-00
SALKAC16M KVR rod-end,8073379634-00,2578136163-00,4006809740-00
KVR rod end SIKAC 25M,4365874663-00,3693299201-00,1837857857-00
SIKAC 25 M rod end KVR,4365874663-00,3693299201-00,1837857857-00
rod end bearing KVR SIKAC 25 M,4365874663-00,3693299201-00,1837857857-00
kvr sikb 20f rod end,2427940069-00,3348164823-00,8957745808-00
rod end bearing sikb20 f kvr,2427940069-00,3348164823-00,8957745808-00
sikb 20-f kvr rod end part,2427940069-00,3348164823-00,8957745808-00
KVR rod end SIQG 12 ESA,3574000742-00,2392008238-00,1686239041-00
SIQG 12 ESA rod end KVR,3574000742-00,2392008238-00,1686239041-00
rod end type SIQG 12 ESA KVR version,3574000742-00,2392008238-00,1686239041-00
KVR rod end SIQG 16 ES,6663935295-00,8588190828-00,3913717318-00
SIQG16ES rod end KVR,6663935295-00,8588190828-00,3913717318-00
rod end bearing KVR SIQG 16,6663935295-00,8588190828-00,3913717318-00
KVR rod end SIQG 25 ES,3913717318-00,7649021906-00,7376782950-00
SIQG 25 ES rod end bearing KVR,3913717318-00,7649021906-00,7376782950-00
rod end SIQG25ES KVR,3913717318-00,7649021906-00,7376782950-00
grub screw M10x10-45H hex socket cylindrical point A2K,5152658680-00,9764565846-00,2236883020-00
hex socket M10x10 grub screw cylindrical pt galvanized steel,5152658680-00,9764565846-00,2236883020-00
M10x10-45H white zinc grub screw cyl point hex socket,5152658680-00,9764565846-00,2236883020-00
grub screw hex socket cylindrical point M10x20 white galvanized 45H steel,6159899080-00,2579853511-00,1094578790-00
M10x20 grub screw HS cylindrical pt A2K 45H white zinc,6159899080-00,2579853511-00,1094578790-00
hex socket M10x20 grub screw galvanized steel 45H cylindrical,6159899080-00,2579853511-00,1094578790-00
Grub screw M10x25 HS cylinder point A2K white galvanized steel 45H,2742017990-00,1837857857-00,1013994276-00
M10x25 hex socket grub screw cylindrical tip 45H coating A2K,2742017990-00,1837857857-00,1013994276-00
White galvanized grub screw M10 25mm hex cyl point A2K 45H,2742017990-00,1837857857-00,1013994276-00
M10x30 hex socket grub screw cylindrical point white galvanized steel,7660587480-00,4734377813-00,4181689176-00
"grub screw M10x30-45H hexagon socket, galvanized A2K",7660587480-00,4734377813-00,4181689176-00
hex socket screw white galvanized cylindrical tip M10x30-45H,7660587480-00,4734377813-00,4181689176-00
grub screw hex socket cylindrical point M10x35 steel white galvanized 45H,5933620471-00,7913166788-00,1114043114-00
M10 x 35 grub screw A2K Hex socket cylindrical white zinc 45H,5933620471-00,7913166788-00,1114043114-00
white galvanized steel grub screw hexagon socket M10 x 35mm 45H,5933620471-00,7913166788-00,1114043114-00
M10x40-45H hex socket grub screw cylindrical point white galvanized,7223215219-00,9043346665-00,8022444645-00
grub screw A2K M10x40 hexagon socket cylindrical steel 45H galvanized,7223215219-00,9043346665-00,8022444645-00
white galvanized steel grub screw HS cylindrical M10x40 45H,7223215219-00,9043346665-00,8022444645-00
"M10x50-45H grub screw hex socket cylindrical point, white galvanized steel",2266480034-00,9921638475-00,7544850930-00
"hexagon socket grub screw A2K M10x50, cylindrical tip, white zinc-plated steel",2266480034-00,9921638475-00,7544850930-00
"M10x50 grub screw hex socket, 45H grade white galvanized",2266480034-00,9921638475-00,7544850930-00
M10x60-45H hex socket grub screw cylindrical white galvanized steel,3302201450-00,3683853426-00,6010207047-00
grub screw HS cylindrical point A2K M10 x 60mm 45H,3302201450-00,3683853426-00,6010207047-00
white galvanized hexagon socket grub screw M10/60-45H,3302201450-00,3683853426-00,6010207047-00
grub screw hex socket M10x70 cylindrical point A2K steel,5575104128-00,6741886649-00,5152658680-00
M10 x 70 hexagon socket grub screw 45H white galvanized,5575104128-00,6741886649-00,5152658680-00
A2K grub screw 45H M10x70 hex socket cylindrical point,5575104128-00,6741886649-00,5152658680-00
grub screw M12x16 hex socket cylindrical white galvanized steel 45H,5211292766-00,3634085133-00,3090593496-00
M12x16 grub screw hexagon socket A2K 45H cylindrical point,5211292766-00,3634085133-00,3090593496-00
hex socket grub screws white zinc plated steel M12 16mm 45H,5211292766-00,3634085133-00,3090593496-00
M12x35-45H Grub screw hex socket cylindrical point A2K white galvanized steel,5726401144-00,7540448458-00,9962012008-00
Hex socket grub screw M12 35-45H white galvanized A2K cylindrical point,5726401144-00,7540448458-00,9962012008-00
Grub screw HS Cylindrical Point M12x35-45H white galvanized steel,5726401144-00,7540448458-00,9962012008-00
grub screw M12x50-45H hex socket cylindrical point white galvanized steel,6591331085-00,7711131637-00,3685572130-00
HS CYLINDR. P. A2K M12 50 45H grub screw,6591331085-00,7711131637-00,3685572130-00
M12x50-45H hexagon socket cylindrical grub screw white galvanized,6591331085-00,7711131637-00,3685572130-00
grub screw M16x30-45H hex socket cylindrical point galvanized steel,9650481371-00,9463710625-00,2609079641-00
HS CYLINDR. grub screw A2K M16 30-45H white steel,9650481371-00,9463710625-00,2609079641-00
M16x30-45H hex socket GRUB SCREW white galvanized steel cylindrical,9650481371-00,9463710625-00,2609079641-00
M16x35-45H grub screw hex socket cylindrical point white galvanized steel,1922810124-00,2392008238-00,2479083677-00
hex socket cylindrical grub screw P.A2K M16x35-45H white galv,1922810124-00,2392008238-00,2479083677-00
GRUB SCREW HS CYLINDR. M16 x 35-45H white galvanised steel,1922810124-00,2392008238-00,2479083677-00
M16x40-45H White galvanized steel grub screw cylindrical point,9908968425-00,6138551596-00,5789814708-00
GRUB SCREW M16x40-45H Hexagon Socket Cylindrical Point,9908968425-00,6138551596-00,5789814708-00
HS Cylindrical Grub Screw A2K M16 40-45H galvanized steel,9908968425-00,6138551596-00,5789814708-00
grub screw M16x60-45H Hex socket cylindrical point A2K,5782911625-00,9387215994-00,2165953442-00
M16x60-45H grub screw white galvanized steel,5782911625-00,9387215994-00,2165953442-00
Hexagon socket cylindrical grub screw M16 60 45H A2K,5782911625-00,9387215994-00,2165953442-00
Grub screw M16x70-45H Hex Socket Cylindrical Point A2K,8691580996-00,1796069938-00,1860195269-00
HS Grub screw cylindrical point M16x70-45H white galvanized steel,8691580996-00,1796069938-00,1860195269-00
M16x70-45H Hexagon Socket Grub screw P A2K galvanized steel,8691580996-00,1796069938-00,1860195269-00
GRUB SCREW M3x8-45H Hex Socket Cylindrical A2K,1114043114-00,1703128847-00,9007191352-00
Hexagon Socket Grub Screw White galvanized steel M3x8-45H,1114043114-00,1703128847-00,9007191352-00
M3x8-45H Grub Screw Cylindrical Point HS A2K,1114043114-00,1703128847-00,9007191352-00
Grub Screw M4x10-45H Cylindrical Point A2K,4336832700-00,5380898723-00,4181689176-00
Hex Socket Grub Screw 4mm x 10mm 45H White galvanized,4336832700-00,5380898723-00,4181689176-00
M4x10-45H Grub Screw HS Cylindrical Point Steel,4336832700-00,5380898723-00,4181689176-00
GRUB SCREW M4x16-45H hexagon socket cylindrical point galvanized steel,5997622662-00,9224795099-00,9908968425-00
M4x16-45H grub screw P.A2K white galvanized,5997622662-00,9224795099-00,9908968425-00
Hexsocket cylindrical point GRUB SCREW M4x16-45H A2K white steel,5997622662-00,9224795099-00,9908968425-00
GRUB SCREW M5x10-45H Hex Socket Cylindrical P. A2K,7578498450-00,1570116266-00,9090531392-00
Hexagon Socket Grub Screw M5x10 45H White galvanized steel,7578498450-00,1570116266-00,9090531392-00
M5x10-45H GRUB SCREW HS CYLINDR. A2K,7578498450-00,1570116266-00,9090531392-00
grub screw M5x16-45H hex socket cylindrical A2K white galvanized steel,8858466482-00,2674961440-00,1013994276-00
M5x16-45H cylindrical point grub screw hex socket A2K,8858466482-00,2674961440-00,1013994276-00
HS grub screw white galvanized steel hex  M5x16-45H,8858466482-00,2674961440-00,1013994276-00
M5x20-45H Grub Screw HS Cylindrical Point White galvanized steel,4938014729-00,6367957917-00,7223215219-00
Hex Socket Grub Screw M5 x 20 45H A2K,4938014729-00,6367957917-00,7223215219-00
GRUB SCREW HS CYLINDR. P. M5 20-45H galvanized steel,4938014729-00,6367957917-00,7223215219-00
Grub screw M5x8-45H cylindrical point A2K hex socket,1095765315-00,6400451842-00,9669699196-00
Hexagon socket grub screw M5x8-45H white galvanized steel,1095765315-00,6400451842-00,9669699196-00
HS cylindrical point grub screw A2K M5x8-45H white galvanized,1095765315-00,6400451842-00,9669699196-00
grub screw M6x10-45H hex socket cylindrical point white galvanized steel,8022444645-00,3844212784-00,4220226415-00
HS cylindrical grub screw A2K M6x10 45H,8022444645-00,3844212784-00,4220226415-00
M6x10-45H grub screw hexagon socket white galvanized steel,8022444645-00,3844212784-00,4220226415-00
GRUB SCREW M6 x 12 45H Hex Socket P. A2K galvanized steel,4403967100-00,5879115229-00,2650154326-00
Hex cylindrical grub screw M6x12 45H white galvanized,4403967100-00,5879115229-00,2650154326-00
M6 x 12 grub screw 45H hex socket cylindrical point A2K,4403967100-00,5879115229-00,2650154326-00
grub screw M6x16-45H steel hex socket cylindrical point,5577156710-00,5934919929-00,5337702452-00
HS cylindrical point grub screw M6x16-45H A2K,5577156710-00,5934919929-00,5337702452-00
M6x16-45H hex socket grub screw white galvanized steel,5577156710-00,5934919929-00,5337702452-00
grub screw M6x20-45H hexagonal socket cylindrical A2K white galvanized steel,3455590283-00,2767523756-00,2650154326-00
M6x20-45H grub screw hex socket cylindrical point white galvanized,3455590283-00,2767523756-00,2650154326-00
HS cylindrical grub screw M6x20-45H A2K white galvanized steel,3455590283-00,2767523756-00,2650154326-00
GRUB SCREW M6x25-45H Hex Socket Cylindrical P. A2K,8522302620-00,3195565534-00,2128548752-00
Hexagon Socket Grub Screw White galvanized steel M6x25-45H,8522302620-00,3195565534-00,2128548752-00
M6x25-45H Cylindrical Point Grub Screw HS A2K Galvanized,8522302620-00,3195565534-00,2128548752-00
grub screw M6x30-45H hex socket cylindrical point galvanized steel,7808173269-00,5185231715-00,5997622662-00
HS cylindrical grub screw A2K size M6x30-45H,7808173269-00,5185231715-00,5997622662-00
M6x30-45H white galvanized steel hex socket grub screw,7808173269-00,5185231715-00,5997622662-00
grub screw M6x40-45H hex socket cylindrical point A2K white galvanized steel,6271104408-00,3722553199-00,2252168350-00
hexagon socket grub screw A2K M6x40-45H white galvanized,6271104408-00,3722553199-00,2252168350-00
M6x40-45H grub screw cylindrical point white galvanized steel hex socket,6271104408-00,3722553199-00,2252168350-00
M6x45-45H grub screw hex socket cylindrical point white galvanized steel,5915353532-00,5364960095-00,3090593496-00
hexagon socket grub screw M6x45-45H white galvanized,5915353532-00,5364960095-00,3090593496-00
GRUB SCREW HS CYLINDR. M6 45-45H galvanized steel,5915353532-00,5364960095-00,3090593496-00
M6x60-45H grub screw hex socket cylindrical point A2K,1860195269-00,3820596471-00,8691580996-00
hex socket grub screw white galvanized steel M6 60 45H,1860195269-00,3820596471-00,8691580996-00
GRUB SCREW HS cylindrical point M6x60 45H galvanized,1860195269-00,3820596471-00,8691580996-00
M6x8-45H grub screw hex socket cylindrical point galvanized steel,2658021352-00,8051335606-00,9747330567-00
hexagon socket grub screw M6 x 8 - 45H white galvanized,2658021352-00,8051335606-00,9747330567-00
GRUB SCREW HS CYLINDRICAL P. A2K M6x8-45H galvanized steel,2658021352-00,8051335606-00,9747330567-00
M8x10-45H Hexagon Socket Grub Screw Cylindrical Point White galvanized steel,3359898107-00,1402897100-00,6439186466-00
GRUB SCREW HS CYLINDR. M8x10-45H A2K,3359898107-00,1402897100-00,6439186466-00
M8 10 45H White galvanized steel Grub Screw Hex Socket Cylindrical,3359898107-00,1402897100-00,6439186466-00
M8x16-45H White galvanized steel grub screw hex socket cylindrical point,2463103318-00,9060437798-00,6439186466-00
Hexagon socket grub screw M8x16-45H galvanized steel,2463103318-00,9060437798-00,6439186466-00
GRUB SCREW P.A2K M8x16 45H hex cylindrical point,2463103318-00,9060437798-00,6439186466-00
M8x20-45H Grub screw Hex socket cylindrical point A2K white galvanized steel,6480292520-00,7142238274-00,5897638051-00
HS grub screw M8x20-45H cylindrical point white galvanized,6480292520-00,7142238274-00,5897638051-00
Hexagon socket grub screw M8 20 45H galvanized steel cylindrical,6480292520-00,7142238274-00,5897638051-00
GRUB SCREW M8x30-45H H.S. cyl point A2K,1405237532-00,8953620793-00,9741109116-00
M8x30-45H Hex Socket Grub Screw White galvanized,1405237532-00,8953620793-00,9741109116-00
Hexagon Socket Grub Screw 30-45H M8 A2K,1405237532-00,8953620793-00,9741109116-00
grub screw M8x35-45H white galvanized steel hex socket cylindrical point,4051928637-00,6962179027-00,3685572130-00
hexagon socket grub screw A2K M8x35-45H type steel,4051928637-00,6962179027-00,3685572130-00
M8x35-45H grub screw cylindrical point hex socket white galvanized,4051928637-00,6962179027-00,3685572130-00
M8x40-45H grub screw white galvanized steel hexagon socket cylindrical,8782691424-00,1022841450-00,5152658680-00
GS HS CYLINDR. P. A2K M8 40-45H,8782691424-00,1022841450-00,5152658680-00
hex socket grub screw M8 40-45H white galvanized P.A2K,8782691424-00,1022841450-00,5152658680-00
M8x45-45H grub screw hex socket cylindrical A2K galvanized,2088268475-00,3149495518-00,5897638051-00
Hexagon socket grub screw M8x45-45H white galvanized steel,2088268475-00,3149495518-00,5897638051-00
HS grub screw M8 45mm length cylindrical point A2K,2088268475-00,3149495518-00,5897638051-00
M8x50-45H GRUB SCREW Hex Socket Cylindrical A2K,5337702452-00,2443553697-00,2609079641-00
White galvanized steel Grub screw M8x50 45H,5337702452-00,2443553697-00,2609079641-00
HS CYLINDR. P. A2K M8x50 Grub screw galvanized,5337702452-00,2443553697-00,2609079641-00
Grub screw M8x60-45H Hex Socket Cylindrical Point galvanized steel,6945181432-00,4758662814-00,7660587480-00
HS Grub SCREW A2K M8x60-45H White galvanized,6945181432-00,4758662814-00,7660587480-00
Hex Socket Grub screw Cylindrical Point M8x60-45H,6945181432-00,4758662814-00,7660587480-00
grub screw M8x70-45H hex socket cylindrical point,2971866041-00,4521949722-00,7895769519-00
hex socket grub screw P. A2K M8x70 galvanized steel,2971866041-00,4521949722-00,7895769519-00
GRUB SCREW HS CYLINDR. M8x70-45H white galvanized,2971866041-00,4521949722-00,7895769519-00
M3x4-21H conical grub screw A2 stainless steel,6439186466-00,7320801684-00,2463103318-00
stainless steel hex socket grub screw M3x4-21H,6439186466-00,7320801684-00,2463103318-00
GRUB SCREW HS M3x4-21H conical point P. A2,6439186466-00,7320801684-00,2463103318-00
M5x12-21H Hex Socket Grub Screw Conical Point A2 Stainless Steel,2692033395-00,7891212922-00,8022444645-00
Grub Screw Stainless Steel M5x12-21H Conical Point,2692033395-00,7891212922-00,8022444645-00
HS Grub Screw M5x12-21H conical socket A2,2692033395-00,7891212922-00,8022444645-00
M5x8-21H Stainless steel grub screw conical point hex socket,1278211702-00,1978099364-00,5066868032-00
Hex socket grub screw M5x8-21H conical point A2,1278211702-00,1978099364-00,5066868032-00
Grub screw A2 21H M5x8 hex conical socket,1278211702-00,1978099364-00,5066868032-00
M6x10-21H Grub Screw Hex Socket Conical Point A2,6123290703-00,2312811465-00,6480292520-00
Hexagon Socket Grub Screw Stainless Steel M6 10mm 21H,6123290703-00,2312811465-00,6480292520-00
A2 Conical Point Grub Screw M6x10 length 21H,6123290703-00,2312811465-00,6480292520-00
M10x10-45H conical point grub screw hex socket white galvanized steel,9669699196-00,4362770512-00,9521712444-00
GRUB SCREW HS M10x10-45H conical white galvanised steel,9669699196-00,4362770512-00,9521712444-00
Hexagon socket grub screw 10mm x 10mm 45H conical A2K steel,9669699196-00,4362770512-00,9521712444-00
M10x14-45H conical grub screw white galvanized steel,1094578790-00,8112582292-00,5897638051-00
HS conical point grub screw A2K M10 14 45H,1094578790-00,8112582292-00,5897638051-00
M10x14-45H white galvanized hex socket grub screw,1094578790-00,8112582292-00,5897638051-00
GRUB SCREW M10x20-45H conical point white galvanized steel,7602736333-00,6912749729-00,2463572176-00
M10x20 grub screw hex socket conical A2K galvanized,7602736333-00,6912749729-00,2463572176-00
Hexagon socket conical grub screw M10x20-45H white steel,7602736333-00,6912749729-00,2463572176-00
M10x25-45H grub screw conical point hex socket galvanized steel,5074512420-00,2148970760-00,4265798346-00
hexagon socket grub screw M10x25-45H white galvanized steel,5074512420-00,2148970760-00,4265798346-00
GRUB SCREW HS M10x25-45H conical point A2K galvanized,5074512420-00,2148970760-00,4265798346-00
M10x30-45H conical grub screw white galvanized steel,9521712444-00,7504323369-00,2658021352-00
Hexagon socket grub screw HS P. A2K M10 30-45H,9521712444-00,7504323369-00,2658021352-00
GRUB SCREW M10x30-45H conical point steel A2K,9521712444-00,7504323369-00,2658021352-00
GRUB SCREW M10x60-45H conical point white galvanized steel,5066868032-00,5621744151-00,1278211702-00
M10x60-45H Hex Socket Grub Screw Conical P. A2K,5066868032-00,5621744151-00,1278211702-00
Conical grub screw HS M10x60-45H galvanized steel,5066868032-00,5621744151-00,1278211702-00
M12x35-45H grub screw conical point hex socket galvanized,9090531392-00,9378016972-00,4265798346-00
Hex socket grub screw white steel M12x35-45H,9090531392-00,9378016972-00,4265798346-00
GRUB SCREW M12 35-45H conical HS A2K white galvanized,9090531392-00,9378016972-00,4265798346-00
M12x60-45H conical grub screw hex socket white galvanized steel,2634225721-00,3139520890-00,5897638051-00
hex socket grub screw M12x60-45H P.A2K white galvanized,2634225721-00,3139520890-00,5897638051-00
GRUB SCREW M12 x 60 45H hex conical point A2K galvanized steel,2634225721-00,3139520890-00,5897638051-00
GRUB SCREW M16x20-45H conical point white galvanized steel,7782203578-00,1409980522-00,9747330567-00
Hexagon Socket Grub Screw P.A2K M16x20 45H,7782203578-00,1409980522-00,9747330567-00
M16x20-45H Conical Grub Screw HS White Galvanized,7782203578-00,1409980522-00,9747330567-00
GRUB SCREW M16x30-45H Hex Socket Conical Point White galvanized,9572923199-00,1612358200-00,4133880244-00
M16x30-45H GRUB SCREW conical point A2K galvanized steel,9572923199-00,1612358200-00,4133880244-00
M16x30-45H Hexagon Socket Grub screw white galvanized conical,9572923199-00,1612358200-00,4133880244-00
M4x10-45H GRUB SCREW CONICAL HEXAGON SOCKET GALVANIZED STEEL,7895769519-00,9998240700-00,5677958469-00
Hexagon Socket Grub Screw P. A2K M4x10 conical white galvanized,7895769519-00,9998240700-00,5677958469-00
GRUB SCREW M4 10 45H CONICAL POINT HS A2K GALVANIZED,7895769519-00,9998240700-00,5677958469-00
GRUB SCREW M4x5-45H Hex Socket Conical P. A2K White galvanized,7835034023-00,3348164823-00,6591331085-00
Hex Socket Grub Screw M4x5-45H Conical Point Steel,7835034023-00,3348164823-00,6591331085-00
M4x5-45H Grub Screw Conical HS A2K White galvanized steel,7835034023-00,3348164823-00,6591331085-00
M4x8-45H GRUB SCREW conical hex socket galvanized steel,9829102239-00,2443553697-00,2164394937-00
Hex Socket Grub screw conical point White A2K M4x8-45H,9829102239-00,2443553697-00,2164394937-00
conical grub screw M4x8-45H HS galvanized steel hexagon,9829102239-00,2443553697-00,2164394937-00
M5x10-45H grub screw conical point hex socket galvanized steel,2103822303-00,8150398753-00,9147503056-00
hexagon socket grub screw M5 10 45H white galvanized,2103822303-00,8150398753-00,9147503056-00
GRUB SCREW M5x10-45H conical point HS white steel,2103822303-00,8150398753-00,9147503056-00
M5x12-45H conical grub screw hex socket white galvanized steel,4133880244-00,3178453665-00,1094578790-00
GRUB SCREW M5x12 45H A2K galvanized steel conical point,4133880244-00,3178453665-00,1094578790-00
Hex socket grub screw 45H M5x12 white steel conical,4133880244-00,3178453665-00,1094578790-00
GRUB SCREW M5x16-45H Hexagon Socket Conical P. A2K,9741109116-00,9695811272-00,6145862798-00
M5x16-45H conical grub screw white galvanized steel,9741109116-00,9695811272-00,6145862798-00
Hex socket grub screw A2K M5x16-45H conical,9741109116-00,9695811272-00,6145862798-00
M5x5-45H Grub screw conical socket A2K galvanized steel,8137604383-00,5629772323-00,5211292766-00
Hexagon socket grub screw P. A2K M5x5-45H white steel,8137604383-00,5629772323-00,5211292766-00
Grub screw M5x5-45H conical point Hexagon Socket galvanized,8137604383-00,5629772323-00,5211292766-00
M5x6-45H GRUB SCREW conical point galvanized steel,2489784533-00,1570116266-00,9308219724-00
Hex socket grub screw M5x6-45H white galvanized,2489784533-00,1570116266-00,9308219724-00
Conical point grub screw HS M5x6 45H A2K,2489784533-00,1570116266-00,9308219724-00
M5x8-45H conical point grub screw HS P. A2K galvanized steel,2479083677-00,2056020036-00,9007191352-00
Hexagon Socket Grub Screw M5x8-45H white steel conical,2479083677-00,2056020036-00,9007191352-00
grub screw M5x8-45H HS conical hex socket white galvanized,2479083677-00,2056020036-00,9007191352-00
M6x10-45H Grub screw conical point galvanized steel,5221213735-00,1040011022-00,1114043114-00
Hex socket grub screw conical M6x10-45H white steel,5221213735-00,1040011022-00,1114043114-00
HS conical grub screw P. A2K M6 10 45H,5221213735-00,1040011022-00,1114043114-00
M6x16-45H Grub screw conical point Hexagon Socket galvanized steel,9855194441-00,4283635832-00,5897638051-00
Hex Socket Grub Screw P. A2K 16-45H M6 White galvanized,9855194441-00,4283635832-00,5897638051-00
Grub screw M6 16-45H Conical Point HS galvanized steel,9855194441-00,4283635832-00,5897638051-00
M6x20-45H Grub screw conical point galvanized steel,5605551532-00,4513626239-00,5726401144-00
Hex socket grub screw P. A2K M6x20 45H,5605551532-00,4513626239-00,5726401144-00
Grub screw HS M6x20-45H conical white steel,5605551532-00,4513626239-00,5726401144-00
M6x25-45H Conical Point Grub Screw White galvanized steel,2265233032-00,2483257253-00,8071445697-00
Hex Socket Grub Screw A2K M6x25-45H,2265233032-00,2483257253-00,8071445697-00
Grub Screw A2K M6x25-45H white galvanized steel conical,2265233032-00,2483257253-00,8071445697-00
Grub screw Hex socket conical white galvanized steel M6 x 30-45H,2368003050-00,6307157416-00,9521712444-00
HS grub screw M6 30-45H conical point A2K galvanized,2368003050-00,6307157416-00,9521712444-00
M6x30-45H conical grub screw white galvanized steel,2368003050-00,6307157416-00,9521712444-00
grub screw M6x40-45H conical point galvanized steel,6398827514-00,2981854107-00,8858466482-00
M6x40-45H hex socket grub screw white steel conical,6398827514-00,2981854107-00,8858466482-00
HS conical grub screw A2K M6x40-45H hex socket,6398827514-00,2981854107-00,8858466482-00
M6x50-45H conical grub screw galvanized steel,3685572130-00,2936303514-00,5074512420-00
Hex socket grub screw P. A2K 50mm length M6,3685572130-00,2936303514-00,5074512420-00
white galvanized steel M6x50 grub screw conical point,3685572130-00,2936303514-00,5074512420-00
Grub screw M6x8-45H Hex socket conical point white galvanized steel,7174182235-00,7458208800-00,5074512420-00
HS Grub screw conical P. A2K 45H M6x8,7174182235-00,7458208800-00,5074512420-00
M6x8-45H Hex socket Grub screw conical white galvanized steel,7174182235-00,7458208800-00,5074512420-00
Grub screw M8x10 conical point P. A2K 45H galvanized,6145862798-00,5463670446-00,5721473726-00
Hex socket grub screw M8x10-45H white steel conical,6145862798-00,5463670446-00,5721473726-00
M8x10-45H conical grub screw HS P. A2K galvanized,6145862798-00,5463670446-00,5721473726-00
M8x16-45H grub screw hex socket conical stainless A2K,5677958469-00,3981189670-00,3091746206-00
conical grub screw M8x16-45H white galvanized steel,5677958469-00,3981189670-00,3091746206-00
HS grub screw M8 16 45H hex socket conical point,5677958469-00,3981189670-00,3091746206-00
M8x20-45H grub screw conical point white galvanized steel,2016872502-00,2931864581-00,2726415115-00
Hex socket grub screw M8x20-45H conical P.A2K,2016872502-00,2931864581-00,2726415115-00
GRUB screw conical M8 20mm length 45H galvanized steel,2016872502-00,2931864581-00,2726415115-00
GRUB SCREW M8x25-45H Hex Socket Conical P. A2K,2165953442-00,6693547172-00,4403967100-00
M8x25-45H Conical Point Grub Screw White galvanized steel,2165953442-00,6693547172-00,4403967100-00
Hexagon Socket Grub Screw A2K M8x25 Conical P. 45H,2165953442-00,6693547172-00,4403967100-00
M8x30-45H GRUB SCREW Hexagon Socket Conical Point galvanized steel,7212344264-00,7220467591-00,6123290703-00
Grub screw M8 30-45H conical point HS P. A2K,7212344264-00,7220467591-00,6123290703-00
Hex Socket Grub Screw conical M8x30-45H White galvanized steel,7212344264-00,7220467591-00,6123290703-00
M8x8-45H GRUB SCREW conical point galvanized steel,1376399055-00,2596794819-00,8522302620-00
Hex Socket Grub Screw A2K M8x8-45H,1376399055-00,2596794819-00,8522302620-00
Conical P. Grub Screw M8x8 45H white galvanized steel,1376399055-00,2596794819-00,8522302620-00
GRUB SCREW M8x10-45H hex socket cup point galvanized steel,9048598660-00,6365943916-00,3455590283-00
M8x10-45H HS cup point grub screw white galv steel,9048598660-00,6365943916-00,3455590283-00
Hexagon socket grub screw P. A2K M8x10-45H galvanized,9048598660-00,6365943916-00,3455590283-00
grub screw M4x5-21H flat end hex socket stainless steel,7254172697-00,4736528681-00,5933620471-00
M4x5-21H hexagon socket grub screw flat end A2,7254172697-00,4736528681-00,5933620471-00
stainless steel Grub screw flat end A2 M4x5-21H,7254172697-00,4736528681-00,5933620471-00
M5x25-21H stainless steel grub screw flat end hex socket,4220226415-00,3420626497-00,5575104128-00
"Hex socket grub screw, flat end, A2, M5 x 25 – 21H",4220226415-00,3420626497-00,5575104128-00
GRUB SCREW A2 M5 25mm flat end HS 21H,4220226415-00,3420626497-00,5575104128-00
M8x10-21H stainless steel grub screw flat end hex socket,9228106533-00,7453588100-00,5726401144-00
HS grub screw flat end A2 Hexagon Socket M8 10 21H,9228106533-00,7453588100-00,5726401144-00
M8 grub screw hex socket flat end 10-21H stainless steel,9228106533-00,7453588100-00,5726401144-00
GRUB SCREW M8x16-21H flat end stainless steel,9308219724-00,3940763029-00,4265798346-00
Hexagon Socket grub screw A2 M8x16 21H,9308219724-00,3940763029-00,4265798346-00
M8x16 grub screw flat end HS A2 21H,9308219724-00,3940763029-00,4265798346-00
GRUB SCREW M10x1.25 40-45H HSFH White galvanized steel,9147503056-00,6529064708-00,5915353532-00
HSFH GRUB SCREW 40-45H M10 1.25 A2K,9147503056-00,6529064708-00,5915353532-00
M10x1.25 HSFH GRUB SCREW galvanized steel 40-45H,9147503056-00,6529064708-00,5915353532-00
M10x10-45H grub screw flat end A2K white galvanized steel,2726415115-00,9305174342-00,9521712444-00
Hexagon socket grub screw M10x10-45H,2726415115-00,9305174342-00,9521712444-00
GRUB SCREW HS M10x10-45H flat end galvanized steel,2726415115-00,9305174342-00,9521712444-00
M10x20-45H Grub screw flat end galvanized steel,6874152815-00,1318185697-00,5863483943-00
Hex socket GRUB SCREW M10 x 20 45H,6874152815-00,1318185697-00,5863483943-00
M10 20 45H WHITE GALVANIZED steel grub screw flat end,6874152815-00,1318185697-00,5863483943-00
M10x40-45H grub screw flat end hex socket galvanized steel,5506538398-00,2118591654-00,8782691424-00
HS grub screw A2K M10 40-45H white galvanized,5506538398-00,2118591654-00,8782691424-00
GRUB SCREW M10x40-45H flat end hexagon socket A2K,5506538398-00,2118591654-00,8782691424-00
M10x50-45H GRUB SCREW flat end galvanized steel,2236883020-00,4936903325-00,5721473726-00
Hex Socket grub screw A2K M10 50mm 45H flat end,2236883020-00,4936903325-00,5721473726-00
GRUB SCREW HS M10x50-45H White galvanized flat end,2236883020-00,4936903325-00,5721473726-00
GRUB SCREW M12x10-45H flat end galvanized steel,5789814708-00,3598238979-00,7212344264-00
Hex Socket Grub Screw A2K M12 x 10 45H,5789814708-00,3598238979-00,7212344264-00
Flat End Grub Screw M12x10-45H White galvanized steel,5789814708-00,3598238979-00,7212344264-00
M12x12-45H grub screw hex socket flat end White galvanized steel,7521870912-00,9026041071-00,4181689176-00
GRUB SCREW A2K M12x12 45H hexagon socket steel,7521870912-00,9026041071-00,4181689176-00
flat end hex socket grub screw M12x12-45H galvanized steel,7521870912-00,9026041071-00,4181689176-00
M12x16 grub screw flat end galvanized steel 45H,7337262832-00,6097009167-00,2971866041-00
Hex socket grub screw A2K M12 45H flat end,7337262832-00,6097009167-00,2971866041-00
GRUB SCREW HS M12x16-45H flat end white steel,7337262832-00,6097009167-00,2971866041-00
M12x35-45H grub screw flat end hex socket A2K galvanized steel,8605355283-00,3738435794-00,7578498450-00
flat end hexagon socket grub screw M12 35-45H white steel,8605355283-00,3738435794-00,7578498450-00
A2K M12 grub screw M12x35-45H flat end galvanized hexagon,8605355283-00,3738435794-00,7578498450-00
M12x40-45H Grub screw Hex Socket flat end A2K,9880764182-00,3910293894-00,9908968425-00
GRUB SCREW M12 40-45H flat end white galvanized steel,9880764182-00,3910293894-00,9908968425-00
Hexagon Socket grub screw A2K M12 40-45H flat end,9880764182-00,3910293894-00,9908968425-00
M12x45-45H grub screw flat end A2K white galvanized steel,6035530235-00,4734411209-00,6145862798-00
Hex socket grub screw M12 45mm flat end A2K galvanized,6035530235-00,4734411209-00,6145862798-00
GRUB SCREW flat end HS M12 45H white galvanized steel,6035530235-00,4734411209-00,6145862798-00
M12x50-45H GRUB SCREW flat end HEX SOCKET A2K,2252168350-00,6922881579-00,2489784533-00
Flat end grub screw M12 x 50-45H with hexagon socket,2252168350-00,6922881579-00,2489784533-00
Grub screw A2K M12 50-45H Hex socket white galvanized steel,2252168350-00,6922881579-00,2489784533-00
M12x60-45H grub screw flat end hex socket white galvanized steel,3388938782-00,9723645203-00,4265798346-00
hex socket grub screw A2K M12x60-45H flat end,3388938782-00,9723645203-00,4265798346-00
GRUB SCREW M12x60-45H HS FLAT END white galvanized,3388938782-00,9723645203-00,4265798346-00
GRUB SCREW M16x16-45H Flat End A2K,7826489678-00,7053519753-00,6398827514-00
Hex Socket Grub Screw 16mm x 45mm White Galvanized A2K,7826489678-00,7053519753-00,6398827514-00
M16 grub screw flat end 45H galvanized steel,7826489678-00,7053519753-00,6398827514-00
M16x30-45H Grub screw Hex socket flat end galvanized steel,7544850930-00,9358540356-00,6591331085-00
GRUB SCREW A2K M16 30-45H flat end,7544850930-00,9358540356-00,6591331085-00
Hexagon socket flat end grub screw M16 30-45H galvanized steel,7544850930-00,9358540356-00,6591331085-00
M16x35-45H grub screw flat end white galvanized steel,1013994276-00,2783619008-00,4336832700-00
hex socket flat end grub screw A2K M16 35-45H,1013994276-00,2783619008-00,4336832700-00
GRUB SCREW M16 35-45H HS flat end galvanized,1013994276-00,2783619008-00,4336832700-00
M16x40-45H grub screw hex socket flat end A2K,5897638051-00,7440613697-00,5933620471-00
Hexagon socket grub screw M16x40-45H White galvanized steel,5897638051-00,7440613697-00,5933620471-00
GRUB SCREW A2K M16 40-45H flat end hex socket,5897638051-00,7440613697-00,5933620471-00
M16x55-45H grub screw hex socket flat end galvanized steel,8698794570-00,7123932343-00,4181689176-00
hexagon socket grub screw M16 x 55-45H white galvanized,8698794570-00,7123932343-00,4181689176-00
M16 grub screw flat end HS A2K 55-45H hex socket,8698794570-00,7123932343-00,4181689176-00
M20x45-45H grub screw hex socket flat end galvanized steel,2128548752-00,2506823247-00,6159899080-00
HS flat end grub screw A2K M20 x 45-45H,2128548752-00,2506823247-00,6159899080-00
hexagon socket grub screw M20 45-45H white steel,2128548752-00,2506823247-00,6159899080-00
M3x10-45H grub screw hexagon socket flat end galvanized steel,5501065460-00,3653142136-00,8030314056-00
GRUB SCREW A2K M3x10-45H white finish,5501065460-00,3653142136-00,8030314056-00
Hex socket grub screw M3x10 45H flat end steel,5501065460-00,3653142136-00,8030314056-00
M3x5-45H grub screw hex socket flat end A2K,7325563727-00,2257511613-00,1054349066-00
hexagon socket grub screw M3 size 5-45H white galvanized,7325563727-00,2257511613-00,1054349066-00
flat end grub screw A2K M3x5-45H galvanized steel,7325563727-00,2257511613-00,1054349066-00
GRUB SCREW M4x10-45H flat end A2K galvanized steel,4265798346-00,4366679025-00,4365909519-00
M4x10-45H Hexagon Socket grub screw flat end white steel,4265798346-00,4366679025-00,4365909519-00
Hex socket grub screw A2K M4x10 45H flat end,4265798346-00,4366679025-00,4365909519-00
M4x20-45H Grub screw Hex flat end A2K white galvanized steel,5721473726-00,6571703109-00,5863483943-00
A2K M4 20 45H GRUB SCREW hexagon socket flat end,5721473726-00,6571703109-00,5863483943-00
Flat end hex socket grub screw M4x20-45H white galvanized,5721473726-00,6571703109-00,5863483943-00
GRUB SCREW M4x4-45H flat end A2K galvanized steel,9747330567-00,9423853212-00,6591331085-00
M4x4-45H Hexagon socket grub screw white galvanized,9747330567-00,9423853212-00,6591331085-00
A2K flat end grub screw M4x4-45H hex socket,9747330567-00,9423853212-00,6591331085-00
GRUB SCREW M4x5-45H Hex Socket Flat End White Galvanized,5863483943-00,1850869928-00,2742017990-00
M4x5-45H Grub Screw HS Flat End A2K,5863483943-00,1850869928-00,2742017990-00
Hex Socket Grub Screw Flat End M4x5-45H White Galvanized Steel,5863483943-00,1850869928-00,2742017990-00
GRUB SCREW M5x10-45H flat end galvanized steel,9325677048-00,9917520427-00,7521870912-00
Hexagon socket grub screw A2K 45H M5x10,9325677048-00,9917520427-00,7521870912-00
A2K M5x10 grub screw white galvanized steel flat end,9325677048-00,9917520427-00,7521870912-00
M5x12-45H grub screw flat end white galvanized steel,3904441491-00,7440613697-00,1225952671-00
HS flat end grub screw A2K M5x12-45H,3904441491-00,7440613697-00,1225952671-00
hex socket grub screw M5 x 12mm 45H flat end A2K,3904441491-00,7440613697-00,1225952671-00
grub screw M5x15-45H flat end A2K white galvanized steel,1225952671-00,8025235221-00,2016872502-00
M5x15-45H hex socket grub screw flat end galvanized steel,1225952671-00,8025235221-00,2016872502-00
HS grub screw A2K M5x15-45H white flat end,1225952671-00,8025235221-00,2016872502-00
GRUB SCREW M5x20-45H flat end A2K white galvanized steel,9007191352-00,9910910852-00,5152658680-00
Hexagon socket grub screw 20mm length M5 flat end A2K,9007191352-00,9910910852-00,5152658680-00
M5 grub screw 45H flat end HS white steel 20mm length,9007191352-00,9910910852-00,5152658680-00
GRUB SCREW M5x25-45H flat end galvanized steel,3202526870-00,2819858087-00,6945181432-00
M5x25-45H Hexagon socket grub screw White A2K,3202526870-00,2819858087-00,6945181432-00
Grub screw A2K 25mm long M5 flat end galvanized,3202526870-00,2819858087-00,6945181432-00
GRUB SCREW M5x35-45H flat end galvanized steel,8030314056-00,4867102292-00,5501065460-00
M5x35-45H Hexagon Socket grub screw A2K,8030314056-00,4867102292-00,5501065460-00
Hex Socket GRUB SCREW flat end steel M5 35-45H,8030314056-00,4867102292-00,5501065460-00
M5x40-45H grub screw flat end hex socket white galvanized steel,6010207047-00,7573814967-00,4938014729-00
Hex socket grub screw A2K M5 x 40-45 H flat end,6010207047-00,7573814967-00,4938014729-00
GRUB SCREW M5 40-45H flat hexagon socket steel,6010207047-00,7573814967-00,4938014729-00
M5x8-45H grub screw flat end stainless steel,7873219226-00,4921777111-00,5897638051-00
Hexagon socket grub screw A2K M5x8 galvanized steel,7873219226-00,4921777111-00,5897638051-00
GRUB SCREW HS M5x8-45H flat end white steel,7873219226-00,4921777111-00,5897638051-00
M6x10-45H Grub screw hex socket flat end A2K galvanized steel,8468201600-00,7051940106-00,9325677048-00
GRUB SCREW M6x10-45H flat end White galvanized A2K,8468201600-00,7051940106-00,9325677048-00
Hex socket grub screw 45H M6x10 flat end steel A2K,8468201600-00,7051940106-00,9325677048-00
M6x12 grub screw flat end hex socket A2K white galvanized steel 45H,8254688091-00,8533726607-00,6480292520-00
hexagon socket grub screw M6x12-45H flat end A2K white galvanized,8254688091-00,8533726607-00,6480292520-00
GRUB SCREW M6x12-45H flat end HS galvanized steel A2K,8254688091-00,8533726607-00,6480292520-00
M6x16-45H Grub screw HS flat end galvanized steel,2164394937-00,4643465183-00,7873219226-00
Hexagon socket flat end grub screws A2K M6 x 16,2164394937-00,4643465183-00,7873219226-00
M6 16 grub screw flat end white galvanized steel 45H,2164394937-00,4643465183-00,7873219226-00
M6x20-45H Grub Screw HS Flat End Hex Socket White Galvanized Steel,4181689176-00,5276410858-00,8468201600-00
Hex Socket Grub Screw M6 20-45H Flat End A2K galvanized,4181689176-00,5276410858-00,8468201600-00
Grub screw A2K M6 x 20mm 45H Flat End White Steel,4181689176-00,5276410858-00,8468201600-00
M6x25-45H grub screw hex socket flat end A2K,1054349066-00,9514707216-00,5863483943-00
Hexagon socket grub screw 25-45H M6 flat end,1054349066-00,9514707216-00,5863483943-00
White galvanized steel M6 hex grub screw 25-45H,1054349066-00,9514707216-00,5863483943-00
GRUB SCREW M6x30-45H flat end galvanized steel,6005248041-00,3065840761-00,5074512420-00
Hexagon socket flat end grub screw A2K M6 30-45H,6005248041-00,3065840761-00,5074512420-00
M6 grub screw HS 30-45H flat end white galvanized,6005248041-00,3065840761-00,5074512420-00
M6x40-45H grub screw flat end white galvanized A2K,2609079641-00,9612996235-00,8022444645-00
Hexagon Socket grub screw M6 40-45H flat end,2609079641-00,9612996235-00,8022444645-00
GRUB SCREW A2K M6 40-45H FLAT END stainless steel,2609079641-00,9612996235-00,8022444645-00
grub screw M6x50-45H flat end hex socket A2K white galvanized,6098060240-00,2330627626-00,8698794570-00
M6x50-45H hexagon socket grub screw flat end galvanized steel,6098060240-00,2330627626-00,8698794570-00
flat end grub screw A2K M6x50-45H white steel hex socket,6098060240-00,2330627626-00,8698794570-00
M6x6-45H grub screw flat end A2K galvanized steel,7204923374-00,8576546004-00,8468201600-00
Hex socket grub screw M6 6mm length 45H white steel,7204923374-00,8576546004-00,8468201600-00
GRUB SCREW HS M6x6 Flat End 45H White Galvanized,7204923374-00,8576546004-00,8468201600-00
M6x8-45H grub screw hex socket flat end galvanized A2K,3090593496-00,1964769773-00,2016872502-00
Hex Socket GRUB SCREW M6x8 45H white galvanized steel,3090593496-00,1964769773-00,2016872502-00
GRUB SCREW M6x8 45H flat end A2K hex socket steel,3090593496-00,1964769773-00,2016872502-00
M8x10-45H flat end grub screw hex socket A2K galvanized steel,1913125651-00,6529849998-00,8691580996-00
flat end grub screw HS M8x10-45H White steel,1913125651-00,6529849998-00,8691580996-00
Hexagon socket grub screw M8x10-45H flat end galvanized,1913125651-00,6529849998-00,8691580996-00
M8x16-45H grub screw flat end A2K hex socket,7367405253-00,4846801812-00,5152658680-00
Hex socket grub screw M8x16-45H white galvanized steel,7367405253-00,4846801812-00,5152658680-00
M8 grub screw hexagon socket flat end 16-45H,7367405253-00,4846801812-00,5152658680-00
M8x1x10-45H GRUB SCREW flat end A2K White galvanized steel,9962012008-00,3693299201-00,8254688091-00
Hex Socket Grub Screw M8x1 10mm 45H flat end,9962012008-00,3693299201-00,8254688091-00
GRUB SCREW HS M8x1 10-45H galvanized steel flat end,9962012008-00,3693299201-00,8254688091-00
M8x20-45H grub screw HS flat end galvanized steel,3091746206-00,1945547201-00,9741109116-00
hex socket grub screw M8 20mm 45H white,3091746206-00,1945547201-00,9741109116-00
Grub screw M8x20 flat end A2K hex socket 45H,3091746206-00,1945547201-00,9741109116-00
M8x25-45H grub screw hex socket flat end white galvanized steel,3917547196-00,5954303285-00,8254688091-00
HS flat end grub screw M8 x 25-45H,3917547196-00,5954303285-00,8254688091-00
GRUB SCREW M8 25-45H hexagon socket flat end A2K,3917547196-00,5954303285-00,8254688091-00
M8x30-45H grub screw flat end stainless steel,7151661320-00,9026041071-00,5152658680-00
Hex socket grub screw White galvanized steel M8 30-45H,7151661320-00,9026041071-00,5152658680-00
GRUB SCREW HS FLAT END M8 30-45H  A2K,7151661320-00,9026041071-00,5152658680-00
M8x40-45H flat end grub screw hex socket A2K galvanized,3218830030-00,3071439359-00,9829102239-00
Hexagon socket grub screw M8x40-45H white galvanized steel,3218830030-00,3071439359-00,9829102239-00
M8 grub screw flat end 40-45H A2K hex socket galvanized,3218830030-00,3071439359-00,9829102239-00
GRUB SCREW M8x45-45H Hex Socket Flat End White Galvanized Steel,7590432131-00,6148036737-00,1095765315-00
M8x45-45H Grub Screw HS Flat End A2K,7590432131-00,6148036737-00,1095765315-00
Hexagon Socket Grub Screw Flat End M8x45-45H galvanized steel,7590432131-00,6148036737-00,1095765315-00
GRUB SCREW M8x6 45H FLAT END HS WHITE GALVANIZED,4365909519-00,9313557687-00,2103822303-00
M8x6-45H HEX SOCKET GRUB SCREW FLAT END,4365909519-00,9313557687-00,2103822303-00
HS GRUB SCREW M8x6 45H HEX FLAT END A2K,4365909519-00,9313557687-00,2103822303-00
M8x60-45H Flat End Grub Screw HS Hex Socket White galvanized steel,8071445697-00,1818734295-00,7367405253-00
Grub Screw M8 x 60 45H hex socket flat end A2K,8071445697-00,1818734295-00,7367405253-00
HS Grub Screw Hexagon Socket M8 60mm 45H flat end galvanized steel,8071445697-00,1818734295-00,7367405253-00
M8x70-45H Hex Socket Grub Screw Flat End A2K,1378514553-00,3972732506-00,1095765315-00
Flat End Grub Screw M8x70-45H White galvanized steel,1378514553-00,3972732506-00,1095765315-00
HS Grub Screw A2K 70mm length M8 Hexagon Socket Flat,1378514553-00,3972732506-00,1095765315-00
GRUB SCREW M8x8-45H Flat End Hex Socket,8641791085-00,4041106770-00,5575104128-00
M8x8-45H Grub Screw Hex Socket Flat A2K,8641791085-00,4041106770-00,5575104128-00
Grub screw Hexagon Socket Flat End A2K M8x8 45H,8641791085-00,4041106770-00,5575104128-00
M12x16 Brass grub screw hexagon socket flat end,2463572176-00,2733673304-00,6271104408-00
HS GRUB SCREW CW508L 12mm x 16mm flat end,2463572176-00,2733673304-00,6271104408-00
Brass M12 x 16 grub screw flat end hex socket,2463572176-00,2733673304-00,6271104408-00
M8x12 GRUB SCREW flat end Brass CW508L,2650154326-00,2173703042-00,6035530235-00
Hex Socket Grub Screw M8x12 flat end CW508L,2650154326-00,2173703042-00,6035530235-00
Brass M8x12 flat end Grub Screw Hexagon Socket,2650154326-00,2173703042-00,6035530235-00
METRIC W14X965/H6N fine thread shaft,3878640170-00,8096244744-00,9503448128-00
W14X965/H6N SHAFT METRIC fine thread,3878640170-00,8096244744-00,9503448128-00
fine thread METRIC SHAFT W14X965/H6N,3878640170-00,8096244744-00,9503448128-00
LIMIT STOP ORU PAH52,2715100092-00,2312811465-00,6345654229-00
ORU PAH52 limit stop,2715100092-00,2312811465-00,6345654229-00
limit stop part number PAH52,2715100092-00,2312811465-00,6345654229-00
HAMMER HEAD FASTENER 12x50,7745245765-00,4380157914-00,8367543199-00
12x50 Hammer Head fastener,7745245765-00,4380157914-00,8367543199-00
fastener Hammer Head 12mm x 50mm,7745245765-00,4380157914-00,8367543199-00
HAMMER HEAD FASTENER 20mm x 80mm,7347632804-00,8189288329-00,2447466166-00
20x80 hammer head fastener,7347632804-00,8189288329-00,2447466166-00
fastener hammer head size 20 by 80,7347632804-00,8189288329-00,2447466166-00
ADAPTER SLEEVE H2318,1016512264-00,8112582292-00,1009800385-00
H 2318 adapter sleeve,1016512264-00,8112582292-00,1009800385-00
sleeve adapter H2318,1016512264-00,8112582292-00,1009800385-00
H 313 adapter sleeve,9526753360-00,7418397259-00,8243127142-00
adapter sleeve H313,9526753360-00,7418397259-00,8243127142-00
H313 sleeve adapter,9526753360-00,7418397259-00,8243127142-00
Adapter Sleeve H 316,7099357687-00,3334359792-00,6530333098-00
H 316 sleeve adapter,7099357687-00,3334359792-00,6530333098-00
sleeve adapter type H316,7099357687-00,3334359792-00,6530333098-00
eccentric bushing BE20 NUKR 52.2SK,8443316906-00,3763476385-00,9503448128-00
NUKR 52.2SK eccentric bushing type BE20,8443316906-00,3763476385-00,9503448128-00
BE20 bushing eccentric NUKR 52.2SK specs,8443316906-00,3763476385-00,9503448128-00
GUIDE BUSHING FSL 25mm x 42mm x 46mm,5645656566-00,2607022206-00,6915280749-00
FSL 25x42x46 guide bushing,5645656566-00,2607022206-00,6915280749-00
25x42x46 guide bushing FSL,5645656566-00,2607022206-00,6915280749-00
Washer 3x6x8 specs,6056086096-00,9228068111-00,5021921994-00
3x6x8 washer part,6056086096-00,9228068111-00,5021921994-00
Washer dimensions 3x6x8,6056086096-00,9228068111-00,5021921994-00
LOCKING VK 550 dimensions 40x50,2656138952-00,3755850374-00,9416261095-00
VK 550 locking mechanism 40mm x 50mm,2656138952-00,3755850374-00,9416261095-00
40x50 LOCKING VK550 component,2656138952-00,3755850374-00,9416261095-00
KEY RING D38,8484402553-00,1570747722-00,5203964419-00
D38 keyring,8484402553-00,1570747722-00,5203964419-00
key ring diameter 38,8484402553-00,1570747722-00,5203964419-00
DOUBLE COLLAR D12 COMPLETO,4308546672-00,2320198646-00,9421728268-00
D12 COMPLETO double collar,4308546672-00,2320198646-00,9421728268-00
complete double collar type D12,4308546672-00,2320198646-00,9421728268-00
cotter pins A2K D2x15 white galvanized steel,8115414843-00,6080942541-00,8262572173-00
D2x15 cotter pins white galvanized A2K,8115414843-00,6080942541-00,8262572173-00
galvanized steel cotter pin D2x15 / A2K,8115414843-00,6080942541-00,8262572173-00
D3x40 cotter pins A2K white galvanized steel,7217776785-00,9473357490-00,8367543199-00
cotter pins 3x40mm galvanized steel white a2k,7217776785-00,9473357490-00,8367543199-00
cotter pin D3 x 40 A2K white coated steel,7217776785-00,9473357490-00,8367543199-00
spring lock safety cotter pins D1.8 A2K white galvanized steel,4936903325-00,5575104128-00,9416261095-00
"cotter pin spring lock D1,8 white galvanized A2K",4936903325-00,5575104128-00,9416261095-00
safety cotter pin 1.8mm spring lock galvanized steel,4936903325-00,5575104128-00,9416261095-00
"Spring lock safety cotter pins D2,5 white galvanized steel",2447466166-00,7573814967-00,9161970545-00
A2K D2.5 spring lock cotter pins galvanized,2447466166-00,7573814967-00,9161970545-00
"cotter pin spring lock type D2,5 white galvanized steel",2447466166-00,7573814967-00,9161970545-00
spring lock safety cotter pins a2k d4 white galvanized steel,6363406377-00,1841898958-00,3878640170-00
"D4 cotter pins spring lock safety, white galvanized finish",6363406377-00,1841898958-00,3878640170-00
"a2k D4 spring lock cotter pin, galvanized steel",6363406377-00,1841898958-00,3878640170-00
M10 x 1.25 x 22 elastic locking disc,7940812971-00,6973153932-00,7944868052-00
elastic lock washer M10/1.25/22,7940812971-00,6973153932-00,7944868052-00
locking disc 22mm M10 1.25 pitch,7940812971-00,6973153932-00,7944868052-00
elastic locking disc M12 1.50x28,8262572173-00,6758530756-00,6094533974-00
M12x1.50x28 elastic disc lock,8262572173-00,6758530756-00,6094533974-00
locking washer disc M12 1.50 pitch 28,8262572173-00,6758530756-00,6094533974-00
M16 elastic locking disc,1237825463-00,6757365315-00,1515743851-00
locking disc elastic type M16,1237825463-00,6757365315-00,1515743851-00
elastic lock washer M16,1237825463-00,6757365315-00,1515743851-00
elastic locking disc M8 x 1 x 18,9235182267-00,5846963981-00,7940812971-00
M8x1x18 elastic lock washer,9235182267-00,5846963981-00,7940812971-00
locking disc 18mm elastic type M8 1 pitch,9235182267-00,5846963981-00,7940812971-00
guide band 9287-123.907 5.6x2.5,2193613906-00,5581332631-00,5858046109-00
"5,6x2,5 guide bands part number 9287-123.907",2193613906-00,5581332631-00,5858046109-00
9287-123.907 guide band 5.6 mm x 2.5 mm,2193613906-00,5581332631-00,5858046109-00
0.5 meter red lifting sling swl 5 ton,2010206071-00,9183626126-00,7745245765-00
lifting sling red 5t safe working load 0.5m length,2010206071-00,9183626126-00,7745245765-00
red sling 5 tonne 0.5m for lifting,2010206071-00,9183626126-00,7745245765-00
westaro snap fastening,5057879465-00,3286024653-00,1681758905-00
snap fastener by Westaro,5057879465-00,3286024653-00,1681758905-00
Westaro snap fastening component,5057879465-00,3286024653-00,1681758905-00
100mm fixed caster for YLS-U,5918243383-00,2995356510-00,6941636534-00
YLS-U fixed caster 100 mm,5918243383-00,2995356510-00,6941636534-00
caster wheel fixed 100mm YLS-U,5918243383-00,2995356510-00,6941636534-00
GWN SLFL2 FLAB housing group 2,2139794434-00,1570747722-00,7217776785-00
SLFL2 FLAB housing gwn group2,2139794434-00,1570747722-00,7217776785-00
group 2 GWN housing SLFL2/FLAB,2139794434-00,1570747722-00,7217776785-00
FTR-1215-0-A oval flanged bearing,9421728268-00,1461083928-00,9416261095-00
oval flange bearing part number FTR-1215-0-A,9421728268-00,1461083928-00,9416261095-00
bearing oval flanged FTR-1215-0-A,9421728268-00,1461083928-00,9416261095-00
PF 72 round flanged ball bearing unit,1499210270-00,7204913316-00,6655726866-00
round flange bearing unit PF72,1499210270-00,7204913316-00,6655726866-00
ball bearing unit flanged round type PF 72,1499210270-00,7204913316-00,6655726866-00
oval flanged ball bearing unit PF thread 52,2392008238-00,3055475159-00,5196167183-00
PFT 52 oval flange ball bearing,2392008238-00,3055475159-00,5196167183-00
PFine thread 52 oval flanged ball bearing unit,2392008238-00,3055475159-00,5196167183-00
AXK 0515 TN thrust cage needle roller,9572791500-00,2056020036-00,8856387870-00
needle roller cage AXK0515TN,9572791500-00,2056020036-00,8856387870-00
thrust needle roller bearing cage 0515 TN,9572791500-00,2056020036-00,8856387870-00
AXK 0619 TN thrust needle roller cage,9336506479-00,8220713106-00,7976170256-00
cage needle roller thrust AXK0619TN,9336506479-00,8220713106-00,7976170256-00
AXK0619 TN thrust bearing cage assembly,9336506479-00,8220713106-00,7976170256-00
AXK 100135 thrust needle roller cage,2104984653-00,3409786374-00,5825574311-00
cage needle roller thrust AXK100135,2104984653-00,3409786374-00,5825574311-00
thrust bearing AXK 100135 needle roller cage,2104984653-00,3409786374-00,5825574311-00
AXK 120155 thrust needle roller cage,6530333098-00,8029233870-00,1194332529-00
cage for needle roller thrust bearing AXK 120155,6530333098-00,8029233870-00,1194332529-00
AXK120155 needle roller thrust cage,6530333098-00,8029233870-00,1194332529-00
AXK 140180 thrust needle roller cage,4522541027-00,2799522499-00,6345654229-00
bearing cage needle roller thrust type AXK140180,4522541027-00,2799522499-00,6345654229-00
thrust needle roller cage AXK-140180,4522541027-00,2799522499-00,6345654229-00
AXK 2542 thrust needle roller cage,3949656826-00,2969832734-00,6887895412-00
cage needle roller bearing AXK2542,3949656826-00,2969832734-00,6887895412-00
thrust bearing AXK 2542 cage,3949656826-00,2969832734-00,6887895412-00
AXK 4060 cage thrust needle roller,7946949392-00,5211292766-00,6700770175-00
thrust needle roller bearing cage 4060,7946949392-00,5211292766-00,6700770175-00
needle cage AXK4060 thrust type,7946949392-00,5211292766-00,6700770175-00
AXK 6590 thrust needle roller cage,7044481484-00,9841109457-00,7420544092-00
needle roller bearing cage AXK6590,7044481484-00,9841109457-00,7420544092-00
thrust cage for needle roller AXK 6590,7044481484-00,9841109457-00,7420544092-00
AXK 90120 thrust needle roller cage,5666169376-00,3483257789-00,8884625491-00
thrust needle roller bearing cage AXK90120,5666169376-00,3483257789-00,8884625491-00
needle roller cage AXK 90120 thrust type,5666169376-00,3483257789-00,8884625491-00
K 12x15x13 TN cage needle roller bearing,3812303110-00,7585838948-00,7412425536-00
needle roller cage 12x15x13 TN,3812303110-00,7585838948-00,7412425536-00
K series 12x15x13 TN needle roller,3812303110-00,7585838948-00,7412425536-00
needle roller cage K 15x19x13,8884625491-00,7220467591-00,7099357687-00
K 15x19x13 cage bearing needle roller,8884625491-00,7220467591-00,7099357687-00
15x19x13 needle roller cage type K,8884625491-00,7220467591-00,7099357687-00
k 15x21x21 cage needle roller,5249463039-00,2578136163-00,3952682608-00
needle roller bearing cage 15x21x21,5249463039-00,2578136163-00,3952682608-00
K type needle roller 15mm x 21mm x 21mm,5249463039-00,2578136163-00,3952682608-00
RBA axial joint M12x1.25,9352817059-00,9424776550-00,7053519753-00
"M12x1,25 axial joint type RBA",9352817059-00,9424776550-00,7053519753-00
axial joint RBA M12 1.25,9352817059-00,9424776550-00,7053519753-00
alloy steel bow shackle white galvanized SWL 2t,1721102402-00,4168905563-00,3952682608-00
A2K 2t SWL bow shackle alloy steel galvanized,1721102402-00,4168905563-00,3952682608-00
bow shackles alloy steel 2 ton safe working load white galvanized,1721102402-00,4168905563-00,3952682608-00
"alloy steel bow shackle 3,25t SWL A2K white galvanized",7627731391-00,9650481371-00,8370275129-00
bow shackles alloy steel galvanized white SWL 3.25 ton,7627731391-00,9650481371-00,8370275129-00
"3,25t safe working load A2K bow shackles alloy steel white galvanized",7627731391-00,9650481371-00,8370275129-00
alloy steel bow shackle 6.5t swl white galvanized,1679897402-00,7731941463-00,1721102402-00
"bow shackle alloy steel white galvanized SWL 6,5t",1679897402-00,7731941463-00,1721102402-00
a2k alloy steel bow shackles 6.5 ton safe working load white galvanized,1679897402-00,7731941463-00,1721102402-00
dee shackle alloy steel 0.25t SWL white galvanized,6824517508-00,3139520890-00,5858046109-00
"alloy steel dee shackle SWL 0.25 tonne, white galvanized",6824517508-00,3139520890-00,5858046109-00
"A2K dee shackle 0,25t safe working load alloy/white galvanized steel",6824517508-00,3139520890-00,5858046109-00
DORVIK 1331-730-50 seal,1397484017-00,2161661959-00,6373635107-00
seal for DORVIK part number 1331-730-50,1397484017-00,2161661959-00,6373635107-00
1331-730-50 DORVIK replacement seal,1397484017-00,2161661959-00,6373635107-00
bearing guide diameter 40,1721477118-00,5567905514-00,8115414843-00
D40 bearing guide,1721477118-00,5567905514-00,8115414843-00
40mm bearing guide,1721477118-00,5567905514-00,8115414843-00
oru grease fitting nip-a1,7944868052-00,6193108154-00,1499210270-00
grease nipple NIP-A1 ORU,7944868052-00,6193108154-00,1499210270-00
NIP-A1 oru lubrication fitting,7944868052-00,6193108154-00,1499210270-00
oru nip-a2 grease fitting stainless steel,3952682608-00,1501058271-00,9421728268-00
stainless steel GREASE FITTING ORU NIP,3952682608-00,1501058271-00,9421728268-00
ORU NIP-A2 grease fitting ss,3952682608-00,1501058271-00,9421728268-00
feather key 18x11x100 shape a c45c,1536843318-00,2771391001-00,2104984653-00
18mm x 11mm x 100mm feather key C45C type A,1536843318-00,2771391001-00,2104984653-00
C45C featherkey shape a 18 11 100,1536843318-00,2771391001-00,2104984653-00
feather key 18x11x50 shape a c45c,1194332529-00,2634225721-00,7053519753-00
C45C feather key shape A 18mm x 11mm x 50mm,1194332529-00,2634225721-00,7053519753-00
18x11x50 feather key steel c45c shape a,1194332529-00,2634225721-00,7053519753-00
square wedge washer SCF-220-NA,3598238979-00,2893936683-00,3812303110-00
SCF-220-NA wedge-shaped square washer,3598238979-00,2893936683-00,3812303110-00
washer square wedge SCF-220-NA,3598238979-00,2893936683-00,3812303110-00
bar handle 196x27x57 m8 pp steel,5903295517-00,6792307074-00,1237825463-00
pp plain bar handle M8 196x27x57,5903295517-00,6792307074-00,1237825463-00
196x27x57-M8 handle bar polypropylene steel,5903295517-00,6792307074-00,1237825463-00
MEKORA BAR HANDLE plain PP steel,8026821230-00,9865133896-00,6941636534-00
handle bar PP steel MEKORA plain,8026821230-00,9865133896-00,6941636534-00
BAR HANDLE MEKORA PP/steel,8026821230-00,9865133896-00,6941636534-00
max d3 wire rope clamp white galvanized steel,5901673931-00,1946388169-00,7420544092-00
wire rope clamp a2k max d3 galvanized,5901673931-00,1946388169-00,7420544092-00
white galvanized steel wire rope clamp max d3,5901673931-00,1946388169-00,7420544092-00
wire rope clamp max d3/16 a2k white galvanized steel,7624899234-00,7882473440-00,8370275129-00
"d3/16 max wire rope clamp, white galvanized, a2k",7624899234-00,7882473440-00,8370275129-00
galvanized steel wire rope clamp d3/16 max a2k,7624899234-00,7882473440-00,8370275129-00
wire rope clamp MAX D5 A2K white galvanized steel,2291864354-00,3497121753-00,2104984653-00
MAX D5 wire rope clamp A2K galvanized,2291864354-00,3497121753-00,2104984653-00
white galvanized WIRE ROPE CLAMP D5 MAX,2291864354-00,3497121753-00,2104984653-00
spring plunger replacement for 6080026579-00,8216402332-00,4521949722-00,7044481484-00
6080026579-00 replaced spring plunger,8216402332-00,4521949722-00,7044481484-00
find spring plunger that supersedes 6080026579-00,8216402332-00,4521949722-00,7044481484-00
stud A2K M10x100-8.8 white galvanized steel BM=2D,9161970545-00,3844212784-00,8573119194-00
M10x100-8.8 stud 2D bm white zinc-plated steel,9161970545-00,3844212784-00,8573119194-00
A2K stud 8.8 grade M10x100 BM=2D galvanized,9161970545-00,3844212784-00,8573119194-00
M10x30-8.8 A2K white galvanized steel stud,5021921994-00,8195453239-00,1681758905-00
white galvanized steel stud M10x30 8.8 A2K,5021921994-00,8195453239-00,1681758905-00
stud M10x30 8.8 A2K steel white galvanized,5021921994-00,8195453239-00,1681758905-00
stud m10x35 8.8 white galvanized steel a2k,5853983356-00,1132785186-00,8262572173-00
m10x35 stud 8.8 grade white galvanized a2k,5853983356-00,1132785186-00,8262572173-00
white galvanized steel stud m10x35 8.8 a2k,5853983356-00,1132785186-00,8262572173-00
stud M10x40 8.8 white galvanized steel,3286166145-00,4287317987-00,3878640170-00
M10x40 A2K stud 8.8 galvanized white,3286166145-00,4287317987-00,3878640170-00
white galvanized stud M10x40 8.8 steel A2K,3286166145-00,4287317987-00,3878640170-00
stud M10x45 8.8 white galvanized steel A2K,6887895412-00,5441228703-00,7320710729-00
M10x45 8.8 grade white galvanized steel stud A2K,6887895412-00,5441228703-00,7320710729-00
A2K stud 8.8 M10x45 white galvanized steel fastener,6887895412-00,5441228703-00,7320710729-00
white galvanized steel stud M10x65 grade 8.8,5203964419-00,5134598702-00,1681758905-00
M10x65 stud A2K white galvanized 8.8,5203964419-00,5134598702-00,1681758905-00
steel stud M10x65 8.8 white galvanized A2K,5203964419-00,5134598702-00,1681758905-00
M10x80 8.8 white galvanized steel stud A2K,6010330454-00,5360297225-00,1681758905-00
"Stud A2K M10 x 80, 8.8 grade, white galvanized",6010330454-00,5360297225-00,1681758905-00
white galvanized steel stud M10 80mm 8.8 A2K,6010330454-00,5360297225-00,1681758905-00
stud M12x100 8.8 white galvanized steel A2K,1515743851-00,2495255911-00,6024645608-00
white galvanized M12x100 steel stud 8.8 grade A2K,1515743851-00,2495255911-00,6024645608-00
A2K grade 8.8 stud 100mm M12 white galvanized steel,1515743851-00,2495255911-00,6024645608-00
stud M12x55 8.8 white galvanized steel A2K,7412425536-00,1705888698-00,9526753360-00
M12x55 stud 8.8 grade white galvanized A2K,7412425536-00,1705888698-00,9526753360-00
white galvanized steel stud A2K M12x55 8.8,7412425536-00,1705888698-00,9526753360-00
white galvanized M12x75 stud A2K 8.8 grade,6902345456-00,1537895535-00,7611388564-00
stud A2K M12x75 8.8 galvanized steel white coating,6902345456-00,1537895535-00,7611388564-00
M12x75 stud steel white galvanization A2K class 8.8,6902345456-00,1537895535-00,7611388564-00
prigioniero acciaio zincato bianco M8x35 8.8,7858424626-00,3684987268-00,4897323405-00
white galvanized steel stud bolt M8x35 class 8.8,7858424626-00,3684987268-00,4897323405-00
PRIGIONIERO M8x35 8.8 zincato bianco acciaio,7858424626-00,3684987268-00,4897323405-00
black closing profile,8856387870-00,3653142136-00,3952682608-00
closing profile black color,8856387870-00,3653142136-00,3952682608-00
black colored closing profile,8856387870-00,3653142136-00,3952682608-00
ORU AB52 wiper seals,6066764359-00,7390065635-00,6056086096-00
wiper seals model AB52 from ORU,6066764359-00,7390065635-00,6056086096-00
ORU brand AB52 type wiper seal,6066764359-00,7390065635-00,6056086096-00
light-duty rope thimble max d5 white galvanized steel a2k,3337876451-00,7155263857-00,8243127142-00
max d5 rope thimble light-duty galvanized steel white a2k,3337876451-00,7155263857-00,8243127142-00
rope thimble max d5 a2k light-duty white galvanized steel,3337876451-00,7155263857-00,8243127142-00
rivet 2x6 f non fornibile,4897323405-00,5863483943-00,6824517508-00
2x6 f rivet non fornibile,4897323405-00,5863483943-00,6824517508-00
rivet size 2 by 6 f non fornibile,4897323405-00,5863483943-00,6824517508-00
rivet countersunk flat head AlMg3.5 diameter 5mm length 8mm,6941636534-00,3300579673-00,6066764359-00
"RIVET CFH AlMg 3,5 D5x8 flat head countersunk",6941636534-00,3300579673-00,6066764359-00
"AlMg3,5 rivet D5x8 countersunk flat head type",6941636534-00,3300579673-00,6066764359-00
hammer rivets male female,6915280749-00,7839026961-00,5666169376-00
male female hammer rivet,6915280749-00,7839026961-00,5666169376-00
hammer type rivets male and female connectors,6915280749-00,7839026961-00,5666169376-00
tearing rivet fhbh a2 stainless steel d3x6 flat button head,1693769191-00,4925955239-00,6700770175-00
stainless steel flat head button tearing rivet d3x6 fhbh a2,1693769191-00,4925955239-00,6700770175-00
fhbh a2 tearing rivet d3x6 flat button head stainless steel,1693769191-00,4925955239-00,6700770175-00
tearing rivet FHBH AlMg2.5 3.4x7 flat button head,6505214127-00,4332667820-00,3495040641-00
AlMg2.5 flat head button tearing rivet 3.4 by 7,6505214127-00,4332667820-00,3495040641-00
"rivet tearing flat head button AlMg2,5 diameter 3.4 length 7",6505214127-00,4332667820-00,3495040641-00
tearing rivet flat head button head AlMg2.5 diameter 3.4 length 9,8370275129-00,1016265441-00,5865483017-00
FHBH AlMg2.5 rivet 3.4x9 flat head button tear type,8370275129-00,1016265441-00,5865483017-00
"AlMg2,5 tearing rivet D3.4 x 9 flat/button head FHBH",8370275129-00,1016265441-00,5865483017-00
tearing rivet flat head button head AlMg2.5 diameter 3.8 length 20,6655726866-00,2931864581-00,7347632804-00
"FHBH tearing rivet AlMg2,5 3.8x20 flat button head",6655726866-00,2931864581-00,7347632804-00
AlMg2.5 tearing rivet D3.8x20 flat and button head rivet,6655726866-00,2931864581-00,7347632804-00
tearing rivet flat head button head AlMg2.5 diameter 4mm length 12mm,6577415164-00,5066868032-00,1194332529-00
"FHBH AlMg2,5 rivet D4x12 flat head button type",6577415164-00,5066868032-00,1194332529-00
AlMg 2.5 tearing rivet flat/button head D4 by 12 mm,6577415164-00,5066868032-00,1194332529-00
"tearing rivet flat head button head AlMg2,5 diameter 4x16 mm",1681758905-00,8685260185-00,4936903325-00
FHBH rivet aluminum magnesium 2.5 D4x16 tearing type,1681758905-00,8685260185-00,4936903325-00
"AlMg2,5 flat head button head tearing rivet d4 x 16mm",1681758905-00,8685260185-00,4936903325-00
tearing rivet AlMg2.5 flat button head D6x10,3300252533-00,3760894487-00,3949656826-00
AlMg2.5 flat head button tear rivet 6x10,3300252533-00,3760894487-00,3949656826-00
FHBH D6x10 aluminum magnesium 2.5 flat button head tearing rivet,3300252533-00,3760894487-00,3949656826-00
self-tapping hammer rivets A2K 1.9mm x 5mm white galvanized steel,2836562661-00,1796405131-00,6363406377-00
white galvanized steel self-threading hammer rivet D1.9 by 5,2836562661-00,1796405131-00,6363406377-00
hammer rivets self-threading A2K 1.9x5mm galvanized steel white coating,2836562661-00,1796405131-00,6363406377-00
self-threading hammer rivets a2k d2.5x5 white galvanized steel,9430522140-00,5871470332-00,6066764359-00
"a2k hammer rivets d2,5x5 self-threading white galvanized",9430522140-00,5871470332-00,6066764359-00
hammer style self-threading rivets d2.5 by 5 a2k galvanized steel white,9430522140-00,5871470332-00,6066764359-00
self-threading hammer rivets A2K D2.9x8 white galvanized steel,9416261095-00,5989045910-00,9681999783-00
"hammer rivets self-threading D2,9x8 white galvanized steel A2K",9416261095-00,5989045910-00,9681999783-00
A2K self-threading hammer rivet 2.9x8 galvanized white steel,9416261095-00,5989045910-00,9681999783-00
KVR GE 25 C radial spherical plain bearing,6700770175-00,7079399658-00,6824517508-00
radial spherical p-bearing KVR GE 25 C,6700770175-00,7079399658-00,6824517508-00
KVR spherical plain bearing model GE 25 C radial type,6700770175-00,7079399658-00,6824517508-00
KVR GE 30 ES-2RS radial spherical plain bearing,7611388564-00,9876699383-00,6505214127-00
radial spherical bearing KVR GE30 ES 2RS,7611388564-00,9876699383-00,6505214127-00
KVR spherical bearing GE 30 ES-2RS radial p-bearing,7611388564-00,9876699383-00,6505214127-00
KVR GEH 12 C radial spherical plain bearing,4811533283-00,5822798508-00,3300252533-00
radial spherical P-bearing GEH 12 C KVR,4811533283-00,5822798508-00,3300252533-00
KVR plain bearing GEH 12 C radial spherical type,4811533283-00,5822798508-00,3300252533-00
KVR GEH 25 C radial spherical plain bearing,5825574311-00,9440845021-00,7044481484-00
radial spherical p-bearing KVR model GEH 25 C,5825574311-00,9440845021-00,7044481484-00
KVR GEH 25 C spherical bearing radial type plain,5825574311-00,9440845021-00,7044481484-00
REPLACED part number 7567206630-00,7320710729-00,1744820572-00,3598238979-00
Replacement for 7567206630-00,7320710729-00,1744820572-00,3598238979-00
Component 7567206630-00 replaced version,7320710729-00,1744820572-00,3598238979-00
replaced part 6951776968-00,5196167183-00,4414391372-00,2447466166-00
6951776968-00 replacement,5196167183-00,4414391372-00,2447466166-00
replacement for 6951776968-00,5196167183-00,4414391372-00,2447466166-00
replaced part 9728025833-00,6922881579-00,3091746206-00,2756774135-00
9728025833-00 replacement,6922881579-00,3091746206-00,2756774135-00
part number 9728025833-00 replaced,6922881579-00,3091746206-00,2756774135-00
Velmor stainless steel washer M6x0.025,7420544092-00,3497121753-00,1009800385-00
M6x0.025 Velmor washer stainless steel,7420544092-00,3497121753-00,1009800385-00
washer M6x0.025 Velmor stainless steel type A2,7420544092-00,3497121753-00,1009800385-00
velmmor washer stainless steel M6x0.10,2579853511-00,3325422228-00,7745245765-00
washer M6x0.10 Velmor stainless,2579853511-00,3325422228-00,7745245765-00
"stainless steel washer M6x0,10 Velmor",2579853511-00,3325422228-00,7745245765-00
washer Velmor stainless steel M6x0.20,8573119194-00,6258151250-00,5853983356-00
M6x0.20 Velmor washer stainless steel,8573119194-00,6258151250-00,5853983356-00
Velmor washer M6 x 0.20 stainless steel,8573119194-00,6258151250-00,5853983356-00
Velmor stainless steel washer M6x0.50,8367543199-00,3183211547-00,3300252533-00
M6x0.50 washer Velmor stainless steel,8367543199-00,3183211547-00,3300252533-00
"washer Velmor A2 stainless steel M6x0,50",8367543199-00,3183211547-00,3300252533-00
washer Velmor stainless steel M6x1.0,6373635107-00,2598714111-00,5865483017-00
"Velmor M6x1,0 washer stainless steel",6373635107-00,2598714111-00,5865483017-00
stainless steel washer M6x1.0 Velmor,6373635107-00,2598714111-00,5865483017-00
stainless steel washer velmmor A2 M8x0.025,1009800385-00,6472361413-00,7044481484-00
"velmmor washer M8x0,025 A2 stainless",1009800385-00,6472361413-00,7044481484-00
A2 velmmor washer stainless steel M8x0.025,1009800385-00,6472361413-00,7044481484-00
velmorw washer stainless steel M8x0.10,9520903464-00,8545733832-00,8026821230-00
washer M8x0.10 velmorw steel,9520903464-00,8545733832-00,8026821230-00
"stainless steel washer velmorw M8x0,10",9520903464-00,8545733832-00,8026821230-00
washer velmor stainless steel m8x0.20,6024645608-00,7212218295-00,1681758905-00
"velmor washer M8 x 0,20 stainless steel",6024645608-00,7212218295-00,1681758905-00
"stainless steel washer VELMOR M8x0,20 thread",6024645608-00,7212218295-00,1681758905-00
washer stainless steel M8 x 0.50 Velmor,7053519753-00,8685260185-00,1721477118-00
Velmor M8x0.50 stainless steel washer,7053519753-00,8685260185-00,1721477118-00
M8x0.50 washer Velmor stainless steel type A2,7053519753-00,8685260185-00,1721477118-00
washer elmor stainless steel M8x1.0,5858046109-00,1432523498-00,6178070846-00
"elmor washer steel M8 x 1,0 thread",5858046109-00,1432523498-00,6178070846-00
stainless steel washer M8x1.0 elmor type,5858046109-00,1432523498-00,6178070846-00
oval head pin westaro,8243127142-00,2742017990-00,5440054076-00
westaro oval head pin,8243127142-00,2742017990-00,5440054076-00
oval shaped head pin by westaro,8243127142-00,2742017990-00,5440054076-00
bearing housing SNL 216,6178070846-00,6169214528-00,6357802946-00
SNL 216 bearing housing,6178070846-00,6169214528-00,6357802946-00
housing for bearing SNL 216,6178070846-00,6169214528-00,6357802946-00
bearing housing SNL 513-611,6345654229-00,4224982894-00,3949656826-00
SNL 513-611 bearing housing,6345654229-00,4224982894-00,3949656826-00
housing for bearing SNL 513-611,6345654229-00,4224982894-00,3949656826-00
bearing housing SNL516-613,9681999783-00,1876945966-00,6700770175-00
SNL 516 613 bearing housing,9681999783-00,1876945966-00,6700770175-00
SNL-516/613 bearing housing unit,9681999783-00,1876945966-00,6700770175-00
bearing housing SNL 518-615,2756774135-00,4482660134-00,9526772961-00
SNL518-615 bearing housing unit,2756774135-00,4482660134-00,9526772961-00
housing for bearing type SNL 518-615,2756774135-00,4482660134-00,9526772961-00
support 1040 q bracket,3495040641-00,2370411599-00,9416261095-00
1040 q support part,3495040641-00,2370411599-00,9416261095-00
support model 1040q component,3495040641-00,2370411599-00,9416261095-00
support 1020 Q,6094533974-00,6065132367-00,2447466166-00
1020 Q support part,6094533974-00,6065132367-00,2447466166-00
support model 1020Q,6094533974-00,6065132367-00,2447466166-00
swivel caster 100mm for YLS-U,9775450433-00,9230008126-00,6363406377-00
100 mm swivel caster compatible with YLS-U,9775450433-00,9230008126-00,6363406377-00
YLS-U swivel caster wheel 100mm size,9775450433-00,9230008126-00,6363406377-00
nuts for t slots gn 506-6 m8,5440054076-00,8605355283-00,2010206071-00
gn 506-6 m8 t-slot nuts,5440054076-00,8605355283-00,2010206071-00
m8 nuts for t-slot gn 506-6,5440054076-00,8605355283-00,2010206071-00
turnbuckle M6 eyelets white galvanized steel A2K,9526772961-00,7136905351-00,6373635107-00
M6 turnbuckle with eyelets in A2K galvanized white steel,9526772961-00,7136905351-00,6373635107-00
galvanized white A2K M6 turnbuckle eyelet type steel,9526772961-00,7136905351-00,6373635107-00
turnbuckle M8 eyelets A2K white galvanized steel,9503448128-00,6667303359-00,5057879465-00
A2K M8 turnbuckle with eyelets white galvanized,9503448128-00,6667303359-00,5057879465-00
white galvanized steel M8 turnbuckle eyelets A2K,9503448128-00,6667303359-00,5057879465-00
lip seal DH-216,5865483017-00,4624316935-00,1397484017-00
DH 216 lipseal,5865483017-00,4624316935-00,1397484017-00
seal lip type DH216,5865483017-00,4624316935-00,1397484017-00
lip seal model TSN 516 4,1826684776-00,2056020036-00,6941636534-00
TSN 516 4 lip seal part,1826684776-00,2056020036-00,6941636534-00
lip seal TSN516-4 dimensions and specs,1826684776-00,2056020036-00,6941636534-00
felt seal TSNA 513 C,2563891919-00,9036324333-00,9161970545-00
TSNA 513 C felt seal,2563891919-00,9036324333-00,9161970545-00
seal felt TSNA 513 C,2563891919-00,9036324333-00,9161970545-00
felt seal TSNA 518 C,1219718861-00,1455229100-00,2715100092-00
TSNA 518 C felt seal,1219718861-00,1455229100-00,2715100092-00
TSNA518C seal felt material,1219718861-00,1455229100-00,2715100092-00
black closing terminal,6357802946-00,1373794031-00,7624899234-00
closing terminal black color,6357802946-00,1373794031-00,7624899234-00
terminal closing piece black,6357802946-00,1373794031-00,7624899234-00
HAT-TRICK ring HIRTH MORESA,7976170256-00,6758530756-00,7217776785-00
HIRTH MORESA HAT-TRICK ring,7976170256-00,6758530756-00,7217776785-00
MORESA HAT-TRICK HIRTH ring,7976170256-00,6758530756-00,7217776785-00
HAT-TRICK HIRTH GRAUL ring,2465261058-00,4429913408-00,6887895412-00
HIRTH ring HAT-TRICK Graul,2465261058-00,4429913408-00,6887895412-00
Graul HAT-TRICK HIRTH ring component,2465261058-00,4429913408-00,6887895412-00
welding bolt M6x14 shape PT copper-plated steel 4.8,5676241751-00,8924810199-00,1998064545-00
PT shaped welding bolt copper steel 4.8 M6x14,5676241751-00,8924810199-00,1998064545-00
copper coated steel welding bolt 4.8 M6x14 shape PT,5676241751-00,8924810199-00,1998064545-00
welding bolt M6x16 shape PT copper plated steel grade 4.8,6178014442-00,3420647459-00,8272876416-00
shape PT welding bolt copper coated steel 4.8 M6x16,6178014442-00,3420647459-00,8272876416-00
M6x16 welding bolt copper-plated steel 4.8 shape PT,6178014442-00,3420647459-00,8272876416-00
welding bolt pt shape copper plated steel M6x20 4.8,2362242496-00,3896168300-00,2415609792-00
pt shape welding bolt copper coated steel M6x20 4.8,2362242496-00,3896168300-00,2415609792-00
copper-plated steel welding bolt M6 x 20 shape pt class 4.8,2362242496-00,3896168300-00,2415609792-00
concentric pin ORU model LFZ 12,1968984769-00,3923826893-00,7014174175-00
ORU LFZ12 concentric locking pin,1968984769-00,3923826893-00,7014174175-00
LFZ 12 ORU concentric pin component,1968984769-00,3923826893-00,7014174175-00
concentric pin ORU LFZ 12 M12,8810070590-00,8764064664-00,6757660918-00
ORU LFZ 12/M12 concentric locking pin,8810070590-00,8764064664-00,6757660918-00
concentric locating pin ORU LFZ 12 M12 type,8810070590-00,8764064664-00,6757660918-00
eccentric pin ORU LFE 12-1,2856564860-00,9834454697-00,5676241751-00
ORU LFE12-1 eccentric pin,2856564860-00,9834454697-00,5676241751-00
LFE 12-1 ORU type eccentric pin,2856564860-00,9834454697-00,5676241751-00
Eccentric pin ORU LFE 12-1 M12,3114810437-00,8434447630-00,7075018725-00
ORU LFE 12-1/M12 eccentric pin,3114810437-00,8434447630-00,7075018725-00
LFE 12-1 M12 eccentric pin ORU,3114810437-00,8434447630-00,7075018725-00
cam follower KR16,9692707642-00,2779561943-00,6757660918-00
KR 16 cam follower bearing,9692707642-00,2779561943-00,6757660918-00
cam follower roller KR16 type,9692707642-00,2779561943-00,6757660918-00
cam follower KR16,9692707642-00,5272929528-00,2362242496-00
KR 16 cam follower,9692707642-00,5272929528-00,2362242496-00
cam follower type KR16,9692707642-00,5272929528-00,2362242496-00
cam follower KR 16 PP type,1049273981-00,4007447862-00,8272876416-00
KR16PP cam follower bearing,1049273981-00,4007447862-00,8272876416-00
cam follower bearing model KR 16 PP,1049273981-00,4007447862-00,8272876416-00
cam follower KR 19 PP,9480496381-00,2551198468-00,2250125943-00
KR 19 PP cam follower,9480496381-00,2551198468-00,2250125943-00
cam follower model KR19PP,9480496381-00,2551198468-00,2250125943-00
cam follower KR 22,6065132367-00,2205046870-00,7014174175-00
KR 22 cam follower,6065132367-00,2205046870-00,7014174175-00
cam follower type KR 22,6065132367-00,2205046870-00,7014174175-00
cam follower kr 22 pp bearing,7282383740-00,3628132510-00,1049273981-00
kr 22 pp cam follower,7282383740-00,3628132510-00,1049273981-00
cam follower kr22pp type,7282383740-00,3628132510-00,1049273981-00
cam follower kr22 pp,7282383740-00,9015214706-00,8707135493-00
kr 22 pp cam follower,7282383740-00,9015214706-00,8707135493-00
cam follower type kr 22 pp,7282383740-00,9015214706-00,8707135493-00
cam follower KR 22 X,7014174175-00,9055208562-00,7075018725-00
KR 22 X cam follower,7014174175-00,9055208562-00,7075018725-00
follower cam KR22X,7014174175-00,9055208562-00,7075018725-00
CAM FOLLOWER KR 30 bearing,4094357318-00,3828365589-00,7282383740-00
KR 30 cam follower,4094357318-00,3828365589-00,7282383740-00
cam follower type KR 30,4094357318-00,3828365589-00,7282383740-00
cam follower KR 35 PP,2415609792-00,5357013118-00,7075018725-00
KR 35 PP cam follower,2415609792-00,5357013118-00,7075018725-00
cam follower model KR 35 PP,2415609792-00,5357013118-00,7075018725-00
cam follower KR 47,1332912348-00,9941288707-00,1998064545-00
KR 47 cam follower part,1332912348-00,9941288707-00,1998064545-00
cam follower bearing KR47,1332912348-00,9941288707-00,1998064545-00
cam follower kr 52,8018111817-00,7301625995-00,9692707642-00
kr 52 cam follower bearing,8018111817-00,7301625995-00,9692707642-00
cam follower type kr52,8018111817-00,7301625995-00,9692707642-00
cam follower KR 80 PP,1871542232-00,3414353862-00,7075018725-00
KR 80 PP cam follower bearing,1871542232-00,3414353862-00,7075018725-00
cam follower type KR 80 PP,1871542232-00,3414353862-00,7075018725-00
cam follower KRE 16 PP 2RS,2123111659-00,4457628282-00,6197314875-00
KRE16PP 2RS cam follower bearing,2123111659-00,4457628282-00,6197314875-00
cam follower type KRE 16 PP.2RS,2123111659-00,4457628282-00,6197314875-00
cam follower KRE 22 PP,8272876416-00,6765111973-00,3029570564-00
KRE22PP cam follower,8272876416-00,6765111973-00,3029570564-00
cam follower model KRE 22 PP,8272876416-00,6765111973-00,3029570564-00
cam follower KRE 22 PP,8272876416-00,7440613697-00,8018111817-00
KRE 22 PP cam follower,8272876416-00,7440613697-00,8018111817-00
cam follower bearing KRE 22 PP,8272876416-00,7440613697-00,8018111817-00
cam follower KRE 30 PP,6757660918-00,8152492172-00,6178014442-00
KRE 30 PP cam follower bearing,6757660918-00,8152492172-00,6178014442-00
cam follower type KRE 30 PP,6757660918-00,8152492172-00,6178014442-00
cam follower KRE 52 PP,5004896110-00,9829102239-00,8272876416-00
KRE52PP cam follower,5004896110-00,9829102239-00,8272876416-00
cam follower model KRE 52 PP,5004896110-00,9829102239-00,8272876416-00
cam follower KRV16PP,9613895497-00,2589716124-00,1871542232-00
KRV 16 PP cam follower,9613895497-00,2589716124-00,1871542232-00
KRV16 PP cam follower part,9613895497-00,2589716124-00,1871542232-00
cam follower krv 19 pp bearing,3029570564-00,2733673304-00,7153700806-00
krv 19 pp cam follower,3029570564-00,2733673304-00,7153700806-00
cam follower type krv19 pp,3029570564-00,2733673304-00,7153700806-00
cam follower krv 22 pp,6230080185-00,2982570583-00,2856564860-00
krv 22 pp cam follower,6230080185-00,2982570583-00,2856564860-00
cam follower type krv 22 pp,6230080185-00,2982570583-00,2856564860-00
cam follower krv 30 pp 2rs,8707135493-00,5871470332-00,6757660918-00
krv30 pp 2rs cam follower bearing,8707135493-00,5871470332-00,6757660918-00
cam follower bearing krv-30-pp-2rs,8707135493-00,5871470332-00,6757660918-00
cam follower KRV52PP,7075018725-00,4724490701-00,7282383740-00
KRV 52 PP cam follower bearing,7075018725-00,4724490701-00,7282383740-00
cam follower bearing model KRV52PP,7075018725-00,4724490701-00,7282383740-00
cam follower krv 62 pp,6373766664-00,4213734940-00,7014174175-00
KRV 62 PP cam follower,6373766664-00,4213734940-00,7014174175-00
cam follower KRV62PP model,6373766664-00,4213734940-00,7014174175-00
cam follower NUKR 35 A 2RS,7504323369-00,9521712444-00,8272876416-00
NUKR35 cam follower with 2RS seals,7504323369-00,9521712444-00,8272876416-00
cam follower bearing NUKR-35 A.2RS type,7504323369-00,9521712444-00,8272876416-00
cam follower NUKR 47 A,9841109457-00,6365943916-00,8272876416-00
NUKR 47 A cam follower,9841109457-00,6365943916-00,8272876416-00
cam follower type NUKR 47 A,9841109457-00,6365943916-00,8272876416-00
cam follower NUKRE 35.2RS,2250125943-00,2340376361-00,9480496381-00
NUKRE cam follower 35.2RS,2250125943-00,2340376361-00,9480496381-00
35.2RS cam follower NUKRE type,2250125943-00,2340376361-00,9480496381-00
cam follower nukre 40 a,1998064545-00,5203964419-00,7153700806-00
nukre cam follower model 40 a,1998064545-00,5203964419-00,7153700806-00
cam follower type nukre 40a,1998064545-00,5203964419-00,7153700806-00
cam follower NUKRE 47 A.2RS,7755366050-00,4783474646-00,5676241751-00
NUKRE 47 A.2RS cam follower,7755366050-00,4783474646-00,5676241751-00
cam follower model NUKRE 47 A.2RS,7755366050-00,4783474646-00,5676241751-00
cam follower NUKRE 80 A,6197314875-00,8468201600-00,3029570564-00
NUKRE 80A cam follower,6197314875-00,8468201600-00,3029570564-00
cam follower model NUKRE 80 A,6197314875-00,8468201600-00,3029570564-00
cam follower type RKY 52,5479560822-00,1652967927-00,1871542232-00
RKY 52 cam follower bearing,5479560822-00,1652967927-00,1871542232-00
cam follower RKY52 model search,5479560822-00,1652967927-00,1871542232-00
cam follower RKYR 52,7153700806-00,5658261801-00,8810070590-00
RKYR52 cam follower,7153700806-00,5658261801-00,8810070590-00
cam follower type RKYR 52,7153700806-00,5658261801-00,8810070590-00
eye nut m12 white galvanized steel A2K,9621326677-00,3047841491-00,1152928692-00
m12 eye nut steel galvanized white A2K,9621326677-00,3047841491-00,1152928692-00
a2k m12 white galvanised steel eye nut,9621326677-00,3047841491-00,1152928692-00
eye nut M14 stainless steel A2K white galvanized,5272929528-00,6757365315-00,3474627261-00
M14 eye nut galvanized steel A2K type,5272929528-00,6757365315-00,3474627261-00
white galvanized steel eye nut size M14 A2K,5272929528-00,6757365315-00,3474627261-00
eye nut M16 A2K white galvanized steel,3555796952-00,7760373174-00,9621326677-00
A2K M16 eye nut galvanized white finish,3555796952-00,7760373174-00,9621326677-00
galvanized steel eye nut M16 A2K white coating,3555796952-00,7760373174-00,9621326677-00
eye nut M20 white galvanized steel A2K,3474627261-00,2819858087-00,8730929570-00
M20 eye nut A2K steel galvanized white,3474627261-00,2819858087-00,8730929570-00
A2K eye nut size M20 white galvanized steel,3474627261-00,2819858087-00,8730929570-00
eye nut M30 white galvanized steel A2K,3292671355-00,3949656826-00,8301973657-00
M30 eye nut galvanized white steel A2K,3292671355-00,3949656826-00,8301973657-00
A2K eye nut M30 steel white galvanized,3292671355-00,3949656826-00,8301973657-00
eye bolt size M24,9444399682-00,2589716124-00,3292671355-00
M24 eye bolt,9444399682-00,2589716124-00,3292671355-00
bolt eye M24 dimension,9444399682-00,2589716124-00,3292671355-00
lifting eye bolt M08 white galvanized steel A2K,8730929570-00,2256841335-00,6010022135-00
A2K M08 lifting eye bolt white galvanized,8730929570-00,2256841335-00,6010022135-00
M08 lifting eye bolt in white galvanized steel A2K,8730929570-00,2256841335-00,6010022135-00
lifting eye bolt M10 white galvanized steel A2K,6721180302-00,1444121761-00,3555796952-00
M10 eye bolt lifting A2K with white galvanized coating,6721180302-00,1444121761-00,3555796952-00
"A2K lifting eye bolt, M10 size, white galvanized steel",6721180302-00,1444121761-00,3555796952-00
lifting eye bolt M12 A2K white galvanized steel,1123639171-00,6057518909-00,3292671355-00
M12 lifting eye bolt steel white galvanized A2K,1123639171-00,6057518909-00,3292671355-00
eye bolt lifting M12 A2K galvanized white steel,1123639171-00,6057518909-00,3292671355-00
lifting eye bolt M16 white galvanized steel A2K,5174124939-00,1130811379-00,4282390587-00
M16 lifting eye bolt A2K white galvanized,5174124939-00,1130811379-00,4282390587-00
eye bolt M16 A2K galvanized white steel lifting accessory,5174124939-00,1130811379-00,4282390587-00
lifting eye bolt M20 white galvanized steel A2K,4282390587-00,2467314709-00,9875853252-00
A2K M20 eye bolt lifting galvanized white steel,4282390587-00,2467314709-00,9875853252-00
M20 lifting eye bolt steel white galvanized A2K,4282390587-00,2467314709-00,9875853252-00
lifting eye bolt m24 white galvanized steel a2k,5052877313-00,2265233032-00,3555796952-00
m24 eye bolt lifting a2k steel galvanized white,5052877313-00,2265233032-00,3555796952-00
a2k m24 lifting eye bolt galvanized steel white coating,5052877313-00,2265233032-00,3555796952-00
lifting eye bolt m30 white galvanized steel A2K,1152928692-00,3634085133-00,8301973657-00
m30 lifting eye bolt made of white galvanized steel A2K,1152928692-00,3634085133-00,8301973657-00
"A2K type lifting eye bolt, M30 size, white galvanized steel coating",1152928692-00,3634085133-00,8301973657-00
lifting eye bolt M36X3 white galvanized steel A2K,2916818412-00,4519942501-00,9621326677-00
A2K lifting eye bolt M36X3 galvanized steel white,2916818412-00,4519942501-00,9621326677-00
white galvanized steel lifting eye bolt A2K M36x3,2916818412-00,4519942501-00,9621326677-00
lifting eye bolt M42x3 white galvanized steel A2K,9875853252-00,7219825620-00,3750693595-00
M42x3 eye bolt lifting type A2K galvanized steel white,9875853252-00,7219825620-00,3750693595-00
A2K lifting eye bolt M42 x 3 galvanized steel white finish,9875853252-00,7219825620-00,3750693595-00
lifting eye bolt M42x4.5 A2K white galvanized steel,6630654982-00,3030593180-00,2916818412-00
white galvanized steel lifting eyebolt M42x4.5 A2K,6630654982-00,3030593180-00,2916818412-00
A2K lifting eye bolt M42 x 4.5 white galvanized finish,6630654982-00,3030593180-00,2916818412-00
LIFTING EYE BOLT M48X3 white galvanized steel A2K,5419770835-00,4816820374-00,4282390587-00
A2K M48X3 eye bolt lifting white galvanized,5419770835-00,4816820374-00,4282390587-00
white galvanized steel lifting eye bolt A2K M48X3,5419770835-00,4816820374-00,4282390587-00
heavy lift swivel hoist ring M16 fine thread,3750693595-00,2016872502-00,8610260368-00
M16 heavy lifting swivel hoist ring fine thread,3750693595-00,2016872502-00,8610260368-00
swivel hoist ring fine thread M16 heavy lift,3750693595-00,2016872502-00,8610260368-00
heavy lift swivel hoist ring M24 fine thread,5670985005-00,6178014442-00,6010022135-00
swivel hoist ring M24 heavy lif line fine thread,5670985005-00,6178014442-00,6010022135-00
M24 heavy lifting swivel hoist ring fine thread,5670985005-00,6178014442-00,6010022135-00
heavy lift swivel hoist ring M24x2 fine thread,6010022135-00,3824865055-00,8150398753-00
M24x2 heavy lifting swivel hoist ring fine thread,6010022135-00,3824865055-00,8150398753-00
swivel hoist ring heavy lift M24x2 fine thread type,6010022135-00,3824865055-00,8150398753-00
heavy lift swivel hoist ring M30 line thread,4501408104-00,1570747722-00,5052877313-00
swivel hoist ring M30 heavy lif line thread,4501408104-00,1570747722-00,5052877313-00
M30 heavy load swivel hoist ring with line thread,4501408104-00,1570747722-00,5052877313-00
heavy lifeline thread swivel hoist ring size M36,8301973657-00,5259714115-00,3292671355-00
M36 heavy lift swivel hoist ring with line thread,8301973657-00,5259714115-00,3292671355-00
swivel hoist ring M36 heavy lif t line thread type,8301973657-00,5259714115-00,3292671355-00
heavy lift swivel hoist ring M42 fine thread,8150398753-00,1211141021-00,4501408104-00
M42 heavy lifting swivel hoist ring with fine thread,8150398753-00,1211141021-00,4501408104-00
swivel hoist ring M42 heavy lift fine threaded,8150398753-00,1211141021-00,4501408104-00
heavy lift swivel hoist ring M48x3 fine thread,3970194616-00,7241073437-00,3750693595-00
M48x3 heavy lifting swivel hoist ring fine thread,3970194616-00,7241073437-00,3750693595-00
swivel hoist ring heavy lift M48 x 3 fine thread,3970194616-00,7241073437-00,3750693595-00
heavy lift swivel hoist ring M48x5 fine thread,8610260368-00,1809871854-00,9875853252-00
swivel hoist ring M48x5 heavy lifting fine thread,8610260368-00,1809871854-00,9875853252-00
M48x5 heavy lift swivel hoist ring with fine thread,8610260368-00,1809871854-00,9875853252-00
bearing couple 7919 TAUEP GWN,8349694726-00,9751416586-00,9363196510-00
7919 TAUEP GWN bearing (couple),8349694726-00,9751416586-00,9363196510-00
GWN 7919 TAUEP couple bearing,8349694726-00,9751416586-00,9363196510-00
bearing 7948B X3TAUEP5,2845499435-00,4986042147-00,3309987938-00
7948B X3TAUEP5 bearing,2845499435-00,4986042147-00,3309987938-00
7948B-x3tau ep5 bearing component,2845499435-00,4986042147-00,3309987938-00
bearing model 11207,4478587001-00,3963962452-00,2890825468-00
11207 bearing,4478587001-00,3963962452-00,2890825468-00
bearing part number 11207,4478587001-00,3963962452-00,2890825468-00
thin ring bearing PLV PBXA 090,1919114371-00,9090531392-00,2359786082-00
PLV PBXA 090 thin ring type bearing,1919114371-00,9090531392-00,2359786082-00
bearing ring thin PLV PBXA 090 model,1919114371-00,9090531392-00,2359786082-00
thin ring bearing PLV PBXA 105,6711939733-00,8090921104-00,2118591654-00
PLV PBXA 105 thin ring type bearing,6711939733-00,8090921104-00,2118591654-00
bearing ring PLV PBXA 105 thin design,6711939733-00,8090921104-00,2118591654-00
thin ring bearing PLV PBXA 115,2322483775-00,2098611045-00,1582619643-00
PLV PBXA 115 thin ring type bearing,2322483775-00,2098611045-00,1582619643-00
bearing thin ring PLV PBXA 115 model,2322483775-00,2098611045-00,1582619643-00
thin ring bearing PLV PBXU 370,5561728555-00,3236853584-00,2569431920-00
PLV PBXU 370 thin ring bearing,5561728555-00,3236853584-00,2569431920-00
bearing thin ring PLV PBXU 370,5561728555-00,3236853584-00,2569431920-00
angular contact thrust ball bearing model 234410 BM1/SP,1126995875-00,8725430886-00,5962016512-00
B-bearing angular contact thrust 234410 BM1/SP,1126995875-00,8725430886-00,5962016512-00
234410 BM1/SP angular contact thrust type bearing,1126995875-00,8725430886-00,5962016512-00
angular contact thrust bearing BEAS 025057-2RS,4796572961-00,1525514682-00,5567905514-00
BEAS 025057-2RS angular contact thrust ball bearing,4796572961-00,1525514682-00,5567905514-00
thrust angular contact ball bearing BEAS 025057-2RS,4796572961-00,1525514682-00,5567905514-00
angular contact thrust ball bearing model BSA 201 CGA,5797442239-00,6878665766-00,5429558500-00
BSA 201 CGA angular contact thrust B bearing,5797442239-00,6878665766-00,5429558500-00
thrust angular contact ball bearing BSA201CGA type B,5797442239-00,6878665766-00,5429558500-00
angular contact thrust ball bearing BSA 202 CGA-2RZ,7594985659-00,5431850038-00,7534578004-00
BSA 202 CGA-2RZ angular contact thrust type bearing,7594985659-00,5431850038-00,7534578004-00
thrust ball bearing angular contact BSA 202 CGA-2RZ type CGA-2RZ,7594985659-00,5431850038-00,7534578004-00
angular contact thrust bearing BSA 202 CGA/DBA ball bearing,6720131488-00,9358540356-00,9824739935-00
BSA 202 CGA/DBA angular contact thrust ball bearing,6720131488-00,9358540356-00,9824739935-00
ang cont thrust ball bearing BSA 202 CGA/DBA B bearing,6720131488-00,9358540356-00,9824739935-00
angular contact thrust ball bearing BSA 204 CGA DBA,5675620078-00,3810692731-00,1074177481-00
BSA 204 CGA/DBA angular cont thrust bearing ball,5675620078-00,3810692731-00,1074177481-00
BSA 204 CGA DBA angular contact thrust ball bearing,5675620078-00,3810692731-00,1074177481-00
angular contact thrust ball bearing model BSA 205 CGA,5429558500-00,7051940106-00,2739077386-00
bearing BSA 205 CGA angular contact thrust type,5429558500-00,7051940106-00,2739077386-00
BSA 205 CGA angular contact thrust ball bearing angle contact thrusted bearing,5429558500-00,7051940106-00,2739077386-00
angular contact thrust ball bearing BSA 208 CGA DBA,7865149791-00,1130810921-00,1067796670-00
BSA 208 CGA/DBA angular contact thrust bearing,7865149791-00,1130810921-00,1067796670-00
ang cont thrust ball bearing BSA 208 CGA/DBA,7865149791-00,1130810921-00,1067796670-00
angular contact thrust ball bearing model BSA 209 CGA/DBA,8020240760-00,8043948667-00,5218800597-00
BSA 209 CGA/DBA angular contact thrust type B-bearing,8020240760-00,8043948667-00,5218800597-00
thrust ball bearing angular contact BSA 209 CGA/DBA B-type,8020240760-00,8043948667-00,5218800597-00
angular contact thrust ball bearing ZKLFA1563-2RS,2370411599-00,3755850374-00,7688968790-00
ZKLFA1563-2RS angular contact thrust bearing,2370411599-00,3755850374-00,7688968790-00
B-bearing ZKLFA1563-2RS angular contact thrust ball type,2370411599-00,3755850374-00,7688968790-00
Angular contact thrust ball bearing ZKLN2052-2RS,1920622049-00,7412425536-00,9854233246-00
ZKLN2052-2RS angular contact thrust type B bearing,1920622049-00,7412425536-00,9854233246-00
Bearing ZKLN2052-2RS angular contact thrust ball B-bearings,1920622049-00,7412425536-00,9854233246-00
angular contact thrust ball bearing ZKLN2052-2RS-2AP,8188917277-00,1515743851-00,7608996579-00
ZKLN2052-2RS-2AP angular contact thrust bearing,8188917277-00,1515743851-00,7608996579-00
B-bearing angular contact thrust ball bearing ZKLN2052-2RS-2AP,8188917277-00,1515743851-00,7608996579-00
angular contact thrust ball bearing ZKLN2557-2RS-PE,8988363787-00,8723283629-00,9167644979-00
ZKLN2557-2RS-PE angular contact thrust B-bearing,8988363787-00,8723283629-00,9167644979-00
B-bearing angular contact thrust ZKLN2557-2RS-PE ball bearing,8988363787-00,8723283629-00,9167644979-00
angular contact thrust ball bearing ZKLN3062-2RS-PE,3320272936-00,1094578790-00,2569431920-00
ZKLN3062-2RS-PE angular contact thrust type bearing,3320272936-00,1094578790-00,2569431920-00
B-bearing angular contact thrust bearing model ZKLN3062-2RS-PE,3320272936-00,1094578790-00,2569431920-00
angular contact thrust ball bearing ZKLN4075-2RS-2AP,2922513175-00,3103452341-00,7541138863-00
ZKLN4075-2RS-2AP B bearing angular contact thrust,2922513175-00,3103452341-00,7541138863-00
ang cont thrust bearing ZKLN4075-2RS-2AP ball type,2922513175-00,3103452341-00,7541138863-00
angular contact thrust ball bearing model ZKLN5090-2RS-2AP,2859125868-00,5980354908-00,4438679634-00
ZKLN5090-2RS-2AP angular contact thrust bearing with 2RS seals,2859125868-00,5980354908-00,4438679634-00
thrust ball bearing angular contact ZKLN5090-2RS-2AP 2AP type,2859125868-00,5980354908-00,4438679634-00
cylindrical roller thrust bearing TN/81104,6161653291-00,2537516574-00,2722844269-00
81104 TN cylindrical single row roller thrust bearing,6161653291-00,2537516574-00,2722844269-00
roller thrust bearing single row/cylindrical 81104TN,6161653291-00,2537516574-00,2722844269-00
bearing ball thrust 51100,1429597897-00,4575616101-00,2370411599-00
thrust bearing 51100 ball type,1429597897-00,4575616101-00,2370411599-00
51100 ball bearing for thrust load,1429597897-00,4575616101-00,2370411599-00
51102 Thrust Ball Bearing,3875557124-00,1046650199-00,9151720152-00
Ball Bearing Thrust Type 51102,3875557124-00,1046650199-00,9151720152-00
51102 Bearing / Thrust Ball Type,3875557124-00,1046650199-00,9151720152-00
thrust bearing ball type 51103,7567206630-00,7124833478-00,2693880860-00
51103 ball bearing thrust type,7567206630-00,7124833478-00,2693880860-00
ball bearing 51103 thrust series,7567206630-00,7124833478-00,2693880860-00
ball bearing 51104 thrust type,7907391950-00,6193108154-00,4414391372-00
51104 Thrust Ball Bearing specs,7907391950-00,6193108154-00,4414391372-00
bearing thrust ball 51104 dimensions,7907391950-00,6193108154-00,4414391372-00
51105 thrust ball bearing,8696018241-00,7174182235-00,2561394108-00
ball bearing thrust type 51105,8696018241-00,7174182235-00,2561394108-00
bearing 51105 ball/thrust,8696018241-00,7174182235-00,2561394108-00
Thrust Ball Bearing 51106 specs,3633336925-00,9921638475-00,5066546121-00
51106 thrust bearing info,3633336925-00,9921638475-00,5066546121-00
ball thrust bearing code 51106,3633336925-00,9921638475-00,5066546121-00
bearing ball thrust 51107,3420283645-00,7970501472-00,3193792857-00
thrust bearing 51107 ball type,3420283645-00,7970501472-00,3193792857-00
51107 ball bearing/thrust,3420283645-00,7970501472-00,3193792857-00
51108 Thrust Bearing Ball Type,3740504429-00,6010330454-00,2599343660-00
Ball Thrust Bearing 51108 code,3740504429-00,6010330454-00,2599343660-00
51108 bearing ball thrust specifications,3740504429-00,6010330454-00,2599343660-00
51111 thrust bearing ball type,3193792857-00,4385962679-00,1258316254-00
ball bearing 51111 thrust specs,3193792857-00,4385962679-00,1258316254-00
bearing thrust ball 51111 dimensions,3193792857-00,4385962679-00,1258316254-00
Ball bearing thrust 51112,1642873948-00,9330533540-00,6342300634-00
51112 thrust ball bearing,1642873948-00,9330533540-00,6342300634-00
Thrust bearing 51112 ball,1642873948-00,9330533540-00,6342300634-00
51120 thrust ball bearing,8059254291-00,6402703757-00,2733673304-00
thrust ball bearing / 51120,8059254291-00,6402703757-00,2733673304-00
ball bearing thrust type 51120,8059254291-00,6402703757-00,2733673304-00
51122 bearing thrust ball,5337956037-00,6412652996-00,3724834067-00
Thrust Ball Bearing 51122,5337956037-00,6412652996-00,3724834067-00
ball thrust bearing / 51122,5337956037-00,6412652996-00,3724834067-00
51124 bearing thrust ball,1736673130-00,2390881236-00,5429558500-00
ball bearing 51124 thrust type,1736673130-00,2390881236-00,5429558500-00
51124 thrust bearing ball type,1736673130-00,2390881236-00,5429558500-00
bearing 51130 ball thrust,5962016512-00,2577201529-00,5331200037-00
thrust/ball bearing type 51130,5962016512-00,2577201529-00,5331200037-00
51130 ball bearing for thrust load,5962016512-00,2577201529-00,5331200037-00
51144 thrust ball bearing,3929801887-00,6980499450-00,6015093811-00
ball bearing thrust type 51144,3929801887-00,6980499450-00,6015093811-00
51144 bearing thrust/ball specification,3929801887-00,6980499450-00,6015093811-00
thrust ball bearing / 51200,5685286874-00,9411768388-00,7649021906-00
51200 ball bearing thrust type,5685286874-00,9411768388-00,7649021906-00
bearing 51200 thrust ball specifications,5685286874-00,9411768388-00,7649021906-00
ball bearing 51204 thrust type,8107621338-00,1298734605-00,9741033403-00
51204 Thrust Bearing Ball,8107621338-00,1298734605-00,9741033403-00
thrust/ball bearing model 51204,8107621338-00,1298734605-00,9741033403-00
thrust ball bearing 51205,6954730411-00,8796805651-00,3301113478-00
51205 bearing ball thrust type,6954730411-00,8796805651-00,3301113478-00
ball thrust bearing / 51205 standard,6954730411-00,8796805651-00,3301113478-00
thrust bearing 51305,3745610842-00,5106055601-00,5794953922-00
ball thrust bearing code 51305,3745610842-00,5106055601-00,5794953922-00
51305 thrust ball bearings,3745610842-00,5106055601-00,5794953922-00
51405 ball bearing thrust type,9304821899-00,1946388169-00,7056352833-00
Thrust Ball Bearing with code 51405,9304821899-00,1946388169-00,7056352833-00
51405 Thrust Bearing / Ball Design,9304821899-00,1946388169-00,7056352833-00
thrust ball bearing / 52202,7534578004-00,1881869961-00,8735514073-00
52202 bearing ball thrust type,7534578004-00,1881869961-00,8735514073-00
ball thrust bearing 52202 code,7534578004-00,1881869961-00,8735514073-00
ball bearing thrust type 52204,2835082719-00,5918243383-00,1500848500-00
52204 Thrust Bearing Ball Type,2835082719-00,5918243383-00,1500848500-00
thrust/ball bearing code 52204,2835082719-00,5918243383-00,1500848500-00
s687grw bearing ax7,8535159829-00,5917366663-00,6921602240-00
AX7 bearing S687GRW type,8535159829-00,5917366663-00,6921602240-00
BEARING AX7S687GRW specs,8535159829-00,5917366663-00,6921602240-00
DA 4867102292 bearing BK3520 replacement,8583777362-00,1408501010-00,3589328560-00
bearing BK3520 DA4867102292,8583777362-00,1408501010-00,3589328560-00
4867102292 / BK3520 DA bearing part,8583777362-00,1408501010-00,3589328560-00
needle/cylindrical roller thrust bearing NKXR 50 Z,5819118999-00,9535092488-00,5879115229-00
n/cyl roller bearing NKXR50Z comb needle,5819118999-00,9535092488-00,5879115229-00
thrust bearing nkxr 50 z cylindrical/needle roller combo,5819118999-00,9535092488-00,5879115229-00
nkib 5906 combined needle roller thrust b bearing,7652035392-00,5509613879-00,5675620078-00
needle roller thrust bearing NKIB 5906 combo type,7652035392-00,5509613879-00,5675620078-00
combined needle roller / thrust bearing NKIB-5906,7652035392-00,5509613879-00,5675620078-00
NKIB 5910 thr comb N-roller bearing,2798380832-00,2069007815-00,7907391950-00
5910 B bearing NKIB thrust roller comb,2798380832-00,2069007815-00,7907391950-00
Thrust Roller/Bearing COMB 5910 NKIB N-ROLLER,2798380832-00,2069007815-00,7907391950-00
nkx15 combined needle roller and thrust ball bearing,6506566613-00,7970501472-00,9010947482-00
Needle Roller Thrust Ball Bearing NKX-15,6506566613-00,7970501472-00,9010947482-00
nkx 15 combo roller/thrust bearing needle & ball type,6506566613-00,7970501472-00,9010947482-00
nkx 35 combined needle roller and thrust ball bearing,1087482974-00,6575833974-00,7652035392-00
needle roller/thrust ball bearing nkx35,1087482974-00,6575833974-00,7652035392-00
NKX-35 COMBINED ROLLER/THRUST BALL BEARING,1087482974-00,6575833974-00,7652035392-00
needle roller and thrust ball bearing nkx40 combo,2833252741-00,9572923199-00,9116099346-00
nkx 40 combined roller/thrust ball bearing,2833252741-00,9572923199-00,9116099346-00
nkx40 combined needle-roller & thrust-ball-bearing,2833252741-00,9572923199-00,9116099346-00
NKX50Z Needle Roller Thrust Ball Bearing,6792307074-00,9262765158-00,4930835243-00
Combined Ball Bearing NKX 50 Z roller/thrust type,6792307074-00,9262765158-00,4930835243-00
Thrust Needle Roller Bearing NKX50 Z COMBINED,6792307074-00,9262765158-00,4930835243-00
NKX60 combo needle/ball bearing,5256096413-00,1469574084-00,9588849110-00
needle roller & thrust ball bearing NKX-60,5256096413-00,1469574084-00,9588849110-00
Combined NKX 60 needle roller/thrust ball bearing,5256096413-00,1469574084-00,9588849110-00
roller/thrust combined nx20z bearing,3229941575-00,4074921857-00,3193792857-00
Needle Roller and Thrust Ball Bearing NX-20-Z,3229941575-00,4074921857-00,3193792857-00
n roller / thrust ball combo nx20-z bearing,3229941575-00,4074921857-00,3193792857-00
KVR 1000 bearing on FPCB,5277900050-00,4265798346-00,2322483775-00
FPCB with KVR 1000 bearing,5277900050-00,4265798346-00,2322483775-00
1000 KVR bearing for FPCB,5277900050-00,4265798346-00,2322483775-00
CRBH 25025 bearing EKU A UUT1 P6 precision,2578136163-00,9092070035-00,2328078956-00
EKU bearing CRBH25025AUUT1/P6 specs,2578136163-00,9092070035-00,2328078956-00
P6 UUT1 A CRBH 25025 EKU linear motion bearing,2578136163-00,9092070035-00,2328078956-00
"bearing type CRBH7013A, EKU UUT1 P5 precision",9380813905-00,9387064486-00,3844212784-00
P5 UUT1 EKU bearing CRBH 7013 A,9380813905-00,9387064486-00,3844212784-00
CRBH 7013 A UUT1 P5 specification EKU bearing,9380813905-00,9387064486-00,3844212784-00
EKU CRBH 9016 A P5 UUT1 bearing,8244490406-00,4051928637-00,4317402654-00
CRBH9016A UUT1/P5 EKU bearing specs,8244490406-00,4051928637-00,4317402654-00
bearing EKU P5 type CRBH 9016 A UUT1,8244490406-00,4051928637-00,4317402654-00
eku crbhv 5013 auut1 p5 bearing,3905666343-00,5846963981-00,1875361036-00
bearing eku CRBHV 5013 A UUT1-P5,3905666343-00,5846963981-00,1875361036-00
eku CRBHV 5013 A UUT1 P5 bearings,3905666343-00,5846963981-00,1875361036-00
Velmor LEL 0400 bearing components,2767523756-00,8629637526-00,1500848500-00
LEL 0400 velmor bearing elements wanted,2767523756-00,8629637526-00,1500848500-00
Bearing Elements Velmor Code LEL0400,2767523756-00,8629637526-00,1500848500-00
velmor bearing elements LEL 0440,4532257943-00,2494634256-00,3636027469-00
LEL 0440 velmor bearings,4532257943-00,2494634256-00,3636027469-00
bearing elements velmor code LEL0440,4532257943-00,2494634256-00,3636027469-00
velmor bearing LEL 0450,2506733412-00,7223215219-00,7728063749-00
LEL0450 velmor bearing element,2506733412-00,7223215219-00,7728063749-00
bearing elements LEL-0450 Velmor,2506733412-00,7223215219-00,7728063749-00
velmor lel 0490 bearing,5496994079-00,3055785881-00,9998240700-00
LEL 0490 velmor bearing elements,5496994079-00,3055785881-00,9998240700-00
bearing element velmor part LEL0490,5496994079-00,3055785881-00,9998240700-00
Velmor LEL 0490 bearing,5496994079-00,9535092488-00,3325422228-00
bearing elements LEL 0490 Velmor,5496994079-00,9535092488-00,3325422228-00
LEL0490 Velmor bearing parts,5496994079-00,9535092488-00,3325422228-00
Velmor LEL 0530 bearing elements,1258316254-00,1126028490-00,2830358974-00
LEL0530 velmor bearing,1258316254-00,1126028490-00,2830358974-00
Bearing elements code LEL 0530 Velmor,1258316254-00,1126028490-00,2830358974-00
velmor lel 0570 bearing,9510775158-00,2036427045-00,2179472331-00
bearing elements LEL0570 Velmor,9510775158-00,2036427045-00,2179472331-00
LEL 0570 velmor bearing element,9510775158-00,2036427045-00,2179472331-00
velmor LEL 0570 bearing,9510775158-00,2336896288-00,1074177481-00
bearing elements LEL0570 Velmor,9510775158-00,2336896288-00,1074177481-00
LEL 0570 velmor bearing elements,9510775158-00,2336896288-00,1074177481-00
velmor bearing LEL 0760,4309921101-00,9457329856-00,8188917277-00
LEL 0760 Velmor bearing elements,4309921101-00,9457329856-00,8188917277-00
Bearing LEL-0760 velmor parts,4309921101-00,9457329856-00,8188917277-00
velmor LEL 0920 bearing,8249556098-00,2303429008-00,5797442239-00
LEL0920 Velmor bearing elements,8249556098-00,2303429008-00,5797442239-00
bearing LEL 0920 velmor components,8249556098-00,2303429008-00,5797442239-00
velmor LEL 1020 bearing elements,1705888698-00,2069007815-00,2179472331-00
Bearing Elements Velmor LEL1020,1705888698-00,2069007815-00,2179472331-00
elements bearing VELMOR  LEL-1020,1705888698-00,2069007815-00,2179472331-00
velmor lel 1080 bearing,8075449217-00,3628254685-00,3844212784-00
LEL 1080 Velmor bearing element,8075449217-00,3628254685-00,3844212784-00
bearing elements Velmor LEL1080,8075449217-00,3628254685-00,3844212784-00
velmor LEL4 0520 bearing,7971238139-00,9296042632-00,1872210053-00
LEL4-0520 velmor elements bearing,7971238139-00,9296042632-00,1872210053-00
bearing elements velmor LEL4/0520,7971238139-00,9296042632-00,1872210053-00
velmor bearing LEL5 0640 elements,2733673304-00,2066945648-00,9304821899-00
LEL5-0640 BEARING ELEMENTS velmor type,2733673304-00,2066945648-00,9304821899-00
Velmor LEL5/0640 elements for bearings,2733673304-00,2066945648-00,9304821899-00
velmor lel5-0760 bearing elements,2370892415-00,4359144184-00,4389349426-00
LEL5 0760 BEARING ELEMENT velmor type,2370892415-00,4359144184-00,4389349426-00
bearing element LEL5-0760 Velmor specs,2370892415-00,4359144184-00,4389349426-00
BEARING KD210 TY21 520.0 KORBE HALM,2231226859-00,4253700944-00,3838026476-00
KD 210 bearing TY 21/520.0 Korbe Halm,2231226859-00,4253700944-00,3838026476-00
Korbe Halm bearing KD-210 TY21 520.0,2231226859-00,4253700944-00,3838026476-00
angular contact thrust bearing BSA 202 CGA-2RZ/QBCA,5659214768-00,4094357318-00,6768070251-00
BSA202 CGA-2RZ angular thrust bearing,5659214768-00,4094357318-00,6768070251-00
angular contact bearing BSA202 CGA2RZ/QBCA,5659214768-00,4094357318-00,6768070251-00
angular contact bearing 7002 CDGA/P4ADGA,4007447862-00,7223215219-00,9510775158-00
7002 CDGA P4ADGA angle contact bearing,4007447862-00,7223215219-00,9510775158-00
ANG CONT B-BEARING 7002CDGA/P4ADGA,4007447862-00,7223215219-00,9510775158-00
angular contact bearing 71914 ACD/P4ADBA,9167644979-00,9308219724-00,3111837963-00
71914 ACD/P4ADBA angular contact ball bearing,9167644979-00,9308219724-00,3111837963-00
bearing 71914 ACD P4ADBA,9167644979-00,9308219724-00,3111837963-00
angular contact bearing 7206 CDGA P4AQGA,4386762078-00,1593243093-00,3403872805-00
7206CDGA/P4AQGA angular bearing,4386762078-00,1593243093-00,3403872805-00
7206 cdga p4aqga angular contact ball bearing,4386762078-00,1593243093-00,3403872805-00
7303 BEP angular contact ball bearing,4930835243-00,2537516574-00,8690964237-00
angular contact bearing 7303 BEP,4930835243-00,2537516574-00,8690964237-00
7303BEP ANG. CONT. B-BEARING,4930835243-00,2537516574-00,8690964237-00
angular contact ball bearing S7014 ACDGA/P4A,6749247184-00,3160559768-00,9832730678-00
S7014 ACDGA/P4A angular contact bearing,6749247184-00,3160559768-00,9832730678-00
S7014 ACDGA P4A ball bearing,6749247184-00,3160559768-00,9832730678-00
angular contact bearing S71914 ACDGA/P4A,9827472106-00,7940812971-00,3301044811-00
S71914 ACDGA/P4A angular bearing,9827472106-00,7940812971-00,3301044811-00
ACDGA/P4A angular contact ball bearing S71914,9827472106-00,7940812971-00,3301044811-00
angular contact ball bearing s71919 acdga p4a,2873874475-00,7068060064-00,9510775158-00
s71919 acdga/p4a angular bearing,2873874475-00,7068060064-00,9510775158-00
ball bearing S71919 ACDGA P4A,2873874475-00,7068060064-00,9510775158-00
angular contact bearing 71948 CDGA P4ADGA,6615563785-00,6777499687-00,1484422168-00
71948CDGA/P4ADGA angular bearing,6615563785-00,6777499687-00,1484422168-00
71948 CDGA P4ADGA angular contact ball bearing,6615563785-00,6777499687-00,1484422168-00
angular contact ball bearing 71948 CDGB/P4ADGA,6952320784-00,6009304401-00,8027272493-00
71948 CDGB P4ADGA angular contact b-bearing,6952320784-00,6009304401-00,8027272493-00
bearing angular contact 71948-CDGB-P4ADGA,6952320784-00,6009304401-00,8027272493-00
3201 ATN9 angular contact ball bearing double row,3589328560-00,5858467301-00,3633336925-00
double-row ball bearing 3201 ATN9 angular contact,3589328560-00,5858467301-00,3633336925-00
2ROW angular contact bearing 3201 ATN9,3589328560-00,5858467301-00,3633336925-00
3204 A-2RS1 double row angular contact ball bearing,8201515478-00,9132261912-00,1642873948-00
2 row angle contact ball bearing 3204 A-2RS1,8201515478-00,9132261912-00,1642873948-00
angular contact bearing 3204 A-2RS1 2RS1 double row,8201515478-00,9132261912-00,1642873948-00
double row angular contact bearing 3204/ATN9,7280147626-00,2642273407-00,4930835243-00
2-row angular contact B-bearing 3204 atn9,7280147626-00,2642273407-00,4930835243-00
angular contact ball 3204ATN9 double row,7280147626-00,2642273407-00,4930835243-00
double row angular contact b-bearing 3205 ATN9,9010947482-00,4416543723-00,1771445207-00
2 row angular contact ball bearing 3205 ATN9,9010947482-00,4416543723-00,1771445207-00
angular contact 3205 ATN9 double row b-bearing,9010947482-00,4416543723-00,1771445207-00
3206 ATN9 2 row angular contact bearing,4736528681-00,6010330454-00,2541182070-00
double row ball bearing 3206ATN9 angular contact,4736528681-00,6010330454-00,2541182070-00
3206 ATN9 angular contact ball/double row,4736528681-00,6010330454-00,2541182070-00
double row angular contact bearing 3207 ATN9,8226467110-00,3553074739-00,7123932343-00
2 row angular ball bearing 3207ATN9,8226467110-00,3553074739-00,7123932343-00
"3207-ATN9 angular contact b-bearing, double row",8226467110-00,3553074739-00,7123932343-00
double row angular contact ball bearing 3212 atn9,3664767599-00,4402980302-00,7707915166-00
2 row angular contact b-bearing 3212 atn9,3664767599-00,4402980302-00,7707915166-00
"3212 ATN9 angular contact ball bearing, double row",3664767599-00,4402980302-00,7707915166-00
double row angular ball bearing 3304/ATN9,2693880860-00,6757660918-00,5567905514-00
2 row angular contact b-bearing 3304 ATN9,2693880860-00,6757660918-00,5567905514-00
3304 ATN9 angular contact double row bearing,2693880860-00,6757660918-00,5567905514-00
3305 ATN9 angular contact double row BB,3166847823-00,1962744634-00,8576546004-00
2 row angular ball bearing 3305/ATN9,3166847823-00,1962744634-00,8576546004-00
double-row ANG contact bearing type 3305 ATN9,3166847823-00,1962744634-00,8576546004-00
3307 ATN9 double row angular contact ball bearing,1454292720-00,2392008238-00,4417015971-00
2row angular contact b-bearing 3307 ATN9,1454292720-00,2392008238-00,4417015971-00
angular contact ball bearing 3307 ATN9 2-row,1454292720-00,2392008238-00,4417015971-00
3308 ATN9 angular contact 2-row b-bearing,5178196899-00,2679738386-00,5218800597-00
double row angular ball bearing 3308 atn9,5178196899-00,2679738386-00,5218800597-00
2row angular contact bearing 3308/ATN9,5178196899-00,2679738386-00,5218800597-00
2 row angular contact bearing 3309 atn9,3056222605-00,8272876416-00,5124901454-00
double row ang. cont. ball bearing 3309/ATN9,3056222605-00,8272876416-00,5124901454-00
3309 ATN9 angular contact double row ball bearing,3056222605-00,8272876416-00,5124901454-00
angular contact bearing 3204 atn9 c2,2830358974-00,9147503056-00,8443687500-00
3204 atn9/c2 angular bearing,2830358974-00,9147503056-00,8443687500-00
angular contact b-bearing 3204 atn9 c2,2830358974-00,9147503056-00,8443687500-00
angular contact bearing 3205 atn9 c2,6779624979-00,5787003575-00,8349694726-00
3205-ATN9/C2 angular ball bearing,6779624979-00,5787003575-00,8349694726-00
bearing 3205atn9c2 angled contact,6779624979-00,5787003575-00,8349694726-00
angular contact ball bearing 3205-2rs stainless steel,1455229100-00,8178727713-00,8320851783-00
3205-2rs inox angular contact bearing,1455229100-00,8178727713-00,8320851783-00
stainless angular bearing 3205-2rs,1455229100-00,8178727713-00,8320851783-00
angular contact bearing 4204-2RS stainless steel,1402897100-00,6750118579-00,1792495291-00
4204-2RS inox angular contact ball bearing,1402897100-00,6750118579-00,1792495291-00
stainless angular contact bearing 4204-2RS,1402897100-00,6750118579-00,1792495291-00
7000 ACD/P4ADBC angular contact ball bearing,8981416541-00,2679738386-00,2835082719-00
high-precision bearing 7000 ACD/P4ADBC,8981416541-00,2679738386-00,2835082719-00
angular contact b-bearing 7000 ACD/P4ADBC,8981416541-00,2679738386-00,2835082719-00
angular contact bearing 7001 ACD/P4ADBC,7176768192-00,3076317177-00,6015093811-00
7001 ACD/P4ADBC angle contact ball bearing,7176768192-00,3076317177-00,6015093811-00
7001ACD P4ADBC bearing angular type,7176768192-00,3076317177-00,6015093811-00
angular contact ball bearing 7004CD P4ADGA,2215866549-00,1499210270-00,4807745763-00
7004 CD/P4ADGA angular bearing,2215866549-00,1499210270-00,4807745763-00
angular contact bearing 7004 CD P4ADGA,2215866549-00,1499210270-00,4807745763-00
angular contact ball bearing 7005 CD/P4ADGA,3931415237-00,7669229686-00,1634454981-00
7005CD/P4ADGA angular bearing,3931415237-00,7669229686-00,1634454981-00
precision bearing 7005 CD P4ADGA,3931415237-00,7669229686-00,1634454981-00
angular contact bearing 7006CD/P4ADGA,1368938831-00,4265798346-00,4521949722-00
7006 CD P4ADGA angular contact ball bearing,1368938831-00,4265798346-00,4521949722-00
7006CD P4ADGA b-bearing angular type,1368938831-00,4265798346-00,4521949722-00
7007CD/P4ADGA angular contact ball bearing,6313759283-00,6214669592-00,7560065898-00
ANG CONT B-bearing 7007CD P4ADGA,6313759283-00,6214669592-00,7560065898-00
7007 cd/p4adga precision angular contact bearing,6313759283-00,6214669592-00,7560065898-00
angular contact bearing 7008 CD/P4ADGA,5567905514-00,1052468184-00,8226467110-00
7008 CD P4ADGA angular bearing,5567905514-00,1052468184-00,8226467110-00
angular contact B-bearing 7008 CD-P4ADGA,5567905514-00,1052468184-00,8226467110-00
angular contact ball bearing 7008 CD/P4ADGA,5567905514-00,4595789175-00,8027272493-00
7008 CD/P4ADGA angular contact bearing,5567905514-00,4595789175-00,8027272493-00
ball bearing 7008CD P4ADGA angular type,5567905514-00,4595789175-00,8027272493-00
angular contact ball bearing 7009 CD P4ADGA,3664296603-00,6940014199-00,2328078956-00
7009CD/P4ADGA angular bearing,3664296603-00,6940014199-00,2328078956-00
7009 CD P4ADGA ball angular bearing,3664296603-00,6940014199-00,2328078956-00
7010 ACD/P4ADBA angular contact bearing,6752477895-00,3012926011-00,2231226859-00
ANG CONT B-BEARING 7010 ACD P4ADBA,6752477895-00,3012926011-00,2231226859-00
7010ACD P4ADBA angular contact b-bearing,6752477895-00,3012926011-00,2231226859-00
angular contact ball bearing 7010CD P4ADGA,5960374337-00,7099357687-00,4704551666-00
7010 CD/P4ADGA precision angular bearing,5960374337-00,7099357687-00,4704551666-00
7010CD P4ADGA angular contact bearing,5960374337-00,7099357687-00,4704551666-00
angular contact ball bearing 7011 ACD/P4A,6919265037-00,5173715598-00,1920622049-00
7011ACD/P4A angular contact bearing,6919265037-00,5173715598-00,1920622049-00
7011 ACD P4A ball bearing,6919265037-00,5173715598-00,1920622049-00
7013 CD/P4ADGA angular contact ball bearing,3912035463-00,7256209367-00,5610238284-00
angular contact bearing 7013CD P4ADGA,3912035463-00,7256209367-00,5610238284-00
7013 series angular ball bearing CD/P4ADGA,3912035463-00,7256209367-00,5610238284-00
angular contact ball bearing 71905 CD/P4A,5787199712-00,7572878881-00,3745610842-00
71905 CD/P4A angular contact bearing,5787199712-00,7572878881-00,3745610842-00
ball bearing 71905CD P4A angular,5787199712-00,7572878881-00,3745610842-00
71907 CDGA/P4A angular contact ball bearing,5218800597-00,3478926866-00,1634786010-00
angular bearing 71907 CDGA P4A high precision,5218800597-00,3478926866-00,1634786010-00
71907CDGA/P4A angle ball bearing,5218800597-00,3478926866-00,1634786010-00
71908 CD/P4ADGA angular contact ball bearing,6342300634-00,7604168415-00,1625768085-00
angular contact bearing 71908CD P4ADGA,6342300634-00,7604168415-00,1625768085-00
71908CD/P4ADGA ball bearing ANG CONT,6342300634-00,7604168415-00,1625768085-00
7201 BEP angular contact ball bearing,3789444311-00,4633625354-00,8443687500-00
ANG. CONT. B-BEARING 7201 BEP,3789444311-00,4633625354-00,8443687500-00
7201 BEP ANGULAR CONTACT,3789444311-00,4633625354-00,8443687500-00
7201 CD/P4ADAGA angular contact bearing,5331200037-00,6788242064-00,2964395104-00
ANG CONT B-BEARING 7201 CD P4ADAGA,5331200037-00,6788242064-00,2964395104-00
7201CD/P4ADAGA angular contact ball bearing,5331200037-00,6788242064-00,2964395104-00
angular contact ball bearing 7204 BEP,9116099346-00,4253700944-00,3385366022-00
7204BEP angular ball bearing,9116099346-00,4253700944-00,3385366022-00
bearing 7204 BEP angular contact,9116099346-00,4253700944-00,3385366022-00
angular contact bearing 7204CD/P4ADGA,7981958136-00,2674961440-00,4694010433-00
7204 CD/P4ADGA angular ball bearing,7981958136-00,2674961440-00,4694010433-00
7204CD P4ADGA angular contact bearing,7981958136-00,2674961440-00,4694010433-00
7204CD/P4ADGA angular contact ball bearing,7981958136-00,8205155184-00,8526360040-00
angular contact bearing 7204 CD P4ADGA,7981958136-00,8205155184-00,8526360040-00
7204 CD/P4ADGA B-bearing angular cont,7981958136-00,8205155184-00,8526360040-00
angular contact ball bearing 7205 bep,5823862226-00,5652404820-00,4021551247-00
7205 BEP angular bearing specifications,5823862226-00,5652404820-00,4021551247-00
ball bearing angular contact model 7205 BEP,5823862226-00,5652404820-00,4021551247-00
7205CD/P4ADGA precision angular contact bearing,3939779254-00,5629772323-00,5962016512-00
angular contact ball bearing 7205 CD P4ADGA,3939779254-00,5629772323-00,5962016512-00
7205-CD/P4ADGA B-bearing angular contact,3939779254-00,5629772323-00,5962016512-00
B-BEARING 7206 CD/P4ADGA ANG. CONT.,2969832734-00,3113830218-00,1360393557-00
7206 CD P4ADGA angular contact bearing,2969832734-00,3113830218-00,1360393557-00
angular contact bearing 7206 CD/P4ADGA,2969832734-00,3113830218-00,1360393557-00
ANG CONT B-BEARING 7207 CD/P4ADGA,3844212784-00,5309071573-00,3413264052-00
7207 CD/P4ADGA angular contact bearing,3844212784-00,5309071573-00,3413264052-00
angular contact bearing 7207 CD P4 ADGA,3844212784-00,5309071573-00,3413264052-00
ANG CONT B-BEARING 7208 CD/P4ADGA,3301044811-00,5358690547-00,6615563785-00
7208 CD/P4ADGA B-BEARING angular contact,3301044811-00,5358690547-00,6615563785-00
angular contact bearing 7208 CD/P4ADGA,3301044811-00,5358690547-00,6615563785-00
B-Bearing 7210 BE-2RZP angular contact,9636694855-00,7269638704-00,1902401529-00
ANG CONT B-BEARING 7210 BE2RZP,9636694855-00,7269638704-00,1902401529-00
7210 BE-2RZP angular contact bearing,9636694855-00,7269638704-00,1902401529-00
Angular Contact Bearing 7210 CD/P4ADGA,7083538772-00,3280639713-00,3320272936-00
7210 CD/P4ADGA B-Bearing Angular Contact,7083538772-00,3280639713-00,3320272936-00
B-Bearing Angular Contact 7210 CD/P4ADGA,7083538772-00,3280639713-00,3320272936-00
ACDGA/P4A B-BEARING 7213 ANG CONT,8526360040-00,4168905563-00,7981958136-00
7213 bearing P4A ACDGA angular contact,8526360040-00,4168905563-00,7981958136-00
ANGULAR CONTACT 7213 B-BEARING P4A,8526360040-00,4168905563-00,7981958136-00
B-BEARING 7213 ACDGA/P4A angular contact,8526360040-00,2884271768-00,1454292720-00
7213 ACDGA P4A angular contact bearing,8526360040-00,2884271768-00,1454292720-00
angular contact 7213 ACDGA/P4A bearing,8526360040-00,2884271768-00,1454292720-00
ANG CONT B-BEARING 7215 BEP,1046311721-00,5264300594-00,1074177481-00
7215 BEP angular contact ball bearing,1046311721-00,5264300594-00,1074177481-00
angular contact bearing model 7215 BEP,1046311721-00,5264300594-00,1074177481-00
B-BEARING 7216 BEP angular contact,1487938653-00,1028628638-00,7071447618-00
angular contact bearing 7216 BEP,1487938653-00,1028628638-00,7071447618-00
7216 BEP ANG. CONT. bearing,1487938653-00,1028628638-00,7071447618-00
angular contact ball bearing 7305 BECBP,3385366022-00,5789803864-00,9111163930-00
7305 BECBP angular contact bearing,3385366022-00,5789803864-00,9111163930-00
B-Bearing 7305 BECBP Angular Cont.,3385366022-00,5789803864-00,9111163930-00
ANG CONT B-BEARING S7006 CDGA/P4A,4313510383-00,6571703109-00,5331200037-00
S7006 CDGA P4A angular contact ball bearing,4313510383-00,6571703109-00,5331200037-00
B-BEARING S7006 P4A angular contact,4313510383-00,6571703109-00,5331200037-00
S7008 CDGA/P4A angular contact ball bearing,8099456195-00,9883456014-00,8059254291-00
angular contact bearing S7008 P4A CDGA,8099456195-00,9883456014-00,8059254291-00
CDGA/P4A B-Bearing angular contact S7008,8099456195-00,9883456014-00,8059254291-00
S7010 B-Bearing ANG. CONT. CDGA/P4A,2008875850-00,6312418668-00,2167417774-00
ANG CONT B-BEARING S7010 P4A,2008875850-00,6312418668-00,2167417774-00
S7010 CDGA/P4A angular contact bearing,2008875850-00,6312418668-00,2167417774-00
S7014 ACDGA/P4A ANGULAR CONTACT BALL BEARING,6749247184-00,4938014729-00,8107621338-00
ANG CONT B-BEARING S7014 ACDGA/P4A,6749247184-00,4938014729-00,8107621338-00
ACDGA/P4A Angular Contact Bearing S7014,6749247184-00,4938014729-00,8107621338-00
Angular contact bearing S7015 ACDGA/P4A,8204973030-00,2032105748-00,3589328560-00
S7015 ACDGA/P4A angular contact ball bearing,8204973030-00,2032105748-00,3589328560-00
buy ANG CONT B-BEARING S7015 ACDGA P4A,8204973030-00,2032105748-00,3589328560-00
S7209 ACDGA/P4A angular contact ball bearing,9941168753-00,6906098423-00,3301044811-00
angular contact bearing S7209 ACDGA/P4A,9941168753-00,6906098423-00,3301044811-00
B-bearing S7209 ACDGA/P4A,9941168753-00,6906098423-00,3301044811-00
SELF ALIGNING BEARING BS2-2212-2RS VT143,3044100751-00,4229705293-00,3309987938-00
BS2-2212-2RS/VT143 self aligning bearing,3044100751-00,4229705293-00,3309987938-00
buy BS2 2212 2RS VT143 bearing,3044100751-00,4229705293-00,3309987938-00
spherical roller bearing 22205/20 E,8161850682-00,2037215776-00,2767523756-00
22205/20 E spherical roller bearing,8161850682-00,2037215776-00,2767523756-00
22205 20E Spherical Roller Bearing,8161850682-00,2037215776-00,2767523756-00
spherical roller bearing 22207 E,8979284849-00,7573814967-00,5610238284-00
22207 E spherical bearing,8979284849-00,7573814967-00,5610238284-00
bearing type spherical 22207 E,8979284849-00,7573814967-00,5610238284-00
Spherical roller bearing 22207 EK,4956672336-00,1837857857-00,2359786082-00
22207 EK spherical roller bearing,4956672336-00,1837857857-00,2359786082-00
bearing 22207 EK spherical,4956672336-00,1837857857-00,2359786082-00
Spherical roller bearing 22208 E,3409610748-00,7496615874-00,9612996235-00
22208 E Spherical Roller Bearing,3409610748-00,7496615874-00,9612996235-00
22208E bearing spherical roller,3409610748-00,7496615874-00,9612996235-00
spherical roller bearing 22210 E,7857794706-00,1130810921-00,6187478393-00
22210 E bearing spherical roller,7857794706-00,1130810921-00,6187478393-00
22210E spherical roller bearing,7857794706-00,1130810921-00,6187478393-00
spherical roller bearing 22211 EJ/W33,7028139230-00,7970501472-00,9275195001-00
22211 EJ/W33 spherical roller,7028139230-00,7970501472-00,9275195001-00
bearing 22211 EJ/W33 spherical,7028139230-00,7970501472-00,9275195001-00
Spherical bearing 22213 EK,1748309131-00,8022444645-00,4727133865-00
22213 EK spherical roller bearing,1748309131-00,8022444645-00,4727133865-00
bearing type 22213 EK,1748309131-00,8022444645-00,4727133865-00
Spherical roller bearing 22216 E,2010439133-00,3940763029-00,9363196510-00
22216 E spherical roller bearing,2010439133-00,3940763029-00,9363196510-00
"roller bearing 22216 E, spherical type",2010439133-00,3940763029-00,9363196510-00
spherical roller bearing 22216 EK,4921777111-00,3384169379-00,5787199712-00
22216 EK spherical roller bearing,4921777111-00,3384169379-00,5787199712-00
22216EK bearing spherical roller,4921777111-00,3384169379-00,5787199712-00
spherical roller bearing 23028 CC W33,8635651210-00,3420647459-00,7118497327-00
23028 CC/W33 spherical roller bearing,8635651210-00,3420647459-00,7118497327-00
23028 CC W33 bearing spherical roller,8635651210-00,3420647459-00,7118497327-00
spherical roller bearing 23030 CC/W33,1843344004-00,7774599888-00,1748309131-00
23030 CC/W33 bearing spherical roller,1843344004-00,7774599888-00,1748309131-00
Spherical roller 23030 CC/W33,1843344004-00,7774599888-00,1748309131-00
spherical roller bearing 23218 CCK W33,9324563672-00,1373505184-00,7391952106-00
23218 CCK/W33 spherical roller bearing,9324563672-00,1373505184-00,7391952106-00
23218 CCK W33 bearing spherical roller,9324563672-00,1373505184-00,7391952106-00
self-aligning ball bearing 1214 ETN9,8501258214-00,4522541027-00,8020240760-00
B-bearing 1214 ETN9,8501258214-00,4522541027-00,8020240760-00
1214 ETN9 self-aligning bearing,8501258214-00,4522541027-00,8020240760-00
self aligning ball bearing 2204 E-2RS1TN9,7608996579-00,2039087397-00,5617313420-00
2204 E-2RS1TN9 self-aligning B-bearing,7608996579-00,2039087397-00,5617313420-00
self-aligning B-bearing 2204 E-2RS1TN9,7608996579-00,2039087397-00,5617313420-00
4200 ATN9 double row deep groove ball bearing,2561394108-00,5980354908-00,6354617632-00
2 row deep groove ball bearing 4200 ATN9,2561394108-00,5980354908-00,6354617632-00
ball bearing 4200 ATN9 double row deep groove,2561394108-00,5980354908-00,6354617632-00
4204 ATN9 double row deep groove bearing,5879115229-00,3462809681-00,5567905514-00
2 row deep groove ball bearing 4204 ATN9,5879115229-00,3462809681-00,5567905514-00
deep groove B-bearing 4204 ATN9 2ROW,5879115229-00,3462809681-00,5567905514-00
deep groove ball bearing model 16004,1376946622-00,3672346156-00,6921602240-00
16004 B-bearing deep groove,1376946622-00,3672346156-00,6921602240-00
ball bearing 16004 deep groove type,1376946622-00,3672346156-00,6921602240-00
DEEP GROOVE BALL BEARING 16007,6586389960-00,6692325649-00,8021852651-00
ball bearing 16007 deep groove,6586389960-00,6692325649-00,8021852651-00
16007 deep groove b-bearing,6586389960-00,6692325649-00,8021852651-00
deep groove ball bearing 6000-2RSH,1771445207-00,9620732978-00,1919114371-00
6000 2RSH deep groove bearing,1771445207-00,9620732978-00,1919114371-00
ball bearing 6000 series 2RSH,1771445207-00,9620732978-00,1919114371-00
deep groove ball bearing 6001,8329315855-00,1693769191-00,3195233039-00
6001 B-bearing deep groove,8329315855-00,1693769191-00,3195233039-00
B-bearing 6001 deep groove,8329315855-00,1693769191-00,3195233039-00
deep groove ball bearing 6001-2RSH,3301113478-00,3462809681-00,2798380832-00
6001-2RSH bearing deep groove,3301113478-00,3462809681-00,2798380832-00
deep groove 6001 2RSH ball bearing,3301113478-00,3462809681-00,2798380832-00
deep groove ball bearing 6002,1872210053-00,3055475159-00,4007447862-00
"6002 B-bearing, deep groove",1872210053-00,3055475159-00,4007447862-00
B-Bearing 6002 type deep groove,1872210053-00,3055475159-00,4007447862-00
deep groove bearing 6002-2RSH,3195233039-00,4522541027-00,8696018241-00
6002-2RSH B-bearing,3195233039-00,4522541027-00,8696018241-00
B-Bearing 6002 2RSH deep groove,3195233039-00,4522541027-00,8696018241-00
DEEP GROOVE BEARING 6003-2RSH,7560065898-00,4050287682-00,1695355830-00
6003-2RSH Deep Groove B-Bearing,7560065898-00,4050287682-00,1695355830-00
Deep groove bearing part number 6003-2RSH,7560065898-00,4050287682-00,1695355830-00
deep groove bearing 6004,8267716595-00,9183626126-00,6342300634-00
6004 B-ball bearing,8267716595-00,9183626126-00,6342300634-00
bearing type deep groove 6004,8267716595-00,9183626126-00,6342300634-00
DEEP GROOVE B-BEARING 6004-2RSH,3838026476-00,7053519753-00,2045686967-00
6004-2RSH deep groove ball bearing,3838026476-00,7053519753-00,2045686967-00
deep groove bearing 6004 2RSH,3838026476-00,7053519753-00,2045686967-00
6005 deep groove ball bearing,6768070251-00,8390094954-00,9116099346-00
deep groove bearing 6005,6768070251-00,8390094954-00,9116099346-00
ball bearing 6005 type DEEP GROOVE,6768070251-00,8390094954-00,9116099346-00
deep groove bearing 6005-2RSH,3178453665-00,1686239041-00,5276410858-00
6005 2RSH deep groove ball bearing,3178453665-00,1686239041-00,5276410858-00
B-Bearing 6005-2RSH type deep groove,3178453665-00,1686239041-00,5276410858-00
DEEP GROOVE B-BEARING 6006 NR,1516525272-00,8321833690-00,2215866549-00
6006 NR bearing deep groove,1516525272-00,8321833690-00,2215866549-00
bearing deep groove 6006 NR type,1516525272-00,8321833690-00,2215866549-00
DEEP GROOVE B-BEARING 6006-2RS1,1883772598-00,1791112940-00,4796572961-00
6006-2RS1 deep groove bearing,1883772598-00,1791112940-00,4796572961-00
bearing type deep groove 6006 2RS1,1883772598-00,1791112940-00,4796572961-00
DEEP GROOVE BALL BEARING 6007 NR,1582827507-00,1473554121-00,7359180004-00
6007 NR deep groove bearing,1582827507-00,1473554121-00,7359180004-00
B-BEARING 6007 NR,1582827507-00,1473554121-00,7359180004-00
Deep groove ball bearing 6007-2RS1,7090571037-00,3685572130-00,5567905514-00
6007-2RS1 deep groove bearing,7090571037-00,3685572130-00,5567905514-00
B-bearing 6007 2RS1,7090571037-00,3685572130-00,5567905514-00
deep groove bearing 6008,4807745763-00,1547798321-00,2322483775-00
B-Bearing 6008 deep groove,4807745763-00,1547798321-00,2322483775-00
6008 deep groove ball bearing,4807745763-00,1547798321-00,2322483775-00
deep groove ball bearing 6008-2RS1,5112834724-00,5560341153-00,6161653291-00
6008 2RS1 bearing deep groove,5112834724-00,5560341153-00,6161653291-00
B-bearing 6008-2RS1 type deep groove,5112834724-00,5560341153-00,6161653291-00
Deep Groove Ball Bearing 6008-Z,2118591654-00,2479083677-00,6615563785-00
6008-Z B-Bearing Deep Groove,2118591654-00,2479083677-00,6615563785-00
B-Bearing 6008-Z deep groove type,2118591654-00,2479083677-00,6615563785-00
DEEP GROOVE BALL BEARING 6009 NR,4704551666-00,8570551709-00,4317402654-00
6009 NR deep groove bearing,4704551666-00,8570551709-00,4317402654-00
deep groove b-bearing 6009NR,4704551666-00,8570551709-00,4317402654-00
deep groove ball bearing 6009-2RSH,1792495291-00,5316813243-00,5823862226-00
6009-2RSH bearing deep groove,1792495291-00,5316813243-00,5823862226-00
B-bearing 6009 2RSH deep groove,1792495291-00,5316813243-00,5823862226-00
DEEP GROOVE B-BEARING 6010-2RS1,9101084712-00,4308546672-00,9918136165-00
6010-2RS1 deep groove ball bearing,9101084712-00,4308546672-00,9918136165-00
deep groove bearing 6010 2RS1,9101084712-00,4308546672-00,9918136165-00
DEEP GROOVE BALL BEARING 6011-2RS1,9363196510-00,6805638993-00,3875557124-00
6011-2RS1 deep groove bearing,9363196510-00,6805638993-00,3875557124-00
deep groove b-bearing 6011 2RS1,9363196510-00,6805638993-00,3875557124-00
deep groove ball bearing 6012-2RS1,9998240700-00,4052349502-00,2733673304-00
6012 2RS1 bearing deep groove,9998240700-00,4052349502-00,2733673304-00
deep groove B-bearing 6012-2RS1 for sale,9998240700-00,4052349502-00,2733673304-00
deep groove ball bearing 6013-2RSH,4751202753-00,5367398985-00,2913148877-00
6013 2RSH deep groove bearing,4751202753-00,5367398985-00,2913148877-00
bearing 6013-2RSH deep groove type,4751202753-00,5367398985-00,2913148877-00
DEEP GROOVE BALL BEARING 6015,5079219078-00,8045442358-00,8988363787-00
6015 deep groove b-bearing,5079219078-00,8045442358-00,8988363787-00
deep groove bearing type 6015,5079219078-00,8045442358-00,8988363787-00
DEEP GROOVE BALL BEARING 6015-2RS1,8320851783-00,9751416586-00,7489900871-00
6015-2RS1 deep groove bearing,8320851783-00,9751416586-00,7489900871-00
Deep groove bearing 6015 2RS1,8320851783-00,9751416586-00,7489900871-00
DEEP GROOVE BEARING 6015-2Z,3878276711-00,7976283257-00,9918136165-00
6015-2Z B-Bearing Deep Groove,3878276711-00,7976283257-00,9918136165-00
6015 2Z deep groove ball bearing,3878276711-00,7976283257-00,9918136165-00
deep groove ball bearing 6016-2RS1,3309987938-00,6382490436-00,8583777362-00
6016-2RS1 bearing deep groove,3309987938-00,6382490436-00,8583777362-00
ball bearing 6016 2RS1 type deep groove,3309987938-00,6382490436-00,8583777362-00
deep groove ball bearing 6017-2RS1,6015093811-00,2735987175-00,2981854107-00
6017-2RS1 bearing deep groove type,6015093811-00,2735987175-00,2981854107-00
B-bearing 6017 2RS1,6015093811-00,2735987175-00,2981854107-00
DEEP GROOVE BALL BEARING 6018-2RS1,8222495190-00,7075018725-00,6711939733-00
6018-2RS1 deep groove bearing,8222495190-00,7075018725-00,6711939733-00
deep groove bearing type 6018 2RS1,8222495190-00,7075018725-00,6711939733-00
Deep Groove Ball Bearing 607-2RSH,1461083928-00,2205046870-00,7056352833-00
607-2RSH B-Bearing Deep Groove,1461083928-00,2205046870-00,7056352833-00
Bearing 607 2RSH Deep Groove,1461083928-00,2205046870-00,7056352833-00
deep groove bearing 608-2RSL,4966456272-00,1147017964-00,9151720152-00
608 2RSL deep groove ball bearing,4966456272-00,1147017964-00,9151720152-00
B-bearing 608-2RSL,4966456272-00,1147017964-00,9151720152-00
deep groove ball bearing 608-2Z,6674044697-00,3315991152-00,9741033403-00
608-2Z deep groove bearing,6674044697-00,3315991152-00,9741033403-00
"bearing 608-2Z, deep groove B-type",6674044697-00,3315991152-00,9741033403-00
deep groove ball bearing 609-2RSH,2790637539-00,4816820374-00,6313759283-00
609-2RSH deep groove B-bearing,2790637539-00,4816820374-00,6313759283-00
B-bearing 609-2RSH type deep groove,2790637539-00,4816820374-00,6313759283-00
DEEP GROOVE 61800 B BALL BEARING,8596689344-00,6056086096-00,9010947482-00
61800 B-Bearing Deep Groove,8596689344-00,6056086096-00,9010947482-00
Deep groove ball bearing 61800,8596689344-00,6056086096-00,9010947482-00
DEEP GROOVE 61800-2RS1 bearing,4289477543-00,2394479755-00,1705888698-00
61800-2RS1 sealed B-bearing,4289477543-00,2394479755-00,1705888698-00
bearing 61800 2RS1 deep groove type,4289477543-00,2394479755-00,1705888698-00
deep groove ball bearing 61802-2RS1,2981854107-00,5827014141-00,1748309131-00
61802-2RS1 bearing deep groove,2981854107-00,5827014141-00,1748309131-00
B-bearing 61802 2RS1,2981854107-00,5827014141-00,1748309131-00
DEEP GROOVE B-BEARING 61804,2948676075-00,8796805651-00,5879115229-00
61804 deep groove ball bearing,2948676075-00,8796805651-00,5879115229-00
deep groove bearing type 61804,2948676075-00,8796805651-00,5879115229-00
DEEP GROOVE BALL BEARING 61808-2RS1,4231466817-00,2973017365-00,2830358974-00
61808-2RS1 deep groove bearing,4231466817-00,2973017365-00,2830358974-00
deep groove bearing code 61808-2RS1,4231466817-00,2973017365-00,2830358974-00
deep groove ball bearing 61809-2RS1,1902401529-00,3920625495-00,8979284849-00
61809-2RS1 bearing deep groove type,1902401529-00,3920625495-00,8979284849-00
B-Bearing 61809-2RS1 deep groove,1902401529-00,3920625495-00,8979284849-00
DEEP GROOVE B-BEARING 61810-2RS1,7450112541-00,9383943811-00,9824739935-00
61810-2RS1 B-BEARING deep groove,7450112541-00,9383943811-00,9824739935-00
61810 2RS1 deep groove bearing,7450112541-00,9383943811-00,9824739935-00
deep groove ball bearing 61811,8256451220-00,9714124213-00,3178453665-00
61811 B-bearing deep groove,8256451220-00,9714124213-00,3178453665-00
61811 bearing deep groove type,8256451220-00,9714124213-00,3178453665-00
61811-2RS1 deep groove ball bearing,3724834067-00,5725210060-00,8576546004-00
deep groove bearing 61811-2RS1,3724834067-00,5725210060-00,8576546004-00
618112RS1 B-bearing deep groove,3724834067-00,5725210060-00,8576546004-00
DEEP GROOVE BALL BEARING 61812-2RS1,7688968790-00,6391201229-00,1516525272-00
61812-2RS1 bearing deep groove,7688968790-00,6391201229-00,1516525272-00
deep groove 61812 2RS1 B-bearing,7688968790-00,6391201229-00,1516525272-00
61812-2RS1 deep groove ball bearing,7688968790-00,2556292981-00,2683054798-00
deep groove bearing 61812 2RS1,7688968790-00,2556292981-00,2683054798-00
B-BEARING 61812-2RS1,7688968790-00,2556292981-00,2683054798-00
deep groove ball bearing 61814-2RS1,7649021906-00,8185323043-00,1843344004-00
61814-2RS1 deep groove B-bearing,7649021906-00,8185323043-00,1843344004-00
B-bearing 61814 2RS1 deep groove,7649021906-00,8185323043-00,1843344004-00
Deep groove ball bearing 61816-2RS1,1360393557-00,5259060496-00,1074177481-00
B-bearing 61816 2RS1,1360393557-00,5259060496-00,1074177481-00
61816-2RS1 deep groove bearing,1360393557-00,5259060496-00,1074177481-00
deep groove ball bearing 61818-2RS1,9151720152-00,6922881579-00,2798380832-00
61818-2RS1 B-bearing deep groove,9151720152-00,6922881579-00,2798380832-00
deep groove 61818-2RS1 bearing,9151720152-00,6922881579-00,2798380832-00
deep groove ball bearing 61828-2RS1,3892688398-00,1445209486-00,5685286874-00
61828-2RS1 B-bearing deep groove,3892688398-00,1445209486-00,5685286874-00
deep groove bearing 61828 2RS1,3892688398-00,1445209486-00,5685286874-00
deep groove ball bearing 61830,9044786768-00,1188618193-00,5429558500-00
61830 b-bearing deep groove,9044786768-00,1188618193-00,5429558500-00
ball bearing 61830 type deep groove,9044786768-00,1188618193-00,5429558500-00
deep groove bearing 61852 MA,8520539423-00,6620963127-00,5218800597-00
61852 MA deep groove B-bearing,8520539423-00,6620963127-00,5218800597-00
B-bearing 61852 MA deep groove type,8520539423-00,6620963127-00,5218800597-00
Deep Groove Ball Bearing 61856,6824584696-00,4632171824-00,3929801887-00
61856 B-Bearing Deep Groove,6824584696-00,4632171824-00,3929801887-00
ball bearing 61856 deep groove,6824584696-00,4632171824-00,3929801887-00
deep groove ball bearing 619/6-2Z,2913148877-00,1998064545-00,8824276530-00
619/6-2Z bearing deep groove type,2913148877-00,1998064545-00,8824276530-00
619 6 2Z deep groove B-bearing,2913148877-00,1998064545-00,8824276530-00
deep groove bearing 61900-2RS1,5103533812-00,8076724964-00,3320272936-00
61900-2RS1 B-bearing,5103533812-00,8076724964-00,3320272936-00
B-BEARING 61900 2RS1 deep groove,5103533812-00,8076724964-00,3320272936-00
deep groove bearing 61902-2RS1,7966761424-00,2211636078-00,4552388370-00
61902-2RS1 B-ball bearing,7966761424-00,2211636078-00,4552388370-00
B-Bearing 61902 2RS1 deep groove,7966761424-00,2211636078-00,4552388370-00
deep groove 61904-2RS1 bearing,5621744151-00,6673803951-00,5066546121-00
B-bearing 61904 2RS1,5621744151-00,6673803951-00,5066546121-00
61904-2RS1 deep groove ball bearing,5621744151-00,6673803951-00,5066546121-00
deep groove bearing 61905,2055284905-00,9526753360-00,5066546121-00
61905 B-bearing deep groove,2055284905-00,9526753360-00,5066546121-00
B-bearing deep groove 61905,2055284905-00,9526753360-00,5066546121-00
Deep groove ball bearing 61905-2RS1,1074177481-00,7064132121-00,8690964237-00
61905-2RS1 bearing deep groove,1074177481-00,7064132121-00,8690964237-00
B-bearing 61905 2RS1,1074177481-00,7064132121-00,8690964237-00
DEEP GROOVE B-BEARING 61906-2RS1,1030163491-00,3984544458-00,3301113478-00
61906-2RS1 deep groove bearing,1030163491-00,3984544458-00,3301113478-00
deep groove ball bearing model 61906-2RS1,1030163491-00,3984544458-00,3301113478-00
61907-2RS1 deep groove ball bearing,2755374713-00,2688699729-00,7056352833-00
deep groove bearing 61907 2RS1,2755374713-00,2688699729-00,7056352833-00
61907 2RS1 B-bearing,2755374713-00,2688699729-00,7056352833-00
deep groove ball bearing 61908,6654178420-00,1760470605-00,9612996235-00
B-bearing 61908 deep groove,6654178420-00,1760470605-00,9612996235-00
61908 deep groove bearing,6654178420-00,1760470605-00,9612996235-00
deep groove ball bearing 61908,6654178420-00,6796505905-00,8289664449-00
61908 B-bearing deep groove,6654178420-00,6796505905-00,8289664449-00
B-bearing 61908 deep groove size,6654178420-00,6796505905-00,8289664449-00
DEEP GROOVE BALL BEARING 61908-2RS1,8027272493-00,3474627261-00,6952320784-00
61908-2RS1 deep groove bearing,8027272493-00,3474627261-00,6952320784-00
deep groove B-bearing 61908 2RS1,8027272493-00,3474627261-00,6952320784-00
DEEP GROOVE B-BEARING 61916-2RS1,4691335210-00,7894897755-00,3810906932-00
61916-2RS1 deep groove ball bearing,4691335210-00,7894897755-00,3810906932-00
B-BEARING 61916-2RS1 type deep groove,4691335210-00,7894897755-00,3810906932-00
Deep groove bearing 61928 MA,9854233246-00,8739534142-00,2322483775-00
61928 MA B-bearing deep groove,9854233246-00,8739534142-00,2322483775-00
B-bearing 61928 MA deep groove type,9854233246-00,8739534142-00,2322483775-00
deep groove ball bearing 6200,8376341210-00,7302875617-00,6354617632-00
6200 B-bearing deep groove,8376341210-00,7302875617-00,6354617632-00
ball bearing type 6200 deep groove,8376341210-00,7302875617-00,6354617632-00
Deep groove ball bearing 6200-2RSH,4725934533-00,3104574808-00,5256096413-00
6200 2RSH deep groove b-bearing,4725934533-00,3104574808-00,5256096413-00
ball bearing 6200-2RSH deep groove,4725934533-00,3104574808-00,5256096413-00
deep groove ball bearing 6200-2Z,6683837403-00,2700123943-00,1695355830-00
6200-2Z B bearing deep groove,6683837403-00,2700123943-00,1695355830-00
B-bearing deep groove 6200-2Z,6683837403-00,2700123943-00,1695355830-00
deep groove ball bearing 6201,2815418110-00,8946535786-00,3628132510-00
6201 B-bearing deep groove,2815418110-00,8946535786-00,3628132510-00
ball bearing type 6201 deep groove,2815418110-00,8946535786-00,3628132510-00
DEEP GROOVE B-BEARING 6201-2RSH,6314452072-00,5218241439-00,1269372122-00
6201-2RSH deep groove ball bearing,6314452072-00,5218241439-00,1269372122-00
deep groove bearing 6201-2RSH,6314452072-00,5218241439-00,1269372122-00
deep groove ball bearing 6201-2Z,6480966456-00,1134871499-00,4807745763-00
6201-2Z bearing deep groove,6480966456-00,1134871499-00,4807745763-00
B-bearing 6201-2Z deep groove,6480966456-00,1134871499-00,4807745763-00
deep groove ball bearing 6201-Z,3403872805-00,9315899660-00,4956672336-00
bearing 6201-Z deep groove B type,3403872805-00,9315899660-00,4956672336-00
6201-Z deep groove bearing,3403872805-00,9315899660-00,4956672336-00
deep groove ball bearing 6202-2RSH,2328078956-00,1022841450-00,2541182070-00
6202 2RSH deep groove bearing,2328078956-00,1022841450-00,2541182070-00
B-bearing 6202-2RSH specs,2328078956-00,1022841450-00,2541182070-00
deep groove bearing 6202-2Z,4521949722-00,7563435984-00,3385366022-00
6202-2Z B-bearing deep groove,4521949722-00,7563435984-00,3385366022-00
B-Bearing 6202 2Z deep groove,4521949722-00,7563435984-00,3385366022-00
deep groove ball bearing 6202 2Z,4521949722-00,2036427045-00,5331200037-00
6202-2Z deep groove bearing,4521949722-00,2036427045-00,5331200037-00
ball bearing type 6202 2Z,4521949722-00,2036427045-00,5331200037-00
deep groove ball bearing 6202-Z,5610238284-00,1547554553-00,8143255737-00
6202-Z bearing type deep groove,5610238284-00,1547554553-00,8143255737-00
ball bearing 6202 Z dimensions,5610238284-00,1547554553-00,8143255737-00
Deep groove ball bearing 6203,2569431920-00,7936708706-00,9266148795-00
6203 B-bearing deep groove,2569431920-00,7936708706-00,9266148795-00
bearing type 6203 deep groove,2569431920-00,7936708706-00,9266148795-00
deep groove ball bearing 6203 NR,9275195001-00,1126028490-00,4725934533-00
6203 NR deep groove bearing,9275195001-00,1126028490-00,4725934533-00
ball bearing 6203 NR type deep groove,9275195001-00,1126028490-00,4725934533-00
deep groove ball bearing 6203 2RSH,2758662101-00,7573814967-00,2322483775-00
6203-2RSH bearing deep groove,2758662101-00,7573814967-00,2322483775-00
B-bearing 6203 2RSH deep groove,2758662101-00,7573814967-00,2322483775-00
DEEP GROOVE B-BEARING 6203-2RSL,4417015971-00,7954596083-00,1487938653-00
6203-2RSL deep groove ball bearing,4417015971-00,7954596083-00,1487938653-00
deep groove bearing 6203 2RSL,4417015971-00,7954596083-00,1487938653-00
deep groove ball bearing 6203-Z,9927360461-00,1517496950-00,2541182070-00
6203-Z DEEP GROOVE B-BEARING,9927360461-00,1517496950-00,2541182070-00
ball bearing 6203 Z,9927360461-00,1517496950-00,2541182070-00
deep groove ball bearing 6204,9051475783-00,8705789131-00,2948676075-00
6204 B-bearing deep groove,9051475783-00,8705789131-00,2948676075-00
groove bearing 6204 type B,9051475783-00,8705789131-00,2948676075-00
deep groove bearing 6204 NR,3810906932-00,9575584857-00,8365455653-00
6204 NR B-bearing deep groove,3810906932-00,9575584857-00,8365455653-00
NR 6204 deep groove ball bearing,3810906932-00,9575584857-00,8365455653-00
DEEP GROOVE BALL BEARING 6204-2RSH,4694010433-00,1316045560-00,2001314721-00
6204 2RSH deep groove b-bearing,4694010433-00,1316045560-00,2001314721-00
deep groove bearing 6204-2RSH,4694010433-00,1316045560-00,2001314721-00
DEEP GROOVE BALL BEARING 6204 2Z,1804489327-00,5643762042-00,4321444789-00
6204-2Z deep groove b-bearing,1804489327-00,5643762042-00,4321444789-00
deep groove 6204 2Z bearing,1804489327-00,5643762042-00,4321444789-00
DEEP GROOVE BALL BEARING 6204-2ZNR,7601389897-00,9387064486-00,2807690610-00
6204 2ZNR deep groove bearing,7601389897-00,9387064486-00,2807690610-00
deep groove bearing type 6204-2ZNR,7601389897-00,9387064486-00,2807690610-00
deep groove ball bearing 6205,2179472331-00,1946388169-00,8735514073-00
6205 B-bearing deep groove,2179472331-00,1946388169-00,8735514073-00
B-bearing 6205 deep groove type,2179472331-00,1946388169-00,8735514073-00
deep groove bearing 6205 NR,5617313420-00,4838358893-00,3200232652-00
B-bearing 6205 NR deep groove,5617313420-00,4838358893-00,3200232652-00
6205 NR deep groove ball bearing,5617313420-00,4838358893-00,3200232652-00
DEEP GROOVE 6205-2RSH B-BEARING,2359786082-00,3137142682-00,1500848500-00
6205-2RSH bearing deep groove,2359786082-00,3137142682-00,1500848500-00
deep groove ball bearing 6205 2RSH,2359786082-00,3137142682-00,1500848500-00
DEEP GROOVE BALL BEARING 6205-2Z,6811106407-00,4253700944-00,7501846298-00
6205-2Z deep groove bearing,6811106407-00,4253700944-00,7501846298-00
deep groove B-bearing part number 6205-2Z,6811106407-00,4253700944-00,7501846298-00
deep groove ball bearing 6205-2ZNR,5218547457-00,5878864569-00,8526360040-00
6205 2ZNR deep groove bearing,5218547457-00,5878864569-00,8526360040-00
6205-2ZNR B-bearing deep groove,5218547457-00,5878864569-00,8526360040-00
DEEP GROOVE B-BEARING 6206,7656917278-00,2438994529-00,8099456195-00
6206 Deep Groove Ball Bearing,7656917278-00,2438994529-00,8099456195-00
B-Bearing 6206 specs,7656917278-00,2438994529-00,8099456195-00
deep groove ball bearing 6206 NR,3483257789-00,1451158850-00,2859125868-00
6206 NR deep groove B-bearing,3483257789-00,1451158850-00,2859125868-00
B-bearing 6206 NR deep groove,3483257789-00,1451158850-00,2859125868-00
DEEP GROOVE BALL BEARING 6206 2RS1,1520755690-00,1746469094-00,4438679634-00
6206-2RS1 deep groove bearing,1520755690-00,1746469094-00,4438679634-00
buy deep groove b-bearing 6206 2RS1,1520755690-00,1746469094-00,4438679634-00
Deep groove ball bearing 6206-2Z,7911100976-00,8848957018-00,9026041071-00
6206 2Z B-bearing deep groove,7911100976-00,8848957018-00,9026041071-00
B-bearing 6206-2Z deep groove type,7911100976-00,8848957018-00,9026041071-00
DEEP GROOVE BALL BEARING 6207,4200127880-00,9181346928-00,2798380832-00
6207 B-Bearing deep groove,4200127880-00,9181346928-00,2798380832-00
deep groove bearing 6207 specs,4200127880-00,9181346928-00,2798380832-00
DEEP GROOVE 6207 NR B-BEARING,7731941463-00,5368655997-00,2755374713-00
6207 NR DEEP GROOVE B-BEARING,7731941463-00,5368655997-00,2755374713-00
B-BEARING 6207 NR deep groove,7731941463-00,5368655997-00,2755374713-00
deep groove bearing 6207-2RSH,8443687500-00,6045171767-00,7567206630-00
6207 2RSH B-Bearing,8443687500-00,6045171767-00,7567206630-00
B-Bearing 6207-2RSH deep groove,8443687500-00,6045171767-00,7567206630-00
DEEP GROOVE BALL BEARING 6207-2ZNR,6716692769-00,4545019368-00,7688968790-00
6207-2ZNR deep groove ball bearing,6716692769-00,4545019368-00,7688968790-00
deep groove bearing 6207-2ZNR,6716692769-00,4545019368-00,7688968790-00
deep groove ball bearing 6208,2086169402-00,6586480729-00,2964395104-00
B-bearing 6208 dimension specs,2086169402-00,6586480729-00,2964395104-00
6208 deep groove bearing details,2086169402-00,6586480729-00,2964395104-00
deep groove ball bearing 6208-2RSH,8021852651-00,6087737330-00,4892118737-00
6208 2RSH deep groove bearing,8021852651-00,6087737330-00,4892118737-00
bearing type 6208-2RSH deep groove,8021852651-00,6087737330-00,4892118737-00
Deep groove ball bearing 6209 NR,2001314721-00,3350014268-00,6716692769-00
B-bearing 6209 NR specifications,2001314721-00,3350014268-00,6716692769-00
6209 NR deep groove bearing details,2001314721-00,3350014268-00,6716692769-00
DEEP GROOVE BALL BEARING 6210-2RSH,4251313627-00,6009304401-00,8143255737-00
6210-2RSH deep groove b-bearing,4251313627-00,6009304401-00,8143255737-00
6210 2RSH bearing ball deep groove,4251313627-00,6009304401-00,8143255737-00
DEEP GROOVE BEARING 6211-2RS1,4414391372-00,8831445184-00,8583777362-00
6211-2RS1 deep groove ball bearing,4414391372-00,8831445184-00,8583777362-00
deep groove B-bearing 6211 2RS1,4414391372-00,8831445184-00,8583777362-00
deep groove bearing 6212-2RS1,2541182070-00,8649274296-00,2215866549-00
6212 2RS1 B-Bearing deep groove,2541182070-00,8649274296-00,2215866549-00
B-Bearing 6212-2RS1 deep groove,2541182070-00,8649274296-00,2215866549-00
deep groove ball bearing 6214-2RSH,8289664449-00,9801266729-00,2401035377-00
6214-2RSH deep groove bearing,8289664449-00,9801266729-00,2401035377-00
B-bearing 6214-2RSH,8289664449-00,9801266729-00,2401035377-00
deep groove bearing 6216,1582619643-00,7155263857-00,6741886649-00
B-bearing size 6216,1582619643-00,7155263857-00,6741886649-00
6216 deep groove ball bearing,1582619643-00,7155263857-00,6741886649-00
deep groove ball bearing 62201-2RSH,9588849110-00,3357157332-00,6654178420-00
B-Bearing 62201 2RSH,9588849110-00,3357157332-00,6654178420-00
62201-2RSH deep groove bearing,9588849110-00,3357157332-00,6654178420-00
DEEP GROOVE B-BEARING 62203-2RS1,8057376401-00,1255737259-00,7333334677-00
62203-2RS1 B-Bearing Deep Groove,8057376401-00,1255737259-00,7333334677-00
B-Bearing 62203 2RS1 Deep Groove,8057376401-00,1255737259-00,7333334677-00
deep groove ball bearing 62205-2RS1,2607022206-00,4282390587-00,8204973030-00
62205-2RS1 B-bearing deep groove,2607022206-00,4282390587-00,8204973030-00
B-bearing 62205-2RS1 deep groove type,2607022206-00,4282390587-00,8204973030-00
DEEP GROOVE BALL BEARING 62207-2RS1,1500848500-00,6603193262-00,2969832734-00
62207-2RS1 deep groove bearing,1500848500-00,6603193262-00,2969832734-00
62207 2RS1 B-Bearing,1500848500-00,6603193262-00,2969832734-00
deep groove ball bearing 62210-2RS1,6786384278-00,7748564458-00,1872210053-00
62210-2RS1 bearing deep groove,6786384278-00,7748564458-00,1872210053-00
B-bearing 62210-2RS1,6786384278-00,7748564458-00,1872210053-00
Deep groove ball bearing 6228,8735514073-00,2360514074-00,6919265037-00
B-Bearing 6228 type deep groove,8735514073-00,2360514074-00,6919265037-00
6228 deep groove bearing,8735514073-00,2360514074-00,6919265037-00
deep groove bearing 626-2Z,7667381834-00,5871470332-00,3409610748-00
626-2Z B-bearing deep groove,7667381834-00,5871470332-00,3409610748-00
B-ball bearing 626-2Z type deep groove,7667381834-00,5871470332-00,3409610748-00
deep groove ball bearing 629,6526985464-00,8286072537-00,2720683655-00
629 B bearing deep groove,6526985464-00,8286072537-00,2720683655-00
bearing 629 deep groove type,6526985464-00,8286072537-00,2720683655-00
deep groove bearing 630/8-2RSRY,1778812082-00,9844671434-00,8979284849-00
630/8-2RSRY B-bearing,1778812082-00,9844671434-00,8979284849-00
B-bearing 630/8 2RSRY deep groove,1778812082-00,9844671434-00,8979284849-00
6300-2RS1 deep groove ball bearing,1695355830-00,8583464876-00,5277900050-00
deep groove bearing 6300 2RS1,1695355830-00,8583464876-00,5277900050-00
6300/2RS1 BBearing deep groove type,1695355830-00,8583464876-00,5277900050-00
63003-2RS1 deep groove ball bearing,6187478393-00,9639799876-00,2845499435-00
deep groove bearing 63003 2RS1,6187478393-00,9639799876-00,2845499435-00
63003-2RS1 sealed deep groove b-bearing,6187478393-00,9639799876-00,2845499435-00
63004-2RS1 deep groove ball bearing,8152492172-00,6591331085-00,3195233039-00
deep groove bearing 63004-2RS1,8152492172-00,6591331085-00,3195233039-00
63004 2RS1 B-bearing deep groove type,8152492172-00,6591331085-00,3195233039-00
63005-2RS1 deep groove ball bearing,7000007117-00,1040011022-00,4309921101-00
deep groove bearing 63005 2RS1,7000007117-00,1040011022-00,4309921101-00
63005-2RS1 sealed deep groove ball bearing,7000007117-00,1040011022-00,4309921101-00
6301-2RS1 deep groove ball bearing,9985019990-00,1501058271-00,6161653291-00
deep groove bearing 6301 2RS1,9985019990-00,1501058271-00,6161653291-00
6301-2RS1 sealed ball bearing,9985019990-00,1501058271-00,6161653291-00
63010-2RS1 deep groove ball bearing,3621748882-00,2126668815-00,6480966456-00
deep groove bearing 63010 2RS1,3621748882-00,2126668815-00,6480966456-00
63010-2RS1 bearing deep groove b type,3621748882-00,2126668815-00,6480966456-00
6303 deep groove ball bearing,4562806135-00,4416543723-00,2010439133-00
deep groove bearing 6303,4562806135-00,4416543723-00,2010439133-00
ball bearing type 6303 deep groove,4562806135-00,4416543723-00,2010439133-00
6303-2RSH deep groove ball bearing,3636027469-00,1554805926-00,2328078956-00
deep groove bearing 6303 2RSH,3636027469-00,1554805926-00,2328078956-00
6303-2RSH sealed deep groove ball bearing,3636027469-00,1554805926-00,2328078956-00
6304 deep groove ball bearing,6970809125-00,8698794570-00,3385366022-00
deep groove bearing type 6304,6970809125-00,8698794570-00,3385366022-00
6304 B-bearing deep groove,6970809125-00,8698794570-00,3385366022-00
6304-2RSH deep groove ball bearing,8777053594-00,1826420970-00,3178453665-00
deep groove bearing 6304 2RSH,8777053594-00,1826420970-00,3178453665-00
6304 2RSH ball bearing deep groove,8777053594-00,1826420970-00,3178453665-00
6305 NR deep groove ball bearing,1063362084-00,3693299201-00,7225268837-00
ball bearing deep groove type 6305NR,1063362084-00,3693299201-00,7225268837-00
6305NR bearing deep groove,1063362084-00,3693299201-00,7225268837-00
6305-2RSH deep groove ball bearing,8556932975-00,7320801684-00,2830358974-00
deep groove bearing 6305 2RSH,8556932975-00,7320801684-00,2830358974-00
6305-2RSH b-bearing deep groove type,8556932975-00,7320801684-00,2830358974-00
6305-2RZ deep groove ball bearing,7241073437-00,8059232524-00,9741033403-00
deep groove bearing type 6305 2RZ,7241073437-00,8059232524-00,9741033403-00
6305 2RZ bearing deep groove,7241073437-00,8059232524-00,9741033403-00
6305-2ZNR deep groove ball bearing,8690964237-00,2796016373-00,9167644979-00
ball bearing type 6305-2ZNR with shields,8690964237-00,2796016373-00,9167644979-00
deep groove bearing 6305 2ZNR,8690964237-00,2796016373-00,9167644979-00
6306 NR deep groove ball bearing,7699881798-00,1132975697-00,9515153013-00
deep groove bearing type 6306NR,7699881798-00,1132975697-00,9515153013-00
6306nr ball bearing,7699881798-00,1132975697-00,9515153013-00
6306-2RS1 deep groove ball bearing,7391952106-00,6097009167-00,9832730678-00
bearing deep groove 6306 2RS1,7391952106-00,6097009167-00,9832730678-00
6306/2RS1 sealed deep groove BB,7391952106-00,6097009167-00,9832730678-00
6307 deep groove ball bearing,7564947432-00,2353386350-00,2913148877-00
deep groove bearing type 6307,7564947432-00,2353386350-00,2913148877-00
bearing 6307 deep groove b-bearing,7564947432-00,2353386350-00,2913148877-00
6307-2RS1 deep groove ball bearing,4301909287-00,2205046870-00,7659070552-00
deep groove bearing 6307 2RS1,4301909287-00,2205046870-00,7659070552-00
6307-2RS1 sealed deep groove bearing,4301909287-00,2205046870-00,7659070552-00
6308-2RS1 deep groove ball bearing,9006239418-00,6485532333-00,6749247184-00
deep groove bearing 6308 2RS1,9006239418-00,6485532333-00,6749247184-00
6308-2RS1 sealed ball bearing,9006239418-00,6485532333-00,6749247184-00
NN 3010 TN/SPW33 cylindrical roller bearing,9918136165-00,2205046870-00,4691335210-00
cylindrical roller bearing NN3010TN/SPW33,9918136165-00,2205046870-00,4691335210-00
NN 3010 TN SPW33 roller bearing,9918136165-00,2205046870-00,4691335210-00
NU 213 ECP/C2 cylindrical roller bearing,7079399658-00,7359971500-00,2170650291-00
cylindrical roller bearing type NU 213 ECP C2,7079399658-00,7359971500-00,2170650291-00
NU213ECP/C2 bearing,7079399658-00,7359971500-00,2170650291-00
NU 203 ECP cylindrical roller bearing,6921602240-00,6460736646-00,2739077386-00
cylindrical roller bearing type NU 203 ECP,6921602240-00,6460736646-00,2739077386-00
bearing NU203ECP roller cylindrical,6921602240-00,6460736646-00,2739077386-00
NUP 206 ECP cylindrical roller bearing,4067784318-00,4114944577-00,3413264052-00
cylindrical roller bearing type NUP 206 ECP,4067784318-00,4114944577-00,3413264052-00
roller bearing NUP206ECP,4067784318-00,4114944577-00,3413264052-00
NUP 210 ECP cylindrical roller bearing,9501685511-00,5818801584-00,1455229100-00
cylindrical roller bearing type NUP210ECP,9501685511-00,5818801584-00,1455229100-00
roller bearing NUP-210-ECP,9501685511-00,5818801584-00,1455229100-00
NUP 212 ECP cylindrical roller bearing,1067796670-00,6938115332-00,1484422168-00
cylindrical roller bearing type NUP212ECP,1067796670-00,6938115332-00,1484422168-00
bearing NUP-212-ECP cylindrical roller,1067796670-00,6938115332-00,1484422168-00
NUP 2207 ECP cylindrical roller bearing,5037382791-00,5191985271-00,7966761424-00
cylindrical roller brg NUP2207ECP,5037382791-00,5191985271-00,7966761424-00
roller bearing type NUP 2207/ECP,5037382791-00,5191985271-00,7966761424-00
NUP 305 ECP cylindrical roller bearing,9371809952-00,8216402332-00,3912035463-00
cylindrical roller bearing type NUP305ECP,9371809952-00,8216402332-00,3912035463-00
bearing NUP-305 ECP cylindrical roller,9371809952-00,8216402332-00,3912035463-00
30203 tapered roller bearing,5054442680-00,4196826985-00,8256451220-00
tapered roller bearing size 30203,5054442680-00,4196826985-00,8256451220-00
bearing 30203 tapered roller,5054442680-00,4196826985-00,8256451220-00
30205 J2/Q tapered roller bearing,4317402654-00,5264928016-00,6779624979-00
tapered roller bearing size 30205 J2/Q,4317402654-00,5264928016-00,6779624979-00
bearing 30205J2/Q tapered roller type,4317402654-00,5264928016-00,6779624979-00
30206 tapered roller bearing,3200232652-00,6312418668-00,9941168753-00
roller bearing tapered type 30206,3200232652-00,6312418668-00,9941168753-00
bearing 30206 tapered roller,3200232652-00,6312418668-00,9941168753-00
30213 tapered roller bearing,2890825468-00,9883456014-00,3664767599-00
tapered roller bearing size 30213,2890825468-00,9883456014-00,3664767599-00
bearing 30213 tapered roller type,2890825468-00,9883456014-00,3664767599-00
31305/DF tapered roller bearing,5674192739-00,3806516682-00,2057314738-00
tapered roller bearing type 31305/DF,5674192739-00,3806516682-00,2057314738-00
bearing 31305/DF tapered roller,5674192739-00,3806516682-00,2057314738-00
320/32 X/Q tapered roller bearing,3325422228-00,6543774793-00,8824276530-00
tapered roller bearing size 320/32 X/Q,3325422228-00,6543774793-00,8824276530-00
320/32X/Q taper roller bearing,3325422228-00,6543774793-00,8824276530-00
32004 X/Q tapered roller bearing,1634786010-00,3369966519-00,1804489327-00
tapered roller bearing size 32004 X/Q,1634786010-00,3369966519-00,1804489327-00
32004X/Q bearing tapered type,1634786010-00,3369966519-00,1804489327-00
32005 X/Q tapered roller bearing,1875361036-00,2360514074-00,7911100976-00
tapered roller bearing size 32005X/Q,1875361036-00,2360514074-00,7911100976-00
bearing type 32005 X Q tapered,1875361036-00,2360514074-00,7911100976-00
32006 X/Q tapered roller bearing,6434397493-00,9564807796-00,5496994079-00
tapered roller bearing type 32006 X/Q,6434397493-00,9564807796-00,5496994079-00
bearing 32006X/Q tapered,6434397493-00,9564807796-00,5496994079-00
32007 X/Q tapered roller bearing,7256263291-00,2514996460-00,4694010433-00
tapered bearing 32007X/Q,7256263291-00,2514996460-00,4694010433-00
roller bearing taper type 32007 X Q,7256263291-00,2514996460-00,4694010433-00
32008 X/Q tapered roller bearing,1070027217-00,1791112940-00,9167644979-00
tapered roller bearing type 32008 X/Q,1070027217-00,1791112940-00,9167644979-00
bearing 32008X/Q tapered roller,1070027217-00,1791112940-00,9167644979-00
32009 X/Q tapered roller bearing,6877469816-00,4573564884-00,8143255737-00
tapered roller bearing type 32009 X/Q,6877469816-00,4573564884-00,8143255737-00
bearing 32009X/Q tapered roller,6877469816-00,4573564884-00,8143255737-00
32010 X/Q tapered roller bearing,2599343660-00,8338631077-00,8289664449-00
tapered roller bearing type 32010X/Q,2599343660-00,8338631077-00,8289664449-00
roller bearing 32010X Q tapered,2599343660-00,8338631077-00,8289664449-00
32012 X tapered roller bearing,7659070552-00,4647839108-00,7911100976-00
tapered roller bearing size 32012X,7659070552-00,4647839108-00,7911100976-00
bearing 32012-X tapered roller type,7659070552-00,4647839108-00,7911100976-00
32014 X/Q tapered roller bearing,6354617632-00,7371808107-00,5960374337-00
tapered roller bearing type 32014 X/Q,6354617632-00,7371808107-00,5960374337-00
roller bearing 32014X/Q tapered,6354617632-00,7371808107-00,5960374337-00
32017 X tapered roller bearing,6344833046-00,3633358682-00,1399047505-00
tapered roller bearing type 32017X,6344833046-00,3633358682-00,1399047505-00
bearing 32017X tapered roller,6344833046-00,3633358682-00,1399047505-00
32020 X/Q tapered roller bearing,3923826893-00,7047336438-00,9044786768-00
tapered roller bearing type 32020 X/Q,3923826893-00,7047336438-00,9044786768-00
32020X/Q bearing tapered roller,3923826893-00,7047336438-00,9044786768-00
32024 X tapered roller bearing,7071447618-00,8881076183-00,6313759283-00
tapered roller bearing size 32024X,7071447618-00,8881076183-00,6313759283-00
bearing 32024X tapered roller,7071447618-00,8881076183-00,6313759283-00
32206 tapered roller bearing,7123932343-00,6780711462-00,9275195001-00
tapered roller bearing size 32206,7123932343-00,6780711462-00,9275195001-00
bearing 32206 tapered type,7123932343-00,6780711462-00,9275195001-00
32928 tapered roller bearing,6080942541-00,4519942501-00,2179472331-00
roller bearing tapered type 32928,6080942541-00,4519942501-00,2179472331-00
bearing 32928 tapered roller,6080942541-00,4519942501-00,2179472331-00
32934 tapered roller bearing,2722844269-00,7351292732-00,7707915166-00
roller bearing tapered type 32934,2722844269-00,7351292732-00,7707915166-00
tapered bearing 32934,2722844269-00,7351292732-00,7707915166-00
33016 tapered roller bearing,5076189624-00,3104080093-00,3152553412-00
roller bearing tapered type 33016,5076189624-00,3104080093-00,3152553412-00
bearing 33016 tapered roller,5076189624-00,3104080093-00,3152553412-00
33020 tapered roller bearing,5945613579-00,8584132113-00,5659214768-00
tapered roller bearing size 33020,5945613579-00,8584132113-00,5659214768-00
bearing 33020 tapered type,5945613579-00,8584132113-00,5659214768-00
tapered roller bearing model 33108,7458208800-00,5221213735-00,7541138863-00
33108 tapered roller bearing,7458208800-00,5221213735-00,7541138863-00
roller bearing tapered type 33108,7458208800-00,5221213735-00,7541138863-00
crossed roller bearing rb 10020 dxl,2170650291-00,2799522499-00,4892118737-00
dxl rb10020 crossed roller bearing,2170650291-00,2799522499-00,4892118737-00
rb 10020 bearing crossed roller dxl,2170650291-00,2799522499-00,4892118737-00
DXL RB 11020 crossed roller bearing,5066546121-00,7142238274-00,9588849110-00
crossed roller bearing model RB 11020 DXL,5066546121-00,7142238274-00,9588849110-00
DXL RB11020 bearing crossed roller type,5066546121-00,7142238274-00,9588849110-00
DXL RB 14016 crossed roller bearing,3413264052-00,2330627626-00,1399047505-00
crossed roller bearing model RB 14016 from DXL,3413264052-00,2330627626-00,1399047505-00
DXL RB14016 bearing crossed roller type,3413264052-00,2330627626-00,1399047505-00
DXL RB 40035 crossed roller bearing,2401035377-00,9072517807-00,4200127880-00
crossed roller bearing model RB 40035 DXL,2401035377-00,9072517807-00,4200127880-00
RB 40035 DXL crossed roller bearing unit,2401035377-00,9072517807-00,4200127880-00
DXL SX 01 1828 crossed roller bearing,4321444789-00,9669699196-00,6741886649-00
crossed roller bearing model SX 01 1828 by DXL,4321444789-00,9669699196-00,6741886649-00
DXL bearing SX 01 1828 crossed roller type,4321444789-00,9669699196-00,6741886649-00
single row needle roller bearing bk 3520,4867102292-00,4554747324-00,1323236359-00
BK 3520 needle roller bearing single row,4867102292-00,4554747324-00,1323236359-00
needle roller bearing BK3520 single row type,4867102292-00,4554747324-00,1323236359-00
needle roller bearing single row HK 0509,5660497797-00,7946949392-00,4386762078-00
HK 0509 needle roller bearing single row type,5660497797-00,7946949392-00,4386762078-00
single row needle roller bearing HK0509 model,5660497797-00,7946949392-00,4386762078-00
needle roller bearing hk 0608 single row,4302709327-00,3252594469-00,5674192739-00
hk0608 single row needle roller bearing,4302709327-00,3252594469-00,5674192739-00
single row hk 0608 needle roller bearing,4302709327-00,3252594469-00,5674192739-00
needle roller bearing single row HK 0609,2167417774-00,4976501797-00,9941168753-00
HK 0609 single row needle roller bearing,2167417774-00,4976501797-00,9941168753-00
single row HK 0609 needle roller bearing component,2167417774-00,4976501797-00,9941168753-00
needle roller bearing single row HK 0812.2RS,7501846298-00,5858046109-00,5823862226-00
HK 0812.2RS needle roller bearing 1 row,7501846298-00,5858046109-00,5823862226-00
single row HK 0812.2RS needle roller bearing 2RS,7501846298-00,5858046109-00,5823862226-00
needle roller bearing HK1010A single row,1269372122-00,6062338830-00,7489900871-00
HK 1010A single row needle roller bearing,1269372122-00,6062338830-00,7489900871-00
single row HK1010A needle roller bearing,1269372122-00,6062338830-00,7489900871-00
needle roller bearing hk 1012 single row,5794953922-00,5419770835-00,6654178420-00
hk 1012 single row needle roller bearing,5794953922-00,5419770835-00,6654178420-00
single row hk1012 needle roller bearing,5794953922-00,5419770835-00,6654178420-00
needle roller bearing single row hk 1015,2779967050-00,9189483726-00,9116099346-00
hk 1015 single row needle roller bearing,2779967050-00,9189483726-00,9116099346-00
single row hk1015 needle roller bearing,2779967050-00,9189483726-00,9116099346-00
needle roller bearing hk 1210 single row,7540520705-00,4410734538-00,6970809125-00
single row hk1210 needle roller bearing,7540520705-00,4410734538-00,6970809125-00
hk 1210 needle roller bearing single row type,7540520705-00,4410734538-00,6970809125-00
needle roller bearing hk1212 single row,8576546004-00,8103144553-00,6161653291-00
hk 1212 needle roller bearing single-row type,8576546004-00,8103144553-00,6161653291-00
single row hk1212 needle roller bearing,8576546004-00,8103144553-00,6161653291-00
needle roller bearing single row HK 1212,8576546004-00,5752034351-00,1689776736-00
hk1212 needle roller bearing single row,8576546004-00,5752034351-00,1689776736-00
single row needle roller bearing type HK 1212,8576546004-00,5752034351-00,1689776736-00
single row needle roller bearing HK1216 2RS,2835901561-00,5980354908-00,9588849110-00
needle roller bearing type HK 1216.2RS single row,2835901561-00,5980354908-00,9588849110-00
HK 1216.2RS needle roller bearing single row 2RS seal,2835901561-00,5980354908-00,9588849110-00
single row needle roller bearing HK1412,5735344423-00,1430110093-00,3111837963-00
HK 1412 needle roller bearing single-row,5735344423-00,1430110093-00,3111837963-00
needle roller bearing type HK1412 single row,5735344423-00,1430110093-00,3111837963-00
needle roller bearing HK1614RS single row,5124901454-00,6796505905-00,1454292720-00
HK 1614RS Bearing roller needle single,5124901454-00,6796505905-00,1454292720-00
single row roller bearing needle HK1614RS,5124901454-00,6796505905-00,1454292720-00
needle roller bearing hk1616 single row,9832730678-00,5196167183-00,3892688398-00
single row hk 1616 needle roller bearing,9832730678-00,5196167183-00,3892688398-00
hk 1616 needle roller bearing single row type,9832730678-00,5196167183-00,3892688398-00
needle roller bearing single row HK 1814 RS,3022862719-00,8038770021-00,2578136163-00
HK 1814 RS single row needle roller bearing,3022862719-00,8038770021-00,2578136163-00
single row needle roller bearing HK1814RS,3022862719-00,8038770021-00,2578136163-00
single row needle roller bearing HK 1816,4892118737-00,8468201600-00,3931415237-00
HK 1816 needle roller bearing single row,4892118737-00,8468201600-00,3931415237-00
needle bearing HK 1816 single row type,4892118737-00,8468201600-00,3931415237-00
single row needle roller bearing hk 2012,2739077386-00,8071445697-00,3229941575-00
hk 2012 needle roller bearing single row,2739077386-00,8071445697-00,3229941575-00
needle roller bearing type hk 2012 single row,2739077386-00,8071445697-00,3229941575-00
single row needle roller bearing HK 2020,7417715853-00,2165953442-00,9588849110-00
HK 2020 needle roller bearing single row,7417715853-00,2165953442-00,9588849110-00
needle roller bearing model HK2020 single row,7417715853-00,2165953442-00,9588849110-00
needle roller bearing hk 2020.2rs single row,2964395104-00,4213734940-00,3789444311-00
hk 2020.2rs single row needle roller bearing,2964395104-00,4213734940-00,3789444311-00
single row hk 2020.2rs needle roller bearing,2964395104-00,4213734940-00,3789444311-00
single row needle roller bearing type HK 2220,7489900871-00,7594836231-00,5787199712-00
HK 2220 needle roller bearing single row,7489900871-00,7594836231-00,5787199712-00
needle roller bearing HK2220 single row type,7489900871-00,7594836231-00,5787199712-00
needle roller bearing single row HK 25/20.2RS,8143255737-00,6312418668-00,1500848500-00
HK 25/20.2RS needle roller bearing 1 row,8143255737-00,6312418668-00,1500848500-00
single row needle bearing HK 25/20.2RS type,8143255737-00,6312418668-00,1500848500-00
needle roller bearing HK2518 RS single row,2057314738-00,4527880773-00,7083538772-00
HK 2518 RS single row needle roller bearing,2057314738-00,4527880773-00,7083538772-00
single row HK 2518 RS needle roller bearing,2057314738-00,4527880773-00,7083538772-00
single row needle roller bearing HK 2520.2RS model,9824739935-00,8707135493-00,2758662101-00
"HK 2520.2RS needle roller bearing, single row type",9824739935-00,8707135493-00,2758662101-00
needle roller bearing HK 2520.2RS single row design,9824739935-00,8707135493-00,2758662101-00
needle roller bearing single row HK 3016,6469053003-00,2548456439-00,7707915166-00
single row HK 3016 needle roller bearing,6469053003-00,2548456439-00,7707915166-00
HK 3016 bearing needle roller single row,6469053003-00,2548456439-00,7707915166-00
needle roller bearing single row HK 3026,6588151918-00,5777325392-00,9380813905-00
HK 3026 needle roller bearing single row,6588151918-00,5777325392-00,9380813905-00
single row HK 3026 needle roller bearing,6588151918-00,5777325392-00,9380813905-00
needle roller bearing single row HK 3512,4438679634-00,8096244744-00,7333334677-00
HK 3512 needle roller bearing 1 row,4438679634-00,8096244744-00,7333334677-00
single row HK 3512 needle roller bearing,4438679634-00,8096244744-00,7333334677-00
needle roller bearing single row HK 4020,1818734295-00,4429913408-00,3740504429-00
HK 4020 needle roller bearing single row type,1818734295-00,4429913408-00,3740504429-00
single row HK 4020 needle roller bearing component,1818734295-00,4429913408-00,3740504429-00
ORU RNA 69/32 single row needle roller bearing,6304011625-00,1517496950-00,1070027217-00
needle roller bearing RNA 69/32 ORU single row,6304011625-00,1517496950-00,1070027217-00
single row ORU needle roller bearing model RNA 69/32,6304011625-00,1517496950-00,1070027217-00
Single row needle roller bearing K 5x8x8 TN,6741886649-00,5871470332-00,9854233246-00
needle roller bearing K 5x8x8 TN single row,6741886649-00,5871470332-00,9854233246-00
K 5x8x8 TN needle roller bearing single row,6741886649-00,5871470332-00,9854233246-00
single row needle roller bearing NA 4900 RS,7728063749-00,3379105488-00,6811106407-00
needle roller bearing type NA 4900 RS single row,7728063749-00,3379105488-00,6811106407-00
NA 4900 RS needle roller bearing single row design,7728063749-00,3379105488-00,6811106407-00
single row needle roller bearing model NA 4901.2RS,1399047505-00,1870525316-00,8813172774-00
NA 4901.2RS needle roller bearing single row type,1399047505-00,1870525316-00,8813172774-00
needle roller bearing NA4901.2RS single row unit,1399047505-00,1870525316-00,8813172774-00
single row needle roller bearing model NA 4901.2RS,1399047505-00,3917547196-00,8979284849-00
NA 4901.2RS needle roller bearing single row type,1399047505-00,3917547196-00,8979284849-00
needle roller bearing NA 4901.2RS single row design,1399047505-00,3917547196-00,8979284849-00
single row needle roller bearing NA 4902,9551318466-00,1913125651-00,2928643503-00
NA 4902 needle roller bearing single row,9551318466-00,1913125651-00,2928643503-00
bearing NA 4902 needle roller single row type,9551318466-00,1913125651-00,2928643503-00
needle roller bearing single row NA 4903,3195565534-00,1132975697-00,8376341210-00
NA4903 single row needle roller bearing,3195565534-00,1132975697-00,8376341210-00
single row bearing NA-4903 needle roller,3195565534-00,1132975697-00,8376341210-00
needle roller bearing single row NA 4904,1634454981-00,4974013062-00,6161653291-00
NA 4904 needle roller single row bearing,1634454981-00,4974013062-00,6161653291-00
single row needle roller bearing NA4904 type,1634454981-00,4974013062-00,6161653291-00
single row needle roller bearing NA 4905.2RS,4552388370-00,5396269374-00,7911100976-00
NA 4905.2RS needle roller bearing single row type,4552388370-00,5396269374-00,7911100976-00
needle roller bearing NA4905.2RS single row design,4552388370-00,5396269374-00,7911100976-00
single row needle roller bearing NA 4906,2683054798-00,1766918733-00,1872210053-00
NA 4906 needle roller bearing single row,2683054798-00,1766918733-00,1872210053-00
needle roller bearing model NA 4906 single row,2683054798-00,1766918733-00,1872210053-00
needle roller bearing single row NA 4907 RS,2533557946-00,2506823247-00,9510775158-00
NA 4907 RS single row needle roller bearing,2533557946-00,2506823247-00,9510775158-00
single row NA4907RS needle roller bearing,2533557946-00,2506823247-00,9510775158-00
single row needle roller bearing NA 4909,6069903182-00,4613363443-00,5076189624-00
NA4909 needle roller bearing single row,6069903182-00,4613363443-00,5076189624-00
needle roller bearing model NA 4909 single row,6069903182-00,4613363443-00,5076189624-00
single row needle roller bearing NA 4919,8151190862-00,3119784394-00,8979284849-00
NA 4919 needle roller bearing single row,8151190862-00,3119784394-00,8979284849-00
needle roller bearing type NA 4919 single row,8151190862-00,3119784394-00,8979284849-00
single row needle roller bearing model NA 6904,2045686967-00,1360735004-00,3301044811-00
NA 6904 needle roller bearing single row,2045686967-00,1360735004-00,3301044811-00
needle roller bearing NA 6904 single row type,2045686967-00,1360735004-00,3301044811-00
needle roller bearing single row NA 6908,5605446752-00,8943879072-00,6480966456-00
NA 6908 single row needle roller bearing,5605446752-00,8943879072-00,6480966456-00
single row NA6908 needle roller bearing component,5605446752-00,8943879072-00,6480966456-00
needle roller bearing single row NA 6911,3628132510-00,6088982169-00,3875557124-00
NA 6911 needle roller bearing single row type,3628132510-00,6088982169-00,3875557124-00
single row NA-6911 needle roller bearing part,3628132510-00,6088982169-00,3875557124-00
needle roller bearing single row NK 10/12 TN,3539538119-00,5352356648-00,7391952106-00
NK 10/12 TN needle roller bearing single row,3539538119-00,5352356648-00,7391952106-00
single row NK 10/12 TN needle roller bearing,3539538119-00,5352356648-00,7391952106-00
needle roller bearing NK 12/12 single row,7333334677-00,9857994711-00,9551318466-00
NK 12/12 single row needle roller bearing,7333334677-00,9857994711-00,9551318466-00
single row NK 12/12 needle roller bearing,7333334677-00,9857994711-00,9551318466-00
single row needle roller bearing NK 12/16,2928643503-00,1570275778-00,3325422228-00
NK 12/16 needle roller bearing single row,2928643503-00,1570275778-00,3325422228-00
needle roller bearing type NK 12/16 single row,2928643503-00,1570275778-00,3325422228-00
needle roller bearing single row NK15/20,2331944648-00,9764565846-00,6716692769-00
NK 15/20 single row needle roller bearing,2331944648-00,9764565846-00,6716692769-00
single row NK15/20 needle roller type bearing,2331944648-00,9764565846-00,6716692769-00
single row needle roller bearing NK 20/20,2720683655-00,7573814967-00,8204973030-00
NK 20/20 needle roller bearing single row,2720683655-00,7573814967-00,8204973030-00
needle roller bearing NK20/20 single row type,2720683655-00,7573814967-00,8204973030-00
needle roller bearing NK 22/16 single row,4727133865-00,6460736646-00,8320851783-00
single row NK 22/16 needle roller bearing,4727133865-00,6460736646-00,8320851783-00
"NK 22/16 needle roller bearing, single row type",4727133865-00,6460736646-00,8320851783-00
needle roller bearing NK 32/20 TN single row,1323236359-00,1871542232-00,3878276711-00
single row NK 32/20 TN needle roller bearing,1323236359-00,1871542232-00,3878276711-00
NK 32/20 TN needle roller bearing single row type,1323236359-00,1871542232-00,3878276711-00
single row needle roller bearing nk 37/20 size,9026041071-00,8135097001-00,2733673304-00
nk 37/20 needle roller bearing single row type,9026041071-00,8135097001-00,2733673304-00
needle roller bearing NK37/20 single row model,9026041071-00,8135097001-00,2733673304-00
needle roller bearing single row NK 40/20 TN,6438980949-00,1644223822-00,8059254291-00
NK 40/20 TN needle roller bearing 1 row,6438980949-00,1644223822-00,8059254291-00
single row NK 40/20 TN needle roller bearing type,6438980949-00,1644223822-00,8059254291-00
needle roller bearing NK42/20 single row,5185231715-00,5645656566-00,6921602240-00
single row NK 42/20 needle roller bearing,5185231715-00,5645656566-00,6921602240-00
NK 42/20 needle roller bearing single row type,5185231715-00,5645656566-00,6921602240-00
needle roller bearing single row NK 42/30,7707915166-00,6354125661-00,1785647874-00
NK 42/30 single row needle roller bearing,7707915166-00,6354125661-00,1785647874-00
single row bearing NK 42/30 needle roller,7707915166-00,6354125661-00,1785647874-00
needle roller bearing single row NK 45/30 TN,8189288329-00,6345654229-00,1689776736-00
NK 45/30 TN single row needle roller bearing,8189288329-00,6345654229-00,1689776736-00
single row needle roller bearing NK 45 30 TN,8189288329-00,6345654229-00,1689776736-00
needle roller bearing NK 5/12 TN single row,7056352833-00,1430110093-00,9151720152-00
NK 5/12 TN needle roller single row bearing,7056352833-00,1430110093-00,9151720152-00
single row NK 5/12 TN needle roller bearing,7056352833-00,1430110093-00,9151720152-00
single row needle roller bearing NK 50/25,1689776736-00,7643815862-00,7458208800-00
NK 50/25 needle roller bearing single row,1689776736-00,7643815862-00,7458208800-00
needle roller bearing NK 50 slash 25 single row,1689776736-00,7643815862-00,7458208800-00
needle roller bearing nk 55/35 single row,5225495328-00,5511269683-00,7567206630-00
single row nk 55/35 needle roller bearing,5225495328-00,5511269683-00,7567206630-00
nk 55/35 needle bearing single row type,5225495328-00,5511269683-00,7567206630-00
needle roller bearing NK 6/12 TN single row,8112582292-00,5652404820-00,5561728555-00
single row NK 6/12 TN needle roller bearing,8112582292-00,5652404820-00,5561728555-00
NK 6/12 TN needle roller bearing single row type,8112582292-00,5652404820-00,5561728555-00
single row needle roller bearing NK 7/12 TN specification,8620546313-00,1316045560-00,3022862719-00
NK 7/12 TN needle roller bearing 1 row,8620546313-00,1316045560-00,3022862719-00
needle roller bearing type NK 7/12 TN single row,8620546313-00,1316045560-00,3022862719-00
needle roller bearing single row NK19/20,1964769773-00,4734377813-00,9006239418-00
NK19/20 single row needle roller bearing,1964769773-00,4734377813-00,9006239418-00
single row needle bearing type NK19/20,1964769773-00,4734377813-00,9006239418-00
needle roller bearing single row NKI 10/20,9515153013-00,7453588100-00,6811106407-00
NKI 10/20 single-row needle roller bearing,9515153013-00,7453588100-00,6811106407-00
single row NKI 10/20 needle roller bearing,9515153013-00,7453588100-00,6811106407-00
needle roller bearing single row NKI 100/30,5276410858-00,7611904021-00,8020240760-00
NKI 100/30 single row needle roller bearing,5276410858-00,7611904021-00,8020240760-00
single row NKI 100/30 needle roller bearing component,5276410858-00,7611904021-00,8020240760-00
needle roller bearing single row NKI 12/20,6621224456-00,9608119877-00,4704551666-00
NKI 12/20 single row needle roller bearing,6621224456-00,9608119877-00,4704551666-00
single row NKI 12/20 needle roller bearing component,6621224456-00,9608119877-00,4704551666-00
needle roller bearing NKI 20/16 single row,9741033403-00,7864138034-00,2859125868-00
single row NKI 20/16 needle roller bearing,9741033403-00,7864138034-00,2859125868-00
NKI 20/16 needle bearing single row type,9741033403-00,7864138034-00,2859125868-00
needle roller bearing NKI 20/20 single row,9612996235-00,6169214528-00,1258316254-00
NKI 20/20 single row needle roller bearing,9612996235-00,6169214528-00,1258316254-00
single row NKI 20/20 needle roller bearing,9612996235-00,6169214528-00,1258316254-00
needle roller bearing single row NKI 25/20 TN,9266148795-00,6258151250-00,5331200037-00
NKI 25/20 TN needle roller bearing single row,9266148795-00,6258151250-00,5331200037-00
single row NKI 25/20 TN needle roller bearing,9266148795-00,6258151250-00,5331200037-00
needle roller bearing NKI 35/20 TN single row,4481338477-00,2340376361-00,1818734295-00
single row NKI 35/20 TN needle roller bearing,4481338477-00,2340376361-00,1818734295-00
NKI 35/20 TN needle roller bearing single row type,4481338477-00,2340376361-00,1818734295-00
needle roller bearing single row NKI 70/25,4732482395-00,1318185697-00,4417015971-00
NKI 70/25 single row needle roller bearing,4732482395-00,1318185697-00,4417015971-00
single row NKI 70/25 needle roller bearing,4732482395-00,1318185697-00,4417015971-00
single row needle roller bearing NKIS 45,8813172774-00,6085123772-00,3878276711-00
NKIS45 needle roller bearing single row,8813172774-00,6085123772-00,3878276711-00
needle roller bearing type NKIS 45 single row,8813172774-00,6085123772-00,3878276711-00
needle roller bearing RNA 49/28 single row,1484422168-00,7124833478-00,7028139230-00
RNA 49/28 needle roller bearing one row,1484422168-00,7124833478-00,7028139230-00
single row RNA 49/28 needle roller bearing,1484422168-00,7124833478-00,7028139230-00
single row needle roller bearing RNA49/32,8365455653-00,2577201529-00,7707915166-00
RNA 49/32 needle roller bearing single row,8365455653-00,2577201529-00,7707915166-00
needle roller bearing RNA49 / 32 single row type,8365455653-00,2577201529-00,7707915166-00
needle roller bearing RNA 4902 single row,1625768085-00,8924810199-00,1303415976-00
"RNA 4902 needle roller bearing, single row type",1625768085-00,8924810199-00,1303415976-00
single row RNA 4902 needle roller bearing,1625768085-00,8924810199-00,1303415976-00
needle roller bearing single row RNA4905,7541138863-00,8796805651-00,2506733412-00
RNA 4905 single row needle roller bearing,7541138863-00,8796805651-00,2506733412-00
single row RNA4905 needle roller bearing component,7541138863-00,8796805651-00,2506733412-00
needle roller bearing type RNA 4906 single row,3152553412-00,7124833478-00,4966456272-00
RNA 4906 single row needle roller bearing,3152553412-00,7124833478-00,4966456272-00
single row needle bearing RNA4906 roller type,3152553412-00,7124833478-00,4966456272-00
needle roller bearing RNA 4906.2RS single row,5934919929-00,1681278189-00,5561728555-00
RNA 4906.2RS single row needle roller bearing,5934919929-00,1681278189-00,5561728555-00
single row RNA 4906.2RS needle roller bearing,5934919929-00,1681278189-00,5561728555-00
single row RNA 4908 needle roller bearing,9111163930-00,6643459127-00,6469053003-00
RNA 4908 needle roller bearing single row,9111163930-00,6643459127-00,6469053003-00
needle roller bearing model RNA 4908 single row,9111163930-00,6643459127-00,6469053003-00
needle roller bearing RNA 4909 single row,4021551247-00,6193108154-00,4727133865-00
RNA 4909 single row needle roller bearing,4021551247-00,6193108154-00,4727133865-00
single row RNA 4909 needle roller bearing type,4021551247-00,6193108154-00,4727133865-00
needle roller bearing RNA 4910 single row,7359180004-00,3302201450-00,1964769773-00
RNA 4910 single row needle roller bearing,7359180004-00,3302201450-00,1964769773-00
single row RNA 4910 needle roller bearing,7359180004-00,3302201450-00,1964769773-00
needle roller bearing RNA 4914 single row,1785647874-00,1046625092-00,9101084712-00
RNA 4914 single row needle roller bearing,1785647874-00,1046625092-00,9101084712-00
single row RNA 4914 needle roller bearing component,1785647874-00,1046625092-00,9101084712-00
needle roller bearing RNA 4916 single row,3111837963-00,1920921560-00,4243875482-00
RNA 4916 single row needle roller bearing,3111837963-00,1920921560-00,4243875482-00
single row RNA 4916 needle roller bearing,3111837963-00,1920921560-00,4243875482-00
needle roller bearing single row RNA 6903,2756427079-00,1536843318-00,1126995875-00
RNA 6903 single row needle roller bearing,2756427079-00,1536843318-00,1126995875-00
single row RNA 6903 needle roller bearing,2756427079-00,1536843318-00,1126995875-00
needle roller bearing RNA 6910 single row,8824276530-00,3112439740-00,3111837963-00
RNA 6910 single row needle roller bearing,8824276530-00,3112439740-00,3111837963-00
single row RNA 6910 needle roller bearing,8824276530-00,3112439740-00,3111837963-00
needle roller bearing RNA 6913 single row,4243875482-00,1703128847-00,2401035377-00
RNA 6913 single row needle roller bearing,4243875482-00,1703128847-00,2401035377-00
single row RNA 6913 needle roller bearing,4243875482-00,1703128847-00,2401035377-00
Velmor slim bearing model LSA8-14,4834866204-00,4573564884-00,8988363787-00
LSA8-14 slim bearing by VELMOR,4834866204-00,4573564884-00,8988363787-00
VELMOR LSA8-14 bearing slim type,4834866204-00,4573564884-00,8988363787-00
Velmor slim bearing model LSA8-17,1303415976-00,2819858087-00,6811106407-00
LSA8-17 slim bearing by VELMOR,1303415976-00,2819858087-00,6811106407-00
VELMOR LSA8-17 slim type bearing,1303415976-00,2819858087-00,6811106407-00
linear ball bearing ORU KBO2045PP,7225268837-00,9526753360-00,6749247184-00
ORU KBO 2045 PP linear bearing ball,7225268837-00,9526753360-00,6749247184-00
KBO 2045 PP linear ball bearing ORU,7225268837-00,9526753360-00,6749247184-00
linear ball bearing KBS40-PP ORU,7118497327-00,9090531392-00,5787199712-00
ORU KBS40-PP linear ball bearing,7118497327-00,9090531392-00,5787199712-00
KBS40-PP ORU linear bearing ball type,7118497327-00,9090531392-00,5787199712-00
linear ball bearing oru kn 2045 pp,4676557703-00,2179250203-00,2045686967-00
oru kn 2045 pp linear bearing ball type,4676557703-00,2179250203-00,2045686967-00
kn 2045 pp linear ball bearing oru series,4676557703-00,2179250203-00,2045686967-00
linear ball bearing ORU KN2558PP,6119360463-00,8277383510-00,2179472331-00
ORU KN 2558 PP linear ball bearing,6119360463-00,8277383510-00,2179472331-00
linear bearing KN2558PP by ORU,6119360463-00,8277383510-00,2179472331-00
linear ball bearing KH14-PPN,6086560983-00,6940014199-00,9827472106-00
KH14-PPN linear ball bearing,6086560983-00,6940014199-00,9827472106-00
ball bearing linear type KH14-PPN,6086560983-00,6940014199-00,9827472106-00
LORVEN SJ25C stainless steel bearing A2,2807690610-00,8924810199-00,9266148795-00
SJ25C bearing steel stainless LORVEN A2,2807690610-00,8924810199-00,9266148795-00
stainless steel bearing SJ25C A2 LORVEN,2807690610-00,8924810199-00,9266148795-00
BEARING SJ25E LORVEN stainless steel,9228068111-00,5988207918-00,3056222605-00
LORVEN SJ25E bearing made of stainless steel,9228068111-00,5988207918-00,3056222605-00
stainless steel bearing model SJ25E by LORVEN,9228068111-00,5988207918-00,3056222605-00
bearing type jas 18 rs 18,2297062745-00,2952509661-00,3878276711-00
jas 18 rs 18 bearing,2297062745-00,2952509661-00,3878276711-00
JAS18RS18 bearing type,2297062745-00,2952509661-00,3878276711-00
bearing DR-30-B3-10.5 Kosami,4389349426-00,3067769121-00,7333334677-00
Kosami DR-30-B3-10.5 bearing,4389349426-00,3067769121-00,7333334677-00
DR-30-B3-10.5 bearing from Kosami,4389349426-00,3067769121-00,7333334677-00
wheel con supporto fissaggio pesanti q+p50,7150466486-00,6341704425-00,2962086114-00
supporto ruota fissaggio pesante q p50,7150466486-00,6341704425-00,2962086114-00
q+p50 fissaggio supporto ruota pesante,7150466486-00,6341704425-00,2962086114-00
wheel con supp. girev pesanti q+p50,6419553753-00,3789444311-00,2633402017-00
q+p50 heavy duty wheel con supp girevol,6419553753-00,3789444311-00,2633402017-00
girevole con supporto ruota pesante q+p50,6419553753-00,3789444311-00,2633402017-00
ruota girevole diametro 100 senza freno,1052468184-00,2674961440-00,2962086114-00
wheel swivel d100 no brake,1052468184-00,2674961440-00,2962086114-00
d100 swivel caster wheel without brake,1052468184-00,2674961440-00,2962086114-00
wheel vro beta d125 art 12012,7296303178-00,7861699713-00,5752034351-00
beta wheel vro art.12012 diameter 125,7296303178-00,7861699713-00,5752034351-00
art12012 beta wheel vro 125mm,7296303178-00,7861699713-00,5752034351-00
wheel vro beta d160 art.12026,4846801812-00,9941288707-00,3139039835-00
beta wheel vro diameter 160 art 12026,4846801812-00,9941288707-00,3139039835-00
art12026 wheel vro beta size d160,4846801812-00,9941288707-00,3139039835-00
wheel vro delta art 13058 diameter 100,6327543700-00,8685260185-00,6057518909-00
delta wheel vro art.13058 d=100,6327543700-00,8685260185-00,6057518909-00
art 13058 wheel vro delta size 100mm,6327543700-00,8685260185-00,6057518909-00
wheel vro M320 diameter 60,7363194374-00,5675130171-00,7126761567-00
M320 wheel vro D60,7363194374-00,5675130171-00,7126761567-00
vro wheel M320 d60 size 60,7363194374-00,5675130171-00,7126761567-00
wheel vro M420 front right D60,7220467591-00,8856387870-00,1052468184-00
M420 wheel vro front right diameter 60,7220467591-00,8856387870-00,1052468184-00
wheel vro M420 FR D60 size 60,7220467591-00,8856387870-00,1052468184-00
wheel vro M520 diameter 60,6416879197-00,9117551575-00,6327543700-00
M520 wheel vro D60,6416879197-00,9117551575-00,6327543700-00
vro wheel M520 D 60 size,6416879197-00,9117551575-00,6327543700-00
wheel vro M620 with diameter 60,2633402017-00,9151720152-00,7126761567-00
M620 wheel vro D60 part,2633402017-00,9151720152-00,7126761567-00
wheel vro model M620 d 60 size,2633402017-00,9151720152-00,7126761567-00
wheel vro q p60 art 1061 diameter 130,3824865055-00,2964395104-00,6057518909-00
vro wheel Q + P60 art no 1061 size d130,3824865055-00,2964395104-00,6057518909-00
art 1061 wheel vro Q p60 d130,3824865055-00,2964395104-00,6057518909-00
wheel vro Q P60 diameter 130,6057518909-00,7767416194-00,7126761567-00
Q wheel vro P60 D130,6057518909-00,7767416194-00,7126761567-00
wheel vro Q + P60 d130 mm,6057518909-00,7767416194-00,7126761567-00
wheel vro quick disconnect art 1003cc d150,4157467111-00,1517496950-00,2633402017-00
d150 wheel vro qd art.1003cc,4157467111-00,1517496950-00,2633402017-00
art1003cc wheel vro qd d150,4157467111-00,1517496950-00,2633402017-00
wheel vro zeta e70 fv art 7305 diameter 100,9029186452-00,6354125661-00,3824865055-00
D100 wheel vro for ZETA E70 FV model art 7305,9029186452-00,6354125661-00,3824865055-00
art 7305 wheel vro ZETA + E70 + FV size 100,9029186452-00,6354125661-00,3824865055-00
wheel vro zeta e70 d100 art 7305,8059232524-00,8981416541-00,3702814928-00
zeta wheel vro d100 e70 art 7305,8059232524-00,8981416541-00,3702814928-00
art 7305 wheel vro zeta e70 diameter 100,8059232524-00,8981416541-00,3702814928-00
wheel vro zeta e70 art 7355 diameter 100,4545019368-00,4568894138-00,5752034351-00
zeta wheel vro D100 e70 art 7355,4545019368-00,4568894138-00,5752034351-00
art 7355 e70 zeta wheel vro d100,4545019368-00,4568894138-00,5752034351-00
wheel vro zeta e70 art 7405 diameter 82,5752034351-00,4536902446-00,6419553753-00
zeta wheel vro e70 art.7405 d82,5752034351-00,4536902446-00,6419553753-00
art 7405 wheel vro zeta e70 d82,5752034351-00,4536902446-00,6419553753-00
wheel vro zeta m20 fr d100 art 23105,7126761567-00,8298096627-00,4545019368-00
d100 wheel vro zeta with m20 fr art 23105,7126761567-00,8298096627-00,4545019368-00
zeta wheel vro fr m20 d100 art 23105,7126761567-00,8298096627-00,4545019368-00
wheel vro zeta M22 FR art 24001 D80,3702814928-00,5986859531-00,7126761567-00
wheel vro zeta + M22 + FR art. 24001 diameter 80,3702814928-00,5986859531-00,7126761567-00
WHEEL VRO ZETA M22 FR ART 24001 size D80,3702814928-00,5986859531-00,7126761567-00
wheel vro zeta m22 art 24001 diameter 80,6485532333-00,2078359379-00,2633402017-00
zeta wheel vro M22 art.24001 d80,6485532333-00,2078359379-00,2633402017-00
art 24001 wheel vro zeta M22 size 80,6485532333-00,2078359379-00,2633402017-00
wheel vro zeta M22 art 24005 diameter 100,2962086114-00,2556292981-00,7150466486-00
zeta wheel vro D100 M22 art no 24005,2962086114-00,2556292981-00,7150466486-00
art.24005 wheel vro zeta M22 d=100,2962086114-00,2556292981-00,7150466486-00
wheel vro zeta M22 art 24101 diameter 80,1388817573-00,4647839108-00,4846801812-00
zeta wheel vro M22 size D80 art number 24101,1388817573-00,4647839108-00,4846801812-00
art.24101 wheel vro Zeta M22 with 80mm diameter,1388817573-00,4647839108-00,4846801812-00
wheel vro zeta m22 art 24105 diameter 100,3139039835-00,4921777111-00,1052468184-00
zeta wheel vro M22 art.24105 d100,3139039835-00,4921777111-00,1052468184-00
art 24105 wheel vro zeta M22 size 100,3139039835-00,4921777111-00,1052468184-00
wheel vro zeta m22 d150 art 24116,4976501797-00,1680230506-00,7150466486-00
zeta wheel vro D150 M22 art no 24116,4976501797-00,1680230506-00,7150466486-00
art24116 wheel vro zeta M22 diameter 150,4976501797-00,1680230506-00,7150466486-00
wheel vro zeta plus p60 art 23853 diameter 100,6692181667-00,2913148877-00,1052468184-00
d100 wheel vro zeta p60 art. 23853,6692181667-00,2913148877-00,1052468184-00
zeta wheel vro p60 art23853 size 100 mm,6692181667-00,2913148877-00,1052468184-00
