id,short_ita,short_eng,long_ita,long_eng
4843133118-01,VARIANTI MACCHINA V. 260/440 HZ 50,MACHINE VARIANT 260-440V/50Hz,VARIANTE MACCHINA - 260-440V/50Hz,
8785788150-01,VARIANTI MACCHINA V.220/380 HZ 50,MACHINE VARIANT 220-380V/50Hz,VARIANTE MACCHINA - 220-380V/50Hz,
3394394250-01,VARIANTI MACHHINA V. 220/380 HZ50/6,MACHINE VARIANT 220-380V/50-60Hz,VARIANTE MACCHINA - 220-380V/50-60Hz,
4082202137-01,VARIANTI TESTA V. 220 HZ 50,HEAD VARIANT 220V/50Hz,VARIANTE TESTA - 220V/50Hz,
1590923745-01,VARIANTI TESTA V 380 HZ 50,HEAD VARIANT 380V/50Hz,VARIANTE TESTA - 380V/50Hz,
2704978447-01,VARIANTI TESTA V 440 HZ 50,HEAD VARIANT 440V/50Hz,VARIANTE TESTA - 440V/50Hz,
9389403337-01,VARIANTI TESTA V. 220 HZ 50-60,HEAD VARIANT 220V/50-60Hz,VARIANTE TESTA - 220V/50-60Hz,
9427414546-01,SOTTOGRUPPO DOTAZIONE -PER DITTA EB,"""FILOZOB"" EQUIPMENT","DOTAZIONE ""FILOZOB""",
2668682177-01,VARIANTI IMP. EL.V.220/50-PER MACCH,ELECTRIC SYSTEM VARIANT 220V/50Hz,VARIANTE IMPIANTO ELETTRICO - 220V/50Hz,
6119958021-01,VARIANTI IMP. EL.V.380/50-PER MACCH,ELECTRIC SYSTEM VARIANT 380V/50Hz,VARIANTE IMPIANTO ELETTRICO - 380V/50Hz,
0575298164-01,SUPPL.CAR.FURUGALUVE PER TONDI,ROUND TUBE LOADER SUPPLEM. 220-380V/50Hz,SUPPLEMENTO CARICATORE TUBI TONDI FURUGALUVE - 220-380V/50Hz,
3321919387-01,SEGATRICE B100 V.380/50,B100 SAWING MACHINE 380V/50Hz,SEGATRICE B100 - 380V/50Hz,
9591807366-01,SOTTOGRUPPO MACCHINA 4200 CON TESTA,"MACHINE SUBGROUP L=4,2m WITH “I/L” HEAD","SOTTOGRUPPO MACCHINA CON TESTA ""I""/""L"" L=4,2m",
2536674322-01,SOTTOGRUPPO MACCHINA 5200 CON TESTA,"MACHINE SUBGROUP L=5,2m WITH “I/L” HEAD","SOTTOGRUPPO MACCHINA CON TESTA ""I""/""L"" L=5,2m",
2884242741-01,VARIANTE MACCHINA BASE IN MILLIMETR,BASIC MACHINE VARIANT IN MILLIMETERS,VARIANTE MACCHINA BASE IN MILLIMETRI,
7252212429-01,VARIANTE MACCHINA BASE IN POLLICI,BASIC MACHINE VARIANT IN INCHES,VARIANTE MACCHINA BASE IN POLLICI,
5093583358-01,VARIANTE MACCHINA DA 5200 IN MILLIM,"MACHINE VARIANT IN MILLIMETERS L=5,2m","VARIANTE MACCHINA IN MILLIMETRI L=5,2m",
8545123402-01,VARIANTE MACCHINA DA 5200 IN POLLIC,"MACHINE VARIANT IN INCHES L=5,2m","VARIANTE MACCHINA IN POLLICI L=5,2m",
2957919614-01,PROTEZIONI MOTORE TESTA L V.220/50,"""L"" HEAD MOTOR PROTECTION 220V/50Hz","PROTEZIONE MOTORE TESTA ""L"" - 220V/50Hz",
8052687832-01,PROTEZIONI MOTORE TESTA L V.380/50,"""L"" HEAD MOTOR PROTECTION 380V/50Hz","PROTEZIONE MOTORE TESTA ""L"" - 380V/50Hz",
2469411234-01,PROTEZIONI MOTORE TESTA L V.440/50,"""L"" HEAD MOTOR PROTECTION 440V/50Hz","PROTEZIONE MOTORE TESTA ""L"" - 440V/50Hz",
0732644848-01,PROTEZIONE MOTORE TESTA L V.200/50,"""L"" HEAD MOTOR PROTECTION 220V/50-60Hz","PROTEZIONE MOTORE TESTA ""L"" - 220V/50-60Hz",
0353902148-01,PROTEZIONI MOTORE TESTA TIPO I ACCI,"""I-STEEL/AL."" HEAD MOT. PROT. 220V/50Hz","PROTEZIONE MOTORE TESTA ""I"" - ACCIAIO-ALLUMINIO 220V/50Hz",
4524570600-01,PROTEZIONI MOTORE TESTA I ACCIAIO A,"""I-STEEL/AL."" HEAD MOT. PROT. 380V/50Hz","PROTEZIONE MOTORE TESTA ""I"" - ACCIAIO-ALLUMINIO 380V/50Hz",
7402931802-01,PROTEZIONI MOTORE TESTA I ACCIAIO,"""I-STEEL"" HEAD MOTOR PROTECT. 220V/50Hz","PROTEZIONE MOTORE TESTA ""I"" - ACCIAIO 220V/50Hz",
1093708452-01,VARIANTI TESTA L A V.220/50,"""L"" HEAD VARIANT 220V/50Hz","VARIANTE TESTA ""L"" - 220V/50Hz",
0565989181-01,VARIANTI TESTA L DESTRA V.380/50,RIGHT “L” HEAD VARIANT 380V/50Hz,"VARIANTE TESTA ""L"" DESTRA - 380V/50Hz",
6450900035-01,VARIANTI TESTA L DESTRA V.440/50,RIGHT “L” HEAD VARIANT 440V/50Hz,"VARIANTE TESTA ""L"" DESTRA - 440V/50Hz",
5288329838-01,VARIANTI TESTA L DESTRA V. 220/50-6,RIGHT “L” HEAD VARIANT 220V/50-60Hz,"VARIANTE TESTA ""L"" DESTRA - 220V/50-60Hz",
8828928519-01,VARIANTI TESTA L SINISTRA V.220/5,LEFT “L” HEAD VARIANT 220V/50Hz,"VARIANTE TESTA ""L"" SINISTRA - 220V/50Hz",
5657425388-01,VARIANTI TESTA L SINISTRA V.380/5,LEFT “L” HEAD VARIANT 380V/50Hz,"VARIANTE TESTA ""L"" SINISTRA - 380V/50Hz",
4558244815-01,VARIANTI TESTA L SINISTRA V.440/5,LEFT “L” HEAD VARIANT 440V/50Hz,"VARIANTE TESTA ""L"" SINISTRA - 440V/50Hz",
7582110759-01,VARIANTI TESTA L SINISTRA V. 220/50,LEFT “L” HEAD VARIANT 220V/50-60Hz,"VARIANTE TESTA ""L"" SINISTRA - 220V/50-60Hz",
5157632983-01,VARIANTI TESTA I ACCIAIO DESTRA V,RIGTH “L-STEEL” H. VARIANT 260-440V/50Hz,"VARIANTE TESTA ""I"" ACCIAIO DESTRA - 260-440V/50Hz",
7706281725-01,VARIANTI TESTA I ACCIAIO SINISTRA V,LEFT “L-STEEL” H. VARIANT 260-440V/50Hz,"VARIANTE TESTA ""I"" ACCIAIO SINISTRA - 260-440V/50Hz",
5443246161-01,VARIANTI TESTA L V.260/440 HZ 50,"""L"" HEAD VARIANT 260-440V/50Hz","VARIANTE TESTA ""L"" - 260-440V/50Hz",
1268600506-01,VARIANTI TESTA L V 220/380 HZ 50,"""L"" HEAD VARIANT 220-380V/50Hz","VARIANTE TESTA ""L"" - 220-380V/50Hz",
1220416400-01,VARIANTI TESTA L V 200 HZ 50 - 22,"""L"" HEAD VARIANT 200V/50Hz 220V/60Hz","VARIANTE TESTA ""L"" - 200V/50Hz 220V/60Hz",
5168510433-01,VARIANTI TESTA TIPO L V. 230/460 HZ,"""L"" HEAD VARIANT 230-460V/60Hz","VARIANTE TESTA ""L"" - 230-460V/60Hz",
1027871842-01,VARIANTI TESTA TIPO I V.260/440 H,“I” HEAD VARIANT 260-440V/50Hz,"VARIANTE TESTA ""I"" - 260-440V/50Hz",
9199223919-01,VARIANTI TESTA I V.220/380 200/50 2,“I” HEAD VARIANT 50-60Hz,"VARIANTE TESTA ""I"" - 200-220-380V/50Hz 220-230-460V/60Hz",
2647331422-01,VARIANTI TESTA P V.260/440 HZ 50,"""P"" HEAD VARIANT 260-440V/50Hz","VARIANTE TESTA ""P"" - 260-440V/50Hz",
0485221800-01,VARIANTI TESTA P V.220/380 HZ 50,"""P"" HEAD VARIANT 220-380V/50Hz","VARIANTE TESTA ""P"" - 220-380V/50Hz",
0993919348-01,VARIANTI TESTA P V.200/50 - 220/6,"""P"" HEAD VARIANT 200V/50Hz 220V/60Hz","VARIANTE TESTA ""P"" - 200V/50Hz 220V/60Hz",
5890615675-01,VARIANTI TESTA P V. 230/460 HZ 60,"""P"" HEAD VARIANT 230-460V/60Hz","VARIANTE TESTA ""P"" - 230-460V/60Hz",
4143336340-01,SOTTOGRUPPO MISURATORE - N. 2 GRUP,MEASURER SUBGR. - N°2 GR. FOR MULTI-CUT,SOTTOGRUPPO MISURATORE - N°2 GR. PER TAGLIO MULTIPLO,
5648840083-01,SOTTOGRUPPO ALIMENTAZIONE GRUPPO PA,FEENDING SUBGR. - PRESSER CARRIAGE,SOTTOGRUPPO ALIMENTAZIONE - GR. PATTINO PRESSORE,
2063941513-01,SOTTOGRUPPO POSIZIONAMENTO MATERIAL,MATERIAL POSITIONING SUBGR. NORMAL MACH.,SOTTOGRUPPO POSIZIONAMENTO MATERIALE PER MACCHINA NORMALE,
8173807542-01,SOTTOGRUPPO ALIMENTAZIONE ALLINEATO,FEENDING SUBGR. - ALIGNER FOR MULTI-CUT,SOTTOGRUPPO ALIMENTAZIONE - ALLINEATORE PER TAGLIO MULTIPLO,
6525030153-01,SOTTOGRUPPO SCARICO GRUPPO RISCONTR,UNLOADER SUBGROUP - GR. LOCATOR,SOTTOGRUPPO SCARICO - GR. RISCONTRO,
1937588246-01,SOTTOGRUPPO SCARICO BASE -GRUPPO,UNLOADER SUBGROUP - GR. BRAKING,SOTTOGRUPPO SCARICO BASE - GR. FRENATUA,
3776693327-01,SOTTOGRUPPO RISCONTRO PER TAGLIO CO,LOCATOR SUBGR. X CUT W MINIM. DIFFERENCE,SOTTOGRUPPO RISCONTRO PER TAGLIO CON MINIMA DIFFERENZA,
1079348476-01,VARIANTE SCARICO BASE IN MILLIMETRI,BASIC UNLOADER VARIANT IN MILLIMETTERS,VARIANTE SCARICO BASE IN MILLIMETRI,
1578716886-01,VARIANTE SCARICO DA 3300 IN MILLIME,"UNLOADER L=3,3m VARIANT IN MILLIMETTERS","VARIANTE SCARICO IN MILLIMETRI L=3,3m",
2235397767-01,VARIANTE SCARICO MT. 7 IN MILLIMET,UNLOADER L=7m VARIANT IN MILLIMETTERS,VARIANTE SCARICO IN MILLIMETRI L=7m,
7834910370-01,VARIANTE SCARICO BASE IN POLLICI,BASIC UNLOADER VARIANT IN INCHES,VARIANTE SCARICO BASE IN POLLICI,
1435467120-01,VARIANTE SCARICO DA 3300 IN POLLICI,"UNLOADER L=3,3m VARIANT IN INCHES","VARIANTE SCARICO IN POLLICI L=3,3m",
9395235879-01,VARIANTE SCARICO MT. 7 IN POLLICI,UNLOADER L=7m VARIANT IN INCHES,VARIANTE SCARICO IN POLLICI L=7m,
7959887963-01,PROTEZIONE TESTA L V.220 HZ50,HEAD PROTECTION 220V/50Hz,"PROTEZIONE TESTA ""L"" - 220V/50Hz",
1831025583-01,PROTEZIONI MOTORE TESTA L V.200/50,"""L"" HEAD MOTOR PROTECTION 50-60Hz","PROTEZIONE MOTORE TESTA ""L"" - 200-260V/50Hz 220-230V/60Hz",
8586222841-01,PROTEZIONI MOTORE TESTA I E P V.220,"""I/P"" HEAD MOTOR PROTECTION 220V/50Hz","PROTEZIONE MOTORE TESTA ""I"" E ""P"" - 220V/50Hz",
5006056541-01,PROTEZIONE MOTORE TESTA I E P V,"""I/P"" HEAD MOTOR PROTECTION 380V/50Hz","PROTEZIONE MOTORE TESTA ""I"" E ""P"" - 380V/50Hz",
0526150537-01,PROTEZIONE MOTORE TESTA I V. 460/60,"""I"" HEAD MOTOR PROTECTION 460V/60Hz","PROTEZIONE MOTORE TESTA ""I"" - 460V/60Hz",
8141330662-01,PROTEZIONI TESTA P V.200/50 220/60,"""P"" HEAD MOTOR PROTECTION 50-60Hz","PROTEZIONE MOTORE TESTA ""P"" - 200-260V/50Hz 220-230V/60Hz",
7334194104-01,PROTEZIONI MOTORE TESTA P V.460/60,"""P"" HEAD MOTOR PROTECTION 460V/60Hz","PROTEZIONE MOTORE TESTA ""P"" - 460V/60Hz",
2399726431-01,PROTEZ. MOT. CENTRAL.-CATENE-CINGHI,MOTOR PROTECTION CU-CHAINS-BELTS-PUMP,PROTEZIONE MOTORE CENTRALINA-CATENE-CINGHIE-ELETTROPOMPA 220V/50Hz 230V/60Hz,
1700625267-01,VARIANTI CENTRALINA V.260/440 HZ 50,CONTROL UNIT VARIANT 260-440V/50Hz,VARIANTE CENTRALINA - 260-440V/50Hz,
8969592528-01,VARIANTI CENTRALINA V.220/380,CONTROL UNIT VARIANT 220-380V/50Hz,VARIANTE CENTRALINA - 220-380V/50Hz,
9738477246-01,VARIANTE CENTRALINA V. 200 HZ 50 -,CONTROL UNIT VARIANT 200V/50Hz 220V/60Hz,VARIANTE CENTRALINA - 200V/50Hz 220V/60Hz,
9634997697-01,VARIANTE CENTRALINA V. 230-460- HZ,CONTROL UNIT VARIANT 230-460V/60Hz,VARIANTE CENTRALINA - 230-460V/60Hz,
6503134334-01,VARIANTE DOTAZIONE MACCHINA CON GAN,MACH. EQUIPMENT VARIANT W WRAPPING JAWS,VARIANTE DOTAZIONE MACCHINA CON GANASCE AVVOLGENTI,
5627351921-01,SOTTOGRUPPO DOTAZIONE GRUPPO F.C. T,EQUIPMENT SUBGR. MULTI-CUT LIMIT SWITCH,SOTTOGRUPPO DOTAZIONE - GR. FINECORSA PER TAGLIO MULTIPLO,
0844412996-01,VARIANTI PULSANTIERA ITALIANO TAGLI,MULTI-CUT PANEL VARIANT IN ITALIAN,VARIANTE PULSANTIERA TAGLIO MULTIPLO IN ITALIANO,
2041472944-01,VARIANTI PULSANTIERA FRANCESE TAGLI,MULTI-CUT PANEL VARIANT IN FRENCH,VARIANTE PULSANTIERA TAGLIO MULTIPLO IN FRANCESE,
4504346577-01,VARIANTI PULSANTIERA TEDESCO TAGLIO,MULTI-CUT PANEL VARIANT IN GERMAN,VARIANTE PULSANTIERA TAGLIO MULTIPLO IN TEDESCO,
4796429741-01,VARIANTI PULSANTIERA INGLESE TAGLIO,MULTI-CUT PANEL VARIANT IN ENGLISH,VARIANTE PULSANTIERA TAGLIO MULTIPLO IN INGLESE,
8881684127-01,SEGATRICE B 75 SA/O - 220/50,J58 SA/O SAWING MACHINE 220V/50Hz,SEGATRICE J58 SA/O - 220V/50Hz,
7083217998-01,SEGATRICE B 75 SA/O - 380/50,J58 SA/O SAWING MACHINE 380V/50Hz,SEGATRICE J58 SA/O - 380V/50Hz,
1558360954-01,SEGATRICE B 75 SA/O - 415/50,J58 SA/O SAWING MACHINE 415V/50Hz,SEGATRICE J58 SA/O - 415V/50Hz,
2187844423-01,SEGATRICE B 75 SA/M - 220/50,J58 SA/M SAWING MACHINE 220V/50Hz,SEGATRICE J58 SA/M - 220V/50Hz,
0243503291-01,SEGATRICE B 75 SA/M - 380/50,J58 SA/M SAWING MACHINE 380V/50Hz,SEGATRICE J58 SA/M - 380V/50Hz,
2948290152-01,SEGATRICE B 75 SA/M - 415/50,J58 SA/M SAWING MACHINE 415V/50Hz,SEGATRICE J58 SA/M - 415V/50Hz,
1738093278-01,SEGATRICE B 75 SA/A VERSIONE 6000,J58 SA/A SAWING MACHINE L=6m,SEGATRICE J58 SA/A L=6m,
6786167865-01,SEGATRICE B 75 SA/A 6000 - 220/50,J58 SA/A SAWING MACHINE L=6m 220V/50Hz,SEGATRICE J58 SA/A L=6m - 220V/50Hz,
8550006077-01,SEGATRICE B 75 SA/A 6000 - 380/50,J58 SA/A SAWING MACHINE L=6m 380V/50Hz,SEGATRICE J58 SA/A L=6m - 380V/50Hz,
5645170370-01,SEGATRICE B 75 SA/A 6000 - 415/50,J58 SA/A SAWING MACHINE L=6m 415V/50Hz,SEGATRICE J58 SA/A L=6m - 415V/50Hz,
3305805089-01,SEGATRICE B 75 SA/A VERSIONE 8000,J58 SA/A SAWING MACHINE L=8m,SEGATRICE J58 SA/A L=8m,
7426264319-01,SEGATRICE B 75 SA/A 8000 - 220/50,J58 SA/A SAWING MACHINE L=8m 220V/50Hz,SEGATRICE J58 SA/A L=8m - 220V/50Hz,
4124019289-01,SEGATRICE B 75 SA/A 8000 - 380/50,J58 SA/A SAWING MACHINE L=8m 380V/50Hz,SEGATRICE J58 SA/A L=8m - 380V/50Hz,
3641519264-01,SEGATRICE B 75 SA/A 8000 - 415/50,J58 SA/A SAWING MACHINE L=8m 415V/50Hz,SEGATRICE J58 SA/A L=8m - 415V/50Hz,
7537843257-01,GRUPPO MOTORIDUTTORE ALIMENTAZIONE,FEEDING GEARMOTOR,MOTORIDUTTORE ALIMENTAZIONE,
1120008683-01,MOTORE RIDUTTORE A V.260/440,REDUCER MOTOR 260-440V/50Hz,MOTORE RIDUTTORE - 260-440V/50Hz,
1482449903-01,MOTORE RIDUTTORE A V. 220/380,REDUCER MOTOR 220-380V/50Hz,MOTORE RIDUTTORE - 220-380V/50Hz,
2488748509-01,MOTORE RIDUTTORE A V. 200/50-220/60,REDUCER MOTOR 200V/50Hz 220V/60Hz,MOTORE RIDUTTORE - 200V/50Hz 220V/60Hz,
0541970323-01,MOTORE RIDUTTORE A V. 460/60,REDUCER MOTOR 460V/60Hz,MOTORE RIDUTTORE - 460V/60Hz,
6786839744-01,SOTTOGRUPPO SCARICO MACCHINA TIPO M,"UNLOADER SUBGROUP MACHINE ""M"" 1200/3300","SOTTOGRUPPO SCARICO MACCHINA TIPO ""M"" 1200/3300",
9717382693-01,SOTTOGRUPPO SCARICO MACCHINA TIPO A,"UNLOADER SUBGROUP MACHINE ""A"" 1200/3300","SOTTOGRUPPO SCARICO MACCHINA TIPO ""A"" 1200/3300",
5235360671-01,COMMUTATORE PER TESTE SFUSE J58SA,J58SA HEADS SWITCH,COMMUTATORE PER TESTE SFUSE J58SA,
7419448216-01,PROTEZIONI MOTORE TESTA I 25-50 MT,"""I"" HEAD 25-50 MOTOR PROTECT. 220V/50Hz","PROTEZIONE MOTORE TESTA ""I"" 25-50m - 220V/50Hz",
9826181296-01,PROTEZIONI MOTORE TESTA 25-50 MT A,"""I"" HEAD 25-50 MOTOR PROTECT. 440V/50Hz","PROTEZIONE MOTORE TESTA ""I"" 25-50m - 440V/50Hz",
9421935199-01,PROTEZIONI MOTORE TESTA I 25_50 MT,"""I"" HEAD 25-50 MOTOR PROTECT. 220V/60Hz","PROTEZIONE MOTORE TESTA ""I"" 25-50m - 220V/60Hz",
3674440642-01,PROTEZIONI MOTORE TESTA I 50-100 MT,"""I"" HEAD 50-100 MOTOR PROTECT. 220V/50Hz","PROTEZIONE MOTORE TESTA ""I"" 50-100m - 220V/50Hz",
9587389993-01,PROTEZIONI MOTORE MOTORIDUTTORE V.2,GEARMOTOR MOTOR PROTECTION 220V/50-60Hz,PROTEZIONE MOTORE MOTORIDUTTORE - 220V/50-60Hz,
2562389779-01,PROTEZIONI MOTORE MOTORIDUTTORE V.3,GEARMOTOR MOTOR PROTECTION 380V/50Hz,PROTEZIONE MOTORE MOTORIDUTTORE - 380V/50Hz,
3388337162-01,PROTEZIONI MOTORE MOTORIDUTTORE V.4,GEARMOTOR MOTOR PROTECTION 440V/50Hz,PROTEZIONE MOTORE MOTORIDUTTORE - 440V/50Hz,
8972749188-01,VARIANTI TESTA I MT.400 V.260/440,"""I"" HEAD 400m/min VARIANT 260-440V/50Hz","VARIANTE TESTA ""I"" 400m - 260-440V/50Hz",
4924038085-01,VARIANTI TESTA I MT.400 V. 220/380,"""I"" HEAD 400m/min VARIANT 220-380V/50Hz","VARIANTE TESTA ""I"" 400m - 220-380V/50Hz",
1503408091-01,VARIANTI TESTA I MT.60 V.260/440/50,"""I"" HEAD 60m/min VARIANT 260-440V/50Hz","VARIANTE TESTA ""I"" 60m - 260-440V/50Hz",
6562163167-01,VARIANTI TESTA I MT.60 V.220/380/50,"""I"" HEAD 60m/min VARIANT 220-380V/50Hz","VARIANTE TESTA ""I"" 60m - 220-380V/50Hz",
1859321642-01,GRUPPO RIDUTTORE CON FRIZIONE,REDUCER WITH CLUTCH,RIDUTTORE CON FRIZIONE,
4095246507-01,VARIANTI RIDUTTORE MACCHINA 1100 V.,"MAC.REDUCER VARIANT L=1,1m 260-440V/50Hz","VARIANTE RIDUTTORE MACCHINA L=1,1m - 260-440V/50Hz",
6913869050-01,PROTEZIONI MACCHINA CON TESTA TIPO,"""I"" HEAD 400m/min PROTECTION 220V/50Hz","PROTEZIONE MACCHINA TESTA ""I"" 400m - 220V/50Hz",
5778455318-01,PROTEZIONI MOTORE TESTA I MT.400 V.,"""I"" HEAD 400 MOTOR PROTECTION 50-60Hz","PROTEZIONE MOTORE TESTA ""I"" 400m - 380-440V/50Hz 460V/60Hz",
3706969941-01,PROTEZIONE MACCHINA NORMALE CON TES,"""I"" HEAD 60m/min PROTECTION 220V/50Hz.","PROTEZIONE MACCHINA NORMALE TESTA ""I"" 60m - 220V/50Hz",
8329348608-01,PROTEZIONE TESTA MT 60 V. 380/50-44,"""I"" HEAD PROTECTION 380V/50Hz 460V/60Hz","PROTEZIONE TESTA ""I"" 60m - 380V/50Hz 460V/60Hz",
9436402870-01,PROTEZIONE RIDUTTORE V.220/50,REDUCER PROTECTION 220V/50Hz,PROTEZIONE RIDUTTORE - 220V/50Hz,
1787982472-01,PROTEZIONE RIDUTTORE V.380/440/50 4,REDUCER PROTECT. 380-440V/50Hz 460V/60Hz,PROTEZIONE RIDUTTORE - 380-440V/50Hz 460V/60Hz,
8973940096-01,SEGATRICE GF822/M NORMALE - 220/50,GF822/M NORMAL SAWING MACHINE 220V/50Hz,SEGATRICE GF822/M NORMALE - 220V/50Hz,
1973697484-01,SEGATRICE GF822/M NORMALE - 380/50,GF822/M NORMAL SAWING MACHINE 380V/50Hz,SEGATRICE GF822/M NORMALE - 380V/50Hz,
0851455486-01,SEGATRICE GF822/M NORMALE - 415/50,GF822/M NORMAL SAWING MACHINE 415V/50Hz,SEGATRICE GF822/M NORMALE - 415V/50Hz,
3035288861-01,MOTORE TRASPORTATORE TRUC.-SOVA- V.,CHIP EXTRACTOR MOTOR 260-440V/50Hz,MOTORE TRASPORTATORE TRUCIOLI - 260-440V/50Hz,
4049723723-01,SEGATRICE GF822/M PRED. U - 220/50,GF822/A SAWING MACHINE 220V/50Hz,SEGATRICE GF822/M - 220V/50Hz,
6990397195-01,SEGATRICE GF822/M PRED. U - 380/50,GF822/A SAWING MACHINE 380V/50Hz,SEGATRICE GF822/M - 380V/50Hz,
8942609004-01,SEGATRICE GF822/M PRED. U - 415/50,GF822/A SAWING MACHINE 415V/50Hz,SEGATRICE GF822/M - 415V/50Hz,
1313432953-01,GF822/A TAGLIO-INCIS. 6000 - 220/50,GF822/A CUT-ETCHING L=6m 220V/50Hz,SEGATRICE GF822/A TAGLIO-INCISIONE L=6m - 220V/50Hz,
3958177470-01,GF822/A TAGLIO-INCIS. 6000 - 380/50,GF822/A CUT-ETCHING L=6m 380V/50Hz,SEGATRICE GF822/A TAGLIO-INCISIONE L=6m - 380V/50Hz,
4991182832-01,GF822/A TAGLIO-INCIS. 6000 - 415/50,GF822/A CUT-ETCHING L=6m 415V/50Hz,SEGATRICE GF822/A TAGLIO-INCISIONE L=6m - 415V/50Hz,
9302718663-01,ELETTROPOMPA EMULSIONE A VOLT 220-3,EMULSION PUMP 220-380V/50Hz,ELETTROPOMPA EMULSIONE - 220-380V/50Hz,
2073370424-01,ELETTROPOMPA EMULSIONE A VOLT 260-4,EMULSION PUMP 260-440V/50Hz,ELETTROPOMPA EMULSIONE - 260-440V/50Hz,
5891158890-01,GF822 TAGLIO INC.V.220/50 TESTA P,"GF822 ""P"" HEAD SAWING MACHINE 220V/50Hz","SEGATRICE GF822 TAGLIO-INCISIONE TESTA ""P"" - 220V/50Hz",
3403811580-01,GF822 TAGLIO INC.V.380/50 TESTA P,"GF822 ""P"" HEAD SAWING MACHINE 380V/50Hz","SEGATRICE GF822 TAGLIO-INCISIONE TESTA ""P"" - 380V/50Hz",
0117307802-01,GF822 TAGLIO INC.V.440/50 TESTA P,"GF822 ""P"" HEAD SAWING MACHINE 440V/50Hz","SEGATRICE GF822 TAGLIO-INCISIONE TESTA ""P"" - 440V/50Hz",
1017845673-01,BASAMENTO PER MACCHINA SENZA UNITA',BASE FOR MACHINE WITHOUT UNIT,BASAMENTO PER MACCHINA SENZA UNITÀ,
1484629467-01,BASAMENTO PER MACCHINA CON UNITA',BASE FOR MACHINE WITH UNIT,BASAMENTO PER MACCHINA CON UNITÀ,
9265748975-01,VARIANTE MACCHINA CON TESTA I VERSI,MACHINE VARIANT “C” HEADS,"VARIANTE MACCHINA TESTE ""C""",
2072142188-01,GF822/M MORSE ORIZZONTALI - 220/50,GF822/M HOR. CLAMPS SAWING M. 220V/50Hz,SEGATRICE GF822/M MORSE ORIZZONTALI - 220V/50Hz,
2669657843-01,GF822/M MORSE ORIZZONTALI - 380/50,GF822/M HOR. CLAMPS SAWING M. 380V/50Hz,SEGATRICE GF822/M MORSE ORIZZONTALI - 380V/50Hz,
7760640247-01,GF822/M MORSE ORIZZONTALI - 415/50,GF822/M HOR. CLAMPS SAWING M. 415V/50Hz,SEGATRICE GF822/M MORSE ORIZZONTALI - 415V/50Hz,
7602892828-01,SEGATR. GF822/A 4000 NORM. - 220/50,GF822/A NORMAL SAWING M. L=4m-220V/50Hz,SEGATRICE GF822/A NORMALE L=4m - 220V/50Hz,
8075001681-01,SEGATR. GF822/A 4000 NORM. - 380/50,GF822/A NORMAL SAWING M. L=4m-380V/50Hz,SEGATRICE GF822/A NORMALE L=4m - 380V/50Hz,
8767002806-01,SEGATR. GF822/A 4000 NORM. - 415/50,GF822/A NORMAL SAWING M. L=4m-415V/50Hz,SEGATRICE GF822/A NORMALE L=4m - 415V/50Hz,
4981065870-01,SEGATR. GF822/A 4000 PR. U 220/50,GF822/A SAWING MACHINE L=4m 220V/50Hz,SEGATRICE GF822/A L=4m 220V/50Hz,
3992943854-01,SEGATR. GF822/A 4000 PR. U 380/50,GF822/A SAWING MACHINE L=4m 380V/50Hz,SEGATRICE GF822/A L=4m 380V/50Hz,
1437829805-01,SEGATR. GF822/A 4000 PR. U 415/50,GF822/A SAWING MACHINE L=4m 415V/50Hz,SEGATRICE GF822/A L=4m 415V/50Hz,
8853452606-01,SEGATR. GF822/A 6000 NORM. - 220/50,GF822/A NORMAL SAWING M. L=6m-220V/50Hz,SEGATRICE GF822/A NORMALE L=6m - 220V/50Hz,
2093586014-01,SEGATR. GF822/A 6000 NORM. - 380/50,GF822/A NORMAL SAWING M. L=6m-380V/50Hz,SEGATRICE GF822/A NORMALE L=6m - 380V/50Hz,
8914917440-01,SEGATR. GF822/A 6000 NORM. - 415/50,GF822/A NORMAL SAWING M. L=6m-415V/50Hz,SEGATRICE GF822/A NORMALE L=6m - 415V/50Hz,
1743605962-01,SEGATR. GF822/A 6000 PR. U 220/50,GF822/A SAWING MACHINE L=6m 220V/50Hz,SEGATRICE GF822/A L=6m 220V/50Hz,
5758145885-01,SEGATR. GF822/A 6000 PR. U 380/50,GF822/A SAWING MACHINE L=6m 380V/50Hz,SEGATRICE GF822/A L=6m 380V/50Hz,
3718723934-01,SEGATR. GF822/A 6000 PR. U 415/50,GF822/A SAWING MACHINE L=6m 415V/50Hz,SEGATRICE GF822/A L=6m 415V/50Hz,
4465988313-01,SEGATR. GF822/A 8000 NORM. - 220/50,GF822/A NORMAL SAWING M. L=8m-220V/50Hz,SEGATRICE GF822/A NORMALE L=8m - 220V/50Hz,
9182463023-01,SEGATR. GF822/A 8000 NORM. - 380/50,GF822/A NORMAL SAWING M. L=8m-380V/50Hz,SEGATRICE GF822/A NORMALE L=8m - 380V/50Hz,
4546479943-01,SEGATR. GF822/A 8000 NORM. - 415/50,GF822/A NORMAL SAWING M. L=8m-415V/50Hz,SEGATRICE GF822/A NORMALE L=8m - 415V/50Hz,
6786068124-01,SEGATR. GF822/A 8000 PR. U 220/50,GF822/A SAWING MACHINE L=8m 220V/50Hz,SEGATRICE GF822/A L=8m 220V/50Hz,
4751833326-01,SEGATR. GF822/A 8000 PR. U 380/50,GF822/A SAWING MACHINE L=8m 380V/50Hz,SEGATRICE GF822/A L=8m 380V/50Hz,
9856222859-01,SEGATR. GF822/A 8000 PR. U 415/50,GF822/A SAWING MACHINE L=8m 415V/50Hz,SEGATRICE GF822/A L=8m 415V/50Hz,
1987944366-01,PROTEZIONI TRASP. A COCLEA VOLT 220,AUGER CONVEYOR PROTECTION 220V/50-60Hz,PROTEZIONE TRASPORTATORE A COCLEA - 220V/50-60Hz,
2578055907-01,PROTEZIONI TRASP. A COCLEA VOLT 380,AUGER CONV.PROT. 380-440V/50Hz 460V/60Hz,PROTEZIONE TRASPORTATORE A COCLEA - 380-440V/50Hz 460V/60Hz,
7943079335-01,PROTEZIONI TESTA *L* 4HP *P*3PR. V.,"""L-4HP/P"" HEAD PROTECTION 380V/50Hz","PROTEZIONE TESTA ""L"" 4HP E ""P"" 3PR. 380V/50Hz",
3287478218-01,"PROTEZIONI TESTA *L* 4HP *P*3PR. 5,","""L-4HP/P-5,5HP"" HEAD PROTECT. 440V/50Hz","PROTEZIONE TESTA ""L"" 4HP E ""P"" 3PR. 5,5HP 440V/50Hz",
4066016013-01,"PROTEZIONI TESTA *L/C 5,5HP V.","""L/C 5,5HP"" HEAD PROTECT. 380-440V/50Hz","PROTEZIONE TESTA ""L/C"" 5,5HP - 380-440V/50Hz",
0220431057-01,"PROTEZIONI TESTA *L* 4HP *L/C* 5,5H","""L-4HP L/C-5,5HP"" HEAD PROTECT.220V/50Hz","PROTEZIONE TESTA ""L"" 4HP E ""L/C"" 5,5HP - 220V/50Hz",
7556952773-01,PROTEZIONE RIDUTTORE PIANALE DI CAR,LOAD. BED REDUCER PROTECT. 220V/50-60Hz,PROTEZIONE RIDUTTORE PIANALE DI CARICO - 220V/50-60Hz,
0113181326-01,PROTEZIONI UNITA FORATURA E FILETTA,DRIL./THR. UNIT PROTECTION 220V/50-60Hz,PROTEZIONE UNITÀ FORATURA E FILETTATURA - 220V/50-60Hz,
8291297659-01,PROTEZIONI UNITA' FORATURA V.200/50,THREADING UNIT PROTECTION 220V/50-60Hz,PROTEZIONE UNITÀ FORATURA - 220V/50-60Hz,
8719077120-01,PROTEZIONI UNITA' FORATURA V.380/50,THREADING UNIT PROTECTION 380-440V/50Hz,PROTEZIONE UNITÀ FORATURA - 380-440V/50Hz,
5681714597-01,PROTEZIONI TESTA I E P V.220/50,"""I/P"" HEAD PROTECTION 220V/50Hz","PROTEZIONE TESTA ""I"" E ""P"" - 220V/50Hz",
5195427667-01,PROTEZIONI TESTA I E P V. 380/50,"""I/P"" HEAD PROTECTION 380V/50Hz","PROTEZIONE TESTA ""I"" E ""P"" - 380V/50Hz",
4302687555-01,PROTEZIONI TESTA I E P V.440/50,"""I/P"" HEAD PROTECTION 440V/50Hz","PROTEZIONE TESTA ""I"" E ""P"" - 440V/50Hz",
7363302225-01,PROTEZIONI CENTRALINA V.380-440 HZ5,CU PROTECTION 380-440V/50Hz 460V/60Hz,PROTEZIONE CENTRALINA - 380-440V/50Hz 460V/60Hz,
2672329706-01,PROTEZIONI CENTRALINA V.200 HZ60 -,CU PROTECTION 200-230V/60Hz 220V/50Hz,PROTEZIONE CENTRALINA - 200-230V/60Hz 220V/50Hz,
2631028988-01,PROTEZIONI CINGHIE V.200 HZ60 - 220,BELTS PROTECTION 200-230V/60Hz 220V/50Hz,PROTEZIONE CINGHIE - 200-230V/60Hz 220V/50Hz,
8631196528-01,PROTEZIONI CINGHIE V.380 HZ50 - 440,BELTS PROTECTION 380-440V/50Hz 460V/60Hz,PROTEZIONE CINGHIE- 380-440V/50Hz 460V/60Hz,
3432233982-01,PROTEZIONI CATENE V.200 HZ60 - 220,CHAINS PROTECT. 200-230V/60Hz 220V/50Hz,PROTEZIONE CATENE - 200-230V/60Hz 220V/50Hz,
0028398204-01,PROTEZIONI CATENE V.380 HZ50 - 440,CHAINS PROTECTION 380-440V/50Hz,PROTEZIONE CATENE - 380-440V/50Hz,
9150419407-01,PROTEZIONI ELETTROPOMPA V.220/50-22,PUMP PROTECTION 220V/50-60Hz,PROTEZIONE ELETTROPOMPA - 220V/50-60Hz,
9995439955-01,PROTEZIONI ELETTROPOMPA V.380 HZ 50,PUMP PROTECTION 380-440V/50Hz 460V/60Hz,PROTEZIONE ELETTROPOMPA - 380-440V/50Hz 460V/60Hz,
6989136379-01,VARIANTI QUADRO ELETTRICO CON UNITA,ELECTRIC PANEL VARIANT WITH UNIT,VARIANTE QUADRO ELETTRICO CON UNITÀ,
5144282529-01,VARIANTI UNITA' FORATURA E FILETTAT,DRILLING/THREADING U. VARIANT 220V/50Hz,VARIANTE UNITÀ FORATURA E FILETTATATURA - 220V/50Hz,
6933077656-01,VARIANTI UNITA' FORATURA V.220/50,DRILLING UNIT VARIANT 220V/50Hz,VARIANTE UNITÀ FORATURA - 220V/50Hz,
1908457766-01,VARIANTI UNITA' FORATURA V.380/50,DRILLING UNIT VARIANT 380V/50Hz,VARIANTE UNITÀ FORATURA - 380V/50Hz,
2777231667-01,VARIANTI UNITA' FORATURA V.440/50,DRILLING UNIT VARIANT 440V/50Hz,VARIANTE UNITÀ FORATURA - 440V/50Hz,
6480139308-01,VARIANTI UNITA' CON PULEGGIA Z 18,UNIT VARIANT WITH PULLEY Z18,VARIANTE UNITÀ CON PULEGGIA Z18,
1218466541-01,VARIANTI UNITA' CON PULEGGIA Z 22 *,UNIT VARIANT WITH PULLEY Z22-Z2T,VARIANTE UNITÀ CON PULEGGIA Z22-Z2T,
5445553457-01,VARIANTI UNITA' CON PULEGGIA Z 28,UNIT VARIANT WITH PULLEY Z28,VARIANTE UNITÀ CON PULEGGIA Z28,
6122670701-01,VARIANTI UNITA' CON PULEGGIA Z 40 *,UNIT VARIANT WITH PULLEY Z40-Z2L,VARIANTE UNITÀ CON PULEGGIA Z40-Z2L,
6751756567-01,VARIANTI UNITA' CON PULEGGIA Z 48 *,UNIT VARIANT WITH PULLEY Z48-Z1T-L,VARIANTE UNITÀ CON PULEGGIA Z48-Z1T-L,
8597399518-01,VARIANTI UNITA' CON PULEGGIA Z 60,UNIT VARIANT WITH PULLEY Z60,VARIANTE UNITÀ CON PULEGGIA Z60,
6921890234-01,VARIANTE CENTRALINA V. 460 HZ 60,CONTROL UNIT VARIANT 460V/60Hz,VARIANTE CENTRALINA - 460V/60Hz,
7142470369-01,VARIANTI MACCHINA 4200,"MACHINE VARIANT L=4,2m","VARIANTE MACCHINA L=4,2m",
9628897163-01,VARIANTI MACCHINA 5200,"MACHINE VARIANT L=5,2m","VARIANTE MACCHINA L=5,2m",
9986487083-01,VARIANTI MACCHINA 6200,"MACHINE VARIANT L=6,2m","VARIANTE MACCHINA L=6,2m",
6936016377-01,VARIANTI MACCHINA 4200 IN POLLICI,"MACHINE VARIANT IN INCHES L=4,2m","VARIANTE MACCHINA IN POLLICI L=4,2m",
6216381348-01,VARIANTI MACCHINA 4200 IN MILLIMETR,"MACHINE VARIANT IN MILLIMETERS L=4,2m","VARIANTE MACCHINA IN MILLIMETRI L=4,2m",
5072917836-01,VARIANTI MACCHINA 6200 IN MILLIMETR,"MACHINE VARIANT IN MILLIMETERS L=6,2m","VARIANTE MACCHINA IN MILLIMETRI L=6,2m",
2693964529-01,VARIANTI MACCHINA 6200 IN POLLICI,"MACHINE VARIANT IN INCHES L=6,2m","VARIANTE MACCHINA IN POLLICI L=6,2m",
4762126188-01,VARIANTI TESTA V. 260/440 HZ50,HEAD VARIANT 260-440V/50Hz,VARIANTE TESTA - 260-440V/50Hz,
4714612279-01,VARIANTI TESTA V. 220/380/50,HEAD VARIANT 220-380V/50Hz,VARIANTE TESTA - 220-380V/50Hz,
2761698700-01,PROTEZIONI TESTA V. 380/440/50,HEAD PROTECTION 380-440V/50Hz,PROTEZIONE TESTA - 380-440V/50Hz,
5604271327-01,PROTEZIONE MOTORE CENTRALINA 220/50,CONTROL UNIT MOTOR PROTECTION 220V/50Hz,PROTEZIONE MOTORE CENTRALINA - 220V/50Hz,
0776972814-01,VARIANTI CENTRALINA V. 220/380/460/,CONTROL UNIT VARIANT 220-380-460V/60Hz,VARIANTE CENTRALINA - 220-380-460V/60Hz,
4139979038-01,PROTEZIONE MOTORE CENTRALINA 380/44,CONTROL UNIT MOTOR PROTECT.380-440V/50Hz,PROTEZIONE MOTORE CENTRALINA - 380-440V/50Hz,
3467184718-01,SORGENTE LASER VECORAZ M80 V.220,"""VECORAZ"" M80 LASER SOURCE 220V/50Hz","SORGENTE LASER ""VECORAZ"" M80 - 220V/50Hz",
4532663397-01,SORGENTE LASER VECORAZ M80 V.380,"""VECORAZ"" M80 LASER SOURCE 380V/50Hz","SORGENTE LASER ""VECORAZ"" M80 - 380V/50Hz",
9191146727-01,SORGENTE LASER VECORAZ M80 V.415,"""VECORAZ"" M80 LASER SOURCE 415V/50Hz","SORGENTE LASER ""VECORAZ"" M80 - 415V/50Hz",
9865336103-01,SORGENTE LASER VECORAZ M140 V.380,"""VECORAZ"" M140 LASER SOURCE 380V/50Hz","SORGENTE LASER ""VECORAZ"" M140 - 380V/50Hz",
6426368580-01,SORGENTE LASER VECORAZ M140 V.415,"""VECORAZ"" M140 LASER SOURCE 415V/50Hz","SORGENTE LASER ""VECORAZ"" M140 - 415V/50Hz",
9283662653-01,SORGENTE LASER VECORAZ M500 V.220,"""VECORAZ"" M500 LASER SOURCE 220V/50Hz","SORGENTE LASER ""VECORAZ"" M500 - 220V/50Hz",
9734772819-01,SORGENTE LASER VECORAZ M500 V.380,"""VECORAZ"" M500 LASER SOURCE 380V/50Hz","SORGENTE LASER ""VECORAZ"" M500 - 380V/50Hz",
8732677864-01,SORGENTE LASER VECORAZ M500 V.415,"""VECORAZ"" M500 LASER SOURCE 415V/50Hz","SORGENTE LASER ""VECORAZ"" M500 - 415V/50Hz",
4654519661-01,SORGENTE LASER VECORAZ M800 V.220,"""VECORAZ"" M800 LASER SOURCE 220V/50Hz","SORGENTE LASER ""VECORAZ"" M800 - 220V/50Hz",
9009709414-01,SORGENTE LASER VECORAZ M800 V.380,"""VECORAZ"" M800 LASER SOURCE 380V/50Hz","SORGENTE LASER ""VECORAZ"" M800 - 380V/50Hz",
2165704500-01,SORGENTE LASER VECORAZ M800 V.415,"""VECORAZ"" M800 LASER SOURCE 415V/50Hz","SORGENTE LASER ""VECORAZ"" M800 - 415V/50Hz",
1345175495-01,SORGENTE LASER VECORAZ L1000 V.220,"""VECORAZ"" L1000 LASER SOURCE 220V/50Hz","SORGENTE LASER ""VECORAZ"" L1000 - 220V/50Hz",
3760429152-01,SORGENTE LASER VECORAZ L1000 V.380,"""VECORAZ"" L1000 LASER SOURCE 380V/50Hz","SORGENTE LASER ""VECORAZ"" L1000 - 380V/50Hz",
6978223511-01,SORGENTE LASER VECORAZ L1000 V.415,"""VECORAZ"" L1000 LASER SOURCE 415V/50Hz","SORGENTE LASER ""VECORAZ"" L1000 - 415V/50Hz",
8026640277-01,SORGENTE LASER VECORAZ L1200 V.220,"""VECORAZ"" L1200 LASER SOURCE 220V/50Hz","SORGENTE LASER ""VECORAZ"" L1200 - 220V/50Hz",
8951559388-01,SORGENTE LASER VECORAZ L1200 V.380,"""VECORAZ"" L1200 LASER SOURCE 380V/50Hz","SORGENTE LASER ""VECORAZ"" L1200 - 380V/50Hz",
9831056704-01,SORGENTE LASER VECORAZ L1200 V.415,"""VECORAZ"" L1200 LASER SOURCE 415V/50Hz","SORGENTE LASER ""VECORAZ"" L1200 - 415V/50Hz",
5509099549-01,SORGENTE LASER VECORAZ L1500 V.220,"""VECORAZ"" L1500 LASER SOURCE 220V/50Hz","SORGENTE LASER ""VECORAZ"" L1500 - 220V/50Hz",
5885975110-01,SORGENTE LASER VECORAZ L1500 V.380,"""VECORAZ"" L1500 LASER SOURCE 380V/50Hz","SORGENTE LASER ""VECORAZ"" L1500 - 380V/50Hz",
4075343228-01,SORGENTE LASER VECORAZ L1500 V.415,"""VECORAZ"" L1500 LASER SOURCE 415V/50Hz","SORGENTE LASER ""VECORAZ"" L1500 - 415V/50Hz",
4735754514-01,SORGENTE LASER VECORAZ L2000 V.220,"""VECORAZ"" L2000 LASER SOURCE 220V/50Hz","SORGENTE LASER ""VECORAZ"" L2000 - 220V/50Hz",
2318335787-01,SORGENTE LASER VECORAZ L2000 V.380,"""VECORAZ"" L2000 LASER SOURCE 380V/50Hz","SORGENTE LASER ""VECORAZ"" L2000 - 380V/50Hz",
0858805250-01,SORGENTE LASER VECORAZ L2000 V.415,"""VECORAZ"" L2000 LASER SOURCE 415V/50Hz","SORGENTE LASER ""VECORAZ"" L2000 - 415V/50Hz",
1716425307-01,GENERATORE DI IMPULSI GPG 5000,PULSE GENERATOR GPG 5000,GENERATORE IMPULSI GPG 5000,
7986963090-01,GENERATORE DI IMPULSI PPG 2000,PULSE GENERATOR PPG 2000,GENERATORE IMPULSI PPG 2000,
2439162147-01,SISTEMA DI POLARIZZAZIONE CP 1000,CP 1000 POLARIZATION SYSTEM,SISTEMA POLARIZZAZIONE CP 1000,
9460833051-01,DEVIATORE-FOCALIZZATORE BB 100,BEAM DEFLECTOR BB100,DEVIATORE-FOCALIZZATORE BB100,
8908373363-01,DEVIATORE-FOCALIZZATORE MA100,BEAM DEFLECTOR MA100,DEVIATORE-FOCALIZZATORE MA100,
5434238470-01,DEVIATORE-FOCALIZZATORE JJ922,BEAM DEFLECTOR JJ922,DEVIATORE-FOCALIZZATORE JJ922,
3371723967-01,DEVIATORE-FOCALIZZATORE JJ 922MHS,BEAM DEFLECTOR JJ922MHS,DEVIATORE-FOCALIZZATORE JJ922MHS,
7929628036-01,POTENZIATORE DI IMPULSI SP 100,SP 100 PULSE BOOSTER,POTENZIATORE DI IMPULSI SP 100,
1177298818-01,LENTE D.25 COMPLETA DI MONTATURA LU,LENS D25 WITH MOUNT FOCAL LENGTH 75mm,LENTE D25 (CON MONTATURA LUNGHEZZA FOCALE 75mm),
6477377472-01,"LENTE ZN-SE D.1,1 (SENZA MONT.LF5)","LENS ZN-SE D1,1 W/O MOUNT FOCAL L=5","LENTE ZN-SE D1,1 (SENZA MONTATURA LUNGHEZZA FOCALE 5)",
4956711560-01,"LENTE ZN-SE D.1,5 (SENZA MONT.LF5)","LENS ZN-SE D1,5 W/O MOUNT FOCAL L=5","LENTE ZN-SE D1,5 (SENZA MONTATURA LUNGHEZZA FOCALE 5)",
2211033394-01,"LENTE ZN-SE D.1,5 (S.M.) F5 ALTA P.","LENS ZN-SE D1,5 CEF.CIR. W/O MOUNT FOCAL L=5","LENTE ZN-SE D1,5 (SENZA MONTATURA LUNGHEZZA FOCALE 5) ALTA PRESSIONE",
3619806829-01,"LENTE ZN-SE D=1,5 S.M.LUNGH.FOC.2,5","LENS ZN-SE D1,5 W/O MOUNT FOCAL L=2,5","LENTE ZN-SE D1,5 (SENZA MONTATURA LUNGHEZZA FOCALE 2,5)",
6858925178-01,SPECCHIO RINVIO FASCIO LASER A 90?,LASER DEFLECTION MIRROR 90° COPPER D2,SPECCHIO RINVIO FASCIO LASER A 90° IN Cu D2,
4133182511-01,SPECCHIO RINVIO FASCIO A 90? IN CU,LASER DEFLECTION MIRROR 90° COPPER D50,SPECCHIO RINVIO FASCIO LASER A 90° IN Cu D50,
1883563602-01,POLARIZZAZIONE CIRCOLARE L/4,L/4 CIRCULAR POLARIZATION,POLARIZZAZIONE CIRCOLARE L/4,
4353145169-01,IMP.REFRIG.LASER RUNEC 12 V.220/50,LASER RUNEC 12 REFRIGERAT. SYS 220V/50Hz,"IMPIANTO REFRIGERANTE LASER ""RUNEC"" 12 - 220V/50Hz",
7766735275-01,IMP.REFRIG.LASER RUNEC 12 V.380/50,LASER RUNEC 12 REFRIGERAT. SYS 380V/50Hz,"IMPIANTO REFRIGERANTE LASER ""RUNEC"" 12 - 380V/50Hz",
3198832867-01,IMP.REFRIG.LASER RUNEC 12 V.415/50,LASER RUNEC 12 REFRIGERAT. SYS 415V/50Hz,"IMPIANTO REFRIGERANTE LASER ""RUNEC"" 12 - 415V/50Hz",
9350166639-01,IMP.REFRIG.LASER RUNEC 18 V.220/50,LASER RUNEC 18 REFRIGERAT. SYS 220V/50Hz,"IMPIANTO REFRIGERANTE LASER ""RUNEC"" 18 - 220V/50Hz",
5991472919-01,IMP.REFRIG.LASER RUNEC 18 V.380/50,LASER RUNEC 18 REFRIGERAT. SYS 380V/50Hz,"IMPIANTO REFRIGERANTE LASER ""RUNEC"" 18 - 380V/50Hz",
9347320653-01,IMP.REFRIG.LASER RUNEC 18 V.415/50,LASER RUNEC 18 REFRIGERAT. SYS 415V/50Hz,"IMPIANTO REFRIGERANTE LASER ""RUNEC"" 18 - 415V/50Hz",
9766332582-01,IMP.REFRIG.LASER RUNEC 24 V.220/50,LASER RUNEC 24 REFRIGERAT. SYS 220V/50Hz,"IMPIANTO REFRIGERANTE LASER ""RUNEC"" 24 - 220V/50Hz",
1826878612-01,IMP.REFRIG.LASER RUNEC 24 V.380/50,LASER RUNEC 24 REFRIGERAT. SYS 380V/50Hz,"IMPIANTO REFRIGERANTE LASER ""RUNEC"" 24 - 380V/50Hz",
3424468757-01,IMP.REFRIG.LASER RUNEC 24 V.415/50,LASER RUNEC 24 REFRIGERAT. SYS 415V/50Hz,"IMPIANTO REFRIGERANTE LASER ""RUNEC"" 24 - 415V/50Hz",
3994309450-01,IMP.REFRIG.LASER TAE 081 (MTA),LASER TAE 081 (MTA) REFRIGERATION SYSTEM,IMPIANTO REFRIGERANTE LASER TAE 081 (MTA),
0851917393-01,LASER SERUNN FEKOT RS 700 SM V.220,LASER SERUNN FEKOT RS 700 SM 220V/50Hz,LASER SERUNN FEKOT RS 700 SM - 220V/50Hz,
4903059860-01,LASER SERUNN FEKOT RS 700 SM V.380,LASER SERUNN FEKOT RS 700 SM 380V/50Hz,LASER SERUNN FEKOT RS 700 SM - 380V/50Hz,
1419792684-01,LASER SERUNN FEKOT RS 700 SM V.415,LASER SERUNN FEKOT RS 700 SM 415V/50Hz,LASER SERUNN FEKOT RS 700 SM - 415V/50Hz,
1871349325-01,LASER SERUNN FEKOT RS 1000 SM 220/50,LASER SERUNN FEKOT RS 1000 SM 220V/50Hz,LASER SERUNN FEKOT RS 1000 SM - 220V/50Hz,
7367402990-01,LASER SERUNN FEKOT RS 1000 SM 380/50,LASER SERUNN FEKOT RS 1000 SM 380V/50Hz,LASER SERUNN FEKOT RS 1000 SM - 380V/50Hz,
7224448888-01,LASER SERUNN FEKOT RS 1000 SM 415/50,LASER SERUNN FEKOT RS 1000 SM 415V/50Hz,LASER SERUNN FEKOT RS 1000 SM - 415V/50Hz,
7133935908-01,LASER SERUNN FEKOT RS 1200 SM V.220,LASER SERUNN FEKOT RS 1200 SM 220V/50Hz,LASER SERUNN FEKOT RS 1200 SM - 220V/50Hz,
5931244241-01,LASER SERUNN FEKOT RS 1200 SM V.380,LASER SERUNN FEKOT RS 1200 SM 380V/50Hz,LASER SERUNN FEKOT RS 1200 SM - 380V/50Hz,
9756205571-01,LASER SERUNN FEKOT RS 1200 SM V.415,LASER SERUNN FEKOT RS 1200 SM 415V/50Hz,LASER SERUNN FEKOT RS 1200 SM - 415V/50Hz,
9358601212-01,LASER SERUNN FEKOT RS 1700 SM V.220,LASER SERUNN FEKOT RS 1700 SM 220V/50Hz,LASER SERUNN FEKOT RS 1700 SM - 220V/50Hz,
4982781943-01,LASER SERUNN FEKOT RS 1700 SM V.380,LASER SERUNN FEKOT RS 1700 SM 380V/50Hz,LASER SERUNN FEKOT RS 1700 SM - 380V/50Hz,
2477145723-01,LASER SERUNN FEKOT RS 1700 SM V.415,LASER SERUNN FEKOT RS 1700 SM 415V/50Hz,LASER SERUNN FEKOT RS 1700 SM - 415V/50Hz,
7417195286-01,LASER SERUNN FEKOT RS 2000 RF 220/50,LASER SERUNN FEKOT RS 2000 RF 220V/50Hz,LASER SERUNN FEKOT RS 2000 RF - 220V/50Hz,
5349929666-01,LASER SERUNN FEKOT RS 2000 RF 380/50,LASER SERUNN FEKOT RS 2000 RF 380V/50Hz,LASER SERUNN FEKOT RS 2000 RF - 380V/50Hz,
4729340414-01,LASER SERUNN FEKOT RS 2000 RF 415/50,LASER SERUNN FEKOT RS 2000 RF 415V/50Hz,LASER SERUNN FEKOT RS 2000 RF - 415V/50Hz,
6947607119-01,UNITA'PER SUPERIMPULSI LASER RS,RS SUPERPULSE LASER UNIT,UNITÀ SUPERIMPULSI LASER RS,
4030545293-01,SIST.POLARIZZAZIONE CIRC.LASER RS,LASER RS CIRCULAR POLARIZATION SYSTEM,SISTEMA POLARIZZAZIONE CIRCOLARE LASER RS,
7240074446-01,LASER ALLINEAMENTO COB,"""COB"" LASER ALIGNMENT","LASER ALLINEAMENTO ""COB""",
2643334304-01,CENTRO DI TAGLIO LASER SUNENA WF722,WF722 LASER CUTTING CENTER,CENTRO DI TAGLIO LASER WF722,
0860634672-01,CENTRO DI TAGLIO LASER WF722 220/50,WF722 LASER CUTTING CENTER 220V/50Hz,CENTRO DI TAGLIO LASER - 220V/50Hz WF722,
2592456485-01,CENTRO DI TAGLIO LASER WF722 380/50,WF722 LASER CUTTING CENTER 380V/50Hz,CENTRO DI TAGLIO LASER - 380V/50Hz WF722,
9146837726-01,CENTRO DI TAGLIO LASER WF722 415/50,WF722 LASER CUTTING CENTER 415V/50Hz,CENTRO DI TAGLIO LASER - 415V/50Hz WF722,
1690523174-01,MANAR 301 LP 380/50,MANAR 301 LP 380V/50Hz,MANAR 301 LP - 380V/50Hz,
7103557972-01,CHIOCCIOLA ASSE X,"""X"" AXIS NUT","CHIOCCIOLA ASSE ""X""",
0114140329-01,BLOCCO SPECCHI,MIRROR LOCK,BLOCCO SPECCHI,
8085583041-01,SPECCHI RINVIO FASCIO,"DEFLECTION MIRROR ""F""","SPECCHI RINVIO ""F""",
9018417905-01,SCATOLA ASSE Z,“Z” AXIS BOX,"SCATOLA ASSE ""Z""",
9339683188-01,PONTE ASSE Y,“Y” AXIS BRIDGE,"PONTE ASSE ""Y""",
2213147366-01,ALLINEATORE,ALIGNER,ALLINEATORE,
8100916288-01,CONVOGLIATORE E TRASP.SFRIDI,SCRAP CONVEYOR AND BELT,CONVOGLIATORE E TRASPORTATORE SFRIDI,
2162090055-01,BLOCCAGGIO PALLET IN MACCHINA,MACHINE PALLET CLAMPING,BLOCCAGGIO PALLET IN MACCHINA,
4018211312-01,FIANCATA ASSE X SINISTRA,LEFT “X” AXIS SIDE PANEL,"FIANCATA ASSE ""X"" SINISTRA",
2663744596-01,PARASCINTILLE WF722,WF722 SPARK GUARD,PARASCINTILLE WF722,
0122696688-01,PARASCINTILLE KOPE-484,KOPE-484 SPARK GUARD,PARASCINTILLE KOPE-484,
7915324188-01,BEAM EXPANDER,BEAM EXPANDER,BEAM EXPANDER,
2127462218-01,FIANCATA ASSE X DESTRA,RIGHT “X” AXIS SIDE PANEL,"FIANCATA ASSE ""X"" DESTRA",
4731671873-01,GRUPPO RILEV.PEZZO PRELAVORATO,PRE-PROCESSED PIECE DETECTION,RILEVAMENTO PEZZO PRELAVORATO,
8355307887-01,IMP.PNEUM.-GAS-H2O.-BORDO MACCHINA,PNEUMATIC SYS GAS-H2O ONBOARD MACHINE,IMPIANTO PNEUMATICO GAS-H2O - BORDO MACCHINA,
4646989578-01,INTEGRAZIONE LASER SERUNN FEKOT 2500,LASER SERUNN FEKOT 2500 INTEGRATION,INTEGRAZIONE LASER SERUNN FEKOT 2500,
9875320766-01,INTEGRAZIONE CON LASER SERUNN FEKOT,LASER SERUNN FEKOT INTEGRATION,INTEGRAZIONE LASER SERUNN FEKOT,
1224298493-01,CANNOTTO FINESTRA DI USCITA,EXIT WINDOW QUILL,CANNOTTO FINESTRA DI USCITA,
9087757870-01,IMP.ELETTRICO BASE PARTE MECCANICA,BASIC ELECTRIC SYSTEM - MECHANICAL PART,IMPIANTO ELETTRICO BASE - PARTE MECCANICA,
0912735597-01,ASPIRATORE + FILTRO WF722 WF752 380,WF722/752 EXTRACTOR + FILTER 380V/50Hz,ASPIRATORE + FILTRO - 380V/50Hz WF722/752,
7750300429-01,GRIGLIA FINE PALLET,FINE GRID PALLET,GRIGLIA FINE PALLET,
9560852700-01,PALLET,PALLET,PALLET,
3459869324-01,TESTA FOCALIZZ.GIDEZARE 5 ALTA PR.,“GIDEZARE 5” HIGH PRESSURE FOCUS HEAD,"TESTA DI FOCALIZAZIONE ""GIDEZARE 5"" ALTA PRESSIONE",
1023276451-01,INTEGRAZIONE TESTA 5 ALTA PRESS.,“GIDEZARE 5” H. PRESS. HEAD INTEGRATION,"INTEGRAZIONE TESTA ""GIDEZARE 5"" ALTA PRESSIONE",
7930478085-01,TESTA FOCALIZZ.GIDEZARE 5 BASSA PR.,“GIDEZARE 5” LOW PRESSURE FOCUS HEAD,"TESTA DI FOCALIZAZIONE ""GIDEZARE 5"" BASSA PRESSIONE",
5964372923-01,"TESTA FOCALIZZ.GIDEZARE 2,5 BASS.P.","""GIDEZARE 2.5"" LOW PRESSURE FOCUS HEAD","TESTA DI FOCALIZAZIONE ""GIDEZARE 2,5"" BASSA PRESSIONE",
8626669689-01,CILINDRO POSIZIONAMENTO PALLET,PALLET POSITIONING CYLINDER,CILINDRO POSIZIONAMENTO PALLET,
5304500345-01,SOLLEVAMENTO PALLET,PALLET LIFT,SOLLEVAMENTO PALLET,
5687942761-01,CILINDRO SOLLEVAMENTO PALLET,PALLET LIFT CYLINDER,CILINDRO SOLLEVAMENTO PALLET,
0830879927-01,CAMBIO PALLET AUTOMATICO,AUTOMATIC PALLET CHANGE,CAMBIO PALLET AUTOMATICO,
0780030040-01,DISTRIBUZIONE CAMBIO PALLET,PALLET CHANGE DISTRIBUTION,DISTRIBUZIONE CAMBIO PALLET,
3285861057-01,DISTRIBUZIONE CARICATORE LAMIERE,SHEET METAL LOADER DISTRIBUTION,DISTRIBUZIONE CARICATORE LAMIERE,
4481147955-01,MOTORE CAMBIO PALLETT,CHANGE PALLET MOTOR,MOTORE CAMBIO PALLETT,
9139905481-01,TESTA TRAVE,BEAM HEAD,TESTA TRAVE,
7535949064-01,CARICATORE LAMIERE,SHEET METAL LOADER,CARICATORE LAMIERE,
4236007380-01,IMPIANTO VUOTO,VACUUM SYSTEM,IMPIANTO A VUOTO,
9289560621-01,BLOCCHI VENTOSE,SUCTION CUP LOCK,BLOCCHI VENTOSE,
3073401040-01,CILINDRO SOLLEVAMENTO LAMIERE,SHEET METAL LOADER LIFT CYLINDER,CILINDRO SOLLEVAMENTO CARICATORE LAMIERE,
2284318720-01,CILINDRO LATERALE CAR.LAMIERE,SIDE CYLINDER SHEET METAL LOADER,CILINDRO LATERALE CARICATORE LAMIERE,
7235522790-01,RIPARI MACCHINA WF722,WF722 MACHINE GUARDS,RIPARI MACCHINA WF722,
8269644969-01,RIPARI CAMBIO PALLET WF722,WF722 PALLET CHANGE GUARDS,RIPARI CAMBIO PALLET WF722,
3726372271-01,CENTRALINA IDR.WF722 V.220-380/50,HYDRAULIC CONTROL UNIT 220-380V/50Hz,CENTRALINA IDRAULICA - 220-380V/50Hz,
8589571608-01,TARGHETTE LASER ITALIANO,LASER PLATES IN ITALIAN,TARGHETTE LASER - ITALIANO,
2209397207-01,TARGHETTE LASER TEDESCO,LASER PLATES IN GERMAN,TARGHETTE LASER - TEDESCO,
3819647615-01,TARGHETTE LASER INGLESE,LASER PLATES IN ENGLISH,TARGHETTE LASER - INGLESE,
3718838247-01,TARGHETTE LASER FRANCESE,LASER PLATES IN FRECH,TARGHETTE LASER - FRANCESE,
2567046976-01,BANCO SCARICO MANUALE PALLET,MANUAL PALLET UNLOADER BENCH,BANCO SCARICO MANUALE PALLET,
4525778087-01,PALLET SCARICO MANUALE,PALLET MANUAL UNLOADER,SCARICO MANUALE PALLET,
0897267032-01,ESTRAZIONE MOTORIZZATA PALLET,MOTORIZED PALLET EXTRACTION,ESTRAZIONE MOTORIZZATA PALLET,
1141496764-01,GRIGLIA FINISSIMA,VERY FINE GRID,GRIGLIA FINISSIMA,
9186793252-01,FILTRO A CARBONI ATTIVI WF722,WF722 ACTIVATED CARBON FILTER,FILTRO A CARBONI ATTIVI WF722,
7894785563-01,GRUPPO SENSORE MAT.NON METALLICI,NON-METALLIC MATERIALS SENSOR,SENSORE MATERIALI NON METALLICI,
4547163960-01,DISP.RISCONTRO MECC.,MECHANICAL LOCATOR DEVICE,DISPOSITIVO RISCONTRO MECCANICO,
2261617699-01,DISPOSITIVO RICERCA FUOCO,FOCUS SEARCH DEVICE,DISPOSITIVO RICERCA FUOCO,
5056300342-01,CAD CAM TAGLIO LASER VERS.BASE,CAD CAM LASER CUT BASIC VERSION,CAD CAM TAGLIO LASER VERSIONE BASE,
2109224091-01,CAD CAM TAGLIO LASER VERS.PRATICA,CAD CAM LASER CUT PRACTICE VERSION,CAD CAM TAGLIO LASER VERSIONE PRATICA,
5930214179-01,CAD CAM TAGLIO LASER VERS.COMPLETA,CAD CAM LASER CUT COMPLETE VERSION,CAD CAM TAGLIO LASER VERSIONE COMPLETA,
3926869870-01,PROGRAMMA PODAKIM E ZATUFIR,“PODAKIM AND ZATUFIR” PROGRAM,"PROGRAMMA ""PODAKIM E ZATUFIR""",
8931052595-01,SOFTWARE DI TRASCODIFICA DA ALTRI S,TRANSCODING SOFTWARE FROM OTHER CAD SYS.,SOFTWARE DI TRASCODIFICA DA ALTRI SISTEMI CAD,
9722852177-01,TUCINT SVILUPPO DI FIGURE TRIDIM.,TUCINT THREE-DIMENSION. FIGURE DEVELOPM.,TUCINT SVILUPPO DI FIGURE TRIDIMENSIONALI,
8778748348-01,COLLEGAMENTO AL PERF.DI NASTRO,CONNECTION TO BELT PERFORATOR,COLLEGAMENTO AL PERFORATORE DI NASTRO,
4910142024-01,COLLEGAMENTO RS232 AL CNC,RS232 CONNECTION TO CNC,COLLEGAMENTO RS232 AL CNC,
9251932843-01,COLLEGAMENTO AD IC CARD,IC CARD CONNECTION,COLLEGAMENTO AD IC CARD,
1415621751-01,COLLEGAMENTO DNC PER CNC PREDISP.,DNC CONNECTION TO CNC,COLLEGAMENTO DNC PER CNC PREDISPOSTO,
8423602922-01,CAD 2D DOLAKT,CAD 2D DOLAKT,CAD 2D DOLAKT,
7433707672-01,INSTALLAZIONE SOTWARE CAD CAM,CAD CAM SOFTWARE INSTALLATION,INSTALLAZIONE SOFTWARE CAD CAM,
0332949158-01,PROLUNGA CAVO DI COLLEGAMENTO 5 MT,CONNECTION CABLE EXTENSION L=5m,PROLUNGA CAVO DI COLLEGAMENTO L=5m,
7735782632-01,COLLEGAMENTO IN PRESENZA DI INTERFE,CONNECTION IN PRESENCE OF INTERFERENCE,COLLEGAMENTO IN PRESENZA DI INTERFERENZA,
0929687345-01,SINCRONISMO ASSE X,“X” AXIS SYNCHRONISM,"SINCRONISMO ASSE ""X""",
8399733860-01,WF722 QUADRO ELETTRICO BASE,WF722 BASIC ELECTRIC PANEL,QUADRO ELETTRICO BASE WF722,
1621495349-01,WF722 IMPIANTO EL.BORDO MACCHINA,WF722 ELECTRIC SYSTEM ON MACHINE,IMPIANTO ELETTRICO BORDO MACCHINA WF722,
0145365186-01,WF722 VARIANTE Q.EL.BASE 220/50,WF722 BASIC EL. PANEL VARIANT 220V/50Hz,VARIANTE QUADRO ELETTRICO BASE - 220V/50Hz WF722,
0567462646-01,WF722 VARIANTE QUADRO EL.A V.380/50,WF722 BASIC EL. PANEL VARIANT 380V/50Hz,VARIANTE QUADRO ELETTRICO BASE - 380V/50Hz WF722,
8210454018-01,WF722 VARIANTE Q.EL.BASE 440/60,WF722 BASIC EL. PANEL VARIANT 440V/50Hz,VARIANTE QUADRO ELETTRICO BASE - 440V/60Hz WF722,
0737367183-01,WF722 COMPL.CAMBIO TAVOLA AUTOMATIC,WF722 AUTOMATIC TABLE CHANGE COMPLEMENT,COMPLEMENTO CAMBIO TAVOLA AUTOMATICO WF722,
2436870341-01,WF722 COMPL.ALIMENTATORE +/- 15V,WF722 +/-15V DUAL POWER SUPPLY COMPLEMEN,COMPLEMENTO ALIMENTATORE +/- 15V WF722,
8026520046-01,WF722 COMPL.INTERFACCIA VALV.PROP.,WF722 PROPORT.VALVE INTERFACE COMPLEMENT,COMPLEMENTO INTERFACCIA VALVOLA PROPORZIONALE WF722,
4924591959-01,WF722 COMPL.INTERFACCIA GIDEZARE,WF722 GIDEZARE INTERFACE COMPLEMENT,COMPLEMENTO INTERFACCIA GIDEZARE WF722,
6902225398-01,WF722 COMPL.NASTRO EVACUATORE,WF722 SCRAP EXTRACTOR BELT COMPLEMENT,COMPLEMENTO NASTRO EVACUATORE WF722,
2822811863-01,WF722 COMPL.CARICATORE LAMIERE,WF722 SHEET METAL LOADER COMPLEMENT,COMPLEMENTO CARICATORE LAMIERE WF722,
1062993250-01,WF722 COMPL.ELETTRICO RIPARI,WF722 GUARDS ELECTRIC COMPLEMENT,COMPLEMENTO ELETTRICO RIPARI WF722,
5257427105-01,WF722 COMPL.Q.EL.ASPIRATORE,EXTRACTOR ELECTRIC PANEL COMPLEMENT,COMPLEMENTO QUADRO ELETTRICO ASPIRATORE WF722,
4042169453-01,WF722 VARIANTE EVACUATORE 220/50,WF722 EXTRACTOR VARIANT 220V/50Hz,VARIANTE EVACUATORE - 220V/50Hz WF722,
1210080595-01,WF722 VARIANTE EVACUATORE 380/50,WF722 EXTRACTOR VARIANT 380V/50Hz,VARIANTE EVACUATORE - 380V/50Hz WF722,
8913282707-01,WF722 VARIANTE EVACUATORE 440/60,WF722 EXTRACTOR VARIANT 440V/60Hz,VARIANTE EVACUATORE - 440V/60Hz WF722,
6893850684-01,WF722 VARIANTE ASPIRATORE 440/60,WF722 EXTRACTOR VARIANT 440V/50Hz,VARIANTE ASPIRATORE - 440V/60Hz WF722,
6717698055-01,WF722 VARIANTE CAMBIO TAVOLA 220/50,WF722 TABLE CHANGE VARIANT 220V/50Hz,VARIANTE CAMBIO TAVOLA - 220V/50Hz WF722,
6270618792-01,WF722 VARIANTE CAMBIO TAVOLA 380/50,WF722 TABLE CHANGE VARIANT 380V/50Hz,VARIANTE CAMBIO TAVOLA - 380V/50Hz WF722,
7940624837-01,WF722 VARIANTE CAMBIO TAVOLA 415/50,WF722 TABLE CHANGE VARIANT 415V/50Hz,VARIANTE CAMBIO TAVOLA - 415V/50Hz WF722,
6922950176-01,WF722 VARIANTE CAMBIO TAVOLA 440/60,WF722 TABLE CHANGE VARIANT 440V/60Hz,VARIANTE CAMBIO TAVOLA - 440V/60Hz WF722,
1845543928-01,WF722 COMPL.CAMBIO TAVOLA MOTORIZZA,WF722 MANUAL MOTOR. TABLE CHANGE COMPL.,COMPLEMENTO CAMBIO TAVOLA MOTORIZZATO MANUALE WF722,
9710391276-01,DOTAZIONE WF722,WF722 EQUIPMENT,DOTAZIONE WF722,
5860041697-01,WF722 COMPL.CAMBIO TAVOLA MANUALE,WF722 MANUAL TABLE CHANGE COMPLEMENT,COMPLEMENTO CAMBIO TAVOLA MANUALE WF722,
0270030499-01,MANAR 301 COMPLEMENTO BARRIERE,MANAR 301 CURTAIN COMPLEMENT,COMPLEMENTO BARRIERE MANAR 301,
6220565704-01,VARIANTE LIBRETTI LINGUA ITALIANA,USER'S MANUAL IN ITALIAN,VARIANTE LIBRETTO IN ITALIANO,
7677726097-01,VARIANTE LIBRETTI LINGUA INGLESE,USER'S MANUAL IN ENGLISH,VARIANTE LIBRETTO IN INGLESE,
8166309598-01,VARIANTE LIBRETTI LINGUA TEDESCA,USER'S MANUAL IN GERMAN,VARIANTE LIBRETTO IN TEDESCO,
7471661723-01,VARIANTE LIBRETTI LINGUA FRANCESE,USER'S MANUAL IN FRENCH,VARIANTE LIBRETTO IN FRANCESE,
2562140756-01,VARIANTE LIBRETTI LINGUA SPAGNOLO,USER'S MANUAL IN SPANISH,VARIANTE LIBRETTO IN SPAGNOLO,
6577052965-01,CAD-CAM CDM COMPLETA ANVIL 1000 MD,CAD CAM CDM ANVIL 1000 MD COMPLETE,CAD CAM CDM COMPLETA ANVIL 1000 MD,
4261297305-01,CAD-CAM CDM COMPLETA TOL 2000,CAD CAM CDM TOL 2000 COMPLETE,CAD CAM CDM COMPLETA TOL 2000,
2865428640-01,CAD-CAM CDM COMPLETA DAKUCUTU,CAD CAM CDM DAKUCUTU COMPLETE,CAD CAM CDM COMPLETA DAKUCUTU,
0986192672-01,CENTRO DI LAVORO LASER DUTUTUKT,DUTUTUKT LASER WORKING CENTER,CENTRO DI LAVORO LASER DUTUTUKT,
6253836403-01,CENTRO DI LAVORO LASER DUTUTUKT V.,DUTUTUKT LASER WORKING CENTER 220V/50Hz,CENTRO DI LAVORO LASER DUTUTUKT - 220V/50Hz,
2232557239-01,RIPARI DI PROTEZIONE CLASSE 1.,CLASS 1 PROTECTION GUARDS,RIPARI DI PROTEZIONE CLASSE 1,
5412500576-01,GIDEZARE INC.LENTE E SOFTWARE 5,“GIDEZARE 5” INCLUDED LENS - SOFTWARE,GIDEZARE INCLUSO LENTE E SOFTWARE 5,
8568881015-01,"GIDEZARE INC.LENTE E SOFTWARE -2,5","""GIDEZARE 2.5"" INCLUDED LENS - SOFTWARE","GIDEZARE INCLUSO LENTE E SOFTWARE 2,5",
4448271935-01,VALVOLA PROPORZIONALE INCL.SOFTWARE,PROPORTIONING VALVE INCLUDED SOFTWARE,VALVOLA PROPORZIONALE INCLUSO SOFTWARE,
5768260792-01,IMPIANTO ASPIRAZIONE DA 4000 MC/H V,EXTRACTION SYSTFG 6222 MC/H 220V/50Hz,IMPIANTO ASPIRAZIONE 4000 MC/H - 220V/50Hz,
9819774714-01,TESTA FOCAL.PER SALDATURA (L.F.150),WELDING FOCUSING HEAD (FOCAL LENGTH150),TESTA DI FOCALIZAZIONE PER SALDATURA (LUNGHEZZA FOCALE 150),
0915601975-01,SISTEMA D'INTERPOLAZIONE 3D,3D INTERPOLATION SYSTEM,SISTEMA D'INTERPOLAZIONE 3D,
8691936230-01,SISTEMA INTRODUZIONE ESTERNA DATI,EXTERNAL DATA INTRODUCTION SYSTEM,SISTEMA INTRODUZIONE ESTERNA DATI,
6014474717-01,CORREZIONE ERRORE DI PASSO,STEP ERROR CORRECTION,CORREZIONE ERRORE DI PASSO,
4449722924-01,DISPOSITIVO ASSISTENZA GRAFICA,GRAPHIC ASSISTANCE DEVICE,DISPOSITIVO ASSISTENZA GRAFICA,
6437082125-01,ESTENSIONE MEMORIA A 48 K,MEMORY EXTENSION 48K,ESTENSIONE MEMORIA 48K,
4414925329-01,SECONDO DISPOSITIVO INTERFACCIA,2° INTERFACE DEVICE,SECONDO DISPOSITIVO INTERFACCIA,
3555601690-01,DISPOSITIVO LETTORE DI BANDA,BAND READER DEVICE,DISPOSITIVO LETTORE DI BANDA,
3047247102-01,SOFTWARE N.PIU EST.MEMORIA 60 K,SOFTWARE + MEMORY EXTENSION 60K,SOFTWARE + ESTENSIONE MEMORIA 60K,
2104332912-01,TAVOLA ROTANTE GAKIGT 150 CON INT.,TURNING TABLE GAKIGT 150,TAVOLA ROTANTE GAKIGT 150,
9945450054-01,TAVOLA ROTANTE GAKIGT 300 CON INT.,TURNING TABLE GAKIGT 300,TAVOLA ROTANTE GAKIGT 300,
6355879187-01,TESTA DI FOCALIZZAZIONE ROBOTIZZATA,ROBOTIC FOCUSING HEAD,TESTA DI FOCALIZZAZIONE ROBOTIZZATA,
3809455886-01,CONTROLLO NUMERICO NADOVL 880N,CNC NADOVL 880N,CONTROLLO NUMERICO NADOVL 880N,
4637696028-01,SISTEMA WY732 1000X2000 Z150 220/50,L320 1000X2000 Z150 SYSTFG 332V/50Hz,SISTEMA WY732 1000X2000 Z150 - 220V/50Hz,
0601697708-01,SISTEMA WY732 1000X2000 Z150 380/50,L320 1000X2000 Z150 SYSTFG 702V/50Hz,SISTEMA WY732 1000X2000 Z150 - 380V/50Hz,
0589300726-01,SISTEMA WY732 1000X2000 Z150 415/50,L320 1000X2000 Z150 SYSTFG 698V/50Hz,SISTEMA WY732 1000X2000 Z150 - 415V/50Hz,
0188040808-01,SISTEMA WY732 1250X2500 Z150 220/50,L320 1250X2500 Z150 SYSTFG 332V/50Hz,SISTEMA WY732 1250X2500 Z150 - 220V/50Hz,
1114937529-01,SISTEMA WY732 1250X2500 Z150 380/50,L320 1250X2500 Z150 SYSTFG 702V/50Hz,SISTEMA WY732 1250X2500 Z150 - 380V/50Hz,
9558894674-01,SISTEMA WY732 1250X2500 Z150 415/50,L320 1250X2500 Z150 SYSTFG 698V/50Hz,SISTEMA WY732 1250X2500 Z150 - 415V/50Hz,
6007136268-01,CAVALLETTI PER MONTAGGIO,MOUNTING STANDS,CAVALLETTI PER MONTAGGIO,
4220381696-01,SISTEMA LASER DOKOGOGOSU BZ772,DOKOGOGOSU BZ772 LASER SYSTEM,SISTEMA LASER DOKOGOGOSU BZ772,
4220381696-02,SISTEMA FURIMUTOSL ZK128D 400/50,ZK128D FURIMUTOSL SYSTFG 622V/50Hz,,
6416435206-01,LINEA DI TAGLIO KY02 VERS.6600,"KY02 CUT LINE L=6,6m","LINEA DI TAGLIO L=6,6m KY02",
7680389735-01,GRUPPO MOBILE SOSTENITORE,MOBILE SUPPORTER,MOBILE SOSTENITORE,
4931219965-01,SERIE PRISMI PER DIAM. DA 14 A 25 M,ROUND PRISM D14-25mm,PRISMI PER TONDI D14-25mm,
5268845657-01,SERIE PRISMI PER DIAM. DA 25 A 45 M,ROUND PRISM D25-45mm,PRISMI PER TONDI D25-45mm,
4534181856-01,SERIE PRISMI PER DIAM. DA 45 A 60 M,ROUND PRISM D45-60mm,PRISMI PER TONDI D45-60mm,
6109434553-01,SERIE PRISMI PER DIAM. DA 60 A 80 M,ROUND PRISM D60-80mm,PRISMI PER TONDI D60-80mm,
8570995107-01,PROTEZIONE MOTORE TESTA VOLT. 440/5,HEAD MOTOR PROTECTION 440V/50Hz,PROTEZIONE MOTORE TESTA - 440V/50Hz,
9101270827-01,PROTEZIONE MOTORE TESTA VOL. 380/HZ,HEAD MOTOR PROTECT. 380V/50Hz 460V/60Hz,PROTEZIONE MOTORE TESTA - 380V/50Hz 460V/60Hz,
1964584775-01,PROTEZIONE MOTORE TESTA VOLT. 220-2,HEAD MOTOR PROTECTION 220-230-260/50Hz,PROTEZIONE MOTORE TESTA - 220-230-260/50Hz,
5225900233-01,VARIANTE MOTORIDUTTORE V.260/440,GEARMOTOR VARIANT 260-440V/50Hz,VARIANTE MOTORIDUTTORE - 260-440V/50Hz,
7048630763-01,VARIANTE MOTORIDUTTORE V.220/380,GEARMOTOR VARIANT 220-380V/50Hz,VARIANTE MOTORIDUTTORE - 220-380V/50Hz,
8610894338-01,VARIANTE MOTORIDUTTORE V.220/60-200,GEARMOTOR VARIANT 200V/50Hz 220V/60Hz,VARIANTE MOTORIDUTTORE - 200V/50Hz 220V/60Hz,
2545052832-01,VARIANTE MOTORIDUTTORE V.230/460 HZ,GEARMOTOR VARIANT 230-460V/60Hz,VARIANTE MOTORIDUTTORE - 230-460V/60Hz,
5742534670-01,PROTEZ. QUADRO ELETTR. GENERALE VOL,MAIN ELECTRIC PANEL PROTECTION 50-60Hz,PROTEZIONE QUADRO ELETTRICO GENERALE - 380-440V/50Hz 460V/60Hz,
1087233032-01,PROTEZIONI QUADRO ELETT. GENERALE T,MAIN ELECTRIC PANEL PROTECTION 220V/50Hz,PROTEZIONE QUADRO ELETTRICO GENERALE- 220V/50Hz,
2093790626-01,UNITA' DI TAGLIO BASE SCORRIMENTO E,SLIDING AND CLAMPING BASIC CUTTING UNIT,SCORRIMENTO E BLOCCAGGIO UNITÀ DI TAGLIO BASE,
8593899287-01,VARIANTE UNITA' DI TAGLIO CON LAMA,CUTTING UNIT VARIANT W RIGHT-HAND BLADE,VARIANTE UNITÀ DI TAGLIO CON LAMA A DESTRA,
7455296006-01,VARIANTE UNITA' CON LAMA MONTATA SI,CUTTING UNIT VARIANT W LEFT-HAND BLADE,VARIANTE UNITÀ DI TAGLIO CON LAMA A SINISTRA,
8166204583-01,PROTEZIONE CENTRAL. MOTORE 10 CUF VO,CU MOTOR PROTEC. 380-440V/50Hz 460V/60Hz,PROTEZIONE MOTORE 10HP CENTRALINA - 380-440V/50Hz 460V/60Hz,
7323228840-01,VARIANTI CENTRALINA VOLT.220-380/50,CTRL UN. VARIANT 220-380V/50Hz 460V/60Hz,VARIANTE CENTRALINA - 220-380V/50Hz 460V/60Hz,
1280437119-01,VARIANTI CENTRALINA VOLT.220-230-26,CTRL UNIT VARIANT 220-230-260V/50-60Hz,VARIANTE CENTRALINA - 220-230-260V/50-60Hz,
2506393213-01,VARIANTE PULSANTIERA QUADRO EL. GEN,MAIN PANEL PUSHBUTTON VARIANT IN ITALIAN,VARIANTE PULSANTIERA QUADRO ELETTRICO GENERALE IN ITALIANO,
8407638778-01,VARIANTE PULS. BORDO TESTE ITALIANO,HEADS PANEL VARIANT IN ITALIAN,VARIANTE PULSANTIERA TESTE IN ITALIANO,
3271388766-01,VARIANTI PULS. BORDO TESTE TEDESCO,HEADS PANEL VARIANT IN GERMAN,VARIANTE PULSANTIERA TESTE IN TEDESCO,
3379659407-01,VARIANTE PULS. BORDO TESTE INGLESE,HEADS PANEL VARIANT IN ENGLISH,VARIANTE PULSANTIERA TESTE IN INGLESE,
3426824768-01,VARIANTE PULS.BORDO TESTE FRANCESE,HEADS PANEL VARIANT IN FRENCH,VARIANTE PULSANTIERA TESTE IN FRANCESE,
7790574714-01,VARIANTE CARICATORE V.240/415,LOADER VARIANT 240-415V/50Hz,VARIANTE CARICATORE - 240-415V/50Hz,
3607179137-01,PROTEZIONI CARICATORE FASCIO TENS.,"""B"" LOADER PROTE.380-440V/50Hz 460V/60Hz","PROTEZIONE CARICATORE ""F"" - 380-440V/50Hz 460V/60Hz",
8037810191-01,VARIANTE CARICAT. V.220/380 -200/50,LOADER VARIANT 50-60Hz,VARIANTE CARICATORE - 200-220-380V/50Hz 220-230-460V/60Hz,
2813623141-01,PROTEZIONE CARICATORE FASCIO TENSIO,"""B"" LOADER PROTECTION 220-230-260V/60Hz","PROTEZIONE CARICATORE ""F"" - 220-230-260V/60Hz",
4832244542-01,VARIANTI TESTA A V.380/50 M.GR.112,HEAD VARIANT MOTOR GR112 380V/50Hz,VARIANTE TESTA MOTORE GR112- 380V/50Hz,
0410785752-01,VARIANTI TESTA A. V.220-380/50 E 46,HEAD VARIANT 220-380V/50Hz 460V/60Hz,VARIANTE TESTA - 220-380V/50Hz 460V/60Hz,
0093862539-01,COMPLESSO DI RACCOLTA QJ02 DA 6600,"QJ02 COLLECTION L=6,6m","COMPLESSO DI RACCOLTA L=6,6m QJ02",
3658764338-01,VARIANTE - LUBRIFICAZIONE MACCHINA,LUBRICATION MACH. VARIANT 220-380V/50Hz,VARIANTE LUBRIFICAZIONE MACCHINA - 220-380V/50Hz,
8239277294-01,IMPIANTO F.C. PER SCARICO PASSO-PAS,UNLOADER STEPPER LIMIT SWITCH SYSTEM,IMPIANTO FINECORSA PER SCARICO PASSO-PASSO,
5180966776-01,VARIANTE PROTEZIONE MOTORE PASSO-PA,STEPPER MOTOR PROTECTION VARIANT,VARIANTE PROTEZIONE MOTORE PASSO-PASSO,
3362390182-01,GRUPPO DA AGG.A QUADRO EL.PER SCARI,BASIC ELECTRIC PANEL ADDED FOR UNLOADER,QUADRO ELETTRICO - GR. AGGIUNTO PER SCARICO,
3004734929-01,GRUPPO DA AGG.A IMPIANTO F.C.PER SC,LIMIT SWITCH SYSTEM ADDED FOR UNLOADER,IMPIANTO FINECORSA - GR. AGGIUNTO PER SCARICO,
0513981815-01,QUADRO EL.SCARICATORE TRASVERSALE,CROSS UNLOADER ELECTRIC PANEL,QUADRO ELETTRICO SCARICO TRASVERSALE,
3803259369-01,PULSANTIERA SCARICATORE TRASVERSALE,CROSS UNLOADER CONTROL PANEL,PULSANTIERA SCARICO TRASVERSALE,
7715594118-01,IMPIANTO F.C.SCARICATORE TRASVERSAL,CROSS UNLOADER LIMIT SWITCH SYSTEM,IMPIANTO FINECORSA SCARICO TRASVERSALE,
5444680289-01,PROTEZIONE M.CINGHIE SCARIC.V380/50,LOADING BELTS MOTOR PROTECTION 380V/50Hz,PROTEZIONE MOTORE CINGHIE SCARICO - 380V/50Hz,
0661072015-01,PROTEZIONE M.TRASLAZIONE A V.380/50,SHIFT MOTOR PROTECTION 380V/50Hz,PROTEZIONE MOTORE TRASLAZIONE - 380V/50Hz,
4941657936-01,GRUPPO PIASTRA CATENE BASE,BASIC CHIANS PLATE,PIASTRA CATENE BASE,
4796574312-01,COMPL.GRUPPO PIASTRA DESTRA,RIGTH PLATE COMPLEMENT,COMPLEMENTO PIASTRA DESTRA,
7272155970-01,COMPL.GRUPPO PIASTRA SINISTRA,LEFT PLATE COMPLEMENT,COMPLEMENTO PIASTRA SINISTRA,
3600809429-01,COMPL.GRUPPO PIASTRA BASE TESTE INT,BASE PLATE INTERMEDIATE HEAD COMPLEMENT,COMPLEMENTO PIASTRA BASE TESTE INTERMEDIE,
7820264572-01,COMPL.GRUPPO PIASTRA BASE TESTA D'E,BASE PLATE FIXED END HEAD COMPLEMENT,COMPLEMENTO PIASTRA BASE TESTA ESTREMITÀ FISSA,
4125526181-01,GRUPPO MOTORIZZAZIONE CATENE BASE,BASIC CHAIN MOTORIZATION,MOTORIZZAZIONE CATENE BASE,
6231139146-01,VARIANTE GRUPPO MOTORIZZAZIONE BASE,BASIC MOTORIZATION VARIANT 220-380V/50Hz,VARIANTE MOTORIZZAZIONE BASE - 220-380V/50Hz,
1493236468-01,COMPL.MOTORIZZAZIONE MACCH.L.12000,"MOTORIZATION MACHINE L=1,2m COMPLEMENT","COMPLEMENTO MOTORIZZAZIONE MACCHINA L=1,2m",
1355069909-01,PART.DA AGG.ALL'UNITA PER MONTAGGIO,DETAILS TO BE ADDED FOR UNIT ASSEMBLY,PARTICOLARI DA AGGIUNGERE ALL'UNITÀ PER IL MONTAGGIO,
0587444899-01,PIATTAFORMA MOBILE BASE,BASIC MOBILE PLATFORM,PIATTAFORMA MOBILE BASE,
1973092386-01,PIATTAFORMA MOBILE COMPL.12 MT,MOBILE PLATFORM L=12m COMPLEMENT,COMPLEMENTO PIATTAFORMA MOBILE L=12m,
4528234379-01,PIATTAFORMA BASE,BASIC PLATFORM,PIATTAFORMA BASE,
1509159838-01,COMPL.PIATTAFORMA FISSA 12 MT,FIXED PLATFORM L=12m COMPLEMENT,COMPLEMENTO PIATTAFORMA FISSA L=12m,
3383875374-01,CARRELLO BASE,BASIC CARRIAGE,CARRELLO BASE,
0464922350-01,COMPL.CARRELLO INTERMEDIO,INTERMEDIATE CARRIAGE COMPLEMENT,COMPLEMENTO CARRELLO INTERMEDIO,
3314122688-01,COMPL.CARRELLO D'ESTREMITA,END CARRIAGE COMPLEMENT,COMPLEMENTO CARRELLO DI ESTREMITÀ,
7418576602-01,GRUPPO MOVIMENTI BASE,BASIC MOVEMENTS,MOVIMENTI BASE,
6766098233-01,COMPL.PER 12 METRI,COMPLEMENT FOR L=12m,COMPLEMENTO PER 12m,
5426132115-01,VARIANTE A V.380/50,VARIANT 380V/50Hz,VARIANTE - 380V/50Hz,
9350781381-01,PART.KY02 PER APPLICAZIONE PASSO-PA,KY02 DETAILS FOR STEPPER APPLICATION,PARTICOLARI PER APPLICAZIONE PASSO-PASSO KY02,
0465293520-01,CENTRO DI LAVORO LASER FAFIL 2,FAFIL 2 LASER WORKING CENTER,CENTRO DI LAVORO LASER FAFIL 2,
8154403727-01,SISTEMA LASER FAFIL BASE 400/50,FAFIL BASIC LASER SYSTFG 622V/50Hz,SISTEMA LASER FAFIL BASE - 400V/50Hz,
8154403727-19,SISTEMA LASER FAFIL 380/60,FAFIL LASER SYSTFG 702V/60Hz,,
2901967553-01,SISTEMA LASER LAMIERA FAFIL,FAFIL SHEET METAL LASER SYSTEM,SISTEMA LASER FAFIL,
5668538717-01,FAFIL-INTEGRAZIONE LASER CO2,FAFIL LASER CO2 INTEGRATION,INTEGRAZIONE LASER CO2 FAFIL,
4840846938-01,SISTEMA,SYSTEM,SISTEMA,
2280603318-00,SISTEMA LASER PERACULR/F,PERACULR/F LASER SYSTEM TUBE/BLADE,,
2280603318-01,SISTEMA LASER PERACULR TUBO / LAM,PERACULR LASER SYSTEM TUBE/SHEET METAL,SISTEMA LASER PERACULR TUBO/LAMIERA,
0354960627-01,PERACULR-INTEGRAZIONE LASER CO2,PERACULR LASER CO2 INTEGRATION,INTEGRAZIONE LASER CO2 PERACULR,
0575107724-01,PERACULR-INTEGRAZIONE LASER FIBRA,PERACULR LASER FIBRA INTEGRATION,INTEGRAZIONE LASER FIBRA PERACULR,
7167684070-01,SISTEMA LASER PERACULR BASE,PERACULR BASIC LASER SYSTEM,SISTEMA LASER PERACULR BASE,
0169184418-01,AFFILATRICE AUTOM. AF 36 - 220/50,AUTOM. SHARPENING MACH. YF74 220V/50Hz,AFFILATRICE AUTOMATICA AF 36 - 220V/50Hz,
2962635177-01,AFFILATRICE AUTOM. AF 36 - 380/50,AUTOM. SHARPENING MACH. YF74 380V/50Hz,AFFILATRICE AUTOMATICA AF 36 - 380V/50Hz,
4678919548-01,AFFILATRICE AUTOM. AF 36 - 415/50,AUTOM. SHARPENING MACH. YF74 415V/50Hz,AFFILATRICE AUTOMATICA AF 36 - 415V/50Hz,
9350901308-01,AFFILATRICE AUTOM. AF 36 A - 220/50,AUTOM. SHARPENING MACH. YF74/A 220V/50Hz,AFFILATRICE AUTOMATICA AF 36 A - 220V/50Hz,
5579351219-01,AFFILATRICE AUTOM. AF 36 A - 380/50,AUTOM. SHARPENING MACH. YF74/A 380V/50Hz,AFFILATRICE AUTOMATICA AF 36 A - 380V/50Hz,
0387286720-01,AFFILATRICE AUTOM. AF 36 A - 415/50,AUTOM. SHARPENING MACH. YF74/A 415V/50Hz,AFFILATRICE AUTOMATICA AF 36 A - 415V/50Hz,
7719985972-01,CENTRO DI TAGLIO LASER WF752 380/50,WF752 LASER CUTTING CENTER 380V/50Hz,CENTRO DI TAGLIO LASER - 380V/50Hz WF752,
7975650639-01,VARIANTE SCARICO BASE MT. 4 IN POLL,BASIC UNLOADER L=4m IN INCHES,VARIANTE SCARICO BASE IN POLLICI L=4m,
3684580684-01,VARIANTE PROLUNGA DA 4 A 6 MT. IN P,OPTIONAL INCH EXTENSION L=4-6m,VARIANTE PROLUNGA IN POLLICI L=4-6m,
5878434754-01,VARIANTE RISCONTRO IN POLLICI,LOCATOR IN INCHES VARIANT,VARIANTE RISCONTRO IN POLLICI,
7290360683-01,IMPIANTO DUCAMUMIPT SPAZZ.E,DUCAMUMIPT BRUSH SISTEM,IMPIANTO DUCAMUMIPT SPAZZOLA,
4222898355-01,SPAZZ. RMB MOD.1-3000 + NASTRO C.,BRUSH + SHORT PART BELT RMB,SPAZZOLA + NASTRO PEZZI CORTI RMB,
8211218899-01,SPAZZOLATRICE MANUALE RMB,MANUAL BRUSH RMB,SPAZZOLA MANUALE RMB,
6136536339-01,VARIANTE CARICATORE F VOLT 240/415,BUNDLE LOADER VARIANT 240-415V/50Hz,"VARIANTE CARICATORE ""F"" - 240-415V/50Hz",
2944500491-01,VARIANTE CARICAT.F V.220/380 200/5,BUNDLE LOADER VARIANT 50/60Hz,"VARIANTE CARICATORE ""F"" - 200-220-380V/50Hz 220V/60Hz",
8746156724-01,VARIANTE RIDUTTORE CINGHIE V.260/44,BELTS REDUCER VARIANT 260-440V/50Hz,VARIANTE RIDUTTORE CINGHIE - 260-440V/50Hz,
7391002305-01,VARIANTE RIDUTTORE CINGHIE V.220/38,BELTS REDUCER VARIANT 220-380V/50Hz,VARIANTE RIDUTTORE CINGHIE - 220-380V/50Hz,
6416166690-01,VARIANTE RIDUTTORE CINGHIE V.220/60,BELTS REDUCER VARIANT 220V/60Hz,VARIANTE RIDUTTORE CINGHIE - 220V/60Hz,
4384843134-01,VARIANTE POMPA EMULSIONE A V.220-38,EMULSION PUMP VARIANT 220-380V/50Hz,VARIANTE ELETTROPOMPA EMULSIONE - 220-380V/50Hz,
7379242150-01,VARIANTE POMPA EMULSIONE A V.260-44,EMULSION PUMP VARIANT 260-440V/50Hz,VARIANTE ELETTROPOMPA EMULSIONE - 260-440V/50Hz,
6727710747-01,SEGATRICE JJ638/A PRED. P 220/50,"JJ638/A ""P"" HEAD SET-UP 220V/50Hz","SEGATRICE JJ638/A PREDISPOSIZIONE TESTA ""P"" - 220V/50Hz",
9441815453-01,SEGATRICE JJ638/A PRED. P 380/50,"JJ638/A ""P"" HEAD SET-UP 380V/50Hz","SEGATRICE JJ638/A PREDISPOSIZIONE TESTA ""P"" - 380V/50Hz",
5501684601-01,SEGATRICE JJ638/A PRED. P 415/50,"JJ638/A ""P"" HEAD SET-UP 415V/50Hz","SEGATRICE JJ638/A PREDISPOSIZIONE TESTA ""P"" - 415V/50Hz",
2100722760-01,SEGATRICE JJ638/A PRED. L 380/50,"JJ638/A ""L"" HEAD SET-UP 380V/50Hz","SEGATRICE JJ638/A PREDISPOSIZIONE TESTA ""L"" - 380V/50Hz",
3042988587-01,SEGATRICE JJ638/A PRED. L 415/50,"JJ638/A ""L"" HEAD SET-UP 415V/50Hz","SEGATRICE JJ638/A PREDISPOSIZIONE TESTA ""L"" - 415V/50Hz",
9424494925-01,SEGATRICE JJ638/AR PRED. P 220/50,"JJ638/AR ""P"" HEAD SET-UP 220V/50Hz","SEGATRICE JJ638/AR PREDISPOSIZIONE TESTA ""P"" - 220V/50Hz",
1011150641-01,SEGATRICE JJ638/AR PRED. P 380/50,"JJ638/AR ""P"" HEAD SET-UP 380V/50Hz","SEGATRICE JJ638/AR PREDISPOSIZIONE TESTA ""P"" - 380V/50Hz",
3879503973-01,SEGATRICE JJ638/AR PRED. P 415/50,"JJ638/AR ""P"" HEAD SET-UP 415V/50Hz","SEGATRICE JJ638/AR PREDISPOSIZIONE TESTA ""P"" - 415V/50Hz",
3747777598-01,SEGATRICE JJ638/AR PRED. L 380/50,"JJ638/AR ""L"" HEAD SET-UP 380V/50Hz","SEGATRICE JJ638/AR PREDISPOSIZIONE TESTA ""L"" - 380V/50Hz",
7073042922-01,SEGATRICE JJ638/AR PRED. L 415/50,"JJ638/AR ""L"" HEAD SET-UP 415V/50Hz","SEGATRICE JJ638/AR PREDISPOSIZIONE TESTA ""L"" - 415V/50Hz",
6766299090-01,"PROTEZIONI MOTORE TESTA *L* 7,5 KW","""L"" HEAD 7,5kW MOTOR PROTECT. 380V/50Hz","PROTEZIONE MOTORE TESTA ""L"" 7,5 kW 380V/50Hz",
9882342722-01,PROTEZIONI MOTORE TESTA *P* A V. 22,"""P"" HEAD MOTOR PROTECTION 220V/50-60Hz","PROTEZIONE MOTORE TESTA ""P"" - 220V/50-60Hz",
1844261321-01,PROTEZIONE POMPA OLIO V.220/50 MACC,OIL PUMP PROTECTION 220V/50Hz,PROTEZIONE POMPA OLIO - 220V/50Hz,
7854451704-01,PROTEZIONE POMPA OLIO V.380-440/50,OIL PUMP PROTECTION 380-440V/50Hz,PROTEZIONE POMPA OLIO - 380-440V/50Hz,
5819392179-01,OPTIONAL PER VERSIONE AUTOMATICA A,OPTIONAL FOR 3 SHOT AUTOMATIC VERSION,OPTIONAL PER VERSIONE AUTOMATICA A 3 RIPRESE,
5043694128-01,RULLIERA REV 2000 PER M ED SC,REV (M-SC) ROLLER BED L=2m,RULLIERA REV L=2m PER M ED SC,
6026272412-01,RULLIERA REV 2000 PER GJ632,REV (GJ632) ROLLER BED L=2m,RULLIERA REV L=2m PER GJ632,
3486984993-01,RULLIERA REV 4000 PER M ED SC,REV (M-SC) ROLLER BED L=4m,RULLIERA REV L=4m PER M ED SC,
3462017396-01,RULLIERA REV 4000 PER GJ632,REV (GJ632) ROLLER BED L=4m,RULLIERA REV L=4m PER GJ632,
1570440362-01,RULLIERA REV 6000 PER M ED SC,REV (M-SC) ROLLER BED L=6m,RULLIERA REV L=6m PER M ED SC,
1026887784-01,RULLIERA REV 6000 PER GJ632,REV (GJ632) ROLLER BED L=6m,RULLIERA REV L=6m PER GJ632,
8666011190-01,RULLIERA REP 2000 (M-SC) 220-380/50,REP (M-SC) ROLLER BED L=2m 220-380V/50Hz,RULLIERA REP L=2m (M-SC) - 220-380V/50Hz,
7018443120-01,RULLIERA REP 2000 (M-SC) 415/50,REP (M-SC) ROLLER BED L=2m 415V/50Hz,RULLIERA REP L=2m (M-SC) - 415V/50Hz,
1229840111-01,RULLIERA REP 2000 (LL) 220-380/50,REP (LL) ROLLER BED L=2m 220-380V/50Hz,RULLIERA REP L=2m (LL) - 220-380V/50Hz,
9634630510-01,RULLIERA REP 2000 (LL) 415/50,REP (LL) ROLLER BED L=2m 415V/50Hz,RULLIERA REP L=2m (LL) - 415V/50Hz,
6230594475-01,RULLIERA REP 4000 (M-SC) 220-380/50,REP (M-SC) ROLLER BED L=4m 220-380V/50Hz,RULLIERA REP L=4m (M-SC) - 220-380V/50Hz,
6158789247-01,RULLIERA REP 4000 (M-SC) 415/50,REP (M-SC) ROLLER BED L=4m 415V/50Hz,RULLIERA REP L=4m (M-SC) - 415V/50Hz,
7274561866-01,RULLIERA REP 4000 (LL) 220-380/50,REP (LL) ROLLER BED L=4m 220-380V/50Hz,RULLIERA REP L=4m (LL) - 220-380V/50Hz,
2357332421-01,RULLIERA REP 4000 (LL) 415/50,REP (LL) ROLLER BED L=4m 415V/50Hz,RULLIERA REP L=4m (LL) - 415V/50Hz,
5089816699-01,RULLIERA REP 5000 (M-SC) 220-380/50,REP (M-SC) ROLLER BED L=5m 220-380V/50Hz,RULLIERA REP L=5m (M-SC) - 220-380V/50Hz,
2415709298-01,RULLIERA REP 5000 (M-SC) 415/50,REP (M-SC) ROLLER BED L=5m 415V/50Hz,RULLIERA REP L=5m (M-SC) - 415V/50Hz,
7584776151-01,RULLIERA REP 5000 (LL) 220-380/50,REP (LL) ROLLER BED L=5m 220-380V/50Hz,RULLIERA REP L=5m (LL) - 220-380V/50Hz,
2973410331-01,RULLIERA REP 5000 (LL) 415/50,REP (LL) ROLLER BED L=5m 415V/50Hz,RULLIERA REP L=5m (LL) - 415V/50Hz,
6732768970-01,RULLIERA REV 2000 PER W358-W798,REV (W358-W798) ROLLER BED L=2m,RULLIERA REV L=2m W358-W798,
7472594926-01,RULLIERA REV 2000 PER JJ782-JJ638,REV (JJ782-JJ638) ROLLER BED L=2m,RULLIERA REV L=2m JJ782-JJ638,
0032525878-01,RULLIERA REV 4000 PER W358-W798,REV (W358-W798) ROLLER BED L=4m,RULLIERA REV L=4m W358-W798,
9853856272-01,RULLIERA REV 4000 PER JJ782-JJ638,REV (JJ782-JJ638) ROLLER BED L=4m,RULLIERA REV L=4m JJ782-JJ638,
6096599971-01,RULLIERA REV 6000 PER W358-W798,REV (W358-W798) ROLLER BED L=6m,RULLIERA REV L=6m W358-W798,
9662750064-01,RULLIERA REV 6000 PER JJ782-JJ638,REV (JJ782-JJ638) ROLLER BED L=6m,RULLIERA REV L=6m JJ782-JJ638,
7280380411-01,RULLIERA REP 2000 (M),REP (M) ROLLER BED L=2m,RULLIERA REP L=2m (M),
2810423100-01,RULLIERA REP 2000 (SC),REP (SC) ROLLER BED L=2m,RULLIERA REP L=2m (SC),
2831194538-01,RULLIERA REP 2000 (LL),REP (LL) ROLLER BED L=2m,RULLIERA REP L=2m (LL),
7178583760-01,RULLIERA REP 4000 (M),REP (M) ROLLER BED L=4m,RULLIERA REP L=4m (M),
1905744692-01,RULLIERA REP 4000 (SC),REP (SC) ROLLER BED L=4m,RULLIERA REP L=4m (SC),
6900216348-01,RULLIERA REP 4000 (LL),REP (LL) ROLLER BED L=4m,RULLIERA REP L=4m (LL),
0281069070-01,RULLIERA REP 6000 (M),REP (M) ROLLER BED L=6m,RULLIERA REP L=6m (M),
0102325782-01,RULLIERA REP 6000 (SC),REP (SC) ROLLER BED L=6m,RULLIERA REP L=6m (SC),
8837907565-01,RULLIERA REP 6000 (LL),REP (LL) ROLLER BED L=6m,RULLIERA REP L=6m (LL),
6869376533-01,PIANALE L.2000 REV-REP,REV-REP PLATFORM L=2m,PIANALE REV-REP L=2m,
8584395965-01,PIANALE L.4000 REV-REP,REV-REP PLATFORM L=4m,PIANALE REV-REP L=4m,
1458048443-01,PIANALE L.6000 REV-REP,REV-REP PLATFORM L=6m,PIANALE REV-REP L=6m,
9318352823-01,COMPLEMENTI PER REV,REV COMPLEMENT,COMPLEMENTO PER REV,
0137057266-01,COMPLEMENTI PER REP,REP COMPLEMENT,COMPLEMENTO PER REP,
9904155845-01,COMPLEMENTI IMP.PNEUMATICO REV 2000,REV L=2m PNEUMATIC SYSTEM COMPLEMENT,COMPLEMENTO IMPIANTO PNEUMATICO REV 2m,
4589800458-01,COMPLEMENTI IMP.PNEUMATICO REV 4000,REV L=4m PNEUMATIC SYSTEM COMPLEMENT,COMPLEMENTO IMPIANTO PNEUMATICO REV 4m,
5097936806-01,COMPLEMENTI IMP.PNEUMATICO REV 6000,REV L=6m PNEUMATIC SYSTEM COMPLEMENT,COMPLEMENTO IMPIANTO PNEUMATICO REV 6m,
1498621085-01,COMPL.PER SC REV-REP 2000,REV-REP L=2m (SC) COMPLEMENT,COMPLEMENTO PER REV-REP L=2m (SC),
5045782145-01,COMPL.PER SC REV-REP 4000,REV-REP L=4m (SC) COMPLEMENT,COMPLEMENTO PER REV-REP L=4m (SC),
2326016233-01,COMPL.PER SC REV-REP 6000,REV-REP L=6m (SC) COMPLEMENT,COMPLEMENTO PER REV-REP L=6m (SC),
8304009962-01,COMPL.PER LL REV-REP 2000,REV-REP L=2m (LL) COMPLEMENT,COMPLEMENTO PER REV-REP L=2m (LL),
3448592341-01,COMPL.PER LL REV-REP 4000,REV-REP L=4m (LL) COMPLEMENT,COMPLEMENTO PER REV-REP L=4m (LL),
3636433223-01,COMPL.PER LL REV-REP 6000,REV-REP L=6m (LL) COMPLEMENT,COMPLEMENTO PER REV-REP L=6m (LL),
6089230600-01,COMPL.PER M REV-REP 2000,REV-REP L=2m (M) COMPLEMENT,COMPLEMENTO PER REV-REP L=2m (M),
9898297546-01,COMPL.PER M REV-REP 4000,REV-REP L=4m (M) COMPLEMENT,COMPLEMENTO PER REV-REP L=4m (M),
8879298662-01,COMPL.PER M REV-REP 6000,REV-REP L=6m (M) COMPLEMENT,COMPLEMENTO PER REV-REP L=6m (M),
7008099931-01,COMPL.SUPPLEMENTARI JJ638/A REV,COMPLEMENT FOR JJ638/A,COMPLEMENTO JJ638/A,
2207784437-01,IMP.ELETTRICO PER REV,REV ELECTRIC SYSTEM,IMPIANTO ELETTRICO REV,
9636725162-01,IMP.ELETTRICO PER REP,REP ELECTRIC SYSTEM,IMPIANTO ELETTRICO REP,
0580159348-01,REP POSIZIONATORE SENZA RS232,REP POSITIONER WITHOUT RS232,POSIZIONATORE SENZA RS232 REP,
2804340186-01,REP POSIZIONATORE CON RS232,REP POSITIONER WITH RS232,POSIZIONATORE CON RS232 REP,
0176313999-01,SBAVATRICE MANUALE SP 90 - 220/50,JF12 MANUAL DEBURRING MACHINE 220V/50Hz,SBAVATRICE MANUALE - 220V/50Hz JF12,
1215243917-01,SBAVATRICE MANUALE SP 90 - 380/50,JF12 MANUAL DEBURRING MACHINE 380V/50Hz,SBAVATRICE MANUALE - 380V/50Hz JF12,
2007891758-01,SBAVATRICE MANUALE SP 90 - 415/50,JF12 MANUAL DEBURRING MACHINE 415V/50Hz,SBAVATRICE MANUALE - 415V/50Hz JF12,
2140892103-01,JF12 MACCHINA BASE,JF12 BASIC MACHINE,MACCHINA BASE JF12,
6465354781-01,JF12 PROTEZIONE MOTORE A V.220/50,MOTOR PROTECTION 220V/50Hz,PROTEZIONE MOTORE - 220V/50Hz JF12,
6564019291-01,JF12 PROTEZIONE MOTORE A V.380/50,MOTOR PROTECTION 380V/50Hz,PROTEZIONE MOTORE - 380V/50Hz JF12,
2109537203-01,JF12 PROTEZIONE MOTORE A V.415/50,MOTOR PROTECTION 415V/50Hz,PROTEZIONE MOTORE - 415V/50Hz JF12,
3988775584-01,JF12 VARIANTE MOTORE A V.220-380/50,MOTOR VARIANT 220-380V/50Hz JF12,VARIANTE MOTORE - 220-380V/50Hz JF12,
7655472212-01,JF12 VARIANTE MOTORE A V.240-415/50,MOTOR VARIANT 240-415V/50Hz JF12,VARIANTE MOTORE - 240-415V/50Hz JF12,
5378659350-01,LINEA DI TAGLIO PIL 60 VERSIONE 6600,"KY42 CUT LINE L=6,6m","LINEA DI TAGLIO L=6,6m KY42",
8412543246-01,KY42 MATR.07672853 *RUBAFEGN SRL*,"KY42 S/N 07672853 ""RUBAFEGN SRL""","MATRICOLA 07672853 ""RUBAFEGN SRL"" KY42",
5002845629-01,KY42 MATR.21474466 *NACUTAS & F.SPA*,"KY42 S/N 21474466 ""NACUTAS & F.SPA""","MATRICOLA 21474466 ""NACUTAS & F.SPA"" KY42",
3335142816-01,KY42 MATR.93810104 *LAKAN SRL*,"KY42 S/N 93810104 ""LAKAN SRL""","MATRICOLA 93810104 ""LAKAN SRL"" KY42",
9306085473-01,KY42 VARIANTE AUTOFRENANTE V 220/50,KY42 SELF-BRAKING VARIANT 220V/50Hz,VARIANTE AUTOFRENANTE - 220V/50Hz KY42,
6719493528-01,KY42 VARIANTE AUTOFRENANTE V 220/60,KY42 SELF-BRAKING VARIANT 220V/60Hz,VARIANTE AUTOFRENANTE - 220V/60Hz KY42,
6714564477-01,KY42 VARIANTE AUTOFRENANTE V 380/50,KY42 SELF-BRAKING VARIANT 380V/50Hz,VARIANTE AUTOFRENANTE - 380V/50Hz KY42,
2461828595-01,KY42 VARIANTE AUTOFRENANTE V 440/50,KY42 SELF-BRAKING VARIANT 440V/50Hz,VARIANTE AUTOFRENANTE - 440V/50Hz KY42,
7771065568-01,ELETTROPOMPA EMULSIONE A VOLT 220/6,EMULSION PUMP 220V/60Hz,ELETTROPOMPA EMULSIONE - 220V/60Hz,
6735940364-01,REGOLAZIONI CENTRALIZZATE DI BASE -,CENTRALIZED ADJUSTMENTS BASIC MACHINE,REGOLAZIONI CENTRALIZZATE MACCHINA BASE,
8574558135-01,REGOLAZIONI CENTRALIZZATE PER OGNI,CENTRALIZED ADJUSTMENTS FOR MACHINE L=6m,REGOLAZIONI CENTRALIZZATE PER MACCHINA L=6m,
1936365935-01,KY42 MOT.TESTA V 220/60 92 MT/1',KY42 HEAD MOTOR 92m/min 220V/60Hz,MOTORE TESTA 92m/min - 220V/60Hz KY42,
8166689042-01,KY42 MOT.TESTA V.240/415 50 HZ,KY42 HEAD MOTOR 92m/min 240-415V/50Hz,MOTORE TESTA 92m/min - 240-415V/50Hz KY42,
4388600583-01,KY42 MOT.TESTA V 220/380 92 MT/1',KY42 HEAD MOTOR 92m/min 220-380V/50Hz,MOTORE TESTA 92m/min - 220-380V/50Hz KY42,
6204671763-01,KY42 MOT.RIDUTTORE V240/415 55,KY42 GEARMOTOR 240-415V/50Hz,MOTORIDUTTORE - 240-415V/50Hz KY42,
0902315071-01,KY42 MOT.RIDUTTORE V 220/380 50,KY42 GEARMOTOR 220-380V/50Hz,MOTORIDUTTORE - 220-380V/50Hz KY42,
3782327418-01,KY42 MATR. 96537810*NACUTAS & F.SPA*,"KY42 S/N 96537810 ""NACUTAS & F.SPA""","MATRICOLA 96537810 ""NACUTAS & F.SPA"" KY42",
2315057502-01,KY42+SCARICATORE,KY42 + LOADER,KY42 + SCARICO,
6349392503-01,KY42 MATR.67295420 *F. ZIGI*,"KY42 S/N 67295420 ""F. ZIGI""","MATRICOLA 67295420 ""F. ZIGI"" KY42",
7898490356-01,KY42 MATR. 4850710 *LOMAFUCISO D,KY42 S/N 92094801 LOMAFUCISO DE TUBOS,"MATRICOLA 4850710 ""LOMAFUCISO DE TUBOS"" KY42",
7177049648-01,KY42 MOT.SCARICATORE V 240/415 50,KY42 UNLOADER MOTOR 240-415V/50Hz,MOTORE SCARICO - 240-415V/50Hz KY42,
5705557149-01,KY42 MOT. SCARICATORE V 220/380 50,KY42 UNLOADER MOTOR 220-380V/50Hz,MOTORE SCARICO - 220-380V/50Hz KY42,
6775190172-01,KY42 PROT. SCARICATORE VOLT 220/50,KY42 UNLOADER PROTECTION 220V/50Hz,PROTEZIONE SCARICO - 220V/50Hz KY42,
5486082473-01,KY42 PROT. SCARICATORE VOLT 380/50,KY42 UNLOADER PROTECTION 380-415V/50Hz,PROTEZIONE SCARICO - 380-415V/50Hz KY42,
5487630592-01,KY42 PROT.CARRELLI RACC.V 220/50,COLLECTOR CARRIAGE PROTECTION 220V/50Hz,PROTEZIONE CARRELLI RACCOGLITORE - 220V/50Hz KY42,
1386175357-01,KY42 PROT.CARRELLI RACC.V380-415/50,COLLECTOR CARRIAGE PROTEC. 380-415V/50Hz,PROTEZIONE CARRELLI RACCOGLITORE - 380-415V/50Hz KY42,
1080211798-01,KY42 PROT.FINO 6 TESTE 220/50,PROTECTION ≤ 6 HEADS 220V/50Hz,PROTEZIONE ≤ 6 TESTE - 220V/50Hz KY42,
4179120512-01,KY42 PROT.V 220/60 FINO 6 TESTE,PROTECTION ≤ 6 HEADS 220V/60Hz,PROTEZIONE ≤ 6 TESTE - 220V/60Hz KY42,
1024088825-01,KY42 PROT.V 380-415/50 FINO 6 TESTE,PROTECTION ≤ 6 HEADS 380-415V/50Hz,PROTEZIONE ≤ 6 TESTE - 380-415V/50Hz KY42,
9972441727-01,KY42 SALVALAMA FINO 6 TESTE 220/50,BLADE PROTECTOR ≤ 6 HEADS 220V/50Hz,SALVALAMA ≤ 6 TESTE - 220V/50Hz KY42,
8185450155-01,KY42 SALVALAMA FINO 6 TESTE 220/60,BLADE PROTECTOR ≤ 6 HEADS 220V/60Hz,SALVALAMA ≤ 6 TESTE - 220V/60Hz KY42,
6226653622-01,KY42 SALVALAMA FINO 6 TESTE 380/50,BLADE PROTECTOR ≤ 6 HEADS 380V/50Hz,SALVALAMA ≤ 6 TESTE - 380V/50Hz KY42,
6676517885-01,KY42 SALVALAMA FINO 6 TESTE 415/50,BLADE PROTECTOR ≤ 6 HEADS 415V/50Hz,SALVALAMA ≤ 6 TESTE - 415V/50Hz KY42,
8556799136-01,SALVALAMA FINO A 6 TESTE 380/50,BLADE PROTECTOR ≤ 6 HEADS 220-380V/50Hz,SALVALAMA ≤ 6 TESTE - 220-380V/50Hz,
8418353184-01,KY42 SALVAL.OLTRE 6/8 TESTE 220/50,BLADE PROTECTOR > 6/8 HEADS 220V/50Hz,SALVALAMA > 6/8 TESTE - 220V/50Hz KY42,
5715957879-01,KY42 SLVAL.OLTRE 6/8 TESTE 380/50,BLADE PROTECTOR > 6/8 HEADS 380V/50Hz,SALVALAMA > 6/8 TESTE - 380V/50Hz KY42,
6617285102-01,KY42 SALVAL.OLTRE 6/8 TESTE 440/50,BLADE PROTECTOR > 6/8 HEADS 440V/50Hz,SALVALAMA > 6/8 TESTE - 440V/50Hz KY42,
4960602382-01,KY42 SALVAL.OLTRE 6/10 TESTE 220/50,BLADE PROTECTOR > 6/10 HEADS 220V/50Hz,SALVALAMA > 6/10 TESTE - 220V/50Hz,
4030395979-01,KY42 SALVAL.OLTRE 6/10 TESTE 220/60,BLADE PROTECTOR > 6/10 HEADS 220V/60Hz,SALVALAMA > 6/10 TESTE - 220V/60Hz,
2198961009-01,KY42 SALVAL.OLTRE 6/10 TESTE 380/50,BLADE PROTECTOR > 6/10 HEADS 380V/50Hz,SALVALAMA > 6/10 TESTE - 380V/50Hz,
2380334493-01,KY42 SALVAL.OLTRE 8/10 TESTE 415/50,BLADE PROTECTOR > 8/10 HEADS 415V/50Hz,SALVALAMA > 8/10 TESTE - 415V/50Hz,
9830715530-01,SALVAL.OLTRE 6/10 TESTE V.380/50,BLADE PROTEC. ≥ 6/10 HEADS 220-380V/50Hz,SALVALAMA ≥ 6/10 TESTE - 220-380V/50Hz,
6677379640-01,KY42 PROT OLTRE 6/8 TESTE 220/50,PROTECTION ≥ 6/8 HEADS 220V/50Hz,PROTEZIONE ≥ 6/8 TESTE - 220V/50Hz,
2275849885-01,KY42 PROT.OLTRE 6/8TESTE 380-415/50,PROTECTION ≥ 6/8 HEADS 380-415V/50Hz,PROTEZIONE ≥ 6/8 TESTE - 380-415V/50Hz,
9174875787-01,KY42 PROT.OLTRE 6/10 TESTE 220/50,PROTECTION ≥ 6/10 HEADS 220V/50Hz,PROTEZIONE ≥ 6/10 TESTE - 220V/50Hz,
4514115421-01,KY42 PROT.OLTRE 6/10 TESTE 220/60,PROTECTION ≥ 6/10 HEADS 220V/60Hz,PROTEZIONE ≥ 6/10 TESTE - 220V/60Hz,
1198438193-01,KY42 PROT.OLTRE 6/10TESTE 380-415/,PROTECTION ≥ 6/10 HEADS 380-415V/50Hz,PROTEZIONE ≥ 6/10 TESTE - 380-415V/50Hz,
5497739303-01,MOTORE CENTRALINA A VOLT.240/415 -N,CONTROL UNIT MOTOR 260-415V/50Hz,MOTORE CENTRALINA - 260-415V/50Hz,
0742107162-01,MOTORE CENTRALINA A V 220/380 50 -,CONTROL UNIT MOTOR 220-380V/50Hz,MOTORE CENTRALINA - 220-380V/50Hz,
3307847373-01,KY42 MOT.CARICATORE A V 240/415 50,KY42 LOADER MOTOR 240-415V/50Hz,MOTORE CARICATORE - 240-415V/50Hz KY42,
6542558242-01,KY42 MOT.CARICATORE A V 220/380 50,KY42 LOADER MOTOR 220-380V/50Hz,MOTORE CARICATORE - 220-380V/50Hz KY42,
0759556716-01,KY42 MOT.PIATTAFORMA A V 240/415 50,KY42 PLATFORM MOTOR 240-415V/50Hz KY42,MOTORE PIATTAFORMA - 240-415V/50Hz KY42,
9176016791-01,KY42 MOT.PIATTAFORMA A V 220/380 50,KY42 PLATFORM MOTOR 220-380V/50Hz,MOTORE PIATTAFORMA - 220-380V/50Hz KY42,
9510843787-01,COMPLESSO DI RACCOLTA QJ 42 DA 6600,"QJ42 COLLECTION SYSTEM L=6,6m","SISTEMA DI RACCOLTA L=6,6m QJ42",
6673209599-01,PRISMI PER D. DA 10 A 34 DI BASE -,ROUND PRISM D10-34mm,PRISMI PER TONDI D10-34mm,
9064191447-01,PRISMI PER D. DA 34 A 60 DI BASE -,ROUND PRISM D34-60mm,PRISMI PER TONDI D34-60mm,
5966866788-01,PRISMI PER QUADRI DA 45 A 55 DI BAS,SQUARE PRISM 45-55mm,PRISMI PER QUADRI 45-55mm,
5554550721-01,VARIANTE UNITA' DI TAGLIO DESTRA SE,RIGHT CUTTING UNIT VARIANT W/O UNLOADER,VARIANTE UNITÀ DI TAGLIO DESTRA SENZA SCARICO,
6207243887-01,VARIANTE UNITA' DI TAGLIO SINISTRA,LEFT CUTTING UNIT VARIANT W/O UNLOADER,VARIANTE UNITÀ DI TAGLIO SINISTRA SENZA SCARICO,
1778935479-01,VARIANTI UNITA' DI TAGLIO DESTRA CO,RIGHT CUTTING UNIT VARIANT WITH UNLOADER,VARIANTE UNITÀ DI TAGLIO DESTRA CON SCARICO,
5182172810-01,VARIANTI UNITA' DI TAGLIO SINISTRA,LEFT CUTTING UNIT VARIANT WITH UNLOADER,VARIANTE UNITÀ DI TAGLIO SINISTRA CON SCARICO,
3394132018-01,VARIANTE TRAVERSA A VOLT 220/60,CROSSPIECE VARIANT 220V/60Hz,VARIANTE TRAVERSA - 220V/60Hz,
7807268703-01,VARIANTI TRAVERSA A VOLT 415/50,CROSSPIECE VARIANT 415V/50Hz,VARIANTE TRAVERSA - 415V/50Hz,
6913748489-01,VARIANTI TRAVERSA A VOLT 260/415 HZ,CROSSPIECE VARIANT 260-415V/50Hz,VARIANTE TRAVERSA - 260-415V/50Hz,
4853549232-01,VARIANTI TRAVERSA A VOLT 220/380 HZ,CROSSPIECE VARIANT 220-380V/50Hz,VARIANTE TRAVERSA - 220-380V/50Hz,
0004077886-01,VARIANTE TESTA A VOLT 220/60,HEAD VARIANT 220V/60Hz,VARIANTE TESTA - 220V/60Hz,
3268337595-01,VARIANTE TESTA A VOLT 415/50,HEAD VARIANT 415V/50Hz,VARIANTE TESTA - 415V/50Hz,
9446225415-01,VARIANTE TESTA A VOLT 440/60,HEAD VARIANT 440V/60Hz,VARIANTE TESTA - 440V/60Hz,
3336756713-01,SEGATRICE SEMIAUT. JJ 782 - 220/50,JJ782 SEMIAUT. SAWING MACHINE 220V/50Hz,SEGATRICE JJ782 SEMIAUTOMATICA - 220V/50Hz,
2839654059-01,SEGATRICE SEMIAUT. JJ 782 - 380/50,JJ782 SEMIAUT. SAWING MACHINE 380V/50Hz,SEGATRICE JJ782 SEMIAUTOMATICA - 380V/50Hz,
6715585767-01,SEGATRICE SEMIAUT. JJ 782 - 415/50,JJ782 SEMIAUT. SAWING MACHINE 415V/50Hz,SEGATRICE JJ782 SEMIAUTOMATICA - 415V/50Hz,
8122902974-01,VARIANTE PER TENSIONE VOLT 220/60,VOLTAGE VARIANT 220V/60Hz,VARIANTE PER TENSIONE - 220V/60Hz,
6852165400-01,VARIANTE PER TENSIONE VOLT 380/50 H,VOLTAGE VARIANT 380V/50Hz,VARIANTE PER TENSIONE - 380V/50Hz,
2071696814-01,VARIANTE PER TENSIONE VOLT 415/50,VOLTAGE VARIANT 415V/50Hz,VARIANTE PER TENSIONE - 415V/50Hz,
5523095307-01,VARIANTE PER TENSIONE VOLT 220/50HZ,VOLTAGE VARIANT 220V/50Hz,VARIANTE PER TENSIONE - 220V/50Hz,
1885354532-01,VARIANTE PER TENSIONE VOLT 415/460,VOLTAGE VARIANT 415V/50Hz 460V/60Hz,VARIANTE PER TENSIONE - 415V/50Hz 460V/60Hz,
9624713782-01,JJ783-MOTORE RISC.INDIPENDENTE A V,INDEPENDENT LOCATOR MOTOR 220-380V/50Hz,MOTORE RISCONTRO INDIPENDENTE - 220-380V/50Hz JJ783,
8095918952-01,JJ783-PROTEZIONI PER TENSIONE V. 2,VOLTAGE PROTECTION 220V/50Hz JJ783,PROTEZIONE PER TENSIONE - 220V/50Hz JJ783,
6136021555-01,JJ783-PROTEZIONI PER TENSIONE V.38,VOLTAGE PROTECTION 380V/50Hz JJ783,PROTEZIONE PER TENSIONE - 380V/50Hz JJ783,
1771016319-01,TESTA *I* 2 VEL. 25-50 MT 1 PRI,"""I"" 2S HEAD 25-50m/min 220V/50Hz","TESTA ""I"" 2 VELOCITÀ 25-50m/min. - 220V/50Hz",
4441705128-01,TESTA *I* 2 VEL. 50-100 MT 1 PRI,"""I"" 2S HEAD 50-100m/min 220V/50Hz","TESTA ""I"" 2 VELOCITÀ 50-100m/min. - 220V/50Hz",
6613484488-01,TESTA *I* 3 VEL. 25-50-100 MT 1 PRI,"""I"" 3S HEAD 25-50-100m/min 220V/50Hz","TESTA ""I"" 3 VELOCITÀ 25-50-100m/min. - 220V/50Hz",
9786434776-01,TESTA *I* 3 VEL. 25-50-100 MT 415/5,"""I"" 3S HEAD 25-50-100m/min 415V/50Hz","TESTA ""I"" 3 VELOCITÀ 25-50-100m/min. - 415V/50Hz",
4389111029-01,TESTA *I* 2 VEL. 100-200 MT 2 PRI,"""I"" 2S HEAD 100-200m/min 220V/50Hz","TESTA ""I"" 2 VELOCITÀ 100-200m/min. - 220V/50Hz",
9436907389-01,TESTA *I* 3 VEL.50-100-200 MT 2 PRI,"""I"" 3S HEAD 50-100-200m/min 220V/50Hz","TESTA ""I"" 3 VELOCITÀ 50-100-200m/min. - 220V/50Hz",
2259943216-01,TESTA *I* 3 VEL.50-100-200 MT 415/5,"""I"" 3S HEAD 50-100-200m/min 415V/50Hz","TESTA ""I"" 3 VELOCITÀ 50-100-200m/min. - 415V/50Hz",
9382288440-01,TESTA *I* 1 VEL. 500 MT 6 PRI,"""I"" 1S HEAD 500m/min 220-380V/50Hz","TESTA ""I"" 1 VELOCITÀ 500m/min. - 220-380V/50Hz",
8660651021-01,TESTA *P* 6 VEL. 16-127 MT A V 2,"""P"" 6S HEAD 16-127m/min 220V/50Hz","TESTA ""P"" 6 VELOCITÀ 16-127m/min. - 220V/50Hz",
6083214703-01,TESTA *P* 6 VEL. 16-127 MT A V 3,"""P"" 6S HEAD 16-127m/min 380V/50Hz","TESTA ""P"" 6 VELOCITÀ 16-127m/min. - 380V/50Hz",
1412461284-01,TESTA *P* 6 VEL. 16-127 MT 415/5,"""P"" 6S HEAD 16-127m/min 415V/50Hz","TESTA ""P"" 6 VELOCITÀ 16-127m/min. - 415V/50Hz",
7747348418-01,TESTA *P* 6 VEL. 32-253 MT A V 2,"""P"" 6S HEAD 32-253m/min 220V/50Hz","TESTA ""P"" 6 VELOCITÀ 32-253m/min. - 220V/50Hz",
6435641703-01,TESTA *P* 6 VEL. 32-253 MT A V 3,"""P"" 6S HEAD 32-253m/min 380V/50Hz","TESTA ""P"" 6 VELOCITÀ 32-253m/min. - 380V/50Hz",
6858187369-01,TESTA *P* 6 VEL. 32-253 MT 415/5,"""P"" 6S HEAD 32-253m/min 415V/50Hz","TESTA ""P"" 6 VELOCITÀ 32-253m/min. - 415V/50Hz",
6183746446-01,PROT.TESTA 1 V. 500MT 220/60,1S HEAD 500m/min PROTECTION 220V/60Hz,PROTEZIONE TESTA 1 VELOCITÀ 500m/min. - 220V/60Hz,
4333491233-01,PROTEZ. TESTA 1V. 500 MT.VOLT 2,1S HEAD 500m/min PROTECTION 220V/50Hz,PROTEZIONE TESTA 1 VELOCITÀ 500m/min. - 220V/50Hz,
1770502385-01,INTERRUTTORE PER TESTA A 1 VELOCITA,1 SPEED HEAD SWITCH,INTERRUTTORE PER TESTA 1 VELOCITÀ,
7705028036-01,PROTEZ. TESTA 1V. 500 MT.VOLT 3,1S HEAD 500m/min PROTECT. 380-440V/50Hz,PROTEZIONE TESTA 1 VELOCITÀ 500m/min. - 380-440V/50Hz,
6602784907-01,COMMUTATORE PER TESTA A 2 O 6 VELOC,HEADS 2/6 SPEED SWITCH,COMMUTATORE PER TESTA 2/6 VELOCITÀ,
1804955618-01,PROTEZ. TESTA 2V. 25/50 MT.220/50,2S HEAD 25-50m/min PROTECTION 220V/50Hz,PROTEZIONE TESTA 2 VELOCITÀ 25-50m/min. - 220V/50Hz,
6376900836-01,PROT.TESTA I B25-50 MT. 220/60,"""I"" HEAD 25-50 PROTECTION 220V/50Hz","PROTEZIONE TESTA ""I"" 25-50m/min. - 220V/50Hz",
8277963736-01,PROTEZ. TESTA 2V. 25/50 MT.VOLT 3,2S HEAD 25-50m/min PROTEC. 380-440V/50Hz,PROTEZIONE TESTA 2 VELOCITÀ 25-50m/min. - 380-440V/50Hz,
3072778863-01,PROTEZ. TESTA 2V. 50/100 MT.220/50,2S HEAD 50-100m/min PROTECTION 220V/50Hz,PROTEZIONE TESTA 2 VELOCITÀ 50-100m/min. - 220V/50Hz,
5695486649-01,PROT.TESTA I 100-200 MT. 220/60,2S HEAD 50-100m/min PROTECTION 220V/60Hz,PROTEZIONE TESTA 2 VELOCITÀ 50-100m/min. - 220V/60Hz,
1992492674-01,PROTEZ. TESTA 2V. 50/100 MT.VOLT 3,2S HEAD 50-100m/min PROT. 380-440V/50Hz,PROTEZIONE TESTA 2 VELOCITÀ 50-100m/min. - 380-440V/50Hz,
6638039158-01,COMMUTATORE PER TESTA A 3 VELOCITA',HEADS 3 SPEED SWITCH,COMMUTATORE PER TESTA 3 VELOCITA',
8848192922-01,PROTEZ.TESTA 3V. 25/50/100 M.220/50,3S HEAD 25-50-100m/min PROTEC. 220V/50Hz,PROTEZIONE TESTA 3 VELOCITÀ 25-50-100m/min. - 220V/50Hz,
5841375608-01,PROTEZ. TESTA 3V. 25/50/100 M.380/,3S HEAD 25-50-100m/min PROTEC. 380V/50Hz,PROTEZIONE TESTA 3 VELOCITÀ 25-50-100m/min. - 380V/50Hz,
1033991188-01,PROTEZ. TESTA 3V. 25/50/100 M.415/5,3S HEAD 25-50-100m/min PROTEC. 415V/50Hz,PROTEZIONE TESTA 3 VELOCITÀ 25-50-100m/min. - 415V/50Hz,
4492209515-01,PROTEZ. TESTA 6V. 32/253 MT.220/50,6S HEAD 32-253m/min PROTECTION 220V/50Hz,PROTEZIONE TESTA 6 VELOCITÀ 32-253m/min. - 220V/50Hz,
6998318380-01,PROT.TESTA P 32-254 MT. 220/60,"""P"" HEAD 32-253m/min PROTECT. 220V/60Hz","PROTEZIONE TESTA ""P ""32-253m/min. - 220V/60Hz",
1259666350-01,PROTEZ. TESTA 6V. 32/253 MT.VOLT 3,6S HEAD 32-253m/min PROTECTION 380V/50Hz,PROTEZIONE TESTA 6 VELOCITÀ 32-253m/min. - 380V/50Hz,
2101380667-01,PROTEZ. TESTA 6V. 32/253 MT.415/50,6S HEAD 32-253m/min PROTECTION 415V/50Hz,PROTEZIONE TESTA 6 VELOCITÀ 32-253m/min. - 415V/50Hz,
6418722363-01,PROTEZ. TESTA 6V. 16/127 MT.VOLT 2,6S HEAD 16-127m/min PROTECTION 220V/50Hz,PROTEZIONE TESTA 6 VELOCITÀ 16-127m/min. - 220V/50Hz,
5949590591-01,PROT.TESTA P 16-127 MT. 220/60,HEAD 16-127m/min PROTECTION 220/60Hz,PROTEZIONE TESTA 16-127m/min. - 220/60Hz,
7012852653-01,PROTEZ. TESTA 6V. 16/127 MT.VOLT 3,6S HEAD 16-127m/min PROTECTION 380V/50Hz,PROTEZIONE TESTA 6 VELOCITÀ 16-127m/min. - 380V/50Hz,
0329229813-01,PROTEZ. TESTA 6V. 16/127 MT.415/50,6S HEAD 16-127m/min PROTECTION 415V/50Hz,PROTEZIONE TESTA 6 VELOCITÀ 16-127m/min. - 415V/50Hz,
8148738949-01,RIDUTTORE CINGHIE JB52 220-380/50,JB52 BELTS REDUCER 220-380V/50Hz,RIDUTTORE CINGHIE - 220-380V/50Hz JB52,
7911709947-01,PROTEZ. RIDUTTORE CINGHIE E CATENE,BELTS-CHAINS REDUCER PROTECT. 220V/50Hz,PROTEZIONE RIDUTTORE CINGHIE E CATENE - 220V/50Hz,
6112823152-01,PROTEZ. CARICATORE FASCIO 380/50,"""B"" LOADER PROTECTION 380V/50Hz","PROTEZIONE CARICATORE ""F"" - 380V/50Hz",
4592195827-01,PROTEZ. CARICATORE FASCIO 415/50,"""B"" LOADER PROTECTION 415V/50Hz","PROTEZIONE CARICATORE ""F"" - 415V/50Hz",
7205751592-01,N. GRUPPO MISURATORE,MEASURER,MISURATORE,
7316781603-01,N. GRUPPO PRESSORE,PRESSER,PRESSORE,
2470995276-01,N. PRESSORE PER TUBI OVALI *DI BOFK,OVAL TUBES PRESSER,PRESSORE PER TUBI OVALI,
5251227328-01,VARIANTE TAGLIO PIATTO SEMIOVALE,SEMI-OVAL FLAT CUT VARIANT,VARIANTE TAGLIO PIATTO SEMIOVALE,
7326629048-01,PROTEZIONI POMPE OLIO ED EMULSIONE,OIL/EMULSION PUMPS PROTECTION 220V/50Hz,PROTEZIONE POMPE OLIO ED EMULSIONE - 220V/50Hz,
8999385655-01,ALIMENTAZIONE AUSILIARI A V.220-380,AUXILIARY POWER 220-380-415V/50-60Hz,ALIMENTAZIONE AUSILIARI - 220-380-415V/50-60Hz,
1155857391-01,ALIMENTAZIONE AUSILIARI A V.415-460,AUXILIARY POWER 415-460-480V/50-60Hz,ALIMENTAZIONE AUSILIARI - 415-460-480V/50-60Hz,
5534388959-01,VARIANTE CENTRALINA A VOLT 220/60 H,CONTROL UNIT VARIANT 220V/60Hz,VARIANTE CENTRALINA - 220V/60Hz,
6159822490-01,SEGATRICE JB52 VERS.1500 - 220/50,"JB52 SAWING MACHINE L=1,5m 220V/50Hz","SEGATRICE JB52 L=1,5m - 220V/50Hz",
6464495804-01,SEGATRICE JB52 VERS.1500 - 380/50,"JB52 SAWING MACHINE L=1,5m 380V/50Hz","SEGATRICE JB52 L=1,5m - 380V/50Hz",
3562536112-01,SEGATRICE JB52 VERS.1500 - 415/50,"JB52 SAWING MACHINE L=1,5m 415V/50Hz","SEGATRICE JB52 L=1,5m - 415V/50Hz",
8216472954-01,SEGATRICE JB52 VERS.3000 - 220/50,JB52 SAWING MACHINE L=3m 220V/50Hz,SEGATRICE JB52 L=3m - 220V/50Hz,
5606868999-01,SEGATRICE JB52 VERS.3000 - 380/50,JB52 SAWING MACHINE L=3m 380V/50Hz,SEGATRICE JB52 L=3m - 380V/50Hz,
6952478209-01,SEGATRICE JB52 VERS.3000 - 415/50,JB52 SAWING MACHINE L=3m 415V/50Hz,SEGATRICE JB52 L=3m - 415V/50Hz,
5899544021-01,SEGATRICE JB52 VERS.4500 - 220/50,"JB52 SAWING MACHINE L=4,5m 220V/50Hz","SEGATRICE JB52 L=4,5m - 220V/50Hz",
7387867388-01,SEGATRICE JB52 VERS.4500 - 380/50,"JB52 SAWING MACHINE L=4,5m 380V/50Hz","SEGATRICE JB52 L=4,5m - 380V/50Hz",
9803795260-01,SEGATRICE JB52 VERS.4500 - 415/50,"JB52 SAWING MACHINE L=4,5m 415V/50Hz","SEGATRICE JB52 L=4,5m - 415V/50Hz",
5629268206-01,SEGATRICE JB52 VERS.7000 - 220/50,JB52 SAWING MACHINE L=7m 220V/50Hz,SEGATRICE JB52 L=7m - 220V/50Hz,
3310627278-01,SEGATRICE JB52 VERS.7000 - 380/50,JB52 SAWING MACHINE L=7m 380V/50Hz,SEGATRICE JB52 L=7m - 380V/50Hz,
8852441705-01,SEGATRICE JB52 VERS.7000 - 415/50,JB52 SAWING MACHINE L=7m 415V/50Hz,SEGATRICE JB52 L=7m - 415V/50Hz,
1429597617-01,SEGATRICE JB52/EP 1500 - 220/50,"JB52/EP SAWING MACHINE L=1,5m 220V/50Hz","SEGATRICE JB52/EP L=1,5m - 220V/50Hz",
7857767447-01,SEGATRICE JB52/EP 1500 - 380/50,"JB52/EP SAWING MACHINE L=1,5m 380V/50Hz","SEGATRICE JB52/EP L=1,5m - 380V/50Hz",
8332538193-01,SEGATRICE JB52/EP 1500 - 415/50,"JB52/EP SAWING MACHINE L=1,5m 415V/50Hz","SEGATRICE JB52/EP L=1,5m - 415V/50Hz",
3576603484-01,SEGATRICE JB52/EP 3000 - 220/50,JB52/EP SAWING MACHINE L=3m 220V/50Hz,SEGATRICE JB52/EP L=3m - 220V/50Hz,
0277618687-01,SEGATRICE JB52/EP 3000 - 380/50,JB52/EP SAWING MACHINE L=3m 380V/50Hz,SEGATRICE JB52/EP L=3m - 380V/50Hz,
2996197021-01,SEGATRICE JB52/EP 3000 - 415/50,JB52/EP SAWING MACHINE L=3m 415V/50Hz,SEGATRICE JB52/EP L=3m - 415V/50Hz,
3320040089-01,SEGATRICE JB52/EP 4500 - 220/50,"JB52/EP SAWING MACHINE L=4,5m 220V/50Hz","SEGATRICE JB52/EP L=4,5m - 220V/50Hz",
1318465732-01,SEGATRICE JB52/EP 4500 - 380/50,"JB52/EP SAWING MACHINE L=4,5m 380V/50Hz","SEGATRICE JB52/EP L=4,5m - 380V/50Hz",
5723208706-01,SEGATRICE JB52/EP 4500 - 415/50,"JB52/EP SAWING MACHINE L=4,5m 415V/50Hz","SEGATRICE JB52/EP L=4,5m - 415V/50Hz",
1526961960-01,SEPARATORE L.1500,"SEPARATOR L=1,5m","SEPARATORE L=1,5m",
0499976125-01,SEPARATORE L.3000,SEPARATOR L=3m,SEPARATORE L=3m,
0722075001-01,SEPARATORE L.4500,"SEPARATOR L=4,5m","SEPARATORE L=4,5m",
5058257335-01,SEPARATORE L.4500 SPECIALE,"SEPARATOR L=4,5m SPECIAL","SEPARATORE L=4,5m SPECIALE",
7056987369-01,VARIANTE MOTORE A V.220/50,MOTOR VARIANT 220V/50Hz,VARIANTE MOTORE - 220V/50Hz,
8194673062-01,VARIANTE MOTORE A V.380/50,MOTOR VARIANT 380V/50Hz,VARIANTE MOTORE - 380V/50Hz,
1043255571-01,VARIANTE MOTORE A V.415/50,MOTOR VARIANT 415V/50Hz,VARIANTE MOTORE - 415V/50Hz,
9949442170-01,FERMO MAT.ANTERIORE L.1500,"FRONT MATERIAL STOP L=1,5m","FERMO MATERIALE ANTERIORE L=1,5m",
2093595536-01,FERMO MAT.POSTERIORE L.1500,"REAR MATERIAL STOP L=1,5m","FERMO MATERIALE POSTERIORE L=1,5m",
5992740531-01,FERMO MAT.ANTERIORE L.3000,FRONT MATERIAL STOP L=3m,FERMO MATERIALE ANTERIORE L=3m,
7401808885-01,FERMO MAT.POSTERIORE L.3000,REAR MATERIAL STOP L=3m,FERMO MATERIALE POSTERIORE L=3m,
2447184235-01,FERMO MAT.ANTERIORE L.4500,"FRONT MATERIAL STOP L=4,5m","FERMO MATERIALE ANTERIORE L=4,5m",
5205328374-01,FERMO MAT.POSTERIORE L.4500,"REAR MATERIAL STOP L=4,5m","FERMO MATERIALE POSTERIORE L=4,5m",
4091018766-01,IMPIANTO PNEUMATICO BASE,BASIC PNEUMATIC SYSTEM,IMPIANTO PNEUMATICO BASE,
0262115213-01,JB52 GR. C/MONT. CARICATORI F,OUTSOURCED ASSEMBLY BUNDLE LOADER JB52,"CONTO MONTAGGIO CARICATORE ""F"" JB52",
0532058330-01,JB52 GR. C/MONT. CARICATORE 7 MONT.,"JB52 OUTSOURCED ASSEMBLY ""B"" LOADER 7 P.","CONTO MONTAGGIO CARICATORE ""F"" 7 MONTANTI JB52",
7578693130-01,SEGATRICE MANUALE M 275 220/50,W358 MANUAL SAWING MACHINE 220V/50Hz,SEGATRICE W358 MANUALE - 220V/50Hz,
9289278863-01,SEGATRICE MANUALE M 275 380/50,W358 MANUAL SAWING MACHINE 380V/50Hz,SEGATRICE W358 MANUALE - 380V/50Hz,
3566250102-01,SEGATRICE MANUALE M 275 415/50,W358 MANUAL SAWING MACHINE 415V/50Hz,SEGATRICE W358 MANUALE - 415V/50Hz,
9721899130-01,VARIANTE MACCHINA A VOLT 220/380 HZ,MACHINE VARIANT 220-380V/60Hz,VARIANTE MACCHINA - 220-380V/60Hz,
1566043942-01,SEGATRICE M 275 SA 220/50,W358 SEMIAUT. SAWING MACHINE 220V/50Hz,SEGATRICE W358 SA - 220V/50Hz,
3869624779-01,SEGATRICE M 275 SA 380/50,W358 SEMIAUT. SAWING MACHINE 380V/50Hz,SEGATRICE W358 SA - 380V/50Hz,
7086813598-01,SEGATRICE M 275 SA 415/50,W358 SEMIAUT. SAWING MACHINE 415V/50Hz,SEGATRICE W358 SA - 415V/50Hz,
3597720844-01,SEGATRICE M 275 A 220/50,W358 AUTOMATIC SAWING MACHINE 220V/50Hz,SEGATRICE W358 A - 220V/50Hz,
7913738093-01,SEGATRICE M 275 A 380/50,W358 AUTOMATIC SAWING MACHINE 380V/50Hz,SEGATRICE W358 A - 380V/50Hz,
6985709234-01,SEGATRICE M 275 A 415/50,W358 AUTOMATIC SAWING MACHINE 415V/50Hz,SEGATRICE W358 A - 415V/50Hz,
2720144860-01,VARIANTE RISCONTRO 800 MM PER MISUR,LOCATOR IN INCHES VARIANT L=800mm,VARIANTE MISURAZIONE IN POLLICI RISCONTRO L=800mm,
0475805678-01,PROTEZIONE MOTORE TESTA A VOLT 380/,HEAD MOTOR PROTECTION 380V/50Hz,PROTEZIONE MOTORE TESTA - 380V/50Hz,
6812104840-01,PROTEZIONE MOTORE TESTA A VOLT 220/,HEAD MOTOR PROTECTION 220V/50Hz,PROTEZIONE MOTORE TESTA - 220V/50Hz,
5765932056-01,PROTEZIONE MOTORE TESTA VOLT 220/60,HEAD MOTOR PROTECTION 220V/60Hz,PROTEZIONE MOTORE TESTA - 220V/60Hz,
5809289425-01,W358A-COMPLEMENTI,W358A COMPLEMENT,COMPLEMENTO W358A,
8896046986-01,W358A-IMPIANTO PNEUMATICO,PNEUMATIC SYSTEM W358A,IMPIANTO PNEUMATICO W358A,
7255205555-01,W358A-MORSA,W358A CLAMP,MORSA W358A,
3016067311-01,W358A-CILINDRO MORSA VERTICALE,W358A VERTICAL CLAMP CYLINDER,CILINDRO MORSA VERTICALE W358A,
9151104844-01,W358A-IMPIANTO ELETTRICO,W358A ELECTRIC SYSTEM,IMPIANTO ELETTRICO W358A,
0587600461-01,W358A-VARIANTE ALIMENTATORE A V.220,W358A POWER U.VARIANT 220-380-415V/50Hz,VARIANTE ALIMENTATORE - 220-380-415V/50Hz W358A,
1090464087-01,W358A-VARIANTE ALIMENTATORE A V.440,W358A POWER U. VARIANT 440-460-480V/50Hz,VARIANTE ALIMENTATORE - 440-460-480V/50Hz W358A,
4533627862-01,W358A-VARIANTE PROT.TESTA V 220/50,W358A HEAD PROTECTION VARIANT 220V/50Hz,VARIANTE PROTEZIONE TESTA - 220V/50Hz W358A,
1123809934-01,W358A-VARIANTE PROT.TESTA V 220/60,W358A HEAD PROTECTION VARIANT 220V/60Hz,VARIANTE PROTEZIONE TESTA - 220V/60Hz W358A,
3782931456-01,W358A-VARIANTE PROT.TESTA V 380/50,W358A HEAD PROTECTION VARIANT 380V/50Hz,VARIANTE PROTEZIONE TESTA - 380V/50Hz W358A,
9144108127-01,W358A-VARIANTE PROT.TESTA V 440/50,W358A HEAD PROTECTION VARIANT 440V/50Hz,VARIANTE PROTEZIONE TESTA - 440V/50Hz W358A,
1661848998-01,SEGATRICE M 315 2V (30-60) - 220/50,W798 SAWING M. 2S 30-60m/min-220V/50Hz,SEGATRICE W798 2 VELOCITÀ 30-60m/min. - 220V/50Hz,
3273262023-01,SEGATRICE M 315 2V (30-60) - 380/50,W798 SAWING M. 2S 30-60m/min 380V/50Hz,SEGATRICE W798 2 VELOCITÀ 30-60m/min. - 380V/50Hz,
7930309607-01,SEGATRICE M 315 2V (30-60) - 415/50,W798 SAWING M. 2S 30-60m/min 415V/50Hz,SEGATRICE W798 2 VELOCITÀ 30-60m/min. - 415V/50Hz,
5704792729-01,SEGATRICE M 315 4V (15-90) - 220/50,W798 SAWING M. 4S 15-90m/min 220V/50Hz,SEGATRICE W798 4 VELOCITÀ 15-90m/min. - 220V/50Hz,
0856081451-01,SEGATRICE M 315 4V (15-90) - 380/50,W798 SAWING M. 4S 15-90m/min 380V/50Hz,SEGATRICE W798 4 VELOCITÀ 15-90m/min. - 380V/50Hz,
5227928845-01,SEGATRICE M 315 4V (15-90) - 415/50,W798 SAWING M. 4S 15-90m/min 415V/50Hz,SEGATRICE W798 4 VELOCITÀ 15-90m/min. - 415V/50Hz,
9019777301-01,SEGATRICE M 315 4V(30-180) - 220/50,W798 SAWING M. 4S 30-180m/min 220V/50Hz,SEGATRICE W798 4 VELOCITÀ 30-180m/min. - 220V/50Hz,
1883198960-01,SEGATRICE M 315 4V(30-180) - 380/50,W798 SAWING M. 4S 30-180m/min 380V/50Hz,SEGATRICE W798 4 VELOCITÀ 30-180m/min. - 380V/50Hz,
9246669552-01,SEGATRICE M 315 4V(30-180) - 415/50,W798 SAWING M. 4S 30-180m/min 415V/50Hz,SEGATRICE W798 4 VELOCITÀ 30-180m/min. - 415V/50Hz,
4175856658-01,VARIANTE TESTA 4V 15-90 E 2V 30-60,2S/4S HEAD 30-60;15-90 VARIANT 220V/50Hz,"VARIANTE TESTA 4 VELOCITÀ 15-90m/min., 2 VELOCITÀ 30-60m/min. - 220V/50Hz",
7895924406-01,VARIANTE TESTA 4V 30-180 A VOLT 220,4S HEAD 30-180m/min VARIANT 220V/50Hz,VARIANTE TESTA 4 VELOCITÀ 30-180m/min. - 220V/50Hz,
8254946958-01,VARIANTE TESTA 4V 30-180 A VOLT 380,4S HEAD 30-180m/min VARIANT 380V/50Hz,VARIANTE TESTA 4 VELOCITÀ 30-180m/min. - 380V/50Hz,
7649958477-01,VARIANTE TESTA 4V 30-180 A VOLT 440,4S HEAD 30-180m/min VARIANT 440V/50Hz,VARIANTE TESTA 4 VELOCITÀ 30-180m/min. - 440V/50Hz,
8284877544-01,SEGATRICE M 315/SA 2V(30-60) 220/50,SAW. M. W798/SA 2S 30-60m/min 220V/50Hz,SEGATRICE W798/SA 2 VELOCITÀ 30-60m/min. - 220V/50Hz,
0325410933-01,SEGATRICE M 315/SA 2V(30-60) 380/50,SAW. M. W798/SA 2S 30-60m/min 380V/50Hz,SEGATRICE W798/SA 2 VELOCITÀ 30-60m/min. - 380V/50Hz,
6666317014-01,SEGATRICE M 315/SA 2V(30-60) 415/50,SAW. M. W798/SA 2S 30-60m/min 415V/50Hz,SEGATRICE W798/SA 2 VELOCITÀ 30-60m/min. - 415V/50Hz,
1769910096-01,SEGATRICE M 315/SA 4V(15-90) 220/50,SAW. M. W798/SA 4S 15-90m/min 220V/50Hz,SEGATRICE W798/SA 4 VELOCITÀ 15-90m/min. - 220V/50Hz,
2131952618-01,SEGATRICE M 315/SA 4V(15-90) 380/50,SAW. M. W798/SA 4S 15-90m/min 380V/50Hz,SEGATRICE W798/SA 4 VELOCITÀ 15-90m/min. - 380V/50Hz,
8182615409-01,SEGATRICE M 315/SA 4V(15-90) 415/50,SAW. M. W798/SA 4S 15-90m/min 415V/50Hz,SEGATRICE W798/SA 4 VELOCITÀ 15-90m/min. - 415V/50Hz,
4819588306-01,SEGATRICE W798/SA 4V(30-180) 220/50,SAW. M. W798/SA 4S 30-180m/min 220V/50Hz,SEGATRICE W798/SA 4 VELOCITÀ 30-180m/min. - 220V/50Hz,
5613163579-01,SEGATRICE W798/SA 4V(30-180) 380/50,SAW. M. W798/SA 4S 30-180m/min 380V/50Hz,SEGATRICE W798/SA 4 VELOCITÀ 30-180m/min. - 380V/50Hz,
6865829019-01,SEGATRICE W798/SA 4V(30-180) 415/50,SAW. M. W798/SA 4S 30-180m/min 415V/50Hz,SEGATRICE W798/SA 4 VELOCITÀ 30-180m/min. - 415V/50Hz,
6855744979-01,SEGATRICE M 315/A 4V(15-90) 220/50,W798/A SAW. M. 4S 15-90m/min 220V/50Hz,SEGATRICE W798/A 4 VELOCITÀ 15-90m/min. - 220V/50Hz,
1246992105-01,SEGATRICE M 315/A 4V(15-90) 380/50,W798/A SAW. M. 4S 15-90m/min 380V/50Hz,SEGATRICE W798/A 4 VELOCITÀ 15-90m/min. - 380V/50Hz,
4025787358-01,SEGATRICE M 315/A 4V(15-90) 415/50,W798/A SAW. M. 4S 15-90m/min 415V/50Hz,SEGATRICE W798/A 4 VELOCITÀ 15-90m/min. - 415V/50Hz,
9681808284-01,SEGATRICE M 315/A 4V(30-180) 220/50,W798/A SAW. M. 4S 30-180m/min 220V/50Hz,SEGATRICE W798/A 4 VELOCITÀ 30-180m/min. - 220V/50Hz,
1512753203-01,SEGATRICE M 315/A 4V(30-180) 380/50,W798/A SAW. M. 4S 30-180m/min 380V/50Hz,SEGATRICE W798/A 4 VELOCITÀ 30-180m/min. - 380V/50Hz,
1726564290-01,SEGATRICE M 315/A 4V(30-180) 415/50,W798/A SAW. M. 4S 30-180m/min 415V/50Hz,SEGATRICE W798/A 4 VELOCITÀ 30-180m/min. - 415V/50Hz,
9588256395-01,W798A-COMPLEMENTI,W798A COMPLEMENT,COMPLEMENTO W798A,
4471540699-01,W798A-IMPIANTO PNEUMATICO,PNEUMATIC SYSTEM W798A,IMPIANTO PNEUMATICO W798A,
6594476394-01,W798A-MORSA,W798A CLAMP,MORSA W798A,
0313735932-01,W798A-CILINDRO MORSA VERTICALE,W798A VERTICAL CLAMP CYLINDER,CILINDRO MORSA VERTICALE W798A,
4866365351-01,W798A-IMPIANTO ELETTRICO,W798A ELECTRIC SYSTEM,IMPIANTO ELETTRICO W798A,
6592891654-01,W798A-VARIANTE ALIMENTATORE A V.220,W798A POWER U. VARIANT 200-220-380V/50Hz,VARIANTE ALIMENTATORE - 200-220-380V/50Hz W798A,
6156179523-01,W798A-VARIANTE ALIMENTATORE A V.440,W798A POWER U. VARIANT 440-460-480V/50Hz,VARIANTE ALIMENTATORE - 440-460-480V/50Hz W798A,
4693785000-01,W798A-VARIANTE PROT.TESTA V 220/50,W798A HEAD PROTECTION VARIANT 220V/50Hz,VARIANTE PROTEZIONE TESTA - 220V/50Hz W798A,
4965197234-01,W798A-VARIANTE PROT.TESTA V 220/60,W798A HEAD PROTECTION VARIANT 220V/60Hz,VARIANTE PROTEZIONE TESTA - 220V/60Hz W798A,
5052553570-01,W798A-VARIANTE PROT.TESTA V 380/50,W798A HEAD PROTECTION VARIANT 380V/50Hz,VARIANTE PROTEZIONE TESTA - 380V/50Hz W798A,
8086550810-01,W798A-VARIANTE PROT.TESTA V 440/50,W798A HEAD PROTECTION VARIANT 440V/50Hz,VARIANTE PROTEZIONE TESTA - 440V/50Hz W798A,
0402363569-01,SEGATRICE JJ638 PRED. P - 220/50,"JJ638 ""P"" HEAD SET-UP 220V/50Hz","SEGATRICE JJ638 PREDISPOSIZIONE TESTA ""P"" - 220V/50Hz",
8809651828-01,SEGATRICE JJ638 PRED. P 380/50,"JJ638 ""P"" HEAD SET-UP 380V/50Hz","SEGATRICE JJ638 PREDISPOSIZIONE TESTA ""P"" - 380V/50Hz",
1163864507-01,SEGATRICE JJ638 PRED. P 415/50,"JJ638 ""P"" HEAD SET-UP 415V/50Hz","SEGATRICE JJ638 PREDISPOSIZIONE TESTA ""P"" - 415V/50Hz",
9986894974-01,VARIANTE MOTORE A VOLT 220/60,MOTOR VARIANT 220V/60Hz,VARIANTE MOTORE - 220V/60Hz,
3715293687-01,VARIANTE POMPA EMULSIONE 220-380/60,EMULSION PUMP VARIANT 220-380V/60Hz,VARIANTE ELETTROPOMPA EMULSIONE - 220-380V/60Hz,
5740683512-01,SEGATRICE JJ638 PRED. L 380/50,"JJ638 ""L"" HEAD SET-UP 380V/50Hz","SEGATRICE JJ638 PREDISPOSIZIONE TESTA ""L"" - 380V/50Hz",
5978867351-01,SEGATRICE JJ638 PRED. L 415/50,"JJ638 ""L"" HEAD SET-UP 415V/50Hz","SEGATRICE JJ638 PREDISPOSIZIONE TESTA ""L"" - 415V/50Hz",
9624173493-01,SEGATRICE JJ638/L PRED. P 380/50,"JJ638/L ""P"" HEAD SET-UP 380V/50Hz","SEGATRICE JJ638/L PREDISPOSIZIONE TESTA ""P"" - 380V/50Hz",
9559626276-01,SEGATRICE JJ638/E PRED. P 380/50,"JJ638/E ""P"" HEAD SET-UP 380V/50Hz","SEGATRICE JJ638/E PREDISPOSIZIONE TESTA ""P"" - 380V/50Hz",
0435401558-01,SEGATRICE JJ638 TETIFER,SAWING MACHINE JJ638 TETIFER,SEGATRICE JJ638 TETIFER,
8219131424-01,MOTORE TESTA *P* A VOLT 220/50,"""P"" HEAD MOTOR 200V/50Hz","MOTORE TESTA ""P"" - 200V/50Hz",
5356324424-01,MOTORE TESTA P A VOLT 220/60,"""P"" HEAD MOTOR 200V/60Hz","MOTORE TESTA ""P"" - 200V/60Hz",
3276100403-01,MOTORE TESTA *P* A VOLT 380/50,"""P"" HEAD MOTOR 380V/50Hz","MOTORE TESTA ""P"" - 380V/50Hz",
6787869041-01,MOTORE TESTA *P* A VOLT 415/50,"""P"" HEAD MOTOR 415V/50Hz","MOTORE TESTA ""P"" - 415V/50Hz",
9692271076-01,"MOTORE TESTA *L* 7,5 KW A V.380/50H","""L"" HEAD MOTOR 7,5 kW 380V/50Hz","MOTORE TESTA ""L"" 7,5 kW - 380V/50Hz",
5787257859-01,"MOTORE TESTA *L* 7,5 KW A V.415/50","""L"" HEAD MOTOR 7,5 kW 415V/50Hz","MOTORE TESTA ""L"" 7,5 kW - 415V/50Hz",
4328103318-01,SEGATRICE JJ638/R PRED. P 220/50,"JJ638/R ""P"" HEAD SET-UP 220V/50Hz","SEGATRICE JJ638/R PREDISPOSIZIONE TESTA ""P"" - 220V/50Hz",
6236006486-01,SEGATRICE JJ638/R PRED. P 380/50,"JJ638/R ""P"" HEAD SET-UP 380V/50Hz","SEGATRICE JJ638/R PREDISPOSIZIONE TESTA ""P"" - 380V/50Hz",
0702817538-01,SEGATRICE JJ638/R PRED. P 415/50,"JJ638/R ""P"" HEAD SET-UP 415V/50Hz","SEGATRICE JJ638/R PREDISPOSIZIONE TESTA ""P"" - 415V/50Hz",
0208456622-01,SEGATRICE JJ638/R PRED. L 380/50,"JJ638/R ""L"" HEAD SET-UP 380V/50Hz","SEGATRICE JJ638/R PREDISPOSIZIONE TESTA ""L"" - 380V/50Hz",
0664102555-01,SEGATRICE JJ638/R PRED. L 415/50,"JJ638/R ""L"" HEAD SET-UP 415V/50Hz","SEGATRICE JJ638/R PREDISPOSIZIONE TESTA ""L"" - 415V/50Hz",
3051476034-01,JJ638 VERSIONE DG PRED. P 380/50,"JJ638 DG ""P"" HEAD SET-UP 380V/50Hz","SEGATRICE JJ638 DG PREDISPOSIZIONE TESTA ""P"" - 380V/50Hz",
3079706027-01,JJ638 VERSIONE DG PRED. L 380/50,"JJ638 DG ""L"" HEAD SET-UP 380V/50Hz","SEGATRICE JJ638 DG PREDISPOSIZIONE TESTA ""L"" - 380V/50Hz",
5716475533-01,JJ638/R VERSIONE DG PR. P 380/50,"JJ638/R DG ""P"" HEAD SET-UP 380V/50Hz","SEGATRICE JJ638/R DG PREDISPOSIZIONE TESTA ""P"" - 380V/50Hz",
7215897769-01,JJ638/R VERSIONE DG PR. L 380/50,"JJ638/R DG ""L"" HEAD SET-UP 380V/50Hz","SEGATRICE JJ638/R DG PREDISPOSIZIONE TESTA ""L"" - 380V/50Hz",
0280443377-01,PROTEZIONE MOTORE TESTA *P* V. 3,"""P"" HEAD MOTOR PROTECTION 380V/50Hz","PROTEZIONE MOTORE TESTA ""P"" - 380V/50Hz",
7229649129-01,PROTEZIONE MOTORE TESTA *P* 415/50,"""P"" HEAD MOTOR PROTECTION 415V/50Hz","PROTEZIONE MOTORE TESTA ""P"" - 415V/50Hz",
4478346185-01,PROTEZIONE MOTORE TESTA *L* V. 4,"""L"" HEAD MOTOR PROTECTION 415V/50Hz","PROTEZIONE MOTORE TESTA ""L"" - 415V/50Hz",
1333268910-01,PROTEZIONE POMPA OLIO 220/50-60,OIL PUMP PROTECTION 220V/50-60Hz,PROTEZIONE POMPA OLIO - 220V/50-60Hz,
0941440165-01,PROTEZIONE POMPA OLIO V. 380/50,OIL PUMP PROTECTION 380V/50Hz,PROTEZIONE POMPA OLIO - 380V/50Hz,
4284760266-01,PROTEZIONE POMPA OLIO V. 415/50,OIL PUMP PROTECTION 415V/50Hz,PROTEZIONE POMPA OLIO - 415V/50Hz,
3427032989-01,PROTEZIONE MOTORE TESTA *P* V.380-4,"""P"" HEAD MOTOR PROTECTION 380-440V/50Hz","PROTEZIONE MOTORE TESTA ""P"" - 380-440V/50Hz",
9666458401-01,PROTEZ.MOTORE TESTA *L* 380-415/50,"""L"" HEAD MOTOR PROTECTION 380-415V/50Hz","PROTEZIONE MOTORE TESTA ""L"" - 380-415V/50Hz",
2417MSW708-03,BASAMENTO MACCHINA JJ638 CKD,JJ638 CKD MACHINE BASE,,
8557W8SYZ6-03,PIATTAFORMA GIREVOLE JJ638 CKD,JJ638 CKD ROTATING PLATFORM,,
3257U4JUD2-03,BANCO MACCHINA JJ638 CKD,JJ638 CKD MACHINE BENCH,,
7885C1UJX4-03,MOTORI JJ638 CKD,JJ638 CKD MOTORS,,
9109F4MHN7-03,POMPE JJ638 CKD,JJ638 CKD PUMP,,
8142Z7ADV6-03,CONNETTORE DISTR.BLOCC.JJ638 CKD,JJ638 CKD DISTRIBUTION CONNECTOR,,
2299D5VUX1-03,TRAVERSA CENTR.CREMAGLIERA JJ638CKD,JJ638 CKD CENTRAL CROSSPIECE RACK,,
4001L7BAW0-03,MORSE JJ638 CKD,JJ638 CKD CLAMPS,,
1727A8XYM9-03,REGOLAZIONE ESTERNA UNITA'JJ638CKD,JJ638 CKD EXTERNAL ADJUSTMENT UNIT,,
2822S7XLE3-03,REGOLAZIONE TRAVERSA RID.JJ638 CKD,JJ638 CKD ADJUSTMENT CROSSBAR,,
0793ULHAK0-03,COFANI RIPARI SUPPORTI JJ638 CKD,JJ638 CKD HOODS GUARDS SUPPORTS,,
2469ECDKN1-03,CILINDRO UNITA'-SUPPORTI JJ638 CKD,JJ638 CKD CYLINDER UNIT,,
0215BYNDX2-03,RULLIERA JJ638 CKD,JJ638 CKD ROLLER BED,,
1377MXSVA0-03,CATENE E INGRANAGGI JJ638 CKD,JJ638 CKD CHAINS AND GEARS,,
9226GNPNR8-03,VOLANTINI IMPUGNATURE JJ638 CKD,JJ638 CKD HANDWHEEL HANDLES,,
3742USYVB6-03,TUBI IDRAULICI JJ638 CKD,JJ638 CKD HYDRAULIC TUBE,,
6112XAPTZ6-03,CANDELE SPRUZZATORI TUBI JJ638 CKD,JJ638 CKD SPARK PLUGS SPRAYERS TUBES,,
6825TBUNY7-03,DOTAZIONE JJ638 CKD,JJ638 CKD EQUIPMENT,,
2062RFSTJ3-03,COMPL. ELETTRICO COMANDO,JJ638 CKD ELECTRIC CONTROL UNIT,,
1257574530-01,SEGATRICE SEMIAUTOMATICA JJ 783/1,JJ783/9 SEMIAUTOMATIC SAWING MACHINE,SEGATRICE SEMIAUTOMATICA JJ783/9,
6814884396-01,SEGATRICE JJ783/9,SAWING MACHINE JJ783/9,SEGATRICE JJ783/9,
8198476091-01,SEGATRICE SEMIAUT. GJ632N 220/50,GJ632N SEMIAUT. SAWING MACHINE 220V/50Hz,SEGATRICE GJ632N SEMIAUTOMATICA - 220V/50Hz,
9588336412-01,SEGATRICE SEMIAUT. GJ632N 220/60,GJ632N SEMIAUT. SAWING MACHINE 220V/60Hz,SEGATRICE GJ632N SEMIAUTOMATICA - 220V/60Hz,
9785250654-01,SEGATRICE SEMIAUT. GJ632N 380/50,GJ632N SEMIAUT. SAWING MACHINE 380V/50Hz,SEGATRICE GJ632N SEMIAUTOMATICA - 380V/50Hz,
2589858295-01,SEGATRICE SEMIAUT. GJ632N 415/50,GJ632N SEMIAUT. SAWING MACHINE 415V/50Hz,SEGATRICE GJ632N SEMIAUTOMATICA - 415V/50Hz,
9020168210-01,SEGATRICE SEMIAUT. GJ632NP 220/50,GJ632NP SEMIAUT.SAWING MACHINE 220V/50Hz,SEGATRICE GJ632NP SEMIAUTOMATICA - 220V/50Hz,
6970952708-01,SEGATRICE SEMIAUT. GJ632NP 220/60,GJ632NP SEMIAUT.SAWING MACHINE 220V/60Hz,SEGATRICE GJ632NP SEMIAUTOMATICA - 220V/60Hz,
2270736552-01,SEGATRICE SEMIAUT. GJ632NP 380/50,GJ632NP SEMIAUT.SAWING MACHINE 380V/50Hz,SEGATRICE GJ632NP SEMIAUTOMATICA - 380V/50Hz,
1432938968-01,SEGATRICE SEMIAUT. GJ632NP 415/50,GJ632NP SEMIAUT.SAWING MACHINE 415V/50Hz,SEGATRICE GJ632NP SEMIAUTOMATICA - 415V/50Hz,
6493448935-01,MOTORE TESTA OPERATRICE V.220 HZ 60,"OPERATING HEAD 3,6 kW 220V/60Hz","MOTORE TESTA OPERATRICE 3,6 kW - 220V/60Hz",
0949567430-01,MOTORE TESTA OPERATRICE V. 220/380,OPERATING HEAD 220-380V/50Hz,MOTORE TESTA OPERATRICE - 220-380V/50Hz,
4824556340-01,MOTORE TESTA OPERATRICE V. 240/415,OPERATING HEAD 240-415V/50Hz,MOTORE TESTA OPERATRICE - 240-415V/50Hz,
4100233088-01,MOTORE TESTA OPERATRICE V.440 HZ 50,"OPERATING HEAD 3,6 kW 440V/50Hz","MOTORE TESTA OPERATRICE 3,6 kW - 440V/50Hz",
1716183413-01,SEGATRICE AUTOM. GJ632A 220/50,GJ632A AUTOM. SAWING MACHINE 220V/50Hz,SEGATRICE GJ632A AUTOMATICA - 220V/50Hz,
3983368965-01,SEGATRICE AUTOM. GJ632A 220/60,GJ632A AUTOM. SAWING MACHINE 220V/60Hz,SEGATRICE GJ632A AUTOMATICA - 220V/60Hz,
3235666698-01,SEGATRICE AUTOM. GJ632A 380/50,GJ632A AUTOM. SAWING MACHINE 380V/50Hz,SEGATRICE GJ632A AUTOMATICA - 380V/50Hz,
6351329859-01,SEGATRICE AUTOM. GJ632A 415/50,GJ632A AUTOM. SAWING MACHINE 415V/50Hz,SEGATRICE GJ632A AUTOMATICA - 415V/50Hz,
2110829449-01,SEGATRICE AUTOM. GJ632AP 220/50,GJ632AP AUTOM. SAWING MACHINE 220V/50Hz,SEGATRICE GJ632AP AUTOMATICA - 220V/50Hz,
5407774753-01,SEGATRICE AUTOM. GJ632AP 380/50,GJ632AP AUTOM. SAWING MACHINE 380V/50Hz,SEGATRICE GJ632AP AUTOMATICA - 380V/50Hz,
0168021380-01,SEGATRICE AUTOM. GJ632AP 415/50,GJ632AP AUTOM. SAWING MACHINE 415V/50Hz,SEGATRICE GJ632AP AUTOMATICA - 415V/50Hz,
4951291805-01,PROTEZIONI MOTORI A V. 220 50/60 HZ,MOTOR PROTECTION 220V/50-60Hz,PROTEZIONE MOTORE - 220V/50-60Hz,
2483219334-01,PROTEZIONI MOTORI A V.380-440 50 HZ,MOTOR PROTECTION 380-440V/50Hz,PROTEZIONE MOTORE - 380-440V/50Hz,
4142127137-01,SEGATRICE JJ 542 - 220/50,JJ542 SAWING MACHINE 220V/50Hz,SEGATRICE JJ542 - 220V/50Hz,
7445342603-01,SEGATRICE JJ 542 - 380/50,JJ542 SAWING MACHINE 380V/50Hz,SEGATRICE JJ542 - 380V/50Hz,
3525622124-01,SEGATRICE JJ 542 - 440/50,JJ542 SAWING MACHINE 440V/50Hz,SEGATRICE JJ542 - 440V/50Hz,
0239911566-01,MOTORI TESTA E EMULSIONE A VOLT 220,HEAD-EMULSION PUMP MOTOR 220V/50Hz,MOTORE TESTA E EMULSIONE - 220V/50Hz,
6890864871-01,MOTORI TESTA E EMULSIONE V.220/60,HEAD-EMULSION PUMP MOTOR 220V/60Hz,MOTORE TESTA E EMULSIONE - 220V/60Hz,
8090774635-01,MOTORI TESTA E EMULSIONE A VOLT 380,HEAD-EMULSION PUMP MOTOR 380V/50Hz,MOTORE TESTA E EMULSIONE - 380V/50Hz,
3975007697-01,MOTORI TESTA E EMULSIONE A VOLT 440,HEAD-EMULSION PUMP MOTOR 415V/50Hz,MOTORE TESTA E EMULSIONE - 415V/50Hz,
0199278991-01,SEGATRICE JJ 542 R - 220/50,JJ542 R SAWING MACHINE 220V/50Hz,SEGATRICE JJ542 R - 220V/50Hz,
8153309760-01,SEGATRICE JJ 542 R - 380/50,JJ542 R SAWING MACHINE 380V/50Hz,SEGATRICE JJ542 R - 380V/50Hz,
1860495796-01,SEGATRICE JJ 542 R - 440/50,JJ542 R SAWING MACHINE 440V/50Hz,SEGATRICE JJ542 R - 440V/50Hz,
4178667775-01,SEGATRICE JJ 542 RM - 220/50,JJ542 RM SAWING MACHINE 220V/50Hz,SEGATRICE JJ542 RM - 220V/50Hz,
2419294439-01,SEGATRICE JJ 542 RM - 380/50,JJ542 RM SAWING MACHINE 380V/50Hz,SEGATRICE JJ542 RM - 380V/50Hz,
6888917514-01,SEGATRICE JJ 542 RM - 440/50,JJ542 RM SAWING MACHINE 440V/50Hz,SEGATRICE JJ542 RM - 440V/50Hz,
6542329521-01,MOTORE ROTAZIONE V.220/60,ROTATION MOTOR 220V/60Hz,MOTORE ROTAZIONE - 220V/60Hz,
4034022372-01,MOTORE PER ROTAZIONE MOTORIZZATA A,MOTORIZED ROTATION MOTOR 220-380V/50Hz,MOTORE ROTAZIONE MOTORIZZATA - 220-380V/50Hz,
1876468158-01,PROTEZIONE MOTORI TESTA E POMPA A V,HEAD-PUMP MOTOR PROTECTION 220V/50Hz,PROTEZIONE MOTORE TESTA E POMPA - 220V/50Hz,
1441441503-01,PROT.MOTORI TESTA E POMPA V.220/60,HEAD-PUMP MOTOR PROTECTION 220V/60Hz,PROTEZIONE MOTORE TESTA E POMPA - 220V/60Hz,
5441372363-01,PROTEZIONE MOTORE ROTAZIONE A VOLT,ROTATION MOTOR PROTECTION 220V/50Hz,PROTEZIONE MOTORE ROTAZIONE - 220V/50Hz,
3260223037-01,PROT.MOTORE ROTAZIONE V.220/60,ROTATION MOTOR PROTECTION 220V/60Hz,PROTEZIONE MOTORE ROTAZIONE - 220V/60Hz,
6906784959-01,MOTORE CENTRALINA V.220/60,CONTROL UNIT MOTOR 220V/60Hz,MOTORE CENTRALINA - 220V/60Hz,
3750120576-01,MOTORE CENTRALINA A VOLT 260/440,CONTROL UNIT MOTOR 260-440V/50Hz,MOTORE CENTRALINA - 260-440V/50Hz,
0939259911-01,VARIANTE RULLIERA DI CARICO BASE A,BASIC LOAD. ROLLER VARIANT 220-380V/50Hz,VARIANTE RULLIERA DI CARICO BASE - 220-380V/50Hz,
8294841758-01,V.RULLIERA DI CARICO BASE 240/415,BASIC LOAD. ROLLER VARIANT 240-415V/50Hz,VARIANTE RULLIERA DI CARICO BASE - 240-415V/50Hz,
2663998824-01,VARIANTE RULLIERA DI CARICO MOTORIZ,MOT.LOADING ROLLER BED VARIANT 220V/50Hz,VARIANTE RULLIERA DI CARICO MOTORIZZATA - 220V/50Hz,
4601242540-01,PROTEZIONE MOTORE ALZA RULLO LATO C,ROLLER UP MOTOR PROTECTION LOAD SIDE,PROTEZIONE MOTORE ALZA RULLO LATO CARICO - 220-260V/50Hz,
0210331567-01,PROTEZIONE MOTORE RULLIERA LATO CAR,ROLLER BED MOTOR PROTECTION LOAD SIDE,PROTEZIONE MOTORE RULLIERA LATO CARICO - 220-260V/50Hz,
6955392135-01,VARIANTE RULLIERA LATO RISC.BASE A,ROLL. BED VARIANT LOCAT.SD 220-380V/50Hz,VARIANTE RULLIERA LATO RISCONTRO BASE - 220-380V/50Hz,
9455437052-01,V.RULLIERA LATO RISC.BASE 240/415,ROLL. BED VARIANT LOCAT.SD 240-415V/50Hz,VARIANTE RULLIERA LATO RISCONTRO BASE - 240-415V/50Hz,
9021854983-01,VARIANTE RULLIERA LATO RISC.MOTORIZ,ROLLER BED VARIANT LOCAT. SIDE 220V/50Hz,VARIANTE RULLIERA MOTORIZZATA LATO RISCONTRO - 220V/50Hz,
8637692640-01,PROTEZIONI MOT.ALZA RULLO+ALZA RISC,ROLLER UP+LOCATOR UP MOTOR PROTECTION,PROTEZIONE MOTORE ALZA RULLO + ALZA RISCONTRO - 220-260V/50Hz,
3413328202-01,PROTEZIONE MOTORE RULLIERA LATO RIS,ROLLER BED MOTOR PROTECTION LOCATOR SIDE,PROTEZIONE MOTORE RULLIERA LATO RISCONTRO - 220-260V/50Hz,
4443448526-01,VARIANTE RISCONTRO BASE A,BASIC LOCATOR VARIANT 220-380V/50Hz,VARIANTE RISCONTRO BASE - 220-380V/50Hz,
6177786559-01,VARIANTE RISCONTRO BASE V.240/415,BASIC LOCATOR VARIANT 240-415V/50Hz,VARIANTE RISCONTRO BASE - 240-415V/50Hz,
3067846961-01,VARIANTE RISCONTRO ELETTRONICO A,ELECTRONIC LOCATOR VARIANT 220-380V/50Hz,VARIANTE RISCONTRO ELETTRONICO - 220-380V/50Hz,
2835618013-01,VAR.RISCONTRO ELETTRON. 240-415/50,ELECTRONIC LOCATOR VARIANT 240-415V/50Hz,VARIANTE RISCONTRO ELETTRONICO - 240-415V/50Hz,
1857582183-01,PROTEZIONI MOT.OLIO SBLOCCO RISCONT,OIL UNLOCK LOCATOR MOTOR PROTECTION,PROTEZIONE MOTORE OLIO SBLOCCO RISCONTRO - 220-260V/50Hz,
9774152110-01,VARIANTE MOVIMENTAZIONE TRASV.LATO,CROSS HANDL. LOAD SIDE VARIANT 220V/50Hz,VARIANTE MOVIMENTAZIONE TRASVERSALE LATO CARICO - 220V/50Hz,
4769726978-01,VARIANTE CARR.DI TRASP.LATO CARICO,BASIC CARRIAGE VARIANT LOAD SD 220V/50Hz,VARIANTE CARRELLO LATO CARICO BASE - 220V/50Hz,
6199491013-01,PROT.CARRELLI LATO CARICO A V.22,CARR. PROTECT. LOAD SIDE L=6m 50Hz,PROTEZIONE CARRELLI LATO CARICO L=6m - 220-260V/50Hz,
7102031666-01,VARIANTE CARR.DI TRASP.LATO RISCONT,CARRIAGE VARIANT LOCATOR SIDE 220V/50Hz,VARIANTE CARRELLO LATO RISCONTRO - 220V/50Hz,
2620149938-01,PROT.CARRELLI LATO RISCONTRO A V.22,CARR. PROTECT. LOCATOR SIDE L=4m 50Hz,PROTEZIONE CARRELLI LATO RISCONTRO L=4m - 220-260V/50Hz,
2090461207-01,VARIANTE TRASF.PER AZIONAMENTO A,DRIVE TRANSFORMER VARIANT 220-380V/50Hz,VARIANTE TRASFORMATORE PER AZIONAMENTO - 220-380V/50Hz,
6856089680-01,SBAVATRICE BJ922 VERS.1500 - 220/50,"BJ922 DEBURRING MACHINE L=1,5m 220V/50Hz","SBAVATRICE BJ922 L=1,5m - 220V/50Hz",
9032204643-01,SBAVATRICE BJ922 VERS.1500 - 380/50,"BJ922 DEBURRING MACHINE L=1,5m 380V/50Hz","SBAVATRICE BJ922 L=1,5m - 380V/50Hz",
6303167524-01,SBAVATRICE BJ922 VERS.1500 - 415/50,"BJ922 DEBURRING MACHINE L=1,5m 415V/50Hz","SBAVATRICE BJ922 L=1,5m - 415V/50Hz",
5423847471-01,BJ922 L.3000 A V.220/50,BJ922 DEBURRING MACHINE L=3m 220V/50Hz,SBAVATRICE BJ922 L=3m - 220V/50Hz,
4732357347-01,BJ922 L.3000 A V.380/50,BJ922 DEBURRING MACHINE L=3m 380V/50Hz,SBAVATRICE BJ922 L=3m - 380V/50Hz,
2647079710-01,BJ922 L.3000 A V.415/50,BJ922 DEBURRING MACHINE L=3m 415V/50Hz,SBAVATRICE BJ922 L=3m - 415V/50Hz,
9793301879-01,BJ922 L.4500 A V.220/50,"BJ922 DEBURRING MACHINE L=4,5m 220V/50Hz","SBAVATRICE BJ922 L=4,5m - 220V/50Hz",
5594893122-01,BJ922 L.4500 A V.380/50,"BJ922 DEBURRING MACHINE L=4,5m 380V/50Hz","SBAVATRICE BJ922 L=4,5m - 380V/50Hz",
9599095531-01,BJ922 L.4500 A V.415/50,"BJ922 DEBURRING MACHINE L=4,5m 415V/50Hz","SBAVATRICE BJ922 L=4,5m - 415V/50Hz",
2972754398-01,BJ922 DG L.1500 A V.220-380/50,"BJ922 DG DEBURR. M. L=1,5m 220-380V/50Hz","SBAVATRICE BJ922 DG L=1,5m - 220-380V/50Hz",
6817827051-01,BJ922 DG L.3000 A V.220-380/50,BJ922 DG DEBURRING M. L=3m 220-380V/50Hz,SBAVATRICE BJ922 DG L=3m - 220-380V/50Hz,
1104659970-01,BJ922 DG L.4500 A V.220-380/50,"BJ922 DG DEBURR. M. L=4,5m 220-380V/50Hz","SBAVATRICE BJ922 DG L=4,5m - 220-380V/50Hz",
3094037276-01,PART.MACCHINA BASE,BASIC MACHINE DETAILS,PARTICOLARI MACCHINA BASE,
6650602135-01,PART.COMPLEMENTI L1500,"L=1,5m DETAILS COMPLEMENT","PARTICOLARI COMPLEMENTO L=1,5m",
2334615711-01,PART.COMPLEMENTI L.3000,L=3m DETAILS COMPLEMENT,PARTICOLARI COMPLEMENTO L=3m,
0477250995-01,PART.COMPLEMENTI L.4500,"L=4,5m DETAILS COMPLEMENT","PARTICOLARI COMPLEMENTO L=4,5m",
8452724826-01,PART.TESTATA BASE,BASIC HEADBOARD DETAILS,PARTICOLARI TESTATA BASE,
9569594767-01,PART.TESTATA FISSA DESTRA,RIGHT FIXED HEADBOARD DETAILS,PARTICOLARI TESTATA FISSA DESTRA,
0717077822-01,PART.IMPIANTO PNEUMATICO,PNEUMATIC SYSTEM DETAILS,PARTICOLARI IMPIANTO PNEUMATICO,
9175296101-01,PART.DOTAZIONE MACCHINA,MACHINE EQUIPMENT DETAILS,PARTICOLARI DOTAZIONE MACCHINA,
6473919095-01,PART.IMPIANTO ELETTRICO,ELECTRIC SYSTEM DETAILS,PARTICOLARI IMPIANTO ELETTRICO,
3934131891-01,PART.SOSTENITORE ASTE,POLE SUPPORTER DETAILS,PARTICOLARI SOSTENITORE ASTE,
6121176413-01,PART.COMPLEMENTI BJ922 CONCATENATA,BJ922 CONCATENATED DETAILS COMPLEMENT,PARTICOLARI COMPLEMENTO BJ922 CONCATENATA,
4405525230-01,PART.SOSTENITORE MECCANIZZATO,MECHANIZED SUPPORTER DETAILS,PARTICOLARI SOSTENITORE MECCANIZZATO,
3704253637-01,PART.COMPL.SOSTENITORE MECC.L.1500,"MECH. SUPPORTER L=1,5m DETAILS COMPLEM.","PARTICOLARI COMPLEMENTO SOSTENITORE MECCANIZZATO L=1,5m",
7187532001-01,PART.COMPL.SOSTENITORE MECC.L.3000,MECH. SUPPORTER L=3m DETAILS COMPLEMENT,PARTICOLARI COMPLEMENTO SOSTENITORE MECCANIZZATO L=3m,
3857002173-01,PART.COMPL.SOSTENITORE MECC.L.4500,"MECH. SUPPORTER L=4,5m DETAILS COMPLEM.","PARTICOLARI COMPLEMENTO SOSTENITORE MECCANIZZATO L=4,5m",
5899172157-01,PART.ALIMENTAZIONE A DOPPIE CATENE,DOUBLE CHAIN FEEDING DETAILS,PARTICOLARI ALIMENTAZIONE A DOPPIE CATENE,
0693775745-01,PART.CONCATENAMENTO BORDO BJ922,BJ922 ONBOARD CHAINING DETAILS,PARTICOLARI CONCATENAMENTO BORDO BJ922,
1280705416-01,PART.COMPL.CONCATENAMENTO L.1500,"CHAINING L=1,5m DETAILS COMPLEMENT","PARTICOLARI COMPLEMENTO CONCATENAMENTO L=1,5m",
4210196641-01,PART.COMPL.CONCATENAMENTO L.3000,CHAINING L=3m DETAILS COMPLEMENT,PARTICOLARI COMPLEMENTO CONCATENAMENTO L=3m,
9892048481-01,PART.COMPL.CONCATENAMENTO L.4500,"CHAINING L=4,5m DETAILS COMPLEMENT","PARTICOLARI COMPLEMENTO CONCATENAMENTO L=4,5m",
9162092691-01,PART.COMPL.SOST.MECCANIZZATO CONC.,CHAINING MECH. SUPPORTER DETAILS COMPL.,PARTICOLARI COMPLEMENTO SOSTENITORE MECCANIZZATO CONCATENATO,
4924949891-01,PART.COMPL.TESTATA MOBILE SINISTRA,LEFT MOBILE HEADBOARD DETAILS COMPLEMENT,PARTICOLARI COMPLEMENTO TESTATA MOBILE SINISTRA,
8168240138-01,ACC.MACCHINA BASE,BASIC MACHINE ACCESSORIES,ACCESSORI MACCHINA BASE,
1422742681-01,ACC.VARIANTE MOT.ALIMENT.V.220-380,FEEDING M. VARIANT ACCESS. 220-380V/50Hz,ACCESSORI VARIANTE MOTORE ALIMENTAZIONE - 220-380V/50Hz,
6127607378-01,ACC.VARIANTE MOT.ALIMENT.V.415/50,FEEDING M. VARIANT ACCESS. 415V/50Hz,ACCESSORI VARIANTE MOTORE ALIMENTAZIONE - 415V/50Hz,
6505109736-01,ACC.COMPLEMENTI L.1500,"COMPLEMENT ACCESSORIES FOR L=1,5m","ACCESSORI COMPLEMENTO L=1,5m",
3405071500-01,ACC.COMPLEMENTI L.3000,COMPLEMENT ACCESSORIES FOR L=3m,ACCESSORI COMPLEMENTO L=3m,
3056984727-01,ACC.COMPLEMENTI L.4500,"COMPLEMENT ACCESSORIES FOR L=4,5m","ACCESSORI COMPLEMENTO L=4,5m",
1606424941-01,ACC.TESTATA BASE,BASIC HEADBOARD ACCESSORIES,ACCESSORI TESTATA BASE,
4533495024-01,ACC.TESTATA FISSA DESTRA,RIGHT FIXED HEADBOARD ACCESSORIES,ACCESSORI TESTATA FISSA DESTRA,
8236535250-01,ACC.IMPIANTO PNEUMATICO,PNEUMATIC SYSTEM ACCESSORIES,ACCESSORI IMPIANTO PNEUMATICO,
5422288639-01,ACC.DOTAZIONE MACCHINA,MACHINE EQUIPMENT ACCESSORIES,ACCESSORI DOTAZIONE MACCHINA,
9266268584-01,ACC.IMPIANTO ELETTRICO,ELECTRIC SYSTEM ACCESSORIES,ACCESSORI IMPIANTO ELETTRICO,
4239450829-01,ACC.COMPLEMENTI EL.L.3000,ELECTRIC COMPLEMENT ACCESSORIES L=3m,ACCESSORI COMPLEMENTO ELETTRICO L=3m,
7989176925-01,ACC.COMPLEMENTI EL.L.4500,"ELECTRIC COMPLEMENT ACCESSORIES L=4,5m","ACCESSORI COMPLEMENTO ELETTRICO L=4,5m",
5114350781-01,ACC.PROTEZIONI MOTORI V.380/50 10HP,MOTOR 10HP PROTECT.ACCESSORIES 380V/50Hz,ACCESSORI PROTEZIONE MOTORE - 380V/50Hz 10HP,
9997563683-01,ACC.PROTEZIONI MOTORI V.415/50 10HP,MOTOR 10HP PROTECT.ACCESSORIES 415V/50Hz,ACCESSORI PROTEZIONE MOTORE - 415V/50Hz 10HP,
8885402687-01,ACC.VARIANTE M.SPAZZ.V.220-380/50,BRUSH MOT. VARIANT ACCESS. 220-380V/50Hz,ACCESSORI VARIANTE MOTORIZZAZIONE SPAZZOLA - 220-380V/50Hz,
3831305952-01,ACC.VARIANTE M.SPAZZ.V.415-440/50,BRUSH MOT. VARIANT ACCESS. 415-440V/50Hz,ACCESSORI VARIANTE MOTORIZZAZIONE SPAZZOLA - 415-440V/50Hz,
3501941853-01,ACC.SOSTENITORE ASTE,POLES SUPPORTER ACCESSORIES,ACCESSORI SOSTENITORE ASTE,
6232237480-01,ACC.COMPLEMENTI BJ922 CONCATENATA,BJ922 CONCATENATED COMPL. ACCESSORIES,ACCESSORI COMPLEMENTO BJ922 CONCATENATA,
1542610919-01,ACC.SOSTENITORE MECCANIZZATO,MECHANIZED SUPPORTER ACCESSORIES,ACCESSORI SOSTENITORE MECCANIZZATO,
2553565194-01,ACC.ALIMENTAZIONE A DOPPIE CATENE,DOUBLE CHAIN FEEDING ACCESSORIES,ACCESSORI ALIMENTAZIONE A DOPPIE CATENE,
2384134756-01,ACC.CONCATENAMENTO A BORDO BJ922,CHAINING ACCESSORIES ON MACHINE,ACCESSORI CONCATENAMENTO A BORDO BJ922,
6136451522-01,ACC.COMPL.CONCATENAMENTO L.3000,CHAINING L=3m COMPL. ACCESSORIES,ACCESSORI COMPLEMENTO CONCATENAMENTO L=3m,
5732950458-01,ACC.COMPL.CONCATENAMENTO L.4500,"CHAINING L=4,5m COMPL. ACCESSORIES","ACCESSORI COMPLEMENTO CONCATENAMENTO L=4,5m",
9754370758-01,ACC.VARIANTE M.CONC.V.220-380/50,CHAINING M.VARIANT ACCESS. 220-380V/50Hz,ACCESSORI VARIANTE MOTORE CONCATENAMENTO - 220-380V/50Hz,
4055552975-01,ACC.VARIANTE M.CONC.V.240-415/50,CHAINING M.VARIANT ACCESS. 240-415V/50Hz,ACCESSORI VARIANTE MOTORE CONCATENAMENTO - 240-415V/50Hz,
2948185801-01,ACC.IMPIANTO ELETTR.CONCATENAMENTO,CHAINING ELECTRIC SYSTEM ACCESSORIES,ACCESSORI IMPIANTO ELETTRICO CONCATENAMENTO,
0275796684-01,ACC.VARIANTE PROT.CONC.V.220/50,CHAINING PROTECTION VARIANT ACCESSORIES,ACCESSORI VARIANTE PROTEZIONE CONCATENAMENTO - 220V/50Hz,
3439926896-01,ACC.COMPL.SOST.MECCANIZZATO CONCAT.,CONCATEN. SUPPORTER COMPL. ACCESSORIES,ACCESSORI COMPLEMENTO SOSTENITORE MECCANIZZATO CONCATENATO,
5058911336-01,ACC.COMPL.TESTATA MOBILE SINISTRA,LEFT MOBILE HEADBOARD COMPL. ACCESSORIES,ACCESSORI COMPLEMENTO TESTATA MOBILE SINISTRA,
6982448704-01,PART.MACCHINA BASE DG,DG BASIC MACHINE DETAILS,PARTICOLARI MACCHINA BASE DG,
7153280741-01,PART.COMPLEMENTI L.1500 DG,"DG L=1,5m DETAILS COMPLEMENT","PARTICOLARI COMPLEMENTO L=1,5m DG",
2561196465-01,PART.COMPLEMENTI L.3000 DG,DG L=3m DETAILS COMPLEMENT,PARTICOLARI COMPLEMENTO L=3m DG,
3975476140-01,PART.COMPLEMENTI L.4500 DG,"DG L=4,5m DETAILS COMPLEMENT","PARTICOLARI COMPLEMENTO L=4,5m DG",
3791583119-01,PART.TESTATA BASE DG,DG BASIC HEADBOARD DETAILS,PARTICOLARI TESTATA BASE DG,
0250551339-01,PART.TESTATA FISSA DESTRA DG,DG RIGHT FIXED HEADBOARD DETAILS,PARTICOLARI TESTATA FISSA DESTRA DG,
0089139818-01,PART.IMPIANTO PNEUMATICO DG,DG PNEUMATIC SYSTEM DETAILS,PARTICOLARI IMPIANTO PNEUMATICO DG,
9211248310-01,PART.DOTAZIONE MACCHINA DG,DG MACHINE EQUIPMENT DETAILS,PARTICOLARI DOTAZIONE MACCHINA DG,
6675409121-01,PART.IMPIANTO ELETTRICO DG,DG ELECTRIC SYSTEM DETAILS,PARTICOLARI IMPIANTO ELETTRICO DG,
9406149109-01,PART.ALIMENTAZIONE DOPPIE CATENE DG,DG DOUBLE CHAIN FEEDING DETAILS,PARTICOLARI ALIMENTAZIONE DOPPIE CATENE DG,
0667135016-01,PART.COMPL.TESTATA MOBILE DG,DG LEFT HEADBOARD DETAILS COMPLEMENT,PARTICOLARI COMPLEMENTO TESTATA MOBILE DG,
6055202990-01,ACC.MACCHINA BASE DG,BASIC MACHINE ACCESSORIES DG,ACCESSORI MACCHINA BASE DG,
0543834857-01,ACC.COMPLEMENTI L.1500 DG,"COMPLEMENT ACCESSORIES FOR L=1,5m DG","ACCESSORI COMPLEMENTO L=1,5m DG",
8391479973-01,ACC.COMPLEMENTI L.3000 DG,COMPLEMENT ACCESSORIES FOR L=3m DG,ACCESSORI COMPLEMENTO L=3m DG,
1804475128-01,ACC.COMPLEMENTI L.4500 DG,"COMPLEMENT ACCESSORIES FOR L=4,5m DG","ACCESSORI COMPLEMENTO L=4,5m DG",
0838326319-01,ACC.TESTATA BASE DG,BASIC HEADBOARD ACCESSORIES DG,ACCESSORI TESTATA BASE DG,
4840167975-01,ACC.TESTATA FISSA DG,FIXED HEADBOARD ACCESSORIES DG,ACCESSORI TESTATA FISSA DG,
4547292354-01,ACC.IMPIANTO PNEUMATICO DG,DG PNEUMATIC SYSTEM ACCESSORIES,ACCESSORI IMPIANTO PNEUMATICO DG,
6571352063-01,ACC.DOTAZIONE MACCHINA DG,MACHINE EQUIPMENT ACCESSORIES DG,ACCESSORI DOTAZIONE MACCHINA DG,
9021127390-01,ACC.IMPIANTO ELETTRICO DG,ELECTRIC SYSTEM ACCESSORIES DG,ACCESSORI IMPIANTO ELETTRICO DG,
2130453389-01,ACC.COMPLEMENTI EL.L.3000 DG,ELECTRIC COMPLEMENT ACCESSORIES L=3m DG,ACCESSORI COMPLEMENTO ELETTRICO L=3m DG,
9418841481-01,ACC.COMPLEMENTI EL.L.4500 DG,"ELECTRIC COMPLEM. ACCESSORIES L=4,5m DG","ACCESSORI COMPLEMENTO ELETTRICO L=4,5m DG",
9860331056-01,ACC.PROTEZIONI V.380/50 10HP DG,PROTECTION ACCESSORIES 380V/50Hz,ACCESSORI PROTEZIONE - 380V/50Hz,
4207479908-01,ACC.VARIANTE MOTORI V.220-380/50 DG,MOTOR VARIANT ACCESSORIES 220-380V/50Hz,ACCESSORI VARIANTE MOTORE - 220-380V/50Hz,
5047721767-01,ACC.ALIMENTAZIONE DOPPIE CATENE DG,DG DOUBLE CHAIN FEEDING ACCESSORIES,ACCESSORI ALIMENTAZIONE DOPPIE CATENE DG,
6771431141-01,CUF 100 DG L.1500 380/50,"BJ922 DG DEBURRING M. L=1,5m 380V/50Hz","SBAVATRICE BJ922 DG L=1,5m - 380V/50Hz",
4227104572-01,CUF 100 DG L.3000 380/50,BJ922 DG DEBURRING M. L=3m 380V/50Hz,SBAVATRICE BJ922 DG L=3m - 380V/50Hz,
6827385527-01,CUF 100 DG L.4500 380/50,"BJ922 DG DEBURRING M. L=4,5m 380V/50Hz","SBAVATRICE BJ922 DG L=4,5m - 380V/50Hz",
7202378444-01,ACC. GRUPPO MACCHINA BASE BJ922,BASIC MACHINE ACCESSORIES BJ922,ACCESSORI MACCHINA BASE BJ922,
2270719695-01,ACC. COMPLEMENTI BJ922 A VOLT 220/3,BJ922 COMPL. ACCESSORIES 220-380V/50Hz,ACCESSORI COMPLEMENTO - 220-380V/50Hz BJ922,
6956450269-01,ACC. SISTEMA DI CONCATENAMENTO L=30,CHAINING SYSTEM L=3m ACCESSORIES,ACCESSORI SISTEMA DI CONCATENAMENTO L=3m,
0045586646-01,ACC. SISTEMA DI CONCATENAMENTO L=45,"CHAINING SYSTEM L=4,5m ACCESSORIES","ACCESSORI SISTEMA DI CONCATENAMENTO L=4,5m",
7402612602-01,ACC. SOSTENITORE INT.DEL CONCATENAM,INTERM. SUPPORT. ACCESSORIES CHAIN.MECH.,ACCESSORI SOSTENITORE INTERMEDIO DEL CONCATENAMENTO MECCANIZZATO,
0230242190-01,KIT PER CILINDRO ALLIN.CORSA 100,ALIGNER CYLINDER KIT RUN 100,KIT PER CILINDRO ALLINEATORE CORSA 100,
6405856108-01,KIT PER TENSIONE CATENE SU BJ922,BJ922 CHAIN TENSION KIT,KIT PER TENSIONE CATENE BJ922,
334777403--01,SEGATRICE SUNENA X2,X2 SAWING MACHINE SUNENA,SEGATRICE X2 SUNENA,
1195559791-01,SEGATRICE X2 VERS. 3500 - 220/50,"X2 SAWING MACHINE L=3,5m-220V/50Hz","SEGATRICE X2 L=3,5m - 220V/50Hz",
3757097491-01,SEGATRICE X2 VERS. 3500 - 380/50,"X2 SAWING MACHINE L=3,5m-380V/50Hz","SEGATRICE X2 L=3,5m - 380V/50Hz",
5415293784-01,SEGATRICE X2 VERS. 3500 - 415/50,"X2 SAWING MACHINE L=3,5m-415V/50Hz","SEGATRICE X2 L=3,5m - 415V/50Hz",
129967005--01,SEGATRICE X2 4500 MM,"X2 SAWING MACHINE L=4,5m","SEGATRICE X2 L=4,5m",
4722697646-01,SEGATRICE X2 VERS. 4500 - 220/50,"X2 SAWING MACHINE L=4,5m-220V/50Hz","SEGATRICE X2 L=4,5m - 220V/50Hz",
6221713518-01,SEGATRICE X2 VERS. 4500 - 380/50,"X2 SAWING MACHINE L=4,5m-380V/50Hz","SEGATRICE X2 L=4,5m - 380V/50Hz",
2290816527-01,SEGATRICE X2 VERS. 4500 - 415/50,"X2 SAWING MACHINE L=4,5m-415V/50Hz","SEGATRICE X2 L=4,5m - 415V/50Hz",
948689486--01,SEG. X2 6500 MM C/CONTENIM. FLESS.,"X2 SAWING MACHINE L=6,5m-380V/50Hz",,
9460840490-01,SEGATRICE X2 VERS. 6500 - 220/50,"X2 SAWING MACHINE L=6,5m-220V/50Hz","SEGATRICE X2 L=6,5m - 220V/50Hz",
5269554464-01,SEGATRICE X2 VERS. 6500 - 415/50,"X2 SAWING MACHINE L=6,5m-415V/50Hz","SEGATRICE X2 L=6,5m - 415V/50Hz",
0864814679-01,IMPIANTO DI LAVAGGIO RW150 - 220/50,RW150 WASHING SYSTFG332V/50Hz,LAVAGGIO RW150 - 220V/50Hz,
5789382780-01,IMPIANTO DI LAVAGGIO RW150 - 380/50,RW150 WASHING SYSTFG702V/50Hz,LAVAGGIO RW150 - 380V/50Hz,
7129219717-01,IMPIANTO DI LAVAGGIO RW300 - 380/50,RW300 WASHING SYSTFG702V/50Hz,LAVAGGIO RW300 - 380V/50Hz,
0981077453-01,IMPIANTO DI LAVAGGIO RW300 - 415/50,RW300 WASHING SYSTFG698V/50Hz,LAVAGGIO RW300 - 415V/50Hz,
6801258537-01,IMPIANTO DI LAVAGGIO RW150 415/50,RW150 WASHING SYSTFG698V/50Hz,LAVAGGIO RW150 - 415V/50Hz,
3095457268-01,IMPIANTO DI LAVAGGIO RW300 220/50,RW300 WASHING SYSTFG332V/50Hz,LAVAGGIO RW300 - 220V/50Hz,
5542641930-01,SEGATRICE KF927/V VERS.4500 220/50,"KF927/V SAWING MACHINE L=4,5m 220V/50Hz","SEGATRICE KF927/V L=4,5m - 220V/50Hz",
4293668176-01,SEGATRICE KF927/V VERS.4500 380/50,"KF927/V SAWING MACHINE L=4,5m 380V/50Hz","SEGATRICE KF927/V L=4,5m - 380V/50Hz",
5342526921-01,SEGATRICE KF927/V VERS.4500 415/50,"KF927/V SAWING MACHINE L=4,5m 415V/50Hz","SEGATRICE KF927/V L=4,5m - 415V/50Hz",
4836413670-01,SEGATRICE KF927/V VERS.6500 220/50,"KF927/V SAWING MACHINE L=6,5m 220V/50Hz","SEGATRICE KF927/V L=6,5m - 220V/50Hz",
0920402749-01,SEGATRICE KF927/V VERS.6500 380/50,"KF927/V SAWING MACHINE L=6,5m 380V/50Hz","SEGATRICE KF927/V L=6,5m - 380V/50Hz",
4676499133-01,SEGATRICE KF927/V VERS.6500 415/50,"KF927/V SAWING MACHINE L=6,5m 415V/50Hz","SEGATRICE KF927/V L=6,5m - 415V/50Hz",
4235345994-01,SEGATRICE KF927/V VERS.8500 220/50,"KF927/V SAWING MACHINE L=8,5m 220V/50Hz","SEGATRICE KF927/V L=8,5m - 220V/50Hz",
1096296644-01,SEGATRICE KF927/V VERS.8500 380/50,"KF927/V SAWING MACHINE L=8,5m 380V/50Hz","SEGATRICE KF927/V L=8,5m - 380V/50Hz",
6104689645-01,SEGATRICE KF927/V VERS.8500 415/50,"KF927/V SAWING MACHINE L=8,5m 415V/50Hz","SEGATRICE KF927/V L=8,5m - 415V/50Hz",
4780688672-01,SEGATRICE KF927/P VERS.4500 220/50,"KF927/P SAWING MACHINE L=4,5m 220V/50Hz","SEGATRICE KF927/P L=4,5m - 220V/50Hz",
0324923845-01,SEGATRICE KF927/P VERS.4500 380/50,"KF927/P SAWING MACHINE L=4,5m 380V/50Hz","SEGATRICE KF927/P L=4,5m - 380V/50Hz",
7651095938-01,SEGATRICE KF927/P VERS.4500 415/50,"KF927/P SAWING MACHINE L=4,5m 415V/50Hz","SEGATRICE KF927/P L=4,5m - 415V/50Hz",
1416558997-01,SEGATRICE KF927/P VERS.6500 220/50,"KF927/P SAWING MACHINE L=6,5m 220V/50Hz","SEGATRICE KF927/P L=6,5m - 220V/50Hz",
9099480598-01,SEGATRICE KF927/P VERS.6500 380/50,"KF927/P SAWING MACHINE L=6,5m 380V/50Hz","SEGATRICE KF927/P L=6,5m - 380V/50Hz",
4223398817-01,SEGATRICE KF927/P VERS.6500 415/50,"KF927/P SAWING MACHINE L=6,5m 415V/50Hz","SEGATRICE KF927/P L=6,5m - 415V/50Hz",
6942094625-01,SEGATRICE KF927/P VERS.8500 220/50,"KF927/P SAWING MACHINE L=8,5m 220V/50Hz","SEGATRICE KF927/P L=8,5m - 220V/50Hz",
7789374738-01,SEGATRICE KF927/P VERS.8500 380/50,"KF927/P SAWING MACHINE L=8,5m 380V/50Hz","SEGATRICE KF927/P L=8,5m - 380V/50Hz",
1497553580-01,SEGATRICE KF927/P VERS.8500 415/50,"KF927/P SAWING MACHINE L=8,5m 415V/50Hz","SEGATRICE KF927/P L=8,5m - 415V/50Hz",
4433555936-01,TESTA OPERATRICE TIPO *P* E *W* BAS,"BASIC OPERATING ""P-W"" HEAD","TESTA OPERATRICE ""P"" - ""W"" BASE",
6135380657-01,COMPL.TESTA P MOTORE *CC*,"""P"" HEAD MOTOR DC COMPLEMENT","COMPLEMENTO TESTA ""P"" MOTORE ""CC """,
9208877559-01,MOTORE TESTA P *CC* A V.380/50,"""P"" HEAD MOTOR ""DC "" 380V/50Hz","MOTORE TESTA ""P"" ""CC "" - 380V/50Hz",
1336729948-01,MOTORE TESTA P *CC* A V.415/50,"""P"" HEAD MOTOR ""DC "" 415V/50Hz","MOTORE TESTA ""P"" ""CC "" - 415V/50Hz",
4754844500-01,COMPL.TESTA MOTORE P CORR.ALT.GR 16,“P” HEAD MOTOR GR.16 COMPLEMENT,"COMPLEMENTO MOTORE TESTA ""P"" GR.16",
5410190745-01,MOT.TESTA *P* GR.160 A V. 220/50,"""P"" HEAD MOTOR GR.160 220V/50Hz","MOTORE TESTA ""P"" GR.160 - 220V/50Hz",
5983516029-01,MOT.TESTA *P* GR.160 A V. 380/50,"""P"" HEAD MOTOR GR.160 380V/50Hz","MOTORE TESTA ""P"" GR.160 - 380V/50Hz",
0933038250-01,MOT.TESTA *P* GR.160 A V. 415/50,"""P"" HEAD MOTOR GR.160 415V/50Hz","MOTORE TESTA ""P"" GR.160 - 415V/50Hz",
1448566961-01,COMPL.TESTA MOTORE P CORR.ALT.GR 13,“P” HEAD MOTOR GR.13 COMPLEMENT,"COMPLEMENTO MOTORE TESTA ""P"" GR.13",
5980973158-01,MOT.TESTA *P* GR.132 A V. 220/50,"""P"" HEAD MOTOR GR.132 220V/50Hz","MOTORE TESTA ""P"" GR.132 - 220V/50Hz",
4196819422-01,MOT.TESTA *P* GR.132 A V. 380/50,"""P"" HEAD MOTOR GR.132 380V/50Hz","MOTORE TESTA ""P"" GR.132 - 380V/50Hz",
6202538654-01,MOT.TESTA *P* GR.132 A V. 415/50,"""P"" HEAD MOTOR GR.132 415V/50Hz","MOTORE TESTA ""P"" GR.132 - 415V/50Hz",
0179219028-01,TESTA OPERATRICE TIPO *L*,"OPERATING ""L"" HEAD","TESTA OPERATRICE ""L""",
4686726678-01,MOT.TESTA *L* TAGLIO OTTONE A V.220,"""L-BRASS"" HEAD MOTOR 220-380V/50Hz","MOTORE TESTA ""L"" TAGLIO OTTONE - 220-380V/50Hz",
3262952393-01,MOT.TESTA *L* TAGLIO OTTONE A V.240,"""L-BRASS"" HEAD MOTOR 240-415V/50Hz","MOTORE TESTA ""L"" TAGLIO OTTONE - 240-415V/50Hz",
5609486178-01,MOT.TESTA *L* TAGLIO OTTONE-RAME,"""L-BRASS/COPPER"" HEAD MOTOR 220V/50Hz","MOTORE TESTA ""L"" TAGLIO OTTONE-RAME - 220V/50Hz",
5196975973-01,MOT.TESTA *L* TAGLIO OTTONE-ALLUMIN,"""L-BRASS/ALUMIUNIM"" HEAD MOTOR 220V/50Hz","MOTORE TESTA ""L"" TAGLIO OTTONE-ALLUMINIO - 220V/50Hz",
5751434219-01,IMPIANTO IDRAULICO BASE,BASIC HYDRAULIC SYSTEM,IMPIANTO IDRAULICO BASE,
5138785609-01,CENTRALINA IDRAULICA A V.240-415/50,HYDRAULIC CONTROL UNIT 240-415V/50Hz,CENTRALINA IDRAULICA - 240-415V/50Hz,
8202926439-01,COMPL.IMP.IDRAULICO MACCH.CON PIANA,HYDR. SYS. COMPL. MACHINE W LOADING BED,COMPLEMENTO IMPIANTO IDRAULICO MACCHINA CON PIANALE DI CARICO,
5172904651-01,COMPL.IMP.IDRAULICO MACCH.CON SEP.P,HYDR. COMPL. MACH. W CUT PARTS SEPARATOR,COMPLEMENTO IMPIANTO IDRAULICO MACCHINA CON SEPARATORE PEZZI TAGLIATI,
3617291352-01,COMPL.IDR.MACCH.CON POSIZIONATORE C,HYDR. COMPL. MACH. W CARRIAGE POSITIONER,COMPLEMENTO IMPIANTO IDRAULICO MACCHINA CON POSIZIONATORE CARRELLO,
2162979329-01,COMPL.IDR.MACCH.CON VISUALIZZATORE,HYDR. SYS COMPL. MACH. DISPLAY,COMPLEMENTO IMPIANTO IDRAULICO MACCHINA CON VISUALIZZATORE,
0305125691-01,QUADRO ELETTRICO BASE,BASIC ELECTRIC PANEL,QUADRO ELETTRICO BASE,
4911932659-01,COMPLEMENTO FINECORSA,LIMIT SWITCH COMPLEMENT,COMPLEMENTO FINECORSA,
2662946786-01,VARIANTE ALIMENTATORE TRIFASE A V.2,THREE-PHASE POWER U. VARIANT 50-60Hz,VARIANTE ALIMENTATORE TRIFASE - 220-380-415V/50-60Hz,
7978829747-01,VARIANTE ALIMENTATORE TRIFASE A V.4,THREEPHASE POWER U.VARIANT 220-380V/50Hz,VARIANTE ALIMENTATORE TRIFASE - 220-380V/50Hz,
4699677834-01,COMPL.EL.TESTA C.C. 20KW A V.380-41,HEAD 20kW 380-415V/50-60Hz ELEC. COMPL.,COMPLEMENTO ELETTRICO TESTA 20kW - 380-415V/50-60Hz,
1343358482-01,COMPLEMENTI SEPARAZIONE PEZZI TAGLI,CUT PART SEPARATOR COMPLEMENT,COMPLEMENTO SEPARATORE PEZZI TAGLIATI,
2528739894-01,COMPLEMENTI ASSE ELETTRONICO TESTA,ELECTRONIC AXIS HEAD COMPLEMENT,COMPLEMENTO ASSE ELETTRONICO TESTA,
0348587866-01,VARIANTE TRASF.ESA/ASSE TESTA A V.2,AXIS HEAD TRANSFOR.VARIANT 220-380V/50Hz,VARIANTE TRASFORMATORE ESA/ASSE TESTA - 220-380V/50Hz,
8706719924-01,VARIANTE TRASF.ESA/ASSE TESTA A V.4,AXIS HEAD TRANSFOR.VARIANT 415-440V/50Hz,VARIANTE TRASFORMATORE ESA/ASSE TESTA - 415-440V/50Hz,
2556251385-01,VARIANTE PROTEZ.ESA/ASSE TESTA A V.,ESA/AXIS HEAD PROT.VARIANT 380-440V/50Hz,VARIANTE PROTEZIONE ESA/ASSE TESTA - 380-440V/50Hz,
4991290349-01,COMPL.PER VISUALIZZATORE DI INFORMA,COMPLEMENT FOR INFORMATION DISPLAY,COMPLEMENTO PER VISUALIZZATORE D'INFORMAZIONI,
9341188423-01,COMPL.SENZA VISUALIZZATORE GIKOM,"COMPLEMENT W/O DISPALY ""GIKOM""","COMPLEMENTO SENZA VISUALIZZATORE ""GIKOM""",
1303613481-01,COMPL.IMP.EL.PER EVACUATORE TRUCIOL,ELECTRIC COMPLEMENT FOR CHIP EXTRACTOR,COMPLEMENTO IMPIANTO ELETTRICO PER EVACUATORE TRUCIOLI,
6129746419-01,VARIANTE SCARICATORE TRUCIOLI A V.3,CHIP UNLOADER VARIANT 380-440V/50Hz,VARIANTE SCARICO TRUCIOLI - 380-440V/50Hz,
3008522688-01,VARIANTE SCARICATORE TRUCIOLI A V.2,CHIP UNLOADER VARIANT 220V/50Hz,VARIANTE SCARICO TRUCIOLI - 220V/50Hz,
0624309071-01,COMPL.POSIZIONATORE ESA-GV,POSITIONER ESA-GV COMPLEMENT,COMPLEMENTO POSIZIONATORE ESA-GV,
8427418400-01,CARRELLO DI SCARICO,UNLOADER CARRIAGE OPTIONAL,CARRELLO DI SCARICO OPZIONALE,
2206744373-01,COMPL.MACCHINA *A*,MACHINE “A” COMPLEMENT,"COMPLEMENTO MACCHINA ""A""",
3355629009-01,IMP.EL.PER CARICATORE BARRE PIATTE,FLAT/LAMINAT. BAR LOADER ELECTRIC SYSTEM,IMPIANTO ELETTRICO PER CARICATORE BARRE PIATTE/LAMINATE,
3464123271-01,VARIANTE PROT.CARIC.BARRE PIATTE A,FLAT BAR LOAD. PROTEC. VARIANT 220V/50Hz,VARIANTE PROTEZIONE CARICATORE BARRE PIATTE - 220V/50Hz,
6939564781-01,COMPL.MACCHINA NON *A*,MACHINE NOT “A” COMPLEMENT,"COMPLEMENTO MACCHINA NON ""A""",
1884472706-01,COMPL.SENZA CARRELLO DI SCARICO,COMPLEMENT W/O UNLOADER CARRIAGE,COMPLEMENTO SENZA CARRELLO DI SCARICO,
7342345820-01,COMPL.EL.TESTA RAME OTTONE 5-3 KW 4,BRASS/COPPER HEAD 5-3kW 4-8P EL. COMPL.,COMPLEMENTO ELETTRICO TESTA OTTONE-RAME 5-3kW 4-8 POLI,
4018529871-01,VARIANTE TESTA RAME-OTTONE 5-3KW A,BRASS/COPPER H. 5-3kW VAR. 380-440V/50Hz,VARIANTE TESTA OTTONE-RAME 5-3kW - 380-440V/50Hz,
6720799251-01,"COMPL.EL.TESTA OTTONE 7,5 KW","BRASS HEAD ELECTRIC 7,5kW COMPLEMENT","COMPLEMENTO ELETTRICO TESTA OTTONE 7,5kW",
2693531191-01,"VARIANTE TESTA OTTONE 7,5KW A V.380","BRASS HEAD 7,5kW VARIANT 380-415V/50Hz","VARIANTE TESTA OTTONE 7,5kW - 380-415V/50Hz",
7705792374-01,"VARIANTE TESTA OTTONE 7,5KW A V.220","BRASS HEAD 7,5kW VARIANT 220V/50Hz","VARIANTE TESTA OTTONE 7,5kW - 220V/50Hz",
9400028096-01,"VARIANTE TESTA OTTONE 7,5KW A V.440","BRASS HEAD 7,5kW VARIANT 440V/50Hz","VARIANTE TESTA OTTONE 7,5kW - 440V/50Hz",
9383801061-01,"COMPL.EL.TESTA OTTONE-ALLUMINIO 6,2","BRASS/AL. HEAD 6,2-7kW ELECTRIC COMPL.","COMPLEMENTO ELETTRICO TESTA OTTONE-ALLUMINIO 6,2-7kW",
7897350748-01,"VARIANTE TESTA OTTONE-ALLUMINIO 6,2","BRASS/AL. HEAD 6,2-7kW VAR.380-440V/50Hz","VARIANTE TESTA OTTONE-ALLUMINIO 6,2-7kW- 380-440V/50Hz",
9651898444-01,"COMPL.EL.TESTA TUBO ACCIAIO 2,3-4KW","STEEL HEAD 2,3-4kW ELECTRIC COMPLEMENT","COMPLEMENTO ELETTRICO TESTA TUBO ACCIAIO 2,3-4kW",
2233865041-01,"VARIANTE TESTA TUBO ACCIAIO 2,3-4KW","STEEL HEAD 2,3-4kW VARIANT 380-415V/50Hz","VARIANTE TESTA TUBO ACCIAIO 2,3-4kW - 380-415V/50Hz",
8181239401-01,"COMPL.EL.TESTA BARRE ACCIAIO 3,6-12","STEEL HEAD 3,6-12/6kW ELECTRIC COMPLEM.","COMPLEMENTO ELETTRICO TESTA BARRE ACCIAIO 3,6-12 6kW",
5407405954-01,"VARIANTE TESTA BARRE ACCIAIO 3,6-12","STEEL HEAD 3,6-12,6kW VAR. 380-415V/50Hz","VARIANTE TESTA BARRE ACCIAIO 3,6-12,6kW - 380-415V/50Hz",
8125477080-01,COMPL.MACCHINA SENZA ESA,COMPLEMENT MACHINE W/O ESA,COMPLEMENTO MACCHINA SENZA ESA,
7584182582-01,COMPL.PER PIU RIPRESE,COMPLEMENT FOR MULTIPLE TIMES,COMPLEMENTO PER PIÙ RIPRESE,
9261971732-01,COMPL.SENZA RIPRESE,COMPLEMENT W/O TIMES,COMPLEMENTO SENZA RIPRESE,
7201467340-01,COMPL.INTESTATURA IDRAULICA,HYDRAULIC FACING COMPLEMENT,COMPLEMENTO INTESTATURA IDRAULICA,
2242217639-01,COMPL.COMUNE ESA-RIPRESE-INTESTATUR,COMMON PART ESA-FACING COMPLEMENT,COMPLEMENTO COMUNE ESA-RIPRESE-INTESTATURA,
8835997294-01,COMPL.VISUALIZZAZIONE CARRELLO -O,DISPLAY CARRIAGE COMPLEMENT - OPTIONAL,COMPLEMENTO VISUALIZZAZIONE CARRELLO - OPZIONALE,
2012013376-01,KF927 VISUALIZZAZIONE IN POLLICI,KF927 DISPLAY IN INCHES,KF927 VISUALIZZAZIONE IN POLLICI,
0935909616-01,COMPL.SCHEDA REGOLAZ.AZIONAMENTI,DRIVES ADJUSTMENT BOARD COMPLEMENT,COMPLEMENTO SCHEDA REGOLAZIONE AZIONAMENTI,
2176707723-01,CARICATORE BARRE TONDE TRAFILATE,DRAWN ROUND BAR LOADER,CARICATORE BARRE TRAFILATE TONDE,
0231570107-01,VARIANTE CARICATORE BARRE TONDE TRA,DRAWN R. BAR LOAD. VARIANT 380-440V/50Hz,VARIANTE CARICATORE BARRE TONDE TRAFILATE - 380-440V/50Hz,
3526002359-01,COMPL.CARICATORE FASCIO FINO A 6000,BUNDLE LOADER L=<6m COMPLEMENT,"COMPLEMENTO CARICATORE ""F"" L=<6m",
7413798859-01,COMPL.CARICATORE FASCIO DA 6000 FIN,BUNDLE LOADER L=6-8m COMPLEMENT,"COMPLEMENTO CARICATORE ""F"" DA 6m a 8m",
0045192373-01,VARIANTE PROTEZ.CARIC.FASCIO TUBI A,"""B"" LOAD. PROTECT. VARIANT 380-440V/50Hz","VARIANTE PROTEZIONE CARICATORE ""F"" - 380-440V/50Hz",
5744113770-01,COMPL.COMUNE WIDIA-CARRELLO DI SCAR,WIDIA UNLOADER CARRIAGE COMPLEMENT,COMPLEMENTO CARRELLO DI SCARICO - WIDIA,
1357491435-01,COMPL.SENZA ASSE TESTA ELETTRICO,COMPLEMENT W/O ELECTRIC HEAD AXIS,COMPLEMENTO SENZA ASSE TESTA ELETTRICO,
7237780649-01,VARIANTE PROTEZ.POMPE EMU E OLIO A,OIL/EMULS. PUMP PROT. VAR. 220-260V/50Hz,VARIANTE PROTEZIONE POMPE EMU E OLIO - 220-260V/50Hz,
5565222894-01,COMPL.COMUNE CARICATORI,COMMON PART COMPLEMENT FOR LOADERS,COMPLEMENTO COMUNE CARICATORI,
6914171766-01,COMPL.SENZA SEPARAZIONE PEZZI TAGLI,COMPLEMENT W/O CUT PART SEPARATOR,COMPLEMENTO SENZA SEPARATORE PEZZI TAGLIATI,
5728771720-01,CILINDRO MORSA CARR.LATO SCARICO,CARRIAGE CLAMP CYLINDER UNLOADER SIDE,CILINDRO MORSA CARRELLO LATO SCARICO,
8791985176-01,MORSA VERTICALE,VERTICAL CLAMP,MORSA VERTICALE,
9654655411-01,CILINDRO MORSA ORIZZONTALE,HORIZONTAL CLAMP CYLINDER,CILINDRO MORSA ORIZZONTALE,
1750042282-01,CILINDRO SPOST.CARRELLO DI SCARICO,UNLOADER CARRIAGE SHIFT CYLINDER,CILINDRO SPOSTAMENTO CARRELLO DI SCARICO,
1369951328-01,CARRELLO DI SCARICO PEZZI LUNGHI,LONG PART UNLOADER CARRIAGE,CARRELLO DI SCARICO PEZZI LUNGHI,
2459125728-01,REGOLAZIONE ESTERNA UNITA',EXTERNAL ADJUSTMENT UNIT,REGOLAZIONE ESTERNA UNITÀ,
0961217022-01,ASSE AZIONAMENTO TESTA,DRIVE AXIS HEAD,ASSE AZIONAMENTO TESTA,
0667123444-01,POSIZIONATORE CARRELLO ALIM.BASE,BASIC FEEDING CARRIAGE POSITIONING,POSIZIONATORE CARRELLO ALIMENTAZIONE BASE,
8793332959-01,COMPL.POSIZIONATORE PROGR.ESA/GV CA,POS. PROGR. ESA-GV FEEDING CARR. COMPL.,COMPLEMENTO POSIZIONATORE PROGRAMMATORE ESA/GV CARRELO ALIMENTAZIONE,
7355236997-01,COMPL.POSIZIONATORE VISALIZZ.MAN.CA,MANUAL POS. DISPLAY FEEDING CARR. COMPL.,COMPLEMENTO POSIZIONATORE VISALIZZATORE MANUALE CARRELO ALIMENTAZIONE,
6404248033-01,COMPL.CARRELLO DI SCARICO X SOST.PE,UNLOAD. CARRIAGE COMPL. X SUPPORTER L=1m,COMPLEMENTO CARRELLO DI SCARICO PER SOSTENITORE PEZZI TAGLIATI L=1m,
0557191400-01,PERNO BILICO BASE,BASIC BILIC PIN,PERNO BILICO BASE,
2013099583-01,COMPL.PERNO BILICO TESTA P SENZA CA,BILIC PIN COMPL. “P” HEAD W/O UNL. CARR.,"COMPLEMENTO PERNO BILICO TESTA ""P"" SENZA CARRELO SCARICO PEZZI",
0936806800-01,COMPL.PERNO BILICO MACCH.CON TESTA,BILIC PIN COMPL. “P” HEAD W UNL. CARR.,"COMPLEMENTO PERNO BILICO TESTA ""P"" CON CARRELO SCARICO PEZZI",
2448716539-01,COMPL.PERNO MACCH.CON TESTA L E P-H,BILIC PIN COM. L-P-HSS HEAD W UNL. CARR.,"COMPLEMENTO PERNO BILICO TESTA ""L-P-HSS"" CON CARRELO SCARICO PEZZI",
5928657007-01,CILINDRO ALIMENTAZIONE CARRELLO,CARRIAGE FEEDING CYLINDER,CILINDRO ALIMENTAZIONE CARRELLO,
6057692787-01,CARRELLO ALIMENTAZIONE,FEEDING CARRIAGE,CARRELLO ALIMENTAZIONE,
5755855607-01,COMPL.CARRELLO ALIM.MACCH.CON.TESTA,"FEEDING CARR. COMPL. MACH.""P-WIDIA"" HEAD","COMPLEMENTO CARRELLO ALIMENTAZIONE MACCHINA CON TESTA ""P"" WIDIA",
6261242792-01,COMPL.CARRELLO ALIM.MACCH.CONTESTA,FEEDING CARR.COMPL. W MACH. L/P-HSS HEAD,COMPLEMENTO CARRELLO ALIMENTAZIONE MACCHINA CON TESTA L/P-HSS,
9512607341-01,CILINDRO MORSA CARRELLO,CARRIAGE CLAMP CYLINDER,CILINDRO MORSA CARRELLO,
8042214960-01,IDRAULICA CARRELLO,HYDRAULIC CARRIAGE,IDRAULICA CARRELLO,
4394089760-01,CILINDRO INTESTATURA,FACING CYLINDER,CILINDRO INTESTATURA,
9964757477-01,CILINDRO AZION.TESTA OPERATRICE,OPERATING HEAD DRIVE CYLINDER,CILINDRO AZIONAMENTO TESTA OPERATRICE,
6294989110-01,SEPARATORE MACCHINA SENZA CARR.SCAR,MACHINE SEPARATOR W/O UNLOADER CARRIAGE,SEPARATORE MACCHINA SENZA CARRELLO SCARICO PEZZI,
9984286519-01,BANCO MACCHINA BASE,BASIC MACHINE BENCH,BANCO MACCHINA BASE,
0346472693-01,COMPL.BANCO MACCHINA SENZA CARR.SCA,BENCH COMPL. MACH. W/O UNLOADER CARRIAGE,COMPLEMENTO BANCO MACCHINA SENZA CARRELLO SCARICO PEZZI,
4573158939-01,COMPL.BANCO MACCHINA CON CARR.SCARI,BENCH COMPL. MACH. W UNLOADER CARRIAGE,COMPLEMENTO BANCO MACCHINA CON CARRELLO SCARICO PEZZI,
3283034261-01,A-EVACUATORE TRUC.X2-KF927 220-380/,KF927 CHIP EXTRACTOR x2 220-380V/50Hz,EVACUATORE TRUCIOLI x2 - 220-380V/50Hz KF927,
6890367528-01,A-EVACUATORE TRUC.X2-KF927 240-415/,KF927 CHIP EXTRACTOR x2 240-415V/50Hz,EVACUATORE TRUCIOLI x2 - 240-415V/50Hz KF927,
1199367375-01,SEPARATORE PEZZI TAGLIATI L.1000,CUT PART SEPARATOR L=1m,SEPARATORE PEZZI TAGLIATI L=1m,
6566585419-01,CAR.MOR.PER BARRE TRAF.T.V.220-380,"DRAWN R. BAR LOADER L=4,5 220-380V/50Hz","CARICATORE BARRE TRAFILATE TONDE L=4,5m - 220-380V/50Hz",
7616030747-01,CAR.MOR.PER BARRE TRAF.T.V.260-440,"DRAWN R. BAR LOADER L=4,5 260-440V/50Hz","CARICATORE BARRE TRAFILATE TONDE L=4,5m - 260-440V/50Hz",
1421907898-01,CAR.MOR.BARRE LAM.ZEN.LER.R.V.220-380,"LAK. LAM.BAR LOAD. L=6,5 220-380V/50Hz","CARICATORE BARRE LAMINATE TONDI-QUADRI-RETTAGOLI L=6,5m - 220-380V/50Hz",
0683445023-01,CAR.MOR.BARRE LAM.ZEN.LER.R.V.260-440,"LAK. LAM.BAR LOAD. L=6,5 260-440V/50Hz","CARICATORE BARRE LAMINATE TONDI-QUADRI-RETTAGOLI L=6,5m - 260-440V/50Hz",
7289577835-01,BASAMENTO L.4000,BASE L=4m,BASAMENTO L=4m,
0673511683-01,BASAMENTO L.6000,BASE L=6m,BASAMENTO L=6m,
6047378339-01,BASAMENTO L.8000,BASE L=8m,BASAMENTO L=8m,
8022336625-01,CILINDRO DI CARICO,LOADING CYLINDER,CILINDRO DI CARICO,
8519561656-01,CILINDRO LEVE RIFERIMENTO E REGOLAZ,LEVERS REFER. CYL. LIMIT SWITCH SETTING,CILINDRO LEVE RIFERIMENTO E REGOLAZIONE FINECORSA,
1543797254-01,CARICATORE A PIANO INCLINATO L.4000,CHUTE LOADER L=4m,CARICATORE PIANO INCLINATO L=4m,
2610384086-01,ANTIACCAVALLAMENTO MACCH.L.4000 SOL,OVERLAP STOP L=4m FOR CHUTE LOAD.-CLAMPS,ANTIACCAVALLAMENTO SOLO PER PIANO INCLINATO E MORSE L=4m,
3152966140-01,ANTIACCAVALLAMENTO MACCH.L.6000 SOL,OVERLAP STOP L=6m FOR CHUTE LOAD.-CLAMPS,ANTIACCAVALLAMENTO SOLO PER PIANO INCLINATO E MORSE L=6m,
7865547303-01,PIANALE DI CARICO AUTOMATICO L.4000,AUTOMATIC LOADING BED L=4m,PIANALE DI CARICO AUTOMATICO L=4m,
5203083408-01,PIANALE DI CARICO AUTOMATICO L.6000,AUTOMATIC LOADING BED L=6m,PIANALE DI CARICO AUTOMATICO L=6m,
9525474581-01,PIANALE DI CARICO AUTOMATICO L.8000,AUTOMATIC LOADING BED L=8m,PIANALE DI CARICO AUTOMATICO L=8m,
9130915193-01,VASCA RACCOLTA TRUCIOLI A V.220-380,CHIP COLLECTION TANK 220-380V/50Hz,VASCA DI RACCOLTA TRUCIOLI - 220-380V/50Hz,
1016099517-01,VASCA RACCOLTA TRUCIOLI A V.260-440,CHIP COLLECTION TANK 260-440V/50Hz,VASCA DI RACCOLTA TRUCIOLI - 260-440V/50Hz,
0603489170-01,RIPARI MACCHINA TIPO A L.4000,"""A"" MACHINE GUARDS L=8m","RIPARI MACCHINA ""A"" L=8m",
9816019157-01,RIPARI MACCHINA TIPO A L.6000,"""A"" MACHINE GUARDS L=6m","RIPARI MACCHINA ""A"" L=6m",
1116066141-01,CARICATORE PIANO INCL.L.6000,CHUTE LOADER L=6m,CARICATORE PIANO INCLINATO L=6m,
0968561230-01,CARICATORE F L.6000,BUNDLE LOADER L=6m,"CARICATORE ""F"" L=6m",
6687712885-01,CARICATORE PIANO INCL.L.8000,CHUTE LOADER L=8m,CARICATORE PIANO INCLINATO L=8m,
3164898190-01,CAR MOR.BARRE LAM.ZEN.LER.R.V.220-380,"LAK. LAMINAT.BARS CLAMP CARRIAGE L=8,5","CARRELLO MORSA BARRE LAMINATE TONDI-QUADRI-RRETTAGOLI L=8,5m - 220-380V/50Hz",
6741803296-01,CARICATORE F L.8000,BUNDLE LOADER L=8m,"CARICATORE ""F"" L=8m",
1598136687-01,MOTORI CARICATORE F A V.220-380/50,BUNDLE LOADER MOTOR 220-380V/50Hz,"MOTORE CARICATORE ""F"" - 220-380V/50Hz",
8905539754-01,MOTORI CARICATORE F A V.240-415/50,BUNDLE LOADER MOTOR 260-440V/50Hz,"MOTORE CARICATORE ""F"" - 260-440V/50Hz",
7672981512-01,ANTIACCAVALLAMENTO MACCH.L.8000 SOL,OVERLAP STOP L=8m FOR CHUTE LOAD.-CLAMPS,ANTIACCAVALLAMENTO SOLO PER PIANO INCLINATO E MORSE L=8m,
5059249545-01,DOTAZIONE KF927,KF927 EQUIPMENT,DOTAZIONE KF927,
4415241250-01,COMPL.RIPARI MACCHINA CON PROGRAMMA,MACHINE W PROGRAMMER GUARDS COMPLEMENT,COMPLEMENTO RIPARI MACCHINA CON PROGRAMMATORE,
5959653933-01,COMPL.RIPARI MACCHINA CON VISUALIZZ,MACHINE W DISPLAY GUARDS COMPLEMENT,COMPLEMENTO RIPARI MACCHINA CON VISUALIZZATORE,
6731249322-01,COMPL.RIPARI MACCHINA CON CARR.SCAR,COMPL. GUARDS MACH. W UNLOADER CARRIAGE,COMPLEMENTO RIPARI MACCHINA CON CARRELLO SCARICO PEZZI L=1m,
5498083803-01,COMPL.RIPARI MACCHINA SENZA CARRELL,MACH. W/O UNLOAD. CARRIAGE GUARDS COMPL.,COMPLEMENTO RIPARI MACCHINA SENZA CARRELLO SCARICO,
5519084202-01,CIL.LEVE RIFERIMENTO,LEVERS REFERENCE CYLINDER,CILINDRO LEVE RIFERIMENTO,
2569068694-01,SUPPORTI F.C.CAR.MOR.,LOADER LIMIT SWITCH SUPPORT FURUGALUVE,SUPPORTI FINECORSA CARICATORE FURUGALUVE,
8788169769-01,AGGIUNTA IMP.IDRAULICO,HYDRAULIC SYSTEM ADDED,AGGIUNTA IMPIANTO IDRAULICO,
6489808243-01,COMPL.IDR.PER MACCHINA CON TESTA W,"HYDR. COMPLEMENT MACHINE ""W"" HEAD","COMPLEMENTO IMPIANTO IDRAULICO MACCHINA CON TESTA ""W""",
6995196597-01,COMPL.IDR.MACCHINA CON TESTA HSS,HYDR. COMPLEMENT MACHINE “HSS” HEAD,"COMPLEMENTO IMPIANTO IDRAULICO MACCHINA CON TESTA ""HSS""",
4498653688-01,COMPL.IDR.MACCHINA CON TESTA W SENZ,"HYDR.COMPL.MACH. ""W""HEAD -W/O UNL. CARR.","COMPLEMENTO IMPIANTO IDRAULICO MACCHINA CON TESTA ""W"" SENZA CARRELLO DI SCARICO",
5288144353-01,COMPL.IDR.CARRELLO DI SCARICO,HYDR. SYS COMPLEMENT UNLOADER CARRIAGE,COMPLEMENTO IMPIANTO IDRAULICO CARRELLO DI SCARICO,
3691724112-01,COMPL.IDR.CARRELLO DI SCARICO CON,"HYDR. COMPL. UNLOADER CARRIAGE W ""W""HEAD","COMPLEMENTO IDRAULICA CARRELLO DI SCARICO CON TESTA ""W""",
7263861360-01,SEPARATORE PEZZI TAGLIATI L.1500,"CUT PART SEPARATOR L=1,5m","SEPARATORE PEZZI TAGLIATI L=1,5m",
1858499501-01,CILINDRO SEPARATORE KF927,SEPARATOR CYLINDER KF927,CILINDRO SEPARATORE KF927,
1960511277-01,COMPL.MONTAGGIO EVACUATORE TRUC.,CHIP EXTRACTOR ASSEMBLY COMPLEMENT,COMPLEMENTO MONTAGGIO EVACUATORE TRUCIOLI,
7434296050-01,TESTA BASE TIPO *L* WIDIA,"""L-WIDIA"" BASIC HEAD","TESTA BASE ""L"" WIDIA",
2897907793-01,COMPL.TESTA *L* WIDIA V380/50,"""L""-WIDIA"" HEAD 380V/50Hz COMPLEMENT","COMPLEMENTO TESTA ""L"" WIDIA - 380V/50Hz",
4803307012-01,SISTEMA LASER Z12 1500 220/50,"Z12 LASER SYSTEM L=1,5m 220V/50Hz","SISTEMA LASER Z12 L=1,5m - 220V/50Hz",
5741386297-01,SISTEMA LASER Z12 1500 380/50,"Z12 LASER SYSTEM L=1,5m 380V/50Hz","SISTEMA LASER Z12 L=1,5m - 380V/50Hz",
0208412697-01,SISTEMA LASER Z12 1500 415/50,"Z12 LASER SYSTEM L=1,5m 415V/50Hz","SISTEMA LASER Z12 L=1,5m - 415V/50Hz",
9674147047-01,SISTEMA LASER Z12 3000 220/50,Z12 LASER SYSTEM L=3m 220V/50Hz,SISTEMA LASER Z12 L=3m - 220V/50Hz,
5555701861-01,SISTEMA LASER Z12 3000 380/50,Z12 LASER SYSTEM L=3m 380V/50Hz,SISTEMA LASER Z12 L=3m - 380V/50Hz,
5781006351-01,SISTEMA LASER Z12 3000 415/50,Z12 LASER SYSTEM L=3m 415V/50Hz,SISTEMA LASER Z12 L=3m - 415V/50Hz,
8155998181-01,SISTEMA LASER Z12 4500 220/50,"Z12 LASER SYSTEM L=4,5m 220V/50Hz","SISTEMA LASER Z12 L=4,5m - 220V/50Hz",
0286501677-01,SISTEMA LASER Z12 4500 380/50,"Z12 LASER SYSTEM L=4,5m 380V/50Hz","SISTEMA LASER Z12 L=4,5m - 380V/50Hz",
5304051115-01,SISTEMA LASER Z12 4500 415/50,"Z12 LASER SYSTEM L=4,5m 415V/50Hz","SISTEMA LASER Z12 L=4,5m - 415V/50Hz",
6329926978-01,SISTEMA LASER JK479 1500 220/50,"JK479 LASER SYSTEM L=1,5m 220V/50Hz","SISTEMA LASER JK479 L=1,5m - 220V/50Hz",
0520244375-01,SISTEMA LASER JK479 1500 380/50,"JK479 LASER SYSTEM L=1,5m 380V/50Hz","SISTEMA LASER JK479 L=1,5m - 380V/50Hz",
4673969952-01,SISTEMA LASER JK479 1500 415/50,"JK479 LASER SYSTEM L=1,5m 415V/50Hz","SISTEMA LASER JK479 L=1,5m - 415V/50Hz",
5275472947-01,SISTEMA LASER JK479 3000 220/50,JK479 LASER SYSTEM L=3m 220V/50Hz,SISTEMA LASER JK479 L=3m - 220V/50Hz,
3996193192-01,SISTEMA LASER JK479 3000 380/50,JK479 LASER SYSTEM L=3m 380V/50Hz,SISTEMA LASER JK479 L=3m - 380V/50Hz,
7735165265-01,SISTEMA LASER JK479 3000 415/50,JK479 LASER SYSTEM L=3m 415V/50Hz,SISTEMA LASER JK479 L=3m - 415V/50Hz,
0813921522-01,SISTEMA LASER JK479 4500 220/50,"JK479 LASER SYSTEM L=4,5m 220V/50Hz","SISTEMA LASER JK479 L=4,5m - 220V/50Hz",
7987301470-01,SISTEMA LASER JK479 4500 380/50,"JK479 LASER SYSTEM L=4,5m 380V/50Hz","SISTEMA LASER JK479 L=4,5m - 380V/50Hz",
7506130132-01,SISTEMA LASER JK479 4500 415/50,"JK479 LASER SYSTEM L=4,5m 415V/50Hz","SISTEMA LASER JK479 L=4,5m - 415V/50Hz",
7336936928-01,FILTRO ASPIRATORE 4500 MC/H PILEPUC,EXTRACTOR FILTER 4500 MC/H PILEPUC,FILTRO ASPIRATORE 4500 MC/H PILEPUC,
4939580866-01,Z12 BATTERIA RULLI DI ALIMENTAZIONE,Z12 FEEDING ROLLER BATTERY,BATTERIA RULLI DI ALIMENTAZIONE Z12,
9880308464-01,Z12 RISCONTRO *A* VISUALIZZATO BASE,"Z12 BASIC ""A"" DISPLAYED LOCATOR","RISCONTRO ""A"" VISUALIZZATO BASE Z12",
8815360932-01,Z12 COMPL.RISC.*A* VISUALIZZ.L.1500,"""A"" DISPLAYED LOCATOR L=1,5m COMPLEMENT","COMPLEMENTO RISCONTRO ""A"" VISUALIZZATO L=1,5m Z12",
0848963466-01,Z12 COMPL.RISC.*A* VISUALIZZ.L.3000,"""A"" DISPLAYED LOCATOR L=3m COMPLEMENT","COMPLEMENTO RISCONTRO ""A"" VISUALIZZATO L=3m Z12",
2529708173-01,Z12 COMPL.RISC.*A* VISUALIZZ.L.4500,"""A"" DISPLAYED LOCATOR L=4,5m COMPLEMENT","COMPLEMENTO RISCONTRO ""A"" VISUALIZZATO L=4,5mS90",
6540342127-01,Z12 RISCONTRO VISUALIZZATO *B* BASE,"Z12 BASIC ""B"" DISPLAYED LOCATOR","RISCONTRO ""B"" VISUALIZZATO BASE Z12",
6238196316-01,Z12 COMPL.RISC.VIS.*B* L.1500,"""B"" DISPLAYED LOCATOR L=1,5m COMPLEMENT","COMPLEMENTO RISCONTRO ""B"" VISUALIZZATO L=1,5m Z12",
6943238859-01,Z12 COMPL.RISC.VIS.*B* L.3000,"""B"" DISPLAYED LOCATOR L=3m COMPLEMENT","COMPLEMENTO RISCONTRO ""B"" VISUALIZZATO L=3m Z12",
6647248100-01,Z12 COMPL.RISC.*B* VISUALIZZ.L.4500,"""B"" DISPLAYED LOCATOR L=4,5m COMPLEMENT","COMPLEMENTO RISCONTRO ""B"" VISUALIZZATO L=4,5m Z12",
6569737934-01,Z12 SOSTENITORE L.1500,"Z12 SUPPORTER L=1,5m","SOSTENITORE L=1,5m Z12",
6222108812-01,Z12 SOSTENITORE L.3000,Z12 SUPPORTER L=3m,SOSTENITORE L=3m Z12,
7431555161-01,Z12 SOSTENITORE L.4500,"Z12 SUPPORTER L=4,5m","SOSTENITORE L=4,5m Z12",
2934603397-01,Z12 IMPIANTO IDRAULICO,Z12 HYDRAULIC SYSTEM,IMPIANTO IDRAULICO Z12,
1000257302-01,Z12 BASAMENTO,Z12 BASE,BASAMENTO Z12,
6665076866-01,Z12 SCARICO L.1500,"Z12 UNLOADER L=1,5m","SCARICO L=1,5m Z12",
1020234862-01,Z12 SCARICO L.3000,Z12 UNLOADER L=3m,SCARICO L=3m Z12,
9688069910-01,Z12 SCARICO L.4500,"Z12 UNLOADER L=4,5m","SCARICO L=4,5m Z12",
1229487604-01,Z12 STRUTTURA SUPP.SORGENTE LASER,Z12 LASER SOURCE STAND STRUCTURE,STRUTTURA SUPPORTO SORGENTE LASER Z12,
9654419538-01,FOTOCELLULE ZONA DI TAGLIO,CUTTING AREA PHOTOCELL,FOTOCELLULE ZONA DI TAGLIO,
5304632438-01,IMPIANTO PNEUMATICO,PNEUMATIC SYSTEM,IMPIANTO PNEUMATICO,
6577549868-01,Z12 RIPARI CARICATORE F L.6500,"Z12 BUNDLE LOADER GUARDS L=6,5m","RIPARI CARICATORE ""F"" L=6,5m Z12",
6103772049-01,Z12 COMPL.RIPARI CARICATORE F L8500,"BUNDLE LOADER GUARDS L=8,5m COMPLEMENT","COMPLEMENTO RIPARI CARICATORE ""F"" L=8,5m Z12",
0123678371-01,Z12 CILINDRO SOSTENITORE,Z12 SUPPORTER CYLINDER,CILINDRO SOSTENITORE Z12,
6227442859-01,Z12 CILINDRO ALLINEATORE TESTE MAT.,Z12 HEADS ALIGNER CYLINDER,CILINDRO ALLINEATORE TESTE Z12,
8704281319-01,Z12 CILINDRO ALLINEATORE VERTICALE,Z12 VERTICAL ALIGNER CYLINDER,CILINDRO ALLINEATORE VERTICALE Z12,
8900187846-01,Z12 CILINDRO DI CARICO (CARIC.F),Z12 BUNDLE LOADER LOADING CYLINDER,"CILINDRO DI CARICO CARICATORE ""F"" Z12",
5772535935-01,Z12 CARICATORE F L6500 V.220-380/50,"Z12 BUNDLE LOADER L=6,5m-220-380V/50Hz","CARICATORE ""F"" L=6,5m - 220-380V/50Hz Z12",
8604002457-01,Z12 CARICATORE F L6500 V.240-415/50,"Z12 BUNDLE LOADER L=6,5m-260-415V/50Hz","CARICATORE ""F"" L=6,5m - 260-415V/50Hz Z12",
0523206824-01,Z12 PROLUNGA CARICATORE F L.8500,"Z12 BUNDLE LOADER EXTENSION L=8,5m","PROLUNGA CARICATORE ""F"" L=8,5m Z12",
3475056920-01,Z12 VAR.CAR.F L.6500 TUBI DELICATI,"DELICATE TUBE VARIANT ""B"" LOADER L=6,5m","VARIANTE CARICATORE ""F"" TUBI DELICATI L=6,5m Z12",
1046947302-01,Z12 VAR.CAR.F L.8500 TUBI DELICATI,"DELICATE TUBE VARIANT ""B"" LOADER L=8,5m","VARIANTE CARICATORE ""F"" TUBI DELICATI L=8,5m Z12",
3515162352-01,REGOLAZIONE CARIC.F BORDO MACCHINA,BUNDLE LOADER ADJUSTMENTS ON MACHINE,"REGOLAZIONE CARICATORE ""F"" BORDO MACCHINA",
9534569671-01,Z12 MANDRINO,Z12 SPINDLE,MANDRINO Z12,
3938949007-01,TESTA DI FOCALIZZAZIONE 75 MM,FOCUSING HEAD 75mm,TESTA DI FOCALIZAZIONE 75mm,
8563989254-01,Z12 SUPP.TESTA DI FOCALIZZAZIONE,Z12 FOCUSING HEAD SUPPORT,SUPPORTO TESTA DI FOCALIZZAZIONE Z12,
7300202974-01,Z12 POSIZ.TESTA DI FOCALIZZAZIONE,Z12 FOCUSING HEAD POSITIONING,POSIZIONAMENTO TESTA DI FOCALIZZAZIONE Z12,
0332338624-01,DOTAZIONE,EQUIPMENT,DOTAZIONE,
5073532522-01,Z12 COMPL.IMP.EL.SERVOM.BRUSHLESS,BRUSHLESS SERVOMOTOR ELECTRIC COMPLEMENT,COMPLEMENTO IMPIANTO ELETTRICO SERVOMOTORE BRUSHLESS,
9288850344-01,TASTATORE TUBI OVALIZZATI,OVAL TUBE FEELER,TASTATORE TUBI OVALIZZATI,
6661704652-01,CENTRALINA EMULSIONE,EMULSION CONTROL UNIT,CENTRALINA EMULSIONE,
2062594725-01,Z12 INIEZIONE RISCONTRO 380/50,Z12 LOCATOR INJECTION 380V/50Hz,INIEZIONE RISCONTRO - 380V/50Hz Z12,
5928615210-01,RISCONTRI CON REFRIGERATORE,LOCATOR WITH CHILLER,RISCONTRI CON REFRIGERATORE,
4179959257-01,INTEGRAZIONE LASER SERUNN FEKOT Z12,Z12 LASER SERUNN FEKOT INTEGRATION,INTEGRAZIONE LASER SERUNN FEKOT Z12,
9780703452-01,JK479 INIEZIONE RISCONTRO 380/50,JK479 LOCATOR INJECTION 380V/50Hz,INIEZIONE RISCONTRO - 380V/50Hz JK479,
7913127785-01,RISCONTRI CON REFIGERATORE JK479,JK479 LOCATOR WITH CHILLER,RISCONTRO CON REFIGERATORE JK479,
4573472043-01,Z12 QUADRO ELETTRICO BASE Z12,Z12 BASIC ELECTRIC PANEL,QUADRO ELETTRICO BASE Z12,
6131611924-01,Z12 VARIANTE Q.E.B. A V.220/50,Z12 BASIC EL. PANEL VARIANT 220V/50Hz,VARIANTE QUADRO ELETTRICO BASE - 220V/50Hz Z12,
6219960464-01,Z12 VARIANTE Q.E.B. A V.380/50,Z12 BASIC EL. PANEL VARIANT 380V/50Hz,VARIANTE QUADRO ELETTRICO BASE - 380V/50Hz Z12,
6004373640-01,Z12 VARIANTE Q.E.B. A V.415/50,Z12 BASIC EL. PANEL VARIANT 415V/50Hz,VARIANTE QUADRO ELETTRICO BASE - 415V/50Hz Z12,
9379274790-01,Z12 VARIANTE Q.E.B. A V.440/50,Z12 BASIC EL. PANEL VARIANT 440V/50Hz,VARIANTE QUADRO ELETTRICO BASE - 440V/50Hz Z12,
6433501074-01,Z12 VARIANTE Q.E.B. A V.220/60,Z12 BASIC EL. PANEL VARIANT 220V/60Hz,VARIANTE QUADRO ELETTRICO BASE - 220V/60Hz Z12,
2684219036-01,Z12 COMPL.MACCHINA VISUALIZZ.1 RIS.,Z12 1° DISPLAYED LOCATOR COMPLEMENT,COMPLEMENTO 1° RISCONTRO VISUALIZZATO Z12,
5070058319-01,Z12 COMPL.Z12 VISUALIZZ.L.3000-4500,"DISPLAYED LOCATOR L=3m-4,5m COMPLEMENT","COMPLEMENTO RISCONTRO VISUALIZZATO L=3-4,5m Z12",
0316186820-01,Z12 COMPL.SECONDO RISC.VISUALIZZATO,Z12 2° DISPLAYED LOCATOR COMPLEMENT,COMPLEMENTO 2° RISCONTRO VISUALIZZATO Z12,
5188989420-01,Z12 IMPIANTO F.C.BASE 1 RISCONTRO,Z12 1°LOCATOR BASIC LIMIT SWITCH SYSTEM,IMPIANTO FINECORSA BASE 1° RISCONTRO Z12,
2362266890-01,Z12 IMPIANTO F.C.CARICATORE F,Z12 BUNDLE LOADER LIMIT SWITCH SYSTEM,"IMPIANTO FINECORSA CARICATORE ""F"" Z12",
9263823075-01,Z12 COMPL.AL QUADRO EL.CARICATORE F,BUNDLE LOADER ELECTRIC PANEL COMPLEMENT,"COMPLEMENTO QUADRO ELETTRICO CARICATORE ""F"" Z12",
1149949255-01,Z12 COMPL.CARICATORE F L.6500-8500,"Z12 BUNDLE LOADER L=6,5-8,5m COMPLEMENT","COMPLEMENTO CARICATORE ""F"" L=6,5-8,5m Z12",
4695505468-01,Z12 VARIANTE CARICATORE F A V.220/5,Z12 BUNDLE LOADER VARIANT 220V/50-60Hz,"VARIANTE CARICATORE ""F"" - 220V/50-60Hz Z12",
2209015488-01,Z12 VARIANTE CARIC. F A V.380-440/5,"Z12 ""B"" LOADER VARIANT 380-400V/50-60Hz","VARIANTE CARICATORE ""F"" - 380-400V/50-60Hz Z12",
2067641924-01,ASPIRATORE FUMI DA 4500 MC/H 380/50,FUME EXTRACTOR 4500 MC/H 380V/50Hz,ASPIRATORE FUMI DA 4500 MC/H - 380V/50Hz,
4819660934-01,JK472 COMPL.REFRIGERATORE,JK472 CHILLER COMPLEMENT,COMPLEMENTO REFRIGERATORE JK472,
9932457810-01,Z12 REFRIGERATORE ACQUA A V.220/50,Z12 WATER CHILLER 220V/50Hz,REFRIGERATORE ACQUA - 220V/50Hz Z12,
7381451740-01,Z12 REFRIGERATORE ACQUA A V.380/50,Z12 WATER CHILLER 380V/50Hz,REFRIGERATORE ACQUA - 380V/50Hz Z12,
4003964976-01,Z12 REFRIGERATORE ACQUA A V.415/50,Z12 WATER CHILLER 415V/50Hz,REFRIGERATORE ACQUA - 415V/50Hz Z12,
5612779567-01,Z12 RICAMBIO LENTE FOCALE 75 MM,Z12 FOCAL LENS 75mm SPARE PART,RICAMBIO LENTE FOCALE 75mm Z12,
1378870610-01,Z12 RICAMBIO SPECCHIO,Z12 MIRROR SPARE PART,RICAMBIO SPECCHIO Z12,
5256711437-01,Z12 COLLETTORE ASP.FUMI MACC.L.1500,"Z12 FUME EXTRACTOR MANIFOLD L=1,5m","COLLETTORE ASPIRATORE FUMI L=1,5m Z12",
8412089978-01,Z12 COLLETTORE ASP.FUMI MACC.L.3000,Z12 FUME EXTRACTOR MANIFOLD L=3m,COLLETTORE ASPIRATORE FUMI L=3m Z12,
1985506891-01,Z12 COLLETTORE ASP.FUMI MACC.L.4500,"Z12 FUME EXTRACTOR MANIFOLD L=4,5m","COLLETTORE ASPIRATORE FUMI L=4,5m Z12",
6470458681-01,TARGHETTE MACCHINA ESECUZ.ITALIANO,MACHINE PLATES IN ITALIAN,TARGHETTE MACCHINA - ITALIANO,
2071339277-01,TARGHETTE MACCHINA ESECUZ.TEDESCO,MACHINE PLATES IN GERMAN,TARGHETTE MACCHINA - TEDESCO,
5403776069-01,TARGHETTE MACCHINA ESECUZ.FRANCESE,MACHINE PLATES IN FRECH,TARGHETTE MACCHINA - FRANCESE,
4772877035-01,TARGHETTE MACCHINA ESECUZ.INGLESE,MACHINE PLATES IN ENGLISH,TARGHETTE MACCHINA - INGLESE,
9298883206-01,ASPIRATORE + FILTRO WY732 1000X2000,Z12/JK749 EXTRACTOR + FILTER WY732,ASPIRATORE + FILTRO WY732 1000X2000 Z12/JK749,
6448909416-01,JK472 BATTERIA RULLI DI ALIMENTAZIO,JK472 FEEDING ROLLER BATTERY,BATTERIA RULLI DI ALIMENTAZIONE JK472,
3654591376-01,JK472 RISCONTRO PROGRAMMABILE BASE,BASIC PROGRAMMABLE LOCATOR,RISCONTRO PROGRAMMABILE BASE JK472,
4333674958-01,JK472 COMPL.RISCONTRO PROGR.L.1500,"PROGRAMMABLE LOCATOR L=1,5m COMPLEMENT","COMPLEMENTO RISCONTRO PROGRAMMABILE L=1,5m JK472",
4115205753-01,JK472 COMPL.RISCONTRO PROGR.L.3000,PROGRAMMABLE LOCATOR L=3m COMPLEMENT,COMPLEMENTO RISCONTRO PROGRAMMABILE L=3m JK472,
4014366582-01,JK472 COMPL.RISCONTRO PROGR.L.4500,"PROGRAMMABLE LOCATOR L=4,5m COMPLEMENT","COMPLEMENTO RISCONTRO PROGRAMMABILE L=4,5m JK472",
5037229259-01,RISCONTRO AMMORTIZZATO,AMORTIZED LOCATOR,RISCONTRO AMMORTIZZATO,
2159354867-01,CILINDRO RISCONTRO,LOCATOR CYLINDER,CILINDRO RISCONTRO,
9890588164-01,JK472 SOSTENITORE L.1500,"JK472 SUPPORTER L=1,5m","SOSTENITORE L=1,5m JK472",
4927296822-01,JK472 SOSTENITORE L.3000,JK472 SUPPORTER L=3m,SOSTENITORE L=3m JK472,
8001008971-01,JK472 SOSTENITORE L.4500,"JK472 SUPPORTER L=4,5m","SOSTENITORE L=4,5m JK472",
1409922364-01,JK472 IMPIANTO IDRAULICO,JK472 HYDRAULIC SYSTEM,IMPIANTO IDRAULICO JK472,
9571134178-01,JK472 BASAMENTO,JK472 BASE,BASAMENTO JK472,
6783810622-01,JK472 SCARICO L.1500,"JK472 UNLOADER L=1,5m","SCARICO L=1,5m JK472",
5215261777-01,JK472 SCARICO L.3000,JK472 UNLOADER L=3m,SCARICO L=3m JK472,
9093450523-01,JK472 SCARICO L.4500,"JK472 UNLOADER L=4,5m","SCARICO L=4,5m JK472",
1561082090-01,JK472 STRUTTURA SUPP.SORGENTE LASER,JK472 LASER SOURCE STAND STRUCTURE,STRUTTURA SUPPORTO SORGENTE LASER JK472,
8148986113-01,JK479 INTEGR.CO LASER SERUNN-FEKOT,JK479 LASER SERUNN-FEKOT CO2 INTEGRATION,INTEGRAZIONE CO2 LASER SERUNN-FEKOT JK479,
0890587010-01,JK472 RIPARI CARICATORE F L.6500,"JK472 BUNDLE LOADER GUARDS L=6,5m","RIPARI CARICATORE ""F"" L=6,5m JK472",
8256272316-01,JK472 CILINDRO SOSTENITORE,JK472 SUPPORTER CYLINDER,CILINDRO SOSTENITORE JK472,
4564981226-01,JK472 CILINDRO ALLINEATORE TESTE MA,JK472 HEADS ALIGNER CYLINDER,CILINDRO ALLINEATORE TESTE JK472,
5399989838-01,JK472 CILINDRO ALLINEATORE VERT.,JK472 VERTICAL ALIGNER CYLINDER,CILINDRO ALLINEATORE VERTICALE JK472,
9195165943-01,JK472 CILINDRO DI CARICO,JK472 LOADING CYLINDER,CILINDRO DI CARICO JK472,
2200857571-01,JK472 CARICATORE F L.6500 A V.220-3,"JK472 BUNDLE LOADER L=6,5m-220-380V/50Hz","CARICATORE ""F"" L=6,5m - 220-380V/50Hz JK472",
1468908650-01,JK472 CARICATORE F L.6500 A V.260-4,"JK472 BUNDLE LOADER L=6,5m-260-440V/50Hz","CARICATORE ""F"" L=6,5m - 260-440V/50Hz JK472",
5972550231-01,JK472 PROLUNGA CARICATORE F L.8500,"JK472 BUNDLE LOADER EXTENSION L=8,5m","PROLUNGA CARICATORE ""F"" L=8,5m JK472",
8047304868-01,JK472 MANDRINO,JK472 SPINDLE,MANDRINO JK472,
3177020286-01,JK472 POSIZ.TESTA DI FOCALIZZAZIONE,JK472 FOCUSING HEAD POSITIONING,POSIZIONAMENTO TESTA DI FOCALIZZAZIONE JK472,
4256347174-01,JK472 COLL.ASPIRATORE FUMI L.1500,"JK472 FUME EXTRACTOR MANIFOLD L=1,5m","COLLETTORE ASPIRATORE FUMI L=1,5m JK472",
0925143100-01,JK472 COLL.ASPIRATORE FUMI L.3000,JK472 FUME EXTRACTOR MANIFOLD L=3m,COLLETTORE ASPIRATORE FUMI L=3m JK472,
5422947941-01,JK472 COLL.ASPIRATORE FUMI L.4500,"JK472 FUME EXTRACTOR MANIFOLD L=4,5m","COLLETTORE ASPIRATORE FUMI L=4,5m JK472",
6790873787-01,JK472 COMPL.SORGENTE LASER W 1200 E,JK472 LASER SOURCE W 1200 COMPLEMENT,COMPLEMENTO SORGENTE LASER W 1200 JK472,
6952054079-01,JK472 COMPL.SORGENTE LASER W 800 EL,JK472 LASER SOURCE W 800 COMPLEMENT,COMPLEMENTO SORGENTE LASER W 800 JK472,
2506735238-01,JK472 ASPIRATORE FUMI A V.220/50,JK472 FUME EXTRACTOR 220V/50Hz,ASPIRATORE FUMI - 220V/50Hz JK472,
8999658942-01,JK472 ASPIRATORE FUMI A V.380/50,JK472 FUME EXTRACTOR 380V/50Hz,ASPIRATORE FUMI - 380V/50Hz JK472,
0040363086-01,JK472 ASPIRATORE FUMI A V.415/50,JK472 FUME EXTRACTOR 415V/50Hz,ASPIRATORE FUMI - 415V/50Hz JK472,
4555229126-01,JK479 QUADRO ELETTRICO BASE,JK472 BASIC ELECTRIC PANEL,QUADRO ELETTRICO BASE JK472,
7506808702-01,JK472 IMPIANTO FINECORSA,JK472 LIMIT SWITCH SYSTEM,IMPIANTO FINECORSA JK472,
6495311417-01,JK472 VARIANTE 220 VOLT 50 HZ,YK472 VARIANT 220V/50Hz,VARIANTE - 220V/50Hz JK472,
4496207306-01,JK472 VARIANTE 380 VOLT 50 HZ,YK472 VARIANT 380V/50Hz,VARIANTE - 380V/50Hz JK472,
2535520451-01,JK472 VARIANTE 415 VOLT 50 HZ,YK472 VARIANT 415V/50Hz,VARIANTE - 415V/50Hz JK472,
4736361527-01,JK472 COMPL.IMPIANTO FC PER L>1500,"JK472 LIMIT SWITCH FOR L>1,5m COMPLEMENT","COMPLEMENTO FINECORSA PER >L=1,5m JK472",
6540264141-01,JK472 SERVOMOTORI BRUSHLESS,JK472 BRUSHLESS SERVOMOTORS,SERVOMOTORI BRUSHLESS JK472,
1969512181-01,COMPL.SENSORE OVALIZZAZIONE TUBI,TUBE OVALITY SENSOR COMPLEMENT,COMPLEMENTO SENSORE OVALIZZAZIONE TUBI,
1599201032-01,JK472 COMPL.FC CARICATORE F.,JK472 BUNDLE LOADER LIMIT SWITCH COMPL.,"COMPLEMENTO FINECORSA CARICATORE ""F"" JK472",
4436285287-01,JK472 COMPL.CARICATORE F.L>6000,JK472 BUNDLE LOADER L=>6m COMPLEMENT,"COMPLEMENTO CARICATORE ""F"" L=>6m JK472",
0247821040-01,JK472 VARIANTE FASCIO 220 VOLT,JK472 BUNDLE LOADER VARIANT 220V/50-60Hz,"VARIANTE CARICATORE ""F"" - 220V/50-60Hz JK472",
3889043826-01,JK472 VARIANTE FASCIO 380-440 VOLT,"JK472 ""B""LOADER VARIANT 380-440V/50-60Hz","VARIANTE CARICATORE ""F"" - 380-440V/50-60Hz JK472",
144802827--01,SEGATRICE IDRAULICA JK462,JK462 HYDRAULIC SAWING MACHINE,SEGATRICE JK462 IDRAULICA,
5566448412-01,SEGATRICE JK462 L=1500 220/50,"JK462 SAWING MACHINE L=1,5m 220V/50Hz","SEGATRICE JK462 L=1,5m - 220V/50Hz",
2863033720-01,SEGATRICE JK462 L=1500 220/60,"JK462 SAWING MACHINE L=1,5m 220V/60Hz","SEGATRICE JK462 L=1,5m - 220V/60Hz",
6304668557-01,SEGATRICE JK462 L=1500 380/50,"JK462 SAWING MACHINE L=1,5m 380V/50Hz","SEGATRICE JK462 L=1,5m - 380V/50Hz",
2625846394-01,SEGATRICE JK462 L=1500 415/50,"JK462 SAWING MACHINE L=1,5m 415V/50Hz","SEGATRICE JK462 L=1,5m - 415V/50Hz",
5589352779-01,SEGATRICE JK462 L=3000 220/50,JK462 SAWING MACHINE L=3m 220V/50Hz,SEGATRICE JK462 L=3m - 220V/50Hz,
7772783373-01,SEGATRICE JK462 L=3000 220/60,JK462 SAWING MACHINE L=3m 220V/60Hz,SEGATRICE JK462 L=3m - 220V/60Hz,
9537437108-01,SEGATRICE JK462 L=3000 380/50,JK462 SAWING MACHINE L=3m 380V/50Hz,SEGATRICE JK462 L=3m - 380V/50Hz,
1795348030-01,SEGATRICE JK462 L=3000 415/50,JK462 SAWING MACHINE L=3m 415V/50Hz,SEGATRICE JK462 L=3m - 415V/50Hz,
9229037175-01,SEGATRICE JK462 L=4500 220/50,"JK462 SAWING MACHINE L=4,5m 220V/50Hz","SEGATRICE JK462 L=4,5m - 220V/50Hz",
5084154873-01,SEGATRICE JK462 L=4500 220/60,"JK462 SAWING MACHINE L=4,5m 220V/60Hz","SEGATRICE JK462 L=4,5m - 220V/60Hz",
8645534821-01,SEGATRICE JK462 L=4500 380/50,"JK462 SAWING MACHINE L=4,5m 380V/50Hz","SEGATRICE JK462 L=4,5m - 380V/50Hz",
4673400382-01,SEGATRICE JK462 L=4500 415/50,"JK462 SAWING MACHINE L=4,5m 415V/50Hz","SEGATRICE JK462 L=4,5m - 415V/50Hz",
1697026060-01,SEGATRICE JK469 L.3000 V.380/50,JK469 SAWING MACHINE L=3m 380V/50Hz,SEGATRICE JK469 L=3m - 380V/50Hz,
5569094405-01,BASAMENTO L.1500,"BASE L=1,5m","BASAMENTO L=1,5m",
5977677701-01,BASAMENTO L.3000,BASE L=3m,BASAMENTO L=3m,
6577670393-01,BASAMENTO L.4500,"BASE L=4,5m","BASAMENTO L=4,5m",
6608806300-01,ALIMENTAZIONE,POWER SUPPLY,ALIMENTAZIONE,
6123466984-01,BANCO MACCHINA,MACHINE BENCH,BANCO MACCHINA,
1594533689-01,RISCONTRO BASE,BASIC LOCATOR,RISCONTRO BASE,
0059261004-01,RISCONTRO B L.1500,"LOCATOR L=1,5m","RISCONTRO L=1,5m",
6992805823-01,RISCONTRO B L.3000,LOCATOR L=3m,RISCONTRO L=3m,
6032212150-01,RISCONTRO B L.4500,"LOCATOR L=4,5m","RISCONTRO L=4,5m",
6766029993-01,CENTRALINA E IMP.IDR.A V.220/60,HYDRAULIC SYSTEM/CONTROL UNIT 220V/60Hz,CENTRALINA E IMPIANTO IDRAULICO - 220V/60Hz,
3461156729-01,CENTRALINA E IMP.I.V.220-380-415/50,HYDR.SYSTEM/CONTR.UNIT 220-380-415V/50Hz,CENTRALINA E IMPIANTO IDRAULICO - 220-380-415V/50Hz,
2962252687-01,CILINDRO SEPARATORE,SEPARATOR CYLINDER,CILINDRO SEPARATORE,
3157496096-01,CILINDRO SPALLA SOSTENITORE,SUPPORTER SHOULDER CYLINDER,CILINDRO SPALLA SOSTENITORE,
7550270372-01,CILINDRO MORSA,CLAMP CYLINDER,CILINDRO MORSA,
0067546308-01,CILINDRO LEVE DI CARICO (NON USARE,LOADING LEVER CYLINDER,CILINDRO LEVE DI CARICO,
5837980531-01,CARICATORE TIPO F V.220/60,BUNDLE LOADER-220V/60Hz,"CARICATORE ""F"" - 220V/60Hz",
3360462798-01,CARICATORE TIPO F V.220-380-415/50,BUNDLE LOADER-220-380-415V/50Hz,"CARICATORE ""F"" - 220-380-415V/50Hz",
4936572539-01,RIPARI NORME C.E.CARICATORE F,BUNDLE LOADER GUARDS CE STANDARDS,"RIPARI CARICATORE ""F"" A NORME C.E.",
2704665954-01,SUPPLEMENTO CARICATORE F TUBI DELIC,BUNDLE LOADER DELICATE TUBE SUPPLEMENT,"SUPPLEMENTO CARICATORE ""F"" TUBI DELICATI",
9050203128-01,SUPPLEMENTO CARICATORE F L.8000,BUNDLE LOADER SUPPLEMENT L=3m,"SUPPLEMENTO CARICATORE ""F"" L=3m",
5184804287-01,DOTAZIONE JK462,JK462 EQUIPMENT,DOTAZIONE JK462,
1454086189-01,SUPPL.MORSA TAGLIO MINIMO 20 MM,CLAMP MINIMUM CUT 20mm SUPPLEMENT,SUPPLEMENTO MORSA TAGLIO MINIMO 20mm,
3829260769-01,GANASCE PRISMATICHE BASE D.10-45,BASIC PRISM JAWS D10-45,GANASCE PRISMATICHE BASE D10-45,
9015409843-01,GANASCE PRISMATICHE BASE D.45-80,BASIC PRISM JAWS D45-80,GANASCE PRISMATICHE BASE D45-80,
6610407916-01,SUPPL.GANASCE PRISM.D.10-45 MIN.20,ADDITIONAL PRISM JAWS D10-45 MIN. 20mm,SUPPLEMENTO GANASCE PRISMATICHE D10-45 MINIMO 20mm,
3358728327-01,SUPPL.GANASCE PRISM.D.45-80 MIN.20,ADDITIONAL PRISM JAWS D45-80 MIN. 20mm,SUPPLEMENTO GANASCE PRISMATICHE D45-80 MINIMO 20mm,
4909739215-01,CARICATORE TIPO A JK462,"JK462 LOADER ""A""","CARICATORE ""A"" JK462",
5455197499-01,SUPPL.CARICATORE *A* TUBI DELICATI,"""A"" LOADER DELICATE TUBE SUPPLEMENT","SUPPLEMENTO CARICATORE ""A"" TUBI DELICATI",
2089801423-01,IMPIANTO SUPPL.MICRONEBBIA JK462,JK462 MICROMIST SYSTEM,IMPIANTO MICRONEBBIA JK462,
6312309518-01,MODIFICHE TAGLIO D.8,D8 CUT MODIFICATION,MODIFICA TAGLIO D8,
8466727040-01,CARICATORE F 7 MONT.220-380-415/50,BUNDLE LOADER 7 PILLAR-220-380-415V/50Hz,"CARICATORE ""F"" 7 MONTANTI - 220-380-415V/50Hz",
4880936271-01,SUPPL.CAR.F 7 MONT.TUBI DELICATI,"""B"" LOADER 7 P. DELICATE TUBE SUPPLEM.","SUPPLEMENTO CARICATORE ""F"" 7 MONTANTI TUBI DELICATI",
9624118819-01,TESTA I 25-50 M/MIN A V.220/50,"""I"" HEAD 25-50m/min 220V/50Hz","TESTA ""I"" 25-50m/min. - 220V/50Hz",
5185271007-01,TESTA I 25-50 M/MIN A V.220/60,"""I"" HEAD 25-50m/min 220V/60Hz","TESTA ""I"" 25-50m/min. - 220V/60Hz",
9097951666-01,TESTA I 25-50 M/MIN A V.380/50,"""I"" HEAD 25-50m/min 380V/50Hz","TESTA ""I"" 25-50m/min. - 380V/50Hz",
3907768413-01,TESTA I 25-50 M/MIN A V.415/50,"""I"" HEAD 25-50m/min 415V/50Hz","TESTA ""I"" 25-50m/min. - 415V/50Hz",
4151910537-01,TESTA I 50-100 M/MIN A V.220/50,"""I"" HEAD 50-100m/min 220V/50Hz","TESTA ""I"" 50-100m/min. - 220V/50Hz",
6988824431-01,TESTA I 50-100 M/MIN A V.220/60,"""I"" HEAD 50-100m/min 220V/60Hz","TESTA ""I"" 50-100m/min. - 220V/60Hz",
0424386374-01,TESTA I 50-100 M/MIN A V.380/50,"""I"" HEAD 50-100m/min 380V/50Hz","TESTA ""I"" 50-100m/min. - 380V/50Hz",
7737405683-01,TESTA I 50-100 M/MIN A V.415/50,"""I"" HEAD 50-100m/min 415V/50Hz","TESTA ""I"" 50-100m/min. - 415V/50Hz",
0586360578-01,TESTA I 100-200 M/MIN A V.220/50,"""I"" HEAD 100-200m/min 220V/50Hz","TESTA ""I"" 100-200m/min. - 220V/50Hz",
9881670869-01,TESTA I 100-200 M/MIN A V.220/60,"""I"" HEAD 100-200m/min 220V/60Hz","TESTA ""I"" 100-200m/min. - 220V/60Hz",
6074197069-01,TESTA I 100-200 M/MIN A V.380/50,"""I"" HEAD 100-200m/min 380V/50Hz","TESTA ""I"" 100-200m/min. - 380V/50Hz",
7924255380-01,TESTA I 100-200 M/MIN A V.415/50,"""I"" HEAD 100-200m/min 415V/50Hz","TESTA ""I"" 100-200m/min. - 415V/50Hz",
4176501894-01,TESTA I 250-500 M/MIN A V.220/50,"""I"" HEAD 250-500m/min 220V/50Hz","TESTA ""I"" 250-500m/min. - 220V/50Hz",
3879307567-01,TESTA I 250-500 M/MIN A V.220/60,"""I"" HEAD 250-500m/min 220V/60Hz","TESTA ""I"" 250-500m/min. - 220V/60Hz",
4158577002-01,TESTA I 250-500 M/MIN A V.380/50,"""I"" HEAD 250-500m/min 380V/50Hz","TESTA ""I"" 250-500m/min. - 380V/50Hz",
6618428462-01,TESTA I 250-500 M/MIN A V.415/50,"""I"" HEAD 250-500m/min 415V/50Hz","TESTA ""I"" 250-500m/min. - 415V/50Hz",
1567457715-01,TESTA P 6 V 16-127 M/MIN A V.220/60,"""P"" 6S HEAD 16-127m/min 220V/60Hz","TESTA ""P"" 6 VELOCITÀ 16-127m/min. - 220V/60Hz",
5649598090-01,TESTA P 6 V 32-254 M/MIN A V.220/50,"""P"" 6S HEAD 32-254m/min 220V/50Hz","TESTA ""P"" 6 VELOCITÀ 32-254m/min. - 220V/50Hz",
7904359373-01,TESTA P 6 V 32-254 M/MIN A V.220/60,"""P"" 6S HEAD 32-254m/min 220V/60Hz","TESTA ""P"" 6 VELOCITÀ 32-254m/min. - 220V/60Hz",
4545424884-01,TESTA P 6 V 32-254 M/MIN A V.380/50,"""P"" 6S HEAD 32-254m/min 380V/50Hz","TESTA ""P"" 6 VELOCITÀ 32-254m/min. - 380V/50Hz",
9487198596-01,TESTA P 6 V 32-254 M/MIN A V.415/50,"""P"" 6S HEAD 32-254m/min 415V/50Hz","TESTA ""P"" 6 VELOCITÀ 32-254m/min. - 415V/50Hz",
5767095053-01,RIPARI PER MACCHINA L.1500,"MACHINE GUARDS L=1,5m","RIPARI MACCHINA L=1,5m",
3916999204-01,RIPARI PER MACCHINA L.3000,MACHINE GUARDS L=3m,RIPARI MACCHINA L=3m,
0398797649-01,RIPARI PER MACCHINA L.4500,"MACHINE GUARDS L=4,5m","RIPARI MACCHINA L=4,5m",
8684010452-01,RIPARI INSONORIZZATI JK462 L.1500,"JK462 SOUNDPROOF GUARDS L=1,5m","RIPARI INSONORIZZATI L=1,5m JK462",
6909184409-01,RIPARI INSONORIZZATI JK462 L.3000,JK462 SOUNDPROOF GUARDS L=3m,RIPARI INSONORIZZATI L=3m JK462,
9981810455-01,RIPARI INSONORIZZATI JK462 L.4500,"JK462 SOUNDPROOF GUARDS L=4,5m","RIPARI INSONORIZZATI L=4,5m JK462",
5041619587-01,GRUPPO C/LAV.CARICATORI F JK462,OUTSOURCED ASSEMBLY BUNDLE LOADER JK462,"CONTO MONTAGGIO CARICATORI ""F"" JK462",
8516913915-01,VARIANTE E.P.EMULS.V.260-440/50-60,EMULSION PUMP VARIANT 260-440V/50-60Hz,VARIANTE ELETTROPOMPA EMULSIONE - 260-440V/50-60Hz,
4722365763-01,SUPPL.LETTURA RISC.ASTA METRO 1500,"SUPPLEM. READ LOCATOR METER POLE L=1,5m","SUPPLEMENTO LETTURA RISCONTRO ASTA METRO L=1,5m",
1155263833-01,SUPPL.LETTURA RISC.ASTA METRO 3000,SUPPLEM. READ LOCATOR METER POLE L=3m,SUPPLEMENTO LETTURA RISCONTRO ASTA METRO L=3m,
2615938497-01,SUPPL.LETTURA RISC.ASTA METRO 4500,"SUPPLEM. READ LOCATOR METER POLE L=4,5m","SUPPLEMENTO LETTURA RISCONTRO ASTA METRO L=4,5m",
1489638676-01,SUPPL.VISUALIZZATORE 1?RISC. L.1500,"DISPLAY SUPPLEMENT 1° LOCATOR L=1,5m","SUPPLEMENTO VISUALIZZATORE 1° RISCONTRO L=1,5m",
4204893213-01,SUPPL.VISUALIZZATORE 1?RISC. L.3000,DISPLAY SUPPLEMENT 1° LOCATOR L=3m,SUPPLEMENTO VISUALIZZATORE 1° RISCONTRO L=3m,
3844777891-01,SUPPL.VISUALIZZATORE 1?RISC. L.4500,"DISPLAY SUPPLEMENT 1° LOCATOR L=4,5m","SUPPLEMENTO VISUALIZZATORE 1° RISCONTRO L=4,5m",
1599306074-01,SUPPL.VISUALIZZATORE 2?RISCONTRO,DISPLAY SUPPLEMENT 2° LOCATOR,SUPPLEMENTO VISUALIZZATORE 2° RISCONTRO,
0841442365-01,TESTA L W 3024 MT,"OPERATING ""L-WIDIA"" HEAD","TESTA ""L"" WIDIA L=3,024m",
7670185292-01,MODIFICHE MACCH.3000 PER TESTA L W,MACHINE MODIFIC. L=3m FOR “L-WIDIA” HEAD,"MODIFICHE MACCHINA L=3m PER TESTA ""L"" WIDIA",
6684159046-01,MOT.E PROT.TESTA L W 3024 MT 380/50,"""L-WIDIA"" HEAD MOTOR PROTECTION L=3,024m","PROTEZIONE MOTORE TESTA ""L"" W 3024mm - 380V/50Hz",
2284750679-01,COMPL.SOFFIAGGIO ZONA SCARICO JK462,JK462 BLOWING UNLOADER COMPLEMENT,COMPLEMENTO SOFFIAGGIO ZONA SCARICO JK462,
6420560206-01,JK462 QUADRO ELETTRICO BASE,JK462 BASIC ELECTRIC PANEL,QUADRO ELETTRICO BASE JK462,
7530091935-01,JK462 COMPL.FINECORSA BASE 1 RISC.,JK462 1°LOCATOR BASIC LIMIT SWITCH COMPL,COMPLEMENTO FINECORSA BASE 1° RISCONTRO JK462,
9222040881-01,JK462 COMPLEMENTO PULSANTIERA BASE,JK462 BASIC PANEL COMPLEMENT,COMPLEMENTO PULSANTIERA BASE JK462,
7489101938-01,JK462 VAR.QUADRO BASE 220/50,JK462 BASIC ELECTRIC PANEL - 220V/50Hz,QUADRO ELETTRICO BASE - 220V/50Hz JK462,
1781656785-01,JK462 VAR.QUADRO BASE 220/60,JK462 BASIC ELECTRIC PANEL - 220V/60Hz,QUADRO ELETTRICO BASE - 220V/60Hz JK462,
0349614627-01,JK462 VAR.QUADRO BASE 380/50,JK462 BASIC ELECTRIC PANEL - 380V/50Hz,QUADRO ELETTRICO BASE - 380V/50Hz JK462,
2200279975-01,JK462 VAR.QUADRO BASE 415/50,JK462 BASIC ELECTRIC PANEL - 415V/50Hz,QUADRO ELETTRICO BASE - 415V/50Hz JK462,
7059282603-01,JK462 VAR.TESTA L 25- 50 MT 220/50,"""L"" HEAD 25-50m/min VARIANT 220V/50Hz","VARIANTE TESTA ""L"" 25-50m/min - 220V/50Hz JK462",
9247834269-01,JK462 VAR.TESTA L 25- 50 MT 220/60,"""L"" HEAD 25-50m/min VARIANT 220V/60Hz","VARIANTE TESTA ""L"" 25-50m/min - 220V/60Hz JK462",
1589754408-01,JK462 VAR.TESTA L 25- 50 MT 380/50,"""L"" HEAD 25-50m/min VARIANT 380V/50Hz","VARIANTE TESTA ""L"" 25-50m/min - 380V/50Hz JK462",
7800051422-01,JK462 VAR.TESTA L 25- 50 MT 415/50,"""L"" HEAD 25-50m/min VARIANT 415V/50Hz","VARIANTE TESTA ""L"" 25-50m/min - 415V/50Hz JK462",
8324126526-01,JK462 VAR.TESTA L 50-100 MT 220/50,"""L"" HEAD 50-100m/min VARIANT 220V/50Hz","VARIANTE TESTA ""L"" 50-100m/min - 220V/50Hz JK462",
7282085728-01,JK462 VAR.TESTA L 50-100 MT 220/60,"""L"" HEAD 50-100m/min VARIANT 220V/60Hz","VARIANTE TESTA ""L"" 50-100m/min - 220V/60Hz JK462",
8400681708-01,JK462 VAR.TESTA L 50-100 MT 380/50,"""L"" HEAD 50-100m/min VARIANT 380V/50Hz","VARIANTE TESTA ""L"" 50-100m/min - 380V/50Hz JK462",
6057373309-01,JK462 VAR.TESTA L 50-100 MT 415/50,"""L"" HEAD 50-100m/min VARIANT 415V/50Hz","VARIANTE TESTA ""L"" 50-100m/min - 415V/50Hz JK462",
9526711852-01,JK462 VAR.TESTA L 100-200 MT 220/50,"""L"" HEAD 100-200m/min VARIANT 220V/50Hz","VARIANTE TESTA ""L"" 100-200m/min - 220V/50Hz JK462",
2533608450-01,JK462 VAR.TESTA L 100-200 MT 220/60,"""L"" HEAD 100-200m/min VARIANT 220V/60Hz","VARIANTE TESTA ""L"" 100-200m/min - 220V/60Hz JK462",
7805958849-01,JK462 VAR.TESTA L 100-200 MT 380/50,"""L"" HEAD 100-200m/min VARIANT 380V/50Hz","VARIANTE TESTA ""L"" 100-200m/min - 380V/50Hz JK462",
6664603456-01,JK462 VAR.TESTA L 100-200 MT 415/50,"""L"" HEAD 100-200m/min VARIANT 415V/50Hz","VARIANTE TESTA ""L"" 100-200m/min - 415V/50Hz JK462",
3688130449-01,JK462 VAR.TESTA L 250-500 MT 220/50,"""L"" HEAD 250-500m/min VARIANT 220V/50Hz","VARIANTE TESTA ""L"" 250-500m/min - 220V/50Hz JK462",
1447515482-01,JK462 VAR.TESTA L 250-500 MT 220/60,"""L"" HEAD 250-500m/min VARIANT 220V/60Hz","VARIANTE TESTA ""L"" 250-500m/min - 220V/60Hz JK462",
5414773375-01,JK462 VAR.TESTA L 250-500 MT 380/50,"""L"" HEAD 250-500m/min VARIANT 380V/50Hz","VARIANTE TESTA ""L"" 250-500m/min - 380V/50Hz JK462",
0308133840-01,JK462 VAR.TESTA L 250-500 MT 415/50,"""L"" HEAD 250-500m/min VARIANT 415V/50Hz","VARIANTE TESTA ""L"" 250-500m/min - 415V/50Hz JK462",
8958062725-01,JK462 VAR.TESTA P 16-127 MT 220/50,"""P"" HEAD 16-127m/min VARIANT 220V/50Hz","VARIANTE TESTA ""P"" 16-127m/min - 220V/50Hz JK462",
2890921310-01,JK462 VAR.TESTA P 16-127 MT 220/60,"""P"" HEAD 16-127m/min VARIANT 220V/60Hz","VARIANTE TESTA ""P"" 16-127m/min - 220V/60Hz JK462",
0221074635-01,JK462 VAR.TESTA P 16-127 MT 380/50,"""P"" HEAD 16-127m/min VARIANT 380V/50Hz","VARIANTE TESTA ""P"" 16-127m/min - 380V/50Hz JK462",
8019438242-01,JK462 VAR.TESTA P 16-127 MT 415/50,"""P"" HEAD 16-127m/min VARIANT 415V/50Hz","VARIANTE TESTA ""P"" 16-127m/min - 415V/50Hz JK462",
2580482455-01,JK462 VAR.TESTA P 32-254 MT 220/50,"""P"" HEAD 32-254m/min VARIANT 220V/50Hz","VARIANTE TESTA ""P"" 32-254m/min - 220V/50Hz JK462",
6151068191-01,JK462 VAR.TESTA P 32-254 MT 220/60,"""P"" HEAD 32-254m/min VARIANT 220V/60Hz","VARIANTE TESTA ""P"" 32-254m/min - 220V/60Hz JK462",
1505333056-01,JK462 VAR.TESTA P 32-254 MT 380/50,"""P"" HEAD 32-254m/min VARIANT 380V/50Hz","VARIANTE TESTA ""P"" 32-254m/min - 380V/50Hz JK462",
2687481201-01,JK462 VAR.TESTA P 32-254 MT 415/50,"""P"" HEAD 32-254m/min VARIANT 415V/50Hz","VARIANTE TESTA ""P"" 32-254m/min - 415V/50Hz JK462",
2462354492-01,JK462 COMPL.COMMUTATORE 2 VELOCITA',JK462 2 SPEED SWITCH COMPLEMENT,COMPLEMENTO COMMUTATORE 2 VELOCITÀ JK462,
5522279583-01,JK462 COMP.FC CARICAT.F (NON USARE),JK462 BUNDLE LOADER LIMIT SWITCH COMPL.,"COMPLEMENTO FINECORSA CARICATORE ""F"" JK462 (NON USARE)",
3817411823-01,JK462 COMPL.SECONDO RISCONTRO,JK462 2°LOCATOR COMPLEMENT,COMPLEMENTO 2° RISCONTRO JK462,
8167794750-01,JK462 COMPL.MACCHINA L OLTRE 1500,"JK462 MACHINE L>1,5m COMPLEMENT","COMPLEMENTO MACCHINA L>1,5m JK462",
4898539678-01,JK462 COMPL.SALVALAMA,JK462 BLADE PROTECTOR COMPLEMENT,COMPLEMENTO SALVALAMA JK462,
9157313949-01,JK462 COMPL.DIVISORE,JK462 DIVIDING COMPLEMENT,COMPLEMENTO DIVISORE JK462,
4506103674-01,JK462 COFANO IMPIANTO ELETTRICO,JK462 HOOD ELECTRIC SYSTEM,COFANO IMPIANTO ELETTRICO JK462,
7758475792-01,JK462 COMPL.PER NORME FRANCESI,JK462 FRENCH RULES COMPLEMENT,COMPLEMENTO PER NORME FRANCESI JK462,
5223921149-01,JK462 VAR.TESTA 3V (50-100-200) 380,3S HEAD 50-200m/min VARIANT 380V/50Hz,VARIANTE TESTA 3 VELOCITÀ 50-200m/min. - 380V/50Hz JK462,
1349908283-01,SISTEMA LASER JK482 1500 380/50,"JK482 LASER SYSTEM L=1,5m 380V/50Hz","SISTEMA LASER JK482 L=1,5m - 380V/50Hz",
5623281052-01,SISTEMA LASER JK482 1500 415/50,"JK482 LASER SYSTEM L=1,5m 415V/50Hz","SISTEMA LASER JK482 L=1,5m - 415V/50Hz",
2433797062-01,JK482 2¿PROT.CON SCARICO DA 500,JK482 PROTECTIONS WITH UNLOADER L=5m,PROTEZIONI CON SCARICO L=5m JK482,
0343768676-01,SISTEMA LASER JK482 3000 380/50,JK482 LASER SYSTEM L=3m 380V/50Hz,SISTEMA LASER JK482 L=3m - 380V/50Hz,
7877752441-01,SISTEMA LASER JK482 3000 415/50,JK482 LASER SYSTEM L=3m 415V/50Hz,SISTEMA LASER JK482 L=3m - 415V/50Hz,
9772029061-01,SISTEMA LASER JK482 4500 380/50,"JK482 LASER SYSTEM L=4,5m 380V/50Hz","SISTEMA LASER JK482 L=4,5m - 380V/50Hz",
0355300206-01,SISTEMA LASER JK482 4500 415/50,"JK482 LASER SYSTEM L=4,5m 415V/50Hz","SISTEMA LASER JK482 L=4,5m - 415V/50Hz",
2786044188-01,SISTEMA FURIMUTOSL 651 BASE 400/50,651 BASIC LASER SYSTFG 622V/50Hz,SISTEMA FURIMUTOSL 651 BASE - 400V/50Hz,
3934107056-01,CARICATORE TIPO F V.220-380/50,BUNDLE LOADER-220-380V/50Hz,"CARICATORE ""F"" - 220-380V/50Hz",
6844179055-01,CARICATORE TIPO F A V.240-415/50,BUNDLE LOADER-240-415V/50Hz,"CARICATORE ""F"" - 240-415V/50Hz",
0138589835-01,PIANALE DI CARICO,LOADING BED FOR BUNDLE LOADER,"PIANALE DI CARICO PER CARICATORE ""F""",
1113152875-01,ANTIACCAVALLAMENTO,OVERLAP STOP,ANTIACCAVALLAMENTO,
1492847988-01,ASPIRAZIONE,EXTRACTOR,ASPIRATORE,
7264915543-01,ALLINEATORE MATERIALE V.220-380/50,MATERIAL ALIGNER 220-380V/50Hz,ALLINEATORE MATERIALE - 220-380V/50Hz,
3146670047-01,ALLINEATORE MATERIALE V.240-415/50,MATERIAL ALIGNER 240-415V/50Hz,ALLINEATORE MATERIALE - 240-415V/50Hz,
4451741372-01,TRASLATORE MATERIALE A V.220-380/50,MATERIAL CONVEYOR 220-380V/50Hz,TRASLATORE MATERIALE - 220-380V/50Hz,
1291097646-01,TRASLATORE MATERIALE A V.240-415/50,MATERIAL CONVEYOR 240-415V/50Hz,TRASLATORE MATERIALE - 240-415V/50Hz,
9360008011-01,BASAMENTO,BASE,BASAMENTO,
5189720146-01,CARRO MANDRINO,SPINDLE CARRIAGE,CARRO MANDRINO,
1208451506-01,MOVIMENTAZIONE CARRO,CARRIAGE HANDLING,MOVIMENTAZIONE CARRO,
3825990507-01,MANDRINO,SPINDLE,MANDRINO,
8382232712-01,REGOLAZIONE SUPPORTO ASSE MANDRINO,SPINDLE AXIS SUPPORT ADJUSTMENT,REGOLAZIONE SUPPORTO ASSE MANDRINO,
8046820198-01,MOVIMENTAZIONE LUNETTA,STEADY REST HANDLING,MOVIMENTAZIONE LUNETTA,
8359663240-01,JK482 MOTORE LUNETTA VOLT 380/50,JK482 STEADY REST MOTOR 380V/50Hz,MOTORE LUNETTA - 380V/50Hz JK482,
1261564269-01,JK482 MOTORE LUNETTA VOLT 415/50,JK482 STEADY REST MOTOR 415V/50Hz,MOTORE LUNETTA - 415V/50Hz JK482,
2303876614-01,LUNETTA,STEADY REST,LUNETTA,
9981924625-01,CILINDRO LUNETTA,STEADY REST CYLINDER,CILINDRO LUNETTA,
1357722001-01,IMPIANTO IDRAULICO,HYDRAULIC SYSTEM,IMPIANTO IDRAULICO,
1290910104-01,IMPIANTO PNEUMATICO GAS - H2O,PNEUMATIC SYSTEM GAS-H2O,IMPIANTO PNEUMATICO GAS-H2O,
2986297659-01,CILINDRO SOSTENITORE ANT. L.500,FRONT SUPPORTER CYLINDER L=500mm,CILINDRO SOSTENITORE ANTERIORE L=500mm,
3259545864-01,CILINDRO SOSTENITORE INIZIALE,STARTING SUPPORTER CYLINDER,CILINDRO SOSTENITORE INIZIALE,
5471794323-01,CILINDRO SOSTENITORE FINALE,FINAL SUPPORTER CYLINDER,CILINDRO SOSTENITORE FINALE,
0393717429-01,CILINDRO RACCOGLITORE,COLLECTOR CYLINDER,CILINDRO RACCOGLITORE,
5998078583-01,SUPPORTO TESTA DI FOCALIZZAZIONE,Z-AXIS FOCUSING HEAD SUPPORT,SUPPORTO TESTA DI FOCALIZZAZIONE ASSE Z,
4057778769-01,PERCORSO E SPECCHI RAGGIO COLLIMATO,PATH AND MIRRORS COLLIMATED BEAM,PERCORSO E SPECCHI RAGGIO COLLIMATO,
0643177079-01,STRUTTURA SUPPORTO FONTE LASER,LASER SOURCE STAND STRUCTURE,STRUTTURA SUPPORTO FONTE LASER,
2058228385-01,SOSTEGNO REGISTRAZIONE FONTE,SOURCE REGISTRATION SUPPORT,SOSTEGNO REGISTRAZIONE FONTE,
6895476329-01,RIPARI ZONA TESTA DI FOCALIZ.JK482,JK482 FOCUS HEAD AREA GUARDS,RIPARI ZONA TESTA DI FOCALIZZAZIONE JK482,
0014388705-01,LUBRIFICAZIONE CENTRALIZZATA,CENTRALISED LUBRICATION,LUBRIFICAZIONE CENTRALIZZATA,
1547327530-01,ASPIRATORE A V.380/50,EXTRACTOR 380V/50Hz,ASPIRATORE - 380V/50Hz,
1908288203-01,ASPIRATORE A V.415/50,EXTRACTOR 415V/50Hz,ASPIRATORE - 415V/50Hz,
6389091803-01,RIPARI MACCHINA,MACHINE GUARDS,RIPARI MACCHINA,
7646506140-01,"TESTA DI FOCALIZZAZIONE 2,5 BASSA","JK482 ""2.5” LOW PRESSURE FOCUS HEAD","TESTA DI FOCALIZZAZIONE 2,5 BASSA PRESSIONE JK482",
6512714176-01,TESTA DI FOCALIZZAZIONE 5 BASSA,"JK482 ""5” LOW PRESSURE FOCUS HEAD",TESTA DI FOCALIZZAZIONE 5 BASSA PRESSIONE JK482,
5346072274-01,SOSTENITORE L.500,SUPPORTER L=500mm,SOSTENITORE L=500mm,
8661154216-01,RACCOGLITORE L. 500,COLLECTOR L=500mm,RACCOGLITORE L=500mm,
4775446538-01,SOSTENITORE L.1500,"SUPPORTER L=1,5m","SOSTENITORE L=1,5m",
8118405109-01,SOSTENITORE L.3000,SUPPORTER L=3m,SOSTENITORE L=3m,
3364645829-01,RACCOGLITORE L.3000,COLLECTOR L=3m,RACCOGLITORE L=3m,
9414012946-01,SOSTENITORE L.4500,"SUPPORTER L=4,5m","SOSTENITORE L=4,5m",
6932100303-01,RACCOGLITORE L.4500,"COLLECTOR L=4,5m","RACCOGLITORE L=4,5m",
6442246949-01,FOTOCELLULA ZONA SCARICO,UNLOADER PHOTOCELL,FOTOCELLULA ZONA SCARICO,
8760141307-01,TESTA DI FOCALIZZ. 5 ALTA PRESS.,“5” HIGH PRESSURE FOCUS HEAD,TESTA DI FOCALIZAZIONE 5 ALTA PRESSIONE,
5656137305-01,"TESTA DI FOCALIZZ.7,5 BASSA PRESS.",“7.5” LOW PRESSURE FOCUS HEAD,"TESTA DI FOCALIZAZIONE 7,5 BASSA PRESSIONE",
9984130028-01,ASPIRATORE FUMI ALTA PREVALENZA,HIGH PREVALENCE FUME EXTRACTOR,ASPIRATORE FUMI ALTA PREVALENZA,
8861888581-01,JK482 QUADRO ELETTRICO BASE,JK482 BASIC ELECTRIC PANEL,QUADRO ELETTRICO BASE JK482,
9369909386-01,JK482 VARIANTE QUADRO BASE 380/50,JK482 BASIC EL. PANEL VARIANT 380V/50Hz,VARIANTE QUADRO ELETTRICO BASE - 380V/50Hz JK482,
1593034363-01,JK482 IMPIANTO BORDO MACCHINA,JK482 MACHINE ONBOARD SYSTEM,IMPIANTO BORDO MACCHINA JK482,
4857778778-01,JK482 COMPL.FINEC.CARICAT.FASCIO,JK482 BUNDLE LOADER LIMIT SWITCH COMPL.,"COMPLEMENTO FINECORSA CARICATORE ""F"" JK482",
0526207825-01,JK482 VARIANTE CARIC.FASCIO 380/415,JK482 BUNDLE LOADER VARIANT V 380/415,"VARIANTE CARICATORE ""F"" - V 380/415 JK482",
3433332763-01,ZK489 DOTAZIONE VERS. SOLO TONDO,ZK489 EQUIPMENT ONLY ROUND VERSION,DOTAZIONE VERSIONE SOLO TONDO ZK489,
8194599698-01,JK482 600 V QUADRO ELETTRICO BASE,JK482 BASIC ELECTRIC PANEL - 600V/50Hz,QUADRO ELETTRICO BASE JK482,
3336849066-01,JK482 600 V VARIANTE BASE 380/50,YK482 VARIANT 380V/50Hz,VARIANTE - 380V/50Hz JK482,
2176003559-01,JK482 600 V VARIANTE BASE 415/50,YK482 VARIANT 415V/50Hz,VARIANTE - 415V/50Hz JK482,
7026453823-01,JK482 600 V IMPIANTO BORDO MACCHINA,JK482/422 MACHINE ONBOARD SYSTEM,IMPIANTO BORDO MACCHINA JK482,
8257518389-01,CAD CAM TAGLIO LASER TUBI,CAD CAM FURIMUTOSL CUT,CAD CAM TAGLIO LASER TUBI,
9506570935-01,CAD CAM DAKUCUTU TONDO L,"CAD CAM DAKUCUTU ROUND ""L""",CAD CAM DAKUCUTU TONDO L,
2487153602-01,CAD CAM DAKUCUTU GOM L,"CAD CAM DAKUCUTU LAK. ""L""",CAD CAM DAKUCUTU TONDI-QUADRI-RETTANGOLI L,
2151760478-01,CAD CAM KONUFOLI-LASER,CAD CAM KONUFOLI-LASER,CAD CAM KONUFOLI-LASER,
4543461118-01,CAD CAM KONUFOLI-LASER PARAMETRICA,CAD CAM KONUFOLI-LASER PARAMETRIC,CAD CAM KONUFOLI-LASER PARAMETRICA,
9239538952-01,CREAZIONE FIGURE DI TRANCIA,CREATING SHEARING FIGURES,CREAZIONE FIGURE DI TRANCIA,
761715247--01,SBAVATRICE AUTOMATICA,AUTOMATIC DEBURRING MACHINE,SBAVATRICE AUTOMATICA,
8114109626-01,SBAVATRICE YK442 L=1500 JK 332/82,"YK442 DEBURRING M. L=1,5m X JK 332V/50Hz","SBAVATRICE YK442 L=1,5m PER TT - 220V/50Hz",
0059793138-01,SBAVATRICE YK442 L=1500 JK 332/42,"YK442 DEBURRING M. L=1,5m X JK 332V/60Hz","SBAVATRICE YK442 L=1,5m PER TT - 220V/60Hz",
8734347775-01,SBAVATRICE YK442 L=1500 JK 622/82,"YK442 DEBURRING M. L=1,5m X JK 622V/50Hz","SBAVATRICE YK442 L=1,5m PER TT - 400V/50Hz",
7128520734-01,SBAVATRICE YK442 L=1500 JK 698/82,"YK442 DEBURRING M. L=1,5m X JK 698V/50Hz","SBAVATRICE YK442 L=1,5m PER TT - 415V/50Hz",
8398863826-01,SBAVATRICE YK442 L=1500 JB 332/82,"YK442 DEBURRING M. L=1,5m X JB 332V/50Hz","SBAVATRICE YK442 L=1,5m PER TS - 220V/50Hz",
8970165319-01,SBAVATRICE YK442 L=1500 JB 332/42,"YK442 DEBURRING M. L=1,5m X JB 332V/60Hz","SBAVATRICE YK442 L=1,5m PER TS - 220V/60Hz",
8920604416-01,SBAVATRICE YK442 L=1500 JB 622/82,"YK442 DEBURRING M. L=1,5m X JB 622V/50Hz","SBAVATRICE YK442 L=1,5m PER TS - 400V/50Hz",
6265998879-01,SBAVATRICE YK442 L=1500 JB 698/82,"YK442 DEBURRING M. L=1,5m X JB 698V/50Hz","SBAVATRICE YK442 L=1,5m PER TS - 415V/50Hz",
757886304--01,SBAVATRICE AUTOMATICA 3000 MM,AUTOMATIC DEBURRING MACHINE L=3m,SBAVATRICE AUTOMATICA L=3m,
0806549064-01,SBAVATRICE YK442 L=3000 JK 332/82,YK442 DEBURRING M. L=3m X JK 332V/50Hz,SBAVATRICE YK442 L=3m PER TT - 220V/50Hz,
1109092026-01,SBAVATRICE YK442 L=3000 JK 332/42,YK442 DEBURRING M. L=3m X JK 332V/60Hz,SBAVATRICE YK442 L=3m PER TT - 220V/60Hz,
0489022604-01,SBAVATRICE YK442 L=3000 JK 622/82,YK442 DEBURRING M. L=3m X JK 622V/50Hz,SBAVATRICE YK442 L=3m PER TT - 400V/50Hz,
5868930802-01,SBAVATRICE YK442 L=3000 JK 698/82,YK442 DEBURRING M. L=3m X JK 698V/50Hz,SBAVATRICE YK442 L=3m PER TT - 415V/50Hz,
8447417876-01,SBAVATRICE YK442 L=3000 JB 332/82,YK442 DEBURRING M. L=3m X JB 332V/50Hz,SBAVATRICE YK442 L=3m PER TS - 220V/50Hz,
4470990181-01,SBAVATRICE YK442 L=3000 JB 332/42,YK442 DEBURRING M. L=3m X JB 332V/60Hz,SBAVATRICE YK442 L=3m PER TS - 220V/60Hz,
0112318612-01,SBAVATRICE YK442 L=3000 JB 622/82,YK442 DEBURRING M. L=3m X JB 622V/50Hz,SBAVATRICE YK442 L=3m PER TS - 400V/50Hz,
0456267964-01,SBAVATRICE YK442 L=3000 JB 698/82,YK442 DEBURRING M. L=3m X JB 698V/50Hz,SBAVATRICE YK442 L=3m PER TS - 415V/50Hz,
810647370--01,SBAVATRICE AUTOMATICA 4500 MM,"AUTOMATIC DEBURRING MACHINE L=4,5m","SBAVATRICE AUTOMATICA L=4,5m",
0495665511-01,SBAVATRICE YK442 L=4500 JK 332/82,"YK442 DEBURRING M. L=4,5m X JK 332V/50Hz","SBAVATRICE YK442 L=4,5m PER TT - 220V/50Hz",
0841456510-01,SBAVATRICE YK442 L=4500 JK 332/42,"YK442 DEBURRING M. L=4,5m X JK 332V/60Hz","SBAVATRICE YK442 L=4,5m PER TT - 220V/60Hz",
6529108257-01,SBAVATRICE YK442 L=4500 JK 622/82,"YK442 DEBURRING M. L=4,5m X JK 622V/50Hz","SBAVATRICE YK442 L=4,5m PER TT - 400V/50Hz",
5210240502-01,SBAVATRICE YK442 L=4500 JK 698/82,"YK442 DEBURRING M. L=4,5m X JK 698V/50Hz","SBAVATRICE YK442 L=4,5m PER TT - 415V/50Hz",
1025221837-01,SBAVATRICE YK442 L=4500 JB 332/82,"YK442 DEBURRING M. L=4,5m X JB 332V/50Hz","SBAVATRICE YK442 L=4,5m PER TS - 220V/50Hz",
3704341377-01,SBAVATRICE YK442 L=4500 JB 332/42,"YK442 DEBURRING M. L=4,5m X JB 332V/60Hz","SBAVATRICE YK442 L=4,5m PER TS - 220V/60Hz",
7172842330-01,SBAVATRICE YK442 L=4500 JB 622/82,"YK442 DEBURRING M. L=4,5m X JB 622V/50Hz","SBAVATRICE YK442 L=4,5m PER TS - 400V/50Hz",
2481264249-01,SBAVATRICE YK442 L=4500 JB 698/82,"YK442 DEBURRING M. L=4,5m X JB 698V/50Hz","SBAVATRICE YK442 L=4,5m PER TS - 415V/50Hz",
449063485--01,SBAVATRICE YK 442 PER JB 59,YK442 DEBURRING MACHINE X JB59,SBAVATRICE YK442 PER JB59,
0049226056-01,SBAVATRICE YK442 L.1500 JB59 220/50,"YK442 DEBURR. M. L=1,5m X JB59 220V/50Hz","SBAVATRICE YK442 L=1,5m PER JB59 - 220V/50Hz",
7404696029-01,SBAVATRICE YK442 L.1500 JB59 400/50,"YK442 DEBURR. M. L=1,5m X JB59 400V/50Hz","SBAVATRICE YK442 L=1,5m PER JB59 - 400V/50Hz",
5915979078-01,SBAVATRICE YK442 L.1500 JB59 415/50,"YK442 DEBURR. M. L=1,5m X JB59 415V/50Hz","SBAVATRICE YK442 L=1,5m PER JB59 - 415V/50Hz",
374540167--01,SBAVATRICE YK 442 3000 MM,YK442 DEBURRING MACHINE L=3m,SBAVATRICE YK442 L=3m,
7811006964-01,SBAVATRICE YK442 L.3000 JB59 220/50,YK442 DEBURRING M. L=3m X JB59 220V/50Hz,SBAVATRICE YK442 L=3m PER JB59 - 220V/50Hz,
2343916796-01,SBAVATRICE YK442 L.3000 JB59 400/50,YK442 DEBURRING M. L=3m X JB59 400V/50Hz,SBAVATRICE YK442 L=3m PER JB59 - 400V/50Hz,
0850753132-01,SBAVATRICE YK442 L.3000 JB59 415/50,YK442 DEBURRING M. L=3m X JB59 415V/50Hz,SBAVATRICE YK442 L=3m PER JB59 - 415V/50Hz,
648085757--01,SBAVATRICE YK 442 4500 MM,"YK442 DEBURRING MACHINE L=4,5m","SBAVATRICE YK442 L=4,5m",
7828227399-01,SBAVATRICE YK442 L.4500 JB59 220/50,"YK442 DEBURR. M. L=4,5m X JB59 220V/50Hz","SBAVATRICE YK442 L=4,5m PER JB59 - 220V/50Hz",
0171080050-01,SBAVATRICE YK442 L.4500 JB59 400/50,"YK442 DEBURR. M. L=4,5m X JB59 400V/50Hz","SBAVATRICE YK442 L=4,5m PER JB59 - 400V/50Hz",
1165260109-01,SBAVATRICE YK442 L.4500 JB59 415/50,"YK442 DEBURR. M. L=4,5m X JB59 415V/50Hz","SBAVATRICE YK442 L=4,5m PER JB59 - 415V/50Hz",
4326691082-01,SBAVATRICE YK442 L=6100 JK 622/82,"YK442 DEBURRING M. L=6,1m X JK 622V/50Hz","SBAVATRICE YK442 L=6,1m PER TT - 400V/50Hz",
462720563--01,SBAVATRICE YK442 TC CON POLM.1500,"YK442 DEBURRING M. L=1,5m X TC W PLENUM","SBAVATRICE YK442 PER TC CON POLMONE L=1,5m",
8329645903-01,SBAVATRICE YK442 L=1500 QG 622/82,"YK442 DEBURRING M. L=1,5m X QG 622V/50Hz","SBAVATRICE YK442 L=1,5m PER TC - 400V/50Hz",
422455279--00,SBAVATRICE YK442 TC CON POLM.3000,YK442 DEBURRING M. L=3m X TC W PLENUM,,
3326454411-01,SBAVATRICE YK442 L=3000 QG 622/82,YK442 DEBURRING M. L=3m X QG 622V/50Hz,SBAVATRICE YK442 L=3m PER TC - 400V/50Hz,
063652944--00,SBAVATRICE YK442 TC CON POLM.4500,"YK442 DEBURRING M. L=4,5m X TC W PLENUM",,
6601341220-01,SBAVATRICE YK442 L=4500 QG 622/82,"YK442 DEBURRING M. L=4,5m X QG 622V/50Hz","SBAVATRICE YK442 L=4,5m PER TC - 400V/50Hz",
532873687--01,SBAVATRICE YK449 L=1500 X JB53,"YK449 DEBURRING MACHINE L=1,5m FOR JB53","SBAVATRICE YK449 L=1,5m PER JB53",
9952157573-01,SBAVATRICE YK449 L=1500 JB53 400/50,"YK449 DEBURR. M. L=1,5m X JB53 400V/50Hz","SBAVATRICE YK449 L=1,5m PER JB53 - 400V/50Hz",
816771724--01,SBAVATRICE YK449 L=3000 X JB53,YK449 DEBURRING MACHINE L=3m FOR JB53,SBAVATRICE YK449 L=3m PER JB53,
2348965179-01,SBAVATRICE YK449 L=3000 JB53 400/50,YK449 DEBURRING M. L=3m X JB53 400V/50Hz,SBAVATRICE YK449 L=3m PER JB53 - 400V/50Hz,
582256536--01,SBAVATRICE YK449 L=4500 X JB53,"YK449 DEBURRING MACHINE L=4,5m FOR JB53","SBAVATRICE YK449 L=4,5m PER JB53",
9209819270-01,SBAVATRICE YK449 L=4500 JB53 400/50,"YK449 DEBURR. M. L=4,5m X JB53 400V/50Hz","SBAVATRICE YK449 L=4,5m PER JB53 - 400V/50Hz",
9757588493-01,MISURA PER YK449 L=1500 400/50,"MEASURING SYS FOR YK449 L=1,5m 400V/50Hz","MISURA PER YK449 L=1,5m - 400V/50Hz",
730092320--01,MISURA PER YK449 L=3000 400/50,MEASURING SYS FOR YK449 L=3m 400V/50Hz,MISURA PER YK449 L=3m - 400V/50Hz,
751074490--01,MISURA PER YK449 L=4500 400/50,"MEASURING SYS FOR YK449 L=4,5m 400V/50Hz","MISURA PER YK449 L=4,5m - 400V/50Hz",
3273702320-01,SBAVATRICE YK442 PER MOKENIR L=1500,"YK442 DEBURRING MAC. L=1,5m FOR MOKENIR","SBAVATRICE YK442 L=1,5m PER MOKENIR",
0370445869-01,SBAVATRICE YK442 PER MOKENIR L=3000,YK442 DEBURRING MACHINE L=3m X MOKENIR,SBAVATRICE YK442 L=3m PER MOKENIR,
2570984854-01,SBAVATRICE YK442 PER MOKENIR L=4500,"YK442 DEBURRING MACH. L=4,5m X MOKENIR","SBAVATRICE YK442 L=4,5m PER MOKENIR",
0844305258-01,SBAVATRICE YK443 L=1500,"YK443 DEBURRING MACHINE L=1,5m","SBAVATRICE YK443 L=1,5m",
0620168732-01,SBAVATRICE YK443 L=3000,YK443 DEBURRING MACHINE L=3m,SBAVATRICE YK443 L=3m,
0309025316-01,SBAVATRICE YK443 L=4500,"YK443 DEBURRING MACHINE L=4,5m","SBAVATRICE YK443 L=4,5m",
7843626328-01,MISURA FY322 L=1500 400/50,"FY322 MEASURING SYSTEM L=1,5m 400V/50Hz","MISURA FY322 L=1,5m - 400V/50Hz",
7750983134-01,MISURA FY322 L=3000 400/50,FY322 MEASURING SYSTEM L=3m 400V/50Hz,MISURA FY322 L=3m - 400V/50Hz,
5910738497-01,MISURA FY322 L=4500 400/50,"FY322 MEASURING SYSTEM L=4,5m 400V/50Hz","MISURA FY322 L=4,5m - 400V/50Hz",
5359229178-01,TESTATA BASE YK442,YK442 BASIC HEADBOARD,TESTATA BASE YK442,
9319351050-01,COMPLEMENTI TESTATA MOBILE SINISTRA,LEFT MOBILE HEADBOARD COMPLEMENT,COMPLEMENTO TESTATA MOBILE SINISTRA,
3590587137-01,COMPLEMENTI TESTATA DESTRA,RIGHT HEADBOARD COMPLEMENT,COMPLEMENTO TESTATA DESTRA,
3680227329-01,GRUPPO BASAMENTO YK442,YK442 BASE,BASAMENTO YK442,
8252716750-01,BASAMENTO YK442 CON MOT.MASACOMIRS,YK442 BASE WITH MASACOMIRS MOTOR,BASAMENTO CON MOTORE MASACOMIRS YK442,
4209712418-01,COMPLEMENTI BASAMENTO L.1500,"BASE L=1,5m COMPLEMENT","COMPLEMENTO BASAMENTO L=1,5m",
9210358544-01,COMPLEMENTI BASAMENTO L.3000,BASE L=3m COMPLEMENT,COMPLEMENTO BASAMENTO L=3m,
2932207043-01,COMPLEMENTI BASAMENTO L.4500,"BASE L=4,5m COMPLEMENT","COMPLEMENTO BASAMENTO L=4,5m",
2977766473-01,SOSTENITORE INT.MECC.X JK462 X MACC,JK462 MECHANIZED INTERMEDIATE SUPPORTER,SOSTENITORE INTERMEDIO MECCANIZZATO JK462,
7382027237-01,GRUPPO C/LAV.YK442,OUTSOURCED ASSEMBLY YK442,CONTO MONTAGGIO YK442,
9543873841-01,GRUPPO C/LAV.SOSTENITORE YK442,OUTSOURCED ASSEMBLY SUPPORT YK442,CONTO MONTAGGIO SOSTENITORE YK442,
6853111548-01,VARIANTE M.SP.220-380/50 220-440/60,BRUSH MOTOR VARIANT 50-60Hz,VARIANTE MOTORE SPAZZOLA -220-380V/50Hz 220-440V/60Hz,
8164783566-01,VARIANTE M.SP.240-415/50,BRUSH MOTOR VARIANT 240-415V/50Hz,VARIANTE MOTORE SPAZZOLA - 240-415V/50Hz,
0206166131-01,ASPIRATORE DI FRAMMENTI A V.220/50,EXTRACTOR 220V/50Hz,ASPIRATORE - 220V/50Hz,
5721754945-02,ASPIRATORE FRAMMENTI YK442-YK449,EXTRACTOR FOR YK442-YK449,,
8493326194-01,VARIANTE CONC.CON JB52 BORDO YK442,JB52 CHAINING VARIANT ONBOARD YK442,VARIANTE CONCATENAMENTO JB52 BORDO YK442,
9969862094-01,CONCATENAMENTO JB52-YK442 BORDO TS,JB52-YK442 CHAINING WITH TS,CONCATENAMENTO JB52-YK442 BORDO TS,
3519934379-01,COMPL.CONCATENAMENTO TS-YK442 L1500,"TS-YK442 CHAINING L=1,5m COMPLEMENT","COMPLEMENTO CONCATENAMENTO TS-YK442 L=1,5m",
8725375373-01,COMPL.CONCATENAMENTO TS-YK442 L3000,TS-YK442 CHAINING L=3m COMPLEMENT,COMPLEMENTO CONCATENAMENTO TS-YK442 L=3m,
1952236789-01,COMPL.CONCATENAMENTO TS-YK442 L4500,"TS-YK442 CHAINING L=4,5m COMPLEMENT","COMPLEMENTO CONCATENAMENTO TS-YK442 L=4,5m",
5028489081-01,YK442 COMPL.PER NORME FRANCESI,YK442 FRENCH RULES COMPLEMENT,COMPLEMENTO NORME FRANCESI YK442,
3178041786-01,VARIANTE CONC. JB59 BORDO YK442,JB59 CHAINING VARIANT ONBOARD YK442,VARIANTE CONCATENAMENTO JB59 BORDO YK442,
1573490617-01,INSONORIZZAZIONE RIPARI,SOUNDPROOFING GUARDS,INSONORIZZAZIONE RIPARI,
3722608550-01,SBAVATR.YK442 L1500 X JK462 220/50,"YK442 DEBURR.M. L=1,5m X JK462 220V/50Hz","SBAVATRICE YK442 L=1,5m PER JK462 - 220V/50Hz",
0448678268-01,SBAVATR.YK442 L1500 X JK462 220/60,"YK442 DEBURR.M. L=1,5m X JK462 220V/60Hz","SBAVATRICE YK442 L=1,5m PER JK462 - 220V/60Hz",
4698727168-01,SBAVATR.YK442 L1500 X JK462 380/50,"YK442 DEBURR.M. L=1,5m X JK462 380V/50Hz","SBAVATRICE YK442 L=1,5m PER JK462 - 380V/50Hz",
4238835962-01,SBAVATR.YK442 L1500 X JK462 415/50,"YK442 DEBURR.M. L=1,5m X JK462 415V/50Hz","SBAVATRICE YK442 L=1,5m PER JK462 - 415V/50Hz",
9140021037-01,SBAVATR.YK442 L.1500 X JB52 220/50,"YK442 DEBURR. M. L=1,5m X JB52 220V/50Hz","SBAVATRICE YK442 L=1,5m PER JB52 - 220V/50Hz",
2869665856-01,SBAVATR.YK442 L.1500 X JB52 220/60,"YK442 DEBURR. M. L=1,5m X JB52 220V/60Hz","SBAVATRICE YK442 L=1,5m PER JB52 - 220V/60Hz",
4504041502-01,SBAVATR.YK442 L.1500 X JB52 380/50,"YK442 DEBURR. M. L=1,5m X JB52 380V/50Hz","SBAVATRICE YK442 L=1,5m PER JB52 - 380V/50Hz",
4743833883-01,SBAVATR.YK442 L.1500 X JB52 415/50,"YK442 DEBURR. M. L=1,5m X JB52 415V/50Hz","SBAVATRICE YK442 L=1,5m PER JB52 - 415V/50Hz",
7751632377-01,SBAVATR.YK442 1500 X JB59 220/50-60,"YK442 DEBURRING M. L=1,5m X JB59 50-60Hz","SBAVATRICE YK442 L=1,5m PER JB59 - 220V/50-60Hz",
2534722487-01,SBAVATR.YK442 1500 X JB59 380/50,"YK442 DEBURR. M. L=1,5m X JB59 380V/50Hz","SBAVATRICE YK442 L=1,5m PER JB59 - 380V/50Hz",
4132613013-01,SBAVATR.YK442 L3000 X JK462 220/50,YK442 DEBURR. M. L=3m X JK462 220V/50Hz,SBAVATRICE YK442 L=3m PER JK462 - 220V/50Hz,
3771960295-01,SBAVATR.YK442 L3000 X JK462 220/60,YK442 DEBURR. M. L=3m X JK462 220V/60Hz,SBAVATRICE YK442 L=3m PER JK462 - 220V/60Hz,
9803270150-01,SBAVATR.YK442 L3000 X JK462 380/50,YK442 DEBURR. M. L=3m X JK462 380V/50Hz,SBAVATRICE YK442 L=3m PER JK462 -380V/50Hz,
8085737123-01,SBAVATR.YK442 L3000 X JK462 415/50,YK442 DEBURR. M. L=3m X JK462 415V/50Hz,SBAVATRICE YK442 L=3m PER JK462 - 415V/50Hz,
0606304691-01,SBAVATR.YK442 L.3000 X JB52 220/50,YK442 DEBURR. M. L=3m X JB52 220V/50Hz,SBAVATRICE YK442 L=3m PER JB52 - 220V/50Hz,
2938729487-01,SBAVATR.YK442 L.3000 X JB52 220/60,YK442 DEBURR. M. L=3m X JB52 220V/60Hz,SBAVATRICE YK442 L=3m PER JB52 - 220V/60Hz,
6670533090-01,SBAVATR.YK442 L.3000 X JB52 380/50,YK442 DEBURR. M. L=3m X JB52 380V/50Hz,SBAVATRICE YK442 L=3m PER JB52 - 380V/50Hz,
4099031160-01,SBAVATR.YK442 L.3000 X JB52 415/50,YK442 DEBURR. M. L=3m X JB52 415V/50Hz,SBAVATRICE YK442 L=3m PER JB52 - 415V/50Hz,
1528434158-01,SBAVATR.YK442 3000 X JB59 220/50-60,YK442 DEBURRING M. L=3m X JB59 50-60Hz,SBAVATRICE YK442 L=3m PER JB59 - 220V/50-60Hz,
6402538876-01,SBAVATR.YK442 3000 X JB59 380/50,YK442 DEBURRING M. L=3m X JB59 380V/50Hz,SBAVATRICE YK442 L=3m PER JB59 - 380V/50Hz,
4934457513-01,SBAVATR.YK442 L4500 X JK462 220/50,"YK442 DEBURR.M. L=4,5m X JK462 220V/50Hz","SBAVATRICE YK442 L=4,5m PER JK462 - 220V/50HzTT640",
9474185168-01,SBAVATR.YK442 L4500 X JK462 220/60,"YK442 DEBURR.M. L=4,5m X JK462 220V/60Hz","SBAVATRICE YK442 L=4,5m PER JK462 - 220V/60HzTT640",
6482115745-01,SBAVATR.YK442 L4500 X JK462 380/50,"YK442 DEBURR.M. L=4,5m X JK462 380V/50Hz","SBAVATRICE YK442 L=4,5m PER JK462 - 380V/50HzTT640",
9734121971-01,SBAVATR.YK442 L4500 X JK462 415/50,"YK442 DEBURR.M. L=4,5m X JK462 415V/50Hz","SBAVATRICE YK442 L=4,5m PER JK462 - 415V/50HzTT640",
8648045454-01,SBAVATR.YK442 L.4500 X JB52 220/50,"YK442 DEBURR. M. L=4,5m X JB52 220V/50Hz","SBAVATRICE YK442 L=4,5m PER JB52 - 220V/50Hz",
5235112995-01,SBAVATR.YK442 L.4500 X JB52 220/60,"YK442 DEBURR. M. L=4,5m X JB52 220V/60Hz","SBAVATRICE YK442 L=4,5m PER JB52 - 220V/60Hz",
3937745760-01,SBAVATR.YK442 L.4500 X JB52 380/50,"YK442 DEBURR. M. L=4,5m X JB52 380V/50Hz","SBAVATRICE YK442 L=4,5m PER JB52 - 380V/50Hz",
1670271634-01,SBAVATR.YK442 L.4500 X JB52 415/50,"YK442 DEBURR. M. L=4,5m X JB52 415V/50Hz","SBAVATRICE YK442 L=4,5m PER JB52 - 415V/50Hz",
5303308214-01,SBAVATR.YK442 4500 X JB59 220/50-60,"YK442 DEBURRING M. L=4,5m X JB59 50-60Hz","SBAVATRICE YK442 L=4,5m PER JB59 - 220V/50-60Hz",
1757691116-01,SBAVATR.YK442 4500 X JB59 380/50,"YK442 DEBURR. M. L=4,5m X JB59 380V/50Hz","SBAVATRICE YK442 L=4,5m PER JB59 - 380V/50Hz",
1356301268-01,SOSTENITORE INT.MECC.YK442 X JB59,YK442 MECH. INTERMED. SUPPORTER FOR JB59,SOSTENITORE INTERMEDIO MECCANIZZATO YK442 PER JB59,
8490080843-01,SOSTENITORE INT.MECC.YK442 X JK462,YK442 MECH. INTERMED. SUPPORT. FOR JK462,SOSTENITORE INTERMEDIO MECCANIZZATO YK442 PER JK462,
4809096194-01,SOSTENITORE INT.MECC.YK442 X JB52,YK442 MECH. INTERMED. SUPPORTER FOR JB52,SOSTENITORE INTERMEDIO MECCANIZZATO YK442 PER JB52,
7879735401-01,VARIANTE MOVIM.TESTA MOBILE 220-380,MOBILE HEAD HANDLING VARIANT 50-60Hz,VARIANTE MOVIMENTAZIONE TESTA MOBILE - 220-380V/50-60Hz,
1659742939-01,VARIANTE MOVIM.TESTA MOBILE 240-415,MOBILE HEAD HANDL.VARIANT 240-415V/50Hz,VARIANTE MOVIMENTAZIONE TESTA MOBILE - 240-415V/50Hz,
1526233119-01,COMPL.CONCATENAMENTO CON JK462,JK462 CHAINING COMPLEMENT,COMPLEMENTO CONCATENAMENTO CON JK462,
0946534402-01,VAR.MOTORIZZ.SPAZZOLA A V.380/50,BRUSH MOTORIZATION VARIANT 380V/50Hz,VARIANTE MOTORIZZAZIONE SPAZZOLA - 380V/50Hz,
9892011797-01,MOVIMENTAZIONE MOT.TESTA MOBILE,MOBILE HEAD MOTORIZED HANDLING,MOVIMENTAZIONE MOTORIZZATA TESTA MOBILE,
5516134104-01,MOVIMENTAZIONE MANUALE TESTA MOBILE,MOBILE HEAD MANUAL HANDLING,MOVIMENTAZIONE MANUALE TESTA MOBILE,
7642395659-01,DOTAZIONE YK442,YK442 EQUIPMENT,DOTAZIONE YK442,
6555883628-01,RIPARI CE P.M. YK442 MACCHINA,CE STANDARDS GUARDS YK442 MECHANIC. PART,RIPARI NORME CE PARTE MECCANICA YK442,
7247136407-01,CONC.YK442-JB59 PORTINA NORME CE,DOOR CE STANDARDS CHAINING YK442-JB59,PORTINA NORME CE CONCATENAMENTO YK442-JB59,
8653910898-01,CONC.YK442-JK462 RIPARI NORME CE,CE STANDARDS GUARDS CHAINING YK442-JK462,RIPARI NORME CE CONCATENAMENTO YK442-JK462,
7306856579-01,YK442 QUADRO ELETTRICO BASE,YK442 BASIC ELECTRIC PANEL,QUADRO ELETTRICO BASE YK442,
2249257188-01,YK442 VARIANTE A VOLT 220/50,YK442 VARIANT 220V/50Hz,VARIANTE - 220V/50Hz YK442,
9868153713-01,YK442 VARIANTE A VOLT 220/60,YK442 VARIANT 220V/60Hz,VARIANTE - 220V/60Hz YK442,
6357414578-01,YK442 VARIANTE A VOLT 380/50,YK442 VARIANT 380V/50Hz,VARIANTE - 380V/50Hz YK442,
0269483285-01,YK442 VARIANTE A VOLT 415/50,YK442 VARIANT 415V/50Hz,VARIANTE - 415V/50Hz YK442,
7178064688-01,YK442 IMPIANTO FINECORSA,YK442 LIMIT SWITCH,FINECORSA YK442,
0482134965-01,YK442 COFANO IMPIANTO ELETTRICO,YK442 HOOD ELECTRIC SYSTEM,COFANO IMPIANTO ELETTRICO YK442,
1947851958-01,YK442 COMPL.EL.PER MOTORIZZAZIONE,YK442 ELECTRIC MOTORIZATION COMPLEMENT,COMPLEMENTO ELETTRICO MOTORIZZAZIONE YK442,
6770237100-01,COMPLEMENTO PER MACCHINA 4500,"COMPLEMENT FOR MACHINE L=4,5m","COMPLEMENTO PER MACCHINA L=4,5m",
3330636587-01,COMPL.MACCHINA AUTONOMA PER JB52,JB52 AUTONOMATIC MACHINE COMPLEMENT,COMPLEMENTO MACCHINA AUTONOMATICA PER JB52,
3542729188-01,COMPL.MACCHINA AUTONOMA PER JB59,JB59 AUTONOMATIC MACHINE COMPLEMENT,COMPLEMENTO MACCHINA AUTONOMATICA PER JB59,
1779851474-01,YK442+690 QUADRO ELETTRICO BASE,YK442/412 BASIC ELECTRIC PANEL,QUADRO ELETTRICO BASE YK442+690,
5112933314-01,YK442+690 VARIANTE BASE 220/50-60,YK442+690 BASIC VARIANT 220V/50-60Hz,VARIANTE BASE - 220V/50-60Hz YK442+690,
1097428591-01,YK442+690 VARIANTE BASE 380/50,YK442+690 BASIC VARIANT 380V/50Hz,VARIANTE BASE - 380V/50Hz YK442+690,
8601456654-01,YK442+690 VARIANTE BASE 415/50,YK442+690 BASIC VARIANT 415V/50Hz,VARIANTE BASE - 415V/50Hz YK442+690,
7952169900-01,YK442+690 COMPLEMENTO FINECORSA,YK442+690 LIMIT SWITCH COMPLEMENT,COMPLEMENTO FINECORSA YK442+690,
8851453773-01,YK442+690 COFANO IMPIANTO ELETTRICO,YK442+690 HOOD ELECTRIC SYSTEM,COFANO IMPIANTO ELETTRICO YK442+690,
5035604232-01,COMPL. ELETTR. CONC.JB52-YK442,JB52-YK442 CHAINING ELECTRIC COMPLEMENT,COMPLEMENTO ELETTRICO CONCATENAMENTO JB52-YK442,
7765749707-01,YK442 COMPL.ELETTR.CONC.JB59-YK442,JB59-YK442 CHAINING ELECTRIC COMPLEMENT,COMPLEMENTO ELETTRICO CONCATENAMENTO JB59-YK442,
5304318765-01,GRUPPO VERNICE YK442 1500,"PAINT YK442 L=1,5m","VERNICI L=1,5m YK442",
6404693052-01,GRUPPO VERNICE YK442 3000,PAINT YK442 L=3m,VERNICI L=3m YK442,
3140086149-01,GRUPPO VERNICE YK442 4500,"PAINT YK442 L=4,5m","VERNICI L=4,5m YK442",
3018055408-01,SEGATRICE GF829/M V.220/50,GF829/M SAWING MACHINE 220V/50Hz,SEGATRICE GF829/M - 220V/50Hz,
5494130029-01,SEGATRICE GF829/M V.220/60,GF829/M SAWING MACHINE 220V/60Hz,SEGATRICE GF829/M - 220V/60Hz,
8970740500-01,SEGATRICE GF829/M V.380/50,GF829/M SAWING MACHINE 380V/50Hz,SEGATRICE GF829/M - 380V/50Hz,
8547896739-01,SEGATRICE GF829/M V.415/50,GF829/M SAWING MACHINE 415V/50Hz,SEGATRICE GF829/M - 415V/50Hz,
4139940306-01,SEGATRICE GF829/A V.220/50,GF829/A SAWING MACHINE 220V/50Hz,SEGATRICE GF829/A - 220V/50Hz,
4519067978-01,SEGATRICE GF829/A V.220/60,GF829/A SAWING MACHINE 220V/60Hz,SEGATRICE GF829/A - 220V/60Hz,
6169300888-01,SEGATRICE GF829/A V.380/50,GF829/A SAWING MACHINE 380V/50Hz,SEGATRICE GF829/A - 380V/50Hz,
0155078193-01,SEGATRICE GF829/A V.415/50,GF829/A SAWING MACHINE 415V/50Hz,SEGATRICE GF829/A - 415V/50Hz,
7533477814-01,SEGATRICE GF829/MO V.220/50,GF829/MO SAWING MACHINE 220V/50Hz,SEGATRICE GF829/MO - 220V/50Hz,
6511370639-01,SEGATRICE GF829/MO V.220/60,GF829/MO SAWING MACHINE 220V/60Hz,SEGATRICE GF829/MO - 220V/60Hz,
6534413175-01,SEGATRICE GF829/MO V.380/50,GF829/MO SAWING MACHINE 380V/50Hz,SEGATRICE GF829/MO - 380V/50Hz,
5907895159-01,SEGATRICE GF829/MO V.415/50,GF829/MO SAWING MACHINE 415V/50Hz,SEGATRICE GF829/MO - 415V/50Hz,
5449096293-01,SEGATRICE GF829/TI V.220/50,GF829/TI SAWING MACHINE 220V/50Hz,SEGATRICE GF829/TI - 220V/50Hz,
2106888662-01,SEGATRICE GF829/TI V.220/60,GF829/TI SAWING MACHINE 220V/60Hz,SEGATRICE GF829/TI - 220V/60Hz,
3629068681-01,SEGATRICE GF829/TI V.380/50,GF829/TI SAWING MACHINE 380V/50Hz,SEGATRICE GF829/TI - 380V/50Hz,
6501137067-01,SEGATRICE GF829/TI V.415/50,GF829/TI SAWING MACHINE 415V/50Hz,SEGATRICE GF829/TI - 415V/50Hz,
8637984371-01,SEGATRICE SUNENA GF429 V.400/50,GF429 SAWING MACHINE 400V/50Hz,SEGATRICE GF429 - 400V/50Hz,
0377965884-01,SEGATRICE SUNENA GF429 HM V.400/50,GF429 HM SAWING MACHINE 400V/50Hz,SEGATRICE GF429 HM - 400V/50Hz,
9746806619-01,SEGATRICE GF429 CN V.400/50,GF429 CN SAWING MACHINE 400V/50Hz,SEGATRICE GF429 CN - 400V/50Hz,
3514079206-01,SEGATRICE GF423 V. 400/50,GF423 SAWING MACHINE 400V/50Hz,SEGATRICE GF423 - 400V/50Hz,
341489666--01,SEGATRICE IDRAULICA JB 59 V,JB59-V HYDRAULIC SAWING MACHINE,SEGATRICE IDRAULICA JB59-V,
6151608934-01,SEGATRICE JB59-V L.1500 V.220/50,"JB59/V SAWING MACHINE L=1,5m 220V/50Hz","SEGATRICE JB59-V L=1,5m - 220V/50Hz",
6136985485-01,SEGATRICE JB59-V L.1500 V.220/60,"JB59/V SAWING MACHINE L=1,5m 220V/60Hz","SEGATRICE JB59-V L=1,5m - 220V/60Hz",
0511702846-01,SEGATRICE JB59-V L.1500 V.400/50,"JB59/V SAWING MACHINE L=1,5m 400V/50Hz","SEGATRICE JB59-V L=1,5m - 400V/50Hz",
5846384581-01,ANNULLATO JB59-V L.1500 V.415/50,"JB59/V SAWING MACHINE L=1,5m 415V/50Hz",,
180500374--01,SEGATRICE IDRAULICA 3000 MM,HYDRAULIC SAWING MACHINE L=3m,SEGATRICE IDRAULICA L=3m,
6234912470-01,SEGATRICE JB59-V L.3000 V.220/50,JB59/V SAWING MACHINE L=3m 220V/50Hz,SEGATRICE JB59-V L=3m - 220V/50Hz,
5855340862-01,SEGATRICE JB59-V L.3000 V.220/60,JB59/V SAWING MACHINE L=3m 220V/60Hz,SEGATRICE JB59-V L=3m - 220V/60Hz,
2687696182-01,SEGATRICE JB59-V L.3000 V.400/50,JB59/V SAWING MACHINE L=3m 400V/50Hz,SEGATRICE JB59-V L=3m - 400V/50Hz,
1880246483-01,ANNULLATO JB59-V L.3000 V.415/50,JB59/V SAWING MACHINE L=3m 4150V/50Hz,,
792325423--01,SEGATRICE IDRAULICA 4500 MM,"HYDRAULIC SAWING MACHINE L=4,5m","SEGATRICE IDRAULICA L=4,5m",
3793763211-01,SEGATRICE JB59-V L.4500 V.220/50,"JB59/V SAWING MACHINE L=4,5m 220V/50Hz","SEGATRICE JB59-V L=4,5m - 220V/50Hz",
5352500361-01,SEGATRICE JB59-V L.4500 V.220/60,"JB59/V SAWING MACHINE L=4,5m 220V/60Hz","SEGATRICE JB59-V L=4,5m - 220V/60Hz",
2228879350-01,SEGATRICE JB59-V L.4500 V.400/50,"JB59/V SAWING MACHINE L=4,5m 400V/50Hz","SEGATRICE JB59-V L=4,5m - 400V/50Hz",
4644338497-01,ANNULLATO JB59-V L.4500 V.415/50,"JB59/V SAWING MACHINE L=4,5m 415V/50Hz",,
794037898--01,SEGATRICE IDRAULICA JB 59,JB59 HYDRAULIC SAWING MACHINE,SEGATRICE IDRAULICA JB59,
1253122647-01,SEGATRICE JB59-P L.1500 V.220/50,"JB59/P SAWING MACHINE L=1,5m 220V/50Hz","SEGATRICE JB59-P L=1,5m - 220V/50Hz",
9868878640-01,SEGATRICE JB59-P L.1500 V.220/60,"JB59/P SAWING MACHINE L=1,5m 220V/60Hz","SEGATRICE JB59-P L=1,5m - 220V/60Hz",
1253537717-01,SEGATRICE JB59-P L.1500 V.400/50,"JB59/P SAWING MACHINE L=1,5m 400V/50Hz","SEGATRICE JB59-P L=1,5m - 400V/50Hz",
6974297881-01,ANNULLATO JB59-P L.1500 V.415/50,"JB59/P SAWING MACHINE L=1,5m 415V/50Hz",,
644275428--01,SEGATRICE JB 59 P,JB59/P SAWING MACHINE,SEGATRICE JB59-P,
7743362989-01,SEGATRICE JB59-P L.3000 V.220/50,JB59/P SAWING MACHINE L=3m 220V/50Hz,SEGATRICE JB59-P L=3m - 220V/50Hz,
8313601352-01,SEGATRICE JB59-P L.3000 V.220/60,JB59/P SAWING MACHINE L=3m 220V/60Hz,SEGATRICE JB59-P L=3m - 220V/60Hz,
7957167253-01,SEGATRICE JB59-P L.3000 V.400/50,JB59/P SAWING MACHINE L=3m 400V/50Hz,SEGATRICE JB59-P L=3m - 400V/50Hz,
2285741784-01,ANNULLATO JB59-P L.3000 V.415/50,JB59/P SAWING MACHINE L=3m 415V/50Hz,,
2221307191-01,SEGATRICE JB59-P L.4500 V.220/50,"JB59/P SAWING MACHINE L=4,5m 220V/50Hz","SEGATRICE JB59-P L=4,5m - 220V/50Hz",
2546993136-01,SEGATRICE JB59-P L.4500 V.220/60,"JB59/P SAWING MACHINE L=4,5m 220V/60Hz","SEGATRICE JB59-P L=4,5m - 220V/60Hz",
7170700384-01,SEGATRICE JB59-P L.4500 V.400/50,"JB59/P SAWING MACHINE L=4,5m 400V/50Hz","SEGATRICE JB59-P L=4,5m - 400V/50Hz",
3145207896-01,ANNULLATO JB59-P L.4500 V.415/50,"JB59/P SAWING MACHINE L=4,5m 415V/50Hz",,
7632335835-01,SEGATRICE JB59-B L.1500 V.220/50,"JB59/B SAWING MACHINE L=1,5m 220V/50Hz","SEGATRICE JB59-B L=1,5m - 220V/50Hz",
0660305626-01,SEGATRICE JB59-B L.1500 V.220/60,"JB59/B SAWING MACHINE L=1,5m 220V/60Hz","SEGATRICE JB59-B L=1,5m - 220V/60Hz",
4906989535-01,SEGATRICE JB59-B L.1500 V.400/50,"JB59/B SAWING MACHINE L=1,5m 400V/50Hz","SEGATRICE JB59-B L=1,5m - 400V/50Hz",
4951411682-01,ANNULLATO JB59-B L.1500 V.415/50,"JB59/B SAWING MACHINE L=1,5m 415V/50Hz",,
4382285800-01,SEGATRICE JB59-B L.3000 V.220/50,JB59/B SAWING MACHINE L=3m 220V/50Hz,SEGATRICE JB59-B L=3m - 220V/50Hz,
1928759407-01,SEGATRICE JB59-B L.3000 V.220/60,JB59/B SAWING MACHINE L=3m 220V/60Hz,SEGATRICE JB59-B L=3m - 220V/60Hz,
1295152464-01,SEGATRICE JB59-B L.3000 V.400/50,JB59/B SAWING MACHINE L=3m 400V/50Hz,SEGATRICE JB59-B L=3m - 400V/50Hz,
1072790428-01,ANNULLATO JB59-B L.3000 V.415/50,JB59/B SAWING MACHINE L=3m 415V/50Hz,,
9347220546-01,SEGATRICE JB59-B L.4500 V.220/50,"JB59/B SAWING MACHINE L=4,5m 220V/50Hz","SEGATRICE JB59-B L=4,5m - 220V/50Hz",
0316109899-01,SEGATRICE JB59-B L.4500 V.220/60,"JB59/B SAWING MACHINE L=4,5m 220V/60Hz","SEGATRICE JB59-B L=4,5m - 220V/60Hz",
3475049542-01,SEGATRICE JB59-B L.4500 V.400/50,"JB59/B SAWING MACHINE L=4,5m 400V/50Hz","SEGATRICE JB59-B L=4,5m - 400V/50Hz",
5804019962-01,ANNULLATO JB59-B L.4500 V.415/50,"JB59/B SAWING MACHINE L=4,5m 415V/50Hz",,
3976100159-01,SEGATRICE AUTOMATICA JB53 BASE,JB53 BASIC AUTOMATIC SAWING MACHINE,SEGATRICE AUTOMATICA JB53 BASE,
5960771990-01,SCARICO L=3000 SUNENA JK402,JK402 UNLOADER L=3m,SCARICO L=3m JK402,
7054267210-01,CILINDRO SOSTENITORE SCARICO JK402,JK402 UNLOADER SUPPORTER CYLINDER,CILINDRO SOSTENITORE SCARICO JK402,
8036831107-01,GRUPPO ALIMENTAZIONE SUNENA JK402,JK402 POWER SUPPLY,ALIMENTAZIONE JK402,
8752068481-01,CILINDRO ALZATA,LIFT CYLINDER,CILINDRO ALZATA,
7992380366-01,GRUPPO MISURATORE SUNENA JK402,JK402 MEASURER,MISURATORE JK402,
4082105645-01,GRUPPO PRESSORE SUNENA JK402,JK402 PRESSER,PRESSORE JK402,
7269886648-01,PRESSORE PER TUBI OVALI SUNENA JK402,JK402 OVAL TUBES PRESSER,PRESSORE PER TUBI OVALI JK402,
2493593813-01,CILINDRO ALLINEATORE VERTICALE,VERTICAL ALIGNER CYLINDER,CILINDRO ALLINEATORE VERTICALE,
8417922272-01,GRUPPO RISCONTRI,LOCATORS,RISCONTRI,
9576033020-01,EVACUATORE SCARTI L=3000,CHIP EXTRACTOR L=3m,EVACUATORE TRUCIOLI L=3m,
5886973808-01,RIPARI VERSIONE L=3000 JK402,JK402 MACHINE GUARDS L=3m,RIPARI L=3m JK402,
7787332204-01,JB59 PARTICOLARI COFANO EL. BASE,JB59 BASIC ELECTRIC HOOD DETAILS,PARTICOLARI COFANO ELETTRICO BASE JB59,
0664581250-01,JB59 PARTIC. COFANO RISC.1 POS.,JB59 HOOD DETAILS LOCATOR 1° POSITION,PARTICOLARI COFANO RISCONTRO 1 POSIZIONE JB59,
3616459816-01,JB59 PARTIC. COFANO RIS.2 POSIZ.,JB59 HOOD DETAILS LOCATOR 2° POSITION,PARTICOLARI COFANO RISCONTRO 2 POSIZIONE JB59,
7671657653-01,JB59 QUADRO ELETTRICO BASE,JB59 BASIC ELECTRIC PANEL,QUADRO ELETTRICO BASE JB59,
0610325615-01,JB59 VARIANTE Q.E.B. 380/50,JB59 BASIC EL. PANEL VARIANT 380V/50Hz,VARIANTE QUADRO ELETTRICO BASE - 380V/50Hz JB59,
7089250690-01,JB59 IMPIANTO FINECORSA BASE,JB59 BASIC LIMIT SWITCH SYSTEM,IMPIANTO FINECORSA BASE JB59,
5533677946-01,JB59 PULSANTIERA BASE,JB59 BASIC CONTROL PANNEL,PULSANTIERA BASE JB59,
7681098607-01,JB59 SECONDO RISCONTRO BASE,JB59 BASIC 2° LOCATOR,2° RISCONTRO BASE JB59,
1835372204-01,JB59 RISCONTRO A POSIZIONATO,"""A"" LOCATOR TO POSITIONED JB59",RISCONTRO A POSIZIONATO JB59,
5205087918-01,JB59 RISCONTRO B POSIZIONATO,"""B"" LOCATOR TO POSITIONED JB59",RISCONTRO B POSIZIONATO JB59,
3048637289-01,JB59 VAR.380/50 POSIZ.RISCONTRI,JB59 LOCATORS POSITIONING 380V/50Hz,POSIZIONAMENTO RISCONTRI - 380V/50Hz JB59,
8500379855-01,JB59 COMPLEMENTO TESTA INVERTER,JB59 INVERTER HEADCOMPLEMENT,COMPLEMENTO TESTA INVERTER JB59,
6443875488-01,JB59 COMPLEMENTO TESTA 2 VELOCITA',JB59 2 SPEED HEAD COMPLEMENT,COMPLEMENTO TESTA 2 VELOCITÀ JB59,
1665200880-01,JK402 SALVALAMA TESTA INVERTER,JK402 INVERTER HEAD BLADE PROTECTOR,SALVALAMA TESTA INVERTER JK402,
7052274073-01,JB59 COMPL.QUADRO CARICATORE,JB59 ELECTRIC PANEL COMPLEMENT,COMPLEMENTO QUADRO ELETTRICO JB59,
1212477972-01,JB59 VAR. 380/50 CARICATORE FASCIO,JB59 BUNDLE LOADER VARIANT 380V/50Hz,"VARIANTE CARICATORE ""F"" - 380V/50Hz JB59",
3020969397-01,JB59 COMPL.FINECORSA CARICATORE,JB59 LOADER LIMIT SWITCH COMPLEMENT,COMPLEMENTO FINECORSA CARICATORE JB59,
0654769072-01,JB59 MOTORI BASE 380/50,JB59 BASIC MOTOR 380V/50Hz,MOTORI BASE - 380V/50Hz JB59,
2789797063-01,JB59 MOTORI CARICATORE 380/50,JB59 LOADER MOTOR-380V/50Hz,MOTORE CARICATORE -380V/50Hz JB59,
0598681849-01,JB59 MOTORE TESTA INVERTER,JB59 INVERTER HEAD MOTOR,MOTORE TESTA INVERTER JB59,
7584469451-01,SISTEMA SUNENA BQ412 PER YK442,BQ412 SYSTEM FOR YK442,SISTEMA BQ412 PER YK442,
5664317063-01,SIST.SUNENA 690 L1500 X YK442 220/50,"SYSTFG 412 L=1,5m FOR YK442 220V/50Hz","SISTEMA SUNENA 690 L=1,5m PER YK442 - 220V/50Hz",
1819592526-01,SIST.SUNENA 690 L1500 X YK442 220/60,"SYSTFG 412 L=1,5m FOR YK442 220V/60Hz","SISTEMA SUNENA 690 L=1,5m PER YK442 - 220V/60Hz",
1132631162-01,SIST.SUNENA 690 L1500 X YK442 380/50,"SYSTFG 412 L=1,5m FOR YK442 380V/50Hz","SISTEMA SUNENA 690 L=1,5m PER YK442 - 380V/50Hz",
2609821719-01,SIST.SUNENA 690 L1500 X YK442 415/50,"SYSTFG 412 L=1,5m FOR YK442 415V/50Hz","SISTEMA SUNENA 690 L=1,5m PER YK442 - 415V/50Hz",
0463947192-01,SIST.SUNENA 690 L3000 X YK442 220/50,SYSTFG 412 L=3m FOR YK442 220V/50Hz,SISTEMA SUNENA 690 L=3m PER YK442 - 220V/50Hz,
8432456883-01,SIST.SUNENA 690 L3000 X YK442 220/60,SYSTFG 412 L=3m FOR YK442 220V/60Hz,SISTEMA SUNENA 690 L=3m PER YK442 - 220V/60Hz,
2019469045-01,SIST.SUNENA 690 L3000 X YK442 380/50,SYSTFG 412 L=3m FOR YK442 380V/50Hz,SISTEMA SUNENA 690 L=3m PER YK442 - 380V/50Hz,
0517371367-01,SIST.SUNENA 690 L3000 X YK442 415/50,SYSTFG 412 L=3m FOR YK442 415V/50Hz,SISTEMA SUNENA 690 L=3m PER YK442 - 415V/50Hz,
5438043310-01,SIST.SUNENA 690 L4500 X YK442 220/50,"SYSTFG 412 L=4,5m FOR YK442 220V/50Hz","SISTEMA SUNENA 690 L=4,5m PER YK442 - 220V/50Hz",
6813924905-01,SIST.SUNENA 690 L4500 X YK442 220/60,"SYSTFG 412 L=4,5m FOR YK442 220V/60Hz","SISTEMA SUNENA 690 L=4,5m PER YK442 - 220V/60Hz",
2203209737-01,SIST.SUNENA 690 L4500 X YK442 380/50,"SYSTFG 412 L=4,5m FOR YK442 380V/50Hz","SISTEMA SUNENA 690 L=4,5m PER YK442 - 380V/50Hz",
7303009860-01,SIST.SUNENA 690 L4500 X YK442 415/50,"SYSTFG 412 L=4,5m FOR YK442 415V/50Hz","SISTEMA SUNENA 690 L=4,5m PER YK442 - 415V/50Hz",
2710630106-01,SIST.SUNENA 691 L1500 AUTON.220/50,"SYSTFG 419 AUTONOMA L=1,5m 220V/50Hz","SISTEMA SUNENA 691 L=1,5m AUTONOMA - 220V/50Hz",
5213267368-01,SIST.SUNENA 691 L1500 AUTON.220/60,"SYSTFG 419 AUTONOMA L=1,5m 220V/60Hz","SISTEMA SUNENA 691 L=1,5m AUTONOMA - 220V/60Hz",
1991327638-01,SIST.SUNENA 691 L1500 AUTON.380/50,"SYSTFG 419 AUTONOMA L=1,5m 380V/50Hz","SISTEMA SUNENA 691 L=1,5m AUTONOMA - 380V/50Hz",
1868364125-01,SIST.SUNENA 691 L1500 AUTON.415/50,"SYSTFG 419 AUTONOMA L=1,5m 415V/50Hz","SISTEMA SUNENA 691 L=1,5m AUTONOMA - 415V/50Hz",
9233284398-01,SIST.SUNENA 691 L3000 AUTON.220/50,SYSTFG 419 AUTONOMA L=3m 200V/50Hz,SISTEMA SUNENA 691 L=3m AUTONOMA - 200V/50Hz,
1017735508-01,SIST.SUNENA 691 L3000 AUTON.220/60,SYSTFG 419 AUTONOMA L=3m 220V/60Hz,SISTEMA SUNENA 691 L=3m AUTONOMA - 220V/60Hz,
1992410778-01,SIST.SUNENA 691 L3000 AUTON.380/50,SYSTFG 419 AUTONOMA L=3m 380V/50Hz,SISTEMA SUNENA 691 L=3m AUTONOMA - 380V/50Hz,
0615710257-01,SIST.SUNENA 691 L3000 AUTON.415/50,SYSTFG 419 AUTONOMA L=3m 415V/50Hz,SISTEMA SUNENA 691 L=3m AUTONOMA - 415V/50Hz,
0132348838-01,SIST.SUNENA 691 L4500 AUTON.220/50,"SYSTFG 419 AUTONOMA L=4,5m 220V/50Hz","SISTEMA SUNENA 691 L=4,5m AUTONOMA - 220V/50Hz",
6470723717-01,SIST.SUNENA 691 L4500 AUTON.220/60,"SYSTFG 419 AUTONOMA L=4,5m 220V/60Hz","SISTEMA SUNENA 691 L=4,5m AUTONOMA - 220V/60Hz",
5755721539-01,SIST.SUNENA 691 L4500 AUTON.380/50,"SYSTFG 419 AUTONOMA L=4,5m 380V/50Hz","SISTEMA SUNENA 691 L=4,5m AUTONOMA - 380V/50Hz",
3650823731-01,SIST.SUNENA 691 L4500 AUTON.415/50,"SYSTFG 419 AUTONOMA L=4,5m 415V/50Hz","SISTEMA SUNENA 691 L=4,5m AUTONOMA - 415V/50Hz",
8036911402-01,SISTEMA TAGLIO-ASPORTAZ.GF823 PROT.,GF823 CUT-REMOVAL SYSTEM PROTOTYPE,SISTEMA TAGLIO-ASPORTAZIONE GF823 PROTOTIPO,
6011127748-01,SISTEMA TAGLIO-ASPORT.GF823 400/50,GF823 CUT-REMOVAL SYSTFG 622V/50Hz,SISTEMA TAGLIO-ASPORTAZIONE GF823 - 400V/50Hz,
1805894337-01,SISTEMA TGL-ASP.PROFIB.GF823 L=600,GF823 CUT-REMOVAL SYSTEM PROFIBUS L=600,SISTEMA TAGLIO-ASPORTAZIONE GF823 PROFIBUS,
8845010418-01,SISTEMA TGL-ASP. PROFIBUS FZ252,FZ252 CUT-REMOVAL SYSTEM PROFIBUS,SISTEMA TAGLIO-ASPORTAZIONE FZ252 PROFIBUS,
1538543025-01,SISTEMA TGL-ASP. PROFIBUS GF893,GF893 CUT-REMOVAL SYSTEM PROFIBUS,SISTEMA TAGLIO-ASPORTAZIONE GF893 PROFIBUS,
026242017--01,RACCOGLITORE BQ 592,BQ592 COLLECTOR,RACCOGLITORE BQ592,
7732854681-01,RACC. ANT. JK462-532 L=1500 220/50,"BQ592 FRONT X JK462-532 L=1,5m 220V/50Hz","BQ592 ANTERIORE PER JK462-532 L=1,5m - 220V/50Hz",
2741597627-01,RACC. ANT. QG532 L=1500 400/50,"BQ592 FRONT X JK462-532 L=1,5m 400V/50Hz","BQ592 ANTERIORE PER JK462-532 L=1,5m - 400V/50Hz",
374224668--01,RACCOGLITORE BQ 592 3000 MM,BQ592 COLLECTOR L=3m,RACCOGLITORE BQ592 L=3m,
0632059812-01,RACC. ANT. JK462-532 L=3000 220/50,BQ592 FRONT X JK462-532 L=3m 220V/50Hz,BQ592 ANTERIORE PER JK462-532 L=3m - 220V/50Hz,
9810016960-01,RACC. ANT. QG532 L=3000 400/50,BQ592 FRONT X JK462-532 L=3m 400V/50Hz,BQ592 ANTERIORE PER JK462-532 L=3m - 400V/50Hz,
939380608--01,RACCOGLITORE BQ 592 4500 MM,"BQ592 COLLECTOR L=4,5m","RACCOGLITORE BQ592 L=4,5m",
9814811608-01,RACC. ANT. JK462-532 L=4500 220/50,"BQ592 FRONT X JK462-532 L=4,5m 220V/50Hz","BQ592 ANTERIORE PER JK462-532 L=4,5m - 220V/50Hz",
3964248894-01,RACC. ANT. QG532 L=4500 400/50,"BQ592 FRONT X JK462-532 L=4,5m 400V/50Hz","BQ592 ANTERIORE PER JK462-532 L=4,5m - 400V/50Hz",
9009392831-01,RACC. POST. JK462-469 L=1500 220/50,"BQ592 REAR X JK462-469 L=1,5m 220V/50Hz","BQ592 POSTERIORE PER JK462-469 L=1,5m - 220V/50Hz",
9450874347-01,RACC. ANT. JK462 L=1500 400/50,"BQ592 FRONT X JK462-469 L=1,5m 400V/50Hz","BQ592 ANTERIORE PER JK462-469 L=1,5m - 400V/50Hz",
7128604887-01,RACC. POST. JK462-469 L=3000 220/50,BQ592 REAR FOR JK462-469 L=3m 220V/50Hz,BQ592 POSTERIORE PER JK462-469 L=3m - 220V/50Hz,
1058552715-01,RACC. ANT. JK462 L=3000 400/50,BQ592 FRONT X JK462-469 L=3m 400V/50Hz,BQ592 ANTERIORE PER JK462-469 L=3m - 400V/50Hz,
4819655747-01,RACC. POST. JK462-469 L=4500 220/50,"BQ592 REAR X JK462-469 L=4,5m 220V/50Hz","BQ592 POSTERIORE PER JK462-469 L=4,5m - 220V/50Hz",
2808986704-01,RACC. ANT. JK462 L=4500 400/50,"BQ592 FRONT X JK462-469 L=4,5m 400V/50Hz","BQ592 ANTERIORE PER JK462-469 L=4,5m - 400V/50Hz",
5794755701-01,RACC. ANT. QG532 L=6090 400/50,"QG532 FRONT COLLECTOR L=6,09m 400V/50Hz","RACCOGLITORE ANTERIORE L=6,09m - 400V/50Hz QG532",
2634666022-01,RACC. ANT. JB59 L=1500 220/50,"BQ592 FRONT X JB59 L=1,5m 220V/50Hz","BQ592 ANTERIORE PER JB59 L=1,5m - 220V/50Hz",
0345074581-01,RACC. ANT. JB59 L=1500 400/50,"BQ592 FRONT X JB59 L=1,5m 400V/50Hz","BQ592 ANTERIORE PER JB59 L=1,5m - 400V/50Hz",
1253328411-01,RACC. ANT. JB59 L=3000 220/50,BQ592 FRONT X JB59 L=3m 220V/50Hz,BQ592 ANTERIORE PER JB59 L=3m - 220V/50Hz,
5629399216-01,RACC. ANT. JB59 L=3000 400/50,BQ592 FRONT X JB59 L=3m 400V/50Hz,BQ592 ANTERIORE PER JB59 L=3m - 400V/50Hz,
4508111927-01,RACC. ANT. JB59 L=4500 220/50,"BQ592 FRONT X JB59 L=4,5m 220V/50Hz","BQ592 ANTERIORE PER JB59 L=4,5m - 220V/50Hz",
9116448999-01,RACC. ANT. JB59 L=4500 400/50,"BQ592 FRONT X JB59 L=4,5m 400V/50Hz","BQ592 ANTERIORE PER JB59 L=4,5m - 400V/50Hz",
512832479--01,BQ 592 PER JB 59,BQ592 COLLECTOR FOR JB59,RACCOGLITORE BQ592 PER JB59,
1831019565-01,RACC. POST. JB59 L=1500 220/50,"BQ592 REAR FOR JB59 L=1,5m 220V/50Hz","BQ592 POSTERIORE PER JB59 L=1,5m - 220V/50Hz",
9218972354-01,RACC. POST. JB59 L=1500 400/50,"BQ592 REAR FOR JB59 L=1,5m 400V/50Hz","BQ592 POSTERIORE PER JB59 L=1,5m - 400V/50Hz",
4600071542-01,RACC. POST. JB59 L=3000 220/50,BQ592 REAR FOR JB59 L=3m 220V/50Hz,BQ592 POSTERIORE PER JB59 L=3m - 220V/50Hz,
4518993529-01,RACC. POST. JB59 L=3000 400/50,BQ592 REAR FOR JB59 L=3m 400V/50Hz,BQ592 POSTERIORE PER JB59 L=3m - 400V/50Hz,
5236987712-01,RACC. POST. JB59 L=4500 220/50,"BQ592 REAR FOR JB59 L=4,5m 220V/50Hz","BQ592 POSTERIORE PER JB59 L=4,5m - 220V/50Hz",
6196813853-01,RACC. POST. JB59 L=4500 400/50,"BQ592 REAR FOR JB59 L=4,5m 400V/50Hz","BQ592 POSTERIORE PER JB59 L=4,5m - 400V/50Hz",
974475436--01,RACCOGLITORE BQ 592 1500 MM,"BQ592 COLLECTOR L=1,5m","RACCOGLITORE BQ592 L=1,5m",
1341104186-01,RACCOGLITORE YK442 L=1500 220/50,"BQ592 FOR YK442 L=1,5m 220V/50Hz","BQ592 PER YK442 L=1,5m - 220V/50Hz",
3771768458-01,RACCOGLITORE YK442 L=1500 400/50,"BQ592 FOR YK442 L=1,5m 400V/50Hz","BQ592 PER YK442 L=1,5m - 400V/50Hz",
9946995483-01,RACCOGLITORE YK442 L=3000 220/50,BQ592 FOR YK442 L=3m 220V/50Hz,BQ592 PER YK442 L=3m - 220V/50Hz,
1845673889-01,RACCOGLITORE YK442 L=3000 400/50,BQ592 FOR YK442 L=3m 400V/50Hz,BQ592 PER YK442 L=3m - 400V/50Hz,
1256885740-01,RACCOGLITORE YK442 L=4500 220/50,"BQ592 FOR YK442 L=4,5m 220V/50Hz","BQ592 PER YK442 L=4,5m - 220V/50Hz",
6485622004-01,RACCOGLITORE YK442 L=4500 400/50,"BQ592 FOR YK442 L=4,5m 400V/50Hz","BQ592 PER YK442 L=4,5m - 400V/50Hz",
7731282919-01,RACCOGLITORE WM L=1500 220/50,"BQ592 FOR WM L=1,5m 220V/50Hz","BQ592 PER WM L=1,5m - 220V/50Hz",
2209311646-01,RACCOGLITORE WM L=1500 400/50,"BQ592 FOR WM L=1,5m 400V/50Hz","BQ592 PER WM L=1,5m - 400V/50Hz",
178235190--01,BQ 592 PER FK 492,BQ592 FOR FK492,BQ592 PER FK492,
5511781883-01,RACCOGLITORE WM L=3000 220/50,BQ592 FOR WM L=3m 220V/50Hz,BQ592 PER WM L=3m - 220V/50Hz,
8472650151-01,RACCOGLITORE WM L=3000 400/50,BQ592 FOR WM L=3m 400V/50Hz,BQ592 PER WM L=3m - 400V/50Hz,
8583953877-01,RACCOGL. FK 7222 CON ASCIUG. 400/50,BQ592 W DRYING M. X FK492 L=3m 400V/50Hz,BQ592 PER WM L=3m CON ASCIUGATRICE - 400V/50Hz,
3703493053-01,RACC. FK499 3000 CON ASCIUG. 400/50,BQ592 W DRYING M. X FK499 L=3m 400V/50Hz,BQ592 PER FK499 L=3m CON ASCIUGATRICE - 400V/50Hz,
689184195--01,BQ599 ANT. QG532 L=1500,"BQ599 FRONT FOR QG532 L=1,5m","BQ599 ANTERIORE PER QG532 L=1,5m",
6195525872-01,BQ599 ANT. QG532 L=1500 400/50,"BQ599 FRONT FOR QG532 L=1,5m 400V/50Hz","BQ599 ANTERIORE PER QG532 L=1,5m - 400V/50Hz",
393953664--01,BQ599 ANT. QG532 L=3000,BQ599 FRONT FOR QG532 L=3m,BQ599 ANTERIORE PER QG532 L=3m,
8433622362-01,BQ599 ANT. QG532 L=3000 400/50,BQ599 FRONT FOR QG532 L=3m 400V/50Hz,BQ599 ANTERIORE PER QG532 L=3m - 400V/50Hz,
466742929--01,BQ599 ANT. QG532 L=4500,"BQ599 FRONT FOR QG532 L=4,5m","BQ599 ANTERIORE PER QG532 L=4,5m",
2410302914-01,BQ599 ANT. QG532 L=4500 400/50,"BQ599 FRONT FOR QG532 L=4,5m 400V/50Hz","BQ599 ANTERIORE PER QG532 L=4,5m - 400V/50Hz",
185568324--01,BQ599 ANT. JK462 L=1500,"BQ599 FRONT FOR JK462 L=1,5m","BQ599 ANTERIORE PER JK462 L=1,5m",
6697821309-01,BQ599 ANT. JK462 L=1500 400/50,"BQ599 FRONT FOR JK462 L=1,5m 400V/50Hz","BQ599 ANTERIORE PER JK462 L=1,5m - 400V/50Hz",
760505640--01,BQ599 ANT. JK462 L=3000,BQ599 FRONT FOR JK462 L=3m,BQ599 ANTERIORE PER JK462 L=3m,
3948025261-01,BQ599 ANT. JK462 L=3000 400/50,BQ599 FRONT FOR JK462 L=3m 400V/50Hz,BQ599 ANTERIORE PER JK462 L=3m - 400V/50Hz,
265148248--01,BQ599 ANT. JK462 L=4500,"BQ599 FRONT FOR JK462 L=4,5m","BQ599 ANTERIORE PER JK462 L=4,5m",
9081847556-01,BQ599 ANT. JK462 L=4500 400/50,"BQ599 FRONT FOR JK462 L=4,5m 440V/50Hz","BQ599 ANTERIORE PER JK462 L=4,5m - 440V/50Hz",
958531545--01,BQ599 ANT. QG532 L=6090,"BQ599 FRONT FOR QG532 L=6,09m","BQ599 ANTERIORE PER QG532 L=6,09m",
1319693101-01,BQ599 ANT. QG532 L=6090 400/50,"BQ599 FRONT FOR QG532 L=6,09m 400V/50Hz","BQ599 ANTERIORE PER QG532 L=6,09m - 400V/50Hz",
787013939--01,BQ599 ANT. JB53 L=1500,"BQ599 FRONT FOR JB53 L=1,5m","BQ599 ANTERIORE PER JB53 L=1,5m",
3532194028-01,BQ599 ANT. JB53 L=1500 400/50,"BQ599 FRONT FOR JB53 L=1,5m 400V/50Hz","BQ599 ANTERIORE PER JB53 L=1,5m - 400V/50Hz",
123462919--01,BQ599 ANT. JB53 L=3000,BQ599 FRONT FOR JB53 L=3m,BQ599 ANTERIORE PER JB53 L=3m,
9407881621-01,BQ599 ANT. JB53 L=3000 400/50,BQ599 FRONT FOR JB53 L=3m 400V/50Hz,BQ599 ANTERIORE PER JB53 L=3m - 400V/50Hz,
978736714--01,BQ599 ANT. JB53 L=4500,"BQ599 FRONT FOR JB53 L=4,5m","BQ599 ANTERIORE PER JB53 L=4,5m",
2109294455-01,BQ599 ANT. JB53 L=4500 400/50,"BQ599 FRONT FOR JB53 L=4,5m 400V/50Hz","BQ599 ANTERIORE PER JB53 L=4,5m - 400V/50Hz",
372393982--01,BQ599 POST. JB53 L=1500,"BQ599 REAR FOR JB53 L=1,5m","BQ599 POSTERIORE PER JB53 L=1,5m",
1642860516-01,BQ599 POST. JB53 L=1500 400/50,"BQ599 REAR FOR JB53 L=1,5m 400V/50Hz","BQ599 POSTERIORE PER JB53 L=1,5m - 400V/50Hz",
615018897--01,BQ599 POST. JB53 L=3000,BQ599 REAR FOR JB53 L=3m,BQ599 POSTERIORE PER JB53 L=3m,
3338773526-01,BQ599 POST. JB53 L=3000 400/50,BQ599 REAR FOR JB53 L=3m 400V/50Hz,BQ599 POSTERIORE PER JB53 L=3m - 400V/50Hz,
009415450--01,BQ599 POST. JB53 L=4500,"BQ599 REAR FOR JB53 L=4,5m","BQ599 POSTERIORE PER JB53 L=4,5m",
4418612238-01,BQ599 POST. JB53 L=4500 400/50,"BQ599 REAR FOR JB53 L=4,5m 400V/50Hz","BQ599 POSTERIORE PER JB53 L=4,5m - 400V/50Hz",
893695312--01,BQ599 PER YK449 L=1500,"BQ599 FOR YK449 L=1,5m","BQ599 PER YK449 L=1,5m",
6438222688-01,BQ599 PER YK449 L=1500 400/50,"BQ599 FOR YK449 L=1,5m 400V/50Hz","BQ599 PER YK449 L=1,5m - 400V/50Hz",
509029529--01,BQ599 PER YK449 L=3000,BQ599 FOR YK449 L=3m,BQ599 PER YK449 L=3m,
6444189286-01,BQ599 PER YK449 L=3000 400/50,BQ599 FOR YK449 L=3m 400V/50Hz,BQ599 PER YK449 L=3m - 400V/50Hz,
008884921--01,BQ599 PER YK449 L=4500,"BQ599 FOR YK449 L=4,5m","BQ599 PER YK449 L=4,5m",
0766944766-01,BQ599 PER YK449 L=4500 400/50,"BQ599 FOR YK449 L=4,5m 400V/50Hz","BQ599 PER YK449 L=4,5m - 400V/50Hz",
5812883570-01,BQ599 - YK442 L=1500 400/50,"BQ599 FOR YK442 L=1,5m 400V/50Hz","BQ599 PER YK442 L=1,5m - 400V/50Hz",
5812883570-03,BQ599 - ST L=1500 400/50,"BQ599 FOR ST L=1,5m 400V/50Hz",,
040854423--01,BQ599 - YK442 L=3000 400/50,BQ599 FOR YK442 L=3m 400V/50Hz,BQ599 PER YK442 L=3m - 400V/50Hz,
8582834424-03,BQ599 - ST L=3000 400/50,BQ599 FOR ST L=3m 400V/50Hz,,
861823486--01,BQ599 - YK442 L=4500 400/50,"BQ599 FOR YK442 L=4,5m 400V/50Hz","BQ599 PER YK442 L=4,5m - 400V/50Hz",
8044314023-03,BQ599 - ST L=4500 400/50,"BQ599 FOR ST L=4,5m 400V/50Hz",,
6034672504-01,BQ599 PER FK499 3000 400/50,BQ599 FOR FK499 L=3m 400V/50Hz,BQ599 PER FK499 L=3m - 400V/50Hz,
6034672504-06,BQ599 PER FK493 3000 400/50,BQ599 FOR FK493 L=3m 400V/50Hz,,
248181175--01,BQ599 A PONTE PER MISURA L=1500,"BQ599 A BRIDGE X MEASURING SYSTEM L=1,5m","BQ599 A PONTE PER MISURA L=1,5m",
580382413--01,BQ599 A PONTE PER MISURA L=3000,BQ599 A BRIDGE X MEASURING SYSTEM L=3m,BQ599 A PONTE PER MISURA L=3m,
950589159--01,BQ599 A PONTE PER MISURA L=4500,"BQ599 A BRIDGE X MEASURING SYSTEM L=4,5m","BQ599 A PONTE PER MISURA L=4,5m",
062281071--01,BQ599 A CULLA PER MISURA L=1500,"BQ599 A CRADLE X MEASURING SYSTEM L=1,5m","BQ599 A CULLA PER MISURA L=1,5m",
400166870--01,BQ599 A CULLA PER MISURA L=3000,BQ599 A CRADLE X MEASURING SYSTEM L=3m,BQ599 A CULLA PER MISURA L=3m,
747579597--01,BQ599 A CULLA PER MISURA L=4500,"BQ599 A CRADLE X MEASURING SYSTEM L=4,5m","BQ599 A CULLA PER MISURA L=4,5m",
6839481665-01,BQ592-JK46-ANT-L.3000 V.220/50,BQ592 FRONT FOR JK462 L=3m 220V/50Hz,BQ592-JK462 ANTERIORE L=3m - 220V/50Hz,
9993951430-01,BQ592-JK46-ANT-L.3000 V.380/50,BQ592 FRONT FOR JK462 L=3m 380V/50Hz,BQ592-JK462 ANTERIORE L=3m - 380V/50Hz,
8985307573-01,BQ592-JK46-ANT-L.3000 V.440/50-60,BQ592 FRONT FOR JK462 L=3m 440V/50-60Hz,BQ592-JK462 ANTERIORE L=3m - 440V/50-60Hz,
7527521044-01,BQ592-JK46-POST-L.3000 V.220/50,BQ592 REAR FOR JK462 L=3m V220V/50Hz,BQ592-JK462 POSTERIORE L=3m - V220V/50Hz,
1840819090-01,BQ592-JK46-POST-L.3000 V.380/50,BQ592 REAR FOR JK462 L=3m 380V/50Hz,BQ592-JK462 POSTERIORE L=3m - 380V/50Hz,
0382048063-01,BQ592-JK46-POST-L.3000 V.440/50-60,BQ592 REAR FOR JK462 L=3m 440V/50-60Hz,BQ592-JK462 POSTERIORE L=3m - 440V/50-60Hz,
7254212513-01,BQ922 L=3000 400/50,BQ922 L=3m 400V/50Hz,BQ922 L=3m - 400V/50Hz,
8264806192-01,RACCOGLITORE BASE PER SEGATRICI,BASIC COLLECTOR FOR SAWING MACHINE,RACCOGLITORE BASE PER SEGATRICI,
6381406674-01,VARIANTE RACCOGL.BASE V.220/380-50,BASIC COLLECTOR VARIANT 220-380V/50Hz,VARIANTE RACCOGLITORE BASE - 220-380V/50Hz,
7921446671-01,VARIANTE RACCOGL.BASE V. 260/415-50,BASIC COLLECTOR VARIANT 260-415V/50Hz,VARIANTE RACCOGLITORE BASE - 260-415V/50Hz,
6057791278-01,COMPL. BQ592 XTT640-1 L=3000 ANTER.,JK462 FRONT BQ592 L=3m COMPLEMENT,COMPLEMENTO BQ592 ANTERIORE L=3m JK462,
4331970655-01,COMPL. BQ592 XTT640-1 L=3000 POST.,JK462 REAR BQ592 L=3m COMPLEMENT,COMPLEMENTO BQ592 POSTERIORE L=3m JK462,
2731746086-01,BQ592 QUADRO ELETTRICO BASE,BQ592 BASIC ELECTRICAL PANEL,BQ592 QUADRO ELETTRICO BASE,
8684024518-01,BQ592 PARTICOLARI QUADRO ELETTRICO,BQ592 ELECTRIC PANEL DETAILS,BQ592 PARTICOLARI QUADRO ELETTRICO,
7008219028-01,BQ592 VARIANTE V 400/50-60,BQ592 VARIANT 440V/50-60Hz,BQ592 VARIANTE - 440V/50-60Hz,
8827715189-01,BQ592 IMPIANTO FINEC. BASE L.1500,"BQ592 BASIC LIMIT SWITCH SYSTEM L=1,5m","BQ592 IMPIANTO FINECORSA BASE L=1,5m",
9605404146-01,BQ592 COMPL. COCLEE PER L.3000,BQ592 COCLEE L=3m COMPLEMENT,BQ592 COMPLEMENTO COCLEE L=3m,
091962923--01,SEGATRICE QG 532,QG532 SAWING MACHINE,SEGATRICE QG532,
3451262999-01,SEGATRICE QG532 L=1500 220/50,"QG532 SAWING MACHINE L=1,5m 220V/50Hz","SEGATRICE QG532 L=1,5m - 220V/50Hz",
7100551503-01,SEGATRICE QG532 L=1500 220/60,"QG532 SAWING MACHINE L=1,5m 220V/60Hz","SEGATRICE QG532 L=1,5m - 220V/60Hz",
6309027975-01,SEGATRICE QG532 L=1500 400/50,"QG532 SAWING MACHINE L=1,5m 400V/50Hz","SEGATRICE QG532 L=1,5m - 400V/50Hz",
6309027975-11,SEGATRICE QG532 L=1500 PROFIBUS,"QG532 PF SAWING MACHINE L=1,5m 400V/50Hz",,
2893695003-01,SEGATRICE QG532 L=3000 220/50,QG532 SAWING MACHINE L=3m 220V/50Hz,SEGATRICE QG532 L=3m - 220V/50Hz,
2151726558-01,SEGATRICE QG532 L=3000 220/60,QG532 SAWING MACHINE L=3m 220V/60Hz,SEGATRICE QG532 L=3m - 220V/60Hz,
3323191252-01,SEGATRICE QG532 L=3000 400/50,QG532 SAWING MACHINE L=3m 400V/50Hz,SEGATRICE QG532 L=3m - 400V/50Hz,
3323191252-11,SEGATRICE QG532 L=3000 PROFIBUS,QG532 PF SAWING MACHINE L=3m 400V/50Hz,,
668752304--01,SEGATRICE IDRAULICA QG 532,QG532 HYDRAULIC SAWING MACHINE,SEGATRICE QG532 IDRAULICA,
5721562749-01,SEGATRICE QG532 L=4500 220/50,"QG532 SAWING MACHINE L=4,5m 220V/50Hz","SEGATRICE QG532 L=4,5m - 220V/50Hz",
6219122654-01,SEGATRICE QG532 L=4500 220/60,"QG532 SAWING MACHINE L=4,5m 220V/60Hz","SEGATRICE QG532 L=4,5m - 220V/60Hz",
2085590156-01,SEGATRICE QG532 L=4500 400/50,"QG532 SAWING MACHINE L=4,5m 400V/50Hz","SEGATRICE QG532 L=4,5m - 400V/50Hz",
2085590156-11,SEGATRICE QG532 L=4500 PROFIBUS,"QG532 PF SAWING MACHINE L=4,5m 400V/50Hz",,
5958976567-01,SEGATRICE QG532 L=6090 400/50,"QG532 SAWING MACHINE L=6,09m 400V/50Hz","SEGATRICE QG532 L=6,09m - 400V/50Hz",
5958976567-11,SEGATRICE QG532 L=6090 PROFIBUS,"QG532 PF SAWING MACH. L=6,09m 400V/50Hz",,
1294960197-01,SEGATRICE QG532 L=1500 CN,"QG532 CN SAWING MACHINE L=1,5m","SEGATRICE QG532 L=1,5m CN",
064850346--01,SEGATRICE QG532 L=3000 CN,QG532 CN SAWING MACHINE L=3m,SEGATRICE QG532 L=3m CN,
031927760--01,SEGATRICE QG532 L=4500 CN,"QG532 CN SAWING MACHINE L=4,5m","SEGATRICE QG532 L=4,5m CN",
963273538--01,SEGATRICE QG532 L=6090 CN,"QG532 CN SAWING MACHINE L=6,09m","SEGATRICE QG532 L=6,09m CN",
4221935873-01,SEGATRICE AUTOMATICA MOKENIR BASE,MOKENIR BASIC AUTOMATIC SAWING MACHINE,SEGATRICE MOKENIR AUTOMATICA BASE,
4470785669-01,SEGATRICE SUNENA MOKENIR L=1500,"MOKENIR SAWING MACHINE L=1,5m","SEGATRICE MOKENIR SUNENA L=1,5m",
7493735696-01,MOKENIR BASE CON INT. L=3000,BASIC MOKENIR INTEGRATION L=3m,MOKENIR BASE CON INTEGRAZIONE L=3m,
4789860415-01,LAVAGGIO FK492-7222 BASE 400/50,BASIC WASHING SYS FK492 L=3m 400V/50Hz,LAVAGGIO FK492 BASE 400V/50Hz L=3m,
2728417718-01,LAVAGGIO FK492-7222 CON ASC. 400/50,FK492 WASHING AND DRYING SYSTEM L=3m,LAVAGGIO FK492 L=3m CON ASCIUGATURA,
7983753095-01,LAVAGGIO FK499-7222 PROTOTIPO,FK499 WASHING SYSTEM PROTOTYPE L=3m,LAVAGGIO FK499 L=3m PROTOTIPO,
7875757400-01,LAVAGGIO FK499-7222 CON ASCIUGATURA,FK499 WASHING AND DRYING SYSTEM L=3m,LAVAGGIO FK499 L=3m CON ASCIUGATURA,
8097091527-01,LAVAGGIO FK493-7222 CON ASCIUGATURA,FK493 WASHING AND DRYING SYSTEM L=3m,LAVAGGIO FK493 L=3m CON ASCIUGATURA,
8671484641-01,LAVAGGIO FK493-6222 CON ASCIUGATURA,FK493 WASHING AND DRYING SYSTEM L=4m,LAVAGGIO FK493 L=4m CON ASCIUGATURA,
3242264232-01,LAVAGGIO FK433-7222 CON ASCIUGATURA,FK433 WASHING AND DRYING SYSTEM L=3m,LAVAGGIO FK433 L=3m CON ASCIUGATURA,
7159256222-01,LAVAGGIO FK433-6222 CON ASCIUGATURA,FK433 WASHING AND DRYING SYSTEM L=4m,LAVAGGIO FK433 L=4m CON ASCIUGATURA,
2131487993-01,SEGATRICE SUNENA SMABQ 622/82,SMART SUNENA SAWING MACHINE 400V/50Hz,SEGATRICE SMART SUNENA - 400V/50Hz,
6147634453-01,SISTEMA FURIMUTOSL 652 BASE 400/50,652 BASIC FURIMUTOSL SYSTFG 622V/50Hz,SISTEMA FURIMUTOSL 652 BASE - 400V/50Hz,
3384269217-01,SISTEMA FURIMUTOSL 652/B BASE 400/50,652/B BASIC FURIMUTOSL SYSTFG 622V/50Hz,SISTEMA FURIMUTOSL 652/B BASE - 400V/50Hz,
6746780645-01,SISTEMA ZK523D/803D M/C BASE 400/50,ZK523D/803D BASIC LASER SYSTFG 622V/50Hz,SISTEMA FURIMUTOSL ZK523D/803D BASE - 400V/50Hz,
6870861770-01,ZK523D/803D M/C BASE 8500 400/50,"ZK523D/803D BASIC M. L=8,5m 400V/50Hz","MACCHINA BASE ZK533D/823D L=8,5m - 400V/50Hz",
6870861770-02,ZK593D/813D M/C BASE 6500 400/50,"ZK593D/813D BASIC M. L=6,5m 400V/50Hz",,
7547431037-01,ZK533D/823D M/C BASE 6500 400/50,"ZK533D/823D BASIC M. L=6,5m 400V/50Hz","MACCHINA BASE ZK533D/823D L=6,5m - 400V/50Hz",
4364446157-01,ZK533/037D FIB/CO2 BASE 6500 400/50,"ZK533/037D FIBRA/CO2 L=6,5m 400V/50Hz","MACCHINA BASE ZK533D/823D FIBRA/CO2 L=6,5m - 400V/50Hz",
2305191401-01,ZK533D FIBRA/CO2 BASE 6500 400/50,"ZK533D FIBRA/CO2 BASIC L=6,5m 400V/50Hz","MACCHINA BASE ZK533D FIBRA/CO2 L=6,5m - 400V/50Hz",
9864683458-01,MACCHINA BASE 6500,"BASIC MACHINE L=6,5m","MACCHINA BASE L=6,5m",
1678771118-01,GUMIDOBUC - SEGATRICE MULTIBARRA,GUMIDOBUC SAWING MACHINE MULTIPLE TUBE,SEGATRICE GUMIDOBUC MULTIBARRA,
6958019378-01,SISTEMA LASER TUBO NOZUT,NOZUT FURIMUTOSL SYSTEM,SISTEMA FURIMUTOSL NOZUT,
9673409986-01,ZK96FIBER - MACCHINA BASE,ZK96FIBER BASIC MACHINE,,
4476674133-01,SISTEMA FURIMUTOSL NOZUT SPECIALE,NOZUT FURIMUTOSL SYSTEM SPECIAL,SISTEMA FURIMUTOSL NOZUT SPECIALE,
1789509962-01,SISTEMA FURIMUTOSL ZK 96,ZK96 FURIMUTOSL SYSTEM,SISTEMA FURIMUTOSL ZK96,
7380821687-01,SISTEMA FURIMUTOSL ZK96 XL,ZK96 XL FURIMUTOSL SYSTEM,SISTEMA FURIMUTOSL ZK96 XL,
5950041524-01,SISTEMA FURIMUTOSL NOZUT 24,NOZUT 24 FURIMUTOSL SYSTEM,SISTEMA FURIMUTOSL NOZUT 24,
5189364450-01,SISTEMA FURIMUTOSL NOZUT 24 SL,NOZUT 24 SL FURIMUTOSL SYSTEM,SISTEMA FURIMUTOSL NOZUT 24 SL,
5189364450-10,SISTEMA FURIMUTOSL ZK36,ZK36 FURIMUTOSL SYSTEM,,
2799227023-01,SISTEMA FURIMUTOSL ZK36 TOKAKARI,"ZK36 FURIMUTOSL SYSTEM ""TOKAKARI""",SISTEMA FURIMUTOSL ZK36 TOKAKARI,
7434429340-01,FURIMUTOSL ZK0 MACCHINA BASE 400/50,FURIMUTOSL ZK0 BASIC MACHINE 400V/50Hz,MACCHINA BASE FURIMUTOSL ZK0 - 400V/50Hz,
2705609094-01,FURIMUTOSL ZK0.92 M/C BASE 400/50,FURIMUTOSL ZK0.92 BASIC MACHINE 400V/50Hz,MACCHINA BASE FURIMUTOSL ZK0.92 - 400V/50Hz,
2042066696-01,MACCHINA BASE LW-S GAMMA,LW-S GAMMA BASIC MACHINE,,
7866256127-01,SISTEMA LASER ZK1,ZK1 LASER SYSTEM,SISTEMA FURIMUTOSL ZK1,
9049936604-01,SISTEMA LASER ZK1 VOKUN,ZK1 VOKUN LASER SYSTEM,SISTEMA FURIMUTOSL ZK1 VOKUN,
4657902426-01,SISTEMA LASER ZK1 VOKUN BASE,ZK1 VOKUN LASER SYSTEM BASIC MACHINE,SISTEMA FURIMUTOSL ZK1 VOKUN - MACCHINA BASE,
4661121880-01,SISTEMA TAGLIO E ASPORTAZIONE WZ02,WZ02 CUT-REMOVAL SYSTEM,SISTEMA TAGLIO-ASPORTAZIONE WZ02,
3546266560-01,SISTEMA TGL-ASP. PROFIBUS FG02,FG02 CUT-REMOVAL SYSTEM PROFIBUS,SISTEMA TAGLIO-ASPORTAZIONE PROFIBUS FG02,
0400831491-01,SISTEMA LASER LS/ZB8 BASE,LS/ZB8 BASIC LASER SYSTEM,SISTEMA LASER LS/ZB8 BASE,
1768463182-01,SISTEMA LASER LS/ZB8 BASE 4020,LS/ZB8 4020 BASIC LASER SYSTEM,SISTEMA LASER LS/ZB8 BASE 4020,
7756531867-01,SISTEMA LASER LS/ZB8 BASE 6020,LS/ZB8 6020 BASIC LASER SYSTEM,SISTEMA LASER LS/ZB8 BASE 6020,
2620559098-01,SISTEMA LASER ZB1 BASE,ZB1 BASIC LASER SYSTEM,SISTEMA LASER ZB1 BASE,
8775410143-01,ZK93 - MACCHINA BASE,ZK93 BASIC MACHINE,MACCHINA BASE ZK93,
7789265343-01,SISTEMA FURIMUTOSL ZK932 BASE 400/50,FURIMUTOSL ZK932 BASIC MACHINE 400V/50Hz,MACCHINA BASE FURIMUTOSL ZK932 - 400V/50Hz,
5241909472-01,FURIMUTOSL ZK8 MACCHINA BASE 400/50,FURIMUTOSL ZK8 BASIC MACHINE 400V/50Hz,MACCHINA BASE FURIMUTOSL ZK8 - 400V/50Hz,
6223551298-01,FURIMUTOSL ZK5 MACCHINA BASE 400/50,FURIMUTOSL ZK5 BASIC MACHINE 400V/50Hz,MACCHINA BASE FURIMUTOSL ZK5 - 400V/50Hz,
5306996953-01,QJ5 - MACCHINA BASE 3015,QJ5 3015 BASIC MACHINE,MACCHINA BASE QJ5 3015,
4671348088-01,QJ5 4020 - MACCHINA BASE,QJ5 4020 BASIC MACHINE,MACCHINA BASE QJ5 4020,
4485148977-01,QJ1 3015 - MACCHINA BASE,QJ1 3015 BASIC MACHINE,MACCHINA BASE QJ1 3015,
1009769619-01,CARICATORE TIPO F JB52 *FILOZOB*,"JB52 BUNDLE LOADER ""FILOZOB""","CARICATORE ""F"" PER JB52 ""FILOZOB""",
8125386731-01,CARICATORE F L.6000 GEDUS CIBOS,"BUNDLE LOADER L=6m ""GEDUS CIBOS""","CARICATORE ""F"" L=6m ""GEDUS CIBOS""",
8874152341-01,CARICATORE F JB52 TETIFER,"JB52 BUNDLE LOADER ""TETIFER""","CARICATORE ""F"" PER JB52 ""TETIFER""",
5042882233-01,CARICATORE F L.8000 GEDUS CIBOS,"BUNDLE LOADER L=3m ""GEDUS CIBOS""","CARICATORE ""F"" L=3m ""GEDUS CIBOS""",
2474830801-01,SEGATRICE LAFR+BUX *PRODOTTO*,"SAWING MACHINE ""LAFR+BUX""","SEGATRICE ""LAFR+BUX""",
7915549139-01,SUPPORTI DISP.SCARICO LAFR+BUX PR,"UNLOADER DEVICE SUPPORT ""LAFR&GOBU""","SUPPORTI DISPOSITIVO SCARICO ""LAFR&GOBU""",
5484304081-01,CARICATORE E SCARIC.LAFR E BUX,"""LAFR&GOBU"" LOADER AND UNLOADER","CARICATORE E SCARICATORE ""LAFR&GOBU""",
6152747733-01,CONTO LAVORI ORD. 3359/01 LAFR,OUTSOURCED ASSEMBLY ORDER 3359/01,"CONTO MONTAGGIO ORDINE 3359/01 ""LAFR&GOBU""",
2530960527-01,CONTO LAVORI ORD. 3002/01 LAFR&GOBU,OUTSOURCED ASSEMBLY ORDER 3002/01,"CONTO MONTAGGIO ORDINE 3002/01 ""LAFR&GOBU""",
4208225279-01,CONTO LAVORI ORD. ____/__ LAFR&GOBU,OUTSOURCED ASSEMBLY ORDER ____/__,"CONTO MONTAGGIO ORDINE ____/__ ""LAFR&GOBU""",
7432425946-01,GRUPPO MACCHINA BASE,BASIC MACHINE,MACCHINA BASE,
0802319377-01,GRUPPO MORSA,CLAMP,MORSA,
9450378492-01,GRUPPO TESTA OPERATRICE,OPERATING HEAD,TESTA OPERATRICE,
3291004508-01,GRUPPO IMPIANTO ELETTRICO,ELECTRIC SYSTEM,IMPIANTO ELETTRICO,
9796958907-01,BASAMENTO IN ACCIAIO B 60,B60 STEEL BASE,BASAMENTO IN ACCIAIO - B60,
1728814647-01,RIPARO LAMA ANTINFORTUNISTICO B60,B60 SAWBLADE SAFETY GUARD,RIPARO ANTINFORTUNISTICO LAMA - B60,
8290428787-01,GRUPPO DOTAZIONE BASE,BASIC EQUIPMENT,DOTAZIONE BASE,
2157582341-01,GRUPPO MACCHINA,MACHINE,MACCHINA,
6144045609-01,BASAMENTO IN ACCIAIO B 100,B100 STEEL BASE,BASAMENTO IN ACCIAIO - B100,
1603917166-01,RIPARO LAMA ANTINFORTUNISTICO B 100,B100 SAWBLADE SAFETY GUARD,RIPARO ANTINFORTUNISTICO LAMA - B100,
9671041386-01,GRUPPO RISCONTRO A 6 POSIZIONI,6-POSITION LOCATOR,RISCONTRO A 6 POSIZIONI,
2814889370-01,GRUPPO SCARICO -DESTRO E SINISTRO-,LEFT AND RIGHT UNLOADER,SCARICO DESTRO E SINISTRO,
6662161632-01,GRUPPO BASAMENTO BASE,BASIC BASE,BASAMENTO BASE,
6079268256-01,GRUPPO TESTA L DESTRA,RIGHT “L” HEAD,"TESTA ""L"" DESTRA",
1368115091-01,GRUPPO TESTA L SINISTRA,LEFT “L” HEAD,"TESTA ""L"" SINISTRA",
5493232795-01,GRUPPO TESTA TIPO 'I DESTRA,RIGHT “I” HEAD,"TESTA ""I"" DESTRA",
0673574200-01,GRUPPO TESTA TIPO I SINISTRA,LEFT “I” HEAD,"TESTA ""I"" SINISTRA",
5806031545-01,GRUPPO IMPIANTO FINE CORSA BASE,BASIC LIMIT SWITCH SYSTEM,IMPIANTO FINECORSA BASE,
2083005181-01,GRUPPO PULSANTIERA BASE,BASIC CONTROL PANEL,PULSANTIERA BASE,
9263692873-01,GRUPPO PEDALE BASE,BASIC PEDAL,PEDALE BASE,
8797894900-01,GRUPPO IMPIANTO ELETTROVALVOLE E PR,SOLENOID VALVES AND BASIC PRESSER SYSTEM,IMPIANTO ELETTROVALVOLE E PRESSORE BASE,
4198631425-01,ZK96 - ACTIVE PIERCING,ZK96 - ACTIVE PIERCING,,
8301612250-01,GRUPPO SQUADRA BASE,BASIC SQUARE,SQUADRA BASE,
7812269190-01,FUMARAV PER GF3822,GF3822 FUMARAV,FUMARAV - GF3822,
2851869537-01,TESTA OPERATRICE TIPO -L-,"""L"" HEAD","TESTA ""L""",
3059232074-01,TESTA OPERATRICE TIPO -I-,"""I"" HEAD","TESTA ""I""",
5850607205-01,TESTA OPERATRICE TIPO -P-,"""P"" HEAD","TESTA ""P""",
7641252677-01,GRUPPO ALIMENTAZIONE BASE -PRESSOR,BASIC FEEDING PRESSER AND MEASURER,ALIMENTAZIONE BASE PRESSORE E MISURATORE,
5279081768-01,GRUPPO SCARICO BASE,BASIC UNLOADER,SCARICO BASE,
4080903790-01,GRUPPO CENTRALINA IDRAULICA,HYDRAULIC UNIT,CENTRALINA IDRAULICA,
0653086207-01,GRUPPO IMPIANTO PULSANTIERA BASE,BASIC CONTROL PANEL SYSTEM,IMPIANTO PULSANTIERA BASE,
0964339501-01,GRUPPO LUBRIFICAZIONE MICRONEBBIA B,MICRO MIST LUBRICATION,LUBRIFICAZIONE MICRONEBBIA BASE,
0487780822-01,IMPIANTO ELETTR. FUMARAV X GF3822,GF3822 FUMARAV ELECTRIC SYSTEM,IMPIANTO ELETTRICO FUMARAV - GF3822,
3180939-06,PINZA PER PERNO TUBO,GRIPPER CLAMP FOR TUBE PIN,,
6864488-01,PINZA PER PRESA ESTERNA,EXTERNAL GRIPPER CLAMP,PINZA PER PRESA ESTERNA,
5443620-01,PINZA,GRIPPER CLAMP,PINZA,
2469269-01,PINZA MULTIPLA,MULTIPLE GRIPPER CLAMP,PINZA MULTIPLA,
4061871-01,PINZA A 3 SETTORI,3 SECTOR GRIPPER CLAMP,PINZA A 3 SETTORI,
4550811-01,PINZA AVANZAMENTO TUBO,TUBE FEED GRIPPER CLAMP,PINZA AVANZAMENTO TUBO,
0821833-01,PINZA A 3 SETTORI PER MUL3,3 SECTOR CLAMP FOR MULTIPLE 3 SECTOR,PINZA A 3 SETTORI PER MULTIPLA 3 SETTORI,
9620835-01,PINZA LUFOMUK,LUFOMUK GRIPPER CLAMP,PINZA LUFOMUK,
0092834-01,PINZA GRANDE APERTURA,LARGE OPENING GRIPPER CLAMP,PINZA GRANDE APERTURA,
5213557407-01,ELETTROPOMPA EMULSIONE A V.220-380/,ELETTROEMULSION PUMP 220-380V/50Hz,ELETTROPOMPA EMULSIONE - 220-380V/50Hz,
1359564249-01,ELETTROPOMPA EMULSIONE A V.260-440/,ELETTROEMULSION PUMP 260-440V/50Hz,ELETTROPOMPA EMULSIONE - 260-440V/50Hz,
6471925361-01,FUMARAV PER J58SA,J58SA FUMARAV,FUMARAV - J58SA,
5690265054-00,SUPPL. TROPICALIZZ. SING.MOT. J58SA,J58SA SINGLE MOTOR TROPICALIZ. SUPPLEM.,,
1463463080-01,GRUPPO MORSA BASE,BASIC CLAMP,MORSA BASE,
1332409477-01,TESTA J58SA 2V (25-50) - 220/50,2S HEAD 25-50m/min 220V/50Hz - J58SA,TESTA 2 VELOCITÀ 25-50m/min - 220V/50Hz - J58SA,
0127050602-01,TESTA J58SA 2V (25-50) - 380/50,2S HEAD 25-50m/min 380V/50Hz - J58SA,TESTA 2 VELOCITÀ 25-50m/min - 380V/50Hz - J58SA,
9590465390-01,TESTA J58SA 2V (25-50) - 415/50,2S HEAD 25-50m/min 415V/50Hz - J58SA,TESTA 2 VELOCITÀ 25-50m/min - 415V/50Hz - J58SA,
1419103841-01,TESTA OP. 2 VEL. 25-50 MT A V 220,2S HEAD 25-50m/min 220V/50Hz - X2,TESTA 2 VELOCITÀ 25-50m - 220V/50Hz,
6449370101-01,TESTA J58SA 2V (50-100) - 220/50,2S HEAD 50-100m/min 220V/50Hz - J58SA,TESTA 2 VELOCITÀ 50-100m/min - 220V/50Hz - J58SA,
8259161227-01,TESTA J58SA 2V (50-100) - 380/50,2S HEAD 50-100m/min 380V/50Hz - J58SA,TESTA 2 VELOCITÀ 50-100m/min - 380V/50Hz - J58SA,
2937213278-01,TESTA J58SA 2V (50-100) - 415/50,2S HEAD 50-100m/min 415V/50Hz - J58SA,TESTA 2 VELOCITÀ 50-100m/min - 415V/50Hz - J58SA,
8261206902-01,TESTA OP. 2 VEL. 25-50 MT A V 380,2S HEAD 50-100m/min 380V/50Hz,TESTA 2 VELOCITÀ 50-100m/min - 380V/50Hz,
2386938671-01,TESTA OP. 2 VEL. 25-50 MT A V 440,2S HEAD 50-100m/min 440V/50Hz,TESTA 2 VELOCITÀ 50-100m/min - 440V/50Hz,
7949713478-01,TESTA OP. 2 VEL. 50-100 MT A V 220,2S HEAD 50-100m/min 220V/50Hz,TESTA 2 VELOCITÀ 50-100m/min - 220V/50Hz,
3784631610-01,TESTA OP. 4 VEL. A V 220,4S HEAD 220V/50Hz,TESTA 4 VELOCITÀ - 220V/50Hz,
9149784379-01,TESTA OP. 4 VEL. A V 380,4S HEAD 380V/50Hz,TESTA 4 VELOCITÀ - 380V/50Hz,
3372454900-01,TESTA OP. 4 VEL. A V 440,4S HEAD 440V/50Hz,TESTA 4 VELOCITÀ - 440V/50Hz,
1915415258-01,CARICATORE A L=6000 - B/75/SA,"J58SA ""A"" LOADER L=6m","CARICATORE ""A"" L=6m - J58SA",
3591776604-01,CARICATORE TIPO A L.6000,"""A"" LOADER L=6m","CARICATORE ""A"" L=6m",
5551501909-01,SUPPL. CARICAM. D.6 MINIMO SU J58SA,J58SA LOADING SUPPLEMENT D6 MINIMUM,SUPPLEMENTO CARICAMENTO D6 MINIMO - J58SA,
1290652098-01,GRUPPO SPINGIBARRA,BAR PUSHES,SPINGIBARRA,
3222101014-01,SUPPL. PER DISP. FRENATURA SU J58SA,J58SA BRAKING DEVICE SUPPLEMENT,SUPPLEMENTO DISPOSITIVO FRENATURA - J58SA,
5464064523-00,SUPPL. GUIDABARRA RISCONTRO J58SA,J58SA LOCATOR BAR GUIDE SUPPLEMENT,,
7357126918-01,TESTA J58SA 4V (38...734) - 220/50,4S HEAD 38-734m/min 220V/50Hz - J58SA,TESTA 4 VELOCITÀ 38-734m/min - 220V/50Hz - J58SA,
8777536836-01,TESTA J58SA 4V (38...734) - 380/50,4S HEAD 38-734m/min 380V/50Hz - J58SA,TESTA 4 VELOCITÀ 38-734m/min - 380V/50Hz - J58SA,
7777719792-01,TESTA J58SA 4V (38...734) - 415/50,4S HEAD 38-734m/min 415V/50Hz - J58SA,TESTA 4 VELOCITÀ 38-734m/min - 415V/50Hz - J58SA,
3537457875-00,RADDRIZZATORE TUBO IN ROTOLO J58SA,J58SA ROLL TUBE STRAIGHTENER,,
8773496326-01,CARICATORE F 6600 J58SA - 220/50,"BUNDLE LOADER L=6,6m 220V/50Hz","CARICATORE ""F"" L=6,6m - 220V/50Hz - J58SA",
3976528051-01,CARICATORE F 6600 J58SA - 380/50,"BUNDLE LOADER L=6,6m 380V/50Hz","CARICATORE ""F"" L=6,6m - 380V/50Hz - J58SA",
6545105234-01,CARICATORE F 6600 J58SA - 415/50,"BUNDLE LOADER L=6,6m 415V/50Hz","CARICATORE ""F"" L=6,6m - 415V/50Hz - J58SA",
7905329452-01,CARICATORE F 8600 J58SA - 220/50,"J58SA BUNDLE LOADER L=8,6m 220V/50Hz","CARICATORE ""F"" L=8,6m - 220V/50Hz - J58SA",
4459323617-01,CARICATORE F 8600 J58SA - 380/50,"J58SA BUNDLE LOADER L=8,6m 380V/50Hz","CARICATORE ""F"" L=8,6m - 380V/50Hz - J58SA",
2314258927-01,CARICATORE F 8600 J58SA - 415/50,"J58SA BUNDLE LOADER L=8,6m 415V/50Hz","CARICATORE ""F"" L=8,6m - 415V/50Hz - J58SA",
8248537014-00,IMPIANTO SUPPL. MICRONEBBIA J58SA,J58SA MICRO MIST SYSTEM SUPPLEMENT,,
7981341473-01,FUMARAV BASE PER J58SA,J58SA BASIC FUMARAV,FUMARAV BASE - J58SA,
1087882369-01,FUMARAV PER J58SA TESTE 2-4 VEL.,J58SA FUMARAV 2/4 SPEED HEAD,FUMARAV TESTE 2-4 VELOCITÀ - J58SA,
9378873609-01,GRUPPO RIDUTTORE,REDUCER,RIDUTTORE,
7923616355-01,GRUPPO TESTA TIPO I BASE,"BASIC ""I"" HEAD","TESTA ""I"" BASE",
3032871153-01,GRUPPO FINE CORSA BASE,BASIC LIMIT SWITCH,FINECORSA BASE,
9582192446-01,EVACUATORE TRUCIOLI GF822 - 220/50,GF822 CHIP EXTRACTOR 220V/50Hz,EVACUATORE TRUCIOLI - 220V/50Hz - GF822,
9446609543-01,EVACUATORE TRUCIOLI GF822 - 380/50,GF822 CHIP EXTRACTOR 380V/50Hz,EVACUATORE TRUCIOLI - 380V/50Hz - GF822,
8349841868-01,EVACUATORE TRUCIOLI GF822 - 415/50,GF822 CHIP EXTRACTOR 415V/50Hz,EVACUATORE TRUCIOLI - 415V/50Hz - GF822,
2287150893-00,PRISMI SPECIALI TAGLIO OTTONE GF822,GF822 SPECIAL PRISMS FOR CUT BRASS,,
5085998294-01,FUMARAV PER GF822 TESTA L,GF822 FUMARAV “L” HEAD,"FUMARAV - GF822 TESTA ""L""",
9677315286-01,FUMARAV PER GF822 TESTA P,GF822 FUMARAV “P” HEAD,"FUMARAV - GF822 TESTA ""P""",
5546275007-01,FUMARAV PER GF822 TESTA I,GF822 FUMARAV “I” HEAD,"FUMARAV - GF822 TESTA ""I""",
17079815TL-01,GANASCE SAGOMATE SU PROFILO - GF822,GF822 SHAPED JAWS ON PROFILE,SHAPED JAWS ON PROFILE - GF822,
43720820HH-01,GANASCE SAGOMATE GF822 CON COLLAUDO,GF822 SHAPED JAWS WITH TESTING,GANASCE SAGOMATE CON COLLAUDO - GF822,
04913714PT-01,ATTREZZATURE PER TAGLIO A PACCO,PACK CUTTING EQUIPMENT,ATTREZZATURE PER TAGLIO A PACCO,
76715986VW-01,PRISMI BLOCCAGGIO SUPERIORI GF822,GF822 UPPER PRISMS LOCKING,PRISMI SUPERIORI BLOCCAGGIO - GF822,
75984286MN-01,GANASCE AVVOLGENTI D.10-50 - GF822M,GF822/M WRAP-AROUND JAWS D10-50,GANASCE AVVOLGENTI D10-50 - GF822M,
67387349ZF-01,GANASCE AVVOLGENTI D.10-50 - GF822A,GF822/A WRAP-AROUND JAWS D10-50,GANASCE AVVOLGENTI D10-50 - GF822A,
25693525MU-01,GANASCE AVVOLGENTI D.51-90 - GF822M,GF822/M WRAP-AROUND JAWS D51-90,GANASCE AVVOLGENTI D51-90 - GF822/M,
88083880JL-01,GANASCE AVVOLGENTI D.51-90 - GF822A,GF822/A WRAP-AROUND JAWS D51-90,GANASCE AVVOLGENTI D51-90 - GF822/A,
8800034655-01,TESTA L GF822 - 220/50,"""L"" HEAD 220V/50Hz - GF822","TESTA ""L"" - 220V/50Hz - GF822",
7707724495-01,TESTA L GF822 - 380/50,"""L"" HEAD 380V/50Hz - GF822","TESTA ""L"" - 380V/50Hz - GF822",
8414252337-01,TESTA L GF822 - 415/50,"""L"" HEAD 415V/50Hz - GF822","TESTA ""L"" - 415V/50Hz - GF822",
0438914988-01,TESTA TIPO *L* A VOLT 220-380/50,"""L"" HEAD 220-380V/50Hz - GF822","TESTA ""L"" - 220-380V/50Hz - GF822",
2629938557-01,TESTA TIPO *L* A VOLT 260-440/50,"""L"" HEAD 260-440V/50Hz - GF822","TESTA ""L"" - 260-440V/50Hz - GF822",
6002580067-01,TESTA TIPO *I* P1 A VOLT 220-380/50,"""I"" P1 HEAD 220-380V/50Hz - GF822","TESTA ""I"" P1 - 220-380V/50Hz - GF822",
5367976172-01,TESTA TIPO *I* P1 A VOLT 260-440/50,"""I"" P1 HEAD 260-440V/50Hz - GF822","TESTA ""I"" P1 - 260-440V/50Hz - GF822",
7225223758-01,TESTA TIPO *I* P2 A VOLT 220-380/50,"""I"" P2 HEAD 220-380V/50Hz - GF822","TESTA ""I"" P2 - 220-380V/50Hz - GF822",
3581427218-01,TESTA TIPO *I* P2 A VOLT 260-440/50,"""I"" P2 HEAD 260-440V/50Hz - GF822","TESTA ""I"" P2 - 260-440V/50Hz - GF822",
6476210910-00,TESTA L-C ATTACCO ISO30 PER GF822,"""L/C"" HEAD ISO30 CONNECTION GF822",,
0848658102-01,TESTA TIPO *P* P1 A VOLT 220-380/50,"""P-P1"" HEAD 220-380V/50Hz - GF822","TESTA ""P P1"" - 220-380V/50Hz - GF822",
2178214836-01,TESTA TIPO *P* P1 A VOLT 260-440/50,"""P-P1"" HEAD 260-440V/50Hz - GF822","TESTA ""P P1"" - 260-440V/50Hz - GF822",
0423290292-01,TESTA TIPO *P* P2 A VOLT 220-380/50,"""P-P2"" HEAD 220-380V/50Hz - GF822","TESTA ""P P2"" - 220-380V/50Hz - GF822",
8656275064-01,TESTA TIPO *P* P2 A VOLT 260-440/50,"""P-P2"" HEAD 260-440V/50Hz - GF822","TESTA ""P P2"" - 260-440V/50Hz - GF822",
8341244369-01,TESTA TIPO *P* P3 A VOLT 220-380/50,"""P-P3"" HEAD 220-380V/50Hz - GF822","TESTA ""P P3"" - 220-380V/50Hz - GF822",
5270242437-01,TESTA TIPO *P* P3 A VOLT 260-440/50,"""P-P3"" HEAD 260-440V/50Hz - GF822","TESTA ""P P3"" - 260-440V/50Hz - GF822",
4717863924-01,TESTA TIPO *P* P5 A VOLT 220-380/50,"""P-P5"" HEAD 220-380V/50Hz - GF822","TESTA ""P P5"" - 220-380V/50Hz - GF822",
7083791786-01,TESTA TIPO *P* P5 A VOLT 260-440/50,"""P-P5"" HEAD 260-440V/50Hz - GF822","TESTA ""P P5"" - 260-440V/50Hz - GF822",
2560985680-01,TESTA TIPO *L/C* A VOLT 220-380/50,"""L/C"" HEAD 220-380V/50Hz - GF822","TESTA ""L/C"" - 220-380V/50Hz - GF822",
0536951626-01,TESTA TIPO *L/C* A VOLT 260-440/50,"""L/C"" HEAD 260-440V/50Hz - GF822","TESTA ""L/C"" - 260-440V/50Hz - GF822",
1158809790-01,TESTA TIPO *I/C* A VOLT 220-380/50,"""I/C"" HEAD 220-380V/50Hz - GF822","TESTA ""I/C"" - 220-380V/50Hz - GF822",
2203934455-01,TESTA TIPO *I/C* A VOLT 260-440/50,"""I/C"" HEAD 260-440V/50Hz - GF822","TESTA ""I/C"" - 260-440V/50Hz - GF822",
2300734488-01,TESTA TIPO *L W* A VOLT 220-380/50,"""L/W"" HEAD 220-380V/50Hz - GF822","TESTA ""L"" W - 220-380V/50Hz - GF822",
1194350724-01,TESTA TIPO *L W* A VOLT 260-440/50,"""L/W"" HEAD 260-440V/50Hz - GF822","TESTA ""L"" W - 260-440V/50Hz - GF822",
7828913425-01,TESTA TIPO *I* P3 A VOLT 220-380/50,"""I"" P3 HEAD CUT-ETCHING 220-380V/50Hz","TESTA ""I"" P3 - 220-380V/50Hz - GF822 TAGLIO INCISIONE",
9954141103-01,TESTA TIPO *I* P3 A VOLT 260-440/50,"""I"" P3 HEAD CUT-ETCHING 260-440V/50Hz","TESTA ""I"" P3 - 260-440V/50Hz - GF822 TAGLIO INCISIONE",
0169978026-01,TESTA L-WIDIA GF822 - 220/50,"""L-WIDIA"" HEAD 220V/50Hz - GF822","TESTA ""L-WIDIA"" - 220V/50Hz - GF822",
1553677683-01,TESTA L-WIDIA GF822 - 380/50,"""L-WIDIA"" HEAD 380V/50Hz - GF822","TESTA ""L-WIDIA"" - 380V/50Hz - GF822",
7153277682-01,TESTA L-WIDIA GF822 - 415/50,"""L-WIDIA"" HEAD 415V/50Hz - GF822","TESTA ""L-WIDIA"" - 415V/50Hz - GF822",
1987302501-01,TESTA I P1 GF822 - 220/50,"""I"" P1 HEAD 220V/50Hz - GF822","TESTA ""I"" P1 - 220V/50Hz - GF822",
8850891582-01,TESTA I P1 GF822 - 380/50,"""I"" P1 HEAD 380V/50Hz - GF822","TESTA ""I"" P1 - 380V/50Hz - GF822",
8006774191-01,TESTA I P1 GF822 - 415/50,"""I"" P1 HEAD 415V/50Hz - GF822","TESTA ""I"" P1 - 415V/50Hz - GF822",
3260669189-01,TESTA I P2 GF822 - 220/50,"""I"" P2 HEAD 220V/50Hz - GF822","TESTA ""I"" P2 - 220V/50Hz - GF822",
2113416172-01,TESTA I P2 GF822 - 380/50,"""I"" P2 HEAD 380V/50Hz - GF822","TESTA ""I"" P2 - 380V/50Hz - GF822",
9448326665-01,TESTA I P2 GF822 - 415/50,"""I"" P2 HEAD 415V/50Hz - GF822","TESTA ""I"" P2 - 415V/50Hz - GF822",
5779942114-01,TESTA I P3 TAGLIO-INCIS. - 220/50,"""I"" P3 HEAD CUT-ETCHING 220V/50Hz","TESTA ""I"" P3 TAGLIO-INCISIONE - 220V/50Hz",
8619121354-01,TESTA I P3 TAGLIO-INCIS. - 380/50,"""I"" P3 HEAD CUT-ETCHING 380V/50Hz","TESTA ""I"" P3 TAGLIO-INCISIONE - 380V/50Hz",
5540157293-01,TESTA I P3 TAGLIO-INCIS. - 415/50,"""I"" P3 HEAD CUT-ETCHING 415V/50Hz","TESTA ""I"" P3 TAGLIO-INCISIONE - 415V/50Hz",
5233449683-01,TESTA P P1 (9..45) GF822 - 220/50,"""P-P1"" HEAD 9-45m/min 220V/50Hz - GF822","TESTA ""P P1"" 9-45m/min - 220V/50Hz - GF822",
6978838054-01,TESTA P P1 (9..45) GF822 - 380/50,"""P-P1"" HEAD 9-45m/min 380V/50Hz - GF822","TESTA ""P P1"" 9-45m/min - 380V/50Hz - GF822",
8219958613-01,TESTA P P1 (9..45) GF822 - 415/50,"""P-P1"" HEAD 9-45m/min 415V/50Hz - GF822","TESTA ""P P1"" 9-45m/min - 415V/50Hz - GF822",
1738288516-01,TESTA P P2 (18..90) GF822 220/50,"""P-P2"" HEAD 18-90m/min 220V/50Hz - GF822","TESTA ""P P2"" 18-90m/min - 220V/50Hz - GF822",
6840272501-01,TESTA P P2 (18..90) GF822 380/50,"""P-P2"" HEAD 18-90m/min 380V/50Hz - GF822","TESTA ""P P2"" 18-90m/min - 380V/50Hz - GF822",
0281705461-01,TESTA P P2 (18..90) GF822 415/50,"""P-P2"" HEAD 18-90m/min 415V/50Hz - GF822","TESTA ""P P2"" 18-90m/min - 415V/50Hz - GF822",
7979825632-01,TESTA P P3 (40..200) GF822 220/50,"""P-P3"" HEAD 40-200m/min 220V/50Hz -GF822","TESTA ""P P3"" 40-200m/min- 220V/50Hz - GF822",
7508058600-01,TESTA P P3 (40..200) GF822 380/50,"""P-P3"" HEAD 40-200m/min 380V/50Hz -GF822","TESTA ""P P3"" 40-200m/min- 380V/50Hz - GF822",
5562306285-01,TESTA P P3 (40..200) GF822 415/50,"""P-P3"" HEAD 40-200m/min 415V/50Hz -GF822","TESTA ""P P3"" 40-200m/min- 415V/50Hz - GF822",
3112100844-01,TESTA P P5 (80..400) GF822 220/50,"""P-P5"" HEAD 80-400m/min 220V/50Hz -GF822","TESTA ""P P5"" 80-400m/min- 220V/50Hz - GF822",
2150122075-01,TESTA P P5 (80..400) GF822 380/50,"""P-P5"" HEAD 80-400m/min 380V/50Hz -GF822","TESTA ""P P5"" 80-400m/min- 380V/50Hz - GF822",
6876164419-01,TESTA P P5 (80..400) GF822 415/50,"""P-P5"" HEAD 80-400m/min 415V/50Hz -GF822","TESTA ""P P5"" 80-400m/min- 415V/50Hz - GF822",
3491883286-01,TESTA P P3 TAGLIO-INCIS. - 220/50,"""P-P3"" HEAD CUT-ETCHING 220V/50Hz","TESTA ""P P3"" TAGLIO-INCISIONE - 220V/50Hz",
0448565947-01,TESTA P P3 TAGLIO-INCIS. - 380/50,"""P-P3"" HEAD CUT-ETCHING 380V/50Hz","TESTA ""P P3"" TAGLIO-INCISIONE - 380V/50Hz",
9202488695-01,TESTA P P3 TAGLIO-INCIS. - 415/50,"""P-P3"" HEAD CUT-ETCHING 415V/50Hz","TESTA ""P P3"" TAGLIO-INCISIONE - 415V/50Hz",
7422784924-00,TESTA P CON LAMA D.350 PER GF822,"""P"" HEAD WITH D350 SAWBLADE GF822",,
9058733185-00,TESTA P VERSIONE C PER GF822,"""P"" HEAD ""C"" VERSION GF822",,
4440427095-01,A-CARICATORE TIPO RIK CUV500,"GF822 ""M"" LOADER","CARICATORE ""M"" - GF822",
7294821282-01,A-PIANALE DI CARICO 4MT GF822 A VOL,GF822 LOADING BED L=4m 220-380V/50Hz,PIANALE DI CARICO L=4m-220-380V/50Hz - GF822,
1893284981-01,A-CARICATORE FURUGALUVE BARRE TONDE,"""FURUGALUVE"" R. BAR LOADER 220-380V/50Hz",CARICATORE FURUGALUVE BARRE TONDE - 220-380V/50Hz,
8034338123-01,A-CARICATORE FURUGALUVE BARRE TONDE-,"""FURUGALUVE"" R.S. BAR LOAD. 220-380V/50Hz",CARICATORE FURUGALUVE BARRE TONDE-QUADRE - 220-380V/50Hz,
2546698513-01,GRUPPO ALIMENTAZIONE BASE,BASIC FEEDING,ALIMENTAZIONE BASE,
2776208442-01,SUPPL. PER MORSETTO VERTICALE GF822,GF822 VERTICAL CLAMP SUPPLEMENT,SUPPLEMENTO PER MORSETTO VERTICALE - GF822,
9583255888-01,SERIE RULLI AVANZ. TUBO SOTT. GF822,GF822 THIN TUBE FEED ROLLER SERIES,SERIE RULLI AVANZAMENTO TUBO SOTTILE - GF822,
2471965329-00,SUPPL. MONT. PRESE FIROFIVEFL GF822,FIROFIVEFL SOCKET ASSEMBLY SUPPLEM. GF822,,
2931646085-01,GRUPPO UNITA' BASE,BASIC UNIT,UNITÀ BASE,
3762909066-00,PRED. BASAMENTO PER VERS. U GF822,BASE SET-UP FOR “U” VERSION GF822,,
1924462623-01,A-CENTRALINA IDRAULICA A VOLT 220/3,HYDRAULIC UNIT 220-380V/50Hz,CENTRALINA IDRAULICA - 220-380V/50Hz,
9254554802-01,A-CENTRALINA IDRAULICA 240-415/50,HYDRAULIC UNIT 240-415V/50Hz,CENTRALINA IDRAULICA - 240-415V/50Hz,
0233716270-01,TESTA I VERS. C GF822 - 220/50,"""I/C"" HEAD 220V/50Hz - GF822","TESTA ""I"" VERSIONE C - 220V/50Hz - GF822",
4647057256-01,TESTA I VERS. C GF822 - 380/50,"""I/C"" HEAD 380V/50Hz - GF822","TESTA ""I"" VERSIONE C - 380V/50Hz - GF822",
3463722032-01,TESTA I VERS. C GF822 - 415/50,"""I/C"" HEAD 415V/50Hz - GF822","TESTA ""I"" VERSIONE C - 415V/50Hz - GF822",
8068759161-01,TESTA L VERS. C GF822 - 220/50,"""L/C"" HEAD 220V/50Hz - GF822","TESTA ""L"" VERSIONE C - 220V/50Hz - GF822",
5603529572-01,TESTA L VERS. C GF822 - 380/50,"""L/C"" HEAD 380V/50Hz - GF822","TESTA ""L"" VERSIONE C - 380V/50Hz - GF822",
2146259595-01,TESTA L VERS. C GF822 - 415/50,"""L/C"" HEAD 415V/50Hz - GF822","TESTA ""L"" VERSIONE C - 415V/50Hz - GF822",
4148270973-01,A DOTAZIONE GF822,GF822 EQUIPMENT,DOTAZIONE GF822,
6403421551-01,GRUPPO BASAMENTO UNITA' BASE,BASE BASIC UNIT,BASAMENTO UNITÀ BASE,
8002282259-00,DISP.RADDRIZZ. TUBO IN ROTOLO GF822,TUBE STRAIGHTENER DEVICE IN ROLL GF822,,
1889389499-01,UNITA' OPER. TRASVERSALE - 220/50,CROSS OPERATING UNIT 220V/50Hz,UNITÀ OPERATRICE TRASVERSALE - 220V/50Hz,
9232045153-01,UNITA' OPER. TRASVERSALE - 380/50,CROSS OPERATING UNIT 380V/50Hz,UNITÀ OPERATRICE TRASVERSALE - 380V/50Hz,
8442939901-01,UNITA' OPER. TRASVERSALE - 415/50,CROSS OPERATING UNIT 415V/50Hz,UNITÀ OPERATRICE TRASVERSALE - 415V/50Hz,
7517723263-01,UNITA' OPER. LONGITUDINALE - 220/50,LONGITUDINAL OPERATING UNIT 220V/50Hz,UNITÀ OPERATRICE LONGITUDINALE - 220V/50Hz,
7607185489-01,UNITA' OPER. LONGITUDINALE - 380/50,LONGITUDINAL OPERATING UNIT 380V/50Hz,UNITÀ OPERATRICE LONGITUDINALE - 380V/50Hz,
6153103736-01,UNITA' OPER. LONGITUDINALE - 415/50,LONGITUDINAL OPERATING UNIT 415V/50Hz,UNITÀ OPERATRICE LONGITUDINALE - 415V/50Hz,
5066937985-01,TESTINA A DUE FUSI REGISTRAB. GF822,GF822 ADJUSTABLE TWO SPINDLE DRILL. HEAD,TESTINA A DUE FUSI REGISTRABILI - GF822,
5911431612-01,A-TRASPORTATORE TRUCIOLI A COCLEA A,AUGER CHIP CONVEYOR 220-380V/50Hz,TRASPORTATORE TRUCIOLI A COCLEA - 220-380V/50Hz,
0620210721-01,TESTINA A 2 FUSI REGISTRABILI,ADJUSTABLE TWO SPINDLE DRILLING HEAD,TESTINA A DUE FUSI REGISTRABILI,
6735329265-01,TESTINA A DUE FUSI REGISTR. *MAFETK*,MAFETK ADJUSTABLE TWO SPINDLE DRILL. HEAD,TESTINA A DUE FUSI REGISTRABILI MAFETK,
7016322831-01,MANICOTTO MONTAGGIO TESTINA 2 FUSI,HEAD MOUNTING SLEEVE 2 SPINDLES,MANICOTTO MONTAGGIO TESTINA A 2 FUSI,
2442176423-01,MANICOTTO MONT.TESTINA 2 FUSI MAFETK,MAFETK HEAD MOUNTING SLEEVE 2 SPINDLES,MANICOTTO MONTAGGIO TESTINA A 2 FUSI MAFETK,
68225656NB-00,TESTINA SPECIALE PER SMUSS. - GF822,SPECIAL CHAMFER HEAD GF822,,
9828272090-00,IMPIANTO SUPPL. MICRONEBBIA GF822,GF822 MICRO MIST SYSTEM SUPPLEMENT,,
9368493341-01,GRUPPO MORSA-SQUADRA ORIZZONTALE CO,CLAMP - FULL HORIZONTAL SQUARE,MORSA-SQUADRA ORIZZONTALE COMPLETA,
0032414028-01,TRASPORTATORE TRUCIOLI SOVA,"""SOVA"" CHIP CONVEYOR","TRASPORTATORE TRUCIOLI ""SOVA""",
1229337957-01,GF822 COMPL.PER NORME FRANCESI,GF822 FRENCH STANDARDS COMPLEMENT,COMPLEMENTO NORME FRANCESI - GF822,
9267062450-01,GRUPPO TESTA - FARFALLA - PENDOLO B,HEAD - BUTTERFLY - BASIC PENDULUM,TESTA - FARFALLA - PENDOLO BASE,
7209559119-01,SORGENTE LASER VECORAZ M140 220/50,"""VECORAZ"" M140 LASER SOURCE 220V/50Hz",SORGENTE LASER VECORAZ M140 - 220V/50Hz,
9801057031-01,SORGENTE LASER VECORAZ L1200,"""VECORAZ"" L1200 LASER SOURCE",SORGENTE VECORAZ L1200,
1963621395-01,INTEGR. ZK489 LASER R.S. DC15-DC20,ZK489 LASER RS DC15-DC20 INTEGRATION,INTEGRAZIONE LASER RS DC15-DC20 - ZK489,
3673856401-01,ULTER. INTEGR. LASER R.S. DC15-DC20,LASER RS DC15-DC20 INTEGRATION,INTEGRAZIONE LASER RS DC15-DC20,
1902558252-01,ACCELERATORE BOOSTER ZK489,ZK489 BOOSTER ACCELERATOR,ACCELERATORE BOOSTER - ZK489,
8745354346-01,GENERATORE D'IMPULSI GPG 5000,GPG 5000 PULSE GENERATOR,GENERATORE D'IMPULSI GPG 5000,
6149838357-01,GENERATORE D'IMPULSI PPG 2000,PPG 2000 PULSE GENERATOR,GENERATORE D'IMPULSI PPG 2000,
5160118310-01,REFRIG.PER LASER MAX 1200W - 220/50,LASER CHILER MAX 1200W 220V/50Hz,REFRIGERATORE LASER MAX 1200W - 220V/50Hz,
5325045501-01,REFRIG.PER LASER MAX 1200W - 380/50,LASER CHILER MAX 1200W 380V/50Hz,REFRIGERATORE LASER MAX 1200W - 380V/50Hz,
7763980288-01,REFRIG.PER LASER MAX 1200W - 415/50,LASER CHILER MAX 1200W 415V/50Hz,REFRIGERATORE LASER MAX 1200W - 415V/50Hz,
0393107411-01,REFRIGER. LASER 1500/1700W 220/50,LASER CHILER 1500/1700W 220V/50Hz,REFRIGERATORE LASER 1500/1700W - 220V/50Hz,
8692761663-01,REFRIGER. LASER 1500/1700W 380/50,LASER CHILER 1500/1700W 380V/50Hz,REFRIGERATORE LASER 1500/1700W - 380V/50Hz,
3062163266-01,REFRIGER. LASER 1200/1700W 415/50,LASER CHILER 1200/1700W 415V/50Hz,REFRIGERATORE LASER 1200/1700W - 415V/50Hz,
1262291548-01,REFRIGER. LASER 2000W 220/50,LASER CHILER 2000W 220V/50Hz,REFRIGERATORE LASER 2000W - 220V/50Hz,
4421026898-01,REFRIGER. LASER 2000W 380/50,LASER CHILER 2000W 380V/50Hz,REFRIGERATORE LASER 2000W - 380V/50Hz,
1052603557-01,REFRIGER. LASER 2000W 415/50,LASER CHILER 2000W 415V/50Hz,REFRIGERATORE LASER 2000W - 415V/50Hz,
8497318880-01,REFRIGERATORE LASER FINO A 2000W,LASER CHILER UP TO 2000W,REFRIGERATORE LASER FINO A 2000W,
8993279706-01,REFRIGERATORE LASER PER DC15/20/25,LASER CHILER FOR DC15/20/25,REFRIGERATORE LASER PER DC15/20/25,
3180215997-01,REFRIGERATORE LASER 3000W 460/60,LASER CHILER 3000W 460V/60Hz,REFRIGERATORE LASER 3000W - 460V/60Hz,
8916201765-01,REFRIG. LASER DC25/DC-K 25 400/50,LASER CHILER DC25/DC-K 25 400V/50Hz,REFRIGERATORE LASER DC25/DC-K 25 - 400V/50Hz,
9988473575-01,REFRIG. LASER DC30/DC-K 30 400/50,LASER CHILER DC30/DC-K 30 400V/50Hz,REFRIGERATORE LASER DC30/DC-K 30 - 400V/50Hz,
2872705215-01,REFRIGERATORE LASER PER DC35,LASER CHILER FOR DC35,REFRIGERATORE LASER PER DC35,
1903801788-01,REFRIG.LASER DC30 FAFIL 400/50,LASER CHILER DC30 400V/50Hz - FAFIL,REFRIGERATORE LASER DC30 - 400V/50Hz - FAFIL,
1590604848-01,REFRIGERATORE LASER PER MUM 2500,LASER CHILER FOR MUM 2500,REFRIGERATORE LASER PER MUM 2500,
2227370413-01,REFR. OTTICHE-MOTORE PER ZK128D,ZK128D LASER CHILER LENSES-MOTOR,REFRIGERATORE OTTICHE-MOTORE - ZK128D,
0516874159-01,REFR. LASER PER DICA 1000 PER ZK932,ZK932 LASER CHILER DICA 1000,REFRIGERATORE LASER DICA 1000 - ZK932,
7179481709-01,REFR. LASER ZK932 DICA 1000 460-60,ZK932 LASER CHILER DICA 1000 460V/60Hz,REFRIGERATORE LASER DICA 1000 - 460V/60Hz - ZK932,
7231686663-01,REFRIG.LASER DC30/DC30K 400/50,LASER CHILER DC30/DC30K 400V/50Hz,REFRIGERATORE LASER DC30/DC30K - 400V/50Hz,
4322063146-01,REFRIG.LASER DC35/D35K 400/50,LASER CHILER DC35/D35K 400V/50Hz,REFRIGERATORE LASER DC35/D35K - 400V/50Hz,
5618240616-01,REFRIG. LASER DC25/DC-K 25 480/60,LASER CHILER DC25/DC-K 25 480V/60Hz,REFRIGERATORE LASER DC25/DC-K 25 - 480V/60Hz,
9664372801-01,REFR.LASER DC30/DC35 400/50 KOTEM,LASER CHILER KOTEM DC30/DC35 400V/50Hz,REFRIGERATORE LASER DC30/DC35 KOTEM - 400V/50Hz,
6229466482-01,REFRIG.LASER DC35/DC35K 480/60,LASER CHILER DC35/DC35K 480V/60Hz,REFRIGERATORE LASER DC35/DC35K - 480V/60Hz,
5498148573-01,REFR.LASER DC30/DC35 480/60 KOTEM,LASER CHILER KOTEM DC30/DC35 480V/60Hz,REFRIGERATORE LASER DC30/DC35 KOTEM - 480V/60Hz,
6183656205-01,REFRIG.LASER DC45/DC50 400/50,LASER CHILER DC45/DC50 400V/50Hz,REFRIGERATORE LASER DC45/DC50 - 400V/50Hz,
9282673143-01,REFRIG.LASER DC30/DC30K 460/60,LASER CHILER DC30/DC30K 460V/60Hz,REFRIGERATORE LASER DC30/DC30K - 460V/60Hz,
5406839698-01,REFRIG.LASER DC45 380/60,LASER CHILER DC45 380V/60Hz,REFRIGERATORE LASER DC45 - 380V/60Hz,
7825121014-01,REFRIGERATORE IMPIANTI NOZUT,NOZUT LASER CHILER,REFRIGERATORE IMPIANTI NOZUT,
8224407525-01,ZB1 - REFRIGERAZIONE IMPIANTI,ZB1 REFRIGERATION SYSTEM,IMPIANTO REFRIGERAZIONE - ZB1,
3754190033-01,REFRIG.LASER YLS3000 400/50,LASER CHILER YLS3000 400V/50Hz,REFRIGERATORE LASER YLS3000 - 400V/50Hz,
3754190033-02,REFRIG.LASER YLS3000 - YLS4000,LASER CHILER YLS3000-4000 400V/50Hz,,
6817124544-01,REFRIG.LASER YLS3000 480/60,LASER CHILER YLS3000 480V/60Hz,REFRIGERATORE LASER YLS3000 - 480V/60Hz,
7528080361-01,REFRIG.LASER YLS5000,LASER CHILER YLS5000,REFRIGERATORE LASER YLS5000,
7528080361-02,REFRIG.LASER YLS5000 -YLS6000,LASER CHILER YLS5000-6000,,
1750164635-01,REFRIG.LASER YLS2000 -YLS5000,LASER CHILER YLS2000-5000,REFRIGERATORE LASER YLS2000 -YLS5000,
2429991837-01,REFRIGERATORE LASER ALTA POTENZA,HIGH POWER LASER CHILLER,REFRIGERATORE LASER ALTA POTENZA,
2285679468-01,REFRIG. GAKIBE LASER 2000-5000,LASER CHILER GAKIBE 2000-5000W,REFRIGERATORE LASER GAKIBE 2000-5000,
1891858546-01,REFRIG.LASER YLS2000 -YLS5000 NOSEDITAK,LASER CHILER NOSEDITAK YLS2000-5000,REFRIGERATORE LASER YLS2000 -YLS5000 NOSEDITAK,
1839600425-01,REFRIG.LASER YLS2000 400/50,LASER CHILER YLS2000 400V/50Hz,REFRIGERATORE LASER YLS2000 - 400V/50Hz,
0651878800-01,REFRIG.LASER YLS2000 480/3/60,LASER CHILER YLS2000 480V/60Hz,REFRIGERATORE LASER YLS2000 - 480V/60Hz,
2023761749-01,REFRIGERATORE LASER YLR 1000 400/50,LASER CHILER YLR1000 400V/50Hz,REFRIGERATORE LASER YLR 1000 - 400V/50Hz,
0619874670-01,REFRIGERATORE LASER YLR 1000 480/60,LASER CHILER YLR1000 480V/60Hz,REFRIGERATORE LASER YLR 1000 - 480V/60Hz,
2556158423-01,REFRIGERATORE LASER KOTEM WRAC844 41.2KW,"LASER CHILLER KOTEM WRAC844261ZA 41,2kW",,
2002296146-01,REFRIGERATORE OTTICHE ZK96FIBER,ZK96FIBER CHILLER OPTICS /50-60Hz,,
2002426772-01,LASER SERUNN FEKOT MOD. DC25 380/50,LASER SERUNN FEKOT DC25 380V/50Hz,LASER SERUNN FEKOT DC25 - 380V/50Hz,
6768899509-01,LASER SERUNN FEKOT RS 2000 380/50,LASER SERUNN FEKOT RS 2000 380V/50Hz,LASER SERUNN FEKOT RS 2000 - 380V/50Hz,
1687821299-01,LASER SERUNN FEKOT MOD. DC15 380/50,LASER SERUNN FEKOT DC15 380V/50Hz,LASER SERUNN FEKOT DC15 - 380V/50Hz,
3727014389-01,LASER SERUNN FEKOT MOD. DC20 380/50,LASER SERUNN FEKOT DC20 380V/50Hz,LASER SERUNN FEKOT DC20 - 380V/50Hz,
4241459226-01,LASER CO2 DICA 1000 WATT 380/50,DICA 1000W CO2 LASER SOURCE 380V/50Hz,LASER CO2 DICA 1000 WATT - 380V/50Hz,
1098660922-01,LASER CO2 DICA 1700 WATT 380/50,DICA 1700W CO2 LASER SOURCE 380V/50Hz,LASER CO2 DICA 1700 WATT - 380V/50Hz,
3277581488-01,LASER CO2 DICA 2000 WATT 380/50,DICA 2000W CO2 LASER SOURCE 380V/50Hz,LASER CO2 DICA 2000 WATT - 380V/50Hz,
2816100661-01,SIST.POLARIZZAZIONE CIRC.LASER R.S.,RS LASER CIRCULAR POLARIZATION SYSTEM,SISTEMA POLARIZZAZIONE CIRCOLARE LASER RS,
8527860195-01,LASER SERUNN FEKOT MOD. DC25 KOMPAKT,LASER SERUNN FEKOT DC25 KOMPAKT,LASER SERUNN FEKOT MODELLO DC25 KOMPAKT,
8404801831-01,LASER SERUNN FEKOT DC025-K PROFIBUS,LASER SERUNN FEKOT DC025-K PB,LASER SERUNN FEKOT DC025-K PB,
6664955899-01,LASER SERUNN DC025-K PROFIBUS SLAB3,LASER SERUNN FEKOT DC025-K PB SLAB3,LASER SERUNN DC025-K PB SLAB3,
1547815929-01,LASER DI ALLINEAMENTO COB PER R.S.,RS COB LASER ALIGNMENT,LASER DI ALLINEAMENTO COB PER RS,
9562343037-01,LASER SERUNN FEKOT MOD. DC30 KOMPAKT,LASER SERUNN FEKOT DC30 KOMPAKT,LASER SERUNN FEKOT MODELLO DC30 KOMPAKT,
6702595578-01,LASER SERUNN FEKOT DC030-K PROFIBUS,LASER SERUNN FEKOT DC030-K PB,LASER SERUNN FEKOT DC030-K PB,
0197089914-01,LASER SERUNN DC030-K PROFIBUS SLAB3,LASER SERUNN FEKOT DC030-K PB SLAB3,LASER SERUNN DC030-K PB SLAB3,
7344740764-01,LASER SERUNN FEKOT DC035 COMPACT,LASER SERUNN FEKOT DC035 COMPACT,LASER SERUNN FEKOT DC035 COMPACT,
5940884970-01,LASER SERUNN FEKOT DC035-K PROFIBUS,LASER SERUNN FEKOT DC035-K PB,LASER SERUNN FEKOT DC035-K PB,
5830036858-01,LASER SERUNN FEKOT DC035 PROFIBUS,LASER SERUNN FEKOT DC035 PB,LASER SERUNN FEKOT DC035 PB,
5744992534-01,LASER SERUNN DC035-K PROFIBUS SLAB3,LASER SERUNN FEKOT DC035-K PB SLAB3,LASER SERUNN DC035-K PB SLAB3,
0299792822-01,DISPOSITIVO ANTIRIFLESSO,ANTI-GLARE DEVICE,DISPOSITIVO ANTIRIFLESSO,
9014148650-01,LASER SERUNN FEKOT MOD. DC15 KOMPAKT,LASER SERUNN FEKOT DC15 KOMPAKT,LASER SERUNN FEKOT MODELLO DC15 KOMPAKT,
1329195670-01,LASER SERUNN FEKOT MOD. DC20 KOMPAKT,LASER SERUNN FEKOT DC20 KOMPAKT,LASER SERUNN FEKOT MODELLO DC20 KOMPAKT,
2908657547-01,LASER SERUNN FEKOT DC020-K PROFIBUS,LASER SERUNN FEKOT DC020-K PB,LASER SERUNN FEKOT DC020-K PB,
3260382069-01,LASER SERUNN DC020-K PROFIBUS SLAB3,LASER SERUNN FEKOT DC020-K PB SLAB3,LASER SERUNN DC020-K PB SLAB3,
8225423164-01,LASER SERUNN FEKOT MOD. DC30,LASER SERUNN FEKOT DC30,LASER SERUNN FEKOT MODELLO DC30,
5152607426-01,LASER SERUNN FEKOT MOD. DC35,LASER SERUNN FEKOT DC35,LASER SERUNN FEKOT MODELLO DC35,
5474446106-01,SORGENTE LASER MUM. STS 2500,"""MUM"" STS2500 LASER SOURCE",SORGENTE LASER MUM STS 2500,
3859936353-01,SORGENTE LASER MUM. STS 3000,"""MUM"" STS3000 LASER SOURCE",SORGENTE LASER MUM STS 3000,
2939539953-01,LASER DICA. BLADE 1000 PER ZK128D,ZK128D DICA BLADE 1000W LASER SOURCE,LASER DICA BLADE 1000 - ZK128D,
0588679402-01,LASER DICA. BLADE 1000 PER ZK932,ZK932 DICA BLADE 1000W LASER SOURCE,LASER DICA BLADE 1000 - ZK932,
8972846153-01,LASER DICA.BLADE 1000 60HZ X ZK932,ZK932 DICA BLADE 1000W LAS. SOURCE 60Hz,LASER DICA BLADE 1000 60Hz- ZK932,
2999262624-01,LASER ZOBAPANS DC040-K SLAB3,LASER ZOBAPANS DC040-K SLAB3,LASER ZOBAPANS DC040-K SLAB3,
8523828087-01,LASER SERUNN FEKOT MOD. DC45,LASER SERUNN FEKOT DC45,LASER SERUNN FEKOT MODELLO DC45,
9386817546-01,LASER SERUNN FEKOT DC045-K,LASER SERUNN FEKOT DC045-K,LASER SERUNN FEKOT DC045-K,
5555283306-01,LASER SERUNN DC045-K SLAB III,LASER SERUNN FEKOT DC045-K SLAB III,LASER SERUNN DC045-K SLAB III,
0067654860-01,LASER R.S. DC015 PER ZK932 E ZK128D,ZK932/ZK128D LASER RS DC015,LASER RS DC015 - ZK932/ZK128D,
3236595102-01,LASER R.S. DC020 PER ZK932 E ZK128D,ZK932/ZK128D LASER RS DC020,LASER RS DC020 - ZK932/ZK128D,
6336582779-01,LASER FIBRA YLS3000,LASER FIBER YLS3000,LASER FIBRA YLS3000,
6336582779-02,LASER FIBRA YLS3000 CUT,LASER FIBER YLS3000 CUT,,
6336582779-03,DODEVE - LASER FIBRA YLS3000 CUT,DODEVE LASER FIBER YLS3000 CUT,,
9047790081-02,ZK0 FIBER - LASER FIBRA YLS3000,ZK0FIBER LASER FIBER YLS3000,,
6656941315-01,LASER FIBRA YLS4000 CUT,LASER FIBER YLS4000 CUT,LASER FIBRA YLS4000 CUT,
6459034115-01,LASER FIBRA YLS4000,LASER FIBER YLS4000,LASER FIBRA YLS4000,
6459034115-02,ZK0 FIBER - LASER FIBRA YLS4000,ZK0FIBER LASER FIBER YLS4000,,
6515164202-01,LASER FIBRA YLS5000 CUT,LASER FIBER YLS5000 CUT,LASER FIBRA YLS5000 CUT,
6060882637-01,LASER FIBRA YLS5000,LASER FIBER YLS5000,LASER FIBRA YLS5000,
2981912254-01,LASER FIBRA YLS2000,LASER FIBER YLS2000,LASER FIBRA YLS2000,
8629219445-01,LASER FIBRA YLS6000 CUT,LASER FIBER YLS6000 CUT,LASER FIBRA YLS6000 CUT,
7580939469-01,LASER FIBRA YLS8000 CUT PROFIBUS,LASER FIBER YLS8000 CUT PB,LASER FIBRA YLS8000 CUT PB,
2497922840-01,LASER FIBRA YLS2000 U - 50UM,LASER FIBER YLS2000 U 50µm,LASER FIBRA YLS2000 U - 50µm,
1042434358-01,LASER FIBRA YLS 3000 U - 50UM,LASER FIBER YLS3000 U 50µm,LASER FIBRA YLS3000 U 50µm,
2920029078-01,LASER FIBRA YLS 4000 U - 50UM,LASER FIBER YLS4000 U 50µm,LASER FIBRA YLS 4000 U - 50µm,
4917619309-01,LASER FIBRA YLS 4000 U - 100UM,LASER FIBER YLS4000 U 100µm,LASER FIBRA YLS 4000 U - 100µm,
8901177309-01,LASER FIBRA YLS 3000 U - 100UM,LASER FIBER YLS3000 U 100µm,LASER FIBRA YLS 3000 U - 100µm,
0840206902-01,LASER FIBRA YLR1000,LASER FIBER YLR1000,LASER FIBRA YLR1000,
6506029552-01,LASER FIBRA YLS5000 U,LASER FIBER YLS5000 U 50µm 20m,LASER FIBRA YLS5000 U 50µm 20m,
8564618881-01,LASER FIBRA YLS6000 U,LASER FIBER YLS6000 U 100µm 20m,LASER FIBRA YLS6000 U 100µm 20m,
5199230960-01,LASER FIBRA YLS8000 U,LASER FIBER YLS8000 U,LASER FIBRA YLS8000 U,
2205315060-01,LASER FIBRA YLS10000 U,LASER FIBER YLS10000 U 100µm 20m PB,LASER FIBRA YLS10000 U PB 100µm 20m,
0119369245-01,LASER FIBRA YLS 4+3 AMB PROFIBUS,LASER FIBER YLS 4+3 AMB PB,LASER FIBRA YLS 4+3 AMB PB,
7789224835-01,LASER FIBRA PIDIPUT CFL 2000 PROFIB.,LASER FIBER PIDIPUT CFL 2000 PB,LASER FIBRA PIDIPUT CFL 2000 PB,
9139689331-01,LASER FIBRA PIDIPUT CFL 3000 PROFIB.,LASER FIBER PIDIPUT CFL 3000 PB,LASER FIBRA PIDIPUT CFL 3000 PB,
1250155763-01,LASER FIBRA YLS3000 U PROFIBUS L=25M,LASER FIBER YLS3000 U 50µm 25m PB,LASER FIBRA YLS3000 U PB 50µm 25m,
7880412965-01,LASER FIBRA YLS4000 U PROFIBUS L=25M,LASER FIBER YLS4000 U 100µm 25m PB,LASER FIBRA YLS4000 U PB 100µm 25m,
2083192263-01,LASER FIBRA YLS5000 U PROFIBUS L=25M,LASER FIBER YLS5000 U 100µm 25m PB,LASER FIBRA YLS5000 U PB 100µm 25m,
5302042310-01,LASER FIBRA YLS 4+4 AMB PROFIBUS,LASER FIBER YLS 4+4 AMB PB,LASER FIBRA YLS 4+4 AMB PB,
2210195717-01,LASER FIBRA YLS12000 CUT PROFIBUS,LASER FIBER YLS12000 CUT 100µm 20m PB,LASER FIBRA YLS12000 CUT PB 100µm 20m,
3302564463-01,LASER VOT AMB U 3+3 - 50/150UM,LASER VOT AMB U 3+3 50/150µm,LASER VOT AMB U 3+3 - 50/150µm,
8148150760-01,LASER VOT AMB U 4+3 - 50/150UM,LASER VOT AMB U 4+3 50/150µm,LASER VOT AMB U 4+3 - 50/150µm,
6337916431-01,LASER VOT AMB U 4+4 - 50/150UM,LASER VOT AMB U 4+4 50/150µm,LASER VOT AMB U 4+4 - 50/150µm,
8199710766-01,LASER FIBRA YLS 5000-U 50UM 15MT,LASER FIBER YLS5000-U 50µm 15m,LASER FIBRA YLS5000-U 50µm 15m,
9831870029-01,LASER FIBRA YLS20000 CUT PROFIBUS,LASER FIBER YLS20000 CUT 100µm 20m PB,LASER FIBRA YLS20000 CUT PB 100µm 20m,
8670997098-01,LASER FIBRA YLS6000 U PROFINET,LASER FIBER YLS6000 U 100µm 20m PN,LASER FIBRA YLS6000 U PN 100µm 20m,
4865384442-01,LASER FIBRA YLS8000 U PROFINET,LASER FIBER YLS8000 U 100µm 20m PN,LASER FIBRA YLS8000 U PN 100µm 20m,
9872539337-01,LASER FIBRA YLS10000 U PROFINET,LASER FIBER YLS10000 U 100µm 20m PN,LASER FIBRA YLS10000 U PN 100µm 20m,
3194808814-01,LASER FIBRA YLS12000 CUT PROFINET,LASER FIBER YLS12000 CUT 100µm 20m PN,LASER FIBRA YLS12000 CUT PN 100µm 20m,
8406135334-01,LASER FIBRA PIDIPUT 3000 PROFINET,LASER FIBER PIDIPUT 3000 50µm 20m PN,LASER FIBRA PIDIPUT 3000 PN 50µm 20m,
4368727473-01,LASER FIBRA PIDIPUT 4000 PROFINET,LASER FIBER PIDIPUT 4000 50µm 20m PN,LASER FIBRA PIDIPUT 4000 PN 50µm 20m,
3658741639-01,LASER FIBRA YLS5000 U PROFINET,LASER FIBER YLS5000 U 50µm 15m PN,LASER FIBRA YLS5000 U PN 50µm 15m,
2631879103-01,LASER FIBRA YLS4000 U PROFINET,LASER FIBER YLS4000 U 50µm 20m PN,LASER FIBRA YLS4000 U PN 50µm 20m,
0378245648-01,LASER FIBRA YLS20000 STD PROFINET L=25M,LASER FIBER YLS20000 STD 100µm 25m PN,LASER FIBRA YLS20000 STD PN 100µm 20m,
6701109360-01,LASER VOT AMB U 5+3 - 50/150UM PROFIBUS,LASER VOT AMB U 5+3 50/150µm PB,LASER VOT AMB U 5+3 - 50/150µm PB,
7449058711-01,LASER FIBRA YLS12000 STD PROFINET,LASER FIBER YLS12000 STD 100µm 20m PN,LASER FIBRA YLS12000 STD PN 100µm 20m,
2255517010-01,LASER FIBRA YLS12000 STD PROFIBUS,LASER FIBER YLS12000 STD 100µm 20m PB,LASER FIBRA YLS12000 STD PB 100µm 20m,
3863854251-01,LASER FIBRA YLS2000 U - 50UM - PROFINET,LASER FIBER YLS2000 U 50µm PN,LASER FIBRA YLS2000 U - 50µm PN,
3033354084-01,LASER FIBRA YLS3000 U - 50UM - PROFINET,LASER FIBER YLS3000 U 50µm PN,LASER FIBRA YLS3000 U - 50µm PN,
8111857699-01,LASER FIBRA YLS4000 U - 50UM - PROFINET,LASER FIBER YLS4000 U 50µm PN,LASER FIBRA YLS4000 U - 50µm PN,
4677205861-01,LASER FIBRA YLS5000 U - 50UM - PROFINET,LASER FIBER YLS5000 U 50µm PN,LASER FIBRA YLS5000 U - 50µm PN,
9904688524-01,LASER FIBRA PIDIPUT CFL 2000 PROFINET,LASER FIBER PIDIPUT CFL 2000 PN,LASER FIBRA PIDIPUT CFL 2000 PN,
1768601908-01,LASER FIBRA PIDIPUT CFL 3000 PROFINET,LASER FIBER PIDIPUT CFL 3000 PN,LASER FIBRA PIDIPUT CFL 3000 PN,
5938625275-01,LASER VOT YLS 6000 U - 100UM 30M – PN,LASER VOT YLS6000 U 100µm 30m PN,LASER VOT YLS6000 U 100µm 30m PN,
0518563936-01,LASER VOT YLS 8000 U - 100UM 30M - PN,LASER VOT YLS8000 U 100µm 30m PN,LASER VOT YLS8000 U 100µm 30m PN,
0630566371-01,LASER VOT YLS 10000 U - 100UM 30M – PN,LASER VOT YLS10000 U 100µm 30m PN,LASER VOT YLS10000 U 100µm 30m PN,
8270122771-01,LASER VOT YLS 12000 STD - 100UM 30M – PN,LASER VOT YLS12000 STD 100µm 30m PN,LASER VOT YLS12000 STD 100µm 30m PN,
1539552864-01,LASER PIDIPUT CFL 3000 - 50UM 30M - PN,LASER PIDIPUT CFL 3000 50µm 30m PN,LASER PIDIPUT CFL 3000 50µm 30m PN,
7089956126-01,LASER PIDIPUT CFL 4000 - 50UM 30M – PN,LASER PIDIPUT CFL 4000 50µm 30m PN,LASER PIDIPUT CFL 4000 50µm 30m PN,
3907467982-01,LASER VOT AMB U 4+3 - 50/150UM 20M - PN,LASER VOT AMB U 4+3kW 50/150µm 20m PN,LASER VOT AMB U 4+3kW 50/150µm 20m PN,
6667617532-01,LASER VOT AMB U 4+4 - 50/150UM 20M - PN,LASER VOT AMB U 4+4kW 50/150µm 20m PN,LASER VOT AMB U 4+4kW 50/150µm 20m PN,
5688782667-01,LASER VOT AMB U 5+3 - 50/150UM 20M - PN,LASER VOT AMB U 5+3kW 50/150µm 20m PN,LASER VOT AMB U 5+3kW 50/150µm 20m PN,
0946189866-01,LASER VOT AMB U 3+3 - 50/150UM 20M - PN,LASER VOT AMB U 3+3kW 50/150µm 20m PN,LASER VOT AMB U 3+3kW 50/150µm 20m PN,
8117977108-01,LASER FIBRA YLS6000 U 50UM 20M PB CUSTM,LASER FIBER YLS6000 U 50µm 20m PB,LASER FIBRA YLS6000 U 50µm 20m PB,
9882203505-01,LASER FIBRA YLS6000 U 50UM 20M PN CUSTM,LASER FIBER YLS6000 U 50µm 20m PN,LASER FIBRA YLS6000 U 50µm 20m PN,
7384883914-01,LASER VOT YLS 3000 U - 50UM 20M – PN,LASER FIBER YLS3000 U 50µm 20m PN,,
7121336074-01,LASER VOT YLS 5000 U - 50UM 20M – PN,LASER FIBER YLS5000 U 50µm 20m PN,,
9393589589-01,LASER VOT YLS-U 5kW 100UM 20M PN,LASER FIBER YLS5000 U 100µm 20m PN,,
8419169568-01,LASER FIBRA MAX PHOTONICS 3000W,LASER FIBER MAX PHOTONICS 3000W,,
5545734760-01,LASER PIDIPUT CFX 5KW 50/175/330UM 20M PN,LASER FIBER PIDIPUT CFX 5000 300µm 20m PN,,
1681042320-01,LASER FIBRA SERUNN FL020,LASER FIBER SERUNN FL020,LASER FIBRA SERUNN FL020,
0536212989-01,DIRECT DIODE LASER 2000W,DIRECT DIODE LASER 2000W,DIRECT DIODE LASER 2000W,
6170674240-01,CARICATORE SEMIAUT. LAMIERE WF722,WF722 SEMIAUTOMATIC SHEET METAL LOADER,CARICATORE SEMIAUTOMATICO LAMIERE - WF722,
5437582713-01,INTEGRAZIONE CON LASER VECORAZ,VECORAZ LASER INTEGRATION,INTEGRAZIONE CON LASER VECORAZ,
2005616821-01,SISTEMA AUTOM. CAMBIO PALLET WF722,WF722 AUTOMATIC PALLET CHANGE SYSTEM,SISTEMA AUTOMATICO CAMBIO PALLET - WF722,
9693738326-01,SIST.CAMBIO PALLET WF722 V.380/50,WF722 PALLET CHANGE SYSTFG 702V/50H,SISTEMA CAMBIO PALLET - 380V/50Hz - WF722,
5996173462-01,SIST.CAMBIO PALLET WF722 V.415/50,WF722 PALLET CHANGE SYSTFG 698V/50H,SISTEMA CAMBIO PALLET - 415V/50Hz - WF722,
9186384902-01,CAMBIO PALLET MANUALE WF722,WF722 MANUAL PALLET CHANGE,CAMBIO PALLET MANUALE - WF722,
0748043857-01,INTEGR. WF722 CON LASER SERUNN FEKOT,WF722 LASER SERUNN FEKOT INTEGRATION,INTEGRAZIONE WF722 CON LASER SERUNN FEKOT,
6333284149-01,INTEGRAZIONE CON SERUNN FEKOT 2000,INTEGRATION WITH SERUNN FEKOT LASER 2000,INTEGRAZIONE CON SERUNN FEKOT 2000,
4547756846-01,ASPIRATORE FUMI DA 8000 MC/H 220/50,FUME EXTRACTOR 8000MC/H 220V/50Hz,ASPIRATORE FUMI 8000MC/H - 220V/50Hz,
8892839030-01,ASPIRATORE FUMI DA 8000 MC/H 380/50,FUME EXTRACTOR 8000MC/H 380V/50Hz,ASPIRATORE FUMI 8000MC/H - 380V/50Hz,
2620771174-01,ASPIRATORE FUMI DA 8000 MC/H 415/50,FUME EXTRACTOR 8000MC/H 415V/50Hz,ASPIRATORE FUMI 8000MC/H - 415V/50Hz,
2071938094-01,ASPIRATORE FUMI MANAR 380/50,FUME EXTRACTOR 380V/50Hz,ASPIRATORE FUMI - 380V/50Hz - MANAR,
3598363484-01,SENSORE MATERIALE TIPO B,B-TYPE MATERIAL SENSOR,SENSORE MATERIALE TIPO B,
6165600648-01,KIT SOSTITUZ. NASTRO TRASPORTATORE,CONVEYOR BELT REPLACEMENT KIT,KIT SOSTITUZIONE NASTRO TRASPORTATORE,
4894371224-01,CAD-CAM TAGLIO LASER VERS. BASE,CAD-CAM LASER CUTTING BASIC VERSION,CAD-CAM TAGLIO LASER VERSIONE BASE,
5554789323-01,CAD-CAM TAGLIO LASER VERS. PRATICA,CAD-CAM LASER CUTTING PRACTICE VERSION,CAD-CAM TAGLIO LASER VERSIONE PRATICA,
7506623412-01,CAD-CAM TAGLIO LASER VER. COMPLETA,CAD-CAM LASER CUTTING COMPLETE VERSION,CAD-CAM TAGLIO LASER VERSIONE COMPLETA,
2591520162-01,RICODIFICA CNC IN PODAKIM E ZATUFIR,CNC RECODING IN PODAKIM AND ZATUFIR,RICODIFICA CNC IN PODAKIM E ZATUFIR,
4343473447-01,RICODIFICA ALTRI CAD IN CAM-TAGLIO,RECODE OTHER CAD IN CAM-CUT,RICODIFICA ALTRI CAD IN CAM-TAGLIO,
9225470542-01,SVILUPPO DI FIG.TRID. PER CANALIZZ.,DEVELOPM. THREE-DIMENS.L FIG. X CANALIZ.,SVILUPPO DI FIGURE TRIDIMENSIONALI PER CANALIZZAZIONI,
0047005613-01,COLLEGAMENTO DNC SU CNC PREDISPOSTI,DNC CONNECTION TO CNC SET-UP,COLLEGAMENTO DNC SU CNC PREDISPOSTI,
1215600846-01,COLLEGAM.IN PRESENZA D'INTERFERENZE,CONNECT. IN THE PRESENCE OF INTERFERENCE,COLLEGAMENTO IN PRESENZA D'INTERFERENZE,
8538309375-01,VETTORIZZAZIONE IMMAGINI CT VET,CT VET IMAGE VECTORIZATION,VETTORIZZAZIONE IMMAGINI CT VET,
0048281206-01,SOFTWARE SVILUPPO LAMIERA,SOFTWARE SHEET METAL DEVELOPMENT,SOFTWARE SVILUPPO LAMIERA,
2262235623-01,SOFTWARE CAD 2D DOLAKT,SOFTWARE CAD 2D DOLAKT,SOFTWARE CAD 2D DOLAKT,
6687322349-01,CARICATORE SEMIAUT.LAMIERE MANAR,MANAR SEMIAUTOMATIC SHEET METAL LOADER,CARICATORE SEMIAUTOMATICO LAMIERE - MANAR,
0081835767-01,CAMBIO PALLET MANAR 301 LP 380/50,MANAR301/LP PALLET CHANGE 380V/50Hz,CAMBIO PALLET 301 LP - 380V/50Hz - MANAR,
6734651954-01,INTEGR.MANAR 301 CON L.SERUNN FEKOT,MANAR 301 SERUNN FEKOT LASER INTEGRATION,INTEGRAZIONE 301 CON LASER SERUNN FEKOT - MANAR,
6233858020-01,TESTA GIDEZARE 5 H PRESS. MANAR,“GIDEZARE 5” H. PRESS. FOCUS HEAD-MANAR,TESTA GIDEZARE 5 ALTA PRESSIONE - MANAR,
2629443738-01,TESTA GIDEZARE UNIV. AK-CUF MANAR,"“GIDEZARE COT-CUF"" UNIVERSAL HEAD - MANAR","TESTA GIDEZARE UNIVERSALE ""AK-CUF"" - MANAR",
8704319268-01,"FOCALE 3,75 PER TESTA AK-CUF","3,75mm LENS HOLDER FOR HEAD ""AK-CUF""","FOCALE 3,75mm PER TESTA ""AK-CUF""",
7378600572-01,FOCALE 5 PER TESTA AK-CUF,"5mm LENS HOLDER FOR HEAD ""AK-CUF""","FOCALE 5mm PER TESTA ""AK-CUF""",
0786104765-01,"FOCALE 7,5 PER TESTA AK-CUF","7,5mm LENS HOLDER FOR HEAD ""AK-CUF""","FOCALE 7,5mm PER TESTA ""AK-CUF""",
8862442611-01,FOCALE 5 PER TESTA AK-VUS,"5mm LENS HOLDER FOR HEAD ""AK-VUS""","FOCALE 5mm PER TESTA ""AK-VUS""",
8748259744-01,MANAR CHIOCCIOLA ASSE X,"MANAR ""X"" AXIS NUT","CHIOCCIOLA ASSE ""X"" - MANAR",
2281447605-01,MANAR SINCRONISMO ASSE X,MANAR “X” AXIS SYNCHRONISM,"SINCRONISMO ASSE ""X"" - MANAR",
2541350025-01,MANAR PONTE ASSE Y,"MANAR ""Y"" AXIS BRIDGE","PONTE ASSE ""Y"" - MANAR",
2407651449-01,MANAR SCATOLA ASSE Z,"MANAR ""Z"" AXIS BOX","SCATOLA ASSE ""Z"" - MANAR",
9288256081-01,MANAR CONVOGLIATORE E TRASP.SFRIDI,MANAR SCRAP CONVEYOR,CONVOGLIATORE E TRASPORTO SFRIDI - MANAR,
5553610728-01,MANAR BLOCCAGGIO PALLET,MANAR PALLET CLAMPING,BLOCCAGGIO PALLET - MANAR,
8256640301-01,MANAR ALLINEATORE,MANAR ALIGNER,ALLINEATORE - MANAR,
7362920747-01,MANAR IMP.ELETTRICO BASE PARTE M.,MANAR BASIC ELECTR. SYSTEM MECHAN. PART,IMPIANTO ELETTRICO BASE PARTE MECCANICA - MANAR,
8509388427-01,MANAR IMP.PNEUM.-GAS-H2O BORDO M.,MANAR PNEUM. SYS GAS-H2O ONBOARD MACH.,IMPIANTO PNEUMATICO-GAS-H2O BORDO MACCHINA - MANAR,
4264189922-01,MANAR DISP.RISCONTRO MECCANICO,MANAR MECHANICAL LOCATOR DEVICE,DISPOSITIVO RISCONTRO MECCANICO - MANAR,
0914113645-01,MANAR SLITTA PORTAMIRINO,MANAR SLIDE SIGHT HOLDER,SLITTA PORTAMIRINO - MANAR,
3339943915-01,MANAR ASPIRATORE + FILTRO 380/50,MANAR SUCTION + FILTER 380V/50Hz,ASPIRATORE + FILTRO - 380V/50Hz - MANAR,
4935306149-01,MANAR GRIGLIA FINE PALLET,MANAR PALLET CHANGE FINE GRIDS,GRIGLIA FINE PALLET - MANAR,
8999594894-01,MANAR PALLET,MANAR PALLET,PALLET - MANAR,
2055105206-01,MANAR RIPARI MACCHINA,MANAR MACHINE GUARDS,RIPARI MACCHINA - MANAR,
3548937724-01,MANAR TARGHETTE LASER ITALIANO,MANAR ITALIAN LASER PLATES,TARGHETTE LASER ITALIANO - MANAR,
2866029086-01,MANAR DOTAZIONE,MANAR EQUIPMENT,DOTAZIONE - MANAR,
9802667367-01,MANAR LIBRETTI LINGUA ITALIANA,MANAR LIBRETTOS ITALIAN LANGUAGE,LIBRETTI LINGUA ITALIANA - MANAR,
4137423664-01,MANAR CAMBIO PALLET AUTOMATICO,MANAR AUTOMATIC PALLET CHANGE,CAMBIO PALLET AUTOMATICO - MANAR,
6987364122-01,MANAR DISTRIBUZIONE CAMBIO PALLET,MANAR PALLET CHANGE DISTRIBUTION,DISTRIBUZIONE CAMBIO PALLET - MANAR,
9269043004-01,MANAR SOLLEVAMENTO PALLET,PALLET LIFT- MANAR,SOLLEVAMENTO PALLET - MANAR,
7856372111-01,MANAR CENTRALINA IDR.V.220-380/50,MANAR HYDRAULIC UNIT 220-380V/50Hz,CENTRALINA IDRAULICA - 220-380V/50Hz - MANAR,
7974913150-01,MANAR CENTRALINA IDR.V.415/50,MANAR HYDRAULIC UNIT 415V/50Hz,CENTRALINA IDRAULICA - 415V/50Hz - MANAR,
8100862320-01,MANAR MOTORE CAMBIO PALLET,MANAR PALLETTE CHANGE MOTOR,MOTORE CAMBIO PALLET - MANAR,
2067335732-01,MANAR CIL.POSIZIONAMENTO PALLET,MANAR PALLET POSITIONING CYLINDER,CILINDRO POSIZIONAMENTO PALLET - MANAR,
7314763618-01,MANAR CIL.SOLLEVAMENTO PALLET,MANAR PALLET LIFT CYLINDER,CILINDRO SOLLEVAMENTO PALLET - MANAR,
2960251790-01,MANAR COMPLEMENTI BARRIERE,MANAR BARRIER COMPLEMENT,COMPLEMENTO BARRIERE - MANAR,
1481886461-01,MANAR CARICATORE LAMIERE,MANAR SHEET METAL LOADER,CARICATORE LAMIERE - MANAR,
9247226241-01,MANAR TESTA TRAVE,MANAR BEAM HEAD,TESTA TRAVE - MANAR,
9231972123-01,MANAR DISTRIBUZIONE CAR.LAMIERE,MANAR SHEET METAL LOADER DISTRIBUTION,DISTRIBUZIONE CARICATORE LAMIERE - MANAR,
9898881021-01,MANAR IMPIANTO VUOTO,MANAR VACUUM SYSTEM,IMPIANTO DEL VUOTO - MANAR,
0431247931-01,MANAR BLOCCHI VENTOSE,MANAR SUCTION CUP BLOCK,BLOCCO VENTOSE - MANAR,
8747736539-01,MANAR CILINDRO SOLL.LAMIERE,MANAR SHEET METAL LIFT CYLINDER,CILINDRO SOLLEVATORE LAMIERE - MANAR,
8886483096-01,MANAR CILINDRO LATERALE CAR.LAM.,MANAR SHEET METAL LOADER SIDE CYLINDER,CILINDRO LATERALE CARICATORE LAMIERE - MANAR,
7266215602-01,MANAR INTEGR.CON LASER SERUNN FEKOT,MANAR SERUNN FEKOT LASER INTEGRATION,INTEGRAZIONE CON LASER SERUNN FEKOT - MANAR,
2213999405-01,MANAR INTEGR.TESTA 5 ALTA PRESS.,MANAR 5S HIGH PRESSURE HEAD INTEGRATION,INTEGRAZIONE TESTA 5 ALTA PRESSIONE - MANAR,
6040729237-01,TESTA AK-CUF 591 MUSTER,"""AK-CUF"" 591 MUSTER HEAD","TESTA ""AK-CUF"" 591 MUSTER",
6377506664-01,INTEGR.TESTA AK-CUF 591 MANAR,"MANAR ""AK-CUF"" 591 HEAD INTEGRATION","INTEGRAZIONE TESTA ""AK-CUF"" 591 - MANAR",
9336998854-01,MANAR QUADRO ELETTRICO BASE,MANAR BASIC ELECTRIC PANEL,QUADRO ELETTRICO BASE - MANAR,
1353356669-01,MANAR IMPIANTO EL.BORDO MACCHINA,MANAR ELECTRICAL SYSTEM ONBOARD MACHINE,IMPIANTO ELETTRICO BORDO MACCHINA - MANAR,
1873270716-01,MANAR VARIANTE Q.EL.BASE 220/50,MANAR BASIC EL. PANEL VARIANT 220V/50Hz,VARIANTE QUADRO ELETTRICO BASE - 220V/50Hz - MANAR,
9981366032-01,MANAR VARIANTE Q.EL.BASE 380/50,MANAR BASIC EL. PANEL VARIANT 380V/50Hz,VARIANTE QUADRO ELETTRICO BASE - 380V/50Hz - MANAR,
9275249457-01,MANAR VARIANTE Q.EL.BASE 415/50,MANAR BASIC EL. PANEL VARIANT 415V/50Hz,VARIANTE QUADRO ELETTRICO BASE - 415V/50Hz - MANAR,
5894545740-01,MANAR COMPL.CAMBIO PALLET AUTOM.,MANAR AUTOMAT. PALLET CHANGE COMPLEMENT,COMPLEMENTO CAMBIO PALLET AUTOMATICO - MANAR,
9275159464-01,MANAR COMPL.ALIMENTATORE +/- 15V,MANAR +/-15V DUAL POWER SUPPLY,COMPLEMENTO ALIMENTATORE +/- 15V - MANAR,
4145151600-01,MANAR COMPL.INTERFACCIA VALV.PROP.,MANAR PROPORT. VALVE INTERFACE COMPLEM.,COMPLEMENTO INTERFACCIA VALVOLA PROPORZIONALE - MANAR,
1221857613-01,MANAR COMPL.INTERFACCIA GIDEZARE,MANAR GIDEZARE INTERFACE COMPLEMENT,COMPLEMENTO INTERFACCIA GIDEZARE - MANAR,
6436383628-01,MANAR COMPL.NASTRO EVACUATORE,MANAR SCRAP EXTRACTOR BELT COMPLEMENT,COMPLEMENTO NASTRO EVACUATORE - MANAR,
6946829639-01,MANAR COMPL.CARICATORE LAMIERE,MANAR SHEET METAL LOADER COMPLEMENT,COMPLEMENTO CARICATORE LAMIERE - MANAR,
7009555801-01,MANAR COMPL.ELETTRICO RIPARI,MANAR GUARDS ELECTRIC COMPLEMENT,COMPLEMENTO ELETTRICO RIPARI - MANAR,
2190751761-01,MANAR COMPL.Q.EL.ASPIRATORE,MANAR SUCTION ELECTRIC PANEL COMPLEMENT,COMPLEMENTO QUADRO ELETTRICO ASPIRATORE - MANAR,
2268102578-01,MANAR VARIANTE EVACUATORE 220/50,EXTRACTOR VARIANT 220V/50Hz,VARIANTE EVACUATORE - 220V/50Hz - MANAR,
5237716755-01,MANAR VARIANTE EVACUATORE 380/50,EXTRACTOR VARIANT 380V/50Hz,VARIANTE EVACUATORE - 380V/50Hz - MANAR,
4472214636-01,MANAR VARIANTE EVACUATORE 415/50,EXTRACTOR VARIANT 415V/50Hz,VARIANTE EVACUATORE - 415V/50Hz - MANAR,
2987976839-01,MANAR VARIANTE ASPIRATORE 220/50,MANAR SUCTION VARIANT 220V/50Hz,VARIANTE ASPIRATORE - 220V/50Hz - MANAR,
9652436047-01,MANAR VARIANTE ASPIRATORE 380/50,MANAR SUCTION VARIANT 380V/50Hz,VARIANTE ASPIRATORE - 380V/50Hz - MANAR,
7436520189-01,MANAR VARIANTE ASPIRATORE 415/50,MANAR SUCTION VARIANT 415V/50Hz,VARIANTE ASPIRATORE - 415V/50Hz - MANAR,
8462777943-01,MANAR COMPL.AUTOTRASF.220-380-440,MANAR TRANSFORMER 220-380-440 OMPLEMENT,COMPLEMENTO AUTOTRASFORMATORE - 220-380-440V- MANAR,
4260751783-01,MANAR COMPL.CAMBIO TAVOLA MANUALE,MANAR MANUAL PALLET CHANGE COMPLEMENT,COMPLEMENTO CAMBIO TAVOLA MANUALE - MANAR,
7907036890-01,IMPIANTO ASPIRAZIONE 4000 MC/H,SUCTION SYSTFG 6222MC/H,IMPIANTO ASPIRAZIONE 4000MC/H,
9306112801-01,IMP. ASPIRAZIONE 4000 MC/H - 380/50,SUCTION SYSTFG 6222MC/H 380V/50Hz,IMPIANTO ASPIRAZIONE 4000MC/H - 380V/50Hz,
6431471390-01,DISPOSITIVO LETTURA DI BANDA,BAND READING DEVICE,DISPOSITIVO LETTURA DI BANDA,
4555943372-01,SOFTWARE N.PIU EST.MEMORIA 60K,"SOFTWARE ""N"" + EXTERNAL MEMORY 60K","SOFTWARE ""N"" + MEMORIA ESTERNA 60K",
8109730523-01,TESTA DI FOCALIZAZIONE ROBOTIZZATA,ROBOTIZED FOCUSING HEAD,TESTA DI FOCALIZZAZIONE ROBOTIZZATA,
5058349555-01,INTEGR.WY732 TESTA GIDEZARE COT-CUF-,"GIDEZARE ""AK-CUF"" 591 HEAD INTEGRATION","INTEGRAZIONE TESTA GIDEZARE ""AK-CUF"" 591 - WY732",
1505904773-01,TESTA 5 ALTA PRESSIONE WY732,5S HIGH PRESSURE HEAD - WY732,TESTA 5 ALTA PRESSIONE - WY732,
6427766001-01,TESTA FISSA 5 PER SALDATURA,“GIDEZARE 5” FIXED HEAD,TESTA FISSA “GIDEZARE 5” PER SALDATURA,
7375615739-01,TESTA 5 BASSA PRESSIONE WY732,5S LOW PRESSURE HEAD - WY732,TESTA 5 BASSA PRESSIONE - WY732,
2894799239-01,TESTA ORIENTABILE 5 PER SALDATURA,“GIDEZARE 5” SWIVEL HEAD,TESTA ORIENTABILE 5 PER SALDATURA,
4588667682-01,"TESTA 2,5 BASSA PRESSIONE WY732","2,5S LOW PRESSURE HEAD - WY732","TESTA 2,5 BASSA PRESSIONE - WY732",
8183186721-01,BEAM EXPANDER II? - VI?,BEAM EXPANDER 2° - 6°,BEAM EXPANDER 2° - 6°,
3948176859-01,BANCO SUPPORTO MAT.FISSO 1000X2000,FIXED BENCH MATERIAL SUPPOBQ 9x2m,BANCO FISSO SUPPORTO MATERIALE 1x2m,
6362302789-01,BANCO SUPPORTO MAT.FISSO 1250X2500,"FIXED BENCH MATERIAL SUPPOBQ 9,38x2,5m","BANCO FISSO SUPPORTO MATERIALE 1,25x2,5m",
1186660506-01,BANCO MANDRINO 1000X2000,SPINDLE BENCH 1x2m,BANCO MANDRINO 1x2m,
3554528766-01,BANCO MANDRINO 1000X2000 220-380/50,SPINDLE BENCH 1x2m 220-380V/50Hz,BANCO MANDRINO 1x2m - 220-380V/50Hz,
4900279764-01,BANCO MANDRINO 1250X2500 220-380/50,"SPINDLE BENCH 1,25x2,5m 220-380V/50Hz","BANCO MANDRINO 1,25x2,5m - 220-380V/50Hz",
9594337391-01,CAMBIO PALLET CON MANDR.1250X2500,"PALLET CHANGE WITH SPINDLE 1,25x2,5m","CAMBIO PALLET CON MANDRINO 1,25x2,5m",
0294495272-01,ASPIRATORE FUMI DA 3500 MC/H 415/50,FUME EXTRACTOR 3500MC/H 415V/50Hz,ASPIRATORE FUMI 3500MC/H - 415V/50Hz,
1162203008-01,CARICATORE LAMIERE WY732 V.380/50,WY732 SHEET METAL LOADER 380V/50Hz,CARICATORE LAMIERE - 380V/50Hz - WY732,
4793961339-01,CAD-CAM LAMIERA E TUBI PRATICA,CAD-CAM SHEET METAL AND TUBE PRACTICE,CAD-CAM LAMIERA E TUBI PRATICA,
1483072850-01,CAD-CAM LAMIERA E TUBI COMPLETA,CAD-CAM SHEET METAL AND TUBE COMPLETE,CAD-CAM LAMIERA E TUBI COMPLETA,
3482127174-01,BANCO PRED.MANDR. 380/50 1250X2500,"BENCH SPINDLE SETUP 1,25x2,5m 380V/50Hz","BANCO PREDISPOSIZIONE MANDRINO 1,25x2,5m - 380V/50Hz",
2641540921-01,BANCO C.PALLET SENZA M. 1250X2500,"PALLET CHANGE BENCH W/O MACH. 1,25x2,5m","BANCO CAMBIO PALLET SENZA MACCHINA 1,25x2,5m 380V/50Hz",
9823735832-01,BANCO C.PALLET PRED.M. 1250X2500,"PALLET CHANGE BENCH MACH. 1,25x2,5m","BANCO CAMBIO PALLET PREDISPOSIZIONE MACCHINA 1,25x2,5m 380V/50Hz",
5012283514-01,MANDRINO D.170 P.BARRA D.28,D170 SPINDLE FOR D28 BAR,MANDRINO D170 PER BARRA D28,
8744145169-01,MANDRINO D.250 P.BARRA D.45,D250 SPINDLE FOR D45 BAR,MANDRINO D250 PER BARRA D45,
8148185238-01,PEDANA PER MACCH.CON CAMBIO PALLET,PLATFORM FOR MACHINE WITH PALLET CHANGE,PEDANA PER MACCHINA CON CAMBIO PALLET,
9616125464-01,CARICATORE SEMIAUT.LAMIERE 380/50,SEMIAUTOM. SHEET METAL LOADER 380V/50Hz,CARICATORE SEMIAUTOMATICO LAMIERE - 380V/50Hz,
8165724506-01,TESTA GIDEZARE UNIVERS.AK-CUF WY732,"“GIDEZARE COT-CUF"" UNIVERSAL HEAD - WY732","TESTA GIDEZARE UNIVERSALE ""AK-CUF"" - WY732",
2783176658-01,SCATOLA ASSE *Z* CORSA 150,"""Z"" AXIS BOX STROKE 150mm","SCATOLA ASSE ""Z"" CORSA 150mm",
9282291390-01,SUPPORTO SPECCHIO,MIRROR SUPPORT,SUPPORTO SPECCHIO,
7556274044-01,SPECCHI DI RINVIO FASCIO,LASER DEFLECTION MIRROR,SPECCHI DI RINVIO FASCIO,
4040186069-01,DOTAZIONE WY732 2500,WY732 2500 EQUIPMENT,DOTAZIONE WY732 2500,
2556536979-01,INTEGRAZIONE CON LASER SERUNN-FEKOT,SERUNN FEKOT LASER INTEGRATION,INTEGRAZIONE CON LASER SERUNN-FEKOT,
5594224044-01,INTEGRAZIONE LASER A DX,RIGHT LASER INTEGRATION,INTEGRAZIONE LASER A DESTRA,
7517210995-01,INTEGRAZIONE PER TESTA KOPE - WY732,WY732 “KOPE” HEAD INTEGRATION,"INTEGRAZIONE PER TESTA ""KOPE"" - WY732",
8331704258-01,ASPIRATORE DA 4500 MC/H PILEPUC,4500MC/H PILEPUC SUCTION,ASPIRATORE 4500MC/H PILEPUC,
2404556279-01,VASCA RACCOLTA SFRIDI,SCRAP COLLECTION TANK,VASCA RACCOLTA SFRIDI,
9202107198-01,PANNELLO GRIGLIA 1000X2000,GRID PANEL 1x2m,PANNELLO GRIGLIA 1x2m,
6511668602-01,RIPARI ANTINFORTUNISTICI WY732 2500,"WY732 SAFETY GUARDS L=2,5m",RIPARI ANTINFORTUNISTICI - WY732 2500,
8389209425-01,RIPARI BANCO FISSO 1250X2500,"FIXED BENCH GUARDS 1,25x2,5m","RIPARI BANCO FISSO 1,25x2,5m",
8122727287-01,RIPARI BANCO MANDRINO 1250X2500,"SPINDLE BENCH GUARDS 1,25x2,5m","RIPARI BANCO MANDRINO 1,25x2,5m",
8090072769-01,PANNELLO GRIGLIA 1250X2500,"GRID PANEL 1,25x2,5m","PANNELLO GRIGLIA 1,25x2,5m",
1689103723-01,BANCO FISSO SUPP.LAMIERA 1250X2500,"FIXED BENCH SHEET MET. SUPPOBQ 9,38x2,5m","BANCO FISSO SUPPORTO LAMIERA 1,25x2,5m",
9883061962-01,SUPPORTO E RISC.LAMIERA 1250X2500,"SHEET METAL SUPPORT-LOCATOR 1,25x2,5m","SUPPORTO E RISCONTRO LAMIERA 1,25x2,5m",
2501438500-01,SUPPORTI FISSI PALLET,FIXED PALLET SUPPORTS,SUPPORTI FISSI PALLET,
6071894658-01,PALLET FISSO 1250X2500,"FIXED PALLET 1,25x2,5m","PALLET FISSO 1,25x2,5m",
6372194520-01,SOLLEVAMENTO PALLET FISSO 1250X2500,"FIXED PALLET LIFT 1,25x2,5m","SOLLEVAMENTO PALLET FISSO 1,25x2,5m",
4672588468-01,DOTAZIONE BANCO 1250X2500,"BENCH EQUIPMENT 1,25x2,5m","DOTAZIONE BANCO 1,25x2,5m",
5311741833-01,RIPARI C.P.SENZA MANDRINO 1250X2500,"PALL. CHAN. GUARDS W/O SPINDLE 1,25x2,5m","RIPARI CAMBIO PALLET SENZA MANDRINO 1,25x2,5m",
5973709863-01,AZIONAMENTO ASSE *Y* CORSA 1250,"""Y"" AXIS DRIVE STROKE 1250mm",AZIONAMENTO ASSE Y CORSA 1250,
8595613651-01,PONTE ASSE *Y* CORSA 1250,"""Y"" AXIS BRIDGE STROKE 1250","PONTE ASSE ""Y"" CORSA 1250",
5960754622-01,AZIONAMENTO ASSE *X* CORSA 2500 D40,"""X"" AXIS DRIVE D40 STROKE 2500mm","AZIONAMENTO ASSE ""X"" CORSA L=2,5m D40",
1843375284-01,STRUTTURA ASSE *X* CORSA 2500,“X” AXIS STRUCTURE STROKE L=2.5m,"STRUTTURA ASSE ""X"" CORSA L=2,5m",
5457184525-01,IMPIANTO DI LUBRIFICAZIONE 2500,"LUBRICATION SYSTEM L=2,5m","IMPIANTO DI LUBRIFICAZIONE L=2,5m",
4984111951-01,IMP.PN-GAS H20-MACCH.BASE 2500,"GAS-H2O PNEUMATIC SYSTEM BASIC M. L=2,5m","IMPIANTO PNEUMATICO GAS H2O MACCHINA BASE L=2,5m",
5068217492-01,SPECCHI DI RINVIO FASCIO D.70,LASER DEFLECTION MIRROR D70,SPECCHI DI RINVIO FASCIO D70,
7005639133-01,BLOCCO SPECCHIO D.70,MIRROR BLOCK D70,BLOCCO SPECCHIO D70,
4167281802-01,INTEGRAZ.MONT.BEAM EXP II¿ - VI¿,2°-6° BEAM EXPANDER ASSEMBLY INTEGRATION,INTEGRAZIONE MONTAGGIO BEAM EXPANDER 2° - 6°,
7370104474-01,INTEGR.TESTA AK-CUF-591 WY732,"WY732 ""AK-CUF"" 591 HEAD INTEGRATION","INTEGRAZIONE TESTA ""AK-CUF"" 591 - WY732",
5867880024-01,WY732 QUADRO ELETTRICO BASE,WY732 BASIC ELECTRIC PANEL,QUADRO ELETTRICO BASE - WY732,
0034937249-01,WY732 VARIANTE Q.E.B. 380/50,WY732 BASIC EL. PANEL VARIANT 380V/50Hz,VARIANTE QUADRO ELETTRICO BASE - 380V/50Hz - WY732,
7862359384-01,WY732 IMPIANTO A BORDO MACCHINA,WY732 ONBOARD MACHINE SYSTEM,IMPIANTO A BORDO MACCHINA - WY732,
7707374451-01,WY732 VARIANTE ASPIRATORE 380/50,WY732 SUCTION VARIANT 380V/50Hz,VARIANTE ASPIRATORE - 380V/50Hz - WY732,
8296470136-01,WY732 PENSILE CNC,WY732 CNC PENSILE,PENSILE CNC - WY732,
3848756212-01,WY732 COMPL.ELETT.ASPIRATORE,WY732 SUCTION ELECTRIC PANEL COMPLEMENT,COMPLEMENTO QUADRO ELETTRICO ASPIRATORE - WY732,
3481809160-01,WY732 INTERFACCIA GIDEZARE Z 150,WY732 GIDEZARE Z150 INTERFACE,INTERFACCIA GIDEZARE Z 150 - WY732,
6389610733-01,WY732 COMPL. ELETT. MANDRINO,WY732 ELECTRIC SPINDLE COMPLEMENT,COMPLEMENTO ELETTRICO MANDRINO - WY732,
1392480226-01,WY732 VARIANTE BANCO MOBILE 380/50,WY732 MOBILE BENCH VARIANT 380V/50Hz,VARIANTE BANCO MOBILE - 380V/50Hz - WY732,
7584432848-01,WY732 COMPL.CAMBIO PALLETTE,WY732 PALLET CHANGE COMPLEMENT,COMPLEMENTO CAMBIO PALLET - WY732,
7453195589-01,WY732 VAR. CAMBIO PALLETTE 380/50,WY732 PALLET CHANGE VARIANT 380V/50Hz,VARIANTE CAMBIO PALLET - 380V/50Hz - WY732,
0414961595-01,WY732 MOTORI CAMBIO PALLETTE 380/50,WY732 PALLETTE CHANGE MOTOR 380V/50Hz,MOTORI CAMBIO PALLETTE - 380V/50Hz - WY732,
7424507722-01,WY732 COMPL.ELETTRICO BANCO MOBILE,WY732 ELECTRIC COMPLEMENT MOBILE BENCH,COMPLEMENTO ELETTRICO BANCO MOBILE - WY732,
6925800636-01,WY732 MOTORE BANCO MOBILE 380/50,WY732 MOVING BENCH MOTOR 380V/50Hz,MOTORE BANCO MOBILE - 380V/50Hz - WY732,
1292653167-01,WY732 BRACCIO CARICATORE (TIPO WF72,WY732 LOADER ARM (TYPE WF722),BRACCIO CARICATORE (TIPO WF722) - WY732,
1428262427-01,WY732 FOTOCELLULE DI SICUREZZA,WY732 SAFETY PHOTOCELLS,FOTOCELLULE DI SICUREZZA - WY732,
6412823134-01,WY732 COMPL.MANDRINO BRUSHLESS 210V,WY732 210V BRUSHLESS SPINDLE COMPLEMENT,COMPLEMENTO MANDRINO BRUSHLESS 210V - WY732,
1208503964-01,WY732 COMPL.MANDRINO BRUSHLESS 600V,WY732 600V BRUSHLESS SPINDLE COMPLEMENT,COMPLEMENTO MANDRINO BRUSHLESS 600V - WY732,
4824600681-01,WY732 COMPL.BANCO MOBILE,WY732 MOBILE BENCH COMPLEMENT,COMPLEMENTO BANCO MOBILE - WY732,
3827417125-01,WY732 MOT.BANCO MOBILE 220-380/50,WY732 MOVING BENCH MOTOR 220-380V/50Hz,MOTORE BANCO MOBILE - 220-380V/50Hz - WY732,
9480793054-01,WY732 CAMBIO PALLETTE,WY732 PALLET CHANGE,CAMBIO PALLET - WY732,
9153613380-01,WY732 V.CAMBIO PALLETTE 380-415/50,WY732 PALLETCHANGE VARIANT 380-415V/50Hz,VARIANTE CAMBIO PALLET - 380-415V/50Hz - WY732,
3750281971-01,WY732 M.CAMBIO PALLETTE 380-415/50,WY732 PALLETTE CHANGE MOTOR 380-415V/50H,MOTORE CAMBIO PALLETTE - 380-415V/50Hz - WY732,
8343005107-01,WY732 COMPL. BANCO FISSO,WY732 FIXED BENCH COMPLEMENT,COMPLEMENTO BANCO FISSO - WY732,
7815917204-01,WY732 RIPARO AD AZION.PNEUMATICO,WY732 PNEUMATICALLY DRIVEN GUARD,RIPARO AD AZIONAMENTO PNEUMATICO - WY732,
1152878916-01,WY732 PEDANE ANTI-INFORTUNISTICHE,WY732 SAFETY PLATFORMS,PEDANE ANTI-INFORTUNISTICHE - WY732,
8392078552-01,WY732 QUADRO EL.CARICATORE LAMIERE,WY732 SHEET METAL LOADER ELECTRIC PANEL,QUADRO ELETTRICO CARICATORE LAMIERE - WY732,
7909653687-01,WY732 IMPIANTO FC.CARICATORE LAM.,WY732 SHEET METAL LOAD. LIMIT SWITCH SYS,IMPIANTO FINECORSA CARICATORE LAMIERA - WY732,
3918155244-01,WY732 MOTORE V UNIVERS.CARICAT.LAM.,WY732 UNIVERSAL “V” MOTOR SHEET LOADER,"MOTORE ""V"" UNIVERSALE CARICATORE LAMIERA - WY732",
2264580580-01,WY732 VAR.CARICATORE LAM. V220/60,SHEET METAL LOADER VARIANT 220V/60Hz,VARIANTE CARICATORE LAMIERA - 220V/60Hz - WY732,
8130009877-01,WY732 VAR.CARICATORE LAM. V220/50,SHEET METAL LOADER VARIANT 220V/50Hz,VARIANTE CARICATORE LAMIERA - 220V/50Hz - WY732,
1576647254-01,WY732 VAR.CARICAT.LAM. V220-415/50,SHEET METAL LOADER VARIANT 220-415V/50Hz,VARIANTE CARICATORE LAMIERA - 220-415V/50Hz - WY732,
6116626986-01,TELAIO CARICATORE LAMIERE 2500,"SHEET METAL LOADER FRAME L=2,5m","TELAIO CARICATORE LAMIERE L=2,5m",
6170518589-01,CARROPONTE CARICATORE LAMIERE 2500,"OVERHEAD CRANE SHEET METAL LOADER L=2,5m","CARROPONTE CARICATORE LAMIERE L=2,5m",
5959169456-01,BLOCCO VENTOSA,SUCTION CUP BLOCK,BLOCCO VENTOSA,
1705582872-01,IMPIANTO DEL VUOTO 2500,"VACUUM SYSTEM L=2,5m","IMPIANTO DEL VUOTO L=2,5m",
0212209394-01,INTEGRAZIONE ASP.CARICATORE LAM.,SUCTION INTEGRATION SHEET METAL LOADER,INTEGRAZIONE ASPIRATORE CARICATORE LAMIERA,
8151304074-01,BLOCCO VENTOSA F.C.,LIMIT SWITCH SUCTION CUP BLOCK,BLOCCO VENTOSA FINECORSA,
4519833498-01,RIPARI CARICATORE LAMIERE 2500,"SHEET METAL LOADER GUARDS L=2,5m","RIPARI CARICATORE LAMIERE L=2,5m",
5648511576-01,MAGNETI STACCO LAMIERE 2500,MAGNETICS STACKING SHEETS METAL L=2.5m,"MAGNETI STACCO LAMIERE L=2,5m",
1765465299-01,RIPARI ANTINFORTUNISTICI 1250X2500,"SAFETY GUARDS 1,25x2,5m","RIPARI ANTINFORTUNISTICI 1,25x2,5m",
3932954680-01,BRACCI CARICAMENTO LAMIERA,SHEET METAL LOADING ARMS,BRACCI CARICAMENTO LAMIERA,
3241995958-01,BLOCCAGGIO PALLET,PALLET CLAMPING,BLOCCAGGIO PALLET,
1362316674-01,CHIUSURA ASPIRAZIONE VASCA,TANK SUCTION CLOSING,CHIUSURA ASPIRAZIONE VASCA,
5886373687-01,CHIUSURA ASPIRAZIONE MANDRINO,SPINDLE SUCTION CLOSING,CHIUSURA ASPIRAZIONE MANDRINO,
2641945443-01,IMP.PNEUM.BASE BANCO,BASIC PNEUMATIC SYSTEM BENCH,IMPIANTO PNEUMATICO BASE BANCO,
1335943427-01,LIVELLAMENTO BASSO,LOW LEVELING,LIVELLAMENTO BASSO,
8509268994-01,MANDRINO PNEUMATICO D.28 C.6,PNEUMATIC SPINDLE D28 STROKE 6,MANDRINO PNEUMATICO D28 CORSA 6,
3196874185-01,MANDRINO PNEUMATICO D.40 C.6,PNEUMATIC SPINDLE D40 STROKE 6,MANDRINO PNEUMATICO D40 CORSA 6,
4917301052-01,PEDANA ANTIINFORTUNIO,SAFETY PLATFORM,PEDANA ANTIINFORTUNIO,
7226154980-01,COMPL.PEDANA PER CAMBIO PALLET,PLATFORM COMPLEMENT FOR PALLET CHANGE,COMPLEMENTO PEDANA PER CAMBIO PALLET,
2232851035-01,RIPARI CAMBIO P.-MANDRINO.1250.2500,"PALLET CHANGE GUARDS W SPINDLE 1,25x2,5m","RIPARI CAMBIO PALLET CON MANDRINO 1,25x2,5m",
1140461965-01,BANCO LAVORO 1250X2500,"WORKBENCH 1,25x2,5m","BANCO LAVORO 1,25x2,5m",
8302833668-01,CARRO CONTROPUNTA GIREVOLE,ROTATING TAILSTOCK CARRIAGE,CARRO CONTROPUNTA GIREVOLE,
6264119441-01,BINARI CONTROPUNTA 2500,"TAILSTOCK RAILS L=2,5m","BINARI CONTROPUNTA L=2,5m",
4083100827-01,SOLLEVAMENTO CAMBIO P.1250X2500,"PALLET CHANGE 1,25x2,5m LIFT","SOLLEVAMENTO CAMBIO PALLET 1,25x2,5m",
0073117661-01,PALLET MOBILE 1250X2500,"MOBILE PALLET 1,25x2,5m","PALLET MOBILE 1,25x2,5m",
3236234600-01,BANCO CAMBIO PALLET 1250X2500,"PALLET CHANGE BENCH 1,25x2,5m","BANCO CAMBIO PALLET 1,25x2,5m",
9513903295-01,GUIDA VERTICALE PALLET,VERTICAL PALLET GUIDE,GUIDA VERTICALE PALLET,
5363172403-01,$ TEGRAZ. LASER A DX CON OTTICHE,RIGHT LASER WITH LENSES INTEGRATION,INTEGRAZIONE LASER A DESTRA CON OTTICHE,
2948283031-01,INTEGRAZIONE FONTE DICA.BLADE 1000,DICA BLADE 1000W LASER SOURCE INTEGRAT.,INTEGRAZIONE FONTE DICA BLADE 1000,
0863201940-01,LENSORE 5 KS,CHANGEABLE LENS CONTAINER 5 KS,LENSORE 5 KS,
1327323105-01,LENSORE 5 KN,CHANGEABLE LENS CONTAINER 5 KN,LENSORE 5 KN,
6693544094-01,LENSORE 5 KS CUF,CHANGEABLE LENS CONTAINER 5 KS CUF,LENSORE 5 KS CUF,
7523610090-01,LENSORE 5 KN CUF,CHANGEABLE LENS CONTAINER 5 KN CUF,LENSORE 5 KN CUF,
0065623100-01,ASPIRATORE FUMI,FUME EXTRACTOR,ASPIRATORE FUMI,
2228564420-01,ATTREZZATURA FLESSIBILE,FLEXIBLE EQUIPMENT,ATTREZZATURA FLESSIBILE,
0993848381-01,ATTREZZATURA FLESSIBILE 1200X1000,FLEXIBLE 1200X1000 EQUIPMENT,ATTREZZATURA FLESSIBILE 1200X1000,
2270591791-01,INTEGRAZIONE ROBOT IRB2400-16 D.63,IRB2400-16 D63 ROBOT INTEGRATION,INTEGRAZIONE ROBOT IRB2400-16 D63,
4236440476-01,LASER DICA. BLADE 1000 OEM SUNENA,DICA BLADE 1000W LASER SOURCE,LASER DICA BLADE 1000 OEM SUNENA,
8595204046-01,REFRIGERATORE OTTICHE-MOTORE,LASER CHILER LENSES-MOTOR,REFRIGERATORE OTTICHE-MOTORE,
2778915809-01,ROBOT ZUS IRB2400-16 M2000,"""ZUS"" ROBOT IRB2400-16 M2000",ROBOT ZUS IRB2400-16 M2000,
1489281281-01,SISTEMA EVAC. SFRIDI E ASPIRAZIONE,SCRAP EVACUATION SYSTEM AND SUCTION,SISTEMA EVACUATORE SFRIDI E ASPIRAZIONE,
1460071761-01,SISTEMA GESTIONE PEZZO ROBOTIZZATO,ROBOTIC PART MANAGEMENT SYSTEM,SISTEMA GESTIONE PEZZO ROBOTIZZATO,
8012119759-01,CABINA CONFINAMENTO INTERMEDIA,INTERMEDIATE CONFINEMENT BOOTH,CABINA CONFINAMENTO INTERMEDIA,
4610374834-01,GARANZ.INT.6 ASSI QW9-840D 12 MESI,12-MONTH FULL WARRANTY 6 AXES QW9-840,GARANZIA INTEGRATIVA 6 ASSI QW9-840D 12 MESI,
0562371264-01,POST PROCESSOR ZK128D,POST-PROCESSOR ZK128D,POST-PROCESSOR - ZK128D,
8096183387-01,POST PROCESSOR ZK128D LICENZA AGG.,POST PROCESSOR ZK128D - ADD. LICENCE,POST PROCESSOR LICENZA AGGIUNTIVA - ZK128D,
6294990609-01,DISTRIBUZIONE MACCHINA BASE,BASIC MACHINE DISTRIBUTION,DISTRIBUZIONE MACCHINA BASE,
4987807289-01,GRUPPO MOBILE SOSTENITORE PER KY02,KY02 SUPPORTER MOBILE GROUP,GR. MOBILE SOSTENITORE - KY02,
2500901649-01,SERIE GANASCE BLOCCAGGIO PER KY02,KY02 CLAMPING JAW SET,SERIE GANASCE BLOCCAGGIO - KY02,
6565814574-01,SERIE GANASCE BLOCCAGGIO,CLAMPING JAW SET,SERIE GANASCE BLOCCAGGIO,
2430660905-01,GRUPPO ALIMENTATORE - RIDUTTORE,FEEDING REDUCER,ALIMENTATORE - RIDUTTORE,
2946685248-01,TRASFERITORE A CATENE QJ 02 DA 6600,"QJ02 CHAIN TRANSFERER L=6,6m","TRASFERITORE A CATENE L=6,6m - QJ02",
0146887970-01,PIASTRA TRASF. QJ02 PER GR. TAGLIO,QJ02 CUTTER GROUP TRANSFERER PLATE,PIASTRA TRASFERITORE GRUPPO TAGLIO - QJ02,
5412629669-01,PIASTRA TRASF.QJ02 PER GR.SOSTEN.,QJ02 SUPPORTER GROUP TRANSFERER PLATE,PIASTRA TRASFERITORE GRUPPO SOSTENITORE - QJ02,
9532159818-01,QUADRO EL. GEN. BASE,BASIC MAIN ELECTRIC PANEL,QUADRO ELETTRICO GENERALE BASE,
1880068993-01,UNITA' DI TAGLIO BASE BASAMENTO,BASIC CUTTING UNIT - BASE,UNITÀ DI TAGLIO BASE - BASAMENTO,
9805582994-01,CENTRALINA BASE,BASIC CONTROL UNIT,CENTRALINA BASE,
0551796342-01,DOTAZIONE MACCHINA BASE,BASIC MACHINE EQUIPMENT,DOTAZIONE MACCHINA BASE,
8058008432-01,UNITA' DI TAGLIO BASE IMPIANTO IDRA,BASIC CUTTING UNIT HYDRAULIC SYSTEM,IMPIANTO IDRAULICO UNITÀ DI TAGLIO BASE,
4198345468-01,IMPIANTO F.C. MACCHINA BASE,BASIC MACHINE LIMIT SWITCH SYSTEM,IMPIANTO FINECORSA MACCHINA BASE,
2359608051-01,PULSANTIERA QUADRO ELETTRICO GENERA,MAIN ELECTRIC PANEL CONTROL PANEL,PULSANTIERA QUADRO ELETTRICO GENERALE,
5029403914-01,CARICATORE F PER KY02 VERS. 6600,"KY02 BUNDLE LOADER L=6,6m","CARICATORE ""F"" - KY02 6600",
7569550588-01,CARICATORE FASCIO BASE,BASIC BUNDLE LOADER,"CARICATORE ""F"" BASE",
5813993249-01,GRUPPO MOBILE DI TAGLIO PER KY02,KY02 CUT MOBILE GROUP,GR. MOBILE DI TAGLIO - KY02,
7756842022-01,TESTA OPERATRICE BASE,BASIC OPERATING HEAD,TESTA OPERATRICE BASE,
0767812645-01,CARRELLO INTERM. PER COMPLESSO QJ02,QJ02 INTERMEDIATE CARRIAGE,CARRELLO INTERMEDIO - QJ02,
0480260786-01,TRASL. FRONT. PER COMPL. QJ02 6600,"QJ02 FRONT CONVEYOR L=6,6m COMPLEMENT","COMPLEMENTO TRASLATORE FRONTALE L=6,6m - QJ02",
8561015193-01,UNITA' DI TAGLIO BASE BANCO,BASIC CUTTING UNIT - BENCH,UNITÀ DI TAGLIO BASE BANCO,
4758114985-01,PALLET SINGOLO 1500X3000,"SINGLE PALLET 1,5x3m","PALLET SINGOLO 1,5x3m",
1361978102-01,FAFIL GRIGLIE OTTONE PALLET SING.,FAFIL SINGLE PALLET BRASS GRIDS,GRIGLIE OTTONE PALLET SINGOLO - FAFIL,
3464471360-01,FAFIL GRIGLIE INOX PALLET SINGOLO,FAFIL SINGLE PALLET STAINL. STEEL GRIDS,GRIGLIE INOX PALLET SINGOLO - FAFIL,
6642224454-01,FAFIL GRIGLIE SUPP PALLET SINGOLO,FAFIL SINGLE PALLET GRIDS SUPPLEMENT.,GRIGLIE SUPPLEMENTARI PALLET SINGOLO - FAFIL,
9944327084-01,CAMBIO PALLEJB 9822X3000 POSTERIORE,REAR PALLET CHANGE 3015,CAMBIO PALLET 3015 POSTERIORE,
3845695050-01,CAMBIO PALLEJB 9822X3000 ANTERIORE,FRONT PALLET CHANGE 3015,CAMBIO PALLET 3015 ANTERIORE,
1073960826-01,FAFIL GRIGLIE OTTONE CP3015,FAFIL CP3015 BRASS GRIDS,GRIGLIE OTTONE CP3015 - FAFIL,
3256093149-01,FAFIL GRIGLIE INOX CP3015,FAFIL CP3015 STAINLESS STEEL GRIDS,GRIGLIE INOX CP3015 - FAFIL,
2594309783-01,FAFIL GRIGLIE SUPPORTO CP1530,FAFIL CP1530 SUPPORT GRIDS,GRIGLIE SUPPORTO CP1530 - FAFIL,
3379231458-01,CAMBIO PALLEJB 7222X6000 ANTERIORE,FRONT PALLET CHANGE 3060,CAMBIO PALLET 3060 ANTERIORE,
8477728254-01,FAFIL VARIANTE C.P. 7000X3000,FAFIL PALLET CHANGE 7000X3000 VARIANT,VARIANTE CAMBIO PALLET 7000X3000 FAFIL,
5277543837-01,FAFIL GRIGLIE OTTONE CP3060,FAFIL CP3060 BRASS GRIDS,GRIGLIE OTTONE CP3060 - FAFIL,
6809430902-01,FAFIL GRIGLIE INOX CP3060,FAFIL CP3060 STAINLESS STEEL GRIDS,GRIGLIE INOX CP3060 - FAFIL,
9653498894-01,FAFIL GRIGLIE SUPP. CP3060,FAFIL CP3060 SUPPORT GRIDS,GRIGLIE SUPPORTO CP3060 - FAFIL,
8506634957-01,KIT LAVORAZIONE FOGLI IN RIPRESA,SHEET PROCESSING KIT IN SHOOTING,KIT LAVORAZIONE FOGLI IN RIPRESA,
3276856425-01,MODULO LAVOR. AUTOM. TUBO IN BARRE,AUTOMATIC TUBE PROCESSING MODULE,MODULO LAVORAZIONE AUTOMATICA TUBO IN BARRE,
2743214791-01,RULLIERA CARICO MANUALE L=4000,MANUAL LOADING ROLLER L=4m,RULLIERA CARICO MANUALE L=4m,
9735389480-01,RULLIERA CARICO MOTORIZZATA L=6500,"MOTOR. LOAD. ROLLER BED L=6,5m","RULLIERA CARICO MOTORIZZATA L=6,5m",
3096296949-01,SCARICO SUPPLEMENTARE L=9000,ADDITIONAL UNLOADER L=9m,SCARICO SUPPLEMENTARE L=9m,
7127493871-01,SCARICO SUPPLEMENTARE L=12500,"ADDITIONAL UNLOADER L=12,5m","SCARICO SUPPLEMENTARE L=12,5m",
8027038024-01,PIANALE SCARICO CON RULLO ESTRATTOR,UNLOADING BED WITH EXTRACTOR ROLLER,PIANALE DI SCARICO CON RULLO ESTRATTORE,
2764258573-01,*INTEGR.FAFIL2 PER MODULI AGGIUNT.,FAFIL2 INTEGRATION FOR ADDED MODULES,INTEGRAZIONE FAFIL2 PER MODULI AGGIUNTIVI,
4013322971-01,INTEGRAZIONE VERSIONE SOLO LAMIERA,ONLY SHEET METAL VERSION INTEGRATION,INTEGRAZIONE VERSIONE SOLO LAMIERA,
6170475694-01,COMPL. RIPARO SOLO LAMIERA CP3015P,CP3015P GUARD COMPLEM. ONLY SHEET METAL,COMPLEMENTO RIPARO SOLO LAMIERA CP3015P,
3529330355-01,COMPL. RIPARO SOLO LAMIERA CP3015A,CP3015A GUARD COMPLEM. ONLY SHEET METAL,COMPLEMENTO RIPARO SOLO LAMIERA CP3015A,
2761036770-01,COMPL. RIPARO SOLO LAMIERA CP3060,CP3060 GUARD COMPLEMENT ONLY SHEET METAL,COMPLEMENTO RIPARO SOLO LAMIERA CP3060,
2761036770-02,RIPARO FAFIL CP GRANDI DIMENSIONI,FAFIL CP LARGE SIZES GUARD,,
1318543571-01,RIPARO PERACULR CP3015P,PERACULR CP3015P GUARD,RIPARO CP3015P - PERACULR,
9686582378-01,RIPARO PERACULR CP GRANDI DIMENSION,PERACULR LARGE SIZE PALLET CHANGE GUARD,RIPARO CAMBIO PALLET GRANDI DIMENSIONI - PERACULR,
3627170829-00,CAMBIO PALLEJB 7298 POSTERIORE,REAR CAMBIO PALLET 3015,,
3627170829-01,CAMBIO PALLET PER MAGAZZINO AUTOM.,PALLET CHANGE FOR AUTOMATIC WAREHOUSE,CAMBIO PALLET PER MAGAZZINO AUTOMATICO,
9617086569-01,GRIGLIE OTTONE CP MAGAZ.AUTOM,AUT. WAREHOUSE PALLET CHANGE BRASS GRIDS,GRIGLIE OTTONE CAMBIO PALLET MAGAZZINO AUTOMATICO,
1174491107-01,GRIGLIE INOX CP MAGAZ.AUTOM,AUT. WAREHOUSE PALLET CHANGE SS GRIDS,GRIGLIE INOX CAMBIO PALLET MAGAZZINO AUTOMATICO,
1938787829-00,GRIGLIE SUPPORTO PALLET 3015 POST.,REAR CP3015 SUPPORT GRIDS,,
5856811785-01,CAMBIO PALLEJB 7222X4500 ANTERIORE,FRONT PALLET CHANGE 3045,CAMBIO PALLET 3045 ANTERIORE,
5899594244-01,FAFIL GRIGLIE OTTONE CP3045,FAFIL CP3045 BRASS GRIDS,GRIGLIE OTTONE CP3045 - FAFIL,
9076339333-01,FAFIL GRIGLIE INOX CP3045,FAFIL CP3045 STAINLESS STEEL GRIDS,GRIGLIE INOX CP3045 - FAFIL,
7497143977-01,FAFIL GRIGLIE SUPP CP3045,FAFIL CP3045 SUPPORT GRIDS,GRIGLIE SUPPORTO CP3045 - FAFIL,
4228338571-01,FAFIL COMPENSATORE DI FASCIO X,FAFIL BEAM COMPENSATOR X,COMPENSATORE DI FASCIO X - FAFIL,
4936393124-01,FAFIL LASER A DESTRA A 90 GRADI,FAFIL RIGHT LASER 90°,LASER A DESTRA 90° - FAFIL,
4333012794-01,INTEGRAZIONE PER LASER R.S. DC15-20,LASER RS DC15-20 INTEGRATION,INTEGRAZIONE LASER RS DC15-20,
5447070182-01,INTEGRAZIONE LASER DICA C5000,DICA C5000 LASER INTEGRATION,INTEGRAZIONE LASER DICA C5000,
4619253227-01,INTEGRAZIONE PER LASER MUM,LASER GIDEZARE INTEGRATION,INTEGRAZIONE LASER MUM,
5226227405-00,SENSORE DI PROCESSO BOOSTER,BOOSTER PROCESS SENSOR,,
6417807072-01,SENSORE DI PROCESSO BOOSTER (DICA),PROCESS SENSOR BOOSTER DICA,SENSORE DI PROCESSO BOOSTER DICA,
3770339215-01,MODULO LAVORAZIONE TUBO,TUBE PROCESSING MODULE,MODULO LAVORAZIONE TUBO,
3770339215-02,MODULO LAVORAZIONE TUBO FAFIL,FAFIL TUBE PROCESSING MODULE,,
7333438277-01,INTEGRAZIONE LAV. TUBO FAFIL 2,FAFIL2 TUBE WASHING INTEGRATION,INTEGRAZIONE LAVAGGIO TUBO - FAFIL2,
9980702765-01,KIT LAVORAZIONE Q/R PICCOLI,SQUARE/RECTANGULAR SMALL MACHINING KIT,KIT LAVORAZIONE QUADRI/RETTANGOLARI PICCOLI,
5908689698-01,RULLIERA CARICO SEMI-AUTOMATICO,SEMIAUTOMATIC LOADING ROLLER BED,RULLIERA CARICO SEMI-AUTOMATICO,
5133921512-01,RULLIERA SCARICO,UNLOADING ROLLER BED,RULLIERA SCARICO,
9814842797-01,SISTEMA DI CARICO-SCARICO,LOADER-UNLOADER SYSTEM,SISTEMA DI CARICO-SCARICO,
0254026039-00,CARICO SCARICO POSTERIORE LAGET,"""LAGET-CARAS"" REAR LOADER-UNLOADER",,
0254026039-01,FAFIL CARICO SCARICO POSTERIORE,FAFIL REAR LOADING AND UNLOADING,CARICO SCARICO POSTERIORE - FAFIL,
5775087766-01,FAFIL INTEGRAZIONE LASER DC030-035,FAFIL LASER DC030-035 INTEGRATION,INTEGRAZIONE LASER DC030-035 - FAFIL,
5775087766-04,INTEGRAZIONE LASER DCXXX,LASER DCXXX INTEGRATION,,
5516430931-00,CARICATORE AUTOMATICO TUBI FAFIL,FAFIL AUTOMATIC TUBE LOADER,,
4579868310-01,ADATT.CARICATORE PER LASER FIBRA,FIBER LASER LOADER ADAPTER,ADATTATORE CARICATORE PER LASER FIBRA,
8556552531-01,CAMBIO PALLET 3000X8000,PALLET CHANGE 3080,CAMBIO PALLET 3080,
7990871143-01,FAFIL GRIGLIE OTTONE CP3080,FAFIL CP3080 BRASS GRIDS,GRIGLIE OTTONE CP3080 - FAFIL,
9528536071-01,FAFIL GRIGLIE INOX CP3080,FAFIL CP3080 STAINLESS STEEL GRIDS,GRIGLIE INOX CP3080 - FAFIL,
4148981724-01,FAFIL GRIGLIE SUPP. CP3080,FAFIL CP3080 SUPPORT GRIDS,GRIGLIE SUPPORTO CP3080 - FAFIL,
1805529405-01,ASPIRATORE-FILTRO FUMI FAFIL 2,FAFIL2 FILTER FUME EXTRACTOR,ASPIRATORE-FILTRO FUMI - FAFIL2,
7107360465-01,CONTENITORI ESTRAIBILI PER SFRIDI,REMOVABLE SCRAP CONTAINERS,CONTENITORI ESTRAIBILI PER SFRIDI,
2056456790-01,EVACUATORE SFRIDI LAMIERA,SHEET METAL SCRAP EXTRACTOR,EVACUATORE SFRIDI LAMIERA,
0858659425-00,ASPIRATORE FUMI FAFIL,FAFIL FUME EXTRACTOR,,
0858659425-01,ASPIRATORE FUMI ALTA PREV. 2000MC/H,HIGH PREVALENCE FUME EXTRACTOR 2000MC/H,ASPIRATORE FUMI ALTA PREVALENZA 2000MC/H,
6161452825-01,ASPIRATORE FUMI FAFIL 480/60,FAFIL FUME EXTRACTOR 480V/60Hz,ASPIRATORE FUMI - 480V/60Hz - FAFIL,
6812832687-01,ASPIRATORE FUMI FAFIL 380/60,FAFIL FUME EXTRACTOR 380V/60Hz,ASPIRATORE FUMI - 380V/60Hz - FAFIL,
8080601525-01,MICRODOSATORE INERTIZZANTE,INERTING MICRODOSER,MICRODOSATORE INERTIZZANTE,
6392961205-01,TESTA GIDEZARE UNIV. AK-CUF FAFIL 2,"“GIDEZARE COT-CUF"" UNIVERSAL HEAD -FAFIL2","TESTA GIDEZARE UNIVERSALE ""AK-CUF"" - FAFIL2",
7112559952-01,TESTA GIDEZARE UNIV. AK-CUF,"“GIDEZARE COT-CUF"" UNIVERSAL HEAD","TESTA GIDEZARE UNIVERSALE ""AK-CUF""",
3291344962-01,TESTA MOTORIZZATA PUFS,"""PUFS"" HEAD 'MOTORIZED","TESTA MOTORIZZATA ""PUFS""",
9599686440-01,TESTA MOTORIZZATA SENSORIZZATA,SENSORIZED MOTORIZED HEAD,TESTA MOTORIZZATA SENSORIZZATA,
2331179149-01,TESTA HPSSL DIRITTTA COL.100,"""HPSSL"" STRAIGHT COL. 100 HEAD","TESTA ""HPSSL"" DRITTA COL. 100",
7928382700-01,FOCALE 5 PER TESTA PUFS,"5mm LENS HOLDER FOR HEAD ""PUFS""","FOCALE 5mm PER TESTA ""PUFS""",
3804100876-01,FOCALE 5 PER TESTA SENSORIZZATA,5mm LENS HOLDER FOR HEAD SENSORIZZATA,FOCALE 5mm PER TESTA SENSORIZZATA,
5515370340-01,FOCALE CON LENTE 125 MM TESTA HPSSL,"125mm LENS HOLDER FOR HEAD ""HPSSL""","FOCALE CON LENTE 125mm PER TESTA ""HPSSL""",
8797238959-01,FOCALE 7.5 PER TESTA PUFS,"7,5mm LENS HOLDER FOR HEAD ""PUFS""","FOCALE 7,5mm PER TESTA ""PUFS""",
5898592832-01,"FOCALE 7,5 PER TESTA SENSORIZZATA","7,5mm LENS HOLDER FOR SENSOR HEAD","FOCALE 7,5mm PER TESTA SENSORIZZATA",
6621947125-01,FOCALE CON LENTE 200 MM TESTA HPSSL,"200mm LENS HOLDER FOR HEAD ""HPSSL""","FOCALE CON LENTE 200mm PER TESTA ""HPSSL""",
6912660275-01,CONSOLLE PORTATILE,PORTABLE CONSOLE,CONSOLLE PORTATILE,
5499582725-01,TASTIERA REMOTA,REMOTE KEYBOARD,TASTIERA REMOTA,
3915879096-01,MODULO LAVORAZIONE TUBO FAFIL ZK,FAFIL ZK TUBE PROCESSING MODULE,MODULO LAVORAZIONE TUBO - FAFIL ZK,
7220652080-01,VOKUN-STRUTTURA CASSE DI RACCOLTA,VOKUN COLLECTION BOX STRUCTURE,STRUTTURA CASSE DI RACCOLTA - VOKUN,
7340411235-01,VOKUN-DOPPIA BARRIERA OTTICA ANTER.,VOKUN DOUBLE FRONT OPTICAL BARRIER,DOPPIA BARRIERA OTTICA ANTERIORE - VOKUN,
3141853982-01,KIT PROFILI APERTI RULLIERA,OPEN PROFILE KIT ROLLER BED,KIT PROFILI APERTI RULLIERA,
54009930SZ-01,SAGOME CARRELLO,CARRIAGE TEMPLATES,SAGOME CARRELLO,
6497100515-01,POST-PROCESSOR CAM3D PERACULR,POST-PROCESSOR CAM3D PERACULR,POST-PROCESSOR CAM3D - PERACULR,
1832284684-01,POST-PROCESSOR CAM3D FAFIL 2,POST-PROCESSOR CAM3D FAFIL2,POST-PROCESSOR CAM3D - FAFIL2,
8837299002-01,POST-PROCESSOR CAM3D PERACULR-L.AGG,POST-PROCESSOR CAM3D PERACULR-ADD.LICENCE,POST-PROCESSOR CAM3D LICENZA AGGIUNTIVA - PERACULR,
0798690427-01,GRIGLIE PER TAVOLA SING. 3000X1500,"SINGLE PALLET GRIDS 1,5x3m","GRIGLIE TAVOLA SINGOLA 1,5x3m",
0762954906-01,CAD-CAM LAMIERA EXPERT II PLUS,CAD-CAM EXPERT II PLUS SHEET METAL,CAD-CAM LAMIERA EXPERT II PLUS,
9208371373-01,CAD-CAM EXPERT II PLUS LIC. AGG.,CAD-CAM EXPERT II PLUS - ADD. LICENCE,CAD-CAM EXPERT II PLUS LICENZA AGGIUNTIVA,
8967738788-01,POST-PROCESSOR TIRUVUK PERACULR,POST-PROCESSOR TIRUVUK PERACULR,POST-PROCESSOR TIRUVUK - PERACULR,
8472082539-01,CARICATORE L=6000 PERACULR,PERACULR LOADER L=6m,CARICATORE L=6m - PERACULR,
9220351246-01,PROLUNGA CARICATORE A L=8000,"""A"" LOADER EXTENSION L=8m","PROLUNGA CARICATORE ""A"" L=8m",
3942883427-01,PROLUNGA CARICATORE A L=12500,"""A"" LOADER EXTENSION L=12,5m","PROLUNGA CARICATORE ""A"" L=12,5m",
3335674893-01,CARICATORE FASCIO L=6500,"BUNDLE LOADER L=6,5m","CARICATORE ""F"" L=6,5m",
9117445972-01,KIT PER PROFILI APERTI L=6500,"OPEN PROFILE KIT L=6,5m","KIT PER PROFILI APERTI L=6,5m",
5517920619-01,VOKUN - CAMBIO PALLET 3000X1500,VOKUN PALLET CHANGE 3015,CAMBIO PALLET 3015 - VOKUN,
3714455490-01,CARICATORE L=8000 PERACULR,PERACULR LOADER L=8m,CARICATORE L=8m - PERACULR,
6497347770-01,KIT PER PROFILI APERTI L=8000,OPEN PROFILE KIT L=8m,KIT PER PROFILI APERTI L=8m,
2430378710-01,CP3045P BANCO ANTERIORE,PALLET CHANGE 3045P FRONT BENCH,CAMBIO PALLET 3045P BANCO ANTERIORE,
4511455283-01,CAMBIO PALLET 3000X4500 POSTERIORE,REAR PALLET CHANGE 3045,CAMBIO PALLET 3045 POSTERIORE,
4123767977-01,CP3045P GRIGLIE IN FERRO,CP3045P IRON GRIDS,CP3045P GRIGLIE IN FERRO,
9970428190-01,CARICATORE L=13000 PERACULR,PERACULR LOADER L=13m,CARICATORE L=13m - PERACULR,
8667638216-01,KIT PER PROFILI APERTI L=12500,"OPEN PROFILE KIT L=12,5m","KIT PER PROFILI APERTI L=12,5m",
9514686335-01,CP3060P BANCO ANTERIORE,PALLET CHANGE 3060P FRONT BENCH,CAMBIO PALLET 3060P BANCO ANTERIORE,
4522285044-01,CAMBIO PALLET 3000X6000 POSTERIORE,REAR PALLET CHANGE 3060,CAMBIO PALLET 3060 POSTERIORE,
1081503270-01,CP3060P GRIGLIE IN FERRO,CP3060P IRON GRIDS,CP3060P GRIGLIE IN FERRO,
8817118917-01,CP3090P BANCO ANTERIORE,PALLET CHANGE 3090P FRONT BENCH,CAMBIO PALLET 3090P BANCO ANTERIORE,
1184369632-01,CAMBIO PALLET 3000X9000 POSTERIORE,REAR PALLET CHANGE 3090,CAMBIO PALLET 3090 POSTERIORE,
2300753023-01,CP3090P GRIGLIE IN FERRO,CP3090P IRON GRIDS,CP3090P GRIGLIE IN FERRO,
3873441165-01,FAFIL INTEGRAZIONE SOLO LAMIERA,FAFIL ONLY SHEET METAL INTEGRATION,INTEGRAZIONE SOLO LAMIERA - FAFIL,
6874274045-03,FAFIL-INTEGRAZIONE LASER CO2 DC-K,FAFIL LASER CO2,,
9084955307-01,FAFIL-INTEGRAZIONE LASER FIBRA,FAFIL LASER FIBRA INTEGRATION,FAFIL-INTEGRAZIONE LASER FIBRA - FAFIL,
0367143299-01,PERACULR INTEGRAZIONE TUBO,PERACULR TUBE INTEGRATION,INTEGRAZIONE TUBO - PERACULR,
6263134616-01,ALIMENT. 2 VEL.(50-100 D/MIN) YF74,POWER SUPPLY 2 SPEED (50-100 D/min) YF74,ALIMENTAZIONE 2 VELOCITÀ (50-100 D/Min) YF74,
0156564318-01,ALIM. A REG.CONTINUA (40..180) YF74,POWER SUPPLY DC (40-180 D/min) YF74,ALIMENTAZIONE A REGOLAZIONE CONTINUA (40-180) YF74,
5819403910-01,BASAMENTO YF74,YF74 BASE,BASAMENTO YF74,
5571247963-01,DISPOSITIVO BILANCIATURA MOLA YF74,YF74 GRINDING WHEEL BALANCING DEVICE,DISPOSITIVO BILANCIATURA MOLA YF74,
5650747609-01,DISP. YF74 PER LAME A NASTRO 6-40,YF74 DEVICE FOR BAND SAW BLADES 6-40,DISPOSITIVO YF74 PER LAME A NASTRO 6-40,
5593028068-01,DISP. YF74 PER LAME SEGHETTO 20-60,YF74 DEVICE FOR SAW BLADES 20-60,DISPOSITIVO YF74 PER LAME SEGHETTO 20-60,
9583569986-01,DISP. YF74 ASPORTAZ.FASCIA PERIFER.,YF74 DEVICE PERIPHERAL BAND REMOVAL,DISPOSITIVO YF74 ASPORTAZIONE FASCIA PERIFERICA,
0261868639-01,ASPIRATORE CON FILTRO YF74,SUCTION WITH FILTER YF74,ASPIRATORE CON FILTRO YF74,
4692185340-01,MISURATORE ANGOLI/ALTEZZA DENTI,TOOTH ANGLE/HEIGHT MEASURER,MISURATORE ANGOLI/ALTEZZA DENTI,
2055359672-01,CRICCHETTO A DOPPIO EFFETTO YF74,YF74 DOUBLE-ACTING RATCHET,CRICCHETTO A DOPPIO EFFETTO YF74,
2726754439-01,CRICCHETTO A DOPPIO EFFETTO A BECCO,DOUBLE-ACTING RATCHET WITH A SPOUT,CRICCHETTO A DOPPIO EFFETTO A BECCO,
9049341459-01,LENTE INGRAND. CON LAMPADA PER YF74,MAGNIFYING LENS WITH LAMP FOR YF74,LENTE INGRANDIMENTO CON LAMPADA PER YF74,
8723095571-01,CARICATORE LAMIERE WF752 380/50,WF752 SHEET METAL LOADER 380V/50Hz,CARICATORE LAMIERE - 380V/50Hz - WF752,
9541269911-01,SIST. CAMBIO PALLET WF752 V.220-380,WF752 PALLET CHANGE SYSTFG 332-702V/50H,SISTEMA CAMBIO PALLET - 220-380V/50Hz - WF752,
7128924497-01,INTEGR. WF752 CON LASER SERUNN FEKOT,WF752 LASER SERUNN FEKOT INTEGRATION,INTEGRAZIONE WF752 CON LASER SERUNN FEKOT,
0490929152-01,BASAMENTO ASSE X,"""X"" AXIS BASE","BASAMENTO ASSE ""X""",
4375925367-01,AZIONAMENTO ASSE X,"""X"" AXIS DRIVE","AZIONAMENTO ASSE ""X""",
5004407375-01,AZIONAMENTO ASSE Y,"""Y"" AXIS DRIVE","AZIONAMENTO ASSE ""Y""",
8382795973-01,FIANCATA LASER,LASER SIDE PANEL,FIANCATA LASER,
6612985503-01,IMPIANTO IDRAULICO MACCHINA,MACHINE HYDRAULIC SYSTEM,IMPIANTO IDRAULICO MACCHINA,
6923577823-01,REGOLAZIONE BLOCCO SPECCHIO,MIRROR BLOCK ADJUSTMENT,REGOLAZIONE BLOCCO SPECCHIO,
0264063735-01,RIPARI ANTINFORTUNISTICI,SAFETY GUARDS,RIPARI ANTINFORTUNISTICI,
4411219124-01,PULSANTIERA,CONTROL PANEL,PULSANTIERA,
7804538314-01,MICROINT.ASSE X - SINCR. - ASPIRAZ.,"""X"" AXIS MICROSWITCH-SYNCHRONISM-SUCTION","MICROINTERRUTTORE ASSE ""X"" - SINCRONISMO - ASPIRAZIONE",
4980346337-01,SPOSTAMENTO PALLET,PALLET SHIFT,SPOSTAMENTO PALLET,
7862566205-01,TRASCINAMENTO PALLET BORDO MACCHINA,PALLET DRAGGING ONBOARD MACHINE,TRASCINAMENTO PALLET BORDO MACCHINA,
2514454024-01,STRUTTURA CAMBIO PALLET,PALLET CHANGE STRUCTURE,STRUTTURA CAMBIO PALLET,
5149542571-01,SOLLEVAMENTO CAMBIO PALLET,PALLET CHANGE LIFT,SOLLEVAMENTO CAMBIO PALLET,
8778498157-01,IMPIANTO IDRAULICO CAMBIO PALLET,PALLET CHANGE HYDRAULIC SYSTEM,IMPIANTO IDRAULICO CAMBIO PALLET,
8101162993-01,IMPIANTO PNEUM.GAS-H2O,GAS-H2O PNEUMATIC SYSTEM,IMPIANTO PNEUMATICO GAS-H2O,
5554702214-01,CASSETTO SFRIDI,CHIP DRAWER,CASSETTO SFRIDI,
9373275143-01,CONVOGLIATORE TRASP.SFRIDI,SCRAP CONVEYOR,CONVOGLIATORE TRASPORTO SFRIDI,
9753604058-01,CIL.BLOCCAGGIO PALLET,PALLET CLAMP CYLINDER,CILINDRO BLOCCAGGIO PALLET,
8105086079-01,CIL.SPOSTAMENTO PALLET,PALLET SHIFT CYLINDER,CILINDRO SPOSTAMENTO PALLET,
7814667203-01,CIL.ALLINEATORE,ALIGNER CYLINDER,CILINDRO ALLINEATORE,
7975450796-01,TELAIO CARICATORE LAMIERE,SHEET METAL LOADER FRAME,TELAIO CARICATORE LAMIERE,
7653250305-01,CARROPONTE CARICATORE LAMIERE,OVERHEAD CRANE SHEET METAL LOADER,CARROPONTE CARICATORE LAMIERE,
6866696537-01,IMPIANTO VUOTO WF752,WF752 VACUUM SYSTEM,IMPIANTO DEL VUOTO - WF752,
3455243422-01,WF752 QUADRO ELETTRICO BASE,WF752 BASIC ELECTRIC PANEL,QUADRO ELETTRICO BASE - WF752,
8721544413-01,WF752 IMPIANTO EL.BORDO MACCHINA,WF752 ELECTRICAL SYSTEM ONBOARD MACHINE,IMPIANTO ELETTRICO BORDO MACCHINA - WF752,
6481476749-01,WF752 VARIANTE Q.EL.BASE 220/50,WF752 BASIC EL. PANEL VARIANT 220V/50Hz,VARIANTE QUADRO ELETTRICO BASE - 220V/50Hz - WF752,
6451213566-01,WF752 VARIANTE Q.EL.BASE 380/50,WF752 BASIC EL. PANEL VARIANT 380V/50Hz,VARIANTE QUADRO ELETTRICO BASE - 380V/50Hz - WF752,
6581681979-01,WF752 VARIANTE Q.EL.BASE 415/50,WF752 BASIC EL. PANEL VARIANT 415V/50Hz,VARIANTE QUADRO ELETTRICO BASE - 415V/50Hz - WF752,
0536613977-01,WF752 COMPL.CAMBIO TAVOLA AUT.,WF752 AUTOMATIC PALLET CHANGE COMPLEMENT,COMPLEMENTO CAMBIO TAVOLA AUTOMATICO - WF752,
4949124055-01,WF752 COMPL.NASTRO EVACUATORE,WF752 SCRAP EXTRACTOR BELT COMPLEMENT,COMPLEMENTO NASTRO EVACUATORE - WF752,
7423713828-01,WF752 COMPL.CARICATORE LAMIERE,WF752 SHEET METAL LOADER COMPLEMENT,COMPLEMENTO CARICATORE LAMIERE - WF752,
3685380484-01,WF752 COMPL.ELETTRICO RIPARI,WF752 GUARDS ELECTRIC COMPLEMENT,COMPLEMENTO ELETTRICO RIPARI - WF752,
8761826948-01,WF752 COMPL.Q.EL.ASPIRATORE,WF752 SUCTION ELECTRIC PANEL COMPLEMENT,COMPLEMENTO QUADRO ELETTRICO ASPIRATORE - WF752,
8144500123-01,WF752 VARIANTE ASPIRATORE 220/50,WF752 SUCTION VARIANT 220V/50Hz,VARIANTE ASPIRATORE - 220V/50Hz - WF752,
8355527448-01,WF752 VARIANTE ASPIRATORE 380/50,WF752 SUCTION VARIANT 380V/50Hz,VARIANTE ASPIRATORE - 380V/50Hz - WF752,
2102646577-01,WF752 VARIANTE ASPIRATORE 415/50,WF752 SUCTION VARIANT 415V/50Hz,VARIANTE ASPIRATORE - 415V/50Hz - WF752,
4946196068-01,WF752 VARIANTE CAMBIO TAVOLA 220/50,WF752 PALLET CHANGE VARIANT 220V/50Hz,VARIANTE CAMBIO TAVOLA - 220V/50Hz - WF752,
1009311491-01,WF752 VARIANTE CAMBIO TAVOLA 380/50,WF752 PALLET CHANGE VARIANT 380V/50Hz,VARIANTE CAMBIO TAVOLA - 380V/50Hz - WF752,
0952072548-01,WF752 VARIANTE CAMBIO TAVOLA 415/50,WF752 PALLET CHANGE VARIANT 415V/50Hz,VARIANTE CAMBIO TAVOLA - 415V/50Hz - WF752,
8526243331-01,MORSE SUPPL. A BLOCCAGGIO ORIZZONTA,HORIZONTAL LOCKING CLAMPS SUPPLEMENT,MORSE SUPPLEMENTO A BLOCCAGGIO ORIZZONTALE,
7238744038-01,PIANALE RULLI LATO CARICAM.L 6000 M,ROLLER BED L=6m LOADING SIDE,PIANALE RULLI LATO CARICAMENTO L=6m,
1768360318-01,PIANALE RULLI LATO SCARICO COMPL.,ROLLER BED UNLOADING SIDE COMPLEMENT,COMPLEMENTO PIANALE RULLI LATO SCARICO,
6301704940-01,SUPPL. RISCONTRO PER PROFILI SIMMET,LOCATOR SUPPLEMENT SYMMETRIC PROFILES,SUPPLEMENTO RISCONTRO PER PROFILI SIMMETRICI,
9253997910-01,GRUPPO TESTA PIATTAFORMA,PLATFORM HEAD,TESTA PIATTAFORMA,
4590857798-01,GRUPPO RIDUTTORE CINGHIE,BELTS REDUCER,RIDUTTORE CINGHIE,
3994710336-01,IMPIANTO F.C. BASE - CARICATORE FAS,BASIC BUNDLE LOADER LIMIT SWITCH SYSTEM,"IMPIANTO FINECORSA BASE CARICATORE ""F""",
3415333505-01,RULLO SOLL.MATERIALE JJ638/A-AR,JJ638/A-AR ROLLER LIFT MATERIAL,RULLO SOLLEVAMENTO MATERIALE - JJ638/A-AR,
1788694102-01,RULLO IDR.SOLLEV.MAT.LATO SCARICO,HYDR. ROLLER LIFT MATERIAL UNLOAD SIDE,RULLO IDRAULICO SOLLEVAMENTO MATERIALE LATO SCARICO,
0263858031-01,TRIPLICATORE CORSA ALIMENT. JJ638A,JJ638/A TRIPLICATOR STROKE FEEDING,TRIPLICATORE CORSA ALIMENTAZIONE - JJ638A,
5271538584-01,GRUPPO CARRELLO,CARRIAGE,CARRELLO,
5824044294-01,A-CENTRALINA JJ622/A ROTAZ.MAN.E AU,JJ622/A MANUAL-AUTOM. ROTATION CTRL UNIT,CENTRALINA ROTAZIONE MANUALE E AUTOMATICA - JJ622/A,
5049677239-01,A-DOTAZIONE JJ622,JJ622 EQUIPMENT,DOTAZIONE - JJ622,
4104247006-01,GRUPPO PIATTAFORMA,PLATFORM,PIATTAFORMA,
3599674045-01,LUBRIFICAZIONE MICRONEBBIA JJ638/A,JJ638/A MICRO MIST LUBRICATION,LUBRIFICAZIONE MICRONEBBIA - JJ638/A,
5152107302-01,GRUPPO ROMPITRUCIOLO,BREAKING CHIP,ROMPITRUCIOLO,
1629738402-01,PREDISPOSIZIONE AGGANCIO RISCONTRO,LOCATOR HOOKING SET-UP,PREDISPOSIZIONE AGGANCIO RISCONTRO,
3228409437-01,VISUALIZZATORE BASE,BASIC DISPLAY,VISUALIZZATORE BASE,
5131430896-01,POSIZIONATORE BASE,BASIC POSITIONER,POSIZIONATORE BASE,
0741937958-01,POSIZ.PER REP CON RS232 (LINEA SER,PLACEMENT REP WITH RS232 (SERIAL LINE),POSIZIONAMENTO PER REP CON RS232 (LINEA SERIALE),
8224416308-01,IMPIANTO ELETTRICO BASE PER VISUALI,BASIC ELECTRICAL SYSTEM DISPLAY,IMPIANTO ELETTRICO BASE VISUALIZZATORE,
9356975023-01,IMPIANTO ELETTRICO BASE PER POSIZIO,POSITIONER BASIC ELECTRIC SYSTEM,IMPIANTO ELETTRICO BASE POSIZIONATORE,
1741181144-01,MODIF. RISC. REV PER JJ638R-AR,JJ638R/A LOCATOR MODIFY,MODIFICA RISCONTRO JJ638R-A,
7972512490-01,GRUPPO MACCHINA JF12 A VOLT 220/50,JF12 MACHINE 220V/50Hz,MACCHINA JF12 - 220V/50Hz,
5152630228-01,GRUPPO MACCHINA JF12 A VOLT.380/50,JF12 MACHINE 380V/50Hz,MACCHINA JF12 - 380V/50Hz,
2185247304-01,GRUPPO MACCHINA JF12 A VOLT 415/50,JF12 MACHINE 415V/50Hz,MACCHINA JF12 - 415V/50Hz,
5565908287-01,PRED. PER 7? E 8? GRUPPO KY42,KY42 SET-UP FOR GROUP 7 AND 8,PREDISPOSIZIONE PER GRUPPO 7 E 8 - KY42,
8698561844-01,SERIE GANASCE BLOCCAGGIO KY42,KY42 CLAMPING JAW SET,SERIE GANASCE BLOCCAGGIO - KY42,
9601504230-01,"PRED. PER 7?,8?,9?,10? GRUPPO KY42","KY42 SET-UP FOR GROUP 7, 8, 9 AND 10","PREDISPOSIZIONE PER GRUPPO 7, 8, 9 E 10 - KY42",
1036948538-01,TESTA OPERATRICE PIL 60 SENZA MOTORE,OPERATING HEAD W/O MOTOR - KY42,TESTA OPERATRICE SENZA MOTORE - KY42,
7513566132-01,TRASFERITORE A CATENE QJ 42 DA 6600,"QJ42 CHAIN TRANSFERER L=6,6m","TRASFERITORE A CATENE L=6,6m - QJ42",
2725025000-01,SCARICATORE BASE - 1 PER MACCHINA -,BASIC UNLOADER - 1x MACHINE,SCARICO BASE - 1 PER MACCHINA,
3268442342-01,PIASTRA CON CATENE PER TRASF. QJ42,QJ42 PLATE WITH CHAINS FOR TRANSFERER,PIASTRA CON CATENE PER TRASFERITORE - QJ42,
5073871795-01,QUADRO ELETTRICO BASE - FINO A 6 TE,BASIC ELECTRIC PANEL UP TO 6 HEADS,QUADRO ELETTRICO BASE - FINO A 6 TESTE,
1627125840-01,SUPPL. DISPOSITIVO SALVALAMA KY42,KY42 SAWBLADE GUARD DEVICE SUPPLEMENT,SUPPLEMENTO DISPOSITIVO SALVALAMA - KY42,
9929245900-01,IMPIANTO FINECORSA BASE - FINO A 6,BASIC LIMIT SWITCH SYSTEM UP TO 6 HEADS,IMPIANTO FINECORSA BASE - FINO A 6 TESTE,
0758712724-01,PULSANTIERA BASE - FINO A 6 TESTE -,CONTROL PANEL UP TO 6 HEADS,PULSANTIERA BASE - FINO A 6 TESTE,
3960660756-01,CARICATORE F 6600 PER KY42,"KY42 BUNDLE LOADER L=6,6m","CARICATORE ""F"" L=6,6m - KY42",
2670011150-01,REG. SIM. BRACCI ANTIACC. KY42 6600,KY42 SIMULTAN. OVERLAP STOP ADJUSTM. ARM,"REGOLAZIONE SIMULTANEA BRACCI ANTIACCAVALLAMENTO L=6,6m - KY42",
4040007972-01,GRUPPO MOBILE DI TAGLIO PER KY42,KY42 CUT MOBILE GROUP,GR. MOBILE DI TAGLIO - KY42,
7486188933-01,PIATTAFORMA SUPPORTO CARRELLI DI RA,PLATFORM SUPPORT COLLECTION CARRIAGE,PIATTAFORMA SUPPORTO CARRELLI DI RACCOLTA,
2877338258-01,CARRELLO INTERM. PER COMPLESSO QJ42,QJ42 INTERMEDIATE CARRIAGE,CARRELLO INTERMEDIO - QJ42,
0079372157-01,CARRELLO INTERM.PER COMPLESSO KY42,KY42 INTERMEDIATE CARRIAGE,CARRELLO INTERMEDIO - KY42,
3129061655-01,TRASLAZIONE FRONTALE PER QJ42 6600,"QJ42 FRONT CONVEYOR L=6,6m","TRASLAZIONE FRONTALE L=6,6m - QJ42",
0024476920-01,UNITA' DI TAGLIO BASE,BASIC CUTTING UNIT,UNITÀ DI TAGLIO BASE,
3500829760-01,REGOL. SIMULT. MORSE PER KY42 6600,"KY42 SIMULTAN. CLAMP ADJUSTMENT L=6,6m","REGOLAZIONE SIMULTANEA MORSE L=6,6m - KY42",
1052766026-01,SUPPL. ALLACC. REG. SIM. MORSE KY42,SIMULTAN. MORSE ADJUSTM. CONNECT. SUPPL.,SUPPLEMENTO ALLACCIAMENTO REGOLAZIONE SIMULTANEA MORSE - KY42,
0296789228-01,GRUPPO CARICO-SCARICO - 1 PER UNITA,CUTTING UNIT LOADING/UNLOADING,CARICO/SCARICO - UNITÀ DI TAGLIO,
7581012692-01,MORSA IDRAULICA ORIZZONTALE JJ782,JJ782 HORIZONTAL HYDRAULIC CLAMP,MORSA IDRAULICA ORIZZONTALE - JJ782,
1565477595-01,GRUPPO TRAVERSA,CROSSBAR,TRAVERSA,
5330634468-01,TESTA OPERATRICE JJ 782 SENZA MOT.,OPERATING HEAD W/O MOTOR - JJ782,TESTA OPERATRICE SENZA MOTORE - JJ782,
0855105328-01,RULL. CAR. JJ782 - EL.MODULARE 2000,LOADING ROLLER BED MODULAR ELEMENT L=2m,ELEMENTO MODULARE L=2m RULLIERA CARICO - JJ782,
6615138337-01,RULL. SCAR. JJ782 - BASE 2000+RISC.,JJ782 BASIC UNL. ROLLER BED L=2m+LOCATOR,BASE L=2m + RISCONTRO RULLIERA SCARICO - JJ782,
1828798868-01,IMPIANTO ELETTRICO BASE,BASIC ELECTRIC SYSTEM,IMPIANTO ELETTRICO BASE,
9345528529-01,A-DOTAZIONE JJ782,JJ782 EQUIPMENT,DOTAZIONE JJ782,
2019634158-01,GANASCIA PER PROFILI AD ALA ALTA,HIGH WING PROFILE JAWS,GANASCE PER PROFILI AD ALA ALTA,
0624601759-01,JJ783-PIANALE DI SCORRIMENTO BASE,JJ783 BASIC SLIDING BED,PIANALE DI SCORRIMENTO BASE - JJ783,
7414097851-01,JJ783- GRUPPO MACCHINA BASE,JJ783 BASIC MACHINE,MACCHINA BASE - JJ783,
9214778660-01,JJ783- RISCONTRO A BORDO MACCHINA,JJ783 LOCATOR ONBOARD MACHINE,RISCONTRO A BORDO MACCHINA - JJ783,
6447534566-01,JJ783- RISCONTRO INDIPENDENTE,JJ783 INDEPENDENT LOCATOR,RISCONTRO INDIPENDENTE - JJ783,
5207660448-01,JJ783-CENTRALINA X MACCH. CON RISC,JJ783 MACHINE CONTROL UNIT WITH LOCATOR,CENTRALINA MACCHINA CON RISCONTRO - JJ783,
7949847947-01,JJ783- GRUPPO CONNETTORI -N¿2 X MA,JJ783 CONNECTOR - N°2 X MACHINE,CONNETTORI - JJ783 - N°2 PER MACCHINA,
4119866618-01,JJ783-RULLO INTERM.-1 CON RISC.A B,JJ783 INTERMEDIATE ROLLER,RULLO INTERMEDIO - JJ783,
4195494050-01,JJ783- IMPIANTO ELETTRICO BASE,JJ783 BASIC ELECTRIC SYSTEM,IMPIANTO ELETTRICO BASE - JJ783,
1139333172-01,JJ783-CAVALLETTO PER PIANALE DI CA,JJ783 LOADING BED STAND,CAVALLETTO PIANALE DI CARICO - JJ783,
1445228997-01,RUOTA ROMPITRUCIOLO D.315 Z.56,CHIPBREAKER WHEEL D315 Z56,RUOTA ROMPITRUCIOLO D315 Z56,
2121740825-01,RUOTA ROMPITRUCIOLO D.315-Z.70,CHIPBREAKER WHEEL D315 Z70,RUOTA ROMPITRUCIOLO D315 Z70,
5113139635-01,RUOTA ROMPITRUCIOLO D.315-Z.84,CHIPBREAKER WHEEL D315 Z84,RUOTA ROMPITRUCIOLO D315 Z84,
3698715769-01,RUOTA ROMPITRUCIOLO D.350-Z.72,CHIPBREAKER WHEEL D350 Z72,RUOTA ROMPITRUCIOLO D350 Z72,
1974689888-01,RUOTA ROMPITRUCIOLO D.350-Z.80,CHIPBREAKER WHEEL D350 Z80,RUOTA ROMPITRUCIOLO D350 Z80,
7230268914-01,RUOTA ROMPITRUCIOLO D.350-Z.100,CHIPBREAKER WHEEL D350 Z100,RUOTA ROMPITRUCIOLO D350 Z100,
2045787978-01,JJ783-PROLUNGA ASTA MILLIMETRATA D,JJ783 EXTENSION MILLIMETER ROD 2-3m,PROLUNGA ASTA MILLIMETRATA 2-3m - JJ783,
3843144875-01,PREDISPOSIZ. X RISCONTRO ELETTRONIC,ELECTRONIC LOCATOR SET-UP,PREDISPOSIZIONE PER RISCONTRO ELETTRONICO,
7656359390-01,PRED. MONT. RISCONTRO REP JJ782,JJ782-REP ASSEMBLY LOCATOR SET-UP,PREDISPOSIZIONE MONTAGGIO RISCONTRO REP JJ782,
4261395225-01,AGGIUNTA AL CILINDRO TESTA MACCHINA,"""DASUB"" MACHINE HEAD CYLINDER ADDED","AGGIUNTA CILINDRO TESTA MACCHINA ""DASUB""",
3499117700-01,AGGIUNTA AL GRUPPO TRAVERSA MACCHIN,"""DASUB"" MACHINE CROSSBAR ADDED","AGGIUNTA GRUPPO TRAVERSA MACCHINA ""DASUB""",
6932157334-01,AGGIUNTA ALL'IMPIANTO IDRAULICO MAC,"""DASUB"" MACHINE HYDRAULIC SYSTEM ADDED","AGGIUNTA IMPIANTO IDRAULICO MACCHINA ""DASUB""",
3906335532-01,IMPIANTO ELETTRICO PER MACCHINA VER,"""DASUB"" MACHINE ELECTRIC SYSTEM","IMPIANTO ELETTRICO PER MACCHINA ""DASUB""",
9536981253-01,MODULO 2 MT PIANALE DI CARICO JJ782,JJ782 LOADING BED MODULE L=2m,MODULO PIANALE CARICO L=2m - JJ782,
6834371437-01,PIANALE SCARICO BASE DA 2 MT JJ782,JJ782 BASIC UNLOADING BED L=2m,PIANALE DI SCARICO BASE L=2m - JJ782,
6014880436-01,PROLUNGA SCARICO 2-4 MT JJ782,JJ782 UNLOADER EXTENSION L=2-4m,PROLUNGA SCARICO L=2-4m - JJ782,
4035403216-01,PROLUNGA SCARICO 4-6 MT JJ782,JJ782 UNLOADER EXTENSION L=4-6m,PROLUNGA SCARICO L=4-6m - JJ782,
7206357635-01,JJ782 COMPL. PER NORME FRANCESI,JJ782 FRENCH STANDARDS COMPLEMENT,COMPLEMENTO PER NORME FRANCESI - JJ782,
2541076834-01,FUMARAV PER JB52,JB52 FUMARAV,FUMARAV - JB52,
3614559529-01,RIPARI ANTINFORTUNISTICI JB52 1500,"JB52 SAFETY GUARDS L=1,5m",RIPARI ANTINFORTUNISTICI - JB52 1500,
1284651421-01,RIPARI ANTINFORTUNISTICI JB52 3000,JB52 SAFETY GUARDS L=3m,RIPARI ANTINFORTUNISTICI - JB52 3000,
6254918753-01,RIPARI ANTINFORTUNISTICI JB52 4500,"JB52 SAFETY GUARDS L=4,5m",RIPARI ANTINFORTUNISTICI - JB52 4500,
2495025096-00,SUPPL. CARIC. TUBO PREFORATO JB52,JB52 PRE-DRILLED TUBE LOADER SUPPLEMENT,,
1994724489-01,SUPPL.CARIC.TUBO A SEZ.IRREG. JB52,JB52 LOADER IRREGULAR TUBE SUPPLEMENT,SUPPLEMENTO CARICATORE TUBO IRREGOLARE - JB52,
1880871871-01,"GANASCE PRISM. JB52, D.10-24 L>100",JB52 PRISMATIC JAWS D10-24 L>100,GANASCE PRISMATICHE D10-24 L>100 - JB52,
2173072828-01,"GANASCE PRISM. JB52, D.14-34 L>100",JB52 PRISMATIC JAWS D14-34 L>100,GANASCE PRISMATICHE D14-34 L>100 - JB52,
0772619730-01,GANASCE PRISMATICHE 34-85 - JB 52,JB52 PRISMATIC JAWS 34-85,GANASCE PRISMATICHE 34-85 - JB52,
4036612789-01,"GANASCE PRISM. JB52, D.10-24 L<100",JB52 PRISMATIC JAWS D10-24 L<100,GANASCE PRISMATICHE D10-24 L<100 - JB52,
4477986887-01,"GANASCE PRISM. JB52, D.14-34 L<100",JB52 PRISMATIC JAWS D14-34 L<100,GANASCE PRISMATICHE D14-34 L<100 - JB52,
5412231246-01,GANASCE AVVOLGENTI JB52 D.10-40,JB52 WRAP-AROUND JAWS D10-40,GANASCE AVVOLGENTI D10-40 - JB52,
8172760836-01,GANASCE AVVOLGENTI JB52 D.40-85,JB52 WRAP-AROUND JAWS D40-85,GANASCE AVVOLGENTI D40-85 - JB52,
9931073816-01,TESTA 1V (500 M/MIN) JB52 - 220/50,1S HEAD 500m/min 220V/50Hz - JB52,TESTA 1 VELOCITÀ 500m/min - 220V/50Hz - JB52,
2116725977-01,TESTA 1V (500 M/MIN) JB52 - 380/50,1S HEAD 500m/min 380V/50Hz - JB52,TESTA 1 VELOCITÀ 500m/min - 380V/50Hz - JB52,
1373287669-01,TESTA 1V (500 M/MIN) JB52 - 415/50,1S HEAD 500m/min 415V/50Hz - JB52,TESTA 1 VELOCITÀ 500m/min - 415V/50Hz - JB52,
2326175695-01,TESTA 2V (25-50 M/MIN) JB52 220/50,2S HEAD 25-50m/min 220V/50Hz - JB52,TESTA 2 VELOCITÀ 25-50m/min - 220V/50Hz - JB52,
9481017216-01,TESTA 2V (25-50 M/MIN) JB52 380/50,2S HEAD 25-50m/min 380V/50Hz - JB52,TESTA 2 VELOCITÀ 25-50m/min - 380V/50Hz - JB52,
0026104220-01,TESTA 2V (25-50 M/MIN) JB52 415/50,2S HEAD 25-50m/min 415V/50Hz - JB52,TESTA 2 VELOCITÀ 25-50m/min - 415V/50Hz - JB52,
0668216648-01,TESTA 2V (50-100 M/MIN) JB52 220/50,2S HEAD 50-100m/min 220V/50Hz - JB52,TESTA 2 VELOCITÀ 50-100m/min - 220V/50Hz - JB52,
0561229299-01,TESTA 2V (50-100 M/MIN) JB52 380/50,2S HEAD 50-100m/min 380V/50Hz - JB52,TESTA 2 VELOCITÀ 50-100m/min - 380V/50Hz - JB52,
8424904861-01,TESTA 2V (50-100 M/MIN) JB52 415/50,2S HEAD 50-100m/min 415V/50Hz - JB52,TESTA 2 VELOCITÀ 50-100m/min - 415V/50Hz - JB52,
6037590478-01,TESTA 2V (100-200M/MIN) JB52 220/50,2S HEAD 100-200m/min 220V/50Hz - JB52,TESTA 2 VELOCITÀ 100-200m/min - 220V/50Hz - JB52,
8373967690-01,TESTA 2V (100-200M/MIN) JB52 380/50,2S HEAD 100-200m/min 380V/50Hz - JB52,TESTA 2 VELOCITÀ 100-200m/min - 380V/50Hz - JB52,
7341990643-01,TESTA 2V (100-200M/MIN) JB52 415/50,2S HEAD 100-200m/min 415V/50Hz - JB52,TESTA 2 VELOCITÀ 100-200m/min - 415V/50Hz - JB52,
2587442690-01,TESTA 3V (25-50-100) JB52 - 220/50,3S HEAD 25-50-100m/min 220V/50Hz - JB52,TESTA 3 VELOCITÀ 25-50-100 - 220V/50Hz - JB52,
9065014315-01,TESTA 3V (25-50-100) JB52 - 380/50,3S HEAD 25-50-100m/min 380V/50Hz - JB52,TESTA 3 VELOCITÀ 25-50-100 - 380V/50Hz - JB52,
7311725530-01,TESTA 3V (25-50-100) JB52 - 415/50,3S HEAD 25-50-100m/min 415V/50Hz - JB52,TESTA 3 VELOCITÀ 25-50-100 - 415V/50Hz - JB52,
3676102659-01,TESTA 6V (16...127) JB52 - 220/50,6S HEAD 16-127m/min 220V/50Hz - JB52,TESTA 6 VELOCITÀ 16-127m/min - 220V/50Hz - JB52,
5848958950-01,TESTA 6V (16...127) JB52 - 380/50,6S HEAD 16-127m/min 380V/50Hz - JB52,TESTA 6 VELOCITÀ 16-127m/min - 380V/50Hz - JB52,
0488450548-01,TESTA 6V (16...127) JB52 - 415/50,6S HEAD 16-127m/min 415V/50Hz - JB52,TESTA 6 VELOCITÀ 16-127m/min - 415V/50Hz - JB52,
7701097190-01,TESTA 6V (32...254) JB52 - 220/50,6S HEAD 32-254m/min 220V/50Hz - JB52,TESTA 6 VELOCITÀ 32-254m/min - 220V/50Hz - JB52,
3513353007-01,TESTA 6V (32...254) JB52 - 380/50,6S HEAD 32-254m/min 380V/50Hz - JB52,TESTA 6 VELOCITÀ 32-254m/min - 380V/50Hz - JB52,
6310367610-01,TESTA 6V (32...254) JB52 - 415/50,6S HEAD 32-254m/min 415V/50Hz - JB52,TESTA 6 VELOCITÀ 32-254m/min - 415V/50Hz - JB52,
7524757657-01,N. GRUPPO RISCONTRO BASE *1 O 2 PER,BASIC LOCATOR 1/2x MACCHINA,RISCONTRO BASE - 1-2x MACCHINA,
2961263014-01,N. GRUPPO ALIMENTAZIONE,FEEDING,ALIMENTAZIONE,
3720681458-01,N. QUADRO ELETTRICO BASE *1 RISCONT,BASIC ELECTRIC PANEL - 1° LOCATOR,QUADRO ELETTRICO BASE - 1 RISCONTRO,
4492204916-01,N. IMPIANTO FINECORSA BASE *1 RISCO,1°LOCATOR BASIC LIMIT SWITCH SYSTEM,IMPIANTO FINECORSA BASE - 1 RISCONTRO,
1677445543-01,A-CENTRALINA IDRAULICA A V. 240/415,HYDRAULIC UNIT 240/415V,CENTRALINA IDRAULICA - 240/415V,
9068410260-01,CARICATORE TIPO F BASE 6 MT CAPEK,BASIC BUNDLE LOADER L=6m CAPEKL,"CARICATORE ""F"" BASE L=6m CAPEKLE",
6200013896-01,CRF JB52 7 MONT. TUBI NON DELIC,JB52 BUNDLE LOADER 7P NO-DELICATE TUBE,"CARICATORE ""F"" 7 MONTANTI TUBI NON DELICATI - JB52",
0073412955-01,N. VARIANTE PER MISURAZIONE IN POLL,JB52 MEASURING SYSTEM IN INCHES VARIANT,VARIANTE PER MISURAZIONE IN POLLICI - JB52,
5792132338-01,COMPL.MISURAZ.POLLICI L.1500,"INCH MEASURING COMPLEMENT L=1,5m","COMPLEMENTO MISURAZIONE IN POLLICI L=1,5m",
1912074482-01,COMPL.MISURAZ.POLLICI L.3000,INCH MEASURING COMPLEMENT L=3m,COMPLEMENTO MISURAZIONE IN POLLICI L=3m,
8221721038-01,COMPL.MISURAZ.POLLICIL.4500,"INCH MEASURING COMPLEMENT L=4,5m","COMPLEMENTO MISURAZIONE IN POLLICI L=4,5m",
1876734403-01,COMPL.MISURAZ.POLLICI L.7000,INCH MEASURING COMPLEMENT L=7m,COMPLEMENTO MISURAZIONE IN POLLICI L=7m,
5013531472-01,REGOL. CENTRALIZZ. CARIC. 6600 JB52,"JB52 LOADER L=6,5m CENTRAL ADJUSTMENT","REGOLAZIONE CENTRALIZZATA CARICATORE L=6,6m - JB52",
4340719751-01,SUPPL. DOPPIO RISCONTRO JB52EP 1500,"JB52EP 2° LOCATOR L=1,5m","SUPPLEMENTO 2° RISCONTRO L=1,5m - JB52EP",
9822314777-01,SUPPL. DOPPIO RISCONTRO JB52EP 3000,JB52EP 2° LOCATOR L=3m,SUPPLEMENTO 2° RISCONTRO L=3m - JB52EP,
6651876340-01,SUPPL. DOPPIO RISCONTRO JB52EP 4500,"JB52EP 2° LOCATOR L=4,5m","SUPPLEMENTO 2° RISCONTRO L=4,5m - JB52EP",
4687540111-00,IMPIANTO SUPPL. MICRONEBBIA JB52,JB52 MICRO MIST SYSTEM SUPPLEMENT,,
9863330110-01,SEPARATORE 3L ANT. 1500 - 220/50,"3L FRONT SEPARATOR L=1,5m 220V/50Hz","SEPARATORE 3L ANTERIORE L=1,5m - 220V/50Hz",
3927514491-01,SEPARATORE 3L ANT. 1500 - 380/50,"3L FRONT SEPARATOR L=1,5m 380V/50Hz","SEPARATORE 3L ANTERIORE L=1,5m - 380V/50Hz",
7794655198-01,SEPARATORE 3L ANT. 1500 - 415/50,"3L FRONT SEPARATOR L=1,5m 415V/50Hz","SEPARATORE 3L ANTERIORE L=1,5m - 415V/50Hz",
6359543458-01,SEPARATORE 3L POST. 1500 - 220/50,"3L REAR SEPARATOR L=1,5m 220V/50Hz","SEPARATORE 3L POSTERIORE L=1,5m - 220V/50Hz",
7420285379-01,SEPARATORE 3L POST. 1500 - 380/50,"3L REAR SEPARATOR L=1,5m 380V/50Hz","SEPARATORE 3L POSTERIORE L=1,5m - 380V/50Hz",
0497521691-01,SEPARATORE 3L POST. 1500 - 415/50,"3L REAR SEPARATOR L=1,5m 415V/50Hz","SEPARATORE 3L POSTERIORE L=1,5m - 415V/50Hz",
0812077401-01,SEPARATORE 3L ANT. 3000 - 220/50,3L FRONT SEPARATOR L=3m 220V/50Hz,SEPARATORE 3L ANTERIORE L=3m - 220V/50Hz,
3406070049-01,SEPARATORE 3L ANT. 3000 - 380/50,3L FRONT SEPARATOR L=3m 380V/50Hz,SEPARATORE 3L ANTERIORE L=3m - 380V/50Hz,
9582595549-01,SEPARATORE 3L ANT. 3000 - 415/50,3L FRONT SEPARATOR L=3m 415V/50Hz,SEPARATORE 3L ANTERIORE L=3m - 415V/50Hz,
6254585713-01,SEPARATORE 3L POST. 3000 - 220/50,3L REAR SEPARATOR L=3m 220V/50Hz,SEPARATORE 3L POSTERIORE L=3m - 220V/50Hz,
8522984960-01,SEPARATORE 3L POST. 3000 - 380/50,3L REAR SEPARATOR L=3m 380V/50Hz,SEPARATORE 3L POSTERIORE L=3m - 380V/50Hz,
0397445938-01,SEPARATORE 3L POST. 3000 - 415/50,3L REAR SEPARATOR L=3m 415V/50Hz,SEPARATORE 3L POSTERIORE L=3m - 415V/50Hz,
7900128930-01,SEPARATORE 3L ANT. 4500 - 220/50,"3L FRONT SEPARATOR L=4,5m 220V/50Hz","SEPARATORE 3L ANTERIORE L=4,5m - 220V/50Hz",
0012893617-01,SEPARATORE 3L ANT. 4500 - 380/50,"3L FRONT SEPARATOR L=4,5m 380V/50Hz","SEPARATORE 3L ANTERIORE L=4,5m - 380V/50Hz",
1124071028-01,SEPARATORE 3L ANT. 4500 - 415/50,"3L FRONT SEPARATOR L=4,5m 415V/50Hz","SEPARATORE 3L ANTERIORE L=4,5m - 415V/50Hz",
7196908696-01,SEPARATORE 3L POST. 4500 - 220/50,"3L REAR SEPARATOR L=4,5m 220V/50Hz","SEPARATORE 3L POSTERIORE L=4,5m - 220V/50Hz",
2497905355-01,SEPARATORE 3L POST. 4500 - 380/50,"3L REAR SEPARATOR L=4,5m 380V/50Hz","SEPARATORE 3L POSTERIORE L=4,5m - 380V/50Hz",
1338905548-01,SEPARATORE 3L POST. 4500 - 415/50,"3L REAR SEPARATOR L=4,5m 415V/50Hz","SEPARATORE 3L POSTERIORE L=4,5m - 415V/50Hz",
1305017744-01,SEPARATORE 3L ANT.SPEC.4500 220/50,"SPEC.3L FRONT SEPARATOR L=4,5m 220V/50Hz","SEPARATORE 3L ANTERIORE SPECIALE L=4,5m - 220V/50Hz",
8628386082-01,SEPARATORE 3L ANT.SPEC.4500 380/50,"SPEC.3L FRONT SEPARATOR L=4,5m 380V/50Hz","SEPARATORE 3L ANTERIORE SPECIALE L=4,5m - 380V/50Hz",
3702845334-01,SEPARATORE 3L ANT.SPEC.4500 415/50,"SPEC.3L FRONT SEPARATOR L=4,5m 415V/50Hz","SEPARATORE 3L ANTERIORE SPECIALE L=4,5m - 415V/50Hz",
7082258045-01,SEPARATORE 3L POST.SPEC.4500 220/50,"SPEC. 3L REAR SEPARATOR L=4,5m 220V/50Hz","SEPARATORE 3L POSTERIORE SPECIALE L=4,5m - 220V/50Hz",
5735796249-01,SEPARATORE 3L POST.SPEC.4500 380/50,"SPEC. 3L REAR SEPARATOR L=4,5m 380V/50Hz","SEPARATORE 3L POSTERIORE SPECIALE L=4,5m - 380V/50Hz",
0429761814-01,SEPARATORE 3L POST.SPEC.4500 415/50,"SPEC. 3L REAR SEPARATOR L=4,5m 415V/50Hz","SEPARATORE 3L POSTERIORE SPECIALE L=4,5m - 415V/50Hz",
3561948108-01,SEPARATORE 4L JB52/EP 1500 - 220/50,"4L SEPARATOR L=1,5m 220V/50Hz","SEPARATORE 4L L=1,5m - 220V/50Hz - JB52/EP",
6690667215-01,SEPARATORE 4L JB52/EP 1500 - 380/50,"4L SEPARATOR L=1,5m 380V/50Hz","SEPARATORE 4L L=1,5m - 380V/50Hz - JB52/EP",
5556643737-01,SEPARATORE 4L JB52/EP 1500 - 415/50,"4L SEPARATOR L=1,5m 415V/50Hz","SEPARATORE 4L L=1,5m - 415V/50Hz - JB52/EP",
2700900216-01,SEPARATORE 4L JB52/EP 3000 - 220/50,4L SEPARATOR L=3m 220V/50Hz,SEPARATORE 4L L=3m - 220V/50Hz - JB52/EP,
3225629989-01,SEPARATORE 4L JB52/EP 3000 - 380/50,4L SEPARATOR L=3m 380V/50Hz,SEPARATORE 4L L=3m - 380V/50Hz - JB52/EP,
6239020552-01,SEPARATORE 4L JB52/EP 3000 - 415/50,4L SEPARATOR L=3m 415V/50Hz,SEPARATORE 4L L=3m - 415V/50Hz - JB52/EP,
6475966347-01,SEPARATORE 4L JB52/EP 4500 - 220/50,"4L SEPARATOR L=4,5m 220V/50Hz","SEPARATORE 4L L=4,5m - 220V/50Hz - JB52/EP",
2632211414-01,SEPARATORE 4L JB52/EP 4500 - 380/50,"4L SEPARATOR L=4,5m 380V/50Hz","SEPARATORE 4L L=4,5m - 380V/50Hz - JB52/EP",
0596108030-01,SEPARATORE 4L JB52/EP 4500 - 415/50,"4L SEPARATOR L=4,5m 415V/50Hz","SEPARATORE 4L L=4,5m - 415V/50Hz - JB52/EP",
5160019141-01,N. RIPARI SCORREVOLI INSONORIZZATI,BASIC SOUNDPROOF SLIDING GUARDS,RIPARI SCORREVOLI INSONORIZZATI BASE,
7253740366-01,GRUPPO MACCHINA W358,W358 MACHINE,MACCHINA - W358,
8014155464-01,MORSA MECCANICA W358,W358 MECHANICAL CLAMP,MORSA MECCANICA - W358,
3987236957-01,MORSA PNEUMATICA W358,W358 PNEUMATIC CLAMP,MORSA PNEUMATICA - W358,
1742275429-01,MORSA PN. CON ANTIBAVA+VALVOLA W358,W358 PNEUMATIC CLAMP W ANTISPATTER+VALVE,MORSA PNEUMATICA CON ANTIBAVA + VALVOLA - W358,
6840165580-01,RULL. CAR. W358/W798 - EL.BASE 2000,LOADING ROLLER BED BASIC ELEMENT L=2m,ELEMENTO BASE L=2m - RULLIERA CARICO W358/W798,
1586627935-01,RULLO SUPPORTO BARRA LATO CAR. W358,W358 LOADER SIDE BAR SUPPORT ROLLER,RULLO SUPPORTO BARRA LATO CARICATORE - W358,
9937834961-01,RULL. SCAR. W358/W798 - BASE 2000+R,W358/W798 BASIC UNLOAD. ROLLER BED L=2m,RULLIERA SCARICO W358/W798 BASE L=2m,
1946106368-01,ASTA MILL. DA 800 E RISCONTRO W358,W358 LOCATOR AND MILLIMETER ROD L=800mm,RISCONTRO E ASTA MILLIMETRATA L=800mm W358,
5873508316-01,IMPIANTO ELETTRICO PER MACCHINA NOR,NORMAL MACHINE ELECTRIC SYSTEM,IMPIANTO ELETTRICO PER MACCHINA NORMALE,
0256071801-01,IMPIANTO ELETTRICO PER MACCHINA/SA,SEMI-AUTOMATIC MACHINE ELECTRIC SYSTEM,IMPIANTO ELETTRICO PER MACCHINA SEMI AUTOMATICA,
9852272267-01,BASAMENTO W358,W358 BASE,BASAMENTO - W358,
2538998130-01,A-DOTAZIONE W358/315,W358/W798 EQUIPMENT,DOTAZIONE - W358/315,
8009681111-01,GRUPPO IMBALLO MACCHINA,PACKING MACHINE,IMBALLO MACCHINA,
8208176298-01,GRUPPO IMBALLO TRASPORTO W358/SA,W358/SA TRANSPORT PACKAGING,IMBALLO TRASPORTO - W358/SA,
7889063627-01,PRED. PER RISCONTRI REV SU W358,W358 LOCATORS SET-UP,PREDISPOSIZIONE PER RISCONTRI SU W358,
9728897245-01,PIANALE CARICO BASE 2 MT W358-315,W358/W798 BASIC LOADING BED L=2m,PIANALE DI CARICO BASE L=2m - W358/W798,
1678915990-01,PIANALE SCARICO BASE 2 MT W358-315,W358/W798 BASIC UNLOADING BED L=2m,PIANALE DI CARICO BASE L=2m - W358-315,
1144148557-01,PROLUNGA SCARICO 2-4 MT W358-315,W358/W798 UNLOADER EXTENSION L=2-4m,PROLUNGA SCARICO L=2-4m - W358/W798,
0869988548-01,MODULO 2 MT PIANALE CARICO W358-315,W358/W798 LOADING BED MODULE L=2m,MODULO PIANALE CARICO L=2m - W358/W798,
4648589499-01,FUMARAV PER W798SA,W798/SA FUMARAV,FUMARAV - W798/SA,
1596809684-01,MORSA MECCANICA W798,W798 MECHANICAL CLAMP,MORSA MECCANICA - W798,
3418330395-01,SUPPL. AZION. PNEUMATICO MORSA W798,W798 PNEUMATIC CLAMP DRIVE SUPPLEMENT,SUPPLEMENTO AZIONAMENTO PNEUMATICO MORSA - W798,
0096100211-01,MORSA PNEUMATICA W798,W798 PNEUMATIC CLAMP,MORSA PNEUMATICA - W798,
6500571709-01,MORSA PN. CON ANTIBAVA+VALVOLA W798,W798 PNEUMATIC CLAMP W ANTISPATTER+VALVE,MORSA PNEUMATICA CON ANTIBAVA + VALVOLA - W798,
1337912253-01,GRUPPO RIPARI CE W798/A,W798/A CE GUARDS,RIPARI CE - W798/A,
3135195895-01,A-RULLO SUPPORTO MATERIALE W358/315,W358/W798 MATERIAL SUPPORT ROLLER,RULLO SUPPORTO MATERIALE - W358/315,
4876800532-01,ASTA MILL. DA 800 E RISCONTRO W798,W798 LOCATOR AND MILLIMETER ROD L=800mm,RISCONTRO E ASTA MILLIMETRATA L=800mm W798,
3479890486-01,P-RISCONTRO 800 MM W798,W798 LOCATOR L=800mm,RISCONTRO L=800mm - W798,
2555287593-01,BASAMENTO W798,W798 BASE,BASAMENTO - W798,
6488172084-01,GRUPPO RIPARI CE W798 SA,W798/SA CE GUARDS,RIPARI CE - W798/SA,
4422997417-01,GRUPPO IMBALLO TRASPORTO W798/SA,W798/SA TRANSPORT PACKAGING,IMBALLO TRASPORTO - W798/SA,
9289141707-01,RUOTA ROMPITRUCIOLO D.315 Z.64,CHIPBREAKER WHEEL D315 Z64,RUOTA ROMPITRUCIOLO D315 Z64,
9570950276-01,RUOTA ROMPITRUCIOLO D.315 Z.80,CHIPBREAKER WHEEL D315 Z80,RUOTA ROMPITRUCIOLO D315 Z80,
7958911180-01,RUOTA ROMPITRUCIOLO D.315 Z.100,CHIPBREAKER WHEEL D315 Z100,RUOTA ROMPITRUCIOLO D315 Z100,
1126909388-01,PRED. PER RISCONTRI REV SU M 315,W798 LOCATORS SET-UP,PREDISPOSIZIONE PER RISCONTRI SU W798,
8685139231-01,FUMARAV PARTE ELETTRICA W798SA,W798SA FUMARAV ELECTRIC PART,PARTE ELETTRICA FUMARAV - W798SA,
2753651840-01,COMPL.MACCHINA BASE NORMALE,BASIC NORMAL MACHINE COMPLEMENT,COMPLEMENTO MACCHINA BASE NORMALE,
2728489156-01,VARIANTE MOTORE A VOLT 220/380,MOTOR VARIANT 220-380V,VARIANTE MOTORE - 220-380V,
2360347973-01,VARIANTE MOTORE A VOLT 240/415,MOTOR VARIANT 240/415V,VARIANTE MOTORE - 240/415V,
6234299474-01,MACCHINA BASE C.L.,LONG STROKE BASIC MACHINE,MACCHINA BASE CORSA LUNGA,
5385199440-01,COMPL.MACCHINA BASE NORMALE C.L.,BASIC NORMAL MACHINE COMPL.-LONG STROKE,COMPLEMENTO MACCHINA BASE NORMALE CORSA LUNGA,
6055256429-01,ECO.MACCHINA BASE,ECONOMICBASIC MACHINE,MACCHINA BASE ECONOMICA,
1803015023-01,JJ638 - VE 220V-50HZ,JJ638 SAWING MACHINE 220V/50Hz,JJ638 - 220V/50Hz,
6896900597-01,JJ638 - VE 220V-60HZ,JJ638 SAWING MACHINE 220V/60Hz,JJ638 - 220V/60Hz,
8495336405-01,JJ638 - VE 380V-60HZ,JJ638 SAWING MACHINE 380V/60Hz,JJ638 - 380V/60Hz,
2222725946-01,JJ638 - VE 480V-60HZ,JJ638 SAWING MACHINE 480V/60Hz,JJ638 - 480V/60Hz,
0631534547-01,MORSA IDRAULICA ORIZZONTALE JJ638,JJ638 HORIZONTAL HYDRAULIC CLAMP,MORSA IDRAULICA ORIZZONTALE - JJ638,
1092191930-01,MORSA IDR.ORIZZONTALE JJ638 C.L.,JJ638 HORIZONTAL HYDRAUL. CLAMP LONG RUN,MORSA IDRAULICA ORIZZONTALE CORSA LUNGA JJ638,
5462254333-01,TESTA TIPO P JJ638 - 220/50,"JJ638 ""P"" HEAD 220V/50Hz","TESTA ""P"" - 220V/50Hz - JJ638",
0077280420-01,TESTA TIPO P JJ638 - 380/50,"JJ638 ""P"" HEAD 380V/50Hz","TESTA ""P"" - 380V/50Hz - JJ638",
4844662444-01,TESTA TIPO P JJ638 - 415/50,"JJ638 ""P"" HEAD 415V/50Hz","TESTA ""P"" - 415V/50Hz - JJ638",
6849492203-01,TESTA L WIDIA PER JJ 638,"JJ638 ""L-WIDIA"" HEAD","TESTA ""L-WIDIA"" - JJ638",
0293025688-01,TESTA L WIDIA JJ 638 - 380/50,"JJ638 ""L-WIDIA"" HEAD 380V/50Hz","TESTA ""L-WIDIA"" - 380V/50Hz - JJ638",
3315604114-01,TESTA L WIDIA JJ 638 - 415/50,"JJ638 ""L-WIDIA"" HEAD 415V/50Hz","TESTA ""L-WIDIA"" - 415V/50Hz - JJ638",
5836944198-01,RULL. SCAR. JJ638 - BASE 2000+RISC.,JJ638 BASIC UNL. ROLLER BED L=2m+LOCATOR,BASE L=2m + RISCONTRO RULLIERA SCARICO - JJ638,
3367807313-01,FUMARAV PER JJ638,JJ638 FUMARAV,FUMARAV - JJ638,
6434221458-01,MICROLUBRIFICAZIONE ILC PER JJ638,"JJ638 ""ILC"" MICROLUBRICATION",MICROLUBRIFICAZIONE ILC - JJ638,
6409161298-01,CILINDRO MORSA VERT.58MM TETIFER,"""TETIFER"" VERTICAL CLAMP CYLINDER 58mm",CILINDRO MORSA VERTICALE 58mm TETIFER,
5219669067-01,A-CILINDRO BLOCC.SLITTA TETIFER,"""TETIFER"" SLIDE CLAMPING CYLINDER",CILINDRO BLOCCAGGIO SLITTA TETIFER,
1336289077-01,IMPIANTO ELETTRICO PER MACCHINA CON,MACHINE MANUAL ROTATION ELECTRIC SYSTEM,IMPIANTO ELETTRICO PER MACCHINA CON ROTAZIONE MANUALE,
8794437543-01,IMPIANTO ELETTRICO PER MACCHINA,MACHINE ELECTRIC SYSTEM,IMPIANTO ELETTRICO PER MACCHINA,
1521782866-01,COMPL.IMP.EL.PER MACCHINA CON ROTAZ,ELECTR. SYS MACH. MANUAL ROTATION COMPL.,COMPLEMENTO IMPIANTO ELETTRICO MACCHINA CON ROTAZIONE MANUALE,
3816798341-01,ECO.IMPIANTO ELETTRICO,ECONOMIC ELECTRIC SYSTEM,IMPIANTO ELETTRICO ECONOMICO,
3480228890-01,ECO.COMPL.EL.MACCHINA NORMALE,ELECTRIC COMPLEMENT NORMAL MACHINE ECO.,COMPLEMENTO ELETTRICO MACCHINA NORMALE ECONOMICA,
7477319450-01,JJ638 IMP.EL.ROTAZIONE MAN.C.L.,ELECT. SYS SPINDLE ROTATION LONG STROKE,IMPIANTO ELETTRICO ROTAZIONE MANDRINO CORSA LUNGA JJ638,
0925663942-01,JJ638 COMPL.EL.TESTA*P*ROT.MAN.C.L.,“P” HEAD EL. COMPL. LONG ST.SPIND.ROTAT.,"COMPLEMENTO ELETTRICO TESTA ""P"" ROTAZIONE MANDRINO CORSA LUNGA JJ638",
5970221040-01,IMP.EL. MACCHINA CON ROTAZ.AUTOMATI,MACHINE AUTOM. ROTATION ELECTRIC SYSTEM,IMPIANTO ELETTRICO MACCHINA CON ROTAZIONE AUTOMATICA,
1419541591-01,SERVOBLOCCAGGI ROTAZ. PIATTO JJ638,JJ638 PLATE ROTATION SERVOBLOCKS,SERVOBLOCCAGGI ROTAZIONE PIATTO - JJ638,
4397056848-01,DOTAZIONE COSTR.INTERNA CON TESTA P,“P” HEAD INTERNAL CONSTRUCTION EQUIPMENT,"DOTAZIONE COSTRUZIONE INTERNA CON TESTA ""P""",
9840118665-01,DOTAZIONE COSTR.INTERNA CON TESTA L,“L” HEAD INTERNAL CONSTRUCTION EQUIPMENT,"DOTAZIONE COSTRUZIONE INTERNA CON TESTA ""L""",
9302692447-01,BLOCCAGGI MANUALI ROTAZ. PIATTO,MANUAL PLATE ROTATION BLOCKS,BLOCCAGGI MANUALI ROTAZIONE PIATTO,
0075701490-01,SERVOBLOCCAGGI SPOST.TRAVERSA JJ638,JJ638 CROSSBAR MOVEMENT SERVOBLOCKS,SERVOBLOCCAGGI SPOSTAMENTO TRAVERSA - JJ638,
8560391387-01,BLOCCAGGI MANUALI SPOST.TRAVERSA,MANUAL CROSSBAR SHIFT BLOCKS,BLOCCAGGI MANUALI SPOSTAMENTO TRAVERSA,
8372310747-01,SERVOBLOCCAGGI MORSE ORIZZ. JJ638,JJ638 HORIZONTAL CLAMPS SERVOBLOCKS,SERVOBLOCCAGGI MORSE ORIZZONTALI - JJ638,
6452384248-01,BLOCCAGGI MANUALI MORSE ORIZZONTALI,MANUAL CLAMPING MANUAL HORIZONTAL CLAMPS,BLOCCAGGI MANUALI MORSE ORIZZONTALI,
5955515947-01,RULLO IDR. SOLLEVAMENTO BARRA JJ638,JJ638 HYDRAULIC BAR LIFT ROLLER,RULLO IDRAULICO SOLLEVAMENTO BARRA - JJ638,
1885882921-01,RULLO SOLLEVAMENTO MATERIALE,ROLLER LIFT MATERIAL,RULLO SOLLEVAMENTO MATERIALE,
2551083313-01,TRAVERSA - CENTRALINA - IMPIANTO ID,HYDR. SYS CONTROL UNIT CROSSBAR,TRAVERSA CENTRALINA IMPIANTO IDRAULICO,
9214587198-01,TRAVERSA-CENTRALINA-IMP.IDR.C.L.,HYDR. SYS CTRL UNIT CROSSBAR LONG STROKE,TRAVERSA CENTRALINA IMPIANTO IDRAULICO CORSA LUNGA,
3595801286-01,ECO.TRAVERSA-CENTRALINA-IMP.IDR.,HYDR. SYS CONTROL UNIT CROSSBAR ECONOMIC,TRAVERSA CENTRALINA IMPIANTO IDRAULICO ECONOMICO,
1844506305-01,TRAVERSA SPECIALE TETIFER,"""TETIFER"" SPECIAL CROSSBAR",TRAVERSA SPECIALE TETIFER,
9872172828-01,LUBRIFICAZIONE A MICRONEBBIA JJ638,JJ638 MICRO MIST LUBRICATION,LUBRIFICAZIONE MICRONEBBIA - JJ638,
3809755578-01,GRUPPO PROTEZIONE TAGLIO *FECENU*,FECENU CUT PROTECTION,PROTEZIONE TAGLIO FECENU,
4130203218-01,RUOTA ROMPITRUCIOLO D.400 Z.64,CHIPBREAKER WHEEL D400 Z64,RUOTA ROMPITRUCIOLO D400 Z64,
5049325284-01,RUOTA ROMPITRUCIOLO D.400 Z.80,CHIPBREAKER WHEEL D400 Z80,RUOTA ROMPITRUCIOLO D400 Z80,
1044184004-01,RUOTA ROMPITRUCIOLO D.400 Z.96,CHIPBREAKER WHEEL D400 Z96,RUOTA ROMPITRUCIOLO D400 Z96,
0825679916-01,RUOTA ROMPITRUCIOLO D.400 Z.128,CHIPBREAKER WHEEL D400 Z128,RUOTA ROMPITRUCIOLO D400 Z128,
9065003460-01,RUOTA ROMPITRUCIOLO D.420 Z.72,CHIPBREAKER WHEEL D420 Z72,RUOTA ROMPITRUCIOLO D420 Z72,
4356254756-01,RUOTA ROMPITRUCIOLO D.420 Z.90,CHIPBREAKER WHEEL D420 Z90,RUOTA ROMPITRUCIOLO D420 Z90,
5017129542-01,RUOTA ROMPITRUCIOLO D.420 Z.108,CHIPBREAKER WHEEL D420 Z108,RUOTA ROMPITRUCIOLO D420 Z108,
2514883912-01,MODULO 2 MT PIANALE DI CARICO JJ638,JJ638 LOADING BED MODULE L=2m,MODULO PIANALE CARICO L=2m - JJ638,
7224883768-01,PIANALE DI SCARICO DA 2 MT JJ638,JJ638 UNLOADING BED L=2m,PIANALE DI SCARICO L=2m - JJ638,
1346296965-01,PROLUNGA SCARICO 2-4 MT JJ638,JJ638 UNLOADER EXTENSION L=2-4m,PROLUNGA SCARICO L=2-4m - JJ638,
7442667650-01,PROLUNGA SCARICO 4-6 MT JJ638,JJ638 UNLOADER EXTENSION L=4-6m,PROLUNGA SCARICO L=4-6m - JJ638,
2689594274-01,FINECORSA SICUREZZA PORTE NORME CE,DOOR SAFETY LIMIT SWITCH CE STANDARD,FINECORSA SICUREZZA PORTE NORME CE,
8024569699-01,JJ638 COMPL.MICRONEBBIA,JJ638 MICRO MIST COMPLEMENT,COMPLEMENTO MICRONEBBIA - JJ638,
3933107466-01,SUPPL. MORSE VERT.CORSA LUNGA JJ783,JJ783 LONG RUN VERTICAL CLAMP,SUPPLEMENTO MORSE VERTICALI CORSA LUNGA - JJ783,
8010053968-01,MORSA PNEUMATICA ORIZZONTALE GJ632,GJ632 HORIZONTAL PNEUMATIC CLAMP,MORSA PNEUMATICA ORIZZONTALE - GJ632,
4645610948-01,FUMARAV PER GJ632/A/N,GJ632/A/N FUMARAV,FUMARAV - GJ632/A/N,
2918359009-01,GANASCE POSIZ. SU ASSE ROTAZ. GJ632,GJ632 JAWS POSITIONED ON ROTATION AXIS,GANASCE POSIZIONATE SU ASSE ROTAZIONE - GJ632,
2753347010-01,GANASCIA PER USO GJ632A SENZA ALIM.,GJ632A JAWS WITHOUT FEEDING,GANASCE - GJ632A SENZA ALIMENTATORE,
3750251227-01,COMPL.MACCHINA TIPO N PER POS.SU AS,"""N"" MACH.COMPLEM. X POSIT.ON ROTAT. AXIS","COMPLEMENTO MACCHINA ""N"" PER POSIZIONE SU ASSE DI ROTAZIONE",
9133473159-01,REGOLAZIONE ESTERNA CILINDRO TESTA,HEAD CYLINDER EXTERNAL ADJUSTMENT,REGOLAZIONE ESTERNA CILINDRO TESTA,
6088813271-01,SUPPL. RISCONTRO SEZ. SIMM. GJ632,GJ632 SYMMETRIC SECTION LOCATOR SUPPLEM.,SUPPLEMENTO RISCONTRO SEZIONE SIMMETRICA - GJ632,
7052618612-01,ALIMENTAZIONE AUTOMATICA,AUTOMATIC FEEDING,ALIMENTAZIONE AUTOMATICA,
4324699891-01,RULL. SCAR. GJ632 - BASE 2000+RISC.,GJ632 BASIC UNL. ROLLER BED L=2m+LOCATOR,BASE L=2m + RISCONTRO RULLIERA SCARICO - GJ632,
4329596225-01,DOTAZIONE MACCHINA TIPO N,"""N"" MACHINE EQUIPMENT","DOTAZIONE MACCHINA ""N""",
1776279993-01,DOTAZIONE MACCHINA TIPO A,"""A"" MACHINE EQUIPMENT","DOTAZIONE MACCHINA ""A""",
9982022519-01,IMPIANTO PNEUMATICO MACCHINA TIPO N,"""N"" MACHINE PNEUMATIC SYSTEM","IMPIANTO PNEUMATICO MACCHINA ""N""",
9882261031-01,IMPIANTO PNEUMATICO MACCHINA TIPO A,"""A"" MACHINE PNEUMATIC SYSTEM","IMPIANTO PNEUMATICO MACCHINA ""A""",
8733543169-01,PROTEZIONI MOTORI A V.220/50-60 HZ,MOTOR PROTECTION 4kW 220V/50-60Hz,PROTEZIONI MOTORI - 220V/50-60Hz 4kW,
5310177624-01,MOTORE TESTA OPERATRICE A V.220-380,OPERATING HEAD MOTOR 4kW 220-380V,MOTORE TESTA OPERATRICE - 220-380V 4kW,
8998747603-01,MOTORE TESTA OPERATRICE V.220 60 HZ,"OPERATING HEAD MOTOR 4,8kW 220V/60Hz","MOTORE TESTA OPERATRICE - 220V/60Hz 4,8kW",
5512452870-01,MOTORE TESTA OPERATRICE A V.240-415,OPERATING HEAD MOTOR 4kW 240-415V,MOTORE TESTA OPERATRICE - 240-415V 4kW,
7026841301-01,AMMORTIZZATORE CORSA CARRELLO ALIME,SHOCK ABSORBER STROKE FEEDER CARR. 5.5HP,"AMMORTIZZATORE CORSA CARRELLO ALIMENTATORE 5,5HP",
4477003412-01,"VARIANTE CINGHIE HTD PER 5,5 CUF","HTD BELTS VARIANT FOR 5,5HP","VARIANTE CINGHIE HTD PER 5,5 CUF",
0469892730-01,MODULO 2 MT PIANALE DI CARICO GJ632,GJ632 LOADING BED MODULE L=2m,MODULO PIANALE CARICO L=2m - GJ632,
1114701959-01,MODULO PROLUNGA PIANALE DI CARICO,LOADING BED EXTENSION MODULE,MODULO PROLUNGA PIANALE DI CARICO,
2347732573-01,PIANALE DI SCARICO GJ632,GJ632 UNLOADING BED,PIANALE DI SCARICO - GJ632,
0587844840-01,PROLUNGA SCARICO 2-4 MT GJ632,GJ632 UNLOADER EXTENSION L=2-4m,PROLUNGA SCARICO L=2-4m - GJ632,
0819487034-01,PROLUNGA SCARICO 4-6 MT GJ632,GJ632 UNLOADER EXTENSION L=4-6m,PROLUNGA SCARICO L=4-6m - GJ632,
1817628993-01,RISCONTRO PER TAGLI INCLINATI GJ632,GJ632 LOCATOR FOR SLOPE CUTS,RISCONTRO PER TAGLI INCLINATI - GJ632,
3710357777-01,RIDUTTORE PRESS. MORSA VERT. JJ542,JJ542 VERTICAL CLAMP PRESSURE REDUCER,RIDUTTORE PRESSIONE MORSA VERTICALE - JJ542,
0665433830-01,MORSA IDRAULICA ORIZZONTALE JJ542,JJ542 HORIZONTAL HYDRAULIC CLAMP,MORSA IDRAULICA ORIZZONTALE - JJ542,
3096395120-01,GRUPPO BANCO,BENCH,BANCO,
1136602482-01,RULLIERA CAR.MAN. 6000 220-380/50,MANUAL LOADING ROLLER L=6m 220-380V/50Hz,RULLIERA CARICO MANUALE L=6m - 220-380V/50Hz,
3794697566-01,RULLIERA CAR. MAN. 6000 260-415/50,MANUAL LOADING ROLLER L=6m 260-415V/50Hz,RULLIERA CARICO MANUALE L=6m - 260-415V/50Hz,
9780738573-01,RULLIERA CAR.MAN. 10000 220-380/50,MANUAL LOAD. ROLLER L=10m 220-380V/50Hz,RULLIERA CARICO MANUALE L=10m - 220-380V/50Hz,
4842166218-01,RULLIERA CAR.MAN. 10000 260-415/50,MANUAL LOAD. ROLLER L=10m 260-415V/50Hz,RULLIERA CARICO MANUALE L=10m - 260-415V/50Hz,
9078647333-01,RULLIERA CAR.MAN. 14000 220-380/50,MANUAL LOAD. ROLLER L=14m 220-380V/50Hz,RULLIERA CARICO MANUALE L=14m - 220-380V/50Hz,
0862354262-01,RULLIERA CAR.MAN. 14000 260-415/50,MANUAL LOAD. ROLLER L=14m 260-415V/50Hz,RULLIERA CARICO MANUALE L=14m - 260-415V/50Hz,
5139788380-01,RULLIERA CAR.MOTOR. 6000 220/50,MOTOR. LOAD. ROLLER BED L=6m 220V/50Hz,RULLIERA CARICO MOTORIZZATA L=6m - 220V/50Hz,
7016902077-01,RULLIERA CAR.MOTOR. 6000 380/50,MOTOR. LOAD. ROLLER BED L=6m 380V/50Hz,RULLIERA CARICO MOTORIZZATA L=6m - 380V/50Hz,
9022163630-01,RULLIERA CAR.MOTOR. 6000 415/50,MOTOR. LOAD. ROLLER BED L=6m 415V/50Hz,RULLIERA CARICO MOTORIZZATA L=6m - 415V/50Hz,
9974582304-01,RULLIERA CAR.MOTOR. 10000 220/50,MOTOR. LOAD. ROLLER BED L=10m 220V/50Hz,RULLIERA CARICO MOTORIZZATA L=10m - 220V/50Hz,
0566017493-01,RULLIERA CAR.MOTOR. 10000 380/50,MOTOR. LOAD. ROLLER BED L=10m 380V/50Hz,RULLIERA CARICO MOTORIZZATA L=10m - 380V/50Hz,
7289127402-01,RULLIERA CAR.MOTOR. 10000 415/50,MOTOR. LOAD. ROLLER BED L=10m 415V/50Hz,RULLIERA CARICO MOTORIZZATA L=10m - 415V/50Hz,
0958460833-01,RULLIERA CAR.MOTOR. 14000 220/50,MOTOR. LOAD. ROLLER BED L=14m 220V/50Hz,RULLIERA CARICO MOTORIZZATA L=14m - 220V/50Hz,
6115233928-01,RULLIERA CAR.MOTOR. 14000 380/50,MOTOR. LOAD. ROLLER BED L=14m 380V/50Hz,RULLIERA CARICO MOTORIZZATA L=14m - 380V/50Hz,
6597809934-01,RULLIERA CAR.MOTOR. 14000 415/50,MOTOR. LOAD. ROLLER BED L=14m 415V/50Hz,RULLIERA CARICO MOTORIZZATA L=14m - 415V/50Hz,
4781565160-01,RULLIERA SCAR.MAN. 4000 220/50,MANUAL UNLOAD. ROLLER BED L=4m 220V/50Hz,RULLIERA SCARICO MANUALE L=4m - 220V/50Hz,
6733360951-01,RULLIERA SCAR.MAN. 4000 380/50,MANUAL UNLOAD. ROLLER BED L=4m 380V/50Hz,RULLIERA SCARICO MANUALE L=4m - 380V/50Hz,
7156537501-01,RULLIERA SCAR.MAN. 4000 415/50,MANUAL UNLOAD. ROLLER BED L=4m 415V/50Hz,RULLIERA SCARICO MANUALE L=4m - 415V/50Hz,
3702104419-01,RULLIERA SCARICO MANUALE 6000 JJ542,JJ542 MANUAL UNLOAD. ROLLER BED L=6m,RULLIERA SCARICO MANUALE L=6m JJ542,
7013474378-01,RULLIERA SCAR.MAN. 6000 220/50,MANUAL UNLOAD. ROLLER BED L=6m 220V/50Hz,RULLIERA SCARICO MANUALE L=6m - 220V/50Hz,
7905332332-01,RULLIERA SCAR.MAN. 6000 380/50,MANUAL UNLOAD. ROLLER BED L=6m 380V/50Hz,RULLIERA SCARICO MANUALE L=6m - 380V/50Hz,
8077606942-01,RULLIERA SCAR.MAN. 6000 415/50,MANUAL UNLOAD. ROLLER BED L=6m 415V/50Hz,RULLIERA SCARICO MANUALE L=6m - 415V/50Hz,
1737697415-01,RULLIERA SCAR.MAN. 8000 220/50,MANUAL UNLOAD. ROLLER BED L=8m 220V/50Hz,RULLIERA SCARICO MANUALE L=8m - 220V/50Hz,
0955641945-01,RULLIERA SCAR.MAN. 8000 380/50,MANUAL UNLOAD. ROLLER BED L=8m 380V/50Hz,RULLIERA SCARICO MANUALE L=8m - 380V/50Hz,
1806675880-01,RULLIERA SCAR.MAN. 8000 415/50,MANUAL UNLOAD. ROLLER BED L=8m 415V/50Hz,RULLIERA SCARICO MANUALE L=8m - 415V/50Hz,
6229712151-01,RULLIERA SCAR.MAN. 10000 220/50,MANUAL UNLOAD.ROLLER BED L=10m 220V/50Hz,RULLIERA SCARICO MANUALE L=10m - 220V/50Hz,
5226109938-01,RULLIERA SCAR.MAN. 10000 380/50,MANUAL UNLOAD.ROLLER BED L=10m 380V/50Hz,RULLIERA SCARICO MANUALE L=10m - 380V/50Hz,
1196969285-01,RULLIERA SCAR.MAN. 10000 415/50,MANUAL UNLOAD.ROLLER BED L=10m 415V/50Hz,RULLIERA SCARICO MANUALE L=10m - 415V/50Hz,
0007413097-01,RULLIERA SCAR.MAN. 12000 220/50,MANUAL UNLOAD.ROLLER BED L=12m 220V/50Hz,RULLIERA SCARICO MANUALE L=12m - 220V/50Hz,
0238826957-01,RULLIERA SCAR.MAN. 12000 380/50,MANUAL UNLOAD.ROLLER BED L=12m 380V/50Hz,RULLIERA SCARICO MANUALE L=12m - 380V/50Hz,
6178656919-01,RULLIERA SCAR.MAN. 12000 415/50,MANUAL UNLOAD.ROLLER BED L=12m 415V/50Hz,RULLIERA SCARICO MANUALE L=12m - 415V/50Hz,
0717915983-01,RULLIERA SCAR.MAN. 14000 220/50,MANUAL UNLOAD.ROLLER BED L=14m 220V/50Hz,RULLIERA SCARICO MANUALE L=14m - 220V/50Hz,
2571724091-01,RULLIERA SCAR.MAN. 14000 380/50,MANUAL UNLOAD.ROLLER BED L=14m 380V/50Hz,RULLIERA SCARICO MANUALE L=14m - 380V/50Hz,
0147786983-01,RULLIERA SCAR.MAN. 14000 415/50,MANUAL UNLOAD.ROLLER BED L=14m 415V/50Hz,RULLIERA SCARICO MANUALE L=14m - 415V/50Hz,
9809503014-01,RISCONTRO PROGR.MOTOR.(4000) 220/50,MOTOR. PROGRAMM. LOCATOR L=4m 220V/50Hz,RISCONTRO PROGRAMMABILE MOTORIZZATO L=4m - 220V/50Hz,
9941788436-01,RISCONTRO PROGR.MOTOR.(4000) 380/50,MOTOR. PROGRAMM. LOCATOR L=4m 380V/50Hz,RISCONTRO PROGRAMMABILE MOTORIZZATO L=4m - 380V/50Hz,
3051869879-01,RISCONTRO PROGR.MOTOR.(4000) 415/50,MOTOR. PROGRAMM. LOCATOR L=4m 415V/50Hz,RISCONTRO PROGRAMMABILE MOTORIZZATO L=4m - 415V/50Hz,
3896188743-01,RISCONTRO PROGR.MOTOR.(6000) 220/50,MOTOR. PROGRAMM. LOCATOR L=6m 220V/50Hz,RISCONTRO PROGRAMMABILE MOTORIZZATO L=6m - 220V/50Hz,
7393474069-01,RISCONTRO PROGR.MOTOR.(6000) 380/50,MOTOR. PROGRAMM. LOCATOR L=6m 380V/50Hz,RISCONTRO PROGRAMMABILE MOTORIZZATO L=6m - 380V/50Hz,
2621714544-01,RISCONTRO PROGR.MOTOR.(6000) 415/50,MOTOR. PROGRAMM. LOCATOR L=6m 415V/50Hz,RISCONTRO PROGRAMMABILE MOTORIZZATO L=6m - 415V/50Hz,
8715416750-01,RISCONTRO PROGR.MOTOR.(8000) 220/50,MOTOR. PROGRAMM. LOCATOR L=8m 220V/50Hz,RISCONTRO PROGRAMMABILE MOTORIZZATO L=8m - 220V/50Hz,
8756470243-01,RISCONTRO PROGR.MOTOR.(8000) 380/50,MOTOR. PROGRAMM. LOCATOR L=8m 380V/50Hz,RISCONTRO PROGRAMMABILE MOTORIZZATO L=8m - 380V/50Hz,
8533755100-01,RISCONTRO PROGR.MOTOR.(8000) 415/50,MOTOR. PROGRAMM. LOCATOR L=8m 415V/50Hz,RISCONTRO PROGRAMMABILE MOTORIZZATO L=8m - 415V/50Hz,
2582681548-01,RISCONTRO PROGR.MOT.(10000) 220/50,MOTOR. PROGRAMM. LOCATOR L=10m 220V/50Hz,RISCONTRO PROGRAMMABILE MOTORIZZATO L=10m - 220V/50Hz,
8231093956-01,RISCONTRO PROGR.MOT.(10000) 380/50,MOTOR. PROGRAMM. LOCATOR L=10m 380V/50Hz,RISCONTRO PROGRAMMABILE MOTORIZZATO L=10m - 380V/50Hz,
3006191965-01,RISCONTRO PROGR.MOT.(10000) 415/50,MOTOR. PROGRAMM. LOCATOR L=10m 415V/50Hz,RISCONTRO PROGRAMMABILE MOTORIZZATO L=10m - 415V/50Hz,
5637759822-01,ARMADIO EL. + CONSOLLE 220-260/50,ELECTRIC CABINET + CONSOLE 220-260V/50Hz,ARMADIO ELETTRICO + CONSOLLE - 220-260V/50Hz,
3112581878-01,ARMADIO EL. + CONSOLLE 380-415/50,ELECTRIC CABINET + CONSOLE 380-415V/50Hz,ARMADIO ELETTRICO + CONSOLLE - 380-415V/50Hz,
9951859740-01,LINEA TRASP. 6000 (CARIC.) 220/50,LOADER TRANSPORT LINE L=6m 220V/50Hz,LINEA TRASPORTO CARICO L=6m - 220V/50Hz,
5676526027-01,LINEA TRASP. 6000 (CARIC.) 380/50,LOADER TRANSPORT LINE L=6m 380V/50Hz,LINEA TRASPORTO CARICO L=6m - 380V/50Hz,
1015746368-01,LINEA TRASP. 6000 (CARIC.) 415/50,LOADER TRANSPORT LINE L=6m 415V/50Hz,LINEA TRASPORTO CARICO L=6m - 415V/50Hz,
3212512864-01,LINEA TRASP. 10000 (CARIC.) 220/50,LOADER TRANSPORT LINE L=10m 220V/50Hz,LINEA TRASPORTO CARICO L=10m - 220V/50Hz,
5649008708-01,LINEA TRASP. 10000 (CARIC.) 380/50,LOADER TRANSPORT LINE L=10m 380V/50Hz,LINEA TRASPORTO CARICO L=10m - 380V/50Hz,
8654163128-01,LINEA TRASP. 10000 (CARIC.) 415/50,LOADER TRANSPORT LINE L=10m 415V/50Hz,LINEA TRASPORTO CARICO L=10m - 415V/50Hz,
7566445166-01,LINEA TRASP. 14000 (CARIC.) 220/50,LOADER TRANSPORT LINE L=14m 220V/50Hz,LINEA TRASPORTO CARICO L=14m - 220V/50Hz,
9093281827-01,LINEA TRASP. 14000 (CARIC.) 380/50,LOADER TRANSPORT LINE L=14m 380V/50Hz,LINEA TRASPORTO CARICO L=14m - 380V/50Hz,
0319123328-01,LINEA TRASP. 14000 (CARIC.) 415/50,LOADER TRANSPORT LINE L=14m 415V/50Hz,LINEA TRASPORTO CARICO L=14m - 415V/50Hz,
1449553258-01,LINEA TRASP. 4000 (SCAR.) 220/50,UNLOADER TRANSPORT LINE L=4m 220V/50Hz,LINEA TRASPORTO SCARICO L=4m - 220V/50Hz,
4228934575-01,LINEA TRASP. 4000 (SCAR.) 380/50,UNLOADER TRANSPORT LINE L=4m 380V/50Hz,LINEA TRASPORTO SCARICO L=4m - 380V/50Hz,
7613985528-01,LINEA TRASP. 4000 (SCAR.) 415/50,UNLOADER TRANSPORT LINE L=4m 415V/50Hz,LINEA TRASPORTO SCARICO L=4m - 415V/50Hz,
9859701331-01,LINEA TRASP. 6000 (SCAR.) 220/50,UNLOADER TRANSPORT LINE L=6m 220V/50Hz,LINEA TRASPORTO SCARICO L=6m - 220V/50Hz,
9422432429-01,LINEA TRASP. 6000 (SCAR.) 380/50,UNLOADER TRANSPORT LINE L=6m 380V/50Hz,LINEA TRASPORTO SCARICO L=6m - 380V/50Hz,
6925015729-01,LINEA TRASP. 6000 (SCAR.) 415/50,UNLOADER TRANSPORT LINE L=6m 415V/50Hz,LINEA TRASPORTO SCARICO L=6m - 415V/50Hz,
5075809029-01,LINEA TRASP. 8000 (SCAR.) 220/50,UNLOADER TRANSPORT LINE L=8m 220V/50Hz,LINEA TRASPORTO SCARICO L=8m - 220V/50Hz,
7881036401-01,LINEA TRASP. 8000 (SCAR.) 380/50,UNLOADER TRANSPORT LINE L=8m 380V/50Hz,LINEA TRASPORTO SCARICO L=8m - 380V/50Hz,
5513538543-01,LINEA TRASP. 8000 (SCAR.) 415/50,UNLOADER TRANSPORT LINE L=8m 415V/50Hz,LINEA TRASPORTO SCARICO L=8m - 415V/50Hz,
5181454894-01,LINEA TRASP. 10000 (SCAR.) 220/50,UNLOADER TRANSPORT LINE L=10m 220V/50Hz,LINEA TRASPORTO SCARICO L=10m - 220V/50Hz,
0666133807-01,LINEA TRASP. 10000 (SCAR.) 380/50,UNLOADER TRANSPORT LINE L=10m 380V/50Hz,LINEA TRASPORTO SCARICO L=10m - 380V/50Hz,
5865115499-01,LINEA TRASP. 10000 (SCAR.) 415/50,UNLOADER TRANSPORT LINE L=10m 415V/50Hz,LINEA TRASPORTO SCARICO L=10m - 415V/50Hz,
1939129811-01,LINEA TRASP. 12000 (SCAR.) 220/50,UNLOADER TRANSPORT LINE L=12m 220V/50Hz,LINEA TRASPORTO SCARICO L=12m - 220V/50Hz,
9273226722-01,LINEA TRASP. 12000 (SCAR.) 380/50,UNLOADER TRANSPORT LINE L=12m 380V/50Hz,LINEA TRASPORTO SCARICO L=12m - 380V/50Hz,
2246062302-01,LINEA TRASP. 12000 (SCAR.) 415/50,UNLOADER TRANSPORT LINE L=12m 415V/50Hz,LINEA TRASPORTO SCARICO L=12m - 415V/50Hz,
7977080969-01,LINEA TRASP. 14000 (SCAR.) 220/50,UNLOADER TRANSPORT LINE L=14m 220V/50Hz,LINEA TRASPORTO SCARICO L=14m - 220V/50Hz,
9829611873-01,LINEA TRASP. 14000 (SCAR.) 380/50,UNLOADER TRANSPORT LINE L=14m 380V/50Hz,LINEA TRASPORTO SCARICO L=14m - 380V/50Hz,
6614238010-01,LINEA TRASP. 14000 (SCAR.) 415/50,UNLOADER TRANSPORT LINE L=14m 415V/50Hz,LINEA TRASPORTO SCARICO L=14m - 415V/50Hz,
6790961277-01,REGOLAZIONE ESTERNA CORSA CILINDRO,HEAD STROKE CYLINDER EXTERNAL ADJUSTMENT,REGOLAZIONE ESTERNA CORSA CILINDRO TESTA,
2216036770-01,RULLIERA SCAR.MOTOR. 4000 220/50,MOTOR. UNLOAD. ROLLER BED L=4m 220V/50Hz,RULLIERA SCARICO MOTORIZZATA L=4m - 220V/50Hz,
7365750424-01,RULLIERA SCAR.MOTOR. 4000 380/50,MOTOR. UNLOAD. ROLLER BED L=4m 380V/50Hz,RULLIERA SCARICO MOTORIZZATA L=4m - 380V/50Hz,
0323542281-01,RULLIERA SCAR.MOTOR. 4000 415/50,MOTOR. UNLOAD. ROLLER BED L=4m 415V/50Hz,RULLIERA SCARICO MOTORIZZATA L=4m - 415V/50Hz,
5229954400-01,RULLIERA SCAR.MOTOR. 6000 220/50,MOTOR. UNLOAD. ROLLER BED L=6m 220V/50Hz,RULLIERA SCARICO MOTORIZZATA L=6m - 220V/50Hz,
6380672891-01,RULLIERA SCAR.MOTOR. 6000 380/50,MOTOR. UNLOAD. ROLLER BED L=6m 380V/50Hz,RULLIERA SCARICO MOTORIZZATA L=6m - 380V/50Hz,
1653252369-01,RULLIERA SCAR.MOTOR. 6000 415/50,MOTOR. UNLOAD. ROLLER BED L=6m 415V/50Hz,RULLIERA SCARICO MOTORIZZATA L=6m - 415V/50Hz,
4528431442-01,RULLIERA SCAR.MOTOR. 8000 220/50,MOTOR. UNLOAD. ROLLER BED L=8m 220V/50Hz,RULLIERA SCARICO MOTORIZZATA L=8m - 220V/50Hz,
3791928141-01,RULLIERA SCAR.MOTOR. 8000 380/50,MOTOR. UNLOAD. ROLLER BED L=8m 380V/50Hz,RULLIERA SCARICO MOTORIZZATA L=8m - 380V/50Hz,
4702876541-01,RULLIERA SCAR.MOTOR. 8000 415/50,MOTOR. UNLOAD. ROLLER BED L=8m 415V/50Hz,RULLIERA SCARICO MOTORIZZATA L=8m - 415V/50Hz,
8203182442-01,RULLIERA SCAR.MOTOR. 10000 220/50,MOTOR. UNLOAD.ROLLER BED L=10m 220V/50Hz,RULLIERA SCARICO MOTORIZZATA L=10m - 220V/50Hz,
3352004499-01,RULLIERA SCAR.MOTOR. 10000 380/50,MOTOR. UNLOAD.ROLLER BED L=10m 380V/50Hz,RULLIERA SCARICO MOTORIZZATA L=10m - 380V/50Hz,
8619526135-01,RULLIERA SCAR.MOTOR. 10000 415/50,MOTOR. UNLOAD.ROLLER BED L=10m 415V/50Hz,RULLIERA SCARICO MOTORIZZATA L=10m - 415V/50Hz,
2974307915-01,RULLIERA SCAR.MOTOR. 12000 220/50,MOTOR. UNLOAD.ROLLER BED L=12m 220V/50Hz,RULLIERA SCARICO MOTORIZZATA L=12m - 220V/50Hz,
9227215299-01,RULLIERA SCAR.MOROR. 12000 380/50,MOTOR. UNLOAD.ROLLER BED L=12m 380V/50Hz,RULLIERA SCARICO MOTORIZZATA L=12m - 380V/50Hz,
4223220916-01,RULLIERA SCAR.MOTOR. 12000 415/50,MOTOR. UNLOAD.ROLLER BED L=12m 415V/50Hz,RULLIERA SCARICO MOTORIZZATA L=12m - 415V/50Hz,
2707825981-01,RULLIERA SCAR.MOTOR. 14000 220/50,MOTOR. UNLOAD.ROLLER BED L=14m 220V/50Hz,RULLIERA SCARICO MOTORIZZATA L=14m - 220V/50Hz,
5477619800-01,RULLIERA SCAR.MOTOR. 14000 380/50,MOTOR. UNLOAD.ROLLER BED L=14m 380V/50Hz,RULLIERA SCARICO MOTORIZZATA L=14m - 380V/50Hz,
2633341575-01,RULLIERA SCAR.MOTOR. 14000 415/50,MOTOR. UNLOAD.ROLLER BED L=14m 415V/50Hz,RULLIERA SCARICO MOTORIZZATA L=14m - 415V/50Hz,
4378140550-01,IMPIANTO EMULSIONE,EMULSION SYSTEM,IMPIANTO EMULSIONE,
6930345210-01,RISCONTRO MANUALE (4000) 220-380/50,MANUAL LOCATOR L=4m 220-380V/50Hz,RISCONTRO MANUALE L=4m - 220-380V/50Hz,
0741609034-01,RISCONTRO MANUALE (4000) 260-415/50,MANUAL LOCATOR L=4m 260-415V/50Hz,RISCONTRO MANUALE L=4m - 260-415V/50Hz,
1394058590-01,RISCONTRO MANUALE (6000) 220-380/50,MANUAL LOCATOR L=6m 220-380V/50Hz,RISCONTRO MANUALE L=6m - 220-380V/50Hz,
5368624959-01,RISCONTRO MANUALE (6000) 260-415/50,MANUAL LOCATOR L=6m 260-415V/50Hz,RISCONTRO MANUALE L=6m - 260-415V/50Hz,
9630183484-01,RISCONTRO MANUALE (8000) 220-380/50,MANUAL LOCATOR L=8m 220-380V/50Hz,RISCONTRO MANUALE L=8m - 220-380V/50Hz,
6347277773-01,RISCONTRO MANUALE (8000) 260-415/50,MANUAL LOCATOR L=8m 260-415V/50Hz,RISCONTRO MANUALE L=8m - 260-415V/50Hz,
1661394561-01,RISCONTRO MAN.PER RULL.10000 JJ542,JJ542 MANUAL LOCATOR ROLLER BED L=10m,RISCONTRO MANUALE RULLIERA L=10m - JJ542,
4970722572-01,RISCONTRO MANUALE(10000) 220-380/50,MANUAL LOCATOR L=10m 220-380V/50Hz,RISCONTRO MANUALE L=10m - 220-380V/50Hz,
0099839048-01,RISCONTRO MANUALE(10000) 260-415/50,MANUAL LOCATOR L=10m 260-415V/50Hz,RISCONTRO MANUALE L=10m - 260-415V/50Hz,
8583801667-01,RISCONTRO MANUALE(12000) 220-380/50,MANUAL LOCATOR L=12m 220-380V/50Hz,RISCONTRO MANUALE L=12m - 220-380V/50Hz,
7862605676-01,RISCONTRO MANUALE(12000) 260-415/50,MANUAL LOCATOR L=12m 260-415V/50Hz,RISCONTRO MANUALE L=12m - 260-415V/50Hz,
9519862300-01,RISCONTRO MANUALE(14000) 220-380/50,MANUAL LOCATOR L=14m 220-380V/50Hz,RISCONTRO MANUALE L=14m - 220-380V/50Hz,
3669649938-01,RISCONTRO MANUALE(14000) 260-415/50,MANUAL LOCATOR L=14m 260-415V/50Hz,RISCONTRO MANUALE L=14m - 260-415V/50Hz,
0799098168-01,ROMPITRUCIOLO BASE,BASIC BREAKING CHIP,ROMPITRUCIOLO BASE,
2153926879-01,COMPLETAMENTO COSTO JJ542,JJ542 COMPLEMENT COST,COMPLEMENTO COSTO - JJ542,
2564691946-01,RULLIERA DI CARICO BASE L 6000,BASIC LOADING ROLLER BED L=6m,RULLIERA DI CARICO BASE L=6m,
0329915777-01,RULLIERA LATO RISCONTRO BASE L 4000,BASIC ROLLER BED LOCATOR SIDE L=4m,RULLIERA LATO RISCONTRO BASE L=4m,
0991077100-01,TRASPORTATORI TRASVERSALI LATO CARI,CROSS CONVEYORS LOADING SIDE,TRASPORTATORI TRASVERSALI LATO CARICO,
2448118535-01,TRASPORTATORI TRASVERSALI LATO RISC,CROSS CONVEYORS LOCATOR SIDE,TRASPORTATORI TRASVERSALI LATO RISCONTRO,
6210871322-01,QUADRO ELETTRICO E DISTRIBUZIONE BA,BASIC ELECTRICAL PANEL AND DISTRIBUTION,QUADRO ELETTRICO E DISTRIBUZIONE BASE,
5370987745-01,QUADRO ELETTRICO RULLIERE BASE,BASIC ELECTRICAL PANEL ROLLER BED,QUADRO ELETTRICO RULLIERE BASE,
2793806047-01,SOSTEN. INTERM.MECCANIZZATO BJ922,BJ922 MECHANIZED INTERMEDIATE SUPPORTER,SOSTENITORE INTERMEDIO MECCANIZZATO - BJ922,
0820382715-01,SOSTENITORE INTERM. BJ922 VERS.1500,"BJ922 INTERMEDIATE SUPPORTER L=1,5m","SOSTENITORE INTERMEDIO L=1,5m BJ922",
5464069494-01,SOSTENITORE INTERM. BJ922 VERS.3000,BJ922 INTERMEDIATE SUPPORTER L=3m,SOSTENITORE INTERMEDIO L=3m BJ922,
6816306428-01,SOSTENITORE INTERM. BJ922 VERS.4500,"BJ922 INTERMEDIATE SUPPORTER L=4,5m","SOSTENITORE INTERMEDIO L=4,5m BJ922",
0656108235-01,SOSTENITORE INTERM. MECC. L 1500,"MECHANIZED INTERMEDIATE SUPPORTER L=1,5m","SOSTENITORE INTERMEDIO MECCANIZZATO L=1,5m",
2384176067-01,SOSTENITORE INTERM. MECC. L 3000,MECHANIZED INTERMEDIATE SUPPORTER L=3m,SOSTENITORE INTERMEDIO MECCANIZZATO L=3m,
8500508431-01,SOSTENITORE INTERM. MECC. L 4500,"MECHANIZED INTERMEDIATE SUPPORTER L=4,5m","SOSTENITORE INTERMEDIO MECCANIZZATO L=4,5m",
5345343567-01,CONCATENAMENTO TS+CUF VERSIONE 1500,"TS+CUF L=1,5m CHAINING","CONCATENAMENTO TS+CUF L=1,5m",
1860609268-01,CONCATENAMENTO TS+CUF 1500 - 220/50,"TS+CUF L=1,5m CHAINING 220V/50Hz","CONCATENAMENTO TS+CUF L=1,5m - 220V/50Hz",
2146546301-01,CONCATENAMENTO TS+CUF 1500 - 380/50,"TS+CUF L=1,5m CHAINING 380V/50Hz","CONCATENAMENTO TS+CUF L=1,5m - 380V/50Hz",
0385263812-01,CONCATENAMENTO TS+CUF 1500 - 415/50,"TS+CUF L=1,5m CHAINING 415V/50Hz","CONCATENAMENTO TS+CUF L=1,5m - 415V/50Hz",
2227741042-01,SOSTENITORE INT. PER CONCAT. TS+CUF,INTERMEDIATE SUPPORTER CHAINING TS+CUF,SOSTENITORE INTERMEDIO PER CONCATENAMENTO TS+CUF,
6890668913-01,CONCATENAMENTO TS+CUF VERSIONE 3000,TS+CUF L=3m CHAINING,CONCATENAMENTO TS+CUF L=3m,
3957845360-01,CONCATENAMENTO TS+CUF 3000 - 220/50,TS+CUF L=3m CHAINING 220V/50Hz,CONCATENAMENTO TS+CUF L=3m - 220V/50Hz,
9907656141-01,CONCATENAMENTO TS+CUF 3000 - 380/50,TS+CUF L=3m CHAINING 380V/50Hz,CONCATENAMENTO TS+CUF L=3m - 380V/50Hz,
8068716082-01,CONCATENAMENTO TS+CUF 3000 - 415/50,TS+CUF L=3m CHAINING 415V/50Hz,CONCATENAMENTO TS+CUF L=3m - 415V/50Hz,
7210799406-01,CONCATENAMENTO TS+CUF VERSIONE 4500,"TS+CUF L=4,5m CHAINING","CONCATENAMENTO TS+CUF L=4,5m",
1543937196-01,CONCATENAMENTO TS+CUF 4500 - 220/50,"TS+CUF L=4,5m CHAINING 220V/50Hz","CONCATENAMENTO TS+CUF L=4,5m - 220V/50Hz",
4902626068-01,CONCATENAMENTO TS+CUF 4500 - 380/50,"TS+CUF L=4,5m CHAINING 380V/50Hz","CONCATENAMENTO TS+CUF L=4,5m - 380V/50Hz",
8648973716-01,CONCATENAMENTO TS+CUF 4500 - 415/50,"TS+CUF L=4,5m CHAINING 415V/50Hz","CONCATENAMENTO TS+CUF L=4,5m - 415V/50Hz",
6402225005-01,SOSTENITORE INT.DEL CONCATENAMENTO,INTERMEDIATE SUPPORTER CHAINING,SOSTENITORE INTERMEDIO DEL CONCATENAMENTO,
6615695119-01,ASPIRATORE RESIDUI SBAVATURA BJ922,BJ922 DEBURRING MACH. RESIDUE EXTRACTOR,ASPIRATORE RESIDUI SBAVATURA BJ922,
5949508413-01,ASPIRATORE FRAMMENTI BJ922 - 220/50,BJ922 DUST EXTRACTOR 220V/50Hz,ASPIRATORE FRAMMENTI BJ922 - 220V/50Hz,
5699399268-01,ASPIRATORE FRAMMENTI BJ922 - 380/50,BJ922 DUST EXTRACTOR 380V/50Hz,ASPIRATORE FRAMMENTI BJ922 - 380V/50Hz,
6477473208-01,ASPIRATORE FRAMMENTI BJ922 - 415/50,BJ922 DUST EXTRACTOR 415V/50Hz,ASPIRATORE FRAMMENTI BJ922 - 415V/50Hz,
1178236007-01,ASPIRATORE DI FRAMMENTI V.220/50,DUST EXTRACTOR 220V/50Hz,ASPIRATORE FRAMMENTI - 220V/50Hz,
3231631822-01,ASPIRATORE DI FRAMMENTI V.380/50,DUST EXTRACTOR 380V/50Hz,ASPIRATORE FRAMMENTI - 380V/50Hz,
3894653383-01,ASPIRATORE DI FRAMMENTI V.415/50,DUST EXTRACTOR 415V/50Hz,ASPIRATORE FRAMMENTI - 415V/50Hz,
1928387704-01,CONCATENAMENTO A BORDO MACCHINA JB5,JB52+BJ922 CHAINING ONBOARD MACHINE,CONCATENAMENTO A BORDO MACCHINA JB52+BJ922,
2681225083-01,REGOL. PRESSIONE MORSE-SPINTORI X2,X2 CLAMP PRESSURE ADJUSTMENT-PUSHERS,REGOLAZIONE PRESSIONE MORSE-SPINTORI - X2,
9797627574-01,REGOLAZIONE SEPARATA PRESS.MORSE OR,HORIZ./VERT. CLAMP PRESSURE ADJUSTMENT,REGOLAZIONE PRESSIONE MORSE ORIZZONTALI/VERTICALI,
1047052771-01,SEPARATORE AUTOMAT. PEZZI TAGLIATI,AUTOMATIC CUT PATRS SEPARATOR,SEPARATORE AUTOMATICO PEZZI TAGLIATI,
5734748197-01,SEPARATORE X2 A NASTRO - 220/50,BELT SEPARATOR 220V/50Hz,SEPARATORE A NASTRO - 220V/50Hz - X2,
6659721430-01,SEPARATORE X2 A NASTRO - 380/50,BELT SEPARATOR 380V/50Hz,SEPARATORE A NASTRO - 380V/50Hz - X2,
2240755980-01,SEPARATORE X2 A NASTRO - 415/50,BELT SEPARATOR 415V/50Hz,SEPARATORE A NASTRO - 415V/50Hz - X2,
4916688355-01,MORSA VERTICALE PER PIENI E TUBI *2,VERTICAL CLAMP FOR SOLIDS-TUBES-2x MACH.,MORSA VERTICALE PER PIENI E TUBI - 2x MACCHINA,
5091711944-01,MORSA ORIZZONTALE PER PIENI *2,HORIZONTAL CLAMP FOR SOLIDS-2x MACH.,MORSA ORIZZONTALE PER PIENI - 2x MACCHINA,
8392559995-01,MORSA ORIZZONTALE PER TUBI G.S. *2,HORIZONTAL CLAMP X THICK TUBES-2x MACH.,MORSA ORIZZONTALE PER TUBI GROSSO SPESSORE - 2x MACCHINA,
3826159321-01,TESTA X2 SINGOLA VEL. 660 M/MIN,1S HEAD 660m/min - X2,TESTA 1 VELOCITÀ 660m/min - X2,
9543812956-01,TESTA X2 1V (660 M/MIN) - 220/50,1S HEAD 660m/min 220V/50Hz - X2,TESTA 1 VELOCITÀ 660m/min - 220V/50Hz - X2,
9207649665-01,TESTA X2 1V (660 M/MIN) - 380/50,1S HEAD 660m/min 380V/50Hz - X2,TESTA 1 VELOCITÀ 660m/min - 380V/50Hz - X2,
8843863197-01,TESTA X2 1V (660 M/MIN) - 415/50,1S HEAD 660m/min 415V/50Hz - X2,TESTA 1 VELOCITÀ 660m/min - 415V/50Hz - X2,
5441781830-01,TESTA X2 TIPO L BASE,"""L"" BASIC HEAD - X2","TESTA ""L"" BASE - X2",
0065896448-01,TESTA X2 2V (670-1325) - 220/50,2S HEAD 670-1325m/min 220V/50Hz - X2,TESTA 2 VELOCITÀ 670-1325 - 220V/50Hz - X2,
8687139609-01,TESTA X2 2V (670-1325) - 380/50,2S HEAD 670-1325m/min 380V/50Hz - X2,TESTA 2 VELOCITÀ 670-1325 - 380V/50Hz - X2,
9600005363-01,TESTA X2 2V (670-1325) - 415/50,2S HEAD 670-1325m/min 415V/50Hz - X2,TESTA 2 VELOCITÀ 670-1325 - 415V/50Hz - X2,
1403619145-01,TESTA X2 2V (320-650) - 220/50,2S HEAD 320-650m/min 220V/50Hz - X2,TESTA 2 VELOCITÀ 320-650 - 220V/50Hz - X2,
4031044079-01,TESTA X2 2V (320-650) - 380/50,2S HEAD 320-650m/min 380V/50Hz - X2,TESTA 2 VELOCITÀ 320-650 - 380V/50Hz - X2,
1891694140-01,TESTA X2 2V (320-650) - 415/50,2S HEAD 320-650m/min 415V/50Hz - X2,TESTA 2 VELOCITÀ 320-650 - 415V/50Hz - X2,
0419567425-01,TESTA X2 2V (95-190) - 220/50,2S HEAD 95-190m/min 220V/50Hz - X2,TESTA 2 VELOCITÀ 95-190 - 220V/50Hz - X2,
0558767361-01,TESTA X2 2V (95-190) - 380/50,2S HEAD 95-190m/min 380V/50Hz - X2,TESTA 2 VELOCITÀ 95-190 - 380V/50Hz - X2,
7881175402-01,TESTA X2 2V (95-190) - 415/50,2S HEAD 95-190m/min 415V/50Hz - X2,TESTA 2 VELOCITÀ 95-190 - 415V/50Hz - X2,
3385822383-01,TESTA X2 3V (11-22-44) - 220/50,3S HEAD 11-22-44m/min 220V/50Hz - X2,TESTA 3 VELOCITÀ 11-22-44 - 220V/50Hz - X2,
5075826134-01,TESTA X2 3V (11-22-44) - 380/50,3S HEAD 11-22-44m/min 380V/50Hz - X2,TESTA 3 VELOCITÀ 11-22-44 - 380V/50Hz - X2,
6707969072-01,TESTA X2 3V (11-22-44) - 415/50,3S HEAD 11-22-44m/min 415V/50Hz - X2,TESTA 3 VELOCITÀ 11-22-44 - 415V/50Hz - X2,
3032867030-01,TESTA X2 TIPO P BASE,"""P"" BASIC HEAD - X2","TESTA ""P"" BASE - X2",
4043157996-01,TESTA X2 3V (23-46-93) - 220/50,3S HEAD 23-46-93m/min 220V/50Hz - X2,TESTA 3 VELOCITÀ 23-46-93 - 220V/50Hz - X2,
0972446490-01,TESTA X2 3V (23-46-93) - 380/50,3S HEAD 23-46-93m/min 380V/50Hz - X2,TESTA 3 VELOCITÀ 23-46-93 - 380V/50Hz - X2,
5166294114-01,TESTA X2 3V (23-46-93) - 415/50,3S HEAD 23-46-93m/min 415V/50Hz - X2,TESTA 3 VELOCITÀ 23-46-93 - 415V/50Hz - X2,
5373148472-01,TESTA X2 2V (23-46) - 220/50,2S HEAD 23-46m/min 220V/50Hz - X2,TESTA 2 VELOCITÀ 23-46 - 220V/50Hz - X2,
9831076168-01,TESTA X2 2V (23-46) - 380/50,2S HEAD 23-46m/min 380V/50Hz - X2,TESTA 2 VELOCITÀ 23-46 - 380V/50Hz - X2,
7258724366-01,TESTA X2 2V (23-46) - 415/50,2S HEAD 23-46m/min 415V/50Hz - X2,TESTA 2 VELOCITÀ 23-46 - 415V/50Hz - X2,
3741105214-01,TESTA X2 2V (46-93) - 220/50,2S HEAD 46-93m/min 220V/50Hz,TESTA 2 VELOCITÀ 46-93 - 220V/50Hz - X2,
1225652458-01,TESTA X2 2V (46-93) - 380/50,2S HEAD 46-93m/min 380V/50Hz,TESTA 2 VELOCITÀ 46-93 - 380V/50Hz - X2,
2971518129-01,TESTA X2 2V (46-93) - 415/50,2S HEAD 46-93m/min 415V/50Hz,TESTA 2 VELOCITÀ 46-93 - 415V/50Hz - X2,
6569720803-01,TESTA X2 3V (36-73-146) - 220/50,3S HEAD 36-73-146m/min 220V/50Hz - X2,TESTA 3 VELOCITÀ 36-73-146 - 220V/50Hz - X2,
3837342638-01,TESTA X2 3V (36-73-146) - 380/50,3S HEAD 36-73-146m/min 380V/50Hz - X2,TESTA 3 VELOCITÀ 36-73-146 - 380V/50Hz - X2,
9498319025-01,TESTA X2 3V (36-73-146) - 415/50,3S HEAD 36-73-146m/min 415V/50Hz - X2,TESTA 3 VELOCITÀ 36-73-146 - 415V/50Hz - X2,
2113790652-01,PIANALE DI CARICO BASE,BASIC LOADING BED,PIANALE DI CARICO BASE,
7763749318-01,CARICATORE A PER X2 VERS. 3500,"X2 ""A"" LOADER L=3,5m","CARICATORE ""A"" L=3,5m - X2",
3697981998-01,CARICATORE A PIANO INCLINATO,INCLINED FLAT LOADER,CARICATORE A PIANO INCLINATO,
8073007651-01,CARICATORE A PER X2 VERS. 4500,"X2 ""A"" LOADER L=4,5m","CARICATORE ""A"" L=4,5m - X2",
3898327427-01,CARICATORE A PER X2 VERS. 6500,"X2 ""A"" LOADER L=6,5m","CARICATORE ""A"" L=6,5m - X2",
6854576296-01,REGOLAZIONE ESTERNA CORSA TESTA X2,X2 EXTERNAL HEAD STROKE ADJUSTMENT,REGOLAZIONE ESTERNA CORSA TESTA - X2,
8957460249-01,"REG. CENTR. LEVE-RULLI, X2 VER.3500","X2 LEVER/ROLLER CENTRALIZ.ADJUSTM.L=3,5m","REGOLAZIONE CENTRALIZZATA LEVE-RULLI L=3,5m - X2",
7835427362-01,SPINTORE BASE,BASIC PUSHING DEVICE,SPINTORE BASE,
3023752046-01,PROGRAMMAZIONE IN PESO PER X2,X2 PROGRAMMING BY WEIGHT,PROGRAMMAZIONE IN PESO - X2,
3622646066-01,DISPLAY GUIDA E AUTODIAGNOSI PER X2,X2 GUIDE DISPLAY AND SELF-DIAGNOSIS,DISPLAY GUIDA E AUTODIAGNOSI - X2,
3704216292-01,VISUALIZZATORE DI INFORMAZ.SU DISP.,DEVICE INFORMATION DISPLAY,VISUALIZZATORE DI INFORMAZIONI SU DISPOSITIVO,
9468494702-01,COMPL.MACCHINA SENZA VISUALIZZATORE,MACHINE COMPLEMENT W/O DISPLAY,COMPLEMENTO MACCHINA SENZA VISUALIZZATORE,
6785589314-01,PROGRAMMAZIONE IN PESO DELLE LUNGHE,PROGRAMMING BY WEIGHT OF LENGTHS,PROGRAMMAZIONE IN PESO DELLE LUNGHEZZE,
9424153536-01,COMPL.MACCHINA SENZA PROGRAMMAZIONE,MACHINE COMPLEMENT W/O PROGRAMMING,COMPLEMENTO MACCHINA SENZA PROGRAMMAZIONE,
6244552305-01,CENTRALINA IDRAULICA -X2-220-380/50,X2 HYDRAULIC UNIT 220-380V/50Hz,CENTRALINA IDRAULICA - 220-380V/50Hz - X2,
1274640648-01,CENTRALINA IDRAULICA -X2-240-415/50,X2 HYDRAULIC UNIT 240-415V/50Hz,CENTRALINA IDRAULICA - 240-415V/50Hz - X2,
7765497129-01,CENTRALINA IDRAULICA -X2-V.220/60,X2 HYDRAULIC UNIT 220V/60Hz,CENTRALINA IDRAULICA - 220V/60Hz - X2,
0733220546-01,GANASCE VERT. X2 PER SEZ. ESAGONALI,X2 VERTICAL JAWS HEXAGONAL SECTIONS,GANASCE VERTICALI SEZIONI ESAGONALI - X2,
8711570086-01,GANASCE VERT. X2 PER SEZ. PIATTE,X2 VERTICAL JAWS FLAT SECTIONS,GANASCE VERTICALI SEZIONI PIATTE - X2,
5304018262-01,CONVOGLIATORE TRUCIOLI X2 - 220/50,X2 CHIP CONVEYOR 220V/50Hz,CONVOGLIATORE TRUCIOLI - 220V/50Hz - X2,
8426237339-01,CONVOGLIATORE TRUCIOLI X2 - 380/50,X2 CHIP CONVEYOR 380V/50Hz,CONVOGLIATORE TRUCIOLI - 380V/50Hz - X2,
9291350849-01,CONVOGLIATORE TRUCIOLI X2 - 415/50,X2 CHIP CONVEYOR 415V/50Hz,CONVOGLIATORE TRUCIOLI - 415V/50Hz - X2,
8658531762-01,VASCA TRUCIOLI A SVUOTAMENTO MAN.,MANUAL EMPTYING CHIP COLLECTION TANK,VASCA RACCOLTA TRUCIOLI A SVUOTAMENTO MANUALE,
4370340544-01,VASCA RACCOLTA TRUCIOLI V.240-415,CHIP COLLECTION TANK,VASCA RACCOLTA TRUCIOLI - 240-415V,
6412965260-01,A-EVACUATORE TRUC.X2-KF927 V.220/60,KF927/X2 CHIP EXTRACTOR 220V/60Hz,EVACUATORE TRUCIOLI - 220V/60Hz - KF927 - X2,
3355024175-01,A-EVACUATORE TRUC.X2-KF927 220-380,KF927/X2 CHIP EXTRACTOR 220-380V/50Hz,EVACUATORE TRUCIOLI - 220-380V - KF927 - X2,
9638485763-01,A-EVACUATORE TRUC.X2-KF927 240-415,KF927/X2 CHIP EXTRACTOR 240-415V/50Hz,EVACUATORE TRUCIOLI - 240-415V - KF927 - X2,
8799900926-01,CARICATORE F TUBO 6500 PER X2,"X2 BUNDLE LOADER-TUBE L=6,5m","CARICATORE ""F"" TUBO L=6,5m - X2",
8501155539-01,CARIC. F TUBO X2 6500 - 220/50,"X2 BUNDLE LOADER-TUBE L=6,5m 220V/50Hz","CARICATORE ""F"" TUBO L=6,5m - 220V/50Hz - X2",
7103210778-01,CARIC. F TUBO X2 6500 - 380/50,"X2 BUNDLE LOADER-TUBE L=6,5m 380V/50Hz","CARICATORE ""F"" TUBO L=6,5m - 380V/50Hz - X2",
0306900668-01,CARIC. F TUBO X2 6500 - 415/50,"X2 BUNDLE LOADER-TUBE L=6,5m 415V/50Hz","CARICATORE ""F"" TUBO L=6,5m - 415V/50Hz - X2",
1749654602-01,REG. CENTR. CAR. F TUBO X2 6500,"X2 ""B"" LOADER L=6,5m CENTRAL ADJUSTMENT","REGOLAZIONE CENTRALIZZATA CARICATORE ""F"" TUBO L=6,5m - X2",
0751928508-01,CAR. F PIENI TONDI PER X2 3500,"X2 ""B"" LOADER-ROUND SOLID L=3,5m","CARICATORE ""F"" TUBI PIENI TONDI L=3,5m - X2",
3185455395-01,CAR. F PIENI T. X2 3500 - 220/50,"X2 ""B""LOAD.-ROUND SOLID L=3,5m 220V/50Hz","CARICATORE ""F"" TUBI PIENI TONDI L=3,5m - 220V/50Hz - X2",
8132593655-01,CAR. F PIENI T. X2 3500 - 380/50,"X2 ""B""LOAD.-ROUND SOLID L=3,5m 380V/50Hz","CARICATORE ""F"" TUBI PIENI TONDI L=3,5m - 380V/50Hz - X2",
8993677163-01,CAR. F PIENI T. X2 3500 - 415/50,"X2 ""B""LOAD.-ROUND SOLID L=3,5m 415V/50Hz","CARICATORE ""F"" TUBI PIENI TONDI L=3,5m - 415V/50Hz - X2",
5878075796-01,CAR. F PIENI TONDI PER X2 4500,"X2 ""B"" LOADER-ROUND SOLID L=4,5m","CARICATORE ""F"" TUBI PIENI TONDI L=4,5m - X2",
0675550830-01,CAR. F PIENI T. X2 4500 - 220/50,"X2 ""B""LOAD.-ROUND SOLID L=4,5m 220V/50Hz","CARICATORE ""F"" TUBI PIENI TONDI L=4,5m - 220V/50Hz - X2",
9690338367-01,CAR. F PIENI T. X2 4500 - 380/50,"X2 ""B""LOAD.-ROUND SOLID L=4,5m 380V/50Hz","CARICATORE ""F"" TUBI PIENI TONDI L=4,5m - 380V/50Hz - X2",
2714216232-01,CAR. F PIENI T. X2 4500 - 415/50,"X2 ""B""LOAD.-ROUND SOLID L=4,5m 415V/50Hz","CARICATORE ""F"" TUBI PIENI TONDI L=4,5m - 415V/50Hz - X2",
4801481805-01,CAR. F PIENI TONDI PER X2 6500,"X2 ""B"" LOADER-ROUND SOLID L=6,5m","CARICATORE ""F"" TUBI PIENI TONDI L=6,5m - X2",
9828225029-01,CAR. F PIENI T. X2 6500 - 220/50,"X2 ""B""LOAD.-ROUND SOLID L=6,5m 220V/50Hz","CARICATORE ""F"" TUBI PIENI TONDI L=6,5m - 220V/50Hz - X2",
8346140345-01,CAR. F PIENI T. X2 6500 - 380/50,"X2 ""B""LOAD.-ROUND SOLID L=6,5m 380V/50Hz","CARICATORE ""F"" TUBI PIENI TONDI L=6,5m - 380V/50Hz - X2",
8803967883-01,CAR. F PIENI T. X2 6500 - 415/50,"X2 ""B""LOAD.-ROUND SOLID L=6,5m 415V/50Hz","CARICATORE ""F"" TUBI PIENI TONDI L=6,5m - 415V/50Hz - X2",
1408971078-01,CAR. F PIENI T.-Q. PER X2 3500,"X2 ""B"" LOADER-ROUND SOLID+SQUARE L=3,5m","CARICATORE ""F"" TUBI PIENI TONDI+QUADRI L=3,5m - X2",
2844516891-01,CAR. F PIENI T+Q X2 3500 - 220/50,"X2 ""B""LOAD.-R.S.+SQUARE L=3,5m 220V/50Hz","CARICATORE ""F"" TUBI PIENI TONDI+QUADRI L=3,5m - 220V/50Hz - X2",
2325896216-01,CAR. F PIENI T+Q X2 3500 - 380/50,"X2 ""B""LOAD.-R.S.+SQUARE L=3,5m 380V/50Hz","CARICATORE ""F"" TUBI PIENI TONDI+QUADRI L=3,5m - 380V/50Hz - X2",
8383865997-01,CAR. F PIENI T+Q X2 3500 - 415/50,"X2 ""B""LOAD.-R.S.+SQUARE L=3,5m 415V/50Hz","CARICATORE ""F"" TUBI PIENI TONDI+QUADRI L=3,5m - 415V/50Hz - X2",
9463961108-01,CAR. F PIENI T.-Q. PER X2 4500,"X2 ""B"" LOADER-ROUND SOLID+SQUARE L=4,5m","CARICATORE ""F"" TUBI PIENI TONDI+QUADRI L=4,5m - X2",
3969353159-01,CAR. F PIENI T+Q X2 4500 - 220/50,"X2 ""B""LOAD.-R.S.+SQUARE L=4,5m 220V/50Hz","CARICATORE ""F"" TUBI PIENI TONDI+QUADRI L=4,5m - 220V/50Hz - X2",
8623019238-01,CAR. F PIENI T+Q X2 4500 - 380/50,"X2 ""B""LOAD.-R.S.+SQUARE L=4,5m 380V/50Hz","CARICATORE ""F"" TUBI PIENI TONDI+QUADRI L=4,5m - 380V/50Hz - X2",
8051167433-01,CAR. F PIENI T+Q X2 4500 - 415/50,"X2 ""B""LOAD.-R.S.+SQUARE L=4,5m 415V/50Hz","CARICATORE ""F"" TUBI PIENI TONDI+QUADRI L=4,5m - 415V/50Hz - X2",
9480575457-01,CAR. F PIENI T.-Q. PER X2 6500,"X2 ""B"" LOADER-ROUND SOLID+SQUARE L=6,5m","CARICATORE ""F"" TUBI PIENI TONDI+QUADRI L=6,5m - X2",
5939334305-01,CAR. F PIENI T+Q X2 6500 - 220/50,"X2 ""B""LOAD.-R.S.+SQUARE L=6,5m 220V/50Hz","CARICATORE ""F"" TUBI PIENI TONDI+QUADRI L=6,5m - 220V/50Hz - X2",
8277183794-01,CAR. F PIENI T+Q X2 6500 - 380/50,"X2 ""B""LOAD.-R.S.+SQUARE L=6,5m 380V/50Hz","CARICATORE ""F"" TUBI PIENI TONDI+QUADRI L=6,5m - 380V/50Hz - X2",
3108015281-01,CAR. F PIENI T+Q X2 6500 - 415/50,"X2 ""B""LOAD.-R.S.+SQUARE L=6,5m 415V/50Hz","CARICATORE ""F"" TUBI PIENI TONDI+QUADRI L=6,5m - 415V/50Hz - X2",
2033753772-01,SCAMBIATORE DI CALORE PER X2,X2 HEAT EXCHANGER,SCAMBIATORE DI CALORE - X2,
2593026008-01,IMPIANTO SUPPLEM. MICRONEBBIA X2,X2 SUPPLEMENTARY MICRO MIST SYSTEM,IMPIANTO SUPPLEMENTARE MICRONEBBIA - X2,
4717461245-01,FUMARAV PER X2 TESTA OTTONE,X2 FUMARAV BRASS HEAD,FUMARAV - X2 TESTA OTTONE,
8127988188-01,FUMARAV PER X2 TESTA ACCIAIO,X2 FUMARAV STEEL HEAD,FUMARAV - X2 TESTA ACCIAIO,
4922671786-01,CONCATENAMENTO YK442-RW,YK442-RW CHAINING,CONCATENAMENTO YK442-RW,
6641854914-01,SOSTENITORE INTERMEDIO IMPIANTO RW,RW SYSTEM INTERMEDIATE SUPPORTER,SOSTENITORE INTERMEDIO IMPIANTO RW,
0251747691-01,CONCATENAM. TS+RW 1500 - 220-240/50,"TS+RW L=1,5m CHAINING 220-240V/50Hz","CONCATENAMENTO TS+RW L=1,5m - 220-240V/50Hz",
2832091195-01,CONCATENAM. TS+RW 1500 - 380-415/50,"TS+RW L=1,5m CHAINING 380-415V/50Hz","CONCATENAMENTO TS+RW L=1,5m - 380-415V/50Hz",
9308512665-01,CONCATENAM. TS+RW 3000 - 220-240/50,TS+RW L=3m CHAINING 220-240V/50Hz,CONCATENAMENTO TS+RW L=3m - 220-240V/50Hz,
9919040191-01,CONCATENAM. TS+RW 3000 - 380-415/50,TS+RW L=3m CHAINING 380-415V/50Hz,CONCATENAMENTO TS+RW L=3m - 380-415V/50Hz,
9064200665-01,SOSTENITORE INTERM. CONCAT. TS+RW,INTERMEDIATE SUPPORTER CHAINING TS+RW,SOSTENITORE INTERMEDIO CONCATENAMENTO TS+RW,
6176473980-01,CONCATENAMENTO BJ922-RW,BJ922-RW CHAINING,CONCATENAMENTO - BJ922-RW,
0947165506-01,CONCATENAMENTO BJ922-RW 3000,BJ922-RW 3000 CHAINING,CONCATENAMENTO BJ922-RW 3000,
8994020086-01,VAR.MOT.POMPE E ALIMENT.220/60,PUMP MOTOR-POWER U. VARIANT 220V/60Hz,VARIANTE MOTORE POMPE E ALIMENTATORE - 220V/60Hz,
5718217155-01,VAR.MOT.POMPE E ALIMENT.220-380/50,PUMP MOTOR-POWER U.VARIANT 220-380V/60Hz,VARIANTE MOTORE POMPE E ALIMENTATORE - 220-380V/60Hz,
5719725554-01,VAR.MOT.POMPE E ALIMENT.240-415/50,PUMP MOTOR-POWER U.VARIANT 240-415V/60Hz,VARIANTE MOTORE POMPE E ALIMENTATORE - 240-415V/60Hz,
8577567794-01,VAR.ALIMENTATORE 220/50-60,POWER SUPPLY VARIANT 220V/50-60Hz,VARIANTE ALIMENTATORE - 220V/50-60Hz,
3374029677-01,VAR.ALIMENTATORE 380/50,POWER SUPPLY VARIANT 380V/50Hz,VARIANTE ALIMENTATORE - 380V/50Hz,
5480260779-01,VAR.ALIMENTATORE 415-440/50,POWER SUPPLY VARIANT 415-440V/50Hz,VARIANTE ALIMENTATORE - 415-440V/50Hz,
7243779197-01,VAR.SPOSTAMENTO MOTORIZZATO 220/50,MOTORIZED SHIFT VARIANT 220V/50Hz,VARIANTE SPOSTAMENTO MOTORIZZATO - 220V/50Hz,
5250067139-01,VAR.SPOSTAMENTO MOTORIZZATO 220/60,MOTORIZED SHIFT VARIANT 220V/60Hz,VARIANTE SPOSTAMENTO MOTORIZZATO - 220V/60Hz,
7554790910-01,VAR.SPOSTAMENTO MOTORIZZATO 380/50,MOTORIZED SHIFT VARIANT 380V/50Hz,VARIANTE SPOSTAMENTO MOTORIZZATO - 380V/50Hz,
1730728048-01,VAR.SPOSTAMENTO MOTORIZZATO 415/50,MOTORIZED SHIFT VARIANT 415V/50Hz,VARIANTE SPOSTAMENTO MOTORIZZATO - 415V/50Hz,
0485932204-01,SOSTENITORE INTERMEDIO MECC.,MECHANIZED INTERMEDIATE SUPPORTER,SOSTENITORE INTERMEDIO MECCANIZZATO,
5746697343-01,DOTAZIONE MACCHINA RW,"""RW"" MACHINE EQUIPMENT","DOTAZIONE MACCHINA ""RW""",
9973895392-01,COMPLEMENTI MACCH.1500,"MACHINE COMPLEMENT L=1,5m","COMPLEMENTO MACCHINA L=1,5m",
4473548508-01,COMPLEMENTI MACCH.3000,MACHINE COMPLEMENT L=3m,COMPLEMENTO MACCHINA L=3m,
4797593596-01,COMPLEMENTI SPOST.MOTORIZZATO,MOTORIZED SHIFT COMPLEMENT,COMPLEMENTO SPOSTAMENTO MOTORIZZATO,
2534067840-01,COMPLEMENTI SPOST.MANUALE,MANUAL SHIFT COMPLEMENT,COMPLEMENTO SPOSTAMENTO MANUALE,
7613073765-01,CONCATENAMENTO *JB52-RW*,JB52-RW CHAINING,CONCATENAMENTO JB52-RW,
9758848912-01,COMPL.CONCATENAMENTO *JB52-RW* 1500,JB52-RW 1500 CHAINING COMPLEMENT,COMPLEMENTO CONCATENAMENTO JB52-RW 1500,
4325997366-01,COMPL.CONCATENAMENTO *JB52-RW* 3000,JB52-RW 3000 CHAINING COMPLEMENT,COMPLEMENTO CONCATENAMENTO JB52-RW 3000,
6375786273-01,SOST.MECC.PER CONCAT. *JB52-RW*,INTERMEDIATE SUPPORTER CHAINING JB52-RW,SOSTENITORE MECCANICO CONCATENAMENTO JB52-RW,
2834482709-01,PROTEZ.MOT.CONC.220-260/50*JB52-RW*,JB52-RW CHAIN.MOT.PROTECT. 220-260V/50Hz,PROTEZIONE MOTORE CONCATENAMENTO JB52-RW - 220-260V/50Hz,
5928030589-01,PROTEZ.MOT.CONC.380-415/50*JB52-RW*,JB52-RW CHAIN.MOT.PROTECT. 380-415V/50Hz,PROTEZIONE MOTORE CONCATENAMENTO JB52-RW - 380-415V/50Hz,
4977707825-01,PROMEMORIA PART.DA TOGLIERE*JB52-RW,JB52-RW REMINDERS DETAILS TO BE REMOVED,PROMEMORIA PARTICOLARI DA TOGLIERE - JB52-RW,
8625209341-01,VAR.PROTEZIONI MOTORI 220/50,MOTOR PROTECTION VARIANT 220V/50Hz,VARIANTE PROTEZIONE MOTORI - 220V/50Hz,
9189421014-01,VAR.PROTEZIONI MOTORI 220/60,MOTOR PROTECTION VARIANT 220V/60Hz,VARIANTE PROTEZIONE MOTORI - 220V/60Hz,
2260897587-01,VAR.PROTEZIONI MOTORI 380-415/50-60,MOTOR PROTECT. VARIANT 380-415V/50-60Hz,VARIANTE PROTEZIONE MOTORI - 380-415V/50-60Hz,
6227401025-01,VAR.RESISTENZE 220/50-60,RESISTORS VARIANT 220V/50-60Hz,VARIANTE RESISTENZE - 220V/50-60Hz,
6504900188-01,VAR.RESISTENZE 380/50,RESISTORS VARIANT 380V/50Hz,VARIANTE RESISTENZE - 380V/50Hz,
5295678987-01,VAR.RESISTENZE 415/50-60,RESISTORS VARIANT 415V/50-60Hz,VARIANTE RESISTENZE - 415V/50-60Hz,
9916174619-01,COMPL.AL QUADRO X SPOST.MOTORIZZATO,ELECTRIC PANEL COMPLEM. MOTOR.DISPLACEM.,COMPLEMENTO AL QUADRO PER SPOSTAMENTO MOTORIZZATO,
4388708360-01,COMPL.AL QUADRO RESIST.RW150,RW150 RESISTORS ELECTR. PANEL COMPLEMENT,COMPLEMENTO AL QUADRO RESISTENZE - RW150,
7698383371-01,IMP.EL.PER CONCATENAMENTO *JB52-RW*,JB52-RW CHAINING ELECTRIC SYSTEM,IMPIANTO ELETTRICO PER CONCATENAMENTO JB52-RW,
0405317348-01,REGOL. CENTR. LEVE CARICO VERS.4500,"CENTRALIZ. ADJUSTM. LOAD. LEVERS L=4,5m","REGOLAZIONE CENTRALIZZATA LEVE DI CARICO L=4,5m",
8612245676-01,REGOL. CENTR. LEVE CARICO VERS.6500,"CENTRALIZ. ADJUSTM. LOAD. LEVERS L=6,5m","REGOLAZIONE CENTRALIZZATA LEVE DI CARICO L=6,5m",
5220682518-01,REGOL. CENTR. LEVE CARICO VERS.8500,"CENTRALIZ. ADJUSTM. LOAD. LEVERS L=8,5m","REGOLAZIONE CENTRALIZZATA LEVE DI CARICO L=8,5m",
1882647742-01,DISPLAY VIS. MESSAGGI GUIDA KF 927,KF927 GUIDE MESSAGE VIEWING DISPLAY,DISPLAY VISIONE MESSAGGI GUIDA - KF927,
6558669608-01,VASCA RACCOLTA TRUCIOLI KF 927,KF927 CHIP COLLECTION TANK,VASCA RACCOLTA TRUCIOLI - KF927,
1930332867-01,EVACUATORE TRUCIOLI KF927 - 220/50,KF927 CHIP EXTRACTOR 220V/50Hz,EVACUATORE TRUCIOLI - 220V/50Hz - KF927,
3962961171-01,EVACUATORE TRUCIOLI KF927 - 380/50,KF927 CHIP EXTRACTOR 380V/50Hz,EVACUATORE TRUCIOLI - 380V/50Hz - KF927,
8994196017-01,EVACUATORE TRUCIOLI KF927 - 415/50,KF927 CHIP EXTRACTOR 415V/50Hz,EVACUATORE TRUCIOLI - 415V/50Hz - KF927,
3614662790-01,SEPARATORE PEZZI L=500 CON MORSA,PARTS SEPARATOR L=500mm W CLAMP,SEPARATORE PEZZI L=500mm CON MORSA,
1083123766-01,SEPARATORE PEZZI L=1000 A CARRELLO,PARTS SEPARATOR L=1m W CARRIAGE,SEPARATORE PEZZI L=1m CON CARRELLO,
4798442131-01,SEPARATORE PEZZI L.1500 CON CARRELL,"PART SEPARATOR L=1,5m W UNLOAD. CARRIAGE","SEPARATORE PEZZI L=1,5m CON CARRELLO SCARICO",
9229986412-01,GANASCE AVVOLGENTI KF 927 PER TUBO,KF927 WRAP-AROUND JAWS,GANASCE AVVOLGENTI PER TUBO - KF927,
9623651790-01,CARICATORE TIPO A L=4500 - KF 927,"KF927 ""A"" LOADER L=4,5m","CARICATORE ""A"" L=4,5m - KF927",
9774167926-01,CARICATORE TIPO A L=6500 - KF 927,"KF927 ""A"" LOADER L=6,5m","CARICATORE ""A"" L=6,5m - KF927",
0321285772-01,CARICATORE TIPO A L=8500 - KF 927,"KF927 ""A"" LOADER L=8,5m","CARICATORE ""A"" L=8,5m - KF927",
8438129421-01,CAR. F PER TRAF. KF927 4500 220/50,"KF927 ""B"" LOADER-DRAWN L=4,5m 220V/50Hz","CARICATORE ""F"" PER TRAFILATI L=4,5m - 220V/50Hz - KF927",
3015186045-01,CAR. F PER TRAF. KF927 4500 380/50,"KF927 ""B"" LOADER-DRAWN L=4,5m 380V/50Hz","CARICATORE ""F"" PER TRAFILATI L=4,5m - 380V/50Hz - KF927",
3930003818-01,CAR. F PER TRAF. KF927 4500 415/50,"KF927 ""B"" LOADER-DRAWN L=4,5m 415V/50Hz","CARICATORE ""F"" PER TRAFILATI L=4,5m - 415V/50Hz - KF927",
5710276265-01,CAR. F PER TRAF. KF927 6500 220/50,"KF927 ""B"" LOADER-DRAWN L=6,5m 220V/50Hz","CARICATORE ""F"" PER TRAFILATI L=6,5m - 220V/50Hz - KF927",
4216653607-01,CAR. F PER TRAF. KF927 6500 380/50,"KF927 ""B"" LOADER-DRAWN L=6,5m 380V/50Hz","CARICATORE ""F"" PER TRAFILATI L=6,5m - 380V/50Hz - KF927",
5748127026-01,CAR. F PER TRAF. KF927 6500 415/50,"KF927 ""B"" LOADER-DRAWN L=6,5m 415V/50Hz","CARICATORE ""F"" PER TRAFILATI L=6,5m - 415V/50Hz - KF927",
8274096860-01,CAR. F PER TRAF. KF927 8500 220/50,"KF927 ""B"" LOADER-DRAWN L=8,5m 220V/50Hz","CARICATORE ""F"" PER TRAFILATI L=8,5m - 220V/50Hz - KF927",
9816083216-01,CAR. F PER TRAF. KF927 8500 380/50,"KF927 ""B"" LOADER-DRAWN L=8,5m 380V/50Hz","CARICATORE ""F"" PER TRAFILATI L=8,5m - 380V/50Hz - KF927",
4604336895-01,CAR. F PER TRAF. KF927 8500 415/50,"KF927 ""B"" LOADER-DRAWN L=8,5m 415V/50Hz","CARICATORE ""F"" PER TRAFILATI L=8,5m - 415V/50Hz - KF927",
3693862188-01,CAR. F PER LAM. KF927 4500 220/50,"KF927 ""B"" LOADER-SHEET L=4,5m 220V/50Hz","CARICATORE ""F"" PER LAMIERE L=4,5m - 220V/50Hz - KF927",
0220446345-01,CAR. F PER LAM. KF927 4500 380/50,"KF927 ""B"" LOADER-SHEET L=4,5m 380V/50Hz","CARICATORE ""F"" PER LAMIERE L=4,5m - 380V/50Hz - KF927",
3227875403-01,CAR. F PER LAM. KF927 4500 415/50,"KF927 ""B"" LOADER-SHEET L=4,5m 415V/50Hz","CARICATORE ""F"" PER LAMIERE L=4,5m - 415V/50Hz - KF927",
3633958563-01,CAR. F PER LAM. KF927 6500 220/50,"KF927 ""B"" LOADER-SHEET L=6,5m 220V/50Hz","CARICATORE ""F"" PER LAMIERE L=6,5m - 220V/50Hz - KF927",
6443609438-01,CAR. F PER LAM. KF927 6500 380/50,"KF927 ""B"" LOADER-SHEET L=6,5m 380V/50Hz","CARICATORE ""F"" PER LAMIERE L=6,5m - 380V/50Hz - KF927",
4909178929-01,CAR. F PER LAM. KF927 6500 415/50,"KF927 ""B"" LOADER-SHEET L=6,5m 415V/50Hz","CARICATORE ""F"" PER LAMIERE L=6,5m - 415V/50Hz - KF927",
6582246122-01,CAR. F PER LAM. KF927 8500 220/50,"KF927 ""B"" LOADER-SHEET L=8,5m 220V/50Hz","CARICATORE ""F"" PER LAMIERE L=8,5m - 220V/50Hz - KF927",
2028185974-01,CAR. F PER LAM. KF927 8500 380/50,"KF927 ""B"" LOADER-SHEET L=8,5m 380V/50Hz","CARICATORE ""F"" PER LAMIERE L=8,5m - 380V/50Hz - KF927",
3367327751-01,CAR. F PER LAM. KF927 8500 415/50,"KF927 ""B"" LOADER-SHEET L=8,5m 415V/50Hz","CARICATORE ""F"" PER LAMIERE L=8,5m - 415V/50Hz - KF927",
1749273923-01,DISP. ANTIACC. VERS. 4500 - KF 927,"KF927 OVERLAP STOP DEVICE L=4,5m","DISPOSITIVO ANTIACCAVALLAMENTO L=4,5m - KF927",
8158971659-01,DISP. ANTIACC. VERS. 6500 - KF 927,"KF927 OVERLAP STOP DEVICE L=6,5m","DISPOSITIVO ANTIACCAVALLAMENTO L=6,5m - KF927",
2605520450-01,DISP. ANTIACC. VERS. 8500 - KF 927,"KF927 OVERLAP STOP DEVICE L=8,5m","DISPOSITIVO ANTIACCAVALLAMENTO L=8,5m - KF927",
0199168027-01,CAR. F PER TUBO KF927 6500 220/50,"KF927 ""B"" LOADER-TUBE L=6,5m 220V/50Hz","CARICATORE ""F"" TUBO L=6,5m - 220V/50Hz - KF927",
3188641229-01,CAR. F PER TUBO KF927 6500 380/50,"KF927 ""B"" LOADER-TUBE L=6,5m 380V/50Hz","CARICATORE ""F"" TUBO L=6,5m - 380V/50Hz - KF927",
4191562778-01,CAR. F PER TUBO KF927 6500 415/50,"KF927 ""B"" LOADER-TUBE L=6,5m 415V/50Hz","CARICATORE ""F"" TUBO L=6,5m - 415V/50Hz - KF927",
1768510441-01,CAR. F PER TUBO KF927 8500 220/50,"KF927 ""B"" LOADER-TUBE L=8,5m 220V/50Hz","CARICATORE ""F"" TUBO L=8,5m - 220V/50Hz - KF927",
8114047552-01,CAR. F PER TUBO KF927 8500 380/50,"KF927 ""B"" LOADER-TUBE L=8,5m 380V/50Hz","CARICATORE ""F"" TUBO L=8,5m - 380V/50Hz - KF927",
7321670205-01,CAR. F PER TUBO KF927 8500 415/50,"KF927 ""B"" LOADER-TUBE L=8,5m 415V/50Hz","CARICATORE ""F"" TUBO L=8,5m - 415V/50Hz - KF927",
3301802908-01,TESTA KF927 1V (630 M/MIN) - 220/50,1S HEAD 630m/min 220V/50Hz - KF927,TESTA 1 VELOCITÀ 630m/min - 220V/50Hz - KF927,
0958749469-01,TESTA KF927 1V (630 M/MIN) - 380/50,1S HEAD 630m/min 380V/50Hz - KF927,TESTA 1 VELOCITÀ 630m/min - 380V/50Hz - KF927,
8567346834-01,TESTA KF927 1V (630 M/MIN) - 415/50,1S HEAD 630m/min 415V/50Hz - KF927,TESTA 1 VELOCITÀ 630m/min - 415V/50Hz - KF927,
8142280955-01,TESTA KF927 2V (310-630) - 220/50,2S HEAD 310-630m/min 220V/50Hz - KF927,TESTA 2 VELOCITÀ 310-630 - 220V/50Hz - KF927,
1273471098-01,TESTA KF927 2V (310-630) - 380/50,2S HEAD 310-630m/min 380V/50Hz - KF927,TESTA 2 VELOCITÀ 310-630 - 380V/50Hz - KF927,
4848086173-01,TESTA KF927 2V (310-630) - 415/50,2S HEAD 310-630m/min 415V/50Hz - KF927,TESTA 2 VELOCITÀ 310-630 - 415V/50Hz - KF927,
0566607674-01,TESTA KF927 2V (630-1280) - 220/50,2S HEAD 630-1280m/min 220V/50Hz - KF927,TESTA 2 VELOCITÀ 630-1280 - 220V/50Hz - KF927,
2983374156-01,TESTA KF927 2V (630-1280) - 380/50,2S HEAD 630-1280m/min 380V/50Hz - KF927,TESTA 2 VELOCITÀ 630-1280 - 380V/50Hz - KF927,
4494720548-01,TESTA KF927 2V (630-1280) - 415/50,2S HEAD 630-1280m/min 415V/50Hz - KF927,TESTA 2 VELOCITÀ 630-1280 - 415V/50Hz - KF927,
3112401375-01,TESTA KF927 16V (11...106) - 220/50,16S HEAD 11-106m/min 220V/50Hz - KF927,TESTA 16 VELOCITÀ 11-106 - 220V/50Hz - KF927,
9629676014-01,TESTA KF927 16V (11...106) - 380/50,16S HEAD 11-106m/min 380V/50Hz - KF927,TESTA 16 VELOCITÀ 11-106 - 380V/50Hz - KF927,
8974160423-01,TESTA KF927 16V (11...106) - 415/50,16S HEAD 11-106m/min 415V/50Hz - KF927,TESTA 16 VELOCITÀ 11-106 - 415V/50Hz - KF927,
8482335906-01,TESTA KF927 8+7V (11...150) 220/50,8+7S HEAD 11-150m/min 220V/50Hz - KF927,TESTA 8+7V 11-150m/min - 220V/50Hz - KF927,
0151943836-01,TESTA KF927 8+7V (11...150) 380/50,8+7S HEAD 11-150m/min 380V/50Hz - KF927,TESTA 8+7V 11-150m/min - 380V/50Hz - KF927,
4415598354-01,TESTA KF927 8+7V (11...150) 415/50,8+7S HEAD 11-150m/min 415V/50Hz - KF927,TESTA 8+7V 11-150m/min - 415V/50Hz - KF927,
0779477880-01,TESTA KF927 MOT.CC. (7..140) 380/50,DC MOTOR HEAD 380V/50Hz - KF927,TESTA MOTORE CORRENTE CONTINUA 380V/50Hz - KF927,
6992366690-01,TESTA KF927 MOT.CC. (7..140) 415/50,DC MOTOR HEAD 415V/50Hz - KF927,TESTA MOTORE CORRENTE CONTINUA 415V/50Hz - KF927,
1838324059-01,TESTA KF927 *L* WIDIA V.380/50,"""L/WIDIA"" HEAD 380V/50Hz - KF927","TESTA ""L"" WIDIA - 380V/50Hz - KF927",
6940921826-01,FUMARAV PER KF927 TESTA L,KF927 FUMARAV “L” HEAD,"FUMARAV - TESTA ""L"" - KF927",
3695493331-01,FUMARAV PER KF927 TESTA P,KF927 FUMARAV “P” HEAD,"FUMARAV - TESTA ""P"" - KF927",
5802174724-01,COMPL. IMP.ELETTR. FUMARAV KF927,KF927 FUMARAV ELECTRIC SYSTEM COMPLEMENT,COMPLEMENTO IMPIANTO ELETTRICO FUMARAV - KF927,
8295964732-01,INTEGRAZ. CON VECORAZ L1200-L1500,INTEGRATION W LASER VECORAZ L1200-L1500,INTEGRAZIONE CON VECORAZ L1200-L1500,
7783807075-01,SUPPL. CARICATORE F 8500 PER Z12,"Z12 BUNDLE LOADER L=8,5m SUPPLEMENT","SUPPLEMENTO CARICATORE ""F"" L=8,5m - Z12",
7383795853-01,VERS. ANTIABRASIONE CAR. F 6500 Z12,"Z12 ANTIABRASION BUNDLE LOADER L=6,5m","VERSIONE ANTIABRASIONE CARICATORE ""F"" L=6,5m - Z12",
6810003846-01,VERS. ANTIABRASIONE CAR. F 8500 Z12,"Z12 ANTIABRASION BUNDLE LOADER L=8,5m","VERSIONE ANTIABRASIONE CARICATORE ""F"" L=8,5m - Z12",
8430202202-01,INTEGRAZ. JK479 CON VECORAZ L1200,JK479 LASER VECORAZ L1200 INTEGRATION,INTEGRAZIONE JK479 - VECORAZ L1200,
8180337194-01,INTEGRAZIONE JK479 - SERUNN FEKOT,JK479 LASER SERUNN FEKOT INTEGRATION,INTEGRAZIONE JK479 - SERUNN FEKOT,
4084425788-01,SUPPL.CARICATORE *F* 8500 JK479,"JK479 BUNDLE LOADER L=8,5m SUPPLEMENT","SUPPLEMENTO CARICATORE ""F"" L=8,5m - JK479",
0823785286-01,VERS.ANTIABRASIONE CAR.F 6500 JK479,"JK479 ANTIABRASION BUNDLE LOADER L=6,5m","VERSIONE ANTIABRASIONE CARICATORE ""F"" L=6,5m - JK479",
8360959797-01,RISCONTRI CON REFRIGERATORE A V.380,LOCATORS WITH CHILER 380V,RISCONTRI CON REFRIGERATORE - 380V,
9789889386-01,VERS.ANTIABRASIONE CAR.F 8500 JK479,"JK479 ANTIABRASION BUNDLE LOADER L=8,5m","VERSIONE ANTIABRASIONE CARICATORE ""F"" L=8,5m - JK479",
5570132179-01,TESTA DI FOCALIZZ.F.75 MM PER Z12,FOCUSING HEAD (FOCAL LENGTH 75mm) - Z12,TESTA DI FOCALIZZIONE (LUNGHEZZA FOCALE 75mm) - Z12,
2503260715-01,SUPPLEMENTO LUNGHEZZA FOCALE 100 MM,FOCAL LENGTH 100mm SUPPLEMENT,SUPPLEMENTO LUNGHEZZA FOCALE 100mm,
0354656456-01,SISTEMA DI NEBULIZZAZIONE SU Z12,Z12 MISTING SYSTEM,SISTEMA DI NEBULIZZAZIONE - Z12,
0503649092-01,SISTEMA DI NEBULIZZAZIONE SU JK479,JK479 MISTING SYSTEM,SISTEMA DI NEBULIZZAZIONE - JK479,
5940180547-01,ASPIRATORE FUMI DA 6000 MC/H 220/50,FUME EXTRACTOR 6000MC/H 220V/50Hz,ASPIRATORE FUMI 6000MC/H - 220V/50Hz,
7401003563-01,ASPIRATORE FUMI DA 6000 MC/H 380/50,FUME EXTRACTOR 6000MC/H 380V/50Hz,ASPIRATORE FUMI 6000MC/H - 380V/50Hz,
2310276648-01,ASPIRATORE FUMI DA 6000 MC/H 415/50,FUME EXTRACTOR 6000MC/H 415V/50Hz,ASPIRATORE FUMI 6000MC/H - 415V/50Hz,
6509004022-01,ASPIRATORE FUMI 4500 MC/H A CART.,CARTRIDGE FUME EXTRACTOR 4500MC/H,ASPIRATORE FUMI 4500MC/H A CARTUCCE,
3021202300-01,ASPIRATORE FUMI DA 4500 MC/H 220/50,FUME EXTRACTOR 4500MC/H 220V/50Hz,ASPIRATORE FUMI 4500MC/H - 220V/50Hz,
9048801000-01,ASPIRATORE FUMI DA 4500 MC/H 415/50,FUME EXTRACTOR 4500MC/H 415V/50Hz,ASPIRATORE FUMI 4500MC/H - 415V/50Hz,
0936420341-01,SUPPL.DOPPIO RISCONTRO L.1500 JK462,"JK462 2° LOCATOR L=1,5m SUPPLEMENT","SUPPLEMENTO 2° RISCONTRO L=1,5m - JK462",
5857032794-01,SUPPL.DOPPIO RISCONTRO L.3000 JK462,JK462 2° LOCATOR L=3m SUPPLEMENT,SUPPLEMENTO 2° RISCONTRO L=3m - JK462,
5111585039-01,SUPPL.DOPPIO RISC.VIS. JK462 L.3000,JK462 2° DISPLAYED LOCATOR L=3m SUPPLEM.,SUPPLEMENTO 2° RISCONTRO VISUALIZZATO L=3m - JK462,
6841397043-01,SUPPL.DOPPIO RISCONTRO L.4500 JK462,"JK462 2° LOCATOR L=4,5m SUPPLEMENT","SUPPLEMENTO 2° RISCONTRO L=4,5m - JK462",
6343284273-01,CARICATORE A PIANO INCLINATO JK462,JK462 INCLINED FLAT LOADER,CARICATORE A PIANO INCLINATO - JK462,
9115063586-01,CARICATORE FASCIO JK462 - 220/50,JK462 BUNDLE LOADER 220V/50Hz,"CARICATORE ""F"" - 220V/50Hz - JK462",
0229650092-01,CARICATORE FASCIO JK462 - 220/60,JK462 BUNDLE LOADER 220V/60Hz,"CARICATORE ""F"" - 220V/60Hz - JK462",
6155768497-01,CARICATORE FASCIO JK462 - 380/50,JK462 BUNDLE LOADER 380V/50Hz,"CARICATORE ""F"" - 380V/50Hz - JK462",
5410954320-01,CARICATORE FASCIO JK462 - 415/50,JK462 BUNDLE LOADER 415V/50Hz,"CARICATORE ""F"" - 415V/50Hz - JK462",
9094743026-01,CARICATORE F UNIF. 220-380-415/50,UNIFIED BUNDLE LOADER 220-380-415V/50Hz,"CARICATORE ""F"" UNIFICATO - 220-380-415V/50Hz",
8767199528-01,SUPPL.CARIC. A TUBI DELICATI JK462,"JK462 ""A"" LOADER DELICATE TUBE SUPPLEM.","SUPPLEMENTO CARICATORE ""A"" TUBO DELICATO - JK462",
4776133592-01,SUPPL.CARIC F TUBI DELICATI JK462,JK462 BUNDLE LOADER DELICATE TUBE,"SUPPLEMENTO CARICATORE ""F"" TUBO DELICATO - JK462",
1487415017-01,TESTA P10 V 32-254 M/MIN.A V.220/50,"""P"" 10S HEAD 32-254m/min 220V/50Hz","TESTA ""P"" 10 VELOCITÀ 32-254m/min - 220V/50Hz",
2430311936-01,TESTA P10 V.32-254 M/MIN.A V.220/60,"""P"" 10S HEAD 32-254m/min 220V/60Hz","TESTA ""P"" 10 VELOCITÀ 32-254m/min - 220V/60Hz",
1755542266-01,TESTA P10 V 32-254 M/MIN.A V.380/50,"""P"" 10S HEAD 32-254m/min 380V/50Hz","TESTA ""P"" 10 VELOCITÀ 32-254m/min - 380V/50Hz",
9387921760-01,TESTA P10 V 32-254 M/MIN.A V.415/50,"""P"" 10S HEAD 32-254m/min 415V/50Hz","TESTA ""P"" 10 VELOCITÀ 32-254m/min - 415V/50Hz",
0098353178-01,TESTA P10 V 16-127 M/MIN.A V.380/50,"""P"" 10S HEAD 16-127m/min 380V/50Hz","TESTA ""P"" 10 VELOCITÀ 16-127m/min - 380V/50Hz",
2907962227-01,SUPPL.LUNGHEZZA MIN.DI TAGLIO 20 MM,MINIMUM CUTTING LENGTH 20mm SUPPLEMENT,SUPPLEMENTO LUNGHEZZA MINIMA DI TAGLIO 20mm,
8811141376-01,SUPPL.IMPIANTO LUBR.A MICRONEBBIA,MICRO MIST LUBRICATION SYSTEM SUPPLEMENT,SUPPLEMENTO IMPIANTO LUBRIFICAZIONE A MICRONEBBIA,
3168561906-01,FUMARAV PER JK462,JK462 FUMARAV,FUMARAV - JK462,
5751171402-01,MICROLUBRIFICAZIONE ILC PER JK462,"JK462 ""ILC"" MICROLUBRICATION",MICROLUBRIFICAZIONE ILC - JK462,
1612012225-01,SUPPL.VISUALIZZAZIONE 1?RISC.L.1500,"DISPLAY 1° LOCATOR L=1,5m SUPPLEMENT","SUPPLEMENTO VISUALIZZAZIONE 1° RISCONTRO L=1,5m",
1098596621-01,SUPPL.VISUALIZZAZIONE 1?RISC.L.3000,DISPLAY 1° LOCATOR L=3m SUPPLEMENT,SUPPLEMENTO VISUALIZZAZIONE 1° RISCONTRO L=3m,
1282031023-01,SUPPL.VISUALIZZAZIONE 1?RISC.L.4500,"DISPLAY 1° LOCATOR L=4,5m SUPPLEMENT","SUPPLEMENTO VISUALIZZAZIONE 1° RISCONTRO L=4,5m",
3368513535-01,SUPPL.VISUALIZZAZIONE 2?RISCONTRO,DISPLAY 2° LOCATOR SUPPLEMENT,SUPPLEMENTO VISUALIZZAZIONE 2° RISCONTRO,
3216285286-01,CARICATORE F 7 MONT.V220-380-415/50,BUNDLE LOADER 7 PILLAR 220-380-415V/50Hz,"CARICATORE ""F"" 7 MONTANTI - 220-380-415V/50Hz",
6132110042-01,TESTA L W 380/50 + SIST.MACCH. 3000,"""L/W"" HEAD 380V/50Hz + MACH. SYSTEM L=3m","TESTA ""L"" W - 380V/50Hz + SISTEMA MACCHINA L=3m",
2362657202-01,MODIFICA ALIMEN. X '=8 JK462,JK462 FEEDING X '=8 MODIFY,MODIFICA ALIMENTAZIONE X '=8 - JK462,
4252715628-01,GAN. PRISM. T.10-45 - Q.10-40 L>50,PRISM.JAWS ROUND 10-45 SQUARE 10-40 L>50,GANASCE PRISMATICHE TONDI 10-45 - QUADRI 10-40 L>50,
8079712803-01,GAN. PRISM. T.45-80 - Q.30-60 L>50,PRISM.JAWS ROUND 45-80 SQUARE 30-60 L>50,GANASCE PRISMATICHE TONDI 45-80 - QUADRI 30-60 L>50,
73100360KP-01,GAN. AVVOLG. PER TUBO SOTTILE L>50,THIN TUBE WRAP-AROUND JAWS L>50,GANASCE AVVOLGENTI PER TUBO SOTTILE L>50,
5943737260-01,GAN. PRISM. T.10-45 - Q.10-40 L>20,PRISM.JAWS ROUND 10-45 SQUARE 10-40 L>20,GANASCE PRISMATICHE TONDI 10-45 - QUADRI 10-40 L>20,
0186869706-01,GAN. PRISM. T.45-80 - Q.30-60 L>20,PRISM.JAWS ROUND 45-80 SQUARE 30-60 L>20,GANASCE PRISMATICHE TONDI 45-80 - QUADRI 30-60 L>20,
20052118GN-01,GAN. AVVOLG. PER TUBO SOTTILE L>20,THIN TUBE WRAP-AROUND JAWS L>20,GANASCE AVVOLGENTI PER TUBO SOTTILE L>20,
9028823234-01,SUPPL.DOPPIO RISC.MAN. L.3000 JK469,JK469 2° MANUAL LOCATOR L=3m SUPPLEMENT,SUPPLEMENTO 2° RISCONTRO MANUALE L=3m - JK469,
036462620--01,CARICATORE PER FASCI TUBO,BUNDLE LOADER,"CARICATORE ""F""",
3374417144-01,CARICATORE FASCIO UNIFICATO V220/50,UNIFIED BUNDLE LOADER 220V/50Hz,"CARICATORE ""F"" UNIFICATO - 220V/50Hz",
7437984659-01,CARICATORE FASCIO UNIFICATO V220/60,UNIFIED BUNDLE LOADER 220V/60Hz,"CARICATORE ""F"" UNIFICATO - 220V/60Hz",
7858494335-01,CARICATORE FASCIO UNIFICATO V400/50,UNIFIED BUNDLE LOADER 400V/50Hz,"CARICATORE ""F"" UNIFICATO - 400V/50Hz",
0255564330-01,SUPPLEM. PER VERSIONE ZEN-LER-R L=6500,"GOM VERSION L=6,5m SUPPLEMENT","SUPPLEMENTO VERSIONE GOM L=6,5m",
1958074694-01,SUPPLEM. PER VERSIONE ZEN-LER-R L=8500,"GOM VERSION L=8,5m SUPPLEMENT","SUPPLEMENTO VERSIONE GOM L=8,5m",
2638041462-01,SUPPLEM. PER VERSIONE ZEN-LER-R L=10500,"GOM VERSION L=10,5m SUPPLEMENT","SUPPLEMENTO VERSIONE GOM L=10,5m",
8478015399-01,SUPPLEM. PER VERSIONE ZEN-LER-R L=12500,"GOM VERSION L=12,5m SUPPLEMENT","SUPPLEMENTO VERSIONE GOM L=12,5m",
461897088--01,CARICAT. PER FASCI TUBI 7 MONTANTI,BUNDLE LOADER 7 PILLAR,"CARICATORE ""F"" 7 MONTANTI",
6950256008-01,CARICAT. 7 MONTANTI L.6500 JK469,"JK469 BUNDLE LOADER 7 PILLAR L=6,5m","CARICATORE ""F"" 7 MONTANTI L=6,5m - JK469",
7358105331-01,SUPPL.CAR.7 MONT. TUBI DELIC. 6500,"""B""LOAD.7P DELICATE TUBE L=6,5m SUPPLEM.","SUPPLEMENTO CARICATORE 7 MONTANTI TUBO DELICATO L=6,5m",
9740904920-01,MODIF.CARICAM.TUBI CON SUP.FORATA,TUBE LOADING MODIFY W PERFORATED SURFACE,MODIFICA CARICAMENTO TUBI CON SUPERFICIE FORATA,
0867600174-01,SUPPLEM.CARICATORE FASCIO L. 8500,"BUNDLE LOADER L=8,5m SUPPLEMENT","SUPPLEMENTO CARICATORE ""F"" L=8,5m",
5458890952-01,SUPPLEM.CARICATORE FASCIO L.10500,"BUNDLE LOADER L=10,5m SUPPLEMENT","SUPPLEMENTO CARICATORE ""F"" L=10,5m",
6418424165-01,SUPPLEM.CARICATORE FASCIO L.12500,"BUNDLE LOADER L=12,5m SUPPLEMENT","SUPPLEMENTO CARICATORE ""F"" L=12,5m",
4665759587-01,SUPPL.CARIC.F.TUBI DELICATI L. 6500,"""B"" LOADER DELICATE TUBE L=6,5m SUPPLEM.","SUPPLEMENTO CARICATORE ""F"" TUBO DELICATO L=6,5m",
3834028834-01,SUPPL.CARIC.F.TUBI DELICATI L. 8500,"""B"" LOADER DELICATE TUBE L=8,5m SUPPLEM.","SUPPLEMENTO CARICATORE ""F"" TUBO DELICATO L=8,5m",
1440523807-01,SUPPL.CARIC.F.TUBI DELICATI L.10500,"""B"" LOAD. DELICATE TUBE L=10,5m SUPPLEM.","SUPPLEMENTO CARICATORE ""F"" TUBO DELICATO L=10,5m",
9532504467-01,SUPPL.CARIC.F.TUBI DELICATI L.12500,"""B"" LOAD. DELICATE TUBE L=12,5m SUPPLEM.","SUPPLEMENTO CARICATORE ""F"" TUBO DELICATO L=12,5m",
1193107778-01,JK469 BASAMENTO L.3000,JK469 BASE L=3m,BASAMENTO L=3m - JK469,
5788579356-01,JK469 ALIMENTAZIONE,JK469 FEEDING,ALIMENTAZIONE - JK469,
5004366198-01,JK469 BANCO MACCHINA,JK469 MACHINE BENCH,BANCO MACCHINA - JK469,
4637399408-01,JK469 RISCONTRO BASE,JK469 BASIC LOCATOR,RISCONTRO BASE - JK469,
6216257021-01,JK469 RISCONTRO B L.3000,"JK469 ""B"" LOCATOR L=3m",RISCONTRO B L=3m - JK469,
9469548146-01,JK469 CENTRALINA-IMP.220-380-415/50,CTRL UNIT-HYDRAUL. SYS. 220-380-415V/50H,CENTRALINA-IMPIANTO IDRAULICO - 220-380-415V/50Hz - JK469,
5332353054-01,JK469 CILINDRO SEPARATORE,JK469 SEPARATOR CYLINDER,CILINDRO SEPARATORE - JK469,
6092026250-01,JK469 CILINDRO MORSA,JK469 CLAMP CYLINDER,CILINDRO MORSA - JK469,
1831570667-01,JK469 CILINDRO LEVE DI CARICO,JK469 LOADING LEVER CYLINDER,CILINDRO LEVE DI CARICO - JK469,
7595640210-01,JK469 CARICATORE 220/60,JK469 LOADER 220V/60Hz,CARICATORE - 220V/60Hz - JK469,
8402581888-01,JK469 CARICATORE F V220-380-415/50,JK469 BUNDLE LOADER 220-380-415V/50Hz,"CARICATORE ""F"" - 220-380-415V/50Hz - JK469",
5272651830-01,JK469 DOTAZIONE,JK469 EQUIPMENT,DOTAZIONE - JK469,
7616555543-01,JK469 RISCONTRO VISUALIZZATO *A*,"JK469 ""A"" DISPLAYED LOCATOR",RISCONTRO VISUALIZZATO A - JK469,
5121400778-01,JK469 RISCONTRO VISUALIZZATO *B*,"JK469 ""B"" DISPLAYED LOCATOR",RISCONTRO VISUALIZZATO B - JK469,
6078395393-01,JK469 COMPL.RISC.VIS. *A* 3000,"JK469 ""A"" DISPLAYED LOCATOR L=3m COMPL.",COMPLEMENTO RISCONTRO VISUALIZZATO A L=3m - JK469,
1139052151-01,JK469 COMPL.RISC.VIS. *B* 3000,"JK469 ""B"" DISPLAYED LOCATOR L=3m COMPL.",COMPLEMENTO RISCONTRO VISUALIZZATO B L=3m - JK469,
2193450185-01,JK469 CIL.RISCONTRO VISUALIZZATO,JK469 LDISPLAYED LOCATOR CYLINDER,CILINDRO RISCONTRO VISUALIZZATO - JK469,
1243092702-01,JK469 RIPARI MACCHINA L.3000,JK469 MACHINE GUARDS L=3m,RIPARI MACCHINA L=3m - JK469,
7843552476-01,JK469 RIPARI INSONORIZZATI L.3000,JK469 SOUNDPROOF GUARDS L=3m,RIPARI INSONORIZZATI L=3m - JK469,
5953308777-01,JK469 SUPPL.LETTURA RISC.3000,JK469 READING LOCATOR L=3m SUPPLEMENT,SUPPLEMENTO LETTURA RISCONTRO L=3m - JK469,
9191256204-01,JK469 QUADRO ELETTRICO BASE,JK469 BASIC ELECTRIC PANEL,QUADRO ELETTRICO BASE - JK469,
8914509128-01,JK469 COMPL.FINECORSA BASE 1 RISC.,JK469 B. LIMIT SWITCH COMPL. 1° LOCATOR,COMPLEMENTO FINECORSA BASE 1° RISCONTRO - JK469,
8886488364-01,JK469 COMPLEMENTO PULSANTIERA BASE,JK469 BASIC CONTROL PANNEL,COMPLEMENTO PULSANTIERA BASE - JK469,
3970118181-01,JK469 VAR.QUADRO BASE 220/50,JK469 BASIC EL. PANEL VARIANT 220V/50Hz,VARIANTE QUADRO ELETTRICO BASE - 220V/50Hz - JK469,
3286175217-01,JK469 VAR.QUADRO BASE 220/60,JK469 BASIC EL. PANEL VARIANT 220V/60Hz,VARIANTE QUADRO ELETTRICO BASE - 220V/60Hz - JK469,
3363866050-01,JK469 VAR.QUADRO BASE 380/50,JK469 BASIC EL. PANEL VARIANT 380V/50Hz,VARIANTE QUADRO ELETTRICO BASE - 380V/50Hz - JK469,
2431443296-01,JK469 VAR.QUADRO BASE 415/50,JK469 BASIC EL. PANEL VARIANT 415V/50Hz,VARIANTE QUADRO ELETTRICO BASE - 415V/50Hz - JK469,
4828473608-01,JK469 COMPL.COMMUTATORE 2 VELOCITA',JK469 2 SPEED SWITCH COMPLEMENT,COMPLEMENTO COMMUTATORE 2 VELOCITÀ - JK469,
3478663070-01,JK469 COMPL.QUADRO CAR.FASCIO,"JK469 ""B"" LOADER ELECT. PANEL COMPLEMENT","COMPLEMENTO QUADRO ELETTRICO CARICATORE ""F"" - JK469",
6524974170-01,VUOTO (RIANTE FASCIO 380/50 ),"EMPTY (""B"" LOAER VARIANT 380V/50Hz)",VUOTO (VARIANTE FASCIO - 380V/50Hz),
8113199959-01,JK469 COMPL.SECONDO RISCONTRO,JK469 2° LOCATOR COMPLEMENT,COMPLEMENTO 2° RISCONTRO - JK469,
3259389947-01,JK469 COMPL.MACCHINA L.OLTRE 1500,"JK469 MACHINE COMPLEMENT L>1,5m","COMPLEMENTO MACCHINA L>1,5m - JK469",
3518981658-01,JK469 COMPL.SALVALAMA,JK469 SAWBLADE GUARD COMPLEMENT,COMPLEMENTO SALVALAMA - JK469,
0408103011-01,JK469 COMPL.DIVISORE,JK469 DIVIDING COMPLEMENT,COMPLEMENTO DIVISORE - JK469,
4312426209-01,JK469 COFANO IMPIANTO ELETTRICO,JK469 HOOD ELECTRIC SYSTEM,COFANO IMPIANTO ELETTRICO - JK469,
5655878459-01,CARICATORE F UNIFICATO L.6500,"UNIFIED BUNDLE LOADER L=6,5m","CARICATORE ""F"" UNIFICATO L=6,5m",
0439877967-01,MOTORID.CARIC.F.V.220-380-415/60 HZ,"""B"" LOADER GEARMOTOR 220-380-415V/60Hz","MOTORIDUTTORE CARICATORE ""F"" - 220-380-415V/60Hz",
9095195964-01,MOTORID.CARIC.F.V.220-380-415/50 HZ,"""B"" LOADER GEARMOTOR 220-380-415V/50Hz","MOTORIDUTTORE CARICATORE ""F"" - 220-380-415V/50Hz",
7548698671-01,GRUPPO C/LAV.STRUTTURA CARIC.UNIFIC,UNIFIED LOAD. STRUCTURE OUTS. ASSEMB.,CONTO LAVORO STRUTTURA CARICATORE UNIFICATO,
3052769716-01,CARICAM.TUBI FORATI CARIC.UNIFICATO,UNIFIED LOADER-LOADING DRILLED TUBES,CARICATORE UNIFICATO-CARICAMENTO TUBI FORATI,
3360217397-01,PROLUNGA DA 6 A 8 MT CARIC.UNIFIC.,UNIFIED LOADER EXTENSION L=6-8m,PROLUNGA CARICATORE UNIFICATO L=6-8m,
2641801284-01,GRUPPO C/LAV.STRUTTURA PROL.6- 8 MT,EXTENSION STRUCT. 6-8m OUTSOURC. ASSEMB.,CONTO LAVORO STRUTTURA PROLUNGA 6-8m,
5365003752-01,PROLUNGA DA 6 A 10 MT CARIC.UNIFIC.,UNIFIED LOADER EXTENSION L=6-10m,PROLUNGA CARICATORE UNIFICATO L=6-10m,
8595806465-01,GRUPPO C/LAV.STRUTTURA PROL.6-10 MT,EXTENSION STRUCT. 6-10m OUTSOURC.ASSEMB.,CONTO LAVORO STRUTTURA PROLUNGA 6-10m,
7736579846-01,PROLUNGA DA 6 A 12 MT CARIC.UNIFIC.,UNIFIED LOADER EXTENSION L=6-12m,PROLUNGA CARICATORE UNIFICATO L=6-12m,
3397648697-01,GRUPPO C/LAV.STRUTTURA PROL.6-12 MT,EXTENSION STRUCT. 6-12m OUTSOURC.ASSEMB.,CONTO LAVORO STRUTTURA PROLUNGA 6-12m,
9866602587-01,SUPPL.CARIC.F.TUBI DELICATI L.10000,"""B"" LOADER DELICATE TUBE L=10m SUPPLEM.","SUPPLEMENTO CARICATORE ""F"" TUBO DELICATO L=10m",
8632452954-01,SUPPL.CARIC.F.TUBI DELICATI L.12000,"""B"" LOADER DELICATE TUBE L=12m SUPPLEM.","SUPPLEMENTO CARICATORE ""F"" TUBO DELICATO L=12m",
7455698632-01,PROTEZ.ELETTRICHE CARIC.F V.220/50,"""B"" LOADER ELECTRIC PROTECTION 220V/50Hz","PROTEZIONI ELETTRICHE CARICATORE ""F"" - 220V/50Hz",
6597600960-01,PROTEZ.ELETTRICHE CARIC.F V.220/60,"""B"" LOADER ELECTRIC PROTECTION 220V/60Hz","PROTEZIONI ELETTRICHE CARICATORE ""F"" - 220V/60Hz",
5601570097-01,PROTEZ.ELETTRICHE CARIC.F V.380/50,"""B"" LOADER ELECTRIC PROTECTION 380V/50Hz","PROTEZIONI ELETTRICHE CARICATORE ""F"" - 380V/50Hz",
9599212716-01,PROTEZ.ELETTRICHE CARIC.F V.415/50,"""B"" LOADER ELECTRIC PROTECTION 415V/50Hz","PROTEZIONI ELETTRICHE CARICATORE ""F"" - 415V/50Hz",
1374494647-01,CARICAT.F UNIFIC.7 MONTANTI L.6500,"UNIFIED BUNDLE LOADER 7 PILLAR L=6,5m","CARICATORE ""F"" UNIFICATO 7 MONTANTI L=6,5m",
7841512219-01,GRUPPO C/LAV.STRUTTURA CAR.7 MONT.,"""B"" LOAD. 7P STRUCTURE OUTSOURC. ASSEMB.",CONTO LAVORO STRUTTURA CARICATORE 7 MONTANTI,
1846788587-01,SUPPL.CARIC.F.7 MONT.TUBI DELICATI,"""B"" LOADER 7P DELICATE TUBE SUPPLEMENT","SUPPLEMENTO CARICATORE ""F"" 7 MONTANTI TUBO DELICATO",
4198942007-01,IMPIANTO FINECORSA CARICATORE F,BUNDLE LOADER LIMIT SWITCH SYSTEM,"IMPIANTO FINECORSA CARICATORE ""F""",
4965793101-01,COMPL.IMP.FINEC.CARICAT.F 6- 8 MT,"""B"" LOADER L=6-8m LIMIT SWITCH COMPLEM.","COMPLEMENTO FINECORSA CARICATORE ""F"" L=6-8m",
5970902671-01,COMPL.IMP.FINEC.CARICAT.F 6-10 MT,"""B"" LOADER L=6-10m LIMIT SWITCH COMPLEM.","COMPLEMENTO FINECORSA CARICATORE ""F"" L=6-10m",
2601740243-01,COMPL.IMP.FINEC.CARICAT.F 6-12 MT,"""B"" LOADER L=6-12m LIMIT SWITCH COMPLEM.","COMPLEMENTO FINECORSA CARICATORE ""F"" L=6-12m",
3152897238-01,IMPIANTO FINEC.CARICAT.F 7 MONTANTI,"""B"" LOADER 7 PILLAR LIMIT SWITCH SYSTEM","IMPIANTO FINECORSA CARICATORE ""F"" 7 MONTANTI",
2398042436-01,JK469 COMPL.EL.RISCONTRO *A* VIS.,"JK469 ELECT.COMPL. ""A"" DISPLAYED LOCATOR",COMPLEMENTO ELETTRICO RISCONTRO A VISUALIZZATO - JK469,
4318006213-01,JK469 COMPL.EL.RISCONTRO *B* VIS.,"JK469 ELECT.COMPL. ""B"" DISPLAYED LOCATOR",COMPLEMENTO ELETTRICO RISCONTRO B VISUALIZZATO - JK469,
1492333855-01,JK469 COMPLEMENTO TESTA INVERTER,INVERTER HEAD COMPLEMENT - JK469,COMPLEMENTO TESTA INVERTER - JK469,
3923902808-01,JK462 COMPL.AL QUADRO X TESTA INV.,JK462 INVERTER HEAD EL. PANEL COMPLEMENT,COMPLEMENTO QUADRO ELETTRICO TESTA INVERTER - JK462,
1865125194-01,JK469 MOTORE TESTA INVERTER,JK469 INVERTER HEAD MOTOR,MOTORE TESTA INVERTER - JK469,
8596116157-01,INTEGRAZIONE JK482-SERUNN FEKOT 1200,JK482 LASER SERUNN FEKOT INTEGRATION,INTEGRAZIONE JK482-SERUNN FEKOT L1200,
3328150023-01,ASPIRATORE FUMI 1600 MC/H A CART.,CARTRIDGE FUME EXTRACTOR 1600MC/H,ASPIRATORE FUMI 1600MC/H A CARTUCCE,
2183481309-01,ASPIRATORE FUMI JK482 220/50,JK482 FUME EXTRACTOR 220V/50Hz,ASPIRATORE FUMI - 220V/50Hz - JK482,
4363975014-01,ASPIRATORE FUMI JK482 380/50,JK482 FUME EXTRACTOR 380V/50Hz,ASPIRATORE FUMI - 380V/50Hz - JK482,
8145994900-01,ASPIRATORE FUMI JK482 415/50,JK482 FUME EXTRACTOR 415V/50Hz,ASPIRATORE FUMI - 415V/50Hz - JK482,
9365441672-01,TESTA 5 ALTA PRESSIONE JK482,5S HIGH PRESSURE HEAD - JK482,TESTA 5 ALTA PRESSIONE - JK482,
2604534913-01,"TESTA 2,5 ALTA PRESSIONE JK482","2,5S HIGH PRESSURE HEAD - JK482","TESTA 2,5 ALTA PRESSIONE - JK482",
1066255728-01,TESTA 5 BASSA PRESSIONE JK482,5S LOW PRESSURE HEAD - JK482,TESTA 5 BASSA PRESSIONE - JK482,
4867291665-01,"TESTA 2,5 BASSA PRESSIONE JK482","2,5S LOW PRESSURE HEAD - JK482","TESTA 2,5 BASSA PRESSIONE - JK482",
9699884301-01,INT. LASER DICA. 1700-2000W ZK489,ZK489 DICA 1700-2000W LASER INTEGRATION,INTEGRAZIONE LASER DICA 1700-2000W - ZK489,
7975876267-01,SUPPL.LAVORAZ.TUBI D.MINIMO 12 MM,DELICATE TUBE PROCESS. MIN.12mm SUPPLEM.,SUPPLEMENTO LAVORAZIONE TUBI DELICATI MINIMO 12mm,
7198303881-01,POST PROCESSOR ZK489,POST-PROCESSOR ZK489,POST-PROCESSOR - ZK489,
6089070157-01,POST PROCESSOR ZK489 - LICENZA AGG.,POST-PROCESSOR ZK489 - ADD. LICENCE,POST-PROCESSOR - LICENZA AGGIUNTIVA - ZK489,
0538643392-01,*INTEGR. LASER R.S. FINO A 2000W,"LASER ""RS"" UP TO 2000W INTEGRATION",INTEGRAZIONE LASER RS FINO A 2000W,
2620209407-01,PREDISPOSIZIONE SWITCH OTTICO ZK489,ZK489 OPTICAL SWITCH SET-UP,PREDISPOSIZIONE SWITCH OTTICO - ZK489,
8774971593-01,ASPIRATORE FUMI 2000 MC/H A CART.,CARTRIDGE FUME EXTRACTOR 2000MC/H,ASPIRATORE FUMI 2000MC/H A CARTUCCE,
88075353RJ-01,SAGOME DI SETTAGGIO ZK932,ZK932 SETTING TEMPLATES,SAGOME DI SETTAGGIO - ZK932,
0717631062-01,INTEGRAZ. ZK489 VERS. TONDO 400/50,ZK489 ROUND VERSION INTEGRAT. 400V/50Hz,INTEGRAZIONE VERSIONE TONDO - 400V/50Hz - ZK489,
2638451363-01,SISTEMA RILEV. SALDATURA TUBO TONDO,ROUND TUBE WELDING DETECTION SYSTEM,SISTEMA RILEVAMENTO SALDATURA TUBO TONDO,
7170115616-01,INTEGRAZ. ZK489 VERS. ZEN-LER-R 400/50,ZK489 LAK. VERSION INTEGRAT. 400V/50Hz,INTEGRAZIONE VERSIONE GOM - 400V/50Hz - ZK489,
8177686928-01,RALLA SUPPL. + ATTR. SETTAGGIO GOM,ADDIT. GOM SLEWING RING+SETTING EQUIPM.,RALLA SUPPLEMENTARE + ATTREZZATURA SETTAGGIO GOM,
0693252001-01,SISTEMA RILEV. SALDATURA ZEN.-LER.-R.,GOM WELDING DETECTION SYSTEM,SISTEMA RILEVAMENTO SALDATURA GOM,
8821866045-01,SCARICO ZK489 L=1500 GOM 400/50,"ZK489 LAK. UNLOADER L=1,5m 400V/50Hz","SCARICO GOM L=1,5m - 400V/50Hz - ZK489",
9676624137-01,SCARICO ZK489 L=3000 GOM 400/50,ZK489 LAK. UNLOADER L=3m 400V/50Hz,SCARICO GOM L=3m - 400V/50Hz - ZK489,
8303145888-01,SCARICO ZK489 L=1500 TONDI 400/50,"ZK489 ROUND UNLOADER L=1,5m 400V/50Hz","SCARICO TONDI L=1,5m - 400V/50Hz - ZK489",
2378551346-01,SCARICO ZK489 L=3500 TONDI 400/50,"ZK489 ROUND UNLOADER L=3,5m 400V/50Hz","SCARICO TONDI L=3,5m - 400V/50Hz - ZK489",
4430597936-01,ASPIRAT. ALTA PREV. 2000MC/H 400/50,2000MC/H H.PREVAL. FUME EXTRAC.400V/50Hz,ASPIRATORE ALTA PREVALENZA 2000MC/H - 400V/50Hz,
9563382271-01,ASPIRAT. ALTA PREV. 2000MC/H 380/60,2000MC/H H.PREVAL. FUME EXTRAC.380V/50Hz,ASPIRATORE ALTA PREVALENZA 2000MC/H - 380V/50Hz,
9676982607-01,ASPIRAT. ALTA PREV. 2000MC/H 460/60,2000MC/H H.PREVAL. FUME EXTRAC.460V/50Hz,ASPIRATORE ALTA PREVALENZA 2000MC/H - 460V/50Hz,
4713575831-01,SUPPL.PER TURBINA AD ALTA PREVAL.,HIGH PREVALENCE TURBINE SUPPLEMENT,SUPPLEMENTO TURBINA AD ALTA PREVALENZA,
4913398439-01,SUPPL. CARICATORE PER TUBO DELICATO,LOADER DELICATE TUBE SUPPLEMENT,SUPPLEMENTO CARICATORE TUBO DELICATO,
0349586119-01,SUPPL. AMMORTIZZATORE TUBO PESANTE,HEAVY TUBE SHOCK ABSORBER SUPPLEMENT,SUPPLEMENTO AMMORTIZZATORE TUBO PESANTE,
4251573244-01,DISP. RICERCA SALDATURA TUBO TONDO,WELD SEARCH DEVICE ONLY ROUND,DISPOSITIVO RICERCA SALDATURA TUBO TONDO,
3603115174-01,DISP. RICERCA SALDATURA TUBO ZEN.LER.R.,WELD SEARCH DEVICE ROUND-SQUARE-RECTANG.,DISPOSITIVO RICERCA SALDATURA TUBO GOM,
5355242194-01,MMC OEM LICENZA RUNTIME,MMC OEM RUNTIME LICENCE,MMC OEM LICENZA RUNTIME,
7630968687-01,CALCOLO TEMPI E CONSUMI ZK489,ZK489 TIME AND CONSUMPTION,TEMPI E CONSUMI - ZK489,
9788933470-01,REMOTE DIAGNOSIS VIEWER,REMOTE DIAGNOSIS VIEWER,REMOTE DIAGNOSIS VIEWER,
7290856155-01,TAGLIO PROFILI PRECISI(SW POLIMIALE,CUTTING PRECISE PROFILES (POLYMIAL SW),TAGLIO PROFILI PRECISI (SW POLIMIALE),
0687393917-01,GARANZIA INTEGRALE QW9-810N 12 MESI,12-MONTH FULL WARRANTY QW9-810N,GARANZIA INTEGRALE QW9-810N 12 MESI,
1804000443-01,GARANZ.INT.4 ASSI QW9-840D 12 MESI,12-MONTH FULL WARRANTY 4 AXES QW9-840,GARANZIA INTEGRALE 4 ASSI QW9-840D 12 MESI,
1853903567-01,REMOTE DIAGNOSIS HOST,REMOTE DIAGNOSIS HOST,REMOTE DIAGNOSIS HOST,
0781562270-01,CAD-CAM VERS. TAGLIO LASER TUBI T.,CAD-CAM LASER CUT ROUND TUBES VERSION,CAD-CAM VERSIONE TAGLIO LASER TUBI TONDI,
6669825195-01,CAD-CAM VERS. DAKUCUTU TONDO L,CAD-CAM DAKUCUTU ROUND VERSION,CAD-CAM VERSIONE DAKUCUTU TONDO,
9839139776-01,CAD-CAM VERS. DAKUCUTU GOM L,CAD-CAM DAKUCUTU LAK. L VERSION,CAD-CAM VERSIONE DAKUCUTU GOM L,
1938821957-01,CAD-CAM VERS. KONUFOLI-LASER,CAD-CAM KONUFOLI-LASER VERSION,CAD-CAM VERSIONE KONUFOLI-LASER,
7854338977-01,CAD-CAM VERS. KONUFOLI-LASER PARAM,CAD-CAM DAKUCUTU-LASER PARAMETRIC,CAD-CAM VERSIONE DAKUCUTU-LASER PARAMETRICO,
1766791978-01,CAD-CAM CREAZIONE FIGURE DI TRANCIA,CAD-CAM SHEAR FIGURES CREATION,CAD-CAM CREAZIONE FIGURE DI TRANCIA,
8847489757-01,CAD-CAM VERS. RITONE-LASER,CAD-CAM RITONE-LASER VERSION,CAD-CAM VERSIONE RITONE-LASER,
0140868076-01,CAD-CAM VERS. KONUFOLI/LAM-LASER,CAD-CAM KONUFOLI/LAM-LASER VERSION,CAD-CAM VERSIONE KONUFOLI/LAM-LASER,
1721384607-01,CAD-CAM VERS. KONUFOLI/3D-LASER,CAD-CAM KONUFOLI/3D-LASER VERSION,CAD-CAM VERSIONE KONUFOLI/3D-LASER,
3853317306-01,CAD-CAM MIGRAZIONE KONUFOLI 2D/3D,CAD-CAM MIGRATION KONUFOLI 2D/3D,CAD-CAM MIGRAZIONE KONUFOLI 2D/3D,
7009157595-01,CAD-CAM MODIF. PER FORI CILINDRICI,CAD-CAM MODIFY FOR CYLINDRICAL HOLES,CAD-CAM MODIFICA PER FORI CILINDRICI,
6414825265-01,CAD-CAM VERS. TAZUTIL,CAD-CAM TAZUTIL VERSION,CAD-CAM VERSIONE TAZUTIL,
6117023304-01,CAD-CAM VERS. TAZUTIL-PUCOMS,CAD-CAM TAZUTIL-PUCOMS VERSION,CAD-CAM VERSIONE TAZUTIL-PUCOMS,
0331762771-01,GARANZ.INT.4 ASSI QW9-840D 24 MESI,24-MONTH FULL WARRANTY 4 AXES QW9-840,GARANZIA INTEGRALE 4 ASSI QW9-840D 24 MESI,
7664472804-01,GARANZ.INT.6 ASSI QW9-840D 24 MESI,24-MONTH FULL WARRANTY 6 AXES QW9-840,GARANZIA INTEGRALE 6 ASSI QW9-840D 24 MESI,
7186977768-01,TESTA GIDEZARE UNIV. AK-CUF JK482,"“GIDEZARE COT-CUF"" UNIVERSAL HEAD - JK482","TESTA GIDEZARE UNIVERSALE ""AK-CUF"" - JK482",
5361470146-01,INTEGRAZ.TESTA AK-CUF-591 JK482(GOM),"JK482 ""AK-CUF"" 591 HEAD INTEGRAT. LAK.","INTEGRAZIONE TESTA ""AK-CUF"" 591 GOM - JK482",
1963570260-01,SOSTENITORE INTERMEDIO AUT. YK449,YK449 AUTOMATIC INTERMEDIATE SUPPORTER,SOSTENITORE INTERMEDIO AUTOMATICO - YK449,
0731340467-01,YK449 KIT TUBO ASP. E SOST. L=3000,YK449 KIT SUCTION TUBE-SUPPORTER L=3m,KIT TUBO ASPIRATORE E SOSTENITORE L=3m - YK449,
8448850448-01,YK449 KIT TUBO ASP. E SOST. L=4500,"YK449 KIT EXTRACT. TUBE-SUPPORTER L=4,5m","KIT TUBO ASPIRATORE E SOSTENITORE L=4,5m - YK449",
3933568521-01,SOSTEN. INT. YK442 TC CON POLMONE,YK442 INTERMEDIATE SUPPORTER W PLENUM,SOSTENITORE INTERMEDIO - YK442 QG532 CON POLMONE,
2921422967-01,SOSTENITORE MECCANIZZATO YK442 TT,YK442 MECH. INTERMED. SUPPORTER FOR TT,SOSTENITORE MECCANIZZATO - YK442 TT,
2941562843-01,SOSTENITORE MECCANIZZATO YK442 TS,YK442 MECH. INTERMED. SUPPORTER FOR TS,SOSTENITORE MECCANIZZATO - YK442 TS,
2028197895-01,ASPIRATORE FRAMMENTI YK442 220/50,YK442 DUST EXTRACTOR 220V/50Hz,ASPIRATORE FRAMMENTI - 220V/50Hz - YK442,
1617134762-01,ASPIRATORE FRAMMENTI YK442 415/50,YK442 DUST EXTRACTOR 415V/50Hz,ASPIRATORE FRAMMENTI - 415V/50Hz - YK442,
3157814220-01,MOTORIZZ. TESTA MOBILE 220-380/60,MOBILE HEAD MOTORIZATION 220-380V/60Hz,MOTORIZZAZIONE TESTA MOBILE - 220-380V/60Hz,
3976509647-01,MOTORIZZ. TESTA MOBILE 220-380/50,MOBILE HEAD MOTORIZATION 220-380V/50Hz,MOTORIZZAZIONE TESTA MOBILE - 220-380V/50Hz,
6469365651-01,MOTORIZZ.TESTA MOBILE 260-415/50-60,MOBILE HEAD MOTORIZAT. 260-415V/50-60Hz,MOTORIZZAZIONE TESTA MOBILE - 260-415V/50-60Hz,
2519759696-01,CONCATEN. JB52-YK442 SU JB52 L=1500,"JB52-YK442 SU JB52 L=1,5m CHAINING","CONCATENAMENTO JB52-YK442 SU JB52 L=1,5m",
0204972508-01,CONCATEN. JB52-YK442 SU JB52 L=3000,JB52-YK442 SU JB52 L=3m CHAINING,CONCATENAMENTO JB52-YK442 SU JB52 L=3m,
1562201722-01,POSIZIONAMENTO TESTA MOBILE YK442,YK442 MOBILE HEAD POSITIONING,POSIZIONAMENTO TESTA MOBILE - YK442,
9925244221-01,TELAI RIALZO YK442 CEMAKANIT,YK442 CEMAKANIT RAISED CHASSIS,TELAI RIALZO - YK442 CEMAKANIT,
6839638501-01,COMPL. POSIZIONAMENTO YK449 L=1500,"YK449 POSITIONING L=1,5m COMPLEMENT","COMPLEMENTO POSIZIONAMENTO L=1,5m - YK449",
5902721564-01,COMPL. POSIZIONAMENTO MANUALE YK449,YK449 MANUAL POSITIONING COMPLEMENT,COMPLEMENTO POSIZIONAMENTO MANUALE - YK449,
6002598805-01,COMPL. POSIZIONAMENTO AUTOM. YK449,YK449 AUTOMATIC POSITIONING COMPLEMENT,COMPLEMENTO POSIZIONAMENTO AUTOMATICO - YK449,
4502478704-01,COMPL. POSIZIONAMENTO YK449 L=4500,"YK449 POSITIONING L=4,5m COMPLEMENT","COMPLEMENTO POSIZIONAMENTO L=4,5m - YK449",
2066853880-01,COMPL. POSIZIONAMENTO MOTOR. YK449,YK449 MOTOR POSITIONING COMPLEMENT,COMPLEMENTO POSIZIONAMENTO MOTORE - YK449,
4344713418-01,IMPIANTO DI SOFFIATURA YK449,YK449 SUCTION AND BLOW SYSTEM,IMPIANTO DI SOFFIATURA - YK449,
4679082062-01,SISTEMA ASPIRAZIONE PER YK449,YK449 SUCTION SYSTEM,SISTEMA ASPIRAZIONE - YK449,
3997561669-01,IMPIANTO DI SOFFIATURA YK442,YK442 SUCTION AND BLOW SYSTEM,IMPIANTO DI SOFFIATURA - YK442,
6816814006-01,COMPL. YK449 NON CONCATENATA L=1500,"YK449 NO-CHAINING L=1,5m COMPLEMENT","COMPLEMENTO YK449 NON CONCATENATA L=1,5m",
2528949191-01,COMPL. YK449 NON CONCATENATA L=3000,YK449 NO-CHAINING L=3m COMPLEMENT,COMPLEMENTO YK449 NON CONCATENATA L=3m,
8070812986-01,COMPL. YK449 NON CONCATENATA L=4500,"YK449 NO-CHAINING L=4,5m COMPLEMENT","COMPLEMENTO YK449 NON CONCATENATA L=4,5m",
6117482472-01,MODIF. PER FUNZION. AUTONOMO YK442,YK442 MODIFY FOR INDEPENDENT OPERATION,MODIFICA PER FUNZIONAMENTO AUTONOMO - YK442,
4319198854-01,MISURA PER YK449 - SOST. INTERMEDIO,MEASUR. SYS FOR YK449-INTERM. SUPPORTER,MISURA PER YK449-SOSTENITORE INTERMEDIO,
4624485177-01,COMPL. RIPARI MISURA TERMINALI,MEASURING SYS TERMINAL GUARDS COMPLEMENT,COMPLEMENTO RIPARI MISURA TERMINALI,
3280368441-01,SOSTENITORE INT. YK442 POSIZIONATO,YK442 POSITIONED INTERMEDIATE SUPPORTER,SOSTENITORE INTERMEDIO POSIZIONATO - YK442,
1690927192-01,MOTORIZZAZIONE TESTATA MOBILE,MOBILE HEAD MOTORIZATION,MOTORIZZAZIONE TESTATA MOBILE,
1803339225-01,SOFFIATURA YK442 PER MOKENIR,YK442 SUCTION AND BLOW SYSTEM X MOKENIR,SOFFIATURA YK442 PER MOKENIR,
3711054403-01,INTEGRAZ. CONC. MOKENIR-YK443,MOKENIR-YK443 CHAINING INTEGRATION,INTEGRAZIONE CONCATENAMENTO MOKENIR-YK443,
4723557730-01,INTEGRAZ. CONC. JB53-YK443,JB53-YK443 CHAINING INTEGRATION,INTEGRAZIONE CONCATENAMENTO JB53-YK443,
8191867121-01,INTEGRAZIONE CONC.UNI MOKENIR-YK443,MOKENIR-YK443 UNIFIED CHAINING INTEGRAT.,INTEGRAZIONE CONCATENAMENTO UNIFICATO MOKENIR-YK443,
1160726805-01,INTEGRAZIONE CONC. UNI JB53-YK443,JB53-YK443 UNIFIED CHAINING INTEGRATION,INTEGRAZIONE CONCATENAMENTO UNIFICATO JB53-YK443,
4073762887-01,SOSTENITORE INT. YK443 POSIZIONATO,YK443 POSITIONED INTERMEDIATE SUPPORTER,SOSTENITORE INTERMEDIO POSIZIONATO - YK443,
3043532527-01,INT. SOSTENITORE MOKENIR,MOKENIR INTERMEDIATE SUPPORT INTEGRATION,INTEGRAZIONE SOSTENITORE - MOKENIR,
8844159686-01,INT. SOSTENITORE JB53,JB53 INTERMEDIATE SUPPORT INTEGRATION,INTEGRAZIONE SOSTENITORE - JB53,
5121426282-01,INT. SOSTENITORE UNI MOKENIR,MOKENIR UNIFIED INTERM.SUPPORT INTEGRAT.,INTEGRAZIONE SOSTENITORE UNIFICATO MOKENIR,
5725144285-01,INT. SOSTENITORE UNI JB53,JB53 UNIFIED INTERM. SUPPORT INTEGRATION,INTEGRAZIONE SOSTENITORE UNIFICATO JB53,
4670586685-01,SOFFIATURA YK443 60HZ,YK443 SUCTION AND BLOW SYSTFG 42Hz,SOFFIATURA 60Hz - YK443,
6184953795-01,ASPIRATORE FRAMMENTI YK443,YK443 DUST EXTRACTOR,ASPIRATORE FRAMMENTI - YK443,
8411442652-01,TUBAZIONI ASPIRAZIONE YK443 L=1500,"YK443 SUCTION PIPING L=1,5m","TUBAZIONI ASPIRAZIONE L=1,5m - YK443",
0170772173-01,TUBAZIONI ASPIRAZIONE YK443 L=3000,YK443 SUCTION PIPING L=3m,TUBAZIONI ASPIRAZIONE L=3m - YK443,
2803405860-01,TUBAZIONI ASPIRAZIONE YK443 L=4500,"YK443 SUCTION PIPING L=4,5m","TUBAZIONI ASPIRAZIONE L=4,5m - YK443",
0295272385-01,ASPIRATORE POLVERI E SOFFIO YK443,YK443 DUST-BLOWER EXTRACTOR,ASPIRATORE POLVERI E SOFFIO - YK443,
8064827607-01,KIT CAMBIO RAPIDO SPAZZOLE,QUICK CHANGE BRUSH KIT,KIT CAMBIO RAPIDO SPAZZOLE,
1747822271-01,ASPIRATORE POLVERI E SOFFIO YK443 460/60,YK443 DUST-BLOWER EXTRACTOR 460V/60Hz,ASPIRATORE POLVERI E SOFFIO - 460V/60Hz - YK443,
1022695253-01,PRED. ASPIRATORE POLVERI E SOFFIO YK443,YK443 DUST-BLOWER EXTRACTOR SET-UP,PREDISPOSIZIONE ASPIRATORE POLVERI E SOFFIO - YK443,
6987039047-01,AUTOTRASF. MULTITENSIONE 22K YK443,YK433 MULTITENSION AUTOTRANSFORMER 22kVA,AUTOTRASFORMATORE MULTITENSIONE 22K - YK443,
4196271931-01,INT. SOSTENITORE INTERMEDIO FY322,FY322 INTERMEDIATE SUPPORT INTEGRATION,INTEGRAZIONE SOSTENITORE INTERMEDIO - FY322,
6667883476-01,COMPL. RIPARI FY322 TERMINALI,FY322 TERMINAL GUARDS COMPLEMENT,COMPLEMENTO RIPARI TERMINALI - FY322,
7264751087-01,P.M.YK442-JK462 1500 220-380/50-60,"MECH. PART YK442-JK462 L=1,5m 50-60Hz","PARTE MECCANICA - YK442-JK462 L=1,5m - 220-380V/50-60Hz",
5834675958-01,P.M.YK442-JK462 1500 415/50,"MECH. PART YK442-JK462 L=1,5m 415V/50Hz","PARTE MECCANICA - YK442-JK462 L=1,5m - 415V/50Hz",
5426000924-01,P.M.YK442-JB52 1500 220-380/50-60,"MECH. PART YK442-JB59 L=1,5m 50-60Hz","PARTE MECCANICA - YK442-JB59 L=1,5m - 220-380V/50-60Hz",
4382126705-01,P.M.YK442-JB52 1500 415/50,"MECH. PART YK442-JB52 L=1,5m 415V/50Hz","PARTE MECCANICA - YK442-JB52 L=1,5m - 415V/50Hz",
5210696974-01,P.M.YK442-JK462 3000 220-380/50-60,MECH. PART YK442-JK462 L=3m 50-60Hz,PARTE MECCANICA - YK442-JK462 L=3m - 220-380V/50-60Hz,
7677038016-01,P.M.YK442-JK462 3000 415/50,MECH. PART YK442-JK462 L=3m 415V/50Hz,PARTE MECCANICA - YK442-JK462 L=3m - 415V/50Hz,
1199081349-01,P.M.YK442-JB52 3000 220-380/50-60,MECH. PART YK442-JB52 L=3m 50-60Hz,PARTE MECCANICA - YK442-JB52 L=3m - 220-380V/50-60Hz,
0599239929-01,P.M.YK442-JB52 3000 415/50,MECH. PART YK442-JB52 L=3m 415V/50Hz,PARTE MECCANICA - YK442-JB52 L=3m - 415V/50Hz,
9777573467-01,P.M.YK442-JK462 4500 220-380/50-60,"MECH. PART YK442-JK462 L=4,5m 50-60Hz","PARTE MECCANICA - YK442-JK462 L=4,5m - 220-380V/50-60Hz",
7070290639-01,P.M.YK442-JK462 4500 415/50,"MECH. PART YK442-JK462 L=4,5m 415V/50Hz","PARTE MECCANICA - YK442-JK462 L=4,5m - 415V/50Hz",
0686959125-01,P.M.YK442-JB52 4500 220-380/50-60,"MECH. PART YK442-JB52 L=4,5m 50-60Hz","PARTE MECCANICA - YK442-JB52 L=4,5m - 220-380V/50-60Hz",
7193937429-01,P.M.YK442-JB52 4500 415/50,"MECH. PART YK442-JB52 L=4,5m 415V/50Hz","PARTE MECCANICA - YK442-JB52 L=4,5m - 415V/50Hz",
9163755675-01,P.M.YK442-JB59 1500 415/50,"MECH. PART YK442-JB59 L=1,5m 415V/50Hz","PARTE MECCANICA - YK442-JB59 L=1,5m - 415V/50Hz",
6057674390-01,P.M.YK442-JB59 3000 220-380/50-60,MECH. PART YK442-JB59 L=3m 50-60Hz,PARTE MECCANICA - YK442-JB59 L=3m - 220-380V/50-60Hz,
5341246249-01,P.M.YK442-JB59 3000 415/50,MECH. PART YK442-JB59 L=3m 415V/50Hz,PARTE MECCANICA - YK442-JB59 L=3m - 415V/50Hz,
6637638717-01,P.M.YK442-JB59 4500 220-380/50-60,"MECH. PART YK442-JB59 L=4,5m 50-60Hz","PARTE MECCANICA - YK442-JB59 L=4,5m - 220-380V/50-60Hz",
9621144478-01,P.M.YK442-JB59 4500 415/50,"MECH. PART YK442-JB59 L=4,5m 415V/50Hz","PARTE MECCANICA - YK442-JB59 L=4,5m - 415V/50Hz",
8761614913-01,P.E.YK442-JK46 1500-3000 220/50-60,"EL.PART YK442-JK46 L=1,5-3m 220V/50-60Hz","PARTE ELETTRICA - YK442-JK46 L=1,5-3m - 220V/50-60Hz",
5360366328-01,P.E.YK442-JK46 1500-3000 380/50,"EL. PART YK442-JK46 L=1,5-3m 380V/50Hz","PARTE ELETTRICA - YK442-JK46 L=1,5-3m - 380V/50Hz",
9250252433-01,P.E.YK442-JK46 1500-3000 415/50,"EL. PART YK442-JK46 L=1,5-3m 415V/50Hz","PARTE ELETTRICA - YK442-JK46 L=1,5-3m - 415V/50Hz",
8290109086-01,P.E.YK442-JB52 1500-3000 220/50-60,"EL.PART YK442-JB52 L=1,5-3m 220V/50-60Hz","PARTE ELETTRICA - YK442-JB52 L=1,5-3m - 220V/50-60Hz",
0761650255-01,P.E.YK442-JB52 1500-3000 380/50,"EL. PART YK442-JB52 L=1,5-3m 380V/50Hz","PARTE ELETTRICA - YK442-JB52 L=1,5-3m - 380V/50Hz",
7892317134-01,P.E.YK442-JB52 1500-3000 415/50,"EL. PART YK442-JB52 L=1,5-3m 415V/50Hz","PARTE ELETTRICA - YK442-JB52 L=1,5-3m - 415V/50Hz",
7929356730-01,P.E.YK442-JK46 4500 220/50-60,"EL. PART YK442-JK46 L=4,5m 220V/50-60Hz","PARTE ELETTRICA - YK442-JK46 L=4,5m - 220V/50-60Hz",
5103398326-01,P.E.YK442-JK46 4500 380/50,"ELECTR. PART YK442-JK46 L=4,5m 380V/50Hz","PARTE ELETTRICA - YK442-JK46 L=4,5m - 380V/50Hz",
6374768437-01,P.E.YK442-JK46 4500 415/50,"ELECTR. PART YK442-JK46 L=4,5m 415V/50Hz","PARTE ELETTRICA - YK442-JK46 L=4,5m - 415V/50Hz",
0269824728-01,P.E.YK442-JB52 4500 220/50-60,"EL. PART YK442-JB52 L=4,5m 220V/50-60Hz","PARTE ELETTRICA - YK442-JB52 L=4,5m - 220V/50-60Hz",
5835427149-01,P.E.YK442-JB52 4500 380/50,"ELECTR. PART YK442-JB52 L=4,5m 380V/50Hz","PARTE ELETTRICA - YK442-JB52 L=4,5m - 380V/50Hz",
7834728601-01,P.E.YK442-JB52 4500 415/50,"ELECTR. PART YK442-JB52 L=4,5m 415V/50Hz","PARTE ELETTRICA - YK442-JB52 L=4,5m - 415V/50Hz",
1776236039-01,P.E.YK442-JB59 1500-3000 220/50-60,"EL.PART YK442-JB59 L=1,5-3m 220V/50-60Hz","PARTE ELETTRICA - YK442-JB59 L=1,5-3m - 220V/50-60Hz",
5824035050-01,P.E.YK442-JB59 1500-3000 380/50,"EL. PART YK442-JB59 L=1,5-3m 380V/50Hz","PARTE ELETTRICA - YK442-JB59 L=1,5-3m - 380V/50Hz",
9298690078-01,P.E.YK442-JB59 1500-3000 415/50,"EL. PART YK442-JB59 L=1,5-3m 415V/50Hz","PARTE ELETTRICA - YK442-JB59 L=1,5-3m - 415V/50Hz",
4620444000-01,P.E.YK442-JB59 4500 220/50-60,"EL. PART YK442-JB59 L=4,5m 220V/50-60Hz","PARTE ELETTRICA - YK442-JB59 L=4,5m - 220V/50-60Hz",
9559089262-01,P.E.YK442-JB59 4500 380/50,"ELECTR. PART YK442-JB59 L=4,5m 380V/50Hz","PARTE ELETTRICA - YK442-JB59 L=4,5m - 380V/50Hz",
3385163810-01,P.E.YK442-JB59 4500 415/50,"ELECTR. PART YK442-JB59 L=4,5m 415V/50Hz","PARTE ELETTRICA - YK442-JB59 L=4,5m - 415V/50Hz",
2939697855-01,YK442 COPL.MACCH.POSIZIONABILE 3000,YK442 POSITIONABLE MACHINE COMPLEM. L=3m,COMPLEMENTO MACCHINA POSIZIONABILE L=3m - YK442,
5471843846-01,TESTA P/B 14V 13-250 M/M V.220/50,"""PB"" 14S HEAD 13-250m/min 220V/50Hz","TESTA ""PB"" 14 VELOCITÀ 13-250m/min - 220V/50Hz",
8656236320-01,TESTA P/B 14V 13-250 M/M V.220/60,"""PB"" 14S HEAD 13-250m/min 220V/60Hz","TESTA ""PB"" 14 VELOCITÀ 13-250m/min - 220V/60Hz",
5309492624-01,TESTA P/B 14V 13-250 M/M V.380/50,"""PB"" 14S HEAD 13-250m/min 380V/50Hz","TESTA ""PB"" 14 VELOCITÀ 13-250m/min - 380V/50Hz",
4346338131-01,TESTA P/B 14V 13-250 M/M V.415/50,"""PB"" 14S HEAD 13-250m/min 415V/50Hz","TESTA ""PB"" 14 VELOCITÀ 13-250m/min - 415V/50Hz",
7785625339-01,TESTA P/A 14V 20-375 M/M V.220/50,"""PA"" 14S HEAD 20-375m/min 220V/50Hz","TESTA ""PA"" 14 VELOCITÀ 20-375m/min - 220V/50Hz",
6283632236-01,TESTA P/A 14V 20-375 M/M V.220/60,"""PA"" 14S HEAD 20-375m/min 220V/60Hz","TESTA ""PA"" 14 VELOCITÀ 20-375m/min - 220V/60Hz",
3069835648-01,TESTA P/A 14V 20-375 M/M V.380/50,"""PA"" 14S HEAD 20-375m/min 380V/50Hz","TESTA ""PA"" 14 VELOCITÀ 20-375m/min - 380V/50Hz",
7141629166-01,TESTA P/A 14V 20-375 M/M V.415/50,"""PA"" 14S HEAD 20-375m/min 415V/50Hz","TESTA ""PA"" 14 VELOCITÀ 20-375m/min - 415V/50Hz",
9565179803-01,TESTA P/B INV. 17-260 G/M V.220/50,"""PB-INVERTER""HEAD 17-260RPM 220V/50-60Hz","TESTA ""PB"" INVERTER 17-260RPM - 220V/50-60Hz",
4841650969-01,TESTA P/B INV. 17-260 G/M V.380/50,"""PB-INVERTER"" HEAD 17-260RPM - 380V/50Hz","TESTA ""PB"" INVERTER 17-260RPM - 380V/50Hz",
0101161181-01,TESTA P/B INV. 17-260 G/M V.415/50,"""PB-INVERTER"" HEAD 17-260RPM - 415V/50Hz","TESTA ""PB"" INVERTER 17-260RPM - 415V/50Hz",
0946311461-01,TESTA P/A INV. 20/400 G/M V.220/50,"""PA-INVERTER""HEAD 20-400RPM 220V/50-60Hz","TESTA ""PA"" INVERTER 20-400RPM - 220V/50-60Hz",
1543838663-01,TESTA P/A INV. 20/400 G/M V.380/50,"""PA-INVERTER"" HEAD 20-400RPM 380V/50Hz","TESTA ""PA"" INVERTER 20-400RPM - 380V/50Hz",
1791984977-01,TESTA P/A INV. 20/400 G/M V.415/50,"""PA-INVERTER"" HEAD 20-400RPM 415V/50Hz","TESTA ""PA"" INVERTER 20-400RPM - 415V/50Hz",
0032866354-01,TESTA P/TI 194 G/MIN V.220/50,"""P/TI"" HEAD 194RPM 220V/50Hz","TESTA ""P/TI"" 194RPM - 220V/50Hz",
4364035444-01,TESTA P/TI 194 G/MIN V.220/60,"""P/TI"" HEAD 194RPM 220V/60Hz","TESTA ""P/TI"" 194RPM - 220V/60Hz",
0669178306-01,TESTA P/TI 194 G/MIN.V.380/50,"""P/TI"" HEAD 194RPM 380V/50Hz","TESTA ""P/TI"" 194RPM - 380V/50Hz",
5616292102-01,TESTA P/TI 194 G/MIN.V.415/50,"""P/TI"" HEAD 194RPM 415V/50Hz","TESTA ""P/TI"" 194RPM - 415V/50Hz",
4243944895-01,TESTA L/1 1V 615 M/M V.220/50,"""L1"" 1S HEAD 615m/min 220V/50Hz","TESTA ""L1"" 1 VELOCITÀ 615m/min - 220V/50Hz",
8183866745-01,TESTA L/1 1V 615 M/M V.220/60,"""L1"" 1S HEAD 615m/min 220V/60Hz","TESTA ""L1"" 1 VELOCITÀ 615m/min - 220V/60Hz",
0460810007-01,TESTA L/1 1V 615 M/M V.380/50,"""L1"" 1S HEAD 615m/min 380V/50Hz","TESTA ""L1"" 1 VELOCITÀ 615m/min - 380V/50Hz",
6411791470-01,TESTA L/1 1V 615 M/M V.415/50,"""L1"" 1S HEAD 615m/min 415V/50Hz","TESTA ""L1"" 1 VELOCITÀ 615m/min - 415V/50Hz",
2885193128-01,TESTA L/2 2V 615-1230 M/M V.220/50,"""L2"" 2S HEAD 615-1230m/min 220V/50Hz","TESTA ""L2"" 2 VELOCITÀ 615-1230m/min - 220V/50Hz",
0510274973-01,TESTA L/2 2V 615-1230 M/M V.220/60,"""L2"" 2S HEAD 615-1230m/min 220V/60Hz","TESTA ""L2"" 2 VELOCITÀ 615-1230m/min - 220V/60Hz",
6296681233-01,TESTA L/2 2V 615-1230 M/M V.380/50,"""L2"" 2S HEAD 615-1230m/min 380V/50Hz","TESTA ""L2"" 2 VELOCITÀ 615-1230m/min - 380V/50Hz",
5719693177-01,TESTA L/2 2V 615-1230 M/M V.415/50,"""L2"" 2S HEAD 615-1230m/min 415V/50Hz","TESTA ""L2"" 2 VELOCITÀ 615-1230m/min - 415V/50Hz",
4232720481-01,TESTA L/I VAR.300-4000 G/M V.220/50,"""L/I"" HEAD 300-4000RPM VARIANT 50-60Hz","VARIANTE TESTA ""L/I"" 300-4000RPM - 220V/50-60Hz",
5479027925-01,TESTA L/I VAR.300-4000 G/M V.220/60,"""L/I"" HEAD 300-4000RPM VARIANT 220V/60Hz","VARIANTE TESTA ""L/I"" 300-4000RPM - 220V/60Hz",
3842047801-01,TESTA L/I VAR.300-4000 G/M V.380/50,"""L/I"" HEAD 300-4000RPM VARIANT 380V/50Hz","VARIANTE TESTA ""L/I"" 300-4000RPM - 380V/50Hz",
3950560243-01,TESTA L/I VAR.300-4000 G/M V.415/50,"""L/I"" HEAD 300-4000RPM VARIANT 415V/50Hz","VARIANTE TESTA ""L/I"" 300-4000RPM - 415V/50Hz",
5376993383-01,TESTA L/W 2V (1050-4000) V.220/50,"""L/W"" 2S HEAD 1050-4000RPM 220V/50Hz","TESTA ""L/W"" 2 VELOCITÀ 1050-4000RPM - 220V/50Hz",
0692491213-01,TESTA L/W 2V (1050-4000) V.220/60,"""L/W"" 2S HEAD 1050-4000RPM 220V/60Hz","TESTA ""L/W"" 2 VELOCITÀ 1050-4000RPM - 220V/60Hz",
4588849884-01,TESTA L/W 2V (1050-4000) V.380/50,"""L/W"" 2S HEAD 1050-4000RPM 380V/50Hz","TESTA ""L/W"" 2 VELOCITÀ 1050-4000RPM - 380V/50Hz",
4281236713-01,TESTA L/W 2V (1050-4000) V.415/50,"""L/W"" 2S HEAD 1050-4000RPM 415V/50Hz","TESTA ""L/W"" 2 VELOCITÀ 1050-4000RPM - 415V/50Hz",
4002723234-01,TESTA L/ISO 2V (1050-4000) V.220/50,"""L/ISO"" 2S HEAD 1050-4000RPM 220V/50Hz","TESTA ""L/ISO"" 2 VELOCITÀ 1050-4000RPM - 220V/50Hz",
1958516730-01,TESTA L/ISO 2V (1050-4000) V.220/60,"""L/ISO"" 2S HEAD 1050-4000RPM 220V/60Hz","TESTA ""L/ISO"" 2 VELOCITÀ 1050-4000RPM - 220V/60Hz",
2587013472-01,TESTA L/ISO 2V (1050-4000) V.380/50,"""L/ISO"" 2S HEAD 1050-4000RPM 380V/50Hz","TESTA ""L/ISO"" 2 VELOCITÀ 1050-4000RPM - 380V/50Hz",
1567037105-01,TESTA L/ISO 2V (1050-4000) V.415/50,"""L/ISO"" 2S HEAD 1050-4000RPM 415V/50Hz","TESTA ""L/ISO"" 2 VELOCITÀ 1050-4000RPM - 415V/50Hz",
6371485599-01,UNITA'OPER.TRASVERSALE V.220/60,CROSS OPERATING UNIT 220V/60Hz,UNITÀ OPERATRICE TRASVERSALE - 220V/60Hz,
5790920856-01,UNITA'OPER.LONGITUDINALE V.220/60,LONGITUDINAL OPERATING UNIT 220V/60Hz,UNITÀ OPERATRICE LONGITUDINALE - 220V/60Hz,
5317833434-01,PREDISPOSIZIONE *U* GF829,"GF829 ""U"" SET-UP","PREDISPOSIZIONE ""U"" - GF829",
9505772493-01,EVACUATORE TRUCIOLI V.220/50,CHIP EXTRACTOR 220V/50Hz,EVACUATORE TRUCIOLI - 220V/50Hz,
3708067292-01,EVACUATORE TRUCIOLI V.220/60,CHIP EXTRACTOR 220V/60Hz,EVACUATORE TRUCIOLI - 220V/60Hz,
6283121272-01,EVACUATORE TRUCIOLI V.380/50,CHIP EXTRACTOR 380V/50Hz,EVACUATORE TRUCIOLI - 380V/50Hz,
8273620533-01,EVACUATORE TRUCIOLI V.415/50,CHIP EXTRACTOR 415V/50Hz,EVACUATORE TRUCIOLI - 415V/50Hz,
7196270682-01,CARICATORE BARRE ZEN.LER.R.3500 V220/50,"LAK. BAR LOADER L=3,5m 220V/50Hz","CARICATORE BARRE GOM L=3,5m - 220V/50Hz",
1864487597-01,CARICATORE BARRE ZEN.LER.R.3500 V220/60,"LAK. BAR LOADER L=3,5m 220V/60Hz","CARICATORE BARRE GOM L=3,5m - 220V/60Hz",
5167439042-01,CARICATORE BARRE ZEN.LER.R.3500 V380/50,"LAK. BAR LOADER L=3,5m 380V/50Hz","CARICATORE BARRE GOM L=3,5m - 380V/50Hz",
0909036932-01,CARICATORE BARRE ZEN.LER.R.3500 V415/50,"LAK. BAR LOADER L=3,5m 415V/50Hz","CARICATORE BARRE GOM L=3,5m - 415V/50Hz",
5563043568-01,SUPPL.REGOLAZ.CAR.BARRE ZEN.LER.R.3500,"R.S.E. LOADER ADJUSTMENT L=3,5m SUPPL.","SUPPLEMENTO REGOLAZIONE CARICATORE BARRE GOM L=3,5m",
9862467984-01,CARICATORE BARRE ZEN.LER.R.4500 V220/50,"LAK. BAR LOADER L=4,5m 220V/50Hz","CARICATORE BARRE GOM L=4,5m - 220V/50Hz",
8115457157-01,CARICATORE BARRE ZEN.LER.R.4500 V220/60,"LAK. BAR LOADER L=4,5m 220V/60Hz","CARICATORE BARRE GOM L=4,5m - 220V/60Hz",
9527898680-01,CARICATORE BARRE ZEN.LER.R.4500 V380/50,"LAK. BAR LOADER L=4,5m 380V/50Hz","CARICATORE BARRE GOM L=4,5m - 380V/50Hz",
0546501720-01,CARICATORE BARRE ZEN.LER.R.4500 V415/50,"LAK. BAR LOADER L=4,5m 415V/50Hz","CARICATORE BARRE GOM L=4,5m - 415V/50Hz",
9109969415-01,CARICATORE BARRE E.3500 V.220/50,"HEXAGONAL BAR LOADER L=3,5m 220V/50Hz","CARICATORE BARRE ESAGONALI L=3,5m - 220V/50Hz",
5104394651-01,CARICATORE BARRE E.3500 V.220/60,"HEXAGONAL BAR LOADER L=3,5m 220V/60Hz","CARICATORE BARRE ESAGONALI L=3,5m - 220V/60Hz",
8724924702-01,CARICATORE BARRE E.3500 V.380/50,"HEXAGONAL BAR LOADER L=3,5m 380V/50Hz","CARICATORE BARRE ESAGONALI L=3,5m - 380V/50Hz",
1249633965-01,CARICATORE BARRE E.3500 V.415/50,"HEXAGONAL BAR LOADER L=3,5m 415V/50Hz","CARICATORE BARRE ESAGONALI L=3,5m - 415V/50Hz",
0421183479-01,CARICATORE BARRE E.4500 V.220/50,"HEXAGONAL BAR LOADER L=4,5m 220V/50Hz","CARICATORE BARRE ESAGONALI L=4,5m - 220V/50Hz",
6197923721-01,CARICATORE BARRE E.4500 V.220/60,"HEXAGONAL BAR LOADER L=4,5m 220V/60Hz","CARICATORE BARRE ESAGONALI L=4,5m - 220V/60Hz",
1438078015-01,CARICATORE BARRE E.4500 V.380/50,"HEXAGONAL BAR LOADER L=4,5m 380V/50Hz","CARICATORE BARRE ESAGONALI L=4,5m - 380V/50Hz",
5604495463-01,CARICATORE BARRE E.4500 V.415/50,"HEXAGONAL BAR LOADER L=4,5m 415V/50Hz","CARICATORE BARRE ESAGONALI L=4,5m - 415V/50Hz",
6463338881-01,CARICATORE BARRE E.6500 V.220/50,"HEXAGONAL BAR LOADER L=6,5m 220V/50Hz","CARICATORE BARRE ESAGONALI L=6,5m - 220V/50Hz",
6966598290-01,CARICATORE BARRE E.6500 V.220/60,"HEXAGONAL BAR LOADER L=6,5m 220V/60Hz","CARICATORE BARRE ESAGONALI L=6,5m - 220V/60Hz",
9289779797-01,CARICATORE BARRE E.6500 V.380/50,"HEXAGONAL BAR LOADER L=6,5m 380V/50Hz","CARICATORE BARRE ESAGONALI L=6,5m - 380V/50Hz",
4240268425-01,CARICATORE BARRE E.6500 V.415/50,"HEXAGONAL BAR LOADER L=6,5m 415V/50Hz","CARICATORE BARRE ESAGONALI L=6,5m - 415V/50Hz",
7180621451-01,CARICATORE PIANO INCL.4000 V.220/50,INCLINED FLAT LOADER L=4m 220V/50Hz,CARICATORE PIANO INCLINATO L=4m - 220V/50Hz,
0466135944-01,CARICATORE PIANO INCL.4000 V.220/60,INCLINED FLAT LOADER L=4m 220V/60Hz,CARICATORE PIANO INCLINATO L=4m - 220V/60Hz,
2478692373-01,CARICATORE PIANO INCL.4000 V.380/50,INCLINED FLAT LOADER L=4m 380V/50Hz,CARICATORE PIANO INCLINATO L=4m - 380V/50Hz,
3507618308-01,CARICATORE PIANO INCL.4000 V.415/50,INCLINED FLAT LOADER L=4m 415V/50Hz,CARICATORE PIANO INCLINATO L=4m - 415V/50Hz,
7722783607-01,CARICATORE PIANO INCL.6000 V.220/50,INCLINED FLAT LOADER L=6m 220V/50Hz,CARICATORE PIANO INCLINATO L=6m - 220V/50Hz,
7458960422-01,CARICATORE PIANO INCL.6000 V.220/60,INCLINED FLAT LOADER L=6m 220V/60Hz,CARICATORE PIANO INCLINATO L=6m - 220V/60Hz,
5715899446-01,CARICATORE PIANO INCL.6000 V.380/50,INCLINED FLAT LOADER L=6m 380V/50Hz,CARICATORE PIANO INCLINATO L=6m - 380V/50Hz,
7601889148-01,CARICATORE PIANO INCL.6000 V.415/50,INCLINED FLAT LOADER L=6m 415V/50Hz,CARICATORE PIANO INCLINATO L=6m - 415V/50Hz,
2876012856-01,CARICATORE PIANO INCL.8000 V.220/50,INCLINED FLAT LOADER L=8m 220V/50Hz,CARICATORE PIANO INCLINATO L=8m - 220V/50Hz,
4406127906-01,CARICATORE PIANO INCL.8000 V.220/60,INCLINED FLAT LOADER L=8m 220V/60Hz,CARICATORE PIANO INCLINATO L=8m - 220V/60Hz,
1678900100-01,CARICATORE PIANO INCL.8000 V.380/50,INCLINED FLAT LOADER L=8m 380V/50Hz,CARICATORE PIANO INCLINATO L=8m - 380V/50Hz,
5037485960-01,CARICATORE PIANO INCL.8000 V.415/50,INCLINED FLAT LOADER L=8m 415V/50Hz,CARICATORE PIANO INCLINATO L=8m - 415V/50Hz,
5838349669-01,CARIC. PIANO INCL. DA 2000 X FIERA,INCLINED FLAT LOADER L=2m FOR FAIR,CARICATORE PIANO INCLINATO L=2m PER FIERA,
7289231637-01,CARICATORE FASCIO L=6500 PER GF829,"GF829 BUNDLE LOADER L=6,5m","CARICATORE ""F"" L=6,5m - GF829",
6346137305-01,CARICATORE *F* 6500 V.220/50,"BUNDLE LOADER L=6,5m 220V/50Hz","CARICATORE ""F"" L=6,5m - 220V/50Hz",
4774616998-01,CARICATORE *F* 6500 V.220/60,"BUNDLE LOADER L=6,5m 220V/60Hz","CARICATORE ""F"" L=6,5m - 220V/60Hz",
9529574900-01,CARICATORE *F* 6500 V.380/50,"BUNDLE LOADER L=6,5m 380V/50Hz","CARICATORE ""F"" L=6,5m - 380V/50Hz",
5557951647-01,CARICATORE *F* 6500 V.415/50,"BUNDLE LOADER L=6,5m 415V/50Hz","CARICATORE ""F"" L=6,5m - 415V/50Hz",
2175018651-01,CARICATORE *F* 8500 V.220/50,"BUNDLE LOADER L=8,5m 220V/50Hz","CARICATORE ""F"" L=8,5m - 220V/50Hz",
8908438962-01,CARICATORE *F* 8500 V.220/60,"BUNDLE LOADER L=8,5m 220V/60Hz","CARICATORE ""F"" L=8,5m - 220V/60Hz",
6533208115-01,CARICATORE *F* 8500 V.380/50,"BUNDLE LOADER L=8,5m 380V/50Hz","CARICATORE ""F"" L=8,5m - 380V/50Hz",
3972629846-01,CARICATORE *F* 8500 V.415/50,"BUNDLE LOADER L=8,5m 415V/50Hz","CARICATORE ""F"" L=8,5m - 415V/50Hz",
5771527657-01,CARICATORE BARRE T.4500 V.220/50,"ROUND BAR LOADER L=4,5m 220V/50Hz","CARICATORE BARRE TONDE L=4,5m - 220V/50Hz",
3511815083-01,CARICATORE BARRE T.4500 V.220/60,"ROUND BAR LOADER L=4,5m 220V/60Hz","CARICATORE BARRE TONDE L=4,5m - 220V/60Hz",
2090464088-01,CARICATORE BARRE T.4500 V.380/50,"ROUND BAR LOADER L=4,5m 380V/50Hz","CARICATORE BARRE TONDE L=4,5m - 380V/50Hz",
5908767608-01,CARICATORE BARRE T.4500 V.415/50,"ROUND BAR LOADER L=4,5m 415V/50Hz","CARICATORE BARRE TONDE L=4,5m - 415V/50Hz",
1639659481-01,CARICATORE BARRE T.6500 V.220/50,"ROUND BAR LOADER L=6,5m 220V/50Hz","CARICATORE BARRE TONDE L=6,5m - 220V/50Hz",
7089546160-01,CARICATORE BARRE T.6500 V.220/60,"ROUND BAR LOADER L=6,5m 220V/60Hz","CARICATORE BARRE TONDE L=6,5m - 220V/60Hz",
2343884044-01,CARICATORE BARRE T.6500 V.380/50,"ROUND BAR LOADER L=6,5m 380V/50Hz","CARICATORE BARRE TONDE L=6,5m - 380V/50Hz",
3062169162-01,CARICATORE BARRE T.6500 V.415/50,"ROUND BAR LOADER L=6,5m 415V/50Hz","CARICATORE BARRE TONDE L=6,5m - 415V/50Hz",
7146345993-01,CARICATORE BARRE T.3500 V.220/50,"ROUND BAR LOADER L=3,5m 220V/50Hz","CARICATORE BARRE TONDE L=3,5m - 220V/50Hz",
6817372358-01,CARICATORE BARRE T.3500 V.220/60,"ROUND BAR LOADER L=3,5m 220V/60Hz","CARICATORE BARRE TONDE L=3,5m - 220V/60Hz",
3847160992-01,CARICATORE BARRE T.3500 V.380/50,"ROUND BAR LOADER L=3,5m 380V/50Hz","CARICATORE BARRE TONDE L=3,5m - 380V/50Hz",
4599340734-01,CARICATORE BARRE T.3500 V.415/50,"ROUND BAR LOADER L=3,5m 415V/50Hz","CARICATORE BARRE TONDE L=3,5m - 415V/50Hz",
5755717353-01,CAR.BARRE TONDE 3500 C.1000 380/50,"R.BAR LOAD. L=3,5m 380V/50Hz CRADLE L=1m","CARICATORE BARRE TONDE L=3,5m CORSA 1000 - 380V/50Hz",
8215363168-01,SERVOBLOCC.IDR.CIL.MORSETTI CARR.,SERVOBLOCKS HYDR.CYLIND. CARRIAGE CLAMPS,SERVOBLOCCAGGI IDRAULICI CILINDRI MORSETTI CARRELLO,
8832327513-01,BLOCCAGGIO MANUALE MORSETTI,MANUAL CLAMPING CLAMPS,BLOCCAGGIO MANUALE MORSETTI,
7510254672-01,CONTROLLO PRESS.MORSA E MORSETTI,CLAMP PRESSURE CONTROL,CONTROLLO PRESSIONE MORSA E MORSETTI,
9846841845-01,RIPARO FONOASSORBENTE PIANALE M,"SOUNDPROOF GUARD BED ""M""","RIPARO FONOASSORBENTE PIANALE ""M""",
8003062567-01,SERIE PRISMI SPECIALI PEZZI CORTI,SPECIAL PRISMS SET SHORT PARTS,SERIE PRISMI SPECIALI PEZZI CORTI,
5293609411-01,DISPOSITIVO RADDRIZZATUBO MACCH.M,"""M"" MACHINE TUBE STRAIGHTENER DEVICE","DISPOSITIVO RADDRIZZATUBO MACCHINA ""M""",
8255049559-01,SUPPL.SERIE PRISMI PEZZI ESAG.CORTI,SET PRISMS SHORT HEXAGON. PARTS SUPPLEM.,SUPPLEMENTO SERIE PRISMI PEZZI ESAGONALI CORTI,
4419471735-01,SUPPL. RULLI CAR. A PER BARRE ESAG.,"""B"" LOADER ROLLERS FOR HEXAGONAL BAR","SUPPLEMENTO RULLI CARICATORE ""A"" PER BARRE ESAGONALI",
2921942135-01,SUPPL. VERS. TAGLIO 2 BARRE L=3500,"CUT VERSION 2 BARS L=3,5m SUPPLEMENT","SUPPLEMENTO VERSIONE TAGLIO 2 BARRE L=3,5m",
0167676562-01,SUPPL. VERS. TAGLIO 2 BARRE L=4500,"CUT VERSION 2 BARS L=4,5m SUPPLEMENT","SUPPLEMENTO VERSIONE TAGLIO 2 BARRE L=4,5m",
9860594354-01,SERIE PRISMI PER VERSIONE 2 BARRE,PRISMS SET FOR 2 BARS VERSION,SERIE PRISMI PER VERSIONE 2 BARRE,
7942047752-01,MODIFICHE 500 M TAGLIO MINIMO 6 MM,GF822M MINIMUM CUT L=6mm MODIFY,GF822M MODIFICA TAGLIO MINIMO 6mm,
5476910554-01,MORSETTO ALIM.A BLOCCAGGIO VERT.,VERTICAL LOCKING FEEDING CLAMP,MORSETTO ALIMENTAZIONE A BLOCCAGGIO VERTICALE,
0531199278-01,MANDRINO CON PINZE UNITA'A FORARE,SPINDLE WITH COLLETS DRILLING UNIT,MANDRINO CON PINZE UNITÀ A FORARE,
9305507004-01,MANDR.CONO MORSE N.1,SPINDLE MORSE TAPER N.1,MANDRINO CONO MORSE N.1,
9090030965-01,TESTINA A DUE FUSI LUNGHI,TWO LONG SPINDLE HEAD,TESTINA A DUE FUSI LUNGHI,
7611596542-01,DISPOS. PER FILETTARE A IMPULSO PN.,PNEUMATIC PULSE THREADING DEVICE,DISPOSITIVO PER FILETTARE A IMPULSO PNEUMATICO,
0185682839-01,DISPOS. PER FILETTARE SENZA PATRONA,THREADING DEVICE WITHOUT CHUCK,DISPOSITIVO PER FILETTARE SENZA PATRONA,
3010311856-01,SUPPL.RIPET. CORSA CARRELLO GF829/M,GF829/M CARRIAGE STROKE REPEAT SUPPLEM.,SUPPLEMENTO RIPETIZIONE CORSA CARRELLO - GF829/M,
8231095960-01,SUPPL.RIP.CORSA CARRELLO GF829/A-TI,GF829/A-TI CARRIAGE STROKE REPEAT SUPPL.,SUPPLEMENTO RIPETIZIONE CORSA CARRELLO - GF829/A-TI,
8217204451-01,FUMARAV PER GF829 TESTA P,GF829 FUMARAV “P” HEAD,"FUMARAV - TESTA ""P"" - GF829",
0578297544-01,FUMARAV PER GF829 TESTA L,GF829 FUMARAV “L” HEAD,"FUMARAV - TESTA ""L"" - GF829",
4994700455-01,LAVAGGIO TRUCIOLI ZONA SCARICO,CHIP WASHING UNLOADING AREA,LAVAGGIO TRUCIOLI ZONA SCARICO,
4641587257-00,VERNICIATURA SPECIALE,SPECIAL PAINT,,
2545676646-01,RULLI AVANZAMENTO TUBI PARETE SOTT.,THIN TUBE FEED ROLLERS,RULLI AVANZAMENTO TUBI PARETE SOTTILE,
9739030770-01,IMP. AUT.LUBRIF. MORSA VERT.E TESTA,AUT. LUBRICAT. SYS VERTICAL CLAMP-HEAD,IMPIANTO AUTOMATICO LUBRIFICAZIONE MORSA VERTICALE E TESTA,
2437485591-01,SUPPL. RIVEST. ANTIABRASIONE RUOTE,WHEEL ANTI-ABRASION COATING SUPPLEMENT,SUPPLEMENTO RIVESTIMENTO ANTIABRASIONE RUOTE,
7666582732-01,DISP. VISUALIZ.DIGITALE CARR. ALIM.,DIGITAL DISPLAY DEVICE FEEDING CARRIAGE,DISPOSITIVO VISUALIZZAZIONE DIGITALE CARRELLO ALIMENTAZIONE,
1789527403-01,SUPPL.CICLO RAPIDO DISCESA TESTA,FAST CYCLE SUPPLEMENT HEAD DESCENT,SUPPLEMENTO CICLO RAPIDO DISCESA TESTA,
9118680940-01,ENCODER CENTESIMALE,CENTESIMAL ENCODER,ENCODER CENTESIMALE,
8607103733-01,DISPOSITIVO RADDRIZZATUBO MACCH.A,"""A"" MACHINE TUBE STRAIGHTENER DEVICE","DISPOSITIVO RADDRIZZATUBO MACCHINA ""A""",
2571001822-01,KIT MODIFICA MOTORE TESTA L GF829,GF829 “L” HEAD MOTOR MODIFY KIT,"KIT MODIFICA MOTORE TESTA ""L"" - GF829",
6919821040-01,SUPPL.REGOLAZ.CAR.PIANO INCL. 4000,INCL.FLAT LOAD. ADJUSTMENT L=4m SUPPLEM.,SUPPLEMENTO REGOLAZIONE CARICATORE PIANO INCLINATO L=4m,
7121974983-01,SUPPL.REGOLAZ.CAR.PIANO INCL. 6000,INCL.FLAT LOAD. ADJUSTMENT L=6m SUPPLEM.,SUPPLEMENTO REGOLAZIONE CARICATORE PIANO INCLINATO L=6m,
3631628734-01,SUPPL.REGOLAZ.CAR.PIANO INCL. 8000,INCL.FLAT LOAD. ADJUSTMENT L=8m SUPPLEM.,SUPPLEMENTO REGOLAZIONE CARICATORE PIANO INCLINATO L=8m,
4131669772-01,SUPPL. REG. CENTR. PROLUNGA A 6-8,CENTR. ADJUSTM. EXTENSION L=6-8m SUPPL.,SUPPLEMENTO REGOLAZIONE CENTRALIZZATA PROLUNGA L=6-8m,
8174597824-01,SUPPL.REGOLAZ.CARICATORE F 6500,"""B"" LOADER ADJUSTMENT L=6,5m SUPPLEM.","SUPPLEMENTO REGOLAZIONE CARICATORE ""F"" L=6,5m",
8597953301-01,SUPPL.REGOLAZ.CARICATORE F 8500,"""B"" LOADER ADJUSTMENT L=8,5m SUPPLEM.","SUPPLEMENTO REGOLAZIONE CARICATORE ""F"" L=8,5m",
7258897263-01,SUPPL.CAR.PIANO INCL.4000 BARRE 70,INCLINED FLAT LOAD. BARS L=4m SUPPLEMENT,SUPPLEMENTO CARICATORE PIANO INCLINATO L=4m BARRE 70,
3861196282-01,SUPPL.CAR.PIANO INCL.6000 BARRE 70,INCLINED FLAT LOAD. BARS L=6m SUPPLEMENT,SUPPLEMENTO CARICATORE PIANO INCLINATO L=6m BARRE 70,
1891042313-01,SUPPL.CAR.PIANO INCL.8000 BARRE 70,INCLINED FLAT LOAD. BARS L=8m SUPPLEMENT,SUPPLEMENTO CARICATORE PIANO INCLINATO L=8m BARRE 70,
2346671858-01,SUPPL.D.6 MM CAR.PIANO INCL.4000,D6 INCLINED FLAT LOADER L=4m SUPPLEMENT,SUPPLEMENTO D6 CARICATORE PIANO INCLINATO L=4m,
2224599668-01,SUPPL.D.6 MM CAR.PIANO INCL.6000,D6 INCLINED FLAT LOADER L=6m SUPPLEMENT,SUPPLEMENTO D6 CARICATORE PIANO INCLINATO L=6m,
8671164720-01,SUPPL.D.6 MM CAR.PIANO INCL.8000,D6 INCLINED FLAT LOADER L=8m SUPPLEMENT,SUPPLEMENTO D6 CARICATORE PIANO INCLINATO L=8m,
9211294577-01,SUPPL. REG. CENTRAL. L=3500 BARRE,"CENTR. ADJUSTM. BAR LOADER L=3,5m SUPPL.","SUPPLEMENTO REGOLAZIONE CENTRALIZZATA L=3,5m BARRE",
3120077232-01,SUPPL. REG. CENTRAL. L=4500 BARRE,"CENTR. ADJUSTM. BAR LOADER L=4,5m SUPPL.","SUPPLEMENTO REGOLAZIONE CENTRALIZZATA L=4,5m BARRE",
2059256077-01,SUPPL. REG. CENTRAL. L=6500 BARRE,"CENTR. ADJUSTM. BAR LOADER L=6,5m SUPPL.","SUPPLEMENTO REGOLAZIONE CENTRALIZZATA L=6,5m BARRE",
6472336295-01,SISTEMA RACC.TRUCIOLI CON VASCA,CHIP COLLECTION SYSTEM WITH TANK,SISTEMA RACCOLTA TRUCIOLI CON VASCA,
3171268917-01,CARICATORE PIANO INC.4000 TI 220/50,INCL.FLAT LOAD. CUT-ETCH. L=4m 220V/50Hz,CARICATORE PIANO INCLINATO L=4m TAGLIO INCISIONE - 220V/50Hz,
7739008996-01,CARICATORE PIANO INC.4000 TI 220/60,INCL.FLAT LOAD. CUT-ETCH. L=4m 220V/60Hz,CARICATORE PIANO INCLINATO L=4m TAGLIO INCISIONE - 220V/60Hz,
3512511264-01,CARICATORE PIANO INC.4000 TI 380/50,INCL.FLAT LOAD. CUT-ETCH. L=4m 380V/50Hz,CARICATORE PIANO INCLINATO L=4m TAGLIO INCISIONE - 380V/50Hz,
4919705698-01,CARICATORE PIANO INC.4000 TI 415/50,INCL.FLAT LOAD. CUT-ETCH. L=4m 415V/50Hz,CARICATORE PIANO INCLINATO L=4m TAGLIO INCISIONE - 415V/50Hz,
9715661867-00,MOD.CAR.FASCIO X TUBI DELIC.L=6500,"""B"" LOADER DELICATE TUBE L=6,5m MODIFY",,
7263708182-00,MOD.CAR.FASCIO PER TUBI SOTT.L=8500,"""B"" LOADER THIN TUBES L=6,5m MODIFY",,
6706367695-01,CARICATORE PIANO INC.6000 TI 220/50,INCL.FLAT LOAD. CUT-ETCH. L=6m 220V/50Hz,CARICATORE PIANO INCLINATO L=6m TAGLIO INCISIONE - 220V/50Hz,
7507830050-01,CARICATORE PIANO INC.6000 TI 220/60,INCL.FLAT LOAD. CUT-ETCH. L=6m 220V/60Hz,CARICATORE PIANO INCLINATO L=6m TAGLIO INCISIONE - 220V/60Hz,
6300487298-01,CARICATORE PIANO INC.6000 TI 380/50,INCL.FLAT LOAD. CUT-ETCH. L=6m 380V/50Hz,CARICATORE PIANO INCLINATO L=6m TAGLIO INCISIONE - 380V/50Hz,
7010986495-01,CARICATORE PIANO INC.6000 TI 415/50,INCL.FLAT LOAD. CUT-ETCH. L=6m 415V/50Hz,CARICATORE PIANO INCLINATO L=6m TAGLIO INCISIONE - 415V/50Hz,
2526412676-01,CARICATORE F TI 6500 V.220/50,"CUT-ETCHING ""B"" LOADER L=6,5m 220V/50Hz","CARICATORE ""F"" TAGLIO INCISIONE L=6,5m - 220V/50Hz",
5227969273-01,CARICATORE F TI 6500 V.220/60,"CUT-ETCHING ""B"" LOADER L=6,5m 220V/60Hz","CARICATORE ""F"" TAGLIO INCISIONE L=6,5m - 220V/60Hz",
8279590695-01,CARICATORE F TI 6500 V.380/50,"CUT-ETCHING ""B"" LOADER L=6,5m 380V/50Hz","CARICATORE ""F"" TAGLIO INCISIONE L=6,5m - 380V/50Hz",
5426260022-01,CARICATORE F TI 6500 V.415/50,"CUT-ETCHING ""B"" LOADER L=6,5m 415V/50Hz","CARICATORE ""F"" TAGLIO INCISIONE L=6,5m - 415V/50Hz",
4526441380-01,PROLUNGA CARICATORE A DA 6 A 8 M.,"""A"" LOADER EXTENSION L=6-8m","PROLUNGA CARICATORE ""A"" L=6-8m",
3422604874-01,CAR.BARRE T.4500 CULLA 1550 V380/50,"R.BAR LOAD.L=4,5m 380V/50Hz CRADLE 1,55m","CARICATORE BARRE TONDE L=4,5m CON CULLA 1550 - 380V/50Hz",
7125032157-01,"MOD. TAGLIO L = 2,5 MM","CUTTING MODULE L=2,5","MODULO TAGLIO L=2,5",
24559709YC-01,GANASCE AVV.GF829/M 10-50,GF829/M WRAP-AROUND JAWS 10-50,GANASCE AVVOLGENTI 10-50 - GF829/M,
77305564MC-01,GANASCE AVV.GF829/M 51-102,GF829/M WRAP-AROUND JAWS 51-102,GANASCE AVVOLGENTI 51-102 - GF829/M,
37094755NT-01,SUPPL.ALBERO LAMA SPEC.TESTA P,"""P"" HEAD SPECIAL BLADE SHAFT SUPPLEMENT","SUPPLEMENTO ALBERO LAMA SPECIALE TESTA ""P""",
4784727146-01,SUPPLEMENTO ALBERO ISO 30 L.70,ISO30 SHAFT L=70mm SUPPLEMENT,SUPPLEMENTO ALBERO ISO30 L=70mm,
20656438ER-01,SUPPL.ALBERO ISO 30,ISO30 SHAFT SUPPLEMENT,SUPPLEMENTO ALBERO ISO30,
62451134JL-01,GANASCE SAGOMATE SU PROF.SPECIALE,SHAPED JAWS ON SPECIAL PROFILE,GANASCE SAGOMATE SU PROFILO SPECIALE,
33847362MG-01,GANASCE SAGOMATE PROF.SP.CON COLL.,SHAPED JAWS SPECIAL PROFILE WITH TESTING,GANASCE SAGOMATE PROFILI SPECIALI CON COLLAUDO,
98647437BS-01,PRISMI SUPER.PER PACCHI DIVERSI,UPPER PRISMS FOR DIFFERENT PACKAGES,PRISMI SUPERIORI PER PACCHI DIVERSI,
81849805NJ-01,SERIE RULLI SCANALATI,GROOVED ROLLER SERIES,SERIE RULLI SCANALATI,
40961940VW-01,GANASCE AVV.GF829/A 10-50,GF829/A WRAP-AROUND JAWS 10-50,GANASCE AVVOLGENTI 10-50 - GF829/A,
27384669AR-01,GANASCE AVV.GF829/A 51-102,GF829/A WRAP-AROUND JAWS 51-102,GANASCE AVVOLGENTI 51-102 - GF829/A,
15043026BR-00,TESTINA SPEC.PER SMUSSATURA,SPECIAL CHAMFERING HEAD,,
0457626846-01,TESTA P INVERTER,"""P-HM INVERTER"" HEAD","TESTA ""P"" INVERTER",
6429340059-01,TESTA L INVERTER,"""L-INVERTER"" HEAD","TESTA ""L"" INVERTER",
6372591650-01,TESTA ALLUMINIO INVERTER,ALUMINUM-INVERTER HEAD,TESTA ALLUMINIO INVERTER,
8821652140-01,TESTA PICCOLE SEZIONI,SMALL SECTIONS HEAD,TESTA PICCOLE SEZIONI,
4583601357-01,"SUPPLEMENTO MOTORE TESTA 7,5 KW","HEAD MOTOR 7,5kW SUPPLEMENT","SUPPLEMENTO MOTORE TESTA 7,5kW",
1199247625-01,TESTA P INVERTER ASSE ELETTRICO,"""P-HM INVERTER"" ELECTRIC AXIS HEAD","TESTA ""P"" INVERTER ASSE ELETTRICO",
5189052613-01,TESTA HM OTTONE,"""HM-BRASS"" HEAD","TESTA ""HM"" OTTONE",
8127918277-01,VASCA TRUCIOLI MANUALE A SECCO,MANUAL DRY CHIP COLLECTION TANK,VASCA RACCOLTA TRUCIOLI MANUALE A SECCO,
4081423796-01,EVAC. TRUCIOLI AUT. SAM-FE 400/50,AUT. BRASS-IRON CHIP EXTRACTOR 400V/50Hz,EVACUATORE TRUCIOLI AUTOMATICO OTTONE-FERRO - 400V/50Hz,
7608740321-01,EVAC. TRUCIOLI AUT. ALU 400/50,AUTOM. ALUMINUM CHIP EXTRACTOR 400V/50Hz,EVACUATORE TRUCIOLI AUTOMATICO ALLUMINIO - 400V/50Hz,
4197101503-01,VASCA TRUCIOLI MANUALE CON POMPA,MANUAL CHIP COLLECTION TANK WITH PUMP,VASCA RACCOLTA TRUCIOLI MANUALE CON POMPA,
8819266681-01,PREDISPOSIZ. ASPIRATORE ALLUMINIO,ALUMINUM SUCTION SET-UP,PREDISPOSIZIONE ASPIRATORE ALLUMINIO,
4303866645-01,ASPIRATORE 4000 MC/H PER ALLUMINIO,4000MC/H SUCTION X ALLUMINIO,ASPIRATORE 4000MC/H PER ALLUMINIO,
1954038056-01,ASP. 4000 MC/H PER ALU + CICLONE,4000MC/H SUCTION X ALUMINUM+CYCLONE,ASPIRATORE 4000MC/H PER ALLUMINIO + CICLONE,
0221628479-01,CARICATORE BARRE 3500 400/50,"ROUND BAR LOADER L=3,5m 400V/50Hz","CARICATORE BARRE TONDE L=3,5m - 400V/50Hz",
2962100490-01,CARICATORE BARRE 4500 400/50,"ROUND BAR LOADER L=4,5m 400V/50Hz","CARICATORE BARRE TONDE L=4,5m - 400V/50Hz",
5829678248-01,CARICATORE BARRE 6500 400/50,"ROUND BAR LOADER L=6,5m 400V/50Hz","CARICATORE BARRE TONDE L=6,5m - 400V/50Hz",
7199357120-01,CARICATORE F TUBO 6500 400/50,"BUNDLE LOADER-TUBE L=6,5m 400V/50Hz","CARICATORE ""F"" TUBO L=6,5m - 400V/50Hz",
1832361375-01,CARICATORE F TUBO 8500 400/50,"X2 BUNDLE LOADER-TUBE L=8,5m 400V/50Hz","CARICATORE ""F"" TUBO L=8,5m - 400V/50Hz",
3338130979-01,CARICATORE A PIANO INCLINATO 4500,"INCLINED FLAT LOADER L=4,5m","CARICATORE A PIANO INCLINATO L=4,5m",
0898338395-01,CARICATORE A PIANO INCLINATO 6500,"INCLINED FLAT LOADER L=6,5m","CARICATORE A PIANO INCLINATO L=6,5m",
3805802600-01,CARICATORE MANUALE A BARRA SINGOLA,SINGLE BAR MANUAL LOADER,CARICATORE MANUALE A BARRA SINGOLA,
7137433746-01,COMPL. GF429/B CAR. BARRE L=3500,"GF429/B BAR LOADER L=3,5m COMPLEMENT","COMPLEMENTO CARICATORE BARRE L=3,5m - GF429/B",
7755940011-01,COMPL. GF429/B CAR. BARRE L=4500,"GF429/B BAR LOADER L=4,5m COMPLEMENT","COMPLEMENTO CARICATORE BARRE L=4,5m - GF429/B",
8661252662-01,COMPL. GF429/B CAR. BARRE L=6500,"GF429/B BAR LOADER L=6,5m COMPLEMENT","COMPLEMENTO CARICATORE BARRE L=6,5m - GF429/B",
1220102566-01,CARICATORE F BITUBO 6500 400/50,"DOUBLE TUBE ""B"" LOADER L=6,5m 400V/50Hz","CARICATORE ""F"" BITUBO L=6,5m - 400V/50Hz",
9972416548-01,PRISMI MORSA TAGLIO 3 BARRE,PRISMS CLAMP CUT 3 BARS,PRISMI MORSA TAGLIO 3 BARRE,
2538565808-01,SUPPL. D.6 SU CARICATORE A 4500,"""A"" LOADER L=4,5m MINIMUM D6 SUPPLEMENT","SUPPLEMENTO D6 SU CARICATORE ""A"" L=4,5m",
9730602286-01,SUPPL. D.6 SU CARICATORE A 6500,"""A"" LOADER L=6,5m MINIMUM D6 SUPPLEMENT","SUPPLEMENTO D6 SU CARICATORE ""A"" L=6,5m",
9115669573-01,SUPPL. Q-R-E PER CAR. BARRE 3500,"R.S.E. BAR LOADER L=3,5m SUPPLEMENT","SUPPLEMENTO QRE CARICATORE BARRE L=3,5m",
3798875849-01,SUPPL. Q-R-E PER CAR. BARRE 4500,"R.S.E. BAR LOADER L=4,5m SUPPLEMENT","SUPPLEMENTO QRE CARICATORE BARRE L=4,5m",
3097385929-01,SUPPL. Q-R-E PER CAR. BARRE 6500,"R.S.E. BAR LOADER L=6,5m SUPPLEMENT","SUPPLEMENTO QRE CARICATORE BARRE L=6,5m",
3026183627-01,DISP. SCARICO PEZZI L.MAX 1000,UNLOAD DEVICE LENGTH MAX L=1m,DISPOSITIVO SCARICO PEZZI LUNGHEZZA MAX L=1m,
6643634209-01,CARICATORE A PASSO 4500 400/50,"STEP-STEP LOADER L=4,5m 400V/50Hz","CARICATORE PASSO-PASSO L=4,5m - 400V/50Hz",
3401430606-01,DISP. TAGLIO SENZA INTESTATURA,CUTTING DEVICE WITHOUT FACING,DISPOSITIVO TAGLIO SENZA INTESTATURA,
9548842586-01,CARICATORE A PASSO 6500 400/50,"STEP-STEP LOADER L=6,5m 400V/50Hz","CARICATORE PASSO-PASSO L=6,5m - 400V/50Hz",
7107422475-01,DISP. RIDUZIONE PRESSIONE MORSETTI,CLAMPS PRESSURE REDUCING DEVICE,DISPOSITIVO RIDUZIONE PRESSIONE MORSETTI,
2569003325-01,MORSA ORIZZONTALE PER PROFILI SAG.,HORIZONTAL CLAMP FOR SHAPED PROFILES,MORSA ORIZZONTALE PER PROFILI SAGOMATI,
8011477409-01,TRASPORTATORE PEZZI LUNGHI,LONG PARTS CONVEYOR,TRASPORTATORE PEZZI LUNGHI,
4436478993-01,DISPOSITIVO RACCOLTA PEZZI LUNGHI,LONG PARTS COLLECTING DEVICE,DISPOSITIVO RACCOLTA PEZZI LUNGHI,
9452808151-01,MORSA SINGOLA,SINGLE CLAMP,MORSA SINGOLA,
7889879013-01,MORSA DOPPIA,DOUBLE CLAMP,MORSA DOPPIA,
9506491707-01,PRISMI BANCO RIBASSATI PER TESTA L,LOWERED BENCH PRISMS FOR “L” HEAD,"PRISMI BANCO RIBASSATI PER TESTA ""L""",
042062187K-01,GANASCE AVVOLGENTI SU MISURA,CUSTOM WRAP-AROUND JAWS,GANASCE AVVOLGENTI SU MISURA,
3076817203-01,SERIE PRISMI BANCO LUNGHI,PRISMS SET LONG BENCH,SERIE PRISMI BANCO LUNGHI,
4079345371-01,SERIE PRISMI MORSA A V,PRISMS SET “V” CLAMP,"SERIE PRISMI MORSA A ""V""",
9673164626-01,SERIE PRISMI PROFILI ESAGONALI,PRISMS SET HEXAGONAL PROFILES,SERIE PRISMI PROFILI ESAGONALI,
078371385F-01,PRISMI SAGOMATI PER MORSA ORIZZONT.,SHAPED PRISMS FOR HORIZONTAL CLAMP,PRISMI SAGOMATI PER MORSA ORIZZONTALE,
594848838C-01,SAGOME CARICATORE A PASSO 4500,"STEP-STEP LOADER TEMPLATE L=4,5m","SAGOME CARICATORE A PASSO L=4,5m",
683585015M-01,SAGOME CARICATORE A PASSO 6500,"STEP-STEP LOADER TEMPLATE L=6,5m","SAGOME CARICATORE A PASSO L=6,5m",
2139626494-01,PRISMI CAR. LUNGHI E BANCO CORTI,PRISM LONG CARRIAGE/SHORT BENCH,PRISMI CARRELLO LUNGHI E BANCO CORTI,
6910327551-01,PRISMI CAR. CORTI E BANCO LUNGHI,PRISM SHORT CARRIAGE-LONG BENCH,PRISMI CARRELLO CORTI E BANCO LUNGHI,
8987592458-01,PRISMI CAR/B LUNGHI E MORSA CORTI,PRISM LONG CARRIAGE/BENCH-SHORT CLAMP,PRISMI CARRELLO E BANCHI LUNGHI E MORSA CORTI,
9275010349-01,PRISMI CAR/B CORTI E MORSA LUNGHI,PRISM SHORT CARRIAGE/BENCH-LONG CLAMP,PRISMI CARRELLO E BANCHI CORTI E MORSA LUNGHI,
8316723841-01,PRISMI MORSA PIANI CORTI,PRISMS CLAMP SHORT PLANES,PRISMI MORSA PIANI CORTI,
3272685739-01,PRISMI MORSA PIANI LUNGHI,PRISMS CLAMP LONG PLANES,PRISMI MORSA PIANI LUNGHI,
9398604534-01,DISP. REGOL. MORSA SU TUBO RETTANG.,CLAMP ADJUSTMENT DEVICE RECTANGULAR TUBE,DISPOSITIVO REGOLAZIONE MORSA SU TUBO RETTANGOLARE,
5265463277-01,DISP. CONTROLLO AUT. AVANZAM. TESTA,AUTOMATIC HEAD FEED CONTROL DEVICE,DISPOSITIVO CONTROLLO AUTOMATICO AVANZAMENTO TESTA,
6617960964-01,FUMARAV UNIVERSALE PER GF429,GF429 UNIVERSAL FUMARAV,FUMARAV UNIVERSALE - GF429,
7892906006-01,MICROLUBRIFICAZIONE ILC PER GF429,"GF429 ""ILC"" MICROLUBRICATION",MICROLUBRIFICAZIONE ILC - GF429,
9199095072-01,IMPIANTO TURBOREFRIGERAZIONE LAMA,SAWBLADE TURBO-COOLING SYSTEM,IMPIANTO TURBOREFRIGERAZIONE LAMA,
6608142003-01,DISPOSITIVO TELEASSISTENZA,TELESERVICE DEVICE,DISPOSITIVO TELEASSISTENZA,
7781633462-01,RIDUZIONE SFRIDO MINIMO,MINIMUM SCRAP REDUCTION,RIDUZIONE SFRIDO MINIMO,
0745205091-01,TESTA L INVERTER ASSE ELETTRICO,"""L-INVERTER"" ELECTRIC AXIS HEAD","TESTA ""L"" INVERTER ASSE ELETTRICO",
3946734339-01,INT. IMPIANTO EMULSIONE,EMULSION SYSTEM INTEGRATION,INTEGRAZIONE IMPIANTO EMULSIONE,
5242361828-01,ASP.4000 MC/H X ALU+CICLONE (1200L),4000MC/H SUCTION X ALUM.+CYCLONE (1200L),ASPIRATORE 4000MC/H PER ALLUMINIO + CICLONE (1200L),
2456771048-01,SERIE PRISMI PROFILI ESAGONALI RAP.,QUICK PRISMS SET HEXAGONAL PROFILES,SERIE PRISMI RAPIDI PROFILI ESAGONALI,
7987654715-01,PRISMI CAR.LUNGHI E BANCO CORTI RAP,QUICK PRISM LONG CARRIAGE/SHORT BENCH,PRISMI RAPIDI CARRELLO LUNGHI E BANCO CORTI,
9475957749-01,PRISMI CAR.CORTI E BANCO LUNGHI RAP,QUICK PRISM SHORT CARRIAGE-LONG BENCH,PRISMI RAPIDI CARRELLO CORTI E BANCO LUNGHI,
5604927188-01,PRISMI CAR/B LUNGHI E MORSA CORTI R,QUICK PRISM LONG CARR./BENCH-SHORT CLAMP,PRISMI RAPIDI CARRELLO E BANCHI LUNGHI E MORSA CORTI,
6722556294-01,PRISMI CAR/B CORTI E MORSA LUNGHI R,QUICK PRISM SHORT CARR./BENCH-LONG CLAMP,PRISMI RAPIDI CARRELLO E BANCHI CORTI E MORSA LUNGHI,
5721767082-01,PRISMI CARRELLO CORTI LISCI RAP.,QUICK PRISM SHORT SMOOTH CARRIAGE,PRISMI RAPIDI CARRELLO CORTI LISCI,
9684367343-01,AUTOTRASF. MULTITENSIONE 38K GF,MULTITENSION AUTOTRANSFORMER 38kVA,AUTOTRASFORMATORE MULTITENSIONE 38KVA,
3127134195-01,GF423 - POMPA EMULS. VE 480V-60HZ,GF423 EMULSION PUMP 480V/60Hz,POMPA EMULSIONE - 480V/60Hz - GF423,
0148984918-01,GF423 - MICROLUBR. OLIO-EMULSIONE,GF423 OIL/EMULSION MICROLUBRICATION,MICROLUBRIFICAZIONE OLIO-EMULSIONE - GF423,
8630659934-01,OPC - UA SEGATRICI,OPC - UA SAWING MACHINE,OPC-UA SEGATRICI,
0351024701-01,IMPORT ODL TRAMITE FILE CSV,IMPORT ODL VIA CSV FILE,IMPORT ODL TRAMITE FILE CSV,
1065076320-01,BASAMENTO MACCHINA NORMALE,NORMAL MACHINE BASE,BASAMENTO MACCHINA NORMALE,
4724698180-01,BASAMENTO MACCHINA PRED.UNITA',MACHINE BASE UNIT SET-UP,BASAMENTO MACCHINA PREDISPOSIZIONE UNITÀ,
3618897708-01,REGOLAZIONE E BLOCC.CIL.ALIMENTAZ.,ADJUSTING AND LOCKING FEEDING CYLINDER,REGOLAZIONE E BLOCCAGGIO CILINDRO ALIMENTAZIONE,
4659224270-01,SQUADRA MORSA BASE,BASIC CLAMP SQUARE,SQUADRA MORSA BASE,
9310891013-01,COLONNA REGOLAZ.TESTA,COLUMN HEAD ADJUSTMENT,COLONNA REGOLAZIONE TESTA,
1437179906-01,ALIMENTAZIONE CON MORSETTI ORIZZ.,FEEDING WITH VERTICAL CLAMPS,ALIMENTAZIONE CON MORSETTI ORIZZONTALI,
4449959096-01,ALIMENTAZIONE CON MORSETTO VERT.,FEEDING WITH HORIZONTAL CLAMPS,ALIMENTAZIONE CON MORSETTI VERTICALI,
2997773627-01,VARIANTE MORSA SENZA REG.PRESSIONE,CLAMP W/O PRESSURE ADJUSTMENT VARIANT,VARIANTE MORSA SENZA REGOLAZIONE PRESSIONE,
9312885306-01,RIPARI E ARMADIO ELETTRICO,GUARDS END ELECTRIC CABINET,RIPARI E ARMADIO ELETTRICO,
6132569451-01,VARIANTE RIPARI MACCH. SENZA UNITA,MACHINE GUARDS WITHOUT UNIT,VARIANTE RIPARI MACCHINA SENZA UNITÀ,
9464129770-01,ENCODER CENTESIMALE CARRELLO GF829,GF829 CENTESIMAL ENCODER CARRIAGE,ENCODER CENTESIMALE CARRELLO - GF829,
1852013368-01,CASSETTO RACCOLTA TRUCIOLI,CHIP COLLECTION DRAWER,CASSETTO RACCOLTA TRUCIOLI,
0847881760-01,SBLOCCAGGIO IDRAULICO MORSETTI,HYDRAULIC UNCLAMPING CLAMPS,SBLOCCAGGIO IDRAULICO MORSETTI,
9333512520-01,VAR.REGOL.PRESSIONE MORSA-MORSETTI,VICE-CLAMP PRESSURE ADJUSTMENT VARIANT,VARIANTE REGOLAZIONE PRESSIONE MORSA-MORSETTI,
7405596934-01,GRUPPO PULIZIA PRISMI MORSETTO VERT,GR. PRISM CLEANING VERTICAL CLAMP,PULIZIA PRISMI MORSETTO VERTICALE,
8190429936-01,COMPL.IMP.IDR.MACCHINA M,"""M"" MACHINE HYDRAULIC SYSTEM COMPLEMENT","COMPLEMENTO IMPIANTO IDRAULICO MACCHINA ""M""",
6002728543-01,COMPL.SQUADRA MACCHINA M,"""M"" MACHINE SQUARE COMPLEMENT",COMPLEMENTO SQUADRA MACCHINA M,
4327042221-01,COMPL.MACCHINA M,“M” MACHINE COMPLEMENT,"COMPLEMENTO MACCHINA ""M""",
5425620288-01,COMPL.IMP.IDR.MACCHINA A,"""A"" MACHINE HYDRAULIC SYSTEM COMPLEMENT","COMPLEMENTO IMPIANTO IDRAULICO MACCHINA ""A""",
9831385655-01,COMPL.SQUADRA MACCHINA A,"""A"" MACHINE SQUARE COMPLEMENT",COMPLEMENTO SQUADRA MACCHINA A,
2887110352-01,COMPL.MACCHINA A,“A” MACHINE COMPLEMENT,"COMPLEMENTO MACCHINA ""A""",
2217127815-01,COMPL.MORSA-SQUADRA TAGLIO D.6,CLAMP-SQUARE CUTTING D6 COMPLEMENT,COMPLEMENTO MORSA-SQUADRA TAGLIO D6,
1856232292-01,EVACUATORE TRUCIOLI GF829,GF829 CHIP EXTRACTOR GF829,EVACUATORE TRUCIOLI - GF829,
4017392172-01,EVACUATORE (UNIFICATO CON 380/50),EXTRACTOR (UNIFED WITH 380V/50Hz),EVACUATORE (UNIFICATO CON 380V/50Hz),
1786201001-01,EVACUATORE TRUC.GF829 220-400/50-60,GF829 CHIP EXTRACTOR 220-400V/50-60Hz,EVACUATORE TRUCIOLI - 220-400V/50-60Hz - GF829,
0901197739-01,EVACUATORE TRUCIOLI GF829 415/50,GF829 CHIP EXTRACTOR 415V/50Hz,EVACUATORE TRUCIOLI - 415V/50Hz - GF829,
5037865993-01,CILINDRO ALIMENTAZIONE,FEEDING CYLINDER,CILINDRO ALIMENTAZIONE,
1301545861-01,CILINDRO BLOCC.REGOLAZIONE,ADJUSTMENT CLAMPING CYLINDER,CILINDRO BLOCCAGGIO REGOLAZIONE,
0786966951-01,CILINDRO TESTA,HEAD CYLINDER,CILINDRO TESTA,
2157604582-01,CILINDRO MORSETTO POSTERIORE,REAR CLAMP CYLINDER,CILINDRO MORSETTO POSTERIORE,
3803594429-01,CILINDRO MORSA ORIZZ.SX GF829,GF829 LEFT HORIZONTAL CLAMP CYLINDER,CILINDRO MORSA ORIZZONTALE SINISTRA - GF829,
2669343323-01,CILINDRO MORSA ORIZZ.DX GF829,GF829 RIGHT HORIZONTAL CLAMP CYLINDER,CILINDRO MORSA ORIZZONTALE DESTRA - GF829,
1247246194-01,CILINDRO MORSETTO ANTERIORE,FRONT CLAMP CYLINDER,CILINDRO MORSETTO ANTERIORE,
4402729954-01,CILINDRO PRESSORE MORSE ORIZZ.,HORIZONTAL CLAMP PRESSER CYLINDER,CILINDRO PRESSORE MORSE ORIZZONTALI,
6722961819-01,CILINDRO MORSETTO VERTICALE,VERTICAL CLAMP CYLINDER,CILINDRO MORSETTO VERTICALE,
5862018503-01,GRUPPO C/LAV.CULLA 1000 BARRE T,CRADLE 1000 ROUND BARS OUTSOURC. ASSEMB.,CONTO LAVORO CULLA 1000 BARRE TONDE,
3459753898-01,GR. C/MONT. CULLA 1000 BARRE ESAG.,CRADLE 1000 HEXAG.BARS OUTSOURC. ASSEMB.,CONTO MONTAGGIO CULLA 1000 BARRE ESAGONALI,
1375852465-01,GRUPPO C/LAV.CULLA 600 BARRE T,CRADLE 600 ROUND BARS OUTSOURC. ASSEMB.,CONTO LAVORO CULLA 600 BARRE TONDE,
4677904026-01,GR. C/MONT. BARRE ZEN.LER.R. 3000,LAK. BARS L=3m OUTSOURCING ASSEMBLY,CONTO MONTAGGIO BARRE GOM L=3m,
5571172231-01,GR. C/MONT. BARRE ZEN.LER.R. 4000,LAK. BARS L=4m OUTSOURCING ASSEMBLY,CONTO MONTAGGIO BARRE GOM L=4m,
4353692118-01,COMPL.IMP.IDR.CARICATORI A - F,"""A/B"" LOADER HYDRAULIC SYSTEM COMPLEMENT","COMPLEMENTO IMPIANTO IDRAULICO CARICATORI ""A-F""",
5619751313-01,COMPL.IMP.IDR.CARICATORE BARRE,BAR LOADER HYDRAULIC COMPLEMENT,COMPLEMENTO IDRAULICO CARICATORE BARRE,
7699941526-01,PIANALE CAR.F L.4000,BUNDLE LOADER BED L=4m,"PIANALE CARICATORE ""F"" L=4m",
1254656950-01,PIANALE CAR.F L.4000 V.220/60,BUNDLE LOADER BED L=4m 220V/60Hz,"PIANALE CARICATORE ""F"" L=4m - 220V/60Hz",
3627408743-01,PIANALE CAR.F L.4000 V.220-380/50,BUNDLE LOADER BED L=4m 220-380V/50Hz,"PIANALE CARICATORE ""F"" L=4m - 220-380V/50Hz",
3755326779-01,PIANALE CAR.F L.4000 V.415/50,BUNDLE LOADER BED L=4m 415V/50Hz,"PIANALE CARICATORE ""F"" L=4m - 415V/50Hz",
5960149845-01,PROLUNGA 2 MT PIANALE CAR.A,"""A"" LOADER BED EXTENSION"" L=2m","PROLUNGA PIANALE CARICATORE ""A"" L=2m",
8186206589-01,PROLUNGA 2 MT PIANALE CAR.F,"BUNDLE LOADER BED EXTENSION"" L=2m","PROLUNGA PIANALE CARICATORE ""F"" L=2m",
3837480638-01,CAVALLETTI PIANALE DI CARICO L4000,LOADING BED STAND L=4m,CAVALLETTI PIANALE DI CARICO L=4m,
5160364231-01,CAVALLETTI PROLUNGA PIANALE 2 MT,BED EXTENSION STAND L=2m,CAVALLETTI PROLUNGA PIANALE L=2m,
9981270954-01,REGOL.CENTRALIZZ.TONDI L.4000,CENTRALIZED ADJUSTMENT ROUND L=4m,REGOLAZIONE CENTRALIZZATA TONDI L=4m,
4925487390-01,REGOL.CENTRAL.PROLUNGA TONDI 2 MT,CENTRALIZ. ADJUSTM. ROUND EXTENSION L=2m,REGOLAZIONE CENTRALIZZATA PROLUNGA TONDI L=2m,
8604183407-01,REGOL.CENTRALIZZATA PIATTI-QUADRI,CENTRALIZED FLAT-SQUARE ADJUSTMENT,REGOLAZIONE CENTRALIZZATA PIATTI-QUADRI,
5305604950-01,REGOL.CENTRALIZZATA PROLUNGA 2MT,CENTRALIZED ADJUSTMENT EXTENSION L=2m,REGOLAZIONE CENTRALIZZATA PROLUNGA L=2m,
4653000693-01,CARICATORE BARRE T.4000,ROUND BAR LOADER L=4m,CARICATORE BARRE TONDE L=4m,
6941716371-01,PIANALE L.4000 X CARICATORE BARRE,PIANALE CARICATORE BARRE L=4m,PIANALE CARICATORE BARRE L=4m,
6622872568-01,PIANALE L.6000 X CARICATORE BARRE,PIANALE CARICATORE BARRE L=6m,PIANALE CARICATORE BARRE L=6m,
5795358660-01,CARICATORE BARRE T.6000,ROUND BAR LOADER L=6m,CARICATORE BARRE TONDE L=6m,
9280682622-01,PIANALE CARIC.BARRE T.6000 220/60,ROUND BAR LOADER BED L=6m 220V/60Hz,PIANALE CARICATORE BARRE TONDE L=6m - 220V/60Hz,
1503716232-01,PIANALE CARIC.B.T.6000 220-380/50,ROUND BAR LOADER BED L=6m 220-380V/50Hz,PIANALE CARICATORE BARRE TONDE L=6m - 220-380V/50Hz,
7300166353-01,PIANALE CARIC.BARRE T.6000 415/50,ROUND BAR LOADER BED L=6m 415V/50Hz,PIANALE CARICATORE BARRE TONDE L=6m - 415V/50Hz,
1274148951-01,CARICATORE BARRE T.3000,ROUND BAR LOADER L=3m,CARICATORE BARRE TONDE L=3m,
3136724321-01,PIANALE CARIC.BARRE T.3000 220/60,ROUND BAR LOADER BED L=3m 220V/60Hz,PIANALE CARICATORE BARRE TONDE L=3m - 220V/60Hz,
8203586311-01,PIANALE CARIC.B.T.3000 220-380/50,ROUND BAR LOADER BED L=3m 220-380V/50Hz,PIANALE CARICATORE BARRE TONDE L=3m - 220-380V/50Hz,
4799375036-01,PIANALE CARIC.BARRE T.3000 415/50,ROUND BAR LOADER BED L=3m 415V/50Hz,PIANALE CARICATORE BARRE TONDE L=3m - 415V/50Hz,
3117782474-01,PIANALE L=3000 X CARICATORE BARRE,PIANALE CARICATORE BARRE L=3m,PIANALE CARICATORE BARRE L=3m,
1807335794-01,PIANALE CAR.A L.4000,"""A"" LOADER BED L=4m","PIANALE CARICATORE ""A"" L=4m",
3186946692-01,PIANALE CAR.A L.4000 V.220/60,"""A"" LOADER BED L=4m 220V/60Hz","PIANALE CARICATORE ""A"" L=4m - 220V/60Hz",
4005651739-01,PIANALE CAR.A L.4000 V.220-380/50,"""A"" LOADER BED L=4m 220-380V/50Hz","PIANALE CARICATORE ""A"" L=4m - 220-380V/50Hz",
2337256043-01,PIANALE CAR.A L.4000 V.415/50,"""A"" LOADER BED L=4m 415V/50Hz","PIANALE CARICATORE ""A"" L=4m - 415V/50Hz",
6431777776-01,COMPL.CAR.PIANO INCL.4000 D.6 MM,INCLINED FLAT LOADER L=4m D6 COMPLEMENT,COMPLEMENTO CARICATORE PIANO INCLINATO L=4m D6,
1973322365-01,COMPL.PROL.PIANO INCL.2000 D.6 MM,CHUTE LOADER L=2m D6 EXTENSION COMPLEM.,COMPLEMENTO PROLUNGA PIANO INCLINATO L=2m D6,
0410631126-01,PIANALE CARIC.BARRE T.4000 220/60,ROUND BAR LOADER BED L=4m 220V/60Hz,PIANALE CARICATORE BARRE TONDE L=4m - 220V/60Hz,
3319979706-01,PIANALE CARIC.B.T.4000 220-380/50,ROUND BAR LOADER BED L=4m 220-380V/50Hz,PIANALE CARICATORE BARRE TONDE L=4m - 220-380V/50Hz,
3612726829-01,PIANALE CARIC.BARRE T.4000 415/50,ROUND BAR LOADER BED L=4m 415V/50Hz,PIANALE CARICATORE BARRE TONDE L=4m - 415V/50Hz,
1885310093-01,TESTA P BASE,"""P"" BASIC HEAD","TESTA ""P"" BASE",
4836395699-01,COMPL.TESTA P/B GAMMA BASSA,"""PB-LOW RANGE"" HEAD COMPLEMENT","COMPLEMENTO TESTA ""PB"" GAMMA BASSA",
9641709098-01,COMPL.TESTA P/B INV.,"""PB"" INVERTER HEAD COMPLEMENT","COMPLEMENTO TESTA ""PB"" INVERTER",
4804656926-01,COMPL.TESTA P/A GAMMA ALTA,"""PA-HIGH RANGE"" HEAD COMPLEMENT","COMPLEMENTO TESTA ""PA"" GAMMA ALTA",
0259318941-01,COMPL.TESTA P/A INV.,"""PA-INVERTER"" HEAD COMPLEMENT","COMPLEMENTO TESTA ""PA"" INVERTER",
7224951306-01,TESTA L BASE,"""L"" BASIC HEAD","TESTA ""L"" BASE",
3976654930-01,COMPL.TESTA L1,"""L1"" HEAD COMPLEMENT","COMPLEMENTO TESTA ""L1""",
4767901839-01,COMPL.TESTA L INV.,"""L-INVERTER"" HEAD COMPLEMENT","COMPLEMENTO TESTA ""L"" INVERTER",
3802643724-01,COMPL.TESTA L2,"""L2"" HEAD COMPLEMENT","COMPLEMENTO TESTA ""L2""",
7925642401-01,COMPL.TESTA L/W,"""L/W"" HEAD COMPLEMENT","COMPLEMENTO TESTA ""L/W""",
2689428498-01,COMPL.TESTA L/ISO,"""L/ISO"" HEAD COMPLEMENT","COMPLEMENTO TESTA ""L/ISO""",
1838647876-01,PRISMI SP.PER SFRIDO CORTO D.10-100,SPECIAL PRISMS FOR SHORT SCRAP D10-100,PRISMI SPECIALI PER SFRIDO CORTO D10-100,
0276979486-01,PRISMI SPEC.SFRIDO CORTO ES.10-50,SPECIAL PRISMS SHORT HEXAGON 10-50,PRISMI SPECIALI SFRIDO CORTO ESAGONO 10-50,
1895451081-01,CARICATORE BARRE E 3000,HEXAGONAL BAR LOADER L=3m,CARICATORE BARRE ESAGONALI L=3m,
7732074148-01,PIANALE CARIC.BARRE E 3000 V220/60,HEXAGONAL BAR LOADER BED L=3m 220V/60Hz,PIANALE CARICATORE BARRE ESAGONALI L=3m - 220V/60Hz,
3440381716-01,PIANALE CARIC.B.E 3000 V220-380/50,HEXAG. BAR LOADER BED L=3m 220-380V/50Hz,PIANALE CARICATORE BARRE ESAGONALI L=3m - 220-380V/50Hz,
2097250000-01,PIANALE CARIC.BARRE E 3000 V415/50,HEXAGONAL BAR LOADER BED L=3m 415V/50Hz,PIANALE CARICATORE BARRE ESAGONALI L=3m - 415V/50Hz,
8315533038-01,PIANALE L.3000 X CARICATORE BARRE E,HEXAGONAL BAR LOADER BED L=3m,PIANALE CARICATORE BARRE ESAGONALI L=3m,
2863428609-01,CARICATORE BARRE E 4000,HEXAGONAL BAR LOADER L=4m,CARICATORE BARRE ESAGONALI L=4m,
9749821513-01,PIANALE CARIC.BARRE E 4000 V220/60,HEXAGONAL BAR LOADER BED L=4m 220V/60Hz,PIANALE CARICATORE BARRE ESAGONALI L=4m - 220V/60Hz,
9641324032-01,PIANALE CARIC.B.E 4000 V220-380/50,HEXAG. BAR LOADER BED L=4m 220-380V/50Hz,PIANALE CARICATORE BARRE ESAGONALI L=4m - 220-380V/50Hz,
6933953551-01,PIANALE CARIC.BARRE E 4000 V415/50,HEXAGONAL BAR LOADER BED L=4m 415V/50Hz,PIANALE CARICATORE BARRE ESAGONALI L=4m - 415V/50Hz,
7734226098-01,PIANALE L.4000 X CARICATORE BARRE E,HEXAGONAL BAR LOADER BED L=4m,PIANALE CARICATORE BARRE ESAGONALI L=4m,
6756957821-01,CARICATORE BARRE E 6000,HEXAGONAL BAR LOADER L=6m,CARICATORE BARRE ESAGONALI L=6m,
9110301234-01,PIANALE CARIC.BARRE E 6000 V220/60,HEXAGONAL BAR LOADER BED L=6m 220V/60Hz,PIANALE CARICATORE BARRE ESAGONALI L=6m - 220V/60Hz,
1470182225-01,PIANALE CARIC.B.E 6000 V220-380/50,HEXAG. BAR LOADER BED L=6m 220-380V/50Hz,PIANALE CARICATORE BARRE ESAGONALI L=6m - 220-380V/50Hz,
8337454825-01,PIANALE CARIC.BARRE E 6000 V415/50,HEXAGONAL BAR LOADER BED L=6m 415V/50Hz,PIANALE CARICATORE BARRE ESAGONALI L=6m - 415V/50Hz,
9927742475-01,PIANALE L.6000 X CARICATORE BARRE E,HEXAGONAL BAR LOADER BED L=6m,PIANALE CARICATORE BARRE ESAGONALI L=6m,
2815938044-01,CAVALLETTI CARICATORE *F* GF829,GF829 BUNDLE LOADER STAND,"CAVALLETTO CARICATORE ""F"" - GF829",
0210233975-01,CAVALLETTI PROL.CARIC.*F* GF829,GF829 BUNDLE LOADER EXTENSION STAND,"CAVALLETTO PROLUNGA CARICATORE ""F"" - GF829",
1298272590-01,GRUPPO C/LAV.STRUTTURA CRF 6500,"""B"" LOAD. STRUCTURE L=6,5m OUTS. ASSEMB.","CONTO LAVORO STRUTTURA CARICATORE ""F"" L=6,5m",
9966229774-01,PROLUNGA 2 MT CARICATORE *F* GF829,GF829 BUNDLE LOADER EXTENSION L=2m,"PROLUNGA CARICATORE ""F"" L=2m - GF829",
6280103680-01,GRUPPO C/LAV.STRUTTURA PROL.8 MT CF,"""B""LOAD.EXTENS.STRUCT. L=8m OUTS. ASSEMB","CONTO LAVORO STRUTTURA PROLUNGA L=8m CARICATORE ""F""",
2991875411-01,CARICATORE BARRE ZEN.LER.R.3000,LAK. BAR LOADER L=3m,CARICATORE BARRE GOM L=3m,
9867719189-01,PIANALE C.BARRE ZEN.LER.R.3000 220/50,LAK. BAR LOADER BED L=3m 220V/50Hz,PIANALE CARICATORE BARRE GOM L=3m - 220V/50Hz,
4175368012-01,PIANALE C.BARRE ZEN.LER.R.3000 220/60,LAK. BAR LOADER BED L=3m 220V/60Hz,PIANALE CARICATORE BARRE GOM L=3m - 220V/60Hz,
1455126761-01,PIANALE C.BARRE ZEN.LER.R.3000 380/50,LAK. BAR LOADER BED L=3m 380V/50Hz,PIANALE CARICATORE BARRE GOM L=3m - 380V/50Hz,
5609881571-01,PIANALE C.BARRE ZEN.LER.R.3000 415/50,LAK. BAR LOADER BED L=3m 415V/50Hz,PIANALE CARICATORE BARRE GOM L=3m - 415V/50Hz,
2614423234-01,PIANALE CAR.BARRE ZEN.LER.R.3000,LAK. BAR LOADER BED L=3m,PIANALE CARICATORE BARRE GOM L=3m,
1222618158-01,CARICATORE BARRE ZEN.LER.R.3000 220/50,LAK. BAR LOADER L=3m 220V/50Hz,CARICATORE BARRE GOM L=3m - 220V/50Hz,
4094532546-01,CARICATORE BARRE ZEN.LER.R.3000 220/60,LAK. BAR LOADER L=3m 220V/60Hz,CARICATORE BARRE GOM L=3m - 220V/60Hz,
7129350921-01,CARICATORE BARRE ZEN.LER.R.3000 380/50,LAK. BAR LOADER L=3m 380V/50Hz,CARICATORE BARRE GOM L=3m - 380V/50Hz,
9074690758-01,CARICATORE BARRE ZEN.LER.R.3000 415/50,LAK. BAR LOADER L=3m 415V/50Hz,CARICATORE BARRE GOM L=3m - 415V/50Hz,
4753720719-01,CARICATORE BARRE T.3000 C.1000,ROUND BAR LOADER L=3m CRADLE L=1m,CARICATORE BARRE TONDE L=3m CULLA 1000,
6338372967-01,CARICATORE BARRE T.4000 CULLA 1550,"ROUND BAR LOADER L=4m CRADLE L=1,55m",CARICATORE BARRE TONDE L=4m CULLA 1550,
9363215009-01,PIANALE C.BARRE ZEN.LER.R.4000 220/50,LAK. BAR LOADER BED L=4m 220V/50Hz,PIANALE CARICATORE BARRE GOM L=4m - 220V/50Hz,
7511236163-01,PIANALE C.BARRE ZEN.LER.R.4000 220/60,LAK. BAR LOADER BED L=4m 220V/60Hz,PIANALE CARICATORE BARRE GOM L=4m - 220V/60Hz,
7940860336-01,PIANALE C.BARRE ZEN.LER.R.4000 380/50,LAK. BAR LOADER BED L=4m 380V/50Hz,PIANALE CARICATORE BARRE GOM L=4m - 380V/50Hz,
5015887733-01,PIANALE C.BARRE ZEN.LER.R.4000 415/50,LAK. BAR LOADER BED L=4m 415V/50Hz,PIANALE CARICATORE BARRE GOM L=4m - 415V/50Hz,
0390324317-01,PIANALE CAR.BARRE ZEN.LER.R.4000,LAK. BAR LOADER BED L=4m,PIANALE CARICATORE BARRE GOM L=4m,
1370191757-01,CARICATORE BARRE ZEN.LER.R.4000 220/50,LAK. BAR LOADER L=4m 220V/50Hz,CARICATORE BARRE GOM L=4m - 220V/50Hz,
9173483965-01,CARICATORE BARRE ZEN.LER.R.4000 220/60,LAK. BAR LOADER L=4m 220V/60Hz,CARICATORE BARRE GOM L=4m - 220V/60Hz,
3183030189-01,CARICATORE BARRE ZEN.LER.R.4000 380/50,LAK. BAR LOADER L=4m 380V/50Hz,CARICATORE BARRE GOM L=4m - 380V/50Hz,
5737196052-01,CARICATORE BARRE ZEN.LER.R.4000 415/50,LAK. BAR LOADER L=4m 415V/50Hz,CARICATORE BARRE GOM L=4m - 415V/50Hz,
9638071381-01,CARICATORE BARRE ZEN.LER.R.4000,LAK. BAR LOADER L=4m,CARICATORE BARRE GOM L=4m,
1709056414-01,RIPARI CE GF829 ZONA SCARICO,GF829 CE GUARDS UNLOADER SIDE,RIPARI CE ZONA SCARICO - GF829,
4060026586-01,RIPARI CE PROLUNGA CARICAT. F 2 MT,BUNDLE LOADER EXTENSION CE GUARDS L=2m,"RIPARI CE PROLUNGA CARICATORE ""F"" L=2m",
2770126523-01,RIPARI CE CARICATORE TIPO A L.4000,"""A"" LOADER CE GUARDS L=4m","RIPARI CE CARICATORE ""A"" L=4m",
6571053505-01,RIPARI CE CARICATORE BARRE L.6000,BAR LOADER CE GUARDS L=6m,RIPARI CE CARICATORE BARRE L=6m,
4985570344-01,RIPARI CE CARICATORE A L.6000,"""A"" LOADER CE GUARDS L=6m","RIPARI CE CARICATORE ""A"" L=6m",
0012164950-01,RIPARI CE CARICATORE BARRE 4000,BAR LOADER CE GUARDS L=4m,RIPARI CE CARICATORE BARRE L=4m,
8682074481-01,RIPARI CE CARIC.BARRE 4000 ESAGONI,HEXAGONAL BAR LOADER CE GUARDS L=4m,RIPARI CE CARICATORE BARRE ESAGONALI L=4m,
1795381079-01,RIPARI C.E. CARICATORE F 6000,BUNDLE LOADER CE GUARDS L=6m,"RIPARI CE CARICATORE ""F"" L=6m",
6567356272-01,RIPARI CE CARIC.BARRE 3000 ESAGONI,HEXAGONAL BAR LOADER CE GUARDS L=3m,RIPARI CE CARICATORE BARRE ESAGONALI L=3m,
8533055063-01,RIPARI CE CARICATORE A L.8000,"""A"" LOADER CE GUARDS L=8m","RIPARI CE CARICATORE ""A"" L=8m",
8860897548-01,GF829 QUADRO ELETTRICO BASE,GF829 BASIC ELECTRIC PANEL,QUADRO ELETTRICO BASE - GF829,
7320104925-01,GF829 VARIANTE QUADRO BASE 220/50,GF829 BASIC EL. PANEL VARIANT 220V/50Hz,VARIANTE QUADRO ELETTRICO BASE - 220V/50Hz - GF829,
6960146139-01,GF829 VARIANTE QUADRO BASE 220/60,GF829 BASIC EL. PANEL VARIANT 220V/60Hz,VARIANTE QUADRO ELETTRICO BASE - 220V/60Hz - GF829,
8143391825-01,GF829 VARIANTE QUADRO E.BASE 380/60,GF829 BASIC EL. PANEL VARIANT 380V/50Hz,VARIANTE QUADRO ELETTRICO BASE - 380V/50Hz - GF829,
5421174772-01,GF829 VARIANTE QUADRO B. 380-415/50,GF829 B. EL. PANEL VARIANT 380-415V/50Hz,VARIANTE QUADRO ELETTRICO BASE - 380-415V/50Hz - GF829,
8249788118-01,GF829 IMPIANTO FINECORSA BASE,GF829 BASIC LIMIT SWITCH SYSTEM,IMPIANTO FINECORSA BASE - GF829,
6444348233-01,GF829 PULSANTIERA BASE,GF829 BASIC CONTROL PANEL,PULSANTIERA BASE - GF829,
0773200448-01,GF829 COMPLEMENTO SALVALAMA,GF829 SAWBLADE GUARD COMPLEMENT,COMPLEMENTO SALVALAMA - GF829,
1989970323-01,GF829 VISUALIZZATORE CARRELLO,GF829 CARRIAGE DISPLAY,VISUALIZZATORE CARRELLO - GF829,
6927331471-01,GF829 COMPL. QUADRO MACCHINA A,"GF829 ""A"" MACHINE ELEC. PANEL COMPLEMENT","COMPLEMENTO QUADRO ELETTRICO MACCHINA ""A"" - GF829",
8675221786-01,GF829 EVACUATORE TRUCIOLI IMP.ELETT,GF829 ELECTRIC SYSTEM CHIP EXTRACTOR,EVACUATORE TRUCIOLI IMPIANTO ELETTRICO - GF829,
3492826557-01,GF829 VAR.EVACUATORE 220/60,EXTRACTOR VARIANT 220V/60Hz,VARIANTE EVACUATORE - 220V/60Hz - GF829,
7941627930-01,GF829 VAR.SCARIC.TRUCCIOLI 380/60,GF829 CHIP UNLOADER VARIANT 380V/60Hz,VARIANTE SCARICO TRUCCIOLI - 380V/60Hz - GF829,
3623564972-01,GF829 VAR.EVACUATORE 380-415/50,EXTRACTOR VARIANT 380-415V/50Hz,VARIANTE EVACUATORE - 380-415V/50Hz - GF829,
9075182717-01,GF829 VAR.TESTA P 220/50-60,"GF829 ""P"" HEAD VARIANT 220V/50-60Hz","VARIANTE TESTA ""P"" - 220V/50-60Hz - GF829",
5480805190-01,GF829 VARIANTE TESTA P 380/60,"GF829 ""P"" HEAD VARIANT 380V/60Hz","VARIANTE TESTA ""P"" - 380V/60Hz - GF829",
6632614418-01,GF829 VAR.TESTA P 380-415/50,"GF829 ""P"" HEAD VARIANT 380V/50Hz","VARIANTE TESTA ""P"" - 380V/50Hz - GF829",
7188788642-01,GF829 VAR.TESTA L1 A 220/50,"GF829 ""L1"" HEAD VARIANT 220V/50Hz","VARIANTE TESTA ""L1"" - 220V/50Hz - GF829",
9968306165-01,GF829 VAR.TESTA L1 A 220/60,"GF829 ""L1"" HEAD VARIANT 220V/60Hz","VARIANTE TESTA ""L1"" - 220V/60Hz - GF829",
5420187313-01,GF829 VARIANTE TESTA L1 380/60,"GF829 ""L1"" HEAD VARIANT 380V/60Hz","VARIANTE TESTA ""L1"" - 380V/60Hz - GF829",
0176155860-01,GF829 VAR.TESTA L1 A 380/50,"GF829 ""L1"" HEAD VARIANT 380V/50Hz","VARIANTE TESTA ""L1"" - 380V/50Hz - GF829",
1465629244-01,GF829 VAR.TESTA L1 A 415/50,"GF829 ""L1"" HEAD VARIANT 415V/50Hz","VARIANTE TESTA ""L1"" - 415V/50Hz - GF829",
2731074783-01,GF829 COMPL.ELETTRICO PIANALE M,"GF829 ""M"" BED ELECTRIC COMPLEMENT","COMPLEMENTO ELETTRICO PIANALE ""M"" - GF829",
3195020755-01,"GF829 VAR. TESTA 7,5KW Y/D V400/50","GF829 HEAD VARIANT 7,5kW Y/D 400V/50Hz","VARIANTE TESTA 7,5kW Y/D - 400V/50Hz - GF829",
4388361680-01,GF829 MOTORE TESTA L1 A 220/60,"GF829 ""L1"" HEAD MOTOR 220V/60H","MOTORE TESTA ""L1"" - 220V/60Hz - GF829",
5452333439-01,GF829 MOTORE TESTA L1 A 220-380/50,"GF829 ""L1"" HEAD MOTOR 220-380V/50H","MOTORE TESTA ""L1"" - 220-380V/50Hz - GF829",
7978273870-01,GF829 MOTORE TESTA L1 A 415/50,"GF829 ""L1"" HEAD MOTOR 415V/50H","MOTORE TESTA ""L1"" - 415V/50Hz - GF829",
4463041711-01,GF829 COMPLEM.TESTA I A 380/50 PE,"""I"" HEAD COMPL.380V/50Hz 480V/60Hz-GF829","COMPLEMENTO TESTA ""I"" A 380V/50Hz PER 480V/60Hz - GF829",
1225399685-01,GF829 COMPL.ELETTRICO TESTA C,GF829 “C” HEAD ELECTRIC COMPLEMENT,"COMPLEMENTO ELETTRICO TESTA ""C"" - GF829",
3454858688-01,GF829 COMPL.QUADRO FASCIO,"GF829 ""B"" LOADER ELECT. PANEL COMPLEMENT",COMPLEMENTO QUADRO ELETTRICO CARICATORE FASCIO - GF829,
0092388904-01,GF829 COMPL.FINECORSA FASCIO,"GF829 ""B"" LOADER LIMIT SWITCH COMPLEMENT","COMPLEMENTO FINECORSA CARICATORE ""F"" - GF829",
2896178483-01,GF829 VARIANTE FASCIO 380/60,GF829 BUNDLE VARIANT 380V/60Hz,VARIANTE FASCIO - 380V/60Hz - GF829,
3867971713-01,GF829 VARIANTE FASCIO 380-415/50,GF829 BUNDLE VARIANT 380-415V/50Hz,VARIANTE FASCIO - 380-415V/50Hz - GF829,
5070797489-01,GF829 VARIANTE A 220/50-60,"GF829 ""A"" VARIANT 220V/50-60Hz",VARIANTE A - 220V/50-60Hz - GF829,
1972088892-01,GF829 VARIANTE A 380/60,"GF829 ""A"" VARIANT 380V/60Hz",VARIANTE A - 380V/60Hz - GF829,
4214533112-01,GF829 VARIANTE A 380-415/50,"GF829 ""A"" VARIANT 380-415V/50Hz",VARIANTE A - 380-415V/50Hz - GF829,
5665626133-01,GF829 COMPL.FINECORSA PIANALE A,GF829 FLATBED LIMIT SWITCH COMPLEMENT,COMPLEMENTO FINECORSA PIANALE - GF829,
1592370137-01,GF829 COMPL.BLOCCAGGI IDRAULICI,GF829 HYDRAULIC CLAMPING COMPLEMENT,COMPLEMENTO BLOCCAGGI IDRAULICI - GF829,
0681760375-01,GF829 COMPL.FC CARICATORE BARRE A,GF829 BAR LOADER LIMIT SWITCH COMPLEMENT,"COMPLEMENTO FINECORSA CARICATORE BARRE ""A"" - GF829",
7873095582-01,GF829 COMPL.FC PIANALE A BARRE,GF829 BARS FLATBED LIMIT SWITCH COMPLEM.,COMPLEMENTO FINECORSA PIANALE BARRE - GF829,
3705015669-01,GF829 COMPL.QUADRO CARICATORE BARRE,GF829 BAR LOADER ELECT. PANEL COMPLEMENT,COMPLEMENTO QUADRO ELETTRICO CARICATORE BARRE - GF829,
6398494439-01,GF829 COMPL.RIPRESE MACCHINA A,GF829 MACHINE “A” RECOVERY COMPLEMENT,"COMPLEMENTO RIPRESE MACCHINA ""A"" - GF829",
6280017611-01,GF829 COMPL.RIPRESE MACCHINA M,GF829 MACHINE “M” RECOVERY COMPLEMENT,"COMPLEMENTO RIPRESE MACCHINA ""M"" - GF829",
4920044856-01,GF829 IMPIANTO ELETTRICO FUMARAV,GF829 FUMARAV ELECTRIC SYSTEM,IMPIANTO ELETTRICO FUMARAV - GF829,
7472121268-01,GF829 COMPL.LAMPADA ARRESTO MACCHIN,GF829 LAMP STOP MACHINE COMPLEMENT,COMPLEMENTO LAMPADA ARRESTO MACCHINA - GF829,
6393457821-01,GF829 KIT INVERSIONE EVACUATORE,GF829 EXTRACTOR REVERSE KIT,KIT INVERSIONE EVACUATORE - GF829,
6026168575-01,GF829 PULSANTIERA SENZA UNITA',GF829 CONTROL PANEL WITHOUT UNIT,PULSANTIERA SENZA UNITÀ - GF829,
7790480686-01,GF829 PULSANTIERA CON UNITA',GF829 CONTROL PANEL WITH UNIT,PULSANTIERA CON UNITÀ - GF829,
6301662066-01,GF829 COMPL.QUADRO PER U.DI FORAT.,GF829 THREADING UNIT EL. PANEL COMPLEM.,COMPLEMENTO QUADRO ELETTRICO PER UNITÀ DI FORATURA - GF829,
0999972826-01,GF829 COMPL.IMP.F.C.UNITA'DI FORAT.,GF829 DRILLING U. LIMIT SWITCH COMPLEM.,COMPLEMENTO FINECORSA UNITÀ DI FORATURA - GF829,
0448304412-01,GF829 PROT.U.DI FORAT. 220/50-60,GF829 THREAD. UNIT PROTECT. 220V/50-60Hz,PROTEZIONE UNITÀ DI FORATURA - 220V/50-60Hz - GF829,
1313156380-01,GF829 PROT.U.DI FORAT.380-415/50,GF829 THREAD. UNIT PROTECT.380-415V/50Hz,PROTEZIONE UNITÀ DI FORATURA - 380-415V/50Hz - GF829,
0042200693-01,GF829 COMPL.QUADRO PER U.FORA-FIL.,GF829 DRILL./THREAD. EL. PANEL COMPLEM.,COMPLEMENTO QUADRO ELETTRICO PER UNITÀ FORA-FILLETTA - GF829,
3823505296-01,GF829 COMPL.IMP.F.C.UNITA'FORA-FIL.,GF829 DRILL./THR. U. LIMIT SWITCH COMPL.,COMPLEMENTO FINECORSA UNITÀ FORA-FILETTA - GF829,
0130515577-01,GF829 PROT.U. FORA-FIL. 220/50-60,GF829 DRIL./THR. PROTECTION 220V/50-60Hz,PROTEZIONE UNITÀ FORA-FILETTA - 220V/50-60Hz - GF829,
5453900390-01,GF829 PROT.U.FORA-FIL.380-415/50,GF829 DRIL./THR. PROTECT. 380-415V/50Hz,PROTEZIONE UNITÀ FORA-FILETTA - 380-415V/50Hz - GF829,
6946692733-01,GF829 MOTORE U. DI FORAT. 220/50,GF829 DRILLING UNIT MOTOR 220V/50H,MOTORE UNITÀ DI FORATURA - 220V/50Hz - GF829,
3999273234-01,GF829 MOTORE U.DI FORAT. 220/60,GF829 DRILLING UNIT MOTOR 220V/60H,MOTORE UNITÀ DI FORATURA - 220V/60Hz - GF829,
0067406569-01,GF829 MOTORE U.DI FORAT.380/50,GF829 DRILLING UNIT MOTOR 380V/50H,MOTORE UNITÀ DI FORATURA - 380V/50Hz - GF829,
5005156877-01,GF829 MOTORE U.DI FORAT. 415/50,GF829 DRILLING UNIT MOTOR 415V/50H,MOTORE UNITÀ DI FORATURA - 415V/50Hz - GF829,
8516092192-01,GF829 MOTORE U. FORA-FIL. 220/50,GF829 DRILL./THREAD. UNIT MOTOR 220V/50H,MOTORE UNITÀ FORA-FILETTA - 220V/50Hz - GF829,
3732598087-01,GF829 MOTORE U.FORA-FIL 220/60,GF829 DRILL./THREAD. UNIT MOTOR 220V/60H,MOTORE UNITÀ FORA-FILETTA - 220V/60Hz - GF829,
0821056003-01,GF829 MOTORE U.FORA-FIL.380/50,GF829 DRILL./THREAD. UNIT MOTOR 380V/50H,MOTORE UNITÀ FORA-FILETTA - 380V/50Hz - GF829,
8670024976-01,GF829 MOTORE U. FORA-FIL. 415/50,GF829 DRILL./THREAD. UNIT MOTOR 415V/50H,MOTORE UNITÀ FORA-FILETTA - 415V/50Hz - GF829,
1594656733-01,GF829 MOTORI POMPE OLIO EMU 220/60,GF829 OIL/EMULSION PUMPS MOTOR 220V/60Hz,MOTORI POMPE OLIO EMULSIONE - 220V/60Hz - GF829,
1754703373-01,GF829 MOT.POMPE OLIO EMU 220-380/50,GF829 OIL/EMULS. PUMPS MOT.220-380V/50Hz,MOTORI POMPE OLIO EMULSIONE - 220-380V/50Hz - GF829,
6737466217-01,GF829 MOTORI POMPE OLIO EMU 415/50,GF829 OIL/EMULSION PUMPS MOTOR 415V/50Hz,MOTORI POMPE OLIO EMULSIONE - 415V/50Hz - GF829,
8933068199-01,GF829 COMPLEM.A 380/50 PER 480/60,GF829 380V/50Hz COMPLEMENT FOR 480V/60Hz,COMPLEMENTO A 380V/50Hz PER 480V/60Hz - GF829,
0267626186-01,GF829 MOTORE RULLO ALIM. 220/60,GF829 FEEDING ROLLER MOTOR 220V/60Hz,MOTORE RULLO ALIMENTAZIONE - 220V/60Hz - GF829,
0990137002-01,GF829 MOTORE RULLO ALIM.220-380/50,GF829 FEEDING ROLLER MOTOR 220-380V/50Hz,MOTORE RULLO ALIMENTAZIONE - 220-380V/50Hz - GF829,
0317995829-01,GF829 MOTORE RULLO ALIM.415/50,GF829 FEEDING ROLLER MOTOR 415V/50Hz,MOTORE RULLO ALIMENTAZIONE - 415V/50Hz - GF829,
1333442101-01,GF829 MOTORE EVACUATORE 220/60,GF829 EXTRACTOR MOTOR 220V/60H,MOTORE EVACUATORE - 220V/60Hz - GF829,
3678094365-01,GF829 MOTORE EVACUATORE 220-380/50,GF829 EXTRACTOR MOTOR 220-380V/50H,MOTORE EVACUATORE - 220-380V/50Hz - GF829,
0777048317-01,GF829 MOTORE EVACUATORE 415/50,GF829 EXTRACTOR MOTOR 415V/50H,MOTORE EVACUATORE - 415V/50Hz - GF829,
2904694281-01,GF829 MOTORE TESTA P 220/50,"GF829 ""P"" HEAD MOTOR 220V/50H","MOTORE TESTA ""P"" - 220V/50Hz - GF829",
1507719608-01,GF829 MOTORE TESTA P 220/60,"GF829 ""P"" HEAD MOTOR 220V/60H","MOTORE TESTA ""P"" - 220V/60Hz - GF829",
2292787310-01,GF829 MOTORE TESTA P 380/60,"GF829 ""P"" HEAD MOTOR 380V/60H","MOTORE TESTA ""P"" - 380V/60Hz - GF829",
9290556868-01,GF829 MOTORE TESTA P 380/50,"GF829 ""P"" HEAD MOTOR 380V/50H","MOTORE TESTA ""P"" - 380V/50Hz - GF829",
2749064394-01,GF829 MOTORE TESTA P 415/50,"GF829 ""P"" HEAD MOTOR 415V/50H","MOTORE TESTA ""P"" - 415V/50Hz - GF829",
3965526182-01,"GF829 MOTORE TESTA INV.5,5KW 380/50","GF829 INVERTER HEAD MOTOR 5,5kW 380V/50H","MOTORE TESTA INVERTER 5,5kW - 380V/50Hz - GF829",
8144293246-01,"GF829 MOTORE TESTA INV.5,5KW 415/50","GF829 INVERTER HEAD MOTOR 5,5kW 415V/50H","MOTORE TESTA INVERTER 5,5kW - 415V/50Hz - GF829",
6341212344-01,GF829 MOTORE TESTA L2/LW/ISO 220/50,"GF829 ""L2/LW/ISO"" HEAD MOTOR 220V/50H","MOTORE TESTA ""L2""/LW/ISO - 220V/50Hz - GF829",
0181583193-01,GF829 MOTORE TESTA L2/LW/ISO 220/60,"GF829 ""L2/LW/ISO"" HEAD MOTOR 220V/60H","MOTORE TESTA ""L2""/LW/ISO - 220V/60Hz - GF829",
3672697503-01,GF829 MOTORE TESTA L2/LW/ISO 380/60,"GF829 ""L2/LW/ISO"" HEAD MOTOR 380V/60H","MOTORE TESTA ""L2""/LW/ISO - 380V/60Hz - GF829",
5022063384-01,GF829 MOTORE TESTA L2/LW/ISO 380/50,"GF829 ""L2/LW/ISO"" HEAD MOTOR 380V/50H","MOTORE TESTA ""L2""/LW/ISO - 380V/50Hz - GF829",
5395437751-01,GF829 MOTORE TESTA L2/LW/ISO 415/50,"GF829 ""L2/LW/ISO"" HEAD MOTOR 415V/50H","MOTORE TESTA ""L2""/LW/ISO - 415V/50Hz - GF829",
4970944813-01,GF829 VAR.TESTA L2/LW/ISO 220/50,"GF829 ""L2/LW/ISO"" HEAD VARIANT 220V/50Hz","VARIANTE TESTA ""L2/LW/ISO"" - 220V/50Hz - GF829",
4112350361-01,GF829 VAR.TESTA L2/LW/ISO 220/60,"GF829 ""L2/LW/ISO"" HEAD VARIANT 220V/60Hz","VARIANTE TESTA ""L2/LW/ISO"" - 220V/60Hz - GF829",
8162160784-01,GF829 VAR.TESTA L2/LW/ISO 380/60,"GF829 ""L2/LW/ISO"" HEAD VARIANT 380V/60Hz","VARIANTE TESTA ""L2/LW/ISO"" - 380V/60Hz - GF829",
7631134586-01,GF829 VAR.TESTA L2/LW/ISO 380/50,"GF829 ""L2/LW/ISO"" HEAD VARIANT 380V/50Hz","VARIANTE TESTA ""L2/LW/ISO"" - 380V/50Hz - GF829",
4931787676-01,"GF829 VAR,TESTA L2/LW/ISO 415/50","GF829 ""L2/LW/ISO"" HEAD VARIANT 415V/50Hz","VARIANTE TESTA ""L2/LW/ISO"" - 415V/50Hz - GF829",
9634444604-01,GF829 VAR.TESTA INVERTER 220 V 50/6,GF829 INVERTER HEAD VARIANT 220V/50-60Hz,VARIANTE TESTA INVERTER - 220V/50Hz-60 - GF829,
5151871454-01,GF829 VAR.TESTA INVERTER 380-415/50,GF829 INVERT. HEAD VARIANT 380-415V/50Hz,VARIANTE TESTA INVERTER - 380-415V/50Hz - GF829,
0075024923-01,GF829 CAR.BARRE GOM COMPL.QUADRO,GF829 LAK LOADER EL. PANEL COMPLEMENT,COMPLEMENTO QUADRO ELETTICO CARICATORE BARRE GOM - GF829,
0581247468-01,GF829 CAR.BARRE GOM VAR. 220/50,GF829 LAK. BARS LOADER 220V/50Hz,VARIANTE CARICATORE BARRE GOM - 220V/50Hz - GF829,
6057077294-01,GF829 CAR.BARRE GOM VAR. 220/60,GF829 LAK. BARS LOADER 220V/60Hz,VARIANTE CARICATORE BARRE GOM - 220V/60Hz - GF829,
2135548016-01,GF829 CAR.BARRE GOM VAR. 380/60,GF829 LAK. BARS LOADER 380V/60Hz,VARIANTE CARICATORE BARRE GOM - 380V/60Hz - GF829,
5106462274-01,GF829 CAR.BARRE GOM VAR. 380-415/50,GF829 LAK. BARS LOADER 380-415V/50Hz,VARIANTE CARICATORE BARRE GOM - 380-415V/50Hz - GF829,
2697290875-01,GF829 CAR.GOM COMPL.F.C.,GF829 LIMIT SWITCH COMPLEM. LAK LOADER,COMPLEMENTO FINECORSA CARICATORE GOM - GF829,
4189011405-01,GF829 MOT.CAR.BARRE GOM 220-380/60,GF829 LAK LOADER MOTOR 220-380V/60Hz,MOTORE CARICATORE BARRE GOM - 220-380V/60Hz - GF829,
1469579745-01,GF829 MOT.CAR.BARRE GOM 220-380/50,GF829 LAK LOADER MOTOR 220-380V/50Hz,MOTORE CARICATORE BARRE GOM - 220-380V/50Hz - GF829,
8321218247-01,GF829 MOT.CAR.BARRE GOM 240-415/50,GF829 LAK LOADER MOTOR 240-415V/50Hz,MOTORE CARICATORE BARRE GOM - 240-415V/50Hz - GF829,
0491710048-01,GF829 M.RULLO AL.CAR.GOM 220-380/60,LAK LOAD.FEED ROLL.MOTOR 220-380V/60Hz,MOTORE RULLO ALIMENTAZIONE CARICATORE GOM - 220-380V/60Hz - GF829,
1151728598-01,GF829 M.RULLO AL.CAR.GOM 220-380/50,LAK LOAD.FEED ROLL.MOTOR 220-380V/50Hz,MOTORE RULLO ALIMENTAZIONE CARICATORE GOM - 220-380V/50Hz - GF829,
8946081672-01,GF829 M.RULLO AL.CAR.GOM 240-415/50,LAK LOAD.FEED ROLL.MOTOR 240-415V/50Hz,MOTORE RULLO ALIMENTAZIONE CARICATORE GOM - 240-415V/50Hz - GF829,
6764230973-01,BASAMENTO UNITA' BASE,BASIC UNIT BASE,BASAMENTO UNITÀ BASE,
0610800722-01,COMPL.BASAMENTO UNITA' TRASVERSALE,CROSS UNIT BASE COMPLEMENT,COMPLEMENTO BASAMENTO UNITÀ TRASVERSALE,
9944104809-01,COMPL.BASAMENTO UNITA' LONGITUD.,LONGITUDINAL UNIT BASE COMPLEMENT,COMPLEMENTO BASAMENTO UNITÀ LONGITUDINALE,
1300462812-01,COMPL.UNITA' DI FORATURA,DRILLING UNIT COMPLEMENT,COMPLEMENTO UNITÀ DI FORATURA,
8690097271-01,DISTRIBUZIONE EMULSIONE CON UNITA',EMULSION DISTRIBUTION WITH UNIT,DISTRIBUZIONE EMULSIONE CON UNITÀ,
5570660263-01,VAR.UNITA' CON PULEGGIA Z 22,UNIT VARIANT WITH PULLEY Z22,VARIANTE UNITÀ CON PULEGGIA Z22,
6756330318-01,VAR.UNITA' CON PULEGGIA Z 40,UNIT VARIANT WITH PULLEY Z40,VARIANTE UNITÀ CON PULEGGIA Z40,
0445401823-01,VAR.UNITA' CON PULEGGIA Z 48,UNIT VARIANT WITH PULLEY Z48,VARIANTE UNITÀ CON PULEGGIA Z48,
9301490682-01,VAR.RIPARI MACCH.CON UNITA' TRASV.,MACHINE GUARDS WITH CROSS UNIT,VARIANTE RIPARI MACCHINA CON UNITÀ TRASVERSALE,
3496064819-01,TESTINA A DUE FUSI L.90,TWO SPINDLE DRILLING HEAD L=90mm,TESTINA A DUE FUSI L=90mm,
2587661692-01,TESTINA A DUE FUSI L.120,TWO SPINDLE DRILLING HEAD L=120mm,TESTINA A DUE FUSI L=120mm,
4623373909-01,MANICOTTO TESTA A DUE FUSI,HEAD SLEEVE 2 SPINDLES,MANICOTTO TESTINA A DUE FUSI,
1026941072-01,COMPL.UNITA'CON MANDRINO ISO 30,UNIT COMPLEMENT WITH ISO30 SPINDLE,COMPLEMENTO UNITÀ CON MANDRINO ISO30,
3307382973-01,COMPL.ALBERO ISO 30 L.70,ISO30 SHAFT L=70mm COMPLEMENT,COMPLEMENTO ALBERO ISO30 L=70mm,
1348720489-01,GRUPPO CICLO RAPIDO DISCESA TESTA,RAPID CYCLE DOWN HEAD,CICLO RAPIDO DISCESA TESTA,
7471168174-01,INSONORIZZAZIONE,SOUNDPROOFING,INSONORIZZAZIONE,
9919048641-01,GF829 COMPL.PER NORME FRANCESI,GF829 FRENCH STANDARDS COMPLEMENT,COMPLEMENTO PER NORME FRANCESI - GF829,
8891377344-01,DOTAZIONE GF829,GF829 EQUIPMENT,DOTAZIONE - GF829,
9369445609-01,DISTRIB.EMULSIONE CON MORSE ORIZZ.,EMULSION DISTRIBUTION WITH HORIZ. CLAMPS,DISTRIBUZIONE EMULSIONE CON MORSE ORIZZONTALI,
5025840901-01,MORSA-SQUADRA MORSE ORIZZONTALI,HORIZONTAL CLAMPS SQUARE,MORSA-SQUADRA MORSE ORIZZONTALI,
7181354482-01,RADRIZZATUBO BASE,BASIC TUBE STRAIGHTENER,RADRIZZATUBO BASE,
2597572847-01,RADDRIZZATUBO TIPO *M*,"""M"" MACHINE TUBE STRAIGHTENER","RADDRIZZATUBO ""M""",
4562214907-01,RADDRIZZATUBO TIPO *A*,"""A"" MACHINE TUBE STRAIGHTENER","RADDRIZZATUBO ""A""",
4714927016-01,RULLI SAGOMATI,SHAPED ROLLERS,RULLI SAGOMATI,
0052280021-01,CIL.MORSETTO VERT.D.55 TAGLIO PACCO,VERTICAL CLAMP CYLINDER D55 - PACK CUT,CILINDRO MORSETTO VERTICALE D55 TAGLIO PACCO,
3243145494-01,VARIANTE MORSETTO VERTICALE,VERTICAL CLAMP VARIANT,VARIANTE MORSETTO VERTICALE,
5897728280-01,PRISMI TAGLIO A PACCO,PACK CUT PRISMS,PRISMI TAGLIO A PACCO,
1539411187-01,PRISMI SUPERIORI TAGLIO A PACCO,UPPER PRISMS PACK CUT,PRISMI SUPERIORI TAGLIO A PACCO,
4756687214-01,GF829 COMPL.TAGLIO INCISIONE,GF829 CUT-ETCHING COMPLEMENT,COMPLEMENTO TAGLIO INCISIONE - GF829,
1991556433-01,SQUADRA MORSA BASE T.I.,BASIC CLAMP SQUARE CUT-ETCHING,SQUADRA MORSA BASE TAGLIO INCISIONE,
8032201691-01,ALIMENTAZIONE CON MORS.ORIZZ.T.I.,FEEDING WITH HORIZONT. CLAMP CUT-ETCHING,ALIMENTAZIONE CON MORSA ORIZZONTALE TAGLIO INCISIONE,
3220190006-01,COMPL.GF829/TI,GF829/TI COMPLEMENT,COMPLEMENTO - GF829/TI,
1266187900-01,SUPPLEMENTO T.INC.D.50-100,CUT-ETCHING D50-100 SUPPLEMENT,SUPPLEMENTO TAGLIO INCISIONE D50-100,
8252756402-01,TESTA P/TI,"""P/TI"" HEAD","TESTA ""P/TI""",
6188532391-01,PIANALE CAR.A L.4000 TI,"CUT-ETCHING ""A"" LOADER BED L=4m","PIANALE CARICATORE ""A"" L=4m TAGLIO INCISIONE",
6149365182-01,PIANALE CAR.A 4000 TI 220/60,"CUT-ETCH. ""A"" LOADER BED L=4m 220V/60Hz","PIANALE CARICATORE ""A"" L=4m TAGLIO INCISIONE - 220V/60Hz",
6961556800-01,PIANALE CAR.A 4000 TI 220-380/50,"CUT-ETCH.""A"" LOAD.BED L=4m 220-380V/50Hz","PIANALE CARICATORE ""A"" L=4m TAGLIO INCISIONE - 220-380V/50Hz",
3536666891-01,PIANALE CAR.A 4000 TI 415/50,"CUT-ETCH. ""A"" LOADER BED L=4m 415V/50Hz","PIANALE CARICATORE ""A"" L=4m TAGLIO INCISIONE - 415V/50Hz",
3628821173-01,PIANALE CAR.F 4000 TI 220/60,"CUT-ETCH. ""B"" LOADER BED L=4m 220V/60Hz","PIANALE CARICATORE ""F"" L=4m TAGLIO INCISIONE - 220V/60Hz",
4192036597-01,PIANALE CAR.F 4000 TI 220-380/50,"CUT-ET.""B"" LOADER BED L=4m 220-380V/50Hz","PIANALE CARICATORE ""F"" L=4m TAGLIO INCISIONE - 220-380V/50Hz",
6050236170-01,PIANALE CAR.F 4000 TI 415/50,"CUT-ETCH. ""B"" LOADER BED L=4m 415V/50Hz","PIANALE CARICATORE ""F"" L=4m TAGLIO INCISIONE - 415V/50Hz",
4652287022-01,COMPL.CARICATORE A TI,"CUT-ETCHING ""A"" LOADER COMPLEMENT","COMPLEMENTO CARICATORE ""A-TI""",
9639329802-01,COMPL.PROLUNGA CARICATORE *A* TI,"CUT-ETCH. ""A"" LOADER EXTENSION COMPLEM.","COMPLEMENTO PROLUNGA CARICATORE ""A-TI""",
1494317203-01,CILINDRO PRESSORE TI,CUT-ETCHING PRESSER CYLINDER,CILINDRO PRESSORE TAGLIO INCISIONE,
4071781225-01,CAVALLETTI PIAN.DI CARICO TI 4000,CUT-ETCHING LOADING BED STAND L=4m,CAVALLETTI PIANALE DI CARICO TAGLIO INCISIONE L=4m,
0798163943-01,PIANALE CAR.F 4000 TI,CUT-ETCHING BUNDLE LOADER BED L=4m,"PIANALE CARICATORE ""F"" L=4m TAGLIO INCISIONE",
0730777944-01,PROLUNGA 2 MT.PIANALE CAR.A TI,"CUT-ETCH. ""A"" LOADER BED EXTENSION"" L=2m","PROLUNGA PIANALE CARICATORE ""A"" L=2m TAGLIO INCISIONE",
2191386136-01,PROLUNGA 2 MT PIANALE CAR.F TI,"CUT-ETCH. ""B"" LOADER BED EXTENSION L=2m","PROLUNGA PIANALE CARICATORE ""F"" L=2m TAGLIO INCISIONE",
6593960116-01,COMPLEMENTI CAR.F TAGLIO INC.L.6000,"CUT-ETCHING ""B"" LOADER L=6m COMPLEMENT","COMPLEMENTO CARICATORE ""F"" TAGLIO INCISIONE L=6m",
0789995531-01,REGOL.CENTRALIZZ.TONDI 4000 TI,CUT-ETCH. CENTRALIZ. ADJUSTM. ROUND L=4m,REGOLAZIONE CENTRALIZZATA TONDI L=4m TAGLIO INCISIONE,
9201072753-01,SUPPLEMENTO DOPPIO RISC.VIS.L.1500,"2° DISPLAYED LOCATOR L=1,5m SUPPLEMENT","SUPPLEMENTO 2° RISCONTRO VISUALIZZATO L=1,5m",
7870874362-01,SUPPLEMENTO DOPPIO RISC.VIS.L.3000,2° DISPLAYED LOCATOR L=3m SUPPLEMENT,SUPPLEMENTO 2° RISCONTRO VISUALIZZATO L=3m,
9875092582-01,SUPPLEMENTO DOPPIO RISC.VIS.L.4500,"2° DISPLAYED LOCATOR L=4,5m SUPPLEMENT","SUPPLEMENTO 2° RISCONTRO VISUALIZZATO L=4,5m",
7658582335-01,SUPPLEMENTO DOPPIO RISC.POS.L.1500,"2° POSITIONED LOCATOR L=1,5m SUPPLEMENT","SUPPLEMENTO 2° RISCONTRO POSIZIONATO L=1,5m",
0788022841-01,SUPPLEMENTO DOPPIO RISC.POS.L.3000,2° POSITIONED LOCATOR L=3m SUPPLEMENT,SUPPLEMENTO 2° RISCONTRO POSIZIONATO L=3m,
3204211429-01,SUPPLEMENTO DOPPIO RISC.POS.L.4500,"2° POSITIONED LOCATOR L=4,5m SUPPLEMENT","SUPPLEMENTO 2° RISCONTRO POSIZIONATO L=4,5m",
5223551881-01,SUPPLEMENTO DOPPIO RISC.BASE L.1500,"BASIC 2° LOCATOR L=1,5m SUPPLEMENT","SUPPLEMENTO 2° RISCONTRO BASE L=1,5m",
9791322773-01,SUPPLEMENTO DOPPIO RISC.BASE L.3000,BASIC 2° LOCATOR L=3m SUPPLEMENT,SUPPLEMENTO 2° RISCONTRO BASE L=3m,
1744622428-01,SUPPLEMENTO DOPPIO RISC.BASE L.4500,"BASIC 2° LOCATOR L=4,5m SUPPLEMENT","SUPPLEMENTO 2° RISCONTRO BASE L=4,5m",
9345929817-01,SUPPLEM. PER VERNICIATURA SPECIALE,SPECIAL PAINT SUPPLEMENT,SUPPLEMENTO VERNICIATURA SPECIALE,
9845818184-01,REGOLAZIONI CENTR.CARICATORE L.6500,"LOADER L=6,5m CENTRAL ADJUSTMENT","REGOLAZIONE CENTRALIZZATA CARICATORE L=6,5m",
4109247741-01,SUPPL.REGOLAZIONI CENTR.CAR.L.8500,"INCLINED LOAD.CENT.ADJUSTM. L=8,5m SUPP.","SUPPLEMENTO REGOLAZIONI CENTRALIZZATE CARICATORE L=8,5m",
3605445598-01,SUPPL.TUBI DELICATI L.6500,"DELICATE TUBE L=6,5m SUPPLEMENT","SUPPLEMENTO TUBI DELICATI L=6,5m",
0277770220-01,SUPPL.TUBI DELICATI L.8500,"DELICATE TUBE L=8,5m SUPPLEMENT","SUPPLEMENTO TUBI DELICATI L=8,5m",
4236679076-01,GAN.PRISM. TUBI SOTT.D.10-24 L.>130,THIN TUBE PRISMATIC JAWS D10-24 L>130,GANASCE PRISMATICHE TUBI SOTTILI D10-24 L>130,
8455623662-01,GAN.PRISM. TUBI SOTT.D.14-34 L.>130,THIN TUBE PRISMATIC JAWS D14-34 L>130,GANASCE PRISMATICHE TUBI SOTTILI D14-34 L>130,
2447684486-01,GANASCE PRISM.TUBI SOTT.D.10-24 L.<,THIN TUBE PRISMATIC JAWS D10-24 L<100mm,GANASCE PRISMATICHE TUBI SOTTILI D10-24 L<100mm,
8230690542-01,GANASCE PRISM.TUBI SOTT.D.14-34 L.<,THIN TUBE PRISMATIC JAWS D14-34 L<100mm,GANASCE PRISMATICHE TUBI SOTTILI D14-34 L<100mm,
7691474524-01,GANASCE PRISM.TUBI SOTT.D.34-85,THIN TUBE PRISMATIC JAWS D34-85,GANASCE PRISMATICHE TUBI SOTTILI D34-85,
8969659209-01,GANASCE PRISM.TUBI SOTT.D.102 E Q.L,THIN TUBE PRISM. JAWS D102-SQUARE L=80mm,GANASCE PRISMATICHE TUBI SOTTILI D102 E QUADRI L=80mm,
5175831336-01,EVACUATORE TRUCIOLI AUT. 220/50,AUTOMATIC CHIP EXTRACTOR 220V/50Hz,EVACUATORE TRUCIOLI AUTOMATICO - 220V/50Hz,
7621494775-01,EVACUATORE TRUCIOLI AUT. 220/60,AUTOMATIC CHIP EXTRACTOR 220V/60Hz,EVACUATORE TRUCIOLI AUTOMATICO - 220V/60Hz,
5615808258-01,EVACUATORE TRUCIOLI AUT. 380/50,AUTOMATIC CHIP EXTRACTOR 380V/50Hz,EVACUATORE TRUCIOLI AUTOMATICO - 380V/50Hz,
4013822493-01,EVACUATORE TRUCIOLI AUT. 415/50,AUTOMATIC CHIP EXTRACTOR 415V/50Hz,EVACUATORE TRUCIOLI AUTOMATICO - 415V/50Hz,
1443192407-01,EVACUATORE SFRIDI L1500 220/50,"SCRAP EXTRACTOR L=1,5m 220V/50Hz","EVACUATORE SFRIDI L=1,5m - 220V/50Hz",
7229844251-01,EVACUATORE SFRIDI L1500 220/60,"SCRAP EXTRACTOR L=1,5m 220V/60Hz","EVACUATORE SFRIDI L=1,5m - 220V/60Hz",
1211235583-01,EVACUATORE SFRIDI L1500 380-415/50,"SCRAP EXTRACTOR L=1,5m 380-415V/50Hz","EVACUATORE SFRIDI L=1,5m - 380-415V/50Hz",
1523017123-01,EVACUATORE SFRIDI L3000 220/50,SCRAP EXTRACTOR L=3m 220V/50Hz,EVACUATORE SFRIDI L=3m - 220V/50Hz,
9921971892-01,EVACUATORE SFRIDI L3000 220/60,SCRAP EXTRACTOR L=3m 220V/60Hz,EVACUATORE SFRIDI L=3m - 220V/60Hz,
1914698167-01,EVACUATORE SFRIDI L3000 380-415/50,SCRAP EXTRACTOR L=3m 380-415V/50Hz,EVACUATORE SFRIDI L=3m - 380-415V/50Hz,
5656056431-01,EVACUATORE SFRIDI L4500 220/50,"SCRAP EXTRACTOR L=4,5m 220V/50Hz","EVACUATORE SFRIDI L=4,5m - 220V/50Hz",
1297895842-01,EVACUATORE SFRIDI L4500 220/60,"SCRAP EXTRACTOR L=4,5m 220V/60Hz","EVACUATORE SFRIDI L=4,5m - 220V/60Hz",
2875684265-01,EVACUATORE SFRIDI L4500 380-415/50,"SCRAP EXTRACTOR L=4,5m 380-415V/50Hz","EVACUATORE SFRIDI L=4,5m - 380-415V/50Hz",
4070082985-01,TESTA OPERATRICE P/A V.220/50,"""PA"" HEAD 220V/50Hz","TESTA ""PA"" - 220V/50Hz",
0572250546-01,TESTA OPERATRICE P/A V.220/60,"""PA"" HEAD 220V/60Hz","TESTA ""PA"" - 220V/60Hz",
9696766184-01,TESTA OPERATRICE P/A V.380/50,"""PA"" HEAD 380V/50Hz","TESTA ""PA"" - 380V/50Hz",
9035485977-01,TESTA OPERATRICE P/A V.415/50,"""PA"" HEAD 415V/50Hz","TESTA ""PA"" - 415V/50Hz",
2643401705-01,TESTA OPERATRICE P/I INV. 220/50-60,"""PI-INVERTER"" HEAD 220V/50-60Hz","TESTA ""PI"" INVERTER - 220V/50-60Hz",
3443720543-01,TESTA OPERATRICE P/I INVERTER,"""PI-INVERTER"" HEAD","TESTA ""PI"" INVERTER",
3207290578-01,MODIF. CARIC. TUBO A SEZ.IRREGOLARE,LOADER IRREGULAR TUBE MODIFY,MODIFICA CARICATORE TUBI IRREGOLARI,
4032789649-01,MODIF. CARIC. TUBO A SUP. PREFORATA,LOADER PRE-DRILLED TUBE MODIFY,MODIFICA CARICATORE TUBI PREFORATI,
6078017790-01,NORME CE X ACC. YK442 INF. DI 1500,CE STANDARDS YK442 ACCESSORY UNDER 1.5m,"NORME CE PER ACCESSORIO YK442 INFERIORE A 1,5m",
3838961083-01,MODIFICA ALIMEN. X '=8 JB59,JB59 FEEDING X'=8 MODIFY,MODIFICA ALIMENTAZIONE X'=8 - JB59,
9597200527-01,FUMARAV PER JB59,JB59 FUMARAV,FUMARAV - JB59,
38625426GP-01,GANASCE AVV.TUBO SOTT.D.10-40,THIN TUBE WRAP-AROUND JAWS D10-40,GANASCE AVVOLGENTI TUBO SOTTILE D10-40,
82424050XM-01,GANASCE AVV.TUBO SOTT.D.>40,THIN TUBE WRAP-AROUND JAWS D>40,GANASCE AVVOLGENTI TUBO SOTTILE D>40,
2712850928-01,INTEGRAZIONE JB53 SCARICO 1500,"JB53 UNLOADER L=1,5m INTEGRATION","INTEGRAZIONE SCARICO L=1,5m - JB53",
3769735245-01,INTEGRAZIONE JB53 SCARICO 3000,JB53 UNLOADER L=3m INTEGRATION,INTEGRAZIONE SCARICO L=3m - JB53,
6736013108-01,INTEGRAZIONE JB53 SCARICO 4500,"JB53 UNLOADER L=4,5m INTEGRATION","INTEGRAZIONE SCARICO L=4,5m - JB53",
7072426578-01,VASCA RACCOLTA TRUCIOLI MANUALE,MANUAL CHIP COLLECTION TANK,VASCA RACCOLTA TRUCIOLI MANUALE,
1966493288-01,EVACUATORE TRUCIOLI AUTOMATICO,AUTOMATIC CHIP EXTRACTOR,EVACUATORE TRUCIOLI AUTOMATICO,
8165566457-01,CARICATORE FASCIO L=6500 7 MONTANTI,"BUNDLE LOADER 7 PILLAR L=6,5m","CARICATORE ""F"" L=6,5m 7 MONTANTI",
1853535791-01,TRASPORTATORE SFRIDI SCARICO 1500,"UNLOADING SCRAP BELT L=1,5m","UNLOADING SCRAP BELT L=1,5m",
9051986371-01,TRASPORTATORE SFRIDI SCARICO 3000,UNLOADING SCRAP BELT L=3m,UNLOADING SCRAP BELT L=3m,
2556597132-01,TRASPORTATORE SFRIDI SCARICO 4500,"UNLOADING SCRAP BELT L=4,5m","UNLOADING SCRAP BELT L=4,5m",
2016835121-01,DISPOSITIVO RAFFREDDAMENTO LAMA,SAWBLADE COOLING DEVICE,DISPOSITIVO RAFFREDDAMENTO LAMA,
2446118722-01,DISP. SOFFIO SCARICO PEZZI TAGLIATI,BLOW DEVICE UNLOADING CUT PIECES,DISPOSITIVO SOFFIO SCARICO PEZZI TAGLIATI,
7258355664-01,GANASCE PRISM.TUBI SOTTILI D.10-24,THIN TUBE PRISMATIC JAWS D10-24,GANASCE PRISMATICHE TUBI SOTTILI D10-24,
1117259980-01,GANASCE PRISM.TUBI SOTTILI D.15-34,THIN TUBE PRISMATIC JAWS D15-34,GANASCE PRISMATICHE TUBI SOTTILI D15-34,
7014812168-01,RETI JB53,FENCES JB53,RETI - JB53,
2436737621-01,RETI JB53-BQ599(P) ANT.,FENCES JB53-BQ599(P) REAR,RETI - JB53-BQ599(P) ANTERIORE,
1519839060-01,RETI JB53-YK449,FENCES JB53-YK449,RETI - JB53-YK449,
6774539753-01,RETI JB53-YK449-BQ599(PONTE),FENCES JB53-YK449-BQ599(P),RETI - JB53-YK449-BQ599(P),
5891141124-01,RETI JB53-YK449-FK493 (BQ599P),FENCES JB53-YK449-FK493-BQ599P,RETI - JB53-YK449-FK493-BQ599P,
6725334943-01,RETI JB53-YK443-FK493 (BQ599P),FENCES JB53-YK443-FK493-BQ599P,RETI - JB53-YK443-FK493-BQ599P,
3548555944-01,RETI JB53-YK449-FY922 (BQ599P),FENCES JB53-YK449-FY922-BQ599P,RETI - JB53-YK449-FY922-BQ599P,
6020052072-01,RETI JB53-YK443-FY322 (BQ599P),FENCES JB53-YK443-FY322-BQ599P,RETI - JB53-YK443-FY322-BQ599P,
0657930406-01,RETI JB53-YK449-FY922-WM (BQ599P),FENCES JB53-YK449-FY922-WM-BQ599P,RETI - JB53-YK449-FY922-WM-BQ599P,
4665005884-01,RETI JB53-YK443-FY322-WM (BQ599P),FENCES JB53-YK443-FY322-WM-BQ599P,RETI - JB53-YK443-FY322-WM-BQ599P,
6906434258-01,RETI JB53-YK449-FY922-BQ922,FENCES JB53-YK449-FY922-BQ922,RETI - JB53-YK449-FY922-BQ922,
5636074669-01,RETI JB53-YK449-BQ922,FENCES JB53-YK449-BQ922,RETI - JB53-YK449-BQ922,
0684474009-01,INT. RETI BQ599(P) POST.,SAFETY GUARDS BQ599P,INTEGRAZIONE RETI - BQ599(P) POSTERIORE,
2999375167-01,JB53 - POMPA EMULS. VE 480V-60HZ,JB53 EMULSION PUMP 480V/60Hz,POMPA EMULSIONE - 480V/60Hz - JB53,
9387576568-01,VEDI 0867600174 CAR. UNIFICATO,SEE 0867600174 UNIFIED LOADER,VEDI 0867600174 CARICATORE UNIFICATO,
2346091912-01,VEDI 5458890952 CAR. UNIFICATO,SEE 5458890952 UNIFIED LOADER,VEDI 5458890952 CARICATORE UNIFICATO,
3283533453-01,VEDI 6418424165 CAR. UNIFICATO,SEE 6418424165 UNIFIED LOADER,VEDI 6418424165 CARICATORE UNIFICATO,
5700958664-01,VEDI 4665759587 CAR. UNIFICATO,SEE 4665759587 UNIFIED LOADER,VEDI 4665759587 CARICATORE UNIFICATO,
8489863761-01,VEDI 3834028834 CAR.UNIFICATO,SEE 3834028834 UNIFIED LOADER,VEDI 3834028834 CARICATORE UNIFICATO,
1643799737-01,VEDI 1440523807 CAR. UNIFICATO,SEE 1440523807 UNIFIED LOADER,VEDI 1440523807 CARICATORE UNIFICATO,
7193631026-01,VEDI 9532504467 CAR. UNIFICATO,SEE 9532504467 UNIFIED LOADER,VEDI 9532504467 CARICATORE UNIFICATO,
1026678131-01,FUMARAV PER JB53,JB53 FUMARAV,FUMARAV - JB53,
4435169063-01,MICROLUBRIFICAZIONE ILC PER JB53,"JB53 ""ILC"" MICROLUBRICATION",MICROLUBRIFICAZIONE ILC - JB53,
8843774294-01,JB53 - MICROLUBR. OLIO-EMULSIONE,JB53 OIL/EMULSION MICROLUBRICATION,MICROLUBRIFICAZIONE OLIO-EMULSIONE - JB53,
81865485GE-01,GANASCE AVVOLGENTI D.10-85,WRAP-AROUND JAWS D10-85,GANASCE AVVOLGENTI D10-85,
91985732HJ-01,GANASCE AVVOLGENTI D.85-102,WRAP-AROUND JAWS D85-102,GANASCE AVVOLGENTI D85-102,
6290203559-01,TESTA P 5.5 KW,"""P"" HEAD 5,5kW","TESTA ""P"" 5,5kW",
3415862063-01,TESTA P 7 KW,"""P"" HEAD 7kW","TESTA ""P"" 7kW",
4339655536-01,ASPIRATORE NEBBIE OLEOSE,OIL MIST EXTRACTOR,ASPIRATORE NEBBIE OLEOSE,
6178217632-01,MARCATRICE A MICROPUNTI 50X17,MICRODOT MARKER 50x17,MARCATRICE A MICROPUNTI 50x17,
2140293126-01,GRUPPO PRESSORE PER TUBI OVALI,OVAL TUBE PRESSER,PRESSORE PER TUBI OVALI,
4948415758-01,RISCONTRO VISUALIZZATO *A*,"""A"" DISPLAYED LOCATOR",RISCONTRO VISUALIZZATO A,
1364350944-01,RISCONTRO VISUALIZZATO *B*,"""B"" DISPLAYED LOCATOR",RISCONTRO VISUALIZZATO B,
7843420545-01,COMPL.RISC.VISUALIZZ.SCARICO 1500,"DISPLAYED LOCATOR UNLOAD. L=1,5m COMPL.","COMPLEMENTO RISCONTRO VISUALIZZATO SCARICO L=1,5m",
8877855500-01,COMPL.RISC.VISUALIZZ.SCARICO 3000,DISPLAYED LOCATOR UNLOAD. L=3m COMPLEM.,COMPLEMENTO RISCONTRO VISUALIZZATO SCARICO L=3m,
6261819361-01,COMPL.RISC.VISUALIZZ.SCARICO 4500,"DISPLAYED LOCATOR UNLOAD. L=4,5m COMPL.","COMPLEMENTO RISCONTRO VISUALIZZATO SCARICO L=4,5m",
7487349895-01,RISCONTRO POSIZIONATO *A*,"""A"" POSITIONED LOCATOR",RISCONTRO POSIZIONATO A,
3889089152-01,RISCONTRO POSIZIONATO *B*,"""B"" POSITIONED LOCATOR",RISCONTRO POSIZIONATO B,
8498175244-01,COMPL.RISC.POSIZ.SCARICO L.1500,"POSITIONED LOCATOR UNLOAD. L=1,5m COMPL.","COMPLEMENTO RISCONTRO POSIZIONATO SCARICO L=1,5m",
9600886447-01,COMPL.RISC.POSIZ.SCARICO L.3000,POSITIONED LOCATOR UNLOAD. L=3m COMPLEM.,COMPLEMENTO RISCONTRO POSIZIONATO SCARICO L=3m,
3366164823-01,COMPL.RISC.POSIZ.SCARICO L.4500,"POSITIONED LOCATOR UNLOAD. L=4,5m COMPL.","COMPLEMENTO RISCONTRO POSIZIONATO SCARICO L=4,5m",
4172557553-01,COMPL.SECONDO RISC.L.1500,"2° LOCATOR L=1,5m COMPLEMENT","COMPLEMENTO 2° RISCONTRO L=1,5m",
3280121719-01,COMPL.SECONDO RISC.L.3000,2° LOCATOR L=3m COMPLEMENT,COMPLEMENTO 2° RISCONTRO L=3m,
8148376186-01,COMPL.SECONDO RISC.L.4500,"2° LOCATOR L=4,5m COMPLEMENT","COMPLEMENTO 2° RISCONTRO L=4,5m",
8830258699-01,EVACUATORE SFRIDI L.1500,"SCRAP EXTRACTOR L=1,5m","EVACUATORE SFRIDI L=1,5m",
7102232775-01,EVACUATORE SFRIDI L.3000,SCRAP EXTRACTOR L=3m,EVACUATORE SFRIDI L=3m,
4714606520-01,EVACUATORE SFRIDI L.4500,"SCRAP EXTRACTOR L=4,5m","EVACUATORE SFRIDI L=4,5m",
2214036648-01,RIPARI CE PROLUNGA CAR.F L.8000,BUNDLE LOADER EXTENSION CE GUARDS L=8m,"RIPARI CE PROLUNGA CARICATORE ""F"" L=8m",
7693098633-01,RIPARI CE MACCHINA JB59,JB59 MACHINE CE GUARDS,RIPARI CE MACCHINA - JB59,
2394128395-01,EVACUATORE TRUCIOLI JB59,JB59 CHIP EXTRACTOR,EVACUATORE TRUCIOLI - JB59,
8048587305-01,EVACUATORE TRUCIOLI JB59 220/60,JB59 CHIP EXTRACTOR 220V/60Hz,EVACUATORE TRUCIOLI - 220V/60Hz - JB59,
7982976143-01,EVACUATORE TRUC.JB59 220-380/50,JB59 CHIP EXTRACTOR 220-380V/60Hz,EVACUATORE TRUCIOLI - 220-380V/60Hz - JB59,
3841485273-01,EVACUATORE TRUCIOLI JB59 415/50,JB59 CHIP EXTRACTOR 415V/60Hz,EVACUATORE TRUCIOLI - 415V/60Hz - JB59,
4570535607-01,COMPL.PER NORME FRANCESI,FRENCH STANDARDS COMPLEMENT,COMPLEMENTO PER NORME FRANCESI,
5098747454-01,CILINDRO RISCONTRO VIS.,DISPLAYED LOCATOR CYLINDER,CILINDRO RISCONTRO VISUALIZZATO,
3738570757-01,CILINDRO SOSTENITORE SCARICO,UNLOADER SUPPORTER CYLINDER,CILINDRO SOSTENITORE SCARICO,
8215017555-01,CILINDRO FERMO MATERIALE,MATERIAL STOP CYLINDER,CILINDRO FERMO MATERIALE,
9392061684-01,COMPL.TESTA OPERATRICE *P/A*,"""PA"" HEAD COMPLEMENT","COMPLEMENTO TESTA OPERATRICE ""PA""",
2657206648-01,CARICATORE *F* V.220/60,BUNDLE LOADER 220V/60Hz,"CARICATORE ""F"" - 220V/60Hz",
8758622756-01,CARICATORE *F* V.220-380-415/50,BUNDLE LOADER 220-380-415V/50Hz,"CARICATORE ""F"" - 220-380-415V/50Hz",
6352598902-01,PROLUNGA DA 8 MT CARICATORE *F*,BUNDLE LOADER EXTENSION L=8m,"PROLUNGA CARICATORE ""F"" L=8m",
2033700315-01,CAVALLETTI CARICATORE *F*,BUNDLE LOADER STAND,"CAVALLETTO CARICATORE ""F""",
1883325339-01,CAVALLETTI PROLUNGA CAR.*F*,BUNDLE LOADER EXTENSION STAND,"CAVALLETTO PROLUNGA CARICATORE ""F""",
5556955412-01,PROLUNGA CAR.*F* 8500 TUBI DELICATI,"""B"" LOADER DELICATE TUBE EXTENS. L=8,5m","PROLUNGA CARICATORE ""F"" TUBO DELICATO L=8,5m",
3341471092-01,CAVALLETTI CARICATORE *F* 7 MONT.,BUNDLE LOADER 7 PILLAR STAND,"CAVALLETTO CARICATORE ""F"" 7 MONTANTI",
6704001522-01,MOD.ALIM.D.6 + STROZZ.LEVA CARICO,FEEDING MODULE D6 + LOADING LEVER CHOKE,MODULO ALIMENTAZIONE D6 + STROZZATORE LEVA CARICO,
6776569434-01,INTEGRAZ.REGOL.CENTRALIZZ.CARIC./F,"""B"" LOADER ENTRAL ADJUSTMENT INTEGRATION","INTEGRAZIONE REGOLAZIONE CENTRALIZZATA CARICATORE ""F""",
3760362738-01,GANASCE TUBI SOTT.D.10-24 L>100,THIN TUBE JAWS D10-24 L>100mm,GANASCE TUBI SOTTILI D10-24 L>100mm,
5480395408-01,GANASCE TUBI SOTT.D.14-34 L>100,THIN TUBE JAWS D14-34 L>100mm,GANASCE TUBI SOTTILI D14-34 L>100mm,
8039294649-01,GANASCE TUBI SOTT.D.10-24 L<100,THIN TUBE JAWS D10-24 L<100mm,GANASCE TUBI SOTTILI D10-24 L<100mm,
9582417514-01,GANASCE TUBI SOTT.D.14-34 L<100,THIN TUBE JAWS D14-34 L<100mm,GANASCE TUBI SOTTILI D14-34 L<100mm,
6671749319-01,GANASCE TUBI SOTT.D.34-85,THIN TUBE JAWS D34-85,GANASCE TUBI SOTTILI D34-85,
4599365478-01,GANASCE TUBI SOTT.D.102 Q.L.80,THIN TUBE JAWS D102-SQUARE L=80mm,GANASCE TUBI SOTTILI D102 QUADRI L=80mm,
2247358089-01,JB59-B BANCO MACCHINA,JB59/B MACHINE BENCH,BANCO MACCHINA - JB59-B,
9526044797-01,JB59-B GRUPPO ALIMENTAZIONE,JB59/B FEEDING,ALIMENTAZIONE - JB59-B,
9932050679-01,JB59-B PRIMO RISCONTRO,JB59/B 1° LOCATOR,1° RISCONTRO - JB59-B,
9499702272-01,JB59-B SECONDO RISCONTRO,JB59/B 2° LOCATOR,2° RISCONTRO - JB59-B,
9962872802-01,JB59-B BASAMENTO L.1500,"JB59/B BASE L=1,5m","BASAMENTO L=1,5m - JB59-B",
3809243671-01,JB59-B BASAMENTO L.3000,JB59/B BASE L=3m,BASAMENTO L=3m - JB59-B,
4780716351-01,JB59-B BASAMENTO L.4500,"JB59/B BASE L=4,5m","BASAMENTO L=4,5m - JB59-B",
1351731504-01,JB59-B COMPL.RISCONTRO L.1500,"JB59/B LOCATOR L=1,5m COMPLEMENT","COMPLEMENTO RISCONTRO L=1,5m - JB59-B",
6616501195-01,JB59-B COMPL.RISCONTRO L.3000,JB59/B LOCATOR L=3m COMPLEMENT,COMPLEMENTO RISCONTRO L=3m - JB59-B,
7590415920-01,JB59-B COMPL.RISCONTRO L.4500,"JB59/B LOCATOR L=4,5m COMPLEMENT","COMPLEMENTO RISCONTRO L=4,5m - JB59-B",
0405663172-01,JB59-B COMPL.SECONDO RISC.L.1500,"JB59/B 2° LOCATOR L=1,5m COMPLEMENT","COMPLEMENTO 2° RISCONTRO L=1,5m - JB59-B",
0805088973-01,JB59-B COMPL.SECONDO RISC.L.3000,JB59/B 2° LOCATOR L=3m COMPLEMENT,COMPLEMENTO 2° RISCONTRO L=3m - JB59-B,
2816707195-01,JB59-B COMPL.SECONDO RISC.L.4500,"JB59/B 2° LOCATOR L=4,5m COMPLEMENT","COMPLEMENTO 2° RISCONTRO L=4,5m - JB59-B",
6024981568-01,JB59-B IMPIANTO IDRAULICO,JB59-B HYDRAULIC SYSTEM,IMPIANTO IDRAULICO - JB59-B,
5878856883-01,DOTAZIONE JB59,JB59 EQUIPMENT,DOTAZIONE - JB59,
5945390262-01,JB59 QUADRO ELETTRICO,JB59 ELECTRIC PANEL,QUADRO ELETTRICO - JB59,
5980721025-01,JB59 VARIANTE V.220/50HZ,JB59 SAWING MACHINE 220V/50Hz,JB59 - 220V/50Hz,
6418636640-01,JB59 VAR.QUA.EL.V.380-415/50,JB59 SAWING MACHINE 380-415V/50Hz,JB59 - 380-415V/50Hz,
0461039416-01,JB59 PULSANTIERA,JB59 CONTROL PANEL,PULSANTIERA - JB59,
9069921179-01,JB59 IMPIANTO F.C.,JB59 LIMIT SWITCH SYSTEM,IMPIANTO FINECORSA - JB59,
6715430417-01,JB59 PARTIC.COFANO EL.,JB59 ELECTRIC HOOD DETAIL,PARTICOLARE COFANO ELETTRICO - JB59,
9686750695-01,JB59 COFANO ELETTRICO 1500,"JB59 L=1,5m HOOD ELECTRIC SYSTEM","COFANO ELETTRICO L=1,5m - JB59",
6333613618-01,JB59 COFANO ELETTRICO 3000-4500,"JB59 L=3-4,5m HOOD ELECTRIC SYSTEM","COFANO ELETTRICO L=3-4,5m - JB59",
6001798905-01,JB59 SECONDO RISCONTRO,JB59 2° LOCATOR,2° RISCONTRO - JB59,
9755589543-01,JB59 RISCONTRO *A* POSIZIONATO,"JB59 ""A"" POSITIONED LOCATOR",RISCONTRO A POSIZIONATO - JB59,
4851815621-01,JB59 RISCONTRO *B* POSIZIONATO,"JB59 ""B"" POSITIONED LOCATOR",RISCONTRO B POSIZIONATO - JB59,
7571043615-01,JB59 VAR.RISC. POSIZIONATO V220/50-,POSITIONED LOCATOR VARIANT 220V/50-60Hz,VARIANTE RISCONTRO POSIZIONATO - 220V/50-60Hz - JB59,
7029990352-01,JB59 VAR.POSIZ.RISCONTRI 380/50,POSITIONED LOCATOR VARIANT 380V/50Hz,VARIANTE RISCONTRO POSIZIONATO - 380V/50Hz - JB59,
9178301414-01,JB59 VAR.RISC.POSIZIONATO 415V/50HZ,POSITIONED LOCATOR VARIANT 415V/50Hz,VARIANTE RISCONTRO POSIZIONATO - 415V/50Hz - JB59,
2782881862-01,JB59 RISCONTRO A VISUALIZZATO,"JB59 ""A"" DISPLAYED LOCATOR",RISCONTRO A VISUALIZZATO - JB59,
4848948293-01,JB59 RISCONTRO B VISUALIZZATO,"JB59 ""B"" DISPLAYED LOCATOR",RISCONTRO B VISUALIZZATO - JB59,
5990191763-01,JB59 COMPL.TESTA INVERTER,INVERTER HEAD COMPLEMENT - JB59,COMPLEMENTO TESTA INVERTER - JB59,
0386658533-01,JB59 COMPL.F.C.CARICATORE 7 MONT.,JB59 LOADER 7P LIMIT SWITCH COMPLEMENT,COMPLEMENTO FINECORSA CARICATORE 7 MONTANTI - JB59,
1615043980-01,JB59 COMPL.EV.TRUCIOLI QUADRO ELET.,JB59 CHIP EXTRACTOR ELECT. PANEL COMPL.,COMPLEMENTO EVACUATORE TRUCIOLI QUADRO ELETTRICO - JB59,
5344885540-01,JB59 IMPIANTO BORDO EVACUATORE,JB59 ONBOARD EXTRACTOR SYSTEM,IMPIANTO BORDO EVACUATORE - JB59,
4824092283-01,JB59 VAR.EVACUATORE TRUCIOLI 220/50,CHIP EXTRACTOR VARIANT 220V/50Hz,VARIANTE EVACUATORE TRUCIOLI - 220V/50Hz - JB59,
5390454898-01,JB59 VAR.EVACUATORE TRUCIOLI 220/60,CHIP EXTRACTOR VARIANT 220V/60Hz,VARIANTE EVACUATORE TRUCIOLI - 220V/60Hz - JB59,
0872528891-01,JB59 VAR.EVACUATORE TRUC.380-415/50,CHIP EXTRACTOR VARIANT 380-415V/50Hz,VARIANTE EVACUATORE TRUCIOLI - 380-415V/50Hz - JB59,
5764882183-01,JB59 VAR.EVAC.SFRIDI V220/50-60,SCRAP EXTRACTOR VARIANT 220V/50-60Hz,VARIANTE EVACUATORE SFRIDI - 220V/50-60Hz - JB59,
7453017033-01,JB59 VAR.EVAC.SFRIDI 380-415/50,SCRAP EXTRACTOR VARIANT 380-415V/50Hz,VARIANTE EVACUATORE SFRIDI - 380-415V/50Hz - JB59,
9389563409-01,JB59 VARIANTE CARICATORE V220/50,JB59 LOADER VARIANT 220V/50Hz,VARIANTE CARICATORE - 220V/50Hz - JB59,
3759831237-01,JB59 VARIANTE CARICATORE V220/60,JB59 LOADER VARIANT 220V/60Hz,VARIANTE CARICATORE - 220V/60Hz - JB59,
0069728814-01,JB59 VAR.CARICAT.FASCIO 380-415/50,JB59 BUNDLE LOADER VARIANT 380-415V/50Hz,"VARIANTE CARICATORE ""F"" - 380-415V/50Hz - JB59",
7472573740-01,JB59 COMP.TRASFORMAT.INVERTER V220/,INVERTER TRANSF. COMPLEM. 220V/50-60Hz,COMPLEMENTO TRASFORMATORE INVERTER 220V/50-60Hz - JB59,
5683235631-01,JB59 MOTORI V.220-380/50,JB59 MOTORS 220-380V/50H,MOTORI - 220-380V/50Hz - JB59,
9540104116-01,JB59 MOTORI V.400/50HZ,JB59 MOTORS 400V/50H,MOTORI - 400V/50Hz - JB59,
4914784478-01,JB59 MOTORI CARICATORE V220/60,JB59 LOADER MOTORS 220V/60Hz,MOTORI CARICATORE - 220V/60Hz - JB59,
5189491330-01,JB59 MOTORI CARICATORE 220-380-415/,JB59 LOADER MOTORS 220-380-415V/50Hz,MOTORI CARICATORE 220-380-415V/50Hz - JB59,
9806565359-01,JB59 MOT.EVACUATORE TRUCIOLI 220/60,JB59 CHIP EXTRACTOR MOTOR 220V/60Hz,MOTORI EVACUATORE TRUCIOLI - 220V/60Hz - JB59,
7260636759-01,JB59 MOT.EVACUATORE TRUC.220-380/50,JB59 CHIP EXTRACTOR MOTOR 220-380V/50Hz,MOTORI EVACUATORE TRUCIOLI - 220-380V/50Hz - JB59,
0646399494-01,JB59 MOT.EVACUATORE TRUCIOLI 415/50,JB59 CHIP EXTRACTOR MOTOR 415V/50Hz,MOTORI EVACUATORE TRUCIOLI - 415V/50Hz - JB59,
1813970471-01,JB59 MOT.EVAC.SFRIDI 220/60,JB59 SCRAP EXTRACTOR MOTOR 220V/60Hz,MOTORI EVACUATORE SFRIDI - 220V/60Hz - JB59,
3571297542-01,JB59 MOT.EVAC.SFRIDI 220-415/50,SCRAP EXTRACTOR MOTOR 220-415V/50-60Hz,MOTORI EVACUATORE SFRIDI - 220-415V/50-60Hz - JB59,
5455059503-01,JB59-B QUADRO ELETTRICO BASE,JB59/B BASIC ELECTRIC PANEL,QUADRO ELETTRICO BASE - JB59-B,
1440056799-01,JB59-B VARIANTE BASE V.230/50-60,JB59/B BASIC SAW M. VARIANT 230V/50-60Hz,JB59/B VARIANTE BASE - 230V/50-60Hz,
1315051067-01,JB59-B VARIANTE BASE V.380-415/50,JB59/B BASIC SAW M.VARIANT 380-415V/50Hz,JB59/B VARIANTE BASE - 380-415V/50Hz,
5564980324-01,JB59-B PULSANTIERA BASE,JB59/B BASIC CONTROL PANEL,PULSANTIERA BASE - JB59-B,
7721388658-01,JB59-B IMPIANTO F.C.BASE,JB59/B BASIC LIMIT SWITCH SYSTEM,IMPIANTO FINECORSA BASE - JB59-B,
0066056618-01,JB59-B PARTIC.COFANO EL.BASE,JB59/B BASIC ELECTRIC HOOD DETAIL,PARTICOLARE COFANO ELETTRICO BASE - JB59-B,
2472400389-01,JB59-B SECONDO RISCONTRO BASE,JB59/B 2° BASIC LOCATOR,2° RISCONTRO BASE - JB59-B,
5922434899-01,JB59-B COMPL.TESTA 2VEL.,2 SPEED HEAD COMPLEMENT - JB59/B,COMPLEMENTO TESTA 2 VELOCITÀ - JB59-B,
2810785391-01,JB59-B VAR.TESTA 2 VELOCITA'V220/50,"JB59/B ""P"" 2S HEAD VARIANT 220V/50Hz",VARIANTE TESTA 2 VELOCITÀ - 220V/50Hz - JB59-B,
8146921214-01,JB59-B VAR.TESTA 2 VELOCITA'V220/60,"JB59/B ""P"" 2S HEAD VARIANT 220V/60Hz",VARIANTE TESTA 2 VELOCITÀ - 220V/60Hz - JB59-B,
8946330941-01,JB59-B VAR.TESTA 2 VEL. V380-415/50,"JB59/B ""P"" 2S HEAD VARIANT 380-415V/50Hz",VARIANTE TESTA 2 VELOCITÀ - 380-415V/50Hz - JB59-B,
1822710616-01,JB59-B MOTORI BASE 220/60,JB59/B BASIC MOTORS 220V/60H,MOTORI BASE - 220V/60Hz - JB59-B,
6478136116-01,JB59-B MOTORI BASE 220-380-400/50,JB59/B BASIC MOTORS 220-380-400V/50H,MOTORI BASE - 220-380-400V/50Hz - JB59-B,
5262026909-01,JB59-B MOTORE TESTA 2 VEL.V220/50,JB59/B 2 SPEED HEAD MOTOR 220V/50H,MOTORE TESTA 2 VELOCITÀ - 220V/50Hz - JB59-B,
0463731813-01,JB59-B MOTORE TESTA 2 VEL.V220/60,JB59/B 2 SPEED HEAD MOTOR 220V/60H,MOTORE TESTA 2 VELOCITÀ - 220V/60Hz - JB59-B,
7288994805-01,JB59-B MOTORE TESTA 2 VEL.V380/50,JB59/B 2 SPEED HEAD MOTOR 380V/50H,MOTORE TESTA 2 VELOCITÀ - 380V/50Hz - JB59-B,
4811565700-01,JB59-B MOTORE TESTA 2 VEL.V415/50,JB59/B 2 SPEED HEAD MOTOR 415V/50H,MOTORE TESTA 2 VELOCITÀ - 415V/50Hz - JB59-B,
5796634663-01,PIATTAFORMA MANUALE L.1500,"MANUAL PLATFORM L=1,5m","PIATTAFORMA MANUALE L=1,5m",
2132884185-01,PIATTAFORMA MANUALE L.3000,MANUAL PLATFORM L=3m,PIATTAFORMA MANUALE L=3m,
0586488390-01,PIATTAFORMA MANUALE L.4500,"MANUAL PLATFORM L=4,5m","PIATTAFORMA MANUALE L=4,5m",
1111087411-01,PIATTAFORMA BQ412 L.1500 V.220/50,"BQ412 PLATFORM L=1,5m 220V/50Hz","PIATTAFORMA L=1,5m - 220V/50Hz - BQ412",
8484612900-01,PIATTAFORMA BQ412 L.1500 V.220/60,"BQ412 PLATFORM L=1,5m 220V/60Hz","PIATTAFORMA L=1,5m - 220V/60Hz - BQ412",
6653208816-01,PIATTAFORMA BQ412 L.1500 V.380/50,"BQ412 PLATFORM L=1,5m 380V/50Hz","PIATTAFORMA L=1,5m - 380V/50Hz - BQ412",
9836787083-01,PIATTAFORMA BQ412 L.1500 V.415/50,"BQ412 PLATFORM L=1,5m 415V/50Hz","PIATTAFORMA L=1,5m - 415V/50Hz - BQ412",
3172956265-01,PIATTAFORMA BQ412 L.3000 V.220/50,BQ412 PLATFORM L=3m 220V/50Hz,PIATTAFORMA L=3m - 220V/50Hz - BQ412,
5750225402-01,PIATTAFORMA BQ412 L.3000 V.220/60,BQ412 PLATFORM L=3m 220V/60Hz,PIATTAFORMA L=3m - 220V/60Hz - BQ412,
3886860643-01,PIATTAFORMA BQ412 L.3000 V.380/50,BQ412 PLATFORM L=3m 380V/50Hz,PIATTAFORMA L=3m - 380V/50Hz - BQ412,
1954618336-01,PIATTAFORMA BQ412 L.3000 V.415/50,BQ412 PLATFORM L=3m 415V/50Hz,PIATTAFORMA L=3m - 415V/50Hz - BQ412,
6028425055-01,PIATTAFORMA BQ412 L.4500,"BQ412 PLATFORM L=4,5m","PIATTAFORMA L=4,5m - BQ412",
0632778736-01,PIATTAFORMA BQ412 L.4500 V.220/50,"BQ412 PLATFORM L=4,5m 220V/50Hz","PIATTAFORMA L=4,5m - 220V/50Hz - BQ412",
5662665624-01,PIATTAFORMA BQ412 L.4500 V.220/60,"BQ412 PLATFORM L=4,5m 220V/60Hz","PIATTAFORMA L=4,5m - 220V/60Hz - BQ412",
3609475928-01,PIATTAFORMA BQ412 L.4500 V.380/50,"BQ412 PLATFORM L=4,5m 380V/50Hz","PIATTAFORMA L=4,5m - 380V/50Hz - BQ412",
1786309069-01,PIATTAFORMA BQ412 L.4500 V.415/50,"BQ412 PLATFORM L=4,5m 415V/50Hz","PIATTAFORMA L=4,5m - 415V/50Hz - BQ412",
1437242169-01,PIATTAFORMA BQ419 L.1500 V.220/50,"BQ419 PLATFORM L=1,5m 220V/50Hz","PIATTAFORMA L=1,5m - 220V/50Hz - BQ419",
9897363400-01,PIATTAFORMA BQ419 L.1500 V.220/60,"BQ419 PLATFORM L=1,5m 220V/60Hz","PIATTAFORMA L=1,5m - 220V/60Hz - BQ419",
4855424546-01,PIATTAFORMA BQ419 L.1500 V.380/50,"BQ419 PLATFORM L=1,5m 380V/50Hz","PIATTAFORMA L=1,5m - 380V/50Hz - BQ419",
3784677178-01,PIATTAFORMA BQ419 L.1500 V.415/50,"BQ419 PLATFORM L=1,5m 415V/50Hz","PIATTAFORMA L=1,5m - 415V/50Hz - BQ419",
4614452044-01,PIATTAFORMA BQ419 L.3000,BQ419 PLATFORM L=3m,PIATTAFORMA L=3m - BQ419,
6845799540-01,PIATTAFORMA BQ419 L.3000 V.220/50,BQ419 PLATFORM L=3m 220V/50Hz,PIATTAFORMA L=3m - 220V/50Hz - BQ419,
0607459040-01,PIATTAFORMA BQ419 L.3000 V.220/60,BQ419 PLATFORM L=3m 220V/60Hz,PIATTAFORMA L=3m - 220V/60Hz - BQ419,
4723432533-01,PIATTAFORMA BQ419 L.3000 V.380/50,BQ419 PLATFORM L=3m 380V/50Hz,PIATTAFORMA L=3m - 380V/50Hz - BQ419,
6169940211-01,PIATTAFORMA BQ419 L.3000 V.415/50,BQ419 PLATFORM L=3m 415V/50Hz,PIATTAFORMA L=3m - 415V/50Hz - BQ419,
3742108758-01,PIATTAFORMA BQ419 L.4500 V.220/50,"BQ419 PLATFORM L=4,5m 220V/50Hz","PIATTAFORMA L=4,5m - 220V/50Hz - BQ419",
3639414103-01,PIATTAFORMA BQ419 L.4500 V.220/60,"BQ419 PLATFORM L=4,5m 220V/60Hz","PIATTAFORMA L=4,5m - 220V/60Hz - BQ419",
3226796432-01,PIATTAFORMA BQ419 L.4500 V.380/50,"BQ419 PLATFORM L=4,5m 380V/50Hz","PIATTAFORMA L=4,5m - 380V/50Hz - BQ419",
2544239214-01,PIATTAFORMA BQ419 L.4500 V.415/50,"BQ419 PLATFORM L=4,5m 415V/50Hz","PIATTAFORMA L=4,5m - 415V/50Hz - BQ419",
3416033190-01,PROTEZIONI ANTINFORTUNISTICHE L3000,SAFETY PROTECTION L=3m,PROTEZIONI ANTINFORTUNISTICHE L=3m,
5715645099-01,RIFERIMENTO CONTENITORI L.1500,"CONTAINER REFERENCE L=1,5m","RIFERIMENTO CONTENITORI L=1,5m",
7802035117-01,RIFERIMENTO CONTENITORI L.3000,CONTAINER REFERENCE L=3m,RIFERIMENTO CONTENITORI L=3m,
4800272128-01,RIFERIMENTO CONTENITORI L.4500,"CONTAINER REFERENCE L=4,5m","RIFERIMENTO CONTENITORI L=4,5m",
6179266195-01,CONCATENAMENTO BQ419 CON JB59 L1500,"BQ419-JB59 L=1,5m CHAINING","CONCATENAMENTO BQ419-JB59 L=1,5m",
0255786437-01,CONCATENAMENTO BQ419 CON JB59 L3000,BQ419-JB59 L=3m CHAINING,CONCATENAMENTO BQ419-JB59 L=3m,
9221172748-01,CONCATENAMENTO BQ419 CON JB59 L4500,"BQ419-JB59 L=4,5m CHAINING","CONCATENAMENTO BQ419-JB59 L=4,5m",
9357513794-01,CONCATENAMENTO BQ419 CON JK462,BQ419-JK462 CHAINING,CONCATENAMENTO BQ419-JK462,
2158699072-01,CONCATENAMENTO BQ419 CON JB52 L1500,"BQ419-JB52 L=1,5m CHAINING","CONCATENAMENTO BQ419-JB52 L=1,5m",
7735687856-01,CONCATENAMENTO BQ419 CON JB52 L3000,BQ419-JB52 L=3m CHAINING,CONCATENAMENTO BQ419-JB52 L=3m,
1509300741-01,CONCATENAMENTO BQ419 CON JB52 L4500,"BQ419-JB52 L=4,5m CHAINING","CONCATENAMENTO BQ419-JB52 L=4,5m",
2848383619-01,CONCATENAMENTO BQ419 CON BJ922,BQ419-BJ922 CHAINING,CONCATENAMENTO BQ419-BJ922,
4860704582-01,INTEGRAZIONE CON SBAVATRICE YK442,YK442 INTEGRATION WITH DEBURRING MACHINE,INTEGRAZIONE CON SBAVATRICE YK442,
8009525719-01,MOTORIZZAZIONE SPOST.TESTA MOBILE,MOTORIZATION AND MOVING MOBILE HEAD,MOTORIZZAZIONE SPOSTAMENTO TESTA MOBILE,
3651384613-01,MOTORIZZ.SPALLA MOBILE 380/50,MOBILE SHOULDER MOTORIZATION 380V/50Hz,MOTORIZZAZIONE SPALLA MOBILE - 380V/50Hz,
7894276243-01,BQ412-19 MACCHINA BASE,BQ412/419 BASIC MACHINE,MACCHINA BASE - BQ412/419,
4597031193-01,BQ412-19 COMPL.MACCH.BASE X F.T.800,BQ412/419 BASIC MACH. COMPLEM. X F.T.800,BQ412/419 COMPLEMENTO MACCHINA BASE PER F.T.800,
0898336447-01,BQ412-19 COMPL.MACC.BASE X F.T.1050,BQ412/419 BASIC MACH.COMPLEM. X F.T.1050,BQ412/419 COMPLEMENTO MACCHINA BASE PER F.T.1050,
4652253507-01,BQ419 COMPL.MACCH.BASE,BQ419 BASIC MACHINE COMPLEMENT,COMPLEMENTO MACCHINA BASE - BQ419,
8311245056-01,BQ419 COMPL.L1500,"BQ419 L=1,5m COMPLEMENT","COMPLEMENTO L=1,5m - BQ419",
0536273886-01,BQ419 COMPL.L3000,BQ419 L=3m COMPLEMENT,COMPLEMENTO L=3m - BQ419,
4464854248-01,BQ419 COMPL.L4500,"BQ419 L=4,5m COMPLEMENT","COMPLEMENTO L=4,5m - BQ419",
1029662623-01,CILINDRO DI STACCO,DETACHMENT CYLINDER,CILINDRO DI STACCO,
8819513923-01,BQ412 APPLICAZIONE A YK442,BQ412 APPLICATION TO YK442,BQ412 APPLICAZIONE A YK442,
8239714750-01,BQ412-19 SENZA PIATTAFORMA L.1500,"BQ412/419 WITHOUT PLATFORM L=1,5m","BQ412/419 - SENZA PIATTAFORMA L=1,5m",
6605400787-01,BQ412-19 SENZA PIATTAFORMA L.3000,BQ412/419 WITHOUT PLATFORM L=3m,BQ412/419 - SENZA PIATTAFORMA L=3m,
0693421116-01,BQ412-19 SENZA PIATTAFORMA L.4500,"BQ412/419 WITHOUT PLATFORM L=4,5m","BQ412/419 - SENZA PIATTAFORMA L=4,5m",
2665219118-01,GRUPPO ANTICOLLISIONE PER F.T.800,F.T.800 ANTICOLLISION,ANTICOLLISIONE PER F.T.800,
5568941944-01,BQ419 COMPL.MOVIM.MANUALE TESTA,BQ419 HEAD MANUAL HANDLING COMPLEMENT,COMPLEMENTO MOVIMENTAZIONE MANUALE TESTA - BQ419,
8121767297-01,BQ419 COMPL.MOVIM.MOTORIZZATA TESTA,BQ419 MOTORIZED HEAD HANDLING COMPLEMENT,COMPLEMENTO MOVIMENTAZIONE MOTORIZZATA TESTA - BQ419,
2047663043-01,BQ412 PIATTAFORMA L.1500,"BQ412 PLATFORM L=1,5m","PIATTAFORMA L=1,5m - BQ412",
4238284980-01,BQ412 PIATTAFORMA L.3000,BQ412 PLATFORM L=3m,PIATTAFORMA L=3m - BQ412,
4117291895-01,BQ419 PIATTAFORMA L.1500,"BQ419 PLATFORM L=1,5m","PIATTAFORMA L=1,5m - BQ419",
3313258905-01,BQ419 PIATTAFORMA L.4500,"BQ419 PLATFORM L=4,5m","PIATTAFORMA L=4,5m - BQ419",
2527589674-01,BQ412-19 PIATTAFORMA MANUALE L.1500,"BQ412/419 MANUAL PLATFORM L=1,5m","PIATTAFORMA MANUALE L=1,5m - BQ412/419",
1788262338-01,BQ412-19 PIATTAFORMA MANUALE L.3000,BQ412/419 MANUAL PLATFORM L=3m,PIATTAFORMA MANUALE L=3m - BQ412/419,
9103258656-01,BQ412-19 PIATTAFORMA MANUALE L.4500,"BQ412/419 MANUAL PLATFORM L=4,5m","PIATTAFORMA MANUALE L=4,5m - BQ412/419",
4108978573-01,CONTENITORE APERTO 850-2000,850-2000 OPEN CONTAINER,CONTENITORE APERTO 850-2000,
4004764824-01,CONCATENAMENTO BQ419 CON JB59,BQ419-JB59 CHAINING,CONCATENAMENTO BQ419-JB59,
0092213074-01,CONCATENAMENTO BQ419 CON JB52,BQ419-JB52 CHAINING,CONCATENAMENTO BQ419-JB52,
3165782196-01,DOTAZIONE BQ412,BQ412 EQUIPMENT,DOTAZIONE - BQ412,
6997987668-01,DOTAZIONE BQ419,BQ419 EQUIPMENT,DOTAZIONE - BQ419,
2726727779-01,YK442+690 COMP.ALIMENTATORE 24 VCC,YK442-412 24 VDC POWER COMPLEMENT,COMPLEMENTO ALIMENTATORE 24 VCC - YK442-412,
5270482286-01,BQ412 COMPL.QUADRO RACCOGLITORE,BQ412 COLLECTOR ELECTR. PANEL COMPLEMENT,COMPLEMENTO QUADRO ELETTRICO RACCOGLITORE - BQ412,
4343837288-01,BQ412 VARIANTE RACCOGLITORE 380-415,BQ412 COLLECTOR VARIANT 50-60Hz,VARIANTE RACCOGLITORE 380-415V/50Hz 440V/60Hz - BQ412,
4546423837-01,BQ412 COMPL.FINECORSA RACCOGLITORE,BQ412 COLLECTOR LIMIT SWITCH COMPLEMENT,COMPLEMENTO FINECORSA RACCOGLITORE - BQ412,
1074634704-01,BQ412 COMPL.RACCOGLITORE L.4500,"BQ412 COLLECTOR L=4,5m COMPLEMENT","COMPLEMENTO RACCOGLITORE L=4,5m - BQ412",
6910345014-01,BQ412-19 COMPL.CAMBIO PALETTE,BQ412/419 PALLET CHANGE COMPLEMENT,COMPLEMENTO CAMBIO PALlET - BQ412/419,
7254767489-01,BQ412-19 VARIANTE PALETTE 220/50-60,BQ412/419 PALLET VARIANT 220V/50-60Hz,VARIANTE PALETTE - 220V/50-60Hz - BQ412/419,
9285768592-01,BQ412-19 VARIANTE PALETTE 380-415/5,BQ412/419 PALLET VARIANT 380-415V/50Hz,VARIANTE PALETTE - 380-415V/50Hz - BQ412/419,
6526107619-01,BQ412-19 FOTOCELLULE DI SICUREZZA,BQ412/419 SAFETY PHOTOCELLS,FOTOCELLULE DI SICUREZZA - BQ412/419,
2094147256-01,BQ412 MOTORI RACCOGLITORE 220/60,BQ412 COLLECTOR MOTORS 220V/60Hz,MOTORI RACCOGLITORE - 220V/60Hz - BQ412,
5560298405-01,BQ412 MOTORI RACCOGLITORE 220-380/,BQ412 COLLECTOR MOTORS 50-60Hz,MOTORI RACCOGLITORE 220-380V/50Hz 440V/60Hz - BQ412,
7565555755-01,BQ412 MOTORI RACCOGLITORE 415/50,BQ412 COLLECTOR MOTORS 415V/50Hz,MOTORI RACCOGLITORE - 415V/50Hz - BQ412,
8509204222-01,BQ412-19 MOTORE PALETTE 220-380/50,BQ412/419 PALLET MOTOR 220-380V/60H,MOTORE PALETTE - 220-380V/60Hz - BQ412/419,
1997848577-01,BQ412-19 MOTORI PALETTE 415/50,BQ412/419 PALLET MOTORS 415V/50Hz,MOTORI PALETTTE - 415V/50Hz - BQ412/419,
1764817135-01,BQ419 COFANO APP.ELETTRICHE,BQ419 ELECTRIC EQUIPMENT HOOD,APPARECCHIATURE ELETTRICHE COFANO - BQ419,
9324559198-01,BQ419 QUADRO ELETTRICO BASE,BQ419 BASIC ELECTRIC PANEL,QUADRO ELETTRICO BASE - BQ419,
8633456806-01,BQ419 VARIANTE QUADRO 691 380/50,BQ419 BASIC EL. PANEL VARIANT 380V/50Hz,VARIANTE QUADRO ELETTRICO BASE - 380V/50Hz - BQ419,
1241408548-01,BQ419 COMPLEMENTO FINECORSA,BQ419 LIMIT SWITCH COMPLEMENT,COMPLEMENTO FINECORSA - BQ419,
4390521623-01,BQ419 COMPL.MOTORIZZAZIONE SPALLA,BQ419 SHOULDER MOTORIZATION COMPLEMENT,COMPLEMENTO MOTORIZZAZIONE SPALLA - BQ419,
0789024934-01,BQ419 VAR.MOTORIZ.SPALLA 380-415/50,SHOULDER MOTORIZAT. VARIANT 380-415V/50H,VARIANTE MOTORIZZAZIONE SPALLA - 380-415V/50Hz - BQ419,
7216362777-01,JB52 CONCATENAMENTO CON BQ419,JB52-BQ419 CHAINING,CONCATENAMENTO JB52-BQ419,
4756902980-01,BQ419 MOTORI SCARICATORE 380/50,BQ419 MOTORI SCARICO 380V/50Hz,MOTORI SCARICO - 380V/50Hz - BQ419,
6616362995-01,BQ419 MOT.SPALLA MOTORIZZ.220-415/5,BQ419 MOTOR.SHOULDER MOTOR 220-415V/50Hz,MOTORI SPALLA MOTORIZZATA - 220-415V/50Hz - BQ419,
1649218344-01,GRUPPO VERNICE BQ412 1500,"BQ412/419 PAINT L=1,5m","VERNICI L=1,5m - BQ412",
6719516892-01,GRUPPO VERNICE BQ412 3000,BQ412/419 PAINT L=3m,VERNICI L=3m - BQ412,
4246199915-01,GRUPPO VERNICE BQ412 4500,"BQ412/419 PAINT L=4,5m","VERNICI L=4,5m - BQ412",
3000164418-01,GRUPPO VERNICE PIATT. BQ41 1500,"BQ412/419 PLATFORM PAINT L=1,5m","VERNICI PIATTAFORMA L=1,5m - BQ41",
6557187184-01,GRUPPO VERNICE PIATT.BQ41 3000,BQ412/419 PLATFORM PAINT L=3m,VERNICI PIATTAFORMA L=3m - BQ41,
3946733915-01,GRUPPO VERNICE PIATT.BQ41 4500,"BQ412/419 PLATFORM PAINT L=4,5m","VERNICI PIATTAFORMA L=4,5m - BQ41",
8066919604-01,TESTA P/A 14V 20-375 M/M 400/50,"""PA"" 14S HEAD 20-375m/min 400V/50Hz","TESTA ""PA"" 14 VELOCITÀ 20-375m/min - 400V/50Hz",
4314408348-01,TESTA P/B 14V 13-250 M/M 400/50,"""PB"" 14S HEAD 13-250m/min 400V/50Hz","TESTA ""PB"" 14 VELOCITÀ 13-250m/min - 400V/50Hz",
0287460318-01,TESTA P/A INV. 20/400 G/M 400/50,"""PA-INVERTER"" HEAD (20/400RPM) 400V/50Hz","TESTA ""PA"" INVERTER (20/400RPM) - 400V/50Hz",
7829196591-01,TESTA P/B INV. 17/260 G/M 400/50,"""PB-INVERTER"" HEAD 17/260RPM 400V/50Hz","TESTA ""PB"" INVERTER (17/260RPM) - 400V/50Hz",
0237390958-01,SUPPL. AVANZAMENTO DIFFERENZ. TESTA,DIFFERENTIAL HEAD ADVANCE SUPPLEMENT,SUPPLEMENTO AVANZAMENTO DIFFERENZIALE TESTA,
3945040445-01,STAZIONE SGROSSATURA ASINCR. 400/50,ASYNCHRONOUS ROUGHING STATION 400V/50Hz,STAZIONE SGROSSATURA ASINCRONA - 400V/50Hz,
7313355180-01,STAZIONE FINITURA ASINCRONA 400/50,ASYNCHRONOUS FINISH STATION 400V/50Hz,STAZIONE FINITURA ASINCRONA - 400V/50Hz,
4475162739-01,MODULO COMPLEMENTARE II^ STAZIONE,COMPLEMENTARY MODULE 2° STATION,MODULO COMPLEMENTARE 2° STAZIONE,
3467209829-01,STAZIONE SGROSSAT. INVERTER 400/50,INVERTER ROUGHING STATION 400V/50Hz,STAZIONE SGROSSATURA INVERTER - 400V/50Hz,
7420638411-01,STAZIONE FINITURA INVERTER 400/50,INVERTER FINISH STATION 400V/50Hz,STAZIONE FINITURA INVERTER - 400V/50Hz,
4314744237-01,STAZIONE OPERATRICE INVERTER 400/50,INVERTER OPERATING STATION 400V/50Hz,STAZIONE OPERATRICE INVERTER - 400V/50Hz,
4012194807-01,CARICATORE PIANO INCL. 4000 400/50,INCLINED FLAT LOADER L=4m 400V/50Hz,CARICATORE PIANO INCLINATO L=4m - 400V/50Hz,
2892901792-01,REG. CENTR. CARIC. PIANO INCL. 4000,INCLINED FLAT LOAD.L=4m CENTRAL ADJUSTM.,REGOLAZIONE CENTRALIZZATA CARICATORE PIANO INCLINATO L=4m,
7169083115-01,CARICATORE PIANO INCL. 6000 400/50,INCLINED FLAT LOADER L=6m 400V/50Hz,CARICATORE PIANO INCLINATO L=6m - 400V/50Hz,
2391244344-01,REG. CENTR. CARIC. PIANO INCL. 6000,INCLINED FLAT LOAD.L=6m CENTRAL ADJUSTM.,REGOLAZIONE CENTRALIZZATA CARICATORE PIANO INCLINATO L=6m,
9358271847-01,REG. CENTR. CARIC. BARRE T.4500,"R. BAR LOADER L=4,5m CENTRAL ADJUSTMENT","REGOLAZIONE CENTRALIZZATA CARICATORE BARRE TONDE L=4,5m",
2105127109-01,REG. CENTR. CARIC. BARRE T.6500,"R. BAR LOADER L=6,5m CENTRAL ADJUSTMENT","REGOLAZIONE CENTRALIZZATA CARICATORE BARRE TONDE L=6,5m",
8024663979-01,CARICATORE TUBI F 6500 400/50,"BUNDLE LOADER L=6,5m 400V/50Hz","CARICATORE ""F"" L=6,5m - 400V/50Hz",
4974179375-01,REG. CENTR. CARIC. TUBI F 6500,"""B"" LOADER L=6,5m CENTERING ADJUSTMENT","REGOLAZIONE CENTRAGGIO CARICATORE TUBI F L=6,5m",
2933479955-01,CARICATORE TUBI F 8500 400/50,"BUNDLE LOADER L=8,5m 400V/50Hz","CARICATORE ""F"" L=8,5m - 400V/50Hz",
9731751124-01,REG. CENTR. CARIC. TUBI F 8500,"""B"" LOADER L=8,5m CENTERING ADJUSTMENT","REGOLAZIONE CENTRAGGIO CARICATORE TUBI F L=8,5m",
1033643606-01,GF823 CARICATORE F 10500 400/50,"GF823 BUNDLE LOADER L=10,5m 400V/50Hz","CARICATORE ""F"" L=10,5m - 400V/50Hz - GF823",
7947462259-01,GF823 CARICATORE F 12500 400/50,"GF823 BUNDLE LOADER L=12,5m 400V/50Hz","CARICATORE ""F"" L=12,5m - 400V/50Hz - GF823",
3241149846-01,ESTRATTORE PEZZI UTILI CORTI,SHORT USEFUL PARTS EXTRACTOR,ESTRATTORE PEZZI UTILI CORTI,
255563612S-01,SERIE PRISMI AVVOLGENTI MORSA,PRISMS SET WRAPPING CLAMP,SERIE PRISMI AVVOLGENTI MORSA,
6434981314-01,CORPO PINZE STND. D.10-60 L.20-120,STANDARD CLAMP BODY D10-60 L=20-120mm,CORPO PINZE STANDARD D10-60 L=20-120mm,
512114464R-01,GANASCE PINZE ST. D.10-60 L.20-120,STANDARD CLAMP JAWS D10-60 L=20-120mm,GANASCE PINZE STANDARD D10-60 L=20-120mm,
6406423300-01,CORPO PINZE STND. D.10-60 L.120-500,STANDARD CLAMP BODY D10-60 L=120-500mm,CORPO PINZE STANDARD D10-60 L=120-500mm,
591326787N-01,GANASCE PINZE ST. D.10-60 L.120-300,STANDARD CLAMP JAWS D10-60 L=120-300mm,GANASCE PINZE STANDARD D10-60 L=120-300mm,
1566474195-01,CORPO PINZE STND. D.60-76 L.20-120,STANDARD CLAMP BODY D60-76 L=20-120mm,CORPO PINZE STANDARD D60-76 L=20-120mm,
698140522L-01,GANASCE PINZE ST. D.10-60 L.300-500,STANDARD CLAMP JAWS D10-60 L=300-500mm,GANASCE PINZE STANDARD D10-60 L=300-500mm,
5720997030-01,CORPO PINZE STND. D.60-76 L.120-500,STANDARD CLAMP BODY D60-76 L=120-500mm,CORPO PINZE STANDARD D60-76 L=120-500mm,
511469925Y-01,GANASCE PINZE ST. D.60-76 L.20-120,STANDARD CLAMP JAWS D60-76 L=20-120mm,GANASCE PINZE STANDARD D60-76 L=20-120mm,
8646505528-01,CORPO PINZE RAPIDE D.10-65 L.20-120,QUICK CLAMP BODY D10-65 L=20-120mm,CORPO PINZE RAPIDE D10-65 L=20-120mm,
641987711G-01,GANASCE PINZE ST. D.60-76 L.120-300,STANDARD CLAMP JAWS D60-76 L=120-300mm,GANASCE PINZE STANDARD D60-76 L=120-300mm,
7265675296-01,CORPO PINZE RAPID D.10-65 L.120-500,QUICK CLAMP BODY D10-65 L=120-500mm,CORPO PINZE RAPIDE D10-65 L=120-500mm,
717393811P-01,GANASCE PINZE ST. D.60-76 L.300-500,STANDARD CLAMP JAWS D60-76 L=300-500mm,GANASCE PINZE STANDARD D60-76 L=300-500mm,
741097660V-01,GANASCE PINZE RA. D.10-65 L.20-120,QUICK CLAMP JAWS D10-65 L=20-120mm,GANASCE PINZE RAPIDE D10-65 L=20-120mm,
562810227Z-01,GANASCE PINZE RA. D.10-65 L.120-300,QUICK CLAMP JAWS D10-65 L=120-300mm,GANASCE PINZE RAPIDE D10-65 L=120-300mm,
862395631D-01,GANASCE PINZE RA. D.10-65 L.300-500,QUICK CLAMP JAWS D10-65 L=300-500mm,GANASCE PINZE RAPIDE D10-65 L=300-500mm,
5339654304-01,VERS. TAGLIO MET. DURO GF823 NORM.,GF823 NORMAL HARD METAL CUTTING UNIT,HARD METAL CUTTING UNIT - GF823 NORMALE,
3025249943-01,CONO ISO40 SUNENA X TESTINA SG. RAP.,ISO40 SUNENA CONE FOR QUICK RELEASE HEAD,CONO ISO40 SUNENA PER TESTINA SGANCIO RAPIDO,
257636025Z-01,TESTINA SUNENA SG. RAPIDO NON REGOL.,SUNENA QUICK RELEASE HEAD NOT ADJUSTABLE,TESTINA SUNENA SGANCIO RAPIDO NON REGOLABILE,
298605978L-01,TESTINA SUNENA SG. RAPIDO REGOLABILE,SUNENA QUICK RELEASE HEAD ADJUSTABLE,TESTINA SUNENA SGANCIO RAPIDO REGOLABILE,
387912174K-01,TESTINA SUNENA MONOLITICA NON REGOL.,SUNENA MONOLITHIC NOT ADJUSTABLE HEAD,TESTINA SUNENA MONOLITICA NON REGOLABILE,
569612901P-01,TESTINA SUNENA MONOLITICA REGOLABILE,SUNENA MONOLITHIC ADJUSTABLE HEAD,TESTINA SUNENA MONOLITICA REGOLABILE,
4445006513-01,COMPL. MACCHINA A SINGOLA STAZIONE,"""A"" MACHINE SINGLE STATION COMPLEMENT","COMPLEMENTO MACCHINA ""A"" SINGOLA STAZIONE",
0875251172-01,COMPLET. MACCHINA A DOPPIA STAZIONE,"""A"" MACHINE DOUBLE STATION COMPLEMENT","COMPLEMENTO MACCHINA ""A"" DOPPIA STAZIONE",
3032467398-01,SUPPL. PER SISTEMA MISURA SU SLITTA,SLIDE MEASURING SYSTEM SUPPLEMENT,SUPPLEMENTO SISTEMA DI MISURA SU SLITTA,
2707646377-01,SISTEMA DI MISURA SU II^ STAZIONE,MEASURING SYSTEM ON 2° STATION,SISTEMA DI MISURA SU 2° STAZIONE,
2625368811-01,COPPIA TAMPONI UNIVERSALI,PAIR OF UNIVERSAL BUFFERS,COPPIA TAMPONI UNIVERSALI,
5322108851-01,COPPIA TAMPONI PER TUBO D. 10-24,PAIR OF TUBE BUFFERS D10-24,COPPIA TAMPONI PER TUBO D10-24,
9607772324-01,COPPIA TAMPONI PER TUBO D. 24-37,PAIR OF TUBE BUFFERS D24-37,COPPIA TAMPONI PER TUBO D24-37,
3000099186-01,COPPIA TAMPONI PER TUBO D. 37-50,PAIR OF TUBE BUFFERS D37-50,COPPIA TAMPONI PER TUBO D37-50,
6826656958-01,COPPIA TAMPONI PER TUBO D. 50-64,PAIR OF TUBE BUFFERS D50-64,COPPIA TAMPONI PER TUBO D50-64,
2755024068-01,COPPIA TAMPONI PER TUBO D. 63-76,PAIR OF TUBE BUFFERS D63-76,COPPIA TAMPONI PER TUBO D63-76,
9890939279-01,VERS.TAGLIO MET.DURO GF823 PROFIBUS,GF823 PROFIBUS HARD METAL CUTTING UNIT,HARD METAL CUTTING UNIT - GF823 PB,
1194646539-01,FUMARAV PER GF823,GF823 FUMARAV,FUMARAV - GF823,
3468333659-01,MICROLUBRIFICAZIONE ILC PER GF823,"GF823 ""ILC"" MICROLUBRICATION",MICROLUBRIFICAZIONE ILC - GF823,
4587617230-01,REMOTE DIAGNOSIS HOST XP MODEM EXT.,REMOTE DIAGNOSIS HOST XP MODEM EXT.,REMOTE DIAGNOSIS HOST XP MODEM EXT.,
6455975000-01,STAZIONE UNIVERSALE BASE (L=600),BASIC UNIVERSAL STATION L=600mm,STAZIONE UNIVERSALE BASE L=600mm,
7825645609-01,COMPLEMENTI STAZ. INVERTER (L=600),INVERTER STATION L=600mm COMPLEMENT,COMPLEMENTO STAZIONE INVERTER L=600mm,
6477994561-01,COMPLEM. STAZIONE MANDRINO (L=600),SPINDLE STATION L=600mm COMPLEMENT,COMPLEMENTO STAZIONE MANDRINO L=600mm,
6537327257-01,COMPLEMENTI STAZIONE CN (L=600),CN STATION L=600mm COMPLEMENT,COMPLEMENTO STAZIONE CN L=600mm,
3639122226-01,CARICATORE TUBI F 6500 PER L=600,"GF823 BUNDLE LOADER L=6,5m","CARICATORE ""F"" L=6,5m GF823 L=600mm",
3624220275-01,CARICATORE TUBI F 8500 PER L=600,"GF823 CARICATORE TUBI F L=8,5m","CARICATORE ""F"" L=8,5m GF823 L=600mm",
8981469790-01,GF823 L=600 COMPL. SINGOLA STAZIONE,GF823 SINGLE STATION L=600mm COMPLEMENT,COMPLEMENTO SINGOLA STAZIONE - GF823 L=600mm,
9918283990-01,GF823 L=600 COMPL. DOPPIA STAZIONE,GF823 DOUBLE STATION L=600mm COMPLEMENT,COMPLEMENTO DOPPIA STAZIONE - GF823 L=600mm,
7860454929-01,SUPPL. SIST. MISURA SU SLITTA L=600,SLIDE MEASURING SYSTEM SUPPLEM.L=600mm,SUPPLEMENTO SISTEMA DI MISURA SU SLITTA L=600mm,
1774047888-01,CONTROLLO UTENSILE 4 CANALI,4 CHANNEL TOOL CONTROL,CONTROLLO UTENSILE 4 CANALI,
6500578373-01,CONTROLLO UTENSILE 2 CANALI,2 CHANNEL TOOL CONTROL,CONTROLLO UTENSILE 2 CANALI,
3298988343-01,CONTROLLO UTENSILE 1 CANALE,1 CHANNEL TOOL CONTROL,CONTROLLO UTENSILE 1 CANALE,
3311283610-01,TESTA P/A INVERTER FZ252 400/50,"""PA-INVERTER"" HEAD 400V/50Hz-FZ252","TESTA ""PA"" INVERTER - 400V/50Hz - FZ252",
0387743780-01,COMPL. TESTA METALLO DURO FZ252,"""HM"" HEAD COMPLEMENT - FZ252",COMPLEMENTO TESTA METALLO DURO - FZ252,
6718797481-01,STAZIONE OPERATRICE BASE FZ252,FZ52 BASIC OPERATING STATION,STAZIONE OPERATRICE BASE - FZ252,
1192640077-01,COMPL. MACCHINA SINGOLA STAZIONE,SINGLE STATION MACHINE COMPLEMENT,COMPLEMENTO MACCHINA SINGOLA STAZIONE,
0997088961-01,COMPL. STAZIONE INVERTER FZ252,FZ252 INVERTER STATION COMPLEMENT,COMPLEMENTO STAZIONE INVERTER - FZ252,
2599906963-01,COMPL. STAZIONE MANDRINO FZ252,FZ252 SPINDLE STATION COMPLEMENT,COMPLEMENTO STAZIONE MANDRINO - FZ252,
3948022323-01,COMPL. STAZIONE CN,CN STATION COMPLEMENT,COMPLEMENTO STAZIONE CN,
3387781223-01,CARICATORE BARRE AUTOCENTRANTE 6500,"CARICATORE BARRE AUTOCENTRANTE L=6,5m","CARICATORE BARRE AUTOCENTRANTE L=6,5m",
0026453826-01,COMPL. CAR. FASCIO 6500 PER FZ252,"FZ252 BUNDLE LOADER L=6,5m COMPLEMENT","COMPLEMENTO CARICATORE ""F"" L=6,5m - FZ252",
5664157638-01,COMPL. STAZIONE UNITA' CON MISURA,UNIT STATION COMPLEMENT WITH MEASURING,COMPLEMENTO STAZIONE UNITÀ CON MISURA,
7816840784-01,COMPL. STAZIONE MISURA MANUALE,MANUAL MEASURING STATION COMPLEMENT,COMPLEMENTO STAZIONE MISURA MANUALE,
5608534623-01,COMPL. STAZIONE MISURA AUTOMATICA,AUTOMATIC MEASURING STATION COMPLEMENT,COMPLEMENTO STAZIONE MISURA AUTOMATICA,
9389877534-01,COPPIA TAMPONI MANUALI D.10-24,PAIR OF MANUAL BUFFERS D10-24,COPPIA TAMPONI MANUALI D10-24,
1918675343-01,COPPIA TAMPONI MANUALI D.24-37,PAIR OF MANUAL BUFFERS D24-37,COPPIA TAMPONI MANUALI D24-37,
1545563197-01,COPPIA TAMPONI MANUALI D.37-50,PAIR OF MANUAL BUFFERS D37-50,COPPIA TAMPONI MANUALI D37-50,
3452888099-01,COPPIA TAMPONI MANUALI D.50-64,PAIR OF MANUAL BUFFERS D50-64,COPPIA TAMPONI MANUALI D50-64,
7404165158-01,COPPIA TAMPONI MANUALI D.63-76,PAIR OF MANUAL BUFFERS D63-76,COPPIA TAMPONI MANUALI D63-76,
3719589861-01,COPPIA TAMPONI AUTOMATICI D.10-24,PAIR OF AUTOMATIC BUFFERS D10-24,COPPIA TAMPONI AUTOMATICI D10-24,
2735480149-01,COPPIA TAMPONI AUTOMATICI D.24-37,PAIR OF AUTOMATIC BUFFERS D24-37,COPPIA TAMPONI AUTOMATICI D24-37,
6050396172-01,COPPIA TAMPONI AUTOMATICI D.37-50,PAIR OF AUTOMATIC BUFFERS D37-50,COPPIA TAMPONI AUTOMATICI D37-50,
4742157616-01,COPPIA TAMPONI AUTOMATICI D.50-64,PAIR OF AUTOMATIC BUFFERS D50-64,COPPIA TAMPONI AUTOMATICI D50-64,
2781350888-01,COPPIA TAMPONI AUTOMATICI D.63-76,PAIR OF AUTOMATIC BUFFERS D63-76,COPPIA TAMPONI AUTOMATICI D63-76,
1847489439-01,GF893 STAZIONE UNIVERSALE BASE,GF893 BASIC UNIVERSAL STATION,STAZIONE UNIVERSALE BASE - GF893,
6266377412-01,GF893 COMPL. STAZIONE MANDRINO,GF893 SPINDLE STATION COMPLEMENT,COMPLEMENTO STAZIONE MANDRINO - GF893,
1096232490-01,GF893 COMPL. STAZIONE CN,GF893 CN STATION COMPLEMENT,COMPLEMENTO STAZIONE CN - GF893,
4996494207-01,CARICATORE TUBI F 8500,"BUNDLE LOADER L=8,5m","CARICATORE ""F"" L=8,5m",
5679050727-01,VERS.TAGLIO MET.DURO GF893 PROFIBUS,GF893 PROFIBUS HARD METAL CUTTING UNIT,HARD METAL CUTTING UNIT - GF893 PB,
5451365653-01,GF893 COMPL. DOPPIA STAZIONE,GF893 DOUBLE STATION COMPLEMENT,COMPLEMENTO DOPPIA STAZIONE - GF893,
2507687822-01,CILINDRO MORSA GF823,GF823 CLAMP CYLINDER,CILINDRO MORSA - GF823,
2208361050-01,TRASLATORE,CONVEYOR,TRASLATORE,
2217166183-01,REGOLAZIONE ASTA SUPP.MATERIALE,MATERIAL SUPPORT ROD ADJUSTMENT,REGOLAZIONE ASTA SUPPORTO MATERIALE,
0964859206-01,REGOLAZIONE ESTERNA F.C.TESTA,EXTERNAL LIMIT SWITCH HEAD ADJUSTMENT,REGOLAZIONE ESTERNA FINECORSA TESTA,
4433734138-01,SOSTENITORE PEZZI TAGLIATI,SUPPORTER CUT PARTS,SOSTENITORE PEZZI TAGLIATI,
7206542923-01,BANCO UNITA',UNIT BENCH,BANCO UNITÀ,
3954405724-01,UNITA' LAVORO DESTRA,RIGHT CUTTING UNIT,UNITÀ LAVORO DESTRA,
7949560932-01,UNITA' LAVORO SINISTRA,LEFT CUTTING UNIT,UNITÀ LAVORO SINISTRA,
8927553446-01,CENTRALINA E IMP.IDRAULICO,CONTROL UNIT AND HYDRAULIC SYSTEM,CENTRALINA E IMPIANTO IDRAULICO,
4845174103-01,EVACUATORE TRUCIOLI,CHIP EXTRACTOR,EVACUATORE TRUCIOLI,
9778517887-01,BARENO,BORING BAR,BARENO,
4924673798-01,GANASCE BLOCC.PEZZI D.40,PATRS CLAMPING JAWS D40,GANASCE BLOCCAGGIO PEZZI D40,
3934198320-01,CILINDRO RULLO PRESSORE,PRESSER ROLLER CYLINDER,CILINDRO RULLO PRESSORE,
4330556601-01,CILINDRO MOVIMENTAZIONE RULLIERA,ROLLER BED HANDLING CYLINDER,CILINDRO MOVIMENTAZIONE RULLIERA,
8297031134-01,PIANALE DI CARICO L.6000,LOADING BEDL=6m,PIANALE DI CARICO L=6m,
5226826918-01,CARICATORE *F* 6000 GF823,GF823 BUNDLE LOADER L=6m,"CARICATORE ""F"" L=6m - GF823",
1123087916-01,GF823 QUADRO ELETTRICO BASE,GF823 BASIC ELECTRIC PANEL,QUADRO ELETTRICO BASE - GF823,
0668569992-01,GF823 VARIANTE Q.E.B. 220/50,GF823 BASIC EL. PANEL VARIANT 220V/50Hz,VARIANTE QUADRO ELETTRICO BASE - 220V/50Hz - GF823,
5911682631-01,GF823 VARIANTE Q.E.B. 220/60,GF823 BASIC EL. PANEL VARIANT 220V/60Hz,VARIANTE QUADRO ELETTRICO BASE - 220V/60Hz - GF823,
5365611829-01,GF823 VARIANTE Q.E.B. 380-415/50,GF823 B. EL. PANEL VARIANT 380-415V/50Hz,VARIANTE QUADRO ELETTRICO BASE - 380-415V/50Hz - GF823,
2394310411-01,GF823 IMPIANTO FINECORSA BASE,GF823 BASIC LIMIT SWITCH SYSTEM,IMPIANTO FINECORSA BASE - GF823,
3178525921-01,GF823 PULSANTIERA BASE,GF823 BASIC CONTROL PANEL,PULSANTIERA BASE - GF823,
5075108568-01,GF823 COMPL.SALVALAMA,GF823 SAWBLADE GUARD COMPLEMENT,COMPLEMENTO SALVALAMA - GF823,
7523618478-01,GF823 COMPL.VISUALIZZATORE QUOTA,GF823 DIMENSION DISPLAY COMPLEMENT,COMPLEMENTO VISUALIZZATORE QUOTA - GF823,
5312104535-01,GF823 COMPL.EVACUATORE TRUCIOLI,GF823 CHIP EXTRACTOR COMPLEMENT,COMPLEMENTO EVACUATORE TRUCIOLI - GF823,
3103564630-01,GF823 VAR.SCAR.TRUCCIOLI 220/50,GF823 CHIP UNLOADER VARIANT 220V/50Hz,VARIANTE SCARICO TRUCIOLI - 220V/50Hz - GF823,
5826809440-01,GF823 VAR.SCAR.TRUCCIOLI 220/60,GF823 CHIP UNLOADER VARIANT 220V/60Hz,VARIANTE SCARICO TRUCIOLI - 220V/60Hz - GF823,
7245906438-01,GF823 VAR.SCAR.TRUCCIOLI 380-415/50,GF823 CHIP UNLOAD. VARIANT 380-415V/50Hz,VARIANTE SCARICO TRUCIOLI - 380-415V/50Hz - GF823,
6567039624-01,GF823 VAR.INTESTAT.1V 220/50-60,GF823 FACING UNIT VARIANT 220V/50-60Hz,VARIANTE INTESTATRICE 220V/50-60Hz - GF823,
3196167862-01,GF823 VAR.INTESTAT.1V 380/50,GF823 FACING UNIT VARIANT 380V/50Hz,VARIANTE INTESTATRICE 380V/50Hz - GF823,
6887240607-01,GF823 VAR.INTESTAT.1V 415-440/50,GF823 FACING UNIT VARIANT 415-440V/50Hz,VARIANTE INTESTATRICE 415-440V/50Hz - GF823,
8421181355-01,GF823 MOTORI POMPE 220-380/50,GF823 PUMP MOTORS 220-380V/50Hz,MOTORI POMPE - 220-380V/50Hz - GF823,
1880392404-01,GF823 MOTORI POMPE 415-440/50,GF823 PUMP MOTORS 415-440V/50Hz,MOTORI POMPE - 415-440V/50Hz - GF823,
4314995353-01,GF823 MOT.INTESTAT.1V 220-380/60,GF823 FACING UNIT MOTORS 220-380V/60Hz,MOTORI INTESTATRICE 220-380V/60Hz - GF823,
1844329493-01,GF823 MOT.INTESTAT.1V 220-380/50,GF823 FACING UNIT MOTORS 220-380V/50Hz,MOTORI INTESTATRICE 220-380V/50Hz - GF823,
8024194263-01,GF823 MOT.INTESTAT.1V 240-440/50,GF823 FACING UNIT MOTORS 240-440V/50Hz,MOTORI INTESTATRICE 240-440V/50Hz - GF823,
5345684617-01,GF823 MOTORE EVACUATORE 220-380/60,GF823 EXTRACTOR MOTOR 220-380V/60H,MOTORE EVACUATORE - 220-380V/60Hz - GF823,
0932464587-01,GF823 MOTORE EVACUATORE 220-380/50,GF823 EXTRACTOR MOTOR 220-380V/50H,MOTORE EVACUATORE - 220-380V/50Hz - GF823,
5663007207-01,GF823 MOTORE EVACUATORE 415/50,GF823 EXTRACTOR MOTOR 415V/50H,MOTORE EVACUATORE - 415V/50Hz - GF823,
1473154271-01,BQ599 - KIT PONTE L=1500,"BQ599 BRIDGE KIT L=1,5m","KIT PONTE L=1,5m - BQ599",
7339806283-01,BQ599 - KIT PONTE L=3000,BQ599 BRIDGE KIT L=3m,KIT PONTE L=3m - BQ599,
2747701172-01,BQ599 - KIT PONTE L=4500,"BQ599 BRIDGE KIT L=4,5m","KIT PONTE L=4,5m - BQ599",
9575982334-01,BQ599 - KIT PONTE L=6090,"BQ599 BRIDGE KIT L=6,09m","KIT PONTE L=6,09m - BQ599",
2177208706-01,COLLEG. A FK 7222 CON ASCIUGATURA,CONNECTION TO FK7222 WITH DRYING,COLLEGAMENTO A FK7222 CON ASCIUGATURA,
8338228257-01,CAVO CONCATEN. MACCH. GIA' PIAZZATE,CHAINING CABLE ALREADY PLACED MACHINES,CAVO CONCATENAMENTO MACCHINE GIÀ PIAZZATE,
2656020646-01,COLLEGAMENTO JB59-9822 C/O CLIENTE,"JB59 L=1,5m CONNECTION AT CUSTOMER","COLLEGAMENTO C/O CLIENTE - JB59 L=1,5m",
1118847740-01,COLLEGAMENTO JB59-7222 C/O CLIENTE,JB59 L=3m CONNECTION AT CUSTOMER,COLLEGAMENTO C/O CLIENTE - JB59 L=3m,
6414976829-01,COLLEGAMENTO JB59-6822 C/O CLIENTE,"JB59 L=4,5m CONNECTION AT CUSTOMER","COLLEGAMENTO C/O CLIENTE - JB59 L=4,5m",
5683692109-01,BQ599 YK442 L=1500,"BQ599 FOR YK442 L=1,5m","BQ599 - YK442 L=1,5m",
6548956140-01,BQ599 - YK442 L=3000,BQ599 FOR YK442 L=3m,BQ599 - YK442 L=3m,
5163282847-01,INTEGRAZIONE BQ599 X FY322 L=1500,"BQ599 INTEGRATION FOR FY322 L=1,5m","INTEGRAZIONE BQ599 PER FY322 L=1,5m",
5621817248-01,INTEGRAZIONE BQ599 X FY322 L=3000,BQ599 INTEGRATION FOR FY322 L=3m,INTEGRAZIONE BQ599 PER FY322 L=3m,
6978146346-01,INTEGRAZIONE BQ599 X FY322 L=4500,"BQ599 INTEGRATION FOR FY322 L=4,5m","INTEGRAZIONE BQ599 PER FY322 L=4,5m",
6369327193-01,CULLA PACCHI ESAGONALI,CRADLE HEXAGONAL PACKS,CULLA PACCHI ESAGONALI,
1419071277-01,CULLA PACCHI QUADRI/ESAGONALI,CRADLE SQUARE/HEXAGONAL PACKS,CULLA PACCHI QUADRI/ESAGONALI,
3528958327-01,PIANTONI DEPOSITO SCARTI,SCRAPS STORAGE,PIANTONI DEPOSITO SCARTI,
4037762306-01,SCAMBIO CASSA LONG. L=3000 400/50,LONGITUDINAL BOX EXCHANGE L=3m 400V/50Hz,SCAMBIO CASSA LONGITUDINALE L=3m - 400V/50Hz,
1312787805-01,INT. CONC. BQ922 - ST,BQ922-ST CHAINING INTEGRATION,INTEGRAZIONE CONCATENAMENTO BQ922-ST,
1535041295-01,INT. CONC. BQ922 - FY922,BQ922-FY922 CHAINING INTEGRATION,INTEGRAZIONE CONCATENAMENTO BQ922-FY922,
3215980055-01,INT. CONC. BQ922 - GUMIDOBUC,BQ922-GUMIDOBUC CHAINING INTEGRATION,INTEGRAZIONE CONCATENAMENTO BQ922-GUMIDOBUC,
3802761211-01,QG532 SUPPL. 1 RISC. MANUALE L=1500,"QG532 1° MANUAL LOCATOR L=1,5m SUPPLEM.","SUPPLEMENTO 1° RISCONTRO MANUALE L=1,5m - QG532",
3373095176-01,QG532 SUPPL. 1 RISC. MANUALE L=3000,QG532 1° MANUAL LOCATOR L=3m SUPPLEMENT,SUPPLEMENTO 1° RISCONTRO MANUALE L=3m - QG532,
9872563166-01,QG532 SUPPL. 1 RISC. MANUALE L=4500,"QG532 1° MANUAL LOCATOR L=4,5m SUPPLEM.","SUPPLEMENTO 1° RISCONTRO MANUALE L=4,5m - QG532",
1651641014-01,QG532 SUPPL. 1 RISC. MANUALE L=6090,"QG532 1° MANUAL LOCATOR L=6,09m SUPPLEM.","SUPPLEMENTO 1° RISCONTRO MANUALE L=6,09m - QG532",
3527418027-01,QG532 SUPPL.DOPPIO RISC.MAN. L=1500,"QG532 2° MANUAL LOCATOR L=1,5m SUPPLEM.","SUPPLEMENTO 2° RISCONTRO MANUALE L=1,5m - QG532",
2402304966-01,QG532 SUPPL.DOPPIO RISC.MAN. L=3000,QG532 2° MANUAL LOCATOR L=3m SUPPLEMENT,SUPPLEMENTO 2° RISCONTRO MANUALE L=3m - QG532,
7447611079-01,QG532 SUPPL.DOPPIO RISC.MAN. L=4500,"QG532 2° MANUAL LOCATOR L=4,5m SUPPLEM.","SUPPLEMENTO 2° RISCONTRO MANUALE L=4,5m - QG532",
5236993240-01,QG532 SUPPL.DOPPIO RISC.MAN. L=6090,"QG532 2° MANUAL LOCATOR L=6,09m SUPPLEM.","SUPPLEMENTO 2° RISCONTRO MANUALE L=6,09m - QG532",
2194752732-01,QG532 TESTA I 25-50 220/50,"""I"" HEAD 25-50m/min 220V/50Hz - QG532","TESTA ""I"" 25-50m/min - 220V/50Hz - QG532",
7429956423-01,QG532 TESTA I 25-50 220/60,"""I"" HEAD 25-50m/min 220V/60Hz - QG532","TESTA ""I"" 25-50m/min - 220V/60Hz - QG532",
3025984329-01,QG532 TESTA I 25-50 400/50,"""I"" HEAD 25-50m/min 400V/50Hz - QG532","TESTA ""I"" 25-50m/min - 400V/50Hz - QG532",
9018623071-01,QG532 TESTA I 50-100 220/50,"""I"" HEAD 50-100m/min 220V/50Hz - QG532","TESTA ""I"" 50 -100m/min - 220V/50Hz - QG532",
1417104092-01,QG532 TESTA I 50-100 220/60,"""I"" HEAD 50-100m/min 220V/60Hz - QG532","TESTA ""I"" 50 -100m/min - 220V/60Hz - QG532",
1119768971-01,QG532 TESTA I 50-100 400/50,"""I"" HEAD 50-100m/min 400V/50Hz - QG532","TESTA ""I"" 50 -100m/min - 400V/50Hz - QG532",
53379596-9-01,TESTA OPERATRICE A VITE SENZA FINE,WORM SCREW OPERATING HEAD,TESTA OPERATRICE A VITE SENZA FINE,
2411477713-01,QG532 TESTA I 100-200 220/50,"""I"" HEAD 100-200m/min 220V/50Hz - QG532","TESTA ""I"" 100-200 m/min - 220V/50Hz - QG532",
6487492682-01,QG532 TESTA I 100-200 220/60,"""I"" HEAD 100-200m/min 220V/60Hz - QG532","TESTA ""I"" 100-200 m/min - 220V/60Hz - QG532",
1904697620-01,QG532 TESTA I 100-200 400/50,"""I"" HEAD 100-200m/min 400V/50Hz - QG532","TESTA ""I"" 100-200 m/min - 400V/50Hz - QG532",
8020917967-01,QG532 TESTA I 250-500 220/50,"""I"" HEAD 250-500m/min 220V/50Hz - QG532","TESTA ""I"" 250-500m/min - 220V/50Hz - QG532",
9798693216-01,QG532 TESTA I 250-500 220/60,"""I"" HEAD 250-500m/min 220V/60Hz - QG532","TESTA ""I"" 250-500m/min - 220V/60Hz - QG532",
8674723467-01,QG532 TESTA I 250-500 400/50,"""I"" HEAD 250-500m/min 400V/50Hz - QG532","TESTA ""I"" 250-500m/min - 400V/50Hz - QG532",
3762173134-01,QG532 TESTA P10V 32..254 220/50,"""P"" 10S HEAD 32-254m/min 220V/50Hz-QG532","TESTA ""P"" 10 VELOCITÀ 32-254m/min - 220V/50Hz - QG532",
7716803149-01,QG532 TESTA P10V 32..254 220/60,"""P"" 10S HEAD 32-254m/min 220V/60Hz-QG532","TESTA ""P"" 10 VELOCITÀ 32-254m/min - 220V/60Hz - QG532",
5752265895-01,QG532 TESTA P10V 32..254 400/50,"""P"" 10S HEAD 32-254m/min 400V/50Hz-QG532","TESTA ""P"" 10 VELOCITÀ 32-254m/min - 400V/50Hz-QG532",
2703947419-01,QG532 TESTA P6V 16..127 220/50,"""P"" 6S HEAD 16-127m/min 220V/50Hz -QG532","TESTA ""P"" 6 VELOCITÀ 16-127 - 220V/50Hz - QG532",
6437691782-01,QG532 TESTA P6V 16..127 220/60,"""P"" 6S HEAD 16-127m/min 220V/60Hz -QG532","TESTA ""P"" 6 VELOCITÀ 16-127 - 220V/60Hz - QG532",
6137144777-01,QG532 TESTA P6V 16..127 400/50,"""P"" 6S HEAD 16-127m/min 400V/50Hz -QG532","TESTA ""P"" 6 VELOCITÀ 16-127 - 400V/50Hz - QG532",
5676593741-01,DISP. RIDUZIONE PRESSIONE MORSA,CLAMP PRESSURE REDUCING DEVICE,DISPOSITIVO RIDUZIONE PRESSIONE MORSA,
1165875995-01,QG532 IMP.TURBOREFRIGERAZIONE DISCO,QG532 SAWBLADE TURBO-COOLING SYSTEM,IMPIANTO TURBOREFRIGERAZIONE LAMA - QG532,
9402692202-01,QG532 SISTEMA FUMARAV,QG532 FUMARAV,FUMARAV -QG532,
6599872216-01,MICROLUBRIFICAZIONE ILC PER QG532,"QG532 ""ILC"" MICROLUBRICATION",MICROLUBRIFICAZIONE ILC - QG532,
7804367626-01,QG532 SUPPL. VERNICIATURA SPECIALE,QG532 SPECIAL PAINT SUPPLEMENT,SUPPLEMENTO VERNICIATURA SPECIALE - QG532,
5051578863-01,QG532 SEPARATORE SFRIDI L=1500,"QG532 SCRAP SEPARATOR L=1,5m","SEPARATORE SFRIDI L=1,5m - QG532",
9019685596-01,QG532 SEPARATORE SFRIDI L=3000,QG532 SCRAP SEPARATOR L=3m,SEPARATORE SFRIDI L=3m - QG532,
1463315921-01,QG532 SEPARATORE SFRIDI L=4500/6090,"QG532 SCRAP SEPARATOR L=4,5-6,09m","SEPARATORE SFRIDI L=4,5-6,09m - QG532",
3736716775-01,QG532 SUPPL. 1 RISC. VISUAL. L=1500,"QG532 1° DISPLAYED LOCATOR L=1,5m SUPPL.","SUPPLEMENTO 1° RISCONTRO VISUALIZZATO L=1,5m - QG532",
2211947140-01,QG532 SUPPL. 1 RISC. VISUAL. L=3000,QG532 1° DISPLAYED LOCATOR L=3m SUPPLEM.,SUPPLEMENTO 1° RISCONTRO VISUALIZZATO L=3m - QG532,
8402739144-01,QG532 SUPPL. 1 RISC. VISUAL. L=4500,"QG532 1° DISPLAYED LOCATOR L=4,5m SUPPL.","SUPPLEMENTO 1° RISCONTRO VISUALIZZATO L=4,5m - QG532",
3397049355-01,QG532 SUPPL.DOPPIO RISC.VIS. L=1500,"QG532 2° DISPLAYED LOCATOR L=1,5m SUPPL.","SUPPLEMENTO 2° RISCONTRO VISUALIZZATO L=1,5m - QG532",
7802101169-01,QG532 SUPPL.DOPPIO RISC.VIS. L=3000,QG532 2° DISPLAYED LOCATOR L=3m SUPPLEM.,SUPPLEMENTO 2° RISCONTRO VISUALIZZATO L=3m - QG532,
7595072890-01,QG532 SUPPL.DOPPIO RISC.VIS. L=4500,"QG532 2° DISPLAYED LOCATOR L=4,5m SUPPL.","SUPPLEMENTO 2° RISCONTRO VISUALIZZATO L=4,5m - QG532",
1597622995-01,QG532 SUPPL. 1 RISC. VISUAL. L=6090,"QG532 1°DISPLAYED LOCATOR L=6,09m SUPPL.","SUPPLEMENTO 1° RISCONTRO VISUALIZZATO L=6,09m - QG532",
3225197654-01,QG532 SUPPL.DOPPIO RISC.VIS. L=6090,"QG532 2°DISPLAYED LOCATOR L=6,09m SUPPL.","SUPPLEMENTO 2° RISCONTRO VISUALIZZATO L=6,09m - QG532",
5615484597-01,QG532 VASCA RACCOLTA TRUCIOLI MAN.,QG532 MANUAL CHIP COLLECTION TANK,VASCA RACCOLTA TRUCIOLI MANUALE - QG532,
4699683688-01,QG532 TESTA PI INVERTER 220/50-60,"""PI-INVERTER"" HEAD 220V/50-60Hz - QG532","TESTA ""PI"" INVERTER - 220V/50-60Hz - QG532",
4779373053-01,QG532 TESTA PI INVERTER 400/50-60,"""PI-INVERTER"" HEAD 400V/50-60Hz - QG532","TESTA ""PI"" INVERTER - 400V/50-60Hz - QG532",
6324062033-01,QG532 MODIF. CARIC. TUBI IRREGOLARI,QG532 LOADER IRREGULAR TUBE MODIFY,MODIFICA CARICATORE TUBI IRREGOLARI - QG532,
6918178824-01,QG532 MODIF. CARIC. TUBI PREFORATI,QG532 LOADER PRE-DRILLED TUBE MODIFY,MODIFICA CARICATORE TUBI PREFORATI - QG532,
6631712560-01,QG532 MODIF. PER TAGLIO MIN. 25 MM.,QG532 MINIMUM CUT L=25mm MODIFY,MODIFICA TAGLIO MINIMO L=25mm - QG532,
288959915J-01,PINZE DI PRESA D.10-60 L=120-500,GRIPPER CLAMPS D10-60 L=120-500mm,PINZE DI PRESA D10-60 L=120-500mm,
1711260582-01,QG532 MOD.TAGLIO MIN.25 C/O CLIENTE,QG532 MIN. CUT L=25mm MODIFY C/O CLIENT,MODIFICA TAGLIO MINIMO L=25mm C/O CLIENTE - QG532,
3156585128-01,KIT ALLINEAMENTO SPALLA SOSTENITORE,SUPPORTER SHOULDER ALIGNMENT KIT,KIT ALLINEAMENTO SPALLA SOSTENITORE,
7813032584-01,KIT ADEGUAMENTO RIPARI QG532 1500,"QG532 GUARDS ADJUSTMENT KIT L=1,5m","KIT ADEGUAMENTO RIPARI L=1,5m - QG532",
8104469693-01,KIT ADEGUAMENTO RIPARI QG532 3000,QG532 GUARDS ADJUSTMENT KIT L=3m,KIT ADEGUAMENTO RIPARI L=3m - QG532,
9003040720-01,KIT ADEGUAMENTO RIPARI QG532 4500,"QG532 GUARDS ADJUSTMENT KIT L=4,5m","KIT ADEGUAMENTO RIPARI L=4,5m - QG532",
5847112536-01,KIT ADEGUAMENTO RIPARI QG532 6090,"QG532 GUARDS ADJUSTMENT KIT L=6,09m","KIT ADEGUAMENTO RIPARI L=6,09m - QG532",
57706039EN-01,QG532 GANASCE AVVOLGENTI D. 10-40,QG532 WRAP-AROUND JAWS D10-40,GANASCE AVVOLGENTI D10-40 - QG532,
40232114RS-01,QG532 GANASCE AVVOLGENTI D. > 40,QG532 WRAP-AROUND JAWS D>40,GANASCE AVVOLGENTI D>40 - QG532,
8251252472-01,QG532 SUPPL. 1 RISC. AUT. L=1500,"QG532 1° AUTOM. LOCATOR L=1,5m SUPPLEM.","SUPPLEMENTO 1° RISCONTRO AUTOMATICO L=1,5m - QG532",
3992494093-01,QG532 SUPPL. 1 RISC. AUT. L=3000,QG532 1° AUTOM. LOCATOR L=3m SUPPLEM.,SUPPLEMENTO 1° RISCONTRO AUTOMATICO L=3m - QG532,
5644923741-01,QG532 SUPPL. 1 RISC. AUT. L=4500,"QG532 1° AUTOM. LOCATOR L=4,5m SUPPLEM.","SUPPLEMENTO 1° RISCONTRO AUTOMATICO L=4,5m - QG532",
3986066151-01,QG532 SUPPL.DOPPIO RISC.AUT. L=1500,"QG532 2° AUTOM. LOCATOR L=1,5m SUPPLEM.","SUPPLEMENTO 2° RISCONTRO AUTOMATICO L=1,5m - QG532",
5310519543-01,QG532 SUPPL.DOPPIO RISC.AUT. L=3000,QG532 2° AUTOMATIC LOCATOR L=3m SUPPLEM.,SUPPLEMENTO 2° RISCONTRO AUTOMATICO L=3m - QG532,
8420199858-01,QG532 SUPPL.DOPPIO RISC.AUT. L=4500,"QG532 2° AUTOM. LOCATOR L=4,5m SUPPLEM.","SUPPLEMENTO 2° RISCONTRO AUTOMATICO L=4,5m - QG532",
2436365666-01,QG532 SUPPL. 1 RISC. AUT. L=6090,"QG532 1° AUTOM. LOCATOR L=6,09m SUPPLEM.","SUPPLEMENTO 1° RISCONTRO AUTOMATICO L=6,09m - QG532",
4568282306-01,QG532 SUPPL.DOPPIO RISC.AUT. L=6090,"QG532 2° AUTOM. LOCATOR L=6,09m SUPPLEM.","SUPPLEMENTO 2° RISCONTRO AUTOMATICO L=6,09m - QG532",
2650805580-01,VEDI 6950256008 CAR. UNIFICATO,SEE 6950256008 UNIFIED LOADER,VEDI 6950256008 CARICATORE UNIFICATO,
6009178369-01,VEDI 7358105331 CAR. UNIFICATO,SEE 7358105331 UNIFIED LOADER,VEDI 7358105331 CARICATORE UNIFICATO,
0186805685-01,QG532 RIDUTTRICE PRESSIONE MORSA,QG532 CLAMP PRESSURE REDUCER,RIDUTTRICE PRESSIONE MORSA - QG532,
8773051470-01,SOFFIO SU MORSA QG532 - JK462,QG532/JK462 BLOW ON CLAMP,SOFFIO SU MORSA - QG532-JK462,
8809839029-01,DIAGNOSI REMOTA PER QG532 E GF429,QG532/GF429 REMOTE DIAGNOSIS,DIAGNOSI REMOTA - QG532-GF429,
2120047613-01,TELEDIAGN. INTERNET VPN GF429/QG532,QG532 VPN INTERNET TELEDIAGNOSIS,TELEDIAGNOSI INTERNET VPN - GF429-QG532,
3463655249-01,INTEGRAZIONE MOKENIR,MOKENIR INTEGRATION,INTEGRAZIONE - MOKENIR,
6896781916-01,INTEGRAZIONE MOKENIR SCARICO 1500,"MOKENIR UNLOADER L=1,5m INTEGRATION","INTEGRAZIONE SCARICO L=1,5m - MOKENIR",
0226113345-01,INTEGRAZIONE MOKENIR SCARICO 3000,MOKENIR UNLOADER L=3m INTEGRATION,INTEGRAZIONE SCARICO L=3m - MOKENIR,
6359338401-01,INTEGRAZIONE MOKENIR SCARICO 4500,"MOKENIR UNLOADER L=4,5m INTEGRATION","INTEGRAZIONE SCARICO L=4,5m - MOKENIR",
1318910201-01,INTEGRAZIONE MOKENIR SCARICO 6090,"MOKENIR UNLOADER L=6,09m INTEGRATION","INTEGRAZIONE SCARICO L=6,09m - MOKENIR",
2586125549-01,MOKENIR SUPPL. 1 RISC. MANUALE 1500,"MOKENIR 1° MANUAL LOCATOR L=1,5m SUPPL.","SUPPLEMENTO 1° RISCONTRO MANUALE L=1,5m - MOKENIR",
2591269061-01,MOKENIR SUPPL. 1 RISC. MANUALE 3000,MOKENIR 1° MANUAL LOCATOR L=3m SUPPLEM.,SUPPLEMENTO 1° RISCONTRO MANUALE L=3m - MOKENIR,
8373274125-01,MOKENIR SUPPL. 1 RISC. MANUALE 4500,"MOKENIR 1° MANUAL LOCATOR L=4,5m SUPPL.","SUPPLEMENTO 1° RISCONTRO MANUALE L=4,5m - MOKENIR",
6308777621-01,MOKENIR SUPPL. 1 RISC. MANUALE 6090,"MOKENIR 1° MANUAL LOCATOR L=6,09m SUPPL.","SUPPLEMENTO 1° RISCONTRO MANUALE L=6,09m - MOKENIR",
0137877518-01,MOKENIR SUPPL. 2 RISC. MANUALE 1500,"MOKENIR 2° MANUAL LOCATOR L=1,5m SUPPL.","SUPPLEMENTO 2° RISCONTRO MANUALE L=1,5m - MOKENIR",
6139662861-01,MOKENIR SUPPL. 2 RISC. MANUALE 3000,MOKENIR 2° MANUAL LOCATOR L=3m SUPPLEM.,SUPPLEMENTO 2° RISCONTRO MANUALE L=3m - MOKENIR,
1757757179-01,MOKENIR SUPPL. 2 RISC. MANUALE 4500,"MOKENIR 2° MANUAL LOCATOR L=4,5m SUPPL.","SUPPLEMENTO 2° RISCONTRO MANUALE L=4,5m - MOKENIR",
9822492354-01,MOKENIR SUPPL. 2 RISC. MANUALE 6090,"MOKENIR 2° MANUAL LOCATOR L=6,09m SUPPL.","SUPPLEMENTO 2° RISCONTRO MANUALE L=6,09m - MOKENIR",
1080897458-01,MOKENIR SUPPL. 1? RISC. AUT L=1500,"MOKENIR 1° AUT. LOCATOR L=1,5m SUPPLEM.","SUPPLEMENTO 1° RISCONTRO AUTOMATICO L=1,5m - MOKENIR",
5301752155-01,MOKENIR SUPPL. 1? RISC. AUT L=3000,MOKENIR 1° AUTOM. LOCATOR L=3m SUPPLEM.,SUPPLEMENTO 1° RISCONTRO AUTOMATICO L=3m - MOKENIR,
9427289325-01,MOKENIR SUPPL. 1? RISC. AUT L=4500,"MOKENIR 1° AUT. LOCATOR L=4,5m SUPPLEM.","SUPPLEMENTO 1° RISCONTRO AUTOMATICO L=4,5m - MOKENIR",
8526511749-01,MOKENIR SUPPL. 1? RISC. AUT L=6090,"MOKENIR 1° AUT. LOCATOR L=6,09m SUPPLEM.","SUPPLEMENTO 1° RISCONTRO AUTOMATICO L=6,09m - MOKENIR",
4751022581-01,SUPPL.CARIC. TUBI DELICATI L=8500,"LOADER DELICATE TUBE L=8,5m SUPPLEMENT","SUPPLEMENTO CARICATORE TUBO DELICATO L=8,5m",
4872261209-01,SUPPL.CARIC. TUBI DELICATI L=12500,"LOADER DELICATE TUBE L=12,5m SUPPLEMENT","SUPPLEMENTO CARICATORE TUBI DELICATI L=12,5m",
5632708150-01,SUPPLEMENTO GOM 5M,LAK. BUNDLE LOADER 5 PILLAR SUPPLEMENT,SUPPLEMENTO GOM 5 MONTANTI,
1916412536-01,SUPPLEMENTO GOM 7M,LAK. BUNDLE LOADER 7 PILLAR SUPPLEMENT,SUPPLEMENTO GOM 7 MONTANTI,
4508043161-01,PROLUNGA GOM 2M,LAK. EXTENSION L=2m,PROLUNGA GOM L=2m,
8058296797-01,PROLUNGA GOM 5M,LAK. EXTENSION L=5m,PROLUNGA GOM L=5m,
6716465472-01,RETI MOKENIR,FENCES MOKENIR,RETI - MOKENIR,
1314262131-01,RETI MOKENIR-BQ599,FENCES MOKENIR-BQ599,RETI - MOKENIR-BQ599,
0651487451-01,RETI MOKENIR-BQ599 A PONTE,FENCES MOKENIR-BQ599(P),RETI - MOKENIR-BQ599(P),
8521815633-01,RETI MOKENIR-YK442,FENCES MOKENIR-YK442,RETI - MOKENIR-YK442,
9391876037-01,RETI MOKENIR-YK442-BQ599(PONTE),FENCES MOKENIR-YK442-BQ599(P),RETI - MOKENIR-YK442-BQ599(P),
1082280064-01,RETI MOKENIR-YK442-FY322-(BQ599P),FENCES MOKENIR-YK442-FY322-BQ599P,RETI - MOKENIR-YK442-FY322-BQ599P,
8935834800-01,RETI MOKENIR-YK442-FY322-WM(BQ599P),FENCES MOKENIR-YK442-FY322-WM-BQ599P,RETI - MOKENIR-YK442-FY322-WM-BQ599P,
1862883961-01,RETI MOKENIR-YK442-FK493 (BQ599P),FENCES MOKENIR-YK442-FK493-BQ599P,RETI - MOKENIR-YK442-FK493-BQ599P,
6693884919-01,MOKENIR MODIF. PER TAGLIO MIN. 25MM,MOKENIR MINIMUM CUT L=25mm MODIFY,MODIFICA TAGLIO MINIMO L=25mm - MOKENIR,
0355438429-01,MOKENIR MOD.TAGLIO 25 C/O CLIENTE,MOKENIR MIN.CUT L=25mm MODIFY C/O CLIENT,MODIFICA TAGLIO MINIMO L=25mm C/O CLIENTE - MOKENIR,
34808978TE-01,MOKENIR GANASCE AVVOLGENTI D.10-40,MOKENIR WRAP-AROUND JAWS D10-40,GANASCE AVVOLGENTI D10-40 - MOKENIR,
73918762JS-01,MOKENIR GANASCE AVVOLGENTI D. > 40,MOKENIR WRAP-AROUND JAWS D>40,GANASCE AVVOLGENTI D>40 - MOKENIR,
8857635202-01,INTEGRAZIONE MOKENIR² BITUBO,MOKENIR TWIN-TUBE INTEGRATION,INTEGRAZIONE MOKENIR BITUBO,
3019113842-01,MOKENIR SUPPL. 2^ RISC. AUT L=1500,"MOKENIR 2° AUT. LOCATOR L=1,5m SUPPLEM.","SUPPLEMENTO 2° RISCONTRO AUTOMATICO L=1,5m - MOKENIR",
2961182554-01,MOKENIR SUPPL. 2^ RISC. AUT L=3000,MOKENIR 2° AUTOM. LOCATOR L=3m SUPPLEM.,SUPPLEMENTO 2° RISCONTRO AUTOMATICO L=3m - MOKENIR,
8953343876-01,MOKENIR SUPPL. 2^ RISC. AUT L=4500,"MOKENIR 2° AUT. LOCATOR L=4,5m SUPPLEM.","SUPPLEMENTO 2° RISCONTRO AUTOMATICO L=4,5m - MOKENIR",
5670799447-01,MOKENIR SUPPL. 2^ RISC. AUT L=6090,"MOKENIR 2° AUT. LOCATOR L=6,09m SUPPLEM.","SUPPLEMENTO 2° RISCONTRO AUTOMATICO L=6,09m - MOKENIR",
5967144998-01,AUTOTRASF. MULTITENS. 22K TW-TS-GF,MOKENIR/TS/GF MULTITENS. AUTOTRAN. 22kVA,AUTOTRASFORMATORE MULTITENSIONE 22K - MOKENIR-TS-GF,
8112732524-01,MOKENIR - POMPA EMULS. VE 480V-60HZ,MOKENIR EMULSION PUMP 480V/60Hz,POMPA EMULSIONE - 480V/60Hz - MOKENIR,
8206937180-01,MOKENIR - MICROLUBR. OLIO-EMULSIONE,MOKENIR OIL/EMULSION MICROLUBRICATION,MICROLUBRIFICAZIONE OLIO-EMULSIONE - MOKENIR,
2160215136-01,RETI MOKENIR-YK443-FK433 (BQ599P),FENCES MOKENIR-YK443-FK433 BQ599P,RETI - MOKENIR-YK443-FK433 BQ599P,
1624990293-01,CONCATENAMENTO FK492-YK442,FK492-YK442 CHAINING,CONCATENAMENTO FK492-YK442,
6358191960-01,CONCATEN. FK492-MACCH. GIA'INSTALL.,FK492 CHAINING MACHINE ALREADY INSTALLED,CONCATENAMENTO FK492-MACCHINA GIÀ INSTALLATA,
6364530379-01,SISTEMA ASCIUGATURA FK492 400/50,FK492 DRYING SYSTFG 622V/50Hz,SISTEMA ASCIUGATURA - 400V/50Hz - FK492,
3729602680-01,ASPIRATORE VAPORI FK492 400/50,FK492 VAPOR EXTRACTOR 400V/50Hz,ASPIRATORE VAPORI - 400V/50Hz - FK492,
1492313362-01,SISTEMA DISOLEATORE FK492 400/50,FK492 AUTOMATIC OIL-SEPARATOR 400V/50Hz,SISTEMA DISOLEATORE - 400V/50Hz - FK492,
1002184683-01,SISTEMA SOFFIO LONGITUDINALE SUPPL.,ADDITIONAL LONGITUDINAL BLOW SYSTEM,SISTEMA SOFFIO LONGITUDINALE SUPPLEMENTARE,
1570026875-01,SISTEMA FERMAPEZZO TONDI PESANTI,HEAVY DUTY ROUND PART STOP SYSTEM,SISTEMA FERMAPEZZO TONDI PESANTI,
7611307183-01,SISTEMA ASPIRAZIONE NEBBIE FK499,FK499 MIST EXTRACTOR SYSTEM,SISTEMA ASPIRAZIONE NEBBIE - FK499,
8314709103-01,CONSOLLE FK493 PER FUNZ. AUTONOMO,FK493 CONSOLE FOR INDEPENDENT OPERATION,CONSOLLE PER FUNZIONAMENTO AUTONOMO - FK493,
5243018541-01,INTEGRAZIONE FK493 X MOKENIR,FK493 INTEGRATION FOR MOKENIR,INTEGRAZIONE FK493 PER MOKENIR,
8786167189-01,INTEGRAZIONE FK493 X JB53,FK493 INTEGRATION FOR JB53,INTEGRAZIONE FK493 PER JB53,
0812376455-01,INTEGRAZIONE CONC. YK442-FK493 BASE,YK442-FK493 BASISC CHAINING INTEGRATION,INTEGRAZIONE CONCATENAMENTO YK442-FK493 BASE,
7804853384-01,INT. CONC. YK443-FK493 CON SOFFIO,YK443-FK493 CHAINING W BLOW INTEGRATION,INTEGRAZIONE CONCATENAMENTO YK443-FK493 CON SOFFIO,
5543418461-01,INT. CONC. YK443-FK493 SENZA SOFFIO,YK443-FK493 CHAINING W/O BLOW INTEGRAT.,INTEGRAZIONE CONCATENAMENTO YK443-FK493 SENZA SOFFIO,
0795616423-01,INT.CONC. SOSTENITORE INTERM. YK443,INTERM. SUPPORTER CHAINING INTEGR. YK443,INTEGRAZIONE CONCATENAMENTO SOSTENITORE INTERMEDIO YK443,
9561997167-01,INT. CONC. FY322-FK493,FY322-FK493 CHAINING INTEGRATION,INTEGRAZIONE CONCATENAMENTO FY322-FK493,
7427118554-01,INT.CONC. SOSTENITORE INTERM. FY322,INTERM. SUPPORTER CHAINING INTEGR. FY322,INTEGRAZIONE CONCATENAMENTO SOSTENITORE INTERMEDIO - FY322,
1853651017-01,INT. CONC. YK449-FK493,YK449-FK493 CHAINING INTEGRATION,INTEGRAZIONE CONCATENAMENTO YK449-FK493,
7505346642-01,INT.CONC. SOSTENITORE INTERM. YK449,INTERM. SUPPORTER CHAINING INTEGR. YK449,INTEGRAZIONE CONCATENAMENTO SOSTENITORE INTERMEDIO YK449,
7109128672-01,INTEGRAZIONE FK433 X MOKENIR,FK433 INTEGRATION FOR MOKENIR,INTEGRAZIONE FK433 PER MOKENIR,
1286819454-01,AUTOTRASF. MULTITENSIONE 85K FK433,FK433 MULTITENSION AUTOTRANSFORMER 85K,AUTOTRASFORMATORE MULTITENSIONE 85K - FK433,
5179151108-01,MOTORI DISP. 480V/60HZ FK433,FK433 DEVICE MOTORS 480V/60Hz,MOTORI DISPOSITIVO 480V/60Hz - FK433,
0568365815-01,PIANALE DI SCARICO L=1500,"UNLOADING BED L=1,5m","PIANALE DI SCARICO L=1,5m",
2805470520-01,PIANALE DI SCARICO L=3000,UNLOADING BED L=3m,PIANALE DI SCARICO L=3m,
6267187651-01,PIANALE DI SCARICO L=4500,"UNLOADING BED L=4,5m","PIANALE DI SCARICO L=4,5m",
9519758755-01,SECONDO RISCONTRO DI TAGLIO L=1500,"2° LOCATOR L=1,5m","2° RISCONTRO DI TAGLIO L=1,5m",
7579134886-01,SECONDO RISCONTRO DI TAGLIO L=3000,2° LOCATOR L=3m,2° RISCONTRO DI TAGLIO L=3m,
5870751094-01,SECONDO RISCONTRO DI TAGLIO L=4500,"2° LOCATOR L=4,5m","2° RISCONTRO DI TAGLIO L=4,5m",
5610161820-01,SEPARATORE SFRIDI A TRE VIE L=1500,"3-WAY SCRAP SEPARATOR L=1,5m","SEPARATORE SFRIDI A TRE VIE L=1,5m",
6508030314-01,SEPARATORE SFRIDI A TRE VIE L=3000,3-WAY SCRAP SEPARATOR L=3m,SEPARATORE SFRIDI A TRE VIE L=3m,
1001572483-01,SEPARATORE SFRIDI A TRE VIE L=4500,"3-WAY SCRAP SEPARATOR L=4,5m","SEPARATORE SFRIDI A TRE VIE L=4,5m",
7817393585-01,SUPPL. CAR. A 6500 TUBI DELICATI,"""A"" LOADER DELICATE TUBE L=6,5m SUPPLEM.","SUPPLEMENTO CARICATORE ""A"" L=6,5m TUBO DELICATO",
1669626509-01,TESTA 2V (30-60 M/MIN) 400/50,2S HEAD 30-60m/min 400V/50Hz,TESTA 2 VELOCITÀ 30-60m/min - 400V/50Hz,
1767418348-01,TESTA 2V (60-120 M/MIN) 400/50,2S HEAD 60-120m/min 400V/50Hz,TESTA 2 VELOCITÀ 60-120m/min - 400V/50Hz,
5043645675-01,TESTA 4V (15-30-45-90 M/MIN) 400/50,4S HEAD 15-30-45-90m/min 400V/50Hz,TESTA 4 15-30-45-90m/min - 400V/50Hz,
8651328895-01,TESTA 4V (30-60-90-180 M/MIN)400/50,4S HEAD 30-60-90-180m/min 400V/50Hz,TESTA 4 VELOCITÀ 30-60-90-180m/min - 400V/50Hz,
0048264592-01,TESTA 4V (60-120-180-360 M/MIN),4S HEAD 60-120-180-360m/min,TESTA 4 VELOCITÀ 60-120-180-360m/min,
8464363000-01,FUMARAV SEGATRICE SMART,SMART SAWING MACHINE FUMARAV,FUMARAV SEGATRICE SMART,
965715463H-01,GANASCE AVVOLGENTI PER D.=6-40,WRAP-AROUND JAWS D6-40,GANASCE AVVOLGENTI D6-40,
056305081K-01,GANASCE AVVOLGENTI PER D.=40-80,WRAP-AROUND JAWS D40-80,GANASCE AVVOLGENTI D40-80,
4390246699-01,INTEGRAZIONE LASER MUM. STS,LASER GIDEZARE STS INTEGRATION,INTEGRAZIONE LASER MUM STS,
8973444495-01,INTEGRAZIONE LASER SERUNN FEKOT DC-K,LASER SERUNN FEKOT DC-K INTEGRATION,INTEGRAZIONE LASER SERUNN FEKOT DC-K,
3362638763-01,SISTEMA OTTICO RICERCA SALDATURA,OPTICAL WELD SEARCH DEVICE,SISTEMA OTTICO RICERCA SALDATURA,
0753951603-01,ACCELERATORE BOOSTER,BOOSTER ACCELERATOR,ACCELERATORE BOOSTER,
6632049301-01,SCARICO BASE L=3500,"BASIC UNLOADER L=3,5m","SCARICO BASE L=3,5m",
9188025007-01,INTEGRAZIONE SCARICO PER L=4500,"UNLOADER L=4,5m INTEGRATION","INTEGRAZIONE SCARICO L=4,5m",
3097894787-01,SCARICO BASE L=6500,"BASIC UNLOADER L=6,5m","SCARICO BASE L=6,5m",
4037564228-01,ZK533 SIST. TAGLIO ARIA COMPRESSA,ZK533 COMPRESSED AIR CUTTING SYSTEM,SISTEMA TAGLIO ARIA COMPRESSA - ZK533,
8446521213-01,ZK BENDING COMPENSATION MODULE,ZK BENDING COMPENSATION MODULE,ZK BENDING COMPENSATION MODULE,
4808654725-01,REFRIGERATORE SOST. DA 9175000604,LASER CHILLER REPLACED BY 9175000604,REFRIGERATORE SOSTITUITO DA 9175000604,
1138384173-01,CHIAVE HW,HW KEY,CHIAVE HW,
8530353729-01,CHIAVE HW A TEMPO,KEY HW TIME,CHIAVE HW A TEMPO,
7833606025-01,CHIAVE HW NEN,KEY HW NEN,CHIAVE HW NEN,
2767134723-01,CHIAVE SL,SL KEY,CHIAVE SL,
1723459897-01,MODULO DI RETE PER CHIAVE SL,SL KEY NETWORK MODULE,MODULO DI RETE PER CHIAVE SL,
7097450324-01,IMPORTAZIONE IGES,IMPORT IGES,IMPORTAZIONE IGES,
7097450324-02,IMPORTAZIONE IGES + STEP,IMPORT IGES + STEP,,
0663196054-01,IMPORTAZIONE IGES + STEP - LIC.AGG.,IMPORT IGES + STEP - ADD. LICENCE,IMPORTAZIONE IGES + STEP - LICENZA AGGIUNTIVA,
6122004680-01,IMPORTAZIONE IGES+STEP NEN,IMPORT IGES+STEP NEN,IMPORTAZIONE IGES+STEP NEN,
6814986290-01,IMPORTAZIONE IGES+STEP NEN-LIC.AGG.,IMPORT IGES+STEP NEN - ADD. LICENCE,IMPORTAZIONE IGES+STEP NEN - LICENZA AGGIUNTIVA,
7874877150-01,IMPORTAZIONE STEP,IMPORT STEP,IMPORTAZIONE STEP,
2754423072-01,IMPORTAZIONE STEP - LICENZA AGG.,IMPORT STEP - ADD. LICENCE,IMPORTAZIONE STEP - LICENZA AGGIUNTIVA,
4344068425-01,IMPORTAZIONE IFC NEN,IMPORTAZIONE IFC NEN,IMPORTAZIONE IFC NEN,
9138877302-01,IMPORTAZIONE IFC NEN - LIC. AGG.,IMPORT IFC NEN - ADD. LICENCE,IMPORTAZIONE IFC NEN - LICENZA AGGIUNTIVA,
7506911521-01,MODULO ANALISI TUBO CURVO,BENT TUBE ANALYSIS MODULE,MODULO ANALISI TUBO CURVO,
0397086130-01,MODULO ANALISI TUBO CURVO -LIC.AGG.,BENT TUBE ANALYSIS MODULE - ADD. LICENCE,MODULO ANALISI TUBO CURVO - LICENZA AGGIUNTIVA,
5764682737-01,MODULO ANALISI TUBO CURVO NEN,BENT TUBE ANALYSIS MOD. NEN,MODULO ANALISI TUBO CURVO NEN,
1149077376-01,MODULO ANALISI TUBO CURVO NEN-L.AGG,BENT TUBE ANALYSIS MOD. NEN-ADD. LICENCE,MODULO ANALISI TUBO CURVO NEN - LICENZA AGGIUNTIVA,
4128114308-01,IMPORTAZIONE IFC,IMPORTAZIONE IFC,IMPORTAZIONE IFC,
5044333459-01,IMPORTAZIONE IFC - LICENZA AGG.,IMPORT IFC - ADD. LICENCE,IMPORTAZIONE IFC - LICENZA AGGIUNTIVA,
1547123166-01,NPX CONVERTER (NEN),NPX CONVERTER NEN,NPX CONVERTER NEN,
8750453660-01,NPX CONVERTER (NEN) - LICENZA AGG.,NPX CONVERTER NEN - ADD. LICENCE,NPX CONVERTER NEN - LICENZA AGGIUNTIVA,
2032580112-01,OPC - UA FURIMUTOSL,OPC - UA FURIMUTOSL MACHINE,OPC-UA FURIMUTOSL,
8853562525-01,PRETAGLIO BORDO MACCHINA,PRE-CUTTING ONBOARD MACHINE,PRETAGLIO BORDO MACCHINA,
2843699734-01,CAD 3D,CAD 3D,CAD 3D,
5250796066-01,CAD 3D - LICENZA AGGIUNTIVA,CAD 3D - ADD. LICENCE,CAD 3D - LICENZA AGGIUNTIVA,
3665238360-01,CAD 3D NEN,CAD 3D NEN,CAD 3D NEN,
9770943059-01,CAD 3D NEN - LIC. AGG.,CAD 3D NEN - ADD. LICENCE,CAD 3D NEN - LICENZA AGGIUNTIVA,
0317029482-01,CAD 3D - LIBRERIA TAGLI PIEGA,CAD 3D BEND CUT MANAGEMENT,CAD 3D - LIBRERIA TAGLI PIEGA,
4078654013-01,CAD 3D - LIBR. TAGLI PIEGA-LIC.AGG.,CAD 3D BEND CUT MANAGEM.-ADDIT. LICENCE,CAD 3D - LIBRERIA TAGLI PIEGA - LICENZA AGGIUNTIVA,
0461772637-01,CAD 3D - PARAMETRICO (VARIABILI),CAD 3D PARAMETRIC (VARIABLES),CAD 3D - PARAMETRICO (VARIABILI),
0077284888-01,CAD 3D - PARAM.(VARIABILI) LIC.AGG.,CAD 3D PARAMETRIC (VARIAB.)-ADD.LICENCE,CAD 3D - PARAMETRICO (VARIABILI) - LICENZA AGGIUNTIVA,
1558888950-01,CAD 3D -PARAM.(VINCOLI E RELAZIONI),CAD 3D PARAMETRIC (VARIABLES-EQUATIONS),CAD 3D - PARAMETRICO (VINCOLI-RELAZIONI),
5069197804-01,CAD3D-PARAM.(VINCOLI-RELAZ.)LIC.AGG,CAD 3D PARAMETRIC (VAR.-EQ.)-ADD.LICENCE,CAD 3D - PARAMETRICO (VINCOLI-RELAZIONI) - LICENZA AGGIUNTIVA,
2184099307-01,CAD 3D - LIBRERIA INCASTRI,CAD 3D JOINT LIBRARY,CAD 3D - LIBRERIA INCASTRI,
1793854521-01,CAD 3D -LIBRERIA INCASTRI -LIC.AGG.,CAD 3D JOINT LIBRARY - ADD. LICENCE,CAD 3D - LIBRERIA INCASTRI - LICENZA AGGIUNTIVA,
1775469089-01,ADVANCED CAD 3D NEN,ADVANCED CAD 3D NEN,ADVANCED CAD 3D NEN,
0935772271-01,ADVANCED CAD 3D NEN - LIC. AGG.,ADVANCED CAD 3D NEN - ADD. LICENCE,ADVANCED CAD 3D NEN - LICENZA AGGIUNTIVA,
5241807452-01,ADVANCED CUSTOMER NEN,ADVANCED CUSTOMER NEN,ADVANCED CUSTOMER NEN,
7688469738-01,ADVANCED CUSTOMER NEN - LIC. AGG.,ADVANCED CUSTOMER NEN - ADD. LICENCE,ADVANCED CUSTOMER NEN - LICENZA AGGIUNTIVA,
1603299864-01,NIGEZL - ACX FILE,NIGEZL - ACX FILE,NIGEZL - ACX FILE,
7401402343-01,NIGEZL - ACX FILE - LICENZA AGG.,NIGEZL-ACX FILE - ADD. LICENCE,NIGEZL - ACX FILE - LICENZA AGGIUNTIVA,
3390636159-01,CAM3D,CAM 3D,CAM 3D,
9521255389-01,CAM 3D - LICENZA AGGIUNTIVA,CAM 3D - ADD. LICENCE,CAM 3D - LICENZA AGGIUNTIVA,
6784916746-01,CAM 3D NEN,CAM 3D NEN,CAM 3D NEN,
6565608129-01,CAM 3D NEN - LIC. AGG.,CAM 3D NEN - ADD. LICENCE,CAM 3D NEN - LICENZA AGGIUNTIVA,
9104437795-01,CAM3D - EDIT AVANZATO,CAM3D ADVANCED EDIT,CAM3D - EDIT AVANZATO,
4613828435-01,CAM 3D - EDIT AVANZATO - LIC. AGG.,CAM 3D EDIT ADVANCED - ADD. LICENCE,CAM 3D - EDIT AVANZATO - LICENZA AGGIUNTIVA,
9073269748-01,COLLISION DETECTION,COLLISION DETECTION,COLLISION DETECTION,
9531248769-01,COLLISION DETECTION - LIC. AGG.,COLLISION DETECTION - ADD. LICENCE,COLLISION DETECTION - LICENZA AGGIUNTIVA,
5685627427-01,COMPOSER (OUTPUT MODULARE),COMPOSER (MODULAR OUTPUT),COMPOSER (OUTPUT MODULARE),
3409311095-01,COMPOSER (OUTPUT MODULARE)-LIC. AGG,COMPOSER (MODULAR OUTPUT) - ADD. LICENCE,COMPOSER (OUTPUT MODULARE) - LICENZA AGGIUNTIVA,
4083718759-01,COMPOSER NEN,COMPOSER NEN,COMPOSER NEN,
4336701036-01,COMPOSER NEN - LIC. AGG.,COMPOSER NEN - ADD. LICENCE,COMPOSER NEN - LICENZA AGGIUNTIVA,
7783234721-01,ASSEMBLER,ASSEMBLER,ASSEMBLER,
2408768431-01,ASSEMBLER - LICENZA AGGIUNTIVA,ASSEMBLER - ADD. LICENCE,ASSEMBLER - LICENZA AGGIUNTIVA,
1096970869-01,ASSEMBLER NEN,ASSEMBLER NEN,ASSEMBLER NEN,
0264742597-01,ASSEMBLER NEN - LIC. AGG.,ASSEMBLER NEN - ADD. LICENCE,ASSEMBLER NEN - LICENZA AGGIUNTIVA,
2425119453-01,PARUFOR EXPRESS,PARUFOR EXPRESS,PARUFOR EXPRESS,
6683879941-01,PARUFOR EXPRESS - LICENZA AGGIUNTIVA,PARUFOR EXPRESS - ADD. LICENCE,PARUFOR EXPRESS - LICENZA AGGIUNTIVA,
2593150345-01,PARUFOR ENTERPRISE,PARUFOR ENTERPRISE,PARUFOR ENTERPRISE,
1200610907-01,PARUFOR ENTERPRISE - LICENZA AGG.,PARUFOR ENTERPRISE - ADD. LICENCE,PARUFOR ENTERPRISE - LICENZA AGGIUNTIVA,
6615377244-01,PARUFOR - MAGAZZINO TUBI,PARUFOR TUBE STORE,PARUFOR - MAGAZZINO TUBI,
6189126440-01,PARUFOR - MAGAZZINO TUBI - LIC.AGG.,PARUFOR TUBE STORE - ADD. LICENCE,PARUFOR - MAGAZZINO TUBI - LICENZA AGGIUNTIVA,
5346064333-01,ACCESSO REMOTO MONITORAGGIO M/C,MONITORING PRODUCTION WEB ACCESS,ACCESSO REMOTO MONITORAGGIO MACCHINA,
0170657426-01,ACCESSO REM. MONITORAGG. M/C LIC.AG,MONITOR. PRODUC. WEB ACCESS-ADD. LICENCE,ACCESSO REMOTO MONITORAGGIO MACCHINA - LICENZA AGGIUNTIVA,
6485166818-01,WEB SERVICES,WEB SERVICES,WEB SERVICES,
4496312805-01,WEB SERVICES - LICENZA AGGIUNTIVA,WEB SERVICES - ADD. LICENCE,WEB SERVICES - LICENZA AGGIUNTIVA,
3002761832-01,NEZARONICN WEB SERVICES TEST SIMULATOR,NEZARONICN WEB SERVICES TEST SIMULATOR,,
7130597744-01,MIGRAZIONE NEZARONICN,MIGRAZIONE NEZARONICN,,
5744488043-01,COCKPIT MATERIALE,COCKPIT MATERIAL,COCKPIT MATERIALE,
3702232461-01,COCKPIT MATERIALE - LICENZA AGG.,COCKPIT MATERIAL - ADD. LICENCE,COCKPIT MATERIALE - LICENZA AGGIUNTIVA,
2983524597-01,SOLID WORKS NIGEZL INTERFACE,NABONEVABI NIGEZL INTERFACE,SOLID WORKS NIGEZL INTERFACE,
4757823147-01,SOLID WORKS NIGEZL INTERF.-LIC.AGG.,NABONEVABI NIGEZL INTERFACE-ADD.LICENCE,SOLID WORKS NIGEZL INTERFACE - LICENZA AGGIUNTIVA,
5205282801-01,NEZARONICN PLANNER,PARUFOR PLANNER,PARUFOR PLANNER,
2186755203-01,NEZARONICN PLANNER - LICENZA AGG.,PARUFOR PLANNER - ADD. LICENCE,PARUFOR PLANNER - LICENZA AGGIUNTIVA,
5264493564-01,NEZARONICN,NEZARONICN,,
0622424953-01,NEZARONICN LIC. AGG.,NEZARONICN - ADD. LICENCE,,
7385126007-01,NEZARONICN ESTENSIONE TUBO,NEZARONICN TUBE EXTENSION,,
0806517865-01,NEZARONICN ESTENSIONE TUBO LIC. AGG.,NEZARONICN TUBE EXTENSION-ADD. LICENCE,,
9825336522-01,NEZARONICN CONNECTOR MUCEVIL,NEZARONICN CONNECTOR MUCEVIL,,
7088081546-01,NEZARONICN CONNECTOR MUCEVIL LIC. AGG.,NEZARONICN CONNECTOR MUCEVIL-ADD.LICENCE,,
2659464450-01,NEZARONICN CONNECTOR RUSIRUDE,NEZARONICN CONNECTOR RUSIRUDE,,
7865322668-01,NEZARONICN CONNECTOR RUSIRUDE LIC. AGG.,NEZARONICN CONNECTOR RUSIRUDE-ADD. LIC.,,
1454716604-01,DEZ DRIVE,DEZ DRIVE,,
1511365281-01,PART VIEWER,PART VIEWER,PART VIEWER,
4319580681-01,PART VIEWER - LICENZA AGGIUNTIVA,PART VIEWER - ADD. LICENCE,PART VIEWER - LICENZA AGGIUNTIVA,
4334162803-01,POST PROCESSOR ZK483,POST-PROCESSOR ZK483,POST-PROCESSOR - ZK483,
8191342294-01,POST PROCESSOR ZK483 - LICENZA AGG.,POST-PROCESSOR ZK483 - ADD. LICENCE,POST-PROCESSOR - ZK483 - LICENZA AGGIUNTIVA,
7548646598-01,POST PROCESSOR ZK523D,POST-PROCESSOR ZK523D,POST-PROCESSOR - ZK523D,
5964262670-01,POST PROCESSOR ZK523D - LIC. AGG.,POST-PROCESSOR ZK523D - ADD. LICENCE,POST-PROCESSOR - ZK523D - LICENZA AGGIUNTIVA,
1264535370-01,POST PROCESSOR ZK027D,POST-PROCESSOR ZK027D,POST-PROCESSOR - ZK027D,
6095848330-01,POST PROCESSOR ZK027D - LIC. AGG.,POST-PROCESSOR ZK027D - ADD. LICENCE,POST-PROCESSOR - ZK027D - LICENZA AGGIUNTIVA,
9758153878-01,POST PROCESSOR ZK593D,POST-PROCESSOR ZK593D,POST-PROCESSOR - ZK593D,
2748646685-01,POST PROCESSOR ZK593D LICENZA AGG.,POST-PROCESSOR ZK593D - ADD. LICENCE,POST-PROCESSOR - ZK593D - LICENZA AGGIUNTIVA,
1444349225-01,POST PROCESSOR ZK097D,POST-PROCESSOR ZK097D,POST-PROCESSOR - ZK097D,
0390159281-01,POST PROCESSOR ZK097D - LIC. AGG.,POST-PROCESSOR ZK097D - ADD. LICENCE,POST-PROCESSOR - ZK097D - LICENZA AGGIUNTIVA,
7135292105-01,POST PROCESSOR ZK533D,POST-PROCESSOR ZK533D,POST-PROCESSOR - ZK533D,
5442113139-01,POST PROCESSOR ZK533D -LICENZA AGG.,POST-PROCESSOR ZK533D - ADD. LICENCE,POST-PROCESSOR - ZK533D - LICENZA AGGIUNTIVA,
9301847543-01,POST PROCESSOR ZK037D,POST-PROCESSOR ZK037D,POST-PROCESSOR - ZK037D,
8597418018-01,POST PROCESSOR ZK037D -LICENZA AGG.,POST-PROCESSOR ZK037D - ADD. LICENCE,POST-PROCESSOR - ZK037D - LICENZA AGGIUNTIVA,
3961077716-01,POST PROCESSOR ZK4,POST PROCESSOR ZK4,,
8515526614-01,POST PROCESSOR ZK4 - LICENZA AGG.,POST PROCESSOR ZK4 - ADD. LICENCE,,
6488376595-01,POST PROCESSOR SAR,POST PROCESSOR SAR,,
7297568329-01,POST PROCESSOR SAR - LICENZA AGGIUNTIVA,POST PROCESSOR SAR - ADD. LICENCE,,
7008964926-01,E-LEARNING,E-LEARNING,E-LEARNING,
5911826635-01,DODEVE EVO TARGHETTE IN ITALIANO,DODEVE EVO ITALIAN PLATES,TARGHETTE - ITALIANO - DODEVE EVO,
4814819361-01,DODEVE EVO TARGHETTE IN INGLESE,DODEVE EVO ENGLISH PLATES,TARGHETTE - INGLESE - DODEVE EVO,
5751354171-01,DODEVE EVO TARGHETTE IN FRANCESE,DODEVE EVO FRENCH PLATES,TARGHETTE - FRANCESE - DODEVE EVO,
0417442082-01,DODEVE EVO TARGHETTE IN TEDESCO,DODEVE EVO GERMAN PLATES,TARGHETTE - TEDESCO - DODEVE EVO,
7648649662-01,DODEVE EVO TARGHETTE IN SPAGNOLO,DODEVE EVO SPANISH PLATES,TARGHETTE - SPAGNOLO - DODEVE EVO,
3704917990-01,DODEVE EVO TARGHETTE IN POLACCO,DODEVE EVO POLISH PLATES,TARGHETTE - POLACCO - DODEVE EVO,
1598106649-01,DODEVE EVO TARGHETTE IN PORTOGHESE,DODEVE EVO PORTUGUESE PLATES,TARGHETTE - PORTOGHESE - DODEVE EVO,
3530927261-01,DODEVE EVO TARGHETTE IN CECO,DODEVE EVO CZECH PLATES,TARGHETTE - CECO - DODEVE EVO,
9007474735-01,DODEVE EVO TARGHETTE IN CINESE,DODEVE EVO CHINESE PLATES,TARGHETTE - CINESE - DODEVE EVO,
7028512635-01,DODEVE EVO TARGHETTE IN OLANDESE,DODEVE EVO DUTCH PLATES,TARGHETTE - OLANDESE - DODEVE EVO,
5259491813-01,DODEVE EVO TARGHETTE IN RUSSO,DODEVE EVO RUSSIAN PLATES,TARGHETTE - RUSSO - DODEVE EVO,
4798948429-01,DODEVE EVO TARGHETTE IN UNGHERESE,DODEVE EVO HUNGARIAN PLATES,TARGHETTE - UNGHERESE - DODEVE EVO,
8237739343-01,DODEVE EVO TARGHETTE IN TURCO,DODEVE EVO TURKISH PLATES,TARGHETTE - TURCO - DODEVE EVO,
3145678069-01,DODEVE EVO TARGHETTE IN LITUANO,DODEVE EVO LITHUANIAN PLATES,TARGHETTE - LITUANO - DODEVE EVO,
48578048ZW-01,SAGOME DI SETTAGGIO ZK483,ZK483 SETTING TEMPLATES,SAGOME DI SETTAGGIO - ZK483,
9923429817-01,ZK483-523D-803D CARIC. FASCIO 6500,"ZK483/523D/803D BUNDLE LOADER L=6,5m","CARICATORE ""F"" L=6,5m - ZK483-523D-803D",
3300751202-01,INTEGRAZIONE SCARICO 4500 ZK483/B,"ZK483/B UNLOADER L=4,5m INTEGRATION","INTEGRAZIONE SCARICO L=4,5m - ZK483/B",
8470084543-01,ZK522 - SCARICO BASE L=6500,"ZK522 BASIC UNLOADER L=6,5m","SCARICO BASE L=6,5m - ZK522",
6452153263-01,CAD-CAM TIRUVUK 3D,CAD-CAM TIRUVUK 3D,CAD-CAM TIRUVUK 3D,
1295917303-01,CAD-CAM TIRUVUK 4D,CAD-CAM TIRUVUK 4D,CAD-CAM TIRUVUK 4D,
5686371251-01,CAD-CAM TIRUVUK 5D,CAD-CAM TIRUVUK 5D,CAD-CAM TIRUVUK 5D,
7882988976-01,AGG. CAD3D-TIRUVUK CON SOST.CHIAVE,CAD3D-TIRUVUK UPDATE W KEY REPLACEMENT,AGGIORNAMENTO CAD3D-TIRUVUK CON SOSTITUZIONE CHIAVE,
5610886261-01,SW DIS. ASSIEMI TUBOLARI-ASSEMBLER,SW DRAWING TUBULAR ASSEMBLIES,SW DISEGNO ASSIEMI TUBOLARI-ASSEMBLER,
0304368623-01,SW ASSEMBLER 4D,SW ASSEMBLER 4D,SW ASSEMBLER 4D,
0770582680-01,SW ASSEMBLER 5D,SW ASSEMBLER 5D,SW ASSEMBLER 5D,
7467157593-01,CIM - SW GESTIONE PRODUZ. E NESTING,CIM PRODUCTION AND NESTING MANAGEMENT SW,CIM - SW GESTIONE PRODUZIONE E NESTING,
1139762144-01,INTERFACCIA CIM-ZK483,ZK483 CIM INTERFACE,INTERFACCIA CIM-ZK483,
4642378316-01,CIM 2D,CIM 2D,CIM 2D,
0796539888-01,CIM 2D - LICENZA AGGIUNTIVA,CIM 2D - ADD. LICENCE,CIM 2D - LICENZA AGGIUNTIVA,
0032270579-01,POST PROCESSOR ZK483 BASE,POST-PROCESSOR ZK483 BASIC,POST-PROCESSOR - ZK483 BASE,
1134491608-01,POST PROCESSOR ZK483 FORI XY,POST-PROCESSOR ZK483 XY HOLES,POST-PROCESSOR - ZK483 FORI XY,
5474570987-01,POST PROCESSOR ZK523D BASE,POST-PROCESSOR ZK523D BASIC,POST-PROCESSOR ZK523D BASE,
3010421748-01,POST PROCESSOR ZK523D FORI X-Y,POST-PROCESSOR ZK523D XY HOLES,POST-PROCESSOR ZK523D FORI XY,
4530892589-01,CALCOLO TEMPI E CONSUMI ZK483,ZK483 TIME AND CONSUMPTION,TEMPI E CONSUMI - ZK483,
0767879290-01,GARANZ.INT.8 ASSI QW9-840D 12 MESI,12-MONTH FULL WARRANTY 8 AXES QW9-840,GARANZIA INTEGRALE 8 ASSI QW9-840D 12 MESI,
1408909001-01,GARANZ.INT.10 ASSI QW9-840D 12 MESI,12-MONTH FULL WARRANTY 10 AXES QW9-840,GARANZIA INTEGRALE 10 ASSI QW9-840D 12 MESI,
1097120085-01,GARANZ.INT.12 ASSI QW9-840D 12 MESI,12-MONTH FULL WARRANTY 12 AXES QW9-840,GARANZIA INTEGRALE 12 ASSI QW9-840D 12 MESI,
2974624626-01,GARANZ.INT.9 ASSI QW9-840D 12 MESI,12-MONTH FULL WARRANTY 9 AXES QW9-840,GARANZIA INTEGRALE 9 ASSI QW9-840D 12 MESI,
5950420704-00,REMOTE DIAGNOSIS HOST (XP),REMOTE DIAGNOSIS HOST (XP),,
5155712206-01,GARANZ.INT.8 ASSI QW9-840D 24 MESI,24-MONTH FULL WARRANTY 8 AXES QW9-840,GARANZIA INTEGRALE 8 ASSI QW9-840D 24 MESI,
2044934569-01,GARANZ.INT.10 ASSI QW9-840D 24 MESI,24-MONTH FULL WARRANTY 10 AXES QW9-840,GARANZIA INTEGRALE 10 ASSI QW9-840D 24 MESI,
2936967242-01,GARANZ.INT.12 ASSI QW9-840D 24 MESI,24-MONTH FULL WARRANTY 12 AXES QW9-840,GARANZIA INTEGRALE 12 ASSI QW9-840D 24 MESI,
1160166246-01,GARANZ.INT.9 ASSI QW9-840D 24 MESI,24-MONTH FULL WARRANTY 9 AXES QW9-840,GARANZIA INTEGRALE 9 ASSI QW9-840D 24 MESI,
1774872658-01,GARANZ.INT.8 ASSI QW9-840D 36 MESI,36-MONTH FULL WARRANTY 8 AXES QW9-840,GARANZIA INTEGRALE 8 ASSI QW9-840D 36 MESI,
0029061450-01,GARANZ.INT.9 ASSI QW9-840D 36 MESI,36-MONTH FULL WARRANTY 9 AXES QW9-840,GARANZIA INTEGRALE 9 ASSI QW9-840D 36 MESI,
4629806268-01,SUPPLEMENTO CAPACITA' D.=6 ZK522,ZK522 D6 CAPACITY SUPPLEMENT,SUPPLEMENTO CAPACITÀ D6 - ZK522,
0113405932-01,ZK523D SISTEMA RICERCA SALDATURA,ZK523D WELD SEARCH DEVICE,SISTEMA RICERCA SALDATURA - ZK523D,
7419444391-01,ZK027D SISTEMA RICERCA SALDATURA,ZK027D WELD SEARCH DEVICE,SISTEMA RICERCA SALDATURA - ZK027D,
6625208330-01,ZK523D-ZK027D SISTEMA SCARICO BASE,ZK523/027D BASIC UNLOADER,SISTEMA SCARICO BASE - ZK523D-ZK027D,
3263443062-01,ZK523D/803D COMPLEM. SCARICO 3500,"ZK523D/803D UNLOADER L=3,5m COMPLEMENT","COMPLEMENTO SCARICO L=3,5m - ZK523D/803D",
8393691732-01,ZK523D/803D COMPLEM. SCARICO 4500,"ZK523D/803D UNLOADER L=4,5m COMPLEMENT","COMPLEMENTO SCARICO L=4,5m - ZK523D/803D",
1533841617-01,DISPOSITIVO TUBI PULITI L=1200,"TUBE CLEANER DEVICE L=1,2m","DISPOSITIVO TUBI PULITI L=1,2m",
7950891487-01,ZK027D TESTA TILTANTE,TILTING HEAD - ZK027D,TESTA TILTANTE - ZK027D,
1625307638-01,ZK027D INTEGRAZIONE TESTA TILTANTE,ZK027D TILTING HEAD INTEGRATION,INTEGRAZIONE TESTA TILTANTE - ZK027D,
7894196446-01,ZK523D INTEGRAZIONE TESTA AK-CUF 591,"ZK523D ""AK-CUF"" 591 HEAD INTEGRATION","INTEGRAZIONE TESTA ""AK-CUF"" 591 - ZK523D",
1407295103-01,INTERFACCIA CIM-ZK523D,ZK523D CIM INTERFACE,INTERFACCIA CIM-ZK523D,
5895095198-01,INTERFACCIA CIM-ZK027D,ZK027D CIM INTERFACE,INTERFACCIA CIM-ZK027D,
2421200331-01,INTERFACCIA CIM-ZK523D POLLICI,ZK523D INCHES CIM INTERFACE,INTERFACCIA CIM-ZK523D POLLICI,
6318000100-01,INTERFACCIA CIM-ZK027D POLLICI,ZK027D INCHES CIM INTERFACE,INTERFACCIA CIM-ZK027D POLLICI,
7065958610-01,POST PROCESSOR ZK027D POLLICI,POST-PROCESSOR ZK027D INCHES,POST-PROCESSOR - ZK027D POLLICI,
1867408726-01,TEMPI E CONSUMI ZK523D,ZK523D TIME AND CONSUMPTION,TEMPI E CONSUMI - ZK523D,
8659130905-01,TEMPI E CONSUMI ZK027D,ZK027D TIME AND CONSUMPTION,TEMPI E CONSUMI - ZK027D,
6801233032-01,SUPPLEMENTO CAPACITA' D.=6 ZK593,ZK593 D6 CAPACITY SUPPLEMENT,SUPPLEMENTO CAPACITÀ D6 - ZK593,
6698269376-01,ZK523/027 SUPPL. VERSIONE L=8500,"ZK523/027 VERSION L=8,5m SUPPLEMENT","SUPPLEMENTO VERSIONE L=8,5m - ZK523/027",
6698269376-02,ZK593/097 SUPPL. VERSIONE L=8500,"ZK593/097 VERSION L=8,5m SUPPLEMENT",,
4866392283-01,ZK593 INTEGR. TAGLIO PROFILI APERTI,ZK593 OPEN PROFILE CUTTING INTEGRATION,INTEGRAZIONE TAGLIO PROFILI APERTI - ZK593,
0189378405-01,ZK593 - INTEGR. PROFILI APERTI 8500,"ZK593 OPEN PROFILES INTEGRATION L=8,5m","INTEGRAZIONE PROFILI APERTI L=8,5m - ZK593",
5397515477-01,ZK593D NASTRO PEZZI CORTI (GOMMA),ZK593D RUBBER SHORT PARTS BELT,NASTRO PEZZI CORTI (GOMMA) - ZK593D,
9031267831-01,ZK593D NASTRO PEZZI CORTI (METALL.),ZK533D METAL SHORT PARTS BELT,NASTRO PEZZI CORTI (METALLO) - ZK593D,
2288000219-01,ZK593D-813D INTEGR. LASER R.S. DC-K,ZK593D/813D LASER RS DC-K INTEGRATION,INTEGRAZIONE LASER RS DC-K - ZK593D-813D,
8056023937-01,ZK593D-813D INTEGR. LASER DC-K 30,ZK593D/813D LASER DC-K 30 INTEGRATION,INTEGRAZIONE LASER DC-K 30 - ZK593D-813D,
8467833743-01,CARICATORE FASCIO L=6500 FURIMUTOSL,"FURIMUTOSL BUNDLE LOADER L=6,5m","CARICATORE ""F"" L=6,5m FURIMUTOSL",
6698541005-01,ZK523D-803D COMPL. CAR. FASCIO 8500,"ZK523D/803D ""B"" LOADER L=8,5m COMPLEM.","COMPLEMENTO CARICATORE ""F"" L=8,5m - ZK523D-803D",
6698541005-02,ZK593D-813D COMPL. CAR. FASCIO 8500,"ZK523D/813D ""B"" LOADER L=8,5m COMPLEM.",,
9182581752-01,ZK523 SISTEMA RICERCA SALDATURA 2D,ZK523 2D WELD SEARCH DEVICE,SISTEMA RICERCA SALDATURA 2D - ZK523,
9182581752-02,ZK593 SISTEMA RICERCA SALDATURA 2D,ZK593 2D WELD SEARCH DEVICE,,
0128253724-01,ZK027 SISTEMA RICERCA SALDATURA 3D,ZK027 3D WELD SEARCH DEVICE,SISTEMA RICERCA SALDATURA 3D - ZK027,
0128253724-02,ZK097 SISTEMA RICERCA SALDATURA 3D,ZK097 3D WELD SEARCH DEVICE,,
4343529436-01,ACCELERATORE BOOSTER PER DC030,DC030 BOOSTER ACCELERATOR,ACCELERATORE BOOSTER - DC030,
7785437844-01,ACCELERAT. BOOSTER CON CICLO COMP.,BOOSTER ACCELERATOR COMPENSATION CYCLE,ACCELERATORE BOOSTER CON CICLO COMPENSAZIONE,
1635334280-01,ZK0 - ACTIVE SCAN,ZK0 ACTIVE SCAN,ACTIVE SCAN - ZK0,
8782490981-01,ZK593D/813D COMPLEM. SCARICO 3500,"ZK593D/813D UNLOADER L=3,5m COMPLEMENT","COMPLEMENTO SCARICO L=3,5m - ZK593D/813D",
5594789199-01,ZK593D/813D COMPLEM. SCARICO 4500,"ZK593D/813D UNLOADER L=4,5m COMPLEMENT","COMPLEMENTO SCARICO L=4,5m - ZK593D/813D",
8071857677-01,ZK523D-ZK027D SISTEMA SCARICO 6500,"ZK523/027D UNLOADER L=6,5m","SISTEMA SCARICO L=6,5m - ZK523D-ZK027D",
8071857677-03,ZK593D-ZK097D SISTEMA SCARICO 6500,"ZK593/097D UNLOADER L=6,5m",,
6891405595-01,ZK593/097 SIST. RACCOLTA POST. 4500,"ZK593/097 REAR COLLECTION SYSTEM L=4,5m","ZK593/097 SISTEMA RACCOLTA POSTERIORE L=4,5m",
9270605014-01,ZK097 INTEGRAZIONE TESTA TILTANTE,ZK097 TILTING HEAD INTEGRATION,INTEGRAZIONE TESTA TILTANTE - ZK097,
9078427172-01,ZK593D INTEGRAZIONE TESTA AK-CUF 591,"ZK593D ""AK-CUF"" 591 HEAD INTEGRATION","INTEGRAZIONE TESTA ""AK-CUF"" 591 - ZK593D",
7139445403-01,ZK593D SUPPL CAR TUBO DELICATO 6500,"LOADER DELICATE TUBE L=6,5m SUPPLEMENT","SUPPLEMENTO CARICATORE TUBO DELICATO L=6,5m - ZK593D",
3134154621-01,INTERFACCIA CIM-ZK593D,ZK593D CIM INTERFACE,INTERFACCIA CIM-ZK593D,
5011394338-01,INTERFACCIA CIM-ZK097D,ZK097D CIM INTERFACE,INTERFACCIA CIM-ZK097D,
7138315562-01,INTERFACCIA CIM-ZK593D POLLICI,ZK593D INCHES CIM INTERFACE,INTERFACCIA CIM-ZK593D POLLICI,
0386834803-01,INTERFACCIA CIM-ZK097D POLLICI,ZK097D INCHES CIM INTERFACE,INTERFACCIA CIM-ZK097D POLLICI,
9060514858-01,POST PROCESSOR ZK593D XY,POST-PROCESSOR ZK593D XY HOLES,POST-PROCESSOR - ZK593D XY,
7090396085-01,POST PROCESSOR ZK097 SEMISMUSSO,POST-PROCESSOR ZK097D SEMISMUSSE,POST-PROCESSOR - ZK097 SEMISMUSSO,
1484920319-01,POST PROCESSOR ZK593/097 PROF APERT,POST-PROCESSOR ZK593/097 OPEN PROFILES,POST-PROCESSOR - ZK593/097 PROFILI APERTI,
0440100599-01,POST PROCESSOR ZK593D XY POLLICI,POST-PROCESSOR ZK593D XY INCH HOLES,POST-PROCESSOR - ZK593D XY POLLICI,
1866571387-01,POST PROCESSOR ZK097D POLLICI,POST-PROCESSOR ZK097D INCHES,POST-PROCESSOR - ZK097D POLLICI,
6493335434-01,POST PROCESSOR ZK097 SEMISM POLLICI,POST-PROCESSOR ZK097D SEMISMUSSE INCHES,POST-PROCESSOR - ZK097 SEMISMUSSO POLLICI,
8277171767-01,TEMPI E CONSUMI ZK593D,ZK593D TIME AND CONSUMPTION,TEMPI E CONSUMI - ZK593D,
0054515753-01,TEMPI E CONSUMI ZK097D,ZK097D TIME AND CONSUMPTION,TEMPI E CONSUMI - ZK097D,
0077927001-01,PREVENTIVATORE T&C ZK593D,T&C ESTIMATOR ZK593D,PREVENTIVATORE T&C - ZK593D,
7780591962-01,TW - MODULO PROGRAMMAZ. PARAMETRICA,PARAMETRIC PROGRAMMING MODULE - TW,MODULO PROGRAMMAZIONE PARAMETRICA - TW,
6889261389-01,CIM - MODULO INPUT OUTPUT,CIM INPUT/OUTPUT MODULE,CIM - MODULO INPUT OUTPUT,
6347633167-01,ZK533/037 SUPPL. VERSIONE L=8500,"ZK533/037 VERSION L=8,5m SUPPLEMENT","SUPPLEMENTO VERSIONE L=8,5m - ZK533/037",
3665232491-01,ZK533D NASTRO PEZZI CORTI (GOMMA),ZK533D RUBBER SHORT PARTS BELT,NASTRO PEZZI CORTI (GOMMA) - ZK533D,
2707667371-01,ZK533D NASTRO PEZZI CORTI(GOMMA)STD,ZK533D STANDARD RUBBER SHORT PARTS BELT,NASTRO PEZZI CORTI (GOMMA) STANDARD - ZK533D,
0878221582-01,ZK533D NASTRO PEZZI CORTI(METAL)STD,ZK533D STANDARD METAL SHORT PARTS BELT,NASTRO PEZZI CORTI (METALLO) STANDARD - ZK533D,
6472614473-01,ZK533D-823D INTEGR. LASER DC-K 25,ZK533D/823D LASER DC-K 25 INTEGRATION,INTEGRAZIONE LASER DC-K 25 - ZK533D-823D,
5147285990-01,ZK533D-823D INTEGR. LASER DC-K 30,ZK533D/823D LASER DC-K 30 INTEGRATION,INTEGRAZIONE LASER DC-K 30 - ZK533D-823D,
0187089474-01,ZK533 SISTEMA RICERCA SALDATURA 2D,ZK533 2D WELD SEARCH DEVICE,SISTEMA RICERCA SALDATURA 2D - ZK533,
5242410257-01,ZK037 SISTEMA RICERCA SALDATURA 3D,ZK037 3D WELD SEARCH DEVICE,SISTEMA RICERCA SALDATURA 3D - ZK037,
8312357773-01,ZK037 INTEGRAZIONE TESTA TILTANTE,ZK037 TILTING HEAD INTEGRATION,INTEGRAZIONE TESTA TILTANTE - ZK037,
9638949480-01,ZK533D INTEGRAZIONE TESTA AK-CUF 591,"ZK533D ""AK-CUF"" 591 HEAD INTEGRATION","INTEGRAZIONE TESTA ""AK-CUF"" 591 - ZK533D",
0918272634-01,PREVENTIVATORE T&C ZK533D,T&C ESTIMATOR ZK533D,PREVENTIVATORE T&C - ZK533D,
2752875512-01,PREVENTIVATORE T&C ZK037D,T&C ESTIMATOR ZK037D,PREVENTIVATORE T&C - ZK037D,
5438661440-01,ZK533/037 TELEDIAGNOSI VIA MODEM,ZK533/037 MODEM TELEDIAGNOSIS,TELEDIAGNOSI VIA MODEM - ZK533/037,
4682779686-01,ZK533 SUPPL. VERSIONE L=8500 FIBRA,"ZK533 FIBER VERSION L=8,5m SUPPLEMENT","SUPPLEMENTO VERSIONE L=8,5m FIBRA - ZK533",
4721100679-01,ZK533 SUPPL. VERSIONE L=8500 CO2,"ZK533 CO2 VERSION L=8,5m SUPPLEMENT","SUPPLEMENTO VERSIONE L=8,5m CO2 ZK533",
5506161802-01,ZK533/037 INTEGRAZ. LASER IN FIBRA,ZK533/037 LASER FIBER INTEGRATION,INTEGRAZIONE LASER FIBRA - ZK533/037,
2381470183-01,ZK533/037 INT. LASER FIBRA YLS3000,ZK533/037 LASER FIBER YLS3000 INTEGRAT.,INTEGRAZIONE LASER FIBRA YLS3000 - ZK533/037,
6130952927-01,ZK533/037D SISTEMA SCARICO BASE,ZK533/037D BASIC UNLOADER,SISTEMA SCARICO BASE - ZK533/037D,
4655939283-01,ZK533/037D COMPLEM. SCARICO 3500,"ZK533/037D UNLOADER L=3,5m COMPLEMENT","COMPLEMENTO SCARICO L=3,5m - ZK533/037D",
8282474057-01,ZK533/037D COMPLEM. SCARICO 4500,"ZK533/037D UNLOADER L=4,5m COMPLEMENT","COMPLEMENTO SCARICO L=4,5m - ZK533/037D",
0534665040-01,ZK533/037D SISTEMA SCARICO 6500,"ZK533/037D UNLOADER L=6,5m","SISTEMA SCARICO L=6,5m - ZK533/037D",
8901929414-01,DISPOSITIVO TUBI PULITI BASE L=1200,"BASIC TUBE CLEANER DEVICE L=1,2m","DISPOSITIVO TUBI PULITI BASE L=1,2m",
7173919884-01,SISTEMA DI RACCOLTA MODULO BASE,BASIC MODULE COLLECTION SYSTEM,SISTEMA DI RACCOLTA MODULO BASE,
9038342718-01,SISTEMA DI RACCOLTA MODULO PROLUNGA,EXTENSION COLLECTION SYSTEM,SISTEMA DI RACCOLTA PROLUNGA,
5245928506-01,SISTEMA DI RACCOLTA FIBRA - BASE,BASIC FIBER COLLECTION SYSTEM,SISTEMA DI RACCOLTA FIBRA - BASE,
0910756096-01,FOTOBARRIERE SCARICO DODEVE,DODEVE PHOTOBARRIERS UNLOADING AREA,FOTOBARRIERE SCARICO DODEVE,
8053393910-01,ZK037 - INT. CO2 - 3D - M1.5 5 KN,"ZK037 CO2 INTEGRATION 3D M1,5 5 KN","INTEGRAZIONE CO2 - 3D - M1,5 5 KN - ZK037",
5497975609-01,ZK533 - INT. FIBRA -2D - AK CUF SSL,"ZK533 FIBER INTEGRAT. 2D HEAD ""AK HPSSL""","INTEGRAZIONE FIBRA - 2D - TESTA ""AK CUF SSL"" - ZK533",
8137887888-01,ZK533 -INT. CO2 - 2D - AK CUF 1.5 II,ZK533 CO2 INTEGR. 2D HEAD “AK CUF” 1.5 II,"INTEGRAZIONE CO2 - 2D - TESTA ""AK CUF"" 1.5 II - ZK533",
5306911059-01,"FOCALE 7,5 PER TESTA AK-CUF II","7,5mm LENS HOLDER FOR HEAD ""AK-CUF"" II","FOCALE 7,5mm PER TESTA ""AK-CUF"" II",
2595353245-01,FOCALE 5 PER TESTA AK-CUF II,"5mm LENS HOLDER FOR HEAD ""AK-CUF"" II","FOCALE 5mm PER TESTA ""AK-CUF"" II",
4597339605-01,PREVENTIVATORE T&C DODEVE,T&C ESTIMATOR DODEVE,PREVENTIVATORE T&C DODEVE,
6846281133-01,ZK533/037 TELEDIAGNOSI INTERNET VPN,ZK533/037 VPN INTERNET TELEDIAGNOSIS,TELEDIAGNOSI INTERNET VPN - ZK533/037,
1191774050-01,ZK533/FIBER INTEGRAZIONE 6 POLLICI,ZK533/FIBER 6 INCH,INTEGRAZIONE 6 POLLICI - ZK533/FIBER,
9149164327-01,ZK533/FIBER INTEGR. PROFILI APERTI,ZK533/FIBER OPEN PROFILES INTEGRATION,INTEGRAZIONE PROFILI APERTI - ZK533/FIBER,
4346044683-01,ACTIVE PIERCING FIBER,DODEVE ACTIVE PIERCING,ACTIVE PIERCING FIBER,
7001873284-01,ACTIVE PIERCING FIBER E CICLO COMP.,FIBER ACTIVE PIERCING COMPENSATION CYCLE,ACTIVE PIERCING FIBER E CICLO COMPENSAZIONE,
1295840167-01,ACTIVE FOCUS FIBER,ACTIVE FOCUS FIBER,ACTIVE FOCUS FIBER,
3634409030-01,INTEGRAZIONE CUCCHIAIO FIBRA,FIBER TUBE CLEANER DEVICE INTEGRATION,INTEGRAZIONE DISPOSITIVO TUBI PULITI FIBRA,
4275504879-01,INTEGRAZIONE CUCCHIAIO CO2,CO2 TUBE CLEANER DEVICE INTEGRATION,INTEGRAZIONE DISPOSITIVO TUBI PULITI CO2,
1660842240-01,BANCO RACCOLTA FIBRA - TUBI PULITI,FIBER COLLECTION BENCH - CLEAN TUBES,BANCO DI RACCOLTA FIBRA - TUBI PULITI,
0513112280-01,BANCO RACCOLTA CO2 - TUBI PULITI,CO2 COLLECTION BENCH - CLEAN TUBES,BANCO DI RACCOLTA CO2 - TUBI PULITI,
9810142136-01,BANCO RACCOLTA CO2 - MODULO BASE,CO2 BASIC MODULE COLLECTION BENCH,BANCO DI RACCOLTA CO2 - MODULO BASE,
3575871174-01,BANCO DI RACCOLTA CO2 - PROLUNGA,CO2 EXTENSION COLLECTION BENCH,BANCO DI RACCOLTA CO2 - PROLUNGA,
9362649511-01,ASPIRATORE ECO 4 HC/S RIALZATO 400/50,ECO 4 HC/S FUME EXTRAC. RAISED 400V/50Hz,,
2399419069-01,RIALZO PER ASPIRATORE ECO 4 HC/S,ECO 4 HC/S FUME EXTRACTOR RAISED,,
2025034360-01,ASPIRATORE ECO 4 HC/S FG. 400/50,ECO 4 HC/S FG. FUME EXTRACTOR 400V/50Hz,,
5399114097-01,ASPIRATORE ECO 4 HC/S FG. 460/60,ECO 4 HC/S FG. FUME EXTRACTOR 460V/60Hz,,
8025077593-01,ZK-MICRODOSATORE INERT. PILEPUC,ZK MICRODOSING INERTING PILEPUC,ZK-MICRODOSATORE INERTIZZANTE PILEPUC,
2237313011-01,ASPIRAT. ALTA PREV. TAMA 1600MC/H 400/50,1600MC/H H.PREVAL. FUME EXTRAC.400V/50Hz,ASPIRATORE ALTA PREVALENZA TAMA 1600MC/H - 400V/50Hz,
0189606973-01,ASPIRAT. ALTA PREV. TAMA 1600MC/H 460/60,1600MC/H H.PREVAL. FUME EXTRAC.460V/60Hz,ASPIRATORE ALTA PREVALENZA TAMA 1600MC/H - 460V/60Hz,
9886327111-01,ZK533/DODEVE - ACTIVE SCAN,ZK533/DODEVE ACTIVE SCAN,ACTIVE SCAN - ZK533/DODEVE,
0206761197-01,DODEVE - ACTIVE SCAN,DODEVE - ACTIVE SCAN,DODEVE - ACTIVE SCAN,
9039663360-01,INTEGRAZIONE LASER FIBRA,LASER FIBER INTEGRATION,INTEGRAZIONE LASER FIBRA,
3139091461-01,INTEGRAZIONE LASER FIBRA PIDIPUT,LASER FIBER PIDIPUT INTEGRATION,INTEGRAZIONE LASER FIBRA PIDIPUT,
9374776244-01,INT. GENERATORE DI NEUTRO PIDIPUT,PIDIPUT NEUTRAL GENERATOR INTEGRATION,INTEGRAZIONE GENERATORE DI NEUTRO PIDIPUT,
8478067479-01,ACTIVE PIERCING E CICLO COMP. QG3D,QG3D ACTIVE PIERCING COMPENSATION CYCLE,ACTIVE PIERCING E CICLO COMPENSAZIONE QG3D,
8786241059-01,ACTIVE PIERCING 2.0 FIBRA QG3D,FIBER QG3D ACTIVE PIERCING 2.0,ACTIVE PIERCING 2.0 FIBRA QG3D,
2002370180-01,DODEVE PC INDUSTRIALE,DODEVE INDUSTRIAL PC,PC INDUSTRIALE - DODEVE,
5281561207-01,ACTIVE WELD,ACTIVE WELD,ACTIVE WELD,
7103422117-01,ZK8/DODEVE SOSTENITORE SCARICO LATO DX.,ZK8/DODEVE UNLOAD. SUPPORTER RIGHT SIDE,SOSTENITORE SCARICO LATO DESTRO - ZK8/DODEVE,
6461863972-01,DODEVE - INT. FIBRA - QG3D,DODEVEFIBER INTEGRATION QG3D,INTEGRAZIONE FIBRA - QG3D - DODEVE,
2663460818-01,INTEGRAZIONE SENSORI TESTA QG3D,QG3D HEAD SENSOR INTEGRATION,INTEGRAZIONE SENSORI TESTA QG3D,
2663460818-02,SENSORI TESTA QG3D,QG3D HEAD SENSOR,,
9991195866-01,DODEVE GR. FILTRI+TUBI ARIA C.,DODEVE FILTERS + AIR TUBES,FILTRI + TUBI ARIA - DODEVE,
2919974669-01,DODEVE INTEGRAZIONE 3° GAS,DODEVE 3° GAS INTEGRATION,INTEGRAZIONE 3° GAS - DODEVE,
8604645435-01,ZK533D - AUTOTRASF. MULTITENSIONE,ZK533D MULTITENSION AUTOTRANSFORMER,AUTOTRASFORMATORE MULTITENSIONE - ZK533D,
0083658171-01,DODEVE - AUTOTRASF. MULTITENSIONE,DODEVE MULTITENSION AUTOTRANSFORMER,AUTOTRASFORMATORE MULTITENSIONE - DODEVE,
7192061801-01,INT. MACCHINA 6500,"MACHINE L=6,5m INTEGRATION","INTEGRAZIONE MACCHINA L=6,5m",
6076945242-01,INT. MACCHINA 8500,"MACHINE L=8,5m INTEGRATION","INTEGRAZIONE MACCHINA L=8,5m",
7956324899-01,INT. SAGOME UNIVERSALI,UNIVERSAL TEMPLATES INTEGRATION,INTEGRAZIONE SAGOME UNIVERSALI,
5587524236-01,INT. TUBI DELICATI MACCHINA,DELICATE TUBE INTEGRATION,INTEGRAZIONE TUBI DELICATI MACCHINA,
2284586731-01,SAR - LUNETTA STANDARD,STANDARD STEADY REST,LUNETTA STANDARD,
2384207656-01,ZK4 - LUNETTA APRIBILE,OPENING STEADY REST,LUNETTA APRIBILE,
0936329746-01,NASTRO SFRIDI,SCRAP BELT,NASTRO SFRIDI,
9672119220-01,SAR-INT. TESTA T.C. FISSA,FIXED SOCIFEFIGT HEAD INTEGRATION,INTEGRAZIONE TESTA SOCIFEFIGT FISSA,
4976713161-01,ZK4-INT. TESTA T.C. COLL. 75 TILT,SOCIFEFIGT COLLIM.75 TILT HEAD INTEGRAT.,INTEGRAZIONE TESTA SOCIFEFIGT COLLIMATOR 75 TILT,
0025214649-01,SAR PROFILI APERTI,SAR OPEN PROFILES,,
8720544205-01,ZK4 PROFILI APERTI,ZK4 OPEN PROFILES,,
6705594522-01,SAR RICAMBI CONSIGLIATI,SAR RECOMMENDED SPARE PARTS,,
9755653722-01,ZK4 RICAMBI CONSIGLIATI,ZK4 RECOMMENDED SPARE PARTS,,
0908928956-01,CARICATORE PASSO PASSO L=6500,"STEP-STEP LOADER L=6,5m","CARICATORE PASSO-PASSO L=6,5m",
8807871471-01,CARICATORE PASSO PASSO L=8500,"STEP-STEP LOADER L=8,5m","CARICATORE PASSO-PASSO L=8,5m",
6993689337-01,CARICAMENTO MANUALE L=6500,"MANUAL LOADER L=6,5m","CARICATORE MANUALE L=6,5m",
4100283963-01,CARICAMENTO MANUALE L=8500,"MANUAL LOADER L=8,5m","CARICATORE MANUALE L=8,5m",
0931537178-01,PROLUNGHE CATENE L=6500,"CHAINS EXTENSION L=6,5m","PROLUNGA CATENE L=6,5m",
7311058287-01,PROLUNGHE CATENE L=8500,"CHAINS EXTENSION L=8,5m","INTEGRAZIONE PROLUNGHE CATENE L=8,5m",
4755189305-01,PRESINGOLARIZZATORE L=6500,"PRESINGOLARIZER L=6,5m",,
8267154183-01,PRESINGOLARIZZATORE L=8500,"PRESINGOLARIZER L=8,5m",,
6365417090-01,ACTIVE WELD (SENZA ACTIVE SCAN),ACTIVE WELD (WITHOUT ACTIVE SCAN),,
2161637800-01,INTEGRAZIONE 3° GAS,3° GAS INTEGRATION,,
4132003887-01,KIT COLLAUDO,TESTING KIT,,
7712522611-01,SCARICO L=3500,"UNLOADER L=3,5m","SCARICO L=3,5m",
0088876324-01,SCARICO L=4500,"UNLOADER L=4,5m","SCARICO L=4,5m",
3779724450-01,SCARICO L=6500,"UNLOADER L=6,5m","SCARICO L=6,5m",
5766293131-01,DISPOSITIVO TUBI PULITI,TUBE CLEANER DEVICE,DISPOSITIVO TUBI PULITI,
3002038999-01,FOTOBARRIERE SCARICO,PHOTOBARRIERS UNLOADING AREA,,
8137308830-01,BANCO DI SCARICO BASE,BASIC UNLOADING BENCH,,
6830876423-01,BANCO DI SCARICO PROLUNGA,EXTENSION UNLOADING BENCH,,
2485748434-01,BANCO DI SCARICO TUBI PULITI,UNLOADING BENCH - CLEAN TUBES,,
1175652347-01,INTEGRAZIONE LASER MAX PHOTONICS,LASER MAX PHOTONICS INTEGRATION,,
6455208166-01,INTEGRAZIONE LASER VOT-U,LASER VOT U INTEGRATION,,
4757116772-01,INTEGRAZIONE LASER PIDIPUT,LASER PIDIPUT INTEGRATION,,
6550535685-01,AUTOTRASFORMATORE 130kVA,130kVA AUTOTRANSFORMER,,
9723092085-01,CAVI PER AUTOTRASFORMATORE 130kVA,CABLES FOR 130kVA AUTOTRASFORMER,,
4362244961-01,TARGHETTE IN ITALIANO,ITALIAN PLATES,,
6961977774-01,TARGHETTE IN INGLESE,ENGLISH PLATES,,
9071830857-01,TARGHETTE IN FRANCESE,FRENCH PLATES,,
9867297646-01,TARGHETTE IN TEDESCO,GERMAN PLATES,,
6188557905-01,TARGHETTE IN SPAGNOLO,SPANISH PLATES,,
7748184013-01,PRISMI D. 8 - 35 N.6 MACCHINA BASE,PRISM D8-35 N.6 BASIC MACHINE,PRISMI D8-35 N.6 MACCHINA BASE,
1598647503-01,RULLI D.8-35 N.6 CAR F L=6500,"BUNDLE LOADER L=6,5m N.6 ROLLERS D8-35","RULLI D8-35 N.6 CARICATORE ""F"" L=6,5m",
7996098922-01,RULLI D.8-35 N.6 SCARICO L=3000,UNLOADER L=3m N.6 ROLLERS D8-35,RULLI D8-35 N.6 SCARICO L=3m,
0696158119-01,PRISMI D. 35 - 60 N.4 MACCHINA BASE,PRISM D35-60 N.4 BASIC MACHINE,PRISMI D35-60 N.4 MACCHINA BASE,
0947410347-01,RULLI D.35-60 N.4 CAR F L=6500,"BUNDLE LOADER L=6,5m N.4 ROLLERS D35-60","RULLI D35-60 N.4 CARICATORE ""F"" L=6,5m",
3115150443-01,RULLI D.35-60 N.4 SCARICO L=3000,UNLOADER L=3m N.4 ROLLERS D35-60,RULLI D35-60 N.4 SCARICO L=3m,
8431113624-01,PRISMI D. 50 - 70 N.3 MACCHINA BASE,PRISM D50-70 N.3 BASIC MACHINE,PRISMI D50-70 N.3 MACCHINA BASE,
1154711247-01,RULLI D.50-70 N.3 CAR F L=6500,UNLOADER L=3m N.3 ROLLERS D50-70,"RULLI D50-70 N.3 CARICATORE ""F"" L=6,5m",
3096646142-01,SCARICO L=3000,UNLOADER L=3m,SCARICO L=3m,
4150722744-01,TRASPORTATORE PEZZI CORTI,SHORT PARTS CONVEYOR,TRASPORTATORE PEZZI CORTI,
5871628469-01,SEPARATORE INT. PEZZI CORTI,SHORT PARTS SEPARATOR INTEGRATION,SEPARATORE INTEGRAZIONE PEZZI CORTI,
4237961165-01,CAVALLETTO SCARICO POST. L=3000,REAR UNLOADER STAND L=3m,CAVALLETTO SCARICO POSTERIORE L=3m,
0636996481-01,SCARICO POST. MOTORIZZATO L=3000,REAR MOTORIZED UNLOADER L=3m,SCARICO POSTERIORE MOTORIZZATO L=3m,
5851348364-01,SCARICO POST. CON SCIVOLO L=3000,REAR UNLOADER WITH CHUTE L=3m,SCARICO POSTERIORE CON SCIVOLO L=3m,
9361454084-01,SOFFIO L=3000,BLOWING SYSTEM L=3m,SOFFIO L=3m,
3346669375-01,MISURA,MEASURING SYSTEM,MISURA,
0243623745-01,NOZUT - VIA A RULLI USCITA BASE,NOZUT BASIC EXIT ROLLER CONVEYOR,VIA A RULLI USCITA BASE - NOZUT,
8534843408-01,NOZUT - BANCALE CARICO LUNGO BASE,NOZUT BASIC LONG LOAD PALLET,BANCALE CARICO LUNGO BASE - NOZUT,
9900556671-01,NOZUT - BANCALE CARICO CORTO BASE,NOZUT BASIC SHORT LOAD PALLET,BANCALE CARICO CORTO BASE - NOZUT,
4570071367-01,NOZUT - BANCALE SCARICO LUNGO BASE,NOZUT BASIC LONG UNLOAD PALLET,BANCALE SCARICO LUNGO BASE - NOZUT,
7416049393-01,NOZUT - BANCALE SCARICO CORTO BASE,NOZUT BASIC SHORT UNLOAD PALLET,BANCALE SCARICO CORTO BASE - NOZUT,
6457787263-01,NOZUT - INT. LASER DCK35 DAKUCUTU,NOZUT LASER DCK35 INTEGRATION,INTEGRAZIONE LASER DCK35 DAKUCUTU - NOZUT,
9229444076-01,NOZUT - INT. LASER DCK35 SENZA COMP,NOZUT LASER DCK35 W/O COMPENSAT. INTEGR.,INTEGRAZIONE LASER DCK35 SENZA COMPENSAZIONE - NOZUT,
0549602378-01,NOZUT - INT. LASER DCK35 CON COMP.,NOZUT LASER DCK35 W COMPENSATION INTEGR.,INTEGRAZIONE LASER DCK35 CON COMPENSAZIONE - NOZUT,
1044371456-01,NOZUT - COMPL. RULLI USCITA L=10000,NOZUT EXIT ROLLER L=10m COMPLEMENT,COMPLEMENTO RULLI USCITA L=10m - NOZUT,
4660813615-01,NOZUT - COMPL. CARICO LUNGO L=14000,NOZUT LONG LOAD L=14m COMPLEMENT,COMPLEMENTO CARICO LUNGO L=14m - NOZUT,
6297749437-01,NOZUT - COMPL. CARICO CORTO L=14000,NOZUT SHORT LOAD L=14m COMPLEMENT,COMPLEMENTO CARICO CORTO L=14m - NOZUT,
3037509373-01,NOZUT - COMPL. VIA DI CORSA L=4000,NOZUT RUNWAY L=4m COMPLEMENT,COMPLEMENTO VIA DI CORSA L=4m - NOZUT,
1547856239-01,NOZUT - COMPL.SCARICO LUNGO L=10000,NOZUT LONG UNLOADER L=10m COMPLEMENT,COMPLEMENTO SCARICO LUNGO L=10m - NOZUT,
5540478223-01,NOZUT - ACCELERATORE BOOSTER,NOZUT BOOSTER ACCELERATOR,ACCELERATORE BOOSTER - NOZUT,
2291834902-01,NOZUT - COMPL.SCARICO CORTO L=10000,NOZUT SHORT UNLOADER L=10m COMPLEMENT,COMPLEMENTO SCARICO CORTO L=10m - NOZUT,
2291834902-03,ZK36 - COMPL.SCARICO CORTO,ZK36 SHORT UNLOADER COMPLEMENT,,
4914768416-01,NOZUT - CENTRATORE USCITA,NOZUT OUTPUT CENTERING DEVICE,CENTRATORE USCITA - NOZUT,
4056697849-01,NOZUT - CASSONE FISSO EVAC. SFRIDI,NOZUT SCRAP EXTRACTOR FIXED CHEST,CASSONE FISSO EVACUATORE SFRIDI - NOZUT,
4056697849-07,ZK36 - CASSONE FISSO EVAC. SFRIDI,ZK36 SCRAP EXTRACTOR FIXED CHEST,,
4727295259-01,NOZUT - CASSONE MOBILE EVAC. SFRIDI,NOZUT SCRAP EXTRACTOR MOBILE CHEST,CASSONE MOBILE EVACUATORE SFRIDI - NOZUT,
8445732877-01,NOZUT - COMPL. RULLI USCITA L=14000,NOZUT EXIT ROLLER L=14m COMPLEMENT,COMPLEMENTO RULLI USCITA L=14m - NOZUT,
9713324043-01,NOZUT - COMPL. CARICO LUNGO L=18000,NOZUT LONG LOAD L=18m COMPLEMENT,COMPLEMENTO CARICO LUNGO L=18m - NOZUT,
2721659550-01,NOZUT - COMPL. CARICO CORTO L=18000,NOZUT SHORT LOAD L=18m COMPLEMENT,COMPLEMENTO CARICO CORTO L=18m - NOZUT,
4414286134-01,NOZUT - COMPL.SCARICO LUNGO L=14000,NOZUT LONG UNLOADER L=14m COMPLEMENT,COMPLEMENTO SCARICO LUNGO L=14m - NOZUT,
3070333822-01,NOZUT - COMPL.SCARICO CORTO L=14000,NOZUT SHORT UNLOADER L=14m COMPLEMENT,COMPLEMENTO SCARICO CORTO L=14m - NOZUT,
6196293346-01,NOZUT - EVACUATORE SFRIDI,NOZUT SCRAP EXTRACTOR,EVACUATORE SFRIDI - NOZUT,
6196293346-07,ZK36 - EVACUATORE SFRIDI,ZK36 SCRAP EXTRACTOR,,
5596925918-01,NOZUT - COMPL. RULLI USCITA L=18000,NOZUT EXIT ROLLER L=18m COMPLEMENT,COMPLEMENTO RULLI USCITA L=18m - NOZUT,
4299159643-01,NOZUT - COMPL.SCARICO LUNGO L=18000,NOZUT LONG UNLOADER L=18m COMPLEMENT,COMPLEMENTO SCARICO LUNGO L=18m - NOZUT,
8382160793-01,NOZUT - COMPL.SCARICO CORTO L=18000,NOZUT SHORT UNLOADER L=18m COMPLEMENT,COMPLEMENTO SCARICO CORTO L=18m - NOZUT,
3735412224-01,NOZUT - PALETTA APRIBILE,NOZUT OPENING PALLET,PALETTA APRIBILE - NOZUT,
3392067203-01,NOZUT - TESTA DI FOC. GIDEZARE CID,"""GIDEZARE CID"" FOCUSING HEAD - NOZUT","TESTA DI FOCALIZZAZIONE GIDEZARE ""CS2"" - NOZUT",
6374396395-01,POST PROCESSOR TW NOZUT,POST-PROCESSOR TW NOZUT,POST-PROCESSOR - TW NOZUT,
8319271444-01,POST PROCESSOR ZK NOZUT,POST-PROCESSOR ZK NOZUT,POST-PROCESSOR - ZK NOZUT,
2835182481-01,POST PROCESSOR ZK NOZUT - LIC. AGG.,POST-PROCESSOR ZK NOZUT - ADD. LICENCE,POST-PROCESSOR - ZK LICENZA AGGIUNTIVA,
5240426767-01,POST PROCESSOR ZK96,POST-PROCESSOR ZK96,POST-PROCESSOR - ZK96,
5750683822-01,POST PROCESSOR ZK96 - LIC. AGG.,PROCESSOR ZK96 POST - ADD. LICENCE,POST-PROCESSOR - LICENZA AGGIUNTIVA,
9466902626-01,POST-PROCESSOR ZK96-3,POST-PROCESSOR ZK96/3,POST-PROCESSOR - ZK96-3,
8293110751-01,POST PROCESSOR ZK96-3 - LIC. AGG.,POST-PROCESSOR ZK96/3 - ADD. LICENCE,POST-PROCESSOR - ZK96-3 - LICENZA AGGIUNTIVA,
8604029617-01,POST PROCESSOR ZK36,ZK36 POST-PROCESSOR,POST-PROCESSOR - ZK36,
9785141051-01,POST PROCESSOR ZK36 - LIC.AGG.,POST-PROCESSOR ZK36 - ADD. LICENCE,POST-PROCESSOR - ZK36 - LICENZA AGGIUNTIVA,
0514272973-01,POST PROCESSOR,POST-PROCESSOR,POST-PROCESSOR,
8286120092-01,POST PROCESSOR NOZUT SL,POST-PROCESSOR NOZUT SL,POST-PROCESSOR - NOZUT SL,
9902079766-01,POST PROCESSOR NOZUT SL - LIC.AGG.,POST-PROCESSOR NOZUT SL - ADD. LICENCE,POST-PROCESSOR - NOZUT SL - LICENZA AGGIUNTIVA,
1687862343-01,ZK96/36 TARGHETTE IN ITALIANO,ZK96/ZK36 ITALIAN PLATES,TARGHETTE - ITALIANO - ZK96/36,
5891315687-01,ZK96/36 TARGHETTE IN INGLESE,ZK96/ZK36 ENGLISH PLATES,TARGHETTE - INGLESE - ZK96/36,
3659329298-01,ZK96/36 TARGHETTE IN FRANCESE,ZK96/ZK36 FRENCH PLATES,TARGHETTE - FRANCESE - ZK96/36,
2757836969-01,ZK96/36 TARGHETTE IN TEDESCO,ZK96/ZK36V,TARGHETTE - TEDESCO - ZK96/36,
1951854031-01,ZK96/36 TARGHETTE IN SPAGNOLO,ZK96/ZK36 SPANISH PLATES,TARGHETTE - SPAGNOLO - ZK96/36,
4429875743-01,ZK96/36 TARGHETTE IN POLACCO,ZK96/ZK36 POLISH PLATES,TARGHETTE - POLACCO - ZK96/36,
7583967443-01,ZK96/36 TARGHETTE IN RUMENO,ZK96/ZK36 ROMANIAN PLATES,TARGHETTE - RUMENO - ZK96/36,
6216565620-01,ZK96/36 TARGHETTE IN RUSSO,ZK96/ZK36 RUSSIAN PLATES,TARGHETTE - RUSSO - ZK96/36,
1303608877-01,ZK96/36 TARGHETTE IN BULGARO,ZK96/ZK36 BULGARIAN PLATES,TARGHETTE - BULGARO - ZK96/36,
0233524549-01,ZK96/36 TARGHETTE IN OLANDESE,ZK96/ZK36 DUTCH PLATES,TARGHETTE - OLANDESE - ZK96/36,
3686528294-01,ZK96/36 TARGHETTE IN CECO,ZK96/ZK36 CZECH PLATES,TARGHETTE - CECO - ZK96/36,
3044481118-01,ZK96/36 TARGHETTE IN SVEDESE,ZK96/ZK36 SWEDISH PLATES,TARGHETTE - SVEDESE - ZK96/36,
1097107710-01,ZK96/36 TARGHETTE IN PORTOGHESE,ZK96/ZK36 PORTUGUESE PLATES,TARGHETTE - PORTOGHESE - ZK96/36,
5086568502-01,ZK96/36 TARGHETTE IN UNGHERESE,ZK96/ZK36 HUNGARIAN PLATES,TARGHETTE - UNGHERESE - ZK96/36,
8597937087-01,ZK96/36 TARGHETTE IN ESTONE,ZK96/ZK36 ESTONIAN PLATES,TARGHETTE - ESTONE - ZK96/36,
2891574300-01,ZK96/36 TARGHETTE IN TURCO,ZK96/ZK36 TURKISH PLATES,,
9824072604-01,ZK96 - VIA DI CORSA 12500,"ZK96 RUNWAY L=12,5m",,
8561610827-01,ZK96 - COMPL. VIA DI CORSA,ZK96 RUNWAY COMPLEMENT,,
8548987443-01,ZK96 - BANCALE CARICO 12500,"ZK96 LOAD PALLET L=12,5m",,
1454900019-01,ZK96 - CARICO SINGOLO COMPL. 16500,"ZK96 SINGLE LOAD COMPLEMENT L=16,5m",,
6846439094-01,ZK96 - RADDOPPIO BANCALE CAR BASE 12500,"ZK96 DOUBLE PALLET BASIC LOADER L=12,5m",,
2899436048-01,ZK96 - RADDOPPIO CARICO COMPLETAM 16500,"ZK96 DOUBLE CHAIN UNLOAD. L=16,5m COMPL.",,
8253520041-01,ZK96 - RIPARI BASSI CARICO SC 12500,"ZK96 S. CHAIN LOADER LOW GUARDS L=12,5m",,
9526795799-01,ZK96 - RIPARI BASSI CARICO SC 14000,ZK96 SING. CHAIN LOADER LOW GUARDS L=14m,,
2129879524-01,ZK96 - RIPARI BASSI CARICO DC 12500,"ZK96 D. CHAIN LOADER LOW GUARDSL=12,5m",,
1112896704-01,ZK96 - RIPARI BASSI CARICO DC 14000,ZK96 D. CHAIN LOADER LOW GUARDS L=14m,,
8042498843-01,ZK96 - RIPARI BASSI CARICO DC 16500,"ZK96 D. CHAIN LOADER LOW GUARDS L=16,5m",,
6734288618-00,ZK96F - PROTEZ MEZZANINO CAR 12500,"ZK96F MEZZANINE LOAD.L=12,5m PROTECTION",,
6734288618-01,ZK96 - PROT. MEZZANINO CAR 12500,"ZK96 MEZZANINE LOAD.L=12,5m PROTECTION",,
3036945675-00,ZK96F - PROTEZ MEZZANINO CAR 14500/16500,"ZK96F MEZZANINE LOAD.L=14,5/16,5m PROT.",,
3036945675-01,ZK96 - PROT. MEZZANINO CAR 14500/16500,"ZK96 MEZZANINE LOAD.L=14,5/16,5m PROT.",,
5280407538-01,ZK96 - CABINA PEZZI CORTI,ZK96 SHORT PARTS BOOTH,,
2586995162-01,ZK96 - CABINA MODULO DI CARICO,ZK96 LOADING MODULE BOOTH,,
8434937398-01,ZK96 - CABINA MODULO DI SCARICO,ZK96 UNLOADING MODULE BOOTH,,
5631711574-01,ZK96 - CABINA MODULO SFRIDI,ZK96 SCRAP MODULE BOOTH,,
4092815631-01,ZK96 - CABINA TETTO,ZK96 ROOF BOOTH,,
1565097252-01,ZK96 - COMPLETAMENTO CABINA,ZK96 BOOTH COMPLEMENT,,
9623972499-01,ZK96 - SCARICO PEZZI CORTI,ZK96 SHORT PARTS UNLOADER,,
3019150936-01,ZK96 - SCARICO SFRIDI,ZK96 SCARP UNLOADER,,
7979799862-01,ZK96 - CATENA SEMPLICE RADDOPPIO SCARICO,ZK96 DOUBLE CHAIN UNLOADER SIMPLE CHAIN,,
2808436808-01,ZK96 - CATENA MOTORID. RADDOPPIO SCARICO,ZK96 DOUBLE CHAIN UNLOAD. GEARMOT. CHAIN,,
8658420400-01,ZK96 - COMPL. RADDOPPIO SCARICO BASE,ZK96 BASIC DOUBLE CHAIN UNLOADER COMPL.,,
5876049068-01,ZK96 - COMPL. RADDOPPIO SCARICO PROLUNGA,ZK96 DOUBLE CHAIN UNL. EXTENSION COMPL.,,
4614329828-01,ZK96 - IMPIANTO OLEODINAMICO,ZK96 OLEODYNAMIC SYSTEM,,
8538931600-01,ZK96 - RECINZIONI ALTE CARICO 12500,"ZK96 LOADER HIGH FENCES L=12,5m",,
4307376987-01,ZK96 - RECINZIONI ALTE CAR/SCAR BASE,ZK96 BASIC LOADER/UNLOADER HIGH FENCES,,
2561371913-01,"ZK96 - COMPL RECINZ ALTE CAR 14/16,5","ZK96 LOAD.HIGH FENCES L=14/16,5m COMPL.",,
5260538848-01,"ZK96 - COMPL RECINZ ALTE SCAR 14/16,5","ZK96 UNL. HIGH FENCES L=14/16,5m COMPL.",,
8922511522-01,ZK96 - RECINZIONI ALTE SCARICO 12500,"ZK96 UNLOADER HIGH FENCES L=12,5m",,
7919963834-01,ZK96 - RIPARI BASSI SCARICO 12500,"ZK96 UNLOADER LOW GUARDS L=12,5m",,
5155743374-01,ZK96 - COMPL IMPIANTI FLUIDICI SCARICO,ZK96 UNLOADER FLUIDIC SYSTEMS COMPLEMENT,,
1827369440-01,ZK96 - VIA RULLI USCITA COMPL. B,"ZK96 EXIT ROLLER CONVEYOR COMPLEMENT ""B""",,
1111604687-01,ZK96 - VIA RULLI USCITA COMPL. C,"ZK96 EXIT ROLLER CONVEYOR COMPLEMENT ""C""",,
1288490649-01,ZK96 - MONITOR,ZK96 MONITOR,,
4965102086-01,ZK96 - TESTA E ASSI B/C,"ZK96 ""B/C"" AXIS AND HEAD",,
8350137068-01,ZK96 - UNITA' DI FORATURA/FILETTATURA,ZK96 DRILLING/THREADING UNIT,,
1121429657-01,ZK96 - ACTIVE WELD,ZK96 ACTIVE WELD,,
9546015311-01,ZK96 - BTS ZK SENSOR,ZK96 BTS ZK SENSOR,,
4452574007-01,ZK96 - INTEGR. FIBRA LASER PIDIPUT CFX,ZK96 LASER FIBER PIDIPUT CFX INTEGRATION,,
6716900097-01,ZK96F - TARGHETTE IN ITALIANO,ZK96F ITALIAN PLATES,,
6054732842-01,ZK96F - TARGHETTE IN INGLESE,ZK96F ENGLISH PLATES,,
6216229746-01,NOZUT - SOSTEGNO U5A,NOZUT 5 AXIS UNIT SUPPORT,SOSTEGNO UNITÀ 5 ASSI - NOZUT,
3111652208-01,NOZUT - INT. LASER DCK SENZA COMP,NOZUT LASER DCK W/O COMPENSAT. INTEGR.,NOZUT-INTEGRAZIONE LASER DCK SENZA COMPENSAZIONE,
3111652208-06,ZK96/36 - INT. LASER DCK SENZA COMP,ZK96/36 LASER DCK W/O COMPENSAT. INTEGR.,,
1097161622-01,NOZUT - INT. LASER DCK35 SC PARALL.,NOZUT LASER DCK35 S.C. PARALLEL,INTEGRAZIONE LASER DCK35 SC PARALLELO - NOZUT,
5729744986-01,NOZUT - INT. LASER DCK45 RCU,NOZUT LASER DCK45 RCU INTEGRATION,INTEGRAZIONE LASER DCK45 RCU - NOZUT,
4018146869-01,ZK96/36 - INT. LASER DC040-K,ZK96/ZK36 LASER DC040-K INTEGRATION,INTEGRAZIONE LASER DC040-K - ZK96/36,
3786449288-01,NOZUT -TESTA DI FOC.PREC.CS2 7.5,"""GIDEZARE CID"" FOCUSING HEAD 7,5 - NOZUT","TESTA DI FOCALIZZAZIONE GIDEZARE ""CS2"" 7,5 - NOZUT",
2701841831-01,NOZUT -TESTA DI FOC.PREC. CS2 10,"""GIDEZARE CID"" FOCUS HEAD 10m - NOZUT","TESTA DI FOALIZZAZIONE GIDEZARE ""CS2"" 10m - NOZUT",
4967876926-01,ACTIVE PIERCING CO2,ACTIVE PIERCING CO2,ACTIVE PIERCING CO2,
4967876926-03,ZK96/36 - ACTIVE PIERCING,ZK96/ZK36 ACTIVE PIERCING,,
7543673088-01,ACTIVE FOCUS CO2,ACTIVE FOCUS CO2,ACTIVE FOCUS CO2,
7543673088-04,ZK96/36 - ACTIVE FOCUS,ZK96/ZK36 ACTIVE FOCUS,,
5912911961-01,NOZUT - BANCALE LUNGO BASE,NOZUT BASIC LONG PALLET,BANCALE LUNGO BASE - NOZUT,
5912911961-08,ZK36 - BANCALE LUNGO BASE,ZK36 BASIC LONG PALLET,,
6042880576-01,NOZUT - BANCALE CORTO BASE,NOZUT BASIC SHORT PALLET,BANCALE CORTO BASE - NOZUT,
6042880576-08,ZK36 - BANCALE CORTO BASE,ZK36 BASIC SHORT PALLET,,
0682465202-01,NOZUT - CARICO CORTO NASO,NOZUT SHORT LOAD NASO,CARICO CORTO NASO - NOZUT,
9323868868-01,NOZUT - RACCOGLITORE CAB. 1/5,NOZUT BOOTH COLLECTOR 1/5,RACCOGLITORE CABINA 1/5 - NOZUT,
5380531359-01,NOZUT - RACCOGLITORE CAB. 6,NOZUT BOOTH COLLECTOR 6,RACCOGLITORE CABINA 6 - NOZUT,
1319552447-01,INT. LASER DCK35 S.C. PARALLELO,LASER DCK35 S.C. PARALLEL INTEGRATION,INTEGRAZIONE LASER DCK35 S.C. PARALLELO,
8354641217-01,EVACUATORE SFRIDI A PAVIMENTO,FLOOR SCRAP EXTRACTOR,EVACUATORE SFRIDI A PAVIMENTO,
1134120649-01,NOZUT - TASTATORE,NOZUT MEASURING SYSTEM,TASTATORE - NOZUT,
1134120649-02,ZK96/36 - TASTATORE,ZK96/ZK36 MEASURING SYSTEM,,
8212745156-01,NOZUT - UNITA' DI FORATURA/FILETTAT,NOZUT DRILLING/THREADING UNIT,UNITÀ DI FORATURA-FILETTATURA - NOZUT,
9709765191-01,NOZUT - RICERCA SALDATURA,NOZUT WELD SEARCH DEVICE,RICERCA SALDATURA - NOZUT,
0885046241-01,ZK96 - BANCALE CARICO CORTO BASE,ZK96 BASIC SHORT LOAD PALLET,BANCALE CARICO CORTO BASE - ZK96,
8032818016-01,ZK96 - BANCALE CORTO BASE PP,ZK96 BASIC SHORT PALLET STEP-STEP,BANCALE CORTO BASE PASSO PASSO - ZK96,
5808794404-01,ZK96 - CARICO CORTO L=4.5MIN,"ZK96 SHORT LOAD MINIMUM L=4,5","CARICO CORTO L=4,5 MINIMO - ZK96",
9341637825-01,ZK96 - COMPL.4MT CARICO PP,ZK96 STEP-STEP LOADER L=4m COMPLEMENT,COMPLEMENTO CARICATORE PASSO-PASSO L=4m - ZK96,
1839167887-01,ZK96 - CARICO CORTO COMPL.4MT,ZK96 SHORT LOAD L=4m COMPLEMENT,COMPLEMENTO CARICO CORTO L=4m - ZK96,
3417080937-01,ZK96 - BANCALE SCARICO CORTO BASE,ZK96 BASIC SHORT UNLOAD PALLET,BANCALE SCARICO CORTO BASE - ZK96,
2140052899-01,ZK96 - COMPL. SCARICO CORTO 4MT,ZK96 SHORT UNLOADER L=4m COMPLEMENT,COMPLEMENTO SCARICO CORTO L=4m - ZK96,
9221552198-01,ZK96 - SCARICO PASSO PASSO BASE,ZK96 BASIC STEP-STEP UNLOADER,SCARICO PASSO-PASSO BASE - ZK96,
0824053253-01,ZK96 -COMPL SCARICO PASSO PASSO 4MT,ZK96 STEP-STEP UNLOADER L=4m COMPLEMENT,COMPLEMENTO SCARICO PASSO-PASSO L=4m - ZK96,
6343696525-01,ZK96 - COMPL. VIA DI CORSA L=12500,"ZK96 RUNWAY L=12,5m COMPLEMENT","COMPLEMENTO VIA DI CORSA L=12,5m - ZK96",
7212017964-01,ZK96XL -CATENE CARICO BASE,ZK96XL BASIC LOADING CHAINS,CATENE CARICO BASE - ZK96XL,
0773636163-01,ZK96 XL - BANCALI SCARICO BASE,ZK96XL BASIC UNLOAD PALLET,BANCALE SCARICO BASE - ZK96XL,
9922375594-01,ZK96XL - MANIP. SCARICO AGGIUNTIVO,ZK96XL UNLOADING MANIPULATOR ADDED,MANIPOLATORE SCARICO AGGIUNTIVO - ZK96XL,
3711832267-01,ZK96XL - COMPL. SCARICO 15.5MT,"ZK96XL UNLOADER L=15,5m COMPLEMENT","COMPLEMENTO SCARICO L=15,5m - ZK96XL",
8061819367-01,ZK96XL - BANCALI SCARICO 8500,"ZK96XL UNLOAD PALLET L=8,5m","BANCALE SCARICO L=8,5m - ZK96XL",
2834353712-01,ZK96XL - COMPL. BANC. SCARICO 12500,"ZK96XL UNLOADING PALLET L=12,5m COMPLEM.","COMPLEMENTO BANCALE SCARICO L=12,5m - ZK96XL",
8263000968-01,ZK96XL - COMPL. BANC. SCARICO 15500,"ZK96XL UNLOADING PALLET L=15,5m COMPLEM.","COMPLEMENTO BANCALE SCARICO L=15,5m - ZK96XL",
1939328331-01,ZK96XL - COMPL. CATENE CARICO 4MT,ZK96XL LOADING CHAINS L=4m COMPLEMENT,COMPLEMENTO CATENE CARICO L=4m - ZK96XL,
3283013110-01,ZK96XL - COMPL. CATENE CARICO 15.5,"ZK96XL LOADING CHAINS L=15,5m COMPLEMENT","COMPLEMENTO CATENE CARICO L=15,5m - ZK96XL",
0510051627-01,ZK96XL - INT. VDC 3 MANIP CARICO 4M,ZK96XL INTEGR. RUNWAYS 3 LOAD MANIPUL.4m,INTEGRAZIONE VIE DI CORSA 3 MANIPOLATORE CARICO 4m - ZK96XL,
5622750335-01,ZK96XL - COMPL. VDC CARICO 8MT,LOADER RUNWAYS L=8m COMPLEMENT,COMPLEMENTO VIE DI CORSA CARICO L=8m - ZK96XL,
4064021621-01,ZK96XL - COMPL. VDC CARICO 12MT,LOADER RUNWAYS L=12m COMPLEMENT,COMPLEMENTO VIE DI CORSA CARICO L=12m - ZK96XL,
9338459086-01,ZK96XL - COMPL. VDC CARICO 15.5MT,"LOADER RUNWAYS L=15,5m COMPLEMENT","COMPLEMENTO VIE DI CORSA CARICO L=15,5m - ZK96XL",
2403847786-01,ZK96XL - PINZA DI SCARICO,ZK96XL UNLOADING GRIPPER CLAMP,PINZA DI SCARICO - ZK96XL,
9043223380-01,ZK96XL - INTEGRAZIONE LASER DCK,LASER DCK INTEGRATION,INTEGRAZIONE LASER DCK - ZK96XL,
8836207268-01,ZK96XL - TESTA 3D FIBRA,ZK96XL 3D FIBER HEAD,TESTA 3D FIBRA - ZK96XL,
8836207268-04,ZK96XL - TESTA 3D FIBRA TCL,ZK96XL 3D FIBER HEAD TCL,,
8636803274-01,ZK96XL - TASTATORE,ZK96XL MEASURING SYSTEM,TASTATORE - ZK96XL,
5442814164-01,ZK96XL - UNITA' DI FORATURA/FILETT,ZK96XL DRILLING/THREADING UNIT,UNITÀ DI FORATURA-FILETTATURA - ZK96XL,
9110714544-01,ACTIVE PIERCING ZK96 FIBER,ZK96 FIBER ACTIVE PIERCING,ACTIVE PIERCING ZK96 FIBER,
2219510461-01,RICERCA SALDATURA ZK96 FIBER,ZK96 FIBER WELD SEARCH DEVICE,RICERCA SALDATURA ZK96 FIBER,
7945504602-01,ZK96XL - KIT RICAMBI,ZK96XL SPARE PARTS KIT,KIT RICAMBI - ZK96XL,
6963652116-01,ZK96/36 - VIA RULLI USCITA MODULO 1,ZK96/ZK36 EXIT ROLLER CONVEYOR MODULE 1,VIA RULLI USCITA MODULO 1 - ZK96/36,
6223920381-01,ZK96/36 - VIA RULLI USCITA MODULO 2,ZK96/ZK36 EXIT ROLLER CONVEYOR MODULE 2,VIA RULLI USCITA MODULO 2 - ZK96/36,
1495728276-01,ZK96/36 - VIA RULLI USCITA MODULO 3/4,ZK96/36 EXIT ROLLER CONVEYOR MODULE 3/4,VIA RULLI USCITA MODULO 3/4 - ZK96/36,
5313487418-01,ZK96/36 - LASER PARALLELO A X,ZK96/ZK36 PARALLEL LASER “A”,LASER PARALLELO A X - ZK96/36,
0354286882-01,ZK96/36 - VRU L=6500 COMPLETAMENTO,"ZK96/ZK36 EXIT ROLLER L=6,5m COMPLEMENT","COMPLEMENTO VIE RULLI D'USCITA L=6,5m - ZK96/36",
0354286882-03,ZK96/36 - VIA RULLI USCITA COMPL. A,ZK96/ZK36 EXIT ROLLER “A” COMPLEMENT,,
6735247622-01,ZK96/36 - VRU L=12500 COMPLETAMENTO,"ZK96/ZK36 EXIT ROLLER L=12,5m COMPLEMENT","COMPLEMENTO VIE RULLI D'USCITA L=12,5m - ZK96/36",
6735247622-03,ZK96/36 - VIA RULLI USCITA COMPL. B,ZK96/ZK36 EXIT ROLLER “B” COMPLEMENT,,
5966945450-01,ZK96/36 - VRU L=15500 COMPLETAMENTO,"ZK96/ZK36 EXIT ROLLER L=15,5m COMPLEMENT","COMPLEMENTO VIE RULLI D'USCITA L=15,5m - ZK96/36",
5966945450-03,ZK96/36 - VIA RULLI USCITA COMPL. C,ZK96/ZK36 EXIT ROLLER “C” COMPLEMENT,,
9930456907-01,ZK36 - VRU L=18000 COMPLETAMENTO,ZK96/ZK36 EXIT ROLLER L=18m COMPLEMENT,COMPLEMENTO VIE RULLI D'USCITA L=18m - ZK36,
7625393988-04,ZK36 - COMPL. CARICO LUNGO L=14000,ZK36 LONG LOAD L=14m COMPLEMENT,,
7625393988-06,ZK36 - COMPL. CARICO LUNGO,ZK36 LONG LOAD COMPLEMENT,,
8281970793-04,ZK36 - COMPL. CARICO CORTO L=14000,ZK36 SHORT LOAD L=14m COMPLEMENT,,
8281970793-06,ZK36 - COMPL. CARICO CORTO,ZK36 SHORT LOAD COMPLEMENT,,
1755599685-01,NOZUT -TESTA DI FOC.PREC. CS2,"NOZUT GIDEZARE ""CS2"" FOCUSING HEAD","NOZUT -TESTA DI FOCALIZZAZIONE GIDEZARE ""CS2"" - NOZUT",
1092380518-04,ZK96/36 - UNITA' DI FORATURA/FILETTAT,ZK96/ZK36 DRILLING/THREADING UNIT,,
2863702442-01,ZK96/36 - FILETTATURA METRICA,ZK96/ZK36 METRIC THREADING UNIT,,
9712537452-01,ZK96/36 - FILETTATURA USA,ZK96/ZK36 INCHES THREADING UNIT,,
5879785422-01,ZK96/36 - DRILL+TAPPING UNIT STARTER KIT,ZK96/ZK36 DRILL+TAPPING UNIT STARTER KIT,,
1920493563-01,ZK96 - RECINZIONI LATO CARICO,ZK96 LOAD SIDE FENCES,RECINZIONI LATO CARICO - ZK96,
5197540625-01,ZK96 - RECINZIONI LATO SCARICO,ZK96 UNLOAD SIDE FENCES,RECINZIONI LATO SCARICO - ZK96,
0767486362-01,ZK36 - RECINZIONI LATO CARICO,ZK36 LOAD SIDE FENCES,RECINZIONI LATO CARICO - ZK36,
6880993115-01,ZK36 - RECINZIONI LATO SCARICO,ZK36 UNLOAD SIDE FENCES,RECINZIONI LATO SCARICO - ZK36,
4801925899-01,ZK96/36 - PEDANA POSTERIORE,ZK96/ZK36 REAR PLATFORM,PEDANA POSTERIORE - ZK96/36,
3156702706-01,ZK96 - CARICO CORTO COMPL. 12MT,ZK96 SHORT LOAD L=12m COMPLEMENT,COMPLEMENTO CARICO CORTO L=12m - ZK96,
6236261562-01,ZK96 - CARICO CORTO COMPL. 15MT,ZK96 SHORT LOAD L=15m COMPLEMENT,COMPLEMENTO CARICO CORTO L=15m - ZK96,
9226237900-01,ZK96 - CATENA SCARICO,ZK96 UNLOADING CHAINS,CATENE SCARICO - ZK96,
2840760119-01,ZK96 - CATENA SCARICO MOTORIDUTTORE,ZK96 GEARMOTOR UNLOADING CHAINS,CATENE SCARICO MOTORIDUTTORE - ZK96,
0124744423-01,ZK96 - COMPL. SCARICO A,"ZK96 UNLOADER ""A"" COMPLEMENT","COMPLEMENTO SCARICO L=6,5m - ZK96",
0124744423-02,ZK96 - COMPL. SCARICO BASE,ZK96 BASIC UNLOADER COMPLEMENT,,
8619555982-01,ZK96 - COMPL. SCARICO B,"ZK96 UNLOADER ""B"" COMPLEMENT","COMPLEMENTO SCARICO L=12,5m - ZK96",
8619555982-02,ZK96 - COMPL. SCARICO PROLUNGA,ZK96 EXTENSION UNLOADER COMPLEMENT,,
0809066943-01,ZK96 - COMPL. SCARICO C,"ZK96 UNLOADER ""C"" COMPLEMENT","COMPLEMENTO SCARICO L=15,5m - ZK96",
5791950359-01,ZK96 - COMPL DOPPIA CATENA L=6500,"ZK96 DOUBLE CHAIN L=6,5m COMPLEMENT","COMPLEMENTO DOPPIA CATENA L=6,5m - ZK96",
4719638945-01,ZK96 - COMPL DOPPIA CATENA L=12500,"ZK96 DOUBLE CHAIN L=12,5m COMPLEMENT","COMPLEMENTO DOPPIA CATENA L=12,5m - ZK96",
4258638464-01,ZK96 - COMPL DOPPIA CATENA L=15500,"ZK96 DOUBLE CHAIN L=15,5m COMPLEMENT","COMPLEMENTO DOPPIA CATENA L=15,5m - ZK96",
2949332084-01,ZK96 - COMPL. RADDOPPIO SCARICO 6500,"ZK96 DOUBLE CHAIN UNLOAD. L=6,5m COMPL.","COMPLEMENTO RADDOPPIO SCARICO L=6,5m - ZK96",
2949332084-02,ZK96 - COMPL. RADDOPPIO SCARICO A,"ZK96 ""A"" DOUBLE CHAIN UNLOADER COMPLEM.",,
7402545995-01,ZK96 - COMPL. RADDOPPIO SCARICO 12500,"ZK96 DOUBLE CHAIN UNLOAD. L=12,5m COMPL.","COMPLEMENTO RADDOPPIO SCARICO L=12,5m - ZK96",
7402545995-02,ZK96 - COMPL. RADDOPPIO SCARICO B,"ZK96 ""B"" DOUBLE CHAIN UNLOADER COMPLEM.",,
6364265207-02,ZK96 - COMPL. RADDOPPIO SCARICO C,"ZK96 ""C"" DOUBLE CHAIN UNLOADER COMPLEM.",,
9639348908-01,NOZUT - KIT RICAMBI,NOZUT SPARE PARTS KIT,KIT RICAMBI - NOZUT,
6869094718-01,NOZUT U5A - PROTEZIONI FRONTALI,NOZUT 5 AXIS UNIT FRONT GUARDS,PROTEZIONI FRONTALI UNITÀ 5 ASSI - NOZUT,
8084547364-01,NOZUT - CARRO DI CODA,NOZUT TAIL CARRIAGE,CARRO DI CODA - NOZUT,
3447458884-01,NOZUT - CARRO DI CODA PARTE EL.,NOZUT TAIL CARRIAGE ELECTRIC PART,CARRO DI CODA PARTE ELETTRICA - NOZUT,
7484645431-01,NOZUT - MANDRINO SINISTRO,NOZUT LEFT SPINDLE,MANDRINO SINISTRO - NOZUT,
8863883499-01,NOZUT - MANDRINO DESTRO,NOZUT RIGHT SPINDLE,MANDRINO DESTRO - NOZUT,
1813605357-01,NOZUT - EVACUATORE PEZZI CORTI,NOZUT SHORT PARTS EXTRACTOR,EVACUATORE PEZZI CORTI - NOZUT,
0040872684-01,NOZUT - IMPIANTO PEZZI CORTI,NOZUT SHORT PARTS SYSTEM,IMPIANTO PEZZI CORTI - NOZUT,
6574099984-01,NOZUT - CARICO BARRA L=14000,NOZUT BAR LOAD L=14m,CARICO BARRA L=14m - NOZUT,
1714383058-01,NOZUT - ELEMENTI BANCALE CARICO,NOZUT LOADING PALLET ELEMENTS,ELEMENTI BANCALE CARICO - NOZUT,
0609678397-01,NOZUT - TRASFERITORI + IMP. CARICO,NOZUT TRANSFER DEVICE + LOADER SYSTEM,TRASFERITORI + IMPIANTO CARICO - NOZUT,
7312994900-01,NOZUT - SCARICO PEZZI L=14000,NOZUT UNLOADING PARTS L=14m,SCARICO PEZZI L=14m - NOZUT,
1614080070-01,NOZUT - ELEMENTI BANCALE SCARICO,NOZUT UNLOADING PALLET ELEMENTS,ELEMENTI BANCALE SCARICO - NOZUT,
0231438940-01,NOZUT - TRASFERITORI + IMP. SCARICO,NOZUT TRANSFER DEVICE + UNLOADER SYSTEM,TRASFERITORI + IMPIANTO SCARICO - NOZUT,
1738654874-01,NOZUT - CENTRALINA IDRAULICA,NOZUT HYDRAULIC UNIT,CENTRALINA IDRAULICA - NOZUT,
1896417609-01,ZK96XL - INTEGRAZ BASE CO2,ZK96XL CO2 BASIC INTEGRATION,INTEGRAZIONE BASE CO2 - ZK96XL,
5067162329-01,ZK96XL - INTEGR. BASE FIBRA,ZK96XL FIBER BASIC INTEGRATION,INTEGRAZIONE BASE FIBRA - ZK96XL,
7159154742-01,ZK96XL - COMPL PROT CARICO FIBRA 12,ZK96XL FIBER LOAD L=12m PROTOTYPE COMPL.,COMPLEMENTO PROTOTIPO CARICO FIBRA L=12m - ZK96XL,
8665110300-01,ZK96XL - COMPL PROT CARICO FIBRA 8M,ZK96XL FIBER LOAD L=8m PROTOTYPE COMPL.,COMPLEMENTO PROTOTIPO CARICO FIBRA L=8m - ZK96XL,
3619778628-01,ZK96XL - COMPL PROT CAR FIBRA 15.5M,"ZK96XL FIBER LOAD L=15,5m PROTOT. COMPL.","COMPLEMENTO PROTOTIPO CARICO FIBRA L=15,5m - ZK96XL",
9928238344-01,ZK96XL - COMPL PROT SCAR FIBRA 15.5,"ZK96XL FIBER UNL. L=15,5m PROTOT. COMPL.","COMPLEMENTO PROTOTIPO SCARICO FIBRA L=15,5m - ZK96XL",
1260753396-01,ZK96XL - COMPL PROT SCAR FIBRA 12.5,"ZK96XL FIBER UNL. L=12,5m PROTOT. COMPL.","COMPLEMENTO PROTOTIPO SCARICO FIBRA L=12,5m - ZK96XL",
1656404238-01,ZK96XL - COMPL PROT SCAR FIBRA 8.5,"ZK96XL FIBER UNL. L=8,5m PROTOT. COMPL.","COMPLEMENTO PROTOTIPO SCARICO FIBRA L=8,5m - ZK96XL",
0007205301-01,INT. VERSIONE L=8500,"VERSION INTEGRATION L=8,5m","INTEGRAZIONE VERSIONE L=8,5m",
9021269374-01,PORTALE DI CARICO BASE,BASIC LOADING PORTAL,PORTALE DI CARICO BASE,
2555681066-01,PORTALE DI CARICO L=12500,"LOADING PORTAL L=12,5m","PORTALE DI CARICO L=12,5m",
4850051614-01,COMPLEMENTO PORTALE L=6500,"PORTAL COMPLEMENT L=6,5m","COMPLEMENTO PORTALE L=6,5m",
8160071013-01,COMPLEMENTO PORTALE L=8500,"PORTAL COMPLEMENT L=8,5m","COMPLEMENTO PORTALE L=8,5m",
5130867748-01,INTEGR. PORTALE TUBI FLESS. L=6500,"FLEXIBLE TUBE PORTAL INTEGRATION L=6,5m","INTEGRAZIONE PORTALE TUBI FLESSIBILI L=6,5m",
2975539092-01,INTEGR. PORTALE TUBI FLESS. L=8500,"FLEXIBLE TUBE PORTAL INTEGRATION L=8,5m","INTEGRAZIONE PORTALE TUBI FLESSIBILI L=8,5m",
0162873810-01,ROLLBAR PROTEZIONE PORTALE,ROLLBAR PORTAL PROTECTION,ROLLBAR PROTEZIONE PORTALE,
3265816356-01,INTEGR. MACCHINA TUBI FLESS. L=6500,"FLEXIBLE TUBE MACHINE INTEGRATION L=6,5m","INTEGRAZIONE MACCHINA TUBI FLESSIBILI L=6,5m",
0960094638-01,BANCO DI SCARICO IN LINEA,IN-LINE UNLOADING BENCH,BANCO DI SCARICO IN LINEA,
3108929913-01,BANCO DI SCARICO IN LINEA - PROL.,IN-LINE UNLOADING BENCH EXTENSION,BANCO DI SCARICO IN LINEA - PROLUNGA,
2419221502-01,INTEGR. MACCHINA TUBI FLESS. L=8500,"FLEXIBLE TUBE MACHINE INTEGRATION L=8,5m","INTEGRAZIONE MACCHINA TUBI FLESSIBILI L=8,5m",
2238870922-01,INTEGRAZIONE LASER DC-K 20/25,LASER DC-K 20/25 INTEGRATION,INTEGRAZIONE LASER DC-K 20/25,
1299813127-01,INTEGRAZIONE LASER DC-K 30,LASER DC-K 30 INTEGRATION,INTEGRAZIONE LASER DC-K 30,
9558910256-01,INTEGRAZIONE VERSIONE L=12500,"VERSION INTEGRATION L=12,5m","INTEGRAZIONE VERSIONE L=12,5m",
4221663707-01,ZK0.32 CARICATORE FASCIO LATO ANTERIORE,ZK0.32 FRONT SIDE BUNDLE LOADER,,
2319465340-01,ZK0.32 CAR.PASSO PASSO POSTERIORE,ZK0.32 STEP-STEP LOADER REAR,,
5390860873-01,INTEGR. TUBI FLEX CAR. FASCIO 6500,"""B"" LOADER FLEX TUBES INTEGRATION L=6,5m","INTEGRAZIONE TUBI FLEX CARICATORE ""F"" L=6,5m",
4374647987-01,INTEGR. TUBI FLEX CAR. FASCIO 8500,"""B"" LOADER FLEX TUBES INTEGRATION L=8,5m","INTEGRAZIONE TUBI FLEX CARICATORE ""F"" L=8,5m",
0422202300-00,INTEGR. CARICATORE FASCIO 8500,"BUNDLE LOADER INTEGRATION L=8,5m",,
2598981717-00,SPINTORE L=8500,"PUSHING DEVICE L=8,5m",,
4025385366-01,CARICATORE AUT.BARRA SINGOLA L=6500,"SINGLE BAR AUTOMATIC LOADER L=6,5m","CARICATORE AUTOMATICO BARRA SINGOLA L=6,5m",
0453888743-01,CARICATORE AUT.BARRA SINGOLA L=8500,"SINGLE BAR AUTOMATIC LOADER L=8,5m","CARICATORE AUTOMATICO BARRA SINGOLA L=8,5m",
2781449945-01,SISTEMA RICERCA SALDATURA,WELD SEARCH DEVICE,SISTEMA RICERCA SALDATURA,
1606340476-00,SPINTORE L=6500NRNRNR,"PUSHING DEVICE L=6,5m",,
2463589819-01,SPINTORE,PUSHING DEVICE,SPINTORE,
3538067281-01,INTEGR. CARICATORE PASSO-PASSO 8500,"STEP-STEP LOADER INTEGRATION L=8,5m","INTEGRAZIONE CARICATORE PASSO-PASSO L=8,5m",
4000605082-01,CARICATORE PASSO PASSO 12500,"STEP-STEP LOADER L=12,5m","CARICATORE PASSO-PASSO L=12,5m",
0264592928-01,SCARICO BASE L=4500,"BASIC UNLOADER L=4,5m","SCARICO BASE L=4,5m",
8927727682-01,INTEGRAZIONE SCARICO L=6500,"UNLOADER L=6,5m INTEGRATION","INTEGRAZIONE SCARICO L=6,5m",
3233678920-01,INTEGRAZIONE SCARICO L=8500,"UNLOADER L=8,5m INTEGRATION","INTEGRAZIONE SCARICO L=8,5m",
4703885993-01,RACCOGLITORE RT L=4500,"RT COLLECTOR L=4,5m","RACCOGLITORE RT L=4,5m",
8607689783-01,INTEGRAZIONE RACCOGLITORE RT L=6500,"RT COLLECTOR L=6,5m INTEGRATION","INTEGRAZIONE RACCOGLITORE RT L=6,5m",
1703196993-01,ZK0 DISPOSITIVO TUBI PULITI L=2000,ZK0 TUBE CLEANER DEVICE L=2m,DISPOSITIVO TUBI PULITI L=2m - ZK0,
6219052178-01,INTEGR. DISP. TUBI PULITI SCAR.8500,"TUBE CLEANER DEVICE L=8,5m INTEGRATION","INTEGRAZIONE DISPOSITIVO TUBI PULITI SCARICO L=8,5m",
3508829552-01,ZK0-ZK5 SIST. TAGLIO ARIA COMPRESSA,ZK5/ZK0 COMPRESSED AIR CUTTING SYSTEM,SISTEMA TAGLIO ARIA COMPRESSA - ZK0-ZK5,
8898861109-01,INTEGR. TESTA AK-CUF 591,"""AK-CUF"" 591 HEAD INTEGRATION","INTEGRAZIONE TESTA ""AK-CUF"" 591",
3675215776-01,"INTEGRAZIONE TESTA TILT KN 1,5 - 5","KN 1,5-5 TILTING HEAD INTEGRATION","INTEGRAZIONE TESTA TILT KN 1,5 - 5",
2660387314-01,INTEGRAZIONE TESTA DS 1.5 - 5 /7.5,"""DS"" 1,5-5/7,5 HEAD INTEGRATION","INTEGRAZIONE TESTA ""DS"" 1,5 - 5 /7,5",
8112888248-01,CASSETTO TESTA DS 1.5 - 5,"""DS"" 1,5-5 HEAD DRAWER","CASSETTO TESTA ""DS"" 1,5 - 5",
8780601885-01,CASSETTO TESTA DS 1.5 - 7.5,"""DS"" 1,5-7,5 HEAD DRAWER","CASSETTO TESTA ""DS"" 1,5 - 7,5",
6463892569-01,INTEGRAZIONE SPECCHI TILT FISSI,FIXED TILT MIRRORS INTEGRATION,INTEGRAZIONE SPECCHI TILT FISSI,
2577245881-01,ACTIVE PIERCING CO2 CON CICLO CENTR,ACTIVE PIERCING CO2 COMPENSATION CYCLE,ACTIVE PIERCING CO2 CON CICLO CENTRAGGIO,
0384972655-01,GARANZ.INT.15 ASSI QW9-840D 12 MESI,12-MONTH FULL WARRANTY 15 AXES QW9-840,GARANZIA INTEGRALE 15 ASSI QW9-840D 12 MESI,
4614674502-01,GARANZ.INT.16 ASSI QW9-840D 12 MESI,12-MONTH FULL WARRANTY 16 AXES QW9-840,GARANZIA INTEGRALE 16 ASSI QW9-840D 12 MESI,
1861280955-01,GARANZ.INT.17 ASSI QW9-840D 12 MESI,12-MONTH FULL WARRANTY 17 AXES QW9-840,GARANZIA INTEGRALE 17 ASSI QW9-840D 12 MESI,
0263815776-01,GARANZ.INT.13 ASSI QW9-840D 12 MESI,12-MONTH FULL WARRANTY 13 AXES QW9-840,GARANZIA INTEGRALE 13 ASSI QW9-840D 12 MESI,
9983875271-01,GARANZ.INT.14 ASSI QW9-840D 12 MESI,12-MONTH FULL WARRANTY 14 AXES QW9-840,GARANZIA INTEGRALE 14 ASSI QW9-840D 12 MESI,
2509909928-01,GARANZ.INT.15 ASSI QW9-840D 24 MESI,24-MONTH FULL WARRANTY 15 AXES QW9-840,GARANZIA INTEGRALE 15 ASSI QW9-840D 24 MESI,
5638212802-01,GARANZ.INT.16 ASSI QW9-840D 24 MESI,24-MONTH FULL WARRANTY 16 AXES QW9-840,GARANZIA INTEGRALE 16 ASSI QW9-840D 24 MESI,
7717448092-01,GARANZ.INT.17 ASSI QW9-840D 24 MESI,24-MONTH FULL WARRANTY 17 AXES QW9-840,GARANZIA INTEGRALE 17 ASSI QW9-840D 24 MESI,
3325705102-01,GARANZ.INT.13 ASSI QW9-840D 24 MESI,24-MONTH FULL WARRANTY 13 AXES QW9-840,GARANZIA INTEGRALE 13 ASSI QW9-840D 24 MESI,
5913621921-01,GARANZ.INT.14 ASSI QW9-840D 24 MESI,24-MONTH FULL WARRANTY 14 AXES QW9-840,GARANZIA INTEGRALE 14 ASSI QW9-840D 24 MESI,
3103564870-01,GARANZ.INT.18 ASSI QW9-840D 24 MESI,24-MONTH FULL WARRANTY 18 AXES QW9-840,GARANZIA INTEGRALE 18 ASSI QW9-840D 24 MESI,
9259143591-01,GARANZ.INT.19 ASSI QW9-840D 24 MESI,24-MONTH FULL WARRANTY 19 AXES QW9-840,GARANZIA INTEGRALE 19 ASSI QW9-840D 24 MESI,
8526491340-01,GARANZ.INT.15 ASSI QW9-840D 36 MESI,36-MONTH FULL WARRANTY 15 AXES QW9-840,GARANZIA INTEGRALE 15 ASSI QW9-840D 36 MESI,
8352517834-01,GARANZ.INT.18 ASSI QW9-840D 36 MESI,36-MONTH FULL WARRANTY 18 AXES QW9-840,GARANZIA INTEGRALE 18 ASSI QW9-840D 36 MESI,
6566908337-01,GARANZ.INT.14 ASSI QW9-840D 36 MESI,36-MONTH FULL WARRANTY 14 AXES QW9-840,GARANZIA INTEGRALE 14 ASSI QW9-840D 36 MESI,
0902850181-01,GARANZIA NADOVL 19 ASSI (36 MESI),36-MONTH FULL WARRANTY 19 AXES,GARANZIA NADOVL 19 ASSI 36 MESI,
5057704141-01,PREVENTIVATORE T&C ZK0 2D,T&C ESTIMATOR ZK0 2D,PREVENTIVATORE T&C - ZK0 2D,
6899719523-01,PREVENTIVATORE T&C ZK0 3D,T&C ESTIMATOR ZK0 3D,PREVENTIVATORE T&C - ZK0 3D,
6072911428-01,GARANZ.INT.15 ASSI QW9-840D 60 MESI,60-MONTH FULL WARRANTY 15 AXES QW9-840,GARANZIA INTEGRALE 15 ASSI QW9-840D 60 MESI,
9059647844-01,ZK0 TELEDIAGNOSI INTERNET VPN,ZK0 VPN INTERNET TELEDIAGNOSIS,TELEDIAGNOSI INTERNET VPN - ZK0,
9059647844-03,TELEDIAGNOSI INTERNET VPN,VPN INTERNET TELEDIAGNOSIS,,
6808570143-01,POST PROCESSOR ZK0,POST-PROCESSOR ZK0,POST-PROCESSOR - ZK0,
9770882066-01,POST PROCESSOR ZK0 - LICENZA AGG.,POST-PROCESSOR ZK0 - ADD. LICENCE,POST-PROCESSOR - ZK0 - LICENZA AGGIUNTIVA,
3458387279-01,POST PROCESSOR ZK0 3D,POST-PROCESSOR ZK0 3D,POST-PROCESSOR - ZK0 3D,
6270075308-01,POST PROCESSOR ZK0 3D-LICENZA AGG.,POST-PROCESSOR ZK0 3D - ADD. LICENCE,POST-PROCESSOR - ZK0 3D-LICENZA AGGIUNTIVA,
8417116227-01,"POST PROCESSOR ZK0"" FIBER",POST PROCESSOR ZK0 FIBER,POST PROCESSOR ZK0 FIBER,
4654161570-01,POST PROCESSOR ZK0 FIBER -LIC.AGG.,POST-PROCESSOR ZK0 FIBER-ADDIT. LICENCE,POST-PROCESSOR - ZK0 FIBER -LICENZA AGGIUNTIVA,
3463476013-01,ZK0 TARGHETTE IN ITALIANO,ZK0 ITALIAN PLATES,TARGHETTE - ITALIANO - ZK0,
6126473971-01,ZK0 TARGHETTE IN INGLESE,ZK0 ENGLISH PLATES,TARGHETTE - INGLESE - ZK0,
9576099280-01,ZK0 TARGHETTE IN FRANCESE,ZK0 FRENCH PLATES,TARGHETTE - FRANCESE - ZK0,
7335322027-01,ZK0 TARGHETTE IN TEDESCO,ZK0 GERMAN PLATES,TARGHETTE - TEDESCO - ZK0,
3104393055-01,ZK0 TARGHETTE IN SPAGNOLO,ZK0 SPANISH PLATES,TARGHETTE - SPAGNOLO - ZK0,
5298635984-01,ZK0 TARGHETTE IN POLACCO,ZK0 POLISH PLATES,TARGHETTE - POLACCO - ZK0,
1962800724-01,ZK0 TARGHETTE IN PORTOGHESE,ZK0 PORTUGUESE PLATES,TARGHETTE - PORTOGHESE - ZK0,
5916135139-01,ZK0 TARGHETTE IN CECO,ZK0 CZECH PLATES,TARGHETTE - CECO - ZK0,
0594598337-01,ZK0 TARGHETTE IN CINESE,ZK0 CHINESE PLATES,TARGHETTE - CINESE - ZK0,
2879166750-01,ZK0 TARGHETTE IN OLANDESE,ZK0 DUTCH PLATES,TARGHETTE - OLANDESE - ZK0,
1227754853-01,ZK0 TARGHETTE IN RUSSO,ZK0 RUSSIAN PLATES,TARGHETTE - RUSSO - ZK0,
3449705327-01,ZK0 TARGHETTE IN UNGHERESE,ZK0 HUNGARIAN PLATES,TARGHETTE - UNGHERESE - ZK0,
0790675818-01,ZK0 TARGHETTE IN TURCO,ZK0 TURKISH PLATES,TARGHETTE - TURCO - ZK0,
0866564549-01,ZK0 INTEGRAZ. CO2 MACCHINA BASE,ZK0 BASIC MACHINE CO2 INTEGRATION,INTEGRAZIONE CO2 MACCHINA BASE - ZK0,
8366524228-01,ZK0 INTEGR. FIBRA MACCHINA BASE,ZK0 BASIC MACHINE FIBER INTEGRATION,INTEGRAZIONE FIBRA MACCHINA BASE - ZK0,
2837871968-01,INTEGRAZIONE PORTALE CO2,CO2 PORTAL INTEGRATION,INTEGRAZIONE PORTALE CO2,
1984089156-01,INTEGRAZIONE PORTALE L=6500 FIBRA,"FIBER PORTAL INTEGRATION L=6,5m","INTEGRAZIONE PORTALE L=6,5m FIBRA",
8606333856-01,INTEGRAZIONE PORTALE L=8500 FIBRA,"FIBER PORTAL INTEGRATION L=8,5m","INTEGRAZIONE PORTALE L=8,5m FIBRA",
8074473428-01,INTEGRAZIONE PORTALE 12500 CO2,"CO2 PORTAL INTEGRATION L=12,5m","INTEGRAZIONE PORTALE L=12,5m CO2",
7473783850-01,INTEGRAZIONE PORTALE 12500 FIBRA,"FIBER PORTAL INTEGRATION L=12,5m","INTEGRAZIONE PORTALE L=12,5m FIBRA",
8692307938-01,INTEGR. CARIC. FASCIO L=6500 FIBRA,"FIBER BUNDLE LOADER INTEGRATION L=6,5m","INTEGRAZIONE CARICATORE ""F"" L=6,5m FIBRA",
4826868725-01,INTEGR. CARIC. FASCIO L=8500 FIBRA,"FIBER BUNDLE LOADER INTEGRATION L=8,5m","INTEGRAZIONE CARICATORE ""F"" L=8,5m FIBRA",
9978228270-01,CARIC.AUT.BARRA SINGOLA L=6500 BASE,"BASIC SINGLE BAR AUTOMATIC LOADER L=6,5m","CARICATORE AUTOMATICO BARRA SINGOLA L=6,5m BASE",
4941546467-01,INTEGR. CAR. BARRA SING. L=6500 CO2,"CO2 SINGLE BAR LOADER INTEGRATION L=6,5m","INTEGRAZIONE CARICATORE BARRA SINGOLA L=6,5m CO2",
8589533947-01,INTEGR.CAR. BARRA SING.L=6500 FIBRA,"FIBER SINGLE BAR LOADER INTEGRAT. L=6,5m","INTEGRAZIONE CARICATORE BARRA SINGOLA L=6,5m FIBRA",
6166031974-01,CARIC.AUT.BARRA SINGOLA L=8500 BASE,"BASIC SINGLE BAR AUTOMATIC LOADER L=8,5m","CARICATORE AUTOMATICO BARRA SINGOLA L=8,5m BASE",
2155531257-01,INTEGR. CAR. BARRA SING. L=8500 CO2,"CO2 SINGLE BAR LOADER INTEGRATION L=8,5m","INTEGRAZIONE CARICATORE BARRA SINGOLA L=8,5m CO2",
1452557814-01,INTEGR.CAR. BARRA SING.L=8500 FIBRA,"FIBER SINGLE BAR LOADER INTEGRAT. L=8,5m","INTEGRAZIONE CARICATORE BARRA SINGOLA L=8,5m FIBRA",
9174334800-01,ACTIVE PIERCING ZK0 FIBRA,ZK0 FIBER ACTIVE PIERCING,ACTIVE PIERCING - ZK0 FIBRA,
2283533630-01,ACTIVE PIERCING ZK0 FIBRA E C.COMP.,ZK0 FIBER ACTIVE PIERCING COMPENS. CYCLE,ACTIVE PIERCING - ZK0 FIBRA CON COMPENSAZIONE,
7653300492-01,CARICATORE PASSO-PASSO 6500 BASE,"BASIC STEP-STEP LOADER L=6,5m","CARICATORE PASSO-PASSO L=6,5m BASE",
6674846776-01,INTEGR. CARICATORE P.P. L=6500 CO2,"CO2 STEP-STEP LOADER INTEGRATION L=6,5m","INTEGRAZIONE CARICATORE PASSO-PASSO L=6,5m CO2",
3070270285-01,INTEGR.CARICATORE P.P. L=6500 FIBRA,"FIBER STEP-STEP LOADER INTEGRAT. L=6,5m","INTEGRAZIONE CARICATORE PASSO-PASSO L=6,5m FIBRA",
7024272938-01,INTEGR.CARIC. PASSO-PASSO 8500 BASE,"BASIC STEP-STEP LOADER INTEGRAT. L=8,5m","INTEGRAZIONE CARICATORE PASSO-PASSO L=8,5m BASE",
5361521218-01,INTEGR. CARICATORE P.P. L=8500 CO2,"CO2 STEP-STEP LOADER INTEGRATION L=8,5m","INTEGRAZIONE CARICATORE PASSO-PASSO L=8,5m CO2",
9582744801-01,INTEGR.CARICATORE P.P. L=8500 FIBRA,"FIBER STEP-STEP LOADER INTEGRAT. L=8,5m","INTEGRAZIONE CARICATORE PASSO-PASSO L=8,5m FIBRA",
2389166956-01,INT. CAR. PASSO-PASSO 12500 CO2,"CO2 STEP-STEP LOADER INTEGRATION L=12,5m","INTEGRAZIONE CARICATORE PASSO-PASSO L=12,5m CO2",
2588842356-01,INT. CAR. PASSO-PASSO 12500 FIBRA,"FIBER STEP-STEP LOADER INTEGRAT. L=12,5m","INTEGRAZIONE CARICATORE PASSO-PASSO L=12,5m FIBRA",
0228671333-01,INT. CAR. FASCIO 12500 FIBRA,"FIBER BUNDLE LOADER INTEGRATION L=12,5m","INTEGRAZIONE CARICATORE ""F"" L=12,5m FIBRA",
0785765340-01,INT. CAR. AUT. BAR. SING.8500 FIBRA,"FIBER SINGLE BAR AUT.LOAD. INTEGR.L=8,5m","INTEGRAZIONE CARICATORE AUTOMATICO BARRA SINGOLA L=8,5m FIBRA",
2094728042-01,INTEGR. SCARICO L=4500 CO2,"CO2 UNLOADER L=4,5m INTEGRATION","INTEGRAZIONE SCARICO L=4,5m CO2",
2323805671-01,INTEGR. SCARICO L=4500 FIBRA,"FIBER UNLOADER L=4,5m INTEGRATION","INTEGRAZIONE SCARICO L=4,5m FIBRA",
5016897607-01,INT. CAR. AUT. B. SING. 8500 CO2,"CO2 SINGLE BAR AUT. LOAD. INTEGR. L=8,5m","INTEGRAZIONE CARICATORE AUTOMATICO BARRA SINGOLA L=8,5m CO2",
2154683272-01,INTEGRAZIONE SCARICO L=6500 BASE,"BASIC UNLOADER L=6,5m INTEGRATION","INTEGRAZIONE SCARICO L=6,5m BASE",
4546799203-01,INTEGR. SCARICO PROL. L=2000 CO2,CO2 UNLOADER EXTENSION L=2m INTEGRATION,INTEGRAZIONE SCARICO PROLUNGA L=2m CO2,
8633232504-01,INTEGR. SCARICO PROL. L=2000 FIBRA,FIBER UNLOAD. EXTENSION L=2m INTEGRATION,INTEGRAZIONE SCARICO PROLUNGA L=2m FIBRA,
4407248200-01,INTEGRAZIONE SCARICO L=8500 BASE,"UBASIC NLOADER L=8,5m INTEGRATION","INTEGRAZIONE SCARICO L=8,5m BASE",
8642080642-01,VIDEOCAMERE,VIDEO CAMERAS,VIDEOCAMERE,
3957681992-01,INTEGR. TESTA AK-CUF SSL,"""AK-CUF"" SSL HEAD INTEGRATION","INTEGRAZIONE TESTA ""AK-CUF"" SSL",
0996319216-01,INTEGR. FIBRA 3D CUT MACCHINA BASE,ZK0 BASIC MACHINE FIBER 3D CUT INTEGRAT.,INTEGRAZIONE FIBRA 3D CUT MACCHINA BASE,
7394796093-01,INT.BANCO DI SCARICO IN LINEA FIBRA,FIBER INLINE DISCHARGE SYSTEM INTEGRAT.,INTEGRAZIONE BANCO DI SCARICO IN LINEA FIBRA,
4622450773-06,TRASPORTATORE PEZZI CORTI FIBRA,FIBER SHORT PARTS CONVEYOR,,
7964307405-01,INT. BANCO PEZZI CORTI STD. FIBRA,FIBER STANDARD SHORT PART BENCH INTEGR.,INTEGRAZIONE BANCO PEZZI CORTI STANDARD FIBRA,
9131044027-01,INTEGR. CO2 3D T.C. MACCHINA BASE,BASIC MACHINE CO2 3D T.C. INTEGRATION,INTEGRAZIONE CO2 3D SOCIFEFIGT MACCHINA BASE,
0404347977-01,ACTIVE PIERCING ZK0 CO2 SOCIFEFIGT,ZK0 CO2 SOCIFEFIGT ACTIVE PIERCING,ACTIVE PIERCING - ZK0 CO2 SOCIFEFIGT,
4436745444-01,ACTIVE PIERCING ZK0 CO2 T.C.+C.COMP,ZK0 CO2 T.C. ACTIVE PIERCING COMP. CYCLE,ACTIVE PIERCING ZK0 CO2 SOCIFEFIGT + CON COMPENSAZIONE,
0054238765-01,ZK5-ZK0 - ACTIVE SCAN,ZK0/ZK5 ACTIVE SCAN,ACTIVE SCAN - ZK0-ZK5,
3047498275-01,ZK0.92 INTEGR. CO2 3D T.C. M/C BASE,ZK0.92 B.MACH. CO2 3D T.C. INTEGRATION,INTEGRAZIONE CO2 3D SOCIFEFIGT MACCHINA BASE - ZK0.92,
3053841263-01,ZK0.92 INT. FIBRA 3D T.C. M/C BASE,ZK0.92 B. MACH. FIBER 3D T.C. INTEGRAT.,INTEGRAZIONE FIBRA 3D SOCIFEFIGT MACCHINA BASE - ZK0.92,
5324305984-01,ZK0.92 INT.CO2 COMPACT 3D T.C. M/C,ZK0.92 B. M. CO2 COMPACT 3D T.C. INTEGR.,INTEGRAZIONE CO2 COMPACT 3D SOCIFEFIGT MACCHINA BASE - ZK0.92,
2535590427-01,INTEGRAZIONE CAR. COMPACT L=8500,"COMPACT FIBER LOADER L=8,5m","INTEGRAZIONE CARICATORE COMPACT L=8,5m",
0840759862-01,ZK0.92 INT. MACCHINA COMPACT FIBRA,ZK0.92 COMPACT FIBER INTEGRATION,INTEGRAZIONE COMPACT FIBRA - ZK0.92,
0590853910-01,INTEGR. M/C COMPACT FIBRA L=8500,"COMPACT FIBER L=8,5m INTEGRATION","INTEGRAZIONE COMPACT FIBRA L=8,5m",
8586787055-01,INTEGR. M/C COMPACT FIBRA L=12500,"COMPACT FIBER L=12,5m INTEGRATION","INTEGRAZIONE COMPACT FIBRA L=12,5m",
5922973805-01,SISTEMA CONTROLLO ORIENTAM. PROFILI,PROFILES ORIENTATION CONTROL SYSTEM,SISTEMA CONTROLLO ORIENTAMENTO PROFILI,
3965541951-01,SENSORI TESTA FIBRA TC TP,SOCIFEFIGT FIBER HEAD SENSORS TP,SENSORI TESTA FIBRA SOCIFEFIGT TP,
7081195409-01,ZK0.92 FIBRA TESTA TC TILT+S.C.,ZK0.92 TUBECUT. TILT HEAD+SWITCH COLLIM.,FIBRA TESTA SOCIFEFIGT TILT + SWITCH COLLIMATOR - ZK0.92,
9369259382-01,ZK0.92 FIBRA TESTA TC TILT+COLL.,ZK0.92 SOCIFEFIGT TILT HEAD+COLLIMATOR,FIBRA TESTA SOCIFEFIGT TILT + COLLIMATOR - ZK0.92,
2720569736-01,INTEGRAZIONE LASER U 2-3 KW,LASER U 2-3kW INTEGRATION,INTEGRAZIONE LASER U 2-3kW,
9658106254-01,INTEGRAZIONE LASER U 4-5-6 KW,LASER U 4-5-6kW INTEGRATION,INTEGRAZIONE LASER U 4-5-6kW,
4745128863-01,INTEGRAZIONE LASER AMB,LASER AMB INTEGRATION,INTEGRAZIONE LASER AMB,
7947913726-01,INTEGRAZIONE LASER AMB-U,LASER AMB-U INTEGRATION,INTEGRAZIONE LASER AMB-U,
0886658372-01,INTEGRAZIONE LASER AMB-U 3+3,LASER AMB-U 3+3 INTEGRATION,INTEGRAZIONE LASER AMB-U 3+3,
7171891898-01,CARICATORE COMPACT FIBRA L=6500,"COMPACT FIBER LOADER L=6,5m","CARICATORE COMPACT FIBRA L=6,5m",
4785070358-01,INTEGR. CAR. COMPACT FIBRA L=8500,"COMPACT FIBER LOADER INTEGRATION L=8,5m","INTEGRAZIONE CARICATORE COMPACT FIBRA L=8,5m",
3617799919-01,INTEGR. CAR. COMPACT FIBRA L=12500,"COMPACT FIBER LOADER INTEGRATION L=12,5m","INTEGRAZIONE CARICATORE COMPACT FIBRA L=12,5m",
5009149190-01,CARICATORE FASCIO 12500,"BUNDLE LOADER L=12,5m","CARICATORE ""F"" L=12,5m",
1924996945-01,INTEGRAZIONE SPINTORE 12500,"PUSHER L=12,5m INTEGRATION","INTEGRAZIONE SPINTORE L=12,5m",
4922362823-01,ZK0 GRIFFE LUN. DOPPIO RULLO,ZK0 STEADY REST JAW DOUBLE ROLLER,GRIFFE LUNETTA DOPPIO RULLO - ZK0,
9045537039-01,ZK0 GRIFFE LUN. RULLI STRETTI,ZK0 STEADY REST JAW STRETCH ROLLER,GRIFFE LUNETTA RULLI STRETTI - ZK0,
6155296980-01,ACTIVE PIERCING 2.0 FIBRA,FIBER ACTIVE PIERCING 2.0,ACTIVE PIERCING 2.0 FIBRA,
9591832097-01,ACTIVE SCAN - ESTENSIONE SEZ. SPEC.,SPECIAL SECTIONS EXTENSION ACTIVE SCAN,ACTIVE SCAN - ESTENSIONE SEZIONI SPECIALI,
9820704112-01,ZK0 ACTIVE SHAPE PORTALE,ZK0 ACTIVE SHAPE WITH LOADING PORTAL,ACTIVE SHAPE PORTALE - ZK0,
0935656356-01,ACTIVE SENSE,ACTIVE SENSE,ACTIVE SENSE,
0666711942-01,UNITÀ LAVORAZIONI ADDIZIONALI,ADDITIONAL PROCESSING UNITS,UNITÀ LAVORAZIONI ADDIZIONALI,
8997851817-01,STARTER KIT UTENSILI ULA,STARTER TOOL KIT UNIT ADDITIONAL MACHIN.,STARTER KIT UTENSILI UNITÀ LAVORAZIONI ADDIZIONALI,
9901390829-01,STARTER KIT PORTAUTENSILI ULA,STARTER KIT TOOL HOLDER ADDIT. MACH. U.,STARTER KIT PORTAUTENSILI UNITÀ LAVORAZIONI ADDIZIONALI,
2739296310-01,ATTREZZATURA PRESETTING L=170 ULA,A.P.U. L=170mm PRESETTING EQUIPMENT,ATTREZZATURA PRESETTING L=170mm UNITÀ LAVORAZIONI ADDIZIONALI,
3412044057-01,MODULO SAGOMA AGGIUNTIVA,ADDITIONAL TEMPLATE MODULE,MODULO SAGOMA AGGIUNTIVA,
7100949254-01,ZK8-ZK5-ZK0 GR. FILTRI+TUBI ARIA C.,ZK8/ZK5/ZK0 FILTERS+COMPRESSED AIR TUBES,FILTRI+TUBI ARIA COMPRESSA - ZK8-ZK5-ZK0,
3504602641-01,ZK8-ZK5-ZK0 INTEGRAZIONE 3° GAS,ZK8/ZK5/ZK0 3° GAS INTEGRATION,INTEGRAZIONE 3° GAS - ZK8-ZK5-ZK0,
6003382971-01,SERBATOIO 500 L ARIA COMPRESSA,500L TANK COMPRESSED AIR,SERBATOIO 500L ARIA COMPRESSA,
0101032956-01,SURPRESSORE 50HZ-400V,BOOSTER COMPRESSOR 400V/50Hz,SURPRESSORE - 400V/50Hz,
2513365180-01,SURPRESSORE 60HZ-460V,BOOSTER COMPRESSOR 460V/60Hz,SURPRESSORE - 460V/60Hz,
8192234314-01,ZK0 - AUTOTRASF. MULTITENSIONE,ZK0 MULTITENSION AUTOTRANSFORMER,AUTOTRASFORMATORE MULTITENSIONE - ZK0,
3100333867-01,ZK0 FIBER - AUTOTRASF.MULTITENSIONE,ZK0FIBER MULTITENSION AUTOTRANSFORMER,AUTOTRASFORMATORE MULTITENSIONE - ZK0 FIBER,
6807859431-01,PORTALE DI CARICO 12500 BASE,"BASIC LOADING PORTAL L=12,5m","PORTALE DI CARICO L=12,5m BASE",
5644476124-01,PORTALE DI CARICO DX 12500,"RIGHT LOADING PORTAL L=12,5m","PORTALE DI CARICO DESTRO L=12,5m",
7426857582-01,PORTALE 2° LATO DI CARICO 6500,"PORTAL 2° SIDE LOADING L=6,5m","PORTALE 2° LATO CARICO L=6,5m",
4950712336-01,CHIUSURA LATO DX PORTALE 6500,"RIGHT SIDE PORTAL CLOSING L=6,5m","CHIUSURA LATO DESTRO PORTALE L=6,5m",
3147673084-01,CHIUSURA LATO SX PORTALE 6500,"LEFT SIDE PORTAL CLOSING L=6,5m","CHIUSURA LATO SINISTRO PORTALE L=6,5m",
1215823361-01,LATO DI CARICO SX PORTALE 12500,"LEFT LOADING PORTAL L=12,5m","PORTALE LATO DI CARICO SINISTRO L=12,5m",
0466865821-01,ZK0.32 TESTA TC TILT+COLL.,ZK0.32 SOCIFEFIGT TILT HEAD+COLLIMATOR,,
5971421851-01,PORTALE 2° LATO DI CARICO 8500,"PORTAL 2° SIDE LOADING L=8,5m","PORTALE 2° LATO CARICO L=8,5m",
0139753583-01,CHIUSURA LATO DX PORTALE 8500,"RIGHT SIDE PORTAL CLOSING L=8,5m","CHIUSURA LATO DESTRO PORTALE L=8,5m",
6882700708-01,CHIUSURA LATO SX PORTALE 8500,"LEFT SIDE PORTAL CLOSING L=8,5m","CHIUSURA LATO SINISTRO PORTALE L=8,5m",
7559160231-01,CHIUSURA LATO SX PORTALE 12500,"LEFT SIDE PORTAL CLOSING L=12,5m","CHIUSURA LATO SINISTRO PORTALE L=12,5m",
4880812409-01,ZK0.32 PROLUNGA CATENE L=6500,"ZK0.32 CHAINS EXTENSION L=6,5m",,
1007551761-01,ZK0.32 INT.PROLUNGA CATENE L=8500,"ZK0.32 CHAINS EXTENSION L=8,5m INTEGRAT.",,
3234668884-01,ZK0.32 PROLUNGA CATENE L=12500,"ZK0.32 CHAINS EXTENSION L=12,5m",,
4926408498-01,INTEGRAZIONE LASER PIDIPUT ZIDET,"LASER PIDIPUT ""ZIDET"" INTEGRATION",,
4444510552-01,CARICATORE DA CASSA ZK0 L=6500,"ZK0 CRATE LOADER L=6,5m",,
6139124724-01,CARICATORE DA CASSA ZK0 L=8500,"ZK0 CRATE LOADER L=8,5m",,
1416616158-01,SECONDO LATO DI SCARICO,2° UNLOADER SIDE,2° LATO SCARICO,
7963148817-01,CHIUSURA LATO SX SCARICO,LEFT SIDE UNLOADER CLOSING,CHIUSURA LATO SINISTRO SCARICO,
4258162792-01,ZK0.32 INTEGRAZIONE 3° GAS,ZK0.32 3° GAS INTEGRATION,,
4571276653-01,ZK0.32 TAGLIO 3D,ZK0.32 3D CUTTING,,
6081743793-01,ANT. SFRIDO -BARRA INT. -TAGLIO IN COM.,ADVANCE SCRAP FULL BAR - COMMON CUT,,
5026714965-01,PROTOTIPO INTEGRAZIONE FIBRA 3D CUT,3D CUT FIBER INTEGRATION PROTOTYPE,PROTOTIPO INTEGRAZIONE FIBRA 3D CUT,
4084107232-01,CONFIGURAZIONE ROBOT - DOF 9 + TR,ROBOT CONFIGURATION - DOF 9 + TR,,
7002278814-01,CONFIGURAZIONE ROBOT - DOF 8,ROBOT CONFIGURATION - DOF 8,,
3802316085-01,CONFIGURAZIONE ROBOT - DOF 8 +TR,ROBOT CONFIGURATION- DOF 8 +TR,,
3158911355-01,BASAMENTO ROBOT FISSO,FIXED ROBOT BASE,,
6681550391-01,CABINA BASE 4X4,4x4 BASIC BOOTH,,
1249949002-01,CABINA LATO CHIUSO 4M,CLOSED SIDE BOOTH 4M,,
5984419109-01,CABINA LATO TR ROTOBASCULANTE,TR SIDE ROTOBASCULANT BOOTH,,
4587039873-01,CABINA LATO TR TORNIO,TR SIDE LATHE BOOTH,,
6802711137-01,TESTA DI SALDATURA WOBBLING,WOBBLING WELD HEAD,,
9015651278-01,OPZIONE ADDUZIONE FILO TESTA WOBBLING,WOBBLING HEAD WIRE ADDUCTION OPTION,,
7185589442-01,ASPIRATORE CELLE DI SALDATURA,WELDING CELL ASPIRATOR,,
1742668931-01,OPZIONE FOCUS ASSISTANT,FOCUS ASSISTANT OPTION,,
0991954171-01,OPZIONE TEACH ASSISTANT,TEACH ASSISTANT OPTION,,
9811342638-01,OPZIONE SEAM TRACKER,SEAM TRACKER OPTION,,
1739291011-01,OPZIONE GAP EVALUATOR,GAP EVALUATOR OPTION,,
6605896243-01,OPZIONE SEAM EVALUATOR,SEAM EVALUATOR OPTION,,
4668604956-01,OPZIONE WIRE STATUS ASSISTANT,WIRE STATUS ASSISTANT OPTION,,
1463570993-01,OPZIONE PROCESS VIEWER,PROCESS VIEWER OPTION,,
2328300628-01,OPZIONE PROCESS MONITORING,PROCESS MONITORING OPTION,,
7788093534-01,SORGENTE LASER 3KW,LASER SOURCE 3kW,,
7097202769-01,LASER FIBRA YLS5000 U - 100UM - PROFINET,LASER FIBER YLS5000 U 100µm PN,,
9650083501-01,OPZIONE MONITOR ESTERNO PRINCIPALE,MAIN EXTERNAL MONITOR OPTION,,
5234247572-01,OPZIONE MONITOR ZONA DI CARICO ESTERNO,MONITOR OPTION EXTERNAL LOADING ZONE,,
0388481362-01,OPZIONE MONITORAGGIO INTERNO CELLA,INTERNAL CELL MONITORING OPTION,,
7122999339-01,OPZIONE TAVOLO DI SALDATURA,WELDING TABLE OPTION,,
3034634676-01,OPZIONE FLEXIBLE ACTIVE GRIPPER,FLEXIBLE ACTIVE GRIPPER OPTION,,
8832864545-01,OPZIONE ROTARY ACTIVE GRIPPER 350,ROTARY ACTIVE GRIPPER 350 OPTION,,
9785744226-01,OPZIONE FIXTURE QUICK CHANGE,FIXTURE QUICK CHANGE OPTION,,
1012523366-01,LICENZA ANNUALE BOFUSOVIP,BOFUSOVIP ANNUAL LICENSE,,
9161392623-01,OPZIONE ENERGY CONSUMPTION MONITORING,ENERGY CONSUMPTION MONITORING OPTION,,
5258617715-01,OPZIONE PACCHETTO INDUSTRIA 4.0,INDUSTRY 4.0 PACKAGE OPTION,,
8301972107-01,LW-S TARGHETTE IN ITALIANO,LW-S ITALIAN PLATES,,
0245916761-01,MODULO AGGIUNTIVO 0.74M CABINA LW-S,ADDITIONAL MODULE 0.74M LW-S CABIN,,
4420836842-01,RACCOLTA PEZZI TUBO A ESTR.FRONTALE,FRONT-EXTRACTING TUBE PARTS COLLECTION,RACCOLTA PEZZI TUBO A ESTRAZIONE FRONTALE,
8381232749-01,SOLLEVATORE PEZZI TUBO LAVORATI,MACHINED TUBE PARTS LIFTER,SOLLEVATORE PEZZI TUBO LAVORATI,
9169650775-01,PROLUNGA SOLLEVATORE L=9500,"LIFTER EXTENSION L=9,5m","PROLUNGA SOLLEVATORE L=9,5m",
8467946090-01,PROLUNGA SOLLEVATORE L=12500,"LIFTER EXTENSION L=12,5m","PROLUNGA SOLLEVATORE L=12,5m",
3517767585-01,ZK1-SCAR.P.ZI CORTI CON RIBALTATORE,ZK1 SHORT PARTS UNLOADER WITH TILTER,SCARICO PEZZI CORTI CON RIBALTATORE - ZK1,
8486073527-01,ZK1 - SCAR. P.ZI CORTI NASTR TRASV,ZK1 SHORT PARTS UNLOADER CROSSBELTS,SCARICO PEZZI CORTI NASTRI TRASVERSALI - ZK1,
6231966515-01,ZK1-SCAR.P.ZI CORTI IN LINEA,ZK1 SHORT PARTS UNLOADER IN LINE,SCARICO PEZZI CORTI IN LINEA - ZK1,
6702960852-01,ZK1 SCARICO SUPPLEMENTARE L=9500,"ZK1 ADDITIONAL UNLOADER L=9,5m","SCARICO SUPPLEMENTARE L=9,5m - ZK1",
1509219034-01,ZK1 SCARICO SUPPLEMENTARE L=12500,"ZK1 ADDITIONAL UNLOADER L=12,5m","SCARICO SUPPLEMENTARE L=12,5m - ZK1",
0130874306-01,ZK1 RACCOGLITORE L=6500,"ZK1 COLLECTOR L=6,5m","RACCOGLITORE L=6,5m - ZK1",
2323323870-01,ZK1 RACCOGLITORE PROLUNGA L=9500,"ZK1 COLLECTOR EXTENSION L=9,5m","RACCOGLITORE PROLUNGA L=9,5m - ZK1",
6280683272-01,ZK1 RACCOGLITORE PROLUNGA L=12500,"ZK1 COLLECTOR EXTENSION L=12,5m","RACCOGLITORE PROLUNGA L=12,5m - ZK1",
3486311929-01,COMP.RACCOGLITORE PER CP3045-60-90,CP3045/60/90 COLLECTOR COMPLEMENT,COMPLEMENTO RACCOGLITORE PER CP3045-60-90,
9637482301-01,SEGREGAZIONI ANTERIORI CP30X0,CP30X0 FRONT SEGREGATIONS,SEGREGAZIONI ANTERIORI CP30X0,
3967736743-01,FLAP RIPARO POSTERIORE,REAR GUARD FLAP,FLAP RIPARO POSTERIORE,
9309462600-01,BANCO ANTERIORE CP30X0,PALLET CHANGE 30X0 FRONT BENCH,CAMBIO PALLET 30X0 BANCO ANTERIORE,
9508569211-01,CAMBIO PALLET 3000X1500,PALLET CHANGE 3015,CAMBIO PALLET 3015,
3844117486-01,GRIGLIE SUPPORTO PALLET 3015 GT,CP3015 GT SUPPORT GRIDS,GRIGLIE SUPPORTO PALLET 3015 GT,
1727720224-01,ZK1 - INTEGR. LASER DC35K RCU,ZK1 LASER DC35K RCU INTEGRATION,INTEGRAZIONE LASER DC35K RCU - ZK1,
4984311034-01,ZK1 - INTEGR. LASER DC45K RCU,ZK1 LASER DC45K RCU INTEGRATION,INTEGRAZIONE LASER DC45K RCU - ZK1,
4623791948-01,ZK1- CAMBIO AUT. UGELLO 18 POS.,ZK1 AUTOMATIC NOZZLE CHANGE 18 POSITIONS,CAMBIO AUTOMATICO UGELLO 18 POSIZIONI - ZK1,
9176632685-01,ZK1 - CAMBIO AUT. UGELLO 8 POS.,ZK1 AUTOMATIC NOZZLE CHANGE 8 POSITIONS,CAMBIO AUTOMATICO UGELLO 8 POSIZIONI - ZK1,
5757306109-01,ZK1-TESTA FIBRA SONEPEDER F200,SONEPEDER F200 FIBER HEAD - ZK1,TESTA FIBRA SONEPEDER F200 - ZK1,
3637091896-01,TESTA HPSSL A 90 GRADI,"""HPSSL"" 90° HEAD","TESTA ""HPSSL"" 90°",
7862090670-01,REG.AUTOMATICA FUOCO HPSSL F200,"""HPSSL"" F200 AUTOMATIC FOCUS ADJUSTMENT",REGOLAZIONE AUTOMATICA FUOCO HPSSL F200,
3014093718-01,FOCALE F125 HPSSLM,"125mm LENS HOLDER FOR HEAD ""HPSSLM""",FOCALE F125mm HPSSLM,
2343095648-01,SET PORTA VETRINO DI PROTEZIONE,PROTECTION GLASS HOLDER SET,SET PORTAVETRINO DI PROTEZIONE,
9422426603-01,SET SENSORIZZATO VETRINO PROTEZIONE,SENSOR SET PROTECTION GLASS,SET SENSORIZZATO VETRINO PROTEZIONE,
8831480992-01,ZK1-ACTIVE PERCING,ZK1 ACTIVE PERCING,ACTIVE PERCING - ZK1,
5365034013-01,ZK1-RICERCA SALDATURA,ZK1 WELD SEARCH DEVICE,RICERCA SALDATURA - ZK1,
7237596966-01,POST-PROCESSOR CAM3D ZK1,POST-PROCESSOR CAM3D ZK1,POST-PROCESSOR CAM3D - ZK1,
2831849464-01,POST-PROCESSOR CAM3D ZK1-L.AGG,POST-PROCESSOR CAM3D ZK1 - ADD. LICENCE,POST-PROCESSOR CAM3D - ZK1-LICENZA AGGIUNTIVA,
4534030911-01,TAVOLA SINGOLA ZK1,ZK1 SINGLE PALLET,TAVOLA SINGOLA - ZK1,
5006243812-01,GRIGLIE TAVOLA SINGOLA ZK1,ZK1 SINGLE PALLET GRIDS,GRIGLIE TAVOLA SINGOLA - ZK1,
8360670307-01,CAMBIO PALLET 3000X4500 ZK1,ZK1 PALLET CHANGE 3045,CAMBIO PALLET 3045 - ZK1,
6247302967-01,ZK1 - CP3045P GRIGLIE IN FERRO,ZK1 CP3045P IRON GRIDS,CP3045P GRIGLIE IN FERRO - ZK1,
4226755965-01,COPERTURA TELESCOPICA CP3045,CP3045 TELESCOPIC COVERING,COPERTURA TELESCOPICA CP3045,
3606408455-01,ZK1 - RISCONTRI FISSI CP3060,QJ1 CP3060 FIXED LOCATORS,RISCONTRI FISSI CP3060 - ZK1,
0364684943-01,CAMBIO PALLET 3000X6000 ZK1,ZK1 PALLET CHANGE 3060,CAMBIO PALLET 3060 - ZK1,
7465976913-01,COPERTURA TELESCOPICA CP3060,CP3060 TELESCOPIC COVERING,COPERTURA TELESCOPICA - CP3060,
7549775176-01,ZK1 - XXX,ZK1 - XXX,ZK1 - XXX,
0805819169-01,ZK1 - RISCONTRI FISSI CP3090,QJ1 CP3090 FIXED LOCATORS,RISCONTRI FISSI CP3090 - ZK1,
9041979976-01,CAMBIO PALLET 3000X9000 ZK1,ZK1 PALLET CHANGE 3090,CAMBIO PALLET 3090 - ZK1,
2914479861-01,GRIGLIE CP3090,CP3090 GRIDS,GRIGLIE - CP3090,
2824623419-01,COPERTURA TELESCOPICA CP3090,CP3090 TELESCOPIC COVERING,COPERTURA TELESCOPICA - CP3090,
1882052761-01,ZK1 INTEGRAZIONE SOLO LAMIERA,ZK1 ONLY SHEET METAL INTEGRATION,INTEGRAZIONE SOLO LAMIERA - ZK1,
6872611950-01,ZK1 INTEGRAZIONE CO2,ZK1 CO2 INTEGRATION,INTEGRAZIONE CO2 - ZK1,
3268315291-01,ZK1 INTEGRAZIONE FIBRA,ZK1 FIBER INTEGRATION,INTEGRAZIONE FIBRA - ZK1,
9130778922-01,ZK1 INTEGRAZIONE TUBO,ZK1 TUBE INTEGRATION,INTEGRAZIONE TUBO - ZK1,
5329839300-01,ZK1 VOKUN INTEGRAZIONE CO2,ZK1 VOKUN CO2 INTEGRATION,INTEGRAZIONE CO2 - ZK1 VOKUN,
1949634103-01,ZK1 VOKUN INTEGRAZIONE FIBRA,ZK1 VOKUN FIBER INTEGRATION,INTEGRAZIONE FIBRA - ZK1 VOKUN,
8117480656-01,TESTA P/A INV. 20/400 400/50 9.2KW,"""PA-INVERTER"" HEAD 20/400RPM 400V/50Hz","TESTA ""PA"" INVERTER 20/400RPM - 400V/50Hz 9,2kW",
6901277830-01,FG02 - TESTA ALLUMINIO 11KW,ALUMINUM 11kW HEAD - FG02,TESTA ALLUMINIO 11kW - FG02,
8462706221-01,UNITA' BASE FORATURA RADIALE,BASIC UNIT RADIAL DRILLING,UNITÀ BASE FORATURA RADIALE,
9518883941-01,FG02 - UNITA' CALETTAMENTO A CALDO,FG02 HOT SHRINKING UNIT,UNITÀ CALETTAMENTO A CALDO - FG02,
0925812492-01,INTEGR. FORATURA RADIALE A 2 ASSI,2-AXIS RADIAL DRILLING INTEGRATION,INTEGRAZIONE FORATURA RADIALE A 2 ASSI,
1822047991-01,INTEGR.FORATURA RADIALE A 3 ASSI,3-AXIS RADIAL DRILLING INTEGRATION,INTEGRAZIONE FORATURA RADIALE A 3 ASSI,
1590685982-01,CORPO PINZE FORAT. D.10-60 L.20-120,CLAMP DRILLING BODY D10-60 L=20-120m,CORPO PINZE FORATURA D10-60 L=20-120m,
1776502415-01,CORPO PINZE FORAT D.10-60 L.120-600,CLAMP DRILLING BODY D60-80 L=20-120m,CORPO PINZE FORATURA D60-80 L=20-120m,
7351103273-01,CORPO PINZE STND. D.60-80 L.15-120 mm,CLAMP DRILLING BODY D60-80 L=120-600mm,CORPO PINZE FORATURA D60-80 L=120-600mm,
0253253487-01,CONO ISO40 ATTACCO ABS50 LOKAR,CONE ISO40 ABS50 CONNECTION LOKAR,CONO ISO40 ATTACCO ABS50 LOKAR,
7957849455-01,CONO ISO40 INTEGRALE,ISO40 CONE INTEGRAL,CONO ISO40 INTEGRALE,
0176566805-01,MICROLUBRIFICAZIONE ILC PER FG02,"FG02 ""ILC"" MICROLUBRICATION",MICROLUBRIFICAZIONE ILC - FG02,
5335215246-01,WZ02 - TESTA P INVERTER HM,"""P-HM INVERTER"" HEAD - WZ02","TESTA ""P"" INVERTER HM - WZ02",
0012685733-01,WZ02 - COMPLETAMENTO TESTA HM,"""HM"" HEAD COMPLEMENT - WZ02","COMPLEMENTO TESTA ""HM"" - WZ02",
5726309521-01,WZ02 - COMPLETAM TESTA HM 11KW,"""HM"" HEAD 11kW COMPLEMENT - WZ02","COMPLEMENTO TESTA ""HM"" 11kW - WZ02",
4473396916-01,WZ02 - TESTA P/HM PARTE COMUNE,"""P-HM"" COMMON PART HEAD - WZ02","TESTA ""P""/HM PARTE COMUNE - WZ02",
8845125900-01,WZ02 - TESTA ALLUMINIO 9KW,ALUMINUM 9kW HEAD - WZ02,TESTA ALLUMINIO 9kW - WZ02,
8891705612-01,WZ02 - TESTA ALLUMINIO BASE,ALUMINUM BASIC HEAD - WZ02,TESTA ALLUMINIO BASE - WZ02,
8485704016-01,WZ02 - TESTA ALLUMINIO INT. 9KW,WZ02 ALUMINUM 9kW HEAD INTEGRATION,INTEGRAZIONE TESTA ALLUMINIO 9kW - WZ02,
2657773025-01,WZ02 - TESTA ALLUMINIO INT. 11KW,WZ02 ALUMINUM 11kW HEAD INTEGRATION,INTEGRAZIONE TESTA ALLUMINIO 11kW - WZ02,
4172182181-01,WZ02 - TESTA P INV. 7.5KW,"""P-HM INVERTER"" HEAD 7,5kW - WZ02","TESTA ""P"" INVERTER 7,5kW - WZ02",
4384356010-01,WZ02 - COMPLETAM TESTA P INV 7.5KW,"""P-INVERTER"" HEAD 7,5kW COMPLEMENT-WZ02","COMPLEMENTO TESTA ""P"" INVERTER 7,5kW - WZ02",
2805960656-01,WZ02 PINZE STND D=10-60 L=20-120,WZ02 STANDARD CLAMP D10-60 L=20-120mm,PINZE STANDARD D10-60 L=20-120mm - WZ02,
4920950379-01,WZ02 PINZE STND D=10-60 L=120-350,WZ02 STANDARD CLAMP D10-60 L=120-350mm,PINZE STANDARD D10-60 L=120-350mm - WZ02,
1256872110-01,WZ02 PINZE STND D=60-76 L=20-120,WZ02 STANDARD CLAMP D60-76 L=20-120mm,PINZE STANDARD D60-76 L=20-120mm - WZ02,
7641012095-01,WZ02 PINZE STND D=60-76 L=120-350,WZ02 STANDARD CLAMP D60-76 L=120-350mm,PINZE STANDARD D60-76 L=120-350mm - WZ02,
5309615226-01,WZ02 PINZE RAPIDE D.10-65 L.20-120,WZ02 QUICK CLAMP D10-65 L=20-120mm,PINZE RAPIDE D10-65 L=20-120mm - WZ02,
9950378077-01,WZ02 PINZE RAPID D.10-65 L.120-350,WZ02 QUICK CLAMP D10-65 L=120-350mm,PINZE RAPIDE D10-65 L=120-350mm - WZ02,
3317877494-01,WZ02 - IMPIANTO TURBOREFRIG. LAMA,WZ02 SAWBLADE TURBO-COOLING SYSTEM,IMPIANTO TURBOREFRIGERAZIONE LAMA - WZ02,
5032104531-01,WZ02 - ROTOTAMBURO AUTOPULENTE 50HZ,WZ02 SELF-CLEANING DRUM ROLL 50Hz,ROTOTAMBURO AUTOPULENTE 50Hz - WZ02,
1555095527-01,WZ02 - ROTOTAMBURO AUTOPULENTE 60HZ,WZ02 SELF-CLEANING DRUM ROLL 60Hz,ROTOTAMBURO AUTOPULENTE 60Hz - WZ02,
9192819614-01,FG02 COMPL. SINGOLA STAZIONE,FG02 SINGLE STATION COMPLEMENT,COMPLEMENTO SINGOLA STAZIONE - FG02,
0273771004-01,MONITORAGGIO UTENSILE AVANZATO,ADVANCED TOOL MONITORING,MONITORAGGIO UTENSILE AVANZATO,
8183976108-01,WZ02 - SISTEMA DI MISURA,WZ02 MEASURING SYSTEM,SISTEMA DI MISURA - WZ02,
6930832710-01,WZ02 - COMPL BLOCCO 4 POSIZIONI,WZ02 4 POSITION BLOCK COMPLEMENT,COMPLEMENTO BLOCCO 4 POSIZIONI - WZ02,
3963750995-01,FG02SB - SEPARATORE DI SCARICO,FG02SB UNLOADING SEPARTOR,SEPARATORE DI SCARICO - FG02SB,
8355546344-01,WZ02 - SISTEMA DI SCARICO BASE,WZ02 BASIC UNLOADER,SISTEMA DI SCARICO BASE - WZ02,
8954224506-01,WZ02 - SISTEMA DI SCARICO RIALZATO,WZ02 RAISED UNLOADER,SISTEMA DI SCARICO RIALZATO - WZ02,
0014402671-01,WZ02 - INTEGRAZIONE MOV DEVIATORE,WZ02 DEVIATOR MOVEMENT INTEGRATION,INTEGRAZIONE MOVIMENTO DEVIATORE - WZ02,
4647106903-01,WZ02 - CONTROLLO UTENSILE,WZ02 TOOL CONTROL,CONTROLLO UTENSILE - WZ02,
2110688793-01,FG02 - INTEGRAZIONE CABINA BASE,FG02 BASE BOOTH INTEGRATION,INTEGRAZIONE CABINA BASE - FG02,
9740871265-01,FG02 STAZIONE UNIVERSALE BASE,FG02 BASIC UNIVERSAL STATION,STAZIONE UNIVERSALE BASE - FG02,
8202587053-01,FG02 COMPL. STAZIONE MANDRINO,FG02 SPINDLE STATION COMPLEMENT,COMPLEMENTO STAZIONE MANDRINO - FG02,
0769994959-01,FG02 COMPL. STAZIONE CN,FG02 CN STATION COMPLEMENT,COMPLEMENTO STAZIONE CN - FG02,
1593756181-01,FG02 - COMPL. STAZIONE CN CUF,FG02 CN CUF STATION COMPLEMENT,COMPLEMENTO STAZIONE CN CUF - FG02,
5691812347-01,FG02 COMPL. STAZIONE MANDRINO 9 kW,FG02 SPINDLE 9kW STATION COMPLEMENT,COMPLEMENTO STAZIONE MANDRINO 9kW - FG02,
4830790818-01,FG02 - COMPL. STAZIONE CN CUF+,FG02 CN CUF+ STATION COMPLEMENT,COMPLEMENTO STAZIONE CN CUF+ - FG02,
3732488662-01,FG02 - COMPL. CARICATORE F 8500,"FG02 BUNDLE LOADER L=8,5m COMPLEMENT","COMPLEMENTO CARICATORE ""F"" L=8,5m - FG02",
1041438166-01,FG02 - COMPL. CARICATORE F 12500,"FG02 BUNDLE LOADER L=12,5m COMPLEMENT","COMPLEMENTO CARICATORE ""F"" L=12,5m - FG02",
8250832372-01,CARICATORE TUBI F 12500,"BUNDLE LOADER-TUBE L=12,5m","CARICATORE ""F"" TUBO L=12,5m",
5397534295-01,VERS.TAGLIO MET.DURO FG02 PROFIBUS,FG02 PROFIBUS HARD METAL CUTTING UNIT,HARD METAL CUTTING UNIT - FG02 PB,
1558569376-01,FG02 - ROTOTAMBURO AUTOPULENTE 50HZ,FG02 SELF-CLEANING DRUM ROLL 50Hz,ROTOTAMBURO AUTOPULENTE 50Hz - FG02,
6493977232-01,FG02 - ROTOTAMBURO AUTOPULENTE 60HZ,FG02 SELF-CLEANING DRUM ROLL 60Hz,ROTOTAMBURO AUTOPULENTE 60Hz - FG02,
2346773294-01,FG02 COMPL. DOPPIA STAZIONE,FG02 DOUBLE STATION COMPLEMENT,COMPLEMENTO DOPPIA STAZIONE - FG02,
2365314119-01,FG02 DOPPIA STAZIONE 1 O 2 INVERTER,FG02 DUAL STATION 1 OR 2 INVERTERS,DOPPIA STAZIONE 1 O 2 INVERTER - FG02,
2879434258-01,QJ8 - 3015 INT. CABINA SPECCHIATA,QJ8 3015 MIRROR BOOTH INTEGRATION,INTEGRAZIONE CABINA SPECCHIATA - QJ8 3015,
8904335101-01,ZB8 - RALLA SUPPL. + ATTR. SETT,ZB8 ADDIT. SLEWING RING+SETTING EQUIPM.,RALLA SUPPLEMENTARE + ATTREZZATURA DI SETTAGGIO - ZB8,
1933914918-01,ZB8 - RALLA LUNETTA ZEN.LER.R. AGGIUNTIVA,ZB8 ADDIT. GOM STEADY REST SLEWING RING,RALLA LUNETTA GOM AGGIUNTIVA - ZB8,
3286731218-01,ZB8 - RALLA PER LAVORAZIONE PROFILI,ZB8 SLEWING RING FOR MACHINING PROFILES,RALLA LAVORAZIONE PROFILI - ZB8,
1654789565-01,QJ8 - CAMBIO PALLET 3000X1500 TRAS,QJ8 PALLET CHANGE 3015T,CAMBIO PALLET 3015T - QJ8,
1654789565-10,QJ8 - CAMBIO PALLET 3000X1500 TRAS K58,QJ8 PALLET CHANGE 3015T K58,,
6454659696-01,QJ8 - INTEGRAZIONE LAGET CP3015T,"""LAGET-CARAS"" CP3015T INTEGRATION","INTEGRAZIONE ""LAGET-CARAS"" CP3015T - QJ8",
1641916317-01,QJ8 - C. PALLET 3000X1500 TRAS K58 STRUT,QJ8 PALLET CHANGE STRUCTURE 3015T K58,STRUTTURA CAMBIO PALLET 3015T K58 - QJ8,
9853526196-01,QJ8 - C. PALLET 3000X1500 TRAS K58 COMPL,QJ8 PALLET CHANGE 3015T K58 COMPLEMENT,COMPLEMENTO CAMBIO PALLET 3015T K58 - QJ8,
2701414783-01,QJ8 - CAMBIO PALLET 3000X1500 LONG,QJ8 PALLET CHANGE 3015L,CAMBIO PALLET 3015L - QJ8,
0446465434-01,QJ8 - INTEGR CARICO/SCARICO CP3015L,QJ8 LOADING/UNLOADING CP3015L INTEGRAT.,INTEGRAZIONE CARICO/SCARICO CP3015L - QJ8,
2067216124-01,QJ8 - C. PALLET 3000X1500 LONG K58 STRUT,QJ8 PALLET CHANGE STRUCTURE 3015L K58,STRUTTURA CAMBIO PALLET 3015L K58 - QJ8,
6220823205-01,QJ8 - C. PALLET 3000X1500 LONG K58 COMPL,QJ8 PALLET CHANGE 3015L K58 COMPLEMENT,COMPLEMENTO CAMBIO PALLET 3015L K58 - QJ8,
6918268527-01,QJ8 - CAMBIO UGELLO 18 POS.,QJ8 NOZZLE CHANGE 18 POSITIONS,CAMBIO UGELLO 18 POSIZIONI - QJ8,
2473187058-01,QJ8 - CAMBIO UGELLO 8 POS.,QJ8 NOZZLE CHANGE 8 POSITIONS,CAMBIO UGELLO 8 POSIZIONI - QJ8,
8716645886-01,ZB8-SISTEMA DI RACCOLTA - BASE,ZB8 BASIC COLLECTION SYSTEM,SISTEMA DI RACCOLTA BASE - ZB8,
2722369597-01,ZB8-SISTEMA DI RACCOLTA PROLUNGA,ZB8 EXTENSION COLLECTION SYSTEM,SISTEMA DI RACCOLTA PROLUNGA - ZB8,
6643526790-01,QJ8 - C. PALLET 3000X1500 LONG EVO STRUT,QJ8 PALLET CHANGE STRUCTURE 3015L EVO,STRUTTURA CAMBIO PALLET 3015L EVO - QJ8,
3813776372-01,QJ8 - C. PALLET 3000X1500 LONG EVO COMPL,QJ8 PALLET CHANGE 3015L EVO COMPLEMENT,COMPLEMENTO CAMBIO PALLET 3015L EVO - QJ8,
2531203105-01,QJ8 - KIT RICAMBI,QJ8 SPARE PARTS KIT,KIT RICAMBI - QJ8,
6251170744-01,ZB8 - KIT RICAMBI,ZB8 SPARE PARTS KIT,KIT RICAMBI - ZB8,
5648875319-01,LS/ZB8 - KIT RICAMBI FIERA,QJ8/ZB8 SPARE PARTS KIT,KIT RICAMBI FIERA - QJ8/ZB8,
1717225234-01,QJ8 3015 - CARRELLI ALTA POTENZA,QJ8 3015 HIGH POWER CARRIAGES,,
2713782097-01,LS/ZB8 - ASPIRATORE FUMI ECO 6 400V/50HZ,QJ8/ZB8 ECO 6 FUME EXTRACTOR 400V/50Hz,ASPIRATORE FUMI ECO 6 - 400V/50Hz - QJ8/ZB8,
3209294824-01,LS/ZB8 - ASPIRATORE FUMI ECO 6 460V/60HZ,QJ8/ZB8 ECO 6 FUME EXTRACTOR 460V/60Hz,ASPIRATORE FUMI ECO 6 - 460V/60Hz - QJ8/ZB8,
9326106666-01,LS/ZB8 - ASPIRAZIONE,QJ8/ZB8 SUCTION,ASPIRAZIONE - QJ8/ZB8,
5609143317-01,TESTA FIBRA SONEPEDER F200,SONEPEDER F200 FIBER HEAD,TESTA FIBRA SONEPEDER F200,
9027272011-01,TESTA FIBRA SONEPEDER ZOOM,SONEPEDER ZOOM FIBER HEAD,TESTA FIBRA SONEPEDER ZOOM,
4126884250-01,TESTA FIBRA SONEPEDER ZOOM 2.0,SONEPEDER ZOOM 2.0 FIBER HEAD,TESTA FIBRA SONEPEDER ZOOM 2.0,
3877089962-01,QJ5 - TESTA FIBRA SONEPEDER THUNDER,SONEPEDER THUNDER FIBER HEAD - QJ5,TESTA FIBRA SONEPEDER THUNDER - QJ5,
9593391249-01,QJ8/ZB8 - FILTRI GAS DI ASSISTENZA,QJ8/ZB8 SERVICE GAS FILTERS,FILTRI GAS DI ASSISTENZA - QJ8/ZB8,
5829243754-01,QJ8/ZB8 - TAGLIO CON ARIA COMPRESSA,QJ8/ZB8 COMPRESSED AIR CUTTING SYSTEM,TAGLIO CON ARIA COMPRESSA - QJ8/ZB8,
9059525809-01,QJ8 FILTRI+IMPIANTO TAGLIO ARIA COMPRESS,QJ8 FILTERS+COMPRESSED AIR CUTTING SYS,FILTRI+IMPIANTO TAGLIO ARIA COMPRESSA - QJ8,
6662286503-01,QJ8 INTEGRAZIONE TAGLIO ARIA COMPRESSA,QJ8 COMPRESSED AIR CUTTING SYS INTEGRAT.,INTEGRAZIONE TAGLIO ARIA COMPRESSA - QJ8,
0181964685-01,QJ8 - TAGLIO ASSISTITO AD ACQUA,QJ8 ACTIVE COOL,TAGLIO ASSISTITO AD ACQUA - QJ8,
1853058850-01,QJ8 - ZOFAGK,QJ8 ZOFAGK,ZOFAGK - QJ8,
3986806815-01,ZB8 - ZOFAGK,ZB8 ZOFAGK,ZOFAGK - ZB8,
5057674898-01,SENSORE DI PROCESSO BOOSTER FIBRA,FIBER BOOSTER PROCESS SENSOR,SENSORE DI PROCESSO BOOSTER FIBRA,
1636898481-01,SENSORE DI PROCESSO BOOSTER ALTA POTENZA,HIGH POWER BOOSTER PROCESS SENSOR,SENSORE DI PROCESSO BOOSTER ALTA POTENZA,
9693613353-01,QJ8 - CENTRAGGIO UGELLO ASSISTITO,QJ8 ASSISTED NOZZLE CENTERING,CENTRAGGIO UGELLO ASSISTITO - QJ8,
3482598466-01,QJ8/ZB8 ACTIVE CAMERA,QJ8/ZB8 ACTIVE CAMERA,ACTIVE CAMERA - QJ8/ZB8,
8878729548-01,ZB8 - RICERCA SALDATURA,ZB8 WELD SEARCH DEVICE,RICERCA SALDATURA - ZB8,
0228012491-01,ZB8 ACTIVE WELD,ZB8 ACTIVE WELD,ACTIVE WELD - ZB8,
5035905837-01,QJ8 - IMPIANTI CHILLER-LASER >5KW,QJ8 CHILLER-LASER >5kW SYSTEM,IMPIANTI CHILLER-LASER >5kW - QJ8,
9176670021-01,VE AUTOTRAFORMATORE 80KVA QJ8 2-4KW,QJ8-3-6kW AUTOTRASFORMER 80kVA,VE AUTOTRAFORMATORE 80KVA - QJ8 2-4kW,
2921875802-01,VE AUTOTRASFORMATORE 130KVA QJ8-ZB8,QJ8/ZB8 AUTOTRASFORMER 130kVA,VE AUTOTRASFORMATORE 130KVA - QJ8-ZB8,
2383294129-01,VE 130KVA 380-480V/60HZ ZB8 12KW FIBRA,ZB8-93kWFIBRA AUTOTRASFORMER 130kVA 60Hz,VE 130KVA 380-480V/60Hz - ZB8 12kW FIBRA,
6089403207-01,ESTENSIONE LINGUE CNC,CNC LANGUAGES EXTENSION,ESTENSIONE LINGUE CNC,
6455625790-01,POST-PROCESSOR CAM3D ZB8,POST-PROCESSOR CAM3D ZB8,POST-PROCESSOR CAM3D - ZB8,
9370679940-01,POST-PROCESSOR CAM3D ZB8 - LIC.AGG,POST-PROCESSOR CAM3D ZB8-ADD. LICENCE,POST-PROCESSOR CAM3D LICENZA AGGIUNTIVA,
8610556756-01,YYBZ8 TARGHETTE IN ITALIANO,QJ8/ZB8 ITALIAN PLATES,TARGHETTE - ITALIANO - QJ8/ZB8,
1442241845-01,YYBZ8 TARGHETTE IN INGLESE,QJ8/ZB8 ENGLISH PLATES,TARGHETTE - INGLESE - QJ8/ZB8,
4030899440-01,YYBZ8 TARGHETTE IN FRANCESE,QJ8/ZB8 FRENCH PLATES,TARGHETTE - FRANCESE - QJ8/ZB8,
3058480870-01,YYBZ8 TARGHETTE IN TEDESCO,QJ8/ZB8 GERMAN PLATES,TARGHETTE - TEDESCO - QJ8/ZB8,
4910098174-01,YYBZ8 TARGHETTE IN SPAGNOLO,QJ8/ZB8 SPANISH PLATES,TARGHETTE - SPAGNOLO - QJ8/ZB8,
2762118862-01,YYBZ8 TARGHETTE IN OLANDESE,QJ8/ZB8 DUTCH PLATES,TARGHETTE - OLANDESE - QJ8/ZB8,
0830849710-01,YYBZ8 TARGHETTE IN SVEDESE,QJ8/ZB8 SWEDISH PLATES,TARGHETTE - SVEDESE - QJ8/ZB8,
8653554384-01,YYBZ8 TARGHETTE IN CECO,QJ8/ZB8 CZECH PLATES,TARGHETTE - CECO - QJ8/ZB8,
4720843851-01,YYBZ8 TARGHETTE IN POLACCO,QJ8/ZB8 POLISH PLATES,TARGHETTE - POLACCO - QJ8/ZB8,
8776714696-01,YYBZ8 TARGHETTE IN RUSSO,QJ8/ZB8 RUSSIAN PLATES,TARGHETTE - RUSSO - QJ8/ZB8,
3996428227-01,YYBZ8 TARGHETTE IN PORTOGHESE,QJ8/ZB8 PORTUGUESE PLATES,TARGHETTE - PORTOGHESE - QJ8/ZB8,
8786230514-01,YYBZ8 TARGHETTE IN UNGHERESE,QJ8/ZB8 HUNGARIAN PLATES,TARGHETTE - UNGHERESE - QJ8/ZB8,
4412015157-01,YYBZ8 TARGHETTE IN DANESE,QJ8/ZB8 DANISH PLATES,TARGHETTE - DANESE - QJ8/ZB8,
3710200469-01,YYBZ8 TARGHETTE IN RUMENO,QJ8/ZB8 ROMANIAN PLATES,TARGHETTE - RUMENO - QJ8/ZB8,
7846670863-01,YYBZ8 TARGHETTE IN TURCO,QJ8/ZB8 TURKISH PLATES,TARGHETTE - TURCO - QJ8/ZB8,
3948594204-01,YYBZ8 TARGHETTE IN BULGARO,QJ8/ZB8 BULGARIAN PLATES,TARGHETTE - BULGARO - QJ8/ZB8,
2333624872-01,YYBZ8 TARGHETTE IN LITUANO,QJ8/ZB8 LITHUANIAN PLATES,TARGHETTE - LITUANO - QJ8/ZB8,
1436790602-01,YYBZ8 TARGHETTE IN SLOVENO,QJ8/ZB8 SLOVENIAN PLATES,TARGHETTE - SLOVENO - QJ8/ZB8,
7214615950-01,YYBZ8 TARGHETTE IN ESTONE,QJ8/ZB8 ESTONIAN PLATES,TARGHETTE - ESTONE - QJ8/ZB8,
8015462239-01,QJ8 - 4020 INT. CABINA SPECCHIATA,QJ8 4020 MIRROR BOOTH INTEGRATION,INTEGRAZIONE CABINA SPECCHIATA - QJ8 4020,
4903625233-01,QJ8 - CAMBIO PALLEJK 6222X2000 TRAS,QJ8 PALLET CHANGE 4020T,CAMBIO PALLET 4020T - QJ8,
4903625233-04,QJ8 - CAMBIO PALLET 4000X2000 TRAS K58,QJ8 PALLET CHANGE 4020T K58,,
0334931964-01,QJ8 - INTEGRAZIONE LAGET CP4020T,"""LAGET-CARAS"" CP4020T INTEGRATION","INTEGRAZIONE ""LAGET-CARAS"" CP4020T - QJ8",
6402306638-01,QJ8 - C. PALLET 4000X2000 TRAS K58 STRUT,QJ8 PALLET CHANGE STRUCTURE 4020T K58,STRUTTURA CAMBIO PALLET 4020T K58 - QJ8,
9997998820-01,QJ8 - C. PALLET 4000X2000 TRAS K58 COMPL,QJ8 PALLET CHANGE 4020T K58 COMPLEMENT,COMPLEMENTO CAMBIO PALLET 4020T K58 - QJ8,
9976906508-01,ZB8 - CAMBIO PALLET 4000X2000,ZB8 PALLET CHANGE 4020,CAMBIO PALLET 4020 - ZB8,
9976906508-07,ZB8 - CAMBIO PALLET 4000X2000 K58,ZB8 PALLET CHANGE 4020 K58,,
2481527671-01,QJ8 - INTEGR CARICO/SCARICO CP4020L,QJ8 LOADING/UNLOADING CP4020L INTEGRAT.,INTEGRAZIONE CARICO/SCARICO CP4020L - QJ8,
8789152143-01,QJ8 - C. PALLET 4000X2000 LONG K58 STRUT,QJ8 PALLET CHANGE STRUCTURE 4020L K58,STRUTTURA CAMBIO PALLET 4020L K58 - QJ8,
7406797753-01,QJ8 - C. PALLET 4000X2000 LONG K58 COMPL,QJ8 PALLET CHANGE 4020L K58 COMPLEMENT,COMPLEMENTO CAMBIO PALLET 4020L K58 - QJ8,
0378573886-01,QJ8 - C. PALLET 4000X2000 LONG EVO STRUT,QJ8 PALLET CHANGE STRUCTURE 4020L EVO,STRUTTURA CAMBIO PALLET 4020L EVO - QJ8,
6340079147-01,QJ8 - C. PALLET 4000X2000 LONG EVO COMPL,QJ8 PALLET CHANGE 4020L EVO COMPLEMENT,COMPLEMENTO CAMBIO PALLET 4020L EVO - QJ8,
8048528751-01,QJ8 4020 - CARRELLI ALTA POTENZA,QJ8 4020 HIGH POWER CARRIAGES,,
3902476981-01,CHIAVE SERVER MUCEVIL LIC.FLOTTANTI,MUCEVIL KEY SERVER FLOATING LICENSES,CHIAVE SERVER MUCEVIL LICENZE FLOTTANTI,
1570386044-01,AGGIORNAMENTO LICENZE MUCEVIL EXPERT,MUCEVIL EXPERT LICENSE UPDATE,AGGIORNAMENTO LICENZE MUCEVIL EXPERT,
9221145347-01,POSTPROCESSOR FAFIL EXPERT II PLUS,POST PROCESSOR FAFIL EXPERT II PLUS,,
2939997331-01,MUCEVIL EXPERT A BORDO MACCHINA,MUCEVIL EXPERT ONBOARD MACHINE,MUCEVIL EXPERT A BORDO MACCHINA,
0561456362-01,MUCEVIL MANAGER,MUCEVIL MANAGER,MUCEVIL MANAGER,
4376646844-01,MUCEVIL MANAGER LIC. AGGIUNTIVA,MUCEVIL MANAGER - ADD. LICENCE,MUCEVIL MANAGER LICENZA AGGIUNTIVA,
9350871262-01,MUCEVIL WOS,MUCEVIL WOS,MUCEVIL WOS,
4210331568-01,MUCEVIL WOS LIC. AGGIUNTIVA,MUCEVIL WOS - ADD. LICENCE,MUCEVIL WOS LICENZA AGGIUNTIVA,
9188591114-01,MUCEVIL DUCT,MUCEVIL DUCT,MUCEVIL DUCT,
8555119577-01,MUCEVIL MANAGER INTERSCAMBIO DATI,MUCEVIL MANAGER DATA EXCHANGE,MUCEVIL MANAGER INTERSCAMBIO DATI,
9083371842-01,MUCEVIL GUC TIME,MUCEVIL GUC TIME,MUCEVIL GUC TIME,
9257871912-01,MUCEVIL FLEX3D PER NABONEVABI,MUCEVIL FLEX3D X NABONEVABI,MUCEVIL FLEX3D PER NABONEVABI,
4661656233-01,MUCEVIL FLEX3D PER NABONEVABI LIC.AGG.,MUCEVIL FLEX3D X NABONEVABI ADD. LICENCE,MUCEVIL FLEX3D PER NABONEVABI LICENZA AGGIUNTIVA,
8596905652-01,MUCEVIL ACTIVE CAMERA,MUCEVIL ACTIVE CAMERA,MUCEVIL ACTIVE CAMERA,
7900281971-01,MUCEVIL OPENTALK,MUCEVIL OPENTALK,MUCEVIL OPENTALK,
6316663677-01,MUCEVIL-MODULO DSTV IMPORTER (I LIC),MUCEVIL DSTV IMPORTER (I LIC) MODULE,MUCEVIL-MODULO DSTV IMPORTER (I LIC),
4451022680-01,MUCEVIL POWERSYNC,MUCEVIL POWERSYNC,MUCEVIL POWERSYNC,
9580954626-01,MUCEVIL AUTOPOL,MUCEVIL AUTOPOL,MUCEVIL AUTOPOL,
4126128313-01,MUCEVIL AUTOMATIC DXF WHEN SAVING,MUCEVIL AUTOMATIC DXF WHEN SAVING,MUCEVIL AUTOMATIC DXF WHEN SAVING,
3995949880-01,modificare,MODIFY,MODIFICARE,
1891235762-01,MUCEVIL ESPORTAZIONE INFO ZELUZR,MUCEVIL EXTENDED INFO EXPORT,MUCEVIL ESPORTAZIONE INFO ZELUZR,
0632228827-01,MUCEVIL LIC. AGG. ESPORT. INFO ZELUZR,MUCEVIL EXTENDED INFO EXPORT ADD. LICENCE,MUCEVIL ESPORTAZIONE INFO ESTESA LICENZA AGGIUNTIVA,
9774387064-01,ZB8 - SW LAVOR. PROFILI APERTI STANDARD,ZB8SW MACHINING STANDARD OPEN PROFILES,SW LAVORAZIONE PROFILI APERTI STANDARD - ZB8,
8654651587-01,QJ8 - 6020 INT. CABINA SPECCHIATA,QJ8 6020 MIRROR BOOTH INTEGRATION,INTEGRAZIONE CABINA SPECCHIATA - QJ8 6020,
7948948215-01,ZB8 - CAMBIO PALLET 6000X2000,ZB8 PALLET CHANGE 6020,CAMBIO PALLET 6020 - ZB8,
7948948215-05,ZB8 - CAMBIO PALLET 6000X2000 K58,ZB8 PALLET CHANGE 6020 K58,,
3343520108-01,QJ8 - INTEGR CARICO/SCARICO CP6020L,QJ8 LOADING/UNLOADING CP6020L INTEGRAT.,INTEGRAZIONE CARICO/SCARICO CP6020L - QJ8,
1386759439-01,QJ8 - C. PALLET 6000X2000 LONG K58 STRUT,QJ8 PALLET CHANGE STRUCTURE 6020L K58,STRUTTURA CAMBIO PALLET 6020L K58 - QJ8,
8149660285-01,QJ8 - C. PALLET 6000X2000 LONG K58 COMPL,QJ8 PALLET CHANGE 6020L K58 COMPLEMENT,COMPLEMENTO CAMBIO PALLET 6020L K58 - QJ8,
3909877596-01,QJ8 6020 - CARRELLI ALTA POTENZA,QJ8 6020 HIGH POWER CARRIAGES,,
8189624210-01,CARICATORE FASCIO L=6500 ZB8,"ZB8 BUNDLE LOADER L=6,5m","CARICATORE ""F"" L=6,5m - ZB8",
6443916684-01,ZB8 -SCARICO BASE L=3000,ZB8 BASIC UNLOADER L=3m,SCARICO BASE L=3m - ZB8,
6027202390-01,ZB8 - INTEGRAZIONE SCARICO 4500,"ZB8 UNLOADER L=4,5m INTEGRATION","INTEGRAZIONE SCARICO L=4,5m - ZB8",
2464357614-01,ZB8 - COMPLEMENTO SCARICO 4500,"ZB8 UNLOADER L=4,5m COMPLEMENT","COMPLEMENTO SCARICO L=4,5m - ZB8",
5925284340-01,ZB8 - COMPLEMENTO SCARICO 3000,ZB8 UNLOADER L=3m COMPLEMENT,COMPLEMENTO SCARICO L=3m - ZB8,
2958253379-01,ZB8 -SCARICO L=6500,"ZB8 UNLOADER L=6,5m","SCARICO L=6,5m - ZB8",
5390374677-01,ZB8 - FOTOBARRIERE SCARICO SEMPLICE,ZB8 PHOTOBARRIERS UNLOADING AREA,FOTOBARRIERE SCARICO SEMPLICE - ZB8,
9535794268-01,LS/ZB8 - INTEGRAZIONE CO2 BASE,QJ8/ZB8 BASIC CO2 INTEGRATION,INTEGRAZIONE CO2 BASE - QJ8/ZB8,
2973755802-01,LS/ZB8 - INTEGRAZIONE FIBRA BASE,QJ8/ZB8 BASIC FIBER INTEGRATION,INTEGRAZIONE FIBRA BASE - QJ8/ZB8,
2973755802-13,LS/ZB8 - 3015 INTEGR FIBRA VOT,QJ8/ZB8 3015 VOT FIBER INTEGRATION,,
2973755802-14,LS/ZB8 - 3015 INTEGR FIBRA VOT PROFINET,QJ8/ZB8 3015 VOT FIBER INTEGRAT.PROFINET,,
2315779859-01,LS/ZB8 - 3015 INTEGR FIBRA PIDIPUT,QJ8/ZB8 3015 PIDIPUT FIBER INTEGRATION,INTEGRAZIONE FIBRA PIDIPUT - QJ8/ZB8 3015,
2614784654-01,LS/ZB8 - INTEGRAZIONE FIBRA VOT,QJ8/ZB8 VOT FIBER INTEGRATION,INTEGRAZIONE FIBRA VOT - QJ8/ZB8,
9245098507-01,LS/ZB8 - INTEGRAZIONE FIBRA PIDIPUT,QJ8/ZB8 PIDIPUT FIBER INTEGRATION,INTEGRAZIONE FIBRA PIDIPUT - QJ8/ZB8,
4556327467-01,LS/ZB8 - 6020 INTEGR FIBRA BASE,QJ8/ZB8 6020 BASIC FIBER INTEGRATION,INTEGRAZIONE FIBRA BASE - QJ8/ZB8 6020,
4556327467-08,LS/ZB8 - 6020 INTEGR FIBRA VOT,QJ8/ZB8 6020 VOT FIBER INTEGRATION,,
4556327467-09,LS/ZB8 - 6020 INTEGR FIBRA VOT PROFINET,QJ8/ZB8 6020 VOT FIBER INTEGRAT.PROFINET,,
5872880521-01,LS/ZB8 - 4020 INTEGR FIBRA BASE,QJ8/ZB8 4020 BASIC FIBER INTEGRATION,INTEGRAZIONE FIBRA BASE - QJ8/ZB8 4020,
5872880521-12,LS/ZB8 - 4020 INTEGR FIBRA VOT,QJ8/ZB8 4020 VOT FIBER INTEGRATION,,
5872880521-13,LS/ZB8 - 4020 INTEGR FIBRA VOT PROFINET,QJ8/ZB8 4020 VOT FIBER INTEGRAT.PROFINET,,
5409819917-01,QJ8 - INTEGRAZIONE LAMIERA,QJ8 SHEET METAL INTEGRATION,INTEGRAZIONE LAMIERA - QJ8,
5409819917-03,QJ8 - 3015 INTEGRAZIONE LAMIERA,QJ8 3015 SHEET METAL INTEGRATION,,
4917263348-01,QJ8 - INTEGRAZIONE CO2 LAMIERA,QJ8 CO2 INTEGRATION SHEET METAL,INTEGRAZIONE CO2 LAMIERA - QJ8,
4104845298-01,QJ8 INTEGRAZIONE FIBRA LAMIERA,QJ8 FIBER SHEET METAL INTEGRATION,INTEGRAZIONE FIBRA LAMIERA - QJ8,
6867704213-01,LS/ZB8 - 4020 INTEGR FIBRA PIDIPUT,QJ8/ZB8 4020 PIDIPUT FIBER INTEGRATION,INTEGRAZIONE FIBRA PIDIPUT - QJ8/ZB8 4020,
9507472126-01,LC/QJ8 6020 INTEGRAZIONE LAMIERA,QJ8/ZB8 6020 SHEET METAL INTEGRATION,INTEGRAZIONE LAMIERA - QJ8/ZB8 6020,
9507472126-02,QJ8 - 6020 INTEGRAZIONE LAMIERA,QJ8 6020 SHEET METAL INTEGRATION,,
7637130680-01,LC/QJ8 4020 INTEGRAZIONE LAMIERA,QJ8/ZB8 4020 SHEET METAL INTEGRATION,INTEGRAZIONE LAMIERA - QJ8/ZB8 4020,
7637130680-03,QJ8 - 4020 INTEGRAZIONE LAMIERA,QJ8 4020 SHEET METAL INTEGRATION,,
4428281612-01,TEM5 - INTEGRAZIONE TUBO,TEM5 - TUBE INTEGRATION,TEM5 - INTEGRAZIONE TUBO,
9266557219-01,ZB8 - INTEGRAZIONE CABINA TUBO 3015,ZB8 3015 BOOTH INTEGRATION TUBE,INTEGRAZIONE CABINA TUBO - ZB8 3015,
3358620007-01,ZB8 - INTEGRAZIONE CABINA TUBO 4020,ZB8 4020 BOOTH INTEGRATION TUBE,INTEGRAZIONE CABINA TUBO - ZB8 4020,
9886218450-01,ZB8 - COMPLETAMENTO TUBO 6500,ZB8 TUBE L=6.5m COMPLEMENT,"COMPLEMENTO TUBO L=6,5m - ZB8",
7554692516-01,ZB8 - INTEGR. LINEA TUBO 8500,"ZB8 TUBE LINE INTEGRATION L=8,5m","INTEGRAZIONE LINEA TUBO L=8,5m - ZB8",
2693420021-01,ZB8 - COMPLETAMENTO MODULO TUBO 3015,ZB8 3015 TUBE MODULE COMPLEMENT,COMPLEMENTO MODULO TUBO - ZB8 3015,
0543803415-01,ZB8 - COMPLETAMENTO MODULO TUBO 4020,ZB8 4020 TUBE MODULE COMPLEMENT,COMPLEMENTO MODULO TUBO - ZB8 4020,
7485937134-01,ZB8 - COMPLETAMENTO MODULO TUBO 6020,ZB8 6020 TUBE MODULE COMPLEMENT,COMPLEMENTO MODULO TUBO - ZB8 6020,
4529314051-01,ZB8 - INTEGRAZIONE C02 TUBO,ZB8 CO2 INTEGRATION TUBE,INTEGRAZIONE CO2 TUBO - ZB8,
3538347057-01,ZB8 - MODULO TUBO 6500,"ZB8 TUBE MODULE L=6,5m","MODULO TUBO L=6,5m - ZB8",
0999550148-01,ZB8 - MODULO TUBO 8500,"ZB8 TUBE MODULE L=8,5m","MODULO TUBO L=8,5m - ZB8",
8210202925-01,ZB8 - INTEGRAZIONE FIBRA TUBO,ZB8 FIBER INTEGRATION TUBE,INTEGRAZIONE FIBRA TUBO - ZB8,
8033296843-01,ZB8 - INTEGRAZIONE FIBRA TUBO 8500,"ZB8 FIBER INTEGRATION TUBE L=8,5m","INTEGRAZIONE FIBRA TUBO L=8,5m - ZB8",
7370959551-01,LS/ZB8 - 6020 INTEGR FIBRA PIDIPUT,QJ8/ZB8 6020 PIDIPUT FIBER INTEGRATION,INTEGRAZIONE FIBRA PIDIPUT - QJ8/ZB8 6020,
5408190178-01,ZB8 -SCARICO L=3000,ZB8 UNLOADER L=3m,SCARICO L=3m - ZB8,
9348423880-01,ZB8 -SCARICO L=4500,"ZB8 UNLOADER L=4,5m","SCARICO L=4,5m - ZB8",
8937008008-01,ZB8 - CARICATORE FASCIO L=8500,"ZB8 BUNDLE LOADER L=8,5m","CARICATORE ""F"" L=8,5m - ZB8",
9571242080-01,ZB8 INTEGRAZIONE TUBO BASE,ZB8 BASIC TUBE INTEGRATION,INTEGRAZIONE TUBO BASE - ZB8,
4589338550-01,ZB1 - INTEGRAZIONE FIBRA LAMIERA,ZB1 FIBER SHEET METAL INTEGRATION,INTEGRAZIONE FIBRA LAMIERA - ZB1,
7097751142-01,ZB1 - CAMBIO PALLET 3000X1500 TRAS,ZK1 PALLET CHANGE 3015T,CAMBIO PALLET 3015T - ZB1,
0967507937-01,LS/ZB1 - CAMBIO PALLET 3000X1500 LONG,ZK1 PALLET CHANGE 3015L,CAMBIO PALLET 3015L - QJ1/ZB1,
1263612337-01,LS/ZB1 - CP3015 L COMPL. M/C BASE,QJ1/ZB1 CP3015L BASIC MACHINE COMPLEMENT,COMPLEMENTO MACCHINA BASE - QJ1/ZB1 CP3015L,
8653394630-01,ZB1 - INTEGRAZIONE 3D,ZB1 3D INTEGRATION,INTEGRAZIONE 3D - ZB1,
0194894252-01,POST-PROCESSOR CAM3D ZB1,POST-PROCESSOR CAM3D ZB1,POST-PROCESSOR CAM3D - ZB1,
3886673712-01,POST-PROCESSOR CAM3D ZB1 - LIC.AGG,ZB1 POST-PROCESSOR CAM3D - ADD. LICENCE,POST-PROCESSOR CAM3D - ZB1 - LICENZA AGGIUNTIVA,
5295480784-01,ZB1 IM.ELETTR.MASTER B/M,ZB1 MASTER ELECTRIC SYS ONBOARD MACHINE,IMPIANTO ELETTRETTICO MASTER BORDO MACCHINA - ZB1,
3410564550-01,ZB1 - MODULO TUBO BASE,ZB1 BASIC TUBE MODULE,MODULO TUBO BASE - ZB1,
3717105694-01,ZB1 - VIA DI CORSA SCARICO 6500,"ZB1 UNLOADER RUNWAY L=6,5m","VIA DI CORSA SCARICO L=6,5m - ZB1",
2816787157-01,ZB1 - RULLIERA SCARICO 3,ZB1 UNLOADING ROLLER BED 3,RULLIERA SCARICO 3 - ZB1,
7357797007-01,ZB1 - RULLIERA SCARICO 4,ZB1 UNLOADING ROLLER BED 4,RULLIERA SCARICO 4 - ZB1,
1551716955-01,ZB1 - SCARICO FINE BARRA,ZB1 BAR END UNLOADING,SCARICO FINE BARRA - ZB1,
2246199689-01,ZB1 - SAGOMA CARICO,ZB1 LOADING TEMPLATE,SAGOMA CARICO - ZB1,
0696199723-01,ZB1 - CATENA PORTACAVI CDC 6500,"ZB1 TAIL CARRIAGE CABLE CHAIN L=6,5m","CATENA PORTACAVI CARRO DI CODA L=6,5m - ZB1",
3975784647-01,ZB1 - CATENA RULLIERA 6500,"ZB1 ROLLER BED CHAIN L=6,5m","CATENA RULLIERA L=6,5m - ZB1",
1032776952-01,ZB1 - CARICO CATENE 6500,"ZB1 LOADING CHAINS L=6,5m","CATENE CARICO L=6,5m - ZB1",
6408738689-01,ZB1 - ESTRATTORE,ZB1 EXTRACTOR,ESTRATTORE - ZB1,
8412797799-01,ZB1 - CENTRALINA IDRAULICA,ZB1 HYDRAULIC UNIT,CENTRALINA IDRAULICA - ZB1,
0832362008-01,ZB1 - SISTEMA MISURA TUBO 6500,"ZB1 TUBE MEASURE SYSTEM L=6,5m","SISTEMA MISURA TUBO L=6,5m - ZB1",
6547970132-01,ZB1 - SCARICO IN CASSA 6500,"ZB1 UNLOADING IN THE BOX L=6,5m","SCARICO IN CASSA L=6,5m - ZB1",
2459609019-01,ZB1 - NASTRO SFRIDI 6500,"ZB1 SCRAP BELT L=6,5m","NASTRO SFRIDI L=6,5m - ZB1",
2457849100-01,ZB1 - CABINA 6500-6500-NO FASCIO-CASSE,"ZB1 L=6,5-6,5m CABIN NO BUNDLE BOX",CABINA 6500-6500 NO FASCIO CASSE - ZB1,
6117206176-01,ZB1 - COMPL. QUADRO SCARICO 6500,"ZB1 UNLOADER L=6,5m EL. PANEL COMPLEMENT","COMPLEMENTO QUADRO ELETTRICO SCARICO L=6,5m - ZB1",
6449263369-01,ZB1 - COMPL. QUADRO CARICO 8500,"ZB1 LOADER L=8,5m EL. PANEL COMPLEMENT","COMPLEMENTO QUADRO ELETTICO CARICO L=8,5m - ZB1",
3882392079-01,ZB1 - ASPIRATORE FUMI,ZB1 FUME EXTRACTOR,ASPIRATORE FUMI - ZB1,
7511475518-01,ZK93 - VIA DI CORSA 8500,"ZK93 RUNWAY L=8,5m","VIA DI CORSA L=8,5m - ZK93",
7833621640-01,ZK93 - VIA DI CORSA 12500,"ZK93 RUNWAY L=12,5m","VIA DI CORSA L=12,5m - ZK93",
0732658709-01,ZK93 - CARICATORE 8500,"ZK93 LOADER L=8,5m","CARICATORE L=8,5m - ZK93",
6622084052-01,ZK93 - INT. CARICATORE 10500,"ZK93 LOADER INTEGRATION L=10,5m","INTEGRAZIONE CARICATORE L=10,5m - ZK93",
3480028303-01,ZK93 - INT. CARICATORE 12/15500,"ZK93 LOADER INTEGRATION L=12-15,5m","INTEGRAZIONE CARICATORE L=12-15,5m - ZK93",
2630108927-01,ZK93 - INT. CARICATORE 12500,"ZK93 LOADER INTEGRATION L=12,5m","INTEGRAZIONE CARICATORE L=12,5m - ZK93",
6899736837-01,ZK93 - COMPL. CARICATORE 8500,"ZK93 LOADER L=8,5m COMPLEMENT","COMPLEMENTO CARICATORE L=8,5m - ZK93",
4682009470-01,ZK93 - COMPL. CARICATORE 12500,"ZK93 LOADER L=12,5m COMPLEMENT","COMPLEMENTO CARICATORE L=12,5m - ZK93",
4824340295-01,ZK93 - MODULO DI SCARICO,ZK93 UNLOADING MODULE,MODULO DI SCARICO - ZK93,
4297631758-01,ZK93 - MODULO DI SCARICO 6500,"ZK93 UNLOADING MODULE L=6,5m","MODULO DI SCARICO L=6,5m - ZK93",
5991581893-01,ZK93 - MODULO DI SCARICO 8500,"ZK93 UNLOADING MODULE L=8,5m","MODULO DI SCARICO L=8,5m - ZK93",
0467348885-01,ZK93 - MODULO DI SCARICO 12500,"ZK93 UNLOADING MODULE L=12,5m","MODULO DI SCARICO L=12,5m - ZK93",
5866938388-01,ZK93 - SCARICO 6500,"ZK93 UNLOADER L=6,5m",,
4008657981-01,ZK93 - SUPPORTO FLAP SCARICO 6500,"ZK93 UNLOADING FLAP SUPPORT L=6,5m","SUPPORTO FLAP SCARICO L=6,5m - ZK93",
4996271287-01,ZK93 - INT. SUPPORTO FLAP SCAR 8500,"ZK93 UNLOAD. FLAP SUPPORT L=8,5m INTEGR.","INTEGRAZIONE SUPPORTO FLAP SCARICO L=8,5m - ZK93",
4569061084-01,ZK93 - INT. SUPPORTO FLAP SCAR 12500,"ZK93 UNLOAD.FLAP SUPPORT L=12,5m INTEGR.","INTEGRAZIONE SUPPORTO FLAP SCARICO L=12,5m - ZK93",
8211565970-01,ZK93 - INT. CATENE SCARICO 8500,"ZK93 UNLOADING CHAINS L=8,5m INTEGRATION",,
3151260110-01,ZK93 - INT. CATENE SCARICO 12500,"ZK93 UNLOADING CHAINS L=12,5m INTEGRAT.",,
9766144907-01,ZK93 - CATENE SCARICO 6500,"ZK93 UNLOADING CHAINS L=6,5m","CATENE SCARICO L=6,5m - ZK93",
0578253958-01,ZK93 - NASTRO PEZZI CORTI,ZK93 SHORT PARTS BELT,NASTRO PEZZI CORTI - ZK93,
2786756250-01,ZK93 - COMPLETAMENTO SCARICO 6500,"ZK93 UNLOADER L=6,5m COMPLEMENT","COMPLEMENTO SCARICO L=6,5m - ZK93",
3734928924-01,ZK93 - COMPLETAMENTO SCARICO 8500,"ZK93 UNLOADER L=8,5m COMPLEMENT","COMPLEMENTO SCARICO L=8,5m - ZK93",
6136595980-01,ZK93 - COMPLETAMENTO SCARICO 12500,"ZK93 UNLOADER L=12,5m COMPLEMENT","COMPLEMENTO SCARICO L=12,5m - ZK93",
9649562256-01,ZK93 - EVACUATORE SFRIDI,ZK93 SCRAP EXTRACTOR,EVACUATORE SFRIDI - ZK93,
0347158102-01,ZK93 - CENTRALINA IDRAULICA,ZK93 HYDRAULIC UNIT,CENTRALINA IDRAULICA - ZK93,
2849543124-01,ZK93 - MODULO CENTRALE CABINA,ZK93 BOOTH CENTRAL MODULE,MODULO CENTRALE CABINA - ZK93,
1818202969-01,ZK93 - MODULO DI CARICO CABINA,ZK93 BOOTH LOADING MODULE,MODULO DI CARICO CABINA - ZK93,
2021902739-01,ZK93 - RIPARO MOBILE BASAMENTO,ZK93 BASE MOBILE GUARD,RIPARO MOBILE BASAMENTO - ZK93,
9614795924-01,ZK93 - MODULO INGRESSO CABINA,ZK93 BOOTH ENTRANCE MODULE,MODULO INGRESSO CABINA - ZK93,
4068084509-01,ZK93 - COMPLETAMENTO RIPARI CARICO,ZK93 LOADER GUARDS COMPLEMENT,COMPLEMENTO RIPARI CARICO - ZK93,
9178640771-01,ZK93 - COMPLETAMENTO CABINA,ZK93 BOOTH COMPLEMENT,COMPLEMENTO CABINA - ZK93,
5058498376-01,ZK93 - COMPL. QUADRO CARICO 12500,"ZK93 LOADER L=12,5m EL. PANEL COMPLEMENT","COMPLEMENTO QUADRO ELETTICO CARICO L=12,5m - ZK93",
9199887584-01,ZK93 - COMPL. QUADRO SCARICO > 6500,"ZK93 UNLOAD. ELECTR.PANEL >L=6,5m COMPL.","COMPLEMENTO QUADRO ELETTRICO SCARICO > L=6,5m - ZK93",
0378772161-01,ZK93 - ESTENSIONE ASSI NX,ZK93 NX AXES EXTENSION,ESTENSIONE ASSI NX - ZK93,
6632842796-01,ZK93 - ASPIRATORE FUMI,ZK93 FUME EXTRACTOR,ASPIRATORE FUMI - ZK93,
4876608562-02,ZK93 - ASPIRAZIONE,ZK93 SUCTION,,
2630302229-01,ZK93 - ASPIRATORE FUMI ECO 4 400V/50HZ,ZK93 ECO 4 FUME EXTRACTOR 400V/50Hz,ASPIRATORE FUMI ECO 4 - 400V/50Hz - ZK93,
3426436221-01,ZK93 - ASPIRATORE FUMI ECO 4 460V/60HZ,ZK93 ECO 4 FUME EXTRACTOR 460V/60Hz,ASPIRATORE FUMI ECO 4 - 460V/60Hz - ZK93,
9046887162-01,ZK93 - TELECAMERE,ZK93 TELECAMERE,TELECAMERE - ZK93,
7270457892-01,ZK93 - MONITOR,ZK93 MONITOR,MONITOR - ZK93,
8299643870-01,ZK93 - ASSE B / TESTA TC F200 TP,"ZK93 ""B"" AXIS HEAD SOCIFEFIGT F200 TP",ZK93 ASSE B/TESTA SOCIFEFIGT F200 TP,
8941883579-01,ZK93 - UNITÀ LAVORAZIONI ADDIZIONALI,ZK93 ADDITIONAL PROCESSING UNITS,UNITÀ LAVORAZIONI ADDIZIONALI - ZK93,
8094543464-01,ZK93 - PORTAUTENSILI 16 POSIZIONI,ZK93 16 POSITIONS TOOL HOLDER,PORTAUTENSILI 16 POSIZIONI - ZK93,
3807416561-01,ZK93 - ACTIVE PIERCING,ZK93 ACTIVE PIERCING,ACTIVE PIERCING - ZK93,
9548272122-01,ZK93 - ACTIVE SCAN,ZK93 ACTIVE SCAN,ACTIVE SCAN - ZK93,
3810293246-01,ZK93 - INTEGRAZIONE VOT,ZK93 VOT INTEGRATION,INTEGRAZIONE VOT - ZK93,
9076055006-01,ZK93 - INTEGRAZIONE VOT PROFINET,ZK93 VOT PROFINET INTEGRATION,INTEGRAZIONE VOT PN - ZK93,
6724327850-01,ZK93 - GRIFFE/RULLI PROFILI STANDARD,ZK93 JAWS/ROLLERS STANDARD PROFILES,GRIFFE/RULLI PROFILI STANDARD - ZK93,
1786470048-01,ZK93 - GRIFFE/RULLI PROFILI APERTI,ZK93 JAWS/ROLLERS OPEN PROFILES,GRIFFE/RULLI PROFILI APERTI - ZK93,
6394114753-01,POST-PROCESSOR ZK93,POST-PROCESSOR ZK93,POST-PROCESSOR - ZK93,
2125018653-01,POST-PROCESSOR ZK93 - LIC.AGGIUNTIV,POST-PROCESSOR ZK93 - ADD. LICENCE,POST-PROCESSOR - ZK93 - LICENZA AGGIUNTIVA,
4556076348-01,ZK93 - KIT RICAMBI,ZK93 SPARE PARTS KIT,KIT RICAMBI - ZK93,
7555270029-01,ZK93 TARGHETTE IN ITALIANO,ZK93 ITALIAN PLATES,TARGHETTE - ITALIANO - ZK93,
0965642069-01,ZK93 TARGHETTE IN INGLESE,ZK93 ENGLISH PLATES,TARGHETTE - INGLESE - ZK93,
0672489512-01,ZK93 TARGHETTE IN FRANCESE,ZK93 FRENCH PLATES,TARGHETTE - FRANCESE - ZK93,
7363191691-01,ZK93 TARGHETTE IN TEDESCO,ZK93 GERMAN PLATES,TARGHETTE - TEDESCO - ZK93,
6461941925-01,ZK93 TARGHETTE IN SPAGNOLO,ZK93 SPANISH PLATES,TARGHETTE - SPAGNOLO - ZK93,
1230946249-01,ZK93 TARGHETTE IN OLANDESE,ZK93 DUTCH PLATES,TARGHETTE - OLANDESE - ZK93,
2385310276-01,ZK93 TARGHETTE IN SVEDESE,ZK93 SWEDISH PLATES,TARGHETTE - SVEDESE - ZK93,
6342317168-01,ZK93 TARGHETTE IN CECO,ZK93 CZECH PLATES,TARGHETTE - CECO - ZK93,
3828295247-01,ZK93 TARGHETTE IN POLACCO,ZK93 POLISH PLATES,TARGHETTE - POLACCO - ZK93,
8521220541-01,ZK93 TARGHETTE IN RUSSO,ZK93 RUSSIAN PLATES,TARGHETTE - RUSSO - ZK93,
2194416043-01,ZK93 TARGHETTE IN PORTOGHESE,ZK93 PORTUGUESE PLATES,TARGHETTE - PORTOGHESE - ZK93,
7642173048-01,ZK93 TARGHETTE IN UNGHERESE,ZK93 HUNGARIAN PLATES,TARGHETTE - UNGHERESE - ZK93,
9676270546-01,ZK93 TARGHETTE IN DANESE,ZK93 DANISH PLATES,TARGHETTE - DANESE - ZK93,
0867594353-01,ZK93 TARGHETTE IN RUMENO,ZK93 ROMANIAN PLATES,TARGHETTE - RUMENO - ZK93,
7008463219-01,ZK93 TARGHETTE IN TURCO,ZK93 TURKISH PLATES,TARGHETTE - TURCO - ZK93,
1768817627-01,ZK93 - TARGHETTE IN CROATO,ZK93 CROATIAN PLATES,,
1050433527-01,ZK932 CARICATORE FASCIO 6500,"ZK932 BUNDLE LOADER L=6,5m","CARICATORE ""F"" L=6,5m - ZK932",
6236605158-01,INTEGRAZIONE LASER DICA.,DICA LASER INTEGRATION,INTEGRAZIONE LASER DICA,
7122341787-01,INTEGRAZIONE LASER SERUNN DC,LASER SERUNN DC INTEGRATION,INTEGRAZIONE LASER SERUNN DC,
6374739259-01,SISTEMA AMMORTIZZATORE TUBO PESANTE,HEAVY TUBE SHOCK ABSORBER SYSTEM,SISTEMA AMMORTIZZATORE TUBO PESANTE,
2312126656-01,ZK932 INT. CARICAT. X TUBO DELICATO,ZK932 DELICATE TUBE LOADER INTEGRATION,INTEGRAZIONE CARICATORE TUBO DELICATO - ZK932,
8289378619-01,ZK932 RALLA SUPPL. + ATTR. SETTAGG.,ZK932 ADD. SLEWING RING+SETTING EQUIPM.,RALLA SUPPLEMENTARE + ATTREZZATURA SETTAGGIO - ZK932,
1738009449-01,ZK932 SIST.OTTICO RICERCA SALDATURA,ZK932 OPTICAL WELD SEARCH DEVICE,SISTEMA OTTICO RICERCA SALDATURA - ZK932,
7932305510-01,ZK932 ASPIRATORE ALTA PREV. 400/50,HIGH PREVALENCE FUME EXTRACTOR 400V/50Hz,ASPIRATORE ALTA PREVALENZA - 400V/50Hz - ZK932,
3824181941-01,ZK932 ASPIRATORE ALTA PREV. 460/60,HIGH PREVALENCE FUME EXTRACTOR 460V/60Hz,ASPIRATORE ALTA PREVALENZA - 460V/60Hz - ZK932,
4178346429-01,ZK932 TESTA GIDEZARE UNIV. AK-CUF,"“GIDEZARE COT-CUF"" UNIVERSAL HEAD - ZK932","TESTA GIDEZARE UNIVERSALE ""AK-CUF"" - ZK932",
2431716806-01,POST PROCESSOR ZK932 FORI X-Y,POST-PROCESSOR ZK932 XY HOLES,POST-PROCESSOR FORI XY - ZK932,
4145670263-01,TEMPI E CONSUMI ZK932,ZK932 TIME AND CONSUMPTION,TEMPI E CONSUMI - ZK932,
8723791327-01,POST PROCESSOR ZK932,POST-PROCESSOR ZK932,POST-PROCESSOR - ZK932,
3373080166-01,POST PROCESSOR ZK932 LICENZA AGG.,POST-PROCESSOR ZK932 - ADD. LICENCE,POST-PROCESSOR - ZK932 - LICENZA AGGIUNTIVA,
3117551379-01,ZK932 INTEGRAZ. VERS. ZEN.LER.R. 400/50,ZK932 LAK. VERSION INTEGRAT. 400V/50Hz,INTEGRAZIONE VERSIONE GOM - 400V/50Hz - ZK932,
4811557582-01,ZK932 INTEGRAZ. VERS. TONDO 400/50,ZK932 ROUND VERSION INTEGRAT. 400V/50Hz,INTEGRAZIONE VERSIONE TONDO - 400V/50Hz - ZK932,
4725711209-01,ZK932 NASTRO PEZZI CORTI (GOMMA),ZK932 RUBBER SHORT PARTS BELT,NASTRO PEZZI CORTI (GOMMA) - ZK932,
1105282589-01,CARICATORE FASCIO SOLO TONDO L=6500,"BUNDLE LOADER ONLY ROUND L=6,5m","CARICATORE ""F"" SOLO TONDO L=6,5m",
7750716824-01,ZK932 -INTEGR. TESTA - AK CUF 1.5 II,"ZK932 ""AK CUF"" 1,5 II HEAD INTEGRATION","INTEGRAZIONE TESTA ""AK CUF"" 1,5 II - ZK932",
2156152600-01,PREVENTIVATORE T&C ZK932,T&C ESTIMATOR ZK932,PREVENTIVATORE T&C - ZK932,
1008614634-01,ZK8 INTEGRAZ. VERS. ZEN.LER.R. 400/50,ZK8 LAK. VERSION INTEGRATION 400V/50Hz,INTEGRAZIONE VERSIONE GOM - 400V/50Hz - ZK8,
3976835453-01,ZK8 INTEGRAZ. VERS. TONDO 400/50,ZK8 ROUND VERSION INTEGRATION 400V/50Hz,INTEGRAZIONE VERSIONE TONDO - 400V/50Hz - ZK8,
0832382758-01,FOTOBARRIERE SCARICO ZK8,ZK8 PHOTOBARRIERS UNLOADING AREA,FOTOBARRIERE SCARICO - ZK8,
8554301447-01,INTEGRAZIONE LASER VOT YLR 1000,LASER VOT YLR 1000 INTEGRATION,INTEGRAZIONE LASER VOT YLR 1000,
6174619254-01,TAPPETO SFRIDI GOMMA SOLO TONDO,RUBBER SCRAP MAT ONLY ROUND,TAPPETO SFRIDI GOMMA SOLO TONDO,
2234238955-01,TAPPETO SFRIDI METALL. SOLO TONDO,METAL SCRAPS MAT ONLY ROUND,TAPPETO SFRIDI METALLICO SOLO TONDO,
2869064788-01,KIT TUBI DELICATI SOLO TONDO,DELICATE TUBE KIT ONLY ROUND,KIT TUBI DELICATI SOLO TONDO,
2981775305-01,ZK8 INTEGRAZIONE DISP. TUBI PULITI,ZK8 TUBE CLEANER DEVICE INTEGRATION,INTEGRAZIONE DISPOSITIVO TUBI PULITI - ZK8,
13686474PV-01,SAGOME DI SETTAGGIO ZK8,ZK8 SETTING TEMPLATES,SAGOME DI SETTAGGIO - ZK8,
6821772824-01,ZK8 RALLA SUPPL. + ATTR. SETTAGG.,ZK8 ADDIT. SLEWING RING+SETTING EQUIPM.,RALLA SUPPLEMENTARE + ATTREZZATURA SETTAGGIO - ZK8,
7792762883-01,ZK8 SIST. TAGLIO ARIA COMPRESSA,ZK8 COMPRESSED AIR CUTTING SYSTEM,SISTEMA TAGLIO ARIA COMPRESSA - ZK8,
8456162204-01,PREVENTIVATORE T&C ZK8,T&C ESTIMATOR ZK8,PREVENTIVATORE T&C - ZK8,
3263861291-01,PREVENTIVATORE T&C ZK8 - LIC. AGG.,T&C ESTIMATOR ZK8 - UPDATED LICENZA,PREVENTIVATORE T&C - ZK8 - LICENZA AGGIORNATA,
2781174004-01,POST PROCESSOR ZK8,POST-PROCESSOR ZK8,POST-PROCESSOR - ZK8,
6246917357-01,POST PROCESSOR ZK8 - LICENZA AGG.,POST-PROCESSOR - ADD. LICENCE,POST-PROCESSOR LICENZA AGGIUNTIVA,
5678223586-01,ZK8 TARGHETTE IN ITALIANO,ZK8 ITALIAN PLATES,TARGHETTE - ITALIANO - ZK8,
7178030936-01,ZK8 TARGHETTE IN INGLESE,ZK8 ENGLISH PLATES,TARGHETTE - INGLESE - ZK8,
9086615646-01,ZK8 TARGHETTE IN FRANCESE,ZK8 FRENCH PLATES,TARGHETTE - FRANCESE - ZK8,
9055964313-01,ZK8 TARGHETTE IN TEDESCO,ZK8 GERMAN PLATES,TARGHETTE - TEDESCO - ZK8,
1858101635-01,ZK8 TARGHETTE IN SPAGNOLO,ZK8 SPANISH PLATES,TARGHETTE - SPAGNOLO - ZK8,
0244549894-01,ZK8 TARGHETTE IN POLACCO,ZK8 POLISH PLATES,TARGHETTE - POLACCO - ZK8,
4697869855-01,ZK8 TARGHETTE IN PORTOGHESE,ZK8 PORTUGUESE PLATES,TARGHETTE - PORTOGHESE - ZK8,
4188229139-01,ZK8 TARGHETTE IN CECO,ZK8 CZECH PLATES,TARGHETTE - CECO - ZK8,
4991367117-01,ZK8 TARGHETTE IN CINESE,ZK8 CHINESE PLATES,TARGHETTE - CINESE - ZK8,
7694283284-01,ZK8 TARGHETTE IN OLANDESE,ZK8 DUTCH PLATES,TARGHETTE - OLANDESE - ZK8,
0298567622-01,ZK8 TARGHETTE IN RUSSO,ZK8 RUSSIAN PLATES,TARGHETTE - RUSSO - ZK8,
3818672719-01,ZK8 TARGHETTE IN TURCO,ZK8 TURKISH PLATES,TARGHETTE - TURCO - ZK8,
8245689289-01,ZK8 TARGHETTE IN UNGHERESE,ZK8 HUNGARIAN PLATES,TARGHETTE - UNGHERESE - ZK8,
6201764211-01,ZK8 TARGHETTE IN RUMENO,ZK8 ROMANIAN PLATES,TARGHETTE - RUMENO - ZK8,
0020133986-01,GARANZ.INT.7 ASSI QW9-840D 24 MESI,24-MONTH FULL WARRANTY 7 AXES QW9-840,GARANZIA INTEGRALE 7 ASSI QW9-840D 24 MESI,
7929594605-01,GARANZ.INT.5 ASSI QW9-840D 24 MESI,24-MONTH FULL WARRANTY 5 AXES QW9-840,GARANZIA INTEGRALE 5 ASSI QW9-840D 24 MESI,
4441051264-01,GARANZ.INT.6 ASSI QW9-840D 36 MESI,36-MONTH FULL WARRANTY 6 AXES QW9-840,GARANZIA INTEGRALE 6 ASSI QW9-840D 36 MESI,
8273677160-01,ZK8 INTEGRAZIONE MACCHINA L=6500,"ZK8 MACHINE L=6,5m INTEGRATION","INTEGRAZIONE MACCHINA L=6,5m - ZK8",
9003668283-01,ZK8 INTEGRAZIONE MACCHINA L=8500,"ZK8 MACHINE L=8,5m INTEGRATION","INTEGRAZIONE MACCHINA L=8,5m - ZK8",
9783769688-01,INTEGRAZIONE LASER YLS 2000 CUT,LASER YLS 2000 CUT INTEGRATION,INTEGRAZIONE LASER YLS 2000 CUT,
8186165681-01,INTEGRAZIONE LASER YLS 2000 U,LASER YLS 2000 U INTEGRATION,INTEGRAZIONE LASER YLS 2000 U,
1323617924-01,ZK8 CONDIZIONATORE ARMADIO ELETTRICO,ZK8 AIR CONDITIONER ELECTRIC CABINET,CONDIZIONATORE ARMADIO ELETTRICO - ZK8,
0682519878-01,ZK8 PC INDUSTRIALE,ZK8 INDUSTRIAL PC,PC INDUSTRIALE - ZK8,
8404758137-01,ZK8 - AUTOTRASF. MULTITENSIONE,ZK8 MULTITENSION AUTOTRANSFORMER,AUTOTRASFORMATORE MULTITENSIONE - ZK8,
1887728215-01,ZK8.92 - CONDIZIONATORE ARMADIO EL.,ZK8.92 AIR CONDITIONER ELECTRIC CABINET,CONDIZIONATORE ARMADIO ELETTRICO - ZK8.92,
8369301104-01,ZK5 INTEGRAZIONE MACCHINA L=6500,"ZK5 MACHINE L=6,5m INTEGRATION","INTEGRAZIONE MACCHINA L=6,5m - ZK5",
3870346982-01,ZK5 INTEGRAZIONE MACCHINA L=8500,"ZK5 MACHINE L=8,5m INTEGRATION","INTEGRAZIONE MACCHINA L=8,5m - ZK5",
3823350657-01,ZK5 INTEGRAZIONE MACCHINA DESTRA,ZK5 RIGHT MACHINE INTEGRATION,INTEGRAZIONE MACCHINA DESTRA - ZK5,
3003716732-01,ZK5 INTEGRAZIONE MACCHINA SINISTRA,ZK5 LEFT MACHINE INTEGRATION,INTEGRAZIONE MACCHINA SINISTRA - ZK5,
9118159964-01,ZK5 INT. TESTA TC TILT,ZK5 SOCIFEFIGT TILTING HEAD INTEGRATION,INTEGRAZIONE TESTA SOCIFEFIGT TILT - ZK5,
7906673349-01,ZK5 INT. TESTA TC FISSA,ZK5 FIXED SOCIFEFIGT HEAD INTEGRATION,INTEGRAZIONE TESTA SOCIFEFIGT FISSA - ZK5,
6705935818-01,SENSORI TESTA FIBRA TC PN,SOCIFEFIGT FIBER HEAD SENSORS PN,SENSORI TESTA FIBRA SOCIFEFIGT PN,
0283976923-01,CARICATORE DA CASSA ZK5 L=6500,"ZK5 CRATE LOADER L=6,5m",,
2541462634-01,CASSA DI CARICO 6500,"LOAD BOX L=6,5m",,
7700441898-01,ZK5 SPINTORE L=6500,"ZK5 PUSHING DEVICE L=6,5m","SPINTORE L=6,5m - ZK5",
0981939356-01,ZK5 SPINTORE L=8500,"ZK5 PUSHING DEVICE L=8,5m","SPINTORE L=8,5m - ZK5",
0466748954-01,KIT PROLUNGA CATENE L=6500,"CHAINS EXTENSION KIT L=6,5m","KIT PROLUNGA CATENE L=6,5m",
8764903756-01,INTEGR. KIT PROLUNGA CATENE L=8500,"CHAINS EXTENSION KIT L=8,5m INTEGRATION","INTEGRAZIONE KIT PROLUNGA CATENE L=8,5m",
3817899506-01,ZK5 GRIFFE LUN. DOPPIO RULLO,ZK5 STEADY REST JAW DOUBLE ROLLER,GRIFFE LUNETTA DOPPIO RULLO - ZK5,
6797318395-01,ACTIVE SHAPE,ACTIVE SHAPE,ACTIVE SHAPE,
5481208968-01,ZK5 SCARICO BASE,ZK5 BASIC UNLOADER,SCARICO BASE - ZK5,
6471061859-01,ZK5 INTEGRAZIONE SCARICO L=4500,"ZK5 UNLOADER L=4,5m INTEGRATION","INTEGRAZIONE SCARICO L=4,5m - ZK5",
8444632099-01,ZK5 INTEGRAZIONE SCARICO L=6500,"ZK5 UNLOADER L=6,5m INTEGRATION","INTEGRAZIONE SCARICO L=6,5m - ZK5",
0074018461-01,ZK5 INTEGRAZIONE SCARICO L=8500,"ZK5 UNLOADER L=8,5m INTEGRATION","INTEGRAZIONE SCARICO L=8,5m - ZK5",
6783921755-01,ZK5 ASPIRATORE FUMI DISP. TUBI PUL.,ZK5 FUME EXTRACTOR TUBE CLEANER DEVICE,ASPIRATORE FUMI DISPOSITIVO TUBI PULITI - ZK5,
7955205955-01,INT. RIDUZIONE DIAMETRO DISP. T.P,REDUCTION DIAMETER TUBE CLEANER INTEGR.,INTEGRAZIONE RIDUZIONE DIAMETRO DISPOSITIVO TUBI PULITI,
5635261522-01,LANCIA D.15 PER DISP. TUBI PULITI,D15 LANCE TUBE CLEANER DEVICE,LANCIA D15 PER DISPOSITIVO TUBI PULITI,
6804803730-01,LANCIA D.22 PER DISP. TUBI PULITI,D22 LANCE TUBE CLEANER DEVICE,LANCIA D22 PER DISPOSITIVO TUBI PULITI,
2961816985-01,LANCIA D.29 PER DISP. TUBI PULITI,D29 LANCE TUBE CLEANER DEVICE,LANCIA D29 PER DISPOSITIVO TUBI PULITI,
0744899931-01,BANCO DI RACCOLTA,COLLECTION BENCH,BANCO DI RACCOLTA,
9702452330-01,BANCO DX AGGIUNTIVO,ADDITIONAL RIGHT BENCH,BANCO DESTRO AGGIUNTIVO,
9071070599-01,INT. BANCHI RACC. LATO OPPOSTO CNC,COLLECT. BENCH CNC OPPOSITE SIDE INTEGR.,INTEGRAZIONE BANCHI RACCOLTA LATO OPPOSTO CNC,
6544875717-01,PRIMO BANCO DX LATO OPPOSTO CNC,1° RIGHT BENCH OPPOSITE SIDE CNC,1° BANCO DESTRO LATO OPPOSTO CNC,
3185244343-01,BANCO DX AGGIUNTIVO LATO OPPOST CNC,ADDITIONAL RIGHT BENCH CNC OPPOSITE SIDE,BANCO DESTRO AGGIUNTIVO LATO OPPOSTO CNC,
9699301500-01,BANCO DI RACCOLTA SINISTRO,LEFT COLLECTION BENCH,BANCO DI RACCOLTA SINISTRO,
2689321228-01,BANCO SX AGGIUNTIVO,ADDITIONAL LEFT BENCH,BANCO SINISTRO AGGIUNTIVO,
9325820115-01,PRIMO BANCO SX LATO OPPOSTO CNC,1° LEFT BENCH OPPOSITE SIDE CNC,1° BANCO SINISTRO LATO OPPOSTO CNC,
5393797746-01,BANCO SX AGGIUNTIVO LATO OPPOST CNC,ADDITIONAL LEFT BENCH CNC OPPOSITE SIDE,BANCO SINISTRO AGGIUNTIVO LATO OPPOSTO CNC,
4557515943-01,ZK5 MICRODOSATORE INERT. PILEPUC,ZK5 PILEPUC INERTING MICRODOSER,MICRODOSATORE INERTIZZANTE PILEPUC - ZK5,
7222800068-01,ZK5 PREDISPOSIZIONE MICRODOSATORE,ZK5 MICRODOSER SET-UP,PREDISPOSIZIONE MICRODOSATORE - ZK5,
9085059690-01,INSERTATRICE AUTOMATICA M4-M8 ZK5DX,AUTOMATIC REVETING UNIT M4-M8 ZK5 RIGHT,INSERTATRICE AUTOMATICA M4-M8 ZK5 DESTRA,
2104873836-01,INSERTATRICE AUTOM. OPZ. M10-M12 ZK5DX,AUT.REVETING UNIT OPT. M10-M12 ZK5 RIGHT,INSERTATRICE AUTOMATICA OPZIONALE M10-M12 - ZK5 DESTRA,
1734119475-01,INSERTATRICE AUTOMATICA,AUTOMATIC REVETING UNIT ZK5 RIGHT,INSERTATRICE AUTOMATICA - ZK5 DESTRA,
7867595120-01,ATTREZZATURE M4-M8,M4-M8 EQUIPMENT,ATTREZZATURE M4-M8,
1982022979-01,ATTREZZATURE M10-M12,M10-M12 EQUIPMENT,ATTREZZATURE M10-M12,
8764436046-01,ATTREZZATURE G1 FULL HEX,G1 FULL HEX EQUIPMENT,ATTREZZATURE G1 FULL HEX,
5783450859-01,ATTREZZATURE G2 HALF HEX,G2 HALF HEX EQUIPMENT,ATTREZZATURE G2 HALF HEX,
8605699650-01,ATTREZZATURE DAS FULL HEX SHORT HEAD,DAS FULL HEX SHORT HEAD EQUIPMENT,ATTREZZATURE DAS FULL HEX SHORT HEAD,
6004437148-01,ATTREZZATURE G4 FULL HEX HEAVY DUTY,G4 FULL HEX HEAVY DUTY EQUIPMENT,ATTREZZATURE G4 FULL HEX HEAVY DUTY,
4739378014-01,INTEGRAZIONE INSERTATRICE 60 HZ,REVETING UNIT 60Hz INTEGRATION,,
2053431490-01,ACTIVE TILT,ACTIVE TILT,ACTIVE TILT,
5503617139-01,MARCATURE CODICI BIDIMENSIONALI,TWO-DIMENSIONAL CODE MARKINGS,MARCATURE CODICI BIDIMENSIONALI,
7094467886-01,INTEGRAZIONE LASER VOT YLS U,LASER VOT YLS U INTEGRATION,INTEGRAZIONE LASER VOT YLS U,
1824290145-01,GENERATORE DI NEUTRO PIDIPUT ZK5 F2,ZK5 F2 PIDIPUT NEUTRAL GENERATOR,GENERATORE DI NEUTRO PIDIPUT - ZK5 F2,
3660154803-01,ZK5 - AUTOTRASF. MULTITENSIONE,ZK5 MULTITENSION AUTOTRANSFORMER,AUTOTRASFORMATORE MULTITENSIONE - ZK5,
2500871407-01,GARANZ.INT.11 ASSI QW9-840D 24 MESI,24-MONTH FULL WARRANTY 11 AXES QW9-840,GARANZIA INTEGRALE 11 ASSI QW9-840D 24 MESI,
3111133967-01,GARANZ.INT.11 ASSI QW9-840D 36 MESI,36-MONTH FULL WARRANTY 11 AXES QW9-840,GARANZIA INTEGRALE 11 ASSI QW9-840D 36 MESI,
7106770088-01,GARANZ.INT.12 ASSI QW9-840D 36 MESI,36-MONTH FULL WARRANTY 12 AXES QW9-840,GARANZIA INTEGRALE 12 ASSI QW9-840D 36 MESI,
7410657094-01,"SIST. AUTENTICAZIONE RFID 13,56 MHZ","13,56MHz RFID AUTHENTICATION SYSTEM","SISTEMA AUTENTICAZIONE RFID 13,56 MHZ",
7889187159-01,SIST. AUTENTICAZIONE RFID 125 KHZ,125kHz RFID AUTHENTICATION SYSTEM,SISTEMA AUTENTICAZIONE RFID 125 KHZ,
7352644099-01,POST PROCESSOR ZK5,POST-PROCESSOR ZK5,POST-PROCESSOR - ZK5,
9190082186-01,POST PROCESSOR ZK5 - LICENZA AGG.,POST-PROCESSOR ZK5 - ADD. LICENCE,POST-PROCESSOR - ZK5 - LICENZA AGGIUNTIVA,
4958527606-01,POST PROCESSOR ZK5-F2,POST-PROCESSOR ZK5-F2,POST-PROCESSOR - ZK5-F2,
6896289145-01,POST PROCESSOR ZK5-F2 - LICENZA AGG,POST-PROCESSOR ZK5-F2 - ADD. LICENCE,POST-PROCESSOR - ZK5-F2 - LICENZA AGGIUNTIVA,
1931774705-01,ZK5 TARGHETTE IN ITALIANO,ZK5 ITALIAN PLATES,TARGHETTE - ITALIANO - ZK5,
7325559064-01,ZK5 TARGHETTE IN INGLESE,ZK5 ENGLISH PLATES,TARGHETTE - INGLESE - ZK5,
6359848305-01,ZK5 TARGHETTE IN FRANCESE,ZK5 FRENCH PLATES,TARGHETTE - FRANCESE - ZK5,
6239464610-01,ZK5 TARGHETTE IN TEDESCO,ZK5 GERMAN PLATES,TARGHETTE - TEDESCO - ZK5,
8472597932-01,ZK5 TARGHETTE IN SPAGNOLO,ZK5 SPANISH PLATES,TARGHETTE - SPAGNOLO - ZK5,
2720983854-01,ZK5 TARGHETTE IN POLACCO,ZK5 POLISH PLATES,TARGHETTE - POLACCO - ZK5,
6274087023-01,ZK5 TARGHETTE IN PORTOGHESE,ZK5 PORTUGUESE PLATES,TARGHETTE - PORTOGHESE - ZK5,
4571287457-01,ZK5 TARGHETTE IN CECO,ZK5 CZECH PLATES,TARGHETTE - CECO - ZK5,
2274653968-01,ZK5 TARGHETTE IN CINESE,ZK5 CHINESE PLATES,TARGHETTE - CINESE - ZK5,
4881106064-01,ZK5 TARGHETTE IN OLANDESE,ZK5 DUTCH PLATES,TARGHETTE - OLANDESE - ZK5,
7279177492-01,ZK5 TARGHETTE IN RUSSO,ZK5 RUSSIAN PLATES,TARGHETTE - RUSSO - ZK5,
2525761791-01,ZK5 TARGHETTE IN UNGHERESE,ZK5 HUNGARIAN PLATES,TARGHETTE - UNGHERESE - ZK5,
0061836506-01,ZK5 TARGHETTE IN BULGARO,ZK5 BULGARIAN PLATES,TARGHETTE - BULGARO - ZK5,
1380066363-01,ZK5 TARGHETTE IN TURCO,ZK5 TURKISH PLATES,TARGHETTE - TURCO - ZK5,
4620986049-01,QJ5 - INTEGRAZIONE VOT PROFINET,QJ5 VOT PROFINET INTEGRATION,INTEGRAZIONE VOT PN - QJ5,
1427121464-01,QJ5 - INTEGRAZIONE VOT PROFIBUS,QJ5 VOT PROFIBUS INTEGRATION,INTEGRAZIONE VOT PB - QJ5,
2071195449-01,QJ5 - INTEGRAZIONE PIDIPUT,QJ5 PIDIPUT INTEGRATION,INTEGRAZIONE PIDIPUT - QJ5,
3325318594-01,QJ5 - CARRELLI SFRIDI,QJ5 SCRAP CARRIAGE,CARRELLI SFRIDI - QJ5,
3325318594-02,QJ5 3015 - CARRELLI SFRIDI,QJ5 3015 SCRAP CARRIAGE,,
5738854293-01,QJ5 - NASTRO SFRIDI,QJ5 SCRAP BELT,NASTRO SFRIDI - QJ5,
5738854293-02,QJ5 3015 - NASTRO SFRIDI,QJ5 3015 SCRAP BELT,,
9515972566-01,QJ5 - CASSA NASTRO SFRIDI,QJ5 SCRAP BELT BOX,CASSA NASTRO SFRIDI - QJ5,
5184086937-01,QJ5 - NASTRO SFRIDI TRASVERSALE,QJ5 CROSS SCRAP BELT,NASTRO SFRIDI TRASVERSALE - QJ5,
5184086937-02,QJ5 3015 - NASTRO SFRIDI TRASVERSALE,QJ5 3015 CROSS SCRAP BELT,,
9134599902-01,QJ 7298 - TEGOLI CENTRALI,QJ 7298 CENTRAL TILES,,
5845405579-01,QJ5 - CAMBIO UGELLO 18 POS.,QJ5 NOZZLE CHANGE 18 POSITIONS,CAMBIO UGELLO 18 POSIZIONI - QJ5,
1413923056-01,QJ5 - ASPIRATORE FUMI,QJ5 FUME EXTRACTOR,ASPIRATORE FUMI - QJ5,
3518744666-01,QJ5 - ASPIRATORE FUMI 460V 60HZ,QJ5 FUME EXTRACTOR 460V/60Hz,ASPIRATORE FUMI - 460V/60Hz - QJ5,
3518744666-02,QJ5 - ASPIRATORE FUMI 480V 60HZ,QJ5 FUME EXTRACTOR 480V/60Hz,,
9290202485-01,QJ5 - ASPIRATORE FUMI 7.5KW,"QJ5 FUME EXTRACTOR 7,5kW",,
4145805215-01,QJ5 - ASPIRATORE FUMI 7.5KW 480V 60HZ,"QJ5 FUME EXTRACTOR 7,5kW 480V/60Hz",,
4138658946-01,QJ5 - ASPIRATORE FUMI ECO 6 400V/50HZ,QJ5 ECO 6 FUME EXTRACTOR 400V/50Hz,ASPIRATORE FUMI ECO 6 - 400V/50Hz - QJ5,
8569285972-01,QJ5 - ASPIRATORE FUMI ECO 6 460V/60HZ,QJ5 ECO 6 FUME EXTRACTOR 460V/60Hz,ASPIRATORE FUMI ECO 6 - 460V/60Hz - QJ5,
1300422981-01,LS - ESPANSIONE FUSTO POLVERI,LS DUST DRUM EXPANSION,ESPANSIONE FUSTO POLVERI - LS,
5967891209-01,LS - SACCO RACCOLTA POLVERI,LS DUST COLLECTION BAG,SACCO RACCOLTA POLVERI - LS,
1731022963-01,LS - INSONORIZZAZIONE USCITA FUMI ASPIR.,LS SOUNDPROOFING FUME EXTRACTOR OUTLET,INSONORIZZAZIONE USCITA FUMI ASPIRATORE - LS,
4357761927-01,SISTEMA ARIA COMPRESSA,COMPRESSED AIR CUTTING SYSTEM,SISTEMA ARIA COMPRESSA,
2270406991-01,SISTEMA ARIA COMPRESSA 60HZ,COMPRESSED AIR CUTTING SYSTFG 42Hz,SISTEMA ARIA COMPRESSA 60HZ,
6753546772-01,RICAMBI FILTRI ARIA COMPRESSA,COMPRESSED AIR FILTERS SPARE PARTS,RICAMBI FILTRI ARIA COMPRESSA,
6925268476-01,QJ5 - MONITOR AGGIUNTIVO,QJ5 ADDED MONITOR,MONITOR AGGIUNTIVO - QJ5,
6012388262-01,QJ5 - TESTA FIBRA SONEPEDER ZOOM 2.0,SONEPEDER ZOOM 2.0 FIBER HEAD - QJ5,TESTA FIBRA SONEPEDER ZOOM 2.0 - QJ5,
9211881407-01,TESTA FIBRA ZOCALOBOVN 2.0,ZOCALOBOVN 2.0 FIBER HEAD,TESTA FIBRA ZOCALOBOVN 2.0,
3962754082-01,TESTA SONEPEDER STR 2.0 HGPW F175,SONEPEDER HEAD STR 2.0 HGPW F175,,
3962754082-02,LS - TESTA SONEPEDER HNA 2.0 HGPW F175,LS SONEPEDER HEAD HNA 2.0 HGPW F175,,
1078394463-01,LS - GAS MIX,LS GAS MIX,,
7766780834-01,QJ5 - ACTIVE COOL,QJ5 ACTIVE COOL,ACTIVE COOL - QJ5,
9415685066-01,QJ5 - ACTIVE PIERCING,QJ5 ACTIVE PIERCING,ACTIVE PIERCING - QJ5,
7655771870-01,QJ5 - ACTIVE PIERCING ALTA POTENZA,QJ5 ACTIVE PIERCING HIGH POWER,ACTIVE PIERCING ALTA POTENZA - QJ5,
4073189512-01,QJ5 - ACTIVE PIERCING 2.0,QJ5 ACTIVE PIERCING 2.0,ACTIVE PIERCING 2.0 - QJ5,
7055890574-01,QJ5 - GENERATORE DI SEGNALE PWM,QJ5 PWM SIGNAL GENERATOR,GENERATORE DI SEGNALE PWM - QJ5,
3085624298-01,QJ5 - ACTIVE CAMERA,QJ5 ACTIVE CAMERA,ACTIVE CAMERA - QJ5,
9467000885-01,LS - ACTIVE SENSE,LS ACTIVE SENSE,,
9959959227-01,QJ5 3015 - FOTOBAR MULTIRAGGIO 1 LATO,QJ5 3015 MULTI-BEAM PHOTOBARRIER 1 SIDE,,
3438719770-01,QJ5 3015 - FOTOBAR MULTIRAGGIO 2 LATI,QJ5 3015 MULTI-BEAM PHOTOBARRIER 2 SIDE,,
9623637362-01,AUTOTRASFORMATORE DOPPIO 130KVA,130kVA DOUBLE AUTOTRANSFORMER,,
2111962070-01,QJ5 3015 - RICAMBI BASE,QJ5 3015 BASIC SPARE PARTS,RICAMBI BASE - QJ5 3015,
1750711301-01,QJ5 - RICAMBI TESTA ZOOM,QJ5 ZOOM HEAD SPARE PARTS,RICAMBI TESTA ZOOM - QJ5,
8888176820-01,QJ5 - RICAMBI FILTRI ARIA COMPRESSA,QJ5 COMPRESSED AIR FILTERS SPARE PARTS,RICAMBI FILTRI ARIA COMPRESSA - QJ5,
9423709129-01,LS - MATERIALE FIERA,LS LS FAIR MATERIAL,,
9110590895-01,LS - RICAMBI FIERA,LS LS FAIR SPARE PARTS,,
1457752560-01,LS - ATTREZZATURA FIERA,LS FAIR EQUIPMENT,,
4113321546-01,QJ5 - RICAMBI FIERA,QJ5 SPARE PARTS FAIR,RICAMBI FIERA - QJ5,
2739480317-01,QJ5 TARGHETTE IN ITALIANO,QJ5 ITALIAN PLATES,TARGHETTE - ITALIANO - QJ5,
4119158711-01,QJ5 TARGHETTE IN INGLESE,QJ5 ENGLISH PLATES,TARGHETTE - INGLESE - QJ5,
4154723002-01,QJ5 TARGHETTE IN FRANCESE,QJ5 FRENCH PLATES,TARGHETTE - FRANCESE - QJ5,
2350687849-01,QJ5 TARGHETTE IN TEDESCO,QJ5 GERMAN PLATES,TARGHETTE - TEDESCO - QJ5,
5416441475-01,QJ5 TARGHETTE IN SPAGNOLO,QJ5 SPANISH PLATES,TARGHETTE - SPAGNOLO - QJ5,
5461105957-01,QJ5 TARGHETTE IN OLANDESE,QJ5 DUTCH PLATES,TARGHETTE - OLANDESE - QJ5,
7391181188-01,QJ5 TARGHETTE IN SVEDESE,QJ5 SWEDISH PLATES,TARGHETTE - SVEDESE - QJ5,
1599214494-01,QJ5 TARGHETTE IN CECO,QJ5 CZECH PLATES,TARGHETTE - CECO - QJ5,
7924316182-01,QJ5 TARGHETTE IN POLACCO,QJ5 POLISH PLATES,TARGHETTE - POLACCO - QJ5,
9654223666-01,QJ5 TARGHETTE IN RUSSO,QJ5 RUSSIAN PLATES,TARGHETTE - RUSSO - QJ5,
2347526319-01,QJ5 TARGHETTE IN PORTOGHESE,QJ5 PORTUGUESE PLATES,TARGHETTE - PORTOGHESE - QJ5,
0118262390-01,QJ5 TARGHETTE IN UNGHERESE,QJ5 HUNGARIAN PLATES,TARGHETTE - UNGHERESE - QJ5,
4341457880-01,QJ5 TARGHETTE IN DANESE,QJ5 DANISH PLATES,TARGHETTE - DANESE - QJ5,
8854695425-01,QJ5 TARGHETTE IN RUMENO,QJ5 ROMANIAN PLATES,TARGHETTE - RUMENO - QJ5,
1911130541-01,QJ5 TARGHETTE IN TURCO,QJ5 TURKISH PLATES,TARGHETTE - TURCO - QJ5,
1032227199-01,QJ5 TARGHETTE IN BULGARO,QJ5 BULGARIAN PLATES,TARGHETTE - BULGARO - QJ5,
6468943911-01,QJ5 TARGHETTE IN LITUANO,QJ5 LITHUANIAN PLATES,TARGHETTE - LITUANO - QJ5,
5992596287-01,QJ5 TARGHETTE IN SLOVENO,QJ5 SLOVENIAN PLATES,TARGHETTE - SLOVENO - QJ5,
0726021674-01,QJ5 TARGHETTE IN ESTONE,QJ5 ESTONIAN PLATES,TARGHETTE - ESTONE - QJ5,
7082118304-01,QJ5 4020 - CARRELLI SFRIDI,QJ5 4020 SCRAP CARRIAGE,CARRELLI SFRIDI - QJ5 4020,
7709533119-01,QJ5 4020 - NASTRO SFRIDI,QJ5 4020 SCRAP BELT,NASTRO SFRIDI - QJ5 4020,
5227568646-01,QJ5 4020 - NASTRO SFRIDI TRASVERSALE,QJ5 4020 CROSS SCRAP BELT,NASTRO SFRIDI TRASVERSALE - QJ5 4020,
5458240966-01,QJ 6232 - TEGOLI CENTRALI,QJ 6232 CENTRAL TILES,,
9666501963-01,QJ5 4020 - FOTOBAR MULTIRAGGIO 1 LATO,QJ5 4020 MULTI-BEAM PHOTOBARRIER 1 SIDE,,
7460047308-01,QJ5 4020 - FOTOBAR MULTIRAGGIO 2 LATI,QJ5 4020 MULTI-BEAM PHOTOBARRIER 2 SIDE,,
5665282244-01,MUCEVIL WOS OPENTALK,MUCEVIL WOS OPENTALK,,
7003198548-01,QJ1 3015 - CARRELLI SFRIDI,QJ1 3015 SCRAP CARRIAGE,CARRELLI SFRIDI - QJ1 3015,
2849942196-01,QJ1 3015 - NASTRO SFRIDI,QJ1 3015 SCRAP BELT,NASTRO SFRIDI - QJ1 3015,
9925333321-01,QJ1 3015 - NASTRO SFRIDI TRASVERSALE,QJ1 3015 CROSS SCRAP BELT,NASTRO SFRIDI TRASVERSALE - QJ1 3015,
2587704159-01,QJ1 - VIDEOCAMERE,QJ1 VIDEO CAMERAS,VIDEOCAMERE - QJ1,
3334888215-01,QJ1 - MONITOR AGGIUNTIVO,QJ1 ADDED MONITOR,MONITOR AGGIUNTIVO - QJ1,
0010323133-01,QJ1 - ACTIVE COOL,QJ1 ACTIVE COOL,ACTIVE COOL - QJ1,
8914807206-01,QJ1 - ZOFAGK,QJ1 ZOFAGK,ZOFAGK - QJ1,
3681879290-01,QJ1 - ACTIVE CAMERA,QJ1 ACTIVE CAMERA,ACTIVE CAMERA - QJ1,
9059282408-01,CARICATORE F JB52 *FILOZOB*,"JB52 ""FILOZOB"" BUNDLE LOADER","CARICATORE ""F"" - JB52 FILOZOB",
9969051777-01,PARTE ELETTRICA CAR.GEDUS CIBOS,"""GEDUS CIBOS"" LOADER ELECTRIC PART",PARTE ELETTRICA CARICATORE GEDUS CIBOS,
2949007836-01,SEGATRICE LAFR+BUX *GRUPPO*,"""LAFR&GOBU"" SAWING MACHINE",SEGATRICE LAFR+BUX,
5993651270-01,SUPPORTI LAFR+BUX *GRUPPO*,"""LAFR&GOBU"" SUPPORTS",SUPPORTI LAFR+BUX,
4316078065-01,CARICATORE SPEC.D.340367,SPECIAL LOADER,CARICATORE SPECIALE,
7204057996-01,BOCCOLE E STAFFE LAFR E B.OL 3353,"""LAFR&GOBU"" BUSHINGS AND BRACKETS",BOCCOLE E STAFFE LAFR & BOL,
3235637169-01,SERIE ATTREZZATURE PER SPAZZ.V.SPEC,SET EQUIPMENT FOR BRUSH SPECIAL VERSION,SERIE ATTREZZATURE PER SPAZZOLA VERSIONE SPECIALE,
0088129288-01,MORSA MECCANICA SUPPLEMENTARE W358,W358 MECHANICAL CLAMP SUPPLEMENT,MORSA MECCANICA SUPPLEMENTARE - W358,
8400739795-01,AZIONAMENTO PNEUMATICO DELLA MORSA,W358 PNEUMATIC CLAMP DRIVE,AZIONAMENTO PNEUMATICO DELLA MORSA - W358,
7794318579-01,SECONDA MORSA PNEUMATICA W358,W358 2° PNEUMATIC CLAMP,2° MORSA PNEUMATICA - W358,
2231231711-01,SECONDA MORSA PNEUMATICA W798,W798 2° PNEUMATIC CLAMP,2° MORSA PNEUMATICA - W798,
9533798688-01,PRIMO CAVALLETTO CAR.TIPO A GF822,"GF822 1° LOADER ""A"" STAND","1° CAVALLETTO CARICATORE ""A"" - GF822",
6359643296-01,CAVALLETTO INTERMEDIO CAR.TIPO A GF,"GF822 ""A"" LOADER INTERMEDIATE STAND","CAVALLETTO INTERMEDIO CARICATORE ""A"" - GF822",
5762495955-01,CAVALLETTO N.1 CAR.TIPO A J58/SA,"J58/SA ""A"" LOADER STAND","CAVALLETTO CARICATORE ""A"" - J58/SA",
2937770177-01,CAVALLETTO CAR.KY42,KY42 LOADER STAND,CAVALLETTO CARICATORE - KY42,
7487688904-01,PROLUNGA PIANALE DI CARICO MOD. DA,W358/W798 MODIFY LOADING BED EXTENSION,PROLUNGA PIANALE DI CARICO MODIFICA L=2m - W358-W798,
1828563649-01,CAVALLETTI PROL.CARICATORE TIPO A 2,"GF822 ""A"" LOADER EXTENSION STAND L=2m","CAVALLETTO PROLUNGA CARICATORE ""A"" L=2m - GF822",
1926102975-01,CAVALLETTI CARICATORE TIPO A 4MT GF,"GF822 ""A"" LOADER STAND L=4m","CAVALLETTO CARICATORE ""A"" L=4m - GF822",
2438277433-01,CILINDRO ALLINEATORE CARICATORE JB5,JB52 LOADER ALIGNER CYLINDER,CILINDRO ALLINEATORE CARICATORE - JB52,
8458455464-01,CILINDRO SOLLEVAMENTO LEVE JB52,JB52 LEVER LIFTING CYLINDER,CILINDRO SOLLEVAMENTO LEVE - JB52,
9749190905-01,CILINDRO POSIZIONAMENTO CARRELLO SC,JJ622/A CARRIAGE POSITIONING CYLINDER,CILINDRO POSIZIONAMENTO CARRELLO - JJ622/A,
7115262103-01,CILINDRO BLOCCAGGIO ROTAZ.JJ622/A -,JJ622/A ROTATION CLAMP.CYLINDER-2x MACH.,CILINDRO BLOCCAGGIO ROTAZIONE - JJ622/A - 2xMACCHINA,
8111312312-01,CILINDRO UNITA' TESTA JJ542,JJ542 UNIT HEAD CYLINDER,CILINDRO UNITÀ TESTA - JJ542,
5938449298-01,CILINDRO MORSA VERTICALE JJ542,JJ542 VERTICAL CLAMP CYLINDER,CILINDRO MORSA VERTICALE - JJ542,
4469618620-01,CILINDRO BLOCCAGGIO ROTAZIONE JJ542,JJ542 ROTATION CLAMPING CYLINDER,CILINDRO BLOCCAGGIO ROTAZIONE - JJ542,
7017316189-01,CILINDRO BLOCC.SPALLA MORSA JJ542 -,JJ542 SHOULDER CLAMP CYLINDER-2x MACHINE,CILINDRO BLOCCAGGIO SPALLA MORSA - JJ542 - 2xMACCHINA,
4363727765-01,CILINDRO MORSA ORIZZONTALE JJ542 -2,JJ542 HORIZ. CLAMP CYLINDER-2x MACHINE,CILINDRO MORSA ORIZZONTALE - JJ542 -2xMACCHINA,
0456416395-01,CENTRALINA EMULSIONE JB52 -NON USAR,EMULSION PUMP JB52 - DON'T USE,POMPA EMULSIONE - NON USARE - JB52,
2232878298-01,VALVOLA DI MASSIMA A DIS. 6785/14,MAXIMUM VALVE DRAW 6785/14,VALVOLA DI MASSIMA A DISEGNO 6785/14,
4945023365-01,VALVOLA DI NON RITORNO A DIS. 6786/,CHECK VALVE DRAW 6786/14,VALVOLA DI NON RITORNO A DISEGNO 6786/14,
2684046650-01,VALVOLA DI REGOLAZIONE PRESSIONE,PRESSURE ADJUSTMENT VALVE DRAW 6887/14,VALVOLA DI REGOLAZIONE PRESSIONE A DISEGNO 6887/14,
2708358886-01,VALVOLA DI MASSIMA A DIS. 31807/42,MAXIMUM VALVE DRAW 31807/42,VALVOLA DI MASSIMA A DISEGNO 31807/42,
8643965706-01,VALVOLA DI CONTROPRESSIONE A DIS. 3,BACK PRESSURE VALVE DRAW 31813/42,VALVOLA DI CONTROPRESSIONE A DISEGNO 31813/42,
6410169344-01,VALVOLA REGOLATRICE DI PORTATA A DI,FLOW RATE ADJUSTMENT VALVE DRAW 36901/50,VALVOLA REGOLATRICE DI PORTATA A DISEGNO 36901/50,
2985804460-01,VALVOLA MANUALE DI AZIONAMENTO A DI,MANUAL DRIVE VALVE DRAW 36902/50,VALVOLA MANUALE DI AZIONAMENTO A DISEGNO 36902/50,
1532300537-01,VALVOLA REGOLAZIONE CIL.UNITA'J58SA,J58SA CYLINDER ADJUSTMENT VALVE,VALVOLA REGOLAZIONE CILINDRO UNITÀ A DISEGNO 17910/22 - J58SA,
9222941622-01,VALVOLA DI MASSIMA A DIS. 48745/57,MAXIMUM VALVE DRAW 48745/57,VALVOLA DI MASSIMA A DISEGNO 48745/57,
