id,short_ita,short_eng,long_ita,long_eng
WB5606N-00,FAFIL-PERACULR VAR.EL 220-380V/60HZ,FAFIL-PERACULR EL. VARIANT 220-380V/60Hz,FAFIL-PERACULR VARIANTE ELETTRICA 220-380V/60Hz,
XHS66464-00,BC/FG02 - VAR.EL. 400/50,BC/FG02 ELECTRIC VARIANT 400V/50Hz,BC/FG02 VARIANTE ELETTRICA 400V/50Hz,
DYJ59761-00,BC/FG02 - VAR.EL. 480/60,BC/FG02 ELECTRIC VARIANT 480V/60Hz,BC/FG02 VARIANTE ELETTRICA 480V/60Hz,
PNY21524-00,BC/FG02 - VAR.EL. AUTOTRASFORMATORE,BC/FG02 ELECTRIC VARIANT AUTOTRANSFORMER,BC/FG02 VARIANTE ELETTRICA AUTOTRASFORMATORE,
AD6511D-00,VARIANTI GF 829 PER TENSIONE 220-50,GF829 ELECTRIC VARIANT 220V/50Hz,GF829 VARIANTE ELETTRICA 220V/50Hz,
HC6119P-00,VARIANTI GF 829 PER TENSIONE 220 60,GF829 ELECTRIC VARIANT 220V/60Hz,GF829 VARIANTE ELETTRICA 220V/60Hz,
JL3986E-00,GF829 380V/60HZ,GF829 ELECTRIC VARIANT 380V/60Hz,GF829 VARIANTE ELETTRICA 380V/60Hz,
NU4638M-00,VARIANTE GF829 VOLT. 440-480/60HZ,GF829 ELECTRIC VARIANT 440-480V/60Hz,GF829 VARIANTE ELETTRICA 440-480V/60Hz,
DN5678C-00,VARIANTI GF 829 VOLT. 440 V/60 HZ,GF829 ELECTRIC VARIANT 440V/60Hz,GF829 VARIANTE ELETTRICA 440V/60Hz,
FZ0732Z-00,VARIANTE GF 829 VOLT. 480/60 HZ,GF829 ELECTRIC VARIANT 480V/60Hz,GF829 VARIANTE ELETTRICA 480V/60Hz,
XC2151U-00,VE 200V/50HZ T. L1 GF829-RAP123/02,GF829 “L1” HEAD VARIANT 200V/50Hz,GF829 VARIANTE TESTA “L1” 200V/50Hz,
XD5620J-00,VARIANTE TESTA L1 GF829 220V/50HZ,GF829 “L1” HEAD VARIANT 220V/50Hz,GF829 VARIANTE TESTA “L1” 220V/50Hz,
DY3690S-00,VARIANTE TESTA L1 GF829 480V/60HZ,GF829 “L1” HEAD VARIANT 480V/60Hz,GF829 VARIANTE TESTA “L1” 480V/60Hz,
VE5207M-00,VARIANTE TESTA P GF829 220V/60HZ,GF829 “P” HEAD VARIANT 220V/60Hz,GF829 VARIANTE TESTA “P” 220V/60Hz,
UR9237C-00,VE 200V/50HZ GF829/A - RAP 123/02,GF829/A ELECTRIC VARIANT 200V/50Hz,GF829/A VARIANTE ELETTRICA 200V/50Hz,
FK0595W-00,VARIANTE GF829/A TENSIONE 220V/50HZ,GF829/A ELECTRIC VARIANT 220V/50Hz,GF829/A VARIANTE ELETTRICA 220V/50Hz,
BZ5193X-00,VAR. TENS. 220/60 X GF829/A,GF829/A ELECTRIC VARIANT 220V/60Hz,GF829/A VARIANTE ELETTRICA 220V/60Hz,
UE8551Y-00,VAR. TENS. 220/60 X TESTA L GF829/A,GF829/A “L” HEAD VARIANT 220V/60Hz,GF829/A VARIANTE TESTA “L” 220V/60Hz,
ZG6299C-00,VARIANTI GF823 440 V/60 HZ,GF823 ELECTRIC VARIANT 440V/60Hz,GF823 VARIANTE ELETTRICA 440V/60Hz,
BG6560V-00,GF823-422MM 440V 60HZ RAP255/04,GF823 600mm VARIANT 440V/60Hz,GF823 VARIANTE 600mm 440V/60Hz,
XR1465L-00,VE 220V/60HZ GF823 - RAP 222/2002,GF823 ELECTRIC VARIANT 220V/60Hz,GF823 VARIANTE ELETTRICA 220V/60Hz,
DK3088A-00,VE 380V/60HZ GF823 - RAP 13/02,GF823 ELECTRIC VARIANT 380V/60Hz,GF823 VARIANTE ELETTRICA 380V/60Hz,
UE6579F-00,VE 220V/60HZ GF429 - RAP 225/2002,GF429 ELECTRIC VARIANT 220V/60Hz,GF429 VARIANTE ELETTRICA 220V/60Hz,
SD2063K-00,VE 380V/60HZ GF429 - RAP 184/02,GF429 ELECTRIC VARIANT 380V/60Hz,GF429 VARIANTE ELETTRICA 380V/60Hz,
FS2361T-00,GF429 440V 60HZ RAP407/2003,GF429 ELECTRIC VARIANT 440V/60Hz,GF429 VARIANTE ELETTRICA 440V/60Hz,
HU1406V-00,VE 460V/60HZ PER GF429 RAP 121/2003,GF429 ELECTRIC VARIANT 460V/60Hz,GF429 VARIANTE ELETTRICA 460V/60Hz,
YW5856E-00,VE 480V/60HZ + MOT.7.5KW GF429,"GF429 EL. VARIANT 480V/60Hz+MOTOR 7,5kW","GF429 VARIANTE ELETTRICA 480V/60Hz + MOTORE 7,5kW",
RW7730N-00,VE 60HZ VASCA TR.M. + POMPA GF429,GF429 MANUAL CHIP TANK VARIANT+PUMP 60Hz,GF429 VARIANTE VASCA TRUCIOLI MANUALE+POMPA 60Hz,
MW9421M-00,GF429 + ASPIRATORE 380V/60HZ R11741,GF429+SUCTION ELECTRIC VARIANT 380V/60Hz,GF429+ASPIRATORE VARIANTE ELETTRICA 380V/60Hz,
XD6131Z-00,GF423 220-230-380-400-440-480V/60HZ,GF423 VARIANT 220-230-380-400-440-480V/60Hz,GF423 VARIANTE ELETTRICA 220-230-380-400-440-480V/60Hz,
VY7950H-00,FG02 - VAR.EL. 400/50,FG02 ELECTRIC VARIANT 400V/50Hz,FG02 VARIANTE ELETTRICA 400V/50Hz,
FA3566V-00,FG02-VAR.EL.480/60,FG02 ELECTRIC VARIANT 480V/60Hz,FG02 VARIANTE ELETTRICA 480V/60Hz,
JL8708P-00,FG02SB-VARIANTE 400/50,FG02SB ELECTRIC VARIANT 400V/50Hz,FG02SB VARIANTE ELETTRICA 400V/50Hz,
LZ3446E-00,FG02SB-VARIANTE 480/60,FG02SB ELECTRIC VARIANT 480V/60Hz,FG02SB VARIANTE ELETTRICA 480V/60Hz,
LB4909D-00,"INTEGR. TENS 220/60 X TESTA 7,5 KW","7,5 kW HEAD INTEGRATION 220V/60Hz","INTEGRAZIONE TESTA 7,5 kW 220V/60Hz",
RJL52183-00,NOZUT - 380V 60HZ,NOZUT ELECTRIC VARIANT 380V/60Hz,NOZUT VARIANTE ELETTRICA 380V/60Hz,
GN3124E-00,QJ8 FIBRA FINO 4KW 380-480V/60HZ,QJ8 FIBRA UP TO 4kW 380-480V/60Hz,QJ8 FIBRA FINO 4kW 380-480V/60Hz,
HZ2422E-00,ZK932-AUTOTRASF.60HZ 220-480V V5895,ZK932 AUTOTRANSFORMER 220-480V/60Hz,ZK932 AUTOTRASFORMATORE 220-480V/60Hz,
FS3803U-00,ZK932 VAR.EL 380V O 220V/60HZ VOC17,ZK932 ELECTRIC VARIANT 220-380V/60Hz,ZK932 VARIANTE ELETTRICA 220-380V/60Hz,
CN6213A-00,VE ZK932 460V/60HZ RAP 294/03,ZK932 ELECTRIC VARIANT 460V/60Hz,ZK932 VARIANTE ELETTRICA 460V/60Hz,
DM5885G-00,ZK32+DC035+SVK540 380-480V/60HZ,ZK932+DC035+SVK540 380-480V/60Hz,ZK932+DC035+SVK540 380-480V/60Hz,
WA3812X-00,ZK8-AUTOTRASF.60HZ 220-480V V5895,ZK8 AUTOTRANSFORMER 220-480V/60Hz,ZK8 AUTOTRASFORMATORE 220-480V/60Hz,
RC3430X-00,ZK8 VAR. 60 HZ MULTITENSIONE,ZK8 VARIANT MULTITENSION 60Hz,ZK8 VARIANTE 60Hz MULTITENSIONE,
EN2000L-00,ZK8 VE DA 200 480V/60HZ V6197,ZK8 ELECTRIC VARIANT 200-480V/60Hz,ZK8 VARIANTE ELETTRICA 200-480V/60Hz,
ED7018G-00,ZK8 VE 400V-440V-480V 60HZ,ZK8 ELECTRIC VARIANT 400-440-480V/60Hz,ZK8 VARIANTE ELETTRICA 400-440-480V/60Hz,
HG8623B-00,VAR. 440-460V/60HZ ZK483-RAP 003/02,ZK483 ELECTRIC VARIANT 440-460V/60Hz,ZK483 VARIANTE ELETTRICA 440-460V/60Hz,
SR2275B-00,V.E. 480V/60HZ ZK483B USA RAP58/02,ZK483B USA ELECTRIC VARIANT 480V/60Hz,ZK483B USA VARIANTE ELETTRICA 480V/60Hz,
GY8588B-00,ZK5-AUTOTRASFORMATORE 60HZ 220-480V,ZK5 AUTOTRANSFORMER 220-480V/60Hz,ZK5 AUTOTRASFORMATORE 220-480V/60Hz,
DK2557W-00,VE 200V/60HZ ZK523D - RAP 38/03,ZK523D ELECTRIC VARIANT 200V/60Hz,ZK523D VARIANTE ELETTRICA 200V/60Hz,
TR1288R-00,VE 460V/60HZ ZK523D - RAP 64/2003,ZK523D ELECTRIC VARIANT 460V/60Hz,ZK523D VARIANTE ELETTRICA 460V/60Hz,
LA7008Z-00,VE 480V/60HZ ZK523D - RAP 18/03,ZK523D ELECTRIC VARIANT 480V/60Hz,ZK523D VARIANTE ELETTRICA 480V/60Hz,
XT6488R-00,VE 380V/60H ZK593 RAP 2286,ZK593 ELECTRIC VARIANT 380V/60Hz,ZK593 VARIANTE ELETTRICA 380V/60Hz,
FK2542X-00,VE 440V/60HZ X ZK593D RAP50/05,ZK593D ELECTRIC VARIANT 440V/60Hz,ZK593D VARIANTE ELETTRICA 440V/60Hz,
JX1850Z-00,VE 480V/60H ZK593D RAP 190/04,ZK593D ELECTRIC VARIANT 480V/60Hz,ZK593D VARIANTE ELETTRICA 480V/60Hz,
TR3114E-00,ZK533D-AUTOTRASFORMAT.60HZ 220-480V,ZK533D AUTOTRANSFORMER 220-480V/60Hz,ZK533D AUTOTRASFORMATORE 220-480V/60Hz,
DJ5791M-00,VE 200V/50HZ ZK533D RAP7719,ZK533D ELECTRIC VARIANT 200V/50Hz,ZK533D VARIANTE ELETTRICA 200V/50Hz,
RC0153W-00,VE 200V/60HZ ZK533D RAP7799,ZK533D ELECTRIC VARIANT 200V/60Hz,ZK533D VARIANTE ELETTRICA 200V/60Hz,
YF1793W-00,VE 380V/60HZ ZK533D VOCO1056,ZK533D ELECTRIC VARIANT 380V/60Hz,ZK533D VARIANTE ELETTRICA 380V/60Hz,
NH5912P-00,722-FIBER-AUTOT.60HZ 220-480V V5893,ZK533FIBER AUTOTRANSFORMER 220-480V/60Hz,ZK533FIBER AUTOTRASFORMATORE 220-480V/60Hz,
ZY2262M-00,ZK0-AUTOTRASF.60HZ 220-480V,ZK0 AUTOTRANSFORMER 220-480V/60Hz,ZK0 AUTOTRASFORMATORE 220-480V/60Hz,
EN2590S-00,ZK0-AUTOTRASFORMATORE CON CUCCHIAIO,ZK0 AUTOTRANSFORMER W CLEAN TUBE DEVICE,ZK0 AUTOTRASFORMATORE CON CUCCHIAIO,
VT9397M-00,ZK0.92 FIBER AUTOTRASFORMATORE MULT,ZK0.92FIBER MULTITENSION AUTOTRANSFORMER,ZK0.92 FIBER AUTOTRASFORMATORE MULTITENSIONE,
RK0168X-00,VE 480V/60H ZK0-ZK8 RAP 6337,ZK0/ZK8 ELECTRIC VARIANT 480V/60Hz,ZK0/ZK8 VARIANTE ELETTRICA 480V/60Hz,
SV3861B-00,VE 480V/60HZ ZK027D - RAP 15/03,ZK027D ELECTRIC VARIANT 480V/60Hz,ZK027D VARIANTE ELETTRICA 480V/60Hz,
DF6192R-00,ZK1 CO2 VAR.EL 380-480V/60HZ,ZK1 CO2 ELECTRIC VARIANT 380-480V/60Hz,ZK1 CO2 VARIANTE ELETTRICA 380-480V/60Hz,
NL2939J-00,ZK1 / ZB8 - FIBRA 380-480V/60HZ,ZK1/ZB8 FIBER 380-480V/60Hz,ZK1/ZB8 FIBRA 380-480V/60Hz,
AM3909U-00,VOKUN DC045 380/60 LASER+M/C,PERACULR DC045 380V/60Hz LASER+M/C,PERACULR DC045 380V/60Hz LASER+M/C,
WB1560J-00,DODEVE AUTOTRASFOR. MULTITENSIONE,DODEVE MULTITENSION AUTOTRANSFORMER,DODEVE AUTOTRASFORMATORE MULTITENSIONE,
LR4508C-00,VE 480V/60H LTNOZUT,LTNOZUT ELECTRIC VARIANT 480V/60Hz,LTNOZUT VARIANTE ELETTRICA 480V/60Hz,
AP9950J-00,W798 220V/60HZ,W798 ELECTRIC VARIANT 220V/60Hz,W798 VARIANTE ELETTRICA 220V/60Hz,
ES2697L-00,VARIANTI W798 PER TENSIONE 380/60,W798 ELECTRIC VARIANT 380V/60Hz,W798 VARIANTE ELETTRICA 380V/60Hz,
YF6751G-00,VARIANTI W798/A 380 V/60 HZ,W798/A ELECTRIC VARIANT 380V/60Hz,W798/A VARIANTE 380V/60Hz,
YB9968D-00,VARIANTE W798/SA TENSIONE 220V/60HZ,W798/SA ELECTRIC VARIANT 220V/60Hz,W798/SA VARIANTE ELETTRICA 220V/60Hz,
GD5919C-00,VARIANTE M 315/SA TENSIONE 440-60,W798/SA ELECTRIC VARIANT 440V/60Hz,W798/SA VARIANTE ELETTRICA 440V/60Hz,
BF3282A-00,MODIFICA SURPRESSORE 400- 440V/3/60Hz,MOD. BOOSTER COMPRESSOR 400-440V/3/60Hz,MODIFICA SURPRESSORE 400-440V/3/60Hz,
JL4045U-00,FY922 VE 600V/60HZ R17141,FY922 ELECTRIC VARIANT 600V/60Hz,FY922 VARIANTE ELETTRICA 600V/60Hz,
CV1619Z-00,LAGET MOTORI MULTITENSIONE,“LAGET” MULTITENSION MOTORS,,
LM1340K-00,LAGET - VAR.EL. 480/60,“LAGET” ELECTRIC VARIANT 480V/60Hz,LAGET VARIANTE ELETTRICA 480V/60Hz,
YU8603E-00,LAGET MOTORI 400 V 50 HZ,“LAGET” MOTORS VARIANT 400V/50Hz,LAGET VARIANTE MOTORI 400V/50Hz,
MC6973E-00,VARIANTI BQ592 PER VOLT. 220/50,BQ592 ELECTRIC VARIANT 220V/50Hz,BQ592 VARIANTE ELETTRICA 220V/50Hz,
LV3005S-00,VARIANTI BQ 592 PER TENSIONE 220/60,BQ592 ELECTRIC VARIANT 220V/60Hz,BQ592 VARIANTE ELETTRICA 220V/60Hz,
UU6913W-00,VARIANTE BQ592 TENSIONE 440V/60HZ,BQ592 ELECTRIC VARIANT 440V/60Hz,BQ592 VARIANTE ELETTRICA 440V/60Hz,
MJ0137M-00,VE 220V/60HZ BQ599 - RAP 425/02,BQ599 ELECTRIC VARIANT 220V/60Hz,BQ599 VARIANTE ELETTRICA 220V/60Hz,
NB9377S-00,VAR. 460V/60HZ JJ638 RAP 033/02,JJ638 ELECTRIC VARIANT 460V/60Hz,JJ638 VARIANTE ELETTRICA 460V/60Hz,
HY1919U-00,VE 220V/50HZ JJ638 RAP 3732 VOCO960,JJ638 ELECTRIC VARIANT 220V/50Hz,JJ638 VARIANTE ELETTRICA 220V/50Hz,
BF8206G-00,VARIANTE JJ638 TENS. 220V/60HZ,JJ638 ELECTRIC VARIANT 220V/60Hz,JJ638 VARIANTE ELETTRICA 220V/60Hz,
MK1131B-00,VARIANTI EL. X SUNENA JJ638 380/60,JJ638 ELECTRIC VARIANT 380V/60Hz,JJ638 VARIANTE ELETTRICA 380V/60Hz,
RJ3470W-00,JJ638 VARIANTE ELETTRICA 480V 60HZ,JJ638 ELECTRIC VARIANT 480V/60Hz,JJ638 VARIANTE ELETTRICA 480V/60Hz,
JP6606D-00,VARIANTE TESTA P 220V/60HZ JJ638,JJ638 “P” HEAD VARIANT 220V/60Hz,JJ638 VARIANTE TESTA “P” 220V/60Hz,
HU682591S-01,SCHEMA ELETTRICO SPECIALE,SPECIAL ELECTRIC DIAGRAM,,
EG0109R-00,VE 220-380V/60HZ YK442 RAP45788,YK442 ELECTRIC VARIANT 220-380V/60Hz,YK442 VARIANTE ELETTRICA 220-380V/60Hz,
NY1000P-00,VARIANTI YK442 380 V/60 HZ,YK442 ELECTRIC VARIANT 380V/60Hz,YK442 VARIANTE ELETTRICA 380V/60Hz,
BE1548F-00,VARIANTI YK442 480/60,YK442 ELECTRIC VARIANT 480V/60Hz,YK442 VARIANTE ELETTRICA 480V/60Hz,
MS3558X-00,YK442 VE 600V / 60HZ R21961,YK442 ELECTRIC VARIANT 600V/60Hz,YK442 VARIANTE ELETTRICA 600V/60Hz,
ER9802X-00,VE X SOFF YK442 400V/60HZ RAP006/05,YK442 BLOW ELECTRIC VARIANT 400V/60Hz,YK442 VARIANTE ELETTRICA SOFFIO 400V/60Hz,
KJ7721W-00,YK442 SOFFIO 480V/60HZ,YK442 BLOW ELECTRIC VARIANT 480V/60Hz,YK442 VARIANTE ELETTRICA SOFFIO 480V/60Hz,
JW7399R-00,VARIANTI YK442 L=3000 220/50-60,YK442 L=3m VARIANT 220V/50-60Hz,YK442 VARIANTE L=3m 220V/50-60Hz,
ZX3249Y-00,VARIANTI YK442 3000 A 440 V/60 HZ,YK442 L=3m VARIANT 440V/60 HZ,YK442 VARIANTE L=3m 440V/60 HZ,
ZK1844X-00,YK442+SOFF. 440V 60 HZ RAP84/05,YK442 BLOW ELECTRIC VARIANT 440V/60Hz,YK442+SOFFIO VARIANTE ELETTRICA 440V/60Hz,
YH5908M-00,VE220V. 60HZ - YK449,YK449 ELECTRIC VARIANT 220V/60Hz,YK449 VARIANTE ELETTRICA 220V/60Hz,
CW3538M-00,YK449 VE 600V/60HZ R17141,YK449 ELECTRIC VARIANT 600V/60Hz,YK449 VARIANTE ELETTRICA 600V/60Hz,
RY2476B-00,VE 460V/60HZ X SOFF.YK449 RAP 65/05,YK449 BLOW ELECTRIC VARIANT 460V/60Hz,YK449 VARIANTE ELETTRICA SOFFIO 460V/60Hz,
JD0376R-00,VE 480V/60HZ SOFF. YK449 R196/2003,YK449 BLOW ELECTRIC VARIANT 480V/60Hz,YK449 VARIANTE ELETTRICA SOFFIO 480V/60Hz,
YR1209R-00,YK449 + SOFF VE PER 240V/60HZ V6207,YK449 BLOW ELECTRIC VARIANT 240V/60Hz,YK449+SOFFIO VARIANTE ELETTRICA 240V/60Hz,
FG8232T-00,"QG532-DA 220,400,440V/60HZ 400/50",QG532 FROM 220-400-440V/60Hz TO 400V/50Hz,QG532 DA 220-400-440V/60Hz A 400V/50Hz,
VG7772C-00,VARIANTI QG532 DA 380/60 A 400/50,QG532 VARIANT FROM 380V/60Hz TO 400V/50Hz,QG532 VARIANTE DA 380V/60Hz A 400V/50Hz,
HH4741N-00,VE X QG532 220-380-400-440V 60HZ,QG532 ELECTRIC VARIANT 220-380-400-440V/60Hz,QG532 VARIANTE ELETTRICA 220-380-400-440V/60Hz,
GS4228H-00,VAR. EL. 220/50 SUNENA QG532,QG532 ELECTRIC VARIANT 220V/50Hz,QG532 VARIANTE ELETTRICA 220V/50Hz,
NW2582S-00,VARIANTI QG 532 PER TENSIONE 220/60,QG532 ELECTRIC VARIANT 220V/60Hz,QG532 VARIANTE ELETTRICA 220V/60Hz,
WT0405U-00,VARIANTI QG532 480/60,QG532 ELECTRIC VARIANT 480V/60Hz,QG532 VARIANTE ELETTRICA 480V/60Hz,
BZ3826V-00,QG532 VE 600V / 60HZ R21961,QG532 ELECTRIC VARIANT 600V/60Hz,QG532 VARIANTE ELETTRICA 600V/60Hz,
UG0313E-00,VARIANTI QG532 3000 PER 380 V/60 HZ,QG532 L=3m VARIANT 380V/60Hz,QG532 VARIANTE L=3m 380V/60Hz,
HT8096C-00,VARIANTE TESTA P/I QG532 220V/50HZ,QG532 “P/I” HEAD VARIANT 220V/50Hz,QG532 VARIANTE TESTA “P/I” 220V/50Hz,
ZE7906N-00,VARIANTI TESTA P/I 220V/60-50 QG532,QG532 “P/I” HEAD VARIANT 220V/60-50Hz,QG532 VARIANTE TESTA “P/I” 220V/60-50Hz,
LF0451U-00,VARIANTI TESTA P/I QG532 380 V/60 H,QG532 “P/I” HEAD VARIANT 380V/60Hz,QG532 VARIANTE TESTA “P/I” 380V/60Hz,
HJ1182D-00,VAR. 220/50 TESTA P10V PER QG532,QG532 “P10V” HEAD VARIANT 220V/50Hz,QG532 VARIANTE TESTA “P10V” 220V/50Hz,
JC0359F-00,VARIANTI JB 59 PER TENSIONE 220/60,JB59 ELECTRIC VARIANT 220V/60Hz,JB59 VARIANTE ELETTRICA 220V/60Hz,
TZ0401R-00,VARIANTE TESTA P/I 220V/60HZ - JB59,JB59 “P/I” HEAD VARIANT 220V/60Hz,JB59 VARIANTE TESTA “P/I” 220V/60Hz,
TU0613Z-00,VARIANTE JB59-P TENSIONE 220V/60HZ,JB59-P ELECTRIC VARIANT 220V/60Hz,JB59-P VARIANTE ELETTRICA 220V/60Hz,
NG9649M-00,VARIANTI JB59-P 380 V/60 HZ,JB59-P ELECTRIC VARIANT 380V/60Hz,JB59-P VARIANTE ELETTRICA 380V/60Hz,
WH8575D-00,VARIANTI JB59-P 3000 380 V/60 HZ,JB59-P L=3m VARIANT 380V/60Hz,JB59-P VARIANTE L=3m 380V/60Hz,
ZM8499H-00,VARIANTI JB59-P 3000 440 V/60 HZ,JB59-P L=3m VARIANT 440V/60Hz,JB59-P VARIANTE L=3m 440V/60Hz,
GR3927W-00,JB53 VE 220-230-380-400-440/60HZ,JB53 ELECTRIC VARIANT 220-230-380-400-440/60Hz,JB53 VARIANTE ELETTRICA 220-230-380-400-440/60Hz,
AF7676U-00,VE 220V/60HZ JB53 - RAP 158/02,JB53 ELECTRIC VARIANT 220V/60Hz,JB53 VARIANTE ELETTRICA 220V/60Hz,
GB2547G-00,JB53 400V 60HZ RAP043/2004,JB53 ELECTRIC VARIANT 400V/60Hz,JB53 VARIANTE ELETTRICA 400V/60Hz,
RD8472Y-00,VE 460V/60HZ JB53 - RAP 65/03,JB53 ELECTRIC VARIANT 460V/60Hz,JB53 VARIANTE ELETTRICA 460V/60Hz,
EE7442D-00,JB53 VE 600V/60HZ R17141,JB53 ELECTRIC VARIANT 600V/60Hz,JB53 VARIANTE ELETTRICA 600V/60Hz,
JR4763P-00,VE 220V/60HZ JK462,JK462 ELECTRIC VARIANT 220V/60Hz,JK462 VARIANTE ELETTRICA 220V/60Hz,
ZT7820L-00,VE 380-220V/60HZ JK462 RAP 5654,JK462 ELECTRIC VARIANT 380-220V/60Hz,JK462 VARIANTE ELETTRICA 380-220V/60Hz,
HK0108H-00,VE 440V. 60HZ - JK462,JK462 ELECTRIC VARIANT 440V/60Hz,JK462 VARIANTE ELETTRICA 440V/60Hz,
EZ1156U-00,VE 460V/60HZ JK462 RAP 267/03,JK462 ELECTRIC VARIANT 460V/60Hz,JK462 VARIANTE ELETTRICA 460V/60Hz,
VZ7369B-00,VARIANTI JK462+P6V 220/50,JK462 ELECTRIC VARIANT+P6 220V/50Hz,JK462 VARIANTE ELETTRICA+P6 220V/50Hz,
TU2754E-00,VARIANTI JK462+P6V 220/60,JK462 ELECTRIC VARIANT+P6 220V/60Hz,JK462 VARIANTE ELETTRICA+P6 220V/60Hz,
ZB3863D-00,VARIANTE TESTA P10 JK462 220V/60HZ,JK462 “P10” HEAD VARIANT 220V/60Hz,JK462 VARIANTE TESTA “P10” 220V/60Hz,
FR4218Z-00,MOKENIR VE PER 480 V / 60 HZ V6326,MOKENIR ELECTRIC VARIANT 480V/60Hz,MOKENIR VARIANTE ELETTRICA 480V/60Hz,
FN6214T-00,VARIANTI ASCIUGATURA 440 V/60 HZ,DRYING SYSTEM VARIANT 440V/60Hz,VARIANTE ASCIUGATURA 440V/60Hz,
TF3609H-00,VE ASPIRATORE 460V/60HZ,SUCTION SYSTEM VARIANT 460V/60Hz,VARIANTE ASPIRATORE 460V/60Hz,
CL1919K-00,VARIANTI CAR. BARRE TENSIONE 220-50,BAR LOADER VARIANT 220V/50Hz,VARIANTE CARICATORE BARRE 220V/50Hz,
HA7730H-00,VARIANTE CARIC BARRE 6500 220V/50HZ,"BAR LOADER L=6,5m VARIANT 220V/50Hz","VARIANTE CARICATORE BARRE L=6,5m 220V/50Hz",
SK8652D-00,VARIANTI CAR.FASCIO BARRE V.440/60,BAR BUNDLE LOADER VARIANT 440V/60Hz,VARIANTE CARICATORE FASCIO BARRE 440V/60Hz,
XU5990Z-00,VARIANTI CAR.F.UNIF.TENSIONE 220 60,UNIFIED BUNDLE LOADER VARIANT 220V/60Hz,VARIANTE CARICATORE FASCIO UNIFICATO 220V/60Hz,
FE5202W-00,VARIANTI CAR FASCIO UNI 380 V/60 HZ,UNIFIED BUNDLE LOADER VARIANT 380V/60Hz,VARIANTE CARICATORE FASCIO UNIFICATO 380V/60Hz,
GJ4016V-00,VARIANTI CARIC. UNIF. 440 V/60 HZ,UNIFIED BUNDLE LOADER VARIANT 440V/60Hz,VARIANTE CARICATORE FASCIO UNIFICATO 440V/60Hz,
ZS1914W-00,VARIANTI CARIC. P.I. 440 V/60 HZ,INCLINED FLAT LOADER VARIANT 440V/60Hz,VARIANTE CARICATORE PIANO INCLINATO 440V/60Hz,
DW6915R-00,VARIANTE CAR.P.INCL. TENS.220V/60HZ,INCLINED FLAT LOADER VARIANT 220V/60Hz,VARIANTE CARICATORE PIANO INCLINATO 220V/60Hz,
JB8643C-00,VE CHILLER 460V/60HZ RAP 296/03,CHILLER VARIANT 460V/60Hz,VARIANTE CHILLER 460V/60Hz,
NL0184L-00,VARIANTI DISOLEATURA 440 V/60 HZ,DE-OLING VARIANT 440V/60Hz,VARIANTE DISOLEATURA 440V/60Hz,
ED9453L-00,VE PER 220V / 60HZ RAP037/2004,ELECTRIC VARIANT 220V/60Hz,VARIANTE ELETTRICA 220V/60Hz,
KL6212R-00,VERSIONE ELETTRICA 380/50,ELECTRIC VARIANT 380V/50Hz,VARIANTE ELETTRICA 380V/50Hz,
DL9523W-00,VAR. EL. 480/60 USA - RAP 178/2001,ELECTRIC VARIANT 480V/60Hz USA,VARIANTE ELETTRICA 480V/60Hz USA,
HD3827J-00,VARIANTE EVACUATORE T. 220V/50HZ,SCRAP EXTRACTOR VARIANT 220V/50Hz,VARIANTE EVACUATORE SFRIDI 220V/50Hz,
ZD9159V-00,VARIANTE EV. SFRIDI TENS. 220V/60HZ,SCRAP EXTRACTOR VARIANT 220V/60Hz,VARIANTE EVACUATORE SFRIDI 220V/60Hz,
EP2878T-00,VARIANTI EVAC. SFRIDI 380 V/60 HZ,SCRAP EXTRACTOR VARIANT 380V/60Hz,VARIANTE EVACUATORE SFRIDI 380V/60Hz,
FM7248G-00,VARIANTI EVAC. SFRIDI 440 V/60 HZ,SCRAP EXTRACTOR VARIANT 440V/60Hz,VARIANTE EVACUATORE SFRIDI 440V/60Hz,
RY3013P-00,VARIANTI EV.TRUCIOLI 440 V/60 HZ,CHIP EXTRACTOR VARIANT 440V/60Hz,VARIANTE EVACUATORE TRUCIOLI 440V/60Hz,
WZ0799G-00,VE LASER DICA 460V/60HZ RAP 295/03,DICA LASER VARIANT 460V/60Hz,VARIANTE LASER DICA 460V/60Hz,
VL2362P-00,VE380V/60HZPOMPA EMULSION-RAP 85/05,EMULSION PUMP VARIANT 380V/60Hz,VARIANTE POMPA EMULSIONE 380V/60Hz,
GM0540H-00,VE PER TESTA I 220V/60 HZ,“I” HEAD VARIANT 220V/60 Hz,VARIANTE TESTA “I” 220V/60 Hz,
BR0433N-00,VARIANTI TESTA L/1 440 V/60 HZ,“L/1” HEAD VARIANT 440V/60Hz,VARIANTE TESTA “L/1” 440V/60Hz,
BD5798D-00,VARIANTE TESTA P/A TENS. 220V/50HZ,“P/A” HEAD VARIANT 220V/50Hz,VARIANTE TESTA “P/A” 220V/50Hz,
AY5073U-00,VARIANTI TESTA P/A 440 V/60 HZ,“P/A” HEAD VARIANT 440V/60Hz,VARIANTE TESTA “P/A” 440V/60Hz,
WZ0460S-00,VARIANTI TESTA P/I 380 V/60 HZ,“P/I” HEAD VARIANT 380V/60Hz,VARIANTE TESTA “P/I” 380V/60Hz,
FJ3766K-00,VARIANTI TESTA P/I 440 V/60 HZ,“P/I” HEAD VARIANT 440V/60Hz,VARIANTE TESTA “P/I” 440V/60Hz,
XA0702W-00,VARIANTE TESTA P 10V TENS 220V/60HZ,“P10V” HEAD VARIANT 220V/60Hz,VARIANTE TESTA “P10V” 220V/60Hz,
ML1028R-00,VAR. TENS. 220/60 X TESTA VITE S.F.,WORM HEAD VARIANT 220V/60Hz,VARIANTE TESTA VITE SENZA FINE 220V/60Hz,
DH6056V-00,VARIANTI FK492 3000 440 V/60 HZ,FK492 L=3m VARIANT 440V/60Hz,FK492 VARIANTE L=3m 440V/60Hz,
SU7216T-00,VAR. 220/60 FK499 - RAP 232/01,FK499 ELECTRIC VARIANT 220V/60Hz,FK499 VARIANTE ELETTRICA 220V/60Hz,
HS8234L-00,VARIANTI FK499 480/60,FK499 ELECTRIC VARIANT 480V/60Hz,FK499 VARIANTE ELETTRICA 480V/60Hz,
HN5631Y-00,FK493 380V/60HZ RAP31609,FK493 ELECTRIC VARIANT 380V/60Hz,FK493 VARIANTE ELETTRICA 380V/60Hz,
ZD0495M-00,VE220V. 60HZ - FK493,FK493 ELECTRIC VARIANT 220V/60Hz,FK493 VARIANTE ELETTRICA 220V/60Hz,
SM9648D-00,FK493 VE PER 240 V / 60 HZ R28230,FK493 ELECTRIC VARIANT 240V/60Hz,FK493 VARIANTE ELETTRICA 240V/60Hz,
WS3671L-00,VE 400V/60HZ FK493 VOCO 2803,FK493 ELECTRIC VARIANT 400V/60Hz,FK493 VARIANTE ELETTRICA 400V/60Hz,
RW0966H-00,VE 460/60 FK493 -RAP 316/03,FK493 ELECTRIC VARIANT 460V/60Hz,FK493 VARIANTE ELETTRICA 460V/60Hz,
MY4695A-00,VARIANTI EVA. TRUCIOLI X2 V.220/50,X2 CHIP EXTRACTOR VARIANT 220V/50Hz,X2 VARIANTE EVACUATORE TRUCIOLI 220V/50Hz,
XP2337L-00,VARIANTI SEGARICE X2 V. 220/50,X2 ELECTRIC VARIANT 220V/50Hz,X2 VARIANTE ELETTRICA 220V/50Hz,
KM3855J-00,VARIANTI CAR.FASCIO X2 V.220/50,X2 BUNDLE LOADER VARIANT 220V/50Hz,X2 VARIANTE CARICATORE FASCIO 220V/50Hz,
EG3407X-00,VARIANTI TESTA SAM X2 V.220/50,X2 “BRASS” HEAD VARIANT 220V/50Hz,X2 VARIANTE TESTA “SAM” 220V/50Hz,
BDV67317-00,ADATTATORI CAVO 4.0MMQ O AZIONAM. 18A,4mm² CABLE ADAPTERS OR 18A DRIVE,ADATTATORI CAVO 4mm² O AZIONAMENTO 18A,
ENT16403-00,ADATTATORI CAVO 6MM O AZIONAM. 30A,6mm² CABLE ADAPTERS OR 18A DRIVE,ADATTATORI CAVO 6mm² O AZIONAMENTO 30A,
RM2385D-00,KIT INSTALLAZIONE FAFIL RANIDAZN,FAFIL KIT “RANIDAZN”,FAFIL KIT INSTALLAZIONE “RANIDAZN”,
MC3008N-00,KIT MOD. CANNOTTO ASSE Z FAFIL,FAFIL “Z” AXIS QUILL MODIFICATION KIT,FAFIL KIT MODIFICA CANNOTTO ASSE “Z”,
YZ5806B-00,KIT MORSA AUTOCENTRANTE FAFIL,FAFIL SELF-CENTRING CLAMP KIT,FAFIL KIT MORSA AUTOCENTRANTE,
BR3634L-00,KIT RICAMBI FAFIL GOS+ (CZ),FAFIL SPARE PARTS “GOS(CZ)”,FAFIL KIT RICAMBI “GOS(CZ)”,
WH8790E-00,LAY-OUT FAFIL GOGUCEL,FAFIL LAYOUT ““GOGUCEL”,FAFIL LAYOUT ““GOGUCEL”,
BM3214J-00,FAFIL IMP. LAY OUT COCIZK CUVIF,FAFIL LAYOUT “COCIZK CUVIF”,FAFIL LAYOUT “COCIZK CUVIF”,
BF8278T-00,FAFIL IMP. LAY OUT TIRUFOGK,FAFIL LAYOUT “TIRUFOGK”,FAFIL LAYOUT “TIRUFOGK”,
LJ3463F-00,FAFIL IMP. LAY OUT VIFIMONA,FAFIL LAYOUT “VIFIMONA”,FAFIL LAYOUT “VIFIMONA”,
BL4436M-00,LAY-OUT FAFIL LASAVOS,FAFIL LAYOUT “LASAVOS”,FAFIL LAYOUT “LASAVOS”,
JH7093N-00,LAY-OUT FAFIL FUC MECCANICA,FAFIL LAYOUT “FUC MECCANICA”,FAFIL LAYOUT “FUC MECCANICA”,
FT7461W-00,FAFIL IMP. LAY OUT RISECUV,FAFIL LAYOUT “RISECUV”,FAFIL LAYOUT “RISECUV”,
EV4288B-00,LAY-OUT FAFIL PINOBUT,FAFIL LAYOUT “PINOBUT”,FAFIL LAYOUT “PINOBUT”,
BU6590M-00,LAY-OUT FAFIL SOVE,FAFIL LAYOUT “SOVE”,FAFIL LAYOUT “SOVE”,
UL0431V-00,LAY-OUT FAFIL KUN,FAFIL LAYOUT “KUN”,FAFIL LAYOUT “KUN”,
AA1196L-00,LAY-OUT FAFIL DAKUCUTU,FAFIL LAYOUT “DAKUCUTU”,FAFIL LAYOUT “DAKUCUTU”,
KH6490F-00,FAFIL IMP. LAY OUT LEF-DUK,FAFIL LAYOUT “LEF-DUK”,FAFIL LAYOUT “LEF-DUK”,
TV6566F-00,FAFIL IMP. LAY OUT MIBUMN,FAFIL LAYOUT “MIBUMN”,FAFIL LAYOUT “MIBUMN”,
ET5084K-00,RIPRISTINO FAFIL KUZIGIL (RSA),FAFIL RESTORE “KUZIGIL (RSA)”,FAFIL RIPRISTINO “KUZIGIL (RSA)”,
ULB11512-00,FAFIL TUBO CARRELLO DI SCARICO,FAFIL TUBE UNLOADING CARRIAGE,,
KLM59329-00,FAFIL TUBO MANDRINO MOBILE,FAFIL TUBE MOBILE SPINDLE,,
JCA76007-00,FAFIL TUBO MANDRINO SINISTRO,FAFIL TUBO LEFT SPINDLE,,
LD4718N-00,FAFIL TUBO MANDRINO SINISTRO V.5,FAFIL TUBE LEFT SPINDLE V5,FAFIL TUBO MANDRINO SINISTRO V5,
TDP26979-00,FAFIL TUBO MORSETTA CARR. SCARICO,FAFIL TUBE UNLOADER CARRIAGE JAW,FAFIL TUBO MORSETTA CARRELLO DI SCARICO,
TA7677W-00,FAFIL2 GRUPPO CUFFIA MANDRINO,FAFIL2 GR. SPINDLE BOOT,,
RZ5787A-00,KIT MOVIM. INDIETRO NASTRO FAFIL 2,FAFIL2 BELT BACK MOVEMENT KIT,FAFIL2 KIT MOVIMENTAZIONE INDIETRO NASTRO,
VZ7147B-00,KIT PRONTO INTERVENTO FAFIL 2,FAFIL2 ZK489 EMERGENCY KIT,FAFIL2 KIT PRONTO INTERVENTO,
AD9114V-00,KIT RICAMBI FAFIL 2 LAMIERA,FAFIL2 SHEET METAL SPARE PARTS,FAFIL2 KIT RICAMBI LAMIERA,
DN4932W-00,ATTREZ.MONTAGGIO CARICATORE BARRE,BAR LOADER ASSEMBLY EQUIPMENT,ATTREZZATURA MONTAGGIO CARICATORE BARRE,
ZVT14819-00,WZ02 - ANTIROTAZIONE MISURA V1/V2/V3/V4,WZ02 ANTIROTATION MEASURING V1-V2-V3-V4,WZ02 ANTIROTAZIONE MISURA V1-V2-V3-V4,
RTF37675-00,WZ02 - ANTIROTAZIONE MISURA V5/V6,WZ02 ANTIROTATION MEASURING V5-V6,WZ02 ANTIROTAZIONE MISURA V5-V6,
MS8731D-00,WZ02 ATTREZZATURE MONTAGGIO,WZ02 ASSEMBLY EQUIPMENT,,
FUN49563-00,WZ02 - BACKUP HD HT2000,WZ02 BACKUP HD HT2000,WZ02 BACKUP HD HT2000,
HP3003X-00,WZ02 - BLOCCO ROT CILINDRO BLOC,WZ02 ROTATION BLOCK CLAMPING CYLINDER,WZ02 BLOCCO ROTAZIONE CILINDRO BLOCCAGGIO,
CY0621A-00,WZ02 BOCCOLA X BLOCCO ROTAZIONE V3,WZ02 ROTATION BLOCK BUSHING V3,WZ02 BOCCOLA BLOCCO ROTAZIONE V3,
JVC70367-00,WZ02 - COMPL. PRESSOSTATO TBH460,WZ02 “TBH460” PRESSURE SWITCH COMPLEMENT,WZ02 COMPLEMENTO PRESSOSTATO “TBH460”,
CMM83748-00,WZ02 - ESTRATTORE ZIDET MOV. STELLA,WZ02 STAR MOVEMENT GEAR EXTRACTOR,WZ02 ESTRATTORE ZIDET MOVIMENTO STELLA,
XZP49215-00,WZ02 - FOTOCELLULA SCARICO UTILI,WZ02 PHOTOCELL USEFUL PARTS UNLOADING,WZ02 FOTOCELLULA SCARICO PEZZI UTILI,
WC2320N-00,WZ02 - KIT CONTENIMENTO LUBRO,WZ02 LUBRICATION CONTAINMENT KIT,WZ02 KIT CONTENIMENTO LUBRIFICAZIONE,
UXB49533-00,WZ02-KIT ZIDET CON CALETTATORE,WZ02 GEAR WITH LOCKING DEVICE KIT,WZ02 KIT ZIDET CON CALETTATORE,
HHR25594-00,KIT CUCCHIAIO WZ02 LUNGO ALLEGGERITO,WZ02 LONG LIGHTWEIGHT TUBE CLEANER KIT,WZ02 KIT CUCCHIAIO LUNGO ALLEGGERITO,
TW4837F-00,WZ02 - KIT CUCCHIAIO PMC600,WZ02 PMC600 TUBE CLEANER KIT,WZ02 KIT CUCCHIAIO PMC600,
MF2261U-00,WZ02-KIT EMULS. X PULIZIA TESTA HM,WZ02 “HM” HEAD CLEANING EMULSION KIT,WZ02 KIT EMULSIONE PER PULIZIA TESTA “HM”,
LE4443S-00,WZ02 - KIT ESTRATTORE UTILI,WZ02 USEFUL PARTS EXTRACTOR KIT,WZ02 KIT ESTRATTORE UTILI,
VJ9861G-00,WZ02 - KIT FRENO BLOCCAGGIO VR1,WZ02 BRAKE LOCKING KIT V1,WZ02 KIT FRENO BLOCCAGGIO V1,
AV4772G-00,WZ02 - KIT LAVAGGIO R+W,WZ02 R+W WASHING KIT,WZ02 KIT LAVAGGIO R+W,
MH5168J-00,WZ02 - KIT MODIFICA VITE BANCO,WZ02 BENCH SCREW MODIFICATION KIT,WZ02 KIT MODIFICA VITE BANCO,
VXU-01448,wz02 - kit morsa inferiore,WZ02 LOWER CLAMP KIT,WZ02 KIT MORSA INFERIORE,
BVU51045-00,WZ02 - KIT MORSA INFERIORE CARR. ALIMENT,WZ02 FEEDING CARRIAGE LOWER CLAMP KIT,WZ02 KIT MORSA INFERIORE CARRELLO ALIMENTAZIONE,
KW6896R-00,WZ02 - KIT PROTEZIONI TUBI DELICATI,WZ02 DELICATE TUBES PROTECTIONS KIT,WZ02 KIT PROTEZIONI TUBI DELICATI,
CGR34790-00,WZ02 - KIT REVISIONE ALBERO BLOCC ROT V3,WZ02 ROTATION BLOCK SHAFT V3 OVERHAUL,WZ02 KIT REVISIONE ALBERO BLOCCO ROTAZIONE V3,
RLL00999-00,WZ02 - KIT REVISIONE FRENO BLOCC ROT V3,WZ02 ROTATION BLOCK BRAKE V3 OVERHAUL,WZ02 KIT REVISIONE FRENO BLOCCO ROTAZIONE V3,
HD3490F-00,WZ02-KIT RICAMBI CERUT,WZ02 SPARE PARTS “CERUT”,WZ02 KIT RICAMBI “CERUT”,
GP6681H-00,WZ02-KIT RICAMBI MAKI,WZ02 SPARE PARTS “MAKI”,WZ02 KIT RICAMBI “MAKI”,
BH1160V-00,WZ02-KIT RICAMBI FIERA,WZ02 SPARE PARTS FAIR,WZ02 KIT RICAMBI FIERA,
YH8868V-00,WZ02 - KIT RID PRESS FRENO,WZ02 BRAKE PRESSURE REDUCTION KIT,WZ02 KIT RIDUZIONE PRESSIONE FRENO,
SU0550A-00,WZ02 - KIT RIPR BOCCOLE BLOC ROT V2,WZ02 ROTATION BLOCK BUSHING V2 RESTORE,WZ02 KIT RIPRISTINO BOCCOLE BLOCCO ROTAZIONE V2,
EA3534M-00,WZ02 - KIT SOST BLOCCO ROTAZ LADECAN,WZ02 ROTATION BLOCK REPLACEMENT “LADECAN”,WZ02 KIT SOSTITUZIONE BLOCCO ROTAZIONE “LADECAN”,
HX9382A-00,WZ02 - SOST BLOCCO ROTAZ POPA,WZ02 ROTATION BLOCK REPLACEMENT “POPA”,WZ02 KIT SOSTITUZIONE BLOCCO ROTAZIONE “POPA”,
HN6845K-00,WZ02 - KIT SOST BLOCCO ROTAZ VR03,WZ02 ROTATION BLOCK V3 REPLACEMENT KIT,WZ02 KIT SOSTITUZIONE BLOCCO ROTAZIONE V3,
NYF96457-00,WZ02 - KIT SOSTIT BOCCOLE BLOCCO ROT V1,WZ02 ROTATION BLOCK BUSHING V1 REPLACEM.,WZ02 KIT SOSTITUZIONE BOCCOLE BLOCCO ROTAZIONE V1,
HPL93377-00,WZ02 - SOST. UNITA' MANDRINO PREMONTATA,WZ02 PRE-ASSEMBLED SPINDLE REPLACEM. KIT,WZ02 KIT SOSTITUZIONE UNITÀ MANDRINO PREMONTATA,
EA6993H-00,WZ02 - KIT SUPPORTO MATITA MISURA,WZ02 MEASUREMENT PENCIL HOLDER KIT,WZ02 KIT SUPPORTO MATITA MISURA,
LR7089S-00,WZ02 KIT TAMPONE MISURA,WZ02 MEASURING BUFFER KIT,,
JA3539P-00,WZ02 - KIT TESTA HM COMPLETA,WZ02 COMPLETE “HM” HEAD KIT,WZ02 KIT TESTA “HM” COMPLETA,
CGY85526-00,WZ02 - KIT TESTA HM COMPLETA MIREVOP,WZ02 COMPLETE “HM” HEAD KIT “MIREVOP”,WZ02 KIT TESTA “HM” COMPLETA “MIREVOP”,
YB7229Z-00,KT TESTA P WZ02,WZ02 “P” HEAD KIT,WZ02 KIT TESTA “P”,
HS5051A-00,WZ02 - KIT UNIT? LAVORAZIONE,WZ02 PROCESSING UNITS KIT,WZ02 KIT UNITÀ LAVORAZIONE,
TX8595Z-00,WZ02-KIT VASCHE EMULS. BASAMENTO,WZ02 BASE EMULSION TANK KIT,WZ02 KIT VASCHE EMULSIONE BASAMENTO,
FM8584C-00,WZ02 - KIT VETRI TEMPRATI,WZ02 TEMPERED GLASS KIT,WZ02 KIT VETRI TEMPRATI,
DSN60543-00,WZ02 - LUBRIFICAZIONE TBH460,WZ02 “TBH460” LUBRICATION,WZ02 LUBRIFICAZIONE “TBH460”,
XD9720B-00,WZ02 - MODIFICHE KUKOVS,WZ02 MODIFICATIONS “KUKOVS”,WZ02 MODIFICHE “KUKOVS”,
PYV28308-00,WZ02-POMPA NASTRO TRUCIOLI - ROTOTAMBURO,WZ02 ROTARY CHIP BELT PUMP,WZ02 POMPA NASTRO TRUCIOLI ROTOTAMBURO,
UJ6184Y-00,WZ02-REG.PRESSIONE CUCCHIAIO SCAR.,WZ02 PRESSURE ADJUSTMENT TUBE CLEANER,WZ02 REGOLAZIONE PRESSIONE CUCCHIAIO SCARICO,
TNN42792-00,WZ02 - RIDUTTORE SIMULATORE TBH460,WZ02 SIMULATOR REDUCER “TBH460”,WZ02 RIDUTTORE SIMULATORE “TBH460”,
NB9630S-00,WZ02 - RIDUTTORE XP20 ASSE X,WZ02 XP20 “X” AXIS REDUCER,WZ02 RIDUTTORE XP20 ASSE “X”,
WD2469D-00,WZ02 SPINA X BLOCCO ROTAZIONE V3,WZ02 ROTATION BLOCK PIN V3,WZ02 SPINA PER BLOCCO ROTAZIONE V3,
KUW05070-00,WZ02 - STACCO TESTA V1,WZ02 HEAD DETACHMENT V1,WZ02 STACCO TESTA V1,
JC1293Z-00,WZ02 - VALVOLA SEPARATORE UTILI,WZ02 USEFUL PARTS SEPARATOR VALVE,WZ02 VALVOLA SEPARATORE UTILI,
VJB56027-00,FG02/WZ02 CONTROLLO ALIMENT. VENTOLE,WZ02/FG02 FAN POWER CONTROL,WZ02/FG02 CONTROLLO ALIMENTAZIONE VENTOLE,
YU7391A-00,CAR COMPACT 12500 - MOD. TRASM. Y + AMM.,"COMPACT LOAD.-12,5m TRANSM.“Y”+SHOCK ABS","CARICATORE COMPACT L=12,5m - MODIFICA TRASMISSIONE“Y”+AMMORTIZZATORE",
BB0938T-00,CAR COMPACT 6500 - MOD. TRASM. Y + AMM.,"COMPACT LOAD.-6,5m TRANSM.“Y”+SHOCK ABS.","CARICATORE COMPACT L=6,5m - MODIFICA TRASMISSIONE“Y”+AMMORTIZZATORE",
KH8733W-00,CAR COMPACT 8500 - MOD. TRASM. Y + AMM.,"COMPACT LOAD.-8,5m TRANSM.“Y”+SHOCK ABS.","CARICATORE COMPACT L=8,5m - MODIFICA TRASMISSIONE“Y”+AMMORTIZZATORE",
SN3006H-00,CARTER MAGGIORATO MOTORE LAMA,ENLARGED BLADE MOTOR CASING KIT,KIT CARTER MAGGIORATO MOTORE LAMA,
YK5731F-00,CASSETTO CON LENTE SONEPEDER FF175,LENS HOLDER BOX SONEPEDER FF175,,
PS7018L-00,CASSETTO CON LENTE SONEPEDER FF200,LENS HOLDER BOX SONEPEDER FF200,,
ZHC81212-00,CASS.PORTALENTE SONEPEDER FF175 MONTATO,LENS HOLDER BOX SONEPEDER FF175 MOUNTED,CASSETTO PORTALENTE SONEPEDER FF175 MONTATO,
EL4132C-00,CAVO ADATTAMENTO ENCODER TESTA SOCIFEFIGT.,SOCIFEFIGT HEAD ENCODER ADAPTER CABLE,CAVO ADATTAMENTO ENCODER TESTA SOCIFEFIGT,
VX5618C-00,CAVO SOST. DA 6930003214,CABLE REPLACED BY 6930003214,CAVO SOSTITUITO DA 6930003214,
DP1849T-00,CIL.LEVE DI CARICO /65,LOADING LEVERS CYLINDER /65,CILINDRO LEVE DI CARICO /65,
AM7925U-00,KIT MOD. CICLO SICUR.RIPARI GF829,GF829 CYCLE MODIFICAT. KIT SAFETY GUARDS,GF829 KIT MODIFICA CICLO SICUREZZA RIPARI,
YU2616W-00,KIT MOD. FC CARRELLO ALIMENT. GF829,GF829 CARRIAGE FEEDING LIMIT SWITCH KIT,GF829 KIT MODIFICA FINECORSA CARRELLO ALIMENTAZIONE,
CN5955R-00,KIT MOD. SUPPORTO PIANALE GF829,GF829 FLATBED SUPPORT MODIFICATION KIT,GF829 KIT MODIFICA SUPPORTO PIANALE,
SLP11391-00,GF823 - KIT DOPPIO FC SICUREZZA,GF823 DOUBLE SAFETY LIMIT SWITCH KIT,GF823 KIT DOPPIO FINECORSA SICUREZZA,
US3887H-00,KIT SOST.TUBI IDR. CANALINE GF823,GF823 DUCTS HYDRAULIC TUBES REPLACEMENT,GF823 KIT SOSTITUZIONE TUBI IDRAULICI CANALINE,
MSA22646-00,GF823 - KIT UNITA BASE UNIVERSALE,GF823 UNIVERSAL BASE UNIT KIT,GF823 KIT UNITÀ BASE UNIVERSALE,
FV4275Z-00,GF823 L=600 - SOST. TUBI EMULSIONE,GF823/422 EMULSION TUBES REPLACEMENT,GF823/422 SOSTITUZIONE TUBI EMULSIONE,
NR3913D-00,GF823 VEVOCAR RIC. CONSIGLIATI,GF823 RECOMMENDED SPARE PARTS “VEVOCAR”,GF823 RICAMBI CONSIGLIATI “VEVOCAR”,
RN1848V-00,GF823/422 GR. CIL. SOSTEGNO TESTA,GF823/422 HEAD SUPPORT CYLINDER,GF823/422 GR. CILINDRO SOSTEGNO TESTA,
HL4025U-00,GF823/422 SOSTITUZ. PULEGGE TESTA P,GF823/422 “P” HEAD PULLEYS REPLACEMENT,GF823/422 SOSTITUZIONE PULEGGE TESTA “P”,
WX6303T-00,GF893 KIT GR. TESTA A SFACCIARE,GF893 FACING HEAD KIT,GF893 KIT TESTA A SFACCIARE,
JS7571D-00,GF893 T.SFACC. USARE 9700000006,GF893 FACING HEAD KIT USE 9700000006,GF893 TESTA A SFACCIARE USARE 9700000006,
JH5160A-00,KIT CIL.IDR. CARICATORE BARRE GF429,GF429 HYDRAULIC CYLINDER KIT BAR LOADER,GF429 KIT CILINDRO IDRAULICO CARICATORE BARRE,
NB8566F-00,KIT CILINDRO LEVE CAR. BARRE GF429,GF429 LEVERS CYLINDER KIT BAR LOADER,GF429 KIT CILINDRO LEVE CARICATORE BARRE,
EH8088Z-00,KIT SOST.RIDUTTORE CAR.BARRE GF429,GF429 BAR LOADER REDUCER REPLACEMENT KIT,GF429 KIT SOSTITUZIONE RIDUTTORE CARICATORE BARRE,
SP6805J-00,GF429 P.M. X BIBARRA - NO - PRISMI,GF429 TWO-BAR MECHANICAL PART-NO PRISMS,GF429 PARTE MECCANICA PER BIBARRA - NO PRISMI,
NZ8446M-00,KT RICAMBI SASIGI GF423 AL,GF423-ALUMINIUM SPARE PARTS “SASIGI”,GF423-ALLUMINIO KIT RICAMBI “SASIGI”,
KT8700J-00,GF423 KIT RICAMBI SASIGI,GF423 SPARE PARTS “SASIGI”,GF423 KIT RICAMBI “SASIGI”,
FY1604E-00,KIT RICAMBI CONSIGLIATI GF423,GF423 RECOMMENDED SPARE PARTS,GF423 KIT RICAMBI CONSIGLIATI,
WF6399S-00,SIMULATORE COLLAUDO CP3060P,CP3060P TESTING SIMULATOR,CP3060P SIMULATORE COLLAUDO,
UN9040X-00,CP6020 MODIFICA ENCODER,CP6020 ENCODER MODIFICATION,,
JG0788K-00,DISTINTA ATTREZZI TECNICI SAT,LIST OF TECHNICAL TOOLS SAT,,
ZA0592H-00,FG02 - ALIMENTAZIONE ROTAZ. LAMA,FG02 BLADE ROTATION POWER SUPPLY,FG02 ALIMENTAZIONE ROTAZIONE LAMA,
AR9245Y-00,FG02 GR. ASSE LAV. RADIALI,FG02 RADIAL PROCESSING AXIS,FG02 ASSE LAVORAZIONI RADIALI,
HPE22754-00,FG02 - ATTREZZAT MONTAGGIO U. FORATURA,FG02 DRILLING UNIT ASSEMBLY EQUIPMENT,FG02 ATTREZZATURA MONTAGGIO UNITÀ FORATURA,
ZHM52355-00,FG02 - ATTREZZATURA RODAGGIO TESTINE CN,FG02 “CN” HEAD RUN-IN EQUIPMENT,FG02 ATTREZZATURA RODAGGIO TESTINE “CN”,
DJ0010D-00,FG02 - CILINDRO PRESSORE,FG02 PRESSER CYLINDER,FG02 CILINDRO PRESSORE,
JM9002N-00,FG02 COMANDO ELETTROSERRATURE,FG02 ELECTROMECHANICAL LOCK CONTROL,,
KX1629F-00,FG02-KIT BORING SPACER,FG02 KIT BORING SPACER,FG02 KIT BORING SPACER,
UG9540W-00,FG02 - KT CIL INF PRESSORE CARICO,FG02 LOWER CYLINDER LOAD PRESSER KIT,FG02 KIT CILINDRO INFERIORE PRESSORE CARICO,
SK7254G-00,FG02 - KIT DOPPIO FC SICUREZZA,FG02 DOUBLE SAFETY LIMIT SWITCH KIT,FG02 KIT DOPPIO FINECORSA SICUREZZA,
AR7849J-00,FG02-KIT GUARN.RASCHIAOLIO OS085FPR,FG02 OIL SCRAPER SEAL KIT OS085FPR,FG02 KIT GUARNIZIONI RASCHIAOLIO OS085FPR,
BE3481N-00,FG02 - KT MORSA CORTA DX L=600,FG02 SHORT RIGTH CLAMP L=600mm KIT,FG02 KIT MORSA CORTA DESTRA L=600,
AS2613A-00,FG02 - KIT GRUPPO MORSA CORTA L=600,FG02 SHORT CLAMP L=600mm KIT,FG02 KIT MORSA CORTA L=600,
PH7751D-00,FG02 - KT MORSA CORTA SX L=600,FG02 SHORT LEFT CLAMP L=600mm KIT,FG02 KIT MORSA CORTA SINISTRA L=600,
FC6328X-00,FG02 - KT MORSA DX BANCO VR.1-5,FG02 RIGHT BENCH CLAMP KIT V1-V5,FG02 KIT MORSA DESTRA BANCO V1-V5,
FU3158T-00,FG02 - KT MORSA SX BANCO VR.1-5,FG02 LEFT BENCH CLAMP KIT V1-V5,FG02 KIT MORSA SINISTRA BANCO V1-V5,
AX4526Z-00,FG02 - KIT NASTRO PEZZI UTILI,FG02 USEFUL PARTS BELT KIT,FG02 KIT NASTRO PEZZI UTILI,
XR3092W-00,FG02-KIT RICAMBI MAVIGIROT,FG02 SPARE PARTS “MAVIGIROT”,FG02 KIT RICAMBI “MAVIGIROT”,
MH2172V-00,KIT RICAMBI FIERA FG02,FG02 SPARE PARTS FAIR,FG02 KIT RICAMBI FIERA,
WS3052J-00,KIT RIPRISTINO BLOCCO ROT FG02,FG02 ROTATION BLOCK RESTORE KIT,FG02 KIT RIPRISTINO BLOCCO ROTAZIONE,
DK0856N-00,KIT RIPRISTINO TESTA 5KW FG02,FG02 5kW HEAD RESTORE KIT,FG02 KIT RIPRISTINO TESTA 5kW,
DU5955E-00,KIT RIPRISTINO TESTA 9KW FG02,FG02 9kW HEAD RESTORE KIT,FG02 KIT RIPRISTINO TESTA 9kW,
HH1357U-00,FG02 - KIT RIPRISTINO TESTE CN CUF,FG02 “CN CUF” HEAD RESTORE KIT,FG02 KIT RIPRISTINO TESTE “CN CUF”,
CG1698F-00,FG02 - KIT SCIVOLO PNEUMATICO,FG02 PNEUMATIC CHUTE KIT,FG02 KIT SCIVOLO PNEUMATICO,
LB7676K-00,FG02 - KIT TESTA CN CUF,FG02 “CN CUF” HEAD KIT,FG02 KIT TESTA “CN CUF”,
EBY78827-00,FG02 - KIT TESTE A FRESARE TFS23515,FG02 TFS23515 FACING HEAD KIT,FG02 KIT TESTE A FRESARE TFS23515,
KS3775J-00,KIT TESTINA CN FG02,FG02 “CN” HEAD KIT,FG02 KIT TESTINA “CN”,
BA6988A-00,FG02 - KIT TRUCIOLO LIBUDUT,FG02 CHIP KIT “LIBUDUT”,FG02 KIT TRUCIOLO “LIBUDUT”,
FX0343J-00,FG02 - KIT UNITA BASE UNIVERSALE,FG02 UNIVERSAL BASE UNIT KIT,FG02 KIT UNITÀ BASE UNIVERSALE,
CLX20328-00,FG02 - LUBR CON GUARNIZIONE TESTA CN CUF,FG02 “CN CUF” HEAD LUBRICATION W SEAL,FG02 LUBRIFICAZIONE CON GUARNIZIONE TESTA “CN CUF”,
DU1488S-00,FG02 - MICROLUBRIFICAZIONE ILC,FG02 “ILC” MICRO-LUBRICATION,FG02 MICROLUBRIFICAZIONE “ILC”,
BB7413B-00,FG02 - MODIFICA CATENA CABINA,FG02 BOOTH CHAIN MODIFICATION,FG02 MODIFICA CATENA CABINA,
YTY11424-00,FG02 - MOVIMENTO TESTA CN CUF,FG02 “CN CUF” HEAD MOVEMENT,FG02 MOVIMENTO TESTA “CN CUF”,
UF1221V-00,FG02 - PORTA DX RABINK,FG02 RIGHT DOOR “RABINK”,FG02 PORTA DESTRA “RABINK”,
FYV16418-00,FG02 - RIPRISTINO CN CUF MONTATE SI BILAN,FG02 “CN CUF” HEAD RESTORE W ROCKER ARM,FG02 RIPRISTINO TESTE “CN CUF” MONTATE CON BILANCIERE,
HLR88413-00,FG02 - RIPRISTINO CN CUF MONTATE NO BILAN,FG02 “CN CUF” HEAD RESTORE W/O ROCKER ARM,FG02 RIPRISTINO TESTE “CN CUF” MONTATE SENZA BILANCIERE,
ZNG19034-00,FG02 - SCORTA MATERIALI RISPRIST. CN CUF,FG02 “CN CUF” HEAD RESTORE MATERIAL STOCK,FG02 RIPRISTINO TESTE “CN CUF” SCORTA MATERIALI,
KBS-61310,FG02 - TESTA CN CUF BOCCOLE BRONZO,FG02 “CN CUF” HEAD BRONZE BUSHINGS,FG02 TESTA “CN CUF” BOCCOLE BRONZO,
RVC37682-00,FG02 - TESTA CN CUF SINGOLA,FG02 SINGLE “CN CUF” HEAD,FG02 TESTA “CN CUF” SINGOLA,
EB7058E-00,FG02 - TESTA CN CUF VR02,FG02 “CN CUF” HEAD V2,FG02 TESTA “CN CUF” V2,
MG1662J-00,FG02 TRASFORMATORE CONDIZIONATORE,FG02 AIR CONDITIONER TRANSFORMER,,
WSM01398-00,ENCODER DDM ASSE C,“C” AXIS DDM ENCODER,ENCODER DDM ASSE “C”,
UTR14540-00,FILTRO AZOTO,NITROGEN FILTER,,
GV7600S-00,FOTOBARR. GRANDI ( 78-79) SERVE MO,LARGE LIGHT CURTAINS (78-79) NEED MO,FOTOBARRIERE GRANDI ( 78-79) SERVE MO,
KV8179E-00,FOTOBARR. PICCOLE (85 -86) SERVE MO,SMALL LIGHT CURTAINS (85 -86) NEED MO,FOTOBARRIERE PICCOLE (85 -86) SERVE MO,
CC5406E-00,GR.ESTRATTORE SENZA TRASLATORE,EXTRACTOR WITHOUT CONVEYOR,,
FS9218U-00,#GR.TESTA SOCIFEFIGT TC+SC,TC+SC SOCIFEFIGT HEAD,GR.TESTA SOCIFEFIGT TC+SC,
VN4898C-00,INT.CARICATORI PROT.E 1? SERIE,PROTOTYPE-1° SERIES LOADERS INTEGRATION,INTEGRAZIONE CARICATORI PROTOTIPO E 1° SERIE,
FZ5807F-00,INTERFACCIA SORGENTI YLR1000 Y14 - Y11,YLR1000 Y14 Y11 SOURCE INTERFACE,INTERFACCIA SORGENTI YLR1000 Y14 Y11,
EE2255V-00,NOZUT CAVO GIDEZARE,NOZUT GIDEZARE CABLE,,
VNN56591-00,NOZUT - CENTRAGGIO UGELLO ASS,NOZUT NOZZLE CENTERING ASSISTED,NOZUT CENTRAGGIO UGELLO ASSISTITO,
FKH0709-00,"NOZUT-EV PROPORZ. 3/8""",NOZUT PROPORTIONING SOLENOID VALVE 3/8”,NOZUT ELETROVALVOLA PROPORZIONALE 3/8”,
YED23997-00,NOZUT-ESSICCATORE KA4,NOZUT DRYER KA4,NOZUT ESSICCATORE KA4,
MCC71922-00,NOZUT-FILETTATURA METRICA ESTESA,NOZUT METRIC EXTENDED THREAD,NOZUT FILETTATURA METRICA ESTESA,
WDV65340-00,KIT CAVO GIDEZARE NOZUT,NOZUT GIDEZARE CABLE KIT,NOZUT KIT CAVO GIDEZARE,
HZ1415C-00,NOZUT - KT FRIZIONE MANDRINO,NOZUT SPINDLE CLUTCH KIT,NOZUT KIT FRIZIONE MANDRINO,
AVF18329-00,NOZUT - KIT PIASTRIA VALV BIL,NOZUT BALANCING VALVE PLATE KIT,NOZUT KIT PIASTRA VALVOLA BILANCIAMENTO,
BAK27953-00,KIT POMPA ALTA PRESSIONE NOZUT,NOZUT HIGH PRESSURE PUMP KIT,NOZUT KIT POMPA ALTA PRESSIONE,
RR2199A-00,KIT RICAMBI NOZUT-SL,NOZUT SPARE PARTS,NOZUT KIT RICAMBI,
CZ2911T-00,KIT RICAMBI CONSIGLIATI NOZUT,NOZUT RECOMMENDED SPARE PARTS,NOZUT KIT RICAMBI CONSIGLIATI,
BUJ44387-00,NOZUT KIT RICAMBIO SENSORE RIC.SALDAT.,NOZUT WELD SEARCH SENSOR SPARE PART,NOZUT KIT RICAMBIO SENSORE RICERCA SALDATURA,
YP0370M-00,KIT SPECCHIO ELLITTICO NOZUT,NOZUT ELLIPTICAL MIRROR KIT,NOZUT KIT SPECCHIO ELLITTICO,
KL8367A-00,NOZUT-PROTEZ.RIFL.GRIGLIE MANDRINI,NOZUT SPINDLE GRIDS REFLECTION PROTECT.,NOZUT PROTEZIONE RIFLESSO GRIGLIE MANDRINI,
MNB54731-00,NOZUT-SOFFIETTO COMPENSAZIONE VERTICALE,NOZUT BELLOWS VERTICAL COMPENSATION,NOZUT SOFFIETTO COMPENSAZIONE VERTICALE,
ZW4317V-00,KIT,KIT,,
UG8655R-00,KIT AGGIORN.ALIMENTATORE 20A,20A POWER SUPPLY UPGRADE KIT,KIT AGGIORNAMENTO ALIMENTATORE 20A,
UK0598R-00,KIT AGGIORNAMENTO BANCO IN LINEA,IN-LINE UNLOADING BENCH UPGRADE KIT,,
AG3893S-00,KT AGGIORNAMENTO CARICATORE,LOADER UPGRADE KIT,KIT AGGIORNAMENTO CARICATORE,
NP1709A-00,KIT AGGIUNTA DOTAZIONE TECNICI LAS.,KIT ADDITION EQUIPMENT LASER TECHNICIANS,KIT AGGIUNTA DOTAZIONE TECNICI LASER,
SD2292W-00,KIT ALBERO CAMBIO UTENSILE,TOOL CHANGE SHAFT KIT,,
YW1077R-00,KIT ALL.MANDRINI USARE 9700000003,SPINDLE ALIGNMENT KIT USE 9700000003,KIT ALLINEAMENTO MANDRINI USARE 9700000003,
RM8256T-00,KIT ALLINEAMENTO TUBI PULITI,TUBE CLEANER ALIGNMENT KIT,,
VW4701M-00,KIT ARMADIO PNEUM.ROKODEV,PNEUMATIC CABINET KIT “ROKODEV”,KIT ARMADIO PNEUMATICO “ROKODEV”,
VU3336R-00,KIT ASPIRAZIONE MIGLIORATA,IMPROVED SUCTION KIT,,
PV8173T-00,KIT ASSISTENZA MANDR.9575900260 V.4,SPINDLE SERVICE 9575900260-04 KIT,KIT ASSISTENZA MANDRINO 9575900260-04,
DD9855M-00,KIT ATREZZATURA CENTRAGGIO LAV.,CENTERING PROCESSING EQUIPMENT KIT,KIT ATTREZZATURA CENTRAGGIO LAVORAZIONI,
LH7408Z-00,KIT ATTREZZ. TELECAMERE DI SUPERVISIONE,SUPERVISORY CAMERA EQUIPMENT KIT,KIT ATTREZZATURA TELECAMERE DI SUPERVISIONE,
AS0773Y-00,KT BATT.ENC WIFI VEDI MM03 MPXT,WIFI ENCODER FEED. BATTERY KIT MM03 MPXT,KIT BATTERIA ENCODER WIFI MM03 MPXT,
HP6536B-00,KIT CAMBIO MOTORE. ASC.PZ. CORTI,SHORT PARTS LIFT MOTOR CHANGE KIT,KIT CAMBIO MOTORE ASCENSORE PEZZI CORTI,
XK0896M-00,KIT CARRELLO BASE,BASIC CARRIAGE KIT,,
NZ1747G-00,KIT CARRELLO ELETTRICISTA,ELECTRICIAN'S CARRIAGE KIT,,
MF4595R-00,KIT CARRELLO MECCANICO,MECHANICAL CARRIAGE KIT,,
FR5378N-00,KIT CAVI FEVEFARUZI TUBULARES SA de CV,CABLE KIT “FEVEFARUZI TUBULARES”,KIT CAVI “FEVEFARUZI TUBULARES”,
HW4957S-00,KIT CAVI DEZ DEUTSCHLAND,CABLE KIT DEZ DEUTSCHLAND,,
HZ1099M-00,KT CEDIM.ORIZ. RULLIERA SCARICO,"HORIZ. ROLLER BED FAILURE UNLOADER-6,5m","KIT CEDIMENTO ORIZZONTALE RULLIERA SCARICO L=6,5m",
HF5416R-00,KIT CENTRAGGIO GRIFFE LUNETTA,STEADY REST JAW CENTERING KIT,,
YA1689K-00,KIT CHIAVI PER MANDRINO,SPINDLE WRENCH KIT,,
WX2027M-00,KIT CLINDRO AGG.CON CONTRASTO,CONTRAST CYLINDER KIT,KIT CILINDRO CON CONTRASTO,
ZZ3981L-00,KIT CILINDRO MANDRINO,CYLINDER SPINDLE KIT,,
HB8819P-00,KIT CILINDRO USA,CYLINDER KIT USA,,
DPJ85943-00,KIT DOPPIO CUSCINETTO ASSE C,“C” AXIS DOUBLE BEARING KIT,KIT DOPPIO CUSCINETTO ASSE “C”,
JG5469M-00,KIT EL. USURE NASETTO RISCONTR0 X2,ELECTRICAL KIT USE LOCATOR NOSE X2,KIT ELETTRICO USARE NASETTO RISCONTRO X2,
PU7784K-00,KIT FILTRO N2 CARBONI (SOLO AZOTO),N2 CARBON FILTER KIT (NITROGEN-ONLY),,
VY2414W-00,KIT FILTRO O2,O2 FILTER KIT,,
LE6544K-00,KIT FC ASSE IDRAULICO TESTA REGUD,HYDR. AXIS LIMIT SWITCH KIT HEAD “REGUD,KIT FINECORSA ASSE IDRAULICO TESTA “REGUD”,
RJ9877P-00,KT GIUNTO ENCODER PALETTA CARIC.,LOADER PADDLE ENCODER JOINT KIT,KIT GIUNTO ENCODER PALETTA CARICATORE,
PP0232P-00,# KIT GR. OTTICHE FIBRA SOCIFEFIGT,SOCIFEFIGT FIBRE LENS KIT,KIT GR. OTTICHE FIBRA SOCIFEFIGT,
RM6809B-00,KIT GREMBIULE PROTEZ.SCARICO,UNLOADER PROTECTION APRON KIT,KIT GREMBIULE PROTEZIONE SCARICO,
BP9815C-00,KIT GRIFFA RALLA CAPACITA' D.=6,SLEWING RING JAW KIT CAPACITY D6,KIT GRIFFA RALLA CAPACITÀ D6,
AC2857T-00,KIT GRIFFE SPECIALI 200X100,SPECIAL JAWS KIT 200x100,KIT GRIFFE SPECIALI 200x100,
WL9067J-00,KIT GRIGLIA OTTICA,OPTICAL GRID KIT,,
YH6863L-00,KT GRUPPO FILTRI PER GAS DI TAGLIO,CUTTING GAS FILTERS KIT,KIT GRUPPO FILTRI GAS DI TAGLIO,
SP5776C-00,KIT GRUPPO INNESTO,COUPLING KIT,,
XK0927T-00,KIT GUARN. ATTR. PRESA (5983000010),GRIPPER EQUIPMENT SEALS KIT (5983000010),KIT GUARNIZIONI ATTREZZATURA DI PRESA (5983000010),
DX2092-00,KIT GUARN. X 2 CIL. BLOCCO USE 2010,SEALS KIT FOR 2 CYLINDER BLOCK USE 2010,KIT GUARNIZIONI PER 2 CILINDRO BLOCCO USE 2010,
UH9722B-00,KT IMPIANTO PER PULIZIA MISURA,CLEANING SYSTEM KIT MEASURING,KIT IMPIANTO PULIZIA MISURA,
CJ7830U-00,KIT INSERTI MIVE,INSERTS KIT “MIVE”,KIT INSERTI “MIVE”,
FL1998F-00,KIT INSERTI BASSI ZIGRINATI,KNURLED LOW INSERTS KIT,,
EH8038S-00,KIT INTEGRAZIONE ASPIRATORE X USA,FUME EXTRACTION INTEGRATION KIT FOR USA,KIT INTEGRAZIONE ASPIRATORE PER USA,
BT1527N-00,KIT INTEGRAZ MANDRINI PRIMA SERIE,FIRST SERIES SPINDLE INTEGRATION KIT,KIT INTEGRAZIONE MANDRINI PRIMA SERIE,
UDB09902-00,KIT INTEGRAZIONE SPECCHI TESTA,HEAD MIRROR INTEGRATION KIT,,
RJ9317R-00,KT INTEGR.SPONDE LAT.PRIMA NAV.,1° SHUTTLE SIDE PANELS INTEGRATION KIT,KIT INTEGRAZIONE SPONDE LATERALI PRIMA NAVETTA,
ZD7280P-00,KIT INTERFACCIA LASER U LASER CUT,INTERFACE LASER “U”-LASER “CUT” KIT,KIT INTERFACCIA LASER “U” LASER “CUT”,
PA8989U-00,KIT INTERVENTO REGUD,INTERVENTION KIT “REGUD”,KIT INTERVENTO “REGUD”,
HY8195U-00,KIT INTERVENTO CARICATORI,LOADER INTERVENTION KIT,,
MZ3015X-00,KIT INT.RITA PRESS.SEP.STEP2,SEPARATOR PRESSER KIT STEP2 “RITA”,KIT INTERVENTO PRESSORE SEPARATORE STEP2 “RITA”,
GY4406K-00,KIT LUBRIF. RISCONTRI-SPINTORI X2,LOCATORS-PUSHERS LUBRICATION KIT X2,KIT LUBRIFICAZIONE RISCONTRI-SPINTORI X2,
RW5062P-00,LUNETTA 200 USARE KT0262,STEADY REST 200 KIT USE KT0262,KIT LUNETTA 200 USARE KT0262,
JX1658B-00,KIT MANDRINO DI 6,D6 SPINDLE KIT,KIT MANDRINO D6,
GA7672D-00,KT MANDR.USARE 9700000010,SPINDLE KIT USE 9700000010,KIT MANDRINO USARE 9700000010,
HE0875W-00,KIT MODIFICA MOLLA GR. ESTRATTORE,EXTRACTOR SPRING MODIFICATION KIT,KIT MODIFICA MOLLA ESTRATTORE,
TU5531Z-00,KIT MODIFICA SELETTORE INSERTI,INSERT SELECTOR SWITCH MODIFICATION KIT,,
ZJ7240T-00,KIT MOTORIDUTT. CINGHIE CARIC. vedi MM03,LOADER BELTS GEARMOTOR KIT MM03,KIT MOTORIDUTTORE CINGHIE CARICATORE MM03,
BE1282P-00,KIT N. 10 LAME HSS,KIT N°10 BLADES “HSS”,KIT N°10 LAME “HSS”,
MF6762N-00,KIT X 2 VOMUBAK SPALLA MOBILE,N°2 MOBILE SHOULDER KIT “VOMUBAK”,KIT N°2 SPALLA MOBILE “VOMUBAK”,
XU3960U-00,KIT FILTRO N2 POLVERI,N°2 DUST FILTER KIT,KIT N°2 FILTRO POLVERI,
VN7045Z-00,KIT FILTRO N2 POLVERI SOLO AZOTO,N°2 DUST FILTER KIT NITROGEN-ONLY,KIT N°2 FILTRO POLVERI SOLO AZOTO,
RK8895B-00,KIT 4 ENC. BATTERIA ALIMENTAZIONE,N°4 ENCODER FEEDING BATTERY KIT,KIT N°4 ENCODER BATTERIA ALIMENTAZIONE,
AE8205Y-00,KIT NUOVO FC SISTEMA RACCOLTA,NEW LIMIT SWITCH KIT COLLECTION SYSTEM,KIT NUOVO FINECORSA SISTEMA RACCOLTA,
AP1896P-00,KIT O-RINGS VITON PER TESTINA AK-CUF,“AK-CUF” HEAD VITON O-RINGS KIT,KIT O-RINGS VITON PER TESTINA “AK-CUF”,
AX6971W-00,# KIT P.E. INTEGR. TESTA SOCIFEFIGT,SOCIFEFIGT HEAD ELECTRICAL PART KIT,KIT PARTE ELETTRICA INTEGRAZIONE TESTA SOCIFEFIGT,
MP6831N-00,KT PARTE MECCANICA ENC. WIFI,WIFI ENCODER MECHANICAL PART KIT,KIT PARTE MECCANICA ENCODER WIFI,
KC9420W-00,KT PARTICOLARI PER PROVE CARICATORE,PARTS KIT FOR LOADER TESTING,KIT PARTICOLARI PER PROVE CARICATORE,
PZ7404R-00,KIT PATTINO AGGIUNTIVO LUN. M/C DX,STEADY REST RH MACH. ADD-ON SLIDE SHOE,KIT PATTINO AGGIUNTIVO LUNETTA MACCHINA DESTRA,
GX7065P-00,KIT PINZA PNEUMATICA POK COMPLETA,COMPLETE PNEUMATIC CLAMP KIT “POK”,KIT PINZA PNEUMATICA COMPLETA “POK”,
UPV18902-00,KIT PINZE BLOCCAGGIO LAMIERA SOTTILE,THIN SHEET METAL CLAMP KIT,,
HD6426R-00,KIT Prolunga cavi,CABLE EXTENSION KIT,KIT PROLUNGA CAVI,
HN1287R-00,KIT PROLUNGA CAVI INSTAL. FUTILON,CABLE EXTENSION KIT “FUTILON”,KIT PROLUNGA CAVI INSTALLAZIONE “FUTILON”,
YD8493X-00,KIT PROLUNGA CAVI NAVETTA,SHUTTLE CABLE EXTENSION KIT,,
PW7806M-00,KIT PROTEZIONE LASER,LASER PROTECTION KIT,,
CY6436R-00,KIT PROT.TEL. MM03,TELESCOPIC PROTECTION KIT MM03,KIT PROTEZIONE TELESCOPICA MM03,
UK7192G-00,KIT PULIZIA FIBRA (NO ALCOOL ),FIBRE TECHNOL. CLEANING KIT (NO ALCOOL),KIT PULIZIA TECONOLOGICA FIBRA (NO ALCOOL ),
YE1948J-00,KIT RALLA 12-130 ALLUMINIO,SLEWING RING D12-D130 KIT ALLUMINIUM,KIT RALLA D12-D130 ALLUMINIO,
GC1213V-00,KIT RALLA 12-130 FERRO,SLEWING RING D12-D130 KIT IRON,KIT RALLA D12-D130 FERRO,
AD7975M-00,KIT RALLA 22-140 ALLUMINIO,SLEWING RING D22-D140 KIT ALLUMINIUM,KIT RALLA D22-D140 ALLUMINIO,
GH6075E-00,KIT RALLA 22-140 FERRO,SLEWING RING D22-D140 KIT IRON,KIT RALLA D22-D140 FERRO,
TF1724B-00,KIT RALLA MAN. 6'',6” MANUAL SLEWING RING KIT,KIT RALLA MANUALE 6”,
YS8289J-00,KIT RALLA MAN. PROFILI APERTI,MANUAL SLEWING RING KIT OPEN PROFILES,KIT RALLA MANUALE PROFILI APERTI,
NWE97676-00,KIT RETROFIT PEBEGEL,KIT RETROFIT “PEBEGEL”,KIT RETROFIT “PEBEGEL”,
KF4492U-00,SPARE PARTS KIT - TASOSN GLASS,SPARE PARTS “TASOSN GLASS”,KIT RICAMBI “TASOSN GLASS”,
UK7128R-00,KT RICAMBI SOKILID,SPARE PARTS “SOKILID”,KIT RICAMBI “SOKILID”,
KG1088V-00,KIT RICAMBI RIR BUFAV,SPARE PARTS “RIR CIKAK”,KIT RICAMBI “RIR BUFAV”,
PL1669F-00,KIT RICAMBI RAT.RIK.A.RIK. PIDEFA,SPARE PARTS “RAT.RIK.A.RIK. PIDEFA”,KIT RICAMBI “RAT.RIK.A.RIK. PIDEFA”,
RS8506T-00,RICAMBI NARUMOGIDE RAP 3108,SPARE PARTS “NARUMOGIDE”,KIT RICAMBI “NARUMOGIDE”,
WG8551Z-00,KIT RICAMBI DEZ SH (SABOZI LIGHT.),SPARE PARTS DEZ SHANGHAI (SABOZI LIGHT.),KIT RICAMBI DEZ SHANGHAI (SABOZI LIGHT.),
JE6466C-00,KIT RICAMBI FIERA,SPARE PARTS FAIR,,
DBBALZA41U-00,KIT RICAMBI FILTRI ARIA COMPRESSA,COMPRESSED AIR FILTER SPARE PARTS,,
EE0418E-00,KIT RICAMBI INTERVENTO C/O KUN,SPARE PARTS “KUN” INTERVENTION,KIT RICAMBI INTERVENTO “KUN”,
SM2643U-00,KIT RICAMBI LASER DICA.,LASER DICA. SPARE PARTS,,
NBMNCLL15S-00,KIT RICAMBI MAGAZZINO VAKEMN,WAREHOUSE SPARE PARTS “VAKEMN”,KIT RICAMBI MAGAZZINO “VAKEMN”,
RBEZCWV47G-00,KIT RICAMBI TAGLIO ARIA COMPRESSA,COMPRESSED AIR CUT SPARE PARTS,,
NFNWXJU72Y-00,KIT RICAMBI TAGLIO ARIA COMPR. FIBOMOK,COMPRESSED AIR CUT SPARE PARTS “FIBOMOK”,KIT RICAMBI TAGLIO ARIA COMPRESSA “FIBOMOK”,
ZDS87553-00,KIT RICAMBI UGELLI FEGOKAN,SPARE PARTS NOZZLES “FEGOKAN”,KIT RICAMBI UGELLI “FEGOKAN”,
XE8158B-00,KIT RICAMBI UNITA MIMANR,SPARE PARTS “MIMANR”,KIT RICAMBI UNITÀ “MIMANR”,
SN4074R-00,KIT RICERCA SALDATURA VERSIONE 02,WELD SEARCH KIT V2,KIT RICERCA SALDATURA V2,
NT2370S-00,KIT RINFORZO CULLE RACCOLTA,COLLECTION CRADLE REINFORCEMENT KIT,,
HM6569D-00,KIT RIPARI FASCIO 8500 FIBRA,"GUARDS KIT FIBER BUNDLE LOADER L=8,5m","KIT RIPARI CARICATORE FASCIO L=8,5m FIBRA",
SK8726B-00,KT RIPARI SOST. DA KT0303,GUARDS KIT REPLACED BY KIT0303,KIT RIPARI SOSTITUITI DA KIT0303,
MN5435L-00,KIT RIPRISTINO CAVI PER FUTILON,CABLE RESTORE KIT “FUTILON”,KIT RIPRISTINO CAVI PER “FUTILON”,
FP3506Y-00,KT - RIPRIST CONCATENAMENTO CENE,CHAINING RESET KIT “CENE”,KIT RIPRISTINO CONCATENAMENTO “CENE”,
HS7192V-00,KIT SAGOME CARRELLO DI SCARICO,UNLOADER CARRIAGE TEMPLATES KIT,,
XS2170H-00,KIT SAGOME PER CARICATORE AUTOMATIC,AUTOMATIC LOADER TEMPLATE KIT,KIT SAGOME PER CARICATORE AUTOMATICO,
MY7028Y-00,KIT SAGOME PER RULLIERA MANUALE,MANUAL ROLLER BED TEMPLATE KIT,KIT SAGOME RULLIERA MANUALE,
TN8276H-00,KIT SAT MANUTENZ.RALLE,SAT SLEWING RING MAINTENANCE KIT,KIT SAT MANUTENZIONE RALLE,
VD6328G-00,KIT SCARICO AUTOM.RAMO SHUTTER,AUTOMATIC BRANCH SHUTTER UNLOADING KIT,KIT SCARICO AUTOMATICO RAMO SHUTTER,
BW6232M-00,KT SENSORE ARRETRAMENTO BARRE,BAR BACK SENSOR KIT,KIT SENSORE ARRETRAMENTO BARRE,
TY8045M-00,KIT SERVICE 6000 ORE KA-FY7,6000 HOURS KA-FY7 SERVICE KIT,,
WX0042D-00,KIT SOST. 1 VOMUBAK WM SPALLA FISSA,1° REPLACEM. FIXED SHOULDER WM “VOMUBAK”,KIT SOSTITUZIONE 1 WM SPALLA FISSA “VOMUBAK”,
VR8491V-00,KIT SOST. 2 VOMUBAK WM SPALLA FISSA,2° REPLACEM. FIXED SHOULDER WM “VOMUBAK”,KIT SOSTITUZIONE 2 WM SPALLA FISSA “VOMUBAK”,
UB2297U-00,KIT SOST.FOTOCELLULE 6550000103/104,PHOTOCEGJ 4882222927/926 REPLACEMENT KIT,KIT SOSTITUZIONE FOTOCELLULE 6550000103/104,
FU3843R-00,KIT SOST.MOLLE IN GOMMA 6500,"UNLOADER 6,5m RUBBER SPRING REPLACEMENT",KIT SOSTITUZIONE MOLLE IN GOMMA 6500,
MD8132P-00,KIT SOST.MOLLE IN GOMMA S.3500/4500,"UNLOADER 3,5/4,5m RUBBER SPRING REPLAC.",KIT SOSTITUZIONE MOLLE IN GOMMA S.3500/4500,
BU5017R-00,KIT SOST.MOTORE AVVIT.LUNETTA,STEADY REST SCREWER MOTOR REPLACEMENT,KIT SOSTITUZIONE MOTORE AVVITATORE LUNETTA,
KA9802Y-00,KIT SOSTITUZIONE MOTORE CARICATORE,LOADER MOTOR REPLACEMENT KIT,,
VZ7725U-00,KIT SOSTITUZIONE POMPA 56/B P.80,56/B P.80 PUMP REPLACEMENT KIT,,
AH0845W-00,KIT SOSTITUZIONE SPECCHI 6930001028,MIRROR 6930001028 REPLACEMENT KIT,,
FY0789L-00,KIT SOSTITUZIONE VALVOLA SPURGO GAS,GAS BLEED VALVE REPLACEMENT KIT,,
RD8926T-00,KIT STRIP PORTA ANTERIORE,FRONT DOOR STRIP KIT,,
LX4625G-00,KIT SUPPORTO RUOTA NAVETTA,SHUTTLE WHEEL SUPPORT KIT,,
KU8322S-00,KIT TARATURA MANDRINI,SPINDLE CALIBRATION KIT,,
CA9763F-00,KIT TELAIO RULL. MM03,UNLOADING ROLLER BED FRAME KIT MM03,KIT TELAIO RULLIERA SCARICO MM03,
FV2198R-00,KT TESTA P - TS-TT-TC SENZA MOTORE,TS-TT-TC “P” HEAD W/O MOTOR KIT,KIT TESTA “P” TS-TT-TC SENZA MOTORE,
HD5974B-00,# KIT TESTA FIBRA SOCIFEFIGT,SOCIFEFIGT FIBER HEAD KIT,KIT TESTA FIBRA SOCIFEFIGT,
XP6728P-00,# KIT TESTA TILTANTE SOCIFEFIGT,SOCIFEFIGT TILTING HEAD KIT,KIT TESTA TILTANTE SOCIFEFIGT,
GM1865A-00,KIT TESTA SOCIFEFIGT CON SWITCH,SOCIFEFIGT HEAD W SWITCH COLLIMATOR KIT,KIT TESTA SOCIFEFIGT CON SWITCH COLLIMATOR,
YJ0645C-00,KIT TESTA SOCIFEFIGT SENZA COLLIMAT.,SOCIFEFIGT HEAD W/O SWITCH COLLIMAT. KIT,KIT TESTA SOCIFEFIGT SENZA SWITCH COLLIMATOR,
VN5050L-00,KIT TRASFORMAZIONE SCHIENA NAVETTA,SHUTTLE BACK TRANSFORMATION KIT,,
TH8025P-00,KT TUBAZIONE RIGIDA ASPIRAZIONE,RIGID SUCTION HOSE KIT,KIT TUBAZIONE RIGIDA ASPIRAZIONE,
HS2463D-00,KIT TUNNEL PULS. FOTOBARRIERE,LIGHT CURTAIN CONTROL PANEL TUNNEL KIT,KIT TUNNEL PULSANTIERA FOTOBARRIERE,
BF3749V-00,KIT UPGRADE LUNETTA 200 USA,STEADY REST 200 UPGRADE KIT USA,,
XF6860J-00,USARE KT0127,KIT USE KT0127,KIT USARE KT0127,
GC5865B-00,USARE KT0136,KIT USE KT0136,KIT USARE KT0136,
BR2662G-00,USARE KT0199,KIT USE KT0199,KIT USARE KT0199,
XU1175N-00,KIT --USARE KT0271,KIT USE KT0271,KIT USARE KT0271,
JW7915W-00,USARE KT0285,KIT USE KT0285,KIT USARE KT0285,
PS5485A-00,KIT VALVOLA DA CINU A BEZAG,“CINU” TO ‘BEZAG’ VALVE KIT,KIT VALVOLA DA “CINU” A “BEZAG”,
FW9622V-00,KIT VITE RICIRCOLO DI SFERE ASSE GEK,“GEK” AXIS BALL SCREW KIT,KIT VITE RICIRCOLO DI SFERE ASSE “GEK”,
SW1825E-00,IMP. LAY OUT MIVUMOZ,LAYOUT “MIVUMOZ”,LAYOUT “MIVUMOZ”,
GK5635Z-00,IMP. LAY OUT LESOFI VEPANE,LAYOUT “LESOFI VEPANE”,LAYOUT “LESOFI VEPANE”,
UL5724J-00,IMP. LAY OUT VONABO,LAYOUT “VONABO”,LAYOUT “VONABO”,
FCU96010-00,BZ772 GR. PORTASLITTA,BZ772 GR. SLIDE HOLDER,,
JV1079T-00,KIT RICAMBI BZ772 V.01,BZ772 V1 SPARE PARTS,BZ772 V1 KIT RICAMBI,
CCV44931-00,ZB8 - 3015T ADATTAMENTO NUOVO FLAP,ZB8 3015T ADAPTATION NEW FLAP,ZB8 3015T ADATTAMENTO NUOVO FLAP,
AW6701E-00,ZB8 - ATTREZZAGGIO PER PROFILO 2A,ZB8 TOOLING FOR PROFILE 2A,ZB8 ATTREZZAGGIO PER PROFILO 2A,
UJV61846-00,ATTR. SPOSTAMENTO ZB8,ZB8 SHIFT EQUIPMENT,ZB8 ATTREZZATURA SPOSTAMENTO,
FK1320C-00,ZB8 - CARTER PROTEZ CINGHIE,ZB8 BELT PROTECTION CASING,ZB8 CARTER PROTEZIONE CINGHIE,
KJ1420B-00,ZB8 CAVI MOTORE TUBO DA V1 A V2,ZB8 MOTOR CABLES TUBE FROM V1 TO V2,,
FKJ28443-00,ZB8 COMPLEMENTO RICAMBI FIERE 2018,ZB8 SPARE PARTS FAIRS 2018 COMPLEMENT,,
CC4485K-00,ZB8-GRUPPO MANDRINO,ZB8 GR. SPINDLE,ZB8 GRUPPO MANDRINO,
UD1698V-00,ZB8 HUB USB PULPITO TUBO,ZB8 TUBE CONSOLE HUB USB,,
WT6399Z-00,KIT RICAMBI ZB8,ZB8 SPARE PARTS,ZB8 KIT RICAMBI,
BT1407G-00,KIT RICAMBI CONSIGLIATI ZB 8,ZB8 RECOMMENDED SPARE PARTS,ZB8 KIT RICAMBI CONSIGLIATI,
NB4873H-00,KIT RICAMBI FIERE ZB8,ZB8 SPARE PARTS FAIRS,ZB8 RICAMBI FIERE,
BLZ24867-00,ZB8 KIT RICAMBIO SENSORE RIC.SALDATURA,ZB8 WELD SEARCH SENSOR SPARE PART,ZB8 KIT RICAMBIO SENSORE RICERCA SALDATURA,
LET54220-00,ZB8 KIT RIPRISTINO RACCORDI ACQUA,ZB8 WATER CONNECTORS REPAIR KIT,,
CU1639G-00,MODIFICA PULPITI ZB8 CON CAMBIO UG.,ZB8 CONSOLE MODIFICATION W NOZZLE CHANGE,ZB8 MODIFICA PULPITI CON CAMBIO UGELLO,
MWE01447-00,ZB8-RETROFIT CINGHIE COMPLETAMENTO 3015,ZB8 RETROFIT BELTS COMPLETION 3015,ZB8 RETROFIT CINGHIE COMPLETAMENTO 3015,
YGP71322-00,ZB8-RETROFIT CINGHIE COMPLETAMENTO 4020,ZB8 RETROFIT BELTS COMPLETION 4020,ZB8 RETROFIT CINGHIE COMPLETAMENTO 4020,
KKN46018-00,ZB8 - RETROFIT CINGHIE PROT CREMAGLIERE,ZB8 RETROFIT RACK PROTECTION BELTS,ZB8 RETROFIT CINGHIE PROTEZIONE CREMAGLIERE,
SSX07584-00,ZB8 RICAMBI FIERE 08/2018,ZB8 SPARE PARTS FAIRS 08/2018,,
PM4256X-00,ZB8 RICAMBI FIERE 2017,ZB8 SPARE PARTS FAIRS 2017,,
BK9545B-00,ZB8 - TESTA HPSSL NULR,ZB8 “HPSSL” HEAD “NULR”,ZB8 TESTA “HPSSL” “NULR”,
HZ2116L-00,ZB8-UGELLI NON CROMATI,ZB8 NOZZLES NOT CHROMED,ZB8 UGELLI NON CROMATI,
GGN06624-00,ZB1 - KIT ALTA POTENZA M/C 3015,ZB1 3015 HIGH-POWER KIT,ZB1 3015 KIT ALTA POTENZA,
WKK55540-00,ZB1 - KIT PETTINI ALTA POTENZA 3015T,ZB1 3015T HIGH-POWER COMBS KIT,ZB1 3015T KIT PETTINI ALTA POTENZA,
JLC18715-00,QJ8 - KIT ALTA POTENZA M/C 3015,QJ8 3015 HIGH-POWER KIT,QJ8 3015 KIT ALTA POTENZA,
WPB28322-00,QJ8 - KIT PETTINI ALTA POTENZA 3015L P50,QJ8 3015L P50 HIGH-POWER COMBS KIT,QJ8 3015L P50 KIT PETTINI ALTA POTENZA,
ASZ91849-00,QJ8 - KIT PETTINI ALTA POTENZA 3015T P50,QJ8 3015T P50 HIGH-POWER COMBS KIT,QJ8 3015T P50 KIT PETTINI ALTA POTENZA,
VPU05454-00,QJ8 - KIT ALTA POTENZA M/C 4020,QJ8 4020 HIGH-POWER KIT,QJ8 4020 KIT ALTA POTENZA,
DX9558L-00,QJ8/6232 SOFFIO CREMAGLIERE,QJ8 4020 RACK BLOWING,QJ8 4020 SOFFIO CREMAGLIERE,
YGM21238-00,QJ8 - KIT PETTINI ALTA POTENZA 4020L,QJ8 4020L HIGH-POWER COMBS KIT,QJ8 4020L KIT PETTINI ALTA POTENZA,
UKX68027-00,QJ8 - KIT PETTINI ALTA POTENZA 4020T,QJ8 4020T HIGH-POWER COMBS KIT,QJ8 4020T KIT PETTINI ALTA POTENZA,
BZV47043-00,QJ8 - KIT ALTA POTENZA M/C 6020,QJ8 6020 HIGH-POWER KIT,QJ8 6020 KIT ALTA POTENZA,
YV7434U-00,QJ8 6020 - KIT STAFFA ENCODER,QJ8 6020 ENCODER BRACKET KIT,QJ8 6020 KIT STAFFA ENCODER,
TRS90444-00,QJ8 - KIT PETTINI ALTA POTENZA 6020L,QJ8 6020L HIGH-POWER COMBS KIT,QJ8 6020L KIT PETTINI ALTA POTENZA,
FMN37638-00,QJ8 - ATTREZZ MONTAGGIO CABINA SPECCHIAT,QJ8 MIRRORED BOOTH ASSEMBLY EQUIPMENT,QJ8 ATTREZZATURA MONTAGGIO CABINA SPECCHIAT,
UN0989S-00,QJ8 - CAMBIO UGELLO VR03,QJ8 NOZZLE CHANGE V3,QJ8 CAMBIO UGELLO V3,
KF0999P-00,QJ8 - KIT ASPIRAZIONE INTERNA,QJ8 QJ8 INTERNAL SUCTION KIT,QJ8 KIT ASPIRAZIONE INTERNA,
SVD69637-00,QJ8 - KIT FINESTRA ALTA POT,QJ8 HIGH POWER WINDOW KIT,QJ8 KIT FINESTRA ALTA POTENZA,
EB0836Y-00,KIT QJ8 PREDISP. MICRO CANCELLO,QJ8 MICRO GATE PREDISPOSITION KIT,QJ8 KIT PREDISPOSIZIONE MICRO CANCELLO,
WP6008A-00,SPARE PARTS KIT QJ 8 FEGOKAN,QJ8 SPARE PARTS “FEGOKAN”,QJ8 KIT RICAMBI “FEGOKAN”,
DN8658W-00,QJ8 - KIT VALVOLA MAX CP LONG,QJ8 LONGIT. PALLET CHANGE MAX VALVE KIT,QJ8 KIT VALVOLA MAX CAMBIO PALLET LONGITUDINALE,
WRV63630-00,QJ8-LUBRIFICAZIONE ASSI U-V,QJ8 “U-V” AXES LUBRICATION,QJ8 LUBRIFICAZIONE ASSI “U-V”,
KAA44847-00,PULSANTIERA RIPR. BARR.OTT. CP QJ8,QJ8 CTRL PANEL RESTORE LIGHT CURTAIN CP,QJ8 PULSANTIERA RIPRISTINO BARRIRE OTTICHE CAMBIO PALLET,
MDK53066-00,QJ8-TLC CAMBIO UG. UI1240,QJ8 TLC NOZZLE CHANGE UI1240,QJ8 TLC CAMBIO UGELLO UI1240,
LCB32617-00,LS/ZB8 - CENTRAGG. UGELLO ASSIST REPARTO,QJ8/ZB8 NOZZLE CENTERING ASSISTED,QJ8/ZB8 CENTRAGGIO UGELLO ASSISTITO REPARTO,
JXM67322-00,LS/ZB8 - KIT RICAMBI FIERE 2022,QJ8/ZB8 SPARE PARTS FAIRS 2022,QJ8/ZB8 KIT RICAMBI FIERE 2022,
ZJD32297-00,LS/ZB8 - KIT SOSTITUZIONE 9310030682-01,QJ8/ZB8 9310030682-01 REPLACEMENT KIT,QJ8/ZB8 KIT SOSTITUZIONE 9310030682-01,
HNR01317-00,YYBZ8 - RICAMBI FEGOKAN 8KW,QJ8/ZB8 SPARE PARJB 0kW “FEGOKAN”,QJ8/ZB8 RICAMBI 8kW “FEGOKAN”,
ZS0857T-00,LS/C5 - SOFFIO CREMAGLIERA,QJ8/ZB8 RACK BLOWING,QJ8/ZB8 SOFFIO CREMAGLIERA,
DD0452G-00,LS/ZB8 - SOFFIO CREMAGLIERE CP3015T,QJ8/ZB8 CP3015T RACK BLOWING,QJ8/ZB8 SOFFIO CREMAGLIERE CP3015T,
TJS22168-00,QJ5 - RICAMBI DISPONIBILI FIERA 2022,QJ5 SPARE PARTS AVAILABLE FAIR 2022,QJ5 RICAMBI DISPONIBILI FIERA 2022,
JLPC-KTTTDY-00,KIT RICAMBI CONSIGLIATI DODEVE,DODEVE RECOMMENDED SPARE PARTS,DODEVE KIT RICAMBI CONSIGLIATI,
RU9589M-00,ZK - RETROFIT TEMP. GIDEZARE,ZK RETROFIT TIMER “GIDEZARE”,ZK RETROFIT TEMPORIZZATORE “GIDEZARE”,
DTA60185-00,ZK93 - KIT LUNETTA RULLO EXT 0-165,ZK93 EXTER. ROLLER 0-165 STEADY REST KIT,ZK93 KIT LUNETTA RULLO ESTERNO 0-165,
TPM64736-00,ZK93 - KIT LUNETTA RULLO INT 0-165,ZK93 INTER. ROLLER 0-165 STEADY REST KIT,ZK93 KIT LUNETTA RULLO INTERNO 0-165,
CZG10878-00,ZK93 - KIT TESTINA ACTIVE SCAN,ZK93 ACTIVE SCAN HEAD KIT,ZK93 KIT TESTINA ACTIVE SCAN,
KH0164L-00,KIT RICAMBI ZK 932,ZK932 RECOMMENDED SPARE PARTS,ZK932 KIT RICAMBI CONSIGLIATI,
HC1745M-00,KIT RICAMBI ZK932 - BIZUZIZ,ZK932 SPARE PARTS “BIZUZIZ”,ZK932 KIT RICAMBI “BIZUZIZ”,
US5196T-00,KIT RICAMBI SOLO TONDO ZK 932,ZK932 SPARE PARTS ONLY ROUND,ZK932 KIT RICAMBI SOLO TONDO,
NZ8728R-00,KIT KIT DISTANZ.ANC.B.ZK932 ZK8 651,ZK932/ZK489/ZK8 BASE ANCHORING SPACER,ZK932/ZK489/ZK8 KIT DISTANZIALE ANCORAGGIO BASAMENTO,
CUW76326-00,ZK96 - FRIZIONE MANDRINO,ZK96 SPINDLE CLUTCH,ZK96 FRIZIONE MANDRINO,
MF4398B-00,ZK96- INGRANAGGIO TRASMISSIONE VITI,ZK96 TRANSMISSION GEAR SCREWS,ZK96 INGRANAGGIO TRASMISSIONE VITI,
KL5729H-00,ZK96 - KIT VAN KEKOMUK,ZK96 KIT “VAN KEKOMUK”,ZK96 KIT “VAN KEKOMUK”,
PR1439H-00,ZK96 - KIT MOD. CATENA CARRO,ZK96 CARRIAGE CHAIN MODIFICATION KIT,ZK96 KIT MODIFICA CATENA CARRO,
WC7855E-00,ZK96 - MOD FOTOCEL MANDRINO,ZK96 SPINDLE PHOTOCELL MODIFICATION,ZK96 MODIFICA FOTOCELLULE MANDRINO,
TGS92929-00,ZK96 - MOD POS. TRASF CAR 12M NO CAR MIN,ZK96 MOD.POSIT.TRANSFER 12m NO MIN.LOAD,ZK96 MODIFICA POSIZIONE TRASFERITORE CARICO 12m NO CARICO MINIMO,
RAD01212-00,ZK96 - MOD POS. TRASF CAR 12M SI CAR MIN,ZK96 MOD. POSITION TRANSFER 12m MIN.LOAD,ZK96 MODIFICA POSIZIONE TRASFERITORE CARICO 12m SI CARICO MINIMO,
NYE30803-00,ZK96 - MOD POS. TRASF COMPL CAR 15M,ZK96 MODIFY POSITION LOAD TRANSFER 15m,ZK96 MODIFICA POSIZIONE TRASFERITORE COMPLEMENTO CARICATORE 15m,
PJ4496M-00,ZK96 - RAFREDDAMENTO LENTE TESTA,ZK96 HEAD LENS COOLING,ZK96 RAFREDDAMENTO LENTE TESTA,
WNR83659-00,ZK96-RINVIO 1 CARRO DI CODA,ZK96 DEFERRAL 1 TAIL CARRIAGE,ZK96 RINVIO 1 CARRO DI CODA,
UBP56950-00,ZK96-RINVIO 2 CARRO DI CODA,ZK96 DEFERRAL 2 TAIL CARRIAGE,ZK96 RINVIO 2 CARRO DI CODA,
UWE50787-00,ZK96-RIPRISTINO CARRO DI CODA,ZK96 TAIL CARRIAGE RESTORE,ZK96 RIPRISTINO CARRO DI CODA,
RDW71677-00,ZK96 RIPRIST. CONNESSIONI CARRO DI CODA,ZK96 TAIL CARRIAGE CONNECTIONS RESTORE,ZK96 RIPRISTINO CONNESSIONI CARRO DI CODA,
VG2392L-00,ZK96 - RULLO/GANASCIA BLOCCAGGIO DX,ZK96 RIGTH CLAMP ROLLER/JAW,ZK96 RULLO/GANASCIA BLOCCAGGIO DESTRO,
BL2804W-00,ZK96 - RULLO/GANASCIA BLOCCAGGIO SX,ZK96 LEFT CLAMP ROLLER/JAW,ZK96 RULLO/GANASCIA BLOCCAGGIO SINISTRO,
GA7949W-00,ZK96 - SOSTEGNO CATENA CARRO,ZK96 CARRIAGE CHAIN SUPPORT KIT,ZK96 KIT SOSTEGNO CATENA CARRO,
WXZ94026-00,ZK96 - SOST CORPO CARRO CODA + ROT INT,ZK96 TAIL CARR. BODY REPLAC.+INT. ROTAT.,ZK96 SOSTITUZIONE CORPO CARRO CODA + ROTAZIONE INTERNA,
TKA31276-00,ZK96 - SPOST TRASFER ADEGUAMENTO IMPIANT,ZK96 TRANSFER RELOCATION PLANT ADJUSTM.,ZK96 SPOSTAMENTO TRASFERITORE ADEGUAMENTO IMPIANTO,
RZD56524-00,ZK96/36SL - KIT SOST. MOTORID ASSE B,ZK96/36 “B” AXIS GEARMOTOR REPLACEMENT,ZK96/36-SL KIT SOSTITUZIONE MOTORIDUTTORE ASSE “B”,
VJE98295-00,ZK96/36 - CATENA RULL. VIA RULLI IN/OUT,ZK96/ZK36 ROLLER BED IN/OUT CHAIN,ZK96/ZK36 CATENA RULLIERA VIA RULLI IN/OUT,
TGU35258-00,ZK96/36 - FRIZIONE A11 CARRO DI CODA,ZK96/ZK36 CLUTCH A11 TAIL CARRIAGE,ZK96/ZK36 FRIZIONE A11 CARRO DI CODA,
AUF98430-00,ZK96/36 - FRIZIONE A12 CARRO DI CODA,ZK96/ZK36 CLUTCH A12 TAIL CARRIAGE,ZK96/ZK36 FRIZIONE A12 CARRO DI CODA,
XYL82624-00,ZK96/36 - LASER PARALLELO A X,ZK96/ZK36 “X” PARALLEL LASER,ZK96/ZK36 LASER PARALLELO A “X”,
LEG00143-00,ZK96 FIBER - RICAMBI 2,ZK96-FIBER SPARE PARJB 3,ZK96-FIBER RICAMBI 2,
FDA31022-00,ZK96 FIBER - RICAMBI INSTALLAZIONE,ZK96-FIBER SPARE PARTS INSTALLATION,ZK96-FIBER RICAMBI INSTALLAZIONE,
CLN95839-00,ZK96XL CONDIZIONAMENTO QUADRO,ZK96XL ELECTRIC PANEL CONDITIONING,,
HFR34424-00,ZK96XL - CUSCINETTO+COLLETT GANASCIA MSX,ZK96XL BEARING+COLLECTOR LH SPINDLE JAW,ZK96XL CUSCINETTO+COLLETTORE GANASCIA MANDRINO SINISTRO,
PHE50315-00,ZK96XL - EVACUATORE SFRIDI,ZK96XL SCRAP EXTRACTOR,ZK96XL EVACUATORE SFRIDI,
XRT58924-00,ZK96XL - FRIZIONE MANDRINO,ZK96XL SPINDLE CLUTCH,ZK96XL FRIZIONE MANDRINO,
LW0949E-00,ZK96XL - KIT CATENA RULLATA,ZK96XL ROLLED CHAIN KIT,ZK96XL KIT CATENA RULLATA,
TW2021Y-00,ZK96XL - KT LIST NASTRO PEZZI CORTI,ZK96XL SHORT PARTS BELT KIT,ZK96XL KIT LIST NASTRO PEZZI CORTI,
MF1778D-00,ZK96XL - KIT MOD. CATENA CARRO,ZK96XL CARRIAGE CHAIN MODIFICATION KIT,ZK96XL KIT MODIFICA CATENA CARRO,
MR0487K-00,ZK96XL - KIT PREDISP CASSA PUN,ZK96XL BOX PREDISPOSITION KIT “PUN”,ZK96XL KIT PREDISPOSIZIONE CASSA “PUN”,
XF6928M-00,KIT RICAMBI ZK96XL,ZK96XL SPARE PARTS,ZK96XL KIT RICAMBI,
YR8723G-00,ZK96XL KIT RICAMBI NETUSA,ZK96XL SPARE PARTS DEZ USA,ZK96XL KIT RICAMBI DEZ USA,
SLJ69070-00,ZK96XL KIT RICAMBIO SENSORE RIC.SALDAT.,ZK96XL WELD SEARCH SENSOR SPARE PARTS,ZK96XL KIT RICAMBI SENSORE RICERCA SALDATURA,
HW2219J-00,ZK96XL - KIT RIPARI PAVN REKARUR,ZK96XL GUARDS KIT “PAVN REKARUR”,ZK96XL KIT RIPARI “PAVN REKARUR”,
HU8397J-00,ZK96XL - KIT RIPARI RILIMN,ZK96XL GUARDS KIT “RILIMN”,ZK96XL KIT RIPARI “RILIMN”,
SEG36975-00,KIT SOSTITUZIONE 6503001011 PER ZK96XL,ZK96XL 6503001011 REPLACEMENT KIT,ZK96XL KIT SOSTITUZIONE 6503001011,
MF4271B-00,ZK96XL - SUPPORTO FOTOC CARRO,ZK96XL CARRIAGE PHOTOCELL SUPPORT,ZK96XL SUPPORTO FOTOCELLULA CARRO,
DL1742V-00,ZK32-CAVO PROPORZIONALE,ZK32 PROPORTIONAL CABLE,ZK32 CAVO PROPORZIONALE,
GYJ33094-00,RIPRISTINO PEZZI CORTI ZK32,ZK32 RESET SHORT PARTS,ZK32 RIPRISTINO PEZZI CORTI,
VN5670Z-00,PROLUNGA PEZZI CORTI ZK32-36,ZK32/ZK36 EXTENSION SHORT PARTS,ZK32/ZK36 PROLUNGA PEZZI CORTI,
SUE15820-00,ZK36 - FRIZIONE MANDRINO,ZK36 SPINDLE CLUTCH,ZK36 FRIZIONE MANDRINO,
ZUW25502-00,KIT ENCODER TRASFERITORI ZK36,ZK36 ENCODER TRANSFER KIT,ZK36 KIT ENCODER TRASFERITORI,
UJ3431P-00,ZK36 - KIT MOD. CATENA CARRO,ZK36 CARRIAGE CHAIN MODIFICATION KIT,ZK36 KIT MODIFICA CATENA CARRO,
LZL13212-00,KIT RICAMBI ZK36 CITUPIVIPE,ZK36 SPARE PARTS “CITUPIVIPE”,ZK36 KIT RICAMBI “CITUPIVIPE”,
NT2682B-00,ZK36 - KIT SOSTEGNO CATENA CARRO,ZK36 CARRIAGE CHAIN SUPPORT KIT,ZK36 KIT SOSTEGNO CATENA CARRO,
RCU31470-00,ZK36 - MODIFICA PARAPETTI TETTO CABINA,ZK36 BOOTH ROOF RAILING MODIFICATION,ZK36 MODIFICA PARAPETTI TETTO CABINA,
GUG08814-00,ZK36 - SOSTITUZ. MANDRINO DX,ZK36 RH SPINDLE REPLACEMENT KIT,ZK36 SOSTITUZIONE MANDRINO DESTRO,
HU5496C-00,ZK8-AGGIORNAMENTO RIC.SALD.,ZK8 WELD SEARCH UPGRADE,ZK8 AGGIORNAMENTO RICERCA SALDATURA,
CT8565F-00,KIT N.1 CENTRATORE ZK8,ZK8 N°1 CENTERING DEVICE KIT,ZK8 KIT N°1 CENTRATORE,
UVES746J-00,KIT RICAMBI CONSIGLIATI ZK8,ZK8 RECOMMENDED SPARE PARTS,ZK8 KIT RICAMBI CONSIGLIATI,
MKTK1H76U-00,KIT RICAMBI CONSIGL. ZK8 SOLO TONDO,ZK8 RECOMMENDED SPARE PARTS ONLY ROUND,ZK8 KIT RICAMBI CONSIGLIATI SOLO TONDO,
PAFR446C-00,KIT RICAMBI CONSIGL. ZK8 TESTA QG3D,ZK8 RECOMMENDED SPARE PARTS QG3D HEAD,ZK8 KIT RICAMBI CONSIGLIATI TESTA QG3D,
ET9736M-00,KIT GRIFFA ZK489,ZK489 JAW KIT,ZK489 KIT GRIFFA,
DT0330K-00,KIT MOD. BOCCA MANDRINO ZK489,ZK489 SPINDLE MOUTH MODIFICATION KIT,ZK489 KIT MODIFICA BOCCA MANDRINO,
KZ3161Y-00,KIT PRONTO INTERV. ZK489 SOLO TONDO,ZK489 EMERGENCY KIT ONLY ROUND,ZK489 KIT PRONTO INTERVENTO SOLO TONDO,
GW3321D-00,KIT PRONTO INTERV. ZK489 ZEN.LER.R.,ZK489 EMERGENCY KIT LAK.,ZK489 KIT PRONTO INTERVENTO GOM,
WH2108M-00,KIT PROTEZIONE RAGGI LASER SU ZK489,ZK489 LASER BEAM PROTECTION KIT,ZK489 KIT PROTEZIONE RAGGI LASER,
GS7738R-00,KIT RACCORDI RAFFREDD.OTTICHE ZK489,ZK489 OPTICS COOLING FITTINGS KIT,ZK489 KIT RACCORDI RAFFREDDAMENTO OTTICHE,
YK9596Z-00,KIT RICAMBI ZK489 TONDO DA VERS. 10,ZK489 SPARE PARTS ONLY ROUND FROM V10,ZK489 KIT RICAMBI TONDO DA V10,
XJ0215Y-00,KIT RICAMBI ZK489 GOM DA VERS. 10,ZK489 SPARE PARTS LAK. FROM V10,ZK489 KIT RICAMBI ZEN.LER.R. DA V10,
CJ2078Y-00,ZK483 GRIFFA LUNETTA D.12 - D.130,ZK483 STEADY REST JAW D12-D130,ZK483 GRIFFA LUNETTA D12-D130,
DB4203X-00,ZK483 GRIFFA LUNETTA D.22 - D.140,ZK483 STEADY REST JAW D22-D140,ZK483 GRIFFA LUNETTA D22-D140,
NX3061L-00,KIT ZK483 RALLA LUNETTA 12-130,ZK483 STEADY REST SLEWING RING D12-D130,ZK483 KIT RALLA LUNETTA D12-D130,
UF0406B-00,KIT RICAMBI ZK483 II^SERIE E SUCC.,ZK483 SPARE PARJB 3° AND LATER SERIES,ZK483 KIT RICAMBI 2° SERIE E SUCCESSIVE,
CY6845R-00,KIT RICAMBI ZK483 DA VERS. 04,ZK483 SPARE PARTS FROM V4,ZK483 KIT RICAMBI DA V4,
GB1936N-00,KIT RICAMBI ZK483 PROT. E I^SERIE,ZK483 PROTOTYPE & 1° SERIES SPARE PARTS,ZK483 KIT RICAMBI PROTOTIPO E 1° SERIE,
YT9038L-00,KIT AGG.BRACCI SOST.ZK5 6500,"ZK5-4,5m SUPPORTER ARM UPGRADE KIT","ZK5-4,5m KIT AGGIORNAMENTO BRACCI SOSTENITORI",
WZ2493T-00,ZK5-AGGIORNAMENTO RIC.SALD.,ZK5 WELD SEARCH UPGRADE,ZK5 AGGIORNAMENTO RICERCA SALDATURA,
CR2421K-00,KT ZK5 ATTREZZ.CIDEKUL QUADR.PUSU,ZK5 QUADRATURE EQUIPMENT PUSU CIDEKUL,ZK5 ATTREZZATURA QUADRATURA PUSU CIDEKUL,
WZ7541E-00,KIT AGGIORNAMENTO ZK5,ZK5 UPGRADE KIT,ZK5 KIT AGGIORNAMENTO,
ZA5562W-00,KIT AGG.CARIC.ZK5 ASSENZA ZAR.MAN.,ZK5 MANUAL CHAINLESS LOADER UPGRADE KIT,ZK5 KIT AGGIORNAMENTO CARICATORE ASSENZA CATENE MANUALI,
CS4169E-00,KIT AMMORTIZZ.ZK5 VEDI MM03,ZK5 SHOCK ABSORBER KIT MM03,ZK5 KIT AMMORTIZZATORE VEDI MM03,
GC4501L-00,KIT - ZK5 CABLAG. INSERTATR. V37 O INF.,ZK5 RIVETING UNIT WIRING KIT ≤V37,ZK5 KIT CABLAGGIO INSERTATRICE ≤V37,
YK4394A-00,KIT - ZK5 CABLAG. INSERTATR. V38 O SUP.,ZK5 RIVETING UNIT WIRING KIT ≥V38,ZK5 KIT CABLAGGIO INSERTATRICE ≥V38,
LP8215M-00,KIT PER CATENE MANUALI ZK5,ZK5 MANUAL CHAIN KIT,ZK5 KIT CATENE MANUALI,
FW7519X-00,KIT CONETT. FOTOB. SCARICO ZK5,ZK5 UNLOAD. LIGHT CURTAIN CONNECTORS KIT,ZK5 KIT CONETTORI FOTOBARRIERE SCARICO,
WL6869S-00,KIT GRIFFA ORIZZ. ZK5,ZK5 HORIZONTAL JAW KIT,ZK5 KIT GRIFFA ORIZZONTALE,
CU8698G-00,KIT GRIFFA VERTICALE ZK5,ZK5 VERTICAL JAW KIT,ZK5 KIT GRIFFA VERTICALE,
MZ1910J-00,KIT RETROF.RELÈ ALIM.LAMP.LED ZK5,ZK5 RETROFIT RELAY POWER SUPPLY LED LAMP,ZK5 KIT RETROFIT RELÈ ALIMENTATORE LAMPADE LED,
MVZS7-59J-00,KIT RIC. CONSIGLIATI ZK5,ZK5 RECOMMENDED SPARE PARTS,ZK5 KIT RICAMBI CONSIGLIATI,
TJ4900B-00,KIT RIPRISTINO SCARICO ZK5,ZK5 UNLOADER RESTORE KIT,ZK5 KIT RIPRISTINO SCARICO,
PW0522X-00,KIT ZK5 USA,ZK5 KIT USA,ZK5 KIT USA,
AK9282E-00,KIT SOST.TRASM.INN.TRAS.ZK5 6500,"ZK5-4,5m COUPLING CONVEYOR TRANSMISSION","ZK5 L=6,5m KIT SOSTITUZIONE TRASMISSIONE INNESTO TRASLATORI",
WP2361E-00,KIT AGG.BRACCI SOST.ZK5 8500,"ZK5-0,5m SUPPORTER ARM UPGRADE KIT","ZK5-0,5m KIT AGGIORNAMENTO BRACCI SOSTENITORI",
RJ9220P-00,KIT SOST.TRASM.INN.TRAS.ZK5 8500,"ZK5-0,5m COUPLING CONVEYOR TRANSMISSION","ZK5 L=8,5m KIT SOSTITUZIONE TRASMISSIONE INNESTO TRASLATORI",
CB7217W-00,ZK5 MODIFICA TRASMISSIONE CUCCHIAIO,ZK5 TUBE CLEANER TRANSMISSION MODIFICAT.,,
SZ0025S-00,MOD. PRIMO BANCO DX ZK5 NASTRO IN KEVLAR,ZK5 1° RH-BENCH MODIFICATION-KEVLAR BELT,ZK5 MODIFICA PRIMO BANCO DESTRO NASTRO IN KEVLAR,
EL5407T-00,MOD. PRIMO BANCO SX ZK5 NASTRO IN KEVLAR,ZK5 1° LH-BENCH MODIFICATION-KEVLAR BELT,ZK5 MODIFICA PRIMO BANCO SINISTRO NASTRO IN KEVLAR,
TJGB3V-00,ZK5 - PARAURTI,ZK5 BUMPERS,ZK5 PARAURTI,
RA6495L-00,ZK5 - Sost. lamp.TurkBanner scarico,ZK5 UNLOADER TURKBANNER LAMPS REPLACEM.,ZK5 SOSTITUZIONE LAMPADE TURKBANNER SCARICO,
BGA7279927-01,ZK5 SOST. SUPPORTI RUOTE BANCO RACC.Q2.,ZK5 COLLEC. BENCH WHEEL SUPP. REPLAC. Q2,ZK5 SOSTITUZIONE SUPPORTI RUOTE BANCO RACCOLTA Q2,
ZXP7219213-01,ZK5 SOST. SUPPORTI RUOTE BANCO RACC. Q3.,ZK5 COLLEC. BENCH WHEEL SUPP. REPLAC. Q3,ZK5 SOSTITUZIONE SUPPORTI RUOTE BANCO RACCOLTA Q3,
ERF8363923-01,ZK5 SOST. SUPPORTI RUOTE BANCO RACC. Q4.,ZK5 COLLEC. BENCH WHEEL SUPP. REPLAC. Q4,ZK5 SOSTITUZIONE SUPPORTI RUOTE BANCO RACCOLTA Q4,
MGU8044080-01,ZK5 SOST. SUPPORTI RUOTE BANCO RACC.Q5.,ZK5 COLLEC. BENCH WHEEL SUPP. REPLAC. Q5,ZK5 SOSTITUZIONE SUPPORTI RUOTE BANCO RACCOLTA Q5,
AX4879X-00,KIT NUOVO GIUNTO ASSE Z ZK5 ZK0,ZK5/ZK0 NEW “Z” AXIS JOINT KIT,ZK5/ZK0 KIT NUOVO GIUNTO ASSE “Z”,
KD9055R-00,RICAMBIO ELE. LETTORE TEVAVAGAL ZK5-ZK0,ZK5/ZK0 TEVAVAGAL READER ELEC. SPARE PART,ZK5/ZK0 RICAMBIO ELETTRICO LETTORE TEVAVAGAL,
BR4182X-00,RICAMBIO LETTORE TEVAVAGAL ZK5-ZK0,ZK5/ZK0 TEVAVAGAL READER SPARE PART,ZK5/ZK0 RICAMBIO LETTORE TEVAVAGAL,
KJ7877D-00,MANDR. ZK522 USARE 9700000004,ZK522 SPINDLE KIT USE 9700000004,ZK522 KIT MANDRINO USARE 9700000004,
PK4358P-00,ZK522 KIT RICAMBI CONSIGLIATI 2D,ZK523D RECOMMENDED SPARE PARTS,ZK523D KIT RICAMBI CONSIGLIATI 2D,
PJ5956M-00,ZK522 KIT RICAMBI CONSIGLIATI 3D,ZK027D RECOMMENDED SPARE PARTS,ZK027D KIT RICAMBI CONSIGLIATI 3D,
RF7626Z-00,KIT KIT DISTANZ.ANC.B.ZK533 712 702,ZK523/ZK593/ZK533 BASE ANCHORING SPACER,ZK523/ZK593/ZK533 KIT DISTANZIALE ANCORAGGIO BASAMENTO,
FT2502G-00,ZK523D GRIFFA LUNETTA D.12 - D.130,ZK523D STEADY REST JAW D12-D130,ZK523D GRIFFA LUNETTA D12-D130,
SA7218D-00,ZK523D GRIFFA LUNET 22 -140 ALLUMIN,ZK523D STEADY REST JAW D22-D140 ALLUMIN.,ZK523D GRIFFA LUNETTA D22-D140 ALLUMINIO,
FF6135N-00,KIT ATTR. SETT. RALLA MAN.,ZK593 MANUAL SLEWING RING SETTING EQUIP.,ZK593 KIT ATTREZZATURA SETTAGGIO RALLA MANUALE,
LZ9026S-00,KIT ZK593 GR. RALLA PROFILI APERTI,ZK593 OPEN PROFILES SLEWING RING KIT,ZK593 KIT RALLA PROFILI APERTI,
BD7190Y-00,PACCO DI VALVOLE COMPLETO ZK593,ZK593 COMPLETE VALVE PACKAGE,ZK593 PACCO DI VALVOLE COMPLETO,
PB0881E-00,RICAMBI LASER PER ZK593 PIK.RIK.RIK.,ZK593 SPARE PARTS LASER “PIK.RIK.RIK.”,ZK593 RICAMBI LASER PER “PIK.RIK.RIK.”,
GE7211K-00,ZK593D GRIFFA LUNET 12-130 ACCIAIO,ZK593D STEADY REST JAW D12-D130 STEEL,ZK593D GRIFFA LUNETTA D12-D130 ACCIAIO,
VL4866S-00,ZK593D GRIFFA LUNET 22-140 FERRO,ZK593D STEADY REST JAW D22-D140 IRON,ZK593D GRIFFA LUNETTA D22-D140 FERRO,
FM6335N-00,KIT RICAMBI ZK593D KAPEKIKOVN LASER,ZK593D SPARE PARTS “KAPEKIKOVN LASER”,ZK593D KIT RICAMBI “KAPEKIKOVN LASER”,
FL5672J-00,KIT RIC ZK593D +SPECCHI CERT. R3839,ZK593D SPARE PARTS+CERTIFIED MIRRORS,ZK593D KIT RICAMBI+SPECCHI CERTIFICATI,
AB6365K-00,KIT RIC.CONSIGLIATI ZK593D,ZK593D RECOMMENDED SPARE PARTS,ZK593D KIT RICAMBI CONSIGLIATI,
GZ7630Y-00,SISTEMA CENTRAGGIO MAT. X ZK593D,ZK593D MATERIAL CENTERING SYSTEM,ZK593D SISTEMA CENTRAGGIO MATERIALE,
VH9912S-00,AGGIORNAMENTO MANDRINO 4 CIL. ZK533,ZK533 4 CYLINDERS SPINDLE UPGRADE,ZK533 AGGIORNAMENTO MANDRINO 4 CILINDRI,
CW8945D-00,KIT RIC. CONSIGL. TUBI PULITI ZK533,ZK533 RECOMMEND. SPARE PARTS TUBES CLEAN,ZK533 KIT RICAMBI CONSIGLIATI TUBI PULITI,
VG3761Y-00,PACCO DI VALVOLE COMPLETO ZK533,ZK533 COMPLETE VALVE PACKAGE,ZK533 PACCO DI VALVOLE COMPLETO,
FA1636G-00,ZK533/FIBER-AGGIORNAMENTO RIC.SALD.,ZK533/DODEVE WELD SEARCH UPGRADE,ZK533/DODEVE AGGIORNAMENTO RICERCA SALDATURA,
YG5308Z-00,ZK533D MANDRINO USARE 9700000002,ZK533D SPINDLE KIT USE 9700000002,ZK533D KIT MANDRINO USARE 9700000002,
MY3283B-00,KT RICAMBI ZK533D COGAKEL 2020,ZK533D SPARE PARTS “COGAKEL 2020”,ZK533D KIT RICAMBI “COGAKEL 2020”,
JC4458S-00,ZK533D - KIT RICAMBI RAMINILI,ZK533D SPARE PARTS “RAMINILI”,ZK533D KIT RICAMBI “RAMINILI”,
PJ0718N-00,KIT RIC ZK533D + SPECCHI CERT,ZK533D SPARE PARTS+CERTIFIED MIRRORS,ZK533D KIT RICAMBI+SPECCHI CERTIFICATI,
ML1865G-00,KIT RIC.CONSIGLIATI ZK533D,ZK533D RECOMMENDED SPARE PARTS,ZK533D KIT RICAMBI CONSIGLIATI,
PM8495K-00,ZK533D-RALLA AUTOMATICA D 10-130 MM,ZK533D AUTOMATIC SLEWING RING D10-D130,ZK533D RALLA AUTOMATICA D10-D130,
SM0014N-00,ZK533D - REGICOGR ZAKE SPARE PARTS,ZK533D SPARE PARTS “REGICOGR ZAKE”,ZK533D SPARE PARTS “REGICOGR ZAKE”,
AS1264Y-00,KIT AGG. RIC. SALD. ZK533D/DODEVE,ZK533D/DODEVE WELD SEARCH UPGRADE,ZK533D/DODEVE KIT AGGIORNAMENTO RICERCA SALDATURA,
DD5424M-00,KIT GONNE DOPPIO STRATO ZK5 DX,ZK5DX DOUBLE LAYER SKIRTS KIT,ZK5DX KIT GONNE DOPPIO STRATO,
AK3142R-00,KIT GONNA PORTELLONE ZK5 SX,ZK5SX TAILGATE SKIRT KIT,ZK5SX KIT GONNA PORTELLONE,
XNVL42N78D-00,KIT RIC. CONSIGLIATI ZK0 2D,ZK0 RECOMMENDED SPARE PARJB 3D HEAD,ZK0 2D KIT RICAMBI CONSIGLIATI,
HHJK25Z55Z-00,KIT RIC. CONSIGLIATI ZK0 3D,ZK0 RECOMMENDED SPARE PARJB 7D HEAD,ZK0 3D KIT RICAMBI CONSIGLIATI,
HC6745V-00,ZK0 AGGIORNAMENTO RACCORDI LASER,ZK0 LASER FITTINGS UPGRADE,,
RS0821G-00,ZK0-AGGIORNAMENTO RIC.SALD.,ZK0 WELD SEARCH UPGRADE,ZK0 AGGIORNAMENTO RICERCA SALDATURA,
TE3876Y-00,CONTATTI E CINGHIA MANDRINO ZK0,ZK0 SPINDLE CONTACTS AND BELT,ZK0 CONTATTI E CINGHIA MANDRINO,
GW8310X-00,ZK0 ENCODER WIRELESS,ZK0 ENCODER WIRELESS,ZK0 ENCODER WIRELESS,
MCJW0WLB14K-00,KIT RICAMBI CONSIGLIATI ZK0FIBER 3D,ZK0FIBER 3D RECOMMENDED SPARE PARTS,ZK0 FIBRA KIT RICAMBI CONSIGLIATI 3D,
HG2088K-00,GRIFFE MANDR. TC ZK0 PUNTALE ZIGRINATO,ZK0 SPINDLE JAWS “TC” KNURLED TIP,ZK0 GRIFFE MANDRINO “TC” PUNTALE ZIGRINATO,
NC5240W-00,KT ZK0 CALOTTE CONNETTORI METALLICI,ZK0 METAL CONNECTOR CAP KIT,ZK0 KIT CALOTTE CONNETTORI METALLICI,
HK1499X-00,KIT CARRELLO SOLLEVAMENTO FASCIO ZK0,ZK0 BUNDLE LIFTING CARRIAGE KIT,ZK0 KIT CARRELLO SOLLEVAMENTO FASCIO,
XM6988S-00,KIT CONETT. FOTOB. SCARICO ZK0,ZK0 UNLOAD. LIGHT CURTAIN CONNECTORS KIT,ZK0 KIT CONETTORI FOTOBARRIERE SCARICO,
UK1174F-00,ZK0 KIT COPERTURA ASSE ZONA LUNETTA,ZK0 STEADY REST AREA AXIS COVER KIT,,
DL2777X-00,KIT DISTANZ.ANC.BASAMENTO ZK0,ZK0 BASE ANCHORING SPACER KIT,ZK0 KIT DISTANZIALE ANCORAGGIO BASAMENTO,
SD0546G-00,KIT DOPPIO PIGNONE AP. LUNETTA ZK0,ZK0 STEADY REST OPENING DOUBLE PINION,ZK0 KIT DOPPIO PIGNONE APERTURA LUNETTA,
PF5331X-00,KIT FRIZIONE SPINT. CARICATORE ZK0,ZK0 LOADER PUSHER CLUTCH KIT,ZK0 KIT FRIZIONE SPINTORE CARICATORE,
NA5092J-00,KIT GRIFFA LUNETTA ZK0 GUIDA FOFIC,ZK0 KIT STEADY REST JAW GUIDA “FOFIC”,ZK0 KIT GRIFFA LUNETTA GUIDA “FOFIC”,
ZM0176Z-00,KIT GRIFFA ZK0 USARE KT0182,ZK0 JAW USE KIT KT0182,ZK0 KIT GRIFFA USARE KT0182,
AV0873K-00,KIT GRIFFE ALTO GRIP MANDRINO ZK0,ZK0 HIGH GRIP SPINDLE JAWS KIT,ZK0 KIT GRIFFE ALTO GRIP MANDRINO,
VL7352J-00,KIT GRUPPO CARRELLO ESTRATTORE ZK0,ZK0 EXTRACTOR CARRIAGE KIT,ZK0 KIT GRUPPO CARRELLO ESTRATTORE,
ML3756C-00,KIT INNESTI PORTALE ZK0,ZK0 PORTAL COUPLER KIT,ZK0 KIT INNESTI PORTALE,
SU4070V-00,KT LUNETTA ZK0 USARE 9700000007,ZK0 STEADY REST KIT USE 9700000007,ZK0 KIT LUNETTA USARE 9700000007,
DP7611B-00,KT LUNETTA ZK0 USARE 9700000008,ZK0 STEADY REST KIT USE 9700000008,ZK0 KIT LUNETTA USARE 9700000008,
VL2476Y-00,KIT MANDR.ZK0 USARE 9700000009,ZK0 SPINDLE KIT USE 9700000009,ZK0 KIT MANDRINO USARE 9700000009,
LG9318G-00,KIT NASETTI ZK0 118-204 POSTERIORE MM03,ZK0 REAR NOSES KIT D118-D204 MM03,ZK0 KIT NASETTI D118-D204 POSTERIORE MM03,
TR8319J-00,KIT NASETTI ZK0 2 - 92 ANTERIORE MM03,ZK0 FRONT NOSES KIT D2-D92 MM03,ZK0 KIT NASETTI D2-D92 ANTERIORE MM03,
XV5395T-00,KIT NASETTI ZK0 2 - 92 POSTERIORE MM03,ZK0 REAR NOSES KIT D2-D92 MM03,ZK0 KIT NASETTI D2-D92 POSTERIORE MM03,
RB9547H-00,KIT NASETTI ZK0 30-120 ANTERIORE MM03,ZK0 FRONT NOSES KIT D30-D120 MM03,ZK0 KIT NASETTI D30-D120 ANTERIORE MM03,
CN8760H-00,KIT NASETTI ZK0 30-120 POSTERIORE MM03,ZK0 REAR NOSES KIT D30-D120 MM03,ZK0 KIT NASETTI D30-D120 POSTERIORE MM03,
CZ2316G-00,KIT NASETTI RINF.X TUBO 118-206 ZK0,ZK0 NOSE KIT D118-D206 REINFORCED TUBES,ZK0 KIT NASETTI RINFORZATI TUBI D118-D206,
NC6893P-00,KIT NASETTO ZK0 118-204 ANT.MM03,ZK0 FRONT NOSE KIT D118-D204 MM03,ZK0 KIT NASETTO D118-D204 ANT.MM03,
RS8303K-00,KIT PIGNONE APERTURA LUNETTA ZK0,ZK0 STEADY REST OPENING PINION KIT,ZK0 KIT PIGNONE APERTURA LUNETTA,
ZV2307W-00,KIT PORTAGRIFFA ZK0,ZK0 HOLDER JAW KIT,ZK0 KIT PORTAGRIFFA,
LM3714W-00,KIT ZK0 RICAMBI AGGIUNTIVI FEGOKAN,ZK0 ADDITIONAL SPARE PARTS “FEGOKAN”,ZK0 KIT RICAMBI AGGIUNTIVI “FEGOKAN”,
XL8330D-00,ZK0 - KIT RICAMBI CONSIGLIATI 3D,ZK0 3D RECOMMENDED SPARE PARTS,ZK0 KIT RICAMBI CONSIGLIATI 3D,
EA3166L-00,KT RIPARI CREMAGLIERA ASSE X ZK0,ZK0 “X” AXIS RACK GUARDS KIT,ZK0 KIT RIPARI CREMAGLIERA ASSE “X”,
UU2069F-00,KT SOSTIT. SEEGHER MOLLA PINZA ZK0,ZK0 CIRCLIP CLAMP SPRING REPLACEMENT KIT,ZK0 KIT SOSTITUZIONE SEEGHER MOLLA PINZA,
WS7521E-00,KIT ZK0 TESTA TILT,ZK0 TILT HEAD KIT,ZK0 KIT TESTA TILT,
ZR6643L-00,ZK0 KIT VITE BEPIL ASSE W,ZK0 “BEPIL” SCREW KIT “W” AXIS,ZK0 KIT VITE “BEPIL” ASSE “W”,
AW6726T-00,KIT LAYOUT ZK0 12500 MODIFICATO,"ZK0-93,5m MODIFIED LAYOUT KIT","ZK0 L=12,5m KIT LAYOUT MODIFICATO",
ZV1780C-00,PORTAGRIFFA ZK0 9578900111 DA V.1,ZK0 HOLDER JAW KIT 9578900111 FROM V1,ZK0 PORTAGRIFFA 9578900111 DA V1,
BH2057M-00,RICAMBI CONSIGLIATI TUBI PULITI ZK0,ZK0 RECOMMENDED SPARE PARTS TUBES CLEAN,ZK0 KIT RICAMBI CONSIGLIATI TUBI PULITI,
NZ0HK24K-00,KIT RICAMBI ZK0 TUBE CUTTER CO2,ZK0-CO2 SOCIFEFIGT RECOMM. SPARE PARTS,ZK0-CO2 SOCIFEFIGT KIT RICAMBI,
YB0DAVRG76B-00,KIT RICAMBI ZK0 TUBE CUTTER FIBRA,ZK0-FIBER SOCIFEFIGT RECOMM. SPARE PARTS,ZK0-FIBRA SOCIFEFIGT KIT RICAMBI,
SNL2478569-01,ZK0 ULA - AGGIORNAMENTO CHIOCCIOLA Gek,ZK0-A.P.U. “GEK” SCROLL REPLACEMENT,ZK0-ULA AGGIORNAMENTO CHIOCCIOLA “GEK”,
JX5TJ27L-00,KIT RICAMBI ZK0.92 CO2,ZK0.92-CO2 SPARE PARTS,ZK0.92-CO2 KIT RICAMBI,
DVRY515K26R-00,KIT RIC. CONSIGLIATI ZK0.92 CO2,ZK0.92-CO2 RECOMMENDED SPARE PARTS,ZK0.92-CO2 KIT RICAMBI CONSIGLIATI,
RL5RYNVL43Z-00,KIT RICAMBI ZK0.92 FIBER,ZK0.92-FIBER SPARE PARTS,ZK0.92-FIBER KIT RICAMBI,
TNUA446D40B-00,KIT RIC. CONSIGLIATI ZK0.92 FIBER,ZK0.92-FIBER RECOMMENDED SPARE PARTS,ZK0.92-FIBER KIT RICAMBI CONSIGLIATI,
VJYZ0U31Y-00,KIT RICAMBI CONSIGLIATI ZK0.32 CO2,ZK0.32-CO2 RECOMMENDED SPARE PARTS,ZK0.32-CO2 KIT RICAMBI CONSIGLIATI,
LHDK8M73U-00,KIT RIC. CONSIGLIATI ZK0.32 FIBER,ZK0.32-FIBER RECOMMENDED SPARE PARTS,ZK0.32-FIBER KIT RICAMBI CONSIGLIATI,
YB4459F-00,KT RICAMBI ZK0.32 COGAKEL 2020,ZK0.32 SPARE PARTS “COGAKEL 2020”,ZK0.32 KIT RICAMBI “COGAKEL 2020”,
EA4375-00,KT RICAMBI ZK0.32 COGAKEL 2022,ZK0.32 SPARE PARTS “COGAKEL 2022”,ZK0.32 KIT RICAMBI “COGAKEL 2022”,
AE0496U-00,KIT RIC.CONSIGLIATI ZK097D,ZK097D RECOMMENDED SPARE PARTS,ZK097D KIT RICAMBI CONSIGLIATI,
UZ8032V-00,PIECES ZK032 - 30 PAVUFEN,ZK032 N°30 PIECES “PAVUFEN”,ZK032 N°30 PIECES “PAVUFEN”,
KV6120L-00,KIT RIC.CONSIGLIATI ZK037D,ZK037D RECOMMENDED SPARE PARTS,ZK037D KIT RICAMBI CONSIGLIATI,
MRZC0DZN77X-00,ZK0 FIBER - KIT RICAMBI CONSIGLIATI,ZK0-FIBER RECOMMENDED SPARE PARTS,ZK0FIBRA KIT RICAMBI CONSIGLIATI,
NB1077W-00,KIT TRASPORTO LASER CUT ZK0 FIBRA,ZK0FIBRA CONVEYOR LASER “CUT” KIT,ZK0FIBRA KIT TRASPORTO LASER “CUT”,
GL9205J-00,KIT RICAMBI ZK1 FIBRA,ZK1-FIBER SPARE PARTS,ZK1-FIBRA KIT RICAMBI,
HH6361B-00,KIT RICAMBI FIERA ZK1 FIBRA,ZK1-FIBRA SPARE PARTS FAIR,ZK1 FIBRA KIT RICAMBI FIERA,
YY9074K-00,ZK1 - KIT ASPIRAZIONE,ZK1 SUCTION KIT,ZK1 KIT ASPIRAZIONE,
CB5596V-00,ZK1 - KIT RICAMBI METAL ZIZR,ZK1 SPARE PARTS “METAL ZIZR”,ZK1 KIT RICAMBI “METAL ZIZR”,
ML7926B-00,ZK1 - KIT RICAMBIO MANDRINO SX,ZK1 LH SPINDLE SPARE PART,ZK1 KIT RICAMBIO MANDRINO SINISTRO,
CSE48373-00,ZK1 KIT RICAMBIO SENSORE RIC.SALDAT.,ZK1 WELD SEARCH SENSOR SPARE PART,ZK1 KIT RICAMBIO SENSORE RICERCA SALDATURA,
ZTY24260-00,KIT SOSTITUZ. CATENA Y ZK1 ZERETITEFN,ZK1 “Y” CHAIN REPLACEM. “ZERETITEFN”,ZK1 KIT SOSTITUZIONE CATENA “Y” “ZERETITEFN”,
FL8371G-00,RICAMBI ZK1 FIERE 2012,ZK1 SPARE PARTS FAIRS 2012,ZK1 RICAMBI FIERE 2012,
NH8959F-00,ZK1 - RIPRISTINO LAGET ZERETITEF,ZK1 LAGET RESTORE “ZERETITEFN”,ZK1 RIPRISTINO LAGET “ZERETITEF”,
XA3598S-00,KIT RICAMBI ZK128D DA VERS. 02,ZK128D SPARE PARTS FROM V2,ZK128D KIT RICAMBI DA V2,
EC5009N-00,VOKUN 8 RULLI MDX 15-70,PERACULR RH SPINDLE 8 ROLLERS D15-D70,PERACULR 8 RULLI MANDRINO DESTRO D15-D70,
AD2998A-00,RICAMBI VOKUN FIBRA,PERACULR-FIBER SPARE PARTS,PERACULR FIBRA KIT RICAMBI,
CT5450B-00,KIT RICAMBI VOKUN FIBRA (MAN),PERACULR-FIBER (MANUAL LENS) SPARE PARTS,PERACULR FIBRA KIT RICAMBI (FOCALE MANUALE),
NS8313N-00,KIT RICAMBI VOKUN FIBRA (MOT),PERACULR-FIBER (MOTOR. LENS) SPARE PARTS,PERACULR FIBRA KIT RICAMBI (FOCALE MOTORIZZATA),
FS6830W-00,RICAMBI VOKUN FIBRA (SENZA FOC.),PERACULR-FIBER (WITHOUT LENS) SPARE PARTS,PERACULR FIBRA KIT RICAMBI (SENZA FOCALE),
KJ8147Z-00,KIT ALLIN. CAR TUBO PERACULR,PERACULR TUBE LOADER ALIGNMENT KIT,PERACULR KIT ALLINEAMENTO CARICATORE TUBO,
NZ2841Y-00,KIT ATTREZZATURA TUBO PERACULR,PERACULR TUBE EQUIPMENT KIT,PERACULR KIT ATTREZZATURA TUBO,
WE6337G-00,PERACULR KT CAVO PROFIBUS LASER,PERACULR LASER PROFIBUS CABLE KIT,PERACULR KIT CAVO PROFIBUS LASER,
KR2859B-00,KIT MANDRINO SX VOKUN,PERACULR LH SPINDLE KIT,PERACULR KIT MANDRINO SINISTRO,
ES8732M-00,KT PERACULR MORSETTA MANDRINO SX,PERACULR LH SPINDLE CLAMP KIT,PERACULR KIT MORSETTA MANDRINO SINISTRO,
UNB34056-00,KIT PIEDINI PERACULR,PERACULR FEET KIT,PERACULR KIT PIEDINI,
WE0334C-00,KIT RIC STRUTTURA MANDR DX VOKUN,PERACULR RH SPINDLE STRUCTURE SPARE PARTS,PERACULR KIT RICAMBI STRUTTURA MANDRINO DESTRO,
YH7954E-00,KIT RIC STRUTTURA MANDR SX VOKUN,PERACULR LH SPINDLE STRUCTURE SPARE PARTS,PERACULR KIT RICAMBI STRUTTURA MANDRINO SINISTRO,
XT6884B-00,RICAMBI PERACULR,PERACULR SPARE PARTS,PERACULR KIT RICAMBI,
YB4470D-00,PERACULR - KIT RICAMBI ZOBAKIN,PERACULR SPARE PARTS “ZOBAKIN”,PERACULR KIT RICAMBI “ZOBAKIN”,
VY2998L-00,RICAMBI PERACULR PEBATOK,PERACULR SPARE PARTS “PEBATOK”,PERACULR KIT RICAMBI “PEBATOK”,
GY9194R-00,KIT RICAMBI PERACULR TETEK,PERACULR SPARE PARTS “TETEK”,PERACULR KIT RICAMBI “TETEK”,
BB4788M-00,KIT RIC CORPO ROT.MANDRINO DX VOKUN,PERACULR RH SPINDLE ROTAT.BODY SPARE PART,PERACULR KIT RICAMBI CORPO ROTANTE MANDRINO DESTRO,
TU5192E-00,KIT RIC CORPO ROT.MANDRINO SX VOKUN,PERACULR LH SPINDLE ROTAT.BODY SPARE PART,PERACULR KIT RICAMBI CORPO ROTANTE MANDRINO SINISTRO,
BRZ87478-00,PERACULR - KIT RIC. ENCODER 6506300105-00,PERACULR ENCODER 6506300105 SPARE PARTS,PERACULR KIT RICAMBI ENCODER 6506300105-00,
YT6041R-00,KIT RICAMBI PERACULR FIERA,PERACULR SPARE PARTS FAIR,PERACULR KIT RICAMBI FIERA,
SA5820B-00,KIT RICAMBIO CUFFIA MANDRINI VOKUN,PERACULR SPINDLES BOOT SPARE PART,PERACULR KIT RICAMBIO CUFFIA MANDRINI,
FAZ35237-00,VOKUN-KIT RIPRIST.PROFILO APERTI,PERACULR OPEN PROFILES RESTORE KIT,PERACULR KIT RIPRISTINO PROFILI APERTI,
DSK56449-00,AD.ZK MANDRINO DX - STRUTTURA,PERACULR RH SPINDLE STRUCTURE,PERACULR STRUTTURA MANDRINO DESTRO,
XAE95066-00,AD.ZK MANDRINO SX - STRUTTURA,PERACULR LH SPINDLE STRUCTURE,PERACULR STRUTTURA MANDRINO SINISTRO,
VD8020U-00,MATERIALE DI RIPRISTINO ZK1COMBO,PERACULR RESTORE MATERIAL,PERACULR MATERIALE DI RIPRISTINO,
KJ2266R-00,VOKUN RULLO R4 V.9,PERACULR ROLLER R4 V9,PERACULR RULLO R4 V9,
NN4013V-00,VOKUN-SOSTITUZ. TPM25/21 CON TPM+,PERACULR TPM25/21 REPLACEMENT,PERACULR SOSTITUZIONE TPM25/21,
GDPWJHF53V-00,KIT RICAMBI CONS. DODEVE EVO,DODEVE EVO RECOMMENDED SPARE PARTS,DODEVE EVO KIT RICAMBI CONSIGLIATI,
NS-SCX-43Y-00,DODEVE_EVO-KIT RICAMBI RID. V----,DODEVE EVO SPARE PARTS,DODEVE EVO KIT RICAMBI RID. V----,
XR-RYBES7R-00,DODEVE-KIT RICAMBI PER USATO,DODEVE SECONDHAND SPARE PARTS,DODEVE KIT RICAMBI PER USATO,
UR8111X-00,PIECES DODEVE ET ZK96-72 PAVUFEN,DODEVE/ZK96 N°30 PIECES “PAVUFEN”,DODEVE/ZK96 N°30 PIECES “PAVUFEN”,
SB4053W-00,KIT MORSA BISTABILE W358SA-W798SA,W358SA/W798SA BISTABLE CLAMP KIT,W358SA/W798SA KIT MORSA BISTABILE,
DSZ58268-00,MAT.COLLAUDO METALLOPROD. DEZ,METAL TESTING MATERIAL PRODUCTION DEZ,MATERIALE COLLAUDO METALLO PRODUZIONE DEZ,
JMX99218-00,MAT.COLLAUDO METALLOPROD. FINALE,MATERIAL TESTING METAL FINAL PRODUCTION,MATERIALE COLLAUDO METALLO PRODUZIONE FINALE,
ZHG92417-00,MAT.COLLAUDO METALLOPROD. PROVE,MATERIAL TESTING METAL PRODUCTION TEST,MATERIALE COLLAUDO METALLO PRODUZIONE PROVE,
SG3898W-00,MIX PULIZIA PARTI OTTICHE DA 1UM,OPTICAL PARJB 9µm CLEANING MIX,MIX PULIZIA PARTI OTTICHE 1µm,
BU9577B-00,MODIFICA BANCO FIBRA/CO2,FIBER/CO2 BENCH MODIFICATION,,
AK4138M-00,MODIFICA TESTA AK HP1.5 M CAN,“AK HP1.5 M CAN” HEAD MODIFICATION,MODIFICA TESTA “AK HP1.5 M CAN”,
FH3576G-00,MOD. VITE BLOCCAGGIO + LIMITAZIONE CORSA,MODIFIC. LOCKING SCREW+STROKE LIMITATION,MODIFICA VITE BLOCCAGGIO+LIMITAZIONE CORSA,
SM3601W-00,MODIFICHE TUBI FORATI,DRILLED TUBE MODIFICATIONS,,
YH3010D-00,MOTORE IDRAULICO LECICOT,HYDRAULIC MOTOR “LECICOT”,MOTORE IDRAULICO “LECICOT”,
GC6330P-00,KIT TRASF. FY922 DA 3000 IN 4500,"FY922 CONVERSION KIT FROM L=3m TO L=4,5m","FY922 KIT TRASFORMAZIONE DA L=3m IN L=4,5m",
ZT4524D-00,KIT MODIFICA PORTE GUMIDOBUC,GUMIDOBUC DOOR MODIFICATION KIT,GUMIDOBUC KIT MODIFICA PORTE,
DH6046A-00,KIT RINFORZO CULLE GUMIDOBUC,GUMIDOBUC CRADLE REINFORCEMENT KIT,GUMIDOBUC KIT RINFORZO CULLE,
ZK1718W-00,NUOVO FC TRASP.SFRIDI,NEW LIMIT SWITCH KIT SCRAP CONVEYOR,NUOVO FINECORSA TRASPORTATORE SFRIDI,
VA8093-00,PERNI SPECIALI D. 30 CON RONDELLE,SPECIAL D30 PINS WITH WASHERS,PERNI SPECIALI D30 CON RONDELLE,
RJ5182C-00,PRESSOSTATO ALIM.PIATTI IRREG.,FEEDING PRESSURE SWITCH IRREGULAR PLATE,PRESSOSTATO ALIMENTAZIONE PIATTI IRREGOLARI,
ND8118J-00,PULIZIA FIBRA 1UM MAT.INFIAMMABILE,FIBRE 1µm CLEANING KIT FLAMMABLE MATER.,PULIZIA FIBRA 1µm MATERIALE INFIAMMABILE,
PU4227X-00,PULIZIA TECN. FIBRA 1UM,FIBRE 1µm TECHNOLOGICAL CLEANING KIT,PULIZIA TECNOLOGICA FIBRA 1µm,
CH9187K-00,PURGING (NUOVO O PER AGGIORNAMENTO),PURGING (NEW OR UPGRADE),,
CK2093H-00,RICAMBI LASER EX ATI PER CUKIMEKODO,SPARE PARTS LASER EX “ATI” “CUKIMEKODO”,RICAMBI LASER EX “ATI” PER “CUKIMEKODO”,
UU6967F-00,KIT SEL. BLOCCO FUNZIONAMENTO BQ592,BQ592 OPERATION LOCK SELECTOR KIT,BQ592 KIT SELETTORE BLOCCO FUNZIONAMENTO,
FD3720J-00,KIT SOSTITUZIONE PLC STATICO BQ592,BQ592 STATIC PLC REPLACEMENT KIT,BQ592 KIT SOSTITUZIONE PLC STATICO,
EA8407W-00,RULLIERA CARIC. PIATTI E SAGOMATI,FLAT AND SHAPED LOADER ROLLER BED,RULLIERA CARICATORE PIATTI E SAGOMATI,
TB8459R-00,RULLO L=100 PER R2 V.1-7,ROLLER L=100 FOR R2 V1-V7,RULLO L=100 PER R2 V1-V7,
XV1071J-00,RULLO L=100 PER R2 V.8,ROLLER L=100 FOR R2 V8,RULLO L=100 PER R2 V8,
MV7805U-00,RULLO L=85 PER R1-R3 V.1-7,ROLLER L=85 FOR R1-R3 V1-V7,RULLO L=85 PER R1-R3 V1-7,
ND0745F-00,RULLO L=85 PER R1-R3 V.8,ROLLER L=85 FOR R1-R3 V8,RULLO L=85 PER R1-R3 V8,
PG6728R-00,KIT CONN. DISTRIB. BLOCC. JJ638,JJ638 LOCKING DISTRIBUTOR CONNECTOR KIT,JJ638 KIT CONNETTORE DISTRIBUTORE BLOCCAGGI,
MF2385E-00,SENSORI ROTAZ.PINZE PORTALE 6500,"PORTAL CLAMP ROTATION SENSORS L=6,5m","SENSORI ROTAZIONE PINZE PORTALE L=6,5m",
KB3914N-00,SENSORI ROTAZ.PINZE PORTALE 8500,"PORTAL CLAMP ROTATION SENSORS L=8,5m","SENSORI ROTAZIONE PINZE PORTALE L=8,5m",
CG6206Z-00,SIMULATORE DI COLLAUDO CARIC TUBO,BAR LOADER TESTING SIMULATOR,SIMULATORE DI COLLAUDO CARICATORE BARRE,
VT9305Z-00,SOST. DA KT0192,REPLACEMENT FROM KT0192,SOSTITUITO DA KT0192,
LV8066N-00,SOST. FILTRO F12ST / 7194000403,F12ST-7194000403 FILTER REPLACEMENT,SOSTITUZIONE FILTRO F12ST-7194000403,
BH5056B-00,SOSTITUZIONE MOTORE TESTA PEKIR,“PEKIR” HEAD MOTOR REPLACEMENT,SOSTITUZIONE MOTORE TESTA “PEKIR”,
KTD0490336-01,SOSTITUZIONNE PINZA PN. DA ROKODEV A POK,PNEUM. CLAMP REPLAC. FROM ROKODEV TO POK,SOSTITUZIONNE PINZA PNEUMATICA DA ROKODEV A POK,
KG5177L-00,KIT MOD.YK442 CON MOTO V.RID.VARK,YK442 MOD. W MOTOVARIATOR REDUCER “VARK”,YK442 KIT MODIFICA CON MOTOVARIATORE RIDUTTORE “VARK”,
CX2099G-00,KIT MO.YK442 PERNO ARR.MAT.M12X1.25,"YK442 MATERIAL STOP PIN KIT M12x1,25","YK442 KIT PERNO ARRESTO MATERIALE M12x1,25",
KE0601A-00,KIT SOSTITUZ. MOTO.VARIATORE YK442,YK442 MOTOR VARIATOR REPLACEMENT KIT,YK442 KIT SOSTITUZIONE MOTOVARIATORE,
NC1418N-00,KIT TRASF YK442 SENZA FY322,YK442 CONVERSION KIT WITHOUT FY322,YK442 KIT TRASFORMAZIONE SENZA FY322,
WR9635Y-00,KIT RICAMBI CONSIGLIATI YK449,YK449 RECOMMENDED SPARE PARTS,YK449 KIT RICAMBI CONSIGLIATI,
HD3242Z-00,SUPPORTO INTERMEDIO AGG. + DENTE ALL.,ADDIT. INTERMED. SUPPORT+EXTENDED TOOTH,SUPPORTO INTERMEDIO AGGIUNTIVO + DENTE ALLUNGATO,
PJ3734J-00,KIT F.C. 1^ RISCONTRO MANUALE QG532,QG532 LIMIT SWITCH 1° MANUAL LOCATOR,QG532 KIT FINECORSA 1° RISCONTRO MANUALE,
HP7870L-00,KIT F.C. 1^ RISCONTRO VISUAL. QG532,QG532 LIMIT SWITCH 2° DISPLAYED LOCATOR,QG532 KIT FINECORSA 1° RISCONTRO VISUALIZZATO,
GV3588V-00,KIT F.C. 2^ RISCONTRO MANUALE QG532,QG532 LIMIT SWITCH 2° MANUAL LOCATOR,QG532 KIT FINECORSA 2° RISCONTRO MANUALE,
EG6253F-00,KIT PORTELLONE QG 532,QG532 DOOR KIT,QG532 KIT PORTELLONE,
DY6741M-00,KIT RIDUZIONE PRESSIONE MORSA QG532,QG532 CLAMP PRESSURE REDUCTION KIT,QG532 KIT RIDUZIONE PRESSIONE MORSA,
AT1234P-00,KIT QG532 Sost. inverter Masacomirs,QG532 “MASACOMIRS” INVERTER REPLACEMENT,QG532 KIT SOSTITUZIONE INVERTER MASACOMIRS,
ET0269C-00,KIT RICAMBI QG532+YK442,QG532/YK442 SPARE PARTS,QG532/YK442 KIT RICAMBI,
VM6718D-00,RICAMBI CONSIGL QG532+YK442 TOGUPU,QG532/YK442 RECOMM. SPARE PARTS “TOGUPU”,QG532/YK442 RICAMBI CONSIGLIATI “TOGUPU”,
LN3369P-00,KIT SOST.CAVI CANALINA ASSE X WF722,WF722 “X” AXIS CABLE DUCT REPLACEMENT,WF722 KIT SOSTITUZIONE CAVI CANALINA ASSE “X”,
RA5288Z-00,TOOLS KIT DEZUK - ORDER DD 31.7.14,TOOLS KIT DEZUK ORDER DD 31.7.14,TOOLS KIT DEZUK ORDER DD 31.7.14,
ZS2077C-00,PRESSOSTATO MORSA JB52,JB52 CLAMP PRESSURE SWITCH KIT,JB52 KIT PRESSOSTATO MORSA,
JC7323T-00,KIT MOD.IMP.IDR.RISCONTRO POS. JB59,JB59 HYDR.SYS. MOD.KIT POSITION. LOCATOR,JB59 KIT MODIFICA IMPIANTO IDRAULICO RISCONTRO POSIZIONATO,
SG6612H-00,KIT RICAMBI PER SOSTENITORE JB59,JB59 SUPPORTER SPARE PARTS,JB59 KIT RICAMBI PER SOSTENITORE,
ER6072B-00,KIT SOSTIT. LIVELLO EMULSIONE JB59,JB59 EMULSION LEVEL REPLACEMENT KIT,JB59 KIT SOSTITUZIONE LIVELLO EMULSIONE,
LN8444J-00,KIT JB59-P+YK442 TUSORIV,JB59-P-YK442 KIT “TUSORIV”,JB59-P-YK442 KIT TUSORIV,
BY6465F-00,KIT RICAMBI CONSIGLIATI JB53,JB53 RECOMMENDED SPARE PARTS,JB53 KIT RICAMBI CONSIGLIATI,
YS4708N-00,JB53 KIT RICAMBI CONSIGLIATI 1 ANNO,JB53 RECOMMENDED SPARE PARJB 9 YEAR,,
VK0731B-00,KIT RICAMBIO MOTORE PEKIR JB53,JB53 “PEKIR” MOTOR SPARE PART,JB53 KIT RICAMBIO MOTORE PEKIR,
JA0754T-00,KIT RINFORZO PERNO SEP. POST. JB53,JB53 REAR SEPARATOR PIN REINFORCEM. KIT,JB53 KIT RINFORZO PERNO SEPARATORE POSTERIORE,
PP4220L-00,KIT JB53 SOFFIO AGGIUNTIVO PULIZIA BANCO,JB53 ADDIT. BLOWING KIT BENCH CLEANING,JB53 KIT SOFFIO AGGIUNTIVO PULIZIA BANCO,
FV9466P-00,KIT JB53-SOST.HNC100 DA V.02 A V.03,JB53 HNC100 FROM V2 TO V3 REPLACEMENT,JB53 KIT SOSTITUZIONE HNC100 DA V2 A V3,
BV9992R-00,JB53 SPARE PARTS KIT,JB53 SPARE PARTS KIT,JB53 KIT SPARE PARTS,
BK2452D-00,KIT TUBI IDR.DOPPIA TELA JB53 X ATI,JB53 DOUBLE PLY HYDRAULIC TUBES KIT “ATI,JB53 KIT TUBI IDRAULICI DOPPIA TELA “ATI”,
RC9486B-00,KIT JB53 PER TUBI PESANTI,JB53 HEAVY TUBES KIT,JB53 KIT TUBI PESANTI,
AK8847Y-00,KIT JB53+YK449 - TOZ MOL,JB53-YK449 “TOZ MOL” KIT,JB53-YK449 KIT “TOZ MOL”,
TG7662B-00,KIT JB53-YK443-FY322 LEME LICU,JB53-YK443-FY322 KIT “LEME LICU”,JB53-YK443-FY322 KIT “LEME LICU”,
FH6382P-00,KIT RICAMBI JB53 - YK443 - FY322,JB53-YK443-FY322 SPARE PARTS,JB53-YK443-FY322 KIT RICAMBI,
FG2231J-00,KIT RIC JB53 ELE - YK443 UNI - FY322,JB53-YK443-FY322 ELECTRIC SPARE PARTS,JB53-YK443-FY322 KIT RICAMBI ELETTRICI,
VJ9392F-00,KIT SOST. MOTORI KIB DISP. TUBI PULITI,TUBE CLEANER “KIB” MOTOR REPLACEMENT KIT,TUBI PULITI KIT SOSTITUZIONE MOTORI ”KIB”,
PM2641D-00,MOKENIR KIT RICAMBI LIFAS,MOKENIR SPARE PARTS “LIFAS”,MOKENIR KIT RICAMBI “LIFAS”,
EX2744M-00,KIT RICAMBIO MOTORE PEKIR MOKENIR,MOKENIR “PEKIR” MOTOR SPARE PART,MOKENIR KIT RICAMBIO MOTORE PEKIR,
HR5670W-00,KIT SELLE LAVAGGIO TWIN ROBUSTE,MOKENIR RUGGED WASHING SADDLES KIT,MOKENIR KIT SELLE LAVAGGIO ROBUSTE,
PN5075S-00,UGELLO SOFFIO MAGGIORATO,ENLARGED BLOWING NOZZLE,,
PZ9616S-00,KIT LUBRIFICAZIONE ESTERNA ULA,ADD.PROC.UNITS EXTERNAL LUBRICATION KIT,ULA KIT LUBRIFICAZIONE ESTERNA,
TA8393X-00,SOSTITUZIONE CHIOCCIOLA GEK ULA-BUCU,A.P.U. “GEK” SCROLL REPLACEMENT “PIK.RIK.RIK.”,ULA SOSTITUZIONE CHIOCCIOLA “GEK” “PIK.RIK.RIK.”,
LV1222L-00,X2 RICAMBI PLC A PS416 RAP144/2003,X2 PLC A PS416 SPARE PARTS,X2 RICAMBI PLC A PS416,
ASTCMPJUT-01,ATTIVITA' ORE A PERDERE,ACTIVITY HOURS TO LOSE,ATTIVITÀ ORE A PERDERE,
KGX98872-00,TESTINE REG. SG.R. 10-65 SM. 45°,ADJUSTABLE HEADS 10-65 CH.45°,TESTINE REGOLABILI SG.R. 10-65 SMUSSO 45°,
CPC609090-00,NOTO-TESTINE REGOLABILI PER SMUSSI 30-45,ADJUSTABLE HEADS CHAMFERS 30°-45° “NOTO”,,
DF3392D-00,RICAMBI TESTINE REGOLABILI,ADJUSTABLE HEADS SPARE PARTS,,
PF2346X-00,TESTINA MONOLITICA REGOLABILE,ADJUSTABLE MONOLITHIC HEAD,,
ZH0656P-00,TESTINA SUNENA SG.RAPIDO REGOLABILE,ADJUSTABLE QUICK RELEASE HEAD,TESTINA SUNENA A SGANCIO RAPIDO REGOLABILE,
VL9206L-00,FG02-ABS50 ADJ.HEADS 12-65 (30-45^),ADJUSTMENT HEADS 12-65 (30°-45°) ABS50,ABS50 ADJ.HEADS 12-65 (30-45°),
DB1151M-00,-ABS50 ADJ.HEADS 45-80(15-30-45,ADJUSTMENT HEADS 45-80(15°-30°-45°)ABS50,ABS50 ADJ.HEADS 45-80(15-30-45),
HTR51322-00,-SET REGOL. 10-65 (10°/15°/30°/45°),ADJUSTMENT SET 1065 (10°/15°/30°/45°),SET REGOLAZIONE 1065 (10°/15°/30°/45°),
JXG96111-00,-SET REGOL.12-65 (15°/27.5°/30°/45°),"ADJUSTMENT SET 1265 (15°/27,5°/30°/45°)","SET REGOLAZIONE 1265 (15°/27,5°/30°/45°)",
NTM48753-00,-SET REGOL. 40-80 (10°/15°/30°/45°),ADJUSTMENT SET 4080 (10°/15°/30°/45°),SET REGOLAZIONE 4080 (10°/15°/30°/45°),
KF5839J-00,BLOCCO DI ALLUMINIO PER CONTROLLO,ALUMINUM BLOCK FOR CONTROL,,
UT7387T-00,AT00029374-01 CODICE DEZ,AT00029374-01 DEZ CODE,,
MZ1134E-00,AT00029375-01 CODICE DEZ,AT00029375-01 DEZ CODE,,
UR8613N-00,AT00029376-01 CODICE DEZ,AT00029376-01 DEZ CODE,,
BJ4839P-00,AT00029377-01 CODICE DEZ,AT00029377-01 DEZ CODE,,
HB02517558J-01,"SECU, TUBO FE360, 20X1.2 CLR60","SECU TUBE 20x1,2 CLR60 FE360","SECU, TUBO FE360, 20x1,2 CLR60",
AA67104155-01,SECU 22X1.25 CLR54 FE,"SECU TUBE 22x1,25 CLR54 IRON","SECU 22x1,25 CLR54 FE",
CV96668161-01,"SECU, tubo P265GH, 33.7x3.6","SECU TUBE 33,7x3,6 P265GH","SECU, tubo P265GH, 33,7x3,6",
FGC23461-00,SET per profilo Sasigi 6854_T,WZ02 PROFILE 6854_T “SASIGI”,SET PER PROFILO SASIGI 6854_T,
PX8187N-00,WZ02-UTENSILI FLOTTANTI D37.8,"WZ02 FLOATING TOOLS D37,8","WZ02-UTENSILI FLOTTANTI D37,8",
FX5544M-00,WZ02-UTENSILI FLOTTANTI D41,WZ02 FLOATING TOOLS D41,,
XF5792U-00,WZ02-UTENSILI FLOTTANTI D67.3,"WZ02 FLOATING TOOLS D67,3","WZ02-UTENSILI FLOTTANTI D67,3",
JCD57335-00,WZ02 - UTENSILE VADEKEN,WZ02 VADEKEN TOOL,,
BHG73812-00,WZ02 - Utensile per cava interna D35,WZ02 INTERNAL GROOVE TOOL D35,,
FAD64546-00,WZ02-UTENSILE INVERTER D21 D17.5,"WZ02 INVERTER TOOL D21-D17,5","WZ02-UTENSILE INVERTER D21 D17,5",
RCE02610-00,WZ02-UTENSILE INV. D22.2 CIT SONUK,"WZ02 INVERTER TOOL D22,2 “CIT SONUK”","WZ02-UTENSILE INVERTER D22,2 CIT SONUK",
FNH35184-00,WZ02 - UTENSILE INV. D41.8 s2.5,"WZ02 INVERTER TOOL D41,8x2,5","WZ02 - UTENSILE INV, D41,8 s2,5",
SGS50697-00,WZ02 - UTENSILI INV D23.2 s1.3,"WZ02 INVERTER TOOLS D23,2x1,3","WZ02 - UTENSILI INV D23,2 s1,3",
LHU66563-00,WZ02 - UT INV. D25.6 s6.75 ALU,"WZ02 INVERTER TOOLS D25,6x6,75 ALUMINIUM","WZ02 - UT INVERTER D25,6 s6,75 ALU",
EN9660S-00,WZ02-UTENSILI PEZZO OH2015,WZ02 TOOLS “PART OH2015”,,
RM4591X-00,WZ02-UTENSILI PEZZO OH2017,WZ02 TOOLS “PART OH2017”,,
NSY85071-00,WZ02 - Utensili Tolani D15.25,"WZ02 TOOLS D15,25 “TOLANI”","WZ02 - Utensili Tolani D15,25",
HAT39953-00,WZ02 - Utensili Tolani D18.25,"WZ02 TOOLS D18,25 “TOLANI”","WZ02 - Utensili Tolani D18,25",
LG8774G-00,WZ02-UTENSILI D23,WZ02 TOOLS D23,,
XT4497H-00,WZ02-UTENSILI PER D26,WZ02 TOOLS D26,,
EC6896J-00,WZ02-UTENSILI PER D52,WZ02 TOOLS D52,,
RS8776K-00,"WZ02 TUBOS BILOCERA:UTENS. DIAM 57,15","WZ02 TOOLS D57,15 “TUBOS BILOCERA”",,
MS9508F-00,"WZ02 TUBOS BILOCERA: AVV. DIAM 57,15","WZ02 WRAP-AROUND JAWS D57,15 “TUBOS”",,
RS2156N-00,PRISMI BANCO SEZIONI THEC.RAP427/02,BENCH PRISMS SPECIAL SECTIONS,PRISMI BANCO SEZIONI SPECIALI RAP427/02,
UZX66283-00,-BARENI REG. D10-65 (10-15-20-45),BORING BAR D10-65 (10-15-20-45),BARENI REG. D10-65 (10-15-20-45),
LM5627T-00,"BARENI X LAMATURA TUBO D.30 TH.1,5","BORING BAR FOR REAMING TUBE D30x1,5","BARENI X LAMATURA TUBO D30 TH1,5",
YP4774Z-00,BARENI X LAMATURA TUBO D.50 TH.10,BORING BAR FOR REAMING TUBE D50x10,BARENI X LAMATURA TUBO D50 TH10,
HC7699N-00,TESTINE SUNENA LAMATURA DIA. 76.4,"BORING HEADS D76,4","TESTINE SUNENA LAMATURA D76,4",
PFT48365-00,COLLA BOCCOLE V3,BUSHES GLUE V3,,
FY0722U-00,BOCCOLA PER ESTRATTORE DIA. 45,BUSHING X EXTRACTOR D45,BOCCOLA PER ESTRATTORE D45,
NK6295P-00,BOCCOLA PER ESTRATTORE DIA. 55,BUSHING X EXTRACTOR D55,BOCCOLA PER ESTRATTORE D55,
WC7830B-00,"OGIVA CALIBRATA DIA. 24,85","CALIBRATED OGIVE D24,85","OGIVA CALIBRATA D24,85",
VH7655R-00,"OGIVA CALIBRATA DIA. 32,10","CALIBRATED OGIVE D32,10","OGIVA CALIBRATA D32,10",
EX6172A-00,OGIVA CALIBRATA DIA. 38,CALIBRATED OGIVE D38,OGIVA CALIBRATA D38,
XK5076Z-00,"OGIVA CALIBRATA DIA. 62,50","CALIBRATED OGIVE D62,50","OGIVA CALIBRATA D62,50",
TJ0123X-00,PRISMA CARRELLO D32.23,"CARRIAGE PRISM D32,23","PRISMA CARRELLO D32,23",
DVZ33504-00,cartuccia per intestatura 9mm,CARTRIDGE FOR FACING 9mm,,
DYJ55068-00,- CARTUCCIA OSCILLANTE VADEKEN 15°,CARTRIDGE OSCILLATING CH.15° VADEKEN,CARTUCCIA OSCILLANTE VADEKEN 15°,
RN6041E-00,-SET CARTUCCE SM30? E SM15?,CARTRIDGES CH.30° - CH.15°,SET CARTUCCE SM30° E SM15°,
AB3251G-00,SET CARTUCCE X SM 15° ESTERN,CARTRIDGES EXTERNAL CH.15°,SET CARTUCCE X SM 15° ESTERNO,
LF5219U-00,SET CARTUCCE SM30? OD12-65,CARTRIDGES EXTERNAL CH.30° D12-65,SET CARTUCCE SM30° OD12-65,
JMG66566-00,Cartucce R3 BELE,CARTRIDGES R3 “BELE”,,
UB4499Y-00,CENTERING PIN D47,CENTERING PIN D47,,
DW4827V-00,ROT. ROMPITRU. LAMA SETT. D315 Z112,CHIPBREAKER BLADE D315 Z112,ROT. ROMPITRUCIOLO LAMA SETT. D315 Z112,
XLJ87418-00,pinza e ganascia D73.96,"CLAMP AND JAW D73,96","PINZA E GANASCIA D73,96",
XK9702B-00,VOV - TALIMK DIAM 36 (PART. 000139),CLAMP D36 (PART. 000139) “VOV - TALIMK”,,
FB3736C-00,GANASCE PER MORSA,CLAMP JAWS,,
RF8517Z-00,GAN.MORSA D.12 L=350 RAP 72/2003,CLAMP JAWS D12x350,GANASCIA MORSA D12x350 RAP72/2003,
MX6134Z-00,"COPPIA GANASCE MORSA D.25,4X2,8","CLAMP JAWS D25,4x2,8 N°2","COPPIA GANASCE MORSA D25,4x2,8",
TA0464K-00,"GANASCE MORSA DIAM. 25,5","CLAMP JAWS D25,5","GANASCE MORSA D25,5",
ZP3410Z-00,GAN.MORSA D.28 L=31 -RAP 84/03,CLAMP JAWS D28x31,GANASCIA MORSA D28x31 RAP84/03,
WX9588U-00,GAN. MORSA DIA. 30 RAP 132/2003,CLAMP JAWS D30,GANASCIA MORSA D30 RAP132/2003,
WX7537N-00,"GAN.MORSA D.35,9 L=35 -RAP 84/03","CLAMP JAWS D35,9x35","GANASCIA MORSA D35,9x35 RAP84/03",
CF7446H-00,GANASCE MORSA PER TB DIA 35 L=20,CLAMP JAWS D35x20,GANASCE MORSA PER TB D35x20,
JU8860W-00,GANASCE MORSA D.35X32,CLAMP JAWS D35x32,GANASCE MORSA D35x32,
FT8997M-00,GANASCE X MORSA DIAM 38 RAP195/05,CLAMP JAWS D38,GANASCE X MORSA D38 RAP195/05,
CU5660P-00,GANASCE MORSA D.38X32,CLAMP JAWS D38x32,GANASCE MORSA D38x32,
HP6042H-00,GANASCE MORSA DIAM 39.3 RAP131/2004,"CLAMP JAWS D39,3","GANASCE MORSA D39,3 RAP131/2004",
UG6523N-00,GAN.MORSA D. 40X1.5 -RAP 269,"CLAMP JAWS D40x1,5",GANASCIA MORSA D40x1.5 RAP269,
LJ3801H-00,GAN.MORSA D. 40X1.55-RAP 269,"CLAMP JAWS D40x1,55","GANASCIA MORSA D40x1,55 RAP269",
PM4672T-00,GANASCE MORSA D.40X32,CLAMP JAWS D40x32,GANASCE MORSA D40x32,
CK4922V-00,GANASCE MORSA PER TB DIA 42 L=24,CLAMP JAWS D42x24,GANASCE MORSA PER TB D42x24,
LG8008E-00,GANASCE MORSA D.42X39,CLAMP JAWS D42x39,GANASCE MORSA D42x39,
MJ5023E-00,GAN.MORSA D. 44X2 -RAP 269,CLAMP JAWS D44x2,GANASCIA MORSA D44x2 RAP269,
MB3167J-00,GAN.MORSA D.45 L=500 RAP 72/2003,CLAMP JAWS D45x500,GANASCIA MORSA D45x500 RAP72/2003,
PJ3601K-00,GANASCE MORSA D.46X42,CLAMP JAWS D46x42,GANASCE MORSA D46x42,
PH0574Y-00,GANASCE PER MORSA DIAM. 48,CLAMP JAWS D48,GANASCE PER MORSA D48,
ZJ0673F-00,GAN. MORSA D.48.35X1.50RAP116/02,"CLAMP JAWS D48,35x1,50","GANASCIA MORSA D48,35x1,50 RAP116/02",
ER3384S-00,GAN.MORSA D.50 L=35 -RAP 84/03,CLAMP JAWS D50x35,GANASCIA MORSA D50x35 RAP84/03,
YG4399W-00,GANASCE MORSA D.52X42,CLAMP JAWS D52x42,GANASCE MORSA D52x42,
EC3066T-00,GANASCE MORSA DIA 53 RAP322/04,CLAMP JAWS D53,GANASCE MORSA D53 RAP322/04,
PR3230L-00,GANASCE MORSA D.55X41 L=40,CLAMP JAWS D55x41x40,GANASCE MORSA D55x41x40,
MD9653M-00,GANASCE MORSA DIA 57.5 RAP322/04,"CLAMP JAWS D57,5","GANASCE MORSA D57,5 RAP322/04",
CK8023E-00,GANASCE MORSA D.58X47.2,"CLAMP JAWS D58x47,2","GANASCE MORSA D58x47,2",
GN0302M-00,GAN. MORSA D.61.5X1.25RAP116/02,"CLAMP JAWS D61,5x1,25","GANASCIA MORSA D61,5x1,25 RAP116/02",
PK3916N-00,GANASCE PER MORSA DIAM. 62,CLAMP JAWS D62,GANASCE PER MORSA D62,
KK4022B-00,GAN. MORSA D.62X1.50RAP 116/02,"CLAMP JAWS D62x1,50","GANASCIA MORSA D62x1,50 RAP116/02",
XC8342F-00,GAN. MORSA D.64.9X2.6 RAP 116/02,"CLAMP JAWS D64,9x2,6","GANASCIA MORSA D64,9x2,6 RAP116/02",
FR8934E-00,GAN.MORSA D.65.9 L=30 -RAP 84/03,CLAMP JAWS D65.9x30,GANASCIA MORSA D65.9x30 RAP84/03,
HD2659X-00,GANASCE MORSA D.65X52,CLAMP JAWS D65x52,GANASCE MORSA D65x52,
JF8402P-00,GAN. MORSA D.66.6X1.60RAP 116/02,"CLAMP JAWS D66,6x1,60","GANASCIA MORSA D66,6x1,60 RAP116/02",
HK3442S-00,GANASCE MORSA D.70.9X67.3,"CLAMP JAWS D70,9x67,3","GANASCE MORSA D70,9x67,3",
FZ5553C-00,GAN.MORSA D. 71X4.5 -RAP 269,"CLAMP JAWS D71x4,5","GANASCIA MORSA D71x4,5 RAP269",
FH3457S-00,GANASCE MORSA DIAM 79 RAP131/2004,CLAMP JAWS D79,GANASCE MORSA D79 RAP131/2004,
LR1090D-00,PRISMA MORSA D32.23,"CLAMP PRISM D32,23","PRISMA MORSA D32,23",
EF1136A-00,PRISMA MORSA D38.1,"CLAMP PRISM D38,1","PRISMA MORSA D38,1",
MA9686U-00,PRISMA MORSA D41.28,"CLAMP PRISM D41,28","PRISMA MORSA D41,28",
YA4549V-00,PRISMA MORSA D60,CLAMP PRISM D60,,
LP7794W-00,PRISMA MORSA D62,CLAMP PRISM D62,,
FM1236G-00,GAN.AVV. MORSA TUBO DIA. 17.2,"CLAMP WRAP-AROUND JAWS D17,2","GANASCE AVVOLGENTI MORSA TUBO D17,2",
XH6756R-00,GAN.AVV. MORSA TUBO DIA. 18.5,"CLAMP WRAP-AROUND JAWS D18,5","GANASCE AVVOLGENTI MORSA TUBO D18,5",
RZ2170M-00,GAN.AVV. MORSA TUBO DIA. 20,CLAMP WRAP-AROUND JAWS D20,GANASCE AVVOLGENTI MORSA TUBO D20,
AV0510D-00,GAN.AVV. MORSA TUBO DIA. 24,CLAMP WRAP-AROUND JAWS D24,GANASCE AVVOLGENTI MORSA TUBO D24,
GX3500Y-00,GAN.AVV. MORSA TUBO DIA. 28,CLAMP WRAP-AROUND JAWS D28,GANASCE AVVOLGENTI MORSA TUBO D28,
TX8150S-00,GAN.AVV. MORSA TUBO DIA. 30,CLAMP WRAP-AROUND JAWS D30,GANASCE AVVOLGENTI MORSA TUBO D30,
YY6053D-00,"GAN.AVV.MORSA TUBI DIA. 33,4-33,7","CLAMP WRAP-AROUND JAWS D33,4-33,7","GANASCE AVVOLGENTI MORSA TUBI D33,4-33,7",
ZT4895H-00,GAN.AVV. MORSA TUBO DIA. 37,CLAMP WRAP-AROUND JAWS D37,GANASCE AVVOLGENTI MORSA TUBO D37,
LB1287P-00,GAN.AVV. MORSA TUBO DIA. 44,CLAMP WRAP-AROUND JAWS D44,GANASCE AVVOLGENTI MORSA TUBO D44,
ZJ9156Y-00,GAN.AVV. MORSA TUBO DIA. 56,CLAMP WRAP-AROUND JAWS D56,GANASCE AVVOLGENTI MORSA TUBO D56,
ED5269E-00,GAN.AVV. MORSA TUBO DIA. 76.1,"CLAMP WRAP-AROUND JAWS D76,1","GANASCE AVVOLGENTI MORSA TUBO D76,1",
XR6721S-00,SERIE PRISMI AVV. MORSA DIA=12,CLAMP WRAP-AROUND PRISMS D12,SERIE PRISMI AVVOLGENTI MORSA D12,
DJ0398H-00,SERIE PRISMI AVV. MORSA DIA=13.5,"CLAMP WRAP-AROUND PRISMS D13,5","SERIE PRISMI AVVOLGENTI MORSA D13,5",
XV0560G-00,SERIE PRISMI AVV. MORSA DIA=14,CLAMP WRAP-AROUND PRISMS D14,SERIE PRISMI AVVOLGENTI MORSA D14,
UJ7522R-00,SERIE PRISMI AVV. MORSA DIA=15,CLAMP WRAP-AROUND PRISMS D15,SERIE PRISMI AVVOLGENTI MORSA D15,
JK6232P-00,SERIE PRISMI AVV. MORSA DIA=15.5,"CLAMP WRAP-AROUND PRISMS D15,5","SERIE PRISMI AVVOLGENTI MORSA D15,5",
DE4931R-00,SERIE PRISMI AVV. MORSA DIA=16,CLAMP WRAP-AROUND PRISMS D16,SERIE PRISMI AVVOLGENTI MORSA D16,
SA0688N-00,SERIE PRISMI AVV. MORSA DIA=18,CLAMP WRAP-AROUND PRISMS D18,SERIE PRISMI AVVOLGENTI MORSA D18,
ZD1904L-00,SERIE PRISMI AVV. MORSA DIA=19,CLAMP WRAP-AROUND PRISMS D19,SERIE PRISMI AVVOLGENTI MORSA D19,
GL8500J-00,SERIE PRISMI AVV. MORSA DIA=20,CLAMP WRAP-AROUND PRISMS D20,SERIE PRISMI AVVOLGENTI MORSA D20,
MH8590P-00,SERIE PRISMI AVV. MORSA DIA=21,CLAMP WRAP-AROUND PRISMS D21,SERIE PRISMI AVVOLGENTI MORSA D21,
CU1608F-00,SERIE PRISMI AVV. MORSA DIA=22,CLAMP WRAP-AROUND PRISMS D22,SERIE PRISMI AVVOLGENTI MORSA D22,
YF2082K-00,SERIE PRISMI AVV. MORSA DIA=24,CLAMP WRAP-AROUND PRISMS D24,SERIE PRISMI AVVOLGENTI MORSA D24,
VL4357J-00,SERIE PRISMI AVV. MORSA DIA=25,CLAMP WRAP-AROUND PRISMS D25,SERIE PRISMI AVVOLGENTI MORSA D25,
HJ3695S-00,SERIE PRISMI AVV. MORSA DIA=25.5,"CLAMP WRAP-AROUND PRISMS D25,5","SERIE PRISMI AVVOLGENTI MORSA D25,5",
UN4235J-00,SERIE PRISMI AVV. MORSA DIA=26,CLAMP WRAP-AROUND PRISMS D26,SERIE PRISMI AVVOLGENTI MORSA D26,
VJ0079W-00,SERIE PRISMI AVV. MORSA DIA=27.8,"CLAMP WRAP-AROUND PRISMS D27,8","SERIE PRISMI AVVOLGENTI MORSA D27,8",
PH2470T-00,SERIE PRISMI AVV. MORSA DIA=28,CLAMP WRAP-AROUND PRISMS D28,SERIE PRISMI AVVOLGENTI MORSA D28,
ZV1649Y-00,SERIE PRISMI AVV. MORSA DIA=29.2,"CLAMP WRAP-AROUND PRISMS D29,2","SERIE PRISMI AVVOLGENTI MORSA D29,2",
WJ2218L-00,SERIE PRISMI AVV. MORSA DIA=30,CLAMP WRAP-AROUND PRISMS D30,SERIE PRISMI AVVOLGENTI MORSA D30,
CS7930N-00,SERIE PRISMI AVV. MORSA DIA=32,CLAMP WRAP-AROUND PRISMS D32,SERIE PRISMI AVVOLGENTI MORSA D32,
NC3078D-00,SERIE PRISMI AVV. MORSA DIA=33.2,"CLAMP WRAP-AROUND PRISMS D33,2","SERIE PRISMI AVVOLGENTI MORSA D33,2",
FM8285R-00,SERIE PRISMI AVV. MORSA DIA=33.6,"CLAMP WRAP-AROUND PRISMS D33,6","SERIE PRISMI AVVOLGENTI MORSA D33,6",
VY2352Z-00,SERIE PRISMI AVV. MORSA DIA. 35,CLAMP WRAP-AROUND PRISMS D35,SERIE PRISMI AVVOLGENTI MORSA D35,
LM7398W-00,SERIE PRISMI AVV. MORSA DIA=42,CLAMP WRAP-AROUND PRISMS D42,SERIE PRISMI AVVOLGENTI MORSA D42,
BZ0330U-00,SERIE PRISMI AVV. MORSA DIA=45,CLAMP WRAP-AROUND PRISMS D45,SERIE PRISMI AVVOLGENTI MORSA D45,
ZG2659R-00,SERIE PRISMI AVV. MORSA DIA=48,CLAMP WRAP-AROUND PRISMS D48,SERIE PRISMI AVVOLGENTI MORSA D48,
EX4842D-00,SERIE PRISMI AVV. MORSA DIA=50,CLAMP WRAP-AROUND PRISMS D50,SERIE PRISMI AVVOLGENTI MORSA D50,
ZP6268Z-00,SERIE PRISMI AVV. MORSA DIA. 76.4,"CLAMP WRAP-AROUND PRISMS D76,4","SERIE PRISMI AVVOLGENTI MORSA D76,4",
CV5842P-00,GANASCE SPECIALI MORS.CARRELLO,CLAMP-CARRIAGE JAWS SPECIAL,,
DRR88380-00,PRISMA MORSA E CARR TITERUCAN,CLAMP-CARRIAGE PRISM “TITERUCAN”,PRISMA MORSA E CARRELLO TITERUCAN,
KDU14857-00,PRISMA MORSA E CARRELLO D10,CLAMP-CARRIAGE PRISM D10,,
FBG49418-00,-PRISMA MORSA E CARRELLO D11,CLAMP-CARRIAGE PRISM D11,PRISMA MORSA E CARRELLO D11,
EXS93804-00,-PRISMA MORSA E CARRELLO D11.5,"CLAMP-CARRIAGE PRISM D11,5","PRISMA MORSA E CARRELLO D11,5",
BZD97269-00,-PRISMA MORSA E CARRELLO D11.7,"CLAMP-CARRIAGE PRISM D11,7","PRISMA MORSA E CARRELLO D11,7",
NH4297P-00,-PRISMA MORSA E CARRELLO D12.5,"CLAMP-CARRIAGE PRISM D12,5","PRISMA MORSA E CARRELLO D12,5",
KNN91379-00,"-PRISMA MORSA E CARRELLO D12,7","CLAMP-CARRIAGE PRISM D12,7","PRISMA MORSA E CARRELLO D12,7",
DVT83607-00,PRISMA MORSA E CARRELLO D12.84,"CLAMP-CARRIAGE PRISM D12,84","PRISMA MORSA E CARRELLO D12,84",
ZGH45304-00,-PRISMA MORSA E CARRELLO D13,CLAMP-CARRIAGE PRISM D13,PRISMA MORSA E CARRELLO D13,
GCS74223-00,PRISMA MORSA E CARRELLO D13.88,"CLAMP-CARRIAGE PRISM D13,88","PRISMA MORSA E CARRELLO D13,88",
HR6447M-00,-PRISMA MORSA E CARRELLO D14,CLAMP-CARRIAGE PRISM D14,PRISMA MORSA E CARRELLO D14,
DJP68521-00,"-PRISMA MORSA E CARRELLO D14,3","CLAMP-CARRIAGE PRISM D14,3","PRISMA MORSA E CARRELLO D14,3",
ZGK33018-00,-PRISMA MORSA E CARRELO D14.5,"CLAMP-CARRIAGE PRISM D14,5","PRISMA MORSA E CARRELO D14,5",
TEL62658-00,-PRISMA MORSA E CARRELLO D15,CLAMP-CARRIAGE PRISM D15,PRISMA MORSA E CARRELLO D15,
XYY46935-00,-PRISMA MORSA E CARRELLO D16,CLAMP-CARRIAGE PRISM D16,PRISMA MORSA E CARRELLO D16,
JZC30989-00,-PRISMA MORSA E CARRELLO D16.6,"CLAMP-CARRIAGE PRISM D16,6","PRISMA MORSA E CARRELLO D16,6",
FP0627S-00,"-PRISMA MORSA E CARRELLO D16,8","CLAMP-CARRIAGE PRISM D16,8","PRISMA MORSA E CARRELLO D16,8",
CDB54657-00,-PRISMA MORSA E CARRELLO D16.9,"CLAMP-CARRIAGE PRISM D16,9","PRISMA MORSA E CARRELLO D16,9",
YD3766A-00,-PRISMA MORSA E CARRELLO D17,CLAMP-CARRIAGE PRISM D17,PRISMA MORSA E CARRELLO D17,
MUB87634-00,-PRISMA MORSA E CARRELLO D18,CLAMP-CARRIAGE PRISM D18,PRISMA MORSA E CARRELLO D18,
NPS26284-00,-PRISMA MORSA E CARRELLO D18.08,"CLAMP-CARRIAGE PRISM D18,08","PRISMA MORSA E CARRELLO D18,08",
CGY60242-00,-PRISMA MORSA E CARRELLO D18.2,"CLAMP-CARRIAGE PRISM D18,2","PRISMA MORSA E CARRELLO D18,2",
PZJ29428-00,-PRISMA MORSA E CARRELLO D19,CLAMP-CARRIAGE PRISM D19,PRISMA MORSA E CARRELLO D19,
LCL27948-00,PRISMA MORSA E CARRELLO D19.10,"CLAMP-CARRIAGE PRISM D19,10","PRISMA MORSA E CARRELLO D19,10",
KHU18598-00,-PRISMA MORSA E CARRELLO D20,CLAMP-CARRIAGE PRISM D20,PRISMA MORSA E CARRELLO D20,
TGG68812-00,PRISMA MORSA E CARRELLO D20.05,"CLAMP-CARRIAGE PRISM D20,05","PRISMA MORSA E CARRELLO D20,05",
BSC41187-00,-PRISMA MORSA E CARRELLO D20.9,"CLAMP-CARRIAGE PRISM D20,9","PRISMA MORSA E CARRELLO D20,9",
BZF78369-00,-PRISMA MORSA E CARRELLO D22.2,"CLAMP-CARRIAGE PRISM D22,2","PRISMA MORSA E CARRELLO D22,2",
NRG63111-00,-PRISMA MORSA E CARRELLO D25,CLAMP-CARRIAGE PRISM D25,PRISMA MORSA E CARRELLO D25,
DKG25716-00,PRISMA MORSA E CARRELLO D25.4,"CLAMP-CARRIAGE PRISM D25,4","PRISMA MORSA E CARRELLO D25,4",
MEN89178-00,PRISMA MORSA E CARRELLO D26.2,"CLAMP-CARRIAGE PRISM D26,2","PRISMA MORSA E CARRELLO D26,2",
UFV65140-00,-PRISMA MORSA E CARRELLO D28,CLAMP-CARRIAGE PRISM D28,PRISMA MORSA E CARRELLO D28,
VKV75891-00,-PRISMA MORSA E CARRELLO D28.4,"CLAMP-CARRIAGE PRISM D28,4","PRISMA MORSA E CARRELLO D28,4",
FUL25713-00,-PRISMA MORSA E CARRELLO D30,CLAMP-CARRIAGE PRISM D30,PRISMA MORSA E CARRELLO D30,
GMJ91649-00,PRISMA MORSA E CARRELLO D31.88,"CLAMP-CARRIAGE PRISM D31,88","PRISMA MORSA E CARRELLO D31,88",
ECK94150-00,PRISMA MORSA E CARRELLO D32.05,"CLAMP-CARRIAGE PRISM D32,05","PRISMA MORSA E CARRELLO D32,05",
HMU36551-00,-PRISMA MORSA E CARRELLO D34.3,"CLAMP-CARRIAGE PRISM D34,3","PRISMA MORSA E CARRELLO D34,3",
CNK46711-00,-PRISMA MORSA E CARRELLO D35,CLAMP-CARRIAGE PRISM D35,PRISMA MORSA E CARRELLO D35,
HB7059A-00,-PRISMA MORSA E CARRELLO D35.5,"CLAMP-CARRIAGE PRISM D35,5","PRISMA MORSA E CARRELLO D35,5",
ACM22649-00,-PRISMA MORSA E CARRELLO D36,CLAMP-CARRIAGE PRISM D36,PRISMA MORSA E CARRELLO D36,
TZK48898-00,-PRISMA MORSA E CARRELLO D38,CLAMP-CARRIAGE PRISM D38,PRISMA MORSA E CARRELLO D38,
JE3149V-00,-PRISMA MORSA E CARRELLO D38.7,"CLAMP-CARRIAGE PRISM D38,7","PRISMA MORSA E CARRELLO D38,7",
VC7666P-00,-PRISMA MORSA E CARRELLO D39,CLAMP-CARRIAGE PRISM D39,PRISMA MORSA E CARRELLO D39,
VMW89996-00,-PRISMA MORSA E CARRELLO D39.7,"CLAMP-CARRIAGE PRISM D39,7","PRISMA MORSA E CARRELLO D39,7",
KB4904T-00,-PRISMA MORSA E CARRELLO D40,CLAMP-CARRIAGE PRISM D40,PRISMA MORSA E CARRELLO D40,
JEA44604-00,-PRISMA MORSA E CARRELLO D40.0,"CLAMP-CARRIAGE PRISM D40,0","PRISMA MORSA E CARRELLO D40,0",
WC8354E-00,-PRISMA MORSA E CARRELLO D41.5,"CLAMP-CARRIAGE PRISM D41,5","PRISMA MORSA E CARRELLO D41,5",
DDH86470-00,-PRISMA MORSA E CARRELLO D42.17,"CLAMP-CARRIAGE PRISM D42,17","PRISMA MORSA E CARRELLO D42,17",
TSK66114-00,-PRISMA MORSA E CARRELLO D42.8,"CLAMP-CARRIAGE PRISM D42,8","PRISMA MORSA E CARRELLO D42,8",
CSJ69452-00,-PRISMA MORSA E CARRELLO D43,CLAMP-CARRIAGE PRISM D43,PRISMA MORSA E CARRELLO D43,
MYC70184-00,-PRISMA MORSA E CARRELLO D44,CLAMP-CARRIAGE PRISM D44,PRISMA MORSA E CARRELLO D44,
CNY27346-00,-PRISMA MORSA E CARRELLO D45,CLAMP-CARRIAGE PRISM D45,PRISMA MORSA E CARRELLO D45,
VMY03845-00,-PRISMA MORSA E CARRELLO D45.5,"CLAMP-CARRIAGE PRISM D45,5","PRISMA MORSA E CARRELLO D45,5",
WDG35243-00,-PRISMA MORSA E CARRELLO D45.85,"CLAMP-CARRIAGE PRISM D45,85","PRISMA MORSA E CARRELLO D45,85",
KEE62240-00,PRISMA MORSA E CARRELLO D46.5,"CLAMP-CARRIAGE PRISM D46,5","PRISMA MORSA E CARRELLO D46,5",
DYL56432-00,-PRISMA MORSA E CARRELLO D46.7,"CLAMP-CARRIAGE PRISM D46,7","PRISMA MORSA E CARRELLO D46,7",
GJ2001A-00,-PRISMA MORSA E CARRELLO D47,CLAMP-CARRIAGE PRISM D47,PRISMA MORSA E CARRELLO D47,
BVX33048-00,-PRISMA MORSA E CARRELLO D47.2,"CLAMP-CARRIAGE PRISM D47,2","PRISMA MORSA E CARRELLO D47,2",
CHE82650-00,-PRISMA MORSA E CARRELLO D47.4,"CLAMP-CARRIAGE PRISM D47,4","PRISMA MORSA E CARRELLO D47,4",
PBJ12537-00,-PRISMA MORSA E CARRELLO D47.8,"CLAMP-CARRIAGE PRISM D47,8","PRISMA MORSA E CARRELLO D47,8",
GVX26120-00,-PRISMA MORSA E CARRELLO D48,CLAMP-CARRIAGE PRISM D48,PRISMA MORSA E CARRELLO D48,
PNJ29163-00,-PRISMA MORSA E CARRELLO D49,CLAMP-CARRIAGE PRISM D49,PRISMA MORSA E CARRELLO D49,
ES8981H-00,-PRISMA MORSA E CARRELLO D50,CLAMP-CARRIAGE PRISM D50,PRISMA MORSA E CARRELLO D50,
XLG56353-00,PRISMA MORSA E CARRELLO D52,CLAMP-CARRIAGE PRISM D52,,
RJB29401-00,-PRISMA MORSA E CARRELLO D53,CLAMP-CARRIAGE PRISM D53,PRISMA MORSA E CARRELLO D53,
CN8911L-00,-PRISMA MORSA E CARRELLO D54,CLAMP-CARRIAGE PRISM D54,PRISMA MORSA E CARRELLO D54,
MSJ91336-00,"-PRISMA MORSA E CARRELLO D54,1","CLAMP-CARRIAGE PRISM D54,1","PRISMA MORSA E CARRELLO D54,1",
ETJ20834-00,-PRISMA MORSA E CARRELLO D55,CLAMP-CARRIAGE PRISM D55,PRISMA MORSA E CARRELLO D55,
GSY46151-00,-PRISMA MORSA E CARRELLO D57,CLAMP-CARRIAGE PRISM D57,PRISMA MORSA E CARRELLO D57,
XNW86887-00,-PRISMA MORSA E CARRELLO D59.7,"CLAMP-CARRIAGE PRISM D59,7","PRISMA MORSA E CARRELLO D59,7",
GXR22348-00,-PRISMA MORSA E CARRELLO D59.8,"CLAMP-CARRIAGE PRISM D59,8","PRISMA MORSA E CARRELLO D59,8",
ATU07474-00,-PRISMA MORSA E CARRELLO D6,CLAMP-CARRIAGE PRISM D6,PRISMA MORSA E CARRELLO D6,
XPA48672-00,-PRISMA MORSA E CARRELLO D6.85,"CLAMP-CARRIAGE PRISM D6,85","PRISMA MORSA E CARRELLO D6,85",
PTB90861-00,-PRISMA MORSA E CARRELLO D60,CLAMP-CARRIAGE PRISM D60,PRISMA MORSA E CARRELLO D60,
ZSU09246-00,-PRISMA MORSA E CARRELLO D61,CLAMP-CARRIAGE PRISM D61,PRISMA MORSA E CARRELLO D61,
KSV85737-00,-PRISMA MORSA E CARRELLO D62,CLAMP-CARRIAGE PRISM D62,PRISMA MORSA E CARRELLO D62,
PLM09088-00,-PRISMA MORSA E CARRELLO D63.15,"CLAMP-CARRIAGE PRISM D63,15","PRISMA MORSA E CARRELLO D63,15",
TZ6276Z-00,-PRISMA MORSA E CARRELLO D64,CLAMP-CARRIAGE PRISM D64,PRISMA MORSA E CARRELLO D64,
DXB04303-00,-PRISMA MORSA E CARRELLO D65,CLAMP-CARRIAGE PRISM D65,PRISMA MORSA E CARRELLO D65,
FUV94924-00,-PRISMA MORSA E CARRELLO D65.4,"CLAMP-CARRIAGE PRISM D65,4","PRISMA MORSA E CARRELLO D65,4",
GLB08827-00,"-PRISMA MORSA E CARRELLO D66,3","CLAMP-CARRIAGE PRISM D66,3","PRISMA MORSA E CARRELLO D66,3",
VSZ38392-00,-PRISMA MORSA E CARRELLO D7,CLAMP-CARRIAGE PRISM D7,PRISMA MORSA E CARRELLO D7,
UD2987V-00,-PRISMA MORSA E CARRELLO D72,CLAMP-CARRIAGE PRISM D72,PRISMA MORSA E CARRELLO D72,
MAA36068-00,"-PRISMA MORSA E CARRELLO D72,2","CLAMP-CARRIAGE PRISM D72,2","PRISMA MORSA E CARRELLO D72,2",
ACC08241-00,-PRISMA MORSA E CARRELLO D72.5,"CLAMP-CARRIAGE PRISM D72,5","PRISMA MORSA E CARRELLO D72,5",
NZH37991-00,-PRISMA MORSA E CARRELLO D73.45,"CLAMP-CARRIAGE PRISM D73,45","PRISMA MORSA E CARRELLO D73,45",
JXY46271-00,PRISMA MORSA E CARRELLO D74,CLAMP-CARRIAGE PRISM D74,,
AG1525A-00,-PRISMA MORSA E CARRELLO D74.6,"CLAMP-CARRIAGE PRISM D74,6","PRISMA MORSA E CARRELLO D74,6",
CMF28897-00,-PRISMA MORSA E CARRELLO D75,CLAMP-CARRIAGE PRISM D75,PRISMA MORSA E CARRELLO D75,
SV5476S-00,-PRISMA MORSA E CARRELLO D75.08,"CLAMP-CARRIAGE PRISM D75,08","PRISMA MORSA E CARRELLO D75,08",
BT1386M-00,-PRISMA MORSA E CARRELLO D76.1,"CLAMP-CARRIAGE PRISM D76,1","PRISMA MORSA E CARRELLO D76,1",
JZ0784N-00,-PRISMA MORSA E CARRELLO D78,CLAMP-CARRIAGE PRISM D78,PRISMA MORSA E CARRELLO D78,
DXX29338-00,-PRISMA MORSA E CARRELLO D78.5,"CLAMP-CARRIAGE PRISM D78,5","PRISMA MORSA E CARRELLO D78,5",
KND38732-00,-PRISMA MORSA E CARRELLO D8,CLAMP-CARRIAGE PRISM D8,PRISMA MORSA E CARRELLO D8,
AV3773Y-00,-PRISMA MORSA E CARRELLO D8.1,"CLAMP-CARRIAGE PRISM D8,1","PRISMA MORSA E CARRELLO D8,1",
UEB87408-00,-PRISMA MORSA E CARRELLO D8.5,"CLAMP-CARRIAGE PRISM D8,5","PRISMA MORSA E CARRELLO D8,5",
LV9737F-00,-PRISMA MORSA E CARRELLO D80,CLAMP-CARRIAGE PRISM D80,PRISMA MORSA E CARRELLO D80,
CTZ17252-00,-PRISMA MORSA E CARRELLO D81.5,"CLAMP-CARRIAGE PRISM D81,5","PRISMA MORSA E CARRELLO D81,5",
TJK81885-00,"-PRISMA MORSA E CARRELLO D9,5","CLAMP-CARRIAGE PRISM D9,5","PRISMA MORSA E CARRELLO D9,5",
ZTN6343-00,-PRISMA MORSA E CARRELLO generiche,CLAMP-CARRIAGE PRISM GENERIC,PRISMA MORSA E CARRELLO generiche,
XX3249A-00,PRISMI MORSA PER SEZIONI IN RAME,CLAMP-CARRIAGE PRISMS COPPER SECTIONS,,
DZ6114G-00,-AVVOLG. MORSE E CARRELLO D80.2,"CLAMP-CARRIAGE WRAP-AROUND JAWS D80,2","GANASCE AVVOLGENTI MORSE E CARRELLO D80,2",
FFW29732-00,-PRISMI MORSA E CARRELLO AVVOLGENTI,CLAMP-CARRIAGE WRAP-AROUND PRISM,PRISMA MORSA E CARRELLO AVVOLGENTI,
YRY47080-00,-PRISMI MORSA E CARRELLO AVV D54.75,"CLAMP-CARRIAGE WRAP-AROUND PRISM D54,75","PRISMA MORSA E CARRELLO AVVOLGENTE D54,75",
RAH47086-00,-PRISMI MORSA E CARRELLO AVV.D58.5,"CLAMP-CARRIAGE WRAP-AROUND PRISM D58,5","PRISMA MORSA E CARRELLO AVVOLGENTI D58,5",
UPR58479-00,-PRISMI MORSA E CARRELLO AVV. D64,CLAMP-CARRIAGE WRAP-AROUND PRISM D64,PRISMA MORSA E CARRELLO AVVOLGENTI D64,
FEH55963-00,PRISMI MORSA E CARRELLO AVV. D76,CLAMP-CARRIAGE WRAP-AROUND PRISM D76,PRISMA MORSA E CARRELLO AVVOLGENTE D76,
AXA51537-00,SET PRISMI AVV. CAR+MORS D33.15,"CLAMP-CARRIAGE WRAP-AROUND PRISMS D33,15","SET PRISMI AVV. CAR+MORS D33,15",
TNN62524-00,SET PRISMI AVV. CAR+MORS D34.6,"CLAMP-CARRIAGE WRAP-AROUND PRISMS D34,6","SET PRISMI AVV. CAR+MORS D34,6",
XL0267T-00,MORSE E GANASCE AVVOLGENTI PER DIAM. 42X3,CLAMPS AND WRAP-AROUND JAWS D42x3,MORSE E GANASCE AVVOLGENTI D42x3,
NC8705B-00,"MORSE E GANASCE AVVOLGENTI D. 76,4 L. 42 MM","CLAMPS AND WRAP-AROUND JAWS D76,4x42","MORSE E GANASCE AVVOLGENTI D76,4x42 mm",
XP0724W-00,CORPO PINZA ATTACCO 95 LARGH.38,CLAMPS BODIES CONNECTION 95x38,,
EA4257A-00,CORPO PINZE D.95(GIPEV)-RAP 100/05,CLAMPS BODIES D95 “GIPEV”,CORPO PINZE D95(GIPEV) RAP100/05,
UW5733J-00,CORPO PINZE D.95(GIPEV)L=30-189/05,CLAMPS BODIES D95x30 “GIPEV”,CORPO PINZE D95(GIPEV)L=30-189/05,
HE1140L-00,C.PINZA ATT.D.95-LARGH.38-RAP210/02,CLAMPS BODIES D95x38,C.PINZA ATT.D95-LARGH.38 RAP210/02,
NX2001M-00,C.PINZA ATT.D.95-LARGH.80-RAP210/02,CLAMPS BODIES D95x80,C.PINZA ATT.D95-LARGH.80 RAP210/02,
SZ2141G-00,"CORPI PINZA,GANASCE,TEST RAP 73/05",CLAMPS BODIES JAWS HEAD,CORPI PINZA GANASCE TEST RAP73/05,
KT8733F-00,CORPO PINZA STANDARD,CLAMPS BODIES STANDARD,,
NX3840U-00,GF829 PRISMA BASE MOD. V2875,GF829 PRISM BASE,,
AA4718G-00,SERIE GAN.SAGOMATE SU PROFILO GF829,GF829 SHAPED JAWS SET,SERIE GANASCE SAGOMATE SU PROFILO GF829,
XC7874Y-00,SERIE GAN.AVV.DIA. 28X1.2 MM -GF829,"GF829 WRAP-AROUND JAWS D28x1,2","SERIE GANASCE AVVOLGENTI D28x1,2 mm -GF829",
SF2628V-00,SERIE GAN.AVV.DIA. 30X1.2 MM -GF829,"GF829 WRAP-AROUND JAWS D30x1,2","SERIE GANASCE AVVOLGENTI D30x1,2 mm -GF829",
BW1834P-00,GAN.AVV.TUBI D. 64 PER GF 829,GF829 WRAP-AROUND JAWS D64,GANASCE AVVOLGENTI TUBI D64 PER GF 829,
UB5065V-00,SERIE GAN.AVV.DIA. 70X1.2 MM -GF829,"GF829 WRAP-AROUND JAWS D70x1,2","SERIE GANASCE AVVOLGENTI D70x1,2 mm -GF829",
SD8818R-00,GF829-SOLO DISEGNI GAN.AVVOLG.D82MM,GF829 WRAP-AROUND JAWS DRWG. D82,GF829-SOLO DISEGNI GANASCE AVVOLGENTI D82mm,
BP9283J-00,GF823 TESTINE REGOLABILI V2853,GF823 ADJUSTABLE HEADS,,
TR9435C-00,GF823-TESTINE REGOLAB.RAPIDE V2025,GF823 ADJUSTABLE QUICK RELEASE HEADS,,
CKP33665-00,GF823PRISMI CARRELLO dis XW-EL0146-33,GF823 CARRIAGE PRISMS DRWG. XW-EL0146-33,,
XG7003U-00,GF823-CARTUCCE SMUSSO 15?EST. V2957,GF823 CARTRIDGES EXTERNAL CH.15°,GF823-CARTUCCE SMUSSO 15°EST. V2957,
LD1793S-00,GF823-CORPI PINZA TH.V1293,GF823 CLAMP BODIES TH.,,
UM4992V-00,MORSA D. 36 PER GF823RAP 191/01,GF823 CLAMP D36 RAP191/01,MORSA D36 PER GF823RAP 191/01,
XR9291W-00,MORSA D. 44 PER GF823RAP 191/01,GF823 CLAMP D44 RAP191/01,MORSA D44 PER GF823RAP 191/01,
TR7872G-00,GF823 CLAMPING JAWS,GF823 CLAMP JAWS,,
EH1118D-00,GF823 GANASCE PINZE NAPETI RAP32/04,GF823 CLAMP JAWS “NAPETI”,,
PV3066F-00,GF823 GANASCE NOK.SA. RIF. A,GF823 CLAMP JAWS “NOK.SA.” REF. A,,
MG5023D-00,GF823 GANASCE NOK.SA. RIF. C,GF823 CLAMP JAWS “NOK.SA.” REF. C,,
SR9782M-00,"GANASCE MORSA D. 22,10 X GF823","GF823 CLAMP JAWS D22,10","GANASCE MORSA D22,10 X GF823",
JU2448K-00,GANASCE MORSA D. 33 X GF823,GF823 CLAMP JAWS D33,GANASCE MORSA D33 X GF823,
WN5102L-00,GF823-GANASCE MORSA DIAM. 44 MM,GF823 CLAMP JAWS D44,GF823-GANASCE MORSA D44 mm,
JS2209K-00,GF823-PRISMI MORSA D24,GF823 CLAMP PRISMS D24,,
RK5124M-00,GF823-PRISMI MORSA D27.96,"GF823 CLAMP PRISMS D27,96","GF823-PRISMI MORSA D27,96",
XUK63944-00,GF823PRISMI MORSA dis XW-EL0146-33,GF823 CLAMP PRISMS DRWG. XW-EL0146-33,,
BE4391T-00,GANASCE AVOL. MORSA GF823 VOCO 877,GF823 CLAMP WRAP-AROUND JAWS,GANASCE AVVOLGENTI MORSA GF823 VOCO 877,
GR1154C-00,GANASCE. AVV.MORSA D.75CM 502,GF823 CLAMP WRAP-AROUND JAWS D75,GANASCE AVVOLGENTI MORSA D75cm 502,
VA5301Z-00,GF823-SET AVVOLGENTI MORSA V5253,GF823 CLAMP WRAP-AROUND PRISMS,,
BJ7383M-00,GF823-CORPI PINZE THEC.GIPEV R2581,GF823 CLAMPS BODIES SPECIAL “GIPEV”,,
JJ2231J-00,GF823 MORSETTI DIAM. 6.35 V2855,"GF823 CLAMPS D6,35","GF823 MORSETTI D6,35 V2855",
JZ4617A-00,GF823 TESTINE CN DIAM. 6.35 V2854,"GF823 CN HEAD D6,35","GF823 TESTINE CN D6,35 V2854",
DZ6162M-00,GF823-ATTACCHI TESTINE STD-CN V501,GF823 CN HEADS CONNECTIONS STANDARD,GF823-ATTACCHI TESTINE STANDARD-CN V501,
CH1139C-00,GF823-TESTINE CN PZ VARI V2288,GF823 CN HEADS DIFFERENT PARTS,,
XH6727B-00,GF823-TESTINE CN EXTRACORTA V2287,GF823 CN HEADS EXTRA SHORT,,
PE0168U-00,GF823-TESTINE CN GOLA/GODR.V1526,GF823 CN HEADS GROOVE-KNURLING,,
VP8568Z-00,GF823-TESTINE GODRONATURA CN V443,GF823 CN HEADS KNURLING,,
TND12071-00,GF823SET UT. CN INV. D43 NAPETI,GF823 CN+INVERTER TOOLS D43 “NAPETI”,,
FG4434U-00,CONO ISO 40- GF 823,GF823 CONE ISO40,,
WV0239A-00,4 CONI ISO40CM502 -,GF823 CONES ISO40 N°4,,
EU8022K-00,GF823 DETECTION PADS,GF823 DETECTION PADS,,
UJ5377Y-00,GF823-SOLO DISEGNI DEL VOCO1926,GF823 DRWG. VOCO1926,,
LJ8369V-00,GF823 ATTREZZATURE,GF823 EQUIPMENT,,
YK5793Y-00,GF823 ATTREZZATURE VADEKEN R183/02,GF823 EQUIPMENT “VADEKEN”,GF823 ATTREZZATURE VADEKEN RAP183/02,
KA6738G-00,GF823-ATTR.INTERVENTO VEVOCAR,GF823 EQUIPMENT “VEVOCAR” INTERVENTION,GF823-ATTREZZATURA INTERVENTO VEVOCAR,
TB5056U-00,"ATTREZZ.GF823 30,16X1,2 RAP 43/2003","GF823 EQUIPMENT 30,16x1,2","ATTREZZATURA GF823 30,16x1,2 RAP43/2003",
XN7923N-00,AT GF823 60X PR.MORSA D.45,GF823 EQUIPMENT 60X CLAMP PRISM D45,ATTREZZATURA GF823 60X PR.MORSA D45,
EH9274N-00,AT GF823 60X PR.MORSA D.55,GF823 EQUIPMENT 60X CLAMP PRISM D55,ATTREZZATURA GF823 60X PR.MORSA D55,
AU1725T-00,AT GF823 60X D40,GF823 EQUIPMENT 60X D40,ATTREZZATURA GF823 60X D40,
NF4413W-00,AT GF823 60X D45,GF823 EQUIPMENT 60X D45,ATTREZZATURA GF823 60X D45,
VD2233N-00,AT GF823 60X D47,GF823 EQUIPMENT 60X D47,ATTREZZATURA GF823 60X D47,
WV0922L-00,AT GF823 60X D60,GF823 EQUIPMENT 60X D60,ATTREZZATURA GF823 60X D60,
MJ5659G-00,"AT GF823 61X D40 L37,5 E L28","GF823 EQUIPMENT 61X D40x37,5 - D40x28","ATTREZZATURA GF823 61X D40x37,5E28",
NU0160B-00,AT GF823 61X D47 L47,GF823 EQUIPMENT 61X D47x47,ATTREZZATURA GF823 61X D47x47,
ZZ5586M-00,AT GF823 61X GAN.P 1A D.45 L=025,GF823 EQUIPMENT 61X JAW 1A D45x25,"ATTREZZATURA GF823 61X GAN.P 1A D45x0,25",
GA5520N-00,AT GF823 61X GAN.P.1A D.55 L=25,GF823 EQUIPMENT 61X JAW 1A D55x25,ATTREZZATURA GF823 61X GAN.P.1A D55x25,
WN9542B-00,AT GF823 62X D45 L180,GF823 EQUIPMENT 62X D45x180,ATTREZZATURA GF823 62X D45x180,
DU9898H-00,AT GF823 63X D60 L490,GF823 EQUIPMENT 63X D60Xx490,ATTREZZATURA GF823 63X D60x490,
VA7719E-00,AT GF823 71X,GF823 EQUIPMENT 71X,ATTREZZATURA GF823 71X,
UT2663H-00,AT GF823 71X GOR.RIK.F. D.45-01/99,GF823 EQUIPMENT 71X D45-01/99 “GOR.RIK.F.”,ATTREZZATURA GF823 71X GOR.RIK.F. D45-01/99,
ZC2831P-00,AT GF823 71X GOR.RIK.F. D.55-12/99,GF823 EQUIPMENT 71X D55-12/99 “GOR.RIK.F.”,ATTREZZATURA GF823 71X GOR.RIK.F. D55-12/99,
RY8230L-00,AT GF823 73X,GF823 EQUIPMENT 73X,ATTREZZATURA GF823 73X,
RW1290C-00,ATT. GF823 PIENO 12 E 24 350/02,GF823 EQUIPMENT BAR D12 - D24,ATTREZZATURA GF823 PIENO 12 E 24 350/02,
KT5841A-00,ATTREZZ. GF823 PIENO 22 RAP394/02,GF823 EQUIPMENT BAR D22,ATTREZZATURA GF823 PIENO 22 RAP394/02,
ZL4465K-00,GF823-ATTREZZATURA X BARENATURA,GF823 EQUIPMENT BORING,,
FD3495Y-00,GF823-ATTR.BARENATURA PINZE D.90,GF823 EQUIPMENT BORING CLAMPS D90,GF823-ATTREZZATURA BARENATURA PINZE D90,
SR3777P-00,AT GF823 BOCCOLA PER ESTRATTORE D40,GF823 EQUIPMENT BUSHING X EXTRACTOR D40,ATTREZZATURA GF823 BOCCOLA PER ESTRATTORE D40,
XP9677R-00,AT GF823 BOCCOLA PER ESTRATTORE D47,GF823 EQUIPMENT BUSHING X EXTRACTOR D47,ATTREZZATURA GF823 BOCCOLA PER ESTRATTORE D47,
YT3497V-00,ATTREZZATURE DIA.12 PER GF 823,GF823 EQUIPMENT D12,ATTREZZATURA DIA.12 PER GF 823,
SA9425G-00,GF823 ATT D14 X L=311.5 RAP008/2004,"GF823 EQUIPMENT D14x311,5","GF823 ATTREZZATURE D14x311,5 RAP008/2004",
XL3493K-00,ATTR.GF823-DIA.16X2 L=28-RAP 267/01,GF823 EQUIPMENT D16x2x28,ATTREZZATURA GF823-D16x2x28 RAP267/01,
AS2054T-00,AT GF823 DIAM 18.5X2.75 RAP244/05,"GF823 EQUIPMENT D18,5x2,75","ATTREZZATURA GF823 D18,5x2,75 RAP244/05",
YZ5560T-00,"ATTR.GF823-DIA 25,5X6,65 RAP 272/01","GF823 EQUIPMENT D25,5x6,65","ATTREZZATURA GF823-D25,5x6,65 RAP272/01",
WW8457L-00,ATT. GF823 DIAM.25 L=30 RAP 23/2005,GF823 EQUIPMENT D25x30,ATTREZZATURA GF823 D25x30 RAP23/2005,
SS0305N-00,GF823 ATTREZZATURE D30MM RAP470/02,GF823 EQUIPMENT D30,GF823 ATTREZZATURE D30 mm RAP470/02,
CX1229U-00,ATTR. GF823 D.30X2 RAP 31/02,GF823 EQUIPMENT D30x2,ATTREZZATURA GF823 D30x2 RAP 31/02,
CU8507C-00,GF823 ATT D32.3X5.89 L=73 RAP211,"GF823 EQUIPMENT D32,3x5,89x73","GF823 ATTREZZATURE D32,3x5,89x73 RAP211",
RJ4422E-00,ATTR.GF823-DIA.36X5 L=34-RAP 253/01,GF823 EQUIPMENT D36x5x34,ATTREZZATURA GF823-D36x5x34 RAP253/01,
WK9873W-00,GF823 ATTREZZ. DIAM.39.2 MM R288/03,"GF823 EQUIPMENT D39,2","GF823 ATTREZZATURE D39,2 mm R288/03",
KN8031A-00,ATTR.GF823-DIA.40X2 L=178.7 249/01,"GF823 EQUIPMENT D40x2x178,7","ATTREZZATURA GF823-D40x2x178,7 249/01",
RA2143K-00,ATTREZZATURE LAV.DIA. 42 H7 GF823,GF823 EQUIPMENT D42 H7,ATTREZZATURA LAVORAZIONE D42 H7 GF823,
EJ1802D-00,GF823 ATT D47.8X10.78 RAP448/02,"GF823 EQUIPMENT D47,8x10,78","GF823 ATTREZZATURE D47,8x10,78 RAP448/02",
ZN0808H-00,ATT. GF823 LAV. DIA 50X6,GF823 EQUIPMENT D50x6,ATTREZZATURA GF823 LAV. D50x6,
VS9901N-00,"GF823 ATTREZZATURE D58,4 RAP428/02","GF823 EQUIPMENT D58,4",,
VV3959J-00,GF823 ATTREZZ. DIAM.60.6 MM R288/03,"GF823 EQUIPMENT D60,6","GF823 ATTREZZATURE D60,6 mm RAP288/03",
KA1517M-00,GF823 ATT D79.5X1.5 L=55 RAP187,"GF823 EQUIPMENT D79,5x1,5x55","GF823 ATTREZZATURE D79,5x1,5x55 RAP187",
EU3684R-00,"ATTR. GF823 D.81,6X8,85 RAP 24/02","GF823 EQUIPMENT D81,6x8,85","ATTREZZATURA GF823 D81,6x8,85 RAP 24/02",
GB3770K-00,"ATTREZZ. GF823 TAGLIO 88,9 X 3,5","GF823 EQUIPMENT D88,9x3,5","ATTREZZATURA GF823 TAGLIO 88,9x3,5",
UE4121Y-00,ATTREZ X DISEGNI RAP 132/2000 GF823,GF823 EQUIPMENT DRWG. RAP132/2000,ATTREZZATURA X DISEGNI RAP132/2000 GF823,
SH4419B-00,ATTREZZ.PER INTEST.E SMUSSI GF823,GF823 EQUIPMENT FACING AND CHAMFER,ATTREZZATURA PER INTEST.E SMUSSI GF823,
EB4621Z-00,ATTREZZATURA X GF823 BOLORONIZU,GF823 EQUIPMENT FOR “BOLORONIZU”,,
HK3418A-00,ATTREZZATURE GF823 EMO 2007,GF823 EQUIPMENT FOR EMO 2007,ATTREZZATURA GF823 EMO 2007,
PX5816U-00,ATTREZZATURE GF823 PER FIERA,GF823 EQUIPMENT FOR FAIR,ATTREZZATURA GF823 PER FIERA,
YF7419Y-00,ATTREZZ. GF823 OPEN HOUSE GERMANIA,GF823 EQUIPMENT FOR GERMANY OPEN HOUSE,ATTREZZATURA GF823 OPEN HOUSE GERMANIA,
RD9498W-00,AT GF823 PER OPEN HOUSE,GF823 EQUIPMENT FOR OPEN HOUSE,ATTREZZATURA GF823 PER OPEN HOUSE,
VK1274Y-00,ATTREZZ. GF823 L=600 O.H.DEZ,GF823 EQUIPMENT L=600 OPEN HOUSE DEZ,ATTREZZATURA GF823 L=600 O.H.DEZ,
NP2257L-00,GF823 ATTREZZ. NO PINZE RAP246/2002,GF823 EQUIPMENT NO CLAMPS,GF823 ATTREZZATURE NO PINZE RAP246/2002,
LE4551T-00,ATTREZ. GF823 IN OPZIONE RAP362/02,GF823 EQUIPMENT OPTIONAL RAP362/02,ATTREZZATURA GF823 IN OPZIONE RAP362/02,
JJ9993X-00,GF823 ATTREZZATURE LAVOR. RAP004/03,GF823 EQUIPMENT RAP004/03,,
CU6926C-00,ATT. GF823RAP 113/2002,GF823 EQUIPMENT RAP113/2002,ATTREZZATURA GF823RAP 113/2002,
SE5327Y-00,ATT. GF823RAP 114/2002,GF823 EQUIPMENT RAP114/2002,ATTREZZATURA GF823RAP 114/2002,
AB5738R-00,ATT. GF823RAP 115/2002,GF823 EQUIPMENT RAP115/2002,ATTREZZATURA GF823RAP 115/2002,
FS0222F-00,ATT. GF823RAP 116/2002,GF823 EQUIPMENT RAP116/2002,ATTREZZATURA GF823RAP 116/2002,
PD6860H-00,ATT. GF823RAP 117/2002,GF823 EQUIPMENT RAP117/2002,ATTREZZATURA GF823RAP 117/2002,
HH1977B-00,ATTR. GF823 RAP 133/02,GF823 EQUIPMENT RAP133/02,ATTREZZATURA GF823 RAP133/02,
EU1777W-00,ATT. GF823RAP 141/2002,GF823 EQUIPMENT RAP141/2002,ATTREZZATURA GF823RAP 141/2002,
BS3702E-00,GF823 ATTREZZATURE RAP 141/2003,GF823 EQUIPMENT RAP141/2003,GF823 ATTREZZATURE RAP141/2003,
WB7185Z-00,ATT. GF823RAP 146/2002,GF823 EQUIPMENT RAP146/2002,ATTREZZATURA GF823RAP 146/2002,
WT3108V-00,ATT. GF823RAP 159/2002,GF823 EQUIPMENT RAP159/2002,ATTREZZATURA GF823RAP 159/2002,
LN3378N-00,ATTR. GF823 RAP 165/02,GF823 EQUIPMENT RAP165/02,ATTREZZATURA GF823 RAP165/02,
SR0676V-00,ATT. GF823RAP 179/2002,GF823 EQUIPMENT RAP179/2002,ATTREZZATURA GF823RAP 179/2002,
KU2255S-00,GF823 ATTREZZATURE RAP 184/2003,GF823 EQUIPMENT RAP184/2003,GF823 ATTREZZATURE RAP184/2003,
PK4414S-00,GF823 ATTREZZATURE RAP 187/2003,GF823 EQUIPMENT RAP187/2003,GF823 ATTREZZATURE RAP187/2003,
EF2782Y-00,ATTR. GF823 RAP 189/02,GF823 EQUIPMENT RAP189/02,ATTREZZATURA GF823 RAP189/02,
ZF2841H-00,ATTREZZATURE GF823 RAP 191/02,GF823 EQUIPMENT RAP191/02,ATTREZZATURA GF823 RAP191/02,
RK0712S-00,ATTR. GF823 RAP 191/2001,GF823 EQUIPMENT RAP191/2001,ATTREZZATURA GF823 RAP191/2001,
ZW8877P-00,ATT. GF823RAP 191/2002,GF823 EQUIPMENT RAP191/2002,ATTREZZATURA GF823RAP 191/2002,
FC0807W-00,ATTREZZATURE GF823 LAVOR. RAP193/03,GF823 EQUIPMENT RAP193/03,ATTREZZATURA GF823 LAVOR. RAP193/03,
AZ2152Z-00,ATTREZZATURE GF823RAP 203/2002,GF823 EQUIPMENT RAP203/2002,ATTREZZATURA GF823 RAP203/2002,
YT1995G-00,GF823 ATTREZZATURE RAP 204/2003,GF823 EQUIPMENT RAP204/2003,GF823 ATTREZZATURE RAP204/2003,
SW1587R-00,GF823 ATTREZZATURE RAP 206/2003,GF823 EQUIPMENT RAP206/2003,GF823 ATTREZZATURE RAP206/2003,
PJ2745S-00,GF823 ATTREZZATURE RAP 207/2003,GF823 EQUIPMENT RAP207/2003,GF823 ATTREZZATURE RAP207/2003,
KP7965N-00,ATT. GF823RAP 215/2002,GF823 EQUIPMENT RAP215/2002,ATTREZZATURA GF823RAP 215/2002,
JX4144Z-00,GF823 ATTREZZATURE RAP 215/2003,GF823 EQUIPMENT RAP215/2003,GF823 ATTREZZATURE RAP215/2003,
JY0231C-00,ATTREZZATURE GF823RAP 220/2002,GF823 EQUIPMENT RAP220/2002,ATTREZZATURA GF823 RAP220/2002,
GE1204S-00,ATTREZZATURE GF823 LAVOR. RAP230/03,GF823 EQUIPMENT RAP230/03,ATTREZZATURA GF823 LAVOR. RAP230/03,
ZW1016J-00,GF823 ATTREZZATURE RAP 234/02,GF823 EQUIPMENT RAP234/02,GF823 ATTREZZATURE RAP234/02,
EW6540V-00,ATTREZZATURE GF823 LAVORO RAP239/03,GF823 EQUIPMENT RAP239/03,ATTREZZATURA GF823 LAVORO RAP239/03,
TG4719N-00,ATTREZZATURE GF823RAP 244/2002,GF823 EQUIPMENT RAP244/2002,ATTREZZATURA GF823 RAP244/2002,
VT0572J-00,ATTREZZATURE GF823RAP 251/2002,GF823 EQUIPMENT RAP251/2002,ATTREZZATURA GF823 RAP251/2002,
RV6706R-00,ATTREZZATURE GF823RAP 253/2002,GF823 EQUIPMENT RAP253/2002,ATTREZZATURA GF823 RAP253/2002,
EX2090Y-00,GF823 ATTREZZATURE RAP 324/2003,GF823 EQUIPMENT RAP324/2003,GF823 ATTREZZATURE RAP324/2003,
EC9764G-00,ATTREZZATURE GF823RAP 325/2002,GF823 EQUIPMENT RAP325/2002,ATTREZZATURA GF823 RAP325/2002,
YR9830M-00,ATTREZZATURE GF 823 RAP 382/2002,GF823 EQUIPMENT RAP382/2002,ATTREZZATURA GF 823 RAP382/2002,
VL5752Y-00,ATTREZZATURA X GF823 RAP 418/04,GF823 EQUIPMENT RAP418/04,ATTREZZATURA X GF823 RAP418/04,
LN0755K-00,GF823 ATTREZZATURE RAP439/02,GF823 EQUIPMENT RAP439/02,,
GJ1268Z-00,ATTREZZATURE GF823 RAP 46/2003,GF823 EQUIPMENT RAP46/2003,ATTREZZATURA GF823 RAP46/2003,
LR4658B-00,ATTREZZATURE PER FILETTATURA GF823,GF823 EQUIPMENT THREADING,ATTREZZATURA PER FILETTATURA GF823,
VZ4088J-00,"ATTREZZ. GF823 TB 10 X 1,5 RAP27/03","GF823 EQUIPMENT TUBE D10x1,5","ATTREZZATURA GF823 TB 10x1,5 RAP27/03",
US9405Z-00,ATTR. GF823 TB 12X2 RAP 259/01,GF823 EQUIPMENT TUBE D12x2,ATTREZZATURA GF823 TUBE 12x2 RAP 259/01,
FU2820C-00,ATTRE. GF823 TB 15X1 RAP217,GF823 EQUIPMENT TUBE D15x1,ATTREZZATURA GF823 TB 15x1 RAP217,
TA9655C-00,"ATTR.GF823-TUBO 15X1,5RAP 274/01","GF823 EQUIPMENT TUBE D15x1,5","ATTREZZATURA GF823-TUBO 15x1,5 RAP274/01",
RR9778T-00,ATTR.GF823-TB 15X2 RAP 283/01,GF823 EQUIPMENT TUBE D15x2,ATTREZZATURA GF823-TB 15x2 RAP283/01,
KR3881D-00,ATTRE. GF823 TB 16 X 2.9 RAP146,"GF823 EQUIPMENT TUBE D16x2,9","ATTREZZATURA GF823 TB 16 x 2,9 RAP146",
BL1685G-00,ATTRE. GF823 TB 17 X 3.35 RAP165/01,"GF823 EQUIPMENT TUBE D17x3,35","ATTREZZATURA GF823 TB 17 x 3,35 RAP165/01",
GZ0941J-00,ATT. GF823 TB 18.5 X 2 RAP 319/02,"GF823 EQUIPMENT TUBE D18,5x2","ATTREZZATURA GF823 TB 18,5 x 2 RAP319/02",
BD9891Z-00,ATTRE. GF823 TB 18X1 RAP217,GF823 EQUIPMENT TUBE D18x1,ATTREZZATURA GF823 TB 18x1 RAP217,
CV9578E-00,ATTRE. GF823 TB 18 X 1.8 RAP145/01,"GF823 EQUIPMENT TUBE D18x1,8","ATTREZZATURA GF823 TB 18 x 1,8 RAP145/01",
CZ0641G-00,ATTRE. GF823 TB 18 X 2.7 RAP146,"GF823 EQUIPMENT TUBE D18x2,7","ATTREZZATURA GF823 TB 18 x 2,7 RAP146",
GC5908W-00,ATTRE. GF823 TB 18 X 3.75 RAP164/01,"GF823 EQUIPMENT TUBE D18x3,75","ATTREZZATURA GF823 TB 18 x 3,75 RAP164/01",
DG7006Y-00,GF823 ATTR.TUBO D19.06 TH.2 R139/03,"GF823 EQUIPMENT TUBE D19,06x2","GF823 ATTREZZATURE TUBO D19,06 TH.2 R139/03",
UC3724N-00,ATTREZZ. GF823 TB 19X2 RAP 111/03,GF823 EQUIPMENT TUBE D19x2,ATTREZZATURA GF823 TB 19x2 RAP 111/03,
NH7222J-00,ATTRE. GF823 TB 20 X 2.9 RAP205/01,"GF823 EQUIPMENT TUBE D20x2,9","ATTREZZATURA GF823 TB 20 x 2,9 RAP205/01",
PP8555B-00,ATTRE. GF823 TB 20 X 3.9 RAP214/01,"GF823 EQUIPMENT TUBE D20x3,9","ATTREZZATURA GF823 TB 20 x 3,9 RAP214/01",
NU2746G-00,ATTRE. GF823 TB 20 X 4.45 RAP195/01,"GF823 EQUIPMENT TUBE D20x4,45","ATTREZZATURA GF823 TB 20 x 4,45 RAP195/01",
LN9646C-00,"ATTREZZ. GF823 TB 21X2,5 RAP362/02","GF823 EQUIPMENT TUBE D21x2,5","ATTREZZATURA GF823 TB 21x2,5 RAP362/02",
XG3949L-00,ATTREZZ. GF823 TB 21 X 4 RAP74/01,GF823 EQUIPMENT TUBE D21x4,ATTREZZATURA GF823 TB 21x4 RAP74/01,
XP1595T-00,ATTR. GF823 TB DIA 22X1.5 RAP46/02,"GF823 EQUIPMENT TUBE D22x1,5","ATTREZZATURA GF823 TB D22x1,5 RAP46/02",
RD5395T-00,"ATT. GF823 TB 22 X 2,5 RAP 355/02","GF823 EQUIPMENT TUBE D22x2,5","ATTREZZATURA GF823 TB 22 x 2,5 RAP355/02",
GX6534A-00,ATT. GF823 TB 24X4.75 RAP 081/03,"GF823 EQUIPMENT TUBE D24x4,75","ATTREZZATURA GF823 TB 24x4,75 RAP081/03",
BS0290K-00,"ATT. GF823 TUBO 25,4X2,8 RAP 222/03","GF823 EQUIPMENT TUBE D25,4x2,8","GF823 TUBE EQUIPMENT 25,4x2,8 RAP222/03",
LW1517Y-00,"ATT. GF823 TUBO 25X1,2 RAP 42/2003","GF823 EQUIPMENT TUBE D25x1,2","GF823 TUBE EQUIPMENT 25x1,2 RAP42/2003",
JL5352V-00,ATTR.GF823 TB DIA.25X6.5 RAP011/02,"GF823 EQUIPMENT TUBE D25x6,5","ATTREZZATURA GF823 TB D25x6,5 RAP011/02",
YN2884M-00,ATTRE. GF823 TB 26 X 6 RAP195/01,GF823 EQUIPMENT TUBE D26x6,ATTREZZATURA GF823 TB 26 x 6 RAP195/01,
DJ6263G-00,"ATT. GF823 TUBO 27,5X1 RAP 216/03","GF823 EQUIPMENT TUBE D27,5x1","GF823 TUBE EQUIPMENT 27,5x1 RAP216/03",
HV0622Z-00,ATTRE. GF823 TB 27.7 X 1.1 RAP57/01,"GF823 EQUIPMENT TUBE D27,7x1,1","ATTREZZATURA GF823 TB 27,7 x 1,1 RAP57/01",
AB7525J-00,ATTRE. GF823 TB 29 X 1 RAP238/01,GF823 EQUIPMENT TUBE D29x1,ATTREZZATURA GF823 TB 29 x 1 RAP238/01,
UK7239L-00,ATTRE. GF823 TB 29 X 7 RAP143/01,GF823 EQUIPMENT TUBE D29x7,ATTREZZATURA GF823 TB 29 x 7 RAP143/01,
GZ3242M-00,ATTRE. GF823 TB 30.18 X 2.8 RAP183,"GF823 EQUIPMENT TUBE D30,18x2,8","ATTREZZATURA GF823 TB 30,18 x 2,8 RAP183",
LD5045R-00,"ATTREZZ. GF823 TB 30X2,37 RAP394/02","GF823 EQUIPMENT TUBE D30x2,37","ATTREZZATURA GF823 TB 30x2,37 RAP394/02",
GA6993S-00,ATTR.GF823 TB DIA.30 L=80 RAP004/01,GF823 EQUIPMENT TUBE D30x80,ATTREZZATURA GF823 TB D30x80 RAP004/01,
UA1714M-00,ATT. GF823 TB 31.8X3.5 RAP 124/03,"GF823 EQUIPMENT TUBE D31,8x3,5","ATTREZZATURA GF823 TB 31,8x3,5 RAP124/03",
MC0329W-00,ATTREZZ. GF823 TB 33 X 2.4 RAP74/01,"GF823 EQUIPMENT TUBE D33x2,4","ATTREZZATURA GF823 TB 33x2,4 RAP74/01",
DD2363W-00,ATT. GF823 TB 34.6X1.3 RAP 109/02,"GF823 EQUIPMENT TUBE D34,6x1,3","ATTREZZATURA GF823 TB 34,6x1,3 RAP109/02",
GW1800A-00,"ATTREZZ. GF823 TB 34 X 1,5 RAP74/01","GF823 EQUIPMENT TUBE D34x1,5","ATTREZZATURA GF823 TB 34x1,5 RAP74/01",
KZ4154G-00,ATTRE. GF823 TB 35 X 1.55 RAP238/01,"GF823 EQUIPMENT TUBE D35x1,55","ATTREZZATURA GF823 TB 35 x 1,55 RAP238/01",
TX1469B-00,ATTRE. GF823 TB 38 X 1.5 RAP195/01,"GF823 EQUIPMENT TUBE D38x1,5","ATTREZZATURA GF823 TB 38 x 1,5 RAP195/01",
KV6935X-00,ATTRE. GF823 TB 38 X 5 RAP143/01,GF823 EQUIPMENT TUBE D38x5,ATTREZZATURA GF823 TB 38 x 5 RAP143/01,
SX9224P-00,ATTRE. GF823 TB 39 X 2.5 RAP213/01,"GF823 EQUIPMENT TUBE D39x2,5","ATTREZZATURA GF823 TB 39 x 2,5 RAP213/01",
CZ4369L-00,ATTRE. GF823 TB 40 X 2 RAP193/01,GF823 EQUIPMENT TUBE D40x2,ATTREZZATURA GF823 TB 40 x 2 RAP193/01,
KJ3509H-00,ATTRE. GF823 TB 41 X 5 RAP143/01,GF823 EQUIPMENT TUBE D41x5,ATTREZZATURA GF823 TB 41 x 5 RAP143/01,
BN8479T-00,ATTRE. GF823 TB 42.6 X 1.52 RAP146,"GF823 EQUIPMENT TUBE D42,6x1,52","ATTREZZATURA GF823 TB 42,6 x 1,52 RAP146",
BA9982K-00,ATTREZZ. GF823 TB42X3/913 RAP170/01,GF823 EQUIPMENT TUBE D42x3/913,ATTREZZATURA GF823 TB42x3/913 RAP170/01,
UG1299R-00,ATTREZZ. GF823 TB42X3/941 RAP170/01,GF823 EQUIPMENT TUBE D42x3/941,ATTREZZATURA GF823 TB42x3/941 RAP170/01,
DD0581C-00,ATTREZZ. GF823 TB42X3/954 RAP170/01,GF823 EQUIPMENT TUBE D42x3/954,ATTREZZATURA GF823 TB42x3/954 RAP170/01,
MD3166M-00,ATTRE. GF823 TB 43 X 2.5 RAP203/01,"GF823 EQUIPMENT TUBE D43x2,5","ATTREZZATURA GF823 TB 43 x 2,5 RAP203/01",
NA2145K-00,"ATTREZZ. GF823 TB 43 X 3,5 RAP74/01","GF823 EQUIPMENT TUBE D43x3,5","ATTREZZATURA GF823 TB 43x3,5 RAP74/01",
XY4381R-00,ATTRE. GF823 TB 45 X 2 RAP217/01,GF823 EQUIPMENT TUBE D45x2,ATTREZZATURA GF823 TB 45 x 2 RAP217/01,
NC0176H-00,ATTRE. GF823 TB 48 X 4 RAP196/01,GF823 EQUIPMENT TUBE D48x4,ATTREZZATURA GF823 TB 48 x 4 RAP196/01,
CT3028X-00,ATTR.GF823 TB DIA.50 L=118 RP004/01,GF823 EQUIPMENT TUBE D50x118,ATTREZZATURA GF823 TB D50x118 RP004/01,
NP9446W-00,ATTRE. GF823 TB 50 X 2.7 RAP57/01,"GF823 EQUIPMENT TUBE D50x2,7","ATTREZZATURA GF823 TB 50 x 2,7 RAP57/01",
DA4723W-00,ATTRE. GF823 TB 52.4X 2.2 RAP238/01,"GF823 EQUIPMENT TUBE D52,4x 2,2","ATTREZZATURA GF823 TB 52,4x 2,2 RAP238/01",
CE0934K-00,ATTRE. GF823 TB 55 X 4.5 RAP57/01,"GF823 EQUIPMENT TUBE D55x4,5","ATTREZZATURA GF823 TB 55 x 4,5 RAP57/01",
TV2894P-00,ATTREZZ. GF823 TB58.1X8.85RAP170/01,"GF823 EQUIPMENT TUBE D58,1x8,85","ATTREZZATURA GF823 TB58,1x8,85 RAP170/01",
ZB3473H-00,ATTR. GF823 TB 63.5X6.3 RAP 258/01,"GF823 EQUIPMENT TUBE D63,5x6,3","ATTREZZATURA GF823 TB 63,5x6,3 RAP 258/01",
TE3703H-00,ATTR.GF823-TB 65X12.5 RAP 256/01,"GF823 EQUIPMENT TUBE D65x12,5","ATTREZZATURA GF823-TB 65x12,5 RAP256/01",
PG8469V-00,ATTRE. GF823 TB 65 X 3 RAP57/01,GF823 EQUIPMENT TUBE D65x3,ATTREZZATURA GF823 TB 65 x 3 RAP57/01,
KX2721D-00,ATT. GF823 TUBO 68.4X3.2 RAP50/2003,"GF823 EQUIPMENT TUBE D68,4x3,2","GF823 TUBE EQUIPMENT 68,4x3,2 RAP50/2003",
KD6696J-00,"ATTREZZ. GF823 TB 70 X 3,5 L 100 MM","GF823 EQUIPMENT TUBE D70x3,5x100","ATTREZZATURA GF823 TB 70x3,5x100 mm",
GY1767U-00,"ATTREZZ. GF823 TB 72 X 3,7 L 120 MM","GF823 EQUIPMENT TUBE D72x3,7x120","ATTREZZATURA GF823 TB 72x3,7x120 mm",
PD6751T-00,ATTREZZ. GF823 TB 75 X 6 RAP170/01,GF823 EQUIPMENT TUBE D75x6,ATTREZZATURA GF823 TB 75x6 RAP170/01,
JW3736R-00,ATTRE. GF823 TB 78 X 5.5 RAP203/01,"GF823 EQUIPMENT TUBE D78x5,5","ATTREZZATURA GF823 TB 78 x 5,5 RAP203/01",
CW3574T-00,"TESTINA SUNENA PER DIA. 22,10-GF 823","GF823 HEAD D22,10","TESTINA SUNENA PER D22,10-GF 823",
FJ7478K-00,TESTINA SUNENA PER DIA. 33CM 502,GF823 HEAD D33,TESTINA SUNENA PER D33CM 502,
SX9225P-00,GF823 TESTINE D.20 PIENO V.2985,GF823 HEADS BAR D20,GF823 TESTINE D20 PIENO V.2985,
VF2045M-00,GF823 TESTINE D.24 PIENO V.3213,GF823 HEADS BAR D24,GF823 TESTINE D24 PIENO V.3213,
BD2475L-00,TESTINE X CONI ISO40-GF823,GF823 HEADS CONES ISO40,,
FS4155K-00,TESTINE DIAM 10 GF823 V2818,GF823 HEADS D10,TESTINE D10 GF823 V2818,
MD2497V-00,"TESTINE DIA.31X2,5 GF823-RAP 185/02","GF823 HEADS D31x2,5","TESTINE D31x2,5 GF823 RAP185/02",
AB6985J-00,TESTINE DIAM 34 GF823 V2828,GF823 HEADS D34,TESTINE D34 GF823 V2828,
SH8004U-00,TESTINE X D. 36 -GF823- RAP 191/01,GF823 HEADS D36,TESTINE X D36 -GF823- RAP191/01,
DY2924X-00,TESTINE DIAM 44 GF823 V2090,GF823 HEADS D44,TESTINE D44 GF823 V2090,
LN9098U-00,GF823-TESTINE VOTR D.44 V.3413,GF823 HEADS D44 “VOTR”,GF823-TESTINE VOTR D44 V.3413,
CU2329N-00,"GF823 TESTINE DEDACOR D.49,2 V.2989","GF823 HEADS D49,2 “DEDACOR”","GF823 TESTINE DEDACOR D49,2 V.2989",
JB2764W-00,GF823-TESTINE LAV. DIAM.50MM R2581,GF823 HEADS D50,GF823-TESTINE LAV. D50mm R2581,
GN7423H-00,TESTINE DIAM 52.8 GF823 V2092,"GF823 HEADS D52,8","TESTINE D52,8 GF823 V2092",
GP2617Z-00,GF823-TESTINE LAV. DIAM.58MM R2581,GF823 HEADS D58,GF823-TESTINE LAV. D58mm R2581,
FS2577P-00,TESTINE DIAM 65 GF823 V2313,GF823 HEADS D65,TESTINE D65 GF823 V2313,
BS9977R-00,TESTINE DIAM 70.05 GF823 V2094,"GF823 HEADS D70,05","TESTINE D70,05 GF823 V2094",
EG4807H-00,TESTINE DIAM 75 GF823 V2311,GF823 HEADS D75,TESTINE D75 GF823 V2311,
YA3705B-00,TESTINE DIAM 76.3 GF823 V2097,"GF823 HEADS D76,3","TESTINE D76,3 GF823 V2097",
CC8267R-00,TESTINE DIAM 78 GF823 V2833,GF823 HEADS D78,TESTINE D78 GF823 V2833,
PD5193D-00,TESTINE DIAM 80 GF823 V2099,GF823 HEADS D80,TESTINE D80 GF823 V2099,
WZ5203G-00,GF823 TESTINE NOK.SA. RIF. A,GF823 HEADS REFERENCE A “NOK.SA.”,,
AE1443H-00,GF823 TESTINE PROVE DEDACOR V.3341,GF823 HEADS TEST “DEDACOR”,,
UL4483A-00,GF823 TESTINE D.20 TUBO V.2983,GF823 HEADS TUBE D20,GF823 TESTINE D20 TUBO V.2983,
FV0558V-00,GF823 TURNING HEADS,GF823 HEADS TURNING,,
RS1298B-00,GF823 TESTINE DI LAVORO VOCO 1270,GF823 HEADS VOCO 1270,,
XS2772Y-00,GF823 TESTINE DI LAVORO VOCO 1272,GF823 HEADS VOCO 1272,,
JM6886W-00,GF823 TESTINE DI LAVORO VOCO 1274,GF823 HEADS VOCO 1274,,
RJ3860T-00,GF823 TESTINE DI LAVORO VOCO 1276,GF823 HEADS VOCO 1276,,
VW0019P-00,GF823 TESTINE DI LAVORO VOCO 1278,GF823 HEADS VOCO 1278,,
ZM9885G-00,GF823 TESTINE DI LAVORO VOCO 1281,GF823 HEADS VOCO 1281,,
VM2144U-00,GF823 TESTINE DI LAVORO VOCO 1285,GF823 HEADS VOCO 1285,,
KE2257A-00,GF823 TESTINE DI LAVORO VOCO 1288,GF823 HEADS VOCO 1288,,
UX9741Y-00,GF823 TESTINE DI LAVORO VOCO 1290,GF823 HEADS VOCO 1290,,
LR9652V-00,GF823 TESTINE DI LAVORO VOCO 1292,GF823 HEADS VOCO 1292,,
SA6674T-00,"GANASCE 31-2,5 GF823RAP 185/02","GF823 JAWS 31-2,5","GANASCE 31-2,5 GF823 RAP185/02",
YH1696J-00,GF823 GANASCE D.20 V.2982,GF823 JAWS D20,GF823 GANASCE D20 V.2982,
RE1337D-00,GF823 GANASCE D.24 V.3212,GF823 JAWS D24,GF823 GANASCE D24 V.3212,
AU3291B-00,GF823 GANASCE DIAM. 25.3 V2850,"GF823 JAWS D25,3","GF823 GANASCE D25,3 V2850",
KN4496X-00,GF823 GANASCE DIAM. 30.12 V2851,"GF823 JAWS D30,12","GF823 GANASCE D30,12 V2851",
EP4190K-00,GANASCE D. 36 X GF823RAP 191/01,GF823 JAWS D36,GANASCE D36 X GF823 RAP191/01,
ZV2105D-00,GANASCE D. 44 X GF823RAP 191/01,GF823 JAWS D44,GANASCE D44 X GF823 RAP191/01,
XC2674J-00,GF823 GANASCE DIAM. 44.45 V2852,"GF823 JAWS D44,45","GF823 GANASCE D44,45 V2852",
GJ5326U-00,"GF823 GANASCE DEDACOR D.49,2 V.2988","GF823 JAWS D49,2 “DEDACOR”","GF823 GANASCE DEDACOR D49,2 V.2988",
PB6776L-00,GF823 GANASCE DIAM. 6.35 V2846,"GF823 JAWS D6,35","GF823 GANASCE D6,35 V2846",
EJ0903V-00,GANASCE PER TUBO DIAM. 76.4 X GF823,"GF823 JAWS D76,4","GANASCE PER TUBO D76,4 X GF823",
VT2831J-00,GAN PINZE DIAM 10 L=330 GF823 V2817,GF823 JAWS X CLAMPS D10x330,GANASCIA PINZE D10x330 GF823 V2817,
NW6325W-00,GAN PINZE D. 13.3 L=210 GF823 V2820,"GF823 JAWS X CLAMPS D13,3x210","GANASCIA PINZE D13,3x210 GF823 V2820",
SA3025C-00,GAN PINZE DIAM 18 L=235 GF823 V2808,GF823 JAWS X CLAMPS D18x235,GANASCIA PINZE D18x235 GF823 V2808,
EZ3660P-00,GAN PINZE DIAM 18 L=45 GF823 V2807,GF823 JAWS X CLAMPS D18x45,GANASCIA PINZE D18x45 GF823 V2807,
PA8623C-00,GAN PINZE DIAM 20 L=30 GF823 V2822,GF823 JAWS X CLAMPS D20x30,GANASCIA PINZE D20x30 GF823 V2822,
AV8929X-00,GAN PINZE D. 22.22 L=30 GF823 V2824,"GF823 JAWS X CLAMPS D22,22x30","GANASCIA PINZE D22,22x30 GF823 V2824",
CE4964G-00,GAN PINZE DIAM 22 L=30 GF823 V2823,GF823 JAWS X CLAMPS D22x30,GANASCIA PINZE D22x30 GF823 V2823,
PP3081V-00,GAN PINZE D. 25.4 L=40 GF823 V2825,"GF823 JAWS X CLAMPS D25,4x40","GANASCIA PINZE D25,4x40 GF823 V2825",
ZT6781A-00,GAN PINZE DIAM 33.4 GF823 V2728,"GF823 JAWS X CLAMPS D33,4","GANASCIA PINZE D33,4 GF823 V2728",
HF1799H-00,GAN PINZE DIAM 33 L=20 GF823 V2826,GF823 JAWS X CLAMPS D33x20,GANASCIA PINZE D33x20 GF823 V2826,
UB9770U-00,GAN PINZE DIAM 34 L=15 GF823 V2827,GF823 JAWS X CLAMPS D34x15,GANASCIA PINZE D34x15 GF823 V2827,
KN1931V-00,GAN PINZE DIAM 40 L=180 GF823 V2829,GF823 JAWS X CLAMPS D40x180,GANASCIA PINZE D40x180 GF823 V2829,
AT3583J-00,GAN PINZE DIAM 44 GF823 V2089,GF823 JAWS X CLAMPS D44,GANASCIA PINZE D44 GF823 V2089,
EA8030K-00,GAN PINZE DIAM 48 GF823 V2314,GF823 JAWS X CLAMPS D48,GANASCIA PINZE D48 GF823 V2314,
XJ1323J-00,GAN PINZE DIAM 49.6 GF823 V2316,"GF823 JAWS X CLAMPS D49,6","GANASCIA PINZE D49,6 GF823 V2316",
XY8428W-00,GAN PINZE DIAM 50 GF823 V2317,GF823 JAWS X CLAMPS D50,GANASCIA PINZE D50 GF823 V2317,
RU7430M-00,GAN PINZE DIAM 52.8 GF823 V2091,"GF823 JAWS X CLAMPS D52,8","GANASCIA PINZE D52,8 GF823 V2091",
YK4825S-00,GAN PINZE DIAM 52 L=28 GF823 V3488,GF823 JAWS X CLAMPS D52x28,GANASCIA PINZE D52x28 GF823 V3488,
CF1672K-00,GAN PINZE DIAM 52 L=35 GF823 V2830,GF823 JAWS X CLAMPS D52x35,GANASCIA PINZE D52x35 GF823 V2830,
XH4222F-00,GAN PINZE DIAM 55.9 GF823 V2729,"GF823 JAWS X CLAMPS D55,9","GANASCIA PINZE D55,9 GF823 V2729",
NW8320G-00,GAN PINZE DIAM 65 GF823 V2312,GF823 JAWS X CLAMPS D65,GANASCIA PINZE D65 GF823 V2312,
TD1367C-00,GAN PINZE DIAM 66 L=35 GF823 V2831,GF823 JAWS X CLAMPS D66x35,GANASCIA PINZE D66x35 GF823 V2831,
UM5270A-00,GAN PINZE DIAM 70.05 GF823 V2093,"GF823 JAWS X CLAMPS D70,05","GANASCIA PINZE D70,05 GF823 V2093",
TN2655Z-00,GAN PINZE DIAM 75 GF823 V2310,GF823 JAWS X CLAMPS D75,GANASCIA PINZE D75 GF823 V2310,
NL5206L-00,GAN PINZE DIAM 76.3 GF823 V2096,"GF823 JAWS X CLAMPS D76,3","GANASCIA PINZE D76,3 GF823 V2096",
BZ1551X-00,GAN PINZE DIAM 78 L=50 GF823 V2832,GF823 JAWS X CLAMPS D78x50,GANASCIA PINZE D78x50 GF823 V2832,
NZ6848N-00,GAN PINZE DIAM 80 GF823 V2098,GF823 JAWS X CLAMPS D80,GANASCIA PINZE D80 GF823 V2098,
KY2646H-00,GAN PINZE DIAM 80 L=340 GF823 V3489,GF823 JAWS X CLAMPS D80x340,GANASCIA PINZE D80x340 GF823 V3489,
XN0018P-00,GAN.PINZE L=256.70 GF823-RAP 185/02,"GF823 JAWS X CLAMPS L=256,70","GANASCE PINZE L=256,70 GF823 RAP185/02",
GE9870X-00,GAN.PINZE L=334.48 GF823-RAP 185/02,"GF823 JAWS X CLAMPS L=334,48","GANASCE PINZE L=334,48 GF823 RAP185/02",
KU4677V-00,GAN.PINZE L=426.70 GF823-RAP 185/02,"GF823 JAWS X CLAMPS L=426,70","GANASCE PINZE L=426,70 GF823 RAP185/02",
UL0278G-00,COPPIA ADATT. NAZIKUPR GF823 V1561,GF823 N°2 ADAPTER “NAZIKUPR”,,
MA5553A-00,COPPIA TESTINE REGOLABI GF823 V2819,GF823 N°2 ADJUSTABLE HEADS,,
SB9244Z-00,GF823 COPPIA TESTINE CN V1826,GF823 N°2 CN HEADS,,
KS1368J-00,GF823-COPPIA TESTINE D50MM V3094,GF823 N°2 HEADS D50,GF823-COPPIA TESTINE D50mm V3094,
RP7537Z-00,GF823-COPPIA UTENSILI INV. D27.96,"GF823 N°2 INVERTER TOOLS D27,96","GF823-COPPIA UTENSILI INVERTER D27,96",
MS0023R-00,GF823-TERNA MORSE VOTR D.44 V.3412,GF823 N°3 CLAMPS D44 “VOTR”,GF823-TERNA MORSE VOTR D44 V.3412,
LY7850C-00,TERNA GANASCE GF823 VOCO875,GF823 N°3 JAWS,,
AR0924K-00,GF823 TERNA PINZE VITE RAP246/2002,GF823 N°3 SCREW CLAMPS,,
DT2626A-00,GF823 TERNA GANASCE AVVOLGENTI VITE V1823,GF823 N°3 SCREW WRAP-AROUND JAWS,,
SG7883M-00,GF823-TERNA GAN.AVV. D24 MM V3841,GF823 N°3 WRAP-AROUND JAWS D24,GF823-TERNA GANASCE AVVOLGENTI D24 mm V3841,
ZF2142X-00,GF823-TERNA GAN.AVV.DIAM.51MM V2142,GF823 N°3 WRAP-AROUND JAWS D51,GF823-TERNA GANASCE AVVOLGENTI D51mm V2142,
JZ1842S-00,GF823-TERNA GAN.AVV.DIAM.52MM V2146,GF823 N°3 WRAP-AROUND JAWS D52,GF823-TERNA GANASCE AVVOLGENTI D52mm V2146,
AV8831S-00,GF823-TERNA GAN.AVV.DIAM.67MM V2140,GF823 N°3 WRAP-AROUND JAWS D67,GF823-TERNA GANASCE AVVOLGENTI D67mm V2140,
KM0490V-00,GF823-TERNA GAN.AVV.DIAM.72MM V2144,GF823 N°3 WRAP-AROUND JAWS D72,GF823-TERNA GANASCE AVVOLGENTI D72mm V2144,
CZ2944K-00,GF823-6 CARTUCCE PORTA PLACCH.,GF823 N°4 CARTRIDGES PLATE HOLDER,,
AZ3705W-00,GF823 TESTINE (4) NAPETI RAP32/04,GF823 N°4 HEADS “NAPETI”,,
WT4153F-00,GF823-GAN.TAVOLA D=32.35 MM V1422,"GF823 PALLET JAWS D32,35","GF823-GANASCE TAVOLA D32,35 mm V1422",
VS1818N-00,"GAN.PINZE RAPIDE D.33 L=284,6 GF823","GF823 Q. RELEASE CLAMPS JAWS D33x284,6","GANASCE PINZE A SGANCIO RAPIDO D33x284,6 GF823",
DM5405J-00,GF823-TESTINE RAPIDE V3255,GF823 QUICK RELEASE HEADS,,
RV0056T-00,GF823-TESTINE RAPIDE D35 MM V1968,GF823 QUICK RELEASE HEADS D35,GF823-TESTINE RAPIDE D35 mm V1968,
FR3825P-00,GF823-TESTINE RAPIDE D40 MM V2062,GF823 QUICK RELEASE HEADS D40,GF823-TESTINE RAPIDE D40 mm V2062,
DD6346H-00,GF823-TESTINE SG. RAPIDO D45MM V473,GF823 QUICK RELEASE HEADS D45,GF823-TESTINE A SGANCIO RAPIDO D45mm V473,
NC2420Z-00,GF823-TESTINE RAPIDE D46 MM V1966,GF823 QUICK RELEASE HEADS D46,GF823-TESTINE RAPIDE D46 mm V1966,
JX6171B-00,GF823-TESTINE RAPIDE D50 MM V1961,GF823 QUICK RELEASE HEADS D50,GF823-TESTINE RAPIDE D50 mm V1961,
VJ0832L-00,GF823-TESTINE SG. RAPIDO D54MM V474,GF823 QUICK RELEASE HEADS D54,GF823-TESTINE A SGANCIO RAPIDO D54mm V474,
DM5544H-00,GF823-TESTINE RAPIDE D58 MM V1963,GF823 QUICK RELEASE HEADS D58,GF823-TESTINE RAPIDE D58 mm V1963,
DS5624C-00,GF823-SET PRISMI ATT.RAPIDO V5254,GF823 QUICK RELEASE PRISMS,GF823-SET PRISMI ATTACCO RAPIDO V5254,
AV2472C-00,GF823-GANASCE AVVOLGENTI RAPIDE V3256,GF823 QUICK RELEASE WRAP-AROUND JAWS,GF823-GANASCE AVVOLGENTI A SGANCIO RAPIDO V3256,
PD7382V-00,GF823-GAN.AVV. ATT.RAP. D34MM V3843,GF823 QUICK RELEASE WRAP-AROUND JAWS D34,GF823-GANASCE AVVOLGENTI A SGANCIO RAPIDO D34mm V3843,
GF1060S-00,GF823 GAN PINZE A VITE D15MM V1275,GF823 SCREW JAWS X CLAMPS D15,GF823 GANASCE PINZE A VITE D15mm V1275,
VN2571H-00,GF823 GAN PINZE A VITE D22.2 V1273,"GF823 SCREW JAWS X CLAMPS D22,2","GF823 GANASCE PINZE A VITE D22,2 V1273",
ZB5890U-00,GF823 GAN PINZE A VITE D25MM V1284,GF823 SCREW JAWS X CLAMPS D25,GF823 GANASCE PINZE A VITE D25mm V1284,
AH2373Z-00,GF823 GAN PINZE A VITE D30MM V1279,GF823 SCREW JAWS X CLAMPS D30,GF823 GANASCE PINZE A VITE D30mm V1279,
ZB2110R-00,GF823 GAN PINZE A VITE D38MM V1286,GF823 SCREW JAWS X CLAMPS D38,GF823 GANASCE PINZE A VITE D38mm V1286,
CG5858Y-00,GF823 GAN PINZE A VITE D40MM V1269,GF823 SCREW JAWS X CLAMPS D40,GF823 GANASCE PINZE A VITE D40mm V1269,
MM3646T-00,GF823 GAN PINZE A VITE D48MM V1271,GF823 SCREW JAWS X CLAMPS D48,GF823 GANASCE PINZE A VITE D48mm V1271,
WD0525C-00,GF823 GAN PINZE A VITE D67MM V1291,GF823 SCREW JAWS X CLAMPS D67,GF823 GANASCE PINZE A VITE D67mm V1291,
ZP4186C-00,GF823-GAN.AVV.VITE D10 L100MM V3870,GF823 SCREW WRAP-AROUND JAWS D10x100,GF823-GANASCE AVVOLGENTI A VITE D10x100mm V3870,
FR6598T-00,GF823-GAN.AVV.VITE D10 L40 MM V3869,GF823 SCREW WRAP-AROUND JAWS D10x40,GF823-GANASCE AVVOLGENTI A VITE D10x40 mm V3869,
UA3035K-00,GF823-GAN.AVV.VITE D12 L30 MM V3442,GF823 SCREW WRAP-AROUND JAWS D12x30,GF823-GANASCE AVVOLGENTI A VITE D12x30 mm V3442,
SK6386B-00,GF823-GAN.AVV.VITE D=14MM V2023,GF823 SCREW WRAP-AROUND JAWS D14,GF823-GANASCE AVVOLGENTI A VITE D14mm V2023,
EW9230U-00,GF823-GAN.AVV.VITE D22 L35 MM V3812,GF823 SCREW WRAP-AROUND JAWS D22x35,GF823-GANASCE AVVOLGENTI A VITE D22x35 mm V3812,
HG5911N-00,GF823-GAN.AVV.VITE D30 L30 MM V3868,GF823 SCREW WRAP-AROUND JAWS D30x30,GF823-GANASCE AVVOLGENTI A VITE D30x30 mm V3868,
KX9713R-00,GF823-GAN.AVV. VITE D35 MM V1967,GF823 SCREW WRAP-AROUND JAWS D35,GF823-GANASCE AVVOLGENTI A VITE D35 mm V1967,
TG1354X-00,GF823-GAN.AVV. VITE D40 MM V2060,GF823 SCREW WRAP-AROUND JAWS D40,GF823-GANASCE AVVOLGENTI A VITE D40 mm V2060,
RE1983T-00,GF823-GAN.AVV. VITE D46 MM V1965,GF823 SCREW WRAP-AROUND JAWS D46,GF823-GANASCE AVVOLGENTI A VITE D46 mm V1965,
TV2295P-00,GF823-GAN.AVV. VITE D47 MM V1964,GF823 SCREW WRAP-AROUND JAWS D47,GF823-GANASCE AVVOLGENTI A VITE D47 mm V1964,
FU9931J-00,GF823-GAN.AVV. VITE D48 MM V1969,GF823 SCREW WRAP-AROUND JAWS D48,GF823-GANASCE AVVOLGENTI A VITE D48 mm V1969,
KM2046N-00,GF823-GAN.AVV.VITE D50 MM V1960,GF823 SCREW WRAP-AROUND JAWS D50,GF823-GANASCE AVVOLGENTI A VITE D50 mm V1960,
WA1463G-00,GF823-GAN.VITE95MM DIAM.50MM R2581,GF823 SCREW WRAP-AROUND JAWS D50x95,GF823-GANASCE AVVOLGENTI A VITE 95mm D50mm R2581,
JE0847D-00,GF823-GAN.AVV.VITE D52.4 MM V5262,"GF823 SCREW WRAP-AROUND JAWS D52,4","GF823-GANASCE AVVOLGENTI A VITE D52,4 mm V5262",
GM7845E-00,GF823-GAN.AVV. VITE D58 MM V1962,GF823 SCREW WRAP-AROUND JAWS D58,GF823-GANASCE AVVOLGENTI A VITE D58 mm V1962,
LJ4049H-00,GF823-GAN.VITE95MM DIAM.58MM R2581,GF823 SCREW WRAP-AROUND JAWS D58x95,GF823-GANASCE AVVOLGENTI A VITE 95mm D58mm R2581,
XPN35605-00,GF823RULLO SAGOMATO dis XW-EL0146-33,GF823 SHAPED ROLLER DRAW. XW-EL0146-33,,
KX3325T-00,GF823 C.PINZE THEC. L.100MM R115/03,GF823 SPECIAL CLAMPS L100,GF823 C.PINZE SPECIALI L.100 mm RAP115/03,
KV2119F-00,GF823 C.PINZE THEC. L.40 MM R115/03,GF823 SPECIAL CLAMPS L40,GF823 C.PINZE SPECIALI L.40 mm RAP115/03,
DE4685T-00,GF823-MOTIK TOOLS,GF823 MOTIK TOOLS,,
UN9551Y-00,GF823-BARRA A FILETTARE V3813,GF823 THREAD BAR,,
XW0437P-00,GF823-UTENSILI PER DIAM 10 V3871,GF823 TOOLS D10,GF823-UTENSILI PER D10 V3871,
XX6155A-00,GF823 MOD. SCARICO DIAM. 6.35 V2857,"GF823 UNLOAD MODULE D6,35","GF823 MOD, SCARICO D6,35 V2857",
FA0968N-00,TESTINE VARIE GF823 V2315,GF823 VARIOUS HEADS,,
GL7207F-00,GF823-GANASCE AVVOLGENTIOLG.V2008,GF823 WRAP-AROUND JAWS,GF823-GANASCE AVVOLGENTI V2008,
VD2326X-00,GANASCE. AVV. PINZE D.75CM 502,GF823 WRAP-AROUND JAWS CLAMP D75,GANASCE AVVOLGENTI PINZE D75cm 502,
FK2879Y-00,GF823-AVVOLGENTI D24 L50,GF823 WRAP-AROUND JAWS D24x50,GF823-AVVOLGENTI D24x50,
HP4302Z-00,GF823-AVVOLGENTI D27.96 L50,"GF823 WRAP-AROUND JAWS D27,96x50","GF823-AVVOLGENTI D27,96x50",
RNF10747-00,GF823GANASCE AVVOLGENTI D43 L25 S.R.,GF823 WRAP-AROUND JAWS D43x25 S.R.,GF823GANASCE AVVOLGENTI D43x25 S.R.,
WS9435J-00,GF823-GAN.AVV.D45MM L116-147MM V470,GF823 WRAP-AROUND JAWS D45x116-147,GF823-GANASCE AVVOLGENTI D45mmx116-147mm V470,
LE4544B-00,GANASCE AVVOLGENTI DIA.52.45 MM -GF823,"GF823 WRAP-AROUND JAWS D52,45","GANASCE AVVOLGENTI D52,45 mm GF823",
AN9370U-00,GF823-GAN.AVV.D54MM L197-227MM V471,GF823 WRAP-AROUND JAWS D54x197-227,GF823-GANASCE AVVOLGENTI D54mmx197-227mm V471,
FU2944F-00,GF823-GAN.AVV.D54MM L247-260MM V472,GF823 WRAP-AROUND JAWS D54x247-260,GF823-GANASCE AVVOLGENTI D54mmx247-260mm V472,
FL0079U-00,GF823-GAN. AVVOLG. STDD50MM V3093,GF823 WRAP-AROUND JAWS STANDARD D50,GF823-GANASCE AVVOLGENTI STANDARDD50mm V3093,
BN4083U-00,GF893-PRISMI CARRELLO CORTI,GF893 CARRIAGE PRISMS SHORT,,
JW4541C-00,GF893SERIE PRISMI AVV. MORSA DIA,GF893 CLAMP WRAP-AROUND PRISMS D,GF893SERIE PRISMI AVVOLGENTI MORSA D,
EN6224-00,GF893SERIE PRISMI AVV. MORSA DIA=52,GF893 CLAMP WRAP-AROUND PRISMS D52,GF893SERIE PRISMI AVVOLGENTI MORSA D52,
XT2816K-00,GF893-UNTENSILE CN A C,GF893 CN C-TOOL,,
RB1990F-00,GF893-TEST.CN.+UTEN.FILETTARE 4 MM,GF893 CN HEAD + TOOL THREADING 4mm,GF893-TEST.CN.+UTENSILE FILETTARE 4 mm,
PZ5345W-00,GF893-TEST.CN+BARENO FILETTARE 4 MM,GF893 CN HEAD+THREAD BORING BAR STEP=4mm,GF893-TEST.CN+BARENO FILETTARE 4 mm,
CT6670S-00,GF893:UT CN GODRONE+TROCAT+INTESTAT,GF893 CN TOOL KNURLING W.+CUT OFF+FACING,,
RL2000C-00,"GF893-UT.CN INT+SM.I/E+D27,2+D24,5","GF893 CN TOOL+I./E. CHAMFER D27,2 D24,5",,
FV6993S-00,GF893-UT.CN+2PORTAUT.INT/S.I/EV4326,GF893 CN TOOL+N°2 TOOL HOLDER I./E.CHAM.,,
TX3931N-00,GF893-UTENSILI CN V3854,GF893 CN TOOLS,,
KL3471E-00,GF893-BARENO CN A 45 GRADI,GF893 CNC BORING BAR 45°,,
FG1379U-00,GF893-UT COLLAR.SALVAFILETTO-V4719,GF893 COLLAR TOOL SAVE THREAD,,
CC6094T-00,GF893-PORTAPUNTE+PUNTE D26 MM,GF893 DRILL BITS HOLDER + DRILL BITS D26,GF893-PORTAPUNTE+PUNTE D26 mm,
FX4904U-00,GF893-KIT PORTAPUNTE+PUNTE D31.2 MM,"GF893 DRILL BITS HOLDER KIT + BITS D31,2","GF893-KIT PORTAPUNTE+PUNTE D31,2 mm",
SV0574F-00,GF893-KIT PORTAPUNTE+PUNTE D33.5MM,"GF893 DRILL BITS HOLDER KIT + BITS D33,5","GF893-KIT PORTAPUNTE+PUNTE D33,5mm",
WJ6234K-00,GF893-KIT PORTAPUNTE+PUNTE D34 MM,GF893 DRILL BITS HOLDER KIT + BITS D34,GF893-KIT PORTAPUNTE+PUNTE D34 mm,
SU6034G-00,GF893-KIT FORATURA DIAM.8MM,GF893 DRILLING KIT D8,GF893-KIT FORATURA D8mm,
FC7760J-00,GF893-ATTREZZATURE FIERA EMO2011,GF893 EQIPMENTS EMO2011 FAIR,,
RC2947R-00,ATTREZZATURE GF893 FIERA BIEHM,GF893 EQUIPMENT BIEHM FAIR,ATTREZZATURA GF893 FIERA BIEHM,
DC1041A-00,GF893:AT X FILETTARE PZ 1/2 E 3/4,GF893 EQUIPMENT THREADING 1/2”-3/4”,,
XA8907C-00,GF893-AT X ALLINEAMENTO UNITA'V4915,GF893 EQUIPMENT UNIT ALIGNMENT,GF893-AT X ALLINEAMENTO UNITÀV4915,
PC1098P-00,GF893-SET UTENSILI FISSI E CN V3992,GF893 FIXED TOOLS SET AND CN,,
RV1243A-00,GF893-TEST. LAVORAZ. D.22 V.3888,GF893 HEADS D22,GF893-TEST. LAVORAZIONE D22 V.3888,
EJ3513R-00,"GF893-TEST. LAVORAZ. D.24,5 V.3193","GF893 HEADS D24,5","GF893-TEST. LAVORAZIONE D24,5 V.3193",
VT0672T-00,"GF893-TEST. LAVORAZ. D.30,2 V.3886","GF893 HEADS D30,2","GF893-TEST. LAVORAZIONE D30,2 V.3886",
PM4913T-00,GF893 RICAMBI: GODRONE E BARENO,GF893 KNURL.WHEEL-BORING BAR SPARE PARTS,,
HV0021K-00,GF893-COPPIA PORTAUT.REG.3INSERTI,GF893 N°2 ADJUST. TOOL HOLDER+3 INSERTS,GF893-COPPIA PORTAUTENSILI REG.3INSERTI,
TD5557B-00,GF893-COPPIA TESTINE REGOL. V3543,GF893 N°2 ADJUSTABLE HEADS,,
JT5102P-00,GF893-COPPIA PORTAUTENS. REGOLABILI,GF893 N°2 ADJUSTABLE TOOL HOLDERS,GF893-COPPIA PORTAUTENSILI REGOLABILI,
GH7039X-00,GF893-COPPIA.UT.REG 10-65 V4687,GF893 N°2 ADJUSTABLE TOOQJ 92-48,GF893-COPPIA.UTENSILI REG 10-65 V4687,
PA2073-00,GF893-COPPIA BARENI D52,GF893 N°2 BORING BARS D52,,
CD7003X-00,GF893-COPPIA TESTINE CN,GF893 N°2 CN HEADS,,
CB1572K-00,GF893-COPPIA UT.CN INT+SM.INT/EXT,GF893 N°2 CN TOOLS + INT./EXT. CHAMFER,GF893-COPPIA UTENSILI CN INT+SM.INT/EXT,
ZL2824G-00,GF893-COPPIA UTENSILI CN 1 V3862,GF893 N°2 CN1 TOOLS,,
PF8298N-00,GF893-COPPIA UTENS. CN 2 V3867,GF893 N°2 CN2 TOOLS,GF893-COPPIA UTENSILI CN 2 V3867,
TD7177R-00,GF893-COPPIA TESTINE FISSI R22962,GF893 N°2 FIXED HEADS R22962,,
ZW7306H-00,GF893-COPPIA PORTAUTENSILI FISSI,GF893 N°2 FIXED TOOL HOLDERS,,
JF1847W-00,"GF893-COPPIA UT.RAP.D39,8-14,4V4800","GF893 N°2 Q. RELEASE TOOLS D39,8-14,4","GF893-COPPIA UTENSILI RAPIDO D39,8-14,4V4800",
RU9144C-00,GF893-COPPIA PORTAUT.+3 CARTUCCE,GF893 N°2 TOOL HOLDERS + N°3 CARTRIDGES,GF893-COPPIA PORTAUTENSILI +3 CARTUCCE,
VY9634J-00,"GF893-3PORTAUT.DIAM.39,8INT.SMUSSI","GF893 N°2 TOOL HOLDERS D39,8 INT. CH.","GF893-3PORTAUT.D39,8INT.SMUSSI",
GU9338C-00,GF893-3PORTAUT+UT.CN+PORTAMASCHIO,GF893 N°2 TOOL HOLDERS+CN TOOL+TAP HOLD.,,
ZY4111Y-00,GF893-COPPIA UTENSIL V5038,GF893 N°2 TOOLS,GF893-COPPIA UTENSILI V5038,
XX0729U-00,GF893-COPPIA STELI CN A TORNIRE,GF893 N°2 TURNING RODS,,
AX4024T-00,"GF893-TERNA AVV.RAP D27,3L350-V4260","GF893 N°3 Q. REL. WRAP-AR.JAWS D27,3x350","GF893-TERNA AVVOLGENTI A SGANCIO RAPIDO D27,3x350-V4260",
JD8356F-00,"GF893-TERNA AVV.RAP D31,3L500-V4261","GF893 N°3 Q. REL. WRAP-AR.JAWS D31,3x500","GF893-TERNA AVVOLGENTI A SGANCIO RAPIDO D31,3x500-V4261",
ZY6836C-00,GF893-TERNA AVV.VITE D17L35 V4572,GF893 N°3 SCREW WRAP-AROUND JAWS D17x35,GF893-TERNA AVVOLGENTI A VITE D17x35 V4572,
XS2579L-00,GF893-TERNA AVV.VITE.D18 L110,GF893 N°3 SCREW WRAP-AROUND JAWS D18x110,GF893-TERNA AVVOLGENTI A VITE D18x110,
AC6773F-00,GF893-TERNA AVV.VITE D20 L120 V4575,GF893 N°3 SCREW WRAP-AROUND JAWS D20x120,GF893-TERNA AVVOLGENTI A VITE D20x120 V4575,
KY1130K-00,GF893-TERNA AVV.VITE.D20 L30,GF893 N°3 SCREW WRAP-AROUND JAWS D20x30,GF893-TERNA AVVOLGENTI A VITE D20x30,
SV4433A-00,GF893-TERNA AVV.VITE D21.78 V4685,"GF893 N°3 SCREW WRAP-AROUND JAWS D21,78","GF893-TERNA AVVOLGENTI A VITE D21,78 V4685",
LA5465J-00,GF893-TERNA AVV.VITE.D29 L13,GF893 N°3 SCREW WRAP-AROUND JAWS D29x13,GF893-TERNA AVVOLGENTI A VITE D29x13,
DF1316R-00,GF893-TERNA AVV.VITE.D30 L70,GF893 N°3 SCREW WRAP-AROUND JAWS D30x70,GF893-TERNA AVVOLGENTI A VITE D30x70,
GY9926R-00,GF893-TERNA AVV.VITE D40 V4683,GF893 N°3 SCREW WRAP-AROUND JAWS D40,GF893-TERNA AVVOLGENTI A VITE D40 V4683,
ZB7032D-00,GF893-TERNA AVV.VITE D46.8 V4686,"GF893 N°3 SCREW WRAP-AROUND JAWS D46,8","GF893-TERNA AVVOLGENTI A VITE D46,8 V4686",
UH6124X-00,GF893-TERNA AVV.VITE D53 V4684,GF893 N°3 SCREW WRAP-AROUND JAWS D53,GF893-TERNA AVVOLGENTI A VITE D53 V4684,
LV6594R-00,GF893-UT.RAP.FOR.D6.8+SMUSSI V4573,"GF893 Q. RELEASE TOOLS D6,8 DRIL+CHAMFER","GF893-UTENSILE RAPIDO FORATURA D6,8+SMUSSI V4573",
VF7460S-00,GF893-UT.RAP.SALVAFIL.D18X5-V4791,GF893 Q. RELEASE TOOLS SAVE THREAD D18x5,GF893-UTENSILE RAPIDO SALVAFILETTI D18x5-V4791,
DR1102X-00,GF893-AVVOLGENTI.RAPIDO.D24 L40,GF893 Q. RELEASE WRAP-AROUND JAWS D24x40,GF893-AVVOLGENTI ATTACCO RAPIDO D24x40,
JB1738K-00,GF893-AVV.RAPIDO D26 L30 V3989,GF893 Q. RELEASE WRAP-AROUND JAWS D26x30,GF893-AVVOLGENTE A SGANCIO RAPIDO D26x30 V3989,
JP8488E-00,GF893-AVVOLGENTI ATT.RAPIDO D50 L30,GF893 Q. RELEASE WRAP-AROUND JAWS D50x30,GF893-AVVOLGENTI A SGANCIO RAPIDO D50x30,
KY8910Z-00,GF893-UT.RAPID.COLD27.INT.SMODV4574,GF893 QUICK RELEASE TOOL COLD27.INT.SMOD,GF893-UTENSILE RAPIDO COLD27.INT.SMODV4574,
FF3090S-00,GF893-AVVOLGENTI A VITE D16.7 L35,"GF893 SCREW WRAP-AROUND JAWS D16,7x35","GF893-AVVOLGENTI A VITE D16,7x35",
AM4538Z-00,GF893-AVV.VITE D16 L40 V4826,GF893 SCREW WRAP-AROUND JAWS D16x40,GF893-AVVOLGENTI A VITE D16x40 V4826,
SU5478G-00,GF893-AVVOLGENTI A VITE D17.7 L34,"GF893 SCREW WRAP-AROUND JAWS D17,7x34","GF893-AVVOLGENTI A VITE D17,7x34",
RX7832V-00,GF893-AVVOLGENTI A VITE D18.7 L30,"GF893 SCREW WRAP-AROUND JAWS D18,7x30","GF893-AVVOLGENTI A VITE D18,7x30",
MW1031M-00,GF893-AVVOLGENTI A VITE D18 L34,GF893 SCREW WRAP-AROUND JAWS D18x34,GF893-AVVOLGENTI A VITE D18x34,
CP0593V-00,GF893-AVV.VITE D19 L15 V4824,GF893 SCREW WRAP-AROUND JAWS D19x15,GF893-AVVOLGENTI A VITE D19x15 V4824,
RS9607H-00,GF893-AVVOLGENTI A VITE D19 L30,GF893 SCREW WRAP-AROUND JAWS D19x30,GF893-AVVOLGENTI A VITE D19x30,
SG2168U-00,GF893-AVVOLGENTI A VITE D20 L30,GF893 SCREW WRAP-AROUND JAWS D20x30,GF893-AVVOLGENTI A VITE D20x30,
XJ7999M-00,GF893-AVVOLGENTI A VITE D21.7 L40,"GF893 SCREW WRAP-AROUND JAWS D21,7x40","GF893-AVVOLGENTI A VITE D21,7x40",
EE5499Y-00,GF893-AVVOLGENTI A VITE D21 L40,GF893 SCREW WRAP-AROUND JAWS D21x40,GF893-AVVOLGENTI A VITE D21x40,
UP3212R-00,GF893-GAN.AVV.VITE D22.5 L12 V5144,"GF893 SCREW WRAP-AROUND JAWS D22,5x12","GF893-GANASCE AVVOLGENTI A VITE D22,5x12 V5144",
WV1524N-00,GF893-AVVOLGENTI A VITE D23.1 L50,"GF893 SCREW WRAP-AROUND JAWS D23,1x50","GF893-AVVOLGENTI A VITE D23,1x50",
NU2164F-00,GF893-AVVOLGENTI A VITE D23.7 L60,"GF893 SCREW WRAP-AROUND JAWS D23,7x60","GF893-AVVOLGENTI A VITE D23,7x60",
MM8340D-00,GF893-AVVOLGENTI A VITE D25.1 L80,"GF893 SCREW WRAP-AROUND JAWS D25,1x80","GF893-AVVOLGENTI A VITE D25,1x80",
ZF4559A-00,"GF893-AVV.VITE D25,25X100 MM V4592","GF893 SCREW WRAP-AROUND JAWS D25,25x100","GF893-AVVOLGENTI A VITE D25,25x100 mm V4592",
NH7496S-00,GF893-AVV.VITE D25.4 L70 V5080,"GF893 SCREW WRAP-AROUND JAWS D25,4x70","GF893-AVVOLGENTI A VITE D25,4x70 V5080",
PG2522H-00,"GF893-GAN.AVV.VITE D26,9 L100 V3853","GF893 SCREW WRAP-AROUND JAWS D26,9x100","GF893-GANASCE AVVOLGENTI A VITE D26,9x100 V3853",
HS8472F-00,"GF893-GAN.AVV.VITE D26,9 L20 V3852","GF893 SCREW WRAP-AROUND JAWS D26,9x20","GF893-GANASCE AVVOLGENTI A VITE D26,9x20 V3852",
GE9403U-00,GF893-AVV.VITE D30X140MM V4593,GF893 SCREW WRAP-AROUND JAWS D30x140,GF893-AVVOLGENTI A VITE D30x140mm V4593,
FH7099B-00,GF893-AVV.VITE D30 L30 V4829,GF893 SCREW WRAP-AROUND JAWS D30x30,GF893-AVVOLGENTI A VITE D30x30 V4829,
FK8513X-00,GF893-AVV.VITE D31.75 L30 V5079,"GF893 SCREW WRAP-AROUND JAWS D31,75x30","GF893-AVVOLGENTI A VITE D31,75x30 V5079",
NL9181Y-00,"GF893-GAN.AVV.VITE D31,8 L12 V3856","GF893 SCREW WRAP-AROUND JAWS D31,8x12","GF893-GANASCE AVVOLGENTI A VITE D31,8x12 V3856",
CH5498S-00,"GF893-GAN.AVV.VITE D31,8 L50 V3857","GF893 SCREW WRAP-AROUND JAWS D31,8x50","GF893-GANASCE AVVOLGENTI A VITE D31,8x50 V3857",
GY7180R-00,GF893-AVV.VITE D33.2 L15 V4825,"GF893 SCREW WRAP-AROUND JAWS D33,2x15","GF893-AVVOLGENTI A VITE D33,2x15 V4825",
JS0715L-00,"GF893-AVV.VITE-D34,58 L50","GF893 SCREW WRAP-AROUND JAWS D34,58x50","GF893-AVVOLGENTI A VITE D34,58x50",
NL9999B-00,"GF893-AVV.VITE D34,93X25MM V4594","GF893 SCREW WRAP-AROUND JAWS D34,93x25","GF893-AVVOLGENTI A VITE D34,93x25mm V4594",
UZ4233F-00,GF893-AVV.VITE D35.2 L40 V4820,"GF893 SCREW WRAP-AROUND JAWS D35,2x40","GF893-AVVOLGENTI A VITE D35,2x40 V4820",
FD0266V-00,"GF893-AVV.VITE.D36,3X70 V4584","GF893 SCREW WRAP-AROUND JAWS D36,3x70","GF893-AVVOLGENTI A VITE D36,3x70 V4584",
SM6353X-00,"GF893-AVV.VITE-D38,06 L25","GF893 SCREW WRAP-AROUND JAWS D38,06x25","GF893-AVVOLGENTI A VITE D38,06x25",
NL6174X-00,"GF893-GAN.AVV.VITE D38,0 L35 V3859","GF893 SCREW WRAP-AROUND JAWS D38,0x35","GF893-GANASCE AVVOLGENTI A VITE D38,0x35 V3859",
YE8275V-00,"GF893-AVV.VITE D38,10X25MM V4595","GF893 SCREW WRAP-AROUND JAWS D38,10x25","GF893-AVVOLGENTI A VITE D38,10x25mm V4595",
JJ8314B-00,"GF893-AVV.VITE D38,10X70MM V4585","GF893 SCREW WRAP-AROUND JAWS D38,10x70","GF893-AVVOLGENTI A VITE D38,10x70mm V4585",
DC0128J-00,"GF893-GAN.AVV.VITE D40,0 L35 V3860","GF893 SCREW WRAP-AROUND JAWS D40,0x35","GF893-GANASCE AVVOLGENTI A VITE D40,0x35 V3860",
BP7448H-00,GF893-AVV.VITE D40 L25 V4827,GF893 SCREW WRAP-AROUND JAWS D40x25,GF893-AVVOLGENTI A VITE D40x25 V4827,
SD5435Y-00,"GF893-GAN.AVV.VITE D42,4 L35 V3861","GF893 SCREW WRAP-AROUND JAWS D42,4x35","GF893-GANASCE AVVOLGENTI A VITE D42,4x35 V3861",
DK5711J-00,"GF893-AVV.VITE.D44,5 L30","GF893 SCREW WRAP-AROUND JAWS D44,5x30","GF893-AVVOLGENTI A VITE D44,5x30",
RX8889E-00,"GF893-AVV.VITE D45,25X80MM V4589","GF893 SCREW WRAP-AROUND JAWS D45,25x80","GF893-AVVOLGENTI A VITE D45,25x80mm V4589",
UM9708C-00,"GF893-AVV.VITE D46,25X70 MM V4591","GF893 SCREW WRAP-AROUND JAWS D46,25x70","GF893-AVVOLGENTI A VITE D46,25x70 mm V4591",
MJ2716L-00,GF893-AVV.VITE D47.63X70MM V4590,"GF893 SCREW WRAP-AROUND JAWS D47,63x70","GF893-AVVOLGENTI A VITE D47,63x70mm V4590",
KK1282F-00,"GF893-GAN.AVV.VITE D48,3 L35 V3863","GF893 SCREW WRAP-AROUND JAWS D48,3x35","GF893-GANASCE AVVOLGENTI A VITE D48,3x35 V3863",
NE1000K-00,"GF893-GAN.AVV.VITE D57,0 L100 V3865","GF893 SCREW WRAP-AROUND JAWS D57,0x100","GF893-GANASCE AVVOLGENTI A VITE D57,0x100 V3865",
HK5194J-00,"GF893-GAN.AVV.VITE D57,0 L35 V3864","GF893 SCREW WRAP-AROUND JAWS D57,0x35","GF893-GANASCE AVVOLGENTI A VITE D57,0x35 V3864",
SV3895P-00,"GF893-AVV.VITE D57,15X60MM V4598","GF893 SCREW WRAP-AROUND JAWS D57,15x60","GF893-AVVOLGENTI A VITE D57,15x60mm V4598",
JW5645V-00,"GF893-GAN.AVV.VITE D70,0 L45 V3866","GF893 SCREW WRAP-AROUND JAWS D70,0x45","GF893-GANASCE AVVOLGENTI A VITE D70,0x45 V3866",
XY3450S-00,GF893-AVV.VITE D72.9 L40 V5037,"GF893 SCREW WRAP-AROUND JAWS D72,9x40","GF893-AVVOLGENTI A VITE D72,9x40 V5037",
AY2022S-00,GF893-AVV.VITE D80 L250 V5039,GF893 SCREW WRAP-AROUND JAWS D80x250,GF893-AVVOLGENTI A VITE D80x250 V5039,
GW9345L-00,GF893-BARENO A FILETTARE PASSO 3 MM,GF893 THREAD BORING BAR STEP=3mm,GF893-BARENO A FILETTARE PASSO 3 mm,
HV0819L-00,GF893-STELO PORTAUTENSILE,GF893 TOOL HOLDER ROD,,
RJ7652C-00,GF893-PORTAUT.SM.E/I+PINZA E PUNTA,GF893 TOOL HOLDER SM.E/I + CLAMP & BIT,GF893-PORTAUTENSILI SM.E/I+PINZA E PUNTA,
FD1291L-00,GF893 UTENSILI V5146,GF893 TOOLS V5146,,
LR4641W-00,GF893 UTENSILI CON FORO RAP19421,GF893 TOOLS WITH HOLE RAP19421,,
JE3619J-00,GF893-STELO A TORNIRE,GF893 TURNING ROD,,
NY7313W-00,"GF893-ATT.WELDON+PUNTE+INS.3XD16,5","GF893 WELDON+DRILL BITS+N° INSERT D16,5","GF893-ATT.WELDON+PUNTE+INS.3xD16,5",
UU6772Y-00,GF893-AVV.TAGLIO+INS.MARCATURAV4864,GF893 WRAP-AROUND CUT + INSERT MARKING,GF893-AVVOLGENTE TAGLIO+INS.MARCATURAV4864,
HN6171N-00,GF893-GANASCE AVVOLGENTI D.22 L=150 V.3887,GF893 WRAP-AROUND JAWS D22x150,GF893-GANASCE AVVOLGENTI D22x150 V.3887,
HW3817T-00,"GF893-GANASCE AVVOLGENTI D.24,5 L=45 V.3192","GF893 WRAP-AROUND JAWS D24,5x45","GF893-GANASCE AVVOLGENTI D24,5x45 V.3192",
KG4783L-00,"GF893-GANASCE AVVOLGENTI D.24,5 L=70 V.3191","GF893 WRAP-AROUND JAWS D24,5x70","GF893-GANASCE AVVOLGENTI D24,5x70 V.3191",
NZ5725L-00,"GF893-GANASCE AVVOLGENTI D.30,2 L=150 V.3885","GF893 WRAP-AROUND JAWS D30,2x150","GF893-GANASCE AVVOLGENTI D30,2x150 V.3885",
SF6357L-00,GF893-GANASCE AVVOLGENTI D52 L30 PE,GF893 WRAP-AROUND JAWS D52x30,GF893-GANASCE AVVOLGENTI D52x30 PE,
YZ5986-00,GF893-GANASCE AVVOLGENTI D52 L30 PER D90,GF893 WRAP-AROUND JAWS D90xd52x30,GF893-GANASCE AVVOLGENTI D90xd52x30,
PG4969N-00,GF429KIT RICAMBI TESTA L /BIBARR,GF429 “L” HEAD TWIN-BAR SPARE PARTS,,
CG5757K-00,GF429 KIT X BITUBO TESTA AL V1255,GF429 ALUMINUM HEAD TWIN-TUBE,,
RF9889B-00,GF429 GRIGLIA PROLUNGA SCIVOLO 3 MM,GF429 CHUTE EXTENSION GRID 3mm,GF429 GRIGLIA PROLUNGA SCIVOLO 3 mm,
MJ5349N-00,GF429-PRISMA MORSA-V10065,GF429 CLAMP PRISM,,
CG6656M-00,GF429 PRIMA MORSA TESTA P 15-80 MM,GF429 CLAMP PRISM 15-80 “P” HEAD,GF429 PRISMA MORSA TESTA P 15-80 mm,
SU8918T-00,GF429 6-80 CLAMP PRISM,GF429 CLAMP PRISM 6-80,,
SM7318U-00,GF429-PRISMI MORSA BAN V2867,GF429 CLAMP PRISMS “BAN”,,
RM7504P-00,GF429 PRISMI MORSA E CARR. AL V3716,GF429 CLAMP-CARRIAGE PRISMS ALUMINIUM,,
JN6424H-00,GF429-PRISMI MORSA DOPPIA 45-80 MM,GF429 DOUBLE CLAMP PRISMS 45-80,GF429-PRISMI MORSA DOPPIA 45-80 mm,
UH5501R-00,GF429 PRISMI V MORSA DOPPIA V3354,GF429 DOUBLE CLAMP V-PRISMS,,
EN7129V-00,ATTREZATURE GF429,GF429 EQUIPMENT,ATTREZZATURA GF429,
TJ4327L-00,GF429-DOTAZ.PROF. TOGIR RAP 3713/06,GF429 EQUIPMENT PROFILES “TOGIR”,GF429-DOTAZIONE PROFILO TOGIR RAP 3713/06,
RF6187N-00,GF429 ATTREZ. PROFILI VARI V.5999,GF429 EQUIPMENT VARIOUS PROFILES,GF429 ATTREZZATURE PROFILI VARI V.5999,
KE1475M-00,"GF429-ATTR.CARICO,CARR.,MORSA V7782",GF429 EQUIPMENTS CLAMP LOADER CARRIAGE,"GF429-ATTREZZATURE CARICO CARR.,MORSA V7782",
LY3430S-00,GF429 ATTREZ. DIS. 13090 V.6038,GF429 EQUIPMENTS DRWG. 13090,GF429 ATTREZZATURE DISEGNO 13090 V.6038,
AF7074P-00,GF429 ATTREZ. DIS. 13211 V.6037,GF429 EQUIPMENTS DRWG. 13211,GF429 ATTREZZATURE DISEGNO 13211 V.6037,
BG4150D-00,GF429 ATTREZ. DIS. 28262 V.6036,GF429 EQUIPMENTS DRWG. 28262,GF429 ATTREZZATURE DISEGNO 28262 V.6036,
JH5123W-00,GF429-ATTREZZ. PROF. LUMORL V5850,GF429 EQUIPMENTS PROFILE “LUMORL”,GF429-ATTREZZATURE PROFILO LUMORL V5850,
YB9364C-00,GF429-ATTREZZATURE PROFILO 11694,GF429 EQUIPMENTS PROFILE 11694,,
WN5703W-00,GF429-ATTREZZATURE PROFILO 8969,GF429 EQUIPMENTS PROFILE 8969,,
BT7266H-00,GF429-ATTREZZ. PRFILO 9454 RAP26291,GF429 EQUIPMENTS PROFILE 9454,GF429-ATTREZZATURE PROFILO 9454 RAP26291,
WE2529G-00,GF429-ATTREZZ. PROFILO 9910 V5864,GF429 EQUIPMENTS PROFILE 9910,GF429-ATTREZZATURE PROFILO 9910 V5864,
VK3166V-00,GF429-ATTREZZ. PROFILI THEC. V6308,GF429 EQUIPMENTS SPECIAL PROFILES,GF429-ATTREZZATURE PROFILI SPECIALI V6308,
EU9735H-00,GF429-BECA SET TUBI IDRAULICI,GF429 HYDRAULIC TUBE SET “BECA”,,
LW4204K-00,GF429-GANASCE PROFILI R254/04,GF429 JAWS PROFILES,,
YN7599M-00,GF429 15 SET DI AVOLG. NYLON,GF429 N°15 WRAP-AROUND PRISMS NYLON,GF429 15 SET DI AVVOLGENTI NYLON,
NP2363H-00,GF429-PRISMA CON MOLLA TAZZA V.1503,GF429 PRISM WITH DISC SPRING,,
RH9858C-00,"GF429 PRISMI 4708, 4714, 5000 V5779","GF429 PRISMS 4708, 4714, 5000",,
WB1809S-00,GF429 PRISMI PER DIAM. 9,GF429 PRISMS D9,GF429 PRISMI PER D9,
JS8927L-00,GF429 PRISMI ESAGO. TESTA ALU V3535,GF429 PRISMS HEXAGONAL ALUMINUM HEAD,GF429 PRISMI ESAGONALI TESTA ALU V3535,
DR6328Y-00,GF429-PRISMI ESAGONO CH41&51 V8463,GF429 PRISMS HEXAGONAL KEY41-KEY51,,
RL1895F-00,GF429 PRISMI SEZ. 01AAF014800 V7693,GF429 PRISMS SECTION 01AAF014800,GF429 PRISMI SEZIONE 01AAF014800 V7693,
VS0737Z-00,GF429 SET PRISMI PUCOLUVUN V4027,GF429 PRISMS SET “PUCOLUVUN”,,
RC0202A-00,GF429 CIKEDS LONUL PRF. 10951 V6260,GF429 PROFILE 10951 “CIKEDS LONUL”,,
DZ6213M-00,GF429 PRISMI LISCI RAPIDO V.6143,GF429 QUICK RELEASE PRISMS SMOOTH,,
HC6803E-00,GF429-PRISMA SCARICO RIDOTTO V1110,GF429 REDUCED UNLOAD PRISM,,
JF1781C-00,GF429 FUFUZ SAGOME DIS 13979 V.8308,GF429 SHAPES DRWG. 13979 “FUFUZ”,GF429 FUFUZ SAGOME DISEGNO 13979 V.8308,
FJ7482X-00,GF429-SAGOME PER CAR.PASSOPASSO4500,"GF429 SHAPES STEP-STEP LOADER L=4,5",GF429-SAGOME PER CARICATORE PASSOPASSO4500,
FH6965Y-00,GF429-PRISMA CARRELLO THEC. V7737,GF429 SPECIAL CARRIAGE PRISM,,
BS4334C-00,GF429-PRISMI CARRELLO THEC. V7805,GF429 SPECIAL CARRIAGE PRISMS,,
CR1630X-00,GF429-PRISMI THEC. CIKEDSV1805,GF429 SPECIAL PRISMS “CIKEDS LONUL”,GF429-PRISMI SPECIALI CIKEDSV1805,
NS3541J-00,GF429 PRISMI THEC. -TACOMEF- V.4789,GF429 SPECIAL PRISMS “TACOMEF”,GF429 PRISMI SPECIALI -TACOMEF- V.4789,
ML6728H-00,GF429-PRISMI THEC. PROF.4640 V3800,GF429 SPECIAL PRISMS PROFILE 4640,GF429-PRISMI SPECIALI PROF.4640 V3800,
AM2517P-00,GF429-PRISMI THEC. PROF.4642 V2974,GF429 SPECIAL PRISMS PROFILE 4642,GF429-PRISMI SPECIALI PROF.4642 V2974,
JS5402Z-00,"GF429-BITUBO D10MM, MONO D8MM V4308","GF429 TWIN-TUBE D10, SINGLE-TUBE D8","GF429-BITUBO D10mm, MONO D8mm V4308",
XT0898W-00,GF429-PRISMI SCARICATI SCARICO V437,GF429 UNLOADER - PRISMS UNLOADED,,
FZ5285B-00,GF429 PRISMI V STRETTI + CARRELLO,GF429 V-PRISMS NARROW + CARRIAGE,,
LU3596W-00,GF429-GAN.AVV.(NO RAPIDO) D28.3MM,"GF429 WRAP-AR. JAWS D28,3-NO Q. RELEASE","GF429-GANASCE AVVOLGENTI (NO SGANCIO RAPIDO) D28,3mm",
RL0717K-00,GF429-GAN.AVV.66.4 MM +0.4/-0.2 MM,"GF429 WRAP-AROUND JAWS 66,4+0,4/-0,2","GF429-GANASCE AVVOLGENTI 66,4 mm +0,4/-0,2 mm",
FG9963R-00,GF429 GANA. AVOL. CARR. D. 82 V6118,GF429 WRAP-AROUND JAWS CARRIAGE D82,GF429 GANASCE AVVOLGENTI CARR. D82 V6118,
ZF0163R-00,GF429-GAN.AVV.(NO RAPIDO) D15 MM,GF429 WRAP-AROUND JAWS D15-NO Q. RELEASE,GF429-GANASCE AVVOLGENTI (NO SGANCIO RAPIDO) D15 mm,
FH4880V-00,GANASCE AVVOLGENTI CON SOFFIO DIAM.16 GF429,GF429 WRAP-AROUND JAWS D16 WITH BLOW,GANASCE AVVOLGENTI CON SOFFIO D16 GF429,
FY7472H-00,"GAN.AVV. TUBO DIA. 25,9X0.5 GF 429","GF429 WRAP-AROUND JAWS D25,9x0,5","GANASCE AVVOLGENTI TUBO D25,9x0,5 GF 429",
MF8693B-00,GANASCE AVVOLGENTITUBO DIA. 25X0.4 GF429,"GF429 WRAP-AROUND JAWS D25x0,4","GANASCE AVVOLGENTI TUBO D25x0,4 GF429",
YM7628D-00,GANASCE AVVOLGENTITUBO DIA.32X0.5 GF 429,"GF429 WRAP-AROUND JAWS D32x0,5","GANASCE AVVOLGENTI TUBO D32x0,5 GF 429",
SD0705R-00,"GAN.AVV. GF429 D.33,6 MM RAP433/02","GF429 WRAP-AROUND JAWS D33,6","GANASCE AVVOLGENTI GF429 D33,6 mm RAP433/02",
UU0694W-00,GANASCE AVVOLGENTI GF 429 DIA. 35,GF429 WRAP-AROUND JAWS D35,GANASCE AVVOLGENTI GF 429 D35,
FJ9577V-00,"GF429-GAN.AVVOLG.D=35 MM (+-0,2MM)","GF429 WRAP-AROUND JAWS D35 (+-0,2)","GF429-GANASCE AVVOLGENTI D35 mm (+-0,2mm)",
ZM2158J-00,GF429 GANASCE AVOLGENTI DIAM 41 MM,GF429 WRAP-AROUND JAWS D41,GF429 GANASCE AVVOLGENTI D41 mm,
PD8676U-00,"GAN.AVV. GF429 D.41,6 MM RAP433/02","GF429 WRAP-AROUND JAWS D41,6","GANASCE AVVOLGENTI GF429 D41,6 mm RAP433/02",
CT4038X-00,GF429 GANASCE AVVOLGENTI DIA. 42 RAP007/03,GF429 WRAP-AROUND JAWS D42,GF429 GANASCE AVVOLGENTI D42 RAP007/03,
VE9987L-00,"GAN.AVV. GF429 D.52,4 MM RAP433/02","GF429 WRAP-AROUND JAWS D52,4","GANASCE AVVOLGENTI GF429 D52,4 mm RAP433/02",
LX6497B-00,GF429-GANASCE AVVOLGENTIOLG. DIAM. 53 MM,GF429 WRAP-AROUND JAWS D53,GF429-GANASCE AVVOLGENTI D53 mm,
JH2631D-00,GANASCE AVVOLGENTI GF 429 DIAMETRO 59.60 MM,"GF429 WRAP-AROUND JAWS D59,60","GANASCE AVVOLGENTI GF 429 D59,60 mm",
PU3290F-00,"GF429-GAN.AVVOLG.D=63.5MM (+-0,1MM)","GF429 WRAP-AROUND JAWS D63,5 (+-0,1)","GF429-GANASCE AVVOLGENTI D63,5mm (+-0,1mm)",
WP3422V-00,GF429-GANASCE AVVOLGENTI D70 MM,GF429 WRAP-AROUND JAWS D70,GF429-GANASCE AVVOLGENTI D70 mm,
MA8444D-00,GAN.AVV. DIA. 80X0.75 GF 429,"GF429 WRAP-AROUND JAWS D80x0,75",GANASCE AVVOLGENTI D80x0.75 GF 429,
XL1068S-00,GF429-SOLO DISEGNI GAN.AVV.D.71.2MM,"GF429 WRAP-AROUND JAWS DRWG. D71,2","GF429-SOLO DISEGNI GANASCE AVVOLGENTI D71,2mm",
LR3292E-00,GF429-SOLO DISEGNI GAN.AVV.D.82.0MM,"GF429 WRAP-AROUND JAWS DRWG. D82,0","GF429-SOLO DISEGNI GANASCE AVVOLGENTI D82,0mm",
DX5206L-00,GF429-SOLO DISEGNI GAN.AVV.D.88.9MM,"GF429 WRAP-AROUND JAWS DRWG. D88,9","GF429-SOLO DISEGNI GANASCE AVVOLGENTI D88,9mm",
MG0361X-00,GF429 AVOLG. NYLON DIAM. 11.11,"GF429 WRAP-AROUND PRISMS D11,11 NYLON","GF429 AVVOLGENTI NYLON D11,11",
JT1480S-00,GF429 AVOLG. NYLON DIAM. 12.7,"GF429 WRAP-AROUND PRISMS D12,7 NYLON","GF429 AVVOLGENTI NYLON D12,7",
EE2492R-00,GF429 AVOLG. NYLON DIAM. 15.88,"GF429 WRAP-AROUND PRISMS D15,88 NYLON","GF429 AVVOLGENTI NYLON D15,88",
UP3454D-00,GF429 AVOLG. NYLON DIAM. 19.05,"GF429 WRAP-AROUND PRISMS D19,05 NYLON","GF429 AVVOLGENTI NYLON D19,05",
JS7184E-00,GF429 AVOLG. NYLON DIAM. 22.0,"GF429 WRAP-AROUND PRISMS D22,0 NYLON","GF429 AVVOLGENTI NYLON D22,0",
CD7643L-00,GF429 AVOLG. NYLON DIAM. 22.23,"GF429 WRAP-AROUND PRISMS D22,23 NYLON","GF429 AVVOLGENTI NYLON D22,23",
HT1854K-00,GF429 AVOLG. NYLON DIAM. 24.8,"GF429 WRAP-AROUND PRISMS D24,8 NYLON","GF429 AVVOLGENTI NYLON D24,8",
NX9843H-00,GF429 AVOLG. NYLON DIAM. 25.4,"GF429 WRAP-AROUND PRISMS D25,4 NYLON","GF429 AVVOLGENTI NYLON D25,4",
PU8819E-00,GF429 AVOLG. NYLON DIAM. 30.16,"GF429 WRAP-AROUND PRISMS D30,16 NYLON","GF429 AVVOLGENTI NYLON D30,16",
PS3761C-00,GF429 AVOLG. NYLON DIAM. 31.75,"GF429 WRAP-AROUND PRISMS D31,75 NYLON","GF429 AVVOLGENTI NYLON D31,75",
PG1434A-00,GF429 AVOLG. NYLON DIAM. 38.1,"GF429 WRAP-AROUND PRISMS D38,1 NYLON","GF429 AVVOLGENTI NYLON D38,1",
BS0930J-00,GF429 AVOLG. NYLON DIAM. 44.45,"GF429 WRAP-AROUND PRISMS D44,45 NYLON","GF429 AVVOLGENTI NYLON D44,45",
RM5008E-00,GF429 AVOLG. NYLON DIAM. 50.8,"GF429 WRAP-AROUND PRISMS D50,8 NYLON","GF429 AVVOLGENTI NYLON D50,8",
DM8988U-00,GF429 AVOLG. NYLON DIAM. 76.2,"GF429 WRAP-AROUND PRISMS D76,2 NYLON","GF429 AVVOLGENTI NYLON D76,2",
JX0501C-00,GF423COZEROZ SEZ. THEC. V.6744,GF423 “SPECIAL SECTIONS COZEROZ”,,
WC4566P-00,GF423-PRISMA BANCO RIDOTTO V.8721,GF423 BENCH PRISM REDUCED,,
YG5226L-00,GF423 PRISMI BANCO 90X52 VOCO 8689,GF423 BENCH PRISMS 90x52,GF423 PRISMI BANCO 90x52 VOCO 8689,
WS5384N-00,GF423-PRISMI CARR. NO RAPIDI V8917,GF423 CARRIAGE PRISMS - NO QUICK RELEASE,,
DF4519Y-00,GF423 PRIS CARR RAP LUNGHI LISCI,GF423 CARRIAGE PRISMS LONG SMOOTH,GF423 PRISMI CARRELLO LUNGHI LISCI,
MB6328T-00,GF423MORSA PIATTINA 100X10 V9396,GF423 CLAMP PRISM 100x10,,
HA7595K-00,GF423-PRISMI MORSA A V 14-60,GF423 CLAMP V-PRISMS 14-60,,
GS0664D-00,GF423PRISMI MORSA A V STRETTI,GF423 CLAMP V-PRISMS NARROW,,
RU4089D-00,GF423COD. L1V30064930001A V.7871,GF423 CODE L1V30064930001A,,
HW9445W-00,GF423COD. L1V30064944001A V.7872,GF423 CODE L1V30064944001A,,
PR1802K-00,GF423COD. L1V30410324001A V.7873,GF423 CODE L1V30410324001A,,
GN4374F-00,GF423FHL ATT.COD. 991980 V.7081,GF423 CONNECTION CODE 991980 “BOZ”,GF423FHL ATTACCO COD. 991980 V.7081,
LE9155C-00,GF423FHL ATT.COD. 991981 V.7072,GF423 CONNECTION CODE 991981 “BOZ”,GF423FHL ATTACCO COD. 991981 V.7072,
ZZ1278E-00,GF423FHL ATT.COD. 991982 V.7079,GF423 CONNECTION CODE 991982 “BOZ”,GF423FHL ATTACCO COD. 991982 V.7079,
JH4903C-00,GF423FHL ATT.COD. 991983 V.7080,GF423 CONNECTION CODE 991983 “BOZ”,GF423FHL ATTACCO COD. 991983 V.7080,
NL9259X-00,GF423FHL ATT.COD. 991986 V.7073,GF423 CONNECTION CODE 991986 “BOZ”,GF423FHL ATTACCO COD. 991986 V.7073,
EL7526V-00,GF423FHL ATT.COD. 991987 V.7078,GF423 CONNECTION CODE 991987 “BOZ”,GF423FHL ATTACCO COD. 991987 V.7078,
CT3327A-00,GF423 DIS. EK 31 10 009-113 V.6817,GF423 DRWG. EK 31 10 009-113,,
HN7101E-00,GF423 DIS. EK 31 13 075-211 V.6816,GF423 DRWG. EK 31 13 075-211,,
EE1177R-00,GF423ZIBAV DIS. N? 10775 V.6438,GF423 DRWG. N° 10775 V.6438 “ZIBAV”,GF423ZIBAV DIS. N° 10775 V.6438,
XX9357H-00,GF423ZIBAV DIS. N? 11585 V.5611,GF423 DRWG. N° 11585 V.5611 “ZIBAV”,GF423ZIBAV DIS. N° 11585 V.5611,
FF5626Z-00,GF423ZIBAV DIS. N? 12116 V.6439,GF423 DRWG. N° 12116 V.6439 “ZIBAV”,GF423ZIBAV DIS. N° 12116 V.6439,
HS6012K-00,GF423GANASCE SAGOM. ELL. 18.8 x 28.5,"GF423 ELLIPTICAL JAWS 18,8x28,5","GF423GANASCE SAGOMA ELLITTICA 18,8 x 28,5",
LW3022D-00,GF423-GANASCE SAGOMATE ELL. 32X50,GF423 ELLIPTICAL JAWS 32x50,GF423-GANASCE SAGOMATE ELLITTICA 32x50,
EV0560B-00,"GF423-ATT. PROFILI 728025,728030,728035","GF423 EQUIPM. PROF. 728025,728030,728035","GF423-ATTREZZATURE PROFILI 728025,728030,728035",
FD9799W-00,GF423 ATTREZZATURA ZOPARINO,GF423 EQUIPMENT “ZOPARINO”,,
HJ6150S-00,GF423 ATTREZ. SAMODIGOKU KUV V.7682,GF423 EQUIPMENT “SAMODIGOKU KUV”,GF423 ATTREZZATURA SAMODIGOKU KUV V.7682,
PR9074E-00,GF423 ATTREZ. SAMODIGOKU V.7213,GF423 EQUIPMENT “SAMODIGOKU”,GF423 ATTREZZATURA SAMODIGOKU V.7213,
RJ5113X-00,GF423 ATTREZZATURA ESTRUSO STAFFA,GF423 EQUIPMENT BRACKET EXTRUDED,,
TN0508C-00,GF423 ATTREZZATURA STAFFA LATO IN-OUT,GF423 EQUIPMENT BRACKET SIDE IN-OUT,,
FR1186P-00,GF423 COMPATIB. ATTREZZ. RAP39284,GF423 EQUIPMENT COMPATIBILITY RAP39284,,
UR7269N-00,GF423-ATTREZZATURA PROFILO A GOCCIA,GF423 EQUIPMENT DROP PROFILE,,
DU6796S-00,GF423-ATTREZZATURA PROFILO A GOCCIA 2,GF423 EQUIPMENT DROP PROFILE 2,,
DT6852X-00,GF423 ATTREZZATURA MANIGLIA,GF423 EQUIPMENT HANDLE,,
YB5737F-00,GF423 ATTREZZATURA CERNIERA,GF423 EQUIPMENT HINGE,,
RK9456K-00,GF423 ATTREZATURA PROFILO L 19x25.4,"GF423 EQUIPMENT L-PROFILE 19x25,4","GF423 ATTREZZATURA PROFILO L 19x25,4",
DC8068X-00,GF423 ATTREZZATURA PROFILO 1003-056,GF423 EQUIPMENT PROFILE 1003-056,,
MG5311Y-00,GF423 ATTREZATURA PROFILO 2403-003,GF423 EQUIPMENT PROFILE 2403-003,GF423 ATTREZZATURA PROFILO 2403-003,
GV6771A-00,GF423 ATTREZZATURA PROFILO 55° B22H38,GF423 EQUIPMENT PROFILE 55° B22H38,,
PB8135Y-00,GF423 ATTREZ. PROF. M2PD0053 V8492,GF423 EQUIPMENT PROFILE M2PD0053,GF423 ATTREZZATURA PROF. M2PD0053 V8492,
ME1018S-00,GF423 ATTREZ. PROFILO PRF315 V8490,GF423 EQUIPMENT PROFILE PRF315,GF423 ATTREZZATURA PROFILO PRF315 V8490,
PY0319K-00,GF423-ATTREZZATURA PROF.THEC.V9584,GF423 EQUIPMENT PROFILES “SPECIAL”,,
AC4352Z-00,GF423 ATTREZZATURA PROFILI 100X52,GF423 EQUIPMENT PROFILES 100x52,GF423 ATTREZZATURA PROFILI 100x52,
FX1826E-00,GF423 ATTREZZATURA PROFILI 106X25,GF423 EQUIPMENT PROFILES 106x25,GF423 ATTREZZATURA PROFILI 106x25,
MB1832F-00,GF423 ATTREZ. PROFILI 2403-01 + 2403-02,GF423 EQUIPMENT PROFILES 2403-01+2403-02,GF423 ATTREZZATURA PROFILI 2403-01 + 2403-02,
PL1408J-00,"GF423 ATTREZZATURA PROFILI BASE 82,5","GF423 EQUIPMENT PROFILES BASE 82,5",,
PG1745P-00,GF423 ATTREZZATURA PROFILI BASE 96,GF423 EQUIPMENT PROFILES BASE 96,,
MW9195M-00,GF423 ATTREZZATURA PROFILI H 100,GF423 EQUIPMENT PROFILES H 100,,
VZ6683J-00,GF423 ATTREZZATURA PROFILI H 100-106,GF423 EQUIPMENT PROFILES H 100-106,,
WC2542H-00,GF423 ATTREZZATURA PROFILI H 119,GF423 EQUIPMENT PROFILES H 119,,
JN3515B-00,GF423 ATTREZZATURA STAFFA LATO RITORNO,GF423 EQUIPMENT RETURN SIDE BRACKET,,
TZ1916F-00,GF423 ATTREZZATURA SKM308e23042816420,GF423 EQUIPMENT SKM308e23042816420,,
MR8374Z-00,GF423 ATTREZZATURA SKM308e23042816430,GF423 EQUIPMENT SKM308e23042816430,,
AW0768V-00,GF423 ATTREZZATURA TUBO CON UNGHIA,GF423 EQUIPMENT TUBE WITH NAIL,,
ER2032F-00,GF423FHL ATTREZZATURE V.7071,GF423 EQUIPMENTS “BOZ”,,
ND3563Z-00,GF423LPR ATTREZZATURE V.8860,GF423 EQUIPMENTS “SOBE”,,
RN7067W-00,GF423 ZEDATU ATTREZ. 108737 V.6769,GF423 EQUIPMENTS “ZEDATU” 108737,GF423 ZEDATU ATTREZZATURE 108737 V.6769,
CR9315X-00,GF423 ZEDATU ATTREZ. 110470 V.6768,GF423 EQUIPMENTS “ZEDATU” 110470,GF423 ZEDATU ATTREZZATURE 110470 V.6768,
FK8178M-00,GF423-ATTREZZATURA PROFILO LIBRO,GF423 EQUIPMENTS BOOK PROFILE,,
RJ5597W-00,GF423-ATTREZZ.PROF.006-9939 V8606,GF423 EQUIPMENTS PROFILE 006-9939,GF423-ATTREZZATURE PROF.006-9939 V8606,
DK7366V-00,GF423-ATTREZZ.PROF.007-4033 V8607,GF423 EQUIPMENTS PROFILE 007-4033,GF423-ATTREZZATURE PROF.007-4033 V8607,
HX1615K-00,GF423-ATTREZZ.PROF.007-4079 V8604,GF423 EQUIPMENTS PROFILE 007-4079,GF423-ATTREZZATURE PROF.007-4079 V8604,
MA6292J-00,GF423-ATTREZZ.PROF.007-4374 V8605,GF423 EQUIPMENTS PROFILE 007-4374,GF423-ATTREZZATURE PROF.007-4374 V8605,
RY2041Z-00,GF423-ATTREZZ.PROF.007-5194 V8603,GF423 EQUIPMENTS PROFILE 007-5194,GF423-ATTREZZATURE PROF.007-5194 V8603,
XG5628M-00,GF423-ATTREZZATURA PROFILO 112699,GF423 EQUIPMENTS PROFILE 112699,,
PV2233S-00,GF423-ATTREZZATURA PROFILO 14373,GF423 EQUIPMENTS PROFILE 14373,,
NU8473H-00,GF423-ATTREZZATURA PROFILO 311451,GF423 EQUIPMENTS PROFILE 311451,,
KR0069W-00,GF423-ATTREZZATURA PROFILO 311452,GF423 EQUIPMENTS PROFILE 311452,,
YR8569F-00,GF423-ATTREZZ. PROFILO 71229 V6607,GF423 EQUIPMENTS PROFILE 71229,GF423-ATTREZZATURE PROFILO 71229 V6607,
SP4964Z-00,GF423-ATTREZZ. PROFILO BG0023 V6604,GF423 EQUIPMENTS PROFILE BG0023,GF423-ATTREZZATURE PROFILO BG0023 V6604,
ZK6597N-00,GF423-ATTREZZATURA PROFILO A DRW421404D,GF423 EQUIPMENTS PROFILE DRWG. 421404D,,
HU5764M-00,GF423-ATTREZZATURA PROFILO G5021,GF423 EQUIPMENTS PROFILE G5021,,
JN1908P-00,GF423-ATTREZZATURA PROFILO G5022,GF423 EQUIPMENTS PROFILE G5022,,
LK0421T-00,GF423-ATTREZZATURA PROFILO G5025,GF423 EQUIPMENTS PROFILE G5025,,
BU6147G-00,GF423-ATTREZZ. PROFILO N58978 V6606,GF423 EQUIPMENTS PROFILE N58978,GF423-ATTREZZATURE PROFILO N58978 V6606,
PL7681P-00,GF423-ATTREZZATURA PROFILO SK-21-01865,GF423 EQUIPMENTS PROFILE SK-21-01865,,
LA3312M-00,GF423-ATTREZZATURA PROFILO XW-EL0374,GF423 EQUIPMENTS PROFILE XW-EL0374,,
GA1773B-00,GF423-ATTREZZATURA PROFILO XW-EL0417,GF423 EQUIPMENTS PROFILE XW-EL0417,,
VR7724D-00,GF423-ATTREZZATURA PROFILO XW-EL0418,GF423 EQUIPMENTS PROFILE XW-EL0418,,
CY2300G-00,GF423-ATTREZZATURA PROFILO XW-EL0478,GF423 EQUIPMENTS PROFILE XW-EL0478,,
JR8030F-00,GF423-ATTREZZATURA PROFILI CIKEDS,GF423 EQUIPMENTS PROFILES “CIKEDS LONUL”,,
LW5158S-00,GF423-ATTREZZATURA PROFILI ZUT 1,GF423 EQUIPMENTS PROFILES “ZUT 1”,,
SH7869F-00,GF423-ATTREZZATURA PROFILI HYDRO EXTRUSI,GF423 EQUIPMENTS PROFILES “HYDRO EXTRUSI,,
AA0376A-00,GF423ATTR. PROFILI RICEFATIKL HUNG.,GF423 EQUIPMENTS PROFILES “RICEFATIKL”,,
UY7652Z-00,GF423-ATTREZZATURA PROFILI 1003,GF423 EQUIPMENTS PROFILES 1003,,
JD0915W-00,GF423-SUPP. FOTOC. INCLINATE V.8547,GF423 INCLINED PHOTOCELLS SUPPORT,,
XL2982P-00,GF423INTERFACCIA PRISMI VOCO6872,GF423 INTERFACE PRISMS,GF423I NTERFACCIA PRISMI VOCO6872,
WT5614H-00,GF423 PRISMA V STRETTO D6-9 V8829,GF423 NARROW V-PRISMS D6-9,GF423 PRISMI A V STRETTO D6-9 V8829,
PH6116C-00,CMOGF423 PRISMI V.9355,GF423 PRISMS,,
VL5031L-00,GF423PRISMI CIKEDS VOCO6867,GF423 PRISMS “CIKEDS LONUL”,,
AF6922D-00,GF423 PRISMI 040316245 V8353,GF423 PRISMS 040316245,,
YY2150P-00,GF423-PRISMI PER 22X22 MM V6609,GF423 PRISMS 22x22,GF423-PRISMI PER 22x22 mm V6609,
XD0942C-00,GF423 PRISMA BIBARRA 30-38 MM V7852,GF423 PRISMS 30-38 - TWIN-BAR,GF423 PRISMI BIBARRA 30-38 mm V7852,
VS5960K-00,GF423 MOD. CARIC BITUBO PRISMI 9-12,GF423 PRISMS 9-12 - TWIN-TUBE LOADER,,
VD2374S-00,GF423-PRISMI DIAM. 105 MM V10425,GF423 PRISMS D105,GF423-PRISMI D105 mm V10425,
VS1817W-00,GF423-SERIE PRISMI PROFILI ESAGONALI 10,GF423 PRISMS HEXAGONAL N°10,,
RH0454H-00,GF423-SERIE PRISMI PROFILO TUKERIPEZR,GF423 PRISMS SET PROFILE “TUKERIPEZR”,,
EA5060W-00,GF423-PRISMI PER SEZ. THEC.-V10060,GF423 PRISMS SPECIAL SECTION,,
HN3787W-00,GF423PROF. THEC. CIKEDS V9346,GF423 PROFILE “CIKEDS LONUL”,,
LX12730H-00,GF423-PER PROFILO ROP DASOSEVIGU,GF423 PROFILE “ROP DASOSEVIGU”,,
UB84633W-00,GF423-PER PROFILO BAKA TECH 1,GF423 PROFILE “BAKA TECH 1”,,
LE85667K-00,GF423-PER PROFILO BAKA TECH 2,GF423 PROFILE “BAKA TECH 2”,,
FV36497A-00,GF423-PER PROFILO BAKA TECH 3,GF423 PROFILE “BAKA TECH 3”,,
SS5769W-00,GF423 PROFILO 01AAF012000 V8232,GF423 PROFILE 01AAF012000,,
KT1793H-00,GF423 PROFILO 01AAF013501 V8229,GF423 PROFILE 01AAF013501,,
EV8254M-00,GF423 PROFILO FURAPOL V9088,GF423 PROFILE FURAPOL V9088,,
HE83590M-00,GF423-Per profilo GF39273CO00,GF423 PROFILE GF39273CO00,,
CA45207T-00,GF423-Per profilo GF39276CO00,GF423 PROFILE GF39276CO00,,
MA86199X-00,GF423PROFILO WG-P020601,GF423 PROFILE WG-P020601,,
RS81713J-00,GF423PROFILO WG-P030603_V01_ET01,GF423 PROFILE WG-P030603_ V01_ET01,,
TV11055N-00,GF423PROFILO WG-P120211_V01_ET01,GF423 PROFILE WG-P120211_V01_ET01,,
GD14862A-00,GF423PROFILO WG-P210806_V01_ET03,GF423 PROFILE WG-P210806_V01_ET03,,
CW23994Y-00,GF423PROFILO WG-P210806_V04_ET1Z,GF423 PROFILE WG-P210806_V04_ET1Z,,
TJ6929G-00,GF423 PROFILI CIKEDS B. V7010,GF423 PROFILES “CIKEDS LONUL”,,
ME7159U-00,GF423-GANASCE SAGOMATE PER PROFILO 14668,GF423 SHAPED JAWS PROFILE 14668,,
FP2121B-00,GF423-PRISMI SAGOMATI PROFILO TENOVE,GF423 SHAPED PRISMS PROFILE “TENOVE”,,
KP8703G-00,GF423-PRISMI SAGOMATI PROFILO 28X36,GF423 SHAPED PRISMS PROFILE 28x36,GF423-PRISMI SAGOMATI PROFILO 28x36,
JW6245U-00,GF423-SET OF SHAPES FOR AL PROFILE,GF423 SHAPES ALL PROFILES,,
GG3168S-00,GF423-MOTIK PARTS KIT,GF423 SPARE PARTS KIT,,
DP0413K-00,GF423-PRISMA MORSA SPECIALE V7375,GF423 SPECIAL CLAMP PRISM,,
NP3299T-00,GF423-GANASCE SPECIALI X PROFILI 018,GF423 SPECIAL JAWS PROFILE 018,,
DV5554G-00,GF423-GANASCE SPECIALI X PROFILO 150,GF423 SPECIAL JAWS PROFILE 150,,
VM9939U-00,GF423PRISMA THEC. V.9657,GF423 SPECIAL PRISM,,
XJ1228J-00,GF423 SERIE PRISMI SPECIALI SAMODIGOKU,GF423 SPECIAL PRISMS SET “SAMODIGOKU”,,
FK7674C-00,GF423 SERIE PRISMI SPECIALI DEDAVUK,GF423 SPECIAL PRISMS SET “DEDAVUK”,,
AT4170G-00,GF423 SERIE PRISMI SPECIALI VEMIVIM,GF423 SPECIAL PRISMS SET “VEMIVIM”,,
HG6485X-00,GF423 SERIE PRISMI SPECIALI RADUGACUL'S PIK,GF423 SPECIAL PRISMS SET “RADUGACUL'S PIK”,,
JR7559K-00,GF423 SERIE PRISMI SPECIALI 01AAS011401,GF423 SPECIAL PRISMS SET 01AAS011401,,
XK3672T-00,GF423-PRISMA A V SPECIALE VOCO9790,GF423 SPECIAL V-PRISM,,
MD6666S-00,GF423 PRI. ST V DIA. 60 90 MM V9084,GF423 STANDARD V-PRISMS D60-90,GF423 PRISMI STANDARDV D60 90 mm V9084,
CC9450H-00,GF423 MUGOFIZU PRISMA A V,GF423 V-PRISM “MUGOFIZU”,,
MF5605W-00,GF423-PRISMA V STRETTO RAP32070,GF423 V-PRISM NARROW,,
KX7268F-00,GF423 PRI. V LA DIA. 60 90 MM V9078,GF423 V-PRISMS D60-90,GF423 PRISMI V LA D60 90 mm V9078,
KY7798V-00,GF423-PRISMI A V DA 10 A 60 MM,GF423 V-PRISMS FROM 10 TO 60,GF423-PRISMI A V DA 10 A 60 mm,
ZP7351P-00,GF423 GANASCE AVVOLGENTI,GF423 WRAP-AROUND JAWS,,
MM2949C-00,GF423-GANASCE AVVOLGENTI D14 MM,GF423 WRAP-AROUND JAWS D14,GF423-GANASCE AVVOLGENTI D14 mm,
EG0194R-00,GF423 GANASCE AVVOLGENTI DIAM. 22MM,GF423 WRAP-AROUND JAWS D22,GF423 GANASCE AVVOLGENTI D22mm,
VK1748P-00,"GF423-GANASCE AVVOLGENTI D31,75 MM","GF423 WRAP-AROUND JAWS D31,75","GF423-GANASCE AVVOLGENTI D31,75 mm",
RV0769L-00,GF423-GANASCE AVVOLGENTI DIAM. 35X1,GF423 WRAP-AROUND JAWS D35x1,GF423-GANASCE AVVOLGENTI D35x1,
FP6974R-00,GF423 SET GANASCE AVVOLGENTI DIA 38.1 MM,"GF423 WRAP-AROUND JAWS D38,1","GF423 SET GANASCE AVVOLGENTI D38,1 mm",
FW2312P-00,"GF423 GANASCE AVVOLGENTI DIAM. 42,8","GF423 WRAP-AROUND JAWS D42,8","GF423 GANASCE AVVOLGENTI D42,8",
AD8867E-00,"GF423-GANASCE AVVOLGENTI D44,45 MM","GF423 WRAP-AROUND JAWS D44,45","GF423-GANASCE AVVOLGENTI D44,45 mm",
WE3271P-00,"GF423 GANASCE AVVOLGENTI D. 50X1,5 V.6764","GF423 WRAP-AROUND JAWS D50x1,5","GF423 GANASCE AVVOLGENTI D50x1,5 V.6764",
NM7981Z-00,GF423 GANASC. AVVOLGENTE DIAM. 55,GF423 WRAP-AROUND JAWS D55,GF423 GANASCE AVVOLGENTI D55,
DU0387N-00,GF423 GANASC. AVVOLGENTE DIAM. 60,GF423 WRAP-AROUND JAWS D60,GF423 GANASCE AVVOLGENTI D60,
SN2321B-00,"GF423 GANASCE AVVOLGENTI D. 68X1,5 V.6765","GF423 WRAP-AROUND JAWS D68x1,5","GF423 GANASCE AVVOLGENTI D68x1,5 V.6765",
YL1747T-00,GF423-GANASCE AVVOLGENTI D69.4 MM,"GF423 WRAP-AROUND JAWS D69,4","GF423-GANASCE AVVOLGENTI D69,4 mm",
HD3132S-00,GF423-GANASCE AVVOLGENTI D93.2 MM,"GF423 WRAP-AROUND JAWS D93,2","GF423-GANASCE AVVOLGENTI D93,2 mm",
BU9547V-00,GF423 GANASCE AVVOLGENTIOLG. D. 95 V.7135,GF423 WRAP-AROUND JAWS D95,GF423 GANASCE AVVOLGENTI D95 V.7135,
TH2454U-00,GF423AVV. D101.6 MM,"GF423 WRAP-AROUND PRISMS D101,6","GF423AVV. D101,6 mm",
SJ4980B-00,GF423 SERIE PRISMI AVVOLGENTI D. 12.5,"GF423 WRAP-AROUND PRISMS D12,5","GF423 SERIE PRISMI AVVOLGENTI D12,5",
XH7781M-00,"GF423-AVVOLGENTI PER D.15,8","GF423 WRAP-AROUND PRISMS D15,8","GF423-AVVOLGENTI D15,8",
YL9330D-00,"GF423-AVVOLGENTI PER D.16,2","GF423 WRAP-AROUND PRISMS D16,2","GF423-AVVOLGENTI D16,2",
VP2309A-00,"GF423-AVVOLGENTI PER D.16,8","GF423 WRAP-AROUND PRISMS D16,8","GF423-AVVOLGENTI D16,8",
YX1693T-00,GF423-AVVOLGENTI PER D.21.2,"GF423 WRAP-AROUND PRISMS D21,2","GF423-AVVOLGENTI D21,2",
XR6564K-00,"GF423-AVVOLGENTI PER D.29,2","GF423 WRAP-AROUND PRISMS D29,2","GF423-AVVOLGENTI D29,2",
TD4500Z-00,"GF423-AVVOLGENTI PER D.36,2","GF423 WRAP-AROUND PRISMS D36,2","GF423-AVVOLGENTI D36,2",
WU3002R-00,"GF423-AVVOLGENTI PER D.43,2","GF423 WRAP-AROUND PRISMS D43,2","GF423-AVVOLGENTI D43,2",
GU5047G-00,GF423-AVVOLGENTI PER D.50,GF423 WRAP-AROUND PRISMS D50,GF423-AVVOLGENTI D50,
WN6581W-00,GF423-AVVOLGENTI PER D.63,GF423 WRAP-AROUND PRISMS D63,GF423-AVVOLGENTI D63,
FL5754E-00,TESTINE CN E UT.PER PINZA D. 30,CN HEADS & TOOLS CLAMP D30,TESTINE CN E UTENSILI PER PINZA D30,
BU5951F-00,TESTINE CN DIAM.19 (DESO),CN HEADS D19 “DESO”,TESTINE CN D19 (DESO),
PB0791U-00,TESTINE CN PEZZI LUNGHI,CN HEADS LONG PARTS,,
UP0159G-00,TESTINE CN PEZZI CORTI,CN HEADS SHORT PARTS,,
TJ4151P-00,TESTINE CNXFILETT.TUBO D.38X3.3,"CN HEADS THREADING TUBE D38x3,3","TESTINE CNXFILETTATURA TUBO D38x3,3",
NH1687X-00,1CN TORN./FIL.EXT M6,CN TOOL EXTERNAL TURNING&THREADING M6,1CN TORNITURA/FILETTATURA ESTERNA M6,
TPH60364-00,Utensile CN per troncatura,CN TOOLS FOR CUTTING OFF,UTENSILE CN PER TRONCATURA,
EW5200Y-00,RAKASUTUGSCODE N? 506287-1-03,CODE N° 506287-1-03 “RAKASUTUGS”,RAKASUTUGSCODE N° 506287-1-03,
JR7478V-00,RAKASUTUGSCODE N? 506459-1-02,CODE N° 506459-1-02 “RAKASUTUGS”,RAKASUTUGSCODE N° 506459-1-02,
ZP0706G-00,RAKASUTUGSCODE N? 506554-1-03,CODE N° 506554-1-03 “RAKASUTUGS”,RAKASUTUGSCODE N° 506554-1-03,
EB6917F-00,RAKASUTUGSCODE N? 506566-1-01,CODE N° 506566-1-01 “RAKASUTUGS”,RAKASUTUGSCODE N° 506566-1-01,
GA6735W-00,RAKASUTUGSCODE N? 506611-1-03,CODE N° 506611-1-03 “RAKASUTUGS”,RAKASUTUGSCODE N° 506611-1-03,
SZ5881E-00,RAKASUTUGSCODE N? 506621-1-01,CODE N° 506621-1-01 “RAKASUTUGS”,RAKASUTUGSCODE N° 506621-1-01,
ZE6106Y-00,RAKASUTUGSCODE N? 506625-1-04,CODE N° 506625-1-04 “RAKASUTUGS”,RAKASUTUGSCODE N° 506625-1-04,
HA6331P-00,RAKASUTUGSCODE N? 506714-1-02,CODE N° 506714-1-02 “RAKASUTUGS”,RAKASUTUGSCODE N° 506714-1-02,
CE1838A-00,RAKASUTUGSCODE N? 506720-1-03,CODE N° 506720-1-03 “RAKASUTUGS”,RAKASUTUGSCODE N° 506720-1-03,
KB6820X-00,RAKASUTUGSCODE N? 506854-1-03,CODE N° 506854-1-03 “RAKASUTUGS”,RAKASUTUGSCODE N° 506854-1-03,
SS8891P-00,RAKASUTUGSCODE N? 509525-1-02,CODE N° 509525-1-02 “RAKASUTUGS”,RAKASUTUGSCODE N° 509525-1-02,
BW0972P-00,RAKASUTUGSCODE N? 509525-2-02,CODE N° 509525-2-02 “RAKASUTUGS”,RAKASUTUGSCODE N° 509525-2-02,
LE0006K-00,RAKASUTUGSCODE N? 510192-1-05,CODE N° 510192-1-05 “RAKASUTUGS”,RAKASUTUGSCODE N° 510192-1-05,
RD6021L-00,CONO ISO 40,CONE ISO40,,
HH4964S-00,CONO ISO40 ATTACCO WELDON D40,CONE ISO40 CONNECTION D40 WELDON,,
KK0137A-00,CONO ISO40 ATTACCO HSK50C,CONE ISO40 CONNECTION HSK50C,,
YL9701U-00,CONO ISO40 ATTACCO HSK63C,CONE ISO40 CONNECTION HSK63C,,
HM0736L-00,CONO ISO40 ATTACCO KM50 DASULUKIRI,CONE ISO40 CONNECTION KM50 “DASULUKIRI”,,
DP7402Y-00,CONI ISO 40,CONES ISO40,,
ZJ4543K-00,CONJ. CABEÃOTES MB593/598/594/595,CONJ. CABEÃOTES MB593/598/594/595,,
CX8387P-00,CONJ. DE MORSAS DES.MH069-1,CONJ. DE MORSAS DES.MH069-1,,
CN4072G-00,CONJ. DE MORSAS DES.MH106-1,CONJ. DE MORSAS DES.MH106-1,,
XD0667S-00,CONJUNTO CAB. ENGATE RAP.DES. MB590,CONJUNTO CAB. ENGATE RAP.DES. MB590,,
BB4728R-00,CONJUNTO DE FERRAMENTAS ROTATIVAS,CONJUNTO DE FERRAMENTAS ROTATIVAS,,
UJ3767P-00,CONJUNTO DE MORSAS DES. MB5XX,CONJUNTO DE MORSAS DES. MB5XX,,
CA2257E-00,CONJUNTO DE MORSAS PARA MESA ROTATI,CONJUNTO DE MORSAS PARA MESA ROTATI,,
LA2348F-00,2ATTACCHI WELDON02B40WE20130-230,CONNECTIONS 02B40WE20130-230 WELDON N°2,,
YAC49946-00,FG02AT cross foro D4.5mill slot D8,"CROSS HOLE D4,5 SLOT D8","CROSS FORO D4,5MILL SLOT D8",
ZY9237E-00,TAGLIO E SPAZZ. ELL. 48X25 RAP41/03,CUT AND BRUSH ELLIPTICAL 48x25,TAGLIO E SPAZZOLA ELLITTICA 48x25 RAP41/03,
HT8500P-00,FRESA A DISCO DIA.160 TH. 12,DISC MILLER D160x12,FRESA A DISCO D160 TH12,
YX0964D-00,FRESA A DISCO DIA 160 TH14,DISC MILLER D160x14,FRESA A DISCO D160 TH14,
JT8837B-00,DISCHI DIAM. 250X2RAP 183/2000,DISCS D250x2,DISCHI D250X2RAP 183/2000,
AESMLDSZ84F-01,GANASCIA DOPPIA MOBILE+FISSA,DOUBLE JAWS MOBILE + FIXED,,
CE1468K-00,MASCHI X FORARE E FIL. M5,DRILLING AND THREADING TAPS M5,MASCHI X FORARE E FILETTARE M5,
AN8230N-00,MASCHI X FORARE E FIL. M6,DRILLING AND THREADING TAPS M6,MASCHI X FORARE E FILETTARE M6,
NKH74671-00,DRILLING-TAPPING UNIT STARTER KIT,DRILLING-TAPPING UNIT STARTER KIT,,
YP5314A-00,FG02-9 INV+1 CN (F M38),FG02 1CN+INVERTER (F M38),FG02 INVERTER+1 CN (F M38),
BB4430P-00,FG02-ABS50 ADJ.HEADS IC15?-EC35?,FG02 ADJUSTMENT HEADS IC15°-EC35° ABS50,FG02 ABS50 ADJ.HEADS IC15°-EC35°,
YYL34475-00,FG02KOGT D50 Pieno,FG02 BAR D50 “KOGT”,FG02 KOGT D50 Pieno,
SHP47398-00,FG02-ABS50 BARENI REG. 63-80(30-45),FG02 BORING BAR ABS50 63-80(30-45),FG02 ABS50 BARENI REG. 63-80(30-45),
MJ2700M-00,FG02-BORING BARS,FG02 BORING BARS,FG02 BORING BARS,
DY3441J-00,"FG02-CARBIDE DRILLS D0,514 (13,05","FG02 CARBIDE DRILLS D0,514 (13,05)","FG02 CARBIDE DRILLS D0,514 (13,05)",
SM5797P-00,"FG02-CARBIDE DRILLS D.3/8 (9,5)","FG02 CARBIDE DRILLS D3/8 (9,5)","FG02 CARBIDE DRILLS D3/8 (9,5)",
YE2110X-00,FG02-81054AS CARTDRIGE,FG02 CARTDRIGE 59876AS,FG02 59876AS CARTDRIGE,
UG1847C-00,FG02CARTDRIGE FOR C 0.08 X30?,"FG02 CARTDRIGE CHAMFER 0,08x30°","FG02 CARTDRIGE FOR C 0,08 X30°",
UN8812G-00,FG02CARTDRIGE FOR C 0.100 X45?,"FG02 CARTDRIGE CHAMFER 0,100x45°","FG02 CARTDRIGE FOR C 0,100 X45°",
TY7437Z-00,FG02CARTDRIGE FOR 30?CHAMFER,FG02 CARTDRIGE CHAMFER 30°,FG02 CARTDRIGE FOR 30°CHAMFER,
JC9303H-00,FG02-CARTRIDGE 43924S FOR ADJ HEADS,FG02 CARTRIDGE 43924S FOR ADJ. HEADS,FG02 CARTRIDGE 43924S FOR ADJ HEADS,
ZMS02919-00,FG02CACISK CH65 Pieno,FG02 CH.65 BAR “CACISK”,,
AB7223J-00,"FG02-PRISMA MORSA D18,2","FG02 CLAMP PRISM D18,2","FG02 PRISMA MORSA D18,2",
GW1838B-00,"FG02-PRISMA MORSA D18,6","FG02 CLAMP PRISM D18,6","FG02 PRISMA MORSA D18,6",
VP7762U-00,"FG02-PRISMA MORSA D22,2","FG02 CLAMP PRISM D22,2","FG02 PRISMA MORSA D22,2",
HK8296K-00,"FG02-PRISMA MORSA D22,6","FG02 CLAMP PRISM D22,6","FG02 PRISMA MORSA D22,6",
LK0316U-00,"FG02-PRISMA MORSA D27,2","FG02 CLAMP PRISM D27,2","FG02 PRISMA MORSA D27,2",
ZL8194J-00,FG02-PRISMA MORSA D28,FG02 CLAMP PRISM D28,FG02 PRISMA MORSA D28,
TD7858F-00,"FG02-PRISMA MORSA D35,1","FG02 CLAMP PRISM D35,1","FG02 PRISMA MORSA D35,1",
JU7049C-00,FG02-PRISMA MORSA D40,FG02 CLAMP PRISM D40,FG02 PRISMA MORSA D40,
HT3395C-00,"FG02-PRISMA MORSA D42,7","FG02 CLAMP PRISM D42,7","FG02 PRISMA MORSA D42,7",
HB3136M-00,"FG02-PRISMA MORSA D43,7","FG02 CLAMP PRISM D43,7","FG02 PRISMA MORSA D43,7",
LX3001M-00,FG02-PRISMA MORSA D50,FG02 CLAMP PRISM D50,FG02 PRISMA MORSA D50,
PC4385J-00,"FG02-PRISMA MORSA D52,7","FG02 CLAMP PRISM D52,7","FG02 PRISMA MORSA D52,7",
GR7812S-00,FG02-PRISMA MORSA D54,FG02 CLAMP PRISM D54,FG02 PRISMA MORSA D54,
SP6621G-00,"FG02-PRISMA MORSA D65,7","FG02 CLAMP PRISM D65,7","FG02 PRISMA MORSA D65,7",
VV8204X-00,FG02-PRISMA MORSA D67,FG02 CLAMP PRISM D67,FG02 PRISMA MORSA D67,
SSM08566-00,FG02-MORSA DI TAGLIO AVV. D13.4 SAPUDUS,"FG02 CLAMP WRAP-AROUND PRISM D13,4","FG02 MORSA DI TAGLIO AVVOLGENTI D13,4 SAPUDUS",
GJA92162-00,FG02-MORSA DI TAGLIO AVV. D18 SAPUDUS,FG02 CLAMP WRAP-AROUND PRISM D18,FG02 MORSA DI TAGLIO AVVOLGENTI D18 SAPUDUS,
LFJ01158-00,FG02-MORSA DI TAGLIO AVV. D20.5 SAPUDUS,"FG02 CLAMP WRAP-AROUND PRISM D20,5","FG02 MORSA DI TAGLIO AVVOLGENTI D20,5 SAPUDUS",
BN4261G-00,FG02-AVVOLG. MORSA OD24,FG02 CLAMP WRAP-AROUND PRISM D24,FG02 AVVOLGENTI MORSA OD24,
XB4122F-00,FG02-AVVOLG. MORSA OD27.5,"FG02 CLAMP WRAP-AROUND PRISM D27,5","FG02 AVVOLGENTI MORSA OD27,5",
ZM8666L-00,FG02-AVVOLG. MORSA OD29.5,"FG02 CLAMP WRAP-AROUND PRISM D29,5","FG02 AVVOLGENTI MORSA OD29,5",
ZX5706G-00,FG02-AVVOLG. MORSA OD31.5,"FG02 CLAMP WRAP-AROUND PRISM D31,5","FG02 AVVOLGENTI MORSA OD31,5",
JV8327L-00,FG02-AVVOLG. MORSA OD35.5,"FG02 CLAMP WRAP-AROUND PRISM D35,5","FG02 AVVOLGENTI MORSA OD35,5",
PU5392X-00,FG02-PRISMI AVV. MORSA D43.9,"FG02 CLAMP WRAP-AROUND PRISMS D43,9","FG02 PRISMI AVVOLGENTI MORSA D43,9",
LB9023G-00,FG02-PRISMI AVV. MORSA D75.15,"FG02 CLAMP WRAP-AROUND PRISMS D75,15","FG02 PRISMI AVVOLGENTI MORSA D75,15",
BA8738B-00,FG02-PRISMI AVV. MORSA D80.7,"FG02 CLAMP WRAP-AROUND PRISMS D80,7","FG02 PRISMI AVVOLGENTI MORSA D80,7",
XEW55876-00,FG02-PRISMI MORSA E CARRELLO AVV D16.4,"FG02 CLAMP-CARR. WRAP-AR. PRISMS D16,4","FG02 PRISMI MORSA E CARRELLO AVVOLGENTI D16,4",
YUE66355-00,FG02-PRISMI MORSA E CARRELLO AVV D2,FG02 CLAMP-CARR. WRAP-AR. PRISMS D2,FG02 PRISMI MORSA E CARRELLO AVVOLGENTI D2,
CFB15081-00,FG02-PRISMI MORSA E CARRELLO AVV D20.5,"FG02 CLAMP-CARR. WRAP-AR. PRISMS D20,5","FG02 PRISMI MORSA E CARRELLO AVVOLGENTI D20,5",
CBL18272-00,FG02-PRISMI MORSA E CARRELLO AVV D25.4,"FG02 CLAMP-CARR. WRAP-AR. PRISMS D25,4","FG02 PRISMI MORSA E CARRELLO AVVOLGENTI D25,4",
XHF60425-00,FG02-PRISMI MORSA E CARRELLO AVV D32.4,"FG02 CLAMP-CARR. WRAP-AR. PRISMS D32,4","FG02 PRISMI MORSA E CARRELLO AVVOLGENTI D32,4",
XVT98031-00,FG02-PRISMI MORSA E CARRELLO AVV D34.6,"FG02 CLAMP-CARR. WRAP-AR. PRISMS D34,6","FG02 PRISMI MORSA E CARRELLO AVVOLGENTI D34,6",
LHS73958-00,FG02-PRISMI MORSA E CARRELLO AVV D34.93,"FG02 CLAMP-CARR. WRAP-AR. PRISMS D34,93","FG02 PRISMI MORSA E CARRELLO AVVOLGENTI D34,93",
YZB72939-00,FG02-PRISMI MORSA E CARRELLO AVV D37.02,"FG02 CLAMP-CARR. WRAP-AR. PRISMS D37,02","FG02 PRISMI MORSA E CARRELLO AVVOLGENTI D37,02",
HNK92101-00,FG02-PRISMI MORSA E CARRELLO AVV D38.58,"FG02 CLAMP-CARR. WRAP-AR. PRISMS D38,58","FG02 PRISMI MORSA E CARRELLO AVVOLGENTI D38,58",
LXR04504-00,FG02-PRISMI MORSA E CARRELLO AVV D39.3,"FG02 CLAMP-CARR. WRAP-AR. PRISMS D39,3","FG02 PRISMI MORSA E CARRELLO AVVOLGENTI D39,3",
RNP79691-00,FG02-PRISMI MORSA E CARRELLO AVV D42.4,"FG02 CLAMP-CARR. WRAP-AR. PRISMS D42,4","FG02 PRISMI MORSA E CARRELLO AVVOLGENTI D42,4",
BMB27998-00,FG02-PRISMI MORSA E CARRELLO AVV D52,FG02 CLAMP-CARR. WRAP-AR. PRISMS D52,FG02 PRISMI MORSA E CARRELLO AVVOLGENTI D52,
JDF50302-00,FG02-PRISMI MORSA E CARRELLO AVV D53.98,"FG02 CLAMP-CARR. WRAP-AR. PRISMS D53,98","FG02 PRISMI MORSA E CARRELLO AVVOLGENTI D53,98",
CSU79409-00,FG02-PRISMI MORSA E CARRELLO AVV D54.6,"FG02 CLAMP-CARR. WRAP-AR. PRISMS D54,6","FG02 PRISMI MORSA E CARRELLO AVVOLGENTI D54,6",
BMD70924-00,FG02-PRISMI MORSA E CARRELLO AVV D59.7,"FG02 CLAMP-CARR. WRAP-AR. PRISMS D59,7","FG02 PRISMI MORSA E CARRELLO AVVOLGENTI D59,7",
YXV53127-00,FG02-PRISMI MORSA E CARRELLO AVV D61.8,"FG02 CLAMP-CARR. WRAP-AR. PRISMS D61,8","FG02 PRISMI MORSA E CARRELLO AVVOLGENTI D61,8",
RYE98985-00,FG02-PRISMI MORSA E CARRELLO AVV D70.35,"FG02 CLAMP-CARR. WRAP-AR. PRISMS D70,35","FG02 PRISMI MORSA E CARRELLO AVVOLGENTI D70,35",
FMC15533-00,FG02-PRISMI MORSA E CARRELLO AVV D70.42,"FG02 CLAMP-CARR. WRAP-AR. PRISMS D70,42","FG02 PRISMI MORSA E CARRELLO AVVOLGENTI D70,42",
DFP52593-00,FG02-PRISMI MORSA E CARRELLO AVV D73,FG02 CLAMP-CARR. WRAP-AR. PRISMS D73,FG02 PRISMI MORSA E CARRELLO AVVOLGENTI D73,
AXD54624-00,FG02-PRISMI MORSA E CARRELLO AVV D80,FG02 CLAMP-CARR. WRAP-AR. PRISMS D80,FG02 PRISMI MORSA E CARRELLO AVVOLGENTI D80,
VK8245E-00,"FG02-PRISMA MORSA E CARRELLO D27,6","FG02 CLAMP-CARRIAGE PRISM D27,6","FG02 PRISMA MORSA E CARRELLO D27,6",
JA9499D-00,"FG02-PRISMA MORSA E CARRELLO D34,6","FG02 CLAMP-CARRIAGE PRISM D34,6","FG02 PRISMA MORSA E CARRELLO D34,6",
XW5098S-00,FG02-PRISMA MORSA E CARRELLO D43,FG02 CLAMP-CARRIAGE PRISM D43,FG02 PRISMA MORSA E CARRELLO D43,
KX6970A-00,FG02-PRISMA MORSA E CARRELLO D53,FG02 CLAMP-CARRIAGE PRISM D53,FG02 PRISMA MORSA E CARRELLO D53,
EDN00557-00,FG02-PRISMA MORSA E CARRELLO D65.4,"FG02 CLAMP-CARRIAGE PRISM D65,4","FG02 PRISMA MORSA E CARRELLO D65,4",
SP6210Y-00,"FG02-PRISMA MORSA E CARRELLO D66,2","FG02 CLAMP-CARRIAGE PRISM D66,2","FG02 PRISMA MORSA E CARRELLO D66,2",
ZNX19273-00,FG02-PRISMI MORSA E CARRELLO 4LOBI,FG02 CLAMP-CARRIAGE PRISMS 4 LOBES,FG02 PRISMI MORSA E CARRELLO 4LOBI,
URK95295-00,FG02-PRISMI MORSA E CARRELLO EX CH18,FG02 CLAMP-CARRIAGE PRISMS EXT. CH.18,FG02 PRISMI MORSA E CARRELLO EX CH18,
FUA44353-00,FG02-PRISMI MORSA E CARRELLO EX CH24,FG02 CLAMP-CARRIAGE PRISMS EXT. CH.24,FG02 PRISMI MORSA E CARRELLO EX CH24,
ZCC39811-00,FG02-PRISMI MORSA E CARRELLO EX CH65,FG02 CLAMP-CARRIAGE PRISMS EXT. CH.65,FG02 PRISMI MORSA E CARRELLO EX CH65,
XLD05728-00,FG02-PRISMI MORSA E CARRELLO QUADRO 45,FG02 CLAMP-CARRIAGE PRISMS SQUARE 45,FG02 PRISMI MORSA E CARRELLO QUADRO 45,
ESP27074-00,FG02-PRISMI MORSA E CARR QUADRO 60.45,"FG02 CLAMP-CARRIAGE PRISMS SQUARE 60,45","FG02 PRISMI MORSA E CARR QUADRO 60,45",
ZHT25651-00,FG02MOD. BLOCCO PINZE L=20 PER FILETT,FG02 CLAMPS BLOCK L20 MODIFY FOR THREAD.,FG02MODIFICHE BLOCCO PINZE L20 PER FILETTATURA,
TBT41182-00,FG02CN ZOTUGR 1 e 1 1/4 11.5TPI PZ LUN,"FG02 CN 1”-1”1/4x11,5 TPI “ZOTUGR”","FG02CN ZOTUGR 1 e 1 1/4 11,5TPI PZ LUN",
BBK17509-00,FG02CN ZIGUZ 1 e 1 1/4 11.5TPI,"FG02 CN 1”-1”1/4x11,5 TPI “ZIGUZ”","FG02CN ZIGUZ 1 e 1 1/4 11,5TPI",
ZAN49851-00,FG02CN per ZIGUZ 1-1/2 e 2 11.5TPI,"FG02 CN 1”1/2-2”x11,5 TPI “ZIGUZ”",FG02CN PER ZIGUZ 1-1/2 e 2 11.5TPI,
UZX68654-00,FG02CN per ZIGUZ 1/2 e 3/4 14TPI,FG02 CN 1/2”-3/4”x14 TPI “ZIGUZ”,FG02CN PER ZIGUZ 1/2 e 3/4 14TPI,
CR5004M-00,FG02-MOD2: UTENSILI 1INV+1BASE CN,FG02 CN BASIC+INVERTER TOOLS,FG02 MOD2: UTENSILI 1INV+1BASE CN,
KSF21016-00,FG02Testina CN Zuzul sg int,FG02 CN HEAD “ZUZUL”,FG02TESTINA CN Zuzul sg int,
RZC49280-00,FG02TESTINE CN PER DESN-KIK,FG02 CN HEADS “DESN-KIK”,,
XKZ18082-00,FG02TESTINE CN Zuzul DUM beka,FG02 CN HEADS “ZUZUL DUM BEKA”,,
TBN87898-00,FG02TESTINE CN Zuzul Tar,FG02 CN HEADS “ZUZUL TAR”,,
HEW33305-00,FG02TESTINE CN Zuzul,FG02 CN HEADS “ZUZUL”,,
MFA37073-00,"FG02-TESTE CN NTP 1"" PZ CORTI",FG02 CN HEADS 1” NPT SHORT PARTS,"FG02 TESTE CN NTP 1"" PZ CORTI",
TTA26440-00,"FG02-TESTE CN NTP 1-1/2"" PZ CORTI",FG02 CN HEADS 1”1/2 NPT SHORT PARTS,"FG02 TESTE CN NTP 1-1/2"" PZ CORTI",
AN8081M-00,FG02-CN HEADS FOR 1 1/4-11.5NPT,"FG02 CN HEADS 1”1/4x11,5 NPT","FG02 CN HEADS FOR 1 1/4-11,5NPT",
RD8834V-00,FG02-CN HEADS FOR 1 -11.5NPT,"FG02 CN HEADS 1”x11,5 NPT","FG02 CN HEADS FOR 1 -11,5NPT",
RKL77374-00,"FG02-TESTE CN NTP 1/2"" E 3/4"" PZ CORTI",FG02 CN HEADS 1/2”-3/4” NPT SHORT PARTS,"FG02 TESTE CN NTP 1/2"" E 3/4"" PZ CORTI",
CHB43590-00,"FG02-TESTE CN NTP 1/4"" E 3/8"" PZ CORTI",FG02 CN HEADS 1/4”-3/8” NPT SHORT PARTS,"FG02 TESTE CN NTP 1/4"" E 3/8"" PZ CORTI",
AP1283B-00,FG02-CN HEADS FOR 14NPT L20-23 1/4,FG02 CN HEADS 1/4”x14 NPT L20-23,FG02 CN HEADS FOR 14NPT L20-23 1/4,
LU6783U-00,FG02-ABS50 CN HEADS 11.5NPT CARBIDE,"FG02 CN HEADS 11,5 NPT CARBIDE ABS50","FG02 ABS50 CN HEADS 11,5NPT CARBIDE",
XE2342F-00,FG02-ABS50 CN HEADS FOR 11 1/2NPT,FG02 CN HEADS 11-1/2 NPT ABS50,FG02 ABS50 CN HEADS FOR 11 1/2NPT,
HD5169L-00,FG02-ABS50 CN HEADS FOR 14NPT,FG02 CN HEADS 14 NPT ABS50,FG02 ABS50 CN HEADS FOR 14NPT,
HE4169N-00,FG02-ABS50 CN HEADS 14NPT CARBIDE,FG02 CN HEADS 14 NPT CARBIDE ABS50,FG02 ABS50 CN HEADS 14NPT CARBIDE,
BN6852X-00,FG02-CN HEADS FOR 14NPT L 6-18,FG02 CN HEADS 14 NPT L6-18,FG02 CN HEADS FOR 14NPT L 6-18,
CEE53195-00,"FG02-TESTE CN NTP 2"" PZ CORTI",FG02 CN HEADS 2” NPT SHORT PARTS,"FG02 TESTE CN NTP 2"" PZ CORTI",
LNK22912-00,"FG02-TESTE CN NTP 2-1/2"" + BARENI",FG02 CN HEADS 2”1/2 NPT + BORING BARS,"FG02 TESTE CN NTP 2-1/2"" + BARENI",
VC6406U-00,FG02-CN HEADS FOR D27.5,"FG02 CN HEADS D27,5","FG02 CN HEADS FOR D27,5",
MA4004A-00,FG02-9 CN MACHINING HEAD,FG02 CN MACHINING HEAD,FG02 CN MACHINING HEAD,
CH4301H-00,FG02-CN MACHINING HEADD1 1/2,FG02 CN MACHINING HEAD D1”1/2,FG02 CN MACHINING HEADD1 1/2,
YH7077P-00,FG02-CN MACHINING HEADD1 1/4,FG02 CN MACHINING HEAD D1”1/4,FG02 CN MACHINING HEADD1 1/4,
PB5094A-00,FG02-CN MACHINING HEADD1 3/4,FG02 CN MACHINING HEAD D1”3/4,FG02 CN MACHINING HEADD1 3/4,
UL9250E-00,FG02-CN MACHINING HEADD1 5/8,FG02 CN MACHINING HEAD D1”5/8,FG02 CN MACHINING HEADD1 5/8,
ZE0469Z-00,FG02-CN MACHINING HEADD2 1/22,FG02 CN MACHINING HEAD D2”1/2,FG02 CN MACHINING HEADD2 1/22,
ELH03543-00,FG02SET UTENSILI CN GEKISAS,FG02 CN TOOLS “GEKISAS”,,
HMN67025-00,FG02SET UTENSILI CN CASAML,FG02 CN TOOLS “CASAML”,,
PTN55832-00,FG02SET UTENSILI CN KOGT,FG02 CN TOOLS “KOGT”,,
UJ4712F-00,FG02 UTENSILI CN PER DIS.TUBE_EXTER,FG02 CN TOOLS “DRWG. TUBE_EXTER”,,
MZZ08330-00,FG02SET UT CN Puretl ROKEM DEK,FG02 CN TOOLS “PURETL ROKEM DEK”,FG02SET UTENSILI CN Puretl ROKEM DEK,
YLU92557-00,FG02SET UTENSILI CN Puretl ROKEM,FG02 CN TOOLS “PURETL ROKEM”,,
URE31508-00,FG02SET UT CN Puretl 1928XX,FG02 CN TOOLS “PURETL” 1928XX,FG02SET UTENSILI CN Puretl 1928XX,
CJS92477-00,FG02SET UT CN Puretl 192XXX,FG02 CN TOOLS “PURETL” 192XXX,FG02SET UTENSILI CN Puretl 192XXX,
WMJ80669-00,FG02SET UT CN Puretl 196463,FG02 CN TOOLS “PURETL” 196463,FG02SET UTENSILI CN Puretl 196463,
NWW40696-00,FG02SET UTENSILI CN LETOBOBE,FG02 CN TOOLS “LETOBOBE”,,
SKE99465-00,FG02SET UT CN Bosadosur 1inch,FG02 CN TOOQJ 9” “BOSADOSUR”,FG02SET UTENSILI CN Bosadosur 1inch,
BGX77536-00,FG02SET UT CN 1 e 1 1/4,FG02 CN TOOQJ 9”-1”1/4,FG02SET UTENSILI CN 1 e 1 1/4,
MUB85709-00,FG02SET UT CN 1 1/2 e 2,FG02 CN TOOQJ 9”1/2-2”,FG02SET UTENSILI CN 1 1/2 e 2,
NSN89555-00,"FG02SET UT CN O.H. 1"" x 3"" NPT",FG02 CN TOOQJ 9”-3” NPT,"FG02SET UTENSILI CN O.H. 1"" x 3"" NPT",
YFA76974-00,FG02SET UT CN Bosadosur 1.25 inch,"FG02 CN TOOQJ 9,38 INCH “BOSADOSUR”","FG02SET UTENSILI CN Bosadosur 1,25 inch",
BCK46529-00,FG02SET UT CN Bosadosur 1.5 inch,"FG02 CN TOOQJ 9,8 INCH “BOSADOSUR”","FG02SET UTENSILI CN Bosadosur 1,5 inch",
ZZW67486-00,FG02SET UT CN 1/2 e 3/4,FG02 CN TOOQJ 9/3”-3/4”,FG02SET UTENSILI CN 1/2 e 3/4,
MNY70692-00,FG02SET UT CN Bosadosur 2inch,FG02 CN TOOQJ 3 INCH “BOSADOSUR”,FG02SET UTENSILI CN Bosadosur 2inch,
VVS74232-00,FG02SET UT CN Bosadosur 2.5inch,"FG02 CN TOOQJ 3,8 INCH “BOSADOSUR”","FG02SET UTENSILI CN Bosadosur 2,5inch",
AYP47848-00,FG02SET UT CN RIKIDOVIGD21.3,"FG02 CN TOOLS D 21,3 “RIKIDOVIG”","FG02SET UTENSILI CN RIKIDOVIGD21,3",
KVW39386-00,FG02-SET UTENS. CN per D11 VEKOBILANL,FG02 CN TOOLS D11 “VEKOBILANL”,FG02 SET UTENSILI CN per D11 VEKOBILANL,
TPR24748-00,FG02SET UT CN Gibavizeg D16-20,FG02 CN TOOLS D16-20 “GIBAVIZEG”,FG02SET UTENSILI CN Gibavizeg D16-20,
VPN80257-00,FG02SET UT CN D18 s3.5 Zotugr,"FG02 CN TOOLS D18x3,5 “ZOTUGR”","FG02SET UTENSILI CN D18 s3,5 Zotugr",
YSW18230-00,FG02SET UT CN D18 s3.5 Bafuselt,"FG02 CN TOOLS D18x3,5 “BAFUSELT”","FG02SET UTENSILI CN D18 s3,5 Bafuselt",
GET34812-00,FG02KOGT UTENSILI CN D20,FG02 CN TOOLS D20 “KOGT”,FG02 KOGT UTENSILI CN D20,
YZG17243-00,FG02UTENSILE CN D20 x Gas 1/2,FG02 CN TOOLS D20 FOR GAS 1/2”,FG02UTENSILI CN D20 x Gas 1/2,
CJR31715-00,FG02SET UT CN ZELS D24-35,FG02 CN TOOLS D24-35 “ZELS”,FG02SET UTENSILI CN ZELS D24-35,
EAA75489-00,FG02UT CN D25.21 VAVUZARAV,"FG02 CN TOOLS D25,21 “VAVUZARAV”",FG02UTENSILI CN D25.21 VAVUZARAV,
AEU25915-00,FG02UT CN D25.74-29.84 VUR,"FG02 CN TOOLS D25,74-29,84 “VUR”","FG02UTENSILI CN D25,74-29,84 VUR",
AYX06256-00,FG02-Utensile CN D26,FG02 CN TOOLS D26,FG02 UTENSILI CN D26,
DDD60982,FG02UTENSILE CN D26.9 TUS,"FG02 CN TOOLS D26,9 “TUS”","FG02UTENSILI CN D26,9 TUS",
NCP71801-00,FG02UTENSILI CN D37.6 FUPIF,"FG02 CN TOOLS D37,6 “FUPIF”","FG02UTENSILI CN D37,6 FUPIF",
WJK23330-00,FG02SET UTENSILI CN D38.1-31.75,"FG02 CN TOOLS D38,1-31,75","FG02SET UTENSILI CN D38,1-31,75",
WTZ34880-00,FG02UTENSILE CN D40,FG02 CN TOOLS D40,FG02UTENSILI CN D40,
NUG41607-00,FG02SET UT CN Gibavizeg D40,FG02 CN TOOLS D40 “GIBAVIZEG”,FG02SET UTENSILI CN Gibavizeg D40,
JEH01283-00,FG02UTENSILE CN D48.354 TUS,"FG02 CN TOOLS D48,354 “TUS”","FG02UTENSILI CN D48,354 TUS",
GUL73798-00,FG02SET UT CN D55 TH.2 Robisepa,FG02 CN TOOLS D55x2 “ROBISEPA”,FG02SET UTENSILI CN D55 TH.2 Robisepa,
LUH61062-00,FG02SET UT CN MASITAD55 s8,FG02 CN TOOLS D55x8 “MASITA”,FG02SET UTENSILI CN MASITAD55 s8,
JGU98514-00,FG02UTENSILE CN D70 TUS,FG02 CN TOOLS D70 “TUS”,FG02UTENSILI CN D70 TUS,
KV7758H-00,FG02-9 UT.CN PER GOLE ESTERNE,FG02 CN TOOLS EXTERNAL GROOVES,FG02 UTENSILI CN PER GOLE ESTERNE,
VT5908R-00,FG02-UT.CN TORN D52.5+ UT.CN GOLA,"FG02 CN TOOLS FOR TURNING D52,5 & GROOVE",FG02 UTENSILI CN TORN D52.5+ FG02 UTENSILI CN GOLA,
RC9229H-00,FG02-3 UT.CN INT/SM/TORN.INT D40-55,FG02 CN TOOLS INT. CHAMFER&TURN. D40-55,FG02 UTENSILI CN INT/SMUSSO/TORNITURA INTERNA D40-55,
AT9065X-00,FG02-9 UT.CN FIL ID45-37,FG02 CN TOOLS INT.THREAD. D45-37,FG02 UTENSILI CN FIL ID45-37,
EN2513T-00,FG02-UT.CN FIL ID65-46+UT.CN TORN.I,FG02 CN TOOLS INT.THREAD. D65-46&TURNING,FG02 UTENSILI CN FIL ID65-46+FG02 UTENSILI CN TORNITURA INTERNA,
CRS70243-00,FG02SET UT CN M44x1,FG02 CN TOOLS M44x1,FG02SET UTENSILI CN M44x1,
VCU96557-00,FG02SET UTENSILI CN D31.75 MONO,"FG02 CN TOOLS MONOLITHIC D31,75","FG02SET UTENSILI CN D31,75 MONO",
HAS38626-00,FG02STE UTENSILI CN CENE D73-80,FG02 CN TOOLS ROD D73-80 “CENE”,FG02STELI UTENSILI CN CENE D73-80,
KJ2509W-00,FG02-UTENSILE CN SZIGI-FIL,FG02 CN TOOLS ROUGHING-THREADING,FG02 UTENSILI CN SZIGI-FIL,
HH7702Y-00,FG02-UN UTENSILE CN MASCH. M16 M20,FG02 CN TOOLS TAPPING M16-M20,FG02 UN UTENSILI CN MASCHIATURA M16 M20,
WA3485Z-00,FG02-UTENSILI CN PER FIL. CON. L50,FG02 CN TOOLS THREADING L50,FG02 UTENSILI CN PER FILETTATURA CON. L50,
PN2633J-00,FG02-UTENSILI CN PER FIL. M16 L100,FG02 CN TOOLS THREADING M16 L100,FG02 UTENSILI CN PER FILETTATURA M16 L100,
FL7709D-00,FG02-UTENSILI CN PER FIL. M20 L150,FG02 CN TOOLS THREADING M20 L150,FG02 UTENSILI CN PER FILETTATURA M20 L150,
XT0206K-00,FG02-UTENSILI CN PER FIL. M24 L120,FG02 CN TOOLS THREADING M24 L120,FG02 UTENSILI CN PER FILETTATURA M24 L120,
ZG1188H-00,FG02-UN UTENSILE CN FILET. M25 M32,FG02 CN TOOLS THREADING M25 M32,FG02 UN UTENSILI CN FILETTATURA M25 M32,
LU6575G-00,FG02-UN UTENS CN FILET. M40 M50 M63,FG02 CN TOOLS THREADING M40 M50 M63,FG02 UN UTENS CN FILETTATURA M40 M50 M63,
AKA83899-00,FG02- UT CN e INV D21Recum,FG02 CN+INVERTER D21 TOOLS “RECUM”,FG02 UTENSILI CN e INVERTER D21Recum,
UU3426P-00,FG02-INV+CN HEADS FOR 9477.000.001,FG02 CN+INVERTER HEADS 9477.000.001,FG02 INVERTER+CN HEADS FOR 9477.000.001,
RCJ09975-00,FG02 Rotanti INV e CN per D15 e 16,FG02 CN+INVERTER ROTARY D15 & D16,,
TWV48689-00,FG02UTENSILI INV e CN MIR,FG02 CN+INVERTER TOOLS “MIR”,FG02UTENSILI INVERTER e CN MIR,
HZE29362-00,FG02SET UT INV+CN BIK,FG02 CN+INVERTER TOOLS “BIK”,FG02SET UTENSILI INV+CN BIK,
DUD05358-00,FG02SET UT CN INV PURETL ROKEM,FG02 CN+INVERTER TOOLS “PURETL ROKEM”,FG02SET UTENSILI CN INVERTER PURETL ROKEM,
PFB63086-00,FG02SET UT INV + CN 2 1/2,FG02 CN+INVERTER TOOQJ 3”1/2,FG02SET UTENSILI INVERTER + CN 2 1/2,
MDG31138-00,FG02-SET UT CN+INV RD20x2.5 PIENO PFIFER,"FG02 CN+INVERTER TOOLS BAR RD20x2,5",,
UYX17843-00,FG02-SET UT CN+INV RD24x3 PIENO PFIFER,FG02 CN+INVERTER TOOLS BAR RD24x3,,
RBC59971-00,FG02-SET UT CN+INV RD30x3.5 PIENOPFEIFER,"FG02 CN+INVERTER TOOLS BAR RD30x3,5",,
SUY91931-00,FG02-SET UT CN+INV RD36x4 PIENO RADAGURN,FG02 CN+INVERTER TOOLS BAR RD36x4,,
EZF05929-00,FG02UT INV e CN da D10 Fatogasuku,FG02 CN+INVERTER TOOLS D10 “FATOGASUKU”,FG02UTENSILI INV e CN da D10 Fatogasuku,
NME44920-00,FG02UT INV e CN da D10 a D20 TUNL,FG02 CN+INVERTER TOOLS D10 TO D20 “TUNL”,FG02UTENSILI INV e CN da D10 a D20 TUNL,
RZL53075-00,FG02SET UTENSILI INV+CN D12.7 s3.35,"FG02 CN+INVERTER TOOLS D12,7x3,35","FG02SET UTENSILI INVERTER+CN D12,7 s3,35",
ZGG02843-00,FG02SET UTENSILI INV+CN D15,FG02 CN+INVERTER TOOLS D15,FG02SET UTENSILI INVERTER+CN D15,
PCY20559-00,FG02SET UTENSILI INV+CN D15.88-22.23,"FG02 CN+INVERTER TOOLS D15,88-22,23","FG02SET UTENSILI INVERTER+CN D15,88-22,23",
VNY72784-00,FG02-UTENS. INV e CN D18 SUSOPOLO,FG02 CN+INVERTER TOOLS D18 “SUSOPOLO”,FG02 UTENSILI INV e CN D18 SUSOPOLO,
WAH62179-00,FG02UT INV e CN D20 TUNL,FG02 CN+INVERTER TOOLS D20 “TUNL”,FG02UTENSILI INV e CN D20 TUNL,
FZM77550-00,FG02SET UT CN & inv D21 Kinasacu,FG02 CN+INVERTER TOOLS D21 “KINASACU”,FG02SET UTENSILI CN & INVERTER D21 Kinasacu,
USG20185-00,FG02SET UT CN+INV DD21.3,"FG02 CN+INVERTER TOOLS D21,3","FG02SET UTENSILI CN+INVERTER DD21,3",
XHD00841-00,FG02UTENSILI INV+CN D23.5 s5.6 ALL,"FG02 CN+INVERTER TOOLS D23,5x5,6 ALUMIN.","FG02UTENSILI INVERTER+CN D23,5 s5,6 ALL",
TUE62291-00,FG02SET UT INV-CN CIKEDS D24,FG02 CN+INVERTER TOOLS D24 “CIKEDS LONUL,FG02SET UTENSILI INV-CN CIKEDS D24,
KSF96028-00,FG02UTENSILI INV+CN D26.18 VAVUZARAV,"FG02 CN+INVERTER TOOLS D26,18 “VAVUZARAV","FG02UTENSILI INVERTER+CN D26,18 VAVUZARAV",
ZRJ64957-00,FG02UTENSILI CN e INV D26.5,"FG02 CN+INVERTER TOOLS D26,5","FG02UTENSILI CN e INVERTER D26,5",
JAH17808-00,FG02UTENSILI INV+CN D26.75 TH3.77,"FG02 CN+INVERTER TOOLS D26,75x3,77","FG02UTENSILI INVERTER+CN D26,75 TH3,77",
UTX49365-00,FG02UTENSILE INV+CN D26.9,"FG02 CN+INVERTER TOOLS D26,9","FG02UTENSILI INVERTER+CN D26,9",
ZWB31699-00,FG02SET UTENSILI INV+CN D26 s5.25,"FG02 CN+INVERTER TOOLS D26x5,25","FG02SET UTENSILI INVERTER+CN D26 s5,25",
JL1988Y-00,FG02-UTENSILI CN E INV PER D28.5,"FG02 CN+INVERTER TOOLS D28,5","FG02 UTENSILI CN E INV PER D28,5",
RZT24395-00,FG02SET UT INV e CN D28.6 s1.6,"FG02 CN+INVERTER TOOLS D28,6x1,6","FG02SET UTENSILI INVERTER e CN D28,6 s1,6",
RPZ59760-00,FG02SET UT INV e CN D28 s4,FG02 CN+INVERTER TOOLS D28x4,FG02SET UTENSILI INVERTER e CN D28 s4,
TJG13345-00,FG02- D30 Vofunakt CN + INVERTER.,FG02 CN+INVERTER TOOLS D30 “VOFUNAKT”,FG02 D30 Vofunakt CN + INVERTER,
BPJ39466-00,FG02-SET UT CN+INV D30 TH7.75 VOFUNAKT,"FG02 CN+INVERTER TOOLS D30x7,75”VOFUNAKT”","FG02 SET UTENSILI CN+INVERTER D30 TH7,75 VOFUNAKT",
NEM30874-00,FG02- Set UT CN e IVERTER D31 Den,FG02 CN+INVERTER TOOLS D31 “DEN”,FG02 SET UTENSILI CN e INVERTER D31 Den,
XXL80390-00,FG02SET UT CN+INV DD31.75 FULL,"FG02 CN+INVERTER TOOLS D31,75","FG02SET UTENSILI CN+INVERTER DD31,75 FULL",
GWU84930-00,FG02SET UT INV + CN D34-36,FG02 CN+INVERTER TOOLS D34-36,FG02SET UTENSILI INVERTER + CN D34-36,
YKH37388-00,FG02-SET UT CN+INV D34 TH9.75 VOFUNAKT,"FG02 CN+INVERTER TOOLS D34x9,75”VOFUNAKT”","FG02 SET UTENSILI CN+INVERTER D34 TH9,75 VOFUNAKT",
YCM76229-00,FG02SET UT INV + CN D37,FG02 CN+INVERTER TOOLS D37,FG02SET UTENSILI INVERTER + CN D37,
BYJ90678-00,FG02-SET UT CN+INV D50 SOGASODULA,FG02 CN+INVERTER TOOLS D50 “DEDAN TECH.”,FG02 SET UTENSILI CN+INVERTER D50 SOGASODULA,
SNN54654-00,FG02-SET UT CN+INV D54 SOGASODULA,FG02 CN+INVERTER TOOLS D54 “DEDAN TECH.”,FG02 SET UTENSILI CN+INVERTER D54 SOGASODULA,
YZL37795-00,FG02-SET UT CN+INV D56 SOGASODULA,FG02 CN+INVERTER TOOLS D56 “DEDAN TECH.”,FG02 SET UTENSILI CN+INVERTER D56 SOGASODULA,
BBT37258-00,FG02-SET UT CN+INV D60 SOGASODULA,FG02 CN+INVERTER TOOLS D60 “DEDAN TECH.”,FG02 SET UTENSILI CN+INVERTER D60 SOGASODULA,
BHW74457-00,FG02UTENSILI CN-INV. D64 S4,FG02 CN+INVERTER TOOLS D64x4,FG02UTENSILI CN-INVERTER D64 S4,
KRH08186-00,FG02-SET UT CN+INV RD20x2.5 TUBO PFIFER,"FG02 CN+INVERTER TOOLS RD20x2,5 TUBE",,
TCX29626-00,FG02-SET UT CN+INV RD24x3 TUBO RADAGURN,FG02 CN+INVERTER TOOLS RD24x3 TUBE,,
HBC46497-00,FG02-SET UT CN+INV RD30x3.5 TUBO RADAGURN,"FG02 CN+INVERTER TOOLS RD30x3,5 TUBE",,
VMX77312-00,FG02-SET UT CN+INV RD36x4 TUBO RADAGURN,FG02 CN+INVERTER TOOLS RD36x4 TUBE,,
KFS91077-00,FG02- UT CN e Coppia inv D21,FG02 CN+N°2 INVERTER D21,FG02 UTENSILI CN e COPPIA INVERTER D21,
WVJ16056-00,FG02-UT CN e Coppia inv D21 Puvadel BRA,FG02 CN+N°2 INVERTER D21”PUVADEL”,FG02 UTENSILI CN e Coppia inv D21 Puvadel BRA,
AYA52609-00,FG02-UT CN e Coppia inv D25 Puvadel BRA,FG02 CN+N°2 INVERTER D25”PUVADEL”,FG02 UTENSILI CN e Coppia inv D25 Puvadel BRA,
KWN30836-00,FG02-Utensili Micro e CN ZOZ,FG02 CN-MICRORECORD. TOOLS “ZOZ”,FG02 UTENSILI Micro e CN ZOZ,
FHZ47596-00,FG02-Utensili Micro e CN Macol,FG02 CN-MICRORECORD. TOOLS “MACOL”,FG02 UTENSILI Micro e CN Macol,
TUN68716-00,FG02GANASCE AVVOLGENTI D27.2 L30 D90 DENTATE,"FG02 COGG. WRAP-AROUND JAWS D90xd27,2x30","FG02GANASCE AVVOLGENTI D90xd27,2x30 DENTATE",
GLK16841-00,FG02GANASCE AVVOLGENTI D39.5 L50 D90 DENTATE,"FG02 COGG. WRAP-AROUND JAWS D90xd39,5x50","FG02GANASCE AVVOLGENTI D90xd39,5x50 DENTATE",
PLS43061-00,FG02GANASCE AVVOLGENTI D31.75 L10 D90 DENT.,"FG02 COGG.WRAP-AROUND JAWS D90xd31,75x10","FG02GANASCE AVVOLGENTI D90xd31,75x10 DENTATE",
JHX81044-00,FG02GANASCE AVVOLGENTI D50 L25 D105 DENTATE,FG02 COGGED WRAP-AROUND JAWS D105xd50x25,FG02GANASCE AVVOLGENTI D105xd50x25 DENTATE,
LAS44148-00,FG02GANASCE AVVOLGENTI D54 L20 D105 DENTATE,FG02 COGGED WRAP-AROUND JAWS D105xd54x20,FG02GANASCE AVVOLGENTI D105xd54x20 DENTATE,
KLW40852-00,FG02GANASCE AVVOLGENTI D56 L30 D105 DENTATE,FG02 COGGED WRAP-AROUND JAWS D105xd56x30,FG02GANASCE AVVOLGENTI D105xd56x30 DENTATE,
VPP22732-00,FG02GANASCE AVVOLGENTI D60 L35 D105 DENTATE,FG02 COGGED WRAP-AROUND JAWS D105xd60x35,FG02GANASCE AVVOLGENTI D105xd60x35 DENTATE,
KWK75049-00,FG02GANASCE AVVOLGENTI D30 L25 D90 DENTATE,FG02 COGGED WRAP-AROUND JAWS D90xd30x25,FG02GANASCE AVVOLGENTI D90xd30x25 DENTATE,
XVS12828-00,FG02GANASCE AVVOLGENTI D31 L35 D90 DENTATE,FG02 COGGED WRAP-AROUND JAWS D90xd31x35,FG02GANASCE AVVOLGENTI D90xd31x35 DENTATE,
FEP12407-00,FG02GANASCE AVVOLGENTI D34 L55 D90 DENTATE,FG02 COGGED WRAP-AROUND JAWS D90xd34x55,FG02GANASCE AVVOLGENTI D90xd34x55 DENTATE,
AKB04059-00,FG02GANASCE AVVOLGENTI D47 L60 D90 DENTATE,FG02 COGGED WRAP-AROUND JAWS D90xd47x60,FG02GANASCE AVVOLGENTI D90xd47x60 DENTATE,
BSX28877-00,FG02GANASCE AVVOLGENTI D56 L100 D90 DENTATE,FG02 COGGED WRAP-AROUND JAWS D90xd56x100,FG02GANASCE AVVOLGENTI D90xd56x100 DENTATE,
BG0817W-00,FG02- CONO ISO40 ATTACCO ABS50,FG02 CONE ISO40 CONNECTION ABS50,FG02 CONO ISO40 ATTACCO ABS50,
KW5264M-00,FG02-CONSUMABLES,FG02 CONSUMABLES,FG02 CONSUMABLES,
MCU38680-00,FG02SET Consumabili O.H. D30 Pieno,FG02 CONSUMABLES BAR D30 FOR OPEN HOUSE,,
EK0010K-00,FG02-CARTER CARICO MAN. PEZZI TAGL.,FG02 CRANKCASE CUT PARTS MAUAL LOAD,FG02 CARTER CARICO MANUALE PEZZI TAGLIATI,
LYG54938-00,FG02CROSS DRILL MIR,FG02 CROSS DRILL MIR,,
DY1161T-00,FG02REVISIONE TESTA DI TAGLIO,FG02 CUTTING HEAD REVISION,,
LB4362L-00,FG02-CUTTING HEADS DIAM 51.98 (MIVE),"FG02 CUTTING HEADS D51,98 “MIVE”","FG02 CUTTING HEADS D51,98 (MIVE)",
ACF63861-00,FG02Punta D15 SOF,FG02 DRILL BIT D15 “SOF”,,
RKX38150-00,FG02Punte D11-14.6 Alu Sapudus,"FG02 DRILL BITS D11-14,6 ALUM. “SAPUDUS”","FG02Punte D11-14,6 Alu Sapudus",
SAD02781-00,"FG02-Punte D6,812 maschi M8x1,25","FG02 DRILL BITS D6,812 AND TAPS M8x1,25","FG02 Punte D6,812 maschi M8x1,25",
KHJ72359-00,FG02-SET PUNTE PER CROSS DRILL RADAGURN,FG02 DRILL BITS FOR CROSS DRILL”RADAGURN”,FG02 SET PUNTE PER CROSS DRILL RADAGURN,
FAT76483-00,FG02AT CN ZIGUZ 1/2 e 3/4 14TPI,FG02 EQUIPM. CN 1/2”-3/4”x14 TPI “ZIGUZ,,
DBZ79390-00,FG02AT cartellatura Libudut D46.5 ALU,"FG02 EQUIPM. FLARING D46,5 ALUM.”LIBUDUT”","FG02AT CARTELLATURA LIBUDUT D46,5 ALU",
DDK22376-00,FG02AT INV cart Libudut D51.1 ALU,"FG02 EQUIPM. FLARING D51,1 ALUM.”LIBUDUT”","FG02AT INV CART LIBUDUT D51,1 ALU",
HPL23951-00,FG02AT assali POSACU,FG02 EQUIPMENT AXIALS “POSACU”,FG02AT ASSALI POSACU,
JUP66800-00,FG02-ATTREZATURA DI ALESATURA,FG02 EQUIPMENT BORING,FG02 ATTREZZATURA DI ALESATURA,
NHW09966-00,FG02AT CN Tilogur Zefs,FG02 EQUIPMENT CN “TILOGUR ZEFS”,FG02AT CN TILOGUR ZEFS,
XMJ86863-00,FG02AT CN ZIGUZ 1 e 1 1/4,FG02 EQUIPMENT CN 1”-1”1/4 “ZIGUZ”,,
CRA35055-00,FG02AT CN per NTP 1 e 1 1/4,FG02 EQUIPMENT CN 1”-1”1/4 NPT,FG02AT CN PER NTP 1 e 1 1/4,
ZKM19935-00,FG02AT per NTP 1 e 1 1/4integrali,FG02 EQUIPMENT CN 1”-1”1/4 NPT INTEGRAL,FG02AT PER NTP 1 E 1 1/4INTEGRALI,
BGW93768-00,FG02AT CN LIPEC 1 e 1 1/4 14TPI,FG02 EQUIPMENT CN 1”-1”1/4x14 TPI “LIPEC,,
EWA39618-00,"FG02AT CN per NTP 1 1/2""",FG02 EQUIPMENT CN 1”1/2 NPT,"FG02AT CN PER NTP 1 1/2""",
SZH23548-00,FG02AT per NTP 1 1/22integrale,FG02 EQUIPMENT CN 1”1/2 NPT INTEGRAL,FG02AT PER NTP 1 1/22INTEGRALI,
PSH64097-00,FG02AT CN LIPEC 1 1/2 11TPI,FG02 EQUIPMENT CN 1”1/2x11 TPI “LIPEC”,,
FCC80316-00,FG02AT per NTP 1 1/4,FG02 EQUIPMENT CN 1”1/4 NPT,FG02AT PER NTP 1 1/4,
MET74998-00,FG02AT CN per ZIGUZ 1/2 e 3/4,FG02 EQUIPMENT CN 1/2”-3/4” “ZIGUZ”,FG02AT CN PER ZIGUZ 1/2 e 3/4,
KBE30613-00,FG02AT CN per NTP 1/2 e 3/4,FG02 EQUIPMENT CN 1/2”-3/4” NPT,FG02AT CN PER NTP 1/2 e 3/4,
VKV27780-00,FG02AT per NTP 1/2 e 3/4Integrali,FG02 EQUIPMENT CN 1/2”-3/4” NPT INTEGRAL,FG02AT PER NTP 1/2 E 3/4INTEGRALI,
LTA22261-00,FG02AT CN LIPEC 1/2 e 3/4 14TPI,FG02 EQUIPMENT CN 1/2”-3/4”x14 TPI LIPEC,,
WHL52921-00,FG02AT CN per NTP 1/4 e 3/8,FG02 EQUIPMENT CN 1/4”-3/8” NPT,FG02AT CN PER NTP 1/4 e 3/8,
UJM08415-00,FG02AT per NTP 1/4 e 3/8Integrali,FG02 EQUIPMENT CN 1/4”-3/8” NPT INTEGRAL,FG02AT PER NTP 1/4 E 3/8INTEGRALI,
UAV05539-00,"FG02Set AT CN NOTO sgr. 1/8""2 1/2""",FG02 EQUIPMENT CN 1/8”-2”1/2 “NOTO”,"FG02SET ATTREZZATURE CN NOTO sgr. 1/8""2 1/2""",
SVG73596-00,"FG02AT CN LIPEC 2""",FG02 EQUIPMENT CN 2” “LIPEC”,,
RDC36639-00,FG02AT CN per NTP 2,FG02 EQUIPMENT CN 2” NPT,FG02AT CN PER NTP 2,
YSX96568-00,FG02AT per NTP2 L3,FG02 EQUIPMENT CN 2” NPT L3,FG02AT PER NTP2 L3,
HWL94883-00,FG02AT CN per NTP 2 1/2,FG02 EQUIPMENT CN 2”1/2 NPT,FG02AT CN PER NTP 2 1/2,
XLS43814-00,"FG02AT CN per NTP 3/4 e 1"" HW",FG02 EQUIPMENT CN 3/4”-1” NPT “HW”,"FG02AT CN PER NTP 3/4 e 1"" HW",
DJM66042-00,FG02AT CN Gisim Sir 3/4 14TPI,FG02 EQUIPMENT CN 3/4”x14 TPI “GISIM”,,
WJA94992-00,FG02AT CN Staccato D27.6,"FG02 EQUIPMENT CN D27,6 DETACHED","FG02AT CN STACCATO D27,6",
CEL89764-00,FG02AT CN per D40-42.4 Ciregil,"FG02 EQUIPMENT CN D40-42,4 “CIREGIL”","FG02AT CN PER D40-42,4 CIREGIL",
SSK83206-00,FG02AT CN per D42-47,FG02 EQUIPMENT CN D42-47,FG02AT CN PER D42-47,
ZCK21028-00,FG02AT CN CEF-CIR 2 11TPI EXT,FG02 EQUIPMENT CN CEF-CIR 2”x11 TPI EXTERNAL,,
CTL72014-00,FG02AT CN CEF-CIR 2 11.5 TPI INT,"FG02 EQUIPMENT CN CEF-CIR 2”x11,5 TPI INTER.","FG02AT CN CEF-CIR 2 11,5 TPI INT",
KRD03015-00,FG02AT CN per zigrinatura RAA1.2,"FG02 EQUIPMENT CN KNURLING RAA1,2","FG02AT CN PER ZIGRINATURA RAA1,2",
GFJ08741-00,FG02AT CN per M14x1.5 L41,"FG02 EQUIPMENT CN M14x1,5x41","FG02AT CN PER M14x1,5x41",
CSS53832-00,FG02AT CN tornitura TUFOBOSS,FG02 EQUIPMENT CN TURNING “TUFOBOSS”,FG02AT CN TORNITURA TUFOBOSS,
YPN62340-00,FG02AT CN upgrade NOTO,FG02 EQUIPMENT CN UPGRADE “NOTO”,FG02AT CN UPGRADE NOTO,
YKC94828-00,FG02AT CN upgrade Ziguz,FG02 EQUIPMENT CN UPGRADE “ZIGUZ”,FG02AT CN UPGRADE ZIGUZ,
WWM27392-00,FG02- AT VOPELEK D30 CN+INVERTER,FG02 EQUIPMENT CN+INVERTER D30 “VOPELEK”,FG02 - ATTREZZATURA VOPELEK D30 CN+INVERTER,
CYR00629-00,FG02AT INV e CN D42.4 MIRI BEZI,"FG02 EQUIPMENT CN+INVERTER D42,4 “MIRI”","FG02AT INV EEM80AT CN D42,4 MIRI BEZI",
SGV07017-00,"FG02AT INV e CN per D47,6","FG02 EQUIPMENT CN+INVERTER D47,6","FG02AT INV EEM80AT CN D47,6",
JMJ26146-00,FG02AT CN e Cross drill D55 MIRI BEZI,FG02 EQUIPMENT CN-CROSS DRILL D55 “MIRI”,FG02AT CN E CROSS DRILL D55 MIRI BEZI,
LRJ31221,FG02AT foratura cross KOGT,FG02 EQUIPMENT CROSS DRILLING “KOGT”,FG02AT FORATURA CROSS KOGT,
AXX08228-00,FG02AT foratura cross CACISK,FG02 EQUIPMENT CROSS DRILLING “CACISK”,FG02AT FORATURA CROSS CACISK,
ZTP86039-00,FG02AT foratura cross GIBAVIZEG,FG02 EQUIPMENT CROSS DRILLING “GIBAVIZEG”,FG02AT FORATURA CROSS GIBAVIZEG,
XEP09686-00,FG02AT foratura cross E Tolani,FG02 EQUIPMENT CROSS DRILLING “E TOK”,FG02AT FORATURA CROSS E Tolani,
JYT80647-00,FG02AT foratura cross Fupif,FG02 EQUIPMENT CROSS DRILLING “FUPIF”,FG02AT FORATURA CROSS Fupif,
NEH77251-00,FG02AT foratura cross D3-D8 TOKAT,FG02 EQUIPM. CROSS DRILL. D3-D8 “TOKAT”,FG02AT FORATURA CROSS D3-D8 TOKAT,
WWX23565-00,FG02AT foratura cross D5 SAVAVAMOP,FG02 EQUIPM. CROSS DRILLING D5 “SAVAVAMOP,FG02AT FORATURA CROSS D5 SAVAVAMOP,
CAP62297-00,FG02AT Zuzul D16,FG02 EQUIPMENT D16 “ZUZUL”,FG02AT ZUZUL D16,
YEW51009-00,FG02AT per D22 Ciregil,FG02 EQUIPMENT D22 “CIREGIL”,FG02AT PER D22 CIREGIL,
MDF87263-00,FG02AT per D22 PTCM10x1.5,"FG02 EQUIPMENT D22 PTCM10x1,5","FG02AT PER D22 PTCM10x1,5",
UWG10842-00,FG02AT D36,FG02 EQUIPMENT D36,,
ZJD50778-00,FG02AT D52.4 lav est D50.4 L7.5,"FG02 EQUIPMENT D52,4 EXT. D50,4x7,5","FG02AT D52,4 LAVORAZIONE ESTERNA D50,4x7,5",
RJT85473-00,FG02AT PUN 61356,FG02 EQUIPMENT PUN 61356,,
FJA87184-00,FG02AT per manicotto 8HPP,FG02 EQUIPMENT FOR SLEEVE 8HPP,FG02AT PER MANICOTTO 8HPP,
ZM6520C-00,FG02-EQUIPMENT FOR THREADING,FG02 EQUIPMENT FOR THREADING,FG02 EQUIPMENT FOR THREADING,
XSX3003-00,FG02- AT di foratura generica,FG02 EQUIPMENT GENERAL DRILLING,FG02 - ATTREZZATURA di foratura generica,
BCL80408-00,FG02AT INV D42.2 Ziguz,"FG02 EQUIPMENT INVERTER D42,2 “ZIGUZ”","FG02AT INV D42,2 ZIGUZ",
FBC61844-00,FG02AT INV D50 TH2 R08-SM30 Thyssen,FG02 EQUIPMENT INVERTER D50x2 R08-SM30,FG02AT INV D50 TH2 R08-SM30 THYSSEN,
WFJ08144-00,FG02AT INV D50 TH2.2,"FG02 EQUIPMENT INVERTER D50x2,2","FG02AT INV D50 TH2,2",
NRW38315-00,FG02AT INV D52.4 TH2.5,"FG02 EQUIPMENT INVERTER D52,4x2,5","FG02AT INV D52,4 TH2,5",
LCH76849-00,FG02AT 2CN+2INV PER D35,FG02 EQUIPMENT N°2 CN+N°2 INVERTER D35,,
KKR23386-00,FG02AT Foratura radiale D10.3,"FG02 EQUIPMENT RADIAL DRILLING D10,3","FG02AT FORATURA RADIALE D10,3",
LFB54516-00,FG02AT Foratura radiale D3 D6,FG02 EQUIPMENT RADIAL DRILLING D3 D6,FG02AT FORATURA RADIALE D3 D6,
KG3759G-00,AT COLLAUDO FG02SB,FG02 EQUIPMENT TESTING,ATTREZZATURA COLLAUDO FG02SB,
FT3816G-00,FG02 ATTR. ALLINEAMENTO UNITA',FG02 EQUIPMENT UNIT ALIGNMENT,FG02 ATTREZZATURA ALLINEAMENTO UNITÀ,
FJ4306S-00,FG02-ATT.VIFS TUBE_KEMUB/MODIFICA 1,FG02 EQUIPMENTS “VIFS TUBE_KEMUB” MODIFY1,FG02 ATTREZZATURE VIFS TUBE_KEMUB/MODIFICA 1,
RHL70808-00,FG02-AT D14 CACISK,FG02 EQUIPMENTS D14 “CACISK”,FG02 ATTREZZATURE D14 CACISK,
FWT68254-00,FG02SET AT D26.4 SOF,"FG02 EQUIPMENTS D26,4 “SOF”","FG02SET ATTREZZATURE D26,4 SOF",
YBJ85345-00,FG02SET AT D31.7 SOF,"FG02 EQUIPMENTS D31,7 “SOF”","FG02SET ATTREZZATURE D31,7 SOF",
VPT57344-00,FG02-AT BOS AUTOMOTIVE D32,FG02 EQUIPMENTS D32 “BOS AUTOMOTIVE”,FG02 ATTREZZATURE BOS AUTOMOTIVE D32,
GAA85882-00,FG02-AT D45 RUFASAT MUS,FG02 EQUIPMENTS D45 “RUFASAT MUS”,FG02 ATTREZZATURE D45 RUFASAT MUS,
AJC77584-00,FG02-AT D45 CACISK,FG02 EQUIPMENTS D45 “CACISK”,FG02 ATTREZZATURE D45 CACISK,
DJH52407-00,FG02-AT D45 Bafuselt&Sevel,FG02 EQUIPMENTS D45 “BAFUSELT&SEVEL”,FG02 ATTREZZATURE D45 Bafuselt&Sevel,
GEA40916-00,FG02SET AT D58 SOF,FG02 EQUIPMENTS D58 “SOF”,FG02SET ATTREZZATURE D58 SOF,
SCJ66664-00,FG02Set AT esagono CH27 Ralizat,FG02 EQUIPMENTS HEXAGON CH.27 “RALIZAT,FG02SET ATTREZZATURE esagono CH27 Ralizat,
ZE7144L-00,FG02KIT ATTREZ. REVISIONE TAVOLA,FG02 EQUIPMENTS KIT TABLE REVISION,FG02KIT ATTREZZATURE REVISIONE TAVOLA,
PSF37391-00,FG02-AT BOS AUTOMOTIVE M18,FG02 EQUIPMENTS M18 “BOS AUTOMOTIVE”,FG02 ATTREZZATURE BOS AUTOMOTIVE M18,
VD0543Z-00,FG02-ATTR.ROTANTE D.26 / MODIFICA 1,FG02 EQUIPMENTS ROTARY D26 MODIFY 1,FG02 ATTREZZATURA ROTANTE D26 / MODIFICA 1,
LF2685H-00,FG02-ATTR.ROTANTE D.26 MODIFICA 2,FG02 EQUIPMENTS ROTARY D26 MODIFY 2,FG02 ATTREZZATURA ROTANTE D26 MODIFICA 2,
TJ5531X-00,"FG02- ATT.ROTANTE D.76,6/MODIFICA 1","FG02 EQUIPMENTS ROTARY D76,6 MODIFY 1","FG02 - ATTREZZATURA ROTANTE D76,6/MODIFICA 1",
TG3166E-00,"FG02- ATT.ROTANTE D.76,6/MODIFICA 2","FG02 EQUIPMENTS ROTARY D76,6 MODIFY 2","FG02 - ATTREZZATURA ROTANTE D76,6/MODIFICA 2",
ALZ55324-00,FG02STELI INTESTATURA+SMUSSO,FG02 FACING RODS + CHAMFER,,
GP8498P-00,FG02FLOATING TOOLS FOR 15-20?,FG02 FLOATING TOOQJ 98-32?,,
UH1231W-00,FG02-FLOATING TOOLS FOR OD64-64.5,"FG02 FLOATING TOOLS EXT. D64-64,5","FG02 FLOATING TOOLS FOR OD64-64,5",
XCT1337-00,FG02GANASCE GENERICHE D90 LUNGHE,FG02 GENERIC JAWS D90 LONG,,
MAW5624-00,FG02GANASCE GENERICHE D90 CORTE,FG02 GENERIC JAWS D90 SHORT,,
DNG73110-00,FG02TESTINA VADEKEN 15° EST e CN,FG02 VADEKEN HEAD EXTERNAL CH.15° AND CN,FG02TESTINA VADEKEN 15° ESTERNO e CN,
PCW35862-00,FG02tESTINA VADEKEN 17° INT,FG02 VADEKEN HEAD INTERNAL CH.17°,FG02TESTINA VADEKEN 17° INTERNO,
TBT88515-00,FG02TESTA per RAA1 S&F BABE,FG02 HEAD “RAA1 S&F BABE”,,
WC6622U-00,"FG02-TESTE NODUPU PER M16,M20,M24",FG02 HEADS M16-M20-M24 “NODUPU”,"FG02 TESTE NODUPU PER M16,M20,M24",
ZAA04528-00,"FG02GANASCE ESAGONO CH1.062"" L15 D105","FG02 HEXAGON JAWS CH1,062” D105x15","FG02GANASCE ESAGONO CH1,062"" D105x15",
BXD59923-00,"FG02GANASCE ESAGONO CH2 1/8"" L15 D105",FG02 HEXAGON JAWS CH2”1/8 D105x15,"FG02GANASCE ESAGONO CH2 1/8"" D105x15",
NMV70412-00,FG02GANASCE ESAGONO CH24 L8,FG02 HEXAGON JAWS CH24 L=8,FG02GANASCE ESAGONO CH24x8,
CZS79613-00,FG02GANASCE ESAGONO CH27 L15 D105,FG02 HEXAGON JAWS CH27 D105x15,FG02GANASCE ESAGONO CH27 D105x15,
MCH24428-00,FG02GANASCE ESAGONO CH65 L40 D105,FG02 HEXAGON JAWS CH65 D105x40,FG02GANASCE ESAGONO CH65 D105x40,
HEP58619-00,"FG02UT HEX 1.062"" NOTO","FG02 HEXAGONAL TOOQJ 9,243” “NOTO”","FG02UTENSILI HEX 1,062"" NOTO",
KPK78406-00,"FG02UT HEX 2 1/8"" NOTO",FG02 HEXAGONAL TOOQJ 3”1/8 “NOTO”,"FG02UTENSILI HEX 2 1/8"" NOTO",
PX2287J-00,FG02- UTENSILI MANDR.CALDO+PUNTE D4,FG02 HOT SPINDLE TOOLS + DRILL BITS D4,FG02 UTENSILI MANDR.CALDO+PUNTE D4,
XX3722V-00,FG02-ADATT. IDRAULICO+FRESA (D8.0),FG02 HYDRAULIC ADAPTER + MILL D8,"FG02 ADATTATORE IDRAULICO+FRESA (D8,0)",
NKS46632-00,FG02-MANDR. IDR+FRESA A CANDELA(D8),FG02 HYDRAULIC SPINDLE + END MILL D8,FG02 MANDRINO IDRAULICO+FRESA A CANDELA(D8),
DLM92930-00,FG02-MANDRINO IDRAULICO D4X8d+CN,FG02 HYDRAULIC SPINDLE D4xd8 + CN,FG02 MANDRINO IDRAULICO D4x8d+CN,
JBG17939-00,FG02-MANDRINO IDRAULICO D5,FG02 HYDRAULIC SPINDLE D5,FG02 MANDRINO IDRAULICO D5,
DL8892D-00,FG02-MANDR. IDRAULICO+PUNTE (D11.5),"FG02 HYDRAULIC SPINDLE+DRILL BITS D11,5","FG02 MANDRINO IDRAULICO+PUNTE (D11,5)",
XE8515G-00,FG02-MANDR. IDRAULICO+PUNTE (D5.85),"FG02 HYDRAULIC SPINDLE+DRILL BITS D5,85","FG02 MANDRINO IDRAULICO+PUNTE (D5,85)",
DL2723D-00,FG02-BARENO SMUSSATORE ADINSERTI,FG02 INSERT CHAMFERING BORING BAR,FG02 BARENO SMUSSATORE ADINSERTI,
SMH58052-00,FG02Set inserti per troncatura W1.65,"FG02 INSERTS CUTTING OFF W1,65",FG02SET inserti per troncatura W1.65,
UH3548J-00,FG02-KIT INSERTI,FG02 INSERTS KIT,FG02 KIT INSERTI,
JT5312N-00,FG02SET OF INSERTS,FG02 INSERTS SET,,
WB5460W-00,FG02-INVERTER HEADS FOR 41TJ-5,FG02 INVERTER HEADS 41TJ-5,FG02 INVERTER HEADS FOR 41TJ-5,
AG9127M-00,"FG02-ABS50 INV HEADS FOR CH. D21,34","FG02 INVERTER HEADS CH.D21,34 ABS50","FG02 ABS50 INV HEADS FOR CH. D21,34",
KX8402T-00,"FG02-ABS50 INV HEADS FOR CH. D26,67","FG02 INVERTER HEADS CH.D26,67 ABS50","FG02 ABS50 INV HEADS FOR CH. D26,67",
ZF9193Z-00,"FG02-ABS50 INV HEADS FOR CH. D33,04","FG02 INVERTER HEADS CH.D33,04 ABS50","FG02 ABS50 INV HEADS FOR CH. D33,04",
XJ3442L-00,"FG02-ABS50 INV HEADS FOR CH. D42,16","FG02 INVERTER HEADS CH.D42,16 ABS50","FG02 ABS50 INV HEADS FOR CH. D42,16",
SH5693H-00,FG02-INV MACHINING HEAD143950,FG02 INVERTER MACHINING HEAD 143950,FG02 INVERTER MACHINING HEAD143950,
LH1901N-00,FG02-INV MACHINING HEADD1 1/2,FG02 INVERTER MACHINING HEAD D1”1/2,FG02 INVERTER MACHINING HEADD1 1/2,
FW6051N-00,FG02-INV MACHINING HEADD1 1/4,FG02 INVERTER MACHINING HEAD D1”1/4,FG02 INVERTER MACHINING HEADD1 1/4,
SJ4203W-00,FG02-INV MACHINING HEADD1 3/4,FG02 INVERTER MACHINING HEAD D1”3/4,FG02 INVERTER MACHINING HEADD1 3/4,
VE7992F-00,FG02-INV MACHINING HEADD2,FG02 INVERTER MACHINING HEAD D2”,FG02 INVERTER MACHINING HEADD2,
VD6578P-00,FG02-INV MACHINING HEADD2 1/2,FG02 INVERTER MACHINING HEAD D2”1/2,FG02 INVERTER MACHINING HEADD2 1/2,
RV8741S-00,FG02-INV. MACHINING HEADS FOR D16,FG02 INVERTER MACHINING HEADS D16,FG02 INVERTER MACHINING HEADS FOR D16,
CK6211B-00,FG02-INV. MACHINING HEADS FOR D17,FG02 INVERTER MACHINING HEADS D17,FG02 INVERTER MACHINING HEADS FOR D17,
VF9429U-00,FG02-INV. MACHINING HEADS FOR D18,FG02 INVERTER MACHINING HEADS D18,FG02 INVERTER MACHINING HEADS FOR D18,
EY7941S-00,FG02-INV. MACHINING HEADS FOR D20,FG02 INVERTER MACHINING HEADS D20,FG02 INVERTER MACHINING HEADS FOR D20,
VX8818N-00,FG02-INV. MACHINING HEADS FOR D23,FG02 INVERTER MACHINING HEADS D23,FG02 INVERTER MACHINING HEADS FOR D23,
UC1551C-00,FG02-INV. MACHINING HEADS FOR D24,FG02 INVERTER MACHINING HEADS D24,FG02 INVERTER MACHINING HEADS FOR D24,
YH2264T-00,FG02-INV. MACHINING HEADS FOR D38,FG02 INVERTER MACHINING HEADS D38,FG02 INVERTER MACHINING HEADS FOR D38,
LCF21911-00,FG02-Utensile inverter NAMET,FG02 INVERTER TOOLS “NAMET”,FG02 UTENSILI inverter NAMET,
ECM07904-00,FG02-UTENS. INV + CN + punta d9.1,"FG02 INVERTER TOOLS + CN +DRILL BIT D9,1","FG02 UTENSILI INV + CN + punta d9,1",
AZE22606-00,FG02-Utensile inverter 3596,FG02 INVERTER TOOQJ 7814,FG02 UTENSILI inverter 3596,
YZG42483-00,FG02UTENSILI INV D10 s1,FG02 INVERTER TOOLS D10x1,FG02UTENSILI INVERTER D10 s1,
YDT02087-00,FG02UTENSILI INV D12,FG02 INVERTER TOOLS D12,FG02UTENSILI INVERTER D12,
BDZ62839-00,FG02UTENSILI INV D12 s1,FG02 INVERTER TOOLS D12x1,FG02UTENSILI INVERTER D12 s1,
FXC68772-00,FG02UTENSILI INV D12 s2.18,"FG02 INVERTER TOOLS D12x2,18","FG02UTENSILI INVERTER D12 s2,18",
JZZ39301-00,FG02SET UTENSILI INV. D15 s1,FG02 INVERTER TOOLS D15x1,FG02SET UTENSILI INVERTER D15 s1,
BVM45675-00,FG02SET UTENSILI INV. D15 s1 sm30,FG02 INVERTER TOOLS D15x1 CH.30°,FG02SET UTENSILI INVERTER D15 s1 sm30,
DMF86443-00,FG02UTENSILI INV D17.93 s1.07,"FG02 INVERTER TOOLS D17,93x1,07","FG02UTENSILI INVERTER D17,93 s1,07",
XGG13812-00,FG02UTENSILI INV D17 s0.8,"FG02 INVERTER TOOLS D17x0,8","FG02UTENSILI INVERTER D17 s0,8",
NBJ02382-00,FG02UTENSILI INV D18 s1,FG02 INVERTER TOOLS D18x1,FG02UTENSILI INVERTER D18 s1,
NJT12952-00,FG02SET UTENSILI INV. D18 s1 sm30,FG02 INVERTER TOOLS D18x1 CH.30°,FG02SET UTENSILI INVERTER D18 s1 sm30,
XXD66629-00,FG02SET UTENSILI INV. D19.05 s1.65,"FG02 INVERTER TOOLS D19,05x1,65","FG02SET UTENSILI INVERTER D19,05 s1,65",
KCS24777-00,FG02UTENSILI INV D19.05 s2.77,"FG02 INVERTER TOOLS D19,05x2,77","FG02UTENSILI INVERTER D19,05 s2,77",
HCG62373-00,FG02UTENSILI INV D19 s1,FG02 INVERTER TOOLS D19x1,FG02UTENSILI INVERTER D19 s1,
ZPL84864-00,FG02SET UTENSILI INV. D19 s1.5 sm30,"FG02 INVERTER TOOLS D19x1,5 CH.30°","FG02SET UTENSILI INVERTER D19 s1,5 sm30",
JPP13604-00,FG02UTENSILI INV D20,FG02 INVERTER TOOLS D20,FG02UTENSILI INVERTER D20,
CJW79421-00,FG02SET UT INV. D20 M8 GOKT,FG02 INVERTER TOOLS D20 M8 “GOKT”,FG02SET UTENSILI INVERTER D20 M8 GOKT,
VNY79566-00,FG02SET UTE. INV. D20.7 ZUZUL INOX,"FG02 INVERTER TOOLS D20,7 INOX “ZUZUL”","FG02SET UTENSILI INVERTER D20,7 ZUZUL INOX",
WKN81022-00,FG02- UT inverter D21,FG02 INVERTER TOOLS D21,FG02 UTENSILI INVERTER D21,
NVX96270-00,FG02SET UTENSILI INV. D21 s1 sm30,FG02 INVERTER TOOLS D21x1 CH.30°,FG02SET UTENSILI INVERTER D21 s1 sm30,
AXN47704-00,FG02SET UTENSILI INV. D22 s1.5 sm30,"FG02 INVERTER TOOLS D22x1,5 CH.30°","FG02SET UTENSILI INVERTER D22 s1,5 sm30",
SNP72974-00,FG02UTENSILI INV D23.4 s1.25,"FG02 INVERTER TOOLS D23,4x1,25","FG02UTENSILI INVERTER D23,4 s1,25",
WMN88946-00,FG02SET UTE. INV. D24.4 INT ZUZUL ACC,"FG02 INVERTER TOOLS D24,4 STEEL “ZUZUL”","FG02SET UTENSILI INVERTER D24,4 INT ZUZUL ACC",
GPZ15679-00,FG02UTENSILI INV D25.4 TATR,"FG02 INVERTER TOOLS D25,4 “TATR”","FG02UTENSILI INVERTER D25,4 TATR",
XCG11212-00,FG02UTENSILI INV D25.4 s2,"FG02 INVERTER TOOLS D25,4x2","FG02UTENSILI INVERTER D25,4 s2",
DSD31048-00,"FG02UTENSILI INV D25 s0,7","FG02 INVERTER TOOLS D25x0,7","FG02UTENSILI INVERTER D25 s0,7",
ZJV32871-00,FG02SET UTE. INV. D26.1 ZUZUL INOX,"FG02 INVERTER TOOLS D26,1 INOX “ZUZUL”","FG02SET UTENSILI INVERTER D26,1 ZUZUL INOX",
SML57803-00,FG02SET UT INV. D27 s2 R3 Cross 5.9,"FG02 INVERTER TOOLS D27x2 R3-CROSS 5,9","FG02SET UTENSILI INVERTER D27 s2 R3 Cross 5,9",
ABY53147-00,"FG02UTENSILI INV D28,6 s0,8","FG02 INVERTER TOOLS D28,6x0,8","FG02UTENSILI INVERTER D28,6 s0,8",
XKC96549-00,FG02SET UTE. INV. D30.6 INT ZUZUL ACC,"FG02 INVERTER TOOLS D30,6 STEEL “ZUZUL”","FG02SET UTENSILI INVERTER D30,6 INT ZUZUL ACC",
HXL83575-00,FG02UTENSILI INV D31.75 TATR,"FG02 INVERTER TOOLS D31,75 “TATR”","FG02UTENSILI INVERTER D31,75 TATR",
KGK44938-00,FG02UTENSILI INV D31.75 VUR,"FG02 INVERTER TOOLS D31,75 “VUR”","FG02UTENSILI INVERTER D31,75 VUR",
FJP27438-00,FG02UTENSILI INV D32.13 TATR,"FG02 INVERTER TOOLS D32,13 “TATR”","FG02UTENSILI INVERTER D32,13 TATR",
YUR64589-00,FG02UTENSILE INV D35 s.6.3,"FG02 INVERTER TOOLS D35x.6,3","FG02UTENSILI INVERTER D35 s.6,3",
XCM45089-00,FG02UTENSILI INV D36.51 VUR,"FG02 INVERTER TOOLS D36,51 “VUR”","FG02UTENSILI INVERTER D36,51 VUR",
ZRU58165-00,FG02UTENSILI INV D40 s4.88,"FG02 INVERTER TOOLS D40x4,88","FG02UTENSILI INVERTER D40 s4,88",
GLJ01467-00,FG02UTENSILE INV D40 s.5,FG02 INVERTER TOOLS D40x5,FG02UTENSILI INVERTER D40 s.5,
BHM74557-00,FG02UTENSILI INV D40 s6 POSACU,FG02 INVERTER TOOLS D40x6 “POSACU”,FG02UTENSILI INVERTER D40 s6 POSACU,
EDC35331-00,FG02UTENSILI INV D40 s7.5,"FG02 INVERTER TOOLS D40x7,5","FG02UTENSILI INVERTER D40 s7,5",
KBJ50890-00,FG02UTENSILI INV D41.28 s3.05 ABS50,"FG02 INVERTER TOOLS D41,28x3,05 ABS50","FG02UTENSILI INVERTER D41,28 s3,05 ABS50",
YRL62820-00,FG02UTENSILI INV D41 s1.5,"FG02 INVERTER TOOLS D41x1,5","FG02UTENSILI INVERTER D41 s1,5",
BRG80898-00,FG02SET UT INV D42.4 TH2,"FG02 INVERTER TOOLS D42,4x2","FG02SET UTENSILI INVERTER D42,4 TH2",
YYW67326-00,FG02UTENSILI INV D44.45 TATR,"FG02 INVERTER TOOLS D44,45 “TATR”","FG02UTENSILI INVERTER D44,45 TATR",
SVZ69678-00,"FG02UTENSILI INV D44,6 s0,8","FG02 INVERTER TOOLS D44,6x0,8","FG02UTENSILI INVERTER D44,6 s0,8",
JWX06364-00,FG02UTENSILI INV D44 s5,FG02 INVERTER TOOLS D44x5,FG02UTENSILI INVERTER D44 s5,
TXD34438-00,FG02SET UTE. INV. D45 INT ZUZUL ACC,FG02 INVERTER TOOLS D45 STEEL “ZUZUL”,FG02SET UTENSILI INVERTER D45 INT ZUZUL ACC,
AXH17606-00,FG02UTENSILI INV D45.5 s3,"FG02 INVERTER TOOLS D45,5x3","FG02UTENSILI INVERTER D45,5 s3",
CNP87137-00,FG02UTENSILI INV D45 s1.58,"FG02 INVERTER TOOLS D45x1,58","FG02UTENSILI INVERTER D45 s1,58",
GB1397D-00,FG02-UTENSILI INV. D46,FG02 INVERTER TOOLS D46,FG02 UTENSILI INVERTER D46,
KBC49277-00,FG02UTENSILI INV D49.55 s2.1,"FG02 INVERTER TOOLS D49,55x2,1","FG02UTENSILI INVERTER D49,55 s2,1",
BZR61270-00,FG02SET UT inv D50 solo smusso,FG02 INVERTER TOOLS D50 ONLY CHAMFER,FG02SET UTENSILI INVERTER D50 solo smusso,
UWN43347-00,FG02SET UT inv D50.8 ACS 3-4 10 UNC,"FG02 INVERTER TOOLS D50,8 ACS 3-4 10 UNC","FG02SET UTENSILI INVERTER D50,8 ACS 3-4 10 UNC",
WXE44912-00,FG02Set UT Inverter D50-D54,FG02 INVERTER TOOLS D50-D54,FG02SET UTENSILI Inverter D50-D54,
JCV28559-00,FG02UTENSILI INV D55 s4.5,"FG02 INVERTER TOOLS D55x4,5","FG02UTENSILI INVERTER D55 s4,5",
EPC56998-00,FG02SET UTENSILI INV. D57-52 s6.5,"FG02 INVERTER TOOLS D57-52x6,5","FG02SET UTENSILI INVERTER D57-52 s6,5",
JLE02318-00,FG02SET UT INV. D6 SM15-45,FG02 INVERTER TOOLS D6 CH.15°-45°,FG02SET UTENSILI INVERTER D6 SM15-45,
VT5051G-00,FG02-3 UTENSILI INV. D60.32,"FG02 INVERTER TOOLS D60,32","FG02 UTENSILI INV. D60,32",
BZP26579-00,FG02UTENSILI INV D65.2 s2.1,"FG02 INVERTER TOOLS D65,2x2,1","FG02UTENSILI INVERTER D65,2 s2,1",
LAK31694-00,FG02UTENSILI INV D6 s1,FG02 INVERTER TOOLS D6x1,FG02UTENSILI INVERTER D6 s1,
KJN22763-00,FG02SET UTENSILI INV. D80 s8 NAR,FG02 INVERTER TOOLS D80x8 “NAR”,FG02SET UTENSILI INVERTER D80 s8 NAR,
NTB21674,FG02UTENSILI INV D8 s1,FG02 INVERTER TOOLS D8x1,FG02UTENSILI INVERTER D8 s1,
BMZ08566-00,FG02UTENSILI INV D9,FG02 INVERTER TOOLS D9,FG02UTENSILI INVERTER D9,
LRZ67861-00,FG02UTENSILI INV L45 Macol,FG02 INVERTER TOOLS L45 “MACOL”,FG02UTENSILI INVERTER L45 Macol,
VZZ36330-00,FG02UT INV Dis XW-EL0146-332 ALU,FG02 INVERTER TOOLS XW-EL0146-332 ALUM.,FG02UTENSILI INV Dis XW-EL0146-332 ALU,
URN54893-00,FG02SET UT inv D21 Kinasacu con Micro,FG02 INVERTER-MICRO TOOLS D21 “KINASACU”,FG02SET UTENSILI INVERTER D21 Kinasacu con Micro,
EX2377U-00,FG02-JAWS ANDHEADS N.3-557-010031,FG02 JAWS AND HEADS N.3-557-010031,FG02 JAWS ANDHEADS N.3-557-010031,
EZ4123P-00,FG02-JAWS ANDTOOLS FOR OD27.1,"FG02 JAWS AND TOOLS EXTERNAL D27,1","FG02 JAWS ANDTOOLS FOR OD27,1",
BEJ39062-00,FG02GANASCE CH17.45 L350 D90,"FG02 JAWS CH17,45 D90x350","FG02GANASCE CH17,45 D90x350",
JZM48522-00,FG02GANASCE CH17.45 L500 D90,"FG02 JAWS CH17,45 D90x500","FG02GANASCE CH17,45 D90x500",
ZC6728D-00,FG02-JAWS FOR OD10.55,"FG02 JAWS D10,55","FG02 JAWS FOR OD10,55",
CK3779A-00,FG02-JAWS FOR OD13.25,"FG02 JAWS D13,25","FG02 JAWS FOR OD13,25",
AL8784P-00,FG02-JAWS FOR OD23.9,"FG02 JAWS D23,9","FG02 JAWS FOR OD23,9",
HG5386T-00,FG02-JAWS FOR OD26.0,"FG02 JAWS D26,0","FG02 JAWS FOR OD26,0",
KZ2703U-00,FG02-JAWS FOR OD29.2,"FG02 JAWS D29,2","FG02 JAWS FOR OD29,2",
GW6150J-00,FG02-JAWS FOR OD31.3,"FG02 JAWS D31,3","FG02 JAWS FOR OD31,3",
UX8605P-00,FG02-JAWS FOR OD32.4,"FG02 JAWS D32,4","FG02 JAWS FOR OD32,4",
DK0702T-00,"FG02-JAWS D33,40 L14","FG02 JAWS D33,40x14","FG02 JAWS D33,40x14",
SZ6392G-00,FG02-JAWS FOR OD49,FG02 JAWS D49,FG02 JAWS FOR OD49,
DRM99052-00,FG02GANASCE per 4lobi 36x40 L70,FG02 JAWS N°4 LOBES 36x40x70,FG02GANASCE per 4lobi 36x40x70,
ZHL67556-00,FG02GANASCE per Semipiatto 46x42 L70,FG02 JAWS SEMI-FLAT 46x42x70,FG02GANASCE per Semipiatto 46x42x70,
BTX25861-00,FG02GANASCE per retti 37x42 L70,FG02 JAWS STRAIGHT 37x42x70,FG02GANASCE per retti 37x42x70,
EH4663E-00,FG02MATERIALE PER NABUL,FG02 MATERIAL “NABUL”,,
MH1414E-00,FG02MATERIALE PER NABUL 2,FG02 MATERIAL “NABUL” 2,,
VFY33256-00,FG02MATERIALE PROVE DAS,FG02 MATERIAL TESTS DAS,,
UHV02744-00,FG02AT Micro per D29.84 DONUPACADU,"FG02 MICRORECORD. TOOL D29,84 “DONUPACADU","FG02AT MICRO D29,84 DONUPACADU",
PUN31313-00,FG02AT Micro per D40 Ciregil,FG02 MICRORECORD. TOOL D40 “CIREGIL”,FG02AT MICRO D40 CIREGIL,
HUR37193-00,FG02DIDS FRESA D10,FG02 MILL D10 “DIDS”,,
LLY94677-00,FG02TUBE FAB FRESA D76,FG02 MILL D76 “VANACIS”,,
DZ1712D-00,FG02-N.1 TESTA ADANGOLO A FRESARE,FG02 MILLING ANGLE HEAD,FG02 N.1 TESTA ADANGOLO A FRESARE,
WZV20087-00,FG02MODIFICHE PER D10 MM,FG02 MODIFY D10,FG02MODIFICHE D10 mm,
JNR54137-00,FG02MODIFICHE PER D13 MM,FG02 MODIFY D13,FG02MODIFICHE D13 mm,
GHB42610-00,FG02-COPPIA CARTUCCE REG. X SM. 35° EXT,FG02 N°2 ADJ. CARTRIDGES EXTERNAL CH.35°,FG02 COPPIA CARTUCCE REG. X SMUSSO 35° ESTERNO,
LXE02419-00,FG02Coppia di UT INV reg solo smusso,FG02 N°2 ADJ. INVERTER TOOLS ONLY CHAMF.,FG02COPPIA DI UTENSILI INVERTER REG SOLO SMUSSO,
NUF94364-00,FG02-COPPIA REGOL.12-65 (15/25/30/45),FG02 N°2 ADJUSTABLE 12-65 (15/25/30/45),FG02 COPPIA REGOL.12-65 (15/25/30/45),
ZP3799U-00,FG02-COPPIA REGOL.12-65 (15/30/45),FG02 N°2 ADJUSTABLE 12-65 (15/30/45),FG02 COPPIA REGOL.12-65 (15/30/45),
EX7991L-00,FG02-COPPIA REGOL.12-65 (45/36/30),FG02 N°2 ADJUSTABLE 12-65 (45/36/30),FG02 COPPIA REGOL.12-65 (45/36/30),
XZ9139M-00,FG02-COPPIA REGOL.12-65 (R2/30/45),FG02 N°2 ADJUSTABLE 12-65 (R2/30/45),FG02 COPPIA REGOL.12-65 (R2/30/45),
WP7838K-00,FG02-KM50 COPPIA REGOL. 12-65,FG02 N°2 ADJUSTABLE 12-65 KM50,FG02 KM50 COPPIA REGOLAZIONE 12-65,
RW3507V-00,FG02-COPPIA REGOL.45-80 (15/30/45),FG02 N°2 ADJUSTABLE 45-80 (15/30/45),FG02 COPPIA REGOL.45-80 (15/30/45),
BS1612C-00,FG02PAIR OF OF ADJUSTABLE HEAD,FG02 N°2 ADJUSTABLE HEADS,,
MA9778E-00,FG02-COPPIA TESTINE REG. D.12-65,FG02 N°2 ADJUSTABLE HEADS D12-65,FG02 COPPIA TESTINE REG. D12-65,
MJK04306-00,FG02-COPPIA UTENSILI REGOLABILI NIR.B.,FG02 N°2 ADJUSTABLE TOOLS “NIR.B.”,FG02 COPPIA UTENSILI REGOLABILI NIR.B.,
ZL3019G-00,FG02-COPPIA UT.REG 10-65,FG02 N°2 ADJUSTABLE TOOQJ 92-48,FG02 COPPIA UTENSILI REGOLABILI 10-65,
CR2448H-00,FG02-COPPIA UT REGOLABILI 12-65,FG02 N°2 ADJUSTABLE TOOQJ 93-48,FG02 COPPIA UTENSILI REGOLABILI 12-65,
ZK1387P-00,FG02-COPPIA.UT.REG 45-80,FG02 N°2 ADJUSTABLE TOOQJ 68-02,FG02 COPPIA UTENSILI REGOLABILI 45-80,
PTF79419-00,FG02-COPPIA.UT.REG 45-80 ABS50,FG02 N°2 ADJUSTABLE TOOQJ 68-02 ABS50,FG02 COPPIA UTENSILI REGOLABILI 45-80 ABS50,
WW2042X-00,FG02-COPPIA TAMPONI PER TUBO D.6-24,FG02 N°2 BUFFERS D6-24,FG02 COPPIA TAMPONI PER TUBO D6-24,
ZSR87512-00,FG02Coppia CN 61349AS,FG02 N°2 CN 61349AS,FG02COPPIA CN 61349AS,
EDD89253-00,FG02COPPIA di adattori CN-Nazikupr,FG02 N°2 CN ADAPTER “NAZIKUPR”,FG02COPPIA di ADATTATORI CN-NAZIKUPR,
CTD25361-00,FG02COPPIA AT CN CAPEK D10 INT,FG02 N°2 CN D10 INTERNAL,FG02COPPIA AT CN CAPEK D10 INTERNO,
DG3439T-00,FG02COPPIA TESTINE CN PER TORNIT,FG02 N°2 CN HEADS FOR TURNING,FG02 COPPIA TESTINE CN PER TORNITURA,
UM4258-00,FG02COPPIA TESTINE CN PER TORN+FIL,FG02 N°2 CN HEADS FOR TURNING+THREADING,FG02COPPIA TESTINE CN PER TORNITURA+FILETTATURA,
MX1999C-00,FG02-UTENSILI 2CN,FG02 N°2 CN TOOLS,FG02 UTENSILI 2CN,
ZY9375K-00,VUBOKEDCOPPIA UTENSILI CN FG02,FG02 N°2 CN TOOLS “VUBOKED”,,
FHS94869-00,FG02COPPIA UT CN per RAA1 S&F,FG02 N°2 CN TOOLS “RAA1 S&F”,FG02COPPIA UTENSILI CN per RAA1 S&F,
APE94937-00,FG02- Coppia di UT CN Razasn S&F,FG02 N°2 CN TOOLS “RAZASN S&F”,FG02 COPPIA di UTENSILE CN Razasn S&F,
FJD30017-00,FG02- Coppia di UT CN e allargatori D8,FG02 N°2 CN TOOLS & STRETCHER D8,FG02 COPPIA di UTENSILE CN e allargatori D8,
VP7581E-00,"FG02-UTENSILI 2CN (1035540,1035541,","FG02 N°2 CN TOOLS (1035540,1035541,)","FG02 UTENSILI 2CN (1035540,1035541,)",
VK3548W-00,"FG02-UTENSILI 2CN (1035542,1035538)","FG02 N°2 CN TOOLS (1035542,1035538)","FG02 UTENSILI 2CN (1035542,1035538)",
FT3884W-00,"FG02-UTENSILI 2CN(4K66872, 4K66624)","FG02 N°2 CN TOOLS (4K66872, 4K66624)","FG02 UTENSILI 2CN(4K66872, 4K66624)",
DW5714H-00,FG02-UTENSILI 2CN (4K73895/B),FG02 N°2 CN TOOLS (4K73895/B),FG02 UTENSILI 2CN (4K73895/B),
XL3322T-00,FG02-UTENSILI 2CN+PUNTA,FG02 N°2 CN TOOLS + DRILL BIT,FG02 UTENSILI 2CN+PUNTA,
AH4043N-00,FG02-UTENSILI 2CN+PUNTA PER D.12,FG02 N°2 CN TOOLS + DRILL BIT D12,FG02 UTENSILI 2CN+PUNTA PER D12,
NF1776E-00,FG02-UTENSILI 2CN+PUNTA PER D.16,FG02 N°2 CN TOOLS + DRILL BIT D16,FG02 UTENSILI 2CN+PUNTA PER D16,
XD4927A-00,FG02-UTENSILI 2CN+1CN+PUNTA,FG02 N°2 CN TOOLS + N°1 CN + DRILL BIT,FG02 UTENSILI 2CN+1CN+PUNTA,
GY2907U-00,FG02-UTENSILI 2CN+2CN,FG02 N°2 CN TOOLS + N°2 CN,FG02 UTENSILI 2CN+2CN,
VK9229J-00,FG02-UTENSILI 2CN+2CN D20,FG02 N°2 CN TOOLS + N°2 CN D20,FG02 UTENSILI 2CN+2CN D20,
RB8972T-00,FG02-COPPIA UTENS. CN 1,FG02 N°2 CN TOOQJ 9”,FG02 COPPIA UTENSILI CN 1,
WZ9040T-00,FG02-COPPIA UTENS. CN 1 1-1/4 L23,FG02 N°2 CN TOOQJ 9” - 1”1/4 L23,FG02 COPPIA UTENSILI CN 1 1-1/4 L23,
ZRL49360-00,FG02-COPPIA UTENS. CN 1 1/2 SHORT,FG02 N°2 CN TOOQJ 9”1/2 SHORT,FG02 COPPIA UTENSILI CN 1 1/2 SHORT,
PU8327X-00,FG02-COPPIA UTENS. CN 1-1/2 2,FG02 N°2 CN TOOQJ 9”1/2-2”,FG02 COPPIA UTENSILI CN 1-1/2 2,
JF1139F-00,FG02-COPPIA UTENS. CN 1-1/2 2 L23,FG02 N°2 CN TOOQJ 9”1/2-2” L23,FG02 COPPIA UTENSILI CN 1-1/2 2 L23,
RF6934X-00,FG02-COPPIA UTENS. CN 1-1/4,FG02 N°2 CN TOOQJ 9”1/4,FG02 COPPIA UTENSILI CN 1-1/4,
PG6568U-00,FG02-COPPIA UTENS. CN 1/2 3/4,FG02 N°2 CN TOOQJ 9/3”-3/4”,FG02 COPPIA UTENSILI CN 1/2 3/4,
XR2891A-00,FG02-COPPIA UTENS. CN 1/2 3/4 L23,FG02 N°2 CN TOOQJ 9/3”-3/4” L23,FG02 COPPIA UTENSILI CN 1/2 3/4 L23,
TGD37180-00,FG02- Coppia di UT CN D10,FG02 N°2 CN TOOLS D10,FG02 COPPIA di UTENSILE CN D10,
MSG24838-00,FG02COPPIA UTENS. CN D10 NIGK,FG02 N°2 CN TOOLS D10 “NIGK”,FG02COPPIA UTENSILI CN D10 NIGK,
JVH74125-00,FG02- Coppia di UT CN D10 ZAZUFEM,FG02 N°2 CN TOOLS D10 “ZAZUFEM”,FG02 COPPIA di UTENSILE CN D10 ZAZUFEM,
JFM84714-00,FG02- Coppia di UT CN D10 S&F,FG02 N°2 CN TOOLS D10 S&F,FG02 COPPIA di UTENSILE CN D10 S&F,
JVM44523-00,FG02- Coppia di UT CN D10D12,FG02 N°2 CN TOOLS D10D12,FG02 COPPIA di UTENSILE CN D10D12,
SAS41805-00,FG02-COPPIA UTENS. CN per D11,FG02 N°2 CN TOOLS D11,FG02 COPPIA UTENSILI CN per D11,
SHW43795-00,FG02COPPIA UTENSILI CN D14 TH2.9 ALL,"FG02 N°2 CN TOOLS D14x2,9 ALUMINIUM",,
CBR56920-00,FG02COPPIA UTENSILI CN D26 TH6.1,"FG02 N°2 CN TOOLS D26x6,1","FG02COPPIA UTENSILI CN D26 TH6,1",
KWU68220-00,FG02-COPPIA UT CN D33 MIR Acier,FG02 N°2 CN TOOLS D33 “ MIR ACIER”,FG02 COPPIA UT CN D33 MIR Acier,
EZU12277-00,"FG02COPPIA UT CN D50,8","FG02 N°2 CN TOOLS D50,8",,
SG4303U-00,FG02-COPPIA UTENSILI CN D50.86,"FG02 N°2 CN TOOLS D50,86","FG02 COPPIA UTENSILI CN D50,86",
MG3656E-00,FG02-COPPIA UTENS. CN D57 (NO INV),FG02 N°2 CN TOOLS D57,FG02 COPPIA UTENSILI CN D57 (NO INV),
WDC06812-00,FG02COPPIA UTENS. CN D57-52 TH6.5,"FG02 N°2 CN TOOLS D57-52x6,5","FG02COPPIA UTENSILI CN D57-52 TH6,5",
DB8127K-00,FG02-COPPIA UTENS. CN D70 (NO INV),FG02 N°2 CN TOOLS D70,FG02 COPPIA UTENSILI CN D70 (NO INV),
KSU43054-00,FG02COPPIA UTENSILI CN D75,FG02 N°2 CN TOOLS D75,,
ZZM82810-00,FG02-COPPIA UTENS. CN dis 1802,FG02 N°2 CN TOOLS DRWG. 1802,FG02 COPPIA UTENSILI CN dis 1802,
VXE12338-00,"FG02COPPIA UT CN per 3/4""-1"" GAS",FG02 N°2 CN TOOLS FOR 3/4”-1” GAS,"FG02COPPIA UTENSILI CN per 3/4""-1"" GAS",
XC9193U-00,FG02- UTENSILI 2CN PER INT/SM,FG02 N°2 CN TOOLS FOR INT./CHAMFER,FG02 UTENSILI 2CN PER INT/SM,
DNU7030-00,FG02- Coppia di ut CN generica,FG02 N°2 CN TOOLS GENERIC,FG02 COPPIA di UTENSILE CN generica,
SSF29376-00,FG02COPPIA PORTA UTENSILE D32 H50 CN,FG02 N°2 CN TOOLS HOLDER D32 H50,,
SX9416F-00,FG02-3 UT.CN INT/SM/TORNIT. INT,FG02 N°2 CN TOOLS INT. CHAMFER&TURNING,FG02-3 UTENSILI CN INT/SMUSSO/TORNITURA INTERNA,
AT0927T-00,FG02-3 UT.CN INT/SM/TORN.INT D55-70,FG02 N°2 CN TOOLS INT.CHAMF.&TURN.D55-70,FG02-3 UTENSILI CN INT/SMUSSO/TORNITURA INTERNA D55-70,
NJ6982P-00,FG02-ABS50 UT. 2CN+FOR. PER D26.98,"FG02 N°2 CN TOOLS+DRILLING D26,98 ABS50","FG02 ABS50 UTENSILI 2CN+FOR. D26,98",
GB1605F-00,FG02-ABS50 UT. 2INV+2CN PER D31.75,"FG02 N°2 CN+INVERTER TOOLS D31,75 ABS50","FG02 ABS50 UTENSILI 2INVERTER+2CN D31,75",
WF6612J-00,FG02-UTENSILI 1INV+2CN D30.16,"FG02 N°2 CN+N°1 INVERTER TOOLS D30,16",FG02 UTENSILI 1INV+2CN D30.16,
CEK22671-00,FG02Coppia CN e inv D8-10 LIS,FG02 N°2 CN+N°2 INVERTER D8+10 “LIS”,FG02COPPIA CN E INV D8-10 LIS,
ZEE16005-00,FG02-COPPIA UT INV D26 E CN Dedan,FG02 N°2 CN+N°2 INVERTER TOOLS D26”DEDAN,FG02 COPPIA UTENSILI INVERTER D26 E CN Dedan,
MUP41014-00,FG02-COPPIA UT INV D26.67 E CN,"FG02 N°2 CN+N°2 INVERTER TOOLS D26,67","FG02 COPPIA UTENSILI INVERTER D26,67 E CN",
KLR66903-00,FG02- Coppia di UT CN e INVERTER D30,FG02 N°2 CN+N°2 INVERTER TOOLS D30,FG02 COPPIA di UTENSILE CN e INVERTER D30,
XMD63927-00,FG02- Coppia di UT CN e IVERTER D31,FG02 N°2 CN+N°2 INVERTER TOOLS D31,FG02 COPPIA di UTENSILE CN e INVERTER D31,
TPM33090-00,"FG02-COPPIA UT INV D33,4 E CN","FG02 N°2 CN+N°2 INVERTER TOOLS D33,4","FG02 COPPIA UTENSILI INVERTER D33,4 E CN",
CCL85669-00,"FG02COPPIA UTENSILI CN + INV. D36,15","FG02 N°2 CN+N°2 INVERTER TOOLS D36,15",,
USN68061-00,FG02-COPPIA UT INV D40 E CN,FG02 N°2 CN+N°2 INVERTER TOOLS D40,FG02 COPPIA UTENSILI INVERTER D40 E CN,
AEV32892-00,FG02-COPPIA UT INV D40-CN e cross,FG02 N°2 CN+N°2 INVERTER TOOLS D40&CROSS,FG02 COPPIA UTENSILI INVERTER D40-CN e cross,
MFV32069-00,FG02-COPPIA UTENS. CN+INV D70 TH6,FG02 N°2 CN+N°2 INVERTER TOOLS D70x6,FG02 COPPIA UTENSILI CN+INVERTER D70 TH6,
CV3753M-00,FG02-COPPIA UTENSILI INV.+CN D80,FG02 N°2 CN+N°2 INVERTER TOOLS D80,FG02 COPPIA UTENSILI INVERTER+CN D80,
NCU39041-00,FG02-UT Coppia CN e inv D84 COPU,FG02 N°2 CN+N°2 INVERTER TOOLS D84”COPU”,FG02 UTENSILI Coppia CN e inv D84 COPU,
WH0048M-00,FG02PAIR OF FIXEDHEADS FOR D72,FG02 N°2 FIXED HEADS D72,,
CV8743Z-00,FG02PAIR OF OF FIXEDTOOLS D.35,FG02 N°2 FIXED TOOLS D35,FG02PAIR OF OF FIXEDTOOLS D35,
EF0815C-00,FG02PAIR OF OF FIXEDTOOLS D.37,FG02 N°2 FIXED TOOLS D37,FG02PAIR OF OF FIXEDTOOLS D37,
WL2467K-00,FG02PAIR OF OF FIXEDTOOLS D.40,FG02 N°2 FIXED TOOLS D40,FG02PAIR OF OF FIXEDTOOLS D40,
ML0108C-00,FG02PAIR OF OF FIXEDTOOLS D.44,FG02 N°2 FIXED TOOLS D44,FG02PAIR OF OF FIXEDTOOLS D44,
JR3245C-00,FG02PAIR OF OF FIXEDTOOLS D.48,FG02 N°2 FIXED TOOLS D48,FG02PAIR OF OF FIXEDTOOLS D48,
AF7332W-00,FG02PAIR OF OF FIXEDTOOLS D.50,FG02 N°2 FIXED TOOLS D50,FG02PAIR OF OF FIXEDTOOLS D50,
VF0951F-00,"FG02PAIR OF OF FIXEDTOOLS D.50,8","FG02 N°2 FIXED TOOLS D50,8","FG02PAIR OF OF FIXEDTOOLS D50,8",
VP6055U-00,FG02PAIR OF OF FIXEDTOOLS D.55,FG02 N°2 FIXED TOOLS D55,FG02PAIR OF OF FIXEDTOOLS D55,
WS4330Y-00,FG02PAIR OF OF FIXEDTOOLS D.60,FG02 N°2 FIXED TOOLS D60,FG02PAIR OF OF FIXEDTOOLS D60,
ZDB44255-00,FG02COPPIA TESTE VADEKEN D54.6 TH0.8,"FG02 N°2 VADEKEN HEADS D54,6x0,8","FG02COPPIA TESTE VADEKEN D54,6 TH0.8",
KAT14672-00,FG02-COPPIA TESTE VADEKEN D55 TH2,FG02 N°2 VADEKEN HEADS D55x2,FG02 COPPIA TESTE VADEKEN D55 TH2,
MWV94878-00,FG02COPPIA TEST VADEKEN 15° EST D140,FG02 N°2 VADEKEN HEADS EXT. D140 CH.15°,FG02COPPIA TEST VADEKEN 15° ESTERNO D140,
UPM38458-00,FG02COPPIA TESTE VADEKEN 15° EST,FG02 N°2 VADEKEN HEADS EXTERNAL CH.15°,FG02COPPIA TESTE VADEKEN 15° ESTERNO,
LXV49809-00,FG02COPPIA TESTINE VADEKEN 45° EST,FG02 N°2 VADEKEN HEADS EXTERNAL CH.45°,FG02COPPIA TESTINE VADEKEN 45° ESTERNO,
MBU14869-00,FG02COPPIA TESTE VADEKEN 10°-20° INT,FG02 N°2 VADEKEN HEADS INT. CH.10°-20°,FG02COPPIA TESTE VADEKEN 10°-20° INTERNO,
VYC94987-00,FG02COPPIA TEST VADEKEN 30° INT D102,FG02 N°2 VADEKEN HEADS INT. D102 CH.30°,FG02COPPIA TEST VADEKEN 30° INTERNO D102,
BXG42004-00,FG02COPPIA TESTINE VADEKEN 15° INT,FG02 N°2 VADEKEN HEADS INTERNAL CH.15°,FG02COPPIA TESTINE VADEKEN 15° INTERNO,
JKC96520-00,FG02COPPIA TESTINE NODUPU ZR27-2,FG02 N°2 HEADS ZR27-2 “NODUPU”,,
KNY57205-00,FG02Coppia INV D16 s1.5 Cross 5.5,"FG02 N°2 INVERTER D16 x1,5 CROSS 5,5","FG02COPPIA INVERTER D16 s1,5 CROSS 5,5",
ET5161T-00,FG02-COPPIA INVERTER D44.6,"FG02 N°2 INVERTER D44,6","FG02 COPPIA INVERTER D44,6",
SBR85260-00,FG02COPPIA DI TESTINE INVERTER,FG02 N°2 INVERTER HEADS,,
JB9437F-00,FG02-COPPIA UTENSILI INV.,FG02 N°2 INVERTER TOOLS,FG02 COPPIA UTENSILI INVERTER,
RS6550W-00,FG02-UTENSILI 2INV(4K68481),FG02 N°2 INVERTER TOOLS (4K68481),FG02 UTENSILI 2INV(4K68481),
TZJ09533-00,FG02-COPPIA UTENS. inv + punta d5,FG02 N°2 INVERTER TOOLS + DRILL BIT D5,FG02 COPPIA UTENSILI INVERTER + punta d5,
GC3571M-00,FG02-UTENSILI 2INV+1BASE CN,FG02 N°2 INVERTER TOOLS + N°1 CN BASE,FG02 UTENSILI 2INV+1BASE CN,
ND7531R-00,FG02-UTENSILI 2INV + 2 CN,FG02 N°2 INVERTER TOOLS + N°2 CN,FG02 UTENSILI 2INV + 2 CN,
EC4364W-00,FG02-UTENSILI 2INV + 2CN (4K65402),FG02 N°2 INVERTER TOOLS+N°2 CN (4K65402),FG02 UTENSILI 2INV + 2CN (4K65402),
XSJ45722-00,FG02UTENSILI 2INV+2CN D58,FG02 N°2 INVERTER TOOLS + N°2 CN D58,FG02UTENSILI 2INVERTER+2CN D58,
SH1106Y-00,FG02- UTENSILI 2INV+2CN PER D63.5,"FG02 N°2 INVERTER TOOLS + N°2 CN D63,5","FG02 UTENSILI 2INVERTER+2CN PER D63,5",
DH3660Y-00,FG02- UTENSILI 2INV+2CN PER D76.2,"FG02 N°2 INVERTER TOOLS + N°2 CN D76,2","FG02 UTENSILI 2INVERTER+2CN PER D76,2",
XBK23508-00,FG02COPPIA UTENSILI INV. D10 s1,FG02 N°2 INVERTER TOOLS D10x1,FG02COPPIA UTENSILI INVERTER D10 S1,
GHD33001-00,FG02COPPIA UT INV. D10 s2.4 Bafuselt,"FG02 N°2 INVERTER TOOLS D10x2,4 “DAVIFET”","FG02COPPIA UTENSILI INVERTER D10 s2,4 BAFUSELT",
DDH09964-00,FG02COPPIA UT INV. D12 SM15-45,FG02 N°2 INVERTER TOOLS D12 CH.15°-45°,FG02COPPIA UTENSILI INVERTER D12 SM15-45,
WT0755L-00,FG02-COPPIA UTENSILI INV. D12.70,"FG02 N°2 INVERTER TOOLS D12,70","FG02 COPPIA UTENSILI INVERTER D12,70",
JXL58441-00,FG02COPPIA UTENSILI INV. D12.7 s1.2,"FG02 N°2 INVERTER TOOLS D12,7x1,2","FG02COPPIA UTENSILI INVERTER D12,7 S1,2",
HKS14047-00,FG02COPPIA UTENSILI INV. D12 s1,FG02 N°2 INVERTER TOOLS D12x1,FG02COPPIA UTENSILI INVERTER D12 S1,
KHJ86572-00,"FG02COPPIA UTENSILI INV. D12 s1,94","FG02 N°2 INVERTER TOOLS D12x1,94","FG02COPPIA UTENSILI INVERTER D12 S1,94",
CKH11523-00,FG02COPPIA UTENSILI INV. D12 s2,FG02 N°2 INVERTER TOOLS D12x2,FG02COPPIA UTENSILI INVERTER D12 S2,
EVJ04077-00,FG02COPPIA UTENSILI INV. D13.4,"FG02 N°2 INVERTER TOOLS D13,4","FG02COPPIA UTENSILI INVERTER D13,4",
EJY82739-00,"FG02COPPIA UTENSILI INV. D13 s2,5","FG02 N°2 INVERTER TOOLS D13x2,5","FG02COPPIA UTENSILI INVERTER D13 S2,5",
MSD41293-00,FG02COPPIA UT INV. D14.4 pieno ABS50,"FG02 N°2 INVERTER TOOLS D14,4 ABS50","FG02COPPIA UTENSILI INVERTER D14,4 PIENO ABS50",
KXC76303-00,"FG02COPPIA UTENSILI INV. D14 s1,94","FG02 N°2 INVERTER TOOLS D14x1,94","FG02COPPIA UTENSILI INVERTER D14 S1,94",
VCL45749-00,FG02COPPIA UTENSILI INV. D14 s2,FG02 N°2 INVERTER TOOLS D14x2,FG02COPPIA UTENSILI INVERTER D14 S2,
ERB58458-00,FG02COPPIA UT INV. D14 TH2.9 ALL,"FG02 N°2 INVERTER TOOLS D14x2,9 ALUMIN.","FG02COPPIA UTENSILI INVERTER D14 TH2,9 ALL",
LJP37393-00,"FG02COPPIA UTENSILI INV. D14 s2,92","FG02 N°2 INVERTER TOOLS D14x2,92","FG02COPPIA UTENSILI INVERTER D14 S2,92",
ZNY99045-00,FG02COPPIA UT INV. D14 s3.75 Napeti,"FG02 N°2 INVERTER TOOLS D14x3,75 “NAPETI","FG02COPPIA UTENSILI INVERTER D14 s3,75 NAPETI",
JYB13097-00,FG02COPPIA UTENSILI INV. D14 s4,FG02 N°2 INVERTER TOOLS D14x4,FG02COPPIA UTENSILI INVERTER D14 S4,
EAT17315-00,FG02COPPIA UTENSILI INV. D15.5 s2.65,"FG02 N°2 INVERTER TOOLS D15,5x2,65","FG02COPPIA UTENSILI INVERTER D15,5 S2,65",
VE6681H-00,FG02-COPPIA UTENSILI INV. D15.88,"FG02 N°2 INVERTER TOOLS D15,88","FG02 COPPIA UTENSILI INVERTER D15,88",
RLN18300-00,"FG02COPPIA UTENSILI INV. D15 s2,44","FG02 N°2 INVERTER TOOLS D15x2,44","FG02COPPIA UTENSILI INVERTER D15 S2,44",
AHZ83221-00,FG02COPPIA UT INV. D16 SM15-45,FG02 N°2 INVERTER TOOLS D16 CH.15°-45°,FG02COPPIA UTENSILI INVERTER D16 SM15-45,
VEP92275-00,FG02COPPIA UTENSILI INV. D16.6 s2.3,"FG02 N°2 INVERTER TOOLS D16,6x2,3","FG02COPPIA UTENSILI INVERTER D16,6 S2,3",
HUJ24193-00,"FG02COPPIA UTENSILI INV. D16 s2,99","FG02 N°2 INVERTER TOOLS D16x2,99","FG02COPPIA UTENSILI INVERTER D16 S2,99",
SDD58603-00,FG02-COPPIA UTENSILI INV. D17,FG02 N°2 INVERTER TOOLS D17,FG02 COPPIA UTENSILI INVERTER D17,
ZHE43124-00,FG02COPPIA UTENSILI INV. D18,FG02 N°2 INVERTER TOOLS D18,FG02COPPIA UTENSILI INVERTER D18,
LPR90691-00,FG02COPPIA UTENSILI INV. D18.9 s1.5,"FG02 N°2 INVERTER TOOLS D18,9x1,5","FG02COPPIA UTENSILI INVERTER D18,9 S1,5",
ZPE73011-00,FG02COPPIA UTENSILI INV. D18 s2,FG02 N°2 INVERTER TOOLS D18x2,FG02COPPIA UTENSILI INVERTER D18 S2,
WUA44125-00,FG02COPPIA UTENSILI INV. D18 s3.5,"FG02 N°2 INVERTER TOOLS D18x3,5","FG02COPPIA UTENSILI INVERTER D18 S3,5",
SYZ38909-00,FG02COPPIA UT INV. D18 s3.9 MIRI BEZI,"FG02 N°2 INVERTER TOOLS D18x3,9 “MIRI”","FG02COPPIA UTENSILI INVERTER D18 s3,9 MIRI BEZI",
KPJ73735-00,FG02COPPIA UT INV. D18 s3.9 CD3.2,"FG02 N°2 INVERTER TOOLS D18x3,9 CD3,2","FG02COPPIA UTENSILI INVERTER D18 s3,9 CD3,2",
SCE15172-00,FG02COPPIA UTENSILI INV. D18 s4.5,"FG02 N°2 INVERTER TOOLS D18x4,5","FG02COPPIA UTENSILI INVERTER D18 S4,5",
VP7457D-00,FG02-COPPIA UTENSILI INV. D19.05,"FG02 N°2 INVERTER TOOLS D19,05","FG02 COPPIA UTENSILI INVERTER D19,05",
UU8659V-00,FG02-COPPIA UTENSILI INV. D19.05 N2,"FG02 N°2 INVERTER TOOLS D19,05 N2","FG02 COPPIA UTENSILI INVERTER D19,05 N2",
VN7954S-00,FG02-COPPIA UTENSILI INV. D2 A DEF.,FG02 N°2 INVERTER TOOLS D2 TO BE DEFINE,"FG02 COPPIA UTENSILI INVERTER D2 A DEF,",
WBA13286-00,FG02COPPIA UT INV. D20 SM15-45,FG02 N°2 INVERTER TOOLS D20 CH.15°-45°,FG02COPPIA UTENSILI INVERTER D20 SM15-45,
GBF13749-00,"FG02COPPIA UTENSILI INV. D20.5 s1,03","FG02 N°2 INVERTER TOOLS D20,5x1,03","FG02COPPIA UTENSILI INVERTER D20,5 S1,03",
NPH08963-00,FG02COPPIA UTENSILI INV. D20 s2,FG02 N°2 INVERTER TOOLS D20x2,FG02COPPIA UTENSILI INVERTER D20 S2,
UGE65981-00,"FG02COPPIA UTENSILI INV. D20 s2,98","FG02 N°2 INVERTER TOOLS D20x2,98","FG02COPPIA UTENSILI INVERTER D20 S2,98",
AGM64354-00,FG02COPPIA UTENSILI INV. D20 s5,FG02 N°2 INVERTER TOOLS D20x5,FG02COPPIA UTENSILI INVERTER D20 S5,
EY4015S-00,FG02-COPPIA UTENSILI INV. D22,FG02 N°2 INVERTER TOOLS D22,FG02 COPPIA UTENSILI INVERTER D22,
BT8775A-00,"FG02-COPPIA UTENSILI INV. D22,22","FG02 N°2 INVERTER TOOLS D22,22","FG02 COPPIA UTENSILI INVERTER D22,22",
VPZ35094-00,"FG02COPPIA UTENSILI INV. D22 s2,5","FG02 N°2 INVERTER TOOLS D22x2,5","FG02COPPIA UTENSILI INVERTER D22 S2,5",
GVJ70021-00,FG02COPPIA UTENSILI INV. D22 s2.8,"FG02 N°2 INVERTER TOOLS D22x2,8","FG02COPPIA UTENSILI INVERTER D22 S2,8",
WTF20457-00,FG02COPPIA UTENSILI INV. D23.4 s2.7,"FG02 N°2 INVERTER TOOLS D23,4x2,7","FG02COPPIA UTENSILI INVERTER D23,4 S2,7",
LJG30803-00,FG02COPPIA UTENSILI INV. D23 s2,FG02 N°2 INVERTER TOOLS D23x2,FG02COPPIA UTENSILI INVERTER D23 S2,
DBX89440-00,FG02COPPIA UTENSILI INV. D23 s3,FG02 N°2 INVERTER TOOLS D23x3,FG02COPPIA UTENSILI INVERTER D23 S3,
HLJ08640-00,"FG02COPPIA UTENSILI INV. D23 s7,2","FG02 N°2 INVERTER TOOLS D23x7,2","FG02COPPIA UTENSILI INVERTER D23 S7,2",
RNH16414-00,FG02COPPIA UTENSILI INV. D24.5 s1,"FG02 N°2 INVERTER TOOLS D24,5x1","FG02COPPIA UTENSILI INVERTER D24,5 S1",
HR5297N-00,FG02-ABS50 UTENSILI 2INV PER D25.4,"FG02 N°2 INVERTER TOOLS D25,4 ABS50","FG02 ABS50 UTENSILI 2INVERTER D25,4",
CTW91889-00,FG02COPPIA UTENSILI INV. D25 s4,FG02 N°2 INVERTER TOOLS D25x4,FG02COPPIA UTENSILI INVERTER D25 S4,
ESK77089-00,FG02COPPIA UT INV D26.67 s2.8,"FG02 N°2 INVERTER TOOLS D26,67x2,8","FG02COPPIA UTENSILI INVERTER D26,67 s2,8",
CLJ52099-00,FG02COPPIA UT INV D26 s3,FG02 N°2 INVERTER TOOLS D26x3,FG02COPPIA UTENSILI INVERTER D26 s3,
WNS78584-00,FG02COPPIA UTENSILI INV. D27 s2,FG02 N°2 INVERTER TOOLS D27x2,FG02COPPIA UTENSILI INVERTER D27 S2,
KTA93592-00,"FG02COPPIA UTENSILI INV. D28,5 s3,75","FG02 N°2 INVERTER TOOLS D28,5x3,75","FG02COPPIA UTENSILI INVERTER D28,5 S3,75",
AUR86060-00,FG02COPPIA UTENSILI INV. D29.4 s2.5,"FG02 N°2 INVERTER TOOLS D29,4x2,5","FG02COPPIA UTENSILI INVERTER D29,4 S2,5",
WXD12260-00,FG02COPPIA UTENSILI INV. D29 s6.5,"FG02 N°2 INVERTER TOOLS D29x6,5","FG02COPPIA UTENSILI INVERTER D29 S6,5",
FZ2252U-00,FG02-COPPIA UTENSILI INV. D3 A DEF.,FG02 N°2 INVERTER TOOLS D3 TO BE DEFINE,FG02 COPPIA UTENSILI INVERTER D3 A DEF,
NJJ59248-00,FG02COPPIA UTENSILI INV. D30 s0.8,"FG02 N°2 INVERTER TOOLS D30x0,8","FG02COPPIA UTENSILI INVERTER D30 S0,8",
ENM55075-00,FG02Coppia UT INV D30 s1.5 TIV30,"FG02 N°2 INVERTER TOOLS D30x1,5 TIV30","FG02COPPIA UTENSILI INVERTER D30 s1,5 TIV30",
BRV71287-00,FG02-COPPIA UTENSILI INV. D30 s2,FG02 N°2 INVERTER TOOLS D30x2,FG02 COPPIA UTENSILI INVERTER D30 s2,
DPN44549-00,FG02COPPIA UTENSILI INV. D30 s4,FG02 N°2 INVERTER TOOLS D30x4,FG02COPPIA UTENSILI INVERTER D30 S4,
NEF04178-00,FG02-COPPIA UTENSILI INV. D30 s4.5,"FG02 N°2 INVERTER TOOLS D30x4,5","FG02 COPPIA UTENSILI INVERTER D30 s4,5",
EUG86133-00,FG02COPPIA UTENSILI INV. D32.4 s1,"FG02 N°2 INVERTER TOOLS D32,4x1","FG02COPPIA UTENSILI INVERTER D32,4 S1",
FWX75326-00,FG02COPPIA UTENSILI INV. D32.5 PIR,"FG02 N°2 INVERTER TOOLS D32,5 “PIR”","FG02COPPIA UTENSILI INVERTER D32,5 PIR",
KRN81666-00,FG02COPPIA UTENSILI INV. D32 s5.5,"FG02 N°2 INVERTER TOOLS D32x5,5","FG02COPPIA UTENSILI INVERTER D32 S5,5",
EPT18103-00,FG02COPPIA UT INV D33.5 s3.2,"FG02 N°2 INVERTER TOOLS D33,5x3,2","FG02COPPIA UTENSILI INVERTER D33,5 s3,2",
UJF33863-00,FG02COPPIA UTENSILI INV. D33 s6,FG02 N°2 INVERTER TOOLS D33x6,FG02COPPIA UTENSILI INVERTER D33 S6,
TBU66768-00,FG02COPPIA UTENSILI INV. D33 s7.,"FG02 N°2 INVERTER TOOLS D33x7,","FG02COPPIA UTENSILI INVERTER D33 S7,",
LLE43118-00,FG02COPPIA UTENSILI INV. D34.6 s1.3,"FG02 N°2 INVERTER TOOLS D34,6x1,3","FG02COPPIA UTENSILI INVERTER D34,6 S1,3",
EYK90205-00,FG02COPPIA UTENSILI INV. D35 s3.5,"FG02 N°2 INVERTER TOOLS D35x3,5","FG02COPPIA UTENSILI INVERTER D35 S3,5",
JLW46444-00,FG02COPPIA UTENSILI INV. D35 s6,FG02 N°2 INVERTER TOOLS D35x6,FG02COPPIA UTENSILI INVERTER D35 S6,
ZVL59954-00,FG02COPPIA UTENSILI INV. D36.52 s3.95,"FG02 N°2 INVERTER TOOLS D36,52x3,95","FG02COPPIA UTENSILI INVERTER D36,52 S3,95",
AYT67270-00,FG02COPPIA UTENSILI INV. D36 s0.7,"FG02 N°2 INVERTER TOOLS D36x0,7","FG02COPPIA UTENSILI INVERTER D36 S0,7",
BMC56172-00,FG02COPPIA UTENSILI INV. D38.1 s8.73,"FG02 N°2 INVERTER TOOLS D38,1x8,73","FG02COPPIA UTENSILI INVERTER D38,1 S8,73",
GHU66876-00,FG02COPPIA UTE. INV. D38.58 s1.285,"FG02 N°2 INVERTER TOOLS D38,58x1,285","FG02COPPIA UTENSILI INVERTER D38,58 s1,285",
GY6847M-00,FG02-ABS50 UTENSILI 2INV PER D40,FG02 N°2 INVERTER TOOLS D40 ABS50,FG02 ABS50 UTENSILI 2INVERTER D40,
NC5001P-00,FG02-COPPIA UTENSILI INV. D.41,FG02 N°2 INVERTER TOOLS D41,FG02 COPPIA UTENSILI INVERTER D41,
HV3066M-00,FG02-COPPIA UTENSILI INV. D43.9,"FG02 N°2 INVERTER TOOLS D43,9","FG02 COPPIA UTENSILI INVERTER D43,9",
BAU26445-00,FG02COPPIA UTENSILI INV. D43 s0.7,"FG02 N°2 INVERTER TOOLS D43x0,7","FG02COPPIA UTENSILI INVERTER D43 S0,7",
UH2893T-00,FG02-ABS50 UTENSILI 2INV PER D46.3,"FG02 N°2 INVERTER TOOLS D46,3 ABS50","FG02 ABS50 UTENSILI 2INVERTER D46,3",
ZB6222P-00,FG02-ABS50 UTENSILI 2INV PER D47.62,"FG02 N°2 INVERTER TOOLS D47,62 ABS50","FG02 ABS50 UTENSILI 2INVERTER D47,62",
ZTA51980-00,FG02Coppia UT Inverter D47 s2,FG02 N°2 INVERTER TOOLS D47x2,FG02COPPIA UTENSILI INVERTER D47 s2,
JCK24404-00,FG02Coppia UT Inverter D48 s2,FG02 N°2 INVERTER TOOLS D48x2,FG02COPPIA UTENSILI INVERTER D48 s2,
MU0296W-00,FG02 -COPPIA UT INVERTER OD48 X L20,FG02 N°2 INVERTER TOOLS D48x20,FG02 COPPIA UTENSILE INVERTER OD48x20,
YFE78276-00,"FG02COPPIA UTENSILI INV. D49,2 s2.1","FG02 N°2 INVERTER TOOLS D49,2x2,1","FG02COPPIA UTENSILI INVERTER D49,2 S2,1",
BXH49817-00,FG02COPPIA UTENSILI INV. D50.8 s4,"FG02 N°2 INVERTER TOOLS D50,8x4","FG02COPPIA UTENSILI INVERTER D50,8 S4",
ULM08927-00,FG02COPPIA UT INV D50 s2,FG02 N°2 INVERTER TOOLS D50x2,FG02COPPIA UTENSILI INVERTER D50 s2,
UES48862-00,FG02COPPIA UTENSILI INV. D50 s2.5,"FG02 N°2 INVERTER TOOLS D50x2,5","FG02COPPIA UTENSILI INVERTER D50 S2,5",
SS4722F-00,FG02-COPPIA UTENSILI INV. D52.8,"FG02 N°2 INVERTER TOOLS D52,8","FG02 COPPIA UTENSILI INVERTER D52,8",
HZW77428-00,FG02COPPIA UTENSILI INV. D52 s1.6,"FG02 N°2 INVERTER TOOLS D52x1,6","FG02COPPIA UTENSILI INVERTER D52 S1,6",
HMJ27296-00,FG02COPPIA UTENSILI INV. D52 s3.5,"FG02 N°2 INVERTER TOOLS D52x3,5","FG02COPPIA UTENSILI INVERTER D52 S3,5",
AVR49220-00,FG02Coppia UT Inverter D54 Salutatu,FG02 N°2 INVERTER TOOLS D54 “SALUTATU”,FG02COPPIA UTENSILI INVERTER D54 SALUTATU,
PUB48278-00,FG02Coppia UT Inverter D54 s3,FG02 N°2 INVERTER TOOLS D54x3,FG02COPPIA UTENSILI INVERTER D54 s3,
ZAT37898-00,FG02COPPIA UTENSILI INV. D55 s2.5,"FG02 N°2 INVERTER TOOLS D55x2,5","FG02COPPIA UTENSILI INVERTER D55 S2,5",
US8577B-00,FG02-COPPIA UTENSILI INV. D6.35,"FG02 N°2 INVERTER TOOLS D6,35","FG02 COPPIA UTENSILI INVERTER D6,35",
KS9673Z-00,FG02-COPPIA UTENSILI INV D.60,FG02 N°2 INVERTER TOOLS D60,FG02 COPPIA UTENSILI INVERTER D60,
VJN18120-00,FG02Coppia UT Inverter D62 Salutatu,FG02 N°2 INVERTER TOOLS D62 “SALUTATU”,FG02COPPIA UTENSILI INVERTER D62 SALUTATU,
ZEX86612-00,FG02COPPIA UTENSILI INV. D62 s2,FG02 N°2 INVERTER TOOLS D62x2,FG02COPPIA UTENSILI INVERTER D62 S2,
VDJ80024-00,FG02COPPIA UTENSILI INV. D64.2 s2.4,"FG02 N°2 INVERTER TOOLS D64,2x2,4","FG02COPPIA UTENSILI INVERTER D64,2 S2,4",
AEC96202-00,FG02Coppia UT Inverter D65 Salutatu,FG02 N°2 INVERTER TOOLS D65 “SALUTATU”,FG02COPPIA UTENSILI INVERTER D65 SALUTATU,
YSK04421-00,FG02COPPIA UTENSILI INV. D67 s2,FG02 N°2 INVERTER TOOLS D67x2,FG02COPPIA UTENSILI INVERTER D67 S2,
YDB59985-00,FG02COPPIA UTENSILI INV. D68 s3,FG02 N°2 INVERTER TOOLS D68x3,FG02COPPIA UTENSILI INVERTER D68 S3,
NTD61398-00,FG02-COPPIA UTENS. INV D70 TH2.6,"FG02 N°2 INVERTER TOOLS D70x2,6","FG02 COPPIA UTENSILI INVERTER D70 TH2,6",
NZH56519-00,FG02-COPPIA UTENS. INV D70 TH4.1 GOKT,"FG02 N°2 INVERTER TOOLS D70x4,1 “GOKT”","FG02 COPPIA UTENSILI INVERTER D70 TH4,1 GOKT",
XYD11229-00,FG02COPPIA UTENSILI INV. D71 s3,FG02 N°2 INVERTER TOOLS D71x3,FG02COPPIA UTENSILI INVERTER D71 S3,
GCW31627-00,FG02COPPIA UTENSILI INV. D72 s3,FG02 N°2 INVERTER TOOLS D72x3,FG02COPPIA UTENSILI INVERTER D72 S3,
VM5864V-00,FG02-COPPIA UTENSILI INV. D74.5,"FG02 N°2 INVERTER TOOLS D74,5","FG02 COPPIA UTENSILI INVERTER D74,5",
DR2050H-00,FG02-COPPIA UTENSILI INV. D75.15,"FG02 N°2 INVERTER TOOLS D75,15","FG02 COPPIA UTENSILI INVERTER D75,15",
MMZ82570-00,"FG02COPPIA UTENSILI INV. D76,1 s1.5","FG02 N°2 INVERTER TOOLS D76,1x1,5","FG02COPPIA UTENSILI INVERTER D76,1 S1,5",
GAW28804-00,"FG02COPPIA UTENSILI INV. D76,1 s3","FG02 N°2 INVERTER TOOLS D76,1x3","FG02COPPIA UTENSILI INVERTER D76,1 S3",
BTW90343-00,FG02COPPIA UTENSILI INV. D76.1 s6.3,"FG02 N°2 INVERTER TOOLS D76,1x6,3","FG02COPPIA UTENSILI INVERTER D76,1 S6,3",
PEY79106-00,"FG02COPPIA UTENSILI INV. D80,1 s5","FG02 N°2 INVERTER TOOLS D80,1x5","FG02COPPIA UTENSILI INVERTER D80,1 S5",
EU3638J-00,FG02-COPPIA UTENSILI INV. D80.7,"FG02 N°2 INVERTER TOOLS D80,7","FG02 COPPIA UTENSILI INVERTER D80,7",
ZSV57524-00,FG02COPPIA UT INV D80 TH4,FG02 N°2 INVERTER TOOLS D80x4,FG02COPPIA UTENSILI INVERTER D80 TH4,
BKX54871-00,"FG02COPPIA UTENSILI INV. D85 s2,5","FG02 N°2 INVERTER TOOLS D85x2,5","FG02COPPIA UTENSILI INVERTER D85 S2,5",
XAJ54344-00,FG02Coppia UT inv D86 Dedan Tech,FG02 N°2 INVERTER TOOLS D86 “DEDAN TECH,FG02COPPIA UTENSILI INVERTER D86 DEDAN TECH,
MEW82929-00,FG02COPPIA UTENSILI INV. D8 s0.8,"FG02 N°2 INVERTER TOOLS D8x0,8","FG02COPPIA UTENSILI INVERTER D8 S0,8",
NYZ78816-00,FG02COPPIA UTENSILI INV. D8 s1,FG02 N°2 INVERTER TOOLS D8x1,FG02COPPIA UTENSILI INVERTER D8 S1,
DA4137L-00,FG02-COPPIA UTENSILI INV. D9.53,"FG02 N°2 INVERTER TOOLS D9,53","FG02 COPPIA UTENSILI INVERTER D9,53",
NYM05127-00,FG02COPPIA UTENSILI INV. D9 s0.95,"FG02 N°2 INVERTER TOOLS D9x0,95","FG02COPPIA UTENSILI INVERTER D9 S0,95",
MUD5713-00,FG02- Coppia di INV generica,FG02 N°2 INVERTER TOOLS GENERIC,FG02 COPPIA di INV generica,
CU7014F-00,FG02-ABS50 UT. 2INV+FOR. PER D26.98,"FG02 N°2 INVERTER TOOLS+DRILL. D26,98","FG02 ABS50 UTENSILI 2INVERTER+FOR. D26,98",
SX0536V-00,FG02-UTENSILI 2INV+2CN D21.5,"FG02 N°2 INVERTER TOOLS+N°2 CN D21,5",FG02 UTENSILI 2INV+2CN D21.5,
RF0134V-00,FG02BUPANR COPPIA GANASCE,FG02 N°2 JAWS “BUPANR”,,
MB5216X-00,FG02 SESEFATAK COPPIA DI GAN D73 L50,FG02 N°2 JAWS D73x50 “SESEFATAK”,FG02 SESEFATAK COPPIA DI GANASCE D73x50,
DW6016N-00,FG02-UTENSILI 2MICROREG.(4K65189/D),FG02 N°2 MICRORECORD. TOOLS (4K65189/D),FG02 UTENSILI 2MICROREG.(4K65189/D),
TNZ27086-00,"FG02-COPPIA UT SG.RAP. D12,5 TH. 2,175","FG02 N°2 Q. RELEASE TOOLS D12,5x2,175","FG02 COPPIA UTENSILI A SGANCIO RAPIDO D12,5 TH. 2,175",
ER3634E-00,FG02-COPPIA TESTINE FISSE RAPIDE,FG02 N°2 QUICK RELEASE HEADS,FG02 COPPIA TESTINE FISSE RAPIDE,
XX9637J-00,FG02-COPPIA UT SG.RAP. (1234),FG02 N°2 QUICK RELEASE TOOLS (1234),FG02 COPPIA UTENSILI A SGANCIO RAPIDO (1234),
SE9132F-00,FG02-COPPIA UT SG.RAP. (17611-83),FG02 N°2 QUICK RELEASE TOOLS (17611-83),FG02 COPPIA UTENSILI A SGANCIO RAPIDO (17611-83),
UV6590B-00,FG02-COPPIA UT SG.RAP. (2379),FG02 N°2 QUICK RELEASE TOOLS (2379),FG02 COPPIA UTENSILI A SGANCIO RAPIDO (2379),
LX3967X-00,FG02-COPPIA UT SG.RAP. (2537),FG02 N°2 QUICK RELEASE TOOLS (2537),FG02 COPPIA UTENSILI A SGANCIO RAPIDO (2537),
YN3942E-00,FG02-COPPIA UT SG.RAP. (2539),FG02 N°2 QUICK RELEASE TOOLS (2539),FG02 COPPIA UTENSILI A SGANCIO RAPIDO (2539),
RC8930E-00,FG02-COPPIA UT SG.RAP. (2566),FG02 N°2 QUICK RELEASE TOOLS (2566),FG02 COPPIA UTENSILI A SGANCIO RAPIDO (2566),
GK5572J-00,FG02-COPPIA UT SG.RAP. (2859),FG02 N°2 QUICK RELEASE TOOLS (2859),FG02 COPPIA UTENSILI A SGANCIO RAPIDO (2859),
YR0283M-00,FG02-COPPIA UT SG.RAP. (B5352),FG02 N°2 QUICK RELEASE TOOLS (B5352),FG02 COPPIA UTENSILI A SGANCIO RAPIDO (B5352),
EBE74527-00,"FG02-COPPIA UT SG.RAP. D17 TH. 3,5","FG02 N°2 QUICK RELEASE TOOLS D17x3,5","FG02 COPPIA UTENSILI A SGANCIO RAPIDO D17 TH. 3,5",
XUP14996-00,FG02-COPPIA UT SG.RAP. D22 TH. 4.75,"FG02 N°2 QUICK RELEASE TOOLS D22x4,75","FG02 COPPIA UTENSILI A SGANCIO RAPIDO D22 TH. 4,75",
UNF26416-00,"FG02-COPPIA UT SG.RAP. D55 TH. 4,275","FG02 N°2 QUICK RELEASE TOOLS D55x4,275","FG02 COPPIA UTENSILI A SGANCIO RAPIDO D55 TH. 4,275",
LCA85245-00,FG02-COPPIA UT SG.RAP. D55 TH. 7,FG02 N°2 QUICK RELEASE TOOLS D55x7,FG02 COPPIA UTENSILI A SGANCIO RAPIDO D55 TH. 7,
LRR18861-00,FG02-COPPIA UT SG.RAP. D56.8 TH. 2.93,"FG02 N°2 QUICK RELEASE TOOLS D56,8x2,93","FG02 COPPIA UTENSILI A SGANCIO RAPIDO D56,8 TH. 2,93",
MHK45216-00,FG02-COPPIA UT SG.RAP. D62 TH. 3.55,"FG02 N°2 QUICK RELEASE TOOLS D62x3,55","FG02 COPPIA UTENSILI A SGANCIO RAPIDO D62 TH. 3,55",
PLJ59014-00,FG02-COPPIA UT SG.RAP. D65 TH. 2,FG02 N°2 QUICK RELEASE TOOLS D65x2,FG02 COPPIA UTENSILI A SGANCIO RAPIDO D65 TH. 2,
CEB39182-00,FG02-COPPIA UT SG.RAP. D68 TH. 3,FG02 N°2 QUICK RELEASE TOOLS D68x3,FG02 COPPIA UTENSILI A SGANCIO RAPIDO D68 TH. 3,
RS4205J-00,FG02-COPPIA UT SG.RAP.+ 1CN (1844),FG02 N°2 QUICK RELEASE TOOLS+1CN (1844),FG02 COPPIA UTENSILI A SGANCIO RAPIDO + 1CN (1844),
MHG74662-00,FG02-COPPIA UT SG.RAP.+ PUNTA + ALESA,FG02 N°2 QUICK RELEASE TOOLS+BIT+BORING,FG02 COPPIA UTENSILI A SGANCIO RAPIDO + PUNTA + ALESA,
GWT48053-00,FG02-COPPIA UT SG.RAP.+ CN,FG02 N°2 QUICK RELEASE TOOLS+CN,FG02 COPPIA UTENSILI A SGANCIO RAPIDO + CN,
MN8331X-00,FG02-COPPIA UT SG.RAP.+ CN (B4497),FG02 N°2 QUICK RELEASE TOOLS+CN (B4497),FG02 COPPIA UTENSILI A SGANCIO RAPIDO + CN (B4497),
NY3795G-00,FG02-N?2LAME HSS ACCIAIO CARBONIO,FG02 N°2 SAWING BLADES CARBON STEEL”HSS”,FG02 N.2LAME HSS ACCIAIO CARBONIO,
AJP60609-00,FG02-COPPIA DI ALLARGATORI D11,FG02 N°2 STRETCHER D11,FG02 COPPIA DI ALLARGATORI D11,
VGH08698-00,"FG02-COPPIA DI ALLARGATORI D12,5","FG02 N°2 STRETCHER D12,5","FG02 COPPIA DI ALLARGATORI D12,5",
DEM43420-00,FG02-COPPIA DI ALLARGATORI D13,FG02 N°2 STRETCHER D13,FG02 COPPIA DI ALLARGATORI D13,
MXF77440-00,"FG02-COPPIA DI ALLARGATORI D13,7","FG02 N°2 STRETCHER D13,7","FG02 COPPIA DI ALLARGATORI D13,7",
LEX15257-00,"FG02-COPPIA DI ALLARGATORI D15,5","FG02 N°2 STRETCHER D15,5","FG02 COPPIA DI ALLARGATORI D15,5",
VNM56654-00,FG02-COPPIA DI ALLARGATORI D16,FG02 N°2 STRETCHER D16,FG02 COPPIA DI ALLARGATORI D16,
GPR82123-00,FG02-COPPIA DI ALLARGATORI D17,FG02 N°2 STRETCHER D17,FG02 COPPIA DI ALLARGATORI D17,
GRW93025-00,"FG02-COPPIA DI ALLARGATORI D19,5","FG02 N°2 STRETCHER D19,5","FG02 COPPIA DI ALLARGATORI D19,5",
KVC81584-00,FG02-COPPIA DI ALLARGATORI D20,FG02 N°2 STRETCHER D20,FG02 COPPIA DI ALLARGATORI D20,
CGN16120-00,FG02-COPPIA DI ALLARGATORI D9,FG02 N°2 STRETCHER D9,FG02 COPPIA DI ALLARGATORI D9,
XU3216D-00,FG02BUPANR COPPIA UTENSILI,FG02 N°2 TOOLS “BUPANR”,,
CJ1586L-00,FG02 SESEFATAK COPPIA UTENSILI D73,FG02 N°2 TOOLS D73 “SESEFATAK”,,
GD9077S-00,FG02 SESEFATAK COPPIA DI UTENS D86,FG02 N°2 TOOLS D86 “SESEFATAK”,FG02 SESEFATAK COPPIA DI UTENSILI D86,
MXZ10249-00,FG02-COPPIA UT MONOLITICI D56 TH12.25,"FG02 N°2 TOOLS MONOLITHIC D56x12,25","FG02 COPPIA UTENSILI MONOLITICI D56 TH12,25",
HB1642K-00,FG02 SESEFATAK COPPIA AVV D73 L50,FG02 N°2 WRAP-AROUND JAWS D73x50 “KEK.”,FG02 SESEFATAK COPPIA AVV D73x50,
GHF51870-00,FG02Terna CARTUCCE REG. X SM. 15° EXT,FG02 N°3 ADJUST. CARTRIDGES EXT. CH.15°,"FG02TERNA CARTUCCE REG, X SM, 15° EXT",
PK0233S-00,FG02-SET(3) CARTUCCE A DIS 63855AS,FG02 N°3 CARTRIDGES DRWG. 63855AS,FG02 SET(3) CARTUCCE A DIS 63855AS,
SB5485L-00,FG02-SET(3) CARTUCCE A DIS. 64162AS,FG02 N°3 CARTRIDGES DRWG. 64162AS,"FG02 SET(3) CARTUCCE A DIS, 64162AS",
TV3660F-00,FG02-SET(3) CARTUCCE A DIS 64319AS,FG02 N°3 CARTRIDGES DRWG. 64319AS,FG02 SET(3) CARTUCCE A DIS 64319AS,
GPC09831-00,FG02UTENSILI INV+3CN D58,FG02 N°3 CN+INVERTER TOOLS D58,FG02UTENSILI INVERTER+3CN D58,
YU2332V-00,FG02-UTENSILI 1INV+3CN D45,FG02 N°3 CN+N°1 INVERTER TOOLS D45,FG02 UTENSILI 1INV+3CN D45,
KU6718R-00,FG02-SET(3) DI CARTUCCE VARIE,FG02 N°3 DIFFERENT CARTRIDGES,FG02 SET(3) DI CARTUCCE VARIE,
DB6254G-00,FG02-SET(3) SCREW JAWS D6.35 L13,"FG02 N°3 SCREW JAWS D6,35x13","FG02 SET(3) SCREW JAWS D6,35x13",
ZZ3063D-00,FG02-SET(3) SCREW JAWS D7.87 L15,"FG02 N°3 SCREW JAWS D7,87x15","FG02 SET(3) SCREW JAWS D7,87x15",
LDF02580-00,FG02TERNA GAN AVV D31.5 L300 D90,"FG02 N°3 WRAP-AROUND JAWS D31,5 L300 D90","FG02TERNA GAN AVV D31,5 L300 D90",
XVV20967-00,FG02SET n4 47822A per PUBK,FG02 N°4 47822A “PUBK”,,
TUJ54733-00,FG02SET UT Fil 2 NPTL25 4CN,FG02 N°4 CN TOOLS THREADING 2” NPT L25,FG02SET UTENSILI Fil 2 NPTL25 4CN,
KK8875S-00,FG02-KIT N.5 LAME,FG02 N°5 SAWING BLADES KIT,FG02 KIT N.5 LAME,
CA9889J-00,FG02AVV. RAPIDO D16 L200 DENTATO,FG02 Q.REL. WRAP-AR. JAWS D16x200 COGGED,FG02 QUICK RELEASE WRAP-AROUND JAWS D16x200 DENTATO,
HR2445X-00,FG02AVV. RAPIDO D20 L200 DENTATO,FG02 Q.REL. WRAP-AR. JAWS D20x200 COGGED,FG02 QUICK RELEASE WRAP-AROUND JAWS D20x200 DENTATO,
ACT45150-00,FG02-UT SG.RAP. ALESA D14 su d<13.7,"FG02 Q.RELEASE TOOLS BORING D14 X D≤13,7","FG02 UTENSILI A SGANCIO RAPIDO ALESATURA D14 su D<13,7",
AJZ01610-00,FG02GANASCE AVVOLGENTI RAP D11.13 L180,"FG02 Q.RELEASE WRAP-AR. JAWS D11,13x180","FG02GANASCE AVVOLGENTI RAP D11,13x180",
YKJ33855-00,FG02GANASCE AVVOLGENTI RAP D11.13 L320,"FG02 Q.RELEASE WRAP-AR. JAWS D11,13x320","FG02GANASCE AVVOLGENTI RAP D11,13x320",
PFM83207-00,FG02GANASCE AVVOLGENTI RAP D11.13 L440,"FG02 Q.RELEASE WRAP-AR. JAWS D11,13x440","FG02GANASCE AVVOLGENTI RAP D11,13x440",
SCP78769-00,FG02GANASCE AVVOLGENTI D26.18 L290 Rapide,"FG02 Q.RELEASE WRAP-AR. JAWS D26,18x290","FG02GANASCE AVVOLGENTI D26,18x290 Rapide",
JZX52741-00,FG02GANASCE AVVOLGENTI RAP D11 L110 D90,FG02 Q.RELEASE WRAP-AR. JAWS D90xd11x110,FG02GANASCE AVVOLGENTI RAP D90xd11x110,
JA3872L-00,FG02- AVVOLGENTE RAP. D14.65 L45,"FG02 Q.RELEASE WRAP-AROU. JAWS D14,65x45","FG02 AVVOLGENTE A SGANCIO RAPIDO D14,65x45",
LW1516W-00,FG02-AVV.SG. RAP. D.20.85 L.40,"FG02 Q.RELEASE WRAP-AROU. JAWS D20,85x40","FG02 AVVOLGENTI A SGANCIO RAPIDO D20,85x40",
MF5939V-00,FG02-AVV. SGANCIO RAP. D27.5 L250,"FG02 Q.RELEASE WRAP-AROU. JAWS D27,5x250","FG02 AVVOLGENTI A SGANCIO RAPIDO D27,5x250",
LF4813M-00,FG02-AVV. SGANCIO RAP. D29.5 L170,"FG02 Q.RELEASE WRAP-AROU. JAWS D29,5x170","FG02 AVVOLGENTI A SGANCIO RAPIDO D29,5x170",
KV4042A-00,FG02-AVV. SGANCIO RAP. D29.5 L250,"FG02 Q.RELEASE WRAP-AROU. JAWS D29,5x250","FG02 AVVOLGENTI A SGANCIO RAPIDO D29,5x250",
DV8818N-00,FG02-AVV. SGANCIO RAP. D31.5 L200,"FG02 Q.RELEASE WRAP-AROU. JAWS D31,5x200","FG02 AVVOLGENTI A SGANCIO RAPIDO D31,5x200",
JS8999Z-00,FG02-AVV. SGANCIO RAP. D35.5 L200,"FG02 Q.RELEASE WRAP-AROU. JAWS D35,5x200","FG02 AVVOLGENTI A SGANCIO RAPIDO D35,5x200",
SW5148W-00,FG02-AVV. SGANCIO RAP. D35.5 L350,"FG02 Q.RELEASE WRAP-AROU. JAWS D35,5x350","FG02 AVVOLGENTI A SGANCIO RAPIDO D35,5x350",
XR2914U-00,FG02-AVV. SGANCIO RAP. D41.9 L100,"FG02 Q.RELEASE WRAP-AROU. JAWS D41,9x100","FG02 AVVOLGENTI A SGANCIO RAPIDO D41,9x100",
YH3374R-00,FG02-AVV. SGANCIO RAP. D41.9 L350,"FG02 Q.RELEASE WRAP-AROU. JAWS D41,9x350","FG02 AVVOLGENTI A SGANCIO RAPIDO D41,9x350",
WV6298F-00,FG02- AVVOLGENTE RAP. D10.2 L25,FG02 Q.RELEASE WRAP-AROUND JAWS D10.2x25,FG02 AVVOLGENTE A SGANCIO RAPIDO D10.2x25,
VY2966G-00,FG02- AVVOLGENTE RAP. D12.1 L30,"FG02 Q.RELEASE WRAP-AROUND JAWS D12,1x30",FG02 AVVOLGENTE A SGANCIO RAPIDO D12.1x30,
RH6784M-00,FG02- AVVOLGENTE RAP. D15.2 L30,"FG02 Q.RELEASE WRAP-AROUND JAWS D15,2x30","FG02 AVVOLGENTE A SGANCIO RAPIDO D15,2x30",
CP9041Z-00,FG02- AVVOLGENTE RAP. D18.1 L20,"FG02 Q.RELEASE WRAP-AROUND JAWS D18,1x20","FG02 AVVOLGENTE A SGANCIO RAPIDO D18,1x20",
LM7329U-00,FG02- AVVOLGENTE RAP. D18.2 L40,"FG02 Q.RELEASE WRAP-AROUND JAWS D18,2x40","FG02 AVVOLGENTE A SGANCIO RAPIDO D18,2x40",
ZW7847E-00,FG02- AVVOLGENTE RAP. D21 L40,FG02 Q.RELEASE WRAP-AROUND JAWS D21x40,FG02 AVVOLGENTE A SGANCIO RAPIDO D21x40,
BR3693E-00,FG02-AVV. SGANCIO RAP. D24 L170,FG02 Q.RELEASE WRAP-AROUND JAWS D24x170,FG02 AVVOLGENTI A SGANCIO RAPIDO D24x170,
PP8426Y-00,FG02- AVVOLGENTE RAP. D25.1 L30,"FG02 Q.RELEASE WRAP-AROUND JAWS D25,1x30","FG02 AVVOLGENTE A SGANCIO RAPIDO D25,1x30",
JP6020A-00,FG02- AVVOLGENTE RAP. D25 L35,FG02 Q.RELEASE WRAP-AROUND JAWS D25x35,FG02 AVVOLGENTE A SGANCIO RAPIDO D25x35,
SH5810D-00,FG02- AVVOLGENTE RAP. D25 L50,FG02 Q.RELEASE WRAP-AROUND JAWS D25x50,FG02 AVVOLGENTE A SGANCIO RAPIDO D25x50,
NV9883C-00,FG02-AVV. SGANCIO RAP. D27.5 L90,"FG02 Q.RELEASE WRAP-AROUND JAWS D27,5x90","FG02 AVVOLGENTI A SGANCIO RAPIDO D27,5x90",
UL1910L-00,FG02-AVV. SGANCIO RAP. D29.5 L70,"FG02 Q.RELEASE WRAP-AROUND JAWS D29,5x70","FG02 AVVOLGENTI A SGANCIO RAPIDO D29,5x70",
RN7516W-00,FG02- AVVOLGENTE RAP. D30.1 L35,"FG02 Q.RELEASE WRAP-AROUND JAWS D30,1x35","FG02 AVVOLGENTE A SGANCIO RAPIDO D30,1x35",
MS5138N-00,FG02- AVVOLGENTE RAP. D30 L100,FG02 Q.RELEASE WRAP-AROUND JAWS D30x100,FG02 AVVOLGENTE A SGANCIO RAPIDO D30x100,
UC3287P-00,FG02- AVVOLGENTE RAP. D30 L35,FG02 Q.RELEASE WRAP-AROUND JAWS D30x35,FG02 AVVOLGENTE A SGANCIO RAPIDO D30x35,
ME3537Z-00,FG02-AVV. RAP. MORSA TAGLIO OD35.5,"FG02 Q.RELEASE WRAP-AROUND JAWS D35,5","FG02 AVVOLGENTI A SGANCIO RAPIDO MORSA TAGLIO OD35,5",
HT1023A-00,FG02-AVV. SGANCIO RAP. D35.5 L70,"FG02 Q.RELEASE WRAP-AROUND JAWS D35,5x70","FG02 AVVOLGENTI A SGANCIO RAPIDO D35,5x70",
AS3916Y-00,FG02- AVVOLGENTE RAP. D35 L35,FG02 Q.RELEASE WRAP-AROUND JAWS D35x35,FG02 AVVOLGENTE A SGANCIO RAPIDO D35x35,
DY2003X-00,FG02- AVVOLGENTE RAP. D36.1 L40,"FG02 Q.RELEASE WRAP-AROUND JAWS D36,1x40","FG02 AVVOLGENTE A SGANCIO RAPIDO D36,1x40",
BX6571R-00,FG02- AVVOLGENTE RAP. D36 L100,FG02 Q.RELEASE WRAP-AROUND JAWS D36x100,FG02 AVVOLGENTE A SGANCIO RAPIDO D36x100,
EF7372U-00,FG02-AVV. SGANCIO RAP. D40 L100,FG02 Q.RELEASE WRAP-AROUND JAWS D40x100,FG02 AVVOLGENTI A SGANCIO RAPIDO D40x100,
EXG31825-00,FG02GANASCIA AVV RAP D40 L250,FG02 Q.RELEASE WRAP-AROUND JAWS D40x250,FG02GANASCE AVVOLGENTI RAPIDE D40x250,
WN2427Y-00,FG02-AVV. SGANCIO RAP. D40 L350,FG02 Q.RELEASE WRAP-AROUND JAWS D40x350,FG02 AVVOLGENTI A SGANCIO RAPIDO D40x350,
TX8999Z-00,FG02-AVV. SGANCIO RAP. D41 L100,FG02 Q.RELEASE WRAP-AROUND JAWS D41x100,FG02 AVVOLGENTI A SGANCIO RAPIDO D41x100,
BR5846B-00,FG02-AVV. SGANCIO RAP. D41 L350,FG02 Q.RELEASE WRAP-AROUND JAWS D41x350,FG02 AVVOLGENTI A SGANCIO RAPIDO D41x350,
VV6856F-00,FG02- AVVOLGENTE RAP. D42.1 L50,"FG02 Q.RELEASE WRAP-AROUND JAWS D42,1x50","FG02 AVVOLGENTE A SGANCIO RAPIDO D42,1x50",
NK6626T-00,FG02- AVVOLGENTE RAP. D44 L90,FG02 Q.RELEASE WRAP-AROUND JAWS D44x90,FG02 AVVOLGENTE A SGANCIO RAPIDO D44x90,
BD4668E-00,FG02-AVV. SGANCIO RAP. D46 L350,FG02 Q.RELEASE WRAP-AROUND JAWS D46x350,FG02 AVVOLGENTI A SGANCIO RAPIDO D46x350,
HB5895A-00,FG02-AVV. SGANCIO RAP. D46 L70,FG02 Q.RELEASE WRAP-AROUND JAWS D46x70,FG02 AVVOLGENTI A SGANCIO RAPIDO D46x70,
SU5493T-00,FG02-AVV. SGANCIO RAP. D48 L100,FG02 Q.RELEASE WRAP-AROUND JAWS D48x100,FG02 AVVOLGENTI A SGANCIO RAPIDO D48x100,
GC4817Z-00,FG02-AVV. SGANCIO RAP. D50 L100,FG02 Q.RELEASE WRAP-AROUND JAWS D50x100,FG02 AVVOLGENTI A SGANCIO RAPIDO D50x100,
BTJ11946-00,FG02GANASCE AVVOLGENTI RAP. D50 L300,FG02 Q.RELEASE WRAP-AROUND JAWS D50x300,FG02GANASCE AVVOLGENTI RAPIDE D50x300,
PZ8670G-00,FG02-AVV. SGANCIO RAP. D50 L350,FG02 Q.RELEASE WRAP-AROUND JAWS D50x350,FG02 AVVOLGENTI A SGANCIO RAPIDO D50x350,
RM2745T-00,FG02-AVV. SGANCIO RAP. D51 L100,FG02 Q.RELEASE WRAP-AROUND JAWS D51x100,FG02 AVVOLGENTI A SGANCIO RAPIDO D51x100,
ZH9000R-00,FG02-AVV. SGANCIO RAP. D51 L350,FG02 Q.RELEASE WRAP-AROUND JAWS D51x350,FG02 AVVOLGENTI A SGANCIO RAPIDO D51x350,
XU2731H-00,FG02-AVV. SGANCIO RAP. D52 L100,FG02 Q.RELEASE WRAP-AROUND JAWS D52x100,FG02 AVVOLGENTI A SGANCIO RAPIDO D52x100,
UU2628E-00,FG02-AVV. SGANCIO RAP. D52 L350,FG02 Q.RELEASE WRAP-AROUND JAWS D52x350,FG02 AVVOLGENTI A SGANCIO RAPIDO D52x350,
GCD62646-00,FG02AVV. SGANCIO RAP. D53 L100,FG02 Q.RELEASE WRAP-AROUND JAWS D53x100,FG02 QUICK RELEASE WRAP-AROUND JAWS D53x100,
FLL37510-00,FG02AVV. SGANCIO RAP. D53 L350,FG02 Q.RELEASE WRAP-AROUND JAWS D53x350,FG02 QUICK RELEASE WRAP-AROUND JAWS D53x350,
UR2261P-00,FG02-AVV. SGANCIO RAP. D54 L100,FG02 Q.RELEASE WRAP-AROUND JAWS D54x100,FG02 AVVOLGENTI A SGANCIO RAPIDO D54x100,
JU9704U-00,FG02-AVV. SGANCIO RAP. D54 L350,FG02 Q.RELEASE WRAP-AROUND JAWS D54x350,FG02 AVVOLGENTI A SGANCIO RAPIDO D54x350,
JS7823N-00,FG02-AVV. SGANCIO RAP. D55 L100,FG02 Q.RELEASE WRAP-AROUND JAWS D55x100,FG02 AVVOLGENTI A SGANCIO RAPIDO D55x100,
RG5627H-00,FG02-AVV. SGANCIO RAP. D55 L350,FG02 Q.RELEASE WRAP-AROUND JAWS D55x350,FG02 AVVOLGENTI A SGANCIO RAPIDO D55x350,
AE1040J-00,FG02-AVV. SGANCIO RAP. D65 L100,FG02 Q.RELEASE WRAP-AROUND JAWS D65x100,FG02 AVVOLGENTI A SGANCIO RAPIDO D65x100,
GB3166K-00,FG02-AVV. SGANCIO RAP. D65 L350,FG02 Q.RELEASE WRAP-AROUND JAWS D65x350,FG02 AVVOLGENTI A SGANCIO RAPIDO D65x350,
YX2302B-00,FG02-AVV. SGANCIO RAP. D70 L100,FG02 Q.RELEASE WRAP-AROUND JAWS D70x100,FG02 AVVOLGENTI A SGANCIO RAPIDO D70x100,
CY2191U-00,FG02-AVV. SGANCIO RAP. D70 L350,FG02 Q.RELEASE WRAP-AROUND JAWS D70x350,FG02 AVVOLGENTI A SGANCIO RAPIDO D70x350,
PL5214P-00,FG02-AVV. SG. RAPIDO D72 L100,FG02 Q.RELEASE WRAP-AROUND JAWS D72x100,FG02 AVVOLGENTI A SGANCIO RAPIDO D72x100,
YD5707E-00,FG02- AVVOLGENTE RAP. D8.6 L25,"FG02 Q.RELEASE WRAP-AROUND JAWS D8,6x25","FG02 AVVOLGENTE A SGANCIO RAPIDO D8,6x25",
MY9050C-00,FG02TESTINE RAPIDE D48 MM,FG02 QUICK RELEASE HEADS D48,FG02TESTINE RAPIDE D48 mm,
JZ8825Y-00,FG02TESTINE RAPIDE D52 MM,FG02 QUICK RELEASE HEADS D52,FG02TESTINE RAPIDE D52 mm,
VVU70531-00,FG02-UT SG.RAP.+ PUNTA DA CENTRO IN HM,FG02 QUICK RELEASE TOOLS + HM DRILL BIT,FG02 UTENSILI A SGANCIO RAPIDO + PUNTA DA CENTRO IN HM,
ZT0679H-00,"FG02-UTENS. SG. RAPIDO D10,21-13,21","FG02 QUICK RELEASE TOOLS D10,21-13,21","FG02 UTENSILI A SGANCIO RAPIDO D10,21-13,21",
JA1810E-00,"FG02-UTENS. SG. RAPIDO D16,26-22,48","FG02 QUICK RELEASE TOOLS D16,26-22,48","FG02 UTENSILI A SGANCIO RAPIDO D16,26-22,48",
ZK3361G-00,"FG02 UTENSILI SG.RAPIDO E CN D.28,5","FG02 QUICK RELEASE TOOLS D28,5 & CN","FG02 UTENSILI A SGANCIO RAPIDO E CN D28,5",
DRA50829-00,FG02-UT Foratura radiale TUNL,FG02 RADIAL DRILLING TOOLS “TUNL”,FG02-UT FORATURA RADIALE TUNL,
XK0054E-00,FG02- RAPIDFIT.FIX TOOLS HOLDERS,FG02 RAPID FIT FIX TOOLS HOLDERS,FG02 RAPIDFIT.FIX TOOLS HOLDERS,
XHY65404-00,FG02Set rotanti Bedumis,FG02 ROTARY “BEDUMIS”,FG02SET rotanti Bedumis,
PG5642Z-00,FG02- ROTARY TRANSFER JAWS HOLDERS,FG02 ROTARY TRANSFER JAWS HOLDERS,FG02 ROTARY TRANSFER JAWS HOLDERS,
PNT79107-00,FG02Lame Dafemusips ALU,FG02 SAWING BLADES ALUMIN.”DAFEMUSIPS”,FG02LAME DAFEMUSIPS ALU,
CA8798A-00,FG02SET OF BLADES,FG02 SAWING BLADES SET,,
MLS84885-00,FG02SC AUTO UT D30 M14,FG02 SC AUTO TOOL D30 M14,,
HWD74093-00,FG02SC AUTO UT D33 M10,FG02 SC AUTO TOOL D33 M10,,
XG1638M-00,FG02-SET OF SCREW JAW D1-1/2 (38.10,"FG02 SCREW JAWS D1”1/2 (38,10)","FG02 SET OF SCREW JAW D1-1/2 (38,10)",
RG1062K-00,FG02-SET OF SCREW JAW D1-1/4 (31.75,"FG02 SCREW JAWS D1”1/4 (31,75)","FG02 SET OF SCREW JAW D1-1/4 (31,75)",
NA3621V-00,FG02-SET OF SCREW JAW D1-3/4 (44.45,"FG02 SCREW JAWS D1”3/4 (44,45)",FG02 SET OF SCREW JAW D1-3/4 (44.45),
JH7182M-00,"FG02-SET OF SCREW JAW D1-5/8 (41,27","FG02 SCREW JAWS D1”5/8 (41,27)","FG02 SET OF SCREW JAW D1-5/8 (41,27)",
EG1979N-00,FG02-SCREW JAWS FOR D16,FG02 SCREW JAWS D16,FG02 SCREW JAWS FOR D16,
LP6954T-00,FG02-SCREW JAWS FOR D17,FG02 SCREW JAWS D17,FG02 SCREW JAWS FOR D17,
BK5180D-00,FG02-SCREW JAWS FOR D18,FG02 SCREW JAWS D18,FG02 SCREW JAWS FOR D18,
WN3663R-00,FG02SCREW JAWS D.19 L30,FG02 SCREW JAWS D19x30,FG02SCREW JAWS D19x30,
HE2237Y-00,"FG02-SET OF SCREW JAW D2 (50,80","FG02 SCREW JAWS D2” (50,80)","FG02 SET OF SCREW JAW D2 (50,80)",
CE6717U-00,"FG02-SET OF SCREW JAW D2-1/2 (63,50","FG02 SCREW JAWS D2”1/2 (63,50)","FG02 SET OF SCREW JAW D2-1/2 (63,50)",
ZC5990Z-00,FG02-SCREW JAWS FOR D20,FG02 SCREW JAWS D20,FG02 SCREW JAWS FOR D20,
PX0243V-00,"FG02-SCREW JAWS D21,34 L14 + W","FG02 SCREW JAWS D21,34x14 + W","FG02 SCREW JAWS D21,34x14 + W",
PL1989C-00,"FG02-SCREW JAWS D21,34 L150 + W","FG02 SCREW JAWS D21,34x150 + W","FG02 SCREW JAWS D21,34x150 + W",
VV5168P-00,"FG02-SCREW JAWS D21,34 L190","FG02 SCREW JAWS D21,34x190","FG02 SCREW JAWS D21,34x190",
WX6069K-00,"FG02-SCREW JAWS D21,34 L340 + W","FG02 SCREW JAWS D21,34x340 + W","FG02 SCREW JAWS D21,34x340 + W",
MM1911X-00,"FG02-SCREW JAWS D21,34 L90","FG02 SCREW JAWS D21,34x90","FG02 SCREW JAWS D21,34x90",
WH0920N-00,FG02SCREW JAWS D.21 L30,FG02 SCREW JAWS D21x30,FG02SCREW JAWS D21x30,
DD8972H-00,FG02-SCREW JAWS FOR D23,FG02 SCREW JAWS D23,FG02 SCREW JAWS FOR D23,
DJ8749E-00,FG02SCREW JAWS D.23 L50,FG02 SCREW JAWS D23x50,FG02SCREW JAWS D23x50,
SV1761Z-00,FG02-SCREW JAWS FOR D24,FG02 SCREW JAWS D24,FG02 SCREW JAWS FOR D24,
PL9968E-00,FG02SCREW JAWS D.24 L30,FG02 SCREW JAWS D24x30,FG02SCREW JAWS D24x30,
GB6100J-00,"FG02-SCREW JAWS D26,67 L14 + W","FG02 SCREW JAWS D26,67x14 + W","FG02 SCREW JAWS D26,67x14 + W",
WC4724G-00,"FG02-SCREW JAWS D26,67 L150 + W","FG02 SCREW JAWS D26,67x150 + W","FG02 SCREW JAWS D26,67x150 + W",
FJ1108L-00,"FG02-SCREW JAWS D26,67 L190","FG02 SCREW JAWS D26,67x190","FG02 SCREW JAWS D26,67x190",
HD5679V-00,"FG02-SCREW JAWS D26,67 L300","FG02 SCREW JAWS D26,67x300","FG02 SCREW JAWS D26,67x300",
HM3837W-00,"FG02-SCREW JAWS D26,67 L340 + W","FG02 SCREW JAWS D26,67x340 + W","FG02 SCREW JAWS D26,67x340 + W",
EU2270C-00,"FG02-SCREW JAWS D26,67 L450","FG02 SCREW JAWS D26,67x450","FG02 SCREW JAWS D26,67x450",
DE5925H-00,"FG02-SCREW JAWS D26,67 L90","FG02 SCREW JAWS D26,67x90","FG02 SCREW JAWS D26,67x90",
AB5853E-00,FG02-SCREW JAWS D27.5,"FG02 SCREW JAWS D27,5","FG02 SCREW JAWS D27,5",
DW3414V-00,"FG02SCREW JAWS D.30,02","FG02 SCREW JAWS D30,02","FG02SCREW JAWS D30,02",
PE2133T-00,"FG02-SCREW JAWS D33,40 L14 + W","FG02 SCREW JAWS D33,40x14 + W","FG02 SCREW JAWS D33,40x14 + W",
XX4412T-00,"FG02-SCREW JAWS D33,40 L150 + W","FG02 SCREW JAWS D33,40x150 + W","FG02 SCREW JAWS D33,40x150 + W",
NK8998C-00,"FG02-SCREW JAWS D33,40 L220","FG02 SCREW JAWS D33,40x220","FG02 SCREW JAWS D33,40x220",
FW1677D-00,"FG02-SCREW JAWS D33,40 L340 + W","FG02 SCREW JAWS D33,40x340 + W","FG02 SCREW JAWS D33,40x340 + W",
DE0451L-00,"FG02-SCREW JAWS D33,40 L90","FG02 SCREW JAWS D33,40x90","FG02 SCREW JAWS D33,40x90",
YA4469T-00,"FG02SCREW JAWS D.34,62","FG02 SCREW JAWS D34,62","FG02SCREW JAWS D34,62",
HX0465A-00,"FG02SCREW JAWS D.35,1","FG02 SCREW JAWS D35,1","FG02SCREW JAWS D35,1",
UN0226A-00,FG02SCREW JAWS D.37,FG02 SCREW JAWS D37,FG02SCREW JAWS D37,
PL6780V-00,"FG02SCREW JAWS D.37,51","FG02 SCREW JAWS D37,51","FG02SCREW JAWS D37,51",
CE2391U-00,FG02-SCREW JAWS D37.8,"FG02 SCREW JAWS D37,8","FG02 SCREW JAWS D37,8",
FW8206X-00,FG02-SCREW JAWS FOR D38,FG02 SCREW JAWS D38,FG02 SCREW JAWS FOR D38,
VX2657U-00,FG02SCREW JAWS D.40,FG02 SCREW JAWS D40,FG02SCREW JAWS D40,
WZ9700Z-00,"FG02SCREW JAWS D.40,5 L30","FG02 SCREW JAWS D40,5x30","FG02SCREW JAWS D40,5x30",
HJ2295H-00,"FG02-SCREW JAWS D42,16 L190","FG02 SCREW JAWS D42,16x190","FG02 SCREW JAWS D42,16x190",
UJ8354H-00,"FG02-SCREW JAWS D42,16 L250","FG02 SCREW JAWS D42,16x250","FG02 SCREW JAWS D42,16x250",
JD9649J-00,"FG02-SCREW JAWS D42,16 L90","FG02 SCREW JAWS D42,16x90","FG02 SCREW JAWS D42,16x90",
ZH9568G-00,"FG02SCREW JAWS D.43,8","FG02 SCREW JAWS D43,8","FG02SCREW JAWS D43,8",
KZ0286B-00,"FG02SCREW JAWS D.44,05","FG02 SCREW JAWS D44,05","FG02SCREW JAWS D44,05",
KU0017G-00,"FG02SCREW JAWS D.46,4 L15","FG02 SCREW JAWS D46,4x15","FG02SCREW JAWS D46,4x15",
AT3512T-00,FG02SCREW JAWS D.48,FG02 SCREW JAWS D48,FG02SCREW JAWS D48,
XC4966K-00,"FG02SCREW JAWS D.49,18","FG02 SCREW JAWS D49,18","FG02SCREW JAWS D49,18",
AL3872H-00,FG02-SCREW JAWS D49.5,"FG02 SCREW JAWS D49,5","FG02 SCREW JAWS D49,5",
LB6529P-00,FG02SCREW JAWS D.50,FG02 SCREW JAWS D50,FG02SCREW JAWS D50,
GS3274G-00,"FG02SCREW JAWS D.50,83","FG02 SCREW JAWS D50,83","FG02SCREW JAWS D50,83",
KU8301H-00,"FG02SCREW JAWS D.51,98","FG02 SCREW JAWS D51,98","FG02SCREW JAWS D51,98",
HN7620N-00,FG02SCREW JAWS D.54,FG02 SCREW JAWS D54,FG02SCREW JAWS D54,
PL7814M-00,"FG02SCREW JAWS D.54,92","FG02 SCREW JAWS D54,92","FG02SCREW JAWS D54,92",
KV5900N-00,FG02SCREW JAWS D.55,FG02 SCREW JAWS D55,FG02SCREW JAWS D55,
AR7271Y-00,"FG02-SCREW JAWS D56,0","FG02 SCREW JAWS D56,0","FG02 SCREW JAWS D56,0",
RA7085J-00,FG02-SCREW JAWS D56.6,"FG02 SCREW JAWS D56,6","FG02 SCREW JAWS D56,6",
WL7898T-00,"FG02SCREW JAWS D.60,33","FG02 SCREW JAWS D60,33","FG02SCREW JAWS D60,33",
BJ4184T-00,FG02-SCREW JAWS D60.7,"FG02 SCREW JAWS D60,7","FG02 SCREW JAWS D60,7",
ZJ0037N-00,FG02-SCREW JAWS D61,FG02 SCREW JAWS D61,FG02 SCREW JAWS D61,
ZU7810D-00,FG02SCREW JAWS D.61 L15,FG02 SCREW JAWS D61x15,FG02SCREW JAWS D61x15,
MA3193R-00,FG02SCREW JAWS D.62 L15,FG02 SCREW JAWS D62x15,FG02SCREW JAWS D62x15,
GB7475T-00,FG02-SCREW JAWS D63.2,"FG02 SCREW JAWS D63,2","FG02 SCREW JAWS D63,2",
DC6377U-00,FG02-SCREW JAWS D64,FG02 SCREW JAWS D64,FG02 SCREW JAWS D64,
VD7418K-00,FG02-SCREW JAWS D64.5,"FG02 SCREW JAWS D64,5","FG02 SCREW JAWS D64,5",
LM1409J-00,FG02SCREW JAWS D.64 L15,FG02 SCREW JAWS D64x15,FG02SCREW JAWS D64x15,
RW3968J-00,FG02-SCREW JAWS D71,FG02 SCREW JAWS D71,FG02 SCREW JAWS D71,
CF1184C-00,FG02SCREW JAWS D.72 L30,FG02 SCREW JAWS D72x30,FG02SCREW JAWS D72x30,
SH0082Y-00,"FG02SCREW JAWS D.74,95 L30","FG02 SCREW JAWS D74,95x30","FG02SCREW JAWS D74,95x30",
AC0674V-00,FG02 GANASCE ATTACCO A VITE D.90,FG02 SCREW JAWS D90,FG02 GANASCE ATTACCO A VITE D90,
TD3168Z-00,FG02-AVV.VITE D10.3 L100 X PINZA610,"FG02 SCREW WRAP-AROUND JAWS D10,3x100","FG02 AVVOLGENTI A VITE D10,3x100 X PINZA610",
THR58530-00,"FG02-AVVOLG. VITE D12,6 L15","FG02 SCREW WRAP-AROUND JAWS D12,6x15","FG02 AVVOLGENTI A VITE D12,6x15",
JW3047G-00,FG02-AVVOLG. VITE D12 L200,FG02 SCREW WRAP-AROUND JAWS D12x200,FG02 AVVOLGENTI A VITE D12x200,
ZT1114S-00,FG02-AVVOLG. VITE D12 L70,FG02 SCREW WRAP-AROUND JAWS D12x70,FG02 AVVOLGENTI A VITE D12x70,
PU5457S-00,FG02-AVVOLG. VITE D16 L50,FG02 SCREW WRAP-AROUND JAWS D16x50,FG02 AVVOLGENTI A VITE D16x50,
ZF3447S-00,FG02- AVVOLGENTE VITE DIAMETRO 18,FG02 SCREW WRAP-AROUND JAWS D18,FG02 AVVOLGENTE A VITE D18,
WE1563E-00,FG02- AVVOLGENTE VITE DIAMETRO 20,FG02 SCREW WRAP-AROUND JAWS D20,FG02 AVVOLGENTE A VITE D20,
PD3865G-00,"FG02-AVV. VITE D25,4 L180","FG02 SCREW WRAP-AROUND JAWS D25,4x180","FG02 AVVOLGENTI A VITE D25,4x180",
KH2744B-00,"FG02-AVV. VITE D26,97 L40","FG02 SCREW WRAP-AROUND JAWS D26,97x40","FG02 AVVOLGENTI A VITE D26,97x40",
YD9759F-00,FG02- AVV. VITE D26 L30 (DIS. 960),FG02 SCREW WRAP-AROUND JAWS D26x30,FG02 GANASCE AVVOLGENTI A VITE D26x30 (DIS. 960),
MN7956V-00,FG02- AVVOLGENTE VITE DIAMETRO 27.7,"FG02 SCREW WRAP-AROUND JAWS D27,7","FG02 AVVOLGENTE A VITE D27,7",
JY2577F-00,"FG02- AVVOLGENTE VITE D.28,5 L20","FG02 SCREW WRAP-AROUND JAWS D28,5x20","FG02 AVVOLGENTE A VITE D28,5x20",
LE9730R-00,"FG02-AVV. VITE D31,75 L210","FG02 SCREW WRAP-AROUND JAWS D31,75x210","FG02 AVVOLGENTI A VITE D31,75x210",
RU2773Y-00,FG02-AVV. VITE D46,FG02 SCREW WRAP-AROUND JAWS D46,FG02 AVVOLGENTI A VITE D46,
GW6722V-00,FG02- AVV. VITE D58 L380 (TUBE_EXT),FG02 SCREW WRAP-AROUND JAWS D58x380,FG02 GANASCE AVVOLGENTI A VITE D58x380 (TUBE_EXT),
ZF8683P-00,FG02-AVV. VITE D60.32,"FG02 SCREW WRAP-AROUND JAWS D60,32","FG02 AVVOLGENTI A VITE D60,32",
AZ4480R-00,FG02-AVV. VITE D60 L400,FG02 SCREW WRAP-AROUND JAWS D60x400,FG02 AVVOLGENTI A VITE D60x400,
XHU80889-00,"FG02-AVVOLG. VITE D9,85 L120","FG02 SCREW WRAP-AROUND JAWS D9,85x120","FG02 AVVOLGENTI A VITE D9,85x120",
EA3096L-00,FG02-SEGREGATION GUARDS,FG02 SEGREGATION GUARDS,FG02 SEGREGATION GUARDS,
XN3042G-00,FG02-UTENSILI MANDPER SZIGI. D30,FG02 SPINDLE TOOLS FOR ROUGHING D30,FG02 UTENSILI MANDPER SGROSSATURA D30,
VAE66550-00,FG02Allargatore D20,FG02 STRETCHER D20,FG02ALLARGATORE D20,
ZYC62653-00,FG02- Allargatore D24 Z2,FG02 STRETCHER D24 Z2,FG02 - ALLARGATORE D24 Z2,
PEF89296-00,FG02-Allargatore D7,FG02 STRETCHER D7,FG02 Allargatore D7,
HVZ18175-00,FG02-UTENSILI PROVE DAS,FG02 TEST TOOLS “DAS”,,
CAA67373-00,FG02BANCO COLLAUDO GIOCHI TESTE CN,FG02 TESTING BENCH CN HEAD BACKLASH,FG02 BANCO COLLAUDO GIOCHI TESTE CN,
FY4173S-00,FG02-THREADING BAR ANDINSERT L16,FG02 THREADING BAR AND INSERT L16,FG02 THREADING BAR ANDINSERT L16,
ES1985B-00,FG02-INSERTI PER FILETTARE L16,FG02 THREADING INSERTS L16,FG02 INSERTI PER FILETTARE L16,
PMB30324-00,FG02LODADEC UT D30 Pieno,FG02 TOOL BAR D30 “LODADEC”,FG02LODADEC UT D30 PIENO,
EJF01289-00,FG02Posacu UT D30 Pieno PIR,FG02 TOOL BAR D30 “POSACU”,,
BNC93632-00,FG02SET Utensili Gurigona Thermo group,FG02 TOOLS “GURIGONA THERMO GROUP”,FG02SET UTENSILI GURIGONA THERMO GROUP,
FE8968J-00,FG02-TOOLS FOR LOVAR,FG02 TOOLS “LOVAR”,FG02 TOOLS FOR LOVAR,
YSH61145-00,FG02-SET UTENS. dis ZUZUGIKN,FG02 TOOLS “ZUZUGIKN”,FG02 SET UTENSILI dis ZUZUGIKN,
WGD17127-00,FG02UTENSILI SOF Limited,FG02 TOOLS “SOF LIMITED”,,
LM1589C-00,FG02 UTENSILI PER DIS. 960,FG02 TOOLS “DRWG. 960”,,
HM5560D-00,FG02-UTENSILI X KELOVINAV185/SESOMN,FG02 TOOLS “KELOVINAV185/SESOMN”,FG02 UTENSILI X KELOVINAV185/SESOMN,
YV2026A-00,FG02UTENSILI BUPANR,FG02 TOOLS “BUPANR”,,
JT7051V-00,FG02-UTENSILI X NOVL BIPIFONUL,FG02 TOOLS “NOVL BIPIFONUL”,FG02 UTENSILI X NOVL BIPIFONUL,
UEB11834-00,"FG02RECUM UT per 1 1/2"" e OR 3",FG02 TOOQJ 9”1/2-OR 3” “RECUM”,"FG02RECUM UTENSILI per 1 1/2"" e OR 3",
UCV08901-00,"FG02RECUM UT per 1 1/4"" e OR 3",FG02 TOOQJ 9”1/4 - OR 3 “RECUM”,"FG02RECUM UTENSILI per 1 1/4"" e OR 3",
DCX37438-00,"FG02RECUM UT per 3/4"" e 1"" INT",FG02 TOOQJ 7/6” - 1” INTERNAL “RECUM”,"FG02RECUM UTENSILI per 3/4"" e 1"" INTERNO",
KAR00971-00,FG02SEGAZ CHAINS UTENSILI4K65402,FG02 TOOQJ 6K65402 “SEGAZ ZECINK”,,
NCB74605-00,FG02SET UTENS. per 7/1620 UNF ALU,FG02 TOOQJ 5/9432 UNF ALUMINIUM,FG02SET UTENSILI per 7/1620 UNF ALU,
GTX64404-00,FG02SET UT Zidabap 7-16 14 UNC,FG02 TOOQJ 5-94 14 UNC “ZIDABAP”,FG02SET UTENSILI Zidabap 7-16 14 UNC,
GU4337K-00,FG02-TOOLS FOR CHAMFERING D37.8-71,"FG02 TOOLS CHAMFERING D37,8-71","FG02 TOOLS FOR CHAMFERING D37,8-71",
ELT86713-00,FG02UT Gibavizeg Cross D10.9 Su quadro,"FG02 TOOLS CROSS D10,9 SQUARE “GIBAVIZEG”",FG02UTENSILI Gibavizeg Cross D10.9 Su quadro,
KRL55092-00,FG02- Set di UT D10D12 Cogaf,FG02 TOOLS D10-12 “COGAF”,FG02 SET di UTENSILI D10D12 Cogaf,
ECP37917-00,FG02UT D12 LOMA,FG02 TOOLS D12 “LOMA”,FG02UTENSILI D12 LOMA,
DPR90158-00,FG02UT D12 TUNL,FG02 TOOLS D12 “TUNL”,FG02UTENSILI D12 TUNL,
VAN55332-00,FG02GEDAKUT D12 M8,FG02 TOOLS D12 M8 “ GEDAK”,FG02GEDAKUTENSILI D12 M8,
RUU91198-00,FG02UT D14 DUZIT,FG02 TOOLS D14 “DUZIT”,FG02UTENSILI D14 DUZIT,
JMU17086-00,FG02SET UTENSILI D15.1 s1.5,"FG02 TOOLS D15,1x1,5","FG02SET UTENSILI D15,1 s1,5",
NDP95218-00,FG02UT D16 DUZIT,FG02 TOOLS D16 “DUZIT”,FG02UTENSILI D16 DUZIT,
ETC65962-00,FG02UT D17 TUNL,FG02 TOOLS D17 “TUNL”,FG02UTENSILI D17 TUNL,
KZY57626-00,FG02- UT D17.5 part 94.3701211,"FG02 TOOLS D17,5 “PART 94.3701211”","FG02 UTENSILI D17,5 part 94.3701211",
SBE91880-00,FG02Set utensili D17.9 s1.95 ALU,"FG02 TOOLS D17,9x1,95 ALUMINIUM","FG02SET UTENSILI D17,9 s1,95 ALU",
XLS50111-00,FG02SET UT D18 Bafuselt,FG02 TOOLS D18 “BAFUSELT”,FG02SET UTENSILI D18 Bafuselt,
NCP89305-00,FG02-UTENS. D18.6 GUL,"FG02 TOOLS D18,6 “GUL”","FG02 UTENSILI D18,6 GUL",
SUL58412-00,FG02UT Becara D19.85 Cross D9.9,"FG02 TOOLS D19,85 CROSS D9,9 “BECARA”","FG02UTENSILI Becara D19,85 Cross D9,9",
WZW16340-00,FG02SET UT D20 Lanask,FG02 TOOLS D20 “LANASK”,FG02SET UTENSILI D20 Lanask,
KXC57279-00,FG02UT D20 SAVAVAMOP 0005320-001-001,FG02 TOOLS D20 “SAVAVAMOP 0005320-001-001,FG02UTENSILI D20 SAVAVAMOP 0005320-001-001,
BZR34017-00,FG02UT D20 SAVAVAMOP 0005322-002-002,FG02 TOOLS D20 “SAVAVAMOP 0005322-002-002,FG02UTENSILI D20 SAVAVAMOP 0005322-002-002,
XRT97241-00,FG02UT D20 CACISK,FG02 TOOLS D20 “CACISK”,FG02UTENSILI D20 CACISK,
SHX24424-00,FG02UT D20 Sapudus dis 94K0719 rev.e,FG02 TOOLS D20 “SAPUDUS PUROKU BOCA.E”,FG02UTENSILI D20 Sapudus dis 94K0719 rev.e,
XSA41285-00,FG02UT D20 DUZIT,FG02 TOOLS D20 “DUZIT”,FG02UTENSILI D20 DUZIT,
TAE79600-00,FG02UT D20 Kokulera,FG02 TOOLS D20 “KOKULERA”,FG02UTENSILI D20 Kokulera,
GYJ07545-00,FG02UT D20 Copavufol,FG02 TOOLS D20 “COPAVUFOL”,FG02UTENSILI D20 Copavufol,
MFC33338-00,FG02RECUM UTENSILI D20,FG02 TOOLS D20 “RECUM”,,
GXJ95261-00,FG02UT D20 TUNL,FG02 TOOLS D20 “TUNL”,FG02UTENSILI D20 TUNL,
HZB19347-00,FG02GOKT UT D20 M8,FG02 TOOLS D20 M8 “GOKT”,FG02GOKT UTENSILI D20 M8,
AJM15414-00,FG02UT D20.5 SAPUDUS,"FG02 TOOLS D20,5 “SAPUDUS”","FG02UTENSILI D20,5 SAPUDUS",
BLP49461-00,FG02- UT D21 per Rd16x2,FG02 TOOLS D21 Rd16x2,FG02 UTENSILI D21 per Rd16x2,
FVS61401-00,FG02SET UT D22 Regud,FG02 TOOLS D22 “REGUD”,FG02SET UTENSILI D22 Regud,
GNK48075-00,FG02UT D22-32 BECARA,FG02 TOOLS D22-32 “BECARA”,FG02UTENSILI D22-32 BECARA,
MKW79217-00,FG02Dedan Tech UTENSILI D24-33,FG02 TOOLS D24-33 “DEDAN TECH.”,FG02DEDAN TECH UTENSILI D24-33,
BBW49347-00,FG02UT D25 SICEMELEL,FG02 TOOLS D25 “SICEMELEL”,FG02UTENSILI D25 SICEMELEL,
VJJ88507-00,FG02UT D25 DUZIT,FG02 TOOLS D25 “DUZIT”,FG02UTENSILI D25 DUZIT,
PNV66499-00,FG02UT D25 Copavufol,FG02 TOOLS D25 “COPAVUFOL”,FG02UTENSILI D25 Copavufol,
DPU64394-00,FG02UT D25 TUNL,FG02 TOOLS D25 “TUNL”,FG02UTENSILI D25 TUNL,
PMD15408-00,FG02GOKT UT D25 M12,FG02 TOOLS D25 M12 “GOKT”,FG02GOKT UTENSILI D25 M12,
UTD64211-00,FG02UTENSILI D25.4 Gopozamu,"FG02 TOOLS D25,4 “GOPOZAMU”","FG02UTENSILI D25,4 Gopozamu",
EUF47722-00,FG02UT D26 Copavufol,FG02 TOOLS D26 “COPAVUFOL”,FG02UTENSILI D26 Copavufol,
MXK50750-00,FG02UTENSILI D26 GONACOCIS IND,FG02 TOOLS D26 “GONACOCIS IND”,,
VRL04236-00,FG02UT D26 TUNL,FG02 TOOLS D26 “TUNL”,FG02UTENSILI D26 TUNL,
WVK72911-00,FG02UT D26 TUS 1-2 GAS,FG02 TOOLS D26 1”- 2” GAS “TUS”,FG02UTENSILI D26 TUS 1-2 GAS,
CG4506S-00,FG02 TUBOS BILOCERA:UTENS. DIAM 27,FG02 TOOLS D27 “TUBOS BILOCERA”,FG02 TUBOS BILOCERA:UTENSILI D27,
WNY24305-00,FG02- UT D27.2 per Rd20x2.5,"FG02 TOOLS D27,2 Rd20x2,5","FG02 UTENSILI D27,2 per Rd20x2.5",
GXR90205-00,FG02UT D28 TUNL,FG02 TOOLS D28 “TUNL”,FG02UTENSILI D28 TUNL,
GAB58512,FG02Dedan Tech UTENSILI D28-33 ALU,FG02 TOOLS D28-33 ALUMIN. “DEDAN TECH.”,FG02DEDAN TECH UTENSILI D28-33 ALU,
MJW56463-00,FG02UT D30 SAVAVAMOP 0005322-002-002,FG02 TOOLS D30 “SAVAVAMOP 0005322-002-002,FG02UTENSILI D30 SAVAVAMOP 0005322-002-002,
DXF25739-00,FG02UT D30 Sapudus dis P043173 rev.f,FG02 TOOLS D30 “SAPUDUS SOZODA BOCA.F”,FG02UTENSILI D30 Sapudus dis P043173 rev.f,
NVU06132-00,FG02UT D30 Copavufol,FG02 TOOLS D30 “COPAVUFOL”,FG02UTENSILI D30 Copavufol,
SYU82678-00,FG02UT D30 TUNL,FG02 TOOLS D30 “TUNL”,FG02UTENSILI D30 TUNL,
FLY73379-00,FG02Set UT D30 Becara,FG02 TOOLS D30 “BECARA”,FG02SET UTENSILI D30 Becara,
DAX74295-00,FG02GOKT UT D30 M8,FG02 TOOLS D30 M8 “GOKT”,FG02GOKT UTENSILI D30 M8,
EGF97445-00,FG02UT D30.5 Vavuzarav,"FG02 TOOLS D30,5 “VAVUZARAV”","FG02UTENSILI D30,5 Vavuzarav",
THD70775-00,FG02UT D30/50 Kokullera,FG02 TOOLS D30/50 “KOKULLERA”,FG02UTENSILI D30/50 Kokullera,
MWG58736-00,"FG02DIDS UTENSILI D31,75 e D34,92","FG02 TOOLS D31,75-D34,92 “DIDS”",,
XGS12392-00,FG02Set utensili D32 per M21 p2.5,"FG02 TOOLS D32 M21x2,5","FG02SET UTENSILI D32 per M21 p2,5",
PZX35207-00,"FG02DIDS UTENSILI D32,1 s3,9","FG02 TOOLS D32,1x3,9 “DIDS”",,
CRP96785-00,FG02SET UT D32-38 tronc 6 RW,FG02 TOOLS D32-D38 CUTTING OFF 6 RW,FG02SET UTENSILI D32-38 tronc 6 RW,
JSA50723-00,"FG02PAW UTENSILI D33 s2,5","FG02 TOOLS D33x2,5 “SUF”",,
WWA45775-00,FG02SET UT D34 KIP-COBL,FG02 TOOLS D34”KIP-COBL”,FG02SET UTENSILI D34 KIP-COBL,
UZE70954-00,FG02UT D36 TUNL,FG02 TOOLS D36 “TUNL”,FG02UTENSILI D36 TUNL,
DRB12713-00,"FG02DIDS UTENSILI D36 s5,1","FG02 TOOLS D36x5,1 “DIDS”",,
RKF59599-00,FG02SET UT D37 PAV,FG02 TOOLS D37 “PAV”,FG02SET UTENSILI D37 PAV,
VTK14621-00,FG02-UT D40 RARENO,FG02 TOOLS D40 “RARENO”,FG02 UTENSILI D40 RARENO,
WNU76719-00,FG02-UT D40 SONON,FG02 TOOLS D40 “SONON”,FG02 UTENSILI D40 SONON,
TXW41771-00,FG02SET UTENSILI D41 Alu PAV,FG02 TOOLS D41 ALUMINIUM “PAV”,,
ZTP54023-00,"FG02PAW UTENSILI D42 s2,5","FG02 TOOLS D42x2,5 “SUF”",,
DJA01873-00,FG02UT D45 DADODAT,FG02 TOOLS D45 “DADODAT”,FG02UTENSILI D45 DADODAT,
BTC59818-00,FG02UT D45 SAVAVAMOP 0013313-001-001,FG02 TOOLS D45 “SAVAVAMOP 0013313-001-001,FG02UTENSILI D45 SAVAVAMOP 0013313-001-001,
HHD53465-00,"FG02DIDS UTENSILI D46,5 D6,55","FG02 TOOLS D46,5-D6,55 “DIDS”",,
HMJ67892-00,"FG02DIDS UTENSILI D47,7 s4,65","FG02 TOOLS D47,7x4,65 “DIDS”",,
XWT02327-00,FG02UT D48-50 CEGADESOL 11 TPI GAS,FG02 TOOLS D48-50x11 TPI GAS “CEGADESOL”,FG02UTENSILI D48-50 CEGADESOL 11 TPI GAS,
FKJ24301-00,FG02UT D48-54 TUS 11 TPI GAS,FG02 TOOLS D48-54x11 TPI GAS “TUS”,FG02UTENSILI D48-54 TUS 11 TPI GAS,
PLM91224-00,FG02SET UT D50 NAZAR,FG02 TOOLS D50 “NAZAR”,FG02SET UTENSILI D50 NAZAR,
CYR82755-00,FG02UT D50 COPAVUFOL,FG02 TOOLS D50 “COPAVUFOL”,FG02UTENSILI D50 COPAVUFOL,
NXS12490-00,FG02UT D50 TUNL,FG02 TOOLS D50 “TUNL”,FG02UTENSILI D50 TUNL,
DHZ93569-00,FG02DIDS UTENSILI D50 D60,FG02 TOOLS D50 D60 “DIDS”,,
ANK25322-00,FG02Set utensili D50 per M34 p3,FG02 TOOLS D50 M34x3,FG02SET UTENSILI D50 per M34 p3,
XWC35895-00,"FG02DIDS UTENSILI D50,8","FG02 TOOLS D50,8 “DIDS”",,
BYM12856-00,FG02Set utensili per D50.8 Cozezu,"FG02 TOOLS D50,8 “COZEZU”",FG02SET UTENSILI per D50.8 Cozezu,
FFM38344-00,"FG02DIDS UTENSILI D50,8 s4,75","FG02 TOOLS D50,8x4,75 “DIDS”",,
TTV68680-00,FG02Set UT D52 NOML,FG02 TOOLS D52 “NOML”,FG02SET UTENSILI D52 NOML,
DBB49702-00,FG02UT D52.4 COPAVUFOL,"FG02 TOOLS D52,4 “COPAVUFOL”","FG02UTENSILI D52,4 COPAVUFOL",
AS3298L-00,FG02-UTENSILI PER D54,FG02 TOOLS D54,FG02 UTENSILI D54,
FDT12570-00,FG02RECUM UT D54,FG02 TOOLS D54 “RECUM”,,
HBS96903-00,FG02UT D54 BELE,FG02 TOOLS D54 BELE”,FG02UTENSILI D54 BELE,
FJX49937-00,FG02UT D54 VOPELEK,FG02 TOOLS D54 VOPELEK”,FG02UTENSILI D54 VOPELEK,
WNS46406-00,FG02UT D54 COPAVUFOL,FG02 TOOLS D54 COPAVUFOL”,FG02UTENSILI D54 COPAVUFOL,
GGM36963-00,FG02ALMOGEZIDO UTENSILI D57.94,"FG02 TOOLS D57,94 “ZES MOGEZIDO”","FG02ALMOGEZIDO UTENSILI D57,94",
CZG48707-00,FG02UT D58 Copavufol 0310749000,FG02 TOOLS D58 “COPAVUFOL 0310749000”,FG02UTENSILI D58 Copavufol 0310749000,
EBL28397-00,FG02UTENSILI D58 Puvadel ZOT,FG02 TOOLS D58 “PUVADEL ZOT”,,
DPH62239-00,FG02UTENSILI D58 DAB Volan RUS,FG02 TOOLS D58 DAB VOLAN RUS”,,
TPJ71238-00,FG02UTENSILI D58 Copavufol,FG02 TOOLS D58 COPAVUFOL”,,
PVZ17211-00,FG02ZILIN UT D59-D60,FG02 TOOLS D59-D60 “ZILIN”,,
GGS47032-00,FG02UTENSILI BUPANR D60,FG02 TOOLS D60 “BUPANR”,,
BGG79378-00,FG02UT VEDIGU D60.3,"FG02 TOOLS D60,3 “VEDIGU”","FG02UTENSILI VEDIGU D60,3",
PYY36140-00,FG02RECUM UT per D60.3,"FG02 TOOLS D60,3 “RECUM”","FG02RECUM UTENSILI D60,3",
VSL99181-00,FG02UT VEDIGU D60.363 ext,"FG02 TOOLS D60,363 EXT. “VEDIGU”","FG02UTENSILI VEDIGU D60,363 ext",
RXH71427-00,"FG02DIDS UTENSILI D60,3 s5,5","FG02 TOOLS D60,3x5,5 “DIDS”",,
XHM54773-00,FG02UT Gibavizeg D60.45 S5 Cross D10,"FG02 TOOLS D60,45x5-CROSS D10 “GIBAVIZEG”","FG02UTENSILI Gibavizeg D60,45 S5 Cross D10",
THP82394-00,FG02UTENSILI BUPANR D60 L9,FG02 TOOLS D60x9 “BUPANR”,FG02UTENSILI BUPANR D60x9,
KZK33787-00,FG02ACOS VIC UTENSILI D61.8 s2.5,"FG02 TOOLS D61,8x2,5 “ACOS RUB”","FG02ACOS VIC UTENSILI D61,8 s2,5",
XAA89428-00,FG02DIDS UTENSILI D76 s8,FG02 TOOLS D76x8 “DIDS”,,
JFZ06422-00,FG02SET UTENS. D8D10 NIGK,FG02 TOOLS D8-10 “NIGK”,FG02SET UTENSILI D8D10 NIGK,
AYN32445-00,FG02UTENSILI Foratura Rd18 GOKT,FG02 TOOLS DRILLING RD18 “GOKT”,,
SLF42665-00,FG02UTENS. CARTELLA PIPE,FG02 TOOLS FLARING PIPE,FG02UTENSILI CARTELLA PIPE,
KPE52248-00,FG02UTENS. CARTELLA PIPE Rullo D30,FG02 TOOLS FLARING PIPE ROLLER D30,FG02UTENSILI CARTELLA PIPE Rullo D30,
UAH23314-00,FG02Refulit UTENSILI Gr 15,FG02 TOOLS GR.15 “REFULIT”,FG02REFULIT UTENSILI Gr 15,
VLJ96819-00,FG02Refulit UTENSILI Gr 25,FG02 TOOLS GR.25 “REFULIT”,FG02REFULIT UTENSILI Gr 25,
ALC56013-00,FG02Refulit UTENSILI Gr 50,FG02 TOOLS GR.50 “REFULIT”,FG02REFULIT UTENSILI Gr 50,
KYU76109-00,FG02UTENSILI CH24 NOML,FG02 TOOLS KEY 24 “NOML”,,
VP9529F-00,FG02-TOOLS KIT,FG02 TOOLS KIT,FG02 TOOLS KIT,
KZ5522K-00,FG02-TOOLS FOR PART N.46776158,FG02 TOOLS PART N.46776158,FG02 TOOLS FOR PART N.46776158,
AR1155H-00,FG02-TOOLS FOR PART N.8200 249 120,FG02 TOOLS PART N.8200 249 120,FG02 TOOLS FOR PART N.8200 249 120,
UDV39344-00,FG02-UTENSILI PEZZO OH USA 2018,FG02 TOOLS PART OH USA 2018,FG02 UTENSILI PEZZO OH USA 2018,
JC8319E-00,FG02-UTENSILI PEZZO OH2015,FG02 TOOLS PART OH2015,FG02 UTENSILI PEZZO OH2015,
SU4525J-00,FG02-UTENSILI PEZZO OH2017,FG02 TOOLS PART OH2017,FG02 UTENSILI PEZZO OH2017,
AH9387D-00,FG02-TOOLS FOR PISAFOG VIN DEMO,FG02 TOOLS PISAFOG VIN DEMO,FG02 TOOLS FOR PISAFOG VIN DEMO,
KEW30797-00,FG02UT Serie RC30 NOTO,FG02 TOOLS RC30 “NOTO”,FG02UTENSILI Serie RC30 NOTO,
RHR45765-00,FG02UT RC30-xx NOTO,FG02 TOOLS RC30-xx “NOTO”,FG02UTENSILI RC30-xx NOTO,
KCZ17762-00,FG02UT JJ92 NOTO,FG02 TOOLS JJ92 “NOTO”,FG02UTENSILI JJ92 NOTO,
GWW77436-00,FG02UT JJ39 NOTO,FG02 TOOLS JJ39 “NOTO”,FG02UTENSILI JJ39 NOTO,
YY5103N-00,FG02-RICAMBI UTENSILI PER SHAFT D15,FG02 TOOLS SHAFT D15 SPARE PARTS,FG02 RICAMBI UTENSILI PER SHAFT D15,
HVP41917-00,FG02UTENSILI FILETTATURA 1/2 BUV,FG02 TOOLS THREADING 1/2” “BUV”,,
UMT95373-00,FG02SET UT Filettatura 2 NPTL25,FG02 TOOLS THREADING 2” NPT L25,FG02SET UTENSILI Filettatura 2 NPTL25,
UUJ26032-00,FG02UTENSILI FILETTATURA 3/4 BUV,FG02 TOOLS THREADING 3/4” “BUV”,,
JYZ17004-00,FG02UT Z Tebevo Tolani,FG02 TOOLS Z “MONUBT TOLANI”,FG02UTENSILI Z Tebevo Tolani,
WL8736A-00,FG02 USO SEGNALE PLC PER CONTAPEZZO,FG02 USE PLC SIGNAL FOR PIECE COUNTER,,
BN3696N-00,FG02 TUBOS BILOCERA: AVV. DIAM 27,FG02 WRAP-AROUND D27 “TUBOS BILOCERA”,FG02 TUBOS BILOCERA: AVVOLGENTI D27,
CE5098D-00,FG02BUPANR GANASCE AVVOLGENTI,FG02 WRAP-AROUND JAWS “BUPANR”,,
RS7039M-00,FG02- AVVOLGENTE D11.65 L15,"FG02 WRAP-AROUND JAWS 11,65x15","FG02 GANASCE AVVOLGENTI 11,65x15",
LM6770X-00,FG02- AVVOLGENTE D15.1 L18,"FG02 WRAP-AROUND JAWS 15,1x18","FG02 GANASCE AVVOLGENTI 15,1x18",
AP0934D-00,"FG02- AVVOLG. D16,29 (0,643 )","FG02 WRAP-AROUND JAWS 16,29 (0,643 )","FG02 GANASCE AVVOLGENTI 16,29 (0,643 )",
GZ7778S-00,"FG02- AVVOLG. D17,50 (0,683-0,697 )","FG02 WRAP-AROUND JAWS 17,50(0,683-0,697)","FG02 GANASCE AVVOLGENTI 17,50 (0,683-0,697 )",
KG8321B-00,"FG02- AVVOLG. D18,36 (0,721-0,728 )","FG02 WRAP-AROUND JAWS 18,36(0,721-0,728)","FG02 GANASCE AVVOLGENTI 18,36 (0,721-0,728 )",
XH4395X-00,"FG02- AVVOLG. D19,33 (0,760-0,765 )","FG02 WRAP-AROUND JAWS 19,33(0,760-0,765)","FG02 GANASCE AVVOLGENTI 19,33 (0,760-0,765 )",
MN3366E-00,FG02- AVVOLGENTE D21.1 L25,"FG02 WRAP-AROUND JAWS 21,1x25","FG02 GANASCE AVVOLGENTI 21,1x25",
HV4681Z-00,"FG02- AVVOLG. D21,35 (0,843 )","FG02 WRAP-AROUND JAWS 21,35 (0,843 )","FG02 GANASCE AVVOLGENTI 21,35 (0,843 )",
VN5714J-00,"FG02- AVVOLG. D22,31 (0,875-0,885 )","FG02 WRAP-AROUND JAWS 22,31(0,875-0,885)","FG02 GANASCE AVVOLGENTI 22,31 (0,875-0,885 )",
VK5050K-00,FG02- AVVOLGENTE D44.45 L60,"FG02 WRAP-AROUND JAWS 44,45x60","FG02 GANASCE AVVOLGENTI 44,45x60",
AS8230K-00,FG02- AVVOLGENTE D50.1 L50,"FG02 WRAP-AROUND JAWS 50,1x50","FG02 GANASCE AVVOLGENTI 50,1x50",
RU2168H-00,FG02- AVVOLGENTE D50 L15,FG02 WRAP-AROUND JAWS 50x15,FG02 GANASCE AVVOLGENTI 50x15,
UT1700S-00,FG02- AVVOLGENTE D60 L18,FG02 WRAP-AROUND JAWS 60x18,FG02 GANASCE AVVOLGENTI 60x18,
RYS51014-00,FG02GANASCE AVVOLGENTI D10.1 L270 D90,"FG02 WRAP-AROUND JAWS D10,1x270 D90","FG02GANASCE AVVOLGENTI D10,1x270 D90",
KFX93168-00,FG02GANASCE AVVOLGENTI D10.69 L60 D90,"FG02 WRAP-AROUND JAWS D10,69x60 D90","FG02GANASCE AVVOLGENTI D10,69x60 D90",
WC7950G-00,FG02AVV D.22 L20 PER D105,FG02 WRAP-AROUND JAWS D105d22x20,FG02 GANASCE AVVOLGENTI D105d22x20,
XCR39309-00,FG02GANASCE AVVOLGENTI D10 L95 PER D105,FG02 WRAP-AROUND JAWS D105xd10x95,FG02GANASCE AVVOLGENTI PER D105xd10x95,
EZU20657-00,FG02GANASCE AVVOLGENTI D12 L140 PER D105,FG02 WRAP-AROUND JAWS D105xd12x140,FG02GANASCE AVVOLGENTI PER D105xd12x140,
VXY45366-00,FG02GANASCE AVVOLGENTI D14 L15 D105,FG02 WRAP-AROUND JAWS D105xd14x15,FG02GANASCE AVVOLGENTI D105xd14x15,
XTR60834-00,FG02GANASCE AVVOLGENTI D15.88 L35 D105,"FG02 WRAP-AROUND JAWS D105xd15,88x35","FG02GANASCE AVVOLGENTI D105xd15,88x35",
YDF82147-00,FG02GANASCE AVVOLGENTI D15 L15 D105,FG02 WRAP-AROUND JAWS D105xd15x15,FG02GANASCE AVVOLGENTI D105xd15x15,
WGG01479-00,FG02GANASCE AVVOLGENTI D16.4 L8 D105,"FG02 WRAP-AROUND JAWS D105xd16,4x8","FG02GANASCE AVVOLGENTI D105xd16,4x8",
FBA47770-00,FG02GANASCE AVVOLGENTI D16 L25 D105,FG02 WRAP-AROUND JAWS D105xd16x25,FG02GANASCE AVVOLGENTI D105xd16x25,
KEV21170-00,FG02GANASCE AVVOLGENTI D16 L440 D105,FG02 WRAP-AROUND JAWS D105xd16x440,FG02GANASCE AVVOLGENTI D105xd16x440,
UG74915-00,FG02GANASCE AVVOLGENTI D18 L20 D105,FG02 WRAP-AROUND JAWS D105xd18x20,FG02GANASCE AVVOLGENTI D105xd18x20,
HPP53567-00,FG02-GANASCE AVVOLGENTI D20 L220 D105,FG02 WRAP-AROUND JAWS D105xd20x220,FG02 GANASCE AVVOLGENTI D105xd20x220,
KBX14404-00,FG02GANASCE AVVOLGENTI D20 L30 D105,FG02 WRAP-AROUND JAWS D105xd20x30,FG02GANASCE AVVOLGENTI D105xd20x30,
KYW95786-00,FG02GANASCE AVVOLGENTI D23.5 L10 D105,"FG02 WRAP-AROUND JAWS D105xd23,5x10","FG02GANASCE AVVOLGENTI D105xd23,5x10",
SZK86207-00,FG02GANASCE AVVOLGENTI D23.6 L30 D105,"FG02 WRAP-AROUND JAWS D105xd23,6x30","FG02GANASCE AVVOLGENTI D105xd23,6x30",
CAY97169-00,FG02GANASCE AVVOLGENTI D23 L18 D105,FG02 WRAP-AROUND JAWS D105xd23x18,FG02GANASCE AVVOLGENTI D105xd23x18,
ZRZ29765-00,FG02GANASCE AVVOLGENTI D24 L15 D105,FG02 WRAP-AROUND JAWS D105xd24x15,FG02GANASCE AVVOLGENTI D105xd24x15,
JLS53326-00,FG02GANASCE AVVOLGENTI D24 L240 D105,FG02 WRAP-AROUND JAWS D105xd24x240,FG02GANASCE AVVOLGENTI D105xd24x240,
MRF53732-00,FG02GANASCE AVVOLGENTI D26.67 L10 D105,"FG02 WRAP-AROUND JAWS D105xd26,67x10","FG02GANASCE AVVOLGENTI D105xd26,67x10",
ZYM59335-00,FG02GANASCE AVVOLGENTI D26.67 L150 D105,"FG02 WRAP-AROUND JAWS D105xd26,67x150","FG02GANASCE AVVOLGENTI D105xd26,67x150",
KMF55754-00,FG02GANASCE AVVOLGENTI D26.67 L240 D105,"FG02 WRAP-AROUND JAWS D105xd26,67x240","FG02GANASCE AVVOLGENTI D105xd26,67x240",
URU79719-00,"FG02GANASCE AVVOLGENTI D26,67 L30 D105","FG02 WRAP-AROUND JAWS D105xd26,67x30","FG02GANASCE AVVOLGENTI D105xd26,67x30",
CUV76364-00,FG02GANASCE AVVOLGENTI D26.67 L340 D105,"FG02 WRAP-AROUND JAWS D105xd26,67x340","FG02GANASCE AVVOLGENTI D105xd26,67x340",
GYF94184-00,FG02GANASCE AVVOLGENTI D26.67 L350 D105,"FG02 WRAP-AROUND JAWS D105xd26,67x350","FG02GANASCE AVVOLGENTI D105xd26,67x350",
UFL18030-00,FG02GANASCE AVVOLGENTI D26.67 L435 D105,"FG02 WRAP-AROUND JAWS D105xd26,67x435","FG02GANASCE AVVOLGENTI D105xd26,67x435",
YWF78706-00,FG02GANASCE AVVOLGENTI D26.67 L440 D105,"FG02 WRAP-AROUND JAWS D105xd26,67x440","FG02GANASCE AVVOLGENTI D105xd26,67x440",
GZF51755-00,FG02GANASCE AVVOLGENTI D26.67 L60 D105,"FG02 WRAP-AROUND JAWS D105xd26,67x60","FG02GANASCE AVVOLGENTI D105xd26,67x60",
KNK75326-00,FG02GANASCE AVVOLGENTI D28.45 L10 D105,"FG02 WRAP-AROUND JAWS D105xd28,45x10","FG02GANASCE AVVOLGENTI D105xd28,45x10",
NYK49525-00,FG02GANASCE AVVOLGENTI D28.6 L30 D105,"FG02 WRAP-AROUND JAWS D105xd28,6x30","FG02GANASCE AVVOLGENTI D105xd28,6x30",
VUM48379-00,FG02GANASCE AVVOLGENTI D29 L10 D105,FG02 WRAP-AROUND JAWS D105xd29x10,FG02GANASCE AVVOLGENTI D105xd29x10,
NZZ16699-00,FG02GANASCE AVVOLGENTI D30.5 L10 D105,"FG02 WRAP-AROUND JAWS D105xd30,5x10","FG02GANASCE AVVOLGENTI D105xd30,5x10",
YDF52249-00,FG02GANASCE AVVOLGENTI D30 L40 D105,FG02 WRAP-AROUND JAWS D105xd30x40,FG02GANASCE AVVOLGENTI D105xd30x40,
VHR50450-00,FG02GANASCE AVVOLGENTI D30 L400 D105,FG02 WRAP-AROUND JAWS D105xd30x400,FG02GANASCE AVVOLGENTI D105xd30x400,
UAA14125-00,FG02GANASCIA AVV D32 L30 D105,FG02 WRAP-AROUND JAWS D105xd32x30,FG02GANASCE AVVOLGENTI D105xd32x30,
LNF57883-00,FG02GANASCIA AVV D32 L50 D105,FG02 WRAP-AROUND JAWS D105xd32x50,FG02GANASCE AVVOLGENTI D105xd32x50,
NPN35384-00,FG02GANASCE AVVOLGENTI D33.4 L10 D105,"FG02 WRAP-AROUND JAWS D105xd33,4x10","FG02GANASCE AVVOLGENTI D105xd33,4x10",
PYL79653-00,FG02GANASCE AVVOLGENTI D33.4 L150 D105,"FG02 WRAP-AROUND JAWS D105xd33,4x150","FG02GANASCE AVVOLGENTI D105xd33,4x150",
TCZ02533-00,FG02GANASCE AVVOLGENTI D33.4 L240 D105,"FG02 WRAP-AROUND JAWS D105xd33,4x240","FG02GANASCE AVVOLGENTI D105xd33,4x240",
JAY43706-00,FG02GANASCE AVVOLGENTI D33.4 L290 D105 NOTO,"FG02 WRAP-AROUND JAWS D105xd33,4x290","FG02GANASCE AVVOLGENTI D105xd33,4x290 NOTO",
VUJ65261-00,FG02GANASCE AVVOLGENTI D33.4 L30 D105,"FG02 WRAP-AROUND JAWS D105xd33,4x30","FG02GANASCE AVVOLGENTI D105xd33,4x30",
XZR69089-00,FG02GANASCE AVVOLGENTI D33.4 L340 D105,"FG02 WRAP-AROUND JAWS D105xd33,4x340","FG02GANASCE AVVOLGENTI D105xd33,4x340",
XPB23812-00,FG02GANASCE AVVOLGENTI D33.4 L390 D105,"FG02 WRAP-AROUND JAWS D105xd33,4x390","FG02GANASCE AVVOLGENTI D105xd33,4x390",
TGK85894-00,FG02GANASCE AVVOLGENTI D33.4 L440 D105,"FG02 WRAP-AROUND JAWS D105xd33,4x440","FG02GANASCE AVVOLGENTI D105xd33,4x440",
DEF97952-00,FG02GANASCE AVVOLGENTI D33.8 L150 D105,"FG02 WRAP-AROUND JAWS D105xd33,8x150","FG02GANASCE AVVOLGENTI D105xd33,8x150",
NRB05502-00,FG02GANASCE AVVOLGENTI D34.92 L40 D105,"FG02 WRAP-AROUND JAWS D105xd34,92x40","FG02GANASCE AVVOLGENTI D105xd34,92x40",
WSA93624-00,FG02GANASCE AVVOLGENTI D35.8 L15 D105,"FG02 WRAP-AROUND JAWS D105xd35,8x15","FG02GANASCE AVVOLGENTI D105xd35,8x15",
DSW36144-00,FG02GANASCE AVVOLGENTI D35.9 L15 D105,"FG02 WRAP-AROUND JAWS D105xd35,9x15","FG02GANASCE AVVOLGENTI D105xd35,9x15",
JYW23614-00,FG02-AVVOLGENTI D36.51 L40 D105,"FG02 WRAP-AROUND JAWS D105xd36,51x40","FG02 AVVOLGENTI D105xd36,51x40",
FXA89769-00,FG02GANASCE AVVOLGENTI D36.525 L10 D105,"FG02 WRAP-AROUND JAWS D105xd36,525x10","FG02GANASCE AVVOLGENTI D105xd36,525x10",
MJH14642-00,FG02GANASCIA AVV D38 L10 D105,FG02 WRAP-AROUND JAWS D105xd38x10,FG02GANASCE AVVOLGENTI D105xd38x10,
DEP17481-00,FG02GANASCE AVVOLGENTI D38 L12 D105,FG02 WRAP-AROUND JAWS D105xd38x12,FG02GANASCE AVVOLGENTI D105xd38x12,
JXZ94113-00,FG02GANASCE AVVOLGENTI D42.16 L240 D105,"FG02 WRAP-AROUND JAWS D105xd42,16x240","FG02GANASCE AVVOLGENTI D105xd42,16x240",
KRS08183-00,FG02GANASCE AVVOLGENTI D42.16 L390 D105,"FG02 WRAP-AROUND JAWS D105xd42,16x390","FG02GANASCE AVVOLGENTI D105xd42,16x390",
CYD75389-00,FG02GANASCE AVVOLGENTI D43.94 L40 D105,"FG02 WRAP-AROUND JAWS D105xd43,94x40","FG02GANASCE AVVOLGENTI D105xd43,94x40",
WRW59668-00,FG02GANASCE AVVOLGENTI D44.5 L15 D105,"FG02 WRAP-AROUND JAWS D105xd44,5x15","FG02GANASCE AVVOLGENTI D105xd44,5x15",
CXK00225-00,FG02GANASCE AVVOLGENTI D44 L150 D105,FG02 WRAP-AROUND JAWS D105xd44x150,FG02GANASCE AVVOLGENTI D105xd44x150,
VDC05860-00,FG02GANASCE AVVOLGENTI D45 L15 D105,FG02 WRAP-AROUND JAWS D105xd45x15,FG02GANASCE AVVOLGENTI D105xd45x15,
CPD11466-00,FG02GANASCE AVVOLGENTI D45 L7 D105,FG02 WRAP-AROUND JAWS D105xd45x7,FG02GANASCE AVVOLGENTI D105xd45x7,
KSG36185-00,FG02GANASCE AVVOLGENTI D46 L20 D105,FG02 WRAP-AROUND JAWS D105xd46x20,FG02GANASCE AVVOLGENTI D105xd46x20,
WHR47252-00,FG02GANASCE AVVOLGENTI D48.26 L240 D105,"FG02 WRAP-AROUND JAWS D105xd48,26x240","FG02GANASCE AVVOLGENTI D105xd48,26x240",
NSG42435-00,FG02GANASCE AVVOLGENTI D48.26 L390 D105,"FG02 WRAP-AROUND JAWS D105xd48,26x390","FG02GANASCE AVVOLGENTI D105xd48,26x390",
YWS00645-00,FG02GANASCE AVVOLGENTI D48.3 L30 D105,"FG02 WRAP-AROUND JAWS D105xd48,3x30","FG02GANASCE AVVOLGENTI D105xd48,3x30",
XUZ07800-00,FG02GANASCE AVVOLGENTI D48.5 L250 D105,"FG02 WRAP-AROUND JAWS D105xd48,5x250","FG02GANASCE AVVOLGENTI D105xd48,5x250",
CRS41186-00,FG02GANASCE AVVOLGENTI D48.5 L410 D105,"FG02 WRAP-AROUND JAWS D105xd48,5x410","FG02GANASCE AVVOLGENTI D105xd48,5x410",
FWG51516-00,FG02GANASCE AVVOLGENTI D48.5 L490 D105,"FG02 WRAP-AROUND JAWS D105xd48,5x490","FG02GANASCE AVVOLGENTI D105xd48,5x490",
RYJ07998-00,FG02GANASCE AVVOLGENTI D48 L15 D105,FG02 WRAP-AROUND JAWS D105xd48x15,FG02GANASCE AVVOLGENTI D105xd48x15,
CXJ94016-00,FG02GANASCE AVVOLGENTI D50.55 L40 D105,"FG02 WRAP-AROUND JAWS D105xd50,55x40","FG02GANASCE AVVOLGENTI D105xd50,55x40",
BML80890-00,FG02GANASCE AVVOLGENTI D50 L15 D105,FG02 WRAP-AROUND JAWS D105xd50x15,FG02GANASCE AVVOLGENTI D105xd50x15,
FSF40411-00,FG02GANASCE AVVOLGENTI D50 L20 D105,FG02 WRAP-AROUND JAWS D105xd50x20,FG02GANASCE AVVOLGENTI D105xd50x20,
WPC11155-00,FG02GANASCE AVVOLGENTI D52 L40 D105,FG02 WRAP-AROUND JAWS D105xd52x40,FG02GANASCE AVVOLGENTI D105xd52x40,
KTT09421-00,FG02GANASCE AVVOLGENTI D54.6 L35 D105,"FG02 WRAP-AROUND JAWS D105xd54,6x35","FG02GANASCE AVVOLGENTI D105xd54,6x35",
TMX78584-00,FG02GANASCE AVVOLGENTI D58 L20 D105,FG02 WRAP-AROUND JAWS D105xd58x20,FG02GANASCE AVVOLGENTI D105xd58x20,
SWK40844-00,FG02GANASCE AVVOLGENTI D60.43 L240 D105,"FG02 WRAP-AROUND JAWS D105xd60,43x240","FG02GANASCE AVVOLGENTI D105xd60,43x240",
PGH14538-00,FG02GANASCE AVVOLGENTI D60.43 L390 D105,"FG02 WRAP-AROUND JAWS D105xd60,43x390","FG02GANASCE AVVOLGENTI D105xd60,43x390",
GTU24198-00,FG02GANASCE AVVOLGENTI D62.74 L40 D105,"FG02 WRAP-AROUND JAWS D105xd62,74x40","FG02GANASCE AVVOLGENTI D105xd62,74x40",
AUZ09394-00,FG02GANASCE AVVOLGENTI D63 L20 D105,FG02 WRAP-AROUND JAWS D105xd63x20,FG02GANASCE AVVOLGENTI D105xd63x20,
SZF67568-00,FG02GANASCE AVVOLGENTI D65.4 L20 D105,"FG02 WRAP-AROUND JAWS D105xd65,4x20","FG02GANASCE AVVOLGENTI D105xd65,4x20",
JAA74822-00,FG02GANASCE AVVOLGENTI D68 L40 D105,FG02 WRAP-AROUND JAWS D105xd68x40,FG02GANASCE AVVOLGENTI D105xd68x40,
ZCH16616-00,FG02GANASCE AVVOLGENTI D70 L280 D105,FG02 WRAP-AROUND JAWS D105xd70x280,FG02GANASCE AVVOLGENTI D105xd70x280,
VAD14880-00,FG02GANASCE AVVOLGENTI D79.2 L70 D105,"FG02 WRAP-AROUND JAWS D105xd79,2x70","FG02GANASCE AVVOLGENTI D105xd79,2x70",
XRW46185-00,FG02GANASCE AVVOLGENTI D80 L30 D105,FG02 WRAP-AROUND JAWS D105xd80x30,FG02GANASCE AVVOLGENTI D105xd80x30,
ECJ12495-00,FG02GANASCE AVVOLGENTI D10 L10,FG02 WRAP-AROUND JAWS D10x10,FG02GANASCE AVVOLGENTI D10x10,
LLP07886-00,FG02GANASCE AVVOLGENTI D10 L150,FG02 WRAP-AROUND JAWS D10x150,FG02GANASCE AVVOLGENTI D10x150,
BDH27502-00,FG02GANASCE AVVOLGENTI D10 L160,FG02 WRAP-AROUND JAWS D10x160,FG02GANASCE AVVOLGENTI D10x160,
NNP99000-00,FG02GANASCE AVVOLGENTI D10 L165,FG02 WRAP-AROUND JAWS D10x165,FG02GANASCE AVVOLGENTI D10x165,
CFJ88343-00,FG02GANASCE AVVOLGENTI D10 L20,FG02 WRAP-AROUND JAWS D10x20,FG02GANASCE AVVOLGENTI D10x20,
FCT64317-00,FG02GANASCE AVVOLGENTI D10 L225,FG02 WRAP-AROUND JAWS D10x225,FG02GANASCE AVVOLGENTI D10x225,
MMZ71136-00,FG02GANASCE AVVOLGENTI D10 L230,FG02 WRAP-AROUND JAWS D10x230,FG02GANASCE AVVOLGENTI D10x230,
UUK06844-00,FG02GANASCE AVVOLGENTI D10 L280,FG02 WRAP-AROUND JAWS D10x280,FG02GANASCE AVVOLGENTI D10x280,
YPE80132-00,FG02GANASCE AVVOLGENTI D10 L300,FG02 WRAP-AROUND JAWS D10x300,FG02GANASCE AVVOLGENTI D10x300,
SBU41222-00,FG02GANASCE AVVOLGENTI D10 L315 D90,FG02 WRAP-AROUND JAWS D10x315 FOR D90,FG02GANASCE AVVOLGENTI D10x315 D90,
UJN25752-00,FG02GANASCE AVVOLGENTI D10 L35,FG02 WRAP-AROUND JAWS D10x35,FG02GANASCE AVVOLGENTI D10x35,
JXU65693-00,FG02GANASCE AVVOLGENTI D10 L350,FG02 WRAP-AROUND JAWS D10x350,FG02GANASCE AVVOLGENTI D10x350,
EAE87460-00,FG02GANASCE AVVOLGENTI D10 L370,FG02 WRAP-AROUND JAWS D10x370,FG02GANASCE AVVOLGENTI D10x370,
AXB00976-00,FG02GANASCE AVVOLGENTI D10 L380,FG02 WRAP-AROUND JAWS D10x380,FG02GANASCE AVVOLGENTI D10x380,
MLV67258-00,FG02GANASCE AVVOLGENTI D10 L40,FG02 WRAP-AROUND JAWS D10x40,FG02GANASCE AVVOLGENTI D10x40,
NLK78703-00,FG02GANASCE AVVOLGENTI D10 L440,FG02 WRAP-AROUND JAWS D10x440,FG02GANASCE AVVOLGENTI D10x440,
RNM84650-00,FG02GANASCE AVVOLGENTI D10 L490,FG02 WRAP-AROUND JAWS D10x490,FG02GANASCE AVVOLGENTI D10x490,
GCC09486-00,FG02GANASCE AVVOLGENTI D10 L500,FG02 WRAP-AROUND JAWS D10x500,FG02GANASCE AVVOLGENTI D10x500,
FUA26143-00,FG02GANASCE AVVOLGENTI D10 L590,FG02 WRAP-AROUND JAWS D10x590,FG02GANASCE AVVOLGENTI D10x590,
CKJ24228-00,FG02GANASCE AVVOLGENTI D10 L60,FG02 WRAP-AROUND JAWS D10x60,FG02GANASCE AVVOLGENTI D10x60,
YBM43893-00,FG02GANASCE AVVOLGENTI D10 L7,FG02 WRAP-AROUND JAWS D10x7,FG02GANASCE AVVOLGENTI D10x7,
LWZ90916-00,FG02GANASCE AVVOLGENTI D10 L90,FG02 WRAP-AROUND JAWS D10x90,FG02GANASCE AVVOLGENTI D10x90,
SVR67359-00,"FG02GANASCE AVVOLGENTI D11,3 L50","FG02 WRAP-AROUND JAWS D11,3x50","FG02GANASCE AVVOLGENTI D11,3x50",
SGW56400-00,FG02GANASCE AVVOLGENTI D11.5 L50 D90,"FG02 WRAP-AROUND JAWS D11,5x50 FOR D90","FG02GANASCE AVVOLGENTI D11,5x50 D90",
JTM93480-00,"FG02GANASCE AVVOLGENTI D11,6 L50","FG02 WRAP-AROUND JAWS D11,6x50","FG02GANASCE AVVOLGENTI D11,6x50",
KSA58414-00,FG02GANASCE AVVOLGENTI D11 L10,FG02 WRAP-AROUND JAWS D11x10,FG02GANASCE AVVOLGENTI D11x10,
UTL49150-00,"FG02GANASCE AVVOLGENTI D12,3 L80","FG02 WRAP-AROUND JAWS D12,3x80","FG02GANASCE AVVOLGENTI D12,3x80",
DED83342-00,FG02GANASCE AVVOLGENTI D12.5 L70,"FG02 WRAP-AROUND JAWS D12,5x70","FG02GANASCE AVVOLGENTI D12,5x70",
XJD66615-00,"FG02GANASCE AVVOLGENTI D12,5 L80","FG02 WRAP-AROUND JAWS D12,5x80","FG02GANASCE AVVOLGENTI D12,5x80",
PC5461Y-00,FG02-AVVOLGENTE D12.70 L60,"FG02 WRAP-AROUND JAWS D12,70x60","FG02 AVVOLGENTI D12,70x60",
ZP5254H-00,FG02-AVVOLGENTE D12.78 L160,"FG02 WRAP-AROUND JAWS D12,78x160","FG02 AVVOLGENTI D12,78x160",
ZEV37836-00,FG02GANASCE AVVOLGENTI D12.7 L10,"FG02 WRAP-AROUND JAWS D12,7x10","FG02GANASCE AVVOLGENTI D12,7x10",
NSA87767-00,FG02GANASCE AVVOLGENTI D12.7 L440,"FG02 WRAP-AROUND JAWS D12,7x440","FG02GANASCE AVVOLGENTI D12,7x440",
ZXH62409-00,"FG02GANASCE AVVOLGENTI D122,6 L140","FG02 WRAP-AROUND JAWS D122,6x140","FG02GANASCE AVVOLGENTI D122,6x140",
GJW61015-00,FG02GANASCE AVVOLGENTI D12 L10,FG02 WRAP-AROUND JAWS D12x10,FG02GANASCE AVVOLGENTI D12x10,
BAR47838-00,FG02GANASCE AVVOLGENTI D12 L12,FG02 WRAP-AROUND JAWS D12x12,FG02GANASCE AVVOLGENTI D12x12,
FSA26481-00,FG02GANASCE AVVOLGENTI D12 L120,FG02 WRAP-AROUND JAWS D12x120,FG02GANASCE AVVOLGENTI D12x120,
JFF85897-00,FG02GANASCE AVVOLGENTI D12 L15,FG02 WRAP-AROUND JAWS D12x15,FG02GANASCE AVVOLGENTI D12x15,
KYS27850-00,FG02GANASCE AVVOLGENTI D12 L15 D90,FG02 WRAP-AROUND JAWS D12x15 FOR D90,FG02GANASCE AVVOLGENTI D12x15 D90,
KEE71453-00,FG02GANASCE AVVOLGENTI D12 L180,FG02 WRAP-AROUND JAWS D12x180,FG02GANASCE AVVOLGENTI D12x180,
JKY46347-00,FG02GANASCE AVVOLGENTI D12 L20,FG02 WRAP-AROUND JAWS D12x20,FG02GANASCE AVVOLGENTI D12x20,
PCW05127-00,FG02GANASCE AVVOLGENTI D12 L210,FG02 WRAP-AROUND JAWS D12x210,FG02GANASCE AVVOLGENTI D12x210,
CKZ27887-00,FG02GANASCE AVVOLGENTI D12 L270,FG02 WRAP-AROUND JAWS D12x270,FG02GANASCE AVVOLGENTI D12x270,
JZT87593-00,FG02GANASCE AVVOLGENTI D12 L360,FG02 WRAP-AROUND JAWS D12x360,FG02GANASCE AVVOLGENTI D12x360,
SUP85056-00,FG02GANASCE AVVOLGENTI D12 L380,FG02 WRAP-AROUND JAWS D12x380,FG02GANASCE AVVOLGENTI D12x380,
DUZ69847-00,FG02GANASCE AVVOLGENTI D12 L450,FG02 WRAP-AROUND JAWS D12x450,FG02GANASCE AVVOLGENTI D12x450,
TSV05455-00,FG02GANASCE AVVOLGENTI D12 L50,FG02 WRAP-AROUND JAWS D12x50,FG02GANASCE AVVOLGENTI D12x50,
KV4898G-00,FG02-AVVOLGENTI D12 L8,FG02 WRAP-AROUND JAWS D12x8,FG02 AVVOLGENTI D12x8,
NCE49875-00,FG02GANASCE AVVOLGENTI D12 L90,FG02 WRAP-AROUND JAWS D12x90,FG02GANASCE AVVOLGENTI D12x90,
YXC92288-00,"FG02GANASCE AVVOLGENTI D13,4 L100","FG02 WRAP-AROUND JAWS D13,4x100","FG02GANASCE AVVOLGENTI D13,4x100",
JNS85365-00,"FG02GANASCE AVVOLGENTI D13,4 L80","FG02 WRAP-AROUND JAWS D13,4x80","FG02GANASCE AVVOLGENTI D13,4x80",
BNG34211-00,FG02GANASCE AVVOLGENTI D13.5 L15,"FG02 WRAP-AROUND JAWS D13,5x15","FG02GANASCE AVVOLGENTI D13,5x15",
TY9300Y-00,"FG02-AVVOLGENTI D13,5 L25","FG02 WRAP-AROUND JAWS D13,5x25","FG02 AVVOLGENTI D13,5x25",
WYS24649-00,"FG02GANASCE AVVOLGENTI D13,7 L10","FG02 WRAP-AROUND JAWS D13,7x10","FG02GANASCE AVVOLGENTI D13,7x10",
CWD91895-00,"FG02GANASCE AVVOLGENTI D13,7 L110","FG02 WRAP-AROUND JAWS D13,7x110","FG02GANASCE AVVOLGENTI D13,7x110",
LPL88217-00,"FG02GANASCE AVVOLGENTI D13,7 L165","FG02 WRAP-AROUND JAWS D13,7x165","FG02GANASCE AVVOLGENTI D13,7x165",
RGL13928-00,"FG02GANASCE AVVOLGENTI D13,7 L215","FG02 WRAP-AROUND JAWS D13,7x215","FG02GANASCE AVVOLGENTI D13,7x215",
CAP85932-00,"FG02GANASCE AVVOLGENTI D13,7 L265","FG02 WRAP-AROUND JAWS D13,7x265","FG02GANASCE AVVOLGENTI D13,7x265",
WVF29205-00,"FG02GANASCE AVVOLGENTI D13,7 L315","FG02 WRAP-AROUND JAWS D13,7x315","FG02GANASCE AVVOLGENTI D13,7x315",
FST43334-00,"FG02GANASCE AVVOLGENTI D13,7 L365","FG02 WRAP-AROUND JAWS D13,7x365","FG02GANASCE AVVOLGENTI D13,7x365",
GXD71184-00,"FG02GANASCE AVVOLGENTI D13,7 L415","FG02 WRAP-AROUND JAWS D13,7x415","FG02GANASCE AVVOLGENTI D13,7x415",
DPB90374-00,"FG02GANASCE AVVOLGENTI D13,7 L470","FG02 WRAP-AROUND JAWS D13,7x470","FG02GANASCE AVVOLGENTI D13,7x470",
ADB37770-00,"FG02GANASCE AVVOLGENTI D13,7 L520","FG02 WRAP-AROUND JAWS D13,7x520","FG02GANASCE AVVOLGENTI D13,7x520",
FYV19784-00,"FG02GANASCE AVVOLGENTI D13,7 L60","FG02 WRAP-AROUND JAWS D13,7x60","FG02GANASCE AVVOLGENTI D13,7x60",
YCG79790-00,FG02GANASCE AVVOLGENTI D13 L45,FG02 WRAP-AROUND JAWS D13x45,FG02GANASCE AVVOLGENTI D13x45,
UMT56686-00,FG02GANASCE AVVOLGENTI D13 L5,FG02 WRAP-AROUND JAWS D13x5,FG02GANASCE AVVOLGENTI D13x5,
HJH92568-00,FG02GANASCE AVVOLGENTI D14.1 L150,"FG02 WRAP-AROUND JAWS D14,1x150","FG02GANASCE AVVOLGENTI D14,1x150",
GTG38996-00,"FG02GANASCE AVVOLGENTI D14,2 L50","FG02 WRAP-AROUND JAWS D14,2x50","FG02GANASCE AVVOLGENTI D14,2x50",
KX4663R-00,FG02-AVVOLGENTE D14.48 L90,"FG02 WRAP-AROUND JAWS D14,48x90","FG02 AVVOLGENTI D14,48x90",
YRD27596-00,"FG02GANASCE AVVOLGENTI D14,5 L90","FG02 WRAP-AROUND JAWS D14,5x90","FG02GANASCE AVVOLGENTI D14,5x90",
LRN81027-00,FG02GANASCE AVVOLGENTI D14 L110,FG02 WRAP-AROUND JAWS D14x110,FG02GANASCE AVVOLGENTI D14x110,
UTY53811-00,FG02GANASCE AVVOLGENTI D14 L14,FG02 WRAP-AROUND JAWS D14x14,FG02GANASCE AVVOLGENTI D14x14,
XNS32933-00,FG02GANASCE AVVOLGENTI D14 L20,FG02 WRAP-AROUND JAWS D14x20,FG02GANASCE AVVOLGENTI D14x20,
XKS65958-00,FG02GANASCE AVVOLGENTI D14 L210,FG02 WRAP-AROUND JAWS D14x210,FG02GANASCE AVVOLGENTI D14x210,
BEY83925-00,FG02GANASCE AVVOLGENTI D14 L30,FG02 WRAP-AROUND JAWS D14x30,FG02GANASCE AVVOLGENTI D14x30,
XUV14923-00,FG02GANASCE AVVOLGENTI D14 L5,FG02 WRAP-AROUND JAWS D14x5,FG02GANASCE AVVOLGENTI D14x5,
XE1758K-00,FG02-AVVOLGENTI D.14 L70,FG02 WRAP-AROUND JAWS D14x70,FG02 AVVOLGENTI D14x70,
GV4067P-00,FG02-AVVOLGENTI D.15,FG02 WRAP-AROUND JAWS D15,FG02 AVVOLGENTI D15,
SB0271Z-00,FG02-AVVOLGENTE D15.72 L15,"FG02 WRAP-AROUND JAWS D15,72x15","FG02 AVVOLGENTI D15,72x15",
UJ1752K-00,FG02-AVVOLGENTE D15.88 L140,"FG02 WRAP-AROUND JAWS D15,88x140","FG02 AVVOLGENTI D15,88x140",
VR4334Y-00,FG02-AVVOLGENTE D15.88 L80,"FG02 WRAP-AROUND JAWS D15,88x80","FG02 AVVOLGENTI D15,88x80",
KKJ13186-00,FG02GANASCE AVVOLGENTI D15.8 L25,"FG02 WRAP-AROUND JAWS D15,8x25","FG02GANASCE AVVOLGENTI D15,8x25",
SZ1915E-00,FG02AVVOLGENTE D15.9,"FG02 WRAP-AROUND JAWS D15,9","FG02 GANASCE AVVOLGENTI D15,9",
YHZ51468-00,FG02 GANASCE AVVOLGENTI D15 L200,FG02 WRAP-AROUND JAWS D15x200,FG02 GANASCE AVVOLGENTI D15x200,
ASR22803-00,FG02GANASCE AVVOLGENTI D15 L25,FG02 WRAP-AROUND JAWS D15x25,FG02GANASCE AVVOLGENTI D15x25,
NBL99511-00,FG02GANASCE AVVOLGENTI D15 L8,FG02 WRAP-AROUND JAWS D15x8,FG02GANASCE AVVOLGENTI D15x8,
AJT89594-00,FG02GANASCE AVVOLGENTI D15 L90,FG02 WRAP-AROUND JAWS D15x90,FG02GANASCE AVVOLGENTI D15x90,
MSN44226-00,FG02GANASCE AVVOLGENTI D16.6 L12,"FG02 WRAP-AROUND JAWS D16,6x12","FG02GANASCE AVVOLGENTI D16,6x12",
ZZ0088X-00,FG02-AVVOLGENTE D16 L120,FG02 WRAP-AROUND JAWS D16x120,FG02 AVVOLGENTI D16x120,
RBA62877-00,FG02-AVVOLGENTI D16 L130,FG02 WRAP-AROUND JAWS D16x130,FG02 AVVOLGENTI D16x130,
URN08112-00,FG02GANASCE AVVOLGENTI D16 L18,FG02 WRAP-AROUND JAWS D16x18,FG02GANASCE AVVOLGENTI D16x18,
ASN93212-00,FG02-AVVOLGENTI D16 L220,FG02 WRAP-AROUND JAWS D16x220,FG02 AVVOLGENTI D16x220,
NM7141U-00,FG02-AVVOLGENTI D16 L250,FG02 WRAP-AROUND JAWS D16x250,FG02 AVVOLGENTI D16x250,
HEC62864-00,FG02-AVVOLGENTI D16 L260,FG02 WRAP-AROUND JAWS D16x260,FG02 AVVOLGENTI D16x260,
HXM88082-00,FG02GANASCE AVVOLGENTI D16 L30,FG02 WRAP-AROUND JAWS D16x30,FG02GANASCE AVVOLGENTI D16x30,
VZJ66574-00,FG02GANASCE AVVOLGENTI D16 L7,FG02 WRAP-AROUND JAWS D16x7,FG02GANASCE AVVOLGENTI D16x7,
DB4505C-00,FG02-AVVOLGENTI D.16 L80,FG02 WRAP-AROUND JAWS D16x80,FG02 AVVOLGENTI D16x80,
VGG57061-00,FG02GANASCE AVVOLGENTI D16 L90,FG02 WRAP-AROUND JAWS D16x90,FG02GANASCE AVVOLGENTI D16x90,
AMW58655-00,"FG02GANASCE AVVOLGENTI D17,1 L10","FG02 WRAP-AROUND JAWS D17,1x10","FG02GANASCE AVVOLGENTI D17,1x10",
TWR21201-00,"FG02GANASCE AVVOLGENTI D17,1 L110","FG02 WRAP-AROUND JAWS D17,1x110","FG02GANASCE AVVOLGENTI D17,1x110",
VEM60938-00,"FG02GANASCE AVVOLGENTI D17,1 L190","FG02 WRAP-AROUND JAWS D17,1x190","FG02GANASCE AVVOLGENTI D17,1x190",
AKF25032-00,"FG02GANASCE AVVOLGENTI D17,1 L265","FG02 WRAP-AROUND JAWS D17,1x265","FG02GANASCE AVVOLGENTI D17,1x265",
MTM72928-00,"FG02GANASCE AVVOLGENTI D17,1 L340","FG02 WRAP-AROUND JAWS D17,1x340","FG02GANASCE AVVOLGENTI D17,1x340",
XRJ73210-00,"FG02GANASCE AVVOLGENTI D17,1 L35","FG02 WRAP-AROUND JAWS D17,1x35","FG02GANASCE AVVOLGENTI D17,1x35",
BZW97298-00,"FG02GANASCE AVVOLGENTI D17,1 L415","FG02 WRAP-AROUND JAWS D17,1x415","FG02GANASCE AVVOLGENTI D17,1x415",
WPK28006-00,"FG02GANASCE AVVOLGENTI D17,1 L490","FG02 WRAP-AROUND JAWS D17,1x490","FG02GANASCE AVVOLGENTI D17,1x490",
WXA07202-00,FG02GANASCE AVVOLGENTI D17.5 L30 PER D90,"FG02 WRAP-AROUND JAWS D17,5x30 FOR D90","FG02GANASCE AVVOLGENTI D17,5x30 PER D90",
YHS58326-00,FG02GANASCE AVVOLGENTI D17.5 L70,"FG02 WRAP-AROUND JAWS D17,5x70","FG02GANASCE AVVOLGENTI D17,5x70",
XLU02738-00,"FG02-GANASCE AVVOLGENTI D17,9 L250","FG02 WRAP-AROUND JAWS D17,9x250","FG02 GANASCE AVVOLGENTI D17,9x250",
JHC48932-00,FG02GANASCE AVVOLGENTI D17 L15,FG02 WRAP-AROUND JAWS D17x15,FG02GANASCE AVVOLGENTI D17x15,
EYH18187-00,FG02-GANASCE AVVOLGENTI D17 L240,FG02 WRAP-AROUND JAWS D17x240,FG02 GANASCE AVVOLGENTI D17x240,
DCM10886-00,FG02GANASCE AVVOLGENTI D17 L80,FG02 WRAP-AROUND JAWS D17x80,FG02GANASCE AVVOLGENTI D17x80,
BN8533A-00,FG02-AVVOLGENTI D18.2 L140,"FG02 WRAP-AROUND JAWS D18,2x140","FG02 AVVOLGENTI D18,2x140",
WZ7881W-00,FG02-AVVOLGENTI D18.3 L20,"FG02 WRAP-AROUND JAWS D18,3x20","FG02 AVVOLGENTI D18,3x20",
LN3959V-00,FG02-AVVOLGENTI D18.5 L20,"FG02 WRAP-AROUND JAWS D18,5x20","FG02 AVVOLGENTI D18,5x20",
JR5598S-00,FG02-AVVOLGENTI D18.6 L150,"FG02 WRAP-AROUND JAWS D18,6x150","FG02 AVVOLGENTI D18,6x150",
FVW17456-00,FG02GANASCE AVVOLGENTI D18 L10,FG02 WRAP-AROUND JAWS D18x10,FG02GANASCE AVVOLGENTI D18x10,
YXM59092-00,FG02GANASCE AVVOLGENTI D18 L100,FG02 WRAP-AROUND JAWS D18x100,FG02GANASCE AVVOLGENTI D18x100,
KZF45532-00,FG02GANASCE AVVOLGENTI D18 L120,FG02 WRAP-AROUND JAWS D18x120,FG02GANASCE AVVOLGENTI D18x120,
NSN18183-00,FG02GANASCE AVVOLGENTI D18 L170,FG02 WRAP-AROUND JAWS D18x170,FG02GANASCE AVVOLGENTI D18x170,
NES41743-00,FG02GANASCE AVVOLGENTI D18 L280,FG02 WRAP-AROUND JAWS D18x280,FG02GANASCE AVVOLGENTI D18x280,
XNC27516-00,FG02GANASCE AVVOLGENTI D18 L30,FG02 WRAP-AROUND JAWS D18x30,FG02GANASCE AVVOLGENTI D18x30,
JYY99797-00,FG02GANASCE AVVOLGENTI D18 L40,FG02 WRAP-AROUND JAWS D18x40,FG02GANASCE AVVOLGENTI D18x40,
CWJ98524-00,FG02GANASCE AVVOLGENTI D18 L80,FG02 WRAP-AROUND JAWS D18x80,FG02GANASCE AVVOLGENTI D18x80,
JD3541C-00,FG02-AVVOLGENTE D19.05 L13,"FG02 WRAP-AROUND JAWS D19,05x13","FG02 AVVOLGENTI D19,05x13",
ZMH71038-00,"FG02GANASCE AVVOLGENTI D19,05 L15","FG02 WRAP-AROUND JAWS D19,05x15","FG02GANASCE AVVOLGENTI D19,05x15",
YWT73090-00,FG02GANASCE AVVOLGENTI D19.05 L430,"FG02 WRAP-AROUND JAWS D19,05x430","FG02GANASCE AVVOLGENTI D19,05x430",
KB1495N-00,FG02-AVVOLGENTE D19.05 L90,"FG02 WRAP-AROUND JAWS D19,05x90","FG02 AVVOLGENTI D19,05x90",
UAG29075-00,FG02GANASCE AVVOLGENTI D19.1 L340,"FG02 WRAP-AROUND JAWS D19,1x340","FG02GANASCE AVVOLGENTI D19,1x340",
ABS40293-00,FG02GANASCE AVVOLGENTI D19.1 L440,"FG02 WRAP-AROUND JAWS D19,1x440","FG02GANASCE AVVOLGENTI D19,1x440",
RU3076X-00,FG02-AVVOLGENTI D2 A DEFINIRE,FG02 WRAP-AROUND JAWS D2 TO BE DEFINED,FG02 AVVOLGENTI D2 A DEFINIRE,
HGJ15179-00,"FG02GANASCE AVVOLGENTI D20,5 L180","FG02 WRAP-AROUND JAWS D20,5x180","FG02GANASCE AVVOLGENTI D20,5x180",
EGP08970-00,FG02GANASCE AVVOLGENTI D20.5 L25,"FG02 WRAP-AROUND JAWS D20,5x25","FG02GANASCE AVVOLGENTI D20,5x25",
RHS55906-00,"FG02-GANASCE AVVOLGENTI D20,5 L250","FG02 WRAP-AROUND JAWS D20,5x250","FG02 GANASCE AVVOLGENTI D20,5x250",
KSH69963-00,FG02GANASCE AVVOLGENTI D20.5 L78,"FG02 WRAP-AROUND JAWS D20,5x78","FG02GANASCE AVVOLGENTI D20,5x78",
LJ4000F-00,FG02-AVVOLGENTI D20.62 L70,"FG02 WRAP-AROUND JAWS D20,62x70","FG02 AVVOLGENTI D20,62x70",
MGW27867-00,FG02GANASCE AVVOLGENTI D20 L10,FG02 WRAP-AROUND JAWS D20x10,FG02GANASCE AVVOLGENTI D20x10,
TU7032D-00,FG02-AVVOLGENTE D20 L100,FG02 WRAP-AROUND JAWS D20x100,FG02 AVVOLGENTI D20x100,
PGS08007-00,FG02GANASCE AVVOLGENTI D20 L12,FG02 WRAP-AROUND JAWS D20x12,FG02GANASCE AVVOLGENTI D20x12,
CBW38945-00,FG02GANASCE AVVOLGENTI D20 L120,FG02 WRAP-AROUND JAWS D20x120,FG02GANASCE AVVOLGENTI D20x120,
SYL38110-00,FG02GANASCE AVVOLGENTI D20 L20,FG02 WRAP-AROUND JAWS D20x20,FG02GANASCE AVVOLGENTI D20x20,
RN1213Z-00,FG02-AVVOLGENTI D20 L220,FG02 WRAP-AROUND JAWS D20x220,FG02 AVVOLGENTI D20x220,
PEM11853-00,FG02GANASCE AVVOLGENTI D20 L30,FG02 WRAP-AROUND JAWS D20x30,FG02GANASCE AVVOLGENTI D20x30,
DNS99535-00,FG02-GANASCE AVVOLGENTI D20 L380,FG02 WRAP-AROUND JAWS D20x380,FG02 GANASCE AVVOLGENTI D20x380,
DXR35816-00,FG02-GANASCE AVVOLGENTI D20 L400,FG02 WRAP-AROUND JAWS D20x400,FG02 GANASCE AVVOLGENTI D20x400,
FWV92020-00,FG02GANASCE AVVOLGENTI D20 L50,FG02 WRAP-AROUND JAWS D20x50,FG02GANASCE AVVOLGENTI D20x50,
RBG68645-00,FG02GANASCE AVVOLGENTI D20 L90,FG02 WRAP-AROUND JAWS D20x90,FG02GANASCE AVVOLGENTI D20x90,
NT2618Z-00,"FG02AVV. D.21,33 L.14","FG02 WRAP-AROUND JAWS D21,33x14","FG02 GANASCE AVVOLGENTI D21,33x14",
KY9976R-00,"FG02AVV. D.21,33 L.250","FG02 WRAP-AROUND JAWS D21,33x250","FG02 GANASCE AVVOLGENTI D21,33x250",
GY1112U-00,"FG02AVV. D.21,33 L.50","FG02 WRAP-AROUND JAWS D21,33x50","FG02 GANASCE AVVOLGENTI D21,33x50",
VE3650M-00,"FG02AVV. D.21,33 L.520","FG02 WRAP-AROUND JAWS D21,33x520","FG02 GANASCE AVVOLGENTI D21,33x520",
SXP20019-00,"FG02GANASCE AVVOLGENTI D21,3 L105","FG02 WRAP-AROUND JAWS D21,3x105","FG02GANASCE AVVOLGENTI D21,3x105",
DB3626C-00,"FG02-AVVOLGENTI D21,3 L130","FG02 WRAP-AROUND JAWS D21,3x130","FG02 AVVOLGENTI D21,3x130",
BF3386E-00,"FG02-AVVOLGENTI D21,3 L15","FG02 WRAP-AROUND JAWS D21,3x15","FG02 AVVOLGENTI D21,3x15",
CB9305R-00,"FG02-AVVOLGENTI D21,3 L170","FG02 WRAP-AROUND JAWS D21,3x170","FG02 AVVOLGENTI D21,3x170",
GRR99282-00,"FG02GANASCE AVVOLGENTI D21,3 L180","FG02 WRAP-AROUND JAWS D21,3x180","FG02GANASCE AVVOLGENTI D21,3x180",
FVR27681-00,FG02GANASCE AVVOLGENTI D21.3 L20,"FG02 WRAP-AROUND JAWS D21,3x20","FG02GANASCE AVVOLGENTI D21,3x20",
US7999R-00,"FG02-AVVOLGENTI D21,3 L210","FG02 WRAP-AROUND JAWS D21,3x210","FG02 AVVOLGENTI D21,3x210",
DFL93552-00,"FG02GANASCE AVVOLGENTI D21,3 L25","FG02 WRAP-AROUND JAWS D21,3x25","FG02GANASCE AVVOLGENTI D21,3x25",
VP1103A-00,"FG02-AVVOLGENTI D21,3 L250","FG02 WRAP-AROUND JAWS D21,3x250","FG02 AVVOLGENTI D21,3x250",
JKK06923-00,"FG02GANASCE AVVOLGENTI D21,3 L255","FG02 WRAP-AROUND JAWS D21,3x255","FG02GANASCE AVVOLGENTI D21,3x255",
JX9942K-00,"FG02-AVVOLGENTI D21,3 L290","FG02 WRAP-AROUND JAWS D21,3x290","FG02 AVVOLGENTI D21,3x290",
NF8933X-00,"FG02-AVVOLGENTI D21,3 L330","FG02 WRAP-AROUND JAWS D21,3x330","FG02 AVVOLGENTI D21,3x330",
BE3820M-00,"FG02-AVVOLGENTI D21,3 L370","FG02 WRAP-AROUND JAWS D21,3x370","FG02 AVVOLGENTI D21,3x370",
TV3886U-00,"FG02-AVVOLGENTI D21,3 L410","FG02 WRAP-AROUND JAWS D21,3x410","FG02 AVVOLGENTI D21,3x410",
GG4267P-00,"FG02-AVVOLGENTI D21,3 L450","FG02 WRAP-AROUND JAWS D21,3x450","FG02 AVVOLGENTI D21,3x450",
DPB45473-00,"FG02GANASCE AVVOLGENTI D21,3 L485","FG02 WRAP-AROUND JAWS D21,3x485","FG02GANASCE AVVOLGENTI D21,3x485",
EN6844E-00,"FG02-AVVOLGENTI D21,3 L50","FG02 WRAP-AROUND JAWS D21,3x50","FG02 AVVOLGENTI D21,3x50",
JDB00048-00,FG02GANASCE AVVOLGENTI D21.3 L550,"FG02 WRAP-AROUND JAWS D21,3x550","FG02GANASCE AVVOLGENTI D21,3x550",
PBK06493-00,"FG02GANASCE AVVOLGENTI D21,3 L8","FG02 WRAP-AROUND JAWS D21,3x8","FG02GANASCE AVVOLGENTI D21,3x8",
CXX79631-00,FG02GANASCE AVVOLGENTI D21.3 L80,"FG02 WRAP-AROUND JAWS D21,3x80","FG02GANASCE AVVOLGENTI D21,3x80",
KC3932L-00,"FG02-AVVOLGENTI D21,3 L90","FG02 WRAP-AROUND JAWS D21,3x90","FG02 AVVOLGENTI D21,3x90",
TJ4839K-00,FG02-AVVOLGENTI D21.5 L180,"FG02 WRAP-AROUND JAWS D21,5x180","FG02 AVVOLGENTI D21,5x180",
FWP62433-00,FG02GANASCE AVVOLGENTI D21 L100,FG02 WRAP-AROUND JAWS D21x100,FG02GANASCE AVVOLGENTI D21x100,
WZK60544-00,FG02GANASCE AVVOLGENTI D21 L15,FG02 WRAP-AROUND JAWS D21x15,FG02GANASCE AVVOLGENTI D21x15,
XJP43918-00,FG02GANASCE AVVOLGENTI D21 L40,FG02 WRAP-AROUND JAWS D21x40,FG02GANASCE AVVOLGENTI D21x40,
BB6258K-00,FG02-AVVOLGENTI D21 L8,FG02 WRAP-AROUND JAWS D21x8,FG02 AVVOLGENTI D21x8,
EZ7232Z-00,"FG02-AVVOLGENTI D22,22 L30","FG02 WRAP-AROUND JAWS D22,22x30","FG02 AVVOLGENTI D22,22x30",
HM7965R-00,FG02-AVVOLGENTE D22.23 L20,"FG02 WRAP-AROUND JAWS D22,23x20","FG02 AVVOLGENTI D22,23x20",
FA3478V-00,FG02-AVVOLGENTI D22.2 L160,"FG02 WRAP-AROUND JAWS D22,2x160","FG02 AVVOLGENTI D22,2x160",
KU3443D-00,FG02-AVVOLGENTI D22.3 L25,"FG02 WRAP-AROUND JAWS D22,3x25","FG02 AVVOLGENTI D22,3x25",
HW1381M-00,FG02-AVVOLGENTI D22.6 L220,"FG02 WRAP-AROUND JAWS D22,6x220","FG02 AVVOLGENTI D22,6x220",
SR0984V-00,FG02-AVVOLGENTI D22.6 L25,"FG02 WRAP-AROUND JAWS D22,6x25","FG02 AVVOLGENTI D22,6x25",
PGM20134-00,FG02GANASCE AVVOLGENTI D22 L30,FG02 WRAP-AROUND JAWS D22x30,FG02GANASCE AVVOLGENTI D22x30,
JMS35758-00,FG02GANASCE AVVOLGENTI D22 L5,FG02 WRAP-AROUND JAWS D22x5,FG02GANASCE AVVOLGENTI D22x5,
RFT28969-00,FG02GANASCE AVVOLGENTI D22 L50,FG02 WRAP-AROUND JAWS D22x50,FG02GANASCE AVVOLGENTI D22x50,
RF8014T-00,FG02-AVVOLGENTI D22 L60,FG02 WRAP-AROUND JAWS D22x60,FG02 AVVOLGENTI D22x60,
YDU91443-00,FG02GANASCE AVVOLGENTI D22 L8,FG02 WRAP-AROUND JAWS D22x8,FG02GANASCE AVVOLGENTI D22x8,
WVV82212-00,FG02GANASCE AVVOLGENTI D22 L80,FG02 WRAP-AROUND JAWS D22x80,FG02GANASCE AVVOLGENTI D22x80,
HX8688M-00,FG02AVVOLGENTE D23,FG02 WRAP-AROUND JAWS D23,FG02 GANASCE AVVOLGENTI D23,
CZ0074Y-00,"FG02-AVVOLGENTI D23,55 L15","FG02 WRAP-AROUND JAWS D23,55x15","FG02 AVVOLGENTI D23,55x15",
YH6183K-00,FG02-AVVOLGENTI D23 L200,FG02 WRAP-AROUND JAWS D23x200,FG02 AVVOLGENTI D23x200,
RYJ04137-00,FG02GANASCE AVVOLGENTI D23 L40,FG02 WRAP-AROUND JAWS D23x40,FG02GANASCE AVVOLGENTI D23x40,
LPU87127-00,FG02GANASCE AVVOLGENTI D23 L7,FG02 WRAP-AROUND JAWS D23x7,FG02GANASCE AVVOLGENTI D23x7,
EX7620J-00,FG02AVVOLGENTE D24,FG02 WRAP-AROUND JAWS D24,FG02 GANASCE AVVOLGENTI D24,
VGS92570-00,FG02GANASCE AVVOLGENTI D24.05 L150,"FG02 WRAP-AROUND JAWS D24,05x150","FG02GANASCE AVVOLGENTI D24,05x150",
CJN62343-00,"FG02GANASCE AVVOLGENTI D24,1 L170","FG02 WRAP-AROUND JAWS D24,1x170","FG02GANASCE AVVOLGENTI D24,1x170",
SMH35935-00,FG02GANASCE AVVOLGENTI D24.5 L230,"FG02 WRAP-AROUND JAWS D24,5x230","FG02GANASCE AVVOLGENTI D24,5x230",
ZYM28221-00,FG02GANASCE AVVOLGENTI D24.5 L250,"FG02 WRAP-AROUND JAWS D24,5x250","FG02GANASCE AVVOLGENTI D24,5x250",
SZ0510G-00,FG02-AVVOLGENTE D24 L120,FG02 WRAP-AROUND JAWS D24x120,FG02 AVVOLGENTI D24x120,
NMC42261-00,FG02GANASCE AVVOLGENTI D24 L18,FG02 WRAP-AROUND JAWS D24x18,FG02GANASCE AVVOLGENTI D24x18,
GN9123Z-00,FG02AVVOLGENTE D25,FG02 WRAP-AROUND JAWS D25,FG02 GANASCE AVVOLGENTI D25,
GF3945W-00,FG02-AVVOLGENTI D25.4 L10,"FG02 WRAP-AROUND JAWS D25,4x10","FG02 AVVOLGENTI D25,4x10",
ECK53231-00,"FG02GANASCE AVVOLGENTI D25,4 L12","FG02 WRAP-AROUND JAWS D25,4x12","FG02GANASCE AVVOLGENTI D25,4x12",
FGY99290-00,FG02GANASCE AVVOLGENTI D25.4 L15,"FG02 WRAP-AROUND JAWS D25,4x15","FG02GANASCE AVVOLGENTI D25,4x15",
BJG92087-00,FG02GANASCE AVVOLGENTI D25.4 L90,"FG02 WRAP-AROUND JAWS D25,4x90","FG02GANASCE AVVOLGENTI D25,4x90",
NRG40093-00,FG02GANASCE AVVOLGENTI D25 L10,FG02 WRAP-AROUND JAWS D25x10,FG02GANASCE AVVOLGENTI D25x10,
HVP62342-00,FG02GANASCE AVVOLGENTI D25 L120,FG02 WRAP-AROUND JAWS D25x120,FG02GANASCE AVVOLGENTI D25x120,
DN1566K-00,FG02-AVVOLGENTI D25 L270,FG02 WRAP-AROUND JAWS D25x270,FG02 AVVOLGENTI D25x270,
SJJ45873-00,FG02GANASCE AVVOLGENTI D25 L30,FG02 WRAP-AROUND JAWS D25x30,FG02GANASCE AVVOLGENTI D25x30,
EZC94928-00,FG02GANASCE AVVOLGENTI D25 L50,FG02 WRAP-AROUND JAWS D25x50,FG02GANASCE AVVOLGENTI D25x50,
GA8996C-00,FG02-AVVOLGENTI D25 L60,FG02 WRAP-AROUND JAWS D25x60,FG02 AVVOLGENTI D25x60,
SYB75280-00,FG02GANASCE AVVOLGENTI D25 L70,FG02 WRAP-AROUND JAWS D25x70,FG02GANASCE AVVOLGENTI D25x70,
FBF78158-00,FG02GANASCE AVVOLGENTI D25 L85,FG02 WRAP-AROUND JAWS D25x85,FG02GANASCE AVVOLGENTI D25x85,
BVG09269-00,FG02 GANASCE AVVOLGENTI D25 L90,FG02 WRAP-AROUND JAWS D25x90,FG02 GANASCE AVVOLGENTI D25x90,
FNJ73003-00,FG02GANASCE AVVOLGENTI D26.1 L30,"FG02 WRAP-AROUND JAWS D26,1x30","FG02GANASCE AVVOLGENTI D26,1x30",
GVR43414-00,"FG02GANASCE AVVOLGENTI D26,67 L155","FG02 WRAP-AROUND JAWS D26,67x155","FG02GANASCE AVVOLGENTI D26,67x155",
SH2366X-00,"FG02AVV. D.26,67 L.250","FG02 WRAP-AROUND JAWS D26,67x250","FG02 GANASCE AVVOLGENTI D26,67x250",
TEU08338-00,"FG02GANASCE AVVOLGENTI D26,67 L30","FG02 WRAP-AROUND JAWS D26,67x30","FG02GANASCE AVVOLGENTI D26,67x30",
KAU83515-00,"FG02GANASCE AVVOLGENTI D26,67 L310","FG02 WRAP-AROUND JAWS D26,67x310","FG02GANASCE AVVOLGENTI D26,67x310",
RHP06971-00,"FG02GANASCE AVVOLGENTI D26,67 L40","FG02 WRAP-AROUND JAWS D26,67x40","FG02GANASCE AVVOLGENTI D26,67x40",
LYJ17301-00,"FG02GANASCE AVVOLGENTI D26,67 L460","FG02 WRAP-AROUND JAWS D26,67x460","FG02GANASCE AVVOLGENTI D26,67x460",
WR3172F-00,"FG02AVV. D.26,67 L.50","FG02 WRAP-AROUND JAWS D26,67x50","FG02 GANASCE AVVOLGENTI D26,67x50",
KK1880J-00,"FG02AVV. D.26,67 L.520","FG02 WRAP-AROUND JAWS D26,67x520","FG02 GANASCE AVVOLGENTI D26,67x520",
KZ1154R-00,"FG02AVV. D.26,67 L.8","FG02 WRAP-AROUND JAWS D26,67x8","FG02 GANASCE AVVOLGENTI D26,67x8",
ZKV03522-00,FG02GANASCE AVVOLGENTI D26.7 L120,"FG02 WRAP-AROUND JAWS D26,7x120","FG02GANASCE AVVOLGENTI D26,7x120",
GYB56735-00,"FG02GANASCE AVVOLGENTI D26,7 L180","FG02 WRAP-AROUND JAWS D26,7x180","FG02GANASCE AVVOLGENTI D26,7x180",
BEH52445-00,"FG02GANASCE AVVOLGENTI D26,7 L25","FG02 WRAP-AROUND JAWS D26,7x25","FG02GANASCE AVVOLGENTI D26,7x25",
XPN08756-00,"FG02GANASCE AVVOLGENTI D26,7 L280","FG02 WRAP-AROUND JAWS D26,7x280","FG02GANASCE AVVOLGENTI D26,7x280",
SCF49933-00,"FG02GANASCE AVVOLGENTI D26,7 L380","FG02 WRAP-AROUND JAWS D26,7x380","FG02GANASCE AVVOLGENTI D26,7x380",
DMD25728-00,"FG02GANASCE AVVOLGENTI D26,7 L480","FG02 WRAP-AROUND JAWS D26,7x480","FG02GANASCE AVVOLGENTI D26,7x480",
HWA08250-00,FG02GANASCE AVVOLGENTI D26.7 L550,"FG02 WRAP-AROUND JAWS D26,7x550","FG02GANASCE AVVOLGENTI D26,7x550",
CWR17611-00,"FG02GANASCE AVVOLGENTI D26,7 L75","FG02 WRAP-AROUND JAWS D26,7x75","FG02GANASCE AVVOLGENTI D26,7x75",
NWT84794-00,"FG02GANASCE AVVOLGENTI D26,7 L8","FG02 WRAP-AROUND JAWS D26,7x8","FG02GANASCE AVVOLGENTI D26,7x8",
EW8164U-00,FG02-AVVOLGENTI D26.98 L165,"FG02 WRAP-AROUND JAWS D26,98x165","FG02 AVVOLGENTI D26,98x165",
BY3032E-00,FG02-AVVOLGENTI D26.98 L200,"FG02 WRAP-AROUND JAWS D26,98x200","FG02 AVVOLGENTI D26,98x200",
JF6600L-00,FG02-AVVOLGENTI D26.98 L40,"FG02 WRAP-AROUND JAWS D26,98x40","FG02 AVVOLGENTI D26,98x40",
TX2159F-00,"FG02-AVVOLGENTI D26,9 L130","FG02 WRAP-AROUND JAWS D26,9x130","FG02 AVVOLGENTI D26,9x130",
RF7890B-00,"FG02-AVVOLGENTI D26,9 L15","FG02 WRAP-AROUND JAWS D26,9x15","FG02 AVVOLGENTI D26,9x15",
PP6294R-00,"FG02-AVVOLGENTI D26,9 L190","FG02 WRAP-AROUND JAWS D26,9x190","FG02 AVVOLGENTI D26,9x190",
BM3934C-00,"FG02-AVVOLGENTI D26,9 L25","FG02 WRAP-AROUND JAWS D26,9x25","FG02 AVVOLGENTI D26,9x25",
YX4440J-00,"FG02-AVVOLGENTI D26,9 L250","FG02 WRAP-AROUND JAWS D26,9x250","FG02 AVVOLGENTI D26,9x250",
ZU6825T-00,"FG02-AVVOLGENTI D26,9 L30","FG02 WRAP-AROUND JAWS D26,9x30","FG02 AVVOLGENTI D26,9x30",
JF6763N-00,"FG02-AVVOLGENTI D26,9 L310","FG02 WRAP-AROUND JAWS D26,9x310","FG02 AVVOLGENTI D26,9x310",
BN6205T-00,"FG02-AVVOLGENTI D26,9 L370","FG02 WRAP-AROUND JAWS D26,9x370","FG02 AVVOLGENTI D26,9x370",
PH3318S-00,"FG02-AVVOLGENTI D26,9 L430","FG02 WRAP-AROUND JAWS D26,9x430","FG02 AVVOLGENTI D26,9x430",
EZ7238P-00,"FG02-AVVOLGENTI D26,9 L490","FG02 WRAP-AROUND JAWS D26,9x490","FG02 AVVOLGENTI D26,9x490",
DB5360H-00,"FG02-AVVOLGENTI D26,9 L70","FG02 WRAP-AROUND JAWS D26,9x70","FG02 AVVOLGENTI D26,9x70",
RR4433Z-00,"FG02-AVVOLGENTI D26,9 L8","FG02 WRAP-AROUND JAWS D26,9x8","FG02 AVVOLGENTI D26,9x8",
PT4658R-00,FG02-AVVOLGENTI D26 L15,FG02 WRAP-AROUND JAWS D26x15,FG02 AVVOLGENTI D26x15,
CV7884K-00,FG02-AVVOLGENTI D.26 L200,FG02 WRAP-AROUND JAWS D26x200,FG02 AVVOLGENTI D26x200,
WSY45395-00,FG02GANASCE AVVOLGENTI D26 L30,FG02 WRAP-AROUND JAWS D26x30,FG02GANASCE AVVOLGENTI D26x30,
EBN67371-00,FG02-GANASCE AVVOLGENTI D26 L300,FG02 WRAP-AROUND JAWS D26x300,FG02 GANASCE AVVOLGENTI D26x300,
TYM82634-00,FG02GANASCE AVVOLGENTI D26 L50,FG02 WRAP-AROUND JAWS D26x50,FG02GANASCE AVVOLGENTI D26x50,
NG8914J-00,FG02-AVVOLGENTI D26 L8,FG02 WRAP-AROUND JAWS D26x8,FG02 AVVOLGENTI D26x8,
EF2150J-00,FG02AVVOLGENTE D27,FG02 WRAP-AROUND JAWS D27,FG02 GANASCE AVVOLGENTI D27,
HT4020W-00,FG02-AVVOLGENTI D27.2 L200,"FG02 WRAP-AROUND JAWS D27,2x200","FG02 AVVOLGENTI D27,2x200",
NJT94818-00,FG02GANASCE AVVOLGENTI D27.2 L50,"FG02 WRAP-AROUND JAWS D27,2x50","FG02GANASCE AVVOLGENTI D27,2x50",
JS6547L-00,FG02-AVVOLGENTI D27.3 L30,"FG02 WRAP-AROUND JAWS D27,3x30","FG02 AVVOLGENTI D27,3x30",
PW3527D-00,FG02-AVVOLGENTI D27.5 L30,"FG02 WRAP-AROUND JAWS D27,5x30","FG02 AVVOLGENTI D27,5x30",
YB4564K-00,FG02-AVVOLGENTI D27.6 L250,"FG02 WRAP-AROUND JAWS D27,6x250","FG02 AVVOLGENTI D27,6x250",
UME80620-00,FG02GANASCE AVVOLGENTI D27 L165,FG02 WRAP-AROUND JAWS D27x165,FG02GANASCE AVVOLGENTI D27x165,
TUF96454-00,FG02GANASCE AVVOLGENTI D27 L180,FG02 WRAP-AROUND JAWS D27x180,FG02GANASCE AVVOLGENTI D27x180,
AAS86172-00,FG02GANASCE AVVOLGENTI D27 L5,FG02 WRAP-AROUND JAWS D27x5,FG02GANASCE AVVOLGENTI D27x5,
FL1067X-00,FG02AVVOLGENTE D28,FG02 WRAP-AROUND JAWS D28,FG02 GANASCE AVVOLGENTI D28,
NR9771Z-00,FG02-AVVOLGENTI D28.57 L80,"FG02 WRAP-AROUND JAWS D28,57x80","FG02 AVVOLGENTI D28,57x80",
DVN62377-00,"FG02GANASCE AVVOLGENTI D28,5 L5","FG02 WRAP-AROUND JAWS D28,5x5","FG02GANASCE AVVOLGENTI D28,5x5",
CTH76456-00,"FG02GANASCE AVVOLGENTI D28,5 L90","FG02 WRAP-AROUND JAWS D28,5x90","FG02GANASCE AVVOLGENTI D28,5x90",
EWU31601-00,"FG02GANASCE AVVOLGENTI D28,6 L230","FG02 WRAP-AROUND JAWS D28,6x230","FG02GANASCE AVVOLGENTI D28,6x230",
ZRP58310-00,FG02GANASCE AVVOLGENTI D28 L10,FG02 WRAP-AROUND JAWS D28x10,FG02GANASCE AVVOLGENTI D28x10,
FWU34655-00,FG02GANASCE AVVOLGENTI D28 L25,FG02 WRAP-AROUND JAWS D28x25,FG02GANASCE AVVOLGENTI D28x25,
PE8637K-00,FG02-AVVOLGENTI D28 L270,FG02 WRAP-AROUND JAWS D28x270,FG02 AVVOLGENTI D28x270,
FB7434C-00,FG02-AVVOLGENTI D28 L30,FG02 WRAP-AROUND JAWS D28x30,FG02 AVVOLGENTI D28x30,
KGD08833-00,FG02GANASCE AVVOLGENTI D29 L30,FG02 WRAP-AROUND JAWS D29x30,FG02GANASCE AVVOLGENTI D29x30,
NC4826V-00,FG02-AVVOLGENTI D3 A DEFINIRE,FG02 WRAP-AROUND JAWS D3 TO BE DEFINED,FG02 AVVOLGENTI D3 A DEFINIRE,
CC6645G-00,FG02-AVVOLGENTI D30.16 L50,"FG02 WRAP-AROUND JAWS D30,16x50","FG02 AVVOLGENTI D30,16x50",
DZA07311-00,FG02GANASCE AVVOLGENTI D30.57 L265,"FG02 WRAP-AROUND JAWS D30,57x265","FG02GANASCE AVVOLGENTI D30,57x265",
GY5594H-00,FG02-AVVOLGENTE D30 L100,FG02 WRAP-AROUND JAWS D30x100,FG02 AVVOLGENTI D30x100,
RLB20710-00,FG02GANASCE AVVOLGENTI D30 L12,FG02 WRAP-AROUND JAWS D30x12,FG02GANASCE AVVOLGENTI D30x12,
XMH39193-00,FG02 GANASCE AVVOLGENTI D30 L140,FG02 WRAP-AROUND JAWS D30x140,FG02 GANASCE AVVOLGENTI D30x140,
KYP31174-00,FG02 GANASCE AVVOLGENTI D30 L190,FG02 WRAP-AROUND JAWS D30x190,FG02 GANASCE AVVOLGENTI D30x190,
SND93211-00,FG02GANASCE AVVOLGENTI D30 L20,FG02 WRAP-AROUND JAWS D30x20,FG02GANASCE AVVOLGENTI D30x20,
FBB73098-00,FG02 GANASCE AVVOLGENTI D30 L280,FG02 WRAP-AROUND JAWS D30x280,FG02 GANASCE AVVOLGENTI D30x280,
YS2589U-00,FG02-AVVOLGENTI D30 L30,FG02 WRAP-AROUND JAWS D30x30,FG02 AVVOLGENTI D30x30,
UXV26894-00,FG02 GANASCE AVVOLGENTI D30 L380,FG02 WRAP-AROUND JAWS D30x380,FG02 GANASCE AVVOLGENTI D30x380,
ZMV00393-00,FG02GANASCE AVVOLGENTI D30 L460,FG02 WRAP-AROUND JAWS D30x460,FG02GANASCE AVVOLGENTI D30x460,
LHX42369-00,FG02GANASCE AVVOLGENTI D30 L480,FG02 WRAP-AROUND JAWS D30x480,FG02GANASCE AVVOLGENTI D30x480,
CDX14419-00,FG02GANASCE AVVOLGENTI D30 L50,FG02 WRAP-AROUND JAWS D30x50,FG02GANASCE AVVOLGENTI D30x50,
NYB64776-00,FG02GANASCE AVVOLGENTI D30 L7,FG02 WRAP-AROUND JAWS D30x7,FG02GANASCE AVVOLGENTI D30x7,
GCL13574-00,FG02 GANASCE AVVOLGENTI D30 L80,FG02 WRAP-AROUND JAWS D30x80,FG02 GANASCE AVVOLGENTI D30x80,
DS5305B-00,FG02-AVVOLGENTI D.30 L85,FG02 WRAP-AROUND JAWS D30x85,FG02 AVVOLGENTI D30x85,
KDY53806-00,FG02 GANASCE AVVOLGENTI D30 L90,FG02 WRAP-AROUND JAWS D30x90,FG02 GANASCE AVVOLGENTI D30x90,
BNM28974-00,"FG02GANASCE AVVOLGENTI D31,5 L180","FG02 WRAP-AROUND JAWS D31,5x180","FG02GANASCE AVVOLGENTI D31,5x180",
JB3541T-00,FG02AVVOLGENTE D31.7,"FG02 WRAP-AROUND JAWS D31,7","FG02 GANASCE AVVOLGENTI D31,7",
HJ2252H-00,FG02-AVVOLGENTI D31.75 L165,"FG02 WRAP-AROUND JAWS D31,75x165","FG02 AVVOLGENTI D31,75x165",
DJL53838-00,"FG02 GANASCE AVVOLGENTI D31,75 L25","FG02 WRAP-AROUND JAWS D31,75x25","FG02 GANASCE AVVOLGENTI D31,75x25",
CL5075H-00,FG02-AVVOLGENTE D31.75 L40,"FG02 WRAP-AROUND JAWS D31,75x40","FG02 AVVOLGENTI D31,75x40",
WR7241B-00,FG02-AVVOLGENTI D31.81 L120,"FG02 WRAP-AROUND JAWS D31,81x120","FG02 AVVOLGENTI D31,81x120",
XDN07647-00,FG02GANASCE AVVOLGENTI D31 L180,FG02 WRAP-AROUND JAWS D31x180,FG02GANASCE AVVOLGENTI D31x180,
RUA33536-00,FG02GANASCE AVVOLGENTI D31 L90,FG02 WRAP-AROUND JAWS D31x90,FG02GANASCE AVVOLGENTI D31x90,
LHN55109-00,"FG02 GANASCE AVVOLGENTI D32,1 L40","FG02 WRAP-AROUND JAWS D32,1x40","FG02 GANASCE AVVOLGENTI D32,1x40",
LUT88775-00,FG02GANASCE AVVOLGENTI D32.4 L120,"FG02 WRAP-AROUND JAWS D32,4x120","FG02GANASCE AVVOLGENTI D32,4x120",
VEK12758-00,FG02GANASCE AVVOLGENTI D32 L140,FG02 WRAP-AROUND JAWS D32x140,FG02GANASCE AVVOLGENTI D32x140,
LYG33492-00,FG02GANASCE AVVOLGENTI D32 L280,FG02 WRAP-AROUND JAWS D32x280,FG02GANASCE AVVOLGENTI D32x280,
ZU1006T-00,FG02-AVVOLGENTI D32 L350,FG02 WRAP-AROUND JAWS D32x350,FG02 AVVOLGENTI D32x350,
LFT67567-00,FG02GANASCE AVVOLGENTI D32 L5,FG02 WRAP-AROUND JAWS D32x5,FG02GANASCE AVVOLGENTI D32x5,
HBX74690-00,FG02GANASCE AVVOLGENTI D32 L70,FG02 WRAP-AROUND JAWS D32x70,FG02GANASCE AVVOLGENTI D32x70,
CUJ70741-00,FG02GANASCE AVVOLGENTI D32 L90,FG02 WRAP-AROUND JAWS D32x90,FG02GANASCE AVVOLGENTI D32x90,
KPU98542-00,FG02GANASCE AVVOLGENTI D33.15 L150,"FG02 WRAP-AROUND JAWS D33,15x150","FG02GANASCE AVVOLGENTI D33,15x150",
MLN30302-00,FG02GANASCE AVVOLGENTI D33.15 L5,"FG02 WRAP-AROUND JAWS D33,15x5","FG02GANASCE AVVOLGENTI D33,15x5",
NT8331E-00,FG02-AVVOLGENTI D33.39 L35,"FG02 WRAP-AROUND JAWS D33,39x35","FG02 AVVOLGENTI D33,39x35",
NH3916M-00,"FG02AVV. D.33,40 L.240","FG02 WRAP-AROUND JAWS D33,40x240","FG02 GANASCE AVVOLGENTI D33,40x240",
ZJ2058H-00,"FG02AVV. D.33,40 L.40","FG02 WRAP-AROUND JAWS D33,40x40","FG02 GANASCE AVVOLGENTI D33,40x40",
YK2488L-00,"FG02AVV. D.33,40 L.520","FG02 WRAP-AROUND JAWS D33,40x520","FG02 GANASCE AVVOLGENTI D33,40x520",
SA9976M-00,"FG02AVV. D.33,40 L.8","FG02 WRAP-AROUND JAWS D33,40x8","FG02 GANASCE AVVOLGENTI D33,40x8",
EDD37651-00,"FG02GANASCE AVVOLGENTI D33,4 L18","FG02 WRAP-AROUND JAWS D33,4x18","FG02GANASCE AVVOLGENTI D33,4x18",
AND16762-00,FG02GANASCE AVVOLGENTI D33.4 L20,"FG02 WRAP-AROUND JAWS D33,4x20","FG02GANASCE AVVOLGENTI D33,4x20",
MKX02497-00,"FG02GANASCE AVVOLGENTI D33,4 L220","FG02 WRAP-AROUND JAWS D33,4x220","FG02GANASCE AVVOLGENTI D33,4x220",
LNY49765-00,"FG02GANASCE AVVOLGENTI D33,4 L345","FG02 WRAP-AROUND JAWS D33,4x345","FG02GANASCE AVVOLGENTI D33,4x345",
JMX11815-00,"FG02GANASCE AVVOLGENTI D33,4 L40","FG02 WRAP-AROUND JAWS D33,4x40","FG02GANASCE AVVOLGENTI D33,4x40",
VXD77655-00,"FG02GANASCE AVVOLGENTI D33,4 L475","FG02 WRAP-AROUND JAWS D33,4x475","FG02GANASCE AVVOLGENTI D33,4x475",
CGL96940-00,"FG02GANASCE AVVOLGENTI D33,4 L8","FG02 WRAP-AROUND JAWS D33,4x8","FG02GANASCE AVVOLGENTI D33,4x8",
ZWC20678-00,"FG02GANASCE AVVOLGENTI D33,4 L90","FG02 WRAP-AROUND JAWS D33,4x90","FG02GANASCE AVVOLGENTI D33,4x90",
RBG44920-00,"FG02GANASCE AVVOLGENTI D33,53 L14","FG02 WRAP-AROUND JAWS D33,53x14","FG02GANASCE AVVOLGENTI D33,53x14",
DFX36962-00,"FG02GANASCE AVVOLGENTI D33,53 L150","FG02 WRAP-AROUND JAWS D33,53x150","FG02GANASCE AVVOLGENTI D33,53x150",
VJN47998-00,"FG02GANASCE AVVOLGENTI D33,53 L300","FG02 WRAP-AROUND JAWS D33,53x300","FG02GANASCE AVVOLGENTI D33,53x300",
BAA87613-00,"FG02GANASCE AVVOLGENTI D33,53 L40","FG02 WRAP-AROUND JAWS D33,53x40","FG02GANASCE AVVOLGENTI D33,53x40",
CAT79264-00,"FG02GANASCE AVVOLGENTI D33,53 L450","FG02 WRAP-AROUND JAWS D33,53x450","FG02GANASCE AVVOLGENTI D33,53x450",
NH3549M-00,"FG02-AVVOLGENTI D33,7 L100","FG02 WRAP-AROUND JAWS D33,7x100","FG02 AVVOLGENTI D33,7x100",
HE8621F-00,"FG02-AVVOLGENTI D33,7 L15","FG02 WRAP-AROUND JAWS D33,7x15","FG02 AVVOLGENTI D33,7x15",
AU5062E-00,"FG02-AVVOLGENTI D33,7 L190","FG02 WRAP-AROUND JAWS D33,7x190","FG02 AVVOLGENTI D33,7x190",
AN5597A-00,"FG02-AVVOLGENTI D33,7 L25","FG02 WRAP-AROUND JAWS D33,7x25","FG02 AVVOLGENTI D33,7x25",
RW1936R-00,"FG02-AVVOLGENTI D33,7 L280","FG02 WRAP-AROUND JAWS D33,7x280","FG02 AVVOLGENTI D33,7x280",
PK7129R-00,"FG02-AVVOLGENTI D33,7 L370","FG02 WRAP-AROUND JAWS D33,7x370","FG02 AVVOLGENTI D33,7x370",
MBV18401-00,FG02GANASCE AVVOLGENTI D33.7 L40,"FG02 WRAP-AROUND JAWS D33,7x40","FG02GANASCE AVVOLGENTI D33,7x40",
LM9300M-00,"FG02-AVVOLGENTI D33,7 L460","FG02 WRAP-AROUND JAWS D33,7x460","FG02 AVVOLGENTI D33,7x460",
TDY51619-00,FG02GANASCE AVVOLGENTI D33.7 L60,"FG02 WRAP-AROUND JAWS D33,7x60","FG02GANASCE AVVOLGENTI D33,7x60",
AY6029F-00,"FG02-AVVOLGENTI D33,7 L8","FG02 WRAP-AROUND JAWS D33,7x8","FG02 AVVOLGENTI D33,7x8",
LDN03718-00,FG02GANASCE AVVOLGENTI D33 L190,FG02 WRAP-AROUND JAWS D33x190,FG02GANASCE AVVOLGENTI D33x190,
PSV64390-00,FG02GANASCE AVVOLGENTI D33 L30,FG02 WRAP-AROUND JAWS D33x30,FG02GANASCE AVVOLGENTI D33x30,
YEV77184-00,FG02GANASCE AVVOLGENTI D33 L330,FG02 WRAP-AROUND JAWS D33x330,FG02GANASCE AVVOLGENTI D33x330,
GMP78029-00,FG02GANASCE AVVOLGENTI D34.5 L20,"FG02 WRAP-AROUND JAWS D34,5x20","FG02GANASCE AVVOLGENTI D34,5x20",
YMP79998-00,FG02GANASCE AVVOLGENTI D34.6 L180,"FG02 WRAP-AROUND JAWS D34,6x180","FG02GANASCE AVVOLGENTI D34,6x180",
ME7700K-00,FG02-AVVOLGENTI D34.6 L300,"FG02 WRAP-AROUND JAWS D34,6x300","FG02 AVVOLGENTI D34,6x300",
CV8594T-00,FG02-AVVOLGENTI D34.6 L50,"FG02 WRAP-AROUND JAWS D34,6x50","FG02 AVVOLGENTI D34,6x50",
FNL55176-00,"FG02 GANASCE AVVOLGENTI D34,92 L25","FG02 WRAP-AROUND JAWS D34,92x25","FG02 GANASCE AVVOLGENTI D34,92x25",
HCB91240-00,FG02GANASCE AVVOLGENTI D34 L12,FG02 WRAP-AROUND JAWS D34x12,FG02GANASCE AVVOLGENTI D34x12,
UD9663E-00,FG02-AVVOLGENTI D34 L15,FG02 WRAP-AROUND JAWS D34x15,FG02 AVVOLGENTI D34x15,
MA0273C-00,FG02-AVVOLGENTI D34 L50,FG02 WRAP-AROUND JAWS D34x50,FG02 AVVOLGENTI D34x50,
EK6122P-00,FG02-AVVOLGENTI D34 L8,FG02 WRAP-AROUND JAWS D34x8,FG02 AVVOLGENTI D34x8,
EC5973D-00,FG02-AVVOLGENTI D35.1 L30,"FG02 WRAP-AROUND JAWS D35,1x30","FG02 AVVOLGENTI D35,1x30",
MY6452L-00,FG02-AVVOLGENTI D35.1 L350,"FG02 WRAP-AROUND JAWS D35,1x350","FG02 AVVOLGENTI D35,1x350",
ES4083A-00,FG02-AVVOLGENTI D35.3 L30,"FG02 WRAP-AROUND JAWS D35,3x30","FG02 AVVOLGENTI D35,3x30",
DB4321B-00,FG02-AVVOLGENTI D35.5 L30,"FG02 WRAP-AROUND JAWS D35,5x30","FG02 AVVOLGENTI D35,5x30",
KLJ12523-00,FG02GANASCE AVVOLGENTI D35 L120,FG02 WRAP-AROUND JAWS D35x120,FG02GANASCE AVVOLGENTI D35x120,
HSJ60594-00,FG02GANASCE AVVOLGENTI D35 L15,FG02 WRAP-AROUND JAWS D35x15,FG02GANASCE AVVOLGENTI D35x15,
JDU05224-00,"FG02GANASCE AVVOLGENTI D36,15 L180","FG02 WRAP-AROUND JAWS D36,15x180","FG02GANASCE AVVOLGENTI D36,15x180",
XHY75756-00,FG02GANASCE AVVOLGENTI D36 L290,FG02 WRAP-AROUND JAWS D36x290,FG02GANASCE AVVOLGENTI D36x290,
XMF93645-00,FG02GANASCE AVVOLGENTI D36 L30,FG02 WRAP-AROUND JAWS D36x30,FG02GANASCE AVVOLGENTI D36x30,
UXB01623-00,FG02 GANASCE AVVOLGENTI D36 L70,FG02 WRAP-AROUND JAWS D36x70,FG02 GANASCE AVVOLGENTI D36x70,
RZL90607-00,FG02GANASCE AVVOLGENTI D37.02 L240,"FG02 WRAP-AROUND JAWS D37,02x240","FG02GANASCE AVVOLGENTI D37,02x240",
HV5244K-00,FG02AVVOLGENTE D38.1,"FG02 WRAP-AROUND JAWS D38,1","FG02 GANASCE AVVOLGENTI D38,1",
SN8073W-00,FG02-AVVOLGENTE D38.10 L40,"FG02 WRAP-AROUND JAWS D38,10x40","FG02 AVVOLGENTI D38,10x40",
VY0270F-00,FG02-AVVOLGENTI D38.10 L50,"FG02 WRAP-AROUND JAWS D38,10x50","FG02 AVVOLGENTI D38,10x50",
FKD77526-00,FG02GANASCE AVVOLGENTI D38.35 L450,"FG02 WRAP-AROUND JAWS D38,35x450","FG02GANASCE AVVOLGENTI D38,35x450",
BJT36300-00,FG02GANASCE AVVOLGENTI D38.82 L370,"FG02 WRAP-AROUND JAWS D38,82x370","FG02GANASCE AVVOLGENTI D38,82x370",
RS4812P-00,FG02-AVVOLGENTI D.38 L100,FG02 WRAP-AROUND JAWS D38x100,FG02 AVVOLGENTI D38x100,
TE3830N-00,FG02-AVVOLGENTI D.38 L250,FG02 WRAP-AROUND JAWS D38x250,FG02 AVVOLGENTI D38x250,
NL8452V-00,FG02-AVVOLGENTI D.38 L350,FG02 WRAP-AROUND JAWS D38x350,FG02 AVVOLGENTI D38x350,
EFX46118-00,FG02GANASCE AVVOLGENTI D38 L40,FG02 WRAP-AROUND JAWS D38x40,FG02GANASCE AVVOLGENTI D38x40,
FMJ27449-00,FG02GANASCE AVVOLGENTI D38 L50,FG02 WRAP-AROUND JAWS D38x50,FG02GANASCE AVVOLGENTI D38x50,
YVF31113-00,FG02GANASCE AVVOLGENTI D38 L90,FG02 WRAP-AROUND JAWS D38x90,FG02GANASCE AVVOLGENTI D38x90,
DV3093A-00,FG02-AVVOLGENTI D40 L10,FG02 WRAP-AROUND JAWS D40x10,FG02 AVVOLGENTI D40x10,
YB0325R-00,FG02-AVVOLGENTI D40 L100,FG02 WRAP-AROUND JAWS D40x100,FG02 AVVOLGENTI D40x100,
NRV90205-00,FG02GANASCE AVVOLGENTI D40 L12,FG02 WRAP-AROUND JAWS D40x12,FG02GANASCE AVVOLGENTI D40x12,
TFY92727-00,FG02GANASCE AVVOLGENTI D40 L165,FG02 WRAP-AROUND JAWS D40x165,FG02GANASCE AVVOLGENTI D40x165,
ET8135R-00,FG02-AVVOLGENTI D40 L25,FG02 WRAP-AROUND JAWS D40x25,FG02 AVVOLGENTI D40x25,
ZKB48830-00,FG02GANASCE AVVOLGENTI D40 L30,FG02 WRAP-AROUND JAWS D40x30,FG02GANASCE AVVOLGENTI D40x30,
LWW84119-00,FG02-AVVOLGENTI D40 L340,FG02 WRAP-AROUND JAWS D40x340,FG02 AVVOLGENTI D40x340,
YGF12944-00,FG02GANASCE AVVOLGENTI D40 L380,FG02 WRAP-AROUND JAWS D40x380,FG02GANASCE AVVOLGENTI D40x380,
XGV10064-00,FG02GANASCE AVVOLGENTI D40 L40,FG02 WRAP-AROUND JAWS D40x40,FG02GANASCE AVVOLGENTI D40x40,
FNR90979-00,FG02GANASCE AVVOLGENTI D40 L450,FG02 WRAP-AROUND JAWS D40x450,FG02GANASCE AVVOLGENTI D40x450,
CUK57532-00,FG02GANASCE AVVOLGENTI D40 L6,FG02 WRAP-AROUND JAWS D40x6,FG02GANASCE AVVOLGENTI D40x6,
SYF77065-00,FG02GANASCE AVVOLGENTI D40 L70,FG02 WRAP-AROUND JAWS D40x70,FG02GANASCE AVVOLGENTI D40x70,
ZS5680M-00,FG02-AVVOLGENTI D40 L8,FG02 WRAP-AROUND JAWS D40x8,FG02 AVVOLGENTI D40x8,
MHK29392-00,FG02GANASCE AVVOLGENTI D40 L80,FG02 WRAP-AROUND JAWS D40x80,FG02GANASCE AVVOLGENTI D40x80,
CS6423U-00,FG02-AVVOLGENTI D41.3 L50,"FG02 WRAP-AROUND JAWS D41,3x50","FG02 AVVOLGENTI D41,3x50",
RPC27956-00,FG02GANASCE AVVOLGENTI D41.8 L25 PIPE,"FG02 WRAP-AROUND JAWS D41,8x25","FG02GANASCE AVVOLGENTI D41,8x25 PIPE",
UPN28172-00,FG02GANASCE AVVOLGENTI D41 L225,FG02 WRAP-AROUND JAWS D41x225,FG02GANASCE AVVOLGENTI D41x225,
RUU53368-00,FG02GANASCE AVVOLGENTI D41 L25 PIPE,FG02 WRAP-AROUND JAWS D41x25,FG02GANASCE AVVOLGENTI D41x25 PIPE,
GT0518P-00,"FG02-AVVOLGENTI D.41 L.357,5","FG02 WRAP-AROUND JAWS D41x357,5","FG02 AVVOLGENTI D41x357,5",
GPB01707-00,FG02GANASCE AVVOLGENTI D41 L40,FG02 WRAP-AROUND JAWS D41x40,FG02GANASCE AVVOLGENTI D41x40,
RM2036R-00,FG02AVVOLGENTE D42,FG02 WRAP-AROUND JAWS D42,FG02 GANASCE AVVOLGENTI D42,
MFX90057-00,"FG02GANASCE AVVOLGENTI D42,16 L140","FG02 WRAP-AROUND JAWS D42,16x140","FG02GANASCE AVVOLGENTI D42,16x140",
AZ9958L-00,"FG02AVV. D.42,16 L.240","FG02 WRAP-AROUND JAWS D42,16x240","FG02 GANASCE AVVOLGENTI D42,16x240",
GYZ40336-00,"FG02GANASCE AVVOLGENTI D42,16 L345","FG02 WRAP-AROUND JAWS D42,16x345","FG02GANASCE AVVOLGENTI D42,16x345",
JK8128P-00,"FG02AVV. D.42,16 L.40","FG02 WRAP-AROUND JAWS D42,16x40","FG02 GANASCE AVVOLGENTI D42,16x40",
HLK08638-00,FG02GANASCE AVVOLGENTI D42.16 L480,"FG02 WRAP-AROUND JAWS D42,16x480","FG02GANASCE AVVOLGENTI D42,16x480",
TG7451B-00,"FG02AVV. D.42,16 L.520","FG02 WRAP-AROUND JAWS D42,16x520","FG02 GANASCE AVVOLGENTI D42,16x520",
TF5859J-00,"FG02AVV. D.42,16 L.8","FG02 WRAP-AROUND JAWS D42,16x8","FG02 GANASCE AVVOLGENTI D42,16x8",
GBK44980-00,FG02GANASCE AVVOLGENTI D42.2 L12,"FG02 WRAP-AROUND JAWS D42,2x12","FG02GANASCE AVVOLGENTI D42,2x12",
VFE15988-00,"FG02GANASCE AVVOLGENTI D42,2 L15","FG02 WRAP-AROUND JAWS D42,2x15","FG02GANASCE AVVOLGENTI D42,2x15",
CYL45189-00,"FG02GANASCE AVVOLGENTI D42,2 L245","FG02 WRAP-AROUND JAWS D42,2x245","FG02GANASCE AVVOLGENTI D42,2x245",
TNG57908-00,"FG02GANASCE AVVOLGENTI D42,2 L395","FG02 WRAP-AROUND JAWS D42,2x395","FG02GANASCE AVVOLGENTI D42,2x395",
AXY11756-00,"FG02GANASCE AVVOLGENTI D42,2 L8","FG02 WRAP-AROUND JAWS D42,2x8","FG02GANASCE AVVOLGENTI D42,2x8",
EVW05117-00,"FG02GANASCE AVVOLGENTI D42,2 L90","FG02 WRAP-AROUND JAWS D42,2x90","FG02GANASCE AVVOLGENTI D42,2x90",
YPP14568-00,"FG02GANASCE AVVOLGENTI D42,3 L200","FG02 WRAP-AROUND JAWS D42,3x200","FG02GANASCE AVVOLGENTI D42,3x200",
HHG14258-00,FG02GANASCE AVVOLGENTI D42.4 L160,"FG02 WRAP-AROUND JAWS D42,4x160","FG02GANASCE AVVOLGENTI D42,4x160",
FXG97632-00,FG02GANASCE AVVOLGENTI D42.4 L180,"FG02 WRAP-AROUND JAWS D42,4x180","FG02GANASCE AVVOLGENTI D42,4x180",
RYK89508-00,FG02GANASCE AVVOLGENTI D42.4 L420,"FG02 WRAP-AROUND JAWS D42,4x420","FG02GANASCE AVVOLGENTI D42,4x420",
MBE65050-00,FG02GANASCE AVVOLGENTI D42.4 L480,"FG02 WRAP-AROUND JAWS D42,4x480","FG02GANASCE AVVOLGENTI D42,4x480",
XND29021-00,"FG02GANASCE AVVOLGENTI D42,4 L50","FG02 WRAP-AROUND JAWS D42,4x50","FG02GANASCE AVVOLGENTI D42,4x50",
VM4016D-00,"FG02-AVVOLGENTI D42,4 L8","FG02 WRAP-AROUND JAWS D42,4x8","FG02 AVVOLGENTI D42,4x8",
NG2975L-00,FG02-AVVOLGENTI D42.7 L430,"FG02 WRAP-AROUND JAWS D42,7x430","FG02 AVVOLGENTI D42,7x430",
AK8039J-00,FG02-AVVOLGENTI D42.7 L60,"FG02 WRAP-AROUND JAWS D42,7x60","FG02 AVVOLGENTI D42,7x60",
VPH10291-00,FG02GANASCE AVVOLGENTI D42 L15 PIPE,FG02 WRAP-AROUND JAWS D42x15,FG02GANASCE AVVOLGENTI D42x15 PIPE,
KHA30163-00,FG02GANASCE AVVOLGENTI D42 L200,FG02 WRAP-AROUND JAWS D42x200,FG02GANASCE AVVOLGENTI D42x200,
MEM64255-00,FG02GANASCE AVVOLGENTI D42 L37,FG02 WRAP-AROUND JAWS D42x37,FG02GANASCE AVVOLGENTI D42x37,
VH7073V-00,FG02-AVVOLGENTI D43.3 L30,"FG02 WRAP-AROUND JAWS D43,3x30","FG02 AVVOLGENTI D43,3x30",
GZ6789H-00,FG02-AVVOLGENTI D43.5 L30,"FG02 WRAP-AROUND JAWS D43,5x30","FG02 AVVOLGENTI D43,5x30",
RB8855W-00,FG02-AVVOLGENTI D43.7 L60,"FG02 WRAP-AROUND JAWS D43,7x60","FG02 AVVOLGENTI D43,7x60",
NU3851H-00,FG02-AVVOLGENTE D43.9,"FG02 WRAP-AROUND JAWS D43,9","FG02 AVVOLGENTI D43,9",
HCP36520-00,FG02GANASCE AVVOLGENTI D43 L30 PIPE,FG02 WRAP-AROUND JAWS D43x30,FG02GANASCE AVVOLGENTI D43x30 PIPE,
YF7047S-00,FG02-AVVOLGENTI D43 L400,FG02 WRAP-AROUND JAWS D43x400,FG02 AVVOLGENTI D43x400,
VG5987R-00,FG02-AVVOLGENTI D43 L50,FG02 WRAP-AROUND JAWS D43x50,FG02 AVVOLGENTI D43x50,
UX1816G-00,FG02-AVVOLGENTE D44.45 L80,"FG02 WRAP-AROUND JAWS D44,45x80","FG02 AVVOLGENTI D44,45x80",
LRK88849-00,"FG02GANASCE AVVOLGENTI D44,6 L460","FG02 WRAP-AROUND JAWS D44,6x460","FG02GANASCE AVVOLGENTI D44,6x460",
BGW62108-00,"FG02GANASCE AVVOLGENTI D44,6 L80","FG02 WRAP-AROUND JAWS D44,6x80","FG02GANASCE AVVOLGENTI D44,6x80",
APV91884-00,FG02GANASCE AVVOLGENTI D45.01 L200,"FG02 WRAP-AROUND JAWS D45,01x200","FG02GANASCE AVVOLGENTI D45,01x200",
CXM83722-00,FG02GANASCE AVVOLGENTI D45.5 L20,"FG02 WRAP-AROUND JAWS D45,5x20","FG02GANASCE AVVOLGENTI D45,5x20",
GJW13552-00,FG02GANASCE AVVOLGENTI D45 L160,FG02 WRAP-AROUND JAWS D45x160,FG02GANASCE AVVOLGENTI D45x160,
SJA80733-00,FG02GANASCE AVVOLGENTI D45 L220,FG02 WRAP-AROUND JAWS D45x220,FG02GANASCE AVVOLGENTI D45x220,
SGT79516-00,FG02GANASCE AVVOLGENTI D45 L240,FG02 WRAP-AROUND JAWS D45x240,FG02GANASCE AVVOLGENTI D45x240,
NN1251F-00,FG02-AVVOLGENTI D45 L250,FG02 WRAP-AROUND JAWS D45x250,FG02 AVVOLGENTI D45x250,
NLY32288-00,FG02-AVVOLGENTI D45 L280,FG02 WRAP-AROUND JAWS D45x280,FG02 AVVOLGENTI D45x280,
ZHV12795-00,FG02GANASCE AVVOLGENTI D45 L300,FG02 WRAP-AROUND JAWS D45x300,FG02GANASCE AVVOLGENTI D45x300,
XKF77762-00,FG02GANASCE AVVOLGENTI D45 L330,FG02 WRAP-AROUND JAWS D45x330,FG02GANASCE AVVOLGENTI D45x330,
ZLB45455-00,FG02GANASCE AVVOLGENTI D45 L400,FG02 WRAP-AROUND JAWS D45x400,FG02GANASCE AVVOLGENTI D45x400,
AVF59957-00,FG02GANASCE AVVOLGENTI D45 L60,FG02 WRAP-AROUND JAWS D45x60,FG02GANASCE AVVOLGENTI D45x60,
SW2244Z-00,FG02-AVVOLGENTI D46.35 L8,"FG02 WRAP-AROUND JAWS D46,35x8","FG02 AVVOLGENTI D46,35x8",
JZY12457-00,"FG02 GANASCE AVVOLGENTI D46,5 L300","FG02 WRAP-AROUND JAWS D46,5x300","FG02 GANASCE AVVOLGENTI D46,5x300",
LTG36317-00,"FG02 GANASCE AVVOLGENTI D46,5 L70","FG02 WRAP-AROUND JAWS D46,5x70","FG02 GANASCE AVVOLGENTI D46,5x70",
DBS34811-00,FG02GANASCE AVVOLGENTI D47.4 L15,"FG02 WRAP-AROUND JAWS D47,4x15","FG02GANASCE AVVOLGENTI D47,4x15",
ZYF88285-00,"FG02GANASCE AVVOLGENTI D47,4 L235","FG02 WRAP-AROUND JAWS D47,4x235","FG02GANASCE AVVOLGENTI D47,4x235",
GUZ01980-00,"FG02GANASCE AVVOLGENTI D47,5 L400","FG02 WRAP-AROUND JAWS D47,5x400","FG02GANASCE AVVOLGENTI D47,5x400",
WXS68919-00,FG02GANASCE AVVOLGENTI D47.5 L60,"FG02 WRAP-AROUND JAWS D47,5x60","FG02GANASCE AVVOLGENTI D47,5x60",
NA7139T-00,FG02-AVVOLGENTI D47.62 L20,"FG02 WRAP-AROUND JAWS D47,62x20","FG02 AVVOLGENTI D47,62x20",
YPY76101-00,"FG02GANASCE AVVOLGENTI D47,6 L25","FG02 WRAP-AROUND JAWS D47,6x25","FG02GANASCE AVVOLGENTI D47,6x25",
FZD06109-00,"FG02 GANASCE AVVOLGENTI D47,7 L24","FG02 WRAP-AROUND JAWS D47,7x24","FG02 GANASCE AVVOLGENTI D47,7x24",
NXA13920-00,FG02GANASCE AVVOLGENTI D47 L210,FG02 WRAP-AROUND JAWS D47x210,FG02GANASCE AVVOLGENTI D47x210,
FCS23853-00,FG02GANASCE AVVOLGENTI D47 L30 PIPE,FG02 WRAP-AROUND JAWS D47x30,FG02GANASCE AVVOLGENTI D47x30 PIPE,
HU6964C-00,FG02AVVOLGENTE D48,FG02 WRAP-AROUND JAWS D48,FG02 GANASCE AVVOLGENTI D48,
YV5326K-00,"FG02-AVVOLGENTI D48,15 L10","FG02 WRAP-AROUND JAWS D48,15x10","FG02 AVVOLGENTI D48,15x10",
RR5405R-00,"FG02-AVVOLGENTI D48,15 L25","FG02 WRAP-AROUND JAWS D48,15x25","FG02 AVVOLGENTI D48,15x25",
ZU4545R-00,"FG02AVV. D.48,26 L.240","FG02 WRAP-AROUND JAWS D48,26x240","FG02 GANASCE AVVOLGENTI D48,26x240",
RX3367S-00,"FG02AVV. D.48,26 L.40","FG02 WRAP-AROUND JAWS D48,26x40","FG02 GANASCE AVVOLGENTI D48,26x40",
ZN6318F-00,"FG02AVV. D.48,26 L.520","FG02 WRAP-AROUND JAWS D48,26x520","FG02 GANASCE AVVOLGENTI D48,26x520",
VAT86253-00,"FG02GANASCE AVVOLGENTI D48,3 L245","FG02 WRAP-AROUND JAWS D48,3x245","FG02GANASCE AVVOLGENTI D48,3x245",
FGF06185-00,"FG02GANASCE AVVOLGENTI D48,3 L270","FG02 WRAP-AROUND JAWS D48,3x270","FG02GANASCE AVVOLGENTI D48,3x270",
GRD49740-00,FG02GANASCE AVVOLGENTI D48.3 L30,"FG02 WRAP-AROUND JAWS D48,3x30","FG02GANASCE AVVOLGENTI D48,3x30",
YFM07626-00,"FG02GANASCE AVVOLGENTI D48,3 L395","FG02 WRAP-AROUND JAWS D48,3x395","FG02GANASCE AVVOLGENTI D48,3x395",
ZSL90628-00,"FG02GANASCE AVVOLGENTI D48,3 L40","FG02 WRAP-AROUND JAWS D48,3x40","FG02GANASCE AVVOLGENTI D48,3x40",
SDE01547-00,"FG02GANASCE AVVOLGENTI D48,3 L500","FG02 WRAP-AROUND JAWS D48,3x500","FG02GANASCE AVVOLGENTI D48,3x500",
VPZ41396-00,FG02GANASCE AVVOLGENTI D48.3 L60,"FG02 WRAP-AROUND JAWS D48,3x60","FG02GANASCE AVVOLGENTI D48,3x60",
NNB88862-00,"FG02GANASCE AVVOLGENTI D48,3 L90","FG02 WRAP-AROUND JAWS D48,3x90","FG02GANASCE AVVOLGENTI D48,3x90",
JWT70475-00,FG02GANASCE AVVOLGENTI D48.5 L30,"FG02 WRAP-AROUND JAWS D48,5x30","FG02GANASCE AVVOLGENTI D48,5x30",
NXM83294-00,FG02GANASCE AVVOLGENTI D48.5 L400,"FG02 WRAP-AROUND JAWS D48,5x400","FG02GANASCE AVVOLGENTI D48,5x400",
AEC77513-00,FG02GANASCE AVVOLGENTI D48 L270,FG02 WRAP-AROUND JAWS D48x270,FG02GANASCE AVVOLGENTI D48x270,
JUT11968-00,FG02GANASCE AVVOLGENTI D49.2 L350,"FG02 WRAP-AROUND JAWS D49,2x350","FG02GANASCE AVVOLGENTI D49,2x350",
AS6372W-00,FG02-AVVOLGENTI D49.40 L12,"FG02 WRAP-AROUND JAWS D49,40x12","FG02 AVVOLGENTI D49,40x12",
YFM59422-00,FG02GANASCE AVVOLGENTI D49.55 L100,"FG02 WRAP-AROUND JAWS D49,55x100","FG02GANASCE AVVOLGENTI D49,55x100",
GPT97024-00,FG02GANASCE AVVOLGENTI D49 L150,FG02 WRAP-AROUND JAWS D49x150,FG02GANASCE AVVOLGENTI D49x150,
BTR00690-00,FG02GANASCE AVVOLGENTI D49 L50,FG02 WRAP-AROUND JAWS D49x50,FG02GANASCE AVVOLGENTI D49x50,
BTN00767-00,FG02 GANASCE AVVOLGENTI D50.55 L90,"FG02 WRAP-AROUND JAWS D50,55x90","FG02 GANASCE AVVOLGENTI D50,55x90",
PF4200X-00,FG02-AVVOLGENTI D50.86 L40,"FG02 WRAP-AROUND JAWS D50,86x40","FG02 AVVOLGENTI D50,86x40",
ZTL82829-00,"FG02 GANASCE AVVOLGENTI D50,8 L15","FG02 WRAP-AROUND JAWS D50,8x15","FG02 GANASCE AVVOLGENTI D50,8x15",
RKC70737-00,FG02-AVVOLGENTI D50.8 L250,"FG02 WRAP-AROUND JAWS D50,8x250","FG02 AVVOLGENTI D50,8x250",
ASS93516-00,FG02GANASCE AVVOLGENTI D50.8 L300,"FG02 WRAP-AROUND JAWS D50,8x300","FG02GANASCE AVVOLGENTI D50,8x300",
FPP85093-00,"FG02 GANASCE AVVOLGENTI D50,8 L90","FG02 WRAP-AROUND JAWS D50,8x90","FG02 GANASCE AVVOLGENTI D50,8x90",
BBX79589-00,FG02 GANASCE AVVOLGENTI D50 L120,FG02 WRAP-AROUND JAWS D50x120,FG02 GANASCE AVVOLGENTI D50x120,
JEV83452-00,FG02GANASCE AVVOLGENTI D50 L15,FG02 WRAP-AROUND JAWS D50x15,FG02GANASCE AVVOLGENTI D50x15,
ZJK93412-00,FG02GANASCE AVVOLGENTI D50 L150,FG02 WRAP-AROUND JAWS D50x150,FG02GANASCE AVVOLGENTI D50x150,
NRE64608-00,FG02-AVVOLGENTI D50 L250,FG02 WRAP-AROUND JAWS D50x250,FG02 AVVOLGENTI D50x250,
RRW09682-00,FG02-AVVOLGENTI D50 L300,FG02 WRAP-AROUND JAWS D50x300,FG02 AVVOLGENTI D50x300,
GJ2442Y-00,FG02AVVOLGENTI D50 L300 PER D90,FG02 WRAP-AROUND JAWS D50x300 FOR D90,FG02 GANASCE AVVOLGENTI D50x300 PER D90,
HGE18765-00,FG02 GANASCE AVVOLGENTI D50 L330,FG02 WRAP-AROUND JAWS D50x330,FG02 GANASCE AVVOLGENTI D50x330,
JEJ91179-00,FG02GANASCE AVVOLGENTI D50 L340,FG02 WRAP-AROUND JAWS D50x340,FG02GANASCE AVVOLGENTI D50x340,
RWN49546-00,FG02GANASCE AVVOLGENTI D50 L350,FG02 WRAP-AROUND JAWS D50x350,FG02GANASCE AVVOLGENTI D50x350,
ZJN74116-00,FG02GANASCE AVVOLGENTI D50 L400,FG02 WRAP-AROUND JAWS D50x400,FG02GANASCE AVVOLGENTI D50x400,
ZRM83081-00,FG02GANASCE AVVOLGENTI D50 L50,FG02 WRAP-AROUND JAWS D50x50,FG02GANASCE AVVOLGENTI D50x50,
VY2217A-00,FG02-AVVOLGENTI D50 L500,FG02 WRAP-AROUND JAWS D50x500,FG02 AVVOLGENTI D50x500,
HFP59802-00,FG02GANASCE AVVOLGENTI D51 L20,FG02 WRAP-AROUND JAWS D51x20,FG02GANASCE AVVOLGENTI D51x20,
AEZ67226-00,FG02GANASCE AVVOLGENTI D51 L30,FG02 WRAP-AROUND JAWS D51x30,FG02GANASCE AVVOLGENTI D51x30,
YZ8519K-00,FG02-AVVOLGENTI D51 L50,FG02 WRAP-AROUND JAWS D51x50,FG02 AVVOLGENTI D51x50,
BKD92411-00,"FG02 GANASCE AVVOLGENTI D52,4 L300","FG02 WRAP-AROUND JAWS D52,4x300","FG02 GANASCE AVVOLGENTI D52,4x300",
UH5638J-00,"FG02AVVOLGENTI D52,4 L330.","FG02 WRAP-AROUND JAWS D52,4x330","FG02 GANASCE AVVOLGENTI D52,4x330",
YYB39721-00,FG02GANASCE AVVOLGENTI D52.4 L340,"FG02 WRAP-AROUND JAWS D52,4x340","FG02GANASCE AVVOLGENTI D52,4x340",
ACB38427-00,FG02GANASCE AVVOLGENTI D52.5 L350,"FG02 WRAP-AROUND JAWS D52,5x350","FG02GANASCE AVVOLGENTI D52,5x350",
KU1191A-00,FG02-AVVOLGENTI D52.7 L540,"FG02 WRAP-AROUND JAWS D52,7x540","FG02 AVVOLGENTI D52,7x540",
CU6186H-00,FG02-AVVOLGENTI D52.7 L70,"FG02 WRAP-AROUND JAWS D52,7x70","FG02 AVVOLGENTI D52,7x70",
UZ4545S-00,FG02-AVVOLGENTE D52.8,"FG02 WRAP-AROUND JAWS D52,8","FG02 AVVOLGENTI D52,8",
PH4984H-00,FG02-AVVOLGENTI D.52 L150,FG02 WRAP-AROUND JAWS D52x150,FG02 AVVOLGENTI D52x150,
ZNC48071-00,FG02GANASCE AVVOLGENTI D52 L260,FG02 WRAP-AROUND JAWS D52x260,FG02GANASCE AVVOLGENTI D52x260,
FM8110X-00,FG02-AVVOLGENTI D.52 L290,FG02 WRAP-AROUND JAWS D52x290,FG02 AVVOLGENTI D52x290,
GHG64878-00,FG02GANASCE AVVOLGENTI D52 L350,FG02 WRAP-AROUND JAWS D52x350,FG02GANASCE AVVOLGENTI D52x350,
BG7557G-00,FG02-AVVOLGENTI D53.3 L30,"FG02 WRAP-AROUND JAWS D53,3x30","FG02 AVVOLGENTI D53,3x30",
PLU89707-00,FG02GANASCE AVVOLGENTI D53.4 L350,"FG02 WRAP-AROUND JAWS D53,4x350","FG02GANASCE AVVOLGENTI D53,4x350",
AF6061X-00,FG02-AVVOLGENTI D53.5 L40,"FG02 WRAP-AROUND JAWS D53,5x40","FG02 AVVOLGENTI D53,5x40",
FBD96184-00,FG02GANASCE AVVOLGENTI D53.8 L25 PIPE,"FG02 WRAP-AROUND JAWS D53,8x25","FG02GANASCE AVVOLGENTI D53,8x25 PIPE",
JSY64754-00,FG02GANASCE AVVOLGENTI D53.98 L40,"FG02 WRAP-AROUND JAWS D53,98x40","FG02GANASCE AVVOLGENTI D53,98x40",
KSL42766-00,FG02GANASCE AVVOLGENTI D53.9 L30 PIPE,"FG02 WRAP-AROUND JAWS D53,9x30","FG02GANASCE AVVOLGENTI D53,9x30 PIPE",
EA7424N-00,FG02-AVVOLGENTI D53 L50,FG02 WRAP-AROUND JAWS D53x50,FG02 AVVOLGENTI D53x50,
CU0211W-00,FG02-AVVOLGENTI D53 L500,FG02 WRAP-AROUND JAWS D53x500,FG02 AVVOLGENTI D53x500,
TE7612C-00,FG02-AVVOLGENTI D54,FG02 WRAP-AROUND JAWS D54,FG02 AVVOLGENTI D54,
FC3223R-00,FG02-AVVOLGENTI D54 L10,FG02 WRAP-AROUND JAWS D54x10,FG02 AVVOLGENTI D54x10,
YYR21417-00,FG02GANASCE AVVOLGENTI D54 L120,FG02 WRAP-AROUND JAWS D54x120,FG02GANASCE AVVOLGENTI D54x120,
RBA74017-00,FG02GANASCE AVVOLGENTI D54 L15,FG02 WRAP-AROUND JAWS D54x15,FG02GANASCE AVVOLGENTI D54x15,
MFN54607-00,FG02GANASCE AVVOLGENTI D54 L200,FG02 WRAP-AROUND JAWS D54x200,FG02GANASCE AVVOLGENTI D54x200,
FZ2492U-00,FG02-AVVOLGENTI D54 L25,FG02 WRAP-AROUND JAWS D54x25,FG02 AVVOLGENTI D54x25,
HZX40844-00,FG02GANASCE AVVOLGENTI D54 L290,FG02 WRAP-AROUND JAWS D54x290,FG02GANASCE AVVOLGENTI D54x290,
GVF97500-00,FG02GANASCE AVVOLGENTI D54 L30,FG02 WRAP-AROUND JAWS D54x30,FG02GANASCE AVVOLGENTI D54x30,
DFE65446-00,FG02GANASCE AVVOLGENTI D54 L35,FG02 WRAP-AROUND JAWS D54x35,FG02GANASCE AVVOLGENTI D54x35,
ZUS93472-00,FG02GANASCE AVVOLGENTI D54 L50,FG02 WRAP-AROUND JAWS D54x50,FG02GANASCE AVVOLGENTI D54x50,
JE5292T-00,FG02-AVVOLGENTI D54 L500,FG02 WRAP-AROUND JAWS D54x500,FG02 AVVOLGENTI D54x500,
JKX85108-00,FG02GANASCE AVVOLGENTI D54 L60,FG02 WRAP-AROUND JAWS D54x60,FG02GANASCE AVVOLGENTI D54x60,
MK9997H-00,FG02-AVVOLGENTI D54 L80,FG02 WRAP-AROUND JAWS D54x80,FG02 AVVOLGENTI D54x80,
CBW08101-00,FG02GANASCE AVVOLGENTI D55 L20,FG02 WRAP-AROUND JAWS D55x20,FG02GANASCE AVVOLGENTI D55x20,
KCZ01749-00,FG02GANASCE AVVOLGENTI D55 L25,FG02 WRAP-AROUND JAWS D55x25,FG02GANASCE AVVOLGENTI D55x25,
JNA94826-00,FG02-AVVOLGENTI D56.8 L300,"FG02 WRAP-AROUND JAWS D56,8x300","FG02 AVVOLGENTI D56,8x300",
KDA41521-00,FG02GANASCE AVVOLGENTI D56.8 L40,"FG02 WRAP-AROUND JAWS D56,8x40","FG02GANASCE AVVOLGENTI D56,8x40",
ZLD86736-00,FG02GANASCE AVVOLGENTI D56 L180,FG02 WRAP-AROUND JAWS D56x180,FG02GANASCE AVVOLGENTI D56x180,
VE4017T-00,FG02-AVVOLGENTI D57.10 L50,"FG02 WRAP-AROUND JAWS D57,10x50","FG02 AVVOLGENTI D57,10x50",
AFP64464-00,FG02GANASCE AVVOLGENTI D57.94 L50,"FG02 WRAP-AROUND JAWS D57,94x50","FG02GANASCE AVVOLGENTI D57,94x50",
DEU44658-00,FG02 GANASCE AVVOLGENTI D57 L260,FG02 WRAP-AROUND JAWS D57x260,FG02 GANASCE AVVOLGENTI D57x260,
HAN06734-00,FG02GANASCE AVVOLGENTI D57 L30,FG02 WRAP-AROUND JAWS D57x30,FG02GANASCE AVVOLGENTI D57x30,
GU8602C-00,FG02-AVVOLGENTI D57 L50,FG02 WRAP-AROUND JAWS D57x50,FG02 AVVOLGENTI D57x50,
MLW35058-00,FG02-AVVOLGENTI D57 L50 DENTATE,FG02 WRAP-AROUND JAWS D57x50 COGGED,FG02 AVVOLGENTI D57x50 DENTATE,
HJT92562-00,FG02GANASCE AVVOLGENTI D57 L60,FG02 WRAP-AROUND JAWS D57x60,FG02GANASCE AVVOLGENTI D57x60,
MVR90981-00,FG02-AVVOLGENTI D58.125 L250,"FG02 WRAP-AROUND JAWS D58,125x250","FG02 AVVOLGENTI D58,125x250",
KRY36798-00,FG02GANASCE AVVOLGENTI D58 L290,FG02 WRAP-AROUND JAWS D58x290,FG02GANASCE AVVOLGENTI D58x290,
KVH64196-00,FG02GANASCE AVVOLGENTI D58 L390,FG02 WRAP-AROUND JAWS D58x390,FG02GANASCE AVVOLGENTI D58x390,
YTB05889-00,FG02GANASCE AVVOLGENTI D59.7 L240,"FG02 WRAP-AROUND JAWS D59,7x240","FG02GANASCE AVVOLGENTI D59,7x240",
CJ1520A-00,FG02-AVVOLGENTE D6.35 L20,"FG02 WRAP-AROUND JAWS D6,35x20","FG02 AVVOLGENTI D6,35x20",
UNN55802-00,"FG02GANASCE AVVOLGENTI D6,35 L50","FG02 WRAP-AROUND JAWS D6,35x50","FG02GANASCE AVVOLGENTI D6,35x50",
UK4025S-00,"FG02AVV. D.60,32 L.140","FG02 WRAP-AROUND JAWS D60,32x140","FG02 GANASCE AVVOLGENTI D60,32x140",
JD4579V-00,"FG02AVV. D.60,32 L.250","FG02 WRAP-AROUND JAWS D60,32x250","FG02 GANASCE AVVOLGENTI D60,32x250",
PX1851U-00,"FG02AVV. D.60,32 L.520","FG02 WRAP-AROUND JAWS D60,32x520","FG02 GANASCE AVVOLGENTI D60,32x520",
EED12709-00,"FG02GANASCE AVVOLGENTI D60,37 L570","FG02 WRAP-AROUND JAWS D60,37x570","FG02GANASCE AVVOLGENTI D60,37x570",
SKX75145-00,"FG02 GANASCE AVVOLGENTI D60,3 L100","FG02 WRAP-AROUND JAWS D60,3x100","FG02 GANASCE AVVOLGENTI D60,3x100",
LCU98798-00,FG02GANASCE AVVOLGENTI D60.3 L12,"FG02 WRAP-AROUND JAWS D60,3x12","FG02GANASCE AVVOLGENTI D60,3x12",
GVA65301-00,FG02GANASCE AVVOLGENTI D60.3 L15,"FG02 WRAP-AROUND JAWS D60,3x15","FG02GANASCE AVVOLGENTI D60,3x15",
AYE09813-00,"FG02GANASCE AVVOLGENTI D60,3 L240","FG02 WRAP-AROUND JAWS D60,3x240","FG02GANASCE AVVOLGENTI D60,3x240",
WVE25903-00,"FG02 GANASCE AVVOLGENTI D60,3 L35","FG02 WRAP-AROUND JAWS D60,3x35","FG02 GANASCE AVVOLGENTI D60,3x35",
HNJ60641-00,"FG02GANASCE AVVOLGENTI D60,3 L395","FG02 WRAP-AROUND JAWS D60,3x395","FG02GANASCE AVVOLGENTI D60,3x395",
WWN74913-00,"FG02GANASCE AVVOLGENTI D60,3 L40","FG02 WRAP-AROUND JAWS D60,3x40","FG02GANASCE AVVOLGENTI D60,3x40",
REP06659-00,"FG02GANASCE AVVOLGENTI D60,3 L90","FG02 WRAP-AROUND JAWS D60,3x90","FG02GANASCE AVVOLGENTI D60,3x90",
MWT37678-00,FG02BUPANR GANASCE AVVOLGENTI D60 L10,FG02 WRAP-AROUND JAWS D60x10 “BUPANR”,FG02BUPANR GANASCE AVVOLGENTI D60x10,
EBM24261-00,FG02BUPANR GANASCE AVVOLGENTI D60 L14,FG02 WRAP-AROUND JAWS D60x14 “BUPANR”,FG02BUPANR GANASCE AVVOLGENTI D60x14,
VXV68058-00,FG02 GANASCE AVVOLGENTI D60 L150,FG02 WRAP-AROUND JAWS D60x150,FG02 GANASCE AVVOLGENTI D60x150,
VGP91090-00,FG02 GANASCE AVVOLGENTI D60 L180,FG02 WRAP-AROUND JAWS D60x180,FG02 GANASCE AVVOLGENTI D60x180,
YB3911A-00,FG02-AVVOLGENTI D.60 L30,FG02 WRAP-AROUND JAWS D60x30,FG02 AVVOLGENTI D60x30,
PHA48582-00,FG02 GANASCE AVVOLGENTI D60 L300,FG02 WRAP-AROUND JAWS D60x300,FG02 GANASCE AVVOLGENTI D60x300,
GCG62311-00,FG02GANASCE AVVOLGENTI D60 L60,FG02 WRAP-AROUND JAWS D60x60,FG02GANASCE AVVOLGENTI D60x60,
RDN47326-00,FG02GANASCE AVVOLGENTI D62 L300,FG02 WRAP-AROUND JAWS D62x300,FG02GANASCE AVVOLGENTI D62x300,
WHS14327-00,FG02GANASCE AVVOLGENTI D62 L400,FG02 WRAP-AROUND JAWS D62x400,FG02GANASCE AVVOLGENTI D62x400,
RNP88434-00,FG02GANASCE AVVOLGENTI D62 L50,FG02 WRAP-AROUND JAWS D62x50,FG02GANASCE AVVOLGENTI D62x50,
XX8873N-00,FG02- SET AVVOLGENTI D63.5,"FG02 WRAP-AROUND JAWS D63,5","FG02 SET AVVOLGENTI D63,5",
MD9631B-00,"FG02-AVVOLGENTI D63,5 L10","FG02 WRAP-AROUND JAWS D63,5x10","FG02 AVVOLGENTI D63,5x10",
UJN86515-00,FG02GANASCE AVVOLGENTI D63.5 L230,"FG02 WRAP-AROUND JAWS D63,5x230","FG02GANASCE AVVOLGENTI D63,5x230",
VC3832S-00,"FG02-AVVOLGENTI D63,5 L25","FG02 WRAP-AROUND JAWS D63,5x25","FG02 AVVOLGENTI D63,5x25",
BEZ76473-00,FG02GANASCE AVVOLGENTI D63 L150,FG02 WRAP-AROUND JAWS D63x150,FG02GANASCE AVVOLGENTI D63x150,
BJS77467-00,FG02GANASCE AVVOLGENTI D63 L520,FG02 WRAP-AROUND JAWS D63x520,FG02GANASCE AVVOLGENTI D63x520,
CLH33072-00,FG02GANASCE AVVOLGENTI D64.2 L350,"FG02 WRAP-AROUND JAWS D64,2x350","FG02GANASCE AVVOLGENTI D64,2x350",
VVE08193-00,FG02GANASCE AVVOLGENTI D64 L7,FG02 WRAP-AROUND JAWS D64x7,FG02GANASCE AVVOLGENTI D64x7,
WUR07054-00,FG02GANASCE AVVOLGENTI D65.2 L230,"FG02 WRAP-AROUND JAWS D65,2x230","FG02GANASCE AVVOLGENTI D65,2x230",
KU4782K-00,FG02-AVVOLGENTI D65.7 L50,"FG02 WRAP-AROUND JAWS D65,7x50","FG02 AVVOLGENTI D65,7x50",
YEJ12443-00,FG02GANASCE AVVOLGENTI D65 L170,FG02 WRAP-AROUND JAWS D65x170,FG02GANASCE AVVOLGENTI D65x170,
MHX05553-00,FG02GANASCE AVVOLGENTI D65 L30,FG02 WRAP-AROUND JAWS D65x30,FG02GANASCE AVVOLGENTI D65x30,
ALS37807-00,FG02GANASCE AVVOLGENTI D65 L400,FG02 WRAP-AROUND JAWS D65x400,FG02GANASCE AVVOLGENTI D65x400,
VY0754F-00,FG02-AVVOLGENTI D66.2 L50,"FG02 WRAP-AROUND JAWS D66,2x50","FG02 AVVOLGENTI D66,2x50",
SYB74522-00,"FG02GANASCE AVVOLGENTI D66,3 L60","FG02 WRAP-AROUND JAWS D66,3x60","FG02GANASCE AVVOLGENTI D66,3x60",
XS3485U-00,FG02-AVVOLGENTI D66.5 L30,"FG02 WRAP-AROUND JAWS D66,5x30","FG02 AVVOLGENTI D66,5x30",
HXE41925-00,FG02GANASCE AVVOLGENTI D67 L190,FG02 WRAP-AROUND JAWS D67x190,FG02GANASCE AVVOLGENTI D67x190,
CD3230J-00,FG02-AVVOLGENTI D67 L50,FG02 WRAP-AROUND JAWS D67x50,FG02 AVVOLGENTI D67x50,
AZ2121S-00,FG02-AVVOLGENTI D68 L40,FG02 WRAP-AROUND JAWS D68x40,FG02 AVVOLGENTI D68x40,
SWL05222-00,FG02GANASCE AVVOLGENTI D68 L60,FG02 WRAP-AROUND JAWS D68x60,FG02GANASCE AVVOLGENTI D68x60,
LCD27109-00,"FG02GANASCE AVVOLGENTI D69,85 L40","FG02 WRAP-AROUND JAWS D69,85x40","FG02GANASCE AVVOLGENTI D69,85x40",
WBU67080-00,FG02GANASCE AVVOLGENTI D6 L170,FG02 WRAP-AROUND JAWS D6x170,FG02GANASCE AVVOLGENTI D6x170,
FSS65469-00,FG02GANASCE AVVOLGENTI D6 L220,FG02 WRAP-AROUND JAWS D6x220,FG02GANASCE AVVOLGENTI D6x220,
RSG17048-00,FG02GANASCE AVVOLGENTI D6 L270,FG02 WRAP-AROUND JAWS D6x270,FG02GANASCE AVVOLGENTI D6x270,
PLS11929-00,FG02GANASCE AVVOLGENTI D70.35 L25,"FG02 WRAP-AROUND JAWS D70,35x25","FG02GANASCE AVVOLGENTI D70,35x25",
WWS84953-00,FG02GAN AVVOLGENTI D70.35 L40,"FG02 WRAP-AROUND JAWS D70,35x40","FG02GANASCE AVVOLGENTI D70,35x40",
FNX57170-00,FG02GANASCE AVVOLGENTI D70.49 L130,"FG02 WRAP-AROUND JAWS D70,49x130","FG02GANASCE AVVOLGENTI D70,49x130",
MZD52433-00,FG02GANASCE AVVOLGENTI D70 L120,FG02 WRAP-AROUND JAWS D70x120,FG02GANASCE AVVOLGENTI D70x120,
HF7953U-00,FG02BUPANR GANASCE AVVOLGENTI D70 L15,FG02 WRAP-AROUND JAWS D70x15 “BUPANR”,FG02BUPANR GANASCE AVVOLGENTI D70x15,
ZA7158U-00,FG02-AVVOLGENTI D.70 L250,FG02 WRAP-AROUND JAWS D70x250,FG02 AVVOLGENTI D70x250,
NKV52731-00,FG02GANASCE AVVOLGENTI D70 L30,FG02 WRAP-AROUND JAWS D70x30,FG02GANASCE AVVOLGENTI D70x30,
ZE0170J-00,FG02-AVVOLGENTI D70 L370,FG02 WRAP-AROUND JAWS D70x370,FG02 AVVOLGENTI D70x370,
EJ5104M-00,FG02-AVVOLGENTI D70 L40,FG02 WRAP-AROUND JAWS D70x40,FG02 AVVOLGENTI D70x40,
WMX71716-00,FG02-AVVOLGENTI D70 L40 DENTATE,FG02 WRAP-AROUND JAWS D70x40 COGGED,FG02 AVVOLGENTI D70x40 DENTATE,
UGT28637-00,FG02GANASCE AVVOLGENTI D73 L140,FG02 WRAP-AROUND JAWS D73x140,FG02GANASCE AVVOLGENTI D73x140,
NKC77200-00,FG02GANASCE AVVOLGENTI D73 L190,FG02 WRAP-AROUND JAWS D73x190,FG02GANASCE AVVOLGENTI D73x190,
EBX23373-00,FG02GANASCE AVVOLGENTI D73 L20,FG02 WRAP-AROUND JAWS D73x20,FG02GANASCE AVVOLGENTI D73x20,
AL3451A-00,FG02-AVVOLGENTE D74.5,"FG02 WRAP-AROUND JAWS D74,5","FG02 AVVOLGENTI D74,5",
TF5209F-00,FG02-AVVOLGENTE D75.15,"FG02 WRAP-AROUND JAWS D75,15","FG02 AVVOLGENTI D75,15",
EYA45367-00,FG02GANASCE AVVOLGENTI D75 L25,FG02 WRAP-AROUND JAWS D75x25,FG02GANASCE AVVOLGENTI D75x25,
JSJ87876-00,FG02GANASCE AVVOLGENTI D76.1 L12,"FG02 WRAP-AROUND JAWS D76,1x12","FG02GANASCE AVVOLGENTI D76,1x12",
WDA09264-00,"FG02GANASCE AVVOLGENTI D76,1 L200","FG02 WRAP-AROUND JAWS D76,1x200","FG02GANASCE AVVOLGENTI D76,1x200",
RJY89884-00,"FG02GANASCE AVVOLGENTI D76,1 L25","FG02 WRAP-AROUND JAWS D76,1x25","FG02GANASCE AVVOLGENTI D76,1x25",
GD2332R-00,FG02-AVVOLGENTE D76.1 L50,"FG02 WRAP-AROUND JAWS D76,1x50","FG02 AVVOLGENTI D76,1x50",
JMU89920-00,FG02GANASCE AVVOLGENTI D76.1 L60,"FG02 WRAP-AROUND JAWS D76,1x60","FG02GANASCE AVVOLGENTI D76,1x60",
GL8860P-00,FG02- SET AVVOLGENTI D76.2,"FG02 WRAP-AROUND JAWS D76,2","FG02 SET AVVOLGENTI D76,2",
PPS23663-00,FG02GANASCE AVVOLGENTI D76 L180,FG02 WRAP-AROUND JAWS D76x180,FG02GANASCE AVVOLGENTI D76x180,
WEN57441-00,FG02 GANASCE AVVOLGENTI D76 L35,FG02 WRAP-AROUND JAWS D76x35,FG02 GANASCE AVVOLGENTI D76x35,
SZT87576-00,FG02GANASCE AVVOLGENTI D77 L60,FG02 WRAP-AROUND JAWS D77x60,FG02GANASCE AVVOLGENTI D77x60,
VPR74720-00,FG02GANASCE AVVOLGENTI D78 L90,FG02 WRAP-AROUND JAWS D78x90,FG02GANASCE AVVOLGENTI D78x90,
LMK53464-00,"FG02GANASCE AVVOLGENTI D8,5 L50","FG02 WRAP-AROUND JAWS D8,5x50","FG02GANASCE AVVOLGENTI D8,5x50",
TUH87143-00,"FG02GANASCE AVVOLGENTI D80,1 L30","FG02 WRAP-AROUND JAWS D80,1x30","FG02GANASCE AVVOLGENTI D80,1x30",
CC3440E-00,FG02-AVVOLGENTE D80.7,"FG02 WRAP-AROUND JAWS D80,7","FG02 AVVOLGENTI D80,7",
CR4393T-00,FG02-AVVOLGENTI D80 L40,FG02 WRAP-AROUND JAWS D80x40,FG02 AVVOLGENTI D80x40,
LYK39623-00,FG02 GANASCE AVVOLGENTI D80 L550,FG02 WRAP-AROUND JAWS D80x550,FG02 GANASCE AVVOLGENTI D80x550,
UAE71098-00,FG02GANASCE AVVOLGENTI D80 L90,FG02 WRAP-AROUND JAWS D80x90,FG02GANASCE AVVOLGENTI D80x90,
BHM44223-00,FG02GANASCE AVVOLGENTI D84 L100,FG02 WRAP-AROUND JAWS D84x100,FG02GANASCE AVVOLGENTI D84x100,
TMM87799-00,FG02GANASCE AVVOLGENTI D85 L25,FG02 WRAP-AROUND JAWS D85x25,FG02GANASCE AVVOLGENTI D85x25,
ZFN15558-00,FG02GANASCE AVVOLGENTI D86 L12,FG02 WRAP-AROUND JAWS D86x12,FG02GANASCE AVVOLGENTI D86x12,
NRT01662-00,FG02GANASCE AVVOLGENTI D8 L145,FG02 WRAP-AROUND JAWS D8x145,FG02GANASCE AVVOLGENTI D8x145,
RJV29466-00,FG02GANASCE AVVOLGENTI D8 L15,FG02 WRAP-AROUND JAWS D8x15,FG02GANASCE AVVOLGENTI D8x15,
RYV43584-00,FG02GANASCE AVVOLGENTI D8 L185,FG02 WRAP-AROUND JAWS D8x185,FG02GANASCE AVVOLGENTI D8x185,
DPW59144-00,FG02GANASCE AVVOLGENTI D8 L195,FG02 WRAP-AROUND JAWS D8x195,FG02GANASCE AVVOLGENTI D8x195,
VBB97201-00,FG02GANASCE AVVOLGENTI D8 L250,FG02 WRAP-AROUND JAWS D8x250,FG02GANASCE AVVOLGENTI D8x250,
ZYK30775-00,FG02GANASCE AVVOLGENTI D8 L30,FG02 WRAP-AROUND JAWS D8x30,FG02GANASCE AVVOLGENTI D8x30,
AXD94283-00,FG02GANASCE AVVOLGENTI D8 L305,FG02 WRAP-AROUND JAWS D8x305,FG02GANASCE AVVOLGENTI D8x305,
YZX47958-00,FG02GANASCE AVVOLGENTI D8 L340,FG02 WRAP-AROUND JAWS D8x340,FG02GANASCE AVVOLGENTI D8x340,
AEE80582-00,FG02GANASCE AVVOLGENTI D8 L360,FG02 WRAP-AROUND JAWS D8x360,FG02GANASCE AVVOLGENTI D8x360,
AAK83759-00,FG02GANASCE AVVOLGENTI D8 L400,FG02 WRAP-AROUND JAWS D8x400,FG02GANASCE AVVOLGENTI D8x400,
GKX77473-00,FG02GANASCE AVVOLGENTI D8 L415,FG02 WRAP-AROUND JAWS D8x415,FG02GANASCE AVVOLGENTI D8x415,
VJC21670-00,FG02GANASCE AVVOLGENTI D8 L465,FG02 WRAP-AROUND JAWS D8x465,FG02GANASCE AVVOLGENTI D8x465,
KFE33211-00,FG02GANASCE AVVOLGENTI D8 L500,FG02 WRAP-AROUND JAWS D8x500,FG02GANASCE AVVOLGENTI D8x500,
RFV83350-00,FG02GANASCE AVVOLGENTI D8 L520,FG02 WRAP-AROUND JAWS D8x520,FG02GANASCE AVVOLGENTI D8x520,
UDM13360-00,FG02GANASCE AVVOLGENTI D8 L550,FG02 WRAP-AROUND JAWS D8x550,FG02GANASCE AVVOLGENTI D8x550,
YPY41499-00,FG02GANASCE AVVOLGENTI D8 L630,FG02 WRAP-AROUND JAWS D8x630,FG02GANASCE AVVOLGENTI D8x630,
SCY49008-00,FG02GANASCE AVVOLGENTI D8 L65,FG02 WRAP-AROUND JAWS D8x65,FG02GANASCE AVVOLGENTI D8x65,
ZXK31743-00,FG02GANASCE AVVOLGENTI D8 L90,FG02 WRAP-AROUND JAWS D8x90,FG02GANASCE AVVOLGENTI D8x90,
YD1076P-00,FG02-AVVOLGENTE D9.53 L20,"FG02 WRAP-AROUND JAWS D9,53x20","FG02 AVVOLGENTI D9,53x20",
ZN0859D-00,"FG02- AVVOLGENTI D52,4 L330 PER D90","FG02 WRAP-AROUND JAWS D90d52,4x330","FG02 AVVOLGENTI D90d52,4x330",
RJK20925-00,FG02GANASCE AVVOLGENTI D10 L100 PER D90,FG02 WRAP-AROUND JAWS D90xd10x100,FG02GANASCE AVVOLGENTI PER D90xd10x100,
BRC16056-00,FG02GANASCE AVVOLGENTI D10 L300 D90,FG02 WRAP-AROUND JAWS D90xd10x300,FG02GANASCE AVVOLGENTI D90xd10x300,
BHZ39887-00,FG02GANASCE AVVOLGENTI D10 L370 D90,FG02 WRAP-AROUND JAWS D90xd10x370,FG02GANASCE AVVOLGENTI D90xd10x370,
HZL26519-00,FG02GANASCE AVVOLGENTI D12.5 L195 D90,"FG02 WRAP-AROUND JAWS D90xd12,5x195","FG02GANASCE AVVOLGENTI D90xd12,5x195",
PBB35974-00,FG02GANASCE AVVOLGENTI D12.5 L240 D90,"FG02 WRAP-AROUND JAWS D90xd12,5x240","FG02GANASCE AVVOLGENTI D90xd12,5x240",
HTF98121-00,FG02GANASCE AVVOLGENTI D12.5 L270 D90,"FG02 WRAP-AROUND JAWS D90xd12,5x270","FG02GANASCE AVVOLGENTI D90xd12,5x270",
TJY98366-00,FG02GANASCE AVVOLGENTI D12.5 L315 D90,"FG02 WRAP-AROUND JAWS D90xd12,5x315","FG02GANASCE AVVOLGENTI D90xd12,5x315",
YLZ59735-00,FG02GANASCE AVVOLGENTI D12.5 L350 D90,"FG02 WRAP-AROUND JAWS D90xd12,5x350","FG02GANASCE AVVOLGENTI D90xd12,5x350",
HHE62616-00,FG02GANASCE AVVOLGENTI D12.7 L30 D90,"FG02 WRAP-AROUND JAWS D90xd12,7x30","FG02GANASCE AVVOLGENTI D90xd12,7x30",
DFE58029-00,FG02GANASCE AVVOLGENTI D12.7 L360 D90,"FG02 WRAP-AROUND JAWS D90xd12,7x360","FG02GANASCE AVVOLGENTI D90xd12,7x360",
ZCM01183-00,FG02GANASCE AVVOLGENTI D13 L470 PER D90,FG02 WRAP-AROUND JAWS D90xd13x470,FG02GANASCE AVVOLGENTI PER D90xd13x470,
JBC25910-00,FG02GANASCE AVVOLGENTI D13 L55 PER D90,FG02 WRAP-AROUND JAWS D90xd13x55,FG02GANASCE AVVOLGENTI PER D90xd13x55,
XLY26499-00,FG02GANASCE AVVOLGENTI D14.05 L30 D90,"FG02 WRAP-AROUND JAWS D90xd14,05x30","FG02GANASCE AVVOLGENTI D90xd14,05x30",
TNA27079-00,FG02GANASCE AVVOLGENTI D14.4 L135 D90,"FG02 WRAP-AROUND JAWS D90xd14,4x135","FG02GANASCE AVVOLGENTI D90xd14,4x135",
RDG51797-00,FG02GANASCIA AVV D14.5 L100 D90,"FG02 WRAP-AROUND JAWS D90xd14,5x100","FG02GANASCE AVVOLGENTI D90xd14,5x100",
UFA43055-00,FG02GANASCE AVVOLGENTI D14 L10 D90,FG02 WRAP-AROUND JAWS D90xd14x10,FG02GANASCE AVVOLGENTI D90xd14x10,
RSD05719-00,FG02GANASCE AVVOLGENTI D15.5 L30 D90,"FG02 WRAP-AROUND JAWS D90xd15,5x30","FG02GANASCE AVVOLGENTI D90xd15,5x30",
XCM53596-00,FG02GANASCE AVVOLGENTI D15.5 L55 PER D90,"FG02 WRAP-AROUND JAWS D90xd15,5x55","FG02GANASCE AVVOLGENTI PER D90xd15,5x55",
BDK34755-00,FG02GANASCE AVVOLGENTI D15.88 L180 D90,"FG02 WRAP-AROUND JAWS D90xd15,88x180","FG02GANASCE AVVOLGENTI D90xd15,88x180",
DFX41719-00,FG02GANASCE AVVOLGENTI D15.88 L300 D90,"FG02 WRAP-AROUND JAWS D90xd15,88x300","FG02GANASCE AVVOLGENTI D90xd15,88x300",
KXX88163-00,FG02GANASCE AVVOLGENTI D15 L170 D90,FG02 WRAP-AROUND JAWS D90xd15x170,FG02GANASCE AVVOLGENTI D90xd15x170,
YZK75292-00,FG02GANASCE AVVOLGENTI D15 L60 PER D90,FG02 WRAP-AROUND JAWS D90xd15x60,FG02GANASCE AVVOLGENTI PER D90xd15x60,
CWS51288-00,FG02GANASCE AVVOLGENTI D16.2 L60 PER D90,"FG02 WRAP-AROUND JAWS D90xd16,2x60","FG02GANASCE AVVOLGENTI PER D90xd16,2x60",
GGP92188-00,FG02GANASCE AVVOLGENTI D16.4 L8 D90 SR,"FG02 WRAP-AROUND JAWS D90xd16,4x8 SR","FG02GANASCE AVVOLGENTI D90xd16,4x8 SR",
ZAK46667-00,FG02GANASCE AVVOLGENTI D16 L105 PER D90,FG02 WRAP-AROUND JAWS D90xd16x105,FG02GANASCE AVVOLGENTI PER D90xd16x105,
YYN35227-00,FG02GANASCE AVVOLGENTI D16 L230 D90,FG02 WRAP-AROUND JAWS D90xd16x230,FG02GANASCE AVVOLGENTI D90xd16x230,
WXY98466-00,FG02GANASCE AVVOLGENTI D16 L250 D90,FG02 WRAP-AROUND JAWS D90xd16x250,FG02GANASCE AVVOLGENTI D90xd16x250,
ZAB22506-00,FG02GANASCE AVVOLGENTI D16 L280 D90,FG02 WRAP-AROUND JAWS D90xd16x280,FG02GANASCE AVVOLGENTI D90xd16x280,
FER26197-00,FG02GANASCE AVVOLGENTI D16 L300 D90,FG02 WRAP-AROUND JAWS D90xd16x300,FG02GANASCE AVVOLGENTI D90xd16x300,
FMF07469-00,FG02GANASCE AVVOLGENTI D16 L315 D90,FG02 WRAP-AROUND JAWS D90xd16x315,FG02GANASCE AVVOLGENTI D90xd16x315,
PXC51369-00,FG02GANASCE AVVOLGENTI D17.25 L60 PER D90,"FG02 WRAP-AROUND JAWS D90xd17,25x60","FG02GANASCE AVVOLGENTI PER D90xd17,25x60",
CEU54172-00,FG02GANASCE AVVOLGENTI D17.93 L160 D90,"FG02 WRAP-AROUND JAWS D90xd17,93x160","FG02GANASCE AVVOLGENTI D90xd17,93x160",
BMY67816-00,FG02GANASCE AVVOLGENTI D17.9 L180 D90,"FG02 WRAP-AROUND JAWS D90xd17,9x180","FG02GANASCE AVVOLGENTI D90xd17,9x180",
BJX59861-00,FG02GANASCE AVVOLGENTI D18.25 L30 D90,"FG02 WRAP-AROUND JAWS D90xd18,25x30","FG02GANASCE AVVOLGENTI D90xd18,25x30",
EGW99495-00,FG02GANASCE AVVOLGENTI D18.3 L250 D90,"FG02 WRAP-AROUND JAWS D90xd18,3x250","FG02GANASCE AVVOLGENTI D90xd18,3x250",
VWE52585-00,FG02GANASCE AVVOLGENTI D18.6 L15 D90,"FG02 WRAP-AROUND JAWS D90xd18,6x15","FG02GANASCE AVVOLGENTI D90xd18,6x15",
JEY70811-00,FG02GANASCE AVVOLGENTI D18.9 L200 D90,"FG02 WRAP-AROUND JAWS D90xd18,9x200","FG02GANASCE AVVOLGENTI D90xd18,9x200",
RAT53695-00,FG02GANASCE AVVOLGENTI D18 L10 D90,FG02 WRAP-AROUND JAWS D90xd18x10,FG02GANASCE AVVOLGENTI D90xd18x10,
WTC23018-00,FG02GANASCE AVVOLGENTI D18 L210 D90,FG02 WRAP-AROUND JAWS D90xd18x210,FG02GANASCE AVVOLGENTI D90xd18x210,
BWK37826-00,FG02GANASCE AVVOLGENTI D18 L8 D90,FG02 WRAP-AROUND JAWS D90xd18x8,FG02GANASCE AVVOLGENTI D90xd18x8,
EHS53408-00,FG02GANASCE AVVOLGENTI D19.05 L120 D90,"FG02 WRAP-AROUND JAWS D90xd19,05x120","FG02GANASCE AVVOLGENTI D90xd19,05x120",
YDU31371-00,FG02GANASCE AVVOLGENTI D19.05 L80 PER D90,"FG02 WRAP-AROUND JAWS D90xd19,05x80","FG02GANASCE AVVOLGENTI PER D90xd19,05x80",
WSF37970-00,FG02GANASCE AVVOLGENTI D19.1 L380 D90,"FG02 WRAP-AROUND JAWS D90xd19,1x380","FG02GANASCE AVVOLGENTI D90xd19,1x380",
DRS50221-00,FG02GANASCE AVVOLGENTI D19.25 L60 PER D90,"FG02 WRAP-AROUND JAWS D90xd19,25x60","FG02GANASCE AVVOLGENTI PER D90xd19,25x60",
ZPU54505-00,FG02GANASCE AVVOLGENTI D19.85 L90 D90,"FG02 WRAP-AROUND JAWS D90xd19,85x90","FG02GANASCE AVVOLGENTI D90xd19,85x90",
AEB34419-00,FG02GANASCE AVVOLGENTI D19 L210 D90,FG02 WRAP-AROUND JAWS D90xd19x210,FG02GANASCE AVVOLGENTI D90xd19x210,
DSZ25472-00,FG02GANASCE AVVOLGENTI D20.25 L60 PER D90,"FG02 WRAP-AROUND JAWS D90xd20,25x60","FG02GANASCE AVVOLGENTI PER D90xd20,25x60",
YHC62559-00,FG02-GANASCE AVVOLGENTI D20.35 L250 D90,"FG02 WRAP-AROUND JAWS D90xd20,35x250","FG02 GANASCE AVVOLGENTI D90xd20,35x250",
AEV86967-00,FG02GANASCE AVVOLGENTI D20.5 L20 D90,"FG02 WRAP-AROUND JAWS D90xd20,5x20","FG02GANASCE AVVOLGENTI D90xd20,5x20",
NLB84102-00,FG02GANASCE AVVOLGENTI D20 L120 D90,FG02 WRAP-AROUND JAWS D90xd20x120,FG02GANASCE AVVOLGENTI D90xd20x120,
XLV96179-00,FG02GANASCE AVVOLGENTI D20 L160 D90,FG02 WRAP-AROUND JAWS D90xd20x160,FG02GANASCE AVVOLGENTI D90xd20x160,
XXK61197-00,FG02GANASCE AVVOLGENTI D20 L280 D90,FG02 WRAP-AROUND JAWS D90xd20x280,FG02GANASCE AVVOLGENTI D90xd20x280,
AZS22584-00,FG02-GANASCE AVVOLGENTI D20 L340 D90,FG02 WRAP-AROUND JAWS D90xd20x340,FG02 GANASCE AVVOLGENTI D90xd20x340,
DMD82696-00,FG02-GANASCE AVVOLGENTI D20 L350 D90,FG02 WRAP-AROUND JAWS D90xd20x350,FG02 GANASCE AVVOLGENTI D90xd20x350,
VLA48922-00,FG02GANASCE AVVOLGENTI D21.3 L170 D90,"FG02 WRAP-AROUND JAWS D90xd21,3x170","FG02GANASCE AVVOLGENTI D90xd21,3x170",
MRK59138-00,FG02GANASCE AVVOLGENTI D21.3 L270 D90,"FG02 WRAP-AROUND JAWS D90xd21,3x270","FG02GANASCE AVVOLGENTI D90xd21,3x270",
VLZ65904-00,FG02GANASCE AVVOLGENTI D21.3 L320 D90,"FG02 WRAP-AROUND JAWS D90xd21,3x320","FG02GANASCE AVVOLGENTI D90xd21,3x320",
LVY47541-00,FG02GANASCE AVVOLGENTI D21.3 L420 D90,"FG02 WRAP-AROUND JAWS D90xd21,3x420","FG02GANASCE AVVOLGENTI D90xd21,3x420",
ZSK45559-00,FG02GANASCE AVVOLGENTI D21.3 L80 D90,"FG02 WRAP-AROUND JAWS D90xd21,3x80","FG02GANASCE AVVOLGENTI D90xd21,3x80",
SUM11463-00,FG02GANASCE AVVOLGENTI D21 L190 D90,FG02 WRAP-AROUND JAWS D90xd21x190,FG02GANASCE AVVOLGENTI D90xd21x190,
VZP57178-00,FG02GANASCE AVVOLGENTI D21 L20 D90,FG02 WRAP-AROUND JAWS D90xd21x20,FG02GANASCE AVVOLGENTI D90xd21x20,
GZX02980-00,FG02GANASCE AVVOLGENTI D21 L260 D90,FG02 WRAP-AROUND JAWS D90xd21x260,FG02GANASCE AVVOLGENTI D90xd21x260,
WBH81371-00,FG02GANASCE AVVOLGENTI D22.23 L160 D90,"FG02 WRAP-AROUND JAWS D90xd22,23x160","FG02GANASCE AVVOLGENTI D90xd22,23x160",
GVP45335-00,FG02GANASCE AVVOLGENTI D22.85 L40 D90,"FG02 WRAP-AROUND JAWS D90xd22,85x40","FG02GANASCE AVVOLGENTI D90xd22,85x40",
HJF67456-00,FG02GANASCE AVVOLGENTI D22 L120 D90,FG02 WRAP-AROUND JAWS D90xd22x120,FG02GANASCE AVVOLGENTI D90xd22x120,
PAG16507-00,FG02GANASCE AVVOLGENTI D22 L260 D90,FG02 WRAP-AROUND JAWS D90xd22x260,FG02GANASCE AVVOLGENTI D90xd22x260,
UFU51140-00,FG02GANASCE AVVOLGENTI D22 L350 D90,FG02 WRAP-AROUND JAWS D90xd22x350,FG02GANASCE AVVOLGENTI D90xd22x350,
KAS66073-00,FG02GANASCE AVVOLGENTI D23.41 L280 D90,"FG02 WRAP-AROUND JAWS D90xd23,41x280","FG02GANASCE AVVOLGENTI D90xd23,41x280",
SFG34531-00,FG02GANASCE AVVOLGENTI D23.42 L210 D90,"FG02 WRAP-AROUND JAWS D90xd23,42x210","FG02GANASCE AVVOLGENTI D90xd23,42x210",
BYE32800-00,FG02GANASCE AVVOLGENTI D23.5 L40 D90,"FG02 WRAP-AROUND JAWS D90xd23,5x40","FG02GANASCE AVVOLGENTI D90xd23,5x40",
BRG80913-00,FG02GANASCE AVVOLGENTI D24.05 L390 D90,"FG02 WRAP-AROUND JAWS D90xd24,05x390","FG02GANASCE AVVOLGENTI D90xd24,05x390",
WKM11674-00,FG02GANASCE AVVOLGENTI D24.5 L300 D90,"FG02 WRAP-AROUND JAWS D90xd24,5x300","FG02GANASCE AVVOLGENTI D90xd24,5x300",
VTH91956-00,FG02GANASCE AVVOLGENTI D24.5 L310 D90,"FG02 WRAP-AROUND JAWS D90xd24,5x310","FG02GANASCE AVVOLGENTI D90xd24,5x310",
TXK37983-00,FG02GANASCE AVVOLGENTI D24.5 L400 D90,"FG02 WRAP-AROUND JAWS D90xd24,5x400","FG02GANASCE AVVOLGENTI D90xd24,5x400",
USR85839-00,FG02GANASCE AVVOLGENTI D24.5 L80 D90,"FG02 WRAP-AROUND JAWS D90xd24,5x80","FG02GANASCE AVVOLGENTI D90xd24,5x80",
XYS95472-00,FG02GANASCE AVVOLGENTI D25.2 L290 D90,"FG02 WRAP-AROUND JAWS D90xd25,2x290","FG02GANASCE AVVOLGENTI D90xd25,2x290",
JDD56670-00,FG02GANASCE AVVOLGENTI D25.4 L230 D90,"FG02 WRAP-AROUND JAWS D90xd25,4x230","FG02GANASCE AVVOLGENTI D90xd25,4x230",
DDM84784-00,FG02GANASCE AVVOLGENTI D25.4 L390 D90,"FG02 WRAP-AROUND JAWS D90xd25,4x390","FG02GANASCE AVVOLGENTI D90xd25,4x390",
MDX62861-00,FG02GANASCIA AVV D25 L300 D90 Posacu,FG02 WRAP-AROUND JAWS D90xd25x300,FG02GANASCE AVVOLGENTI D90xd25x300 POSACU,
JDS50507-00,FG02GANASCE AVVOLGENTI D26.4 L40 D90,"FG02 WRAP-AROUND JAWS D90xd26,4x40","FG02GANASCE AVVOLGENTI D90xd26,4x40",
AWA80473-00,FG02GANASCE AVVOLGENTI D26.67 L230 D90,"FG02 WRAP-AROUND JAWS D90xd26,67x230","FG02GANASCE AVVOLGENTI D90xd26,67x230",
KMK28159-00,FG02GANASCE AVVOLGENTI D26.75 L75 D90,"FG02 WRAP-AROUND JAWS D90xd26,75x75","FG02GANASCE AVVOLGENTI D90xd26,75x75",
VPK50032-00,FG02GANASCE AVVOLGENTI D26.7 L100 D90,"FG02 WRAP-AROUND JAWS D90xd26,7x100","FG02GANASCE AVVOLGENTI D90xd26,7x100",
PSC86190-00,FG02GANASCE AVVOLGENTI D26.7 L250 D90,"FG02 WRAP-AROUND JAWS D90xd26,7x250","FG02GANASCE AVVOLGENTI D90xd26,7x250",
VYV98245-00,FG02GANASCE AVVOLGENTI D26.7 L50 D90,"FG02 WRAP-AROUND JAWS D90xd26,7x50","FG02GANASCE AVVOLGENTI D90xd26,7x50",
AKG05463-00,FG02GANASCE AVVOLGENTI D26.7 L540 D90,"FG02 WRAP-AROUND JAWS D90xd26,7x540","FG02GANASCE AVVOLGENTI D90xd26,7x540",
MRK85668-00,FG02GANASCE AVVOLGENTI D26 L10 D90,FG02 WRAP-AROUND JAWS D90xd26x10,FG02GANASCE AVVOLGENTI D90xd26x10,
GYW55153-00,FG02GANASCE AVVOLGENTI D26 L170 D90,FG02 WRAP-AROUND JAWS D90xd26x170,FG02GANASCE AVVOLGENTI D90xd26x170,
RZD76604-00,FG02GANASCE AVVOLGENTI D26 L5 D90,FG02 WRAP-AROUND JAWS D90xd26x5,FG02GANASCE AVVOLGENTI D90xd26x5,
KVH57239-00,FG02GANASCE AVVOLGENTI D27.5 L60 D90,"FG02 WRAP-AROUND JAWS D90xd27,5x60","FG02GANASCE AVVOLGENTI D90xd27,5x60",
YUS19398-00,FG02GANASCE AVVOLGENTI D27.6 L20 D90,"FG02 WRAP-AROUND JAWS D90xd27,6x20","FG02GANASCE AVVOLGENTI D90xd27,6x20",
XCV06146-00,FG02GANASCE AVVOLGENTI D27 L40 D90,FG02 WRAP-AROUND JAWS D90xd27x40,FG02GANASCE AVVOLGENTI D90xd27x40,
EGN01991-00,FG02GANASCE AVVOLGENTI D28.6 L270 D90,"FG02 WRAP-AROUND JAWS D90xd28,6x270","FG02GANASCE AVVOLGENTI D90xd28,6x270",
FGJ36972-00,FG02GANASCE AVVOLGENTI D28 L8 D90,FG02 WRAP-AROUND JAWS D90xd28x8,FG02GANASCE AVVOLGENTI D90xd28x8,
HAT94547-00,FG02GANASCE AVVOLGENTI D29.54 L300 D90,"FG02 WRAP-AROUND JAWS D90xd29,54x300","FG02GANASCE AVVOLGENTI D90xd29,54x300",
XDK33263-00,FG02GANASCE AVVOLGENTI D29.57 L50 D90,"FG02 WRAP-AROUND JAWS D90xd29,57x50","FG02GANASCE AVVOLGENTI D90xd29,57x50",
JWS00429-00,FG02GANASCE AVVOLGENTI D30 L17 D90,FG02 WRAP-AROUND JAWS D90xd30x17,FG02GANASCE AVVOLGENTI D90xd30x17,
PJZ43700-00,FG02GANASCE AVVOLGENTI D30 L20 D90,FG02 WRAP-AROUND JAWS D90xd30x20,FG02GANASCE AVVOLGENTI D90xd30x20,
WSW35225-00,FG02GANASCE AVVOLGENTI D30 L200 D90,FG02 WRAP-AROUND JAWS D90xd30x200,FG02GANASCE AVVOLGENTI D90xd30x200,
VSH66963-00,FG02GANASCE AVVOLGENTI D30 L300 D90,FG02 WRAP-AROUND JAWS D90xd30x300,FG02GANASCE AVVOLGENTI D90xd30x300,
UKE71203-00,FG02GANASCE AVVOLGENTI D30 L40 D90,FG02 WRAP-AROUND JAWS D90xd30x40,FG02GANASCE AVVOLGENTI D90xd30x40,
LGY07174-00,FG02GANASCE AVVOLGENTI D30 L80 D90,FG02 WRAP-AROUND JAWS D90xd30x80,FG02GANASCE AVVOLGENTI D90xd30x80,
HJD89635-00,FG02GANASCE AVVOLGENTI D31.75 L270 D90,"FG02 WRAP-AROUND JAWS D90xd31,75x270","FG02GANASCE AVVOLGENTI D90xd31,75x270",
ERT32257-00,FG02GANASCE AVVOLGENTI D31.75 L350 D90,"FG02 WRAP-AROUND JAWS D90xd31,75x350","FG02GANASCE AVVOLGENTI D90xd31,75x350",
VEK07995-00,FG02GANASCE AVVOLGENTI D31.75 L350 D90 SR,"FG02 WRAP-AROUND JAWS D90xd31,75x350 SR","FG02GANASCE AVVOLGENTI D90xd31,75x350 SR",
CJP92473-00,FG02GANASCE AVVOLGENTI D31.75 L40 D90,"FG02 WRAP-AROUND JAWS D90xd31,75x40","FG02GANASCE AVVOLGENTI D90xd31,75x40",
RFJ74300-00,FG02GANASCE AVVOLGENTI D31.75 L450 D90 SR,"FG02 WRAP-AROUND JAWS D90xd31,75x450 SR","FG02GANASCE AVVOLGENTI D90xd31,75x450 SR",
HEE96935-00,FG02GANASCE AVVOLGENTI Quadro 31.75 L500 D90,"FG02 WRAP-AROUND JAWS D90xd31,75x500","FG02GANASCE AVVOLGENTI Quadro D90xd31,75x500",
FSB26257-00,FG02GANASCE AVVOLGENTI D31.75 L550 D90,"FG02 WRAP-AROUND JAWS D90xd31,75x550","FG02GANASCE AVVOLGENTI D90xd31,75x550",
KHM56142-00,FG02GANASCE AVVOLGENTI D31.7 L40 D90,"FG02 WRAP-AROUND JAWS D90xd31,7x40","FG02GANASCE AVVOLGENTI D90xd31,7x40",
ATN29824-00,FG02GANASCE AVVOLGENTI D31 L25 D90,FG02 WRAP-AROUND JAWS D90xd31x25,FG02GANASCE AVVOLGENTI D90xd31x25,
CEG55381-00,FG02GANASCE AVVOLGENTI D32.13 L550 D90,"FG02 WRAP-AROUND JAWS D90xd32,13x550","FG02GANASCE AVVOLGENTI D90xd32,13x550",
MLZ75997-00,FG02GANASCE AVVOLGENTI D32.5 L35 D90,"FG02 WRAP-AROUND JAWS D90xd32,5x35","FG02GANASCE AVVOLGENTI D90xd32,5x35",
MTP86949-00,FG02GANASCE AVVOLGENTI D32.66 L50 D90,"FG02 WRAP-AROUND JAWS D90xd32,66x50","FG02GANASCE AVVOLGENTI D90xd32,66x50",
UPJ24084-00,FG02 GANASCE AVVOLGENTI D32 L120 D90,FG02 WRAP-AROUND JAWS D90xd32x120,FG02 GANASCE AVVOLGENTI D90xd32x120,
KYV24377-00,FG02GANASCE AVVOLGENTI D32 L30 D90,FG02 WRAP-AROUND JAWS D90xd32x30,FG02GANASCE AVVOLGENTI D90xd32x30,
CEW03959-00,FG02GANASCE AVVOLGENTI D33.4 L270 D90,"FG02 WRAP-AROUND JAWS D90xd33,4x270","FG02GANASCE AVVOLGENTI D90xd33,4x270",
ETB30074-00,FG02GANASCE AVVOLGENTI D33.5 L100 D90,"FG02 WRAP-AROUND JAWS D90xd33,5x100","FG02GANASCE AVVOLGENTI D90xd33,5x100",
RPG39890-00,FG02GANASCE AVVOLGENTI D33.5 L250 D90,"FG02 WRAP-AROUND JAWS D90xd33,5x250","FG02GANASCE AVVOLGENTI D90xd33,5x250",
JGA84641-00,FG02GANASCE AVVOLGENTI D33.5 L50 D90,"FG02 WRAP-AROUND JAWS D90xd33,5x50","FG02GANASCE AVVOLGENTI D90xd33,5x50",
EWK48347-00,FG02GANASCE AVVOLGENTI D33.5 L540 D90,"FG02 WRAP-AROUND JAWS D90xd33,5x540","FG02GANASCE AVVOLGENTI D90xd33,5x540",
LTP78686-00,FG02GANASCE AVVOLGENTI D33 L50 D90,FG02 WRAP-AROUND JAWS D90xd33x50,FG02GANASCE AVVOLGENTI D90xd33x50,
ECG17470-00,FG02GANASCE AVVOLGENTI D33 L520 D90,FG02 WRAP-AROUND JAWS D90xd33x520,FG02GANASCE AVVOLGENTI D90xd33x520,
BSN91070-00,FG02GANASCE AVVOLGENTI D34 L300 D90,FG02 WRAP-AROUND JAWS D90xd34x300,FG02GANASCE AVVOLGENTI D90xd34x300,
HYM90318-00,FG02GANASCE AVVOLGENTI D34 L90 D90,FG02 WRAP-AROUND JAWS D90xd34x90,FG02GANASCE AVVOLGENTI D90xd34x90,
AYT49287-00,FG02GANASCE AVVOLGENTI D35 L30 D90,FG02 WRAP-AROUND JAWS D90xd35x30,FG02GANASCE AVVOLGENTI D90xd35x30,
VVH20483-00,FG02-AVVOLGENTI D36.51 L40 D90,"FG02 WRAP-AROUND JAWS D90xd36,51x40","FG02 AVVOLGENTI D90xd36,51x40",
YEL60596-00,FG02-AVVOLGENTI D36.58 L40 D90,"FG02 WRAP-AROUND JAWS D90xd36,58x40","FG02 AVVOLGENTI D90xd36,58x40",
YZP79886-00,FG02GANASCE AVVOLGENTI D36 L300 D90,FG02 WRAP-AROUND JAWS D90xd36x300,FG02GANASCE AVVOLGENTI D90xd36x300,
HFE59664-00,FG02GANASCE AVVOLGENTI D36 L70 D90,FG02 WRAP-AROUND JAWS D90xd36x70,FG02GANASCE AVVOLGENTI D90xd36x70,
ESS08872-00,FG02GANASCE AVVOLGENTI D37.6 L280 D90,"FG02 WRAP-AROUND JAWS D90xd37,6x280","FG02GANASCE AVVOLGENTI D90xd37,6x280",
YCA13346-00,FG02GANASCE AVVOLGENTI D37 L60 D90,FG02 WRAP-AROUND JAWS D90xd37x60,FG02GANASCE AVVOLGENTI D90xd37x60,
SCU65794-00,FG02GANASCE AVVOLGENTI D37 L70 D90,FG02 WRAP-AROUND JAWS D90xd37x70,FG02GANASCE AVVOLGENTI D90xd37x70,
ZNH55816-00,FG02GANASCE AVVOLGENTI D38.1 L25 D90,"FG02 WRAP-AROUND JAWS D90xd38,1x25","FG02GANASCE AVVOLGENTI D90xd38,1x25",
NCS36347-00,FG02GANASCE AVVOLGENTI D38.1 L350 D90 SR,"FG02 WRAP-AROUND JAWS D90xd38,1x350 SR","FG02GANASCE AVVOLGENTI D90xd38,1x350 SR",
RYR52700-00,FG02GANASCE AVVOLGENTI D38.1 L40 D90,"FG02 WRAP-AROUND JAWS D90xd38,1x40","FG02GANASCE AVVOLGENTI D90xd38,1x40",
ZXZ00446-00,FG02GANASCE AVVOLGENTI D38.1 L450 D90,"FG02 WRAP-AROUND JAWS D90xd38,1x450","FG02GANASCE AVVOLGENTI D90xd38,1x450",
DCP77226-00,FG02GANASCE AVVOLGENTI D38.1 L450 D90 SR,"FG02 WRAP-AROUND JAWS D90xd38,1x450 SR","FG02GANASCE AVVOLGENTI D90xd38,1x450 SR",
YCM31839-00,FG02GANASCE AVVOLGENTI D38.1 L90 D90,"FG02 WRAP-AROUND JAWS D90xd38,1x90","FG02GANASCE AVVOLGENTI D90xd38,1x90",
LEA73541-00,FG02GANASCE AVVOLGENTI D38.58 L250 D90 SR,"FG02 WRAP-AROUND JAWS D90xd38,58x250 SR","FG02GANASCE AVVOLGENTI D90xd38,58x250 SR",
VPZ11416-00,FG02GANASCE AVVOLGENTI D39.3 L30 D90,"FG02 WRAP-AROUND JAWS D90xd39,3x30","FG02GANASCE AVVOLGENTI D90xd39,3x30",
KVB05070-00,FG02GANASCE AVVOLGENTI D40.5 L390 D90,"FG02 WRAP-AROUND JAWS D90xd40,5x390","FG02GANASCE AVVOLGENTI D90xd40,5x390",
AEL92516-00,FG02GANASCE AVVOLGENTI D41.28 L25 D90,"FG02 WRAP-AROUND JAWS D90xd41,28x25","FG02GANASCE AVVOLGENTI D90xd41,28x25",
MAG02379-00,FG02GANASCE AVVOLGENTI D41.28 L50 D90,"FG02 WRAP-AROUND JAWS D90xd41,28x50","FG02GANASCE AVVOLGENTI D90xd41,28x50",
LXZ61401-00,FG02GANASCE AVVOLGENTI D42.2 L390 D90,"FG02 WRAP-AROUND JAWS D90xd42,2x390","FG02GANASCE AVVOLGENTI D90xd42,2x390",
SRG76712-00,FG02GANASCE AVVOLGENTI D42.4 L280 D90,"FG02 WRAP-AROUND JAWS D90xd42,4x280","FG02GANASCE AVVOLGENTI D90xd42,4x280",
MHL46116-00,FG02GANASCE AVVOLGENTI D42.4 L40 D90,"FG02 WRAP-AROUND JAWS D90xd42,4x40","FG02GANASCE AVVOLGENTI D90xd42,4x40",
JYU46761-00,FG02GANASCE AVVOLGENTI D42.4 L550 D90,"FG02 WRAP-AROUND JAWS D90xd42,4x550","FG02GANASCE AVVOLGENTI D90xd42,4x550",
HAK57667-00,FG02GANASCE AVVOLGENTI D42.4 L90 D90,"FG02 WRAP-AROUND JAWS D90xd42,4x90","FG02GANASCE AVVOLGENTI D90xd42,4x90",
WYZ99634-00,FG02GANASCE AVVOLGENTI D43 L300 D90,FG02 WRAP-AROUND JAWS D90xd43x300,FG02GANASCE AVVOLGENTI D90xd43x300,
HRB29394-00,FG02GANASCE AVVOLGENTI D44.2 L395 D90,"FG02 WRAP-AROUND JAWS D90xd44,2x395","FG02GANASCE AVVOLGENTI D90xd44,2x395",
GTK06488-00,FG02GANASCE AVVOLGENTI D44.45 L25 D90,"FG02 WRAP-AROUND JAWS D90xd44,45x25","FG02GANASCE AVVOLGENTI D90xd44,45x25",
SJG60283-00,FG02GANASCE AVVOLGENTI D44.45 L40 D90,"FG02 WRAP-AROUND JAWS D90xd44,45x40","FG02GANASCE AVVOLGENTI D90xd44,45x40",
TFB09784-00,FG02GANASCE AVVOLGENTI D44.45 L470 D90,"FG02 WRAP-AROUND JAWS D90xd44,45x470","FG02GANASCE AVVOLGENTI D90xd44,45x470",
EWM30106-00,FG02GANASCE AVVOLGENTI D46.4 L395 D90,"FG02 WRAP-AROUND JAWS D90xd46,4x395","FG02GANASCE AVVOLGENTI D90xd46,4x395",
JEX15993-00,FG02GANASCE AVVOLGENTI D46.5 L35 D90,"FG02 WRAP-AROUND JAWS D90xd46,5x35","FG02GANASCE AVVOLGENTI D90xd46,5x35",
USM34788-00,FG02GANASCE AVVOLGENTI D46 L60 D90,FG02 WRAP-AROUND JAWS D90xd46x60,FG02GANASCE AVVOLGENTI D90xd46x60,
AKF66176-00,FG02 GANASCE AVVOLGENTI D50 L110 D90,FG02 WRAP-AROUND JAWS D90xd50x110,FG02 GANASCE AVVOLGENTI D90xd50x110,
SKK29653-00,FG02GANASCE AVVOLGENTI D50 L30 D90,FG02 WRAP-AROUND JAWS D90xd50x30,FG02GANASCE AVVOLGENTI D90xd50x30,
BBF57237-00,FG02GANASCE AVVOLGENTI D50 L50 D90,FG02 WRAP-AROUND JAWS D90xd50x50,FG02GANASCE AVVOLGENTI D90xd50x50,
HPF41540-00,FG02GANASCE AVVOLGENTI D50 L550 D90,FG02 WRAP-AROUND JAWS D90xd50x550,FG02GANASCE AVVOLGENTI D90xd50x550,
DJP33534-00,FG02GANASCE AVVOLGENTI D51.1 L30 D90,"FG02 WRAP-AROUND JAWS D90xd51,1x30","FG02GANASCE AVVOLGENTI D90xd51,1x30",
UGZ08702-00,FG02GANASCE AVVOLGENTI D52 L13 D90,FG02 WRAP-AROUND JAWS D90xd52x13,FG02GANASCE AVVOLGENTI D90xd52x13,
PUA49719-00,FG02GANASCE AVVOLGENTI D52 L300 D90,FG02 WRAP-AROUND JAWS D90xd52x300,FG02GANASCE AVVOLGENTI D90xd52x300,
XYH56226-00,FG02GANASCE AVVOLGENTI D53.85 L290 D90,"FG02 WRAP-AROUND JAWS D90xd53,85x290","FG02GANASCE AVVOLGENTI D90xd53,85x290",
EHN26778-00,FG02GANASCE AVVOLGENTI D54.6 L165 D90,"FG02 WRAP-AROUND JAWS D90xd54,6x165","FG02GANASCE AVVOLGENTI D90xd54,6x165",
DPP12030-00,FG02GANASCE AVVOLGENTI D54 L320 D90,FG02 WRAP-AROUND JAWS D90xd54x320,FG02GANASCE AVVOLGENTI D90xd54x320,
GFM71436-00,FG02GANASCE AVVOLGENTI D54 L50 D90,FG02 WRAP-AROUND JAWS D90xd54x50,FG02GANASCE AVVOLGENTI D90xd54x50,
GZL58895-00,FG02GANASCE AVVOLGENTI D55 L190 D90,FG02 WRAP-AROUND JAWS D90xd55x190,FG02GANASCE AVVOLGENTI D90xd55x190,
XBM41636-00,FG02GANASCE AVVOLGENTI D55 L20 D90,FG02 WRAP-AROUND JAWS D90xd55x20,FG02GANASCE AVVOLGENTI D90xd55x20,
HFK31794-00,FG02GANASCE AVVOLGENTI D55 L200 D90,FG02 WRAP-AROUND JAWS D90xd55x200,FG02GANASCE AVVOLGENTI D90xd55x200,
KKU39750-00,FG02GANASCE AVVOLGENTI D55 L300 D90,FG02 WRAP-AROUND JAWS D90xd55x300,FG02GANASCE AVVOLGENTI D90xd55x300,
GFV87198-00,FG02GANASCE AVVOLGENTI D55 L50 D90,FG02 WRAP-AROUND JAWS D90xd55x50,FG02GANASCE AVVOLGENTI D90xd55x50,
JLP03039-00,FG02GANASCE AVVOLGENTI D57 L35 D90,FG02 WRAP-AROUND JAWS D90xd57x35,FG02GANASCE AVVOLGENTI D90xd57x35,
DPX32707-00,FG02GANASCE AVVOLGENTI D57 L80 D90,FG02 WRAP-AROUND JAWS D90xd57x80,FG02GANASCE AVVOLGENTI D90xd57x80,
GRY35736-00,FG02GANASCIA AVV D58.8 L500 D90,"FG02 WRAP-AROUND JAWS D90xd58,8x500","FG02GANASCE AVVOLGENTI D90xd58,8x500",
CHH56026-00,FG02GANASCE AVVOLGENTI D58 L15 D90,FG02 WRAP-AROUND JAWS D90xd58x15,FG02GANASCE AVVOLGENTI D90xd58x15,
KHE99508-00,FG02GANASCE AVVOLGENTI D59 L12 D90,FG02 WRAP-AROUND JAWS D90xd59x12,FG02GANASCE AVVOLGENTI D90xd59x12,
JZM36254-00,FG02GANASCE AVVOLGENTI D60.45 L20 D90,"FG02 WRAP-AROUND JAWS D90xd60,45x20","FG02GANASCE AVVOLGENTI D90xd60,45x20",
ZFR15724-00,FG02GANASCE AVVOLGENTI D60 L20 D90,FG02 WRAP-AROUND JAWS D90xd60x20,FG02GANASCE AVVOLGENTI D90xd60x20,
WCZ61853-00,FG02GANASCE AVVOLGENTI D61.8 L35 D90,"FG02 WRAP-AROUND JAWS D90xd61,8x35","FG02GANASCE AVVOLGENTI D90xd61,8x35",
RET90602-00,FG02GANASCE AVVOLGENTI D6 L35 D90,FG02 WRAP-AROUND JAWS D90xd6x35,FG02GANASCE AVVOLGENTI D90xd6x35,
CET80441-00,FG02GANASCE AVVOLGENTI D6 L40 D90,FG02 WRAP-AROUND JAWS D90xd6x40,FG02GANASCE AVVOLGENTI D90xd6x40,
BDF64822-00,FG02GANASCE AVVOLGENTI D8.1 L230 D90,"FG02 WRAP-AROUND JAWS D90xd8,1x230","FG02GANASCE AVVOLGENTI D90xd8,1x230",
CHW07958-00,FG02GANASCE AVVOLGENTI D8 L230 D90,FG02 WRAP-AROUND JAWS D90xd8x230,FG02GANASCE AVVOLGENTI D90xd8x230,
ZGW25724-00,FG02GANASCE AVVOLGENTI D8 L25 D90,FG02 WRAP-AROUND JAWS D90xd8x25,FG02GANASCE AVVOLGENTI D90xd8x25,
ZVD03033-00,FG02GANASCE AVVOLGENTI D9.5 L18 D90,"FG02 WRAP-AROUND JAWS D90xd9,5x18","FG02GANASCE AVVOLGENTI D90xd9,5x18",
ZTH07920-00,FG02GANASCE AVVOLGENTI D9 L12 D90,FG02 WRAP-AROUND JAWS D90xd9x12,FG02GANASCE AVVOLGENTI D90xd9x12,
SBR37860-00,FG02GANASCE AVVOLGENTI D50.8 L35 D90,"FG02 WRAP-AROUND JAWS D90xdd50,8x35","FG02GANASCE AVVOLGENTI D90xdd50,8x35",
NUZ98092-00,FG02GANASCE AVVOLGENTI D13.4 L80 D95,"FG02 WRAP-AROUND JAWS D95xd13,4x80","FG02GANASCE AVVOLGENTI D95xd13,4x80",
BYT80830-00,FG02GANASCE AVVOLGENTI D18 L100 D95,FG02 WRAP-AROUND JAWS D95xd18x100,FG02GANASCE AVVOLGENTI D95xd18x100,
FMT09656-00,FG02GANASCE AVVOLGENTI D20.5 L60 D95,"FG02 WRAP-AROUND JAWS D95xd20,5x60","FG02GANASCE AVVOLGENTI D95xd20,5x60",
JPJ88887-00,FG02GANASCE AVVOLGENTI D20 L45 D95 Gipev,FG02 WRAP-AROUND JAWS D95xd20x45,FG02GANASCE AVVOLGENTI D95xd20x45 Gipev,
XDT56267-00,FG02GANASCE AVVOLGENTI D23.4 L250 D95,"FG02 WRAP-AROUND JAWS D95xd23,4x250","FG02GANASCE AVVOLGENTI D95xd23,4x250",
PVX81720-00,FG02GANASCE AVVOLGENTI D30 L45 D95 Gipev,FG02 WRAP-AROUND JAWS D95xd30x45,FG02GANASCE AVVOLGENTI D95xd30x45 Gipev,
BMC39030-00,FG02GANASCE AVVOLGENTI D9 L10,FG02 WRAP-AROUND JAWS D9x10,FG02GANASCE AVVOLGENTI D9x10,
VSU40621-00,FG02GANASCE AVVOLGENTI D15.1 L75 PER D90,"FG02 WRAP-AROUND JAWS D9xd15,1x75","FG02GANASCE AVVOLGENTI PER D9xd15,1x75",
UWG92642-00,FG02GAN AVV dis XW-EL0146-332,FG02 WRAP-AROUND JAWS DRWG.XW-EL0146-332,FG02GANASCE AVVOLGENTI DIS XW-EL0146-332,
JD0639K-00,FG02-AVVOLGENTI PEZZO OH2015,FG02 WRAP-AROUND JAWS PART OH2015,FG02 AVVOLGENTI PEZZO OH2015,
GY5184S-00,FG02-AVVOLGENTI PEZZO OH2017,FG02 WRAP-AROUND JAWS PART OH2017,FG02 AVVOLGENTI PEZZO OH2017,
ME8501A-00,FG02-AVVOLGENTI DA DEFINIRE,FG02 WRAP-AROUND JAWS TO BE DEFINED,FG02 AVVOLGENTI DA DEFINIRE,
GF7067N-00,FG02ATTREZ. CIL. BLOC. BANCO,FG02A EQUIPMENTS BENCH BLOCK CYLINDER,FG02A ATTREZZATURE CILINDRO BLOCCO BANCO,
BU5596N-00,FG02ATTREZZATURE FORATURA X NABUL,FG02A EQUIPMENTS DRILLING “NABUL”,FG02A ATTREZZATURE FORATURA X NABUL,
XY9556D-00,FG02ATTREZZATURE FIERA BIEHM,FG02A EQUIPMENTS FOR BIEHM FAIR,FG02A ATTREZZATURE FIERA BIEHM,
DNG47891-00,FG02ATTREZZATURE PEZZI OH 2019,FG02A EQUIPMENTS PIECES OH 2019,FG02A ATTREZZATURE PEZZI OH 2019,
AA0422P-00,"FG02ATTR. ROTANTI DIAM 76,1","FG02A EQUIPMENTS ROTARY D76,1","FG02A ATTREZZATURE ROTANTI D76,1",
VZ1425Y-00,FG02ATTREZZ. COLLAUDO BIK,FG02A EQUIPMENTS TESTING “BIK “,FG02A ATTREZZATURE COLLAUDO BIK,
HR0222L-00,"FG02ATTR. AVVOLGENTI DIAM 76,1","FG02A EQUIPMENTS WRAP-AROUND D76,1","FG02A ATTREZZATURE AVVOLGENTI D76,1",
GF7446H-00,FG02-81040AS ADJUSTABLE HEADS,FG02ADJUSTABLE HEADS 59868AS,FG02 59868AS ADJUSTABLE HEADS,
CT4846D-00,ATT.GANASCE AVVOLGENTID.26 +MICROLUBRIF.,EQUIP. WRAP-AROUND JAWS D26+MICROLUBRIC.,ATTREZZATURA GANASCE AVVOLGENTI D26 +MICROLUBRIF.,
PA0464Z-00,ATTREZ. REFINA N. VOCO 1932,EQUIPMENT “REFINA”,ATTREZZATURA REFINA N. VOCO 1932,
JP8652A-00,ATTREZZ. NEBI VOCO 389,EQUIPMENT “NEBI”,ATTREZZATURA NEBI VOCO 389,
KY4825E-00,ATTREZZATURE DIM 30X16 RAP330/05,EQUIPMENT 30x16,ATTREZZATURA DIM 30x16 RAP330/05,
EB2975Y-00,ATTREZZATURE DIM 31.8X18.5RAP330/05,"EQUIPMENT 31,8x18,5","ATTREZZATURA DIM 31,8x18,5RAP330/05",
WR5366W-00,ATTREZZ NOBAK DIM35X35X2.5R4.5,"EQUIPMENT 35x35x2,5 R4,5 “NOBAK”","ATTREZZATURA NOBAK DIM35x35x2,5R4,5",
JE2145D-00,ATTREZZ. 40X20X1.5MM CLIENTE RIK.A.RAT.,"EQUIPMENT 40x20x1,5 “RIK.A.RAT.”","ATTREZZATURA 40x20x1,5mm CLIENTE RIK.A.RAT.",
UW4155F-00,ATTREZZATURE DIM 44X18.8 RAP330/05,"EQUIPMENT 44x18,8","ATTREZZATURA DIM 44x18,8 RAP330/05",
TH5444G-00,ATTREZZ. 50X25X1.5MM CLIENTE RIK.A.RAT.,"EQUIPMENT 50x25x1,5 “RIK.A.RAT.”","ATTREZZATURA 50x25x1,5mm CLIENTE RIK.A.RAT.",
CC9487J-00,ATTREZZ. 50X50X1.5MM CLIENTE RIK.A.RAT.,"EQUIPMENT 50x50x1,5 “RIK.A.RAT.”","ATTREZZATURA 50x50x1,5mm CLIENTE RIK.A.RAT.",
EU3127V-00,ATTREZZATURE NOBAK DIM 60X40X3R4.5,"EQUIPMENT 60x40x3 R4,5 “NOBAK”","ATTREZZATURA NOBAK DIM 60x40x3R4,5",
ZW1633E-00,ATTREZZATURE NOBAK DIM60X60X3R4.5,"EQUIPMENT 60x60x3 R4,5 “NOBAK”",ATTREZZATURA NOBAK DIM60x60x3R4.5,
VY9575S-00,ATT. RICAMBI TESTINE REGOLABILI,EQUIPMENT ADJUSTABLE HEADS SPARE PARTS,ATTREZZATURA RICAMBI TESTINE REGOLABILI,
GEMNVSXU63U-01,GANASCIA MOBILE REGOLABILE(ATTREZZ),EQUIPMENT ADJUSTABLE MOBILE JAWS,,
LJL.LMPXU.S-00,ATTREZZ. ALTIMETRO TESA HITE 400,EQUIPMENT ALTIMETER HEAD HITE 400,ATTREZZATURA ALTIMETRO TESTA HITE 400,
UGB19703-00,AT H.O. versione ALU,EQUIPMENT ALUMINUM FOR OPEN HOUSE,ATTREZZATURA H.O. versione ALU,
KT9465Y-00,"ATTREZ. PER PIENO DIAM. 24 L=576,8","EQUIPMENT BAR D24x576,8","ATTREZZATURA PER PIENO D24x576,8",
PY9381B-00,ATTREZZATURE PER DIAM. 25 PIENO,EQUIPMENT BAR D25,ATTREZZATURA PER D25 PIENO,
WE2547E-00,ATT. BARRA DIA 26 RAP 320/2002,EQUIPMENT BAR D26,ATTREZZATURA BARRA D26 RAP320/2002,
SR8072V-00,ATT. PER PIENO DIAM.30MM,EQUIPMENT BAR D30,ATTREZZATURA PER PIENO D30mm,
CL6700G-00,ATTR.ESECUZIONE PEZZO DIA.45,EQUIPMENT BAR D45,ATTREZZATURA ESECUZIONE PEZZO D45,
AH5142D-00,ATTREZZATURE PER DIAM. 60 PIENO,EQUIPMENT BAR D60,ATTREZZATURA PER D60 PIENO,
HK5722B-00,ATT. PER ESECUZ. PEZZI DIA. 40,EQUIPMENT BARS D40,ATTREZZATURA PER ESECUZIONE PEZZI D40,
VK4309J-00,ATT. PER ESECUZ. PEZZI DIA. 45,EQUIPMENT BARS D45,ATTREZZATURA PER ESECUZIONE PEZZI D45,
CV0569L-00,ATT. PER ESECUZ. PEZZI DIA. 47,EQUIPMENT BARS D47,ATTREZZATURA PER ESECUZIONE PEZZI D47,
PS5790N-00,ATT. PER ESECUZ. PEZZI DIA. 55,EQUIPMENT BARS D55,ATTREZZATURA PER ESECUZIONE PEZZI D55,
XN2736W-00,ATT. PER ESECUZ. PEZZI DIA. 60,EQUIPMENT BARS D60,ATTREZZATURA PER ESECUZIONE PEZZI D60,
HK1398Z-00,ATTREZZATURE BIMU 2004,EQUIPMENT BIMU 2004,ATTREZZATURA BIMU 2004,
WL4837B-00,ATTREZZATURA BARENATURA 80/112,EQUIPMENT BORING 80/112,,
JFF58350-00,ATTREZZATURA BARENATURA D100/142,EQUIPMENT BORING D100/142,,
UP8971H-00,"ATT. PINZE PER TUBO D.13 L=44,11","EQUIPMENT CLAMPS D13x44,11","ATTREZZATURA PINZE PER TUBO D13x44,11",
XX1870R-00,ATT. PINZE PER TUBO D.51.2 L=157,"EQUIPMENT CLAMPS D51,2x157","ATTREZZATURA PINZE PER TUBO D51,2x157",
AUJ53153-00,ATTREZ. PRESETTING UTENSILI CN,EQUIPMENT CN TOOLS PRESETTING,ATTREZZATURA PRESETTING UTENSILI CN,
GW2242G-00,ATT.DIAM.... L=40 RAP51/2004+RIC,EQUIPMENT D.... L=40,ATTREZZATURA DIAM.... L=40 RAP51/2004+RIC,
VV1741L-00,ATT.DIAM..... L=581RAP51/2004+RIC,EQUIPMENT D.... L=581,ATTREZZATURA DIAM..... L=581RAP51/2004+RIC,
GU9587B-00,"ATTREZZ DIA 30, TH2.5, L=30, L=48.5","EQUIPMENT D30x2,5x30 AND D30x2,5x48,5","ATTREZZATURA D30, TH2,5, L=30 L=48,5",
WW6181V-00,"ATTREZZ DIA 50, TH1 L=20",EQUIPMENT D50x1x20,ATTREZZATURA D50 TH1 L=20,
XM8519U-00,ATTREZZATURA DEMO A DIA.30-50,EQUIPMENT DEMO A D30-50,ATTREZZATURA DEMO A D30-50,
LN9027S-00,ATTREZZATURA DEMO B DIA. 60,EQUIPMENT DEMO B D60,ATTREZZATURA DEMO B D60,
WAL41835-00,ATTREZZAGGIO ELLISSI GEZUPOL,EQUIPMENT ELLIPTICAL “GEZUPOL”,ATTREZZATURA ELLISSI GEZUPOL,
SM4346X-00,Attrezzature per ellittico 30x19 mm,EQUIPMENT ELLIPTICAL 30x19,ATTREZZATURA PER ELLITTICO 30x19 mm,
XC7369F-00,ATTREZZATURA PER TAGLIO A PACCO,EQUIPMENT FOR BUNDLE CUTTING,,
YD3965Y-00,ATT. X DISEGNO 239/317391-RAP 92/01,EQUIPMENT FOR DRWG. 239/317391,ATTREZZATURA X DISEGNO 239/317391-RAP92/01,
KM28677043P-01,ATTR.PER CONTROLLO CON TASTATORE,EQUIPMENT FOR FEELER CONTROL,ATTREZZATURA PER CONTROLLO CON TASTATORE,
XP7948E-00,"ATTREZZ X LAV. 46 X 2,LUNGH. 168 MM",EQUIPMENT FOR PROCESSING 46x2x168,ATTREZZATURA X LAV. 46 x 2 x 168 mm,
HY7140G-00,ATTREZZ. PER LAV. PEZZI CLIENTE,EQUIPMENT FOR PROCESSING CUSTOMER PARTS,ATTREZZATURA PER LAV. PEZZI CLIENTE,
FK7893Z-00,"ATT.TESTINE LAV. TB D.13 L=44,11","EQUIPMENT HEAD TUBE D13x44,11","ATTREZZATURA TESTINE LAV. TB D13x44,11",
VC2092B-00,ATT.TESTINE LAV. TB D.51.2 L=157,"EQUIPMENT HEAD TUBE D51,2x157","ATTREZZATURA TESTINE LAV. TB D51,2x157",
DM6819R-00,ATTR. BLOC. CERNIERERAP 183/2000,EQUIPMENT HINGE CLAMPING,ATTREZZATURA BLOCCAGGIO CERNIERE RAP183/2000,
CN1136A-00,ATT. GANASCE DIA. 36.2X1.6 L=70,"EQUIPMENT JAWS D36,2x1,6x70","ATTREZZATURA GANASCE D36,2x1,6x70",
RM7878L-00,ATT. GANASCE DIA. 42X6.7 L=581,"EQUIPMENT JAWS D42x6,7x581","ATTREZZATURA GANASCE D42x6,7x581",
BY0807V-00,ATTREZZ. X FIERA BIEMH-GODRONATURA,EQUIPMENT KNURLING FOR BIEHM FAIR,ATTREZZATURA X FIERA BIEMH-GODRONATURA,
BG4395X-00,ATTREZZATURA LASER,EQUIPMENT LASER,,
HL5681W-00,ATTREZZATURA SOLLEVAMENTO MACCHINA,EQUIPMENT MACHINE LIFT,,
UG9640B-00,ATTREZZATURE ATTACCO RAPIDO,EQUIPMENT QUICK RELEASE,ATTREZZATURA ATTACCO RAPIDO,
MZ9339E-00,ATTR. BLOC. PONT.FIL.- RAP 183/2000,EQUIPMENT RAP 183/2000,ATTREZZATURA BLOC. PONT.FIL.- RAP 183/2000,
FV9954P-00,ATT. LAVOR. LAMATURA+SMUSSO,EQUIPMENT REAMING + CHAMFER,ATTREZZATURA LAVORAZIONE LAMATURA+SMUSSO,
MRE91492-00,ATTREZ REV BLOCCO V3 + CALETTATOR,EQUIPMENT REV. BLOCK V3+CLAMPING DEVICE,ATTREZZATURA REV BLOCCO V3 + CALETTATOR,
AF4951E-00,ATT.ROTANTE D.24,EQUIPMENT ROTATING D24,ATTREZZATURA ROTANTE D24,
BN1262J-00,ATT.ROTANTE D.26,EQUIPMENT ROTATING D26,ATTREZZATURA ROTANTE D26,
MR8873B-00,ATT.ROTANTE D.28,EQUIPMENT ROTATING D28,ATTREZZATURA ROTANTE D28,
WX9508K-00,"ATT.ROTANTE D.76,6","EQUIPMENT ROTATING D76,6","ATTREZZATURA ROTANTE D76,6",
DBGTME.YJWR-01,ATTREZZATURA SUPPORTO MANDRINI,EQUIPMENT SPINDLE SUPPORT,,
LNV83227-00,AT H.O. versione Acciaio,EQUIPMENT STEEL FOR OPEN HOUSE,ATTREZZATURA H.O. versione Acciaio,
XA2165T-00,ATTREZZATURE PER ESEGUIRE VS. PEZZI,EQUIPMENT TO EXECUTE YOUR PARTS,ATTREZZATURA PER ESEGUIRE VS. PEZZI,
VE6723Y-00,"SET ATTREZZ. TUBO 10X1,4 L 274,5 MM","EQUIPMENT TUBE 10x1,4x274,5","SET ATTREZZATURE TUBO 10x1,4 L 274,5 mm",
MB4343J-00,SET ATTREZZ. TUBO 20X2 L 49.05 MM,"EQUIPMENT TUBE 20x2x49,05","SET ATTREZZATURE TUBO 20x2 L 49,05 mm",
UU2319W-00,"ATTREZZ X TB 27,2 X 1 L= 55 MM","EQUIPMENT TUBE 27,2x1x155","ATTREZZATURA X TB 27,2 x 1 x 155 mm",
KM9078L-00,"SET ATTREZZ. TUBO 31,8X4,6 L 60 MM","EQUIPMENT TUBE 31,8x4,6x60","SET ATTREZZATURE TUBO 31,8x4,6 L 60 mm",
CD9146S-00,SET ATTREZZ. TUBO 32.5X3MM L=52MM,"EQUIPMENT TUBE 32,5x3x52","SET ATTREZZATURE TUBO 32,5x3mm L=52mm",
GD7786U-00,"ATTREZZ X LAVORAZ TB 35 X 1,55","EQUIPMENT TUBE 35x1,55","ATTREZZATURA X LAVORAZ TB 35 x 1,55",
ND3906K-00,"ATTREZZ X TB 44,4 X 2 L= 68 MM","EQUIPMENT TUBE 44,4x2x68","ATTREZZATURA X TB 44,4 x 2 x 68 mm",
RL4998C-00,ATTREZZ. X FIERA EMO X TUBO 50X10,EQUIPMENT TUBE 50x10 FOR EMO FAIR,ATTREZZATURA X FIERA EMO X TUBO 50x10,
HA3110E-00,SET ATTREZZ. TUBO 50X6MM L 180 MM,EQUIPMENT TUBE 50x6x180,SET ATTREZZATURE TUBO 50x6mm L 180 mm,
AZ5596C-00,"ATTREZZ X TB 53,4 X 1,5 L = 90 MM","EQUIPMENT TUBE 53,4x1,5x90","ATTREZZATURA X TB 53,4 x 1,5 x 90 mm",
ZB8666T-00,"ATTREZZ X TB 55X3 L=400 SM 0,5 45 G","EQUIPMENT TUBE 55x3x400 CHAMFER 0,5x45°","ATTREZZATURA X TB 55x3x400 SM 0,5 45 G",
UB9065P-00,SET ATTREZZ. TUBO COD. 3.9.03.114,EQUIPMENT TUBE CODE 3.9.03.114,SET ATTREZZATURE TUBO CODICE 3.9.03.114,
JR4109Z-00,SET ATTREZZ. TUBO COD. 3.9.03.119,EQUIPMENT TUBE CODE 3.9.03.119,SET ATTREZZATURE TUBO CODICE 3.9.03.119,
ZT9407Z-00,SET ATTREZZ. TUBO COD. 3.9.05.091,EQUIPMENT TUBE CODE 3.9.05.091,SET ATTREZZATURE TUBO CODICE 3.9.05.091,
SP4917T-00,SET ATTREZZ. TUBO COD. 3.9.37.148,EQUIPMENT TUBE CODE 3.9.37.148,SET ATTREZZATURE TUBO CODICE 3.9.37.148,
BX9277V-00,SET ATTREZZ. TUBO COD. 3.9.45.110,EQUIPMENT TUBE CODE 3.9.45.110,SET ATTREZZATURE TUBO CODICE 3.9.45.110,
FX0565M-00,SET ATTREZZ. TUBO COD. 3.9.45.213,EQUIPMENT TUBE CODE 3.9.45.213,SET ATTREZZATURE TUBO CODICE 3.9.45.213,
LV4411X-00,"ATTREZZ.TUBO DIA.INT.109,5 S=5/10","EQUIPMENT TUBE D109,5 TH5/10","ATTREZZATURA TUBO D109,5 S=5/10",
EH5340R-00,"ATTREZZ.TUBO DIA.INT.119,5 S=5/10","EQUIPMENT TUBE D119,5 TH5/10","ATTREZZATURA TUBO D119,5 S=5/10",
RH7633K-00,"ATTREZZ.TUBO DIA.INT.129,5 S=5/10","EQUIPMENT TUBE D129,5 TH5/10","ATTREZZATURA TUBO D129,5 S=5/10",
LA7003R-00,"ATTREZZATURE PER DIAM.13X1,5 L=54","EQUIPMENT TUBE D13x1,5x54","ATTREZZATURA PER D13x1,5x54",
HR3712C-00,AT PER DIAM 18X3 RAP272/2005,EQUIPMENT TUBE D18x3 RAP272/2005,ATTREZZATURA PER D18x3 RAP272/2005,
PX7328U-00,ATTREZZATURE TUBO DIA.21X3 L=53,EQUIPMENT TUBE D21x3x53,ATTREZZATURA TUBO D21x3x53,
EE3170T-00,ATTREZZATURA PER TUBO D.25.4,"EQUIPMENT TUBE D25,4","ATTREZZATURA PER TUBO D25,4",
SP4601C-00,"ATTREZZATURE PER DIAM.25,4X5 L=134","EQUIPMENT TUBE D25,4x5x134","ATTREZZATURA PER D25,4x5x134",
JS1383P-00,ATT. PER TUBO DIAM.25X2 LG.126.3,"EQUIPMENT TUBE D25x2x126,3","ATTREZZATURA PER TUBO D25x2x126,3",
XD5741P-00,ATTREZZATURE PER DIAM.28X6 L=47,EQUIPMENT TUBE D28x6x47,ATTREZZATURA PER D28x6x47,
ZV1133C-00,ATTREZZATURA PER TUBO DIA.31,EQUIPMENT TUBE D31,ATTREZZATURA PER TUBO D31,
JY6861M-00,"ATTREZZATURE PER DIAM.42,5X10 L=62","EQUIPMENT TUBE D42,5x10x62","ATTREZZATURA PER D42,5x10x62",
YV8122W-00,"ATTREZ. PER TUBO DIAM. 42X6,7 L=581","EQUIPMENT TUBE D42x6,7x581","ATTREZZATURA PER TUBO D42x6,7x581",
VF2277M-00,"ATTREZ. PER TUBO DIAM. 44X1,5 L=40","EQUIPMENT TUBE D44x1,5x40","ATTREZZATURA PER TUBO D44x1,5x40",
ER5178Z-00,"ATT. PER TUBO D.45X3,5 L=301 E 344","EQUIPMENT TUBE D45x3,5x301-344","ATTREZZATURA PER TUBO D45x3,5x301-344",
LX5298K-00,ATT. TUBO DIAM. 50 THESS. 6,EQUIPMENT TUBE D50x6,ATTREZZATURA TUBO D50 THESS. 6,
WZ6756G-00,ATTREZZATURE PER DIAM. 52X2 L=67,EQUIPMENT TUBE D52x2x67,ATTREZZATURA PER D52x2x67,
LZ2469S-00,ATT. TB DIA 65X10.5 RAP 320/2002,"EQUIPMENT TUBE D65x10,5 RAP320/2002","ATTREZZATURA TB D65x10,5 RAP320/2002",
FT3762G-00,ATTREZZ. PER TUBO DIAM. 65X5 L=426,EQUIPMENT TUBE D65x5x426,ATTREZZATURA PER TUBO D65x5x426,
BN8231L-00,ATTREZZ. PER TUBO DIAM. 73X5 L=492,EQUIPMENT TUBE D73x5x492,ATTREZZATURA PER TUBO D73x5x492,
PL1808F-00,"ATTREZZ.TUBO DIA.INT. 79,5 S=5/10","EQUIPMENT TUBE D79,5 TH5/10","ATTREZZATURA TUBO D79,5 S=5/10",
WL8910T-00,"ATTREZZ.TUBO DIA.INT. 99,5 S=5/10","EQUIPMENT TUBE D99,5 TH5/10","ATTREZZATURA TUBO D99,5 S=5/10",
CB0002H-00,ATT.GANASCE AVVOLGENTID.24,EQUIPMENT WRAP-AROUND JAWS D24,ATTREZZATURA GANASCE AVVOLGENTI D24,
TY2183K-00,ATT.GANASCE AVVOLGENTID.28,EQUIPMENT WRAP-AROUND JAWS D28,ATTREZZATURA GANASCE AVVOLGENTI D28,
XJ1435Y-00,"ATT.GANASCE AVVOLGENTID.76,6","EQUIPMENT WRAP-AROUND JAWS D76,6","ATTREZZATURA GANASCE AVVOLGENTI D76,6",
VN1009H-00,VOV - ATTR. GENERICHE PER CN,EQUIPMENTS CN “VOV”,,
GV0048K-00,RO.ON-RALLA PROF. AP. E ATTR. SETT.,EQUIPMENTS OPEN PROFILE SLEW.RING “RO.ON,RO.ON-RALLA PROFILI APERTI E ATTREZZATURE SETT.,
UAH74468-00,ATTREZZATURE PEZZI OH 2019,EQUIPMENTS PARTS OH 2019,,
MW2573G-00,SET ATTREZZATURE SGANCIO RAPIDO,EQUIPMENTS QUICK RELEASE,SET ATTREZZATURE A SGANCIO RAPIDO,
TV0294B-00,SET ATTR.SGANC.RAPIDO DIAM10.3/13.2,"EQUIPMENTS QUICK RELEASE D10,3/13,2","SET ATTREZZATURE A SGANCIO RAPIDO D10,3/13,2",
YW8639J-00,FERR. PARA CAB.DES.MH069-1/MH106-1,FERRAMENTAS PARA CAB.DES.MH069-1/MH106-1,,
DL9299B-00,FERRAMENTAS PARA CABEÃAL DES. MB5XX,FERRAMENTAS PARA CABEÃAL DES. MB5XX,,
YT1658X-00,GRUPPO FILTRO FIERA FIBRA,FILTER GROUP FOR FIBER FAIR,,
SG6777G-00,TESTINA SUNENA FISSA TUBO D.49X41,FIXED HEAD D49x41,TESTINA SUNENA FISSA TUBO D49x41,
AL5312T-00,SERIE RICAMBI TESTINE FISSE,FIXED HEADS SPARE PARTS,,
KGU10683-00,PUNTE FLOW DRILL,FLOW DRILL BITS,,
YT1304H-00,TESTINA SUNENA INTEGRALE D.46.35,"FULL HEAD D46,35","TESTINA SUNENA INTEGRALE D46,35",
PF0124G-00,TESTINA SUNENA INTEGRALE D.62,FULL HEAD D62,TESTINA SUNENA INTEGRALE D62,
HKM82638-00,GANASCE ESAGONO CH12 L60 D90,HEXAGON JAWS CH12 D90x60,GANASCE ESAGONO CH12 D90x60,
JEN99510-00,TESTINA VADEKEN 15° EST e INV.,VADEKEN HEAD EXTERNAL CH.15° & INVERTER,TESTINA VADEKEN 15° ESTERNA e INVERTER,
XBZ95905-00,TESTINE VADEKEN 15° Sasigi D102,VADEKEN HEADS D102 CH.15° “SASIGI”,TESTINE VADEKEN 15° SASIGI D102,
AHA39494-00,TEST VADEKEN M EST D30-D52,VADEKEN HEADS EXTERNAL D30-D52,,
MCF75778-00,TESTINE VADEKEN M EST D33-D45,VADEKEN HEADS EXTERNAL D33-D45,TESTINE VADEKEN M ESTERNE D33-D45,
ACJ86031-00,TESTINE VADEKEN M EST D52-D75.5,"VADEKEN HEADS EXTERNAL D52-D75,5","TESTINE VADEKEN M ESTERNE D52-D75,5",
UY0773T-00,POKODEFIMI - TESTINE OSC VADEKEN,VADEKEN OSCILLATING HEADS “POKODEFIMI”,,
FA1891E-00,"TESTINE E UT.PER TUBO D. 30X1,5","HEAD AND TOOLS D30x1,5","TESTINE E UTENSILI PER TUBO D30x1,5",
EF9293D-00,TESTINA PER DIA. 40,HEAD D40,TESTINA D40,
EK0114F-00,TESTINA PER DIA. 44,HEAD D44,TESTINA D44,
MR8252N-00,TEST.D.61.5X1.25 E D.62X1.25 116/02,"HEAD D61,5x1,25 - D62x1,25",TESTINA D61.5x1.25 E D62x1.25 116/02,
DC0130F-00,TESTINA PER DIA. 71,HEAD D71,TESTINA D71,
VL8065D-00,"TESTINE X DIAM.25X2,8 L=173-226,7MM","HEADS D25x2,8x173-226,7","TESTINE X D25x2,8x173-226,7mm",
FV7166R-00,TESTINE D. 30X1.5,HEADS D30x1.5,TESTINE D30x1.5,
TA9130S-00,TESTINE DIAM.36.6 RAP 256/04,"HEADS D36,6","TESTINE D36,6 RAP256/04",
UB2587C-00,TESTINE PER DIAM 39.3 L=25 RAP131,"HEADS D39,3x25","TESTINE PER D39,3x25 RAP131",
PG2435S-00,TESTINE D.48.35X1.50RAP116/02,"HEADS D48,35x1,50","TESTINE D48,35x1,50 RAP116/02",
AC3308R-00,MUZ TESTINE D.50,HEADS D50 “MUZ”,MUZ TESTINE D50,
JV8168A-00,TESTINE PER DIAM. 50X5 L=40,HEADS D50x5x40,TESTINE PER D50x5x40,
YM5143G-00,TESTINE PER DIAM. 50X6 L=40,HEADS D50x6x40,TESTINE PER D50x6x40,
XR3892P-00,TESTINE PER DIA 53 RAP322/04,HEADS D53,TESTINE PER D53 RAP322/04,
SF9349B-00,TESTINE PER DIAM. 55X5 L=30,HEADS D55x5x30,TESTINE PER D55x5x30,
VL2064K-00,TESTINE PER D.56 RAP 333/04,HEADS D56,TESTINE PER D56 RAP333/04,
DA2773N-00,TESTINE PER DIA 57.5 RAP322/04,"HEADS D57,5","TESTINE PER D57,5 RAP322/04",
CK5181G-00,TESTINE D.62X1.50RAP 116/02,"HEADS D62x1,50","TESTINE D62x1,50 RAP116/02",
CN6263Y-00,TESTINE D.64.9X2.6 RAP 116/02,"HEADS D64,9x2,6","TESTINE D64,9x2,6 RAP116/02",
BN3309F-00,TESTINE D.66.6X1.60RAP 116/02,"HEADS D66,6x1,60","TESTINE D66,6x1,60 RAP116/02",
VU3653C-00,TESTINE DIAM.67 RAP 40/04,HEADS D67,TESTINE D67 RAP40/04,
GE0259W-00,TESTINE PER DIAM 79 L=58.8 RAP131,"HEADS D79x58,8","TESTINE PER D79x58,8 RAP131",
HH6205K-00,TESTINE DEMO A,HEADS DEMO A,,
XW4531T-00,TESTINE DEMO B,HEADS DEMO B,,
LY6737A-00,TESTINE: INTESTATURA + SMUSSI,HEADS FACING + CHAMFERS,,
BM1437F-00,TESTINE X INTESTATURA DIAM. 48,HEADS FACING D48,TESTINE X INTESTATURA D48,
NN9126P-00,TESTINE X INTESTATURA DIAM. 62,HEADS FACING D62,TESTINE X INTESTATURA D62,
SK9402F-00,TESTINE UT.PER TESTA CN,HEADS TOOLS CN HEAD,TESTINE UTENSILI PER TESTA CN,
VK8508V-00,TESTINE+MAND.+PINZE+UTENSILI,HEADS+SPINDLE+CLAMPS+TOOLS,TESTINE+MANDRINO+PINZE+UTENSILI,
CW0383D-00,PUNTA ELIC.MET.DURO D13.5,"HM DRILL BIT D13,5","PUNTA ELICOIDALE METALLO DURO D13,5",
FG9289F-00,N.2PUNTE HM DD213110 D11 V.4067,HM DRILL BITS N°2 DD213110 D11,,
VK1821U-00,FG02-UTENS.MANDR.CALDO+PUNTE D4 D10,HOT SPINDLE TOOLS + BITS D4-D10,UTENS.MANDRINO CALDO+PUNTE D4 D10,
UG1432D-00,2 ATTACCHI IDRAULICI02B40ID1280-500,HYDRAULIC CONNECTION 02B40ID1280-500 N°2,,
VP7299J-00,ATTACCO IDR. 02B40ID1480,HYDRAULIC CONNECTION 02B40ID1480,,
FR0980F-00,PUNTA INS.WDX165D3S20 D16.5 2DV4068,"INSERT DRILLS D16,5 2D WDX165D3S20","PUNTA INSERTI WDX165D3S20 D16,5 2DV4068",
HA6420Y-00,"PUNTA INSERTI WDX165D3S20D16,5X3D","INSERT DRILLS D6,5X3D WDX165D3S20",,
DZ4188V-00,SERIE INSERTI E ACCESSORI,INSERTS AND ACCESSORIES SET,,
DC8790F-00,TESTINA X SMUSSATURA INT.E EST.,INTERNAL AND EXTERNAL CHAMFERING HEAD,TESTINA X SMUSSATURA INTERNA E ESTERNA,
GDF92228-00,INT SM E TORN INT D47.8,"INTERNAL CHAMFER & TURNING D47,8","INT SM E TORN INT D47,8",
NZ7704T-00,-1 UTENSILE INV. D11.2 SM2.2X15,"INVERTER TOOL D11,2 CH.2,2x15°","1 UTENSILE INVERTER D11,2 SM2,2x15",
YD6101T-00,1INV TORN.EXT,INVERTER TOOL EXTERNAL TURNING,1INV TORNITURA ESTERNA,
ELJ01990-00,SET UTENSILI INV D23 s3.8/s3,"INVERTER TOOLS SET D23x3,8/3","SET UTENSILI INVERTER D23 s3,8/s3",
XXG94668-00,SET UT INV. D53.1 TH2.45,"INVERTER TOOLS SET D53,1x2,45","SET UTENSILI INVERTER D53,1 TH2,45",
FB7979V-00,GAN. TAVOLA D. 30,JAW TABLE D30,GANASCIA TAVOLA D30,
BX0269E-00,GANASCE+TESTINE PUNTO2 RAP73/05,JAWS + HEADS RAP73/05,,
YN5441H-00,JAWS ANDROLLERS FOR THINDLES,JAWS AND ROLLERS FOR THINDLES,,
YD5363F-00,JAWS ANDTOOLS FOR PART N.10318525H,JAWS AND TOOLS PART N.10318525H,JAWS AND TOOLS FOR PART N.10318525H,
CK6944B-00,JAWS ANDTOOLS FOR PART N.51876517,JAWS AND TOOLS PART N.51876517,JAWS AND TOOLS FOR PART N.51876517,
UG1478F-00,GANASCE PER BARRA DIA. 30,JAWS BAR D30,GANASCE PER BARRA D30,
ZH7771N-00,GANASCE PER DIAMETRO 1 1/2 L=100,JAWS D1”1/2 L100,GANASCE PER D1 1/2 L=100,
VX3237W-00,GANASCE PER DIAMETRO 1 1/2 L=180,JAWS D1”1/2 L180,GANASCE PER D1 1/2 L=180,
HP1145H-00,GANASCE PER DIAMETRO 1 1/2 L=30,JAWS D1”1/2 L30,GANASCE PER D1 1/2 L=30,
EL9800T-00,GANASCE PER DIAMETRO 1 1/4 L=100,JAWS D1”1/4 L100,GANASCE PER D1 1/4 L=100,
AJ0747Z-00,GANASCE PER DIAMETRO 1 1/4 L=180,JAWS D1”1/4 L180,GANASCE PER D1 1/4 L=180,
DL6988G-00,GANASCE PER DIAMETRO 1 1/4 L=30,JAWS D1”1/4 L30,GANASCE PER D1 1/4 L=30,
EC1601U-00,GANASCE PER DIAMETRO 2 L=100,JAWS D2” L100,GANASCE PER D2 L=100,
VM1253J-00,GANASCE PER DIAMETRO 2 L=180,JAWS D2” L180,GANASCE PER D2 L=180,
VC6426R-00,GANASCE PER DIAMETRO 2 L=30,JAWS D2” L30,GANASCE PER D2 L=30,
CE2148X-00,"GAN. D20,6-35MM D33,25-43,39 SETIMA","JAWS D20,6-35-D33,25-43,39 “SETIMA”","GANASCIA D20,6-35mm D33,25-43,39 SETIMA",
YC0356V-00,"GANASCE X DIAM.25X2,8 L=173-226,7MM","JAWS D25x2,8x173-226,7","GANASCE X D25x2,8x173-226,7mm",
ND2147U-00,GAN. TAGLIO D. 30,JAWS D30,GANASCIA TAGLIO D30,
LP5532T-00,GANASCIA D.32 X ATTR.PRESA D.63,JAWS D32 FOR GRIPPER EQUIPMENTS D63,GANASCIA D32 X ATTREZZATURE PRESA D63,
BZ3297P-00,"VIBUT JAWS FOR D32,23X1.03","JAWS D32,23x1,03 “VIBUT”","VIBUT JAWS FOR D32,23x1,03",
WP2928G-00,GANASCIA D.35 X ATTR.PRESA D.63,JAWS D35 FOR GRIPPER EQUIPMENTS D63,GANASCIA D35 X ATTREZZATURE PRESA D63,
RW6901Y-00,GANASCIA D.38 X ATTR.PRESA D.63,JAWS D38 FOR GRIPPER EQUIPMENTS D63,GANASCIA D38 X ATTREZZATURE PRESA D63,
HA8119H-00,SET GANASCE DIAM.40MM,JAWS D40,SET GANASCE D40mm,
SJ0974V-00,GANASCIA D.40 X ATTR.PRESA D.63,JAWS D40 FOR GRIPPER EQUIPMENTS D63,GANASCIA D40 X ATTREZZATURE PRESA D63,
GB0877Z-00,GANASCIA D.42.4 X ATTR.PRESA D.63,"JAWS D42,4 FOR GRIPPER EQUIPMENTS D63",GANASCIA D42.4 X ATTREZZATURE PRESA D63,
SK0362J-00,GANASCIA D.45 X ATTR.PRESA D.63,JAWS D45 FOR GRIPPER EQUIPMENTS D63,GANASCIA D45 X ATTREZZATURE PRESA D63,
XB1928H-00,SET GANASCE DIAM.50MM,JAWS D50,SET GANASCE D50mm,
ML7370F-00,GANASCIA D.50 X ATTR.PRESA D.63,JAWS D50 FOR GRIPPER EQUIPMENTS D63,GANASCIA D50 X ATTREZZATURE PRESA D63,
EC6472F-00,GANASCE PER DIAM. 50X5 L=40,JAWS D50x5x40,GANASCE PER D50x5x40,
AA5099U-00,GANASCE PER DIAM. 50X6 L=40,JAWS D50x6x40,GANASCE PER D50x6x40,
VT8889P-00,GANASCIA D.54 X ATTR.PRESA D.63,JAWS D54 FOR GRIPPER EQUIPMENTS D63,GANASCIA D54 X ATTREZZATURE PRESA D63,
RX0152G-00,GANASCE PER DIAM. 55X5 L=30,JAWS D55x5x30,GANASCE PER D55x5x30,
PU9012F-00,GANASCIA D.57 X ATTR.PRESA D.63,JAWS D57 FOR GRIPPER EQUIPMENTS D63,GANASCIA D57 X ATTREZZATURE PRESA D63,
EF5510V-00,GANASCIA D.60 X ATTR.PRESA D.63,JAWS D60 FOR GRIPPER EQUIPMENTS D63,GANASCIA D60 X ATTREZZATURE PRESA D63,
WW5631F-00,SET GANASCE DIAM.63MM,JAWS D63,SET GANASCE D63mm,
UU7409B-00,GANASCIA D.89 X ATTR.PRESA D.63,JAWS D89 FOR GRIPPER EQUIPMENTS D63,GANASCIA D89 X ATTREZZATURE PRESA D63,
NPD7587-00,GANASCE GENERICHE D90 LUNGHE,JAWS D90 LONG,,
CVV6391-00,GANASCE GENERICHE D90 CORTE,JAWS D90 SHORT,,
FX4327A-00,GANASCE PER ELLITTICI 30X15 V8037,JAWS ELLIPTICAL 30x15,GANASCE PER ELLITTICI 30x15 V8037,
ZM2171D-00,GANASCE PER ELLITTICI 40X20 V8038,JAWS ELLIPTICAL 40x20,GANASCE PER ELLITTICI 40x20 V8038,
ET9368K-00,GANASCE PER ELLITTICI 50X25 V8039,JAWS ELLIPTICAL 50x25,GANASCE PER ELLITTICI 50x25 V8039,
AN6072X-00,GANASCE PER ELLITTICI 60X31 V8040,JAWS ELLIPTICAL 60x31,GANASCE PER ELLITTICI 60x31 V8040,
KE3009G-00,GANASCE SCHEDA SPECIALE 137/99,JAWS SPECIAL SHEET 137/99,,
UM8591T-00,GANASCE PER PINZE,JAWS X CLAMPS,,
AY9825D-00,GAN.PINZE D. 12 L=350,JAWS X CLAMPS D12x350,GANASCE PINZE D12x350,
JN0924S-00,GANASCE PINZE D15 L=22.35 RAP354,"JAWS X CLAMPS D15x22,35","GANASCE PINZE D15x22,35 RAP354",
PG2232R-00,"GANASCE PINZE DIA.17 L=65,286,4","JAWS X CLAMPS D17x65,286,4","GANASCE PINZE D17x65,286,4",
YL0639Z-00,GANASCE PINZE DIA.18 L=34,JAWS X CLAMPS D18x34,GANASCE PINZE D18x34,
BM8520E-00,"GANASCE PINZE DIA.20 L=64,490,5","JAWS X CLAMPS D20x64,490,5","GANASCE PINZE D20x64,490,5",
MH3984C-00,CORPO GAN.PINZE D.22 L=200 RAP27/03,JAWS X CLAMPS D22x200,CORPO GANASCE PINZE D22x200 RAP27/03,
FN0410P-00,GANASCE PINZE DIA.22 L=46,JAWS X CLAMPS D22x46,GANASCE PINZE D22x46,
KU4317M-00,"GANASCE PINZE DIA.24 L=69,995,7","JAWS X CLAMPS D24x69,995,7","GANASCE PINZE D24x69,995,7",
UZ3186W-00,GAN PINZE DIAM 25.4 RAP 434/2004,"JAWS X CLAMPS D25,4","GANASCIA PINZE D25,4 RAP434/2004",
BE9521D-00,"GANASCE PER PINZE D.25,4X2,8","JAWS X CLAMPS D25,4x2,8","GANASCE PER PINZE D25,4x2,8",
MD6266Z-00,GANASCE PINZE DIA.28 L=160 RAP27/03,JAWS X CLAMPS D28x160,GANASCE PINZE D28x160 RAP27/03,
AN5256E-00,GAN.PINZE D.28 L=31,JAWS X CLAMPS D28x31,GANASCE PINZE D28x31,
CV2667L-00,GANASCE PINZE DIA.28 L=40,JAWS X CLAMPS D28x40,GANASCE PINZE D28x40,
LW6270V-00,GAN. PINZA DIA 30 L=61 RAP 132/03,JAWS X CLAMPS D30x61,GANASCIA PINZE D30x61 RAP132/03,
WN1134W-00,"GANASCE PINZE DIA.30 L=72,7102,6","JAWS X CLAMPS D30x72,7102,6","GANASCE PINZE D30x72,7102,6",
FZ8670G-00,GAN.PINZE D.35.9 L=35 -RAP 84/03,"JAWS X CLAMPS D35,9x35","GANASCE PINZE D35,9x35 RAP84/03",
CP4898X-00,GANASCE PINZE DIA.35 L=45,JAWS X CLAMPS D35x45,GANASCE PINZE D35x45,
SD0793P-00,"GAN.PINZE D.35 L=80-83,5-111-112,5","JAWS X CLAMPS D35x80-83,5-111-112,5","GANASCE PINZE D35x80-83,5-111-112,5",
UG4548W-00,GAN. PINZE DIAM.36.6 RAP 256/04,"JAWS X CLAMPS D36,6","GANASCIA PINZE D36,6 RAP256/04",
DK0971J-00,GANASCE X PINZE DIAM 38 RAP195/05,JAWS X CLAMPS D38,GANASCE X PINZE D38 RAP195/05,
PM4682S-00,GANASCE PINZE D.38X32 L=24,JAWS X CLAMPS D38x32x24,GANASCE PINZE D38x32x24,
BA1976X-00,GANASCE PINZE DIAM 39.3 L=25 RAP131,"JAWS X CLAMPS D39,3x25","GANASCE PINZE D39,3x25 RAP131",
GE2801H-00,"GAN.PINZE D.40 L=233,5","JAWS X CLAMPS D40x233,5","GANASCE PINZE D40x233,5",
GT1706B-00,"GAN.PINZE D.40 L=274,35","JAWS X CLAMPS D40x274,35","GANASCE PINZE D40x274,35",
LD8960W-00,GANASCE PINZE D.40X32 L=30,JAWS X CLAMPS D40x32x30,GANASCE PINZE D40x32x30,
ET9469F-00,GAN. PINZE DIA 42X2 L=47 RAP256/05,JAWS X CLAMPS D42x2x47,GANASCIA PINZE D42x2x47 RAP256/05,
JU4311A-00,GANASCE PINZE D.42X36 L=30,JAWS X CLAMPS D42x36x30,GANASCE PINZE D42x36x30,
EJ4876V-00,GANASCE PINZE DIA.42 L=55,JAWS X CLAMPS D42x55,GANASCE PINZE D42x55,
HP5069N-00,"GAN. PINZE D.42 L=89-92,5-130-133","JAWS X CLAMPS D42x89-92,5-130-133","GANASCIA PINZE D42x89-92,5-130-133",
VL5826R-00,GAN.PINZE D.44 L=400,JAWS X CLAMPS D44x400,GANASCE PINZE D44x400,
KT1888D-00,GAN.PINZE D. 45 L=500,JAWS X CLAMPS D45x500,GANASCE PINZE D45x500,
ES5884A-00,GAN. PINZA D.48.35X1.50RAP116/02,"JAWS X CLAMPS D48,35x1,50","GANASCIA PINZE D48,35x1,50 RAP116/02",
BX9323J-00,GAN.PINZE D.50.9 L=35 -RAP 84/03,"JAWS X CLAMPS D50,9x35","GANASCE PINZE D50,9x35 RAP84/03",
YA1489C-00,GANASCE PINZE D.52X42 L=35,JAWS X CLAMPS D52x42x35,GANASCE PINZE D52x42x35,
VK9765V-00,"GAN.P.D.54L=80-98,5-102,5-153-155,5","JAWS X CLAMP D54x80-98,5-102,5-153-155,5","GANASCE PINZE D54x80-98,5-102,5-153-155,5",
JS4409S-00,GANASCE PINZE D.55X41 L=40,JAWS X CLAMPS D55x41x40,GANASCE PINZE D55x41x40,
JK5759E-00,GANASCE PINZE D.56 L=40 RAP 333/04,JAWS X CLAMPS D56x40,GANASCE PINZE D56x40 RAP333/04,
LG4410L-00,GANASCE PINZE D.58X47.2 L=40,"JAWS X CLAMPS D58x47,2x40","GANASCE PINZE D58x47,2x40",
VW7928M-00,GANASCE PINZE D58 L=502 RAP380,JAWS X CLAMPS D58x502,GANASCE PINZE D58x502 RAP380,
FG5218W-00,GAN. PINZA D.61.5X1.25 RAP 116/02,"JAWS X CLAMPS D61,5x1,25","GANASCIA PINZE D61,5x1,25 RAP116/02",
WF1233J-00,GAN. PINZA D.62X1.50RAP 116/02,"JAWS X CLAMPS D62x1,50","GANASCIA PINZE D62x1,50 RAP116/02",
PH5486P-00,GAN. PINZE DIA 63X2.5 L=86.1 256/05,"JAWS X CLAMPS D63x2,5x86,1","GANASCIA PINZE D63x2,5x86,1 RAP256/05",
RH5341J-00,GAN. PINZA D.64.9X2.6 RAP 116/02,"JAWS X CLAMPS D64,9x2,6","GANASCIA PINZE D64,9x2,6 RAP116/02",
NZ9494A-00,GAN.PINZE D.65.9 L=30 -RAP 84/03,"JAWS X CLAMPS D65,9x30","GANASCE PINZE D65,9x30 RAP84/03",
JU3929H-00,GANASCE PINZE D.65X52 L=45,JAWS X CLAMPS D65x52x45,GANASCE PINZE D65x52x45,
PB8648B-00,GAN. PINZA D.66.6X1.60 -RAP 116/02,"JAWS X CLAMPS D66,6x1,60","GANASCIA PINZE D66,6x1,60 RAP116/02",
VC4595X-00,GAN. PINZE DIAM.67 RAP40/04,JAWS X CLAMPS D67,GANASCIA PINZE D67 RAP40/04,
XE3786X-00,GAN.PINZE D.71 L=51,JAWS X CLAMPS D71x51,GANASCE PINZE D71x51,
JB1428S-00,GAN. PINZE DIA. 76.4,"JAWS X CLAMPS D76,4","GANASCIA PINZE D76,4",
PS8453J-00,GANASCE PINZE DIAM 79 L=58.8 RAP131,"JAWS X CLAMPS D79x58,8","GANASCE PINZE D79x58,8 RAP131",
SJ4003T-00,GANASCE PINZE ST. DIA=12 C-001,JAWS X CLAMPS STANDARD D12 C-001,GANASCE PINZE STANDARD D12 C-001,
GD5952P-00,GANASCE PINZE ST. DIA=16 C-009,JAWS X CLAMPS STANDARD D16 C-009,GANASCE PINZE STANDARD D16 C-009,
SW4317V-00,GANASCE PINZE ST. DIA=18 C-013,JAWS X CLAMPS STANDARD D18 C-013,GANASCE PINZE STANDARD D18 C-013,
ZC4720E-00,GANASCE PINZE ST. DIA=19 C-015,JAWS X CLAMPS STANDARD D19 C-015,GANASCE PINZE STANDARD D19 C-015,
UN7524A-00,GANASCE PINZE ST. DIA=25 C-027,JAWS X CLAMPS STANDARD D25 C-027,GANASCE PINZE STANDARD D25 C-027,
MB9771P-00,GANASCE PINZE ST. DIA=28 C-002,JAWS X CLAMPS STANDARD D28 C-002,GANASCE PINZE STANDARD D28 C-002,
BR5339E-00,GAN.PINZE ST. D.30 L=45,JAWS X CLAMPS STANDARD D30x45,GANASCE PINZE STANDARD D30x45,
BH0132F-00,GANASCE PINZE ST. DIA=45 C-040,JAWS X CLAMPS STANDARD D45 C-040,GANASCE PINZE STANDARD D45 C-040,
ND0382K-00,GAN.PINZE STDD.48X4 L=29.9-28.6,"JAWS X CLAMPS STANDARD D48x4x29,9-28,6","GANASCE PINZE STANDARD D48x4x29,9-28,6",
GD1345E-00,GAN.PINZE ST. D.49 L=38,JAWS X CLAMPS STANDARD D49x38,GANASCE PINZE STANDARD D49x38,
AB7511Z-00,GAN.PINZE ST. D.58 L=40,JAWS X CLAMPS STANDARD D58x40,GANASCE PINZE STANDARD D58x40,
DH2230M-00,GAN.PINZE STD.D.70.9X67.3 L-150-300,"JAWS X CLAMPS D70,9x67,3x150-300","GANASCE PINZE STANDARD D70,9x67,3x150-300",
DX8929X-00,JUEGO DE CABEZALES PART N. 10083318,JUEGO DE CABEZALES PART N. 10083318,,
MN8364S-00,JUEGO DE CABEZALES PART N. 10295575,JUEGO DE CABEZALES PART N. 10295575,,
PG0792N-00,JUEGO DE CABEZALES PART N7234050315,JUEGO DE CABEZALES PART N7234050315,,
ME8311C-00,"JUEGO DE MORDAZAS PARA D. 47,8","JUEGO DE MORDAZAS PARA D47,8","JUEGO DE MORDAZAS PARA D47,8",
AW5705N-00,"JUEGO DE MORDAZAS PARA D49,48 L20","JUEGO DE MORDAZAS PARA D49,48x20","JUEGO DE MORDAZAS PARA D49,48x20",
KE1823V-00,JUEGO DE MORDAZAS PARA D50.1 L34.2,"JUEGO DE MORDAZAS PARA D50,1x34,2","JUEGO DE MORDAZAS PARA D50,1x34,2",
VS2678X-00,JUEGOS DE SOPORTES (SECCION TUBO?),JUEGOS DE SOPORTES (SECCION TUBO?),,
UK8220Y-00,NOZUTPUNTE E MASCHI CUM,NOZUT DRILL BITS AND TAPS “CUM”,NOZUT PUNTE E MASCHI CUM,
FB0329T-00,NOZUTFILETTATURA USA,NOZUT INCH THREADING,NOZUT FILETTATURA USA,
PK8070R-00,NOZUTFILETTATURA METRICA,NOZUT METRIC THREADING,NOZUT FILETTATURA METRICA,
VW6964L-00,L5SET OF TEMPLATES 10X12 MM,L5 SHAPES RECTANGLE 10x12,L5SET OF TEMPLATES 10x12 mm,
VF6735X-00,L5SET OF TEMPLATES 120X60 MM,L5 SHAPES RECTANGLE 120x60,L5SET OF TEMPLATES 120x60 mm,
EZ7085U-00,L5SET OF TEMPLATES 50X15 MM,L5 SHAPES RECTANGLE 50x15,L5SET OF TEMPLATES 50x15 mm,
KT4987Y-00,L5SET OF TEMPLATES 70X25 MM,L5 SHAPES RECTANGLE 70x25,L5SET OF TEMPLATES 70x25 mm,
PM6463U-00,L5SET OF TEMPLATES 100X100 MM,L5 SHAPES SQUARE 100x100,L5SET OF TEMPLATES 100x100 mm,
SNC50660-00,Grupo Kuremaset di sagome ZB8,ZB8 “PAZIK KUREMA GROUP”,,
BD3870R-00,"ZB8, 1 SET OF TUBES SUPPORT SHAPES",ZB8 1 SHAPES SUPPORT,,
SZ3320L-00,ZB83 SET OF TUBE SUPPORT SHAPES,ZB8 2 SHAPES SUPPORT,ZB8 2 SET OF TUBE SUPPORT SHAPES,
NW2593L-00,ZB 87 SET OF SHAPES,ZB8 3 SHAPES SUPPORT,ZB8 3 SET OF SHAPES,
NC4712W-00,ZB8-4 SET OF SHAPES FOR TUBES,ZB8 6 SHAPES SUPPORT,ZB8 6 SET OF SHAPES FOR TUBES,
HW0648C-00,ZB 8 TUBAKE3 SUPORTE TUBOS,ZB8 TUBAKE3 SUPORTE TUBOS,ZB8 TUBAKE3 SUPORTE TUBOS,
DX8458K-00,ZB8UGELLI ALLUNGATI PER SPECIALE,ZB8 ELONGED NOZZLES FOR SPECIAL,ZB8 UGELLI ALLUNGATI PER SPECIALE,
ASN39039-00,ZB8ATTREZZ VUNIR NAPN TRAPEZIO V2,ZB8 EQUIPM.TRAPEZ. SECT. V2 “VUNIR NAPN”,ZB8 ATTREZZATURE VUNIR NAPN TRAPEZIO V2,
MBU48275-00,"ZB8ATTREZZ VUNIR NAPN SEZ ""TRAPEZIO""",ZB8 EQUIPM.TRAPEZOID SECT. “VUNIR NAPN”,"ZB8 ATTREZZATURE VUNIR NAPN SEZ ""TRAPEZIO""",
AN4214Z-00,ZB8 ATTREZZAGGIO SEBANUB,ZB8 EQUIPMENTS “SEBANUB”,,
XEA72517-00,ZB8ATTR. PER ELLITTICO VEKUSIBALN,ZB8 EQUIPMENTS ELLIPT. “VEKUSIBALN”,ZB8 ZB8 ATTREZZATURE PER ELLITTICO VEKUSIBALN,
XDH67277-00,ZB8 ATTREZZ. ELLISSI 40x20 + OVALI,ZB8 EQUIPMENTS ELLIPTICAL 40x20 + OVAL,ZB8 ATTREZZATURE ELLISSI 40x20 + OVALI,
ME3806V-00,ZB8-ATTREZZ.PER ELLITTICO 80-83X40,ZB8 EQUIPMENTS ELLIPTICAL 80-83x40,ZB8 ATTREZZATURE PER ELLITTICO 80-83x40,
HGP95291-00,ZB8-ATTREZZAGGIO PER ESAGONO L=10,ZB8 EQUIPMENTS HEXAGON L=10,ZB8 ATTREZZAGGIO PER ESAGONO L=10,
FZH48078-00,ZB8BLOCCHETTO GUIDA MAT LARGO LUNETTA,ZB8 GUIDE BLOCK MATERIAL WIDE STEADY R.,ZB8 BLOCCHETTO GUIDA MAT LARGO LUNETTA,
BT3025T-00,ZB8 TOLUDAMO3 INTERMEDIATE SUPPO,ZB8 N°3 INTERMEDIATE SUPPORT “TOLUDAMO”,,
EF8626V-00,ZB 8SET (3) DI SAGOME PER TUBO,ZB8 N°3 SHAPES,ZB8 SET (3) DI SAGOME PER TUBO,
WG4873Y-00,ZB87 SET DI SAGOME TELIGOCA,ZB8 N°3 SHAPES “TELIGOCA”,ZB8 3 SET DI SAGOME TELIGOCA,
GL1153T-00,ZB 8 NALALIR3 SET OF TUBE SHAPES,ZB8 N°3 SHAPES “NALALIR”,ZB8 NALALIR3 SET OF TUBE SHAPES,
RX0341V-00,ZB 8 SUVETIL3 SET OF SHAPES,ZB8 N°3 SHAPES “SUVETIL”S,ZB8 SUVETIL3 SET OF SHAPES,
BW8610T-00,ZB8 ZUBU (METAL IN) 3 SET OF SHAPES,ZB8 N°3 SHAPES “ZUBU (METAL INOX)”,,
SA7169Z-00,ZB8 3 SET DI SAGOME CLIENTE ROS,ZB8 N°3 SHAPES “ROS”,,
JE4238X-00,ZB8-SET DI SAGOME (3) VULIDA,ZB8 N°3 SHAPES “VULIDA”,ZB8 SET DI SAGOME (3) VULIDA,
AZ6501S-00,ZB 8 SULAMEKSAGOME TUBO (3),ZB8 N°3 SHAPES “SULAMEK”,ZB8 SULAMEKSAGOME TUBO (3),
BX7677G-00,ZB 8SUPORTE (3 SET) PARA TUBOS,ZB8 N°3 SUPORTE PARA TUBOS,ZB8 SUPORTE (3 SET) PARA TUBOS,
AY5057C-00,ZB8SAGOME (4) DIFU,ZB8 N°4 SHAPES “DIFU”,ZB8 SAGOME (4) DIFU,
XBT60300-00,ZB8SAGOME SEK,ZB8 SHAPES “SEK”,ZB8 SAGOME SEK,
TSA91634-00,ZB8SAGOME MAGOL CUKECESIT,ZB8 SHAPES “MAGOL CUKECESIT”,ZB8 SAGOME MAGOL CUKECESIT,
UKT70675-00,ZB8SAGOME DOTAT,ZB8 SHAPES “DOTAT”,ZB8 SAGOME DOTAT,
HUF51110-00,Set di sagome Matapidev ZB8,ZB8 SHAPES “MATAPIDEV”,,
ESU90771-00,ZB8SAGOME TUN METALLI,ZB8 SHAPES “TUN METALLI”,ZB8 SAGOME TUN METALLI,
YMX21108-00,ZB8SAGOME MEZIZO,ZB8 SHAPES “MEZIZO”,ZB8 SAGOME MEZIZO,
ZE5040A-00,SAGOME ZB8 DESULOMIMA,ZB8 SHAPES “DESULOMIMA”,,
ZPF16417-00,ZB8SAGOME DEZ USA 17,ZB8 SHAPES “DEZ USA 17”,ZB8 SAGOME DEZ USA 17,
HX9302E-00,DEZ USA (PUFAVILE METAL) SAGOME ZB8,ZB8 SHAPES “DEZ USA-PUFAVILE METAL”,,
TLS15160-00,ZB8SAGOME TEDUZOFUMO,ZB8 SHAPES “TEDUZOFUMO”,ZB8 SAGOME TEDUZOFUMO,
RZ3801B-00,SET OF SHAPES ZB8 TEDUOFUMO,ZB8 SHAPES “TEDUOFUMO”,,
MP3389L-00,ZB8-SAGOME FATELOKN,ZB8 SHAPES “FATELOKN”,ZB8 SAGOME FATELOKN,
LNN18119-00,ZB8SAGOME PIK.R.NIR.,ZB8 SHAPES “PIK.R.NIR.”,ZB8 SAGOME PIK.R.NIR.,
GEU15778-00,ZB8SAGOME VEKUSIBALN,ZB8 SHAPES “VEKUSIBALN”,ZB8 SAGOME VEKUSIBALN,
MEM21650-00,ZB8SAGOME RIKASU INTERNATIONAL,ZB8 SHAPES “RIKASU INTERNATIONAL”,ZB8 SAGOME RIKASU INTERNATIONAL,
BYA07887-00,ZB8SAGOME DUTUTOSOC,ZB8 SHAPES “DUTUTOSOC”,ZB8 SAGOME DUTUTOSOC,
GH1181K-00,ZB8SET DI SAGOME DODEFUMONO,ZB8 SHAPES “DODEFUMONO”,ZB8 SET DI SAGOME DODEFUMONO,
TN3681Z-00,ZB 8SAGOME RIRAFEZ,ZB8 SHAPES “RIRAFEZ”,ZB8 SAGOME RIRAFEZ,
ZZJ91813-00,ZB8SAGOME MAM,ZB8 SHAPES “MAM”,ZB8 SAGOME MAM,
WCH36364-00,ZB8SAGOME TASILASEBE,ZB8 SHAPES “TASILASEBE”,ZB8 SAGOME TASILASEBE,
YA9104-00,PazudsZB8Set di sagome,ZB8 SHAPES “PAZUDS”,PAZUDSZB8SET DI SAGOME,
WST69325-00,ZB8SAGOME GEM,ZB8 SHAPES “GEM”,ZB8 SAGOME GEM,
URV89169-00,ZB8SAGOME NIMECIG,ZB8 SHAPES “NIMECIG”,ZB8 SAGOME NIMECIG,
NF4408W-00,KUSATOFACR ZB8 SET DI SAGOME,ZB8 SHAPES “KUSATOFACR”,,
CK1492T-00,TUBE SHAPES FOR ZB8 ZOLURAL,ZB8 SHAPES “ZOLURAL”,,
MW4654G-00,DITTA DADANASZB8 SAGOME TUBO,ZB8 SHAPES “DADANAS”,,
JFC81634-00,ZB8SAGOME VILA FONOR,ZB8 SHAPES “VILA FONOR”,ZB8 SAGOME VILA FONOR,
XYS87839-00,ZB8SAGOME BUGAMU,ZB8 SHAPES “BUGAMU”,ZB8 SAGOME BUGAMU,
CFA99609-00,ZB8SAGOME RAF.NEF,ZB8 SHAPES “RAF.NEF”,ZB8 SAGOME RAF.NEF,
NWU26213-00,ZB8 SAGOME MULABAVEK,ZB8 SHAPES “MULABAVEK”,,
XPU20333-00,ZB8SAGOME DOKUB SYSTEM,ZB8 SHAPES “DOKUB SYSTEM”,ZB8 SAGOME DOKUB SYSTEM,
XE9686X-00,ZB 8SAGOME PER CACUTO,ZB8 SHAPES “CACUTO”,ZB8 SAGOME PER CACUTO,
PK5996S-00,REBIMUSAGOME ZB8,ZB8 SHAPES “REBIMU”,,
ZT4474K-00,MIFEMALZB8 SET DI SAGOME,ZB8 SHAPES “MIFEMAL”,,
VWN58248-00,ZB8SAGOME MEZERN ARREDO URBANO,ZB8 SHAPES “MEZERN ARREDO URBANO”,ZB8 SAGOME MEZERN ARREDO URBANO,
JSB15403-00,ZB8SAGOME GETE,ZB8 SHAPES “GETE”,ZB8 SAGOME GETE,
LZZ63099-00,ZB8SAGOME REZ MAQUINARIA BIDEBOLA,ZB8 SHAPES “REZ MAQUINARIA BIDEBOLA”,ZB8 SAGOME REZ MAQUINARIA BIDEBOLA,
WUA69873-00,ZB8SAGOME RAREGA,ZB8 SHAPES “RAREGA”,ZB8 SAGOME RAREGA,
BAH06681-00,ZB8SAGOME TEKOBK,ZB8 SHAPES “TEKOBK”,ZB8 SAGOME TEKOBK,
WY1147W-00,SET DI SAGOME ZB8ZENIMI,ZB8 SHAPES “ZENIMI”,,
FUA43394-00,Set di sagome BIKA ZB8,ZB8 SHAPES “BIKA”,,
HF1396A-00,ZB8SET DI SAGOME FUKUNULAL,ZB8 SHAPES “FUKUNULAL”,ZB8 SET DI SAGOME FUKUNULAL,
PKD22119-00,ZB8SAGOME TONERUCO TECHNIKA JSC,ZB8 SHAPES “TONERUCO TECHNIKA JSC”,ZB8 SAGOME TONERUCO TECHNIKA JSC,
UJK43016-00,ZB8 SAGOME DIZUTE,ZB8 SHAPES “DIZUTE”,,
GU1029T-00,ZICAL ZB8 SET DI SAGOME,ZB8 SHAPES “ZICAL”,,
TZB41811-00,ZB8SAGOME ZAG DESO,ZB8 SHAPES “ZAG DESO”,ZB8 SAGOME ZAG DESO,
WZS11312-00,ZB8SAGOME DOTEPACT,ZB8 SHAPES “DOTEPACT”,ZB8 SAGOME DOTEPACT,
PK2766C-00,ZB8SET DI SAGOME NID,ZB8 SHAPES “NID”,ZB8 SET DI SAGOME NID,
GN3738U-00,ZB8-SAGOME DA DEFINIRE ZIRUMAMO,ZB8 SHAPES “ZIRUMAMO” TO BE DEFINED,ZB8 SAGOME DA DEFINIRE ZIRUMAMO,
DHE16134-00,Set di sagome PUKEPT ZB8,ZB8 SHAPES “PUKEPT”,,
YLH05492-00,ZB8SAGOME FAZUCU BOLEK,ZB8 SHAPES “FAZUCU BOLEK”,ZB8 SAGOME FAZUCU BOLEK,
UH9408K-00,ZB 8 SET DI SAGOME CEZUGOSOSA,ZB8 SHAPES “CEZUGOSOSA”,ZB8 SET DI SAGOME CEZUGOSOSA,
DNG68587-00,ZB8SAGOME GAFANOPOKS,ZB8 SHAPES “METALLO NEDALUTUZN”,ZB8 SAGOME GAFANOPOKS,
TAY89129-00,ZB8SAGOME COKETAVI,ZB8 SHAPES “COKETAVI”,ZB8 SAGOME COKETAVI,
WNL62794-00,ZB8SAGOME GAPELODEMN LASER 8500,ZB8 SHAPES “GAPELODEMN LASER 8500”,ZB8 SAGOME GAPELODEMN LASER 8500,
AE3341V-00,MUR LADUZOFU ZB8 SET DI SAGOME,ZB8 SHAPES “MUR LADUZOFU”,,
FPK79415-00,Set di sagome ZB8 TIVO,ZB8 SHAPES “TIVO”,,
SPP50532-00,ZB8SAGOME GOTOCEP RASOC,ZB8 SHAPES “GOTOCEP RASOC”,ZB8 SAGOME GOTOCEP RASOC,
PES12843-00,ZB8SAGOME GAT 83,ZB8 SHAPES “GAT 83,ZB8 SAGOME GAT 83,
CPB00913-00,ZB8SAGOME GISIM,ZB8 SHAPES “GISIM”,ZB8 SAGOME GISIM,
XU4192M-00,ZB 8SAGOME KIS,ZB8 SHAPES “KIS”,ZB8 SAGOME KIS,
GAW50967-00,ZB8SAGOME CIDAMUK DISTRIBUTION,ZB8 SHAPES “CIDAMUK DISTRIBUTION”,ZB8 SAGOME CIDAMUK DISTRIBUTION,
PK6798N-00,RAZEZIF - SET DI SAGOME ZB 8,ZB8 SHAPES “RAZEZIF”,,
UGD39851-00,ZB8SAGOME VECELALINI,ZB8 SHAPES “VECELALINI”,ZB8 SAGOME VECELALINI,
HJE80405-00,ZB8SAGOME DOGU,ZB8 SHAPES “DOGU”,ZB8 SAGOME DOGU,
UED81524-00,ZB8SAGOME TAGUCO,ZB8 SHAPES “TAGUCO”,ZB8 SAGOME TAGUCO,
JRJ07765-00,ZB8SAGOME FEKEGOPOT,ZB8 SHAPES “FEKEGOPOT”,ZB8 SAGOME FEKEGOPOT,
AL6434S-00,ZB8PRO METAL FORMSAGOME TUBO,ZB8 SHAPES “RIM METAL FORM”,ZB8 PRO METAL FORMSAGOME TUBO,
MJL22538-00,ZB8SAGOME VUNIR NAPN,ZB8 SHAPES “VUNIR NAPN”,ZB8 SAGOME VUNIR NAPN,
LDJ53193-00,ZB8SAGOME POZIFUZ,ZB8 SHAPES “POZIFUZ”,ZB8 SAGOME POZIFUZ,
XH2051N-00,SET DI SAGOME ZB 8RUPES,ZB8 SHAPES “RUPES”,,
PKB87067-00,ZB8SAGOME GEZUPOL,ZB8 SHAPES “GEZUPOL”,ZB8 SAGOME GEZUPOL,
WHR60406-00,ZB8SAGOME GIPOMIPK,ZB8 SHAPES “GIPOMIPK”,ZB8 SAGOME GIPOMIPK,
NWW74023-00,ZB8SAGOME TEMK CAREL,ZB8 SHAPES “TEMK CAREL”,ZB8 SAGOME TEMK CAREL,
PL5162N-00,ZB8SET SAGOME X SHOWROOM,ZB8 SHAPES “SHOWROOM”,ZB8 SET SAGOME X SHOWROOM,
SM7554R-00,GACODASZB8 SET DI SAGOME,ZB8 SHAPES “GACODAS”,,
PVU14782-00,ZB8SAGOME VIBOLO,ZB8 SHAPES “VIBOLO”,ZB8 SAGOME VIBOLO,
LUX48335-00,Set di sagome ZB8 ACCIAIO ZEN&VAD,ZB8 SHAPES “ZEN&VAD”,,
BEM27467-00,SET DI SAGOME ZB8 GOR.LE.SUC,ZB8 SHAPES “GOR.LE.SUC”,,
BB2865N-00,ZB8 SET DI SAGOME LUPAFIMUPU,ZB8 SHAPES “LUPAFIMUPU”,,
BBY68976-00,ZB8SAGOME FESOVT ZELAVU,ZB8 SHAPES “FESOVT ZELAVU”,ZB8 SAGOME FESOVT ZELAVU,
SBZ29266-00,ZB8SAGOME SUGOVEL,ZB8 SHAPES “SUGOVEL”,ZB8 SAGOME SUGOVEL,
WJR19721-00,ZB8SAGOME NIBON,ZB8 SHAPES “NIBON”,ZB8 SAGOME NIBON,
NWE33724-00,ZB8SAGOME TORRE,ZB8 SHAPES “TORRE”,ZB8 SAGOME TORRE,
SHY00642-00,ZB8SAGOME VIBETUFI,ZB8 SHAPES “VIBETUFI”,ZB8 SAGOME VIBETUFI,
CNB20160-00,ZB8SAGOME FUNUTK,ZB8 SHAPES “FUNUTK”,ZB8 SAGOME FUNUTK,
ZJN89674-00,ZB8SAGOME KIBELUTO INDUSTRIE,ZB8 SHAPES “KIBELUTO INDUSTRIE”,ZB8 SAGOME KIBELUTO INDUSTRIE,
DV8741H-00,DIT ZB8 SET DI SAGOME,ZB8 SHAPES “DIT”,,
SFN93407-00,ZB8SAGOME NISEKAT,ZB8 SHAPES “NISEKAT”,ZB8 SAGOME NISEKAT,
VKB98921-00,ZB8SAGOME PESU,ZB8 SHAPES “PESU”,ZB8 SAGOME PESU,
DX2228S-00,TUGEN SET DI SAGOME ZB8,ZB8 SHAPES “TUGEN”,,
LZU70331-00,ZB8SAGOME B+B TAGUVECUGE,ZB8 SHAPES B+B “TAGUVECUGE”,ZB8 SAGOME B+B TAGUVECUGE,
KF1774D-00,ZB8SAGOME PIATTOVALE 50X20,ZB8 SHAPES FLAT OVAL 50x20,ZB8 SAGOME PIATTOVALE 50x20,
MM6210F-00,ZB 8SAGOME PER 3 SEZIONI DI TUBO,ZB8 SHAPES N°3 SECTIONS,ZB8 SAGOME PER 3 SEZIONI DI TUBO,
FH8589Y-00,ZB8 SET DI SAGOME SPECIFICARE SEZIO,ZB8 SHAPES SECTION SPECIFY,ZB8 SET DI SAGOME SPECIFICARE SEZIONE,
HH2211B-00,ZB8 SET OF SHAPES,ZB8 SHAPES SET,,
FA0077F-00,ZB8 SAGOME PER 25X25,ZB8 SHAPES SQUARE 25x25,ZB8 SAGOME PER 25x25,
ZZ7623B-00,ZB 8SAGOME 25X25 E PER ELLITTICO,ZB8 SHAPES SQUARE 25x25 - ELLIPTICAL,ZB8 SAGOME 25x25 E PER ELLITTICO,
YE4512X-00,ZB 8 SAGOME 40X40,ZB8 SHAPES SQUARE 40x40,ZB8 SAGOME 40x40,
SJ0346F-00,ZB8 SAGOME PER 3 SEZIONI DI QR,ZB8 SHAPES SQUARE-RECTANGLE N°3,,
KN9720A-00,ZB 8 RUZAPISAGOME (3) PER Q & R,ZB8 SHAPES SQUARE-RECTANGLE N°3 “RUZAPI”,ZB8 RUZAPISAGOME (3) PER Q & R,
EW4522W-00,ZB8 1 SET SUPPORTI SAGOME ALLUMINIO,ZB8 SHAPES SUPPORTS ALUMINUM,,
CA2266A-00,ZB8 SAGOME PER IL SOSTEGNO DEL TUBO,ZB8 SHAPES TUBE SUPPORT,,
XD7076R-00,NASELLI MANDRINO + SAGOME ZB8,ZB8 SHAPES+NOSE PIECE SPINDLE,,
AYC65348-00,-INVITI CARICATORE E CARRELLO D15,LOADER AND CARRIAGE LEAD-IN D15,INVITI CARICATORE E CARRELLO D15,
JDJ60622-00,Inviti caricatore D11.15,"LOADER LEAD-IN D11,15","INVITI CARICATORE D11,15",
KLA17936-00,ZK93SEZIONI SPECIALI TACER,ZK93 SPECIAL SECTIONS “TACER”,ZK93 SEZIONI SPECIALI TACER,
HE0090W-00,ZK932RALLA SUPPLEMENTARE,ZK932 ADDITIONAL SLEWING RING,ZK932 RALLA SUPPLEMENTARE,
PS4010R-00,ZK932-KIT ELL.30X15-METAL. FIPO,ZK932 ELLIPTICAL KIT 30x15 “METAL. FIPO”,ZK932 KIT ELLITTICO 30x15-METAL. FIPO,
NN9644Z-00,ZK932-KIT ELL.40X20-METAL. FIPO,ZK932 ELLIPTICAL KIT 40x20 “METAL. FIPO”,ZK932 KIT ELLITTICO 40x20-METAL. FIPO,
RX0450U-00,ZK932-KIT ELL.50X25-METAL. FIPO,ZK932 ELLIPTICAL KIT 50x25 “METAL. FIPO”,ZK932 KIT ELLITTICO 50x25-METAL. FIPO,
JE6353Z-00,ZK932-KIT ELL.60X30-METAL. FIPO,ZK932 ELLIPTICAL KIT 60x30 “METAL. FIPO”,ZK932 KIT ELLITTICO 60x30-METAL. FIPO,
NH0425X-00,ZK932-ATTREZZ. FAFO,ZK932 EQUIPMENT “FAFO”,ZK932 ATTREZZATURA FAFO,
YS9794P-00,ZK932 ATTREZZATURE PER 100X30,ZK932 EQUIPMENJB 922x30,ZK932 ATTREZZATURE PER 100x30,
PN6556Z-00,ZK932ATTREZZATURE 100X50,ZK932 EQUIPMENJB 922x50,ZK932 ATTREZZATURE 100x50,
UG1853E-00,ZK932 ATTREZZATURE PER 25X25,ZK932 EQUIPMENJB 38x25,ZK932 ATTREZZATURE PER 25x25,
GU6017N-00,ZK932 ATTREZZATURE PER 30X30,ZK932 EQUIPMENJB 72x30,ZK932 ATTREZZATURE PER 30x30,
SX4141X-00,ZK932 ATTREZZATURE PER 40X40,ZK932 EQUIPMENJB 62x40,ZK932 ATTREZZATURE PER 40x40,
TH2700F-00,ZK932 ATTREZZATURE PER 50X25,ZK932 EQUIPMENJB 82x25,ZK932 ATTREZZATURE PER 50x25,
VA5888D-00,ZK932 ATTREZZATURE PER 50X30,ZK932 EQUIPMENJB 82x30,ZK932 ATTREZZATURE PER 50x30,
WX9226C-00,ZK932 ATTREZZATURE PER 80X20,ZK932 EQUIPMENJB 02x20,ZK932 ATTREZZATURE PER 80x20,
NU3310V-00,ZK932 ATTREZZATURE PER TONDO D16,ZK932 EQUIPMENTS BAR D16,,
WF3222E-00,ZK932-SOLO SAGOME 1/5 DA SPECIFICAR,ZK932 ONLY SHAPES 1/5 TO BE DEFINED,,
FA4603T-00,ZK932-SOLO SAGOME 2/5 DA SPECIFICAR,ZK932 ONLY SHAPES 2/5 TO BE DEFINED,,
DW9900E-00,ZK932-SOLO SAGOME 3/5 DA SPECIFICAR,ZK932 ONLY SHAPES 3/5 TO BE DEFINED,,
PL0099S-00,ZK932-SOLO SAGOME 4/5 DA SPECIFICAR,ZK932 ONLY SHAPES 4/5 TO BE DEFINED,,
VK5473J-00,ZK932-SOLO SAGOME 5/5 DA SPECIFICAR,ZK932 ONLY SHAPES 5/5 TO BE DEFINED,,
VZ0154T-00,ZK932 SCARPETTE ELLITTICO,ZK932 SCARPETTE ELLIPTICAL,,
DV0767P-00,ZK932 SAGOMA PIATTO OVALE 50X10,ZK932 SHAPE FLAT OVAL 50x10,ZK932 SAGOMA PIATTO OVALE 50x10,
CP1632Y-00,ZK932 SAGOMA PIATTO OVALE 60X10,ZK932 SHAPE FLAT OVAL 60x10,ZK932 SAGOMA PIATTO OVALE 60x10,
SK8419C-00,ZK932 SAGOMA PIATTO OVALE 70X10,ZK932 SHAPE FLAT OVAL 70x10,ZK932 SAGOMA PIATTO OVALE 70x10,
PD3320M-00,"ZK932 SAGOMA RETTANGOL. 110X30X2,5","ZK932 SHAPE RECTANGLE 110x30x2,5","ZK932 SAGOMA RETTANGOLARE 110x30x2,5",
DV2386L-00,ZK932 SAGOMA RETTANGOLARE 33X16X2,ZK932 SHAPE RECTANGLE 33x16x2,ZK932 SAGOMA RETTANGOLARE 33x16x2,
DK2494D-00,ZK932 SAGOMA RETTANGOLARE 70X11,ZK932 SHAPE RECTANGLE 70x11,ZK932 SAGOMA RETTANGOLARE 70x11,
CU5918B-00,ZK932SET SAGOMA 80X20,ZK932 SHAPE RECTANGLE 80x20,ZK932 SET SAGOMA 80x20,
PT7307Y-00,"ZK932 SAGOMA RETTANGOLARE 80X20X1,5","ZK932 SHAPE RECTANGLE 80x20x1,5","ZK932 SAGOMA RETTANGOLARE 80x20x1,5",
UJ9967Y-00,"ZK932 SAGOMA RETTANGOLARE 80X30X2,5","ZK932 SHAPE RECTANGLE 80x30x2,5","ZK932 SAGOMA RETTANGOLARE 80x30x2,5",
TE1347C-00,ZK932 SAGOMA ALLUM. DIAM. 10 MM,ZK932 SHAPE ROUND ALUMINUM D10,ZK932 SAGOMA ALLUMINIO D10 mm,
RB5613K-00,ZK932-SAGOMA AL DIAM. 114.3 MM,"ZK932 SHAPE ROUND ALUMINUM D114,3","ZK932 SAGOMA AL D114,3 mm",
YM3989F-00,ZK932 SAGOMA AL TONDO D114.3,"ZK932 SHAPE ROUND D114,3",,
CR6763H-00,ZK932-SAGOMA TONDO DIAMETRO 19 MM,ZK932 SHAPE ROUND D19,ZK932 SAGOMA TONDO D19 mm,
KT2502Z-00,ZK932-PEZZO SAGOMA TONDO D30 MM,ZK932 SHAPE ROUND D30,ZK932 PEZZO SAGOMA TONDO D30 mm,
MZ3709P-00,ZK932-SAGOMA TONDO DIAMETRO 38MM,ZK932 SHAPE ROUND D38,ZK932 SAGOMA TONDO D38mm,
AG1264P-00,SAGOMA ZK932 TONDO DIAMETRO 42 MM,ZK932 SHAPE ROUND D42,SAGOMA ZK932 TONDO D42 mm,
TN3616S-00,SAG.SETTAGGIO ZK932 SEZ.DA DEFINIRE,ZK932 SHAPE SETTING TO BE DEFINED,SAGOMA SETTAGGIO ZK932 SEZ.DA DEFINIRE,
MG1797K-00,"ZK932SAGOMA QUADRO 20X20X1,5","ZK932 SHAPE SQUARE 20x20x1,5","ZK932 SAGOMA QUADRO 20x20x1,5",
LR0564K-00,ZK932 SAGOMA QUADRO 25X25,ZK932 SHAPE SQUARE 25x25,ZK932 SAGOMA QUADRO 25x25,
PC7482B-00,ZK932SAGOMA QUADRO 40X40X1.5,"ZK932 SHAPE SQUARE 40x40x1,5",ZK932 SAGOMA QUADRO 40x40x1.5,
CY6182M-00,ZK932-SAGOMA REG.LUNETTA DIAM.20 MM,ZK932 SHAPE STEADY REST ADJUSTMENT D20,ZK932 SAGOMA REG.LUNETTA D20 mm,
VR4142H-00,ZK932-SAGOMA X LUNETTA DIAM.30MM,ZK932 SHAPE STEADY REST D30,ZK932 SAGOMA X LUNETTA D30mm,
EZ5904D-00,ZK932-SUPPORTO ALLUMINIO 15X10,ZK932 SHAPE SUPPOBQ 98x10 ALUMINUM,ZK932 SUPPORTO ALLUMINIO 15x10,
SK2706A-00,ZK932-SUPPORTO ALLUMINIO 20X15,ZK932 SHAPE SUPPOBQ 32x15 ALUMINUM,ZK932 SUPPORTO ALLUMINIO 20x15,
CB6417F-00,ZK932-SUPPORTO ALLUMINIO 25X15,ZK932 SHAPE SUPPOBQ 38x15 ALUMINUM,ZK932 SUPPORTO ALLUMINIO 25x15,
AC2336P-00,ZK932-SUPPORTO ALLUMINIO 30X10,ZK932 SHAPE SUPPOBQ 72x10 ALUMINUM,ZK932 SUPPORTO ALLUMINIO 30x10,
JC3898X-00,ZK932-SUPPORTO ALLUMINIO 40X14,ZK932 SHAPE SUPPOBQ 62x14 ALUMINUM,ZK932 SUPPORTO ALLUMINIO 40x14,
YY6222E-00,ZK932-SUPPORTO ALLUMINIO 40X15,ZK932 SHAPE SUPPOBQ 62x15 ALUMINUM,ZK932 SUPPORTO ALLUMINIO 40x15,
BH5390R-00,ZK932-SUPPORTO ALLUMINIO 50X10,ZK932 SHAPE SUPPOBQ 82x10 ALUMINUM,ZK932 SUPPORTO ALLUMINIO 50x10,
WG6864A-00,ZK932-SUPPORTO ALLUMINIO 60X30,ZK932 SHAPE SUPPOBQ 42x30 ALUMINUM,ZK932 SUPPORTO ALLUMINIO 60x30,
CN0523E-00,ZK932-SUPPORTO ALLUMINIO 60X40,ZK932 SHAPE SUPPOBQ 42x40 ALUMINUM,ZK932 SUPPORTO ALLUMINIO 60x40,
AY8781U-00,ZK932-SUPPORTO ALLUMINIO D16,ZK932 SHAPE SUPPORT D16 ALUMINUM,ZK932 SUPPORTO ALLUMINIO D16,
CN9695A-00,ZK932-SUPPORTO ALLUMINIO D18,ZK932 SHAPE SUPPORT D18 ALUMINUM,ZK932 SUPPORTO ALLUMINIO D18,
CY8449K-00,ZK932-SUPPORTO ALLUMINIO D20,ZK932 SHAPE SUPPORT D20 ALUMINUM,ZK932 SUPPORTO ALLUMINIO D20,
SN2829N-00,ZK932-SUPPORTO ALLUMINIO D22,ZK932 SHAPE SUPPORT D22 ALUMINUM,ZK932 SUPPORTO ALLUMINIO D22,
FG7321C-00,ZK932-SUPPORTO ALLUMINIO D25,ZK932 SHAPE SUPPORT D25 ALUMINUM,ZK932 SUPPORTO ALLUMINIO D25,
NV1789A-00,ZK932-SUPPORTO ALLUMINIO D28,ZK932 SHAPE SUPPORT D28 ALUMINUM,ZK932 SUPPORTO ALLUMINIO D28,
FN0540R-00,ZK932-SUPPORTO ALLUMINIO D30,ZK932 SHAPE SUPPORT D30 ALUMINUM,ZK932 SUPPORTO ALLUMINIO D30,
AK6944D-00,ZK932-SUPPORTO ALLUMINIO D35,ZK932 SHAPE SUPPORT D35 ALUMINUM,ZK932 SUPPORTO ALLUMINIO D35,
VG5576T-00,ZK932-SUPPORTO ALLUMINIO D60,ZK932 SHAPE SUPPORT D60 ALUMINUM,ZK932 SUPPORTO ALLUMINIO D60,
FF7502S-00,ZK932-SUPPORTO ALLUMINIO D76,ZK932 SHAPE SUPPORT D76 ALUMINUM,ZK932 SUPPORTO ALLUMINIO D76,
GZ4387D-00,ZK932-SAGOME ---------------,ZK932 SHAPES ---------------,ZK932 SAGOME ---------------,
RB8384U-00,ZK932-SET OF TEMPLATES MOLOB,ZK932 SHAPES “MOLOB”,ZK932 SET OF TEMPLATES MOLOB,
JY5823U-00,ZK932-SAGOME ELLITTICO 30X15,ZK932 SHAPES ELLIPTICAL 30x15,ZK932 SAGOME ELLITTICO 30x15,
WY1692U-00,ZK932 SAGOME ELLITTICO 40X20,ZK932 SHAPES ELLIPTICAL 40x20,ZK932 SAGOME ELLITTICO 40x20,
WV4843K-00,ZK932-SAGOME PIATT/ELLIJK 72X15,ZK932 SHAPES FLAT ELLIPTICAL 30x15,ZK932 SAGOME PIATTO ELLITTICO 30x15,
AR2215E-00,ZK932 SAGOME PIATTO OVALE 120 X 60,ZK932 SHAPES FLAT OVAL 120x60,ZK932 SAGOME PIATTO OVALE 120 x 60,
LA5356B-00,ZK932-SAGOME P-OVALE 26X16,ZK932 SHAPES FLAT OVAL 26x16,ZK932 SAGOME PIATTOVALE 26x16,
PU2630B-00,ZK932 SAGOME PIATTO OVALE 30X20,ZK932 SHAPES FLAT OVAL 30x20,ZK932 SAGOME PIATTO OVALE 30x20,
SB7642J-00,ZK932-SAGOME PIATTOVALE 40X20,ZK932 SHAPES FLAT OVAL 40x20,ZK932 SAGOME PIATTOVALE 40x20,
HG8928J-00,ZK932 FOS PIATTOVALE 40X20,ZK932 SHAPES FLAT OVAL 40x20 “FOS”,ZK932 FOS PIATTOVALE 40x20,
AC5563H-00,ZK932-SAGOME PIATTOVALE 40X25 MM,ZK932 SHAPES FLAT OVAL 40x25,ZK932 SAGOME PIATTOVALE 40x25 mm,
UC6337K-00,ZK932-SAGOME P-OVALE60X20XSPESS.1MM,ZK932 SHAPES FLAT OVAL 60x20x1,ZK932 SAGOME PIATTOVALE 60x20xSPESS.1mm,
PD5397R-00,ZK932-SAGOME PIATTOVALE 60X30 MM,ZK932 SHAPES FLAT OVAL 60x30,ZK932 SAGOME PIATTOVALE 60x30 mm,
VH0513B-00,ZK932 SAGOME PIATTO OVALE 77 X 40,ZK932 SHAPES FLAT OVAL 77x40,ZK932 SAGOME PIATTO OVALE 77 x 40,
PV3870N-00,SAGOME ZK932 120X30 OVALE,ZK932 SHAPES OVAL 120x30,SAGOME ZK932 120x30 OVALE,
HY6048P-00,SAGOME ZK932 40X20 OVALE,ZK932 SHAPES OVAL 40x20,SAGOME ZK932 40x20 OVALE,
FB4507D-00,SAGOME ZK932 50X20 OVALE,ZK932 SHAPES OVAL 50x20,SAGOME ZK932 50x20 OVALE,
YK9471P-00,ZK932 SET SAGOME OVALE 60X30,ZK932 SHAPES OVAL 60x30,ZK932 SET SAGOME OVALE 60x30,
RF5132C-00,ZK932-SAGOME 77X40 OVALE,ZK932 SHAPES OVAL 77x40,ZK932 SAGOME 77x40 OVALE,
YH4102D-00,SAGOME SETT. ZK932 OVALE 36X18 MM,ZK932 SHAPES OVAL SETTING 36x18,SAGOME SETTAGGIO ZK932 OVALE 36x18 mm,
PY8696C-00,ZK932-SAGOME TEFLON 60X30 OVALE,ZK932 SHAPES OVAL TEFLON 60x30,ZK932 SAGOME TEFLON 60x30 OVALE,
WH1152K-00,ZK932-SET DI SAGOME P.O. 30X15,ZK932 SHAPES P.O. 30x15,ZK932 SET DI SAGOME P.O. 30x15,
CB2665Z-00,ZK932-SET DI SAGOME P.O. 36X18,ZK932 SHAPES P.O. 36x18,ZK932 SET DI SAGOME P.O. 36x18,
ZU1045L-00,ZK932-SET DI SAGOME P.O. 60X30,ZK932 SHAPES P.O. 60x30,ZK932 SET DI SAGOME P.O. 60x30,
BD9527H-00,ZK932-SAGOME R30X20XTH.2.0XD33.7MM,"ZK932 SHAPES R30x20x2 - D33,7","ZK932 SAGOME R30x20xTH.2.0xD33,7mm",
YL3773T-00,ZK932 SAGOME 100X20,ZK932 SHAPES RECTANGLE 100x20,ZK932 SAGOME 100x20,
LG7847T-00,ZK932-SAGOME 100 X 40 X TH.2.0 MM,ZK932 SHAPES RECTANGLE 100x40x2,"ZK932 SAGOME 100 x 40 x TH.2,0 mm",
LZ4328Y-00,ZK932-SAGOME 100X50XTH.4MM,ZK932 SHAPES RECTANGLE 100x50x4,ZK932 ZK932 SAGOME 100x50xTH.4mm,
WU8072R-00,ZK932 TEMPLATES SET 101.6X50.8 MM. R6,"ZK932 SHAPES RECTANGLE 101,6x50,8 R6","ZK932 TEMPLATES SET 101,6x50,8 mm R6",
ED0374B-00,ZK932SAGOMA RETTANGOLO 120X40X3,ZK932 SHAPES RECTANGLE 120x40x3,ZK932 SAGOMA RETTANGOLO 120x40x3,
VD6096B-00,ZK932SET SAGOME 20X10,ZK932 SHAPES RECTANGLE 20x10,ZK932 SET SAGOME 20x10,
KR6909U-00,ZK932 FOS 20X10,ZK932 SHAPES RECTANGLE 20x10 “FOS”,ZK932 FOS 20x10,
CP5484T-00,ZK932SET SAGOME 20X15,ZK932 SHAPES RECTANGLE 20x15,ZK932 SET SAGOME 20x15,
XL0073N-00,"ZK932SAGOMA RETTANGOLO 20X15X1,5","ZK932 SHAPES RECTANGLE 20x15x1,5","ZK932 SAGOMA RETTANGOLO 20x15x1,5",
ZK3290X-00,ZK932-SAGOME 25X10 MM X TH. 1 MM,ZK932 SHAPES RECTANGLE 25x10x1,ZK932 SAGOME 25x10 mm x TH. 1 mm,
RN1542N-00,ZK932-SET SAGOME 25X15,ZK932 SHAPES RECTANGLE 25x15,ZK932 SET SAGOME 25x15,
PN0856S-00,ZK932-SAGOME 25X20X1.5 R=2.5MM,"ZK932 SHAPES RECTANGLE 25x20x1,5 R2,5","ZK932 SAGOME 25x20x1,5 R=2,5mm",
CL4036E-00,ZK932 FOS 25X25,ZK932 SHAPES RECTANGLE 25x25 “FOS”,ZK932 FOS 25x25,
JA2561J-00,ZK932 SAGOME 30X10,ZK932 SHAPES RECTANGLE 30x10,ZK932 SAGOME 30x10,
PF4209B-00,ZK932-SAGOME 30 X 10 X TH.1.5 MM,"ZK932 SHAPES RECTANGLE 30x10x1,5","ZK932 SAGOME 30 x 10 x TH.1,5 mm",
VU9092X-00,ZK932-SET SAGOME 30X15,ZK932 SHAPES RECTANGLE 30x15,ZK932 SET SAGOME 30x15,
RL4174G-00,ZK932-SAGOME 30X15 X RAGG.=3 MM,ZK932 SHAPES RECTANGLE 30x15 R3,ZK932 SAGOME 30x15 x RAGG.=3 mm,
UA2214U-00,ZK932-SAGOME 30X15 MM X TH. 1.5 MM,"ZK932 SHAPES RECTANGLE 30x15 x1,5","ZK932 SAGOME 30x15 mm x TH. 1,5 mm",
ZF2564B-00,"ZK932-SAGOME 30X15 TH.1,5 R2","ZK932 SHAPES RECTANGLE 30x15x1,5 R2","ZK932 SAGOME 30x15 TH.1,5 R2",
CV0357G-00,SAGOME ZK932 30X20,ZK932 SHAPES RECTANGLE 30x20,SAGOME ZK932 30x20,
FU0279B-00,ZK932-SAGOME 30X20MM SPESS.1.5MM,"ZK932 SHAPES RECTANGLE 30x20x1,5",,
GR0191J-00,ZK932-SAGOME RETT.35X20XSPESS.1.1MM,"ZK932 SHAPES RECTANGLE 35x20x1,1","ZK932 SAGOME RETTANGOLO 35x20xSPESS.1,1mm",
JC2100H-00,ZK932-SAGOME 40X10 X RAGG.=2.25 MM,"ZK932 SHAPES RECTANGLE 40x10 R2,25","ZK932 SAGOME 40x10 x RAGG.=2,25 mm",
LJ6717A-00,SAGOME ZK932 40X20,ZK932 SHAPES RECTANGLE 40x20,SAGOME ZK932 40x20,
SA1597W-00,SAGOME ZK932 LOSL 40X20,ZK932 SHAPES RECTANGLE 40x20 “LOSL”,SAGOME ZK932 LOSL 40x20,
RZ4236W-00,ZK932-SAGOME 40X20 TH.2 R3,ZK932 SHAPES RECTANGLE 40x20x.2 R3,ZK932 SAGOME 40x20 TH.2 R3,
JH7287B-00,ZK932-SAGOME 40 X 20 X TH.2.0 MM,ZK932 SHAPES RECTANGLE 40x20x2,"ZK932 SAGOME 40 x 20 x TH.2,0 mm",
BJ0231P-00,ZK932SET SAGOME 40X30,ZK932 SHAPES RECTANGLE 40x30,ZK932 SET SAGOME 40x30,
YU1680Y-00,ZK932-SAGOME 40X30 MM X TH1 MM,ZK932 SHAPES RECTANGLE 40x30 x1,ZK932 SAGOME 40x30 mm x TH1 mm,
FU5421R-00,ZK932-SAGOME 40X30X1.5 R=2MM,"ZK932 SHAPES RECTANGLE 40x30x1,5 R2","ZK932 SAGOME 40x30x1,5 R=2mm",
NK5105H-00,"ZK932SAGOMA RETTANGOLO 45X15X1,5","ZK932 SHAPES RECTANGLE 45x15x1,5","ZK932 SAGOMA RETTANGOLO 45x15x1,5",
WX9120K-00,ZK932-SAGOME 45X25 MM X TH. 1.5 MM,"ZK932 SHAPES RECTANGLE 45x25 x1,5","ZK932 SAGOME 45x25 mm x TH. 1,5 mm",
KV4781H-00,ZK932 SET SAGOME RETTANGOLO 50X15,ZK932 SHAPES RECTANGLE 50x15,ZK932 SET SAGOME RETTANGOLO 50x15,
KS0386X-00,ZK932-SAGOME 50X20 R3,ZK932 SHAPES RECTANGLE 50x20 R3,ZK932 SAGOME 50x20 R3,
VP5767E-00,ZK932-SAGOME 50X20X1.5 R=2MM,"ZK932 SHAPES RECTANGLE 50x20x1,5 R2",ZK932 SAGOME 50x20x1.5 R=2mm,
AM8414S-00,ZK932-SAGOME 50X20 TH.3 R4,ZK932 SHAPES RECTANGLE 50x20x3 R4,ZK932 SAGOME 50x20 TH.3 R4,
WX1000C-00,SAGOME ZK932 50X25,ZK932 SHAPES RECTANGLE 50x25,SAGOME ZK932 50x25,
AA8700Z-00,SAGOME ZK932 LOSL 50X25,ZK932 SHAPES RECTANGLE 50x25 “LOSL”,SAGOME ZK932 LOSL 50x25,
VP3654J-00,ZK932-SAGOME 50X25 X RAGG.=3 MM,ZK932 SHAPES RECTANGLE 50x25 R3,ZK932 SAGOME 50x25 x RAGG.=3 mm,
AE1066Z-00,ZK932 SAGOME PER RETT. 50 X 30 MM,ZK932 SHAPES RECTANGLE 50x30,ZK932 SAGOME PER RETT. 50 x 30 mm,
WH2370P-00,"ZK932-SAGOME 50X30 TH.1,5 R2","ZK932 SHAPES RECTANGLE 50x30x1,5 R2","ZK932 SAGOME 50x30 TH.1,5 R2",
AY8101G-00,ZK932-SAGOME 50X30MM SPESS.2MM,ZK932 SHAPES RECTANGLE 50x30x2,ZK932 SAGOME 50x30mm SPESS.2mm,
ZY9254H-00,ZK932-SAGOME R55X34XTH.1.5XD63.0MM,ZK932 SHAPES RECTANGLE 55x34x15 - D63,"ZK932 SAGOME RETTANGOLO 55x34xTH.1.5xD63,0mm",
BS7796Y-00,ZK932-SAGOME 60X15,ZK932 SHAPES RECTANGLE 60x15,ZK932 SAGOME 60x15,
JX3689M-00,ZK932 SAGOME 60X20,ZK932 SHAPES RECTANGLE 60x20,ZK932 SAGOME 60x20,
HP6473R-00,ZK932 FOS 60X20,ZK932 SHAPES RECTANGLE 60x20 “FOS”,ZK932 FOS 60x20,
FV3718K-00,ZK932-SAGOME 60X20 TH.3 R4,ZK932 SHAPES RECTANGLE 60x20x3 R4,ZK932 SAGOME 60x20 TH.3 R4,
BA8569B-00,SAGOME ZK932 60X30,ZK932 SHAPES RECTANGLE 60x30,SAGOME ZK932 60x30,
KF1473B-00,ZK932-SAGOME 60 X 30 X TH.2.0 MM,ZK932 SHAPES RECTANGLE 60x30x2,"ZK932 SAGOME 60 x 30 x TH.2,0 mm",
XV0844N-00,ZK932-SAGOME 60X40,ZK932 SHAPES RECTANGLE 60x40,ZK932 SAGOME 60x40,
FX6332X-00,ZK932-SAGOME 60X40X1.5 R=2MM,"ZK932 SHAPES RECTANGLE 60x40x1,5 R2","ZK932 SAGOME 60x40x1,5 R=2mm",
AJ9499D-00,ZK932-SAGOME 60X40 MM SPESSORE 2 MM,ZK932 SHAPES RECTANGLE 60x40x2,ZK932 SAGOME 60x40 mm SPESSORE 2 mm,
UU9002N-00,ZK932 SAGOME PER 70X16X2 MM,ZK932 SHAPES RECTANGLE 70x16x2,ZK932 SAGOME PER 70x16x2 mm,
GB8439J-00,ZK932 SAGOME PER 70X25X2 MM,ZK932 SHAPES RECTANGLE 70x25x2,ZK932 SAGOME PER 70x25x2 mm,
MH9767Y-00,ZK932 FOS 70X30,ZK932 SHAPES RECTANGLE 70x30 “FOS”,ZK932 FOS 70x30,
YJ5766X-00,ZK932-SAGOME 80X20 MM SPESSORE 2 MM,ZK932 SHAPES RECTANGLE 80x20x2,ZK932 SAGOME 80x20 mm SPESSORE 2 mm,
CS6080W-00,ZK932-SET SAGOME 80X40,ZK932 SHAPES RECTANGLE 80x40,ZK932 SET SAGOME 80x40,
GW1226H-00,ZK932-SAGOME 80X40 MM SPESSORE 2 MM,ZK932 SHAPES RECTANGLE 80x40x2,ZK932 SAGOME 80x40 mm SPESSORE 2 mm,
XF5416T-00,ZK932-SAGOME 80X40XSP.3MM,ZK932 SHAPES RECTANGLE 80x40x3,ZK932 SAGOME 80x40xTH.3mm,
NK4198C-00,ZK932-SAGOME 80X50 MM SPESSORE 2 MM,ZK932 SHAPES RECTANGLE 80x50x2,ZK932 SAGOME 80x50 mm SPESSORE 2 mm,
CN9787B-00,ZK932-SAGOME 80 X 60 X TH.3.0 MM,ZK932 SHAPES RECTANGLE 80x60x3,"ZK932 SAGOME 80 x 60 x TH.3,0 mm",
RL3530L-00,ZK932-SET SAGOME 90X30,ZK932 SHAPES RECTANGLE 90x30,ZK932 SET SAGOME 90x30,
VV8920X-00,ZK932 SAGOME SETTAGGIO RETT. 100X40,ZK932 SHAPES RECTANGLE SETTING 100x40,ZK932 SAGOME SETTAGGIO RETTANGOLO 100x40,
UH1249T-00,ZK932 SAGOME SETTAGGIO RET. 30X20,ZK932 SHAPES RECTANGLE SETTING 30x20,ZK932 SAGOME SETTAGGIO RETTANGOLO 30x20,
FW5583W-00,SAGOME SETT. ZK932 35X20 MM,ZK932 SHAPES RECTANGLE SETTING 35x20,SAGOME SETTAGGIO ZK932 35x20 mm,
PY5239A-00,ZK932-SAGOME SETTAGGIO 40X15,ZK932 SHAPES RECTANGLE SETTING 40x15,ZK932 SAGOME SETTAGGIO 40x15,
CK3878C-00,ZK932-SAGOME SETTAGGIO 40X20,ZK932 SHAPES RECTANGLE SETTING 40x20,ZK932 SAGOME SETTAGGIO 40x20,
EF4530N-00,ZK932 SAGOME SETTAGGIO RET. 40X30,ZK932 SHAPES RECTANGLE SETTING 40x30,ZK932 SAGOME SETTAGGIO RETTANGOLO 40x30,
JW9426G-00,ZK932-SAGOME SETTAGGIO 40X34,ZK932 SHAPES RECTANGLE SETTING 40x34,ZK932 SAGOME SETTAGGIO 40x34,
AG1629N-00,ZK932 SAGOME SETTAGGIO RET. 50X30,ZK932 SHAPES RECTANGLE SETTING 50x30,ZK932 SAGOME SETTAGGIO RETTANGOLO 50x30,
MP7554A-00,ZK932-SAGOME SETTAGGIO 60X30,ZK932 SHAPES RECTANGLE SETTING 60x30,ZK932 SAGOME SETTAGGIO 60x30,
MM2180B-00,ZK932 SAGOME SETTAGGIO RET. 60X40,ZK932 SHAPES RECTANGLE SETTING 60x40,ZK932 SAGOME SETTAGGIO RETTANGOLO 60x40,
EU9607E-00,ZK932 SAGOME SETTAGGIO RETT. 80X40,ZK932 SHAPES RECTANGLE SETTING 80x40,ZK932 SAGOME SETTAGGIO RETTANGOLO 80x40,
UP7750E-00,ZK932-SET SAGOME SOST. 60X40 MM,ZK932 SHAPES RECTANGLE SUPPORTER 60x40,ZK932 SET SAGOME SOSTENITORE 60x40 mm,
CK0688J-00,ZK932-SAGOME TEFLON 10X15,ZK932 SHAPES RECTANGLE TEFLON 10x15,ZK932 SAGOME TEFLON 10x15,
CN6744T-00,ZK932-SAGOME TEFLON 20X10 MM,ZK932 SHAPES RECTANGLE TEFLON 20x10,ZK932 SAGOME TEFLON 20x10 mm,
ZD4287K-00,ZK932-SAGOME TEFLON 40X20,ZK932 SHAPES RECTANGLE TEFLON 40x20,ZK932 SAGOME TEFLON 40x20,
EH5665X-00,ZK932-SAGOME TEFLON 60X40,ZK932 SHAPES RECTANGLE TEFLON 60x40,ZK932 SAGOME TEFLON 60x40,
DW1502M-00,ZK932-SET DI SAGOME DIAMETRO 14,ZK932 SHAPES ROUND D14,ZK932 SET DI SAGOME D14,
AY9354H-00,ZK932-SET DI SAGOME DIAMETRO 18,ZK932 SHAPES ROUND D18,ZK932 SET DI SAGOME D18,
EN1691N-00,ZK932-SET DI SAGOME DIAMETRO 25,ZK932 SHAPES ROUND D25,ZK932 SET DI SAGOME D25,
ZR1381N-00,ZK932-SAGOME DIAM. 25 MM SPESS.1.25,"ZK932 SHAPES ROUND D25x1,25",ZK932-SAGOME D25 mm TH1.25,
BX7629U-00,ZK932-SAG.SEMIPIATTOV.40X25XTH1.5MM,"ZK932 SHAPES SEMI-FLAT OVAL T40x25x1,5","ZK932 SAGOMA SEMIPIATTOVALE 40x25xTH1,5mm",
BA4743Y-00,SAGOME SETT. ZK932 SEMIOVALE 40X20,ZK932 SHAPES SEMI-OVAL SETTING 40x20,SAGOME SETTAGGIO ZK932 SEMIOVALE 40x20,
AT2581J-00,SET DI SAGOMEZK932,ZK932 SHAPES SET,,
EK9263J-00,SAGOME DI SETTAGGIO ZK932,ZK932 SHAPES SETTING,,
MK1785K-00,ZK932-KIT 20X20VAGOPAFIV,ZK932 SHAPES SPINDLE 20x20 “VAGOPAFIV”,ZK932 KIT 20x20VAGOPAFIV,
ZL5424K-00,ZK932-KIT 60X40VAGOPAFIV,ZK932 SHAPES SPINDLE 60x40 “VAGOPAFIV”,ZK932 KIT 60x40VAGOPAFIV,
WW7461Z-00,ZK932-KIT 60X60VAGOPAFIV,ZK932 SHAPES SPINDLE 60x60 “VAGOPAFIV”,ZK932 KIT 60x60VAGOPAFIV,
NJ5736S-00,ZK932SAGOME 100X100,ZK932 SHAPES SQUARE 100x100,ZK932 SAGOME 100x100,
ER9950X-00,ZK932-SET SAGOME 15X15,ZK932 SHAPES SQUARE 15x15,ZK932 SET SAGOME 15x15,
WZ0390W-00,ZK932-SAGOME 15X15 R2,ZK932 SHAPES SQUARE 15x15 R2,ZK932 ZK932 SAGOME 15x15 R2,
NH1296E-00,ZK932-SAGOME QUAD16X16,ZK932 SHAPES SQUARE 16x16,ZK932 SAGOME QUADRO 16x16,
YH2704T-00,ZK932-SAGOME QUAD20X20,ZK932 SHAPES SQUARE 20x20,ZK932 SAGOME QUADRO 20x20,
XG5267Y-00,ZK932-SAGOME QUAD.20X20XSPESS.1.2MM,"ZK932 SHAPES SQUARE 20x20x1,2","ZK932 SAGOME QUADRO 20x20xSPESS.1,2mm",
PZ6205K-00,ZK932-SAGOME 20X20MM SPESS.1.5MM,"ZK932 SHAPES SQUARE 20x20x1,5",,
SU3665R-00,ZK932-SAGOME PROFILO 22X22,ZK932 SHAPES SQUARE 22x22,ZK932 SAGOME PROFILO 22x22,
WY5202K-00,ZK932SAGOME 25X25,ZK932 SHAPES SQUARE 25x25,ZK932 SAGOME 25x25,
MH7481R-00,SAGOME ZK932 LOSL 25X25,ZK932 SHAPES SQUARE 25x25 “LOSL”,SAGOME ZK932 LOSL 25x25,
DG5562F-00,ZK932-SAGOME 25X25 MM X TH. 1 MM,ZK932 SHAPES SQUARE 25x25x1,ZK932 ZK932 SAGOME 25x25 mm x TH. 1 mm,
JZ3568E-00,ZK932-SAGOME 25 X 25 X TH.2.0 MM,ZK932 SHAPES SQUARE 25x25x2,"ZK932 SAGOME 25 x 25 x TH.2,0 mm",
MN1755C-00,ZK932 SAGOME 30 X 30,ZK932 SHAPES SQUARE 30x30,ZK932 SAGOME 30 x 30,
TG7405L-00,ZK932-SAGOME 30X30 X RAGGIO 3.0 MM,ZK932 SHAPES SQUARE 30x30 R3,"ZK932 SAGOME 30x30 x RAGGIO 3,0 mm",
GR5247T-00,ZK932-SAGOME 30X30 X RAGGIO 4.0 MM,ZK932 SHAPES SQUARE 30x30 R4,"ZK932 SAGOME 30x30 x RAGGIO 4,0 mm",
RZ7045Z-00,ZK932-SAGOME 30X30 MM SPESSORE 2 MM,ZK932 SHAPES SQUARE 30x30 x2,,
XT3870J-00,ZK932-SAGOME 30X30X1.5 R=4MM,"ZK932 SHAPES SQUARE 30x30x1,5 R4","ZK932 SAGOME 30x30x1,5 R=4mm",
DE9347F-00,ZK932-SAGOME QUAD30X30 X SPESS.2MM,ZK932 SHAPES SQUARE 30x30x2,ZK932 SAGOME QUADRO 30x30 x SPESS.2mm,
AN0078E-00,ZK932-SAGOME 30X30X TH2MM X R3MM,ZK932 SHAPES SQUARE 30x30x2 R3,ZK932 SAGOME 30x30x TH2mm x R3mm,
DL3307F-00,ZK932-SAGOME 35X35 X RAGGIO 3.0 MM,ZK932 SHAPES SQUARE 35x35 R3,"ZK932 SAGOME 35x35 x RAGGIO 3,0 mm",
SK5575T-00,ZK932-SAGOME 35X35X TH1MM X R1.5MM,"ZK932 SHAPES SQUARE 35x35x1 R1,5","ZK932 SAGOME 35x35x TH1mm x R1,5mm",
VX6472R-00,ZK932 SAGOME PER 35X35X1.5 MM,"ZK932 SHAPES SQUARE 35x35x1,5",ZK932 SAGOME PER 35x35x1.5 mm,
AB5616J-00,ZK932-SAGOME 35 X 35 X TH.2.0 MM,ZK932 SHAPES SQUARE 35x35x2,"ZK932 SAGOME 35 x 35 x TH.2,0 mm",
VL2184A-00,ZK932-SAGOME Q35X35XTH.2.0XD47.2MM,"ZK932 SHAPES SQUARE 35x35x2 - D47,2","ZK932 SAGOME Q35x35xTH.2.0xD47,2mm",
UH1323A-00,ZK932 TEMPLATES SET 38.1 X 38.1 MM. R5,"ZK932 SHAPES SQUARE 38,1 x 38,1 R5","ZK932 TEMPLATES SET 38,1 x 38,1 mm R5",
ER6333R-00,ZK932-SET DI SAGOME 40X40,ZK932 SHAPES SQUARE 40x40,ZK932 SET DI SAGOME 40x40,
SS2593A-00,SAGOME ZK932 LOSL 40X40,ZK932 SHAPES SQUARE 40x40 “LOSL”,SAGOME ZK932 LOSL 40x40,
RM0963L-00,ZK932-SAGOME 40X40 X RAGGIO 3.0 MM,ZK932 SHAPES SQUARE 40x40 R3,"ZK932 SAGOME 40x40 x RAGGIO 3,0 mm",
CH4994U-00,ZK932-SAGOME 40X40X TH1MM X R1.5MM,"ZK932 SHAPES SQUARE 40x40x1 R1,5","ZK932 SAGOME 40x40x TH1mm x R1,5mm",
CF4827S-00,ZK932-SAGOME 40 X 40 X TH.2.0 MM,ZK932 SHAPES SQUARE 40x40x2,"ZK932 SAGOME 40 x 40 x TH.2,0 mm",
GZ7068U-00,ZK932-SAGOME 45X45 X RAGGIO 3.0 MM,ZK932 SHAPES SQUARE 45x45 R3,"ZK932 SAGOME 45x45 x RAGGIO 3,0 mm",
ES8220H-00,ZK932-SAGOME 45X45MM SPESS.1.5MM,"ZK932 SHAPES SQUARE 45x45x1,5","ZK932 SAGOME 45x45mm SPESS.1,5mm",
JG0399D-00,ZK932-SAGOME 45X45 X SPESS.4 MM,ZK932 SHAPES SQUARE 45x45x4,ZK932 SAGOME 45x45 x SPESS.4 mm,
HL5478T-00,ZK932 TEMPLATES SET 50.8 X 50.8 MM. R6,"ZK932 SHAPES SQUARE 50,8 x 50,8 R6","ZK932 TEMPLATES SET 50,8 x 50,8 mm R6",
XC2928V-00,ZK932-SET DI SAGOME 50X50,ZK932 SHAPES SQUARE 50x50,ZK932 SET DI SAGOME 50x50,
FP0610D-00,ZK932-SAGOME 50X50 R3,ZK932 SHAPES SQUARE 50x50 R3,ZK932 SAGOME 50x50 R3,
MN3864R-00,ZK932-SAGOME Q50X50XTH.2.0XD68.4MM,"ZK932 SHAPES SQUARE 50x50x2 - D68,4","ZK932 SAGOME Q50x50xTH.2.0xD68,4mm",
HY2454F-00,ZK932-SAGOME 50X50MM SPESS.3MM,ZK932 SHAPES SQUARE 50x50x3,ZK932 SAGOME 50x50mm SPESS.3mm,
XK5562L-00,ZK932-SAGOME 60X60MM SPESS.2.0MM,ZK932 SHAPES SQUARE 60x60x2,"ZK932 SAGOME 60x60mm SPESS.2,0mm",
KH3933V-00,ZK932SAGOME 70X70,ZK932 SHAPES SQUARE 70x70,ZK932 SAGOME 70x70,
TW3041N-00,ZK932-SET DI SAGOME 80X80,ZK932 SHAPES SQUARE 80x80,ZK932 SET DI SAGOME 80x80,
NU4940N-00,ZK932-SAGOME 80 X 80 X TH.3.0 MM,ZK932 SHAPES SQUARE 80x80x3,"ZK932 SAGOME 80 x 80 x TH.3,0 mm",
ZY7775P-00,SAGOME SETT. ZK932 20X20 MM,ZK932 SHAPES SQUARE SETTING 20x20,SAGOME SETTAGGIO ZK932 20x20 mm,
MF6605L-00,ZK932-SAGOME SETTAGGIO 30X30,ZK932 SHAPES SQUARE SETTING 30x30,ZK932 SAGOME SETTAGGIO 30x30,
JM9694W-00,ZK932 SAGOME SET. QUADR 31.75X31.75,"ZK932 SHAPES SQUARE SETTING 31,75x31,75","ZK932 SAGOME SETTAGGIO QUADRO 31,75x31,75",
AB4345N-00,ZK932 SAGOME SETTAGGIO QUADRO 40X40,ZK932 SHAPES SQUARE SETTING 40x40,ZK932 SAGOME SETTAGGIO QUADRO 40x40,
BD9197F-00,ZK932-SAGOME SETTAGGIO 50X50,ZK932 SHAPES SQUARE SETTING 50x50,ZK932 SAGOME SETTAGGIO 50x50,
TA1742S-00,ZK932 SAGOME SETTAGGIO QUADRO 60X60,ZK932 SHAPES SQUARE SETTING 60x60,ZK932 SAGOME SETTAGGIO QUADRO 60x60,
JR0359M-00,ZK932-SET SAGOME SOST. 30X30 MM,ZK932 SHAPES SQUARE SUPPORTER 30x30,ZK932 SET SAGOME SOSTENITORE 30x30 mm,
SJ0940A-00,ZK932-SET SAGOME SOST. 40X40 MM,ZK932 SHAPES SQUARE SUPPORTER 40x40,ZK932 SET SAGOME SOSTENITORE 40x40 mm,
TR9316V-00,ZK932-SET SAGOME SOST. 45X45 MM,ZK932 SHAPES SQUARE SUPPORTER 45x45,ZK932 SET SAGOME SOSTENITORE 45x45 mm,
YY5898S-00,ZK932-SET SAGOME SOST. 50X50 MM,ZK932 SHAPES SQUARE SUPPORTER 50x50,ZK932 SET SAGOME SOSTENITORE 50x50 mm,
FX4912J-00,ZK932-SET SAGOME SOST. 60X60 MM,ZK932 SHAPES SQUARE SUPPORTER 60x60,ZK932 SET SAGOME SOSTENITORE 60x60 mm,
NN4000Y-00,ZK932-SET SAGOME SOST. 80X80 MM,ZK932 SHAPES SQUARE SUPPORTER 80x80,ZK932 SET SAGOME SOSTENITORE 80x80 mm,
NK2184F-00,ZK932-SAGOME TEFLON 10X10,ZK932 SHAPES SQUARE TEFLON 10x10,ZK932 SAGOME TEFLON 10x10,
AH1494W-00,ZK932-SAGOME TEFLON 18X18,ZK932 SHAPES SQUARE TEFLON 18x18,ZK932 SAGOME TEFLON 18x18,
UF1277H-00,ZK932-SAGOME TEFLON 20X20,ZK932 SHAPES SQUARE TEFLON 20x20,ZK932 SAGOME TEFLON 20x20,
KY4156A-00,ZK932-SAGOME TEFLON 25X25 MM,ZK932 SHAPES SQUARE TEFLON 25x25,ZK932 SAGOME TEFLON 25x25 mm,
DB1260D-00,ZK932-SAGOME TEFLON 35X35,ZK932 SHAPES SQUARE TEFLON 35x35,ZK932 SAGOME TEFLON 35x35,
RU7154V-00,ZK932-SAGOME TEFLON 40X40 MM,ZK932 SHAPES SQUARE TEFLON 40x40,ZK932 SAGOME TEFLON 40x40 mm,
MR9815P-00,ZK932-SAGOME TEFLON 60X60,ZK932 SHAPES SQUARE TEFLON 60x60,ZK932 SAGOME TEFLON 60x60,
DD5468T-00,ZK932 SAGOME 12X12,ZK932 SHAPES SQUARE12x12,ZK932 SAGOME 12x12,
SZ5443R-00,ZK932 SAGOME NON LAVORATE,ZK932 SHAPES UNWORKED,,
LX6934U-00,ZK932-GRIFFE MANDR. ELL. RAP3405/06,ZK932 SPINDLE JAWS ELLIPTICAL,ZK932 GRIFFE MANDRINO ELL. RAP3405/06,
RC5039S-00,ZK932 KIT TRASPORTO - INSTALLAZIONE,ZK932 TRANSPORT-INSTALLATION KIT,,
SV6727T-00,ZK96ATTR. PER ANGOLARI 30X30,ZK96 ATTREZZATURE ANGLE 30x30,ZK96 ATTREZZATURE PER ANGOLARI 30x30,
BJ7660P-00,ZK96ATTR. PER ANGOLARI 40X40,ZK96 ATTREZZATURE ANGLE 40x40,ZK96 ATTREZZATURE PER ANGOLARI 40x40,
EC3133Z-00,ZK96 CIK -NASELLI PER ANG.130X65X10,ZK96 NOSE PIECE ANGULAR 130x65x10 “CIK”,ZK96 CIK - NASELLI PER ANGOLARI 130x65x10,
JW7052J-00,ZK96 NASELLI PER ANG. 60X60,ZK96 NOSE PIECE ANGULAR 60x60,ZK96 NASELLI PER ANGOLARI 60x60,
LV0567H-00,ZK96NASELLI PER ANG. FUORI THEC,ZK96 NOSE PIECE ANGULAR SPECIAL,ZK96 NASELLI PER ANGOLARI FUORI THEC,
DU8537U-00,ZK96-GANASCE PRISMATICHE 25-36MM,ZK96 PRISMATIC JAWS 25-36,ZK96 GANASCE PRISMATICHE 25-36mm,
RC4026G-00,ZK96-GANASCE PRISMATICHE 35-76MM,ZK96 PRISMATIC JAWS 35-76,ZK96 GANASCE PRISMATICHE 35-76mm,
VX5364P-00,ZK96-PINZE TH.CARRO DI CODA 25-76MM,ZK96 SPECIAL CLAMP 25-76 - TAIL CARRIAGE,ZK96 PINZE SPECIALI CARRO DI CODA 25-76mm,
MP4719W-00,ZK96 UTENSILE PER FILETTO M16,ZK96 TOOLS THREADING M16,,
MU5874D-00,ZK96XL MODX LAVORAZIONE PIATTI,ZK96XL MODX PLATE PROCESSING,,
PH7919C-00,ZK96XLNASELLI 100X50,ZK96XL NOSE PIECE100x50,ZK96XL NASELLI 100x50,
HB9105A-00,ZK32PINZE CARRO PER IPE 500,ZK32 CARRIAGE CLAMPS IPE 500,ZK32 PINZE CARRO PER IPE 500,
XF4235B-00,ZK32 SPECIAL TOOLS FOR ANG3 X 3,ZK32 SPECIAL TOOLS ANGULAR 3x3,,
KZU68189-00,ZK36AMMORT. SINGOLARIZ. CARICO 15M,ZK36 DAMPER LOADING SINGLING L=15m,ZK36 AMMORT. SINGOLARIZ. CARICO 15m,
VT2095C-00,ZK36 EQUIP. RIF. LAL.POSUKISUBU,ZK36 EQUIPMENT REF. “LAL.POSUKISUBU”,,
XL0653N-00,ZK8-DOT.ELLITTICO 25X18X1.5MM V8233,"ZK8 EQUIPMENT ELLIPTICAL 25x18x1,5","ZK8 -DOT.ELLITTICO 25x18x1,5mm V8233",
ZM8093D-00,ZK8ATTR. ELLITT. 35X20 MM V6783,ZK8 EQUIPMENT ELLIPTICAL 35x20,ZK8 ATTREZZATURA ELLITTICA 35x20 mm V6783,
LW6944W-00,ZK8-ATTREZZ. ELLITT. 40X20 V6575,ZK8 EQUIPMENT ELLIPTICAQJ 62x20,ZK8 - ATTREZZATURE ELLITTICHE 40x20 V6575,
KW0444X-00,ZK8NABICI PIATTOVALE 38X20X1.5,"ZK8 FLAT OVAL 38x20x1,5 “NABICI”",ZK8 NABICI PIATTOVALE 38x20x1.5,
XB9500J-00,ZK8SET OF JAWS 20X20,ZK8 JAWS 20x20,ZK8 SET OF JAWS 20x20,
ZH5054W-00,ZK8SET OF JAWS 30X15,ZK8 JAWS 30x15,ZK8 SET OF JAWS 30x15,
KD4531W-00,ZK8SET OF JAWS 40X10,ZK8 JAWS 40x10,ZK8 SET OF JAWS 40x10,
YS7796A-00,ZK8 SUPP. MATERIALE 30X30 R 2.5,"ZK8 MATERIAL SUPPOBQ 72x30 R2,5","ZK8 SUPPORTO MATERIALE 30x30 R 2,5",
LR9823K-00,ZK8 SUPP. MATERIALE 30X40 S.P.OVALE,ZK8 MATERIAL SUPPOBQ 72x40 SEMI-FLAT,ZK8 SUPPORTO MATERIALE 30x40 S.P.OVALE,
TE4068R-00,ZK8 SUPP. MATERIALE 40X40 R 2.5,"ZK8 MATERIAL SUPPOBQ 62x40 R2,5","ZK8 SUPPORTO MATERIALE 40x40 R 2,5",
GT4317A-00,ZK8 SUPP. MATERIALE 50X50 R 2.5,"ZK8 MATERIAL SUPPOBQ 82x50 R2,5","ZK8 SUPPORTO MATERIALE 50x50 R 2,5",
YP6249D-00,ZK8 SUPP. MATERIALE 60X10 P.OVALE,ZK8 MATERIAL SUPPOBQ 42x10 FLAT OVAL,ZK8 SUPPORTO MATERIALE 60x10 P.OVALE,
EH4045Z-00,ZK8-4 SET GRIFFE AVVOLGENTI V6430,ZK8 N°6 STEADY REST WRAP-AROUND JAWS,,
YF8517T-00,ZK8CAZOCIFAT RETTANGOLO 50X25,ZK8 RECTANGLE 50x25 “CAZOCIFAT”,ZK8 CAZOCIFAT RETTANGOLO 50x25,
BD3196H-00,ZK8CAZOCIFAT RETTANGOLO 60X30,ZK8 RECTANGLE 60x30 “CAZOCIFAT”,ZK8 CAZOCIFAT RETTANGOLO 60x30,
EP2721V-00,ZK8CAZOCIFAT RETTANGOLO 70X50,ZK8 RECTANGLE 70x50 “CAZOCIFAT”,ZK8 CAZOCIFAT RETTANGOLO 70x50,
LA0651J-00,ZK8CAZOCIFAT RETTANGOLO 80X50,ZK8 RECTANGLE 80x50 “CAZOCIFAT”,ZK8 CAZOCIFAT RETTANGOLO 80x50,
MG4040G-00,ZK8 SECTION CENO,ZK8 SECTION “CENO”,,
UZ3941D-00,"ZK8 SECTION LACL 20X10X1,5","ZK8 SECTION 20x10x1,5 “LACL”","ZK8 SECTION LACL 20x10x1,5",
KM5961K-00,ZK8 SECTION FABIB SEDER 20X20,ZK8 SECTION 20x20 “FABIB SEDER”,ZK8 SECTION FABIB SEDER 20x20,
BW3259E-00,"ZK8 SECTION LACL 20X20X2,0",ZK8 SECTION 20x20x2 “LACL”,"ZK8 SECTION LACL 20x20x2,0",
GJ4817V-00,ZK8 SECTION FABIB SEDER 30X15,ZK8 SECTION 30x15 “FABIB SEDER”,ZK8 SECTION FABIB SEDER 30x15,
DC8557Z-00,"ZK8 SECTION LACL 30X20X2,0",ZK8 SECTION 30x20x2 “LACL”,"ZK8 SECTION LACL 30x20x2,0",
XX0053V-00,ZK8 SECTION FABIB SEDER 30X30,ZK8 SECTION 30x30 “FABIB SEDER”,ZK8 SECTION FABIB SEDER 30x30,
GY2526M-00,"ZK8 SECTION LACL 30X30X1,5","ZK8 SECTION 30x30x1,5 “LACL”","ZK8 SECTION LACL 30x30x1,5",
BK3978F-00,"ZK8 SECTION LACL 40X20X2,0",ZK8 SECTION 40x20x2 “LACL”,"ZK8 SECTION LACL 40x20x2,0",
UW8388H-00,ZK8 SAGOMA DOREL,ZK8 SHAPE “DOREL”,,
XT6235R-00,ZK8SAGOMA FUTULT,ZK8 SHAPE “FUTULT”,ZK8 SAGOMA FUTULT,
XE3313A-00,ZK8 FIDIS - SAGOMA,ZK8 SHAPE “FIDIS”,,
GW5122M-00,ZK8 SAGOMA MEBAM TUBI,ZK8 SHAPE “MEBAM TUBI”,,
FN7092S-00,ZK8-GONACOCIS INDUSTRIES TEMPLATE,ZK8 SHAPE “GONACOCIS INDUSTRIES”,,
NV0063L-00,FIDIS - SAGOMA ZK8 PIATTOVALE 30X15,ZK8 SHAPE FLAT OVAL 30x15 “FIDIS”,FIDIS - SAGOMA ZK8 PIATTOVALE 30x15,
NA1653A-00,"ZK8SAGOMA PIATTO OVALE 30X15X1,5","ZK8 SHAPE FLAT OVAL 30x15x1,5","ZK8 SAGOMA PIATTO OVALE 30x15x1,5",
WW9664V-00,"ZK8 SAGOMA OVALE 38X20X1,5 MM","ZK8 SHAPE OVAL 38x20x1,5","ZK8 SAGOMA OVALE 38x20x1,5 mm",
TJ4462V-00,"ZK8 SAGOMA OVALE 40X20X1,5","ZK8 SHAPE OVAL 40x20x1,5","ZK8 SAGOMA OVALE 40x20x1,5",
FC6486B-00,ZK8 SAGOMA R10.4,"ZK8 SHAPE R10,4","ZK8 SAGOMA R10,4",
RE4634M-00,ZK8 SAGOMA R15.8,"ZK8 SHAPE R15,8","ZK8 SAGOMA R15,8",
FL9943D-00,ZK8 SAGOMA R18.1,"ZK8 SHAPE R18,1","ZK8 SAGOMA R18,1",
KA1095N-00,ZK8 SAGOMA R21.4,"ZK8 SHAPE R21,4","ZK8 SAGOMA R21,4",
XJ7569C-00,ZK8 SAGOMA R26.9,"ZK8 SHAPE R26,9","ZK8 SAGOMA R26,9",
ZH1787S-00,ZK8 SAGOMA R31,ZK8 SHAPE R31,,
FP7868G-00,ZK8 SAGOMA R34.3,"ZK8 SHAPE R34,3","ZK8 SAGOMA R34,3",
SK6381K-00,GIVAPIDU-ZK8 SAGOMA 101.6X50.8 R6,"ZK8 SHAPE RECT. 101,6x50,8 R6 “GIVAPIDU”","GIVAPIDU-ZK8 SAGOMA 101,6x50,8 R6",
KS0914F-00,"ZK8 SAGOMA LADAL (BUL) 20X10X1,5 R2","ZK8 SHAPE RECT. 20x10x1,5 R2 “LADAL (BUL)","ZK8 SAGOMA LADAL (BUL) 20x10x1,5 R2",
TV6725A-00,"ZK8-NABICI SAGOMA 23X15,5X1,5 R2,5","ZK8 SHAPE RECT. 23x15,5x1,5 R2,5 “NABICI","ZK8 - NABICI SAGOMA 23x15,5x1,5 R2,5",
FG4274M-00,GIVAPIDU-ZK8 SAGOMA 25.4X25.4 R3,"ZK8 SHAPE RECT. 25,4x25,4 R3 “GIVAPIDU”","GIVAPIDU-ZK8 SAGOMA 25,4x25,4 R3",
AD5624W-00,"ZK8-SAGOMA LULOKOCIVA 30X15X1,5","ZK8 SHAPE RECT. 30x15x1,5 “LULOKOCIVA”","ZK8-SAGOMA LULOKOCIVA 30x15x1,5",
AH8196F-00,GIVAPIDU-ZK8 SAGOMA 31.75X31.75 R3,"ZK8 SHAPE RECT. 31,75x31,75 R3 “GIVAPIDU","GIVAPIDU-ZK8 SAGOMA 31,75x31,75 R3",
XZ1715M-00,GIVAPIDU-ZK8 SAGOMA 38.1X38.1 R5,"ZK8 SHAPE RECT. 38,1x38,1 R5 “GIVAPIDU”","GIVAPIDU-ZK8 SAGOMA 38,1x38,1 R5",
YX0104Z-00,"ZK8-SAGOMA LULOKOCIVA 40X20X1,5","ZK8 SHAPE RECT. 40x20x1,5 “LULOKOCIVA”","ZK8-SAGOMA LULOKOCIVA 40x20x1,5",
AM6169M-00,GIVAPIDU-ZK8 SAGOMA 50.8X50.8 R3,"ZK8 SHAPE RECT. 50,8x50,8 R3 “GIVAPIDU”","GIVAPIDU-ZK8 SAGOMA 50,8x50,8 R3",
SV4963H-00,ZK8 SAGOMA LADAL (BUL) 60X30X2 R3,ZK8 SHAPE RECT. 60x30x2 R3 “LADAL (BUL)”,ZK8 SAGOMA LADAL (BUL) 60x30x2 R3,
KZ8664F-00,ZK8 GEROPOTEZE SAGOMA 100X50X3,ZK8 SHAPE RECTAN. 100x50x3 “GEROPOTEZE,ZK8 GEROPOTEZE SAGOMA 100x50x3,
BR7229E-00,ZK8NUMEMUKI SAGOMA 100X50X4 R=6,ZK8 SHAPE RECTAN. 100x50x4 R6 “NUMEMUKI”,ZK8 NUMEMUKI SAGOMA 100x50x4 R=6,
PA4657H-00,"ZK8 COBL SUZOT SAGOMA 30X15X1,5","ZK8 SHAPE RECTAN. 30x15x1,5 “COBL SUZOT”","ZK8 COBL SUZOT SAGOMA 30x15x1,5",
MG3964J-00,"ZK8NABICI SAGOMA 30X15X1,5 R 2.5","ZK8 SHAPE RECTAN. 30x15x1,5 R2,5 “NABICI","ZK8 NABICI SAGOMA 30x15x1,5 R 2.5",
FB9239F-00,"ZK8 COBL SUZOT SAGOMA 40X20X1,5","ZK8 SHAPE RECTAN. 40x20x1,5 “COBL SUZOT”","ZK8 COBL SUZOT SAGOMA 40x20x1,5",
TZ9688M-00,ZK8 GEROPOTEZE SAGOMA 50X15X2,ZK8 SHAPE RECTAN. 50x15x2 “GEROPOTEZE”,ZK8 GEROPOTEZE SAGOMA 50x15x2,
SB3001U-00,"ZK8 COBL SUZOT SAGOMA 50X30X1,5","ZK8 SHAPE RECTAN. 50x30x1,5 “COBL SUZOT”","ZK8 COBL SUZOT SAGOMA 50x30x1,5",
GL9922H-00,ZK8 GEROPOTEZE SAGOMA 60X40X4,ZK8 SHAPE RECTAN. 60x40x4 “GEROPOTEZE”,ZK8 GEROPOTEZE SAGOMA 60x40x4,
RV3355M-00,ZK8NUMEMUKI SAGOMA 80X40X4 R=6,ZK8 SHAPE RECTAN. 80x40x4 R6 “NUMEMUKI”,ZK8 NUMEMUKI SAGOMA 80x40x4 R=6,
RD0938P-00,"ZK8 CEMIT SAGOMA 15X15X1,5","ZK8 SHAPE RECTANGLE 15x15x1,5 “CEMIT”","ZK8 CEMIT SAGOMA 15x15x1,5",
TD3932T-00,ZK8SAGOMA RETT. 20X10X2 R2,ZK8 SHAPE RECTANGLE 20x10x2 R2,ZK8 SAGOMA RETTANGOLO 20x10x2 R2,
UV3111V-00,"ZK8 SAGOMA RETTANGOLO 20X20X1,5 R2","ZK8 SHAPE RECTANGLE 20x20x1,5 R2","ZK8 SAGOMA RETTANGOLO 20x20x1,5 R2",
WV5490X-00,ZK8 CEMIT SAGOMA 22X22X2 RAGGIO 6,ZK8 SHAPE RECTANGLE 22x22x2 R6 “CEMIT”,ZK8 CEMIT SAGOMA 22x22x2 RAGGIO 6,
JX2078T-00,"SEPU - ZK8 SAGOMA 23X15,5X1,5 R2","ZK8 SHAPE RECTANGLE 23x15,5x1,5 R2 “SEPU","SEPU - ZK8 SAGOMA 23x15,5x1,5 R2",
VF3123U-00,ZK8 SAGOMA RETTANGOLARE 25X10 R1.5,"ZK8 SHAPE RECTANGLE 25x10 R1,5","ZK8 SAGOMA RETTANGOLARE 25x10 R1,5",
VP0882L-00,ZK8TEMPLATES 25X10 R2.5 MM,"ZK8 SHAPE RECTANGLE 25x10 R2,5","ZK8 TEMPLATES 25x10 R2,5 mm",
GZ1475A-00,"ZK8 SAGOMA MART 25X10X1,5","ZK8 SHAPE RECTANGLE 25x10x1,5 “MART”","ZK8 SAGOMA MART 25x10x1,5",
NF2260G-00,"SEPU - ZK8 SAGOMA 25X20X1,2 R2","ZK8 SHAPE RECTANGLE 25x20x1,2 R2 “SEPU”","SEPU - ZK8 SAGOMA 25x20x1,2 R2",
EE8931D-00,"ZK8SAGOMA RETT. 25X20X2 R2,5","ZK8 SHAPE RECTANGLE 25x20x2 R2,5","ZK8 SAGOMA RETTANGOLO 25x20x2 R2,5",
BZ3883D-00,ZK8SAGOMA 27.2X27.2X1.2 R=2,"ZK8 SHAPE RECTANGLE 27,2x27,2x1,2 R2","ZK8SAGOMA 27,2x27,2x1,2 R=2",
KK7894J-00,ZK8TEMPLATES 30X10 R3 MM,ZK8 SHAPE RECTANGLE 30x10 R3,ZK8 TEMPLATES 30x10 R3 mm,
MX9688M-00,ZK8 FIDIS - SAGOMA 30X15 R2,ZK8 SHAPE RECTANGLE 30x15 R2 “FIDIS”,ZK8 FIDIS - SAGOMA 30x15 R2,
MM5880A-00,"SEPU - ZK8 SAGOMA 30X15X1 R1,5","ZK8 SHAPE RECTANGLE 30x15x1 R1,5 “SEPU”","SEPU - ZK8 SAGOMA 30x15x1 R1,5",
VX6933R-00,"ZK8KASEVL SAGOME 30X15X1,2 R2","ZK8 SHAPE RECTANGLE 30x15x1,2 R2","ZK8 KASEVL SAGOME 30x15x1,2 R2",
RZ4986L-00,"ZK8SAGOMA RETTANGOLO 30X15X1,5","ZK8 SHAPE RECTANGLE 30x15x1,5","ZK8 SAGOMA RETTANGOLO 30x15x1,5",
CG8020Z-00,ZK8 SAGOMA RETTANGOLO 30X15X2 MM,ZK8 SHAPE RECTANGLE 30x15x2,ZK8 SAGOMA RETTANGOLO 30x15x2 mm,
PW1121P-00,"ZK8 SAGOMA KECOSN 30X20X1,2","ZK8 SHAPE RECTANGLE 30x20x1,2 “KECOSN”","ZK8 SAGOMA KECOSN 30x20x1,2",
ML6277T-00,"ZK8ARC GRUP SAGOMA 30X20X1,5","ZK8 SHAPE RECTANGLE 30x20x1,5 “VUD GIZI”","ZK8 VUD GIZI SAGOMA 30x20x1,5",
XB1054A-00,"ZK8 CEMIT SAGOMA 30X20X1,5","ZK8 SHAPE RECTANGLE 30x20x1,5 “CEMIT”","ZK8 CEMIT SAGOMA 30x20x1,5",
DP8122C-00,ZK8SAGOMA RETTANGOLO 30X20X2,ZK8 SHAPE RECTANGLE 30x20x2,ZK8 SAGOMA RETTANGOLO 30x20x2,
MC3883L-00,ZK8SAGOMA 35.2X27.2X1.2 R=2,"ZK8 SHAPE RECTANGLE 35,2x27,2x1,2 R2","ZK8SAGOMA 35,2x27,2x1,2 R=2",
HV0620A-00,ZK8TEMPLATES 40X10 R2.75 MM,"ZK8 SHAPE RECTANGLE 40x10 R2,75","ZK8 TEMPLATES 40x10 R2,75 mm",
JR5048L-00,"ZK8ARC GRUP SAGOMA 40X10X1,5","ZK8 SHAPE RECTANGLE 40x10x1,5 “VUD GIZI”","ZK8 VUD GIZI SAGOMA 40x10x1,5",
GD8497C-00,"ZK8 SAGOMA RETTANGOLO 40X10X1,5 R2","ZK8 SHAPE RECTANGLE 40x10x1,5 R2","ZK8 SAGOMA RETTANGOLO 40x10x1,5 R2",
KN9343Y-00,"ZK8 SAGOMA RETTANGOLO 40X15X1,5 MM","ZK8 SHAPE RECTANGLE 40x15x1,5","ZK8 SAGOMA RETTANGOLO 40x15x1,5 mm",
TH6350Y-00,ZK8 SAGOMA MART 40X15X2,ZK8 SHAPE RECTANGLE 40x15x2 “MART”,ZK8 SAGOMA MART 40x15x2,
ZB1754H-00,ZK8NABICI SAGOMA 40X15X2 R 3,ZK8 SHAPE RECTANGLE 40x15x2 R3 “NABICI”,ZK8 NABICI SAGOMA 40x15x2 R 3,
EP1394V-00,ZK8 SAGOMA RETTANGOLO 40 X 20 MM,ZK8 SHAPE RECTANGLE 40x20,ZK8 SAGOMA RETTANGOLO 40 x 20 mm,
UY3257M-00,"ZK8 SAGOMA KECOSN 40X20X1,2","ZK8 SHAPE RECTANGLE 40x20x1,2 “KECOSN”","ZK8 SAGOMA KECOSN 40x20x1,2",
KT4077G-00,FIDIS - SAGOMA ZK8 40X25 R.3,ZK8 SHAPE RECTANGLE 40x25 R3 “FIDIS”,FIDIS - SAGOMA ZK8 40x25 R.3,
XN9121N-00,ZK8 FIDIS - SAGOMA 40X30 R2,ZK8 SHAPE RECTANGLE 40x30 R2 “FIDIS”,ZK8 FIDIS - SAGOMA 40x30 R2,
ME9400N-00,ZK8SAGOMA 45X24.4X1.2 R=2,"ZK8 SHAPE RECTANGLE 45x24,4x1,2 R2","ZK8SAGOMA 45x24,4x1,2 R=2",
KA8578T-00,ZK8 SAGOMA RETTANGOLARE 50X20 R1.5,"ZK8 SHAPE RECTANGLE 50x20 R1,5","ZK8 SAGOMA RETTANGOLARE 50x20 R1,5",
SM8317X-00,ZK8 SAGOMA RETTANGOLO 50 X 25 MM,ZK8 SHAPE RECTANGLE 50x25,ZK8 SAGOMA RETTANGOLO 50 x 25 mm,
BF3096M-00,ZK8SAGOMA 55X24.4X1.2 R=2,"ZK8 SHAPE RECTANGLE 55x24,4x1,2 R2","ZK8SAGOMA 55x24,4x1,2 R=2",
CB2678V-00,ZK8 SAGOMA MART 60X15X2,ZK8 SHAPE RECTANGLE 60x15x2 “MART”,ZK8 SAGOMA MART 60x15x2,
YT9491T-00,ZK8 SAGOMA RETTANGOLARE 60X30 R2,ZK8 SHAPE RECTANGLE 60x30 R2,ZK8 SAGOMA RETTANGOLARE 60x30 R2,
TW0056N-00,ZK8 COBL SUZOT SAGOMA 60X30X2,ZK8 SHAPE RECTANGLE 60x30x2 “COBL SUZOT”,ZK8 COBL SUZOT SAGOMA 60x30x2,
SW8740B-00,ZK8 SAGOMA MART 60X30X2,ZK8 SHAPE RECTANGLE 60x30x2 “MART”,ZK8 SAGOMA MART 60x30x2,
XG2404E-00,ZK8 SAGOMA RETTANGOLO 60 X 40 MM,ZK8 SHAPE RECTANGLE 60x40,ZK8 SAGOMA RETTANGOLO 60 x 40 mm,
PC0392F-00,ZK8 SAGOMA RETTANGOLO 60X40X2 MM,ZK8 SHAPE RECTANGLE 60x40x2,ZK8 SAGOMA RETTANGOLO 60x40x2 mm,
ZX2327W-00,ZK8 SAGOMA KECOSN 60X40X2,ZK8 SHAPE RECTANGLE 60x40x2 “KECOSN”,ZK8 SAGOMA KECOSN 60x40x2,
DH6408J-00,ZK8 COBL SUZOT SAGOMA 70X30X2,ZK8 SHAPE RECTANGLE 70x30x2 “COBL SUZOT”,ZK8 COBL SUZOT SAGOMA 70x30x2,
VR1273U-00,"ZK8 SAGOMA RETT. 73,5X73,5X1,9 MM","ZK8 SHAPE RECTANGLE 73,5x73,5x1,9","ZK8 SAGOMA RETT, 73,5x73,5x1,9 mm",
SS5010W-00,FIDIS - SAGOMA ZK8 80X40 R.4,ZK8 SHAPE RECTANGLE 80x40 R4 “FIDIS”,FIDIS - SAGOMA ZK8 80x40 R.4,
KH2057A-00,ZK8 SAGOMA RETTANGOLO 80X40X2 MM,ZK8 SHAPE RECTANGLE 80x40x2,ZK8 SAGOMA RETTANGOLO 80x40x2 mm,
VV2545F-00,ZK8-SAGOME TEFLON RETT. 30X20 MM,ZK8 SHAPE RECTANGLE TEFLON 30x20,ZK8 - SAGOME TEFLON RETTANGOLO 30x20 mm,
UM3075D-00,ZK8-SAGOME TEFLON RETT. 50X25 MM,ZK8 SHAPE RECTANGLE TEFLON 50x25,ZK8 - SAGOME TEFLON RETTANGOLO 50x25 mm,
SX2298J-00,ZK8-SAGOME TEFLON RETT. 70X25 MM,ZK8 SHAPE RECTANGLE TEFLON 70x25,ZK8 - SAGOME TEFLON RETTANGOLO 70x25 mm,
CG4978J-00,ZK8 SAGOME30X40,ZK8 SHAPE RECTANGLES 30x40,ZK8 SAGOME30x40,
NN9849W-00,ZK8 SAGOME30X50,ZK8 SHAPE RECTANGLES 30x50,ZK8 SAGOME30x50,
YG4243L-00,ZK8 SAGOME30X70,ZK8 SHAPE RECTANGLES 30x70,ZK8 SAGOME30x70,
MN7526M-00,ZK8GREZZO PER SAGOMA V.6224,ZK8 SHAPE ROUGH,ZK8 GREZZO PER SAGOMA V.6224,
GD5768V-00,ZK8TEMPLATES 15X15 R2.5 MM,"ZK8 SHAPE SQUARE 15x15 R2,5","ZK8 TEMPLATES 15x15 R2,5 mm",
JB5197V-00,"ZK8SAGOMA QUADRO 15X15X1,5","ZK8 SHAPE SQUARE 15x15x1,5","ZK8 SAGOMA QUADRO 15x15x1,5",
BE7158U-00,ZK8 SAGOMA QUADRO 20 X 20 MM,ZK8 SHAPE SQUARE 20x20,ZK8 SAGOMA QUADRO 20 x 20 mm,
SU3867K-00,ZK8TEMPLATES 20X20 R3 MM,ZK8 SHAPE SQUARE 20x20 R3,ZK8 TEMPLATES 20x20 R3 mm,
XP9926D-00,ZK8SAGOMA QUADRO 20X20X1,ZK8 SHAPE SQUARE 20x20x1,ZK8 SAGOMA QUADRO 20x20x1,
VN9584D-00,ZK8COBL ROCOL SAGOMA 20X20X1,ZK8 SHAPE SQUARE 20x20x1 “COBL ROCOL”,ZK8 COBL ROCOL SAGOMA 20x20x1,
PK8366X-00,"ZK8SAGOMA QUADRO 20X20X1,5","ZK8 SHAPE SQUARE 20x20x1,5","ZK8 SAGOMA QUADRO 20x20x1,5",
FY0671L-00,"ZK8ARC GRUP SAGOMA 20X20X1,5","ZK8 SHAPE SQUARE 20x20x1,5 “VUD GIZI”","ZK8 VUD GIZI SAGOMA 20x20x1,5",
NJ9283R-00,"ZK8-SAGOMA LULOKOCIVA 20X20X1,5","ZK8 SHAPE SQUARE 20x20x1,5 “LULOKOCIVA","ZK8-SAGOMA LULOKOCIVA 20x20x1,5",
ZB2907L-00,"ZK8 CEMIT SAGOMA 20X20X1,5","ZK8 SHAPE SQUARE 20x20x1,5 “CEMIT”","ZK8 CEMIT SAGOMA 20x20x1,5",
AX9741A-00,"ZK8 SAGOMA LADAL (BUL) 20X20X1,5 R2","ZK8 SHAPE SQUARE 20x20x1,5 R2 “LADAL(BUL)","ZK8 SAGOMA LADAL (BUL) 20x20x1,5 R2",
KE1360B-00,"ZK8 SAGOMA KECOSN 25X25X1,2","ZK8 SHAPE SQUARE 25x25x1,2 “KECOSN","ZK8 SAGOMA KECOSN 25x25x1,2",
AA7610P-00,"ZK8 SAGOMA LADAL (BUL) 25X25X1,2 R2","ZK8 SHAPE SQUARE 25x25x1,2 R2 “LADAL(BUL)","ZK8 SAGOMA LADAL (BUL) 25x25x1,2 R2",
HB5237V-00,"ZK8SAGOMA QUADRO 25X25X1,5","ZK8 SHAPE SQUARE 25x25x1,5","ZK8 SAGOMA QUADRO 25x25x1,5",
WF5739R-00,"ZK8-SAGOMA LULOKOCIVA 25X25X1,5","ZK8 SHAPE SQUARE 25x25x1,5 “LULOKOCIVA","ZK8-SAGOMA LULOKOCIVA 25x25x1,5",
VA6072J-00,"ZK8 CEMIT SAGOMA 25X25X1,5","ZK8 SHAPE SQUARE 25x25x1,5 “CEMIT”","ZK8 CEMIT SAGOMA 25x25x1,5",
JZ8643Z-00,ZK8SAGOMA 25X25X1.5 R=2.5,"ZK8 SHAPE SQUARE 25x25x1,5 R2,5","ZK8SAGOMA 25x25x1,5 R=2,5",
SV7747U-00,ZK8 SAGOMA MART 25X25X2,ZK8 SHAPE SQUARE 25x25x2 “MART”,ZK8 SAGOMA MART 25x25x2,
CX9021K-00,ZK8 SAGOMA QUARDO 27X27X2 MM,ZK8 SHAPE SQUARE 27x27x2,ZK8 SAGOMA QUADRO 27x27x2 mm,
TB0118C-00,ZK8SAGOMA QUADRO 30X30X1,ZK8 SHAPE SQUARE 30x30x1,ZK8 SAGOMA QUADRO 30x30x1,
AZ4993B-00,ZK8NABICI SAGOMA 30X30X1 R 2,ZK8 SHAPE SQUARE 30x30x1 R2 “NABICI”,ZK8 NABICI SAGOMA 30x30x1 R 2,
NF1470H-00,"ZK8 SAGOMA KECOSN 30X30X1,2","ZK8 SHAPE SQUARE 30x30x1,2 “KECOSN”","ZK8 SAGOMA KECOSN 30x30x1,2",
VA3855J-00,"ZK8SAGOMA QUADRO 30X30X1,5","ZK8 SHAPE SQUARE 30x30x1,5","ZK8 SAGOMA QUADRO 30x30x1,5",
AS4310M-00,"ZK8COBL ROCOL SAGOMA 30X30X1,5","ZK8 SHAPE SQUARE 30x30x1,5 “COBL ROCOL”","ZK8 COBL ROCOL SAGOMA 30x30x1,5",
CC4279E-00,"ZK8NABICI SAGOMA 30X30X1,5 R 2.5","ZK8 SHAPE SQUARE 30x30x1,5 R2,5 “NABICI”","ZK8 NABICI SAGOMA 30x30x1,5 R 2.5",
XL4862K-00,ZK8SAGOMA QUADRO 30X30X2,ZK8 SHAPE SQUARE 30x30x2,ZK8 SAGOMA QUADRO 30x30x2,
ER4798R-00,"ZK8SAGOMA QUADRO 35X35X1,5","ZK8 SHAPE SQUARE 35x35x1,5","ZK8 SAGOMA QUADRO 35x35x1,5",
WV0881R-00,ZK8-SAGOMA LULOKOCIVA 40X40X1,ZK8 SHAPE SQUARE 40x40x1 “LULOKOCIVA”,ZK8-SAGOMA LULOKOCIVA 40x40x1,
GX1074H-00,"ZK8SAGOMA QUADRO 40X40X1,5","ZK8 SHAPE SQUARE 40x40x1,5","ZK8 SAGOMA QUADRO 40x40x1,5",
TY2869M-00,"ZK8COBL ROCOL SAGOMA 40X40X1,5","ZK8 SHAPE SQUARE 40x40x1,5 “COBL ROCOL”","ZK8 COBL ROCOL SAGOMA 40x40x1,5",
SD7901C-00,"ZK8 FIDIS - SAGOMA 40X40X1,5 R.2,5","ZK8 SHAPE SQUARE 40x40x1,5 R2,5 “FIDIS”","ZK8 FIDIS - SAGOMA 40x40x1,5 R.2,5",
LG8093P-00,ZK8 GEROPOTEZE SAGOMA 40X40X2,ZK8 SHAPE SQUARE 40x40x2 “GEROPOTEZE”,ZK8 GEROPOTEZE SAGOMA 40x40x2,
JP8629A-00,ZK8 SAGOMA LADAL (BUL) 40X40X2 R3,ZK8 SHAPE SQUARE 40x40x2 R3 “LADAL (BUL)”,ZK8 SAGOMA LADAL (BUL) 40x40x2 R3,
CF0941F-00,ZK8 SAGOMA RETTANGOLARE 50X50 R1.5,"ZK8 SHAPE SQUARE 50x50 R1,5","ZK8 SAGOMA RETTANGOLARE 50x50 R1,5",
JD0323W-00,"ZK8SAGOMA QUADRO 50X50X1,5","ZK8 SHAPE SQUARE 50x50x1,5","ZK8 SAGOMA QUADRO 50x50x1,5",
MV9091U-00,"ZK8COBL ROCOL SAGOMA 50X50X1,5","ZK8 SHAPE SQUARE 50x50x1,5 “COBL ROCOL”","ZK8 COBL ROCOL SAGOMA 50x50x1,5",
NZ8545F-00,ZK8 GEROPOTEZE SAGOMA 50X50X2,ZK8 SHAPE SQUARE 50x50x2 “GEROPOTEZE”,ZK8 GEROPOTEZE SAGOMA 50x50x2,
MR9431S-00,ZK8SAGOMA QUADRO 50X50X3,ZK8 SHAPE SQUARE 50x50x3,ZK8 SAGOMA QUADRO 50x50x3,
SY4761W-00,ZK8NUMEMUKI SAGOMA 50X50X4 R=6,ZK8 SHAPE SQUARE 50x50x4 R6 “NUMEMUKI”,ZK8 NUMEMUKI SAGOMA 50x50x4 R=6,
AS6357B-00,ZK8 SAGOMA QUADRO 60 X 60 MM,ZK8 SHAPE SQUARE 60x60,ZK8 SAGOMA QUADRO 60 x 60 mm,
VZ6170K-00,ZK8 SAGOMA RETTANGOLARE 60X60 R2,ZK8 SHAPE SQUARE 60x60 R2,ZK8 SAGOMA RETTANGOLARE 60x60 R2,
DB0381K-00,"ZK8SAGOMA QUADRO 60X60X1,5","ZK8 SHAPE SQUARE 60x60x1,5","ZK8 SAGOMA QUADRO 60x60x1,5",
BD1576L-00,"ZK8COBL ROCOL SAGOMA 60X60X1,5","ZK8 SHAPE SQUARE 60x60x1,5 “COBL ROCOL”","ZK8 COBL ROCOL SAGOMA 60x60x1,5",
FA1512T-00,"ZK8SAGOMA QUADRO 80X80X1,5","ZK8 SHAPE SQUARE 80x80x1,5","ZK8 SAGOMA QUADRO 80x80x1,5",
JV0187J-00,ZK8SAGOME,ZK8 SHAPES,ZK8 SAGOME,
GX7266B-00,ZK8 SAGOME BAZURURORA,ZK8 SHAPES “BAZURURORA”,ZK8 SAGOME BAZURURORA,
ZM8854T-00,ZK8 SET DI SAGOME KOMEBOT,ZK8 SHAPES “KOMEBOT”,,
HE1732W-00,ZK8 SAGOME ZAT BUN,ZK8 SHAPES “ZAT BUN”,,
EJ1665X-00,ZK8 SAGOME KOG.TUBI,ZK8 SHAPES “KOG.TUBI”,,
JM1462X-00,ZK8SET OF TEMPLATES BIZUCA,ZK8 SHAPES “BIZUCA”,ZK8 SET OF TEMPLATES BIZUCA,
ZV2833W-00,ZK8-SAGOME 1/3,ZK8 SHAPES 1/3,,
VL2890K-00,ZK8SAGOME 1/3 ------------------,ZK8 SHAPES 1/3 ------------------,ZK8 SAGOME 1/3 ------------------,
PK8082E-00,ZK8-SAGOME 2/3,ZK8 SHAPES 2/3,,
NP1344P-00,ZK8SAGOME 2/3 ------------------,ZK8 SHAPES 2/3 ------------------,ZK8 SAGOME 2/3 ------------------,
FY1308K-00,ZK8-SAGOME 3/3,ZK8 SHAPES 3/3,,
XF5873T-00,ZK8SAGOME 3/3 ------------------,ZK8 SHAPES 3/3 ------------------,ZK8 SAGOME 3/3 ------------------,
UW3202T-00,ZK8SAGOME 40X20 ELLITTICO,ZK8 SHAPES ELLIPTICAL 40x20,ZK8 SAGOME 40x20 ELLITTICO,
XE6895B-00,ZK8SAGOME PIATTOVALE 30 X 15 MM,ZK8 SHAPES FLAT OVAL 30x15,ZK8 SAGOME PIATTOVALE 30 x 15 mm,
BU6931C-00,ZK8-SET SAG. PIATTO OVALE 30X15X1.5,"ZK8 SHAPES FLAT OVAL 30x15x1,5","ZK8-SET SAGOME PIATTO OVALE 30x15x1,5",
MN1063H-00,ZK8-SET SAGOME P-OVAL.35X15 X TH2MM,ZK8 SHAPES FLAT OVAL 35x15x2,ZK8-SET SAGOME PIATTOVALE 35x15 x TH2mm,
PB5829T-00,ZK8SAGOME PIATTO OVALE 40X20 MM,ZK8 SHAPES FLAT OVAL 40x20,ZK8 SAGOME PIATTO OVALE 40x20 mm,
ED7368L-00,ZK8 SAGOME PIATTO OVALE 42X21X2,ZK8 SHAPES FLAT OVAL 42x21x2,ZK8 SAGOME PIATTO OVALE 42x21x2,
JR3841H-00,ZK8-SAGOME PIATTO-OVALE 50X30 MM,ZK8 SHAPES FLAT OVAL 50x30,ZK8-SAGOME PIATTO-OVALE 50x30 mm,
XB3598Z-00,ZK8SAGOME PIATTOVALE 58 X 29,ZK8 SHAPES FLAT OVAL 58x29,ZK8 SAGOME PIATTOVALE 58 x 29,
RY1267G-00,ZK8-SAGOME SOST.P-OVAL.40X20XTH.2MM,ZK8 SHAPES FLAT OVAL SUPPORTER 40x20x2,ZK8 - SAGOME SOSTENITORI PIATTOVALE 40x20xTH2mm,
ZR4481S-00,ZK8-SAGOME SOSTEN.PIATTOVALE60X30MM,ZK8 SHAPES FLAT OVAL SUPPORTER 60x30,ZK8 - SAGOME SOSTENITORI PIATTOVALE 60x30mm,
RW5255G-00,ZK8 FOCOG TEMPLATES 22X10 MM OVAL,ZK8 SHAPES OVAL 22x10 “KIN ZUF”,ZK8 FOCOG TEMPLATES 22x10 mm OVAL,
JC2909Y-00,SAGOME ZK8 30X10 OVALE,ZK8 SHAPES OVAL 30x10,SAGOME ZK8 30x10 OVALE,
JY7990A-00,ZK8SET SAGOME OVALE 30X15 MM,ZK8 SHAPES OVAL 30x15,ZK8 SET SAGOME OVALE 30x15 mm,
LD3519U-00,SAGOME ZK8 33X10 OVALE,ZK8 SHAPES OVAL 33x10,SAGOME ZK8 33x10 OVALE,
TE9434J-00,ZK8 SET DI SAGOME KOMEBOT OV-35X11,ZK8 SHAPES OVAL 35x11 “KOMEBOT”,ZK8 SET DI SAGOME KOMEBOT OV-35x11,
ZW5622P-00,ZK8 FOCOG TEMPLATES 40X22 MM OVAL,ZK8 SHAPES OVAL 40x22 “KIN ZUF”,ZK8 FOCOG TEMPLATES 40x22 mm OVAL,
ZZ4401W-00,SAGOME ZK8 OVALE 60X20 MM,ZK8 SHAPES OVAL 60x20,SAGOME ZK8 OVALE 60x20 mm,
YN7434V-00,ZK8 FOCOG TEMPLATES 60X30 MM OVAL,ZK8 SHAPES OVAL 60x30 “KIN ZUF”,ZK8 FOCOG TEMPLATES 60x30 mm OVAL,
AJ0919L-00,ZK8PLASTIC TEMPLATES,ZK8 SHAPES PLASTIC,,
DV0943A-00,ZK8-PLASTIC TEMPLATES N?1,ZK8 SHAPES PLASTIC N°1,ZK8-PLASTIC TEMPLATES N°1,
GZ7768J-00,ZK8-PLASTIC TEMPLATES N?2,ZK8 SHAPES PLASTIC N°2,ZK8-PLASTIC TEMPLATES N°2,
YX4881E-00,ZK8-PLASTIC TEMPLATES N?3,ZK8 SHAPES PLASTIC N°3,ZK8-PLASTIC TEMPLATES N°3,
UD3740R-00,ZK8-PLASTIC TEMPLATES N?4,ZK8 SHAPES PLASTIC N°4,ZK8-PLASTIC TEMPLATES N°4,
RX5746X-00,ZK8-PLASTIC TEMPLATES N?5,ZK8 SHAPES PLASTIC N°5,ZK8-PLASTIC TEMPLATES N°5,
JV9170W-00,ZK8-SAGOME PROFILO 1/3,ZK8 SHAPES PROFILE 1/3,,
VJ1777C-00,ZK8-SAGOME PROFILO 2/3,ZK8 SHAPES PROFILE 2/3,,
BT5814Z-00,ZK8-SAGOME PROFILO 3/3,ZK8 SHAPES PROFILE 3/3,,
HU0933Y-00,ZK8-SAGOME PROFILO 80X40 MM,ZK8 SHAPES PROFILE 80x40,ZK8-SAGOME PROFILO 80x40 mm,
BF7408E-00,ZK8-SAGOME SOSTENITORI PROFILO 1/3,ZK8 SHAPES PROFILE SUPPORTER 1/3,,
FF1038T-00,ZK8-SAGOME SOSTENITORI PROFILO 2/3,ZK8 SHAPES PROFILE SUPPORTER 2/3,,
HB6808X-00,ZK8-SAGOME SOSTENITORI PROFILO 3/3,ZK8 SHAPES PROFILE SUPPORTER 3/3,,
UF5204L-00,ZK8SAGOME VERITOFN 40X20X2 R4,ZK8 SHAPES RECTAN. 40x20x2 R4 “VERITOFN”,ZK8 SAGOME VERITOFN 40x20x2 R4,
LW4966V-00,ZK8SAGOME VERITOFN 70X50X3 R6,ZK8 SHAPES RECTAN. 70x50x3 R6 “VERITOFN”,ZK8 SAGOME VERITOFN 70x50x3 R6,
TZ9294T-00,ZK8SAGOME VERITOFN 80X40X2 R4,ZK8 SHAPES RECTAN. 80x40x2 R4 “VERITOFN”,ZK8 SAGOME VERITOFN 80x40x2 R4,
MU7294D-00,"ZK8-SAGOME SOST. RETT. 60X20X1,5MM","ZK8 SHAPES RECTAN. SUPPORTER 60x20x1,5","ZK8-SAGOME SOSTENITORI RETTANGOLO 60x20x1,5mm",
UK6587Z-00,ZK8-SAGOME SOST. 80X30 X TH.2.5 MM,"ZK8 SHAPES RECTAN. SUPPORTER 80x30x2,5","ZK8 - SAGOME SOSTENITORI 80x30 x TH2,5 mm",
TF3034W-00,ZK8 KIN ZUF TEMPLATES 100X40 MM REC,ZK8 SHAPES RECTANGLE 100x40 “KIN ZUF”,ZK8 KIN ZUF TEMPLATES 100x40 mm REC,
XJ8315J-00,ZK8SAGOME RETTANGOLO 100 X 60 MM,ZK8 SHAPES RECTANGLE 100x60,ZK8 SAGOME RETTANGOLO 100 x 60 mm,
ER6685N-00,ZK8 SAGOME RETT. 101.6 X 50.8,"ZK8 SHAPES RECTANGLE 101,6x50,8","ZK8 SAGOME RETTANGOLO 101,6 x 50,8",
NZ4429S-00,ZK8SAGOME RETTANGOLO 20 X 10 MM,ZK8 SHAPES RECTANGLE 20x10,ZK8 SAGOME RETTANGOLO 20 x 10 mm,
RC0568F-00,ZK8SAGOME RETTANGOLO 20 X 12 MM,ZK8 SHAPES RECTANGLE 20x12,ZK8 SAGOME RETTANGOLO 20 x 12 mm,
SG7511M-00,SAGOME ZK8 RETTANGOLO 20X15 MM,ZK8 SHAPES RECTANGLE 20x15,SAGOME ZK8 RETTANGOLO 20x15 mm,
WZ1009Y-00,ZK8SAGOME RETTANGOL 25.4X12.7 MM,"ZK8 SHAPES RECTANGLE 25,4x12,7","ZK8 SAGOME RETTANGOL 25,4x12,7 mm",
LA1859B-00,ZK8SAGOME RETT. 25 X 10 MM,ZK8 SHAPES RECTANGLE 25x10,ZK8 SAGOME RETTANGOLO 25 x 10 mm,
AP5567Y-00,SAGOME ZK8 25X15 RETTANGOLO,ZK8 SHAPES RECTANGLE 25x15,SAGOME ZK8 25x15 RETTANGOLO,
GP4857M-00,ZK8 SAGOME RETT. 30X10,ZK8 SHAPES RECTANGLE 30x10,ZK8 SAGOME RETTANGOLO 30x10,
KS5561C-00,ZK8SAGOME 30X15,ZK8 SHAPES RECTANGLE 30x15,ZK8 SAGOME 30x15,
FH4708Y-00,ZK8SAGOME RETTANGOLO 30X15 R2,ZK8 SHAPES RECTANGLE 30x15 R2,ZK8 SAGOME RETTANGOLO 30x15 R2,
BJ4661F-00,ZK8-SAGOME RETTANGOLO 30X18X1.5MM,"ZK8 SHAPES RECTANGLE 30x18x1,5","ZK8-SAGOME RETTANGOLO 30x18x1,5mm",
HZ2946Z-00,ZK8SAGOME 30X20,ZK8 SHAPES RECTANGLE 30x20,ZK8 SAGOME 30x20,
VS4428S-00,ZK8 SAGOME RETTANGOLO 30X20X1.5,"ZK8 SHAPES RECTANGLE 30x20x1,5","ZK8 SAGOME RETTANGOLO 30x20x1,5",
NW2072K-00,ZK8-SET SAGOME RETT.30X20 X TH. 2MM,ZK8 SHAPES RECTANGLE 30x20x2,ZK8-SET SAGOME RETTANGOLO 30x20 x TH2mm,
VS0296K-00,ZK8SAGOME 35X20,ZK8 SHAPES RECTANGLE 35x20,ZK8 SAGOME 35x20,
JW0334S-00,ZK8 SAGOME PER RETT. 38.1X19,"ZK8 SHAPES RECTANGLE 38,1x19","ZK8 SAGOME PER RETTANGOLO 38,1x19",
HE5529A-00,ZK8SAGOME RETT. 38.1 X 25.4 MM,"ZK8 SHAPES RECTANGLE 38,1x25,4","ZK8 SAGOME RETTANGOLO 38,1 x 25,4 mm",
LD7694N-00,ZK8 SAGOME RETT. 40X10,ZK8 SHAPES RECTANGLE 40x10,ZK8 SAGOME RETTANGOLO 40x10,
DX9089B-00,ZK8-SET SAGOME RETTANGOLO 40X15 MM,ZK8 SHAPES RECTANGLE 40x15,ZK8-SET SAGOME RETTANGOLO 40x15 mm,
CF2143X-00,ZK8SAGOME 40X20,ZK8 SHAPES RECTANGLE 40x20,ZK8 SAGOME 40x20,
AT4761T-00,ZK8 SAGOME DIRURESILI 40X20,ZK8 SHAPES RECTANGLE 40x20 “DIRURESILI,ZK8 SAGOME DIRURESILI 40x20,
LH3917M-00,ZK8-SAGOME 40X25 X 2 MM,ZK8 SHAPES RECTANGLE 40x25x2,ZK8-SAGOME 40x25 x 2 mm,
PA2847H-00,ZK8 SAGOME RETTANGOLO 40X27,ZK8 SHAPES RECTANGLE 40x27,ZK8 SAGOME RETTANGOLO 40x27,
GJ4230F-00,ZK8-SAGOME RETTANGOLO 40X27X1.5 MM,"ZK8 SHAPES RECTANGLE 40x27x1,5","ZK8-SAGOME RETTANGOLO 40x27x1,5 mm",
ZK0385G-00,ZK8 SAGOME RETT. 50.8 X 25.4,"ZK8 SHAPES RECTANGLE 50,8x25,4","ZK8 SAGOME RETTANGOLO 50,8 x 25,4",
LF9372U-00,ZK8SAGOME RETT. 50.8 X 38.1 MM,"ZK8 SHAPES RECTANGLE 50,8x38,1","ZK8 SAGOME RETTANGOLO 50,8 x 38,1 mm",
EF2067B-00,ZK8SAGOME 50X10,ZK8 SHAPES RECTANGLE 50x10,ZK8 SAGOME 50x10,
BD8314U-00,ZK8 SAGOME RETT. 50 X 20,ZK8 SHAPES RECTANGLE 50x20,ZK8 SAGOME RETTANGOLO 50 x 20,
PW5517S-00,ZK8SAGOME 50X25,ZK8 SHAPES RECTANGLE 50x25,ZK8 SAGOME 50x25,
EU4341X-00,ZK8 SAGOME DIRURESILI 50X25,ZK8 SHAPES RECTANGLE 50x25 “DIRURESILI,ZK8 SAGOME DIRURESILI 50x25,
YL9133R-00,ZK8-SAGOME 50 X 30 MM,ZK8 SHAPES RECTANGLE 50x30,ZK8-SAGOME 50 x 30 mm,
MZ4903H-00,ZK8SAGOME 50X30X2 R.3 MM,ZK8 SHAPES RECTANGLE 50x30x2 R3,"ZK8 SAGOME 50x30x2 R,3 mm",
ZA9667J-00,ZK8SET SAGOME 50X40X3 R5,ZK8 SHAPES RECTANGLE 50x40x3 R5,ZK8 SET SAGOME 50x40x3 R5,
JY0099X-00,ZK8 SAGOME RETTANGOLO 52.1 X 40.7,"ZK8 SHAPES RECTANGLE 52,1x40,7","ZK8 SAGOME RETTANGOLO 52,1 x 40,7",
TY5115K-00,ZK8SET SAGOME 55X40X3 R5,ZK8 SHAPES RECTANGLE 55x40x3 R5,ZK8SET SAGOME 55x40x3 R5,
FP3227P-00,SAGOME ZK8 60 MM X 10 MM,ZK8 SHAPES RECTANGLE 60x10,SAGOME ZK8 60 mm x 10 mm,
KG9274T-00,ZK8 SET SAGOME RETT. 60X20 MM,ZK8 SHAPES RECTANGLE 60x20,ZK8 SET SAGOME RETTANGOLO 60x20 mm,
JW5587Y-00,ZK8 SAGOME DIRURESILI 60X20,ZK8 SHAPES RECTANGLE 60x20 “DIRURESILI,ZK8 SAGOME DIRURESILI 60x20,
SA3803H-00,ZK8SAGOME 60X30,ZK8 SHAPES RECTANGLE 60x30,ZK8 SAGOME 60x30,
FY5359C-00,ZK8-SAGOME ZK8 60X30 MM TATAK (RAK),ZK8 SHAPES RECTANGLE 60x30 “TATAK (RAK)”,ZK8-SAGOME 60x30 mm TATAK (RAK),
BZ2260W-00,ZK8 SAGOME RETTANGOLO 60X40,ZK8 SHAPES RECTANGLE 60x40,ZK8 SAGOME RETTANGOLO 60x40,
JB8942L-00,ZK8-SET SAGOME 60X40 X TH.2 X R3 MM,ZK8 SHAPES RECTANGLE 60x40x2 R3,ZK8-SET SAGOME 60x40 x TH2 x R3 mm,
LN1488Y-00,ZK8-SAGOME 60X40 X 2.9 MM,"ZK8 SHAPES RECTANGLE 60x40x2,9","ZK8-SAGOME 60x40 x 2,9 mm",
ZW7079B-00,ZK8 SAGOME PER RETT. 70X20,ZK8 SHAPES RECTANGLE 70x20,ZK8 SAGOME PER RETTANGOLO 70x20,
CE3138K-00,ZK8SAGOME RETTANGOLO 70X20X2 MM,ZK8 SHAPES RECTANGLE 70x20x2,ZK8 SAGOME RETTANGOLO 70x20x2 mm,
SM5627W-00,ZK8 SAGOME RETT. 70 X 30,ZK8 SHAPES RECTANGLE 70x30,ZK8 SAGOME RETTANGOLO 70 x 30,
NT0057Z-00,ZK8SAGOME RETTANGOLO 70X30X2 MM,ZK8 SHAPES RECTANGLE 70x30x2,ZK8 SAGOME RETTANGOLO 70x30x2 mm,
EE0927A-00,ZK8SAGOME RETT. 70X50 MM,ZK8 SHAPES RECTANGLE 70x50,ZK8 SAGOME RETTANGOLO 70x50 mm,
FD6740L-00,ZK8SAGOME RETTA. 76.2 X 38.1 MM,"ZK8 SHAPES RECTANGLE 76,2x38,1","ZK8 SAGOME RETTANGOLO 76,2 x 38,1 mm",
ZB6218D-00,ZK8SAGOME RETT. 76.2X50.8 MM,"ZK8 SHAPES RECTANGLE 76,2x50,8","ZK8 SAGOME RETTANGOLO 76,2x50,8 mm",
KK4021U-00,ZK8SAGOME RETTANGOLO 80X20X2 MM,ZK8 SHAPES RECTANGLE 80x20x2,ZK8 SAGOME RETTANGOLO 80x20x2 mm,
SR2707Y-00,ZK8SAGOME RETTANGOLO 80 X 40 MM,ZK8 SHAPES RECTANGLE 80x40,ZK8 SAGOME RETTANGOLO 80 x 40 mm,
AJ8857E-00,ZK8-SET SAGOME 80X40 X TH.2 X R4 MM,ZK8 SHAPES RECTANGLE 80x40x2 R4,ZK8-SET SAGOME 80x40 x TH2 x R4 mm,
JC2549J-00,ZK8SAGOME RETT. 80X50 MM,ZK8 SHAPES RECTANGLE 80x50,ZK8 SAGOME RETTANGOLO 80x50 mm,
JJ6340D-00,ZK8SAGOME RETT. 80 X 60 MM,ZK8 SHAPES RECTANGLE 80x60,ZK8 SAGOME RETTANGOLO 80 x 60 mm,
GR2681V-00,ZK8-SET SAGOME 80X60 X TH.2 X R3 MM,ZK8 SHAPES RECTANGLE 80x60x2 R3,ZK8-SET SAGOME 80x60 x TH2 x R3 mm,
XF0318V-00,ZK8SAGOME RETT. 90X70 MM,ZK8 SHAPES RECTANGLE 90x70,ZK8 SAGOME RETTANGOLO 90x70 mm,
UR7493U-00,ZK8-SET DI SAGOME SOST. 100X40X3,ZK8 SHAPES RECTANGLE SUPPORTER 100x40x3,ZK8-SET DI SAGOME SOSTENITORI 100x40x3,
XY7356U-00,ZK8SET DI SAGOME SOST. 100X50,ZK8 SHAPES RECTANGLE SUPPORTER 100x50,ZK8 SET DI SAGOME SOSTEGNO 100x50,
YB7961R-00,ZK8-SET DI SAGOME SOST. 100X50X2,ZK8 SHAPES RECTANGLE SUPPORTER 100x50x2,ZK8-SET DI SAGOME SOSTENITORI 100x50x2,
HL1303B-00,ZK8-SAGOME SOST. 110X30 X TH.2.5 MM,"ZK8 SHAPES RECTAN. SUPPORTER 110x30x2,5","ZK8 - SAGOME SOSTENITORI 110x30 x TH2,5 mm",
NT2264X-00,ZK8-SAGOME SOST. RETTANGOLO 30X10MM,ZK8 SHAPES RECTANGLE SUPPORTER 30x10,ZK8-SAGOME SOSTENITORI RETTANGOLO 30x10mm,
JW1842W-00,ZK8-SAGOME SOSTENITORI 30X15 X 2 MM,ZK8 SHAPES RECTANGLE SUPPORTER 30x15x2,ZK8-SAGOME SOSTENITORI 30x15 x 2 mm,
BP7195F-00,ZK8-SET SAGOME SOST. 30X19X2 MM,ZK8 SHAPES RECTANGLE SUPPORTER 30x19x2,ZK8-SET SAGOME SOSTENITORI 30x19x2 mm,
JV9059T-00,ZK8-SET SAGOME SOSTENIT. 30X20 MM,ZK8 SHAPES RECTANGLE SUPPORTER 30x20,ZK8-SET SAGOME SOSTENITORI 30x20 mm,
PB2302J-00,ZK8SAGOME SOST. RETT. 31.7 x 19 mm,"ZK8 SHAPES RECTANGLE SUPPORTER 31,7x19","ZK8 SAGOME SOSTENITORE RETTANGOLO 31,7 x 19 mm",
YP2362R-00,ZK8-SET SAGOME SOST. RETT. 35X30MM,ZK8 SHAPES RECTANGLE SUPPORTER 35x30,ZK8-SET SAGOME SOSTENITORI RETTANGOLO 35x30mm,
ND4946B-00,ZK8-SAGOME SOSTENITORI RETT.40X20MM,ZK8 SHAPES RECTANGLE SUPPORTER 40x20,ZK8-SAGOME SOSTENITORI RETTANGOLO 40x20mm,
NH4588V-00,ZK8-SAGOME SOSTENITORI 40X20X1.5MM,"ZK8 SHAPES RECTANGLE SUPPORTER 40x20x1,5","ZK8-SAGOME SOSTENITORI 40x20x1,5mm",
ZT9873L-00,ZK8-SAGOME SOSTENITORI 40X20 X 2 MM,ZK8 SHAPES RECTANGLE SUPPORTER 40x20x2,ZK8-SAGOME SOSTENITORI 40x20 x 2 mm,
RV8463Z-00,ZK8-SAGOME SOST. RETT. 40X25 MM,ZK8 SHAPES RECTANGLE SUPPORTER 40x25,ZK8-SAGOME SOSTENITORI RETTANGOLO 40x25 mm,
XV8065C-00,ZK8-SET SAGOME SOST. RETT.40X30MM,ZK8 SHAPES RECTANGLE SUPPORTER 40x30,ZK8-SET SAGOME SOSTENITORI RETTANGOLO 40x30mm,
WU7007B-00,ZK8-SAGOME SOSTENITORI 40X30 X 2 MM,ZK8 SHAPES RECTANGLE SUPPORTER 40x30x2,ZK8-SAGOME SOSTENITORI 40x30 x 2 mm,
VU4643D-00,ZK8SET SAGOME SOSTEGNO 50X20 MM,ZK8 SHAPES RECTANGLE SUPPORTER 50x20,ZK8 SET SAGOME SOSTEGNO 50x20 mm,
ZY1224L-00,ZK8-SAGOME SOSTENITORI 50X20 X 2 MM,ZK8 SHAPES RECTANGLE SUPPORTER 50x20x2,ZK8-SAGOME SOSTENITORI 50x20 x 2 mm,
UA2271N-00,ZK8-SAGOME SOSTENITORI RETT.50X25MM,ZK8 SHAPES RECTANGLE SUPPORTER 50x25,ZK8-SAGOME SOSTENITORI RETTANGOLO 50x25mm,
ZE9823F-00,ZK8SET SAGOME SOSTEGNO 50X30 MM,ZK8 SHAPES RECTANGLE SUPPORTER 50x30,ZK8 SET SAGOME SOSTEGNO 50x30 mm,
DE3739B-00,ZK8-SAGOME SOSTENITORI 50X30 X 2 MM,ZK8 SHAPES RECTANGLE SUPPORTER 50x30x2,ZK8-SAGOME SOSTENITORI 50x30 x 2 mm,
PC8138X-00,ZK8-SET SAGOME SOST. 60X20X1 MM,ZK8 SHAPES RECTANGLE SUPPORTER 60x20x1,ZK8-SET SAGOME SOSTENITORI 60x20x1 mm,
CP2293V-00,ZK8-SAGOME SOSTENITORI 60X25 X2.5MM,"ZK8 SHAPES RECTANGLE SUPPORTER 60x25x2,5","ZK8-SAGOME SOSTENITORI 60x25 x2,5mm",
UT4843A-00,ZK8-SAGOME SOSTENIT. RETT. 60X30 MM,ZK8 SHAPES RECTANGLE SUPPORTER 60x30,ZK8 - SAGOME SOSTENITORI RETTANGOLO 60x30 mm,
PR2156L-00,ZK8-SET DI SAGOME SOST. 60X30X3,ZK8 SHAPES RECTANGLE SUPPORTER 60x30x3,ZK8-SET DI SAGOME SOSTENITORI 60x30x3,
KE5629C-00,ZK8SET DI SAGOME SOST. 60X40,ZK8 SHAPES RECTANGLE SUPPORTER 60x40,ZK8 SET DI SAGOME SOSTEGNO 60x40,
SB6132R-00,ZK8-SAGOME SOSTENITORI 60X40 X 2 MM,ZK8 SHAPES RECTANGLE SUPPORTER 60x40x2,ZK8-SAGOME SOSTENITORI 60x40 x 2 mm,
FL5082Z-00,ZK8SET SAGOME SOSTEGNO 80X15 MM,ZK8 SHAPES RECTANGLE SUPPORTER 80x15,ZK8 SET SAGOME SOSTEGNO 80x15 mm,
CY8545A-00,ZK8-SET DI SAGOME SOST. 80X30X2,ZK8 SHAPES RECTANGLE SUPPORTER 80x30x2,ZK8-SET DI SAGOME SOSTENITORI 80x30x2,
AW0325G-00,ZK8SET DI SAGOME SOST. 80X40,ZK8 SHAPES RECTANGLE SUPPORTER 80x40,ZK8 SET DI SAGOME SOSTEGNO 80x40,
JB0274B-00,ZK8 SET DI SAGOME KOMEBOT D-40X30,ZK8 SHAPES ROUND D40x30 “KOMEBOT”,ZK8 SET DI SAGOME KOMEBOT D-40x30,
KY93540V-00,ZK8-SAGOME PER SEZIONE1 DA DEFINIRE,ZK8 SHAPES SECTION 1 TO BE DEFINED,,
YD98748R-00,ZK8-SAGOME PER SEZIONE2 DA DEFINIRE,ZK8 SHAPES SECTION 2 TO BE DEFINED,,
WF76355Z-00,ZK8-SAGOME PER SEZIONE3 DA DEFINIRE,ZK8 SHAPES SECTION 3 TO BE DEFINED,,
HM47376K-00,ZK8-SAGOME PER SEZIONE4 DA DEFINIRE,ZK8 SHAPES SECTION 4 TO BE DEFINED,,
VG81853H-00,ZK8-SAGOME PER SEZIONE5 DA DEFINIRE,ZK8 SHAPES SECTION 5 TO BE DEFINED,,
WX7117N-00,ZK8-SAGOME SEMI-P.OVALE 38X18 V----,ZK8 SHAPES SEMI-FLAT OVAL 38x18,ZK8 - SAGOME SEMI-PIATTOVALE 38x18 V----,
LJ4250Z-00,ZK8SAGOME SEMIPIATTOVALE 40X20,ZK8 SHAPES SEMI-FLAT OVAL 40x20,ZK8 SAGOME SEMIPIATTOVALE 40x20,
LJ1801D-00,ZK8-SAGOME S. SEMIPIATTOVALE40X30MM,ZK8 SHAPES SEMI-FLAT OVAL 40x30,ZK8-SAGOME S. SEMIPIATTOVALE40x30mm,
FA8885S-00,ZK8 SET OF TEMPLATES,ZK8 SHAPES SET,,
HE7122C-00,ZK8-SAGOME SETTAGGIO SUDORU,ZK8 SHAPES SETTING “SUDORU”,,
HP2134H-00,ZK8 SAGOME MANDR. DIAM. 45 RAP31672,ZK8 SHAPES SPINDLE D45,ZK8 SAGOME MANDRINO D45 RAP31672,
NW4852Y-00,ZK8 SAGOME MANDR. DIAM. 50 RAP31672,ZK8 SHAPES SPINDLE D50,ZK8 SAGOME MANDRINO D50 RAP31672,
KC4855M-00,ZK8 SAGOME MANDR. DIAM. 60 RAP31672,ZK8 SHAPES SPINDLE D60,ZK8 SAGOME MANDRINO D60 RAP31672,
VR8372L-00,SAGOME ZK8 100 MM X 100 MM,ZK8 SHAPES SQUARE 100x100,SAGOME ZK8 100 mm x 100 mm,
GM0732C-00,ZK8SAGOME QUADRO 100X100 R6,ZK8 SHAPES SQUARE 100x100 R6,ZK8 SAGOME QUADRO 100x100 R6,
BK2423B-00,ZK8-SET SAGOME 100X100XTH.3 X R6 MM,ZK8 SHAPES SQUARE 100x100x3 R6,"ZK8-SET SAGOME 100x100xTH,3 x R6 mm",
ZK5065M-00,SAGOME ZK8 QUADRO 15X15 MM,ZK8 SHAPES SQUARE 15x15,SAGOME ZK8 QUADRO 15x15 mm,
CV4779H-00,"ZK8-SAGOME VERITOFN 15X15X1,5 R.2,5","ZK8 SHAPES SQUARE 15x15x1,5 R2,5 VERITOFN","ZK8 SAGOME VERITOFN 15x15x1,5 R2,5",
XX0524V-00,SAGOME ZK8 20X20 QUADRO,ZK8 SHAPES SQUARE 20x20,SAGOME ZK8 20x20 QUADRO,
XB1113F-00,ZK8SAGOME QUADRO 20X20X1,ZK8 SHAPES SQUARE 20x20x1,ZK8 SAGOME QUADRO 20x20x1,
BM0845X-00,ZK8-SET SAGOME 20X20X1.2 MM,"ZK8 SHAPES SQUARE 20x20x1,2","ZK8-SET SAGOME 20x20x1,2 mm",
GM9120U-00,ZK8 SAGOME PER QUADRO 22.2X22.2,"ZK8 SHAPES SQUARE 22,2x22,2","ZK8 SAGOME PER QUADRO 22,2x22,2",
ZG3427V-00,ZK8SAGOME QUADRO 25.4 X 25.4 MM,"ZK8 SHAPES SQUARE 25,4x25,4","ZK8 SAGOME QUADRO 25,4 x 25,4 mm",
GW0085C-00,SAGOME ZK8 25 MM X 25 MM,ZK8 SHAPES SQUARE 25x25,SAGOME ZK8 25 mm x 25 mm,
DL9575B-00,ZK8-SET SAGOME 25X25X1.2 MM,"ZK8 SHAPES SQUARE 25x25x1,2","ZK8-SET SAGOME 25x25x1,2 mm",
MN9702B-00,"ZK8SAGOME QUADRO 25X25X1,5 MM","ZK8 SHAPES SQUARE 25x25x1,5","ZK8 SAGOME QUADRO 25x25x1,5 mm",
KS0462J-00,ZK8SET SAGOME QUADRO 30X30 MM,ZK8 SHAPES SQUARE 30x30,ZK8 SET SAGOME QUADRO 30x30 mm,
UP1246N-00,ZK8-SAGOME ZK8 30X30 MM-TATAK (RAK),ZK8 SHAPES SQUARE 30x30 “TATAK (RAK)”,ZK8-SAGOME 30x30 mm-TATAK (RAK),
TB7782E-00,ZK8 SAGOME DIRURESILI 30X30,ZK8 SHAPES SQUARE 30x30 “DIRURESILI”,ZK8 SAGOME DIRURESILI 30x30,
NX2378C-00,ZK8SAGOME QUADRO 30x30 CARIC. 8500,"ZK8 SHAPES SQUARE 30x30 LOADER L=8,5m","ZK8 SAGOME QUADRO 30x30 CARIC, 8500",
WA4164P-00,ZK8SAGOME QUADRO 30X30 R3,ZK8 SHAPES SQUARE 30x30 R3,ZK8 SAGOME QUADRO 30x30 R3,
GT0323F-00,ZK8-SET SAGOME 30X30 X 1.2 MM,"ZK8 SHAPES SQUARE 30x30x1,2","ZK8-SET SAGOME 30x30 x 1,2 mm",
MY4909N-00,ZK8 SET DI SAGOME KOMEBOT 30X30X1.5,"ZK8 SHAPES SQUARE 30x30x1,5 “KOMEBOT”","ZK8 SET DI SAGOME KOMEBOT 30x30x1,5",
EH1911B-00,ZK8-SET SAGOME QUAD.30X30 X TH. 2MM,ZK8 SHAPES SQUARE 30x30x2,ZK8-SET SAGOME QUADRO 30x30 x TH2mm,
HX6822X-00,ZK8SAGOME QUADR 31.75 X 31.75 MM,"ZK8 SHAPES SQUARE 31,75x31,75","ZK8 SAGOME QUADR 31,75 x 31,75 mm",
AP6376A-00,ZK8SAGOME QUADRO 35 X 35,ZK8 SHAPES SQUARE 35x35,ZK8 SAGOME QUADRO 35 x 35,
PT4666K-00,"ZK8KASEVL SAGOME 35X35X1,5 R2","ZK8 SHAPES SQUARE 35x35x1,5 R2 “KASEVL”","ZK8 KASEVL SAGOME 35x35x1,5 R2",
FR3889K-00,ZK8SAGOME QUADRO 38.1 X 38.1 MM,"ZK8 SHAPES SQUARE 38,1x38,1","ZK8 SAGOME QUADRO 38,1 x 38,1 mm",
BZ2573J-00,ZK8SET SAGOME QUADRO 40X20MM,ZK8 SHAPES SQUARE 40x20,ZK8 SET SAGOME QUADRO 40x20mm,
JU1319H-00,ZK8SET SAGOME QUADRO 40X30MM,ZK8 SHAPES SQUARE 40x30,ZK8 SET SAGOME QUADRO 40x30mm,
UD5548D-00,SAGOME ZK8 40MM X 40MM,ZK8 SHAPES SQUARE 40x40,SAGOME ZK8 40mm x 40mm,
PH7644L-00,ZK8SAGOME QUADRO 40x40 CARIC. 8500,"ZK8 SHAPES SQUARE 40x40 LOADER L=8,5m","ZK8 SAGOME QUADRO 40x40 CARIC, 8500",
DV1086J-00,ZK8-SAGOME QUADRO 40X40X1.5 MM,"ZK8 SHAPES SQUARE 40x40x1,5","ZK8-SAGOME QUADRO 40x40x1,5 mm",
AP7418Z-00,ZK8 SET DI SAGOME KOMEBOT 40X40X1.5,"ZK8 SHAPES SQUARE 40x40x1,5 “KOMEBOT”","ZK8 SET DI SAGOME KOMEBOT 40x40x1,5",
PH1625Z-00,"ZK8KASEVL SAGOME 40X40X1,5 R2","ZK8 SHAPES SQUARE 40x40x1,5 R2 “KASEVL”","ZK8 KASEVL SAGOME 40x40x1,5 R2",
JB8966A-00,ZK8SAGOME VERITOFN 40X40X2 R4,ZK8 SHAPES SQUARE 40x40x2 R4 “VERITOFN”,ZK8 SAGOME VERITOFN 40x40x2 R4,
JJ0558N-00,ZK8-SET SAGOME 40X40X3MM CON R=7MM,ZK8 SHAPES SQUARE 40x40x3 R7,ZK8-SET SAGOME 40x40x3mm CON R=7mm,
NP3997R-00,ZK8 SAGOME QUADRO 50.8 X 50.8,"ZK8 SHAPES SQUARE 50,8x50,8","ZK8 SAGOME QUADRO 50,8 x 50,8",
PF0864K-00,SAGOME ZK8 50 MM X 50 MM,ZK8 SHAPES SQUARE 50x50,SAGOME ZK8 50 mm x 50 mm,
BB0032W-00,ZK8SAGOME QUADRO 50x50 CARIC. 8500,"ZK8 SHAPES SQUARE 50x50 LOADER L=8,5m","ZK8 SAGOME QUADRO 50x50 CARIC, 8500",
WA8592P-00,ZK8SAGOME QUADRO 50X50X2 MM,ZK8 SHAPES SQUARE 50x50x2,ZK8 SAGOME QUADRO 50x50x2 mm,
DJ3166W-00,ZK8-SET SAGOME 50X50X3MM CON R=6MM,ZK8 SHAPES SQUARE 50x50x3 R6,ZK8-SET SAGOME 50x50x3mm CON R=6mm,
AZ4755T-00,SAGOME ZK8 60 MM X 60 MM,ZK8 SHAPES SQUARE 60x60,SAGOME ZK8 60 mm x 60 mm,
ET8487U-00,ZK8 FOCOG TEMPLATES 60X60 MM SQUAR,ZK8 SHAPES SQUARE 60x60 “KIN ZUF”,ZK8 FOCOG TEMPLATES 60x60 mm SQUAR,
CS8785L-00,ZK8SAGOME 60X60X1.5 R.2 MM,"ZK8 SHAPES SQUARE 60x60x1,5 R2","ZK8 SAGOME 60x60x1,5 R,2 mm",
WJ9435F-00,ZK8-SET SAGOME 60X60 X TH.2 X R3 MM,ZK8 SHAPES SQUARE 60x60x2 R3,ZK8-SET SAGOME 60x60 x TH2 x R3 mm,
KU6465Z-00,ZK8SAGOME QUADRO 63.5X63.5 MM,"ZK8 SHAPES SQUARE 63,5x63,5","ZK8 SAGOME QUADRO 63,5x63,5 mm",
UB2420P-00,ZK8SAGOME QUADRO 76.2 X 76.2 MM,"ZK8 SHAPES SQUARE 76,2x76,2","ZK8 SAGOME QUADRO 76,2 x 76,2 mm",
GC4246P-00,ZK8SET SAGOME QUADRO 80X80,ZK8 SHAPES SQUARE 80x80,ZK8 SET SAGOME QUADRO 80x80,
XB6666Y-00,ZK8-SAGOME 80X80MMTATAK (RAK),ZK8 SHAPES SQUARE 80x80 “TATAK (RAK)”,ZK8-SAGOME 80x80mmTATAK (RAK),
CT6793W-00,ZK8-SET SAGOME 80X80 X TH.3 X R5 MM,ZK8 SHAPES SQUARE 80x80x3 R5,ZK8-SET SAGOME 80x80 x TH3 x R5 mm,
VG2913X-00,ZK8-SAGOME SOST. QUADRO 12X12 MM,ZK8 SHAPES SQUARE SUPPORTER 12x12,ZK8-SAGOME SOSTENITORI QUADRO 12x12 mm,
UR8855F-00,ZK8-SAGOME SOSTENITORI 16X16 MM,ZK8 SHAPES SQUARE SUPPORTER 16x16,ZK8-SAGOME SOSTENITORI 16x16 mm,
MS9043S-00,ZK8SAGOME SOST. QUADRO 19 x 19 mm,ZK8 SHAPES SQUARE SUPPORTER 19x19,ZK8 SAGOME SOSTENITORE QUADRO 19 x 19 mm,
GH4163Z-00,ZK8-SAGOME SOST. QUADRO 20X20 MM,ZK8 SHAPES SQUARE SUPPORTER 20x20,ZK8-SAGOME SOSTENITORI QUADRO 20x20 mm,
EX7892U-00,ZK8-SAGOME SOSTENITORI 20X20 X 1 MM,ZK8 SHAPES SQUARE SUPPORTER 20x20x1,ZK8-SAGOME SOSTENITORI 20x20 x 1 mm,
FS6676V-00,ZK8-SAGOME SOSTENIT. QUAD. 25X25 MM,ZK8 SHAPES SQUARE SUPPORTER 25x25,ZK8 - SAGOME SOSTENITORI QUADRO 25x25 mm,
SW3379U-00,ZK8 -SAGOME SOSTENITRICI 25X25X1.5,"ZK8 SHAPES SQUARE SUPPORTER 25x25x1,5","ZK8 SAGOME SOSTENITRICI 25x25x1,5",
YW0877Y-00,ZK8-SAGOME SOSTENITORI QUAD.30X30MM,ZK8 SHAPES SQUARE SUPPORTER 30x30,ZK8 - SAGOME SOSTENITORI QUADRO 30x30mm,
KJ7716M-00,"ZK8-SAGOME SOST. QUADRO 30X30X1,5MM","ZK8 SHAPES SQUARE SUPPORTER 30x30x1,5","ZK8-SAGOME SOSTENITORI QUADRO 30x30x1,5mm",
AU2111V-00,ZK8-SAGOME SOSTENITORI 30X30 X 2 MM,ZK8 SHAPES SQUARE SUPPORTER 30x30x2,ZK8-SAGOME SOSTENITORI 30x30 x 2 mm,
CL3409E-00,ZK8SET DI SAGOME SOST. 35X35,ZK8 SHAPES SQUARE SUPPORTER 35x35,ZK8 SET DI SAGOME SOSTEGNO 35x35,
HX2087P-00,ZK8-SAGOME SOSTENITORI QUAD.40X40MM,ZK8 SHAPES SQUARE SUPPORTER 40x40,ZK8 - SAGOME SOSTENITORI QUADRO 40x40mm,
UY4512G-00,ZK8 -SAGOME SOSTENITRICI 40X40X2,ZK8 SHAPES SQUARE SUPPORTER 40x40x2,ZK8 SAGOME SOSTENITRICI 40x40x2,
VU1518R-00,"ZK8-SET SAGOME SOST. 40X40X3,2 MM","ZK8 SHAPES SQUARE SUPPORTER 40x40x3,2","ZK8-SET SAGOME SOSTENITORI 40x40x3,2 mm",
YS2059Z-00,ZK8-SAGOME SOSTENITORI 45X45X2 MM,ZK8 SHAPES SQUARE SUPPORTER 45x45x2,ZK8-SAGOME SOSTENITORI 45x45x2 mm,
FY3022L-00,ZK8SET DI SAGOME SOST. 50X50,ZK8 SHAPES SQUARE SUPPORTER 50x50,ZK8 SET DI SAGOME SOSTEGNO 50x50,
RS2112W-00,ZK8-SAGOME SOSTENITORI 50X50 X 2 MM,ZK8 SHAPES SQUARE SUPPORTER 50x50x2,ZK8-SAGOME SOSTENITORI 50x50 x 2 mm,
TR6350Z-00,ZK8-SAGOME SOSTENITORI 55X55 X1.5MM,"ZK8 SHAPES SQUARE SUPPORTER 55x55 x1,5","ZK8-SAGOME SOSTENITORI 55x55 x1,5mm",
HM9323Y-00,ZK8SET DI SAGOME SOST. 60X60,ZK8 SHAPES SQUARE SUPPORTER 60x60,ZK8 SET DI SAGOME SOSTEGNO 60x60,
RS0192U-00,ZK8-SET SAGOME SOST. 80X80 MM,ZK8 SHAPES SQUARE SUPPORTER 80x80,ZK8-SET SAGOME SOSTENITORI 80x80 mm,
MD9645L-00,ZK8-SAGOME SOST. QUADRO 80X80X2MM,ZK8 SHAPES SQUARE SUPPORTER 80x80x2,ZK8-SAGOME SOSTENITORI QUADRO 80x80x2mm,
XC8715F-00,ZK8-SAGOME SOSTENITORI 80X80 X 3 MM,ZK8 SHAPES SQUARE SUPPORTER 80x80x3,ZK8-SAGOME SOSTENITORI 80x80 x 3 mm,
SB1572J-00,ZK8-SAGOME TEFLON QUADRO 30X30 MM,ZK8 SHAPES SQUARE TEFLON 30x30,ZK8-SAGOME TEFLON QUADRO 30x30 mm,
YB2186U-00,ZK8-SAGOME TEFLON QUADRO 50X50 MM,ZK8 SHAPES SQUARE TEFLON 50x50,ZK8-SAGOME TEFLON QUADRO 50x50 mm,
YW8789Y-00,ZK8 SAGOME SUPPORTO DUMIDUVOD,ZK8 SHAPES SUPPORT “DUMIDUVOD”,ZK8 SAGOME SUPPORTO DUMIDUVOD,
MN3981M-00,ZK8-SET TEMPLATES FOR SUPPORT AXIS,ZK8 SHAPES SUPPORT AXIS,,
CE2294D-00,ZK8-SET SAGOME SOSTENITORI 1/3,ZK8 SHAPES SUPPORTER 1/3,,
DB4458F-00,ZK8-SET SAGOME SOSTENITORI 2/3,ZK8 SHAPES SUPPORTER 2/3,,
SH7028M-00,ZK8-SET SAGOME SOSTENITORI 3/3,ZK8 SHAPES SUPPORTER 3/3,,
XA4632E-00,ZK8 SAGOME NON LAVORATE,ZK8 SHAPES UNWORKED,,
AH0486G-00,ZK8-GRIFFE MANDRINO TH.10MM AT2473,ZK8 SPINDLE JAWS TH.10,ZK8 - GRIFFE MANDRINO TH.10mm AT2473,
AW7874A-00,ZK8TUBOLARE QUADRO 25X25,ZK8 SQUARE 25x25,ZK8TUBOLARE QUADRO 25x25,
MW3904D-00,ZK8CAZOCIFAT QUADRO 40X40,ZK8 SQUARE 40x40 “CAZOCIFAT”,ZK8 CAZOCIFAT QUADRO 40x40,
KK5880M-00,ZK8TUBOLARE QUADRO 50X25,ZK8 SQUARE 50x25,ZK8 TUBOLARE QUADRO 50x25,
BF7857K-00,ZK8TUBOLARE QUADRO 50X50,ZK8 SQUARE 50x50,ZK8 TUBOLARE QUADRO 50x50,
WF7393V-00,ZK8 - SUPORTE CUADRADO 25.4X25.4X3,"ZK8 SUPORTE CUADRADO 25,4x25,4x3","ZK8 SUPORTE CUADRADO 25,4x25,4x3",
PA0633X-00,"ZK8 - SUPORTE CUADRADO 38,1X38,1X3","ZK8 SUPORTE CUADRADO 38,1x38,1x3","ZK8 SUPORTE CUADRADO 38,1x38,1x3",
BN8966F-00,"ZK8 - SUPORTE CUADRADO 50,8X50,8X4","ZK8 SUPORTE CUADRADO 50,8x50,8x4","ZK8 SUPORTE CUADRADO 50,8x50,8x4",
GD3480N-00,"ZK8 - SUPORTE CUADRADO 63,5X63,5X4","ZK8 SUPORTE CUADRADO 63,5x63,5x4","ZK8 SUPORTE CUADRADO 63,5x63,5x4",
LA2308P-00,"ZK8 -SUPORTE RECTANGULO 50,8X25,4X3","ZK8 SUPORTE RECTANGULO 50,8x25,4x3","ZK8 SUPORTE RECTANGULO 50,8x25,4x3",
LF2247P-00,ZK8GANASCE AVVOLGENTI V.6263,ZK8 WRAP-AROUND JAWS,ZK8 GANASCE AVVOLGENTI V.6263,
KZ4944X-00,ZK8.92DOTAZIONE ELLITTICO 14X50,ZK8.92 EQUIPMENT ELLIPTICAL 14x50,ZK8.92 DOTAZIONE ELLITTICO 14x50,
PZ8680D-00,ZK8.92DOTAZIONE ELLITTICO 20X45,ZK8.92 EQUIPMENT ELLIPTICAL 20x45,ZK8.92 DOTAZIONE ELLITTICO 20x45,
VT9035T-00,ZK8.92 SECTION ZAZADT 40X20X2,ZK8.92 SECTION 40x20x2 “ZAZADT”,ZK8.92 SECTION ZAZADT 40x20x2,
VF5019L-00,ZK8.92 SECTION ZAZADT 40X40X2,ZK8.92 SECTION 40x40x2 “ZAZADT”,ZK8.92 SECTION ZAZADT 40x40x2,
XE2760J-00,ZK8.92 SECTION NOCET 40X40X3 R.6,ZK8.92 SECTION 40x40x3 R6 “NOCET”,"ZK8.92 SECTION NOCET 40x40x3 R,6",
JH1672Z-00,ZK8.92 SECTION NOCET 50X50X3 R.6,ZK8.92 SECTION 50x50x3 R6 “NOCET”,"ZK8.92 SECTION NOCET 50x50x3 R,6",
XK1346C-00,ZK8.92 SECTION ZAZADT 60X20X2,ZK8.92 SECTION 60x20x2 “ZAZADT”,ZK8.92 SECTION ZAZADT 60x20x2,
XW8113N-00,ZK8.92 SECTION NOCET 60X40X3 R.6,ZK8.92 SECTION 60x40x3 R6 “NOCET”,"ZK8.92 SECTION NOCET 60x40x3 R,6",
ME5748H-00,ZK8.92 SAGOMA 1,ZK8.92 SHAPE 1,,
HG7202T-00,ZK8.92 SAGOMA 2,ZK8.92 SHAPE 2,,
CL0913C-00,ZK8.92 SAGOMA 3,ZK8.92 SHAPE 3,,
EN4264J-00,ZK8.92-SAGOMA PIATTO OVALE 50X25 MM,ZK8.92 SHAPE FLAT OVAL 50x25,ZK8.92 SAGOMA PIATTO OVALE 50x25 mm,
XT9800V-00,ZK8.92-TEMPLATES OV. 60X25 MM,ZK8.92 SHAPE OVAL 60x25,ZK8.92 TEMPLATES OVAL 60x25 mm,
JW8880Z-00,ZK8.92-TEMPLATES OV. 60X30 MM,ZK8.92 SHAPE OVAL 60x30,ZK8.92 TEMPLATES OVAL 60x30 mm,
TU2340T-00,"ZK8.92 SAGOMA CEMIT22X22X1,5 R=6","ZK8.92 SHAPE RECT. 22x22x1,5 R6 “CEMIT”","ZK8.92 SAGOMA CEMIT22x22x1,5 R=6",
GC3762R-00,"ZK8.92 SAGOMA CEMIT60X30X1,5","ZK8.92 SHAPE RECTAN. 60x30x1,5 “CEMIT”","ZK8.92 SAGOMA CEMIT60x30x1,5",
EZ8051S-00,ZK8.92SAGOMA RETTANGOLO 20X15 MM,ZK8.92 SHAPE RECTANGLE 20x15,ZK8.92 SAGOMA RETTANGOLO 20x15 mm,
XF05717Y-00,ZK8.92SAGOMA RETT 25X20 MM,ZK8.92 SHAPE RECTANGLE 25x20,ZK8.92 SAGOMA RETTANGOLO 25x20 mm,
BP6244H-00,ZK8.92SAGOMA RETTANGOLO 30X15 MM,ZK8.92 SHAPE RECTANGLE 30x15,ZK8.92 SAGOMA RETTANGOLO 30x15 mm,
SM61691A-00,ZK8.92SAGOMA RETTANGOLO 30X20 MM,ZK8.92 SHAPE RECTANGLE 30x20,ZK8.92 SAGOMA RETTANGOLO 30x20 mm,
DN9701W-00,ZK8.92-SET SAGOMA 40MMX20MM,ZK8.92 SHAPE RECTANGLE 40x20,ZK8.92 SET SAGOMA 40mmx20mm,
HY55428D-00,ZK8.92SAGOMA RETT 40X30 MM,ZK8.92 SHAPE RECTANGLE 40x30,ZK8.92 SAGOMA RETTANGOLO 40x30 mm,
UA11134U-00,ZK8.92SAGOMA RETT 50X10 MM,ZK8.92 SHAPE RECTANGLE 50x10,ZK8.92 SAGOMA RETTANGOLO 50x10 mm,
UR4632W-00,ZK8.92-SET SAGOMA 65MMX25MM,ZK8.92 SHAPE RECTANGLE 65x25,ZK8.92 SET SAGOMA 65mmx25mm,
FB7775Y-00,ZK8.92SAGOMA SOST. 100X50 MM,ZK8.92 SHAPE RECTANGLE SUPPORTER 100x50,ZK8.92SAGOMA SOSTENITRICE 100x50 mm,
XF7171M-00,ZK8.92SAGOMA SOST. 20X10 MM,ZK8.92 SHAPE RECTANGLE SUPPORTER 20x10,ZK8.92SAGOMA SOSTENITRICE 20x10 mm,
HW0116N-00,ZK8.92SAGOMA SOST. 20X15 MM,ZK8.92 SHAPE RECTANGLE SUPPORTER 20x15,ZK8.92SAGOMA SOSTENITRICE 20x15 mm,
MA1853Y-00,ZK8.92SAGOMA SOST. 25X15 MM,ZK8.92 SHAPE RECTANGLE SUPPORTER 25x15,ZK8.92SAGOMA SOSTENITRICE 25x15 mm,
WE1348X-00,ZK8.92SAGOMA SOST. 30X20 MM,ZK8.92 SHAPE RECTANGLE SUPPORTER 30x20,ZK8.92SAGOMA SOSTENITRICE 30x20 mm,
GV0057K-00,ZK8.92SAGOMA SOST. 40X20 MM,ZK8.92 SHAPE RECTANGLE SUPPORTER 40x20,ZK8.92SAGOMA SOSTENITRICE 40x20 mm,
SZ2990Y-00,ZK8.92SAGOMA SOST. 40X30 MM,ZK8.92 SHAPE RECTANGLE SUPPORTER 40x30,ZK8.92SAGOMA SOSTENITRICE 40x30 mm,
LY2891W-00,ZK8.92SAGOMA SOST. 50X25 MM,ZK8.92 SHAPE RECTANGLE SUPPORTER 50x25,ZK8.92SAGOMA SOSTENITRICE 50x25 mm,
PF8786X-00,ZK8.92SAGOMA SOST. 60X20 MM,ZK8.92 SHAPE RECTANGLE SUPPORTER 60x20,ZK8.92SAGOMA SOSTENITRICE 60x20 mm,
VP8333G-00,ZK8.92SAGOMA SOST. 70X20 MM,ZK8.92 SHAPE RECTANGLE SUPPORTER 70x20,ZK8.92SAGOMA SOSTENITRICE 70x20 mm,
YD9116L-00,ZK8.92SAGOMA SOST. 70X30 MM,ZK8.92 SHAPE RECTANGLE SUPPORTER 70x30,ZK8.92SAGOMA SOSTENITRICE 70x30 mm,
LV5287C-00,ZK8.92-TEMPLATES D38X30 MM,ZK8.92 SHAPE ROUND D38x30,ZK8.92 TEMPLATES D38x30 mm,
XS02778Y-00,ZK8.92SAGOMA SEZ D 40X30 MM,ZK8.92 SHAPE ROUND D40x30,ZK8.92 SAGOMA SEZ D 40x30 mm,
LG5198Y-00,ZK8.92SAGOMA QUADRO 15X15 MM,ZK8.92 SHAPE SQUARE 15x15,ZK8.92 SAGOMA QUADRO 15x15 mm,
PN24993U-00,ZK8.92SAGOMA QUADRO 20X20 MM,ZK8.92 SHAPE SQUARE 20x20,ZK8.92 SAGOMA QUADRO 20x20 mm,
AT4613T-00,"ZK8.92 SAGOMA CEMIT20X20X1,5","ZK8.92 SHAPE SQUARE 20x20x1,5 “CEMIT”","ZK8.92 SAGOMA CEMIT20x20x1,5",
NE5013G-00,ZK8.92 TEMPLATES 22X22 MM,ZK8.92 SHAPE SQUARE 22x22,ZK8.92 TEMPLATES 22x22 mm,
SJ7149L-00,ZK8.92-TEMPLATES SQ. 25.4X25.4 MM,"ZK8.92 SHAPE SQUARE 25,4x25,4","ZK8.92 TEMPLATES SQUARE 25,4x25,4 mm",
PM87415D-00,ZK8.92SAGOMA QUADRO 25X25 MM,ZK8.92 SHAPE SQUARE 25x25,ZK8.92 SAGOMA QUADRO 25x25 mm,
LJ42437N-00,ZK8.92SAGOMA QUADRO 30X30 MM,ZK8.92 SHAPE SQUARE 30x30,ZK8.92 SAGOMA QUADRO 30x30 mm,
DF57314J-00,ZK8.92SAGOMA QUADRO 35X35 MM,ZK8.92 SHAPE SQUARE 35x35,ZK8.92 SAGOMA QUADRO 35x35 mm,
YR1674M-00,ZK8.92-TEMPLATES SQ. 40X40 MM,ZK8.92 SHAPE SQUARE 40x40,ZK8.92 TEMPLATES SQUARE 40x40 mm,
LF3480K-00,ZK8.92-TEMPLATES SQ. 50X50 MM,ZK8.92 SHAPE SQUARE 50x50,ZK8.92 TEMPLATES SQUARE 50x50 mm,
DE40579H-00,ZK8.92SAGOMA DA DEFINIRE,ZK8.92 SHAPE TO BE DEFINED,ZK8.92 SAGOMA DA DEFINIRE,
AZ7937Z-00,ZK8.92SAGOME,ZK8.92 SHAPES,ZK8.92 SAGOME,
YS2281E-00,ZK8.92 SAGOME SOSTENITORI ELLIT. 31X16,ZK8.92 SHAPES ELLIPTICAL SUPPORTER 31x16,ZK8.92 SAGOME SOSTENITORI ELLITTICI 31x16,
JP6104W-00,ZK8.92 SAGOME SOSTENITORI ELLIT. 35X20,ZK8.92 SHAPES ELLIPTICAL SUPPORTER 35x20,ZK8.92 SAGOME SOSTENITORI ELLITTICI 35x20,
HA1235N-00,ZK8.92 SAGOME SOSTENITORI ELLIT. 50X25,ZK8.92 SHAPES ELLIPTICAL SUPPORTER 50x25,ZK8.92 SAGOME SOSTENITORI ELLITTICI 50x25,
NE4855C-00,ZK8.92-SAGOME OVALE PIATTO 40X20 MM,ZK8.92 SHAPES FLAT OVAL 40x20,ZK8.92 SAGOME OVALE PIATTO 40x20 mm,
PT8449B-00,ZK8.92-SAGOME PER OVALE 50X20,ZK8.92 SHAPES OVAL 50x20,ZK8.92 SAGOME PER OVALE 50x20,
KG9584Y-00,ZK8.92-SAGOME SOST. PROFILO 1/3,ZK8.92 SHAPES PROFILE SUPPORTER 1/3,ZK8.92 SAGOME SOSTENITORI PROFILO 1/3,
HM0673Z-00,ZK8.92-SAGOME SOST. PROFILO 2/3,ZK8.92 SHAPES PROFILE SUPPORTER 2/3,ZK8.92 SAGOME SOSTENITORI PROFILO 2/3,
ZY3861Z-00,ZK8.92-SAGOME SOST. PROFILO 3/3,ZK8.92 SHAPES PROFILE SUPPORTER 3/3,ZK8.92 SAGOME SOSTENITORI PROFILO 3/3,
UB6776W-00,ZK8.92 SAGOME SOSTENIT. PROFILO 30X20,ZK8.92 SHAPES PROFILE SUPPORTER 30x20,ZK8.92 SAGOME SOSTENITORI PROFILO 30x20,
KT9559T-00,ZK8.92 SAGOME SOSTENIT. PROFILO 50X100,ZK8.92 SHAPES PROFILE SUPPORTER 50x100,ZK8.92 SAGOME SOSTENITORI PROFILO 50x100,
EP9668B-00,ZK8.92 SAGOME SOSTENIT. PROFILO 50X40,ZK8.92 SHAPES PROFILE SUPPORTER 50x40,ZK8.92 SAGOME SOSTENITORI PROFILO 50x40,
BH5160V-00,ZK8.92 SAGOME SOSTENIT. PROFILO 58x29,ZK8.92 SHAPES PROFILE SUPPORTER 58x29,ZK8.92 SAGOME SOSTENITORI PROFILO 58x29,
XN9754F-00,ZK8.92 SAGOME SOSTENIT. PROFILO 78x40,ZK8.92 SHAPES PROFILE SUPPORTER 78x40,ZK8.92 SAGOME SOSTENITORI PROFILO 78x40,
UB9613R-00,ZK8.92-SAGOME PER PROFILI 83X53,ZK8.92 SHAPES PROFILES 83x53,ZK8.92 SAGOME PER PROFILI 83x53,
NU6986W-00,ZK8.92-SAGOME PER PROFILI (DA DEF.),ZK8.92 SHAPES PROFILES TO BE DEFINED,ZK8.92 SAGOME PER PROFILI (DA DEFINIRE),
ZG8086X-00,ZK8.92-SAGOME SOST. 40X15X3 MM,ZK8.92 SHAPES RECTAN. SUPPORTER 40x15x3,ZK8.92 SAGOME SOSTENITORI 40x15x3 mm,
UT6276A-00,"ZK8.92SAGOME RETTANG. 101,6x50,8x2MM","ZK8.92 SHAPES RECTANGLE 101,6x50,8x2","ZK8.92 SAGOME RETTANGOLO 101,6x50,8x2mm",
MD2713E-00,ZK8.92-SET SAGOME 20X10MM X R=2MM,ZK8.92 SHAPES RECTANGLE 20x10 R2,ZK8.92 SET SAGOME 20x10mm x R=2mm,
LP4636N-00,ZK8.92-SET SAGOME RETT. 30X20 MM,ZK8.92 SHAPES RECTANGLE 30x20,ZK8.92 SET SAGOME RETTANGOLO 30x20 mm,
FU9052J-00,"ZK8.92-SET SAGOME 30x20 x1,2 MM","ZK8.92 SHAPES RECTANGLE 30x20x1,2","ZK8.92 SET SAGOME 30x20 x1,2 mm",
XC7755C-00,ZK8.92SAGOME RETTANG. 33x25 x 1 MM,ZK8.92 SHAPES RECTANGLE 33x25x1,ZK8.92 SAGOME RETTANGOLO 33x25 x 1 mm,
RE6448U-00,"ZK8.92-SET SAGOME RETT. 35X25X3,5MM","ZK8.92 SHAPES RECTANGLE 35x25x3,5","ZK8.92 SET SAGOME RETTANGOLO 35x25x3,5mm",
XK4345U-00,"ZK8.92SAGOME RETTANG. 38,1x25,4x1,2MM","ZK8.92 SHAPES RECTANGLE 38,1x25,4x1,2","ZK8.92 SAGOME RETTANGOLO 38,1x25,4x1,2mm",
FH2209P-00,"ZK8.92-SET SAGOME 40x20 x1,2 MM","ZK8.92 SHAPES RECTANGLE 40x20x1,2","ZK8.92 SET SAGOME 40x20 x1,2 mm",
AD5289Y-00,"ZK8.92-SET SAGOME 40X30MM X R=2,5MM","ZK8.92 SHAPES RECTANGLE 40x30 R2,5","ZK8.92 SET SAGOME 40x30mm x R=2,5mm",
MV2159Y-00,ZK8.92-SET SAGOME 40X30X3 MM R4,ZK8.92 SHAPES RECTANGLE 40x30x3 R4,ZK8.92 SET SAGOME 40x30x3 mm R4,
VX9698H-00,ZK8.92-SET SAGOME RETT. 50X20X2 MM,ZK8.92 SHAPES RECTANGLE 50x20x2,ZK8.92 SET SAGOME RETTANGOLO 50x20x2 mm,
AX1115U-00,ZK8.92-SET SAGOME RETT. 50X25X2 MM,ZK8.92 SHAPES RECTANGLE 50x25x2,ZK8.92 SET SAGOME RETTANGOLO 50x25x2 mm,
VD2866L-00,"ZK8.92-SET SAGOME 60X30MM X R=2,5MM","ZK8.92 SHAPES RECTANGLE 60x30 R2,5","ZK8.92 SET SAGOME 60x30mm x R=2,5mm",
GU6863X-00,ZK8.92-SET SAGOME 60X40X3 MM R6,ZK8.92 SHAPES RECTANGLE 60x40x3 R6,ZK8.92 SET SAGOME 60x40x3 mm R6,
RY1046L-00,"ZK8.92SAGOME RETTANG. 76,2x50,8x3MM","ZK8.92 SHAPES RECTANGLE 76,2x50,8x3","ZK8.92 SAGOME RETTANGOLO 76,2x50,8x3mm",
HE6061E-00,ZK8.92-SET SAGOME 80X40X3 MM R6,ZK8.92 SHAPES RECTANGLE 80x40x3 R6,ZK8.92 SET SAGOME 80x40x3 mm R6,
LD7519L-00,ZK8.92-SET SAGOME SOST. 20X10,ZK8.92 SHAPES RECTANGLE SUPPORTER 20x10,ZK8.92 SET SAGOME SOSTENITORI 20x10,
UY9835X-00,ZK8.92-SET SAGOME SOST. 60X20,ZK8.92 SHAPES RECTANGLE SUPPORTER 60x20,ZK8.92 SET SAGOME SOSTENITORI 60x20,
EV0550Y-00,ZK8.92-SET SAGOME SOST. 60X40,ZK8.92 SHAPES RECTANGLE SUPPORTER 60x40,ZK8.92 SET SAGOME SOSTENITORI 60x40,
YC5846N-00,ZK8.92-SET SAGOME SOST. 70X40,ZK8.92 SHAPES RECTANGLE SUPPORTER 70x40,ZK8.92 SET SAGOME SOSTENITORI 70x40,
PD1810Z-00,ZK8.92-SET SAGOME SOST. 80X20,ZK8.92 SHAPES RECTANGLE SUPPORTER 80x20,ZK8.92 SET SAGOME SOSTENITORI 80x20,
SV2738S-00,ZK8.92-SET SAGOME SOST. 80X40,ZK8.92 SHAPES RECTANGLE SUPPORTER 80x40,ZK8.92 SET SAGOME SOSTENITORI 80x40,
YE7492Z-00,ZK8.92 SAGOME SEMIOVALE 40X20 MM,ZK8.92 SHAPES SEMI-OVAL 40x20,ZK8.92 SAGOME SEMIOVALE 40x20 mm,
CA5903H-00,ZK8.92-SAGOME PER PROFILI 20X20,ZK8.92 SHAPES SQUARE 20x20,ZK8.92 SAGOME PER PROFILI 20x20,
ZV4312Z-00,ZK8.92-SAGOME QUADRO 20X20X1 MM,ZK8.92 SHAPES SQUARE 20x20x1,ZK8.92 SAGOME QUADRO 20x20x1 mm,
FN9884S-00,"ZK8.92-SET SAGOME 20x20 x1,2 mm","ZK8.92 SHAPES SQUARE 20x20x1,2","ZK8.92 SET SAGOME 20x20 x1,2 mm",
WE8856J-00,ZK8.92-SAGOME PER PROFILI 40X40,ZK8.92 SHAPES SQUARE 40x40,ZK8.92 SAGOME PER PROFILI 40x40,
MR0090R-00,ZK8.92-SET SAGOME QUAD. 40X40X2 MM,ZK8.92 SHAPES SQUARE 40x40x2,ZK8.92 SET SAGOME QUADRO 40x40x2 mm,
DG6280G-00,ZK8.92-SAGOME PER PROFILI 48X48,ZK8.92 SHAPES SQUARE 48x48,ZK8.92 SAGOME PER PROFILI 48x48,
UA0388T-00,"ZK8.92SAGOME QUADRO 50,8x50,8x1,6 MM","ZK8.92 SHAPES SQUARE 50,8x50,8x1,6","ZK8.92 SAGOME QUADRO 50,8x50,8x1,6 mm",
CL9901Y-00,ZK8.92 SAGOME SOSTENIT. PROFILO 100X100,ZK8.92 SHAPES SQUARE SUPPORTER 100x100,ZK8.92 SAGOME SOSTENITORI PROFILO 100x100,
FN7799K-00,ZK8.92 SAGOME SOSTENIT. PROFILO 30X30,ZK8.92 SHAPES SQUARE SUPPORTER 30x30,ZK8.92 SAGOME SOSTENITORI PROFILO 30x30,
CH0833W-00,ZK8.92 SAGOME SOST. 30x30 x 2 MM,ZK8.92 SHAPES SQUARE SUPPORTER 30x30x2,ZK8.92 SAGOME SOST 30x30 x 2 mm,
UT3848A-00,"ZK8.92 SAGOME SOST. 35x35 x 1,5 MM","ZK8.92 SHAPES SQUARE SUPPORTER 35x35x1,5",ZK8.92 SAGOME SOST 35x35 x 15 mm,
HX6601U-00,"ZK8.92 SAGOME SOST. 40x40 x 1,5 MM","ZK8.92 SHAPES SQUARE SUPPORTER 40x40x1,5",ZK8.92 SAGOME SOST 40x40 x 15 mm,
FE1240C-00,ZK8.92-SAGOME SOST. 50X50X1.5 MM,"ZK8.92 SHAPES SQUARE SUPPORTER 50x50x1,5","ZK8.92 SAGOME SOSTENITORI 50x50x1,5 mm",
JC2252T-00,ZK8.92 SAGOME SOSTENIT. PROFILO 80X80,ZK8.92 SHAPES SQUARE SUPPORTER 80x80,ZK8.92 SAGOME SOSTENITORI PROFILO 80x80,
ES6020P-00,ZK8.92 SAGOME SOSTENITORI,ZK8.92 SHAPES SUPPORTER,,
WY7860B-00,"ZK8.92-SAGOME SOS. 0,984 X 0,787 IN","ZK8.92 SHAPES SUPPORTER 0,984x0,787 INCH","ZK8.92 SAGOME SOSTENITORI 0,984 x 0,787 IN",
KE4297L-00,ZK8.92-SAGOME SOS. 1.575 X 0.984 IN,"ZK8.92 SHAPES SUPPORTER 1,575x0,984 INCH","ZK8.92 SAGOME SOSTENITORI 1,575 x 0,984 IN",
VC0899J-00,ZK8.92-SET SAGOME SOSTENITORI 1/3,ZK8.92 SHAPES SUPPORTER 1/3,ZK8.92 SET SAGOME SOSTENITORI 1/3,
FJ0475E-00,ZK8.92-SAGOME SOS. 2.165 X 0.984 IN,"ZK8.92 SHAPES SUPPORTER 2,165x0,984 INCH","ZK8.92 SAGOME SOSTENITORI 2,165 x 0,984 IN",
DX88037M-00,ZK8.92-SET SAGOME SOSTENITORI 2/3,ZK8.92 SHAPES SUPPORTER 2/3,ZK8.92 SET SAGOME SOSTENITORI 2/3,
NF5790C-00,ZK8.92-SAGOME SOST. DA DEFINIRE,ZK8.92 SHAPES SUPPORTER TO BE DEFINED,ZK8.92 SAGOME SOSTENITORI DA DEFINIRE,
YS3712C-00,SAGOMA SETTAGGIO 20X10 ZK 489,ZK489 SHAPE RECTANGLE SETTING 20x10,SAGOMA SETTAGGIO 20x10 ZK 489,
LN3369E-00,SCARPETTE SAGOM. ZK489 RAP056/03,ZK489 SHAPED SHOE,SCARPETTE SAGOMATE ZK489 RAP056/03,
CU1354F-00,ZK489-SET SAGOME 60X40XRAGG.8MM,ZK489 SHAPES RECTANGLE 60x40 R8,ZK489 SET SAGOME 60x40 R8,
FU6597K-00,ZK489SAGOME RETT. 70X40 R12.5,"ZK489 SHAPES RECTANGLE 70x40 R12,5","ZK489 SAGOME RETTANGOLO 70x40 R12,5",
DX4734M-00,ZK489SAGOME QUADRO 30X30 R3.75,"ZK489 SHAPES SQUARE 30x30 R3,75","ZK489SAGOME QUADRO 30x30 R3,75",
TZ5993U-00,ZK489SAGOME QUADRO 40X40 R5,ZK489 SHAPES SQUARE 40x40 R5,ZK489 SAGOME QUADRO 40x40 R5,
AH4388S-00,SAGOME SETTAGGIO ZK483,ZK483 SHAPES SETTING,,
FD0653L-00,ZK5 AT PROF- ELLT. RAP57306,ZK5 ELLIPTICAL PROFILE EQUIPMENTS,,
YT04809M-00,ZK5-PIASTRINE 3 SEZ.ELLITT. V10656,ZK5 PLATES ELLIPTICAL N°3 SECTION,ZK5-PIASTRINE 3 SEZIONE ELLITTICA V10656,
YN1996T-00,ZK5-PROF.ELLITT.32X17-V10386,ZK5 PROFIL ELLIPTICAL 32x17,ZK5-PROFILO ELLITTICO 32x17-V10386,
NA1324Y-00,ZK5-SEZ.THEC.BOMAFIKOM-V10387,ZK5 SPECIAL SECTION “BOMAFIKOM”,ZK5-SEZIONE SPECIALE BOMAFIKOM-V10387,
YE1771B-00,ZK5PIASTRINE MANDRINO ELLITTICO 76X25,ZK5 SPINDLE PLATES ELLIPTICAL 76x25,ZK5 PIASTRINE MANDRINO ELLITTICO 76x25,
WN5688Z-00,ZK5PIASTRINE MANDR. ELLITTICO 100X50,ZK5 SPINDLE PLATES ELLIPTICAL100x50,ZK5 PIASTRINE MANDRINO ELLITTICO 100x50,
VE5871R-00,ZK593-RALLA+ATTREZZATURE V2026,ZK593 EQUIPMENTS + SLEWING RING,,
LF2538P-00,ZK593-SAGOMA SETT. TRI.ISO. B60 H35,ZK593 SHAPE SETTING ISO B60 H35,ZK593-SAGOMA SETT.TRI.ISO. B60 H35,
JC9865H-00,ZK593-SET SAGOME 50X10FLLI SUMEK,ZK593 SHAPES RECTAN. 50x10 “F.TUK SUMEK”,ZK593-SET SAGOME 50x10FLLI SUMEK,
ZJ3000F-00,ZK593D-ATTREZZATURE SMONTAGGIO,ZK593D EQUIPMENTS DISMANTLING,,
ML6379N-00,ZK593DAVV. ELLITTICO 50X25 V.6391,ZK593D PLATES ELLIPTICAL 50x25,"ZK593DAVVOLGENTE ELLITTICO 50x25 V,6391",
HU2225S-00,ZK593D-IMBALLO SORGENTE SERUNN,ZK593D SERUNN SOURCE PACKAGING,,
PY2103R-00,ZK593D-SAGOMA X REG.LUNETTA 20X10MM,ZK593D SHAPE STEADY REST SETTING 20x10,ZK593D-SAGOMA X REGOLAZIONE LUNETTA 20x10mm,
DV9161P-00,ZK593D-SAGOMA X REG.LUNETTA 20X5 MM,ZK593D SHAPE STEADY REST SETTING 20x5,ZK593D-SAGOMA X REGOLAZIONE LUNETTA 20x5 mm,
ET6331Z-00,ZK593D-SAGOME SOSTEN. X 40.1X18.2MM,"ZK593D SHAPES RECT. SUPPORTER 40,1x18,2","ZK593D-SAGOME SOSTENITORI X 40,1x18,2mm",
RG3701P-00,"ZK593D-SET SAGOME TUBO 30X10X1,5MM","ZK593D SHAPES RECTANGLE 30x10x1,5","ZK593D-SET SAGOME TUBO 30x10x1,5mm",
MS3703F-00,SAGOME ZK593DREJK 82X15,ZK593D SHAPES RECTANGLE 50x15,SAGOME ZK593DRETTANGOLO 50x15,
ML5071Z-00,ZK593D-SAGOME SOSTENITORI X 60X20MM,ZK593D SHAPES RECTANGLE SUPPORTER 60x20,ZK593D-SAGOME SOSTENITORI X 60x20mm,
VD3896C-00,ZK593DSAGOME QUAD. 19 X 19,ZK593D SHAPES SQUARE 19x19,ZK593DSAGOME QUADRATO 19 x 19,
KT2123J-00,ZK593DSAGOME QUAD. 22 X 22,ZK593D SHAPES SQUARE 22x22,ZK593DSAGOME QUADRATO 22 x 22,
UE4518W-00,ZK593DSAGOME QUAD. 25 X 25,ZK593D SHAPES SQUARE 25x25,ZK593DSAGOME QUADRATO 25 x 25,
XT3218R-00,ZK533-GANASCE ELL. 46.5X32.5 V.3347,"ZK533 JAWS ELLIPTICAL 46,5x32,5","ZK533-GANASCE ELLITTICHE 46,5x32,5 V.3347",
ZF9555Y-00,ZK533DKIT-ELLITTICO 101X50 V.2691,ZK533D ELLIPTICAL KIT 101x50,ZK533DKIT-ELLITTICO 101x50 V.2691,
XC2555F-00,ZK533DKIT-ELLITTICO 40X20 V.2690,ZK533D ELLIPTICAL KIT 40x20,ZK533DKIT-ELLITTICO 40x20 V.2690,
AS3410W-00,ZK533DKIT-ELLITTICO 60X30 V.2689,ZK533D ELLIPTICAL KIT 60x30,ZK533DKIT-ELLITTICO 60x30 V.2689,
YW1800P-00,ZK533D- PIASTRINE ELLITTICO,ZK533D ELLIPTICAL PLATES,,
ZL7281L-00,ZK533DGANASCE ELLITT. 50X33 V.3433,ZK533D JAWS ELLIPTICAL 50x33,ZK533DGANASCE ELLITTICHE 50x33 V.3433,
WD9102P-00,ZK533D-5 ELLITT. PIASTR.MANDR.V6086,ZK533D N°5 SPINDLE PLATES ELLIPTICAL,ZK533D-5 ELLITTICHE PIASTRE MANDRINO V6086,
XN6654F-00,ZK533D-SAGOME 20X10 MM,ZK533D SHAPES RECTANGLE 20x10,ZK533D-SAGOME 20x10 mm,
RA4733X-00,ZK533D-SAGOME 40X20 X 1.5 R=2.25 MM,"ZK533D SHAPES RECTANGLE 40x20x1,5 R2,25","ZK533D-SAGOME 40x20 x 1,5 R=2,25 mm",
BL1950Y-00,ZK533D-SAGOME 70X10 X R=1.5 MM,"ZK533D SHAPES RECTANGLE 70x10xR1,5","ZK533D-SAGOME 70x10 x R=1,5 mm",
VL6433F-00,ZK533D-SAGOME 70X70 X R=3 MM,ZK533D SHAPES RECTANGLE 70x70xR3,ZK533D-SAGOME 70x70 x R=3 mm,
CA9814W-00,ZK533D-SET SAGOME SOSTENIT. 18X10MM,ZK533D SHAPES RECTANGLE SUPPORTER 18x10,ZK533D-SET SAGOME SOSTENITORI 18x10mm,
EV9762D-00,ZK533D-SAGOME 25X25 X R=3 MM,ZK533D SHAPES SQUARE 25x25xR3,ZK533D-SAGOME 25x25 x R=3 mm,
GX4697A-00,ZK533DSAGOME SOSTENITORE 15X15,ZK533D SHAPES SQUARE SUPPORTER 15x15,ZK533DSAGOME SOSTENITORE 15x15,
SA1487F-00,ZK533DGRIFFE MANDRINO THEC. V,ZK533D SPINDLE JAWS SPECIAL,ZK533DGRIFFE MANDRINO SPECIALI V,
LJ9109J-00,ZK533D(8500) SAGOME RETT. 50X25MM,"ZK533D-8,5m SHAPES RECTANGLE 50x25",ZK533D(8500) SAGOME RETTANGOLO 50x25mm,
RK2495V-00,STAZIONE DI MONTAGGIO ZK0,ZK0 ASSEMBLY STATION,,
GD5290J-00,ZK0 FIBER TANOFA NASETTI -75 -30,ZK0 FIBER NOSE PIECE 75 -30 “TANOFA”,,
BF4010A-00,SISTEMA MOVIMENTAZIONE ROKAM ZK0,ZK0 HANDLING SYSTEM “ROKAM”,,
NR2629H-00,ZK0 SET GRIFFE 40-140 MM TOKAKARI,ZK0 JAWS 40-140 “TOKAKARI”,ZK0 SET GRIFFE 40-140 mm TOKAKARI,
CS4136D-00,ZK0-PROLUNGHE 5 M. X CHIL. E ATH.,ZK0 PROLUNGHE L=5m,ZK0-PROLUNGHE 5 m. X CHIL. E ATH.,
KB5610A-00,ZK0-SAGOME SOST.40X20(X 3)X R4.5 MM,"ZK0 SHAPE RECTAN. SUPPORTER 40x20x3 R4,5","ZK0 SAGOME SOSTENITORI 40x20(x 3)x R4,5 mm",
UV0510X-00,ZK0SAGOMA TAPAB 20X15X2 R3,ZK0 SHAPE RECTANGLE 20x15x2 R3 “TAPAB”,ZK0 SAGOMA TAPAB 20x15x2 R3,
ZM9895A-00,ZK0SAGOMA TAPAB 40X30X3 R4,ZK0 SHAPE RECTANGLE 40x30x3 R4 “TAPAB”,ZK0 SAGOMA TAPAB 40x30x3 R4,
KA0833J-00,ZK0 SAGOME DI SOSTEGNO 20X15,ZK0 SHAPE RECTANGLE SUPPORTER 20x15,ZK0 SAGOME DI SOSTEGNO 20x15,
DG9119X-00,ZK0 SAGOME DI SOSTEGNO 30X10,ZK0 SHAPE RECTANGLE SUPPORTER 30x10,ZK0 SAGOME DI SOSTEGNO 30x10,
EW3647U-00,ZK0 SAGOME DI SOSTEGNO 30X15,ZK0 SHAPE RECTANGLE SUPPORTER 30x15,ZK0 SAGOME DI SOSTEGNO 30x15,
FM3924M-00,ZK0 SAGOME DI SOSTEGNO 30X20,ZK0 SHAPE RECTANGLE SUPPORTER 30x20,ZK0 SAGOME DI SOSTEGNO 30x20,
ZR6717X-00,ZK0 SAGOME DI SOSTEGNO 50X25,ZK0 SHAPE RECTANGLE SUPPORTER 50x25,ZK0 SAGOME DI SOSTEGNO 50x25,
PR5051J-00,ZK0SAGOMA TAPAB 40X40X2 R3,ZK0 SHAPE SQUARE 40x40x2 R3 “TAPAB”,ZK0 SAGOMA TAPAB 40x40x2 R3,
MS2013L-00,ZK0-SAGOME 15X10 X 1.5 MM V5053,"ZK0 SHAPES RECTANGLE 15x10x1,5","ZK0 SAGOME 15x10 x 1,5 mm V5053",
PK4725R-00,ZK0-SET DI SAGOME 25X20,ZK0 SHAPES RECTANGLE 25x20,ZK0 SET DI SAGOME 25x20,
LA2119R-00,SAGOME SOSTEGNO ASSE MANDRINO ZK0,ZK0 SHAPES SPINDLE AXIS SUPPORT,,
FY2412W-00,ZK0-SAGOME 30X30MM RAGGIO 0MM,ZK0 SHAPES SQUARE SQUARE 30x30 R0,ZK0 SAGOME 30x30mm RAGGIO 0mm,
TY5401P-00,ZK0 SAGOME SOSTENITORE 15X15,ZK0 SHAPES SQUARE SUPPORTER 15x15,ZK0 SAGOME SOSTENITORE 15x15,
DW8921Z-00,ZK0 SAGOME DI SOSTEGNO 20X20,ZK0 SHAPES SQUARE SUPPORTER 20x20,ZK0 SAGOME DI SOSTEGNO 20x20,
CN0961J-00,ZK0 SAGOME DI SOSTEGNO 25X25,ZK0 SHAPES SQUARE SUPPORTER 25x25,ZK0 SAGOME DI SOSTEGNO 25x25,
DS4302Y-00,ZK0 SAGOME DI SOSTEGNO 30X30,ZK0 SHAPES SQUARE SUPPORTER 30x30,ZK0 SAGOME DI SOSTEGNO 30x30,
RZ2714E-00,ZK0 SAGOME DI SOSTEGNO 35X35,ZK0 SHAPES SQUARE SUPPORTER 35x35,ZK0 SAGOME DI SOSTEGNO 35x35,
HS3236B-00,ZK0 SAGOME DI SOSTEGNO 40X40,ZK0 SHAPES SQUARE SUPPORTER 40x40,ZK0 SAGOME DI SOSTEGNO 40x40,
JT9331E-00,"ZK0-SAGOME TEFLON 12X12R1,5 MUFIZL","ZK0 SHAPES SQUARE TEFLON 12x12 R1,5","ZK0 SAGOME TEFLON 12x12R1,5 MUFIZL",
UH2135N-00,ZK0 GRIFFE LUNETTA V5456,ZK0 STEADY REST JAWS,,
CX7965X-00,ZK0 MOTIK PARTS KIT,ZK0 MOTIK PARTS KIT,,
WT9903Y-00,ZK0.92-COVARAN-MATERIALE EXTRA TEST,ZK0.92 EXTRA HEADS MATERIAL “COVARAN”,,
NL4998A-00,ZK0.92-SET SAGOME SOST.50X20X1.5MM,"ZK0.92 SHAPE RECTAN. SUPPORTER 50x20x1,5","ZK0.92-SET SAGOME SOSTEGNO 50x20x1,5mm",
RL6933P-00,ZK0.92-SAGOME SOST. 40X20 MM V----,ZK0.92 SHAPE RECTANGLE SUPPORTER 40x20,ZK0.92-SAGOME SOSTEGNO 40x20 mm V----,
JP0611H-00,ZK0.32Griffe lunetta 40-140 mm,ZK0.32 STEADY REST JAWS 40-140,ZK0.32 GRIFFE LUNETTA 40-140 mm,
AC2106V-00,ZK037D-SAGOME ELLITTICO 35X20 MM,ZK037D SHAPES ELLIPTICAL 35x20,ZK037DSAGOME ELLITTICO 35x20 mm,
TD3836M-00,ZK037D-SAGOME PIATTO-OVALE 40X20 MM,ZK037D SHAPES FLAT OVAL 40x20,ZK037DSAGOME PIATTO-OVALE 40x20 mm,
CE0223N-00,ZK037D-SAGOME 25X25MM X RAGG.2.5MM,"ZK037D SHAPES SQUARE 25x25 R2,5",ZK037DSAGOME 25x25mm x RAGG.2.5mm,
FN9631M-00,ZK0-SAGOME SOST. 30X10 VERS. 6500,"ZK0-4,5m SHAPES RECT. SUPPORTER 30x10",ZK0 SAGOME SOSTENITORI 30x10 VERSIONE 6500,
CE0563P-00,ZK1- TOOLS KIT FOR DRAW. SD601,ZK1 KIT DRWG. SD601,ZK1 - KIT FOR DRAWING SD601,
BF6462T-00,ZK1- TOOLS KIT FOR DRAW. SD602,ZK1 KIT DRWG. SD602,ZK1 - KIT FOR DRAWING SD602,
YG1734Y-00,GANASCE UNIVERSALI 20-63 MM ZK128D,ZK128D JAWS 20-63,GANASCE UNIVERSALI 20-63 mm ZK128D,
DT9627C-00,PERACULR -ATTREZZAGGIO NAK,PERACULR EQUIPMENT “NAK”,PERACULR ATTREZZAGGIO NAK,
ET5582H-00,PERACULRATTR. PER PROFILO BIDEBO,PERACULR EQUIPMENTS PROFILE “BIDEBO”,PERACULR ATTREZZATURE PER PROFILO BIDEBO,
WS5983T-00,PERACULRPROFILO RETTANGOLAR 20X10,PERACULR RECTANGULAR PROFILE 20x10,PERACULR PROFILO RETTANGOLARE 20x10,
EC3353U-00,PERACULRPROFILO SPECIALE RAP 371,PERACULR SPECIAL PROFILE,PERACULR PROFILO SPECIALE RAP371,
GE8038B-00,DODEVE-PIASTRINE ELI 44X18MM V6985,DODEVE SPINDLE PLATES ELLIPTICAL 44x18,DODEVE - PIASTRINE ELLI 44x18mm V6985,
SJ8979V-00,DODEVE EVO - TARGHETTE ANTIINFORT,DODEVE EVO SAFETY PLATES,,
WC9846V-00,DODEVE-SAGOME SOST P.OVALE 35X15MM,DODEVE FLAT OVAL SHAPES SUPPORTER 35x15,DODEVE-SAGOME SOSTENITORI PIATTOVALE 35x15mm,
KP3754A-00,DODEVE - SAGOMA ELLITTICO 40X20,DODEVE SHAPE ELLIPTICAL 40x20,DODEVE - SAGOMA ELLITTICO 40x20,
TB7484S-00,DODEVE - SAGOMA ELLITTICO 60X32,DODEVE SHAPE ELLIPTICAL 60x32,DODEVE - SAGOMA ELLITTICO 60x32,
VK0253K-00,DODEVE-SAGOME SOST. 16X16 X R=0 MM,DODEVE SHAPE RECTAN. SUPPORTER 16x16 R0,DODEVE-SAGOME SOSTENITORI 16x16 x R=0 mm,
EH2990J-00,DODEVE-SAGOME SOSTENIT.30X10 MM R0,DODEVE SHAPE RECTAN. SUPPORTER 30x10 R0,DODEVE-SAGOME SOSTENITORI 30x10 mm R0,
PM8911T-00,DODEVE-SAGOME SOSTEN.40X10 X R0 MM,DODEVE SHAPE RECTAN. SUPPORTER 40x10 R0,DODEVE-SAGOME SOSTENITORI 40x10 x R0 mm,
LA8151Y-00,DODEVE-SAGOME SOSTENIT.50X10 MM R0,DODEVE SHAPE RECTAN. SUPPORTER 50x10 R0,DODEVE-SAGOME SOSTENITORI 50x10 mm R0,
FX3144Z-00,DODEVE-SAGOME SOSTENIT.70X11 MM R0,DODEVE SHAPE RECTAN. SUPPORTER 70x11 R0,DODEVE-SAGOME SOSTENITORI 70x11 mm R0,
JM9439C-00,DODEVE - SAGOMA 20X10 R2,DODEVE SHAPE RECTANGLE 20x10 R2,DODEVE - SAGOMA 20x10 R2,
DX7131B-00,DODEVE - SAGOMA 50X15 R2,DODEVE SHAPE RECTANGLE 50x15 R2,DODEVE - SAGOMA 50x15 R2,
WT8877K-00,DODEVE-SET SAGOME SOSTEN. 40X25 MM,DODEVE SHAPE RECTANGLE SUPPORTER 40x25,DODEVE-SET SAGOME SOSTENITORI 40x25 mm,
UF4694P-00,DODEVE-SAGOME PIATTO-OVALE 30X15MM,DODEVE SHAPES FLAT OVAL 30x15,DODEVE-SAGOME PIATTO-OVALE 30x15mm,
KJ9127M-00,DODEVE-SAGOME PIATTO-OVALE 36X18MM,DODEVE SHAPES FLAT OVAL 36x18,DODEVE-SAGOME PIATTO-OVALE 36x18mm,
AC1507D-00,DODEVE-SAGOME SOSTENIT.PROFILO 1/4,DODEVE SHAPES PROFILE SUPPORTER 1/4,DODEVE-SAGOME SOSTENITORI PROFILO 1/4,
RP8880A-00,DODEVE-SAGOME SOSTENIT.PROFILO 2/4,DODEVE SHAPES PROFILE SUPPORTER 2/4,DODEVE-SAGOME SOSTENITORI PROFILO 2/4,
SE2493J-00,DODEVE-SAGOME SOSTENIT.PROFILO 3/4,DODEVE SHAPES PROFILE SUPPORTER 3/4,DODEVE-SAGOME SOSTENITORI PROFILO 3/4,
WZ7005M-00,DODEVE-SAGOME SOSTENIT.PROFILO 4/4,DODEVE SHAPES PROFILE SUPPORTER 4/4,DODEVE-SAGOME SOSTENITORI PROFILO 4/4,
XT8156T-00,DODEVE-2SAGOME MANCANTI 80X60XR5MM,DODEVE SHAPES RECT. 2 MISSING 80x60 R5,DODEVE-2SAGOME MANCANTI 80x60xR5mm,
MY3304R-00,DODEVE-SAGOME SOST. RETT. 60X20 MM,DODEVE SHAPES RECTAN. SUPPORTER 60x20,DODEVE-SAGOME SOSTENITORI RETTANGOLO 60x20 mm,
ZT6511N-00,DODEVE SAGOME RETT. 25 X 20 MM,DODEVE SHAPES RECTANGLE 25x20,DODEVE SAGOME RETTANGOLO 25 x 20 mm,
MP0755R-00,DODEVE-SAGOME RETTANGOLO 30X10MM,DODEVE SHAPES RECTANGLE 30x10,DODEVE-SAGOME RETTANGOLO 30x10mm,
AH4586X-00,DODEVE-SAGOME 30X10 X RAGG. 2 MM,DODEVE SHAPES RECTANGLE 30x10 R2,DODEVE-SAGOME 30x10 x RAGG. 2 mm,
ZG4473F-00,DODEVE SAGOME RETT. 30 X 12.5 MM,"DODEVE SHAPES RECTANGLE 30x12,5",DODEVE SAGOME RETTANGOLO 30 x 12.5 mm,
GR9566L-00,DODEVE SAGOME RETT. 30 X 20 MM,DODEVE SHAPES RECTANGLE 30x20,DODEVE SAGOME RETTANGOLO 30 x 20 mm,
BE0825H-00,DODEVE-SAGOME 30X25 RAGG. 3 MM,DODEVE SHAPES RECTANGLE 30x25 R3,DODEVE-SAGOME 30x25 RAGG. 3 mm,
LF7229J-00,DODEVE MATOTOB SAGOME 40X10,DODEVE SHAPES RECTANGLE 40x10 “MATOTOB”,DODEVE MATOTOB SAGOME 40x10,
EE2620T-00,DODEVE-SAGOME 40X10 X RAGG. 2 MM,DODEVE SHAPES RECTANGLE 40x10 R2,DODEVE-SAGOME 40x10 x RAGG. 2 mm,
WG9781U-00,DODEVE-SAGOME 50X10 X RAGG. 2 MM,DODEVE SHAPES RECTANGLE 50x10 R2,DODEVE-SAGOME 50x10 x RAGG. 2 mm,
ZS0446N-00,"DODEVE - SAGOME 50X15X1,5 R3","DODEVE SHAPES RECTANGLE 50x15x1,5 R3","DODEVE - SAGOME 50x15x1,5 R3",
NV7762U-00,DODEVE-SAGOME 60X10 X RAGG. 2 MM,DODEVE SHAPES RECTANGLE 60x10 R2,DODEVE-SAGOME 60x10 x RAGG. 2 mm,
BY8355D-00,DODEVESAGOME 60X20 MM,DODEVE SHAPES RECTANGLE 60x20,DODEVE SAGOME 60x20 mm,
SF0831S-00,DODEVE-SAGOME 80X60 X R=5 MM,DODEVE SHAPES RECTANGLE 80x60 R5,DODEVE-SAGOME 80x60 x R=5 mm,
XG9427L-00,DODEVE-SAGOME BRACCI 30X20 R=0 MM,DODEVE SHAPES RECTANGLE ARMS 30x20 R0,DODEVE-SAGOME BRACCI 30x20 R=0 mm,
HA92108U-00,DODEVE-SAGOME SEZ. DA DEFINIRE,DODEVE SHAPES SECTION TO BE DEFINED,,
LJ6235R-00,DODEVESAGOME SOST. SEZIONI PAGUKK,DODEVE SHAPES SECTIONS SUPPORT “PAGUKK”,DODEVE SAGOME SOSTEGNO SEZIONI PAGUKK,
WN6951T-00,DODEVE-SET SAGOME VVOCO6776,DODEVE SHAPES SET,,
WZ7708B-00,"DODEVE - SAGOME 10X10X1,5 R3","DODEVE SHAPES SQUARE 10x10x1,5 R3","DODEVE - SAGOME 10x10x1,5 R3",
SZ5055J-00,DODEVE SAGOME QUADRO 15 X 15 MM,DODEVE SHAPES SQUARE 15x15,DODEVE SAGOME QUADRO 15 x 15 mm,
GD2671E-00,DODEVE-SAGOME QUADRO 16X16MM,DODEVE SHAPES SQUARE 16x16,DODEVE-SAGOME QUADRO 16x16mm,
AZ2369A-00,DODEVE-2SAGOME MANCANTI 30X30XR4MM,DODEVE SHAPES SQUARE 2 MISSING 30x30 R4,DODEVE-2SAGOME MANCANTI 30x30xR4mm,
DP8885R-00,DODEVE-2SAGOME MANCANTI 60X60XR7MM,DODEVE SHAPES SQUARE 2 MISSING 60x60 R7,DODEVE-2SAGOME MANCANTI 60x60xR7mm,
UV7092S-00,DODEVE SAGOME QUADRO 20 X 20 MM,DODEVE SHAPES SQUARE 20x20,DODEVE SAGOME QUADRO 20 x 20 mm,
GL3866K-00,DODEVE-SAGOME BRACCI 20X20 R=0 MM,DODEVE SHAPES SQUARE 20x20 R0,DODEVE-SAGOME BRACCI 20x20 R=0 mm,
LF3512C-00,DODEVE-SAGOME 30X30 X R=4 MM,DODEVE SHAPES SQUARE 30x30 R4,DODEVE-SAGOME 30x30 x R=4 mm,
DS5019B-00,DODEVE-SAGOME 60X60 X R=7 MM,DODEVE SHAPES SQUARE 60x60 R7,DODEVE-SAGOME 60x60 x R=7 mm,
WS4341P-00,DODEVE-SAGOME SOST. QUADRO 18X18MM,DODEVE SHAPES SQUARE SUPPORTER 18x18,DODEVE-SAGOME SOSTENITORI QUADRO 18x18mm,
RV3453Y-00,"DODEVE-SAGOME PROF.U 30X15X1,5 MM","DODEVE SHAPES U-PROFILE 30x15x1,5","DODEVE SAGOME PROFILO U 30x15x1,5 mm",
EP8048M-00,DODEVE-8.5M SAGOME SOST.20X15 X R0,"DODEVE-8,5m SHAPES SUPPORTER 20x15 R0","DODEVE-8,5m SAGOME SOSTEGNO 20x15 x R0",
YH9982E-00,DODEVE-8.5M SAGOME SOST.40X20 X R0,"DODEVE-8,5m SHAPES SUPPORTER 40x20 R0","DODEVE-8,5m SAGOME SOSTEGNO 40x20 x R0",
AV5787U-00,DODEVE-8.5M SAGOME SOST.40X30 X R0,"DODEVE-8,5m SHAPES SUPPORTER 40x30 R0","DODEVE-8,5m SAGOME SOSTEGNO 40x30 x R0",
AR2278H-00,DODEVE-8.5M SAGOME SOST.50X20 X R0,"DODEVE-8,5m SHAPES SUPPORTER 50x20 R0","DODEVE-8,5m SAGOME SOSTEGNO 50x20 x R0",
VC9259V-00,IMP.MARCATURA LACASMC2000 RAP 79,MARKING DEVICE MC2000 “LACAS”,IMP.MARCATURA LACASMC2000 RAP79,
KT6747P-00,TAMPONI DI MISURA,MEASURING BUFFERS,,
ZB3151D-00,SET COMPLETO TAMPONI DI MISURA,MEASURING BUFFERS COMPLETE SET,,
AA3423K-00,FRESA DIA. 160 S=10,MILL D160 TH10,FRESA D160 S=10,
NT1329U-00,GUMIDOBUC-ATTREZZ. TUL 90X30 80X40 V5670,GUMIDOBUC EQUIPMENT TUL 90x30 80x40,GUMIDOBUC-ATTREZZATURE TUL 90x30 80x40 V5670,
NG5607B-00,GUMIDOBUC-ATTREZZATURE AGG. X6 V4860,GUMIDOBUC EQUIPMENTS ADDITIONAL X6,GUMIDOBUC-ATTREZZATURE AGGIUNTIVE X6 V4860,
DZ7296Y-00,GUMIDOBUC-ATTR. CON SOFFIO SUPER.,GUMIDOBUC EQUIPMENTS WITH SURFACE BLOW,GUMIDOBUC-ATTREZZATURE CON SOFFIO SUPERFICIALE,
UE7812T-00,GUMIDOBUC-ATTR. ELLITT. 30X15 V5669,GUMIDOBUC EQUIPMENT ELLIPTICAL 30x15,GUMIDOBUC-ATTREZZATURA ELLITTICA 30x15 V5669,
XA9202H-00,GUMIDOBUC-GANASCE AVVOLGENTI D25 V4360,GUMIDOBUC WRAP-AROUND JAWS D25,,
YW9214E-00,N? 40 DENTI INCLINATI A 15?,N° 40 TEETH INCLINED AT 15°,N° 40 DENTI INCLINATI A 15°,
LV7927C-00,1CN FIL.INT 1 1-1/4,N°1 CN TOOL INTERNAL THREADING 1”-1”1/4,1CN FILETTATURA INTERNA 1 1-1/4,
WU3785L-00,1CN FIL.INT 1-1/2 2,N°1 CN TOOL INTERNAL THREADING 1”1/2-2”,1CN FILETTATURA INTERNA 1-1/2 2,
HZ7938H-00,1CN FIL.INT 3/4,N°1 CN TOOL INTERNAL THREADING 3/4”,1CN FILETTATURA INTERNA 3/4,
KK0153T-00,1CN CON MASCHIATORE M6 E M8,N°1 CN TOOL TAPS M6-M8,,
XL2939Z-00,1INV FORATURA M6,N°1 INVERTER DRILLING M6,,
GG2154M-00,1INV FORATURA M8,N°1 INVERTER DRILLING M8,,
UZ8207N-00,10INS.FOR. WDXT042004GACP300 V.4070,N°10 INSERT DRILLS WDXT042004GACP300,,
KB4298H-00,10INS.FOR. WDXT052504GACP300 V.4071,N°10 INSERT DRILLS WDXT052504GACP300,,
XU4836Z-00,SET(10)SAGOME PER RANALACOT,N°10 SHAPES “RANALACOT”,,
PZG54694-00,-COPPIA REGOL.12-65 (30X2 I- 45 E),N°2 ADJUSTABLE 12-65 (30°x2 INT-45°EXT),"COPPIA REGOL,12-65 (30x2 I- 45 E)",
XAX90706-00,-COPPIA REGOL.12-65 (30 INT4,N°2 ADJUSTABLE 12-65 (30°x4 INT),COPPIA REGOL.12-65 (30 INT4),
KCX51874-00,Coppia AT regolabili 45°ABS50,N°2 ADJUSTABLE 45° ABS50,,
SP6281Z-00,COPPIA DI TESTINE REGOLABILI,N°2 ADJUSTABLE HEADS,,
CZN22358-00,COPPIA TESTINE REGOLABILI FEC&RIK,N°2 ADJUSTABLE HEADS “FEC&RIK”,,
CV4173Z-00,COPPIA TESTINE REG. SM15?,N°2 ADJUSTABLE HEADS CH.15°,"COPPIA TESTINE REG, SM15°",
EGH86955-00,- COPPIA TESTINE REG NAS SM 15 e 45,N°2 ADJUSTABLE HEADS CH.15°-45° “NAS”,COPPIA TESTINE REG NAS SM 15 e 45,
ZL1013F-00,COPPIA TESTINE REGOLABILI SMUSSO45?,N°2 ADJUSTABLE HEADS CH.45°,COPPIA TESTINE REGOLABILI SMUSSO45°,
XEA82447-00,COPPIA REGOLABILI HSK 63C PIPE,N°2 ADJUSTABLE HSK 63C PIPE,,
ND8264A-00,COPPIA DI UTENSILI REGOLABILI 12-65,N°2 ADJUSTABLE TOOQJ 93-48,,
TFC83358-00,-COPPIA.UT.REG 45-80 SM 30°,N°2 ADJUSTABLE TOOQJ 68-02 CH30°,COPPIA UTENSILI REG 45-80 SM 30°,
HF6291B-00,COPPIA TAMPONI X TUBO DIAM. 24-37,N°2 BUFFERS D24-37,COPPIA TAMPONI X TUBO D24-37,
XC6631M-00,COPPIA TAMPONI DIAM 63-80 RAP 131,N°2 BUFFERS D63-80,COPPIA TAMPONI D63-80 RAP 131,
TW3414J-00,COPPIA TAMPONI D.76-80,N°2 BUFFERS D76-80,COPPIA TAMPONI D76-80,
DB5593P-00,-SET OF 2 CARTRIDES KUPEBUCUP,N°2 CARTRIDES KUPEBUCUP,SET OF 2 CARTRIDES KUPEBUCUP,
BW2434J-00,SET(2) CARTUCCE SMI30? ID34-63,N°2 CARTRIDGES INT. CH.30° INT. D34-63,,
JJ8067G-00,COPPIA UT CN 5989918049+5980018267,N°2 CN TOOQJ 8101190261+5980018267,,
EC3102S-00,2CN FIL.EXT 1/2 -3/4 (L40-450),N°2 CN TOOLS EXT. THR.1/2”-3/4”(L40-450),2CN FILETTATURA ESTERNA 1/2 -3/4 (L40-450),
MA2238H-00,2CN FIL.EXT 1 (L400-580),N°2 CN TOOLS EXT. THREAD. 1” (L400-580),2CN FILETTATURA ESTERNA 1 (L400-580),
HM8664M-00,2CN FIL.EXT 1 (L40-450),N°2 CN TOOLS EXT. THREAD. 1” (L40-450),2CN FILETTATURA ESTERNA 1 (L40-450),
DV0190L-00,2CN FIL.INT 1/2 -3/4,N°2 CN TOOLS EXT. THREADING 1/2”-3/4”,2CN FILETTATURA INTERNA 1/2 -3/4,
EW3055C-00,2CN FIL.EXT 1/2 -3/4 (L400-450),N°2 CN TOOLS EXT.THR.1/2”-3/4”(L400-450),2CN FILETTATURA ESTERNA 1/2 -3/4 (L400-450),
GU4560S-00,2CN FIL.INT/TORN.EXT 1 -1 1/4,N°2 CN TOOLS INT.THR./EXT.TURN.1”-1”1/4,2CN FILETTATURA INTERNA/TORNITURA ESTERNA 1 -1 1/4,
JF5878E-00,2CN FIL.INT/TORN.EXT 1 1/2 -2,N°2 CN TOOLS INT.THR./EXT.TURN.1”1/2-2”,2CN FILETTATURA INTERNA/TORNITURA ESTERNA 1 1/2 -2,
JL8724B-00,2CN FIL.INT/TORN.EXT 1/2 -3/4,N°2 CN TOOLS INT.THR./EXT.TURN.1/2”-3/4”,2CN FILETTATURA INTERNA/TORNITURA ESTERNA 1/2 -3/4,
NL7881K-00,FG02-ABS50 2CN+2INV MICR PER D31.75,"N°2 CN+N°2 INVERTER MICR. D31,75 ABS50","ABS50 2CN+2INVERTER MICR PER D31,75",
HHX33269-00,FG02-ABS50 2CN+2INV MICR PER D35.61,"N°2 CN+N°2 INVERTER MICR. D35,61 ABS50",ABS50 2CN+2INV MICR PER D35.61,
AD9686V-00,COPPIA ADATT. CN-ABS50 LOKAR,N°2 CN-ABS50 ADAPTER “LOKAR”,,
RPZ78121-00,Coppia di adattatori CN-Nazikupr,N°2 CN-ADAPTERS “NAZIKUPR”,COPPIA DI ADATTATORI CN-NAZIKUPR,
ZYD12944-00,COPPIA ADATT. CN-M50 NAZIKUPR,N°2 CN-M50 ADAPTER “NAZIKUPR”,,
EX8091E-00,COPPIA UTENSILI FLOTT. D47.1,"N°2 FLOATING TOOL D47,1","COPPIA UTENSILI FLOTTANTI D47,1",
MNP09393-00,- COPPIA TEST VADEKEN 15° Rufasat MUS,N°2 VADEKEN HEADS CH.15° “RUFASAT MUS”,COPPIA TEST VADEKEN 15° Rufasat MUS,
ATF79856-00,- COPPIA TEST VADEKEN 15° PIPE,N°2 VADEKEN HEADS CH.15° “PIPE”,COPPIA TEST VADEKEN 15° PIPE,
BUA92526-00,- COPPIA TEST VADEKEN 15° MACOL,N°2 VADEKEN HEADS CH.15° “MACOL”,COPPIA TEST VADEKEN 15° MACOL,
PFD84605-00,- COPPIA TEST VADEKEN 20° RINUGELUKO,N°2 VADEKEN HEADS CH.20° “RINUGELUKO”,COPPIA TEST VADEKEN 20° RINUGELUKO,
KWX87352-00,- COPPIA TEST VADEKEN 20° PIPE,N°2 VADEKEN HEADS CH.20° “PIPE”,COPPIA TEST VADEKEN 20° PIPE,
MLU19245-00,- COPPIA TEST VADEKEN 20° NAPETI,N°2 VADEKEN HEADS CH.20° “NAPETI”,COPPIA TEST VADEKEN 20° NAPETI,
LMN48280-00,COPPIA DI TESTINA VADEKEN 20° INT,N°2 VADEKEN HEADS CH.20° INTERNAL,COPPIA TESTINE VADEKEN 20° INTERNO,
NHN88041-00,COPPIA TEST VADEKEN Sasigi D140,N°2 VADEKEN HEADS D140 “SASIGI”,COPPIA TESTINE VADEKEN Sasigi D140,
KJX07992-00,COPPIA TEST VADEKEN Mivegi D140,N°2 VADEKEN HEADS D140 “MIVEGI”,COPPIA TESTINE VADEKEN Mivegi D140,
GXM18031-00,COPPIA TEST VADEKEN ALU BOMO D140,N°2 VADEKEN HEADS D140 ALUMINIUM “BOMO”,COPPIA TESTINE VADEKEN ALU BOMO D140,
TGA12602-00,-COPPIA TESTE VADEKEN D64 TH2 45°,N°2 VADEKEN HEADS D64x2 45°,COPPIA TESTE VADEKEN D64 TH2 45°,
KWJ26407-00,-COPPIA TESTE VADEKEN D76 TH2 45°,N°2 VADEKEN HEADS D76x2 45°,COPPIA TESTE VADEKEN D76 TH2 45°,
GXX75082-00,COPPIA TESTINE VADEKEN 10° EST,N°2 VADEKEN HEADS EXTERNAL CH.10°,COPPIA TESTINE VADEKEN 10° ESTERNO,
LGX63518-00,COPPIA TESTE VADEKEN 10°-15° EST,N°2 VADEKEN HEADS EXTERNAL CH.10°-15°,COPPIA TESTINE VADEKEN 10°-15° ESTERNO,
APT51045-00,COPPIA TESTINE VADEKEN 15° EST,N°2 VADEKEN HEADS EXTERNAL CH.15°,COPPIA TESTINE VADEKEN 15° ESTERNO,
KVG57631-00,COPPIA TESTE VADEKEN 15° INT- EST,N°2 VADEKEN HEADS INTERN.-EXTERN. CH.15°,COPPIA TESTINE VADEKEN 15° INTERNO - ESTERNO,
XN1936M-00,COPPIA TESTINE UT. D.15X2.5 L=145,"N°2 HEADS AND TOOL D15x2,5x145","COPPIA TESTINE UTENSILE D15x2,5x145",
DL3124C-00,COPPIA TESTINE UT.X TESTINA 3 ASSI,N°2 HEADS AND TOOL FOR THREE AXES HEAD,COPPIA TESTINE UTENSILE X TESTINA 3 ASSI,
DP6303Z-00,COPPIA TESTINE + UTENSILI,N°2 HEADS AND TOOLS,,
WL4895R-00,COPPIA TESTINE+UTENSILI D.26.7,"N°2 HEADS AND TOOLS D26,7","COPPIA TESTINE+UTENSILI D26,7",
YW2593E-00,COPPIA TESTINE+UTENSILI D. 56.5,"N°2 HEADS AND TOOLS D56,5","COPPIA TESTINE+UTENSILI D56,5",
FT7774H-00,COPPIA TESTINE+UTENSILI D. 76,N°2 HEADS AND TOOLS D76,COPPIA TESTINE+UTENSILI D76,
EW8712S-00,COPPIA TESTINE D. 12,N°2 HEADS D12,COPPIA TESTINE D12,
RK8725W-00,COPPIA TESTINE DIA. 17 -RAP 361,N°2 HEADS D17,COPPIA TESTINE D17 RAP361,
NN4704J-00,COPPIA TESTINE DIA. 18,N°2 HEADS D18,COPPIA TESTINE D18,
PX6899M-00,COPPIA TESTINE DIA. 20,N°2 HEADS D20,COPPIA TESTINE D20,
DN8357N-00,COPPIA TESTINE DIA. 22,N°2 HEADS D22,COPPIA TESTINE D22,
EC0134P-00,COPPIA TESTINE DIA. 24,N°2 HEADS D24,COPPIA TESTINE D24,
ZS0891P-00,"COPPIA TESTINE D.25,4X2,8","N°2 HEADS D25,4x2,8","COPPIA TESTINE D25,4x2,8",
CF4185G-00,"COPPIA TESTINE DIAM. 25X5,5","N°2 HEADS D25x5,5","COPPIA TESTINE D25x5,5",
PW1024X-00,COPPIA TESTINE DIA. 28,N°2 HEADS D28,COPPIA TESTINE D28,
PA7813U-00,COPPIA TESTINE DIA. 30,N°2 HEADS D30,COPPIA TESTINE D30,
GZ5728N-00,COPPIA TESTINE DIA. 35,N°2 HEADS D35,COPPIA TESTINE D35,
HF6969M-00,COPPIA TESTINE DIA. 35.9-RAP 84/03,"N°2 HEADS D35,9","COPPIA TESTINE D35,9 RAP84/03",
KT9024T-00,COPPIA TESTINE DIA. 42,N°2 HEADS D42,COPPIA TESTINE D42,
CT2358F-00,COPPIA TESTINE D. 45,N°2 HEADS D45,COPPIA TESTINE D45,
VX1406H-00,COPPIA TESTINE DIA. 50 -RAP 84/03,N°2 HEADS D50,COPPIA TESTINE D50 RAP84/03,
LG9078L-00,COPPIA TESTINE DIA. 54,N°2 HEADS D54,COPPIA TESTINE D54,
TB7338N-00,COPPIA TESTINE D.55X41 L=40,N°2 HEADS D55x41x40,COPPIA TESTINE D55x41x40,
CU9694N-00,COPPIA TESTINE D58 L=502 RAP380,N°2 HEADS D58x502,COPPIA TESTINE D58x502 RAP380,
RY7598M-00,COPPIA TESTINE PER DIAMETRO 59.2,"N°2 HEADS D59,2","COPPIA TESTINE PER D59,2",
RM0590A-00,COPPIA TESTINE DIA. 65.9-RAP 84/03,"N°2 HEADS D65,9","COPPIA TESTINE D65,9 RAP84/03",
DL7612C-00,COPPIA TESTINE D.70.9X67.3,"N°2 HEADS D709x67,3","COPPIA TESTINE D709x67,3",
JC5151T-00,COPPIA TESTINE RAP 132/031,N°2 HEADS RAP132/031,COPPIA TESTINE RAP132/031,
GE9757G-00,COPPIA TESTINE RAP 132/032,N°2 HEADS RAP132/032,COPPIA TESTINE RAP132/032,
EW2163L-00,COPPIA TESTINE RAP 132/033,N°2 HEADS RAP132/033,COPPIA TESTINE RAP132/033,
VMU97166-00,COPPIA UTENSILI INV. D60 pieno,N°2 INVERTER TOOLS BAR D60,COPPIA UTENSILI INVERTER D60 pieno,
DF5181E-00,COPPIA UTENSILI INV. D10,N°2 INVERTER TOOLS D10,COPPIA UTENSILI INVERTER D10,
NXK02241-00,COPPIA UTENSILI INVERTER D10.3,"N°2 INVERTER TOOLS D10,3","COPPIA UTENSILI INVERTER D10,3",
RBF16873-00,"-COPPIA UTENSILI INV. D10,4 s1,3","N°2 INVERTER TOOLS D10,4x1,3","COPPIA UTENSILI INVERTER D10,4 s1,3",
HMY59018-00,COPPIA UTENSILI INV. D10 s0.70,"N°2 INVERTER TOOLS D10x0,70","COPPIA UTENSILI INVERTER D10 s0,70",
ELJ02071-00,COPPIA UTENSILI INV. D10 s2.00,"N°2 INVERTER TOOLS D10x2,00","COPPIA UTENSILI INVERTER D10 s2,00",
NW6490X-00,COPPIA UTENSILI INV. D11,N°2 INVERTER TOOLS D11,COPPIA UTENSILI INVERTER D11,
XA7206K-00,COPPIA UTENSILI INV. D11.1,"N°2 INVERTER TOOLS D11,1","COPPIA UTENSILI INVERTER D11,1",
GCB13080-00,"-COPPIA UTENSILI INV. D11,85 s1,3","N°2 INVERTER TOOLS D11,85x1,3","COPPIA UTENSILI INVERTER D11,85 s1,3",
SKC45335-00,COPPIA UTENSILI INV. D11 s1,N°2 INVERTER TOOLS D11x1,COPPIA UTENSILI INVERTER D11 s1,
VY8542R-00,COPPIA UTENSILI INV. D12.5,"N°2 INVERTER TOOLS D12,5","COPPIA UTENSILI INVERTER D12,5",
JN3574F-00,COPPIA UTENSILI INV. D12.7,"N°2 INVERTER TOOLS D12,7","COPPIA UTENSILI INVERTER D12,7",
LDJ07887-00,"-COPPIA UTENSILI INV. D12,7 s1","N°2 INVERTER TOOLS D12,7x1","COPPIA UTENSILI INVERTER D12,7 s1",
UTK47627-00,-COPPIA UT INV. D12.7 s1.65-2.11,"N°2 INVERTER TOOLS D12,7x1,65/2,11","COPPIA UTENSILI INVERTER D12,7 s1,65-2,11",
WDA62538-00,COPPIA UTE. INV. D12.84 s0.7 INOX,"N°2 INVERTER TOOLS D12,84x0,7 INOX","COPPIA UTENSILI INVERTER D12,84 s0,7 INOX",
CKR76791-00,COPPIA UTENSILI INV. D12 S1,N°2 INVERTER TOOLS D12x1,COPPIA UTENSILI INVERTER D12 S1,
ZZZ06222-00,"-COPPIA UTENSILI INV. D12 s1,6","N°2 INVERTER TOOLS D12x1,6","COPPIA UTENSILI INVERTER D12 s1,6",
HHR28468-00,COPPIA UTENSILI INV. D12 S2,N°2 INVERTER TOOLS D12x2,COPPIA UTENSILI INVERTER D12 S2,
BHT97834-00,"COPPIA UTENSILI INV. D12 s2,85","N°2 INVERTER TOOLS D12x2,85","COPPIA UTENSILI INVERTER D12 s2,85",
UYU58351-00,-COPPIA UT INV. D13.72 sxx Ruvaroge,"N°2 INVERTER TOOLS D13,72x... “RUVAROGE”","COPPIA UTENSILI INVERTER D13,72 sxx Ruvaroge",
KFX20884-00,COPPIA UTENSILI INVERTER D13.88 s0.85 INOX,"N°2 INVERTER TOOLS D13,88x0,85 INOX","COPPIA UTENSILI INVERTER D13,88 s0,85 INOX",
EVJ31660-00,-COPPIA UTENSILI INV. D13.95 s1.5,"N°2 INVERTER TOOLS D13,95x1,5","COPPIA UTENSILI INVERTER D13,95 s1,5",
DEW50579-00,COPPIA UTENSILI INV. D13 s0.5,"N°2 INVERTER TOOLS D13x0,5","COPPIA UTENSILI INVERTER D13 s0,5",
RUV22904-00,COPPIA UTENSILI INV. D13 S1.5,"N°2 INVERTER TOOLS D13x1,5","COPPIA UTENSILI INVERTER D13 S1,5",
TFZ18043-00,COPPIA UTENSILI INV. D13 S2 ZUCR,N°2 INVERTER TOOLS D13x2 “ZUCR”,COPPIA UTENSILI INVERTER D13 S2 ZUCR,
GGP21539-00,COPPIA UTENSILI INV. D14,N°2 INVERTER TOOLS D14,COPPIA UTENSILI INVERTER D14,
RL1585S-00,COPPIA UTENSILI INV. D14 SMI30,N°2 INVERTER TOOLS D14 SMI30,COPPIA UTENSILI INVERTER D14 SMI30,
LP9766F-00,COPPIA UTENSILI INV. D14 SMI45,N°2 INVERTER TOOLS D14 SMI45,COPPIA UTENSILI INVERTER D14 SMI45,
FLX18048-00,"-COPPIA UTENSILI INV. D14.3 s1,5","N°2 INVERTER TOOLS D14,3x1,5","COPPIA UTENSILI INVERTER D14,3 s1,5",
VGF14041-00,COPPIA UTE. INV. D14.5 s0.7 INOX,"N°2 INVERTER TOOLS D14,5x0,7 INOX","COPPIA UTENSILI INVERTER D14,5 s0,7 INOX",
VKE73784-00,"-COPPIA UTENSILI INV. D14,9 s1,6","N°2 INVERTER TOOLS D14,9x1,6","COPPIA UTENSILI INVERTER D14,9 s1,6",
HHK48544-00,COPPIA UTENSILI INV. D14 s1.00,"N°2 INVERTER TOOLS D14x1,00","COPPIA UTENSILI INVERTER D14 s1,00",
MWE50611-00,COPPIA UTENSILI INV. D14 s1.00 CU,"N°2 INVERTER TOOLS D14x1,00 COPPER","COPPIA UTENSILI INVERTER D14 s1,00 CU",
ABT09060-00,COPPIA UTENSILI INV. D14 s2,N°2 INVERTER TOOLS D14x2,COPPIA UTENSILI INVERTER D14 s2,
CJK02905-00,COPPIA UTENSILI INV. D14 s2.5,"N°2 INVERTER TOOLS D14x2,5","COPPIA UTENSILI INVERTER D14 s2,5",
MWR28874-00,"COPPIA UTENSILI INV. D14 s2,85","N°2 INVERTER TOOLS D14x2,85","COPPIA UTENSILI INVERTER D14 s2,85",
ZLX49802-00,COPPIA UTENSILI INV. D15,N°2 INVERTER TOOLS D15,COPPIA UTENSILI INVERTER D15,
RXK02822-00,-COPPIA UTENSILI INV. D15.9 s2.4,"N°2 INVERTER TOOLS D15,9x2,4","COPPIA UTENSILI INVERTER D15,9 s2,4",
BRY80523-00,COPPIA UTENSILI INV. D15 s1,N°2 INVERTER TOOLS D15x1,COPPIA UTENSILI INVERTER D15 s1,
ADB74139-00,COPPIA UTENSILI INV. D15 S2,N°2 INVERTER TOOLS D15x2,COPPIA UTENSILI INVERTER D15 S2,
VA8384Y-00,COPPIA UTENSILI INV. D16,N°2 INVERTER TOOLS D16,COPPIA UTENSILI INVERTER D16,
XAY92060-00,-COPPIA UTENSILI INV. D16.9 s0.5,"N°2 INVERTER TOOLS D16,9x0,5","COPPIA UTENSILI INVERTER D16,9 s0,5",
CAZ13275-00,"-COPPIA UTENSILI INV. D16 s0,8","N°2 INVERTER TOOLS D16x0,8","COPPIA UTENSILI INVERTER D16 s0,8",
CVW63460-00,COPPIA UTENSILI INV. D16 S1,N°2 INVERTER TOOLS D16x1,COPPIA UTENSILI INVERTER D16 S1,
MCZ39551-00,COPPIA UTENSILI INV. D16 S3,N°2 INVERTER TOOLS D16x3,COPPIA UTENSILI INVERTER D16 S3,
MHH31523-00,"-COPPIA UTENSILI INV. D16 s3,9","N°2 INVERTER TOOLS D16x3,9","COPPIA UTENSILI INVERTER D16 s3,9",
ZTS23335-00,-COPPIA UTENSILI INV. D17.3 s3.4,"N°2 INVERTER TOOLS D17,3x3,4","COPPIA UTENSILI INVERTER D17,3 s3,4",
THD05346-00,"-COPPIA UTENSILI INV. D17,8 s1,74","N°2 INVERTER TOOLS D17,8x1,74","COPPIA UTENSILI INVERTER D17,8 s1,74",
YGG54664-00,COPPIA UTENSILI INV. D17 s1,N°2 INVERTER TOOLS D17x1,COPPIA UTENSILI INVERTER D17 s1,
VYK28727-00,COPPIA UTENSILI INV. D17 S4.4,"N°2 INVERTER TOOLS D17x4,4","COPPIA UTENSILI INVERTER D17 S4,4",
AF9978F-00,COPPIA UTENSILI INV. D18,N°2 INVERTER TOOLS D18,COPPIA UTENSILI INVERTER D18,
FJE69966-00,-COPPIA UTENSILI INV. D18.08 s0.97,"N°2 INVERTER TOOLS D18,08x0,97","COPPIA UTENSILI INVERTER D18,08 s0,97",
WJZ19988-00,-COPPIA UTENSILI INV. D18.5 s1.5,"N°2 INVERTER TOOLS D18,5x1,5","COPPIA UTENSILI INVERTER D18,5 s1,5",
JTB44969-00,"-COPPIA UTENSILI INV. D18,5 s4.05","N°2 INVERTER TOOLS D18,5x4,05","COPPIA UTENSILI INVERTER D18,5 s4,05",
USJ79643-00,"-COPPIA UTENSILI INV. D18,9 s2,65","N°2 INVERTER TOOLS D18,9x2,65","COPPIA UTENSILI INVERTER D18,9 s2,65",
TPT03193-00,COPPIA UTENSILI INV. D18 S1,N°2 INVERTER TOOLS D18x1,COPPIA UTENSILI INVERTER D18 S1,
EKS97155-00,COPPIA UTE. INV. D18 s1.84 ACC,"N°2 INVERTER TOOLS D18x1,84 STEEL","COPPIA UTENSILI INVERTER D18 s1,84 ACC",
LPN56460-00,COPPIA UTENSILI INV. D18 S2,N°2 INVERTER TOOLS D18x2,COPPIA UTENSILI INVERTER D18 S2,
TWW29715-00,COPPIA UTENSILI INV. D18 S2.5,"N°2 INVERTER TOOLS D18x2,5","COPPIA UTENSILI INVERTER D18 S2,5",
PGB94438-00,COPPIA UTENSILI INV. D18 S2.93,"N°2 INVERTER TOOLS D18x2,93","COPPIA UTENSILI INVERTER D18 S2,93",
SX4787R-00,COPPIA UTENSILI INV. D18 TH3.9,"N°2 INVERTER TOOLS D18x3,9","COPPIA UTENSILI INVERTER D18 TH3,9",
TBD15853-00,COPPIA UT INV. D18 S4 ALU.,N°2 INVERTER TOOLS D18x4 ALUMINIUM,COPPIA UTENSILI INVERTER D18 S4 ALU,
BA4419D-00,COPPIA UTENSILI INV. D18 TH4.5,"N°2 INVERTER TOOLS D18x4,5","COPPIA UTENSILI INVERTER D18 TH4,5",
FAB23630-00,-COPPIA UTENSILI INV. D19.05 s1.82,"N°2 INVERTER TOOLS D19,05x1,82","COPPIA UTENSILI INVERTER D19,05 s1,82",
YVY05566-00,-COPPIA UT INV. D19.05 s2.1-3.1,"N°2 INVERTER TOOLS D19,05x2,1-3,1","COPPIA UTENSILI INVERTER D19,05 s2,1-3,1",
LMR45736-00,-COPPIA UTENSILI INV. D19.05 s4,"N°2 INVERTER TOOLS D19,05x4","COPPIA UTENSILI INVERTER D19,05 s4",
WWW62528-00,COPPIA UTENSILI INV. D19.10 s1.00,"N°2 INVERTER TOOLS D19,10x1,00","COPPIA UTENSILI INVERTER D19,10 s1,00",
GWT55507-00,-COPPIA UT INV. D19.1 s2.25 ABS50,"N°2 INVERTER TOOLS D19,1x2,25 ABS50","COPPIA UTENSILI INVERTER D19,1 s2,25 ABS50",
ZUP28009-00,-COPPIA UTENSILI INV. D19.25 s4.13,"N°2 INVERTER TOOLS D19,25x4,13","COPPIA UTENSILI INVERTER D19,25 s4,13",
PUB74207-00,-COPPIA UTENSILI INV. D19.2 s3.3,"N°2 INVERTER TOOLS D19,2x3,3","COPPIA UTENSILI INVERTER D19,2 s3,3",
BFX02786-00,COPPIA UTENSILI INV. D19 S2,N°2 INVERTER TOOLS D19x2,COPPIA UTENSILI INVERTER D19 S2,
MXG74565-00,COPPIA UTE. INV. D19 s2.45 ACC,"N°2 INVERTER TOOLS D19x2,45 STEEL","COPPIA UTENSILI INVERTER D19 s2,45 ACC",
ZHC74425-00,COPPIA UTENSILI INV. D19 S2.5,"N°2 INVERTER TOOLS D19x2,5","COPPIA UTENSILI INVERTER D19 S2,5",
XFA04483-00,COPPIA UTENSILI INV. D19 S3.5,"N°2 INVERTER TOOLS D19x3,5","COPPIA UTENSILI INVERTER D19 S3,5",
UVD04227-00,-COPPIA UTENSILI INV. D20.9 s0.5,"N°2 INVERTER TOOLS D20,9x0,5","COPPIA UTENSILI INVERTER D20,9 s0,5",
BBL75862-00,COPPIA UTENSILI INV. D20 s1,N°2 INVERTER TOOLS D20x1,COPPIA UTENSILI INVERTER D20 s1,
LHC30640-00,COPPIA UTENSILI INV. D20 S1.00,"N°2 INVERTER TOOLS D20x1,00","COPPIA UTENSILI INVERTER D20 S1,00",
RTC06450-00,COPPIA UTENSILI INV. D20 S2,N°2 INVERTER TOOLS D20x2,COPPIA UTENSILI INVERTER D20 S2,
YCV26148-00,COPPIA UTE. INV. D20 s2.8 ACC,"N°2 INVERTER TOOLS D20x2,8 STEEL","COPPIA UTENSILI INVERTER D20 s2,8 ACC",
LHW07362-00,"-COPPIA UTENSILI INV. D20 s2,9","N°2 INVERTER TOOLS D20x2,9","COPPIA UTENSILI INVERTER D20 s2,9",
ACZ86727-00,COPPIA UTENSILI INV. D20 S3.5,"N°2 INVERTER TOOLS D20x3,5","COPPIA UTENSILI INVERTER D20 S3,5",
TBY35492-00,COPPIA UTENSILI INV. D20 S3.75,"N°2 INVERTER TOOLS D20x3,75","COPPIA UTENSILI INVERTER D20 S3,75",
XZP17119-00,"-COPPIA UTENSILI INV. D20 s3,9","N°2 INVERTER TOOLS D20x3,9","COPPIA UTENSILI INVERTER D20 s3,9",
GEX55763-00,"-COPPIA UTENSILI INV. D20 s4,85","N°2 INVERTER TOOLS D20x4,85","COPPIA UTENSILI INVERTER D20 s4,85",
JW5211V-00,COPPIA UTENSILI INV. D21.1,"N°2 INVERTER TOOLS D21,1","COPPIA UTENSILI INVERTER D21,1",
STP74902-00,-COPPIA UT INV. D21.34 sxx Ruvaroge,"N°2 INVERTER TOOLS D21,34x... “RUVAROGE”","COPPIA UTENSILI INVERTER D21,34 sxx Ruvaroge",
NCS91425-00,-COPPIA UTENSILI INV. D21.3 s2,"N°2 INVERTER TOOLS D21,3x2","COPPIA UTENSILI INVERTER D21,3 s2",
THJ65725-00,COPPIA UTENSILI INV D21.5 s2.5,"N°2 INVERTER TOOLS D21,5x2,5","COPPIA UTENSILI INVERTER D21,5 s2,5",
VU5293X-00,COPPIA UTENSILI INV. D21.7,"N°2 INVERTER TOOLS D21,7","COPPIA UTENSILI INVERTER D21,7",
XYC74056-00,-COPPIA UTENSILI INV. D21.7 s3.8,"N°2 INVERTER TOOLS D21,7x3,8","COPPIA UTENSILI INVERTER D21,7 s3,8",
UNH55518-00,COPPIA UTENSILI INV D21 s3.5,"N°2 INVERTER TOOLS D21x3,5","COPPIA UTENSILI INVERTER D21 s3,5",
PXA47811-00,"-COPPIA UTENSILI INVERTER D21 s4,4","N°2 INVERTER TOOLS D21x4,4","COPPIA UTENSILI INVERTER D21 s4,4",
BRF10277-00,-COPPIA UTENSILI INV. D22.2 s1.5,"N°2 INVERTER TOOLS D22,2x1,5","COPPIA UTENSILI INVERTER D22,2 s1,5",
JSV17806-00,"-COPPIA UTENSILI INV. D22.2 s2,2","N°2 INVERTER TOOLS D22,2x2,2","COPPIA UTENSILI INVERTER D22,2 s2,2",
RZV13817-00,"-COPPIA UTENSILI INV D22,5 s4,15","N°2 INVERTER TOOLS D22,5x4,15","COPPIA UTENSILI INVERTER D22,5 s4,15",
JR3978E-00,COPPIA UTENSILI INV. D22.8,"N°2 INVERTER TOOLS D22,8","COPPIA UTENSILI INVERTER D22,8",
PWY32673-00,COPPIA UTENSILI INV. D22 S1,N°2 INVERTER TOOLS D22x1,COPPIA UTENSILI INVERTER D22 S1,
LLE08002-00,-COPPIA UTENSILI INV. D22 s1.5 INOX,"N°2 INVERTER TOOLS D22x1,5 INOX","COPPIA UTENSILI INVERTER D22 s1,5 INOX",
FEU72075-00,COPPIA UTENSILI INV. D22 S2,N°2 INVERTER TOOLS D22x2,COPPIA UTENSILI INVERTER D22 S2,
GAL50944-00,COPPIA UTENSILI INV. D22 S2.5,"N°2 INVERTER TOOLS D22x2,5","COPPIA UTENSILI INVERTER D22 S2,5",
EHL03396-00,-COPPIA UT INV. D22 s3.9 ABS50,"N°2 INVERTER TOOLS D22x3,9 ABS50","COPPIA UTENSILI INVERTER D22 s3,9 ABS50",
PHE68331-00,COPPIA UT. INV. D22 S3.95S4.9,"N°2 INVERTER TOOLS D22x3,95-4,9","COPPIA UTENSILI INVERTER D22 S3,95S4,9",
WSR28011-00,"-COPPIA UTENSILI INV. D22 s4,9","N°2 INVERTER TOOLS D22x4,9","COPPIA UTENSILI INVERTER D22 s4,9",
GKG91098-00,COPPIA UTENSILI INV. D23.3,"N°2 INVERTER TOOLS D23,3","COPPIA UTENSILI INVERTER D23,3",
RVR38696-00,-COPPIA UTENSILI INV. D23.3 s1.65,"N°2 INVERTER TOOLS D23,3x1,65","COPPIA UTENSILI INVERTER D23,3 s1,65",
SBR72625-00,COPPIA UTENSILI INV. D23 S3.5,"N°2 INVERTER TOOLS D23x3,5","COPPIA UTENSILI INVERTER D23 S3,5",
PCD64900-00,-COPPIA UTENSILI INV. D23 s5.45 ALU,"N°2 INVERTER TOOLS D23x5,45 ALUMINIUM","COPPIA UTENSILI INVERTER D23 s5,45 ALU",
YAB02870-00,-COPPIA UTENSILI INV. D23 s6.4 HKS63,"N°2 INVERTER TOOLS D23x6,4 HKS63","COPPIA UTENSILI INVERTER D23 s6,4 HKS63",
GUY16393-00,"-COPPIA UTENSILI INV. D24,5","N°2 INVERTER TOOLS D24,5","COPPIA UTENSILI INVERTER D24,5",
SGS67907-00,-COPPIA UTENSILI INV. D24.5 s3.25,"N°2 INVERTER TOOLS D24,5x3,25","COPPIA UTENSILI INVERTER D24,5 s3,25",
XKW46100-00,-COPPIA UT INV. D24.5 s3.25 sm25°,"N°2 INVERTER TOOLS D24,5x3,25 CH25°","COPPIA UTENSILI INVERTER D24,5 s3,25 sm25°",
MWT73769-00,COPPIA UTENSILI INV. D24 S3.75,"N°2 INVERTER TOOLS D24x3,75","COPPIA UTENSILI INVERTER D24 S3,75",
ZCL60695-00,COPPIA UTENSILI INV. D24 S4,N°2 INVERTER TOOLS D24x4,COPPIA UTENSILI INVERTER D24 S4,
TXR16468-00,COPPIA UT INV. D24 S4 ALU.,N°2 INVERTER TOOLS D24x4 ALUMINIUM,COPPIA UTENSILI INVERTER D24 S4 ALU,
MLD45598-00,-COPPIA UT INV. D24 s4-6 ALU,N°2 INVERTER TOOLS D24x4/6 ALUMINIUM,COPPIA UTENSILI INVERTER D24 s4-6 ALU,
KF6488W-00,COPPIA UTENSILI INV. D25,N°2 INVERTER TOOLS D25,COPPIA UTENSILI INVERTER D25,
JAD40834-00,COPPIA UTENSILI INV. D25.4 s1.00,"N°2 INVERTER TOOLS D25,4x1,00","COPPIA UTENSILI INVERTER D25,4 s1,00",
UUN40302-00,-COPPIA UT INV. D25.4 s1.5 ABS50,"N°2 INVERTER TOOLS D25,4x1,5 ABS50","COPPIA UTENSILI INVERTER D25,4 s1,5 ABS50",
TDA34501-00,-COPPIA UTENSILI INV. D25.4 s2.1,"N°2 INVERTER TOOLS D25,4x2,1","COPPIA UTENSILI INVERTER D25,4 s2,1",
KPF61753-00,-COPPIA UT INV. D25.4 s2.4-3.1,"N°2 INVERTER TOOLS D25,4x2,4-3,1","COPPIA UTENSILI INVERTER D25,4 s2,4-3,1",
LWX03003-00,COPPIA UT INV. D25.4 s2.75 ABS50,"N°2 INVERTER TOOLS D25,4x2,75 ABS50","COPPIA UTENSILI INVERTER D25,4 s2,75 ABS50",
LUD31087-00,-COPPIA UT INV. D25.4 s3 ABS50,"N°2 INVERTER TOOLS D25,4x3 ABS50","COPPIA UTENSILI INVERTER D25,4 s3 ABS50",
ZBZ56821-00,-COPPIA UTENSILI INV. D25.4 s6.,"N°2 INVERTER TOOLS D25,4x6","COPPIA UTENSILI INVERTER D25,4 s6",
ZUP11669-00,COPPIA UT INV. D25.6 s6.4 ALU,"N°2 INVERTER TOOLS D25,6x6,4 ALUMINIUM","COPPIA UTENSILI INVERTER D25,6 s6,4 ALU",
AFD17236-00,COPPIA UT INV. D25.6 s6.75 ALU,"N°2 INVERTER TOOLS D25,6x6,75 ALUMINIUM","COPPIA UTENSILI INVERTER D25,6 s6,75 ALU",
VGS52760-00,COPPIA UTENSILI INV. D25 S1,N°2 INVERTER TOOLS D25x1,COPPIA UTENSILI INVERTER D25 S1,
HVW09185-00,COPPIA UTENSILI INV. D25 S1.5,"N°2 INVERTER TOOLS D25x1,5","COPPIA UTENSILI INVERTER D25 S1,5",
ARD25417-00,COPPIA UTENSILI INV. D25 S2.5,"N°2 INVERTER TOOLS D25x2,5","COPPIA UTENSILI INVERTER D25 S2,5",
VFM51554-00,COPPIA UTENSILI INV. D25 s3,N°2 INVERTER TOOLS D25x3,COPPIA UTENSILI INVERTER D25 s3,
FFA64902-00,COPPIA UT. INV. D25 s3.5,"N°2 INVERTER TOOLS D25x3,5","COPPIA UTENSILI INVERTER D25 s3,5",
STJ85890-00,COPPIA UTENSILI INV. D25 S4,N°2 INVERTER TOOLS D25x4,COPPIA UTENSILI INVERTER D25 S4,
KFD14497-00,COPPIA UT INV. D25 s5.5 ALU,"N°2 INVERTER TOOLS D25x5,5 ALUMINIUM","COPPIA UTENSILI INVERTER D25 s5,5 ALU",
VKA57604-00,COPPIA UT INV. D25 s6.27,"N°2 INVERTER TOOLS D25x6,27","COPPIA UTENSILI INVERTER D25 s6,27",
URF02312-00,"-COPPIA UTENSILI INV. D25 s6,275","N°2 INVERTER TOOLS D25x6,275","COPPIA UTENSILI INVERTER D25 s6,275",
BNU02778-00,-COPPIA UT INV. D25 s6.35 HSK63,"N°2 INVERTER TOOLS D25x6,35 HSK63","COPPIA UTENSILI INVERTER D25 s6,35 HSK63",
KAY75281-00,COPPIA UT. INV. D25 S6.45,"N°2 INVERTER TOOLS D25x6,45","COPPIA UTENSILI INVERTER D25 S6,45",
SUX26502-00,COPPIA UT INV. D25 s7.42,"N°2 INVERTER TOOLS D25x7,42","COPPIA UTENSILI INVERTER D25 s7,42",
ZLJ93800-00,-COPPIA UTENSILI INV. D26.25 s6.9,"N°2 INVERTER TOOLS D26,25x6,9","COPPIA UTENSILI INVERTER D26,25 s6,9",
JUJ15403-00,-COPPIA UTENSILI INV. D26.2 s1.1,"N°2 INVERTER TOOLS D26,2x1,1","COPPIA UTENSILI INVERTER D26,2 s1,1",
MXM91107-00,-COPPIA UTENSILI INV. D26.2 s1.1 Z2,"N°2 INVERTER TOOLS D26,2x1,1 Z2","COPPIA UTENSILI INVERTER D26,2 s1,1 Z2",
VHZ49695-00,-COPPIA UTENSILI INV. D26.5 Flat B,"N°2 INVERTER TOOLS D26,5 FLAT B","COPPIA UTENSILI INVERTER D26,5 Flat B",
JNZ57155-00,"-COPPIA UTENSILI INV. D26,5 s5,85","N°2 INVERTER TOOLS D26,5x5,85","COPPIA UTENSILI INVERTER D26,5 s5,85",
GEA03612-00,-COPPIA UTENSILI INV. D26.5 s6.1,"N°2 INVERTER TOOLS D26,5x6,1","COPPIA UTENSILI INVERTER D26,5 s6,1",
DPS82024-00,-COPPIA UTENSILI INV. D26.5 s7.2,"N°2 INVERTER TOOLS D26,5x7,2","COPPIA UTENSILI INVERTER D26,5 s7,2",
ZXR69690-00,COPPIA UT INV. D26.6 s7.25 ALU,"N°2 INVERTER TOOLS D26,6x7,25 ALUMINIUM","COPPIA UTENSILI INVERTER D26,6 s7,25 ALU",
GKY31016-00,-COPPIA UTENSILI INV. D26.95 s1.65,"N°2 INVERTER TOOLS D26,95x1,65","COPPIA UTENSILI INVERTER D26,95 s1,65",
SEH19850-00,-COPPIA UTENSILI INV. D26.9 s5.5,"N°2 INVERTER TOOLS D26,9x5,5","COPPIA UTENSILI INVERTER D26,9 s5,5",
JHV44486-00,COPPIA UTENSILI INV. D26 S2.5,"N°2 INVERTER TOOLS D26x2,5","COPPIA UTENSILI INVERTER D26 S2,5",
HVP19664-00,COPPIA UTENSILI INV. D26 S3.85,"N°2 INVERTER TOOLS D26x3,85","COPPIA UTENSILI INVERTER D26 S3,85",
CKS55892-00,COPPIA UTENSILI INV. D26 S4.25,"N°2 INVERTER TOOLS D26x4,25","COPPIA UTENSILI INVERTER D26 S4,25",
LAD97890-00,"-COPPIA UTENSILI INV. D26 s6,45","N°2 INVERTER TOOLS D26x6,45","COPPIA UTENSILI INVERTER D26 s6,45",
JHF11050-00,COPPIA UT INV. D26 s6.75 ALU,"N°2 INVERTER TOOLS D26x6,75 ALUMINIUM","COPPIA UTENSILI INVERTER D26 s6,75 ALU",
VGS77969-00,COPPIA UT INV. D26 S6.95,"N°2 INVERTER TOOLS D26x6,95","COPPIA UTENSILI INVERTER D26 S6,95",
WLR01868-00,COPPIA UTENSILI INV. D27 BELE,N°2 INVERTER TOOLS D27 “BELE”,COPPIA UTENSILI INVERTER D27 BELE,
XTP27198-00,-COPPIA UTENSILI INV. D27.25 s7.6,"N°2 INVERTER TOOLS D27,25x7,6","COPPIA UTENSILI INVERTER D27,25 s7,6",
DNG61915-00,COPPIA UT. INV. D27.2 s 5.3,"N°2 INVERTER TOOLS D27,2x5,3","COPPIA UTENSILI INVERTER D27,2 s 5,3",
XAH19231-00,-COPPIA UTENSILI INV. D27.2 s5.5,"N°2 INVERTER TOOLS D27,2x5,5","COPPIA UTENSILI INVERTER D27,2 s5,5",
JRN87258-00,"-COPPIA UTENSILI INV. D27,5 s7,7","N°2 INVERTER TOOLS D27,5x7,7","COPPIA UTENSILI INVERTER D27,5 s7,7",
ZZY18633-00,-COPPIA UT INV. D27.6 s3 ABS50,"N°2 INVERTER TOOLS D27,6x3 ABS50","COPPIA UTENSILI INVERTER D27,6 s3 ABS50",
LHV32294-00,COPPIA UT INV. D27.7 s7.8 ALU,"N°2 INVERTER TOOLS D27,7x7,8 ALUMINIUM","COPPIA UTENSILI INVERTER D27,7 s7,8 ALU",
ALU38348-00,COPPIA UTENSILI INV. D27 S2,N°2 INVERTER TOOLS D27x2,COPPIA UTENSILI INVERTER D27 S2,
STS94667-00,COPPIA UTENSILI INV. D27 S3,N°2 INVERTER TOOLS D27x3,COPPIA UTENSILI INVERTER D27 S3,
APW23903-00,COPPIA UT. INV. D27 s3.5,"N°2 INVERTER TOOLS D27x3,5","COPPIA UTENSILI INVERTER D27 s3,5",
VTY89769-00,COPPIA UTENSILI INV. D27 S4.3,"N°2 INVERTER TOOLS D27x4,3","COPPIA UTENSILI INVERTER D27 S4,3",
ZYT59679-00,COPPIA UT. INV. D27 s5.5,"N°2 INVERTER TOOLS D27x5,5","COPPIA UTENSILI INVERTER D27 s5,5",
KRY79884-00,COPPIA UTENSILI INV. D27 S6,N°2 INVERTER TOOLS D27x6,COPPIA UTENSILI INVERTER D27 S6,
CMD43174-00,COPPIA UTENSILI INV. D27 S7.4,"N°2 INVERTER TOOLS D27x7,4","COPPIA UTENSILI INVERTER D27 S7,4",
VL1071P-00,COPPIA UTENSILI INV. D28,N°2 INVERTER TOOLS D28,COPPIA UTENSILI INVERTER D28,
FYJ74526-00,-COPPIA UT INV. D28.45 s2 ABS50,"N°2 INVERTER TOOLS D28,45x2 ABS50","COPPIA UTENSILI INVERTER D28,45 s2 ABS50",
RZT18572-00,"-COPPIA UTENSILI INV. D28,6 s1,4","N°2 INVERTER TOOLS D28,6x1,4","COPPIA UTENSILI INVERTER D28,6 s1,4",
LEV47194-00,COPPIA UTENSILI INV. D28 S1,N°2 INVERTER TOOLS D28x1,COPPIA UTENSILI INVERTER D28 S1,
ESH57192-00,COPPIA UTENSILI INV. D28 S1.5,"N°2 INVERTER TOOLS D28x1,5","COPPIA UTENSILI INVERTER D28 S1,5",
DPV55926-00,COPPIA UTENSILI INV. D28 S3,N°2 INVERTER TOOLS D28x3,COPPIA UTENSILI INVERTER D28 S3,
FNU18206-00,COPPIA UTENSILI INV. D28 S5,N°2 INVERTER TOOLS D28x5,COPPIA UTENSILI INVERTER D28 S5,
LXP97934-00,-COPPIA UTENSILI INV. D28 s6.5 BELE,"N°2 INVERTER TOOLS D28x6,5 “BELE”","COPPIA UTENSILI INVERTER D28 s6,5 BELE",
JJM90247-00,"COPPIA UTENSILI INV. D28 s6,8","N°2 INVERTER TOOLS D28x6,8","COPPIA UTENSILI INVERTER D28 s6,8",
UDH71056-00,COPPIA UT INV. D28 s7.75 ALU,"N°2 INVERTER TOOLS D28x7,75 ALUMINIUM","COPPIA UTENSILI INVERTER D28 s7,75 ALU",
YJ7377G-00,COPPIA UTENSILI INV. D29,N°2 INVERTER TOOLS D29,COPPIA UTENSILI INVERTER D29,
VVY82157-00,COPPIA UTENSILI INV. D29 ZEKOD,N°2 INVERTER TOOLS D29 “ZEKOD”,COPPIA UTENSILI INVERTER D29 ZEKOD,
JNJ96821-00,-COPPIA UTENSILI INV. D29.1 s8.5,"N°2 INVERTER TOOLS D29,1x8,5","COPPIA UTENSILI INVERTER D29,1 s8,5",
FWH27699-00,"-COPPIA UTENSILI INVERTER D29,5 s6,3","N°2 INVERTER TOOLS D29,5x6,3","COPPIA UTENSILI INVERTER D29,5 s6,3",
EHT38022-00,-COPPIA UTENSILI INV. D29.75 s7.65,"N°2 INVERTER TOOLS D29,75x7,65","COPPIA UTENSILI INVERTER D29,75 s7,65",
JDU90881-00,COPPIA UTENSILI INV. D29 S4,N°2 INVERTER TOOLS D29x4,COPPIA UTENSILI INVERTER D29 S4,
PYR25090-00,-COPPIA UT INV. D29 s4.95 R2 int,"N°2 INVERTER TOOLS D29x4,95 R2 INT.","COPPIA UTENSILI INVERTER D29 s4,95 R2 int",
XXH60561-00,COPPIA UTENSILI INV. D29 s6.4 ALL,"N°2 INVERTER TOOLS D29x6,4 ALUMINIUM","COPPIA UTENSILI INVERTER D29 s6,4 ALL",
REW84354-00,COPPIA UTENSILI INV. D30,N°2 INVERTER TOOLS D30,COPPIA UTENSILI INVERTER D30,
AME21136-00,COPPIA UTENSILI INV. D30 D35,N°2 INVERTER TOOLS D30 D35,COPPIA UTENSILI INVERTER D30 D35,
BNK64843-00,-COPPIA UTENSILI INV. D30.17 s1,"N°2 INVERTER TOOLS D30,17x1","COPPIA UTENSILI INVERTER D30,17 s1",
JT8890X-00,COPPIA UTENSILI INV. D30.5,"N°2 INVERTER TOOLS D30,5","COPPIA UTENSILI INVERTER D30,5",
NPA26661-00,-COPPIA UTENSILI INV. D30.5 s9,"N°2 INVERTER TOOLS D30,5x9","COPPIA UTENSILI INVERTER D30,5 s9",
MEN32246-00,-COPPIA UTENSILI INV. D30.6 s2,"N°2 INVERTER TOOLS D30,6x2","COPPIA UTENSILI INVERTER D30,6 s2",
FMR55791-00,-COPPIA UT INV. D30.6 s2 sm25°,"N°2 INVERTER TOOLS D30,6x2 CH.25°","COPPIA UTENSILI INVERTER D30,6 s2 sm25°",
FSZ64091-00,-COPPIA UT INV. D30 s2 45-45 ABS50,N°2 INVERTER TOOLS D30x2 45-45 ABS50,COPPIA UTENSILI INVERTER D30 s2 45-45 ABS50,
TSZ53096-00,"-COPPIA UTENSILI INV. D30 s2,35","N°2 INVERTER TOOLS D30x2,35","COPPIA UTENSILI INVERTER D30 s2,35",
EZZ56626-00,COPPIA UTENSILI INV. D30 s2.5,"N°2 INVERTER TOOLS D30x2,5","COPPIA UTENSILI INVERTER D30 s2,5",
ZCP36702-00,COPPIA UTENSILI INV. D30 S3,N°2 INVERTER TOOLS D30x3,COPPIA UTENSILI INVERTER D30 S3,
GRT82237-00,COPPIA UT INV. D30 S3 ABS50,N°2 INVERTER TOOLS D30x3 ABS50,COPPIA UTENSILI INVERTER D30 S3 ABS50,
SUA47371-00,COPPIA UTENSILI INV. D30 S4,N°2 INVERTER TOOLS D30x4,COPPIA UTENSILI INVERTER D30 S4,
ZER74140-00,COPPIA UTENSILI INV. D30 S4.45,"N°2 INVERTER TOOLS D30x4,45","COPPIA UTENSILI INVERTER D30 S4,45",
GGC43155-00,COPPIA UTENSILI INV. D30 S5,N°2 INVERTER TOOLS D30x5,COPPIA UTENSILI INVERTER D30 S5,
UWA64236-00,COPPIA UTENSILI INV. D30 S6.75,"N°2 INVERTER TOOLS D30x6,75","COPPIA UTENSILI INVERTER D30 S6,75",
JSN04965-00,COPPIA UTENSILI INV. D30 S7.75,"N°2 INVERTER TOOLS D30x7,75","COPPIA UTENSILI INVERTER D30 S7,75",
MKG51747-00,COPPIA UT INV. D30 s7.75 ALU,"N°2 INVERTER TOOLS D30x7,75 ALUMINIUM","COPPIA UTENSILI INVERTER D30 s7,75 ALU",
WNS90643-00,"-COPPIA UTENSILI INV. D30 s7,9","N°2 INVERTER TOOLS D30x7,9","COPPIA UTENSILI INVERTER D30 s7,9",
EXS62238-00,"-COPPIA UTENSILI INV. D30 s8,9","N°2 INVERTER TOOLS D30x8,9","COPPIA UTENSILI INVERTER D30 s8,9",
ZSG52626-00,COPPIA UT INV. D30 s8.95 ALU,"N°2 INVERTER TOOLS D30x8,95 ALUMINIUM","COPPIA UTENSILI INVERTER D30 s8,95 ALU",
WTH59033-00,COPPIA UTENSILI INV. D31,N°2 INVERTER TOOLS D31,COPPIA UTENSILI INVERTER D31,
RJG02363-00,-COPPIA UTENSILI INV. D31.5 s9.7,"N°2 INVERTER TOOLS D31,5x9,7","COPPIA UTENSILI INVERTER D31,5 s9,7",
ABW88501-00,-COPPIA UT INV. D31.75 s3.1,"N°2 INVERTER TOOLS D31,75x3,1","COPPIA UTENSILI INVERTER D31,75 s3,1",
WWB30764-00,-COPPIA UTENSILI INV. D31.76 s3.05,"N°2 INVERTER TOOLS D31,76x3,05","COPPIA UTENSILI INVERTER D31,76 s3,05",
VVS69857-00,-COPPIA UTENSILI INV. D31.88 s0.89,"N°2 INVERTER TOOLS D31,88x0,89","COPPIA UTENSILI INVERTER D31,88 s0,89",
LRW20540-00,COPPIA UT INV. D31 S3 ABS50,N°2 INVERTER TOOLS D31x3 ABS50,COPPIA UTENSILI INVERTER D31 S3 ABS50,
SET01890-00,COPPIA UTENSILI INV. D31 S4,N°2 INVERTER TOOLS D31x4,COPPIA UTENSILI INVERTER D31 S4,
NHT11160-00,COPPIA UTENSILI INV. D31 S5.125,"N°2 INVERTER TOOLS D31x5,125","COPPIA UTENSILI INVERTER D31 S5,125",
XZ9813N-00,COPPIA UTENSILI INV. D32,N°2 INVERTER TOOLS D32,COPPIA UTENSILI INVERTER D32,
ZKH72886-00,-COPPIA UTENSILI INV. D32.2 s4,"N°2 INVERTER TOOLS D32,2x4","COPPIA UTENSILI INVERTER D32,2 s4",
USU71807-00,-COPPIA UT INV. D32.2 s5.75 ALU,"N°2 INVERTER TOOLS D32,2x5,75 ALUMINIUM","COPPIA UTENSILI INVERTER D32,2 s5,75 ALU",
XCR93481-00,-COPPIA UTENSILI INV. D32.5 s1.,"N°2 INVERTER TOOLS D32,5x1","COPPIA UTENSILI INVERTER D32,5 s1",
AWK18100-00,-COPPIA UTENSILI INV. D32.5 s2,"N°2 INVERTER TOOLS D32,5x2","COPPIA UTENSILI INVERTER D32,5 s2",
YAY60408-00,-COPPIA UTENSILI INV. D32.5 s4.15,"N°2 INVERTER TOOLS D32,5x4,15","COPPIA UTENSILI INVERTER D32,5 s4,15",
YZG49764-00,"-COPPIA UTENSILI INV. D32,5 s6,925","N°2 INVERTER TOOLS D32,5x6,925","COPPIA UTENSILI INVERTER D32,5 s6,925",
YGA39134-00,-COPPIA UTENSILI INV. D32.8 s3.95,"N°2 INVERTER TOOLS D32,8x3,95","COPPIA UTENSILI INVERTER D32,8 s3,95",
HAG68820-00,-COPPIA UTENSILI INV. D32.8 s4.3,"N°2 INVERTER TOOLS D32,8x4,3","COPPIA UTENSILI INVERTER D32,8 s4,3",
UDM91587-00,COPPIA UTENSILI INV. D32 S1,N°2 INVERTER TOOLS D32x1,COPPIA UTENSILI INVERTER D32 S1,
AYL30030-00,COPPIA UTENSILI INV. D32 S2.5,"N°2 INVERTER TOOLS D32x2,5","COPPIA UTENSILI INVERTER D32 S2,5",
KHA79884-00,COPPIA UTENSILI INV. D32 S4,N°2 INVERTER TOOLS D32x4,COPPIA UTENSILI INVERTER D32 S4,
UMZ96458-00,COPPIA UTENSILI INV. D32 S5.9,"N°2 INVERTER TOOLS D32x5,9","COPPIA UTENSILI INVERTER D32 S5,9",
SRR82265-00,COPPIA UTENSILI INV. D32 S6.75,"N°2 INVERTER TOOLS D32x6,75","COPPIA UTENSILI INVERTER D32 S6,75",
BMT25435-00,COPPIA UTENSILI INVERTER D33.15,"N°2 INVERTER TOOLS D33,15","COPPIA UTENSILI INVERTER D33,15",
SKN00314-00,COPPIA UT INV D33.15 s1.5,"N°2 INVERTER TOOLS D33,15x1,5","COPPIA UTENSILI INVERTER D33,15 s1,5",
GJR35725-00,-COPPIA UT INV. D33.3 s2.5 ABS50,"N°2 INVERTER TOOLS D33,3x2,5 ABS50","COPPIA UTENSILI INVERTER D33,3 s2,5 ABS50",
KCT61984-00,-COPPIA UTENSILI INVERTER D33.6 s7.7,"N°2 INVERTER TOOLS D33,6x7,7","COPPIA UTENSILI INVERTER D33,6 s7,7",
PKE35746-00,"-COPPIA UTENSILI INV. D33,78 s3,4","N°2 INVERTER TOOLS D33,78x3,4","COPPIA UTENSILI INVERTER D33,78 s3,4",
RXX76587-00,COPPIA UTENSILI INV. D33.7 s2.5,"N°2 INVERTER TOOLS D33,7x2,5","COPPIA UTENSILI INVERTER D33,7 s2,5",
JU9817-00,COPPIA UTENSILI INVERTER D.34,N°2 INVERTER TOOLS D34,COPPIA UTENSILI INVERTER D34,
DRF51237-00,-COPPIA UTENSILI INV D34.1 s9.95,"N°2 INVERTER TOOLS D34,1x9,95","COPPIA UTENSILI INVERTER D34,1 s9,95",
JAG51156-00,COPPIA UT INV. D34.2 s4.05 ALU,"N°2 INVERTER TOOLS D34,2x4,05 ALUMINIUM","COPPIA UTENSILI INVERTER D34,2 s4,05 ALU",
AYK90556-00,-COPPIA UTENSILI INV. D34.5 s2,"N°2 INVERTER TOOLS D34,5x2","COPPIA UTENSILI INVERTER D34,5 s2",
NZW09741-00,COPPIA UTENSILI INV. D34.5 s4.5,"N°2 INVERTER TOOLS D34,5x4,5","COPPIA UTENSILI INVERTER D34,5 s4,5",
CPN57872-00,COPPIA UTENSILI INVERTER D34.6,"N°2 INVERTER TOOLS D34,6","COPPIA UTENSILI INVERTER D34,6",
EPS86378-00,-COPPIA UTENSILI INV D34.925 s1.65,"N°2 INVERTER TOOLS D34,925x1,65","COPPIA UTENSILI INVERTER D34,925 s1,65",
DBH72847-00,-COPPIA UTENSILI INV. D34.9 s1.65,"N°2 INVERTER TOOLS D34,9x1,65","COPPIA UTENSILI INVERTER D34,9 s1,65",
BXE65534-00,-COPPIA UTENSILI INV. D34.9 s6.35,"N°2 INVERTER TOOLS D34,9x6,35","COPPIA UTENSILI INVERTER D34,9 s6,35",
KAR29750-00,COPPIA UTENSILI INV. D34 S3.5,"N°2 INVERTER TOOLS D34x3,5","COPPIA UTENSILI INVERTER D34 S3,5",
FBV98961-00,COPPIA UTENSILI INV. D35,N°2 INVERTER TOOLS D35,COPPIA UTENSILI INVERTER D35,
AL8837M-00,COPPIA UTENSILI INV. D35.9,"N°2 INVERTER TOOLS D35,9","COPPIA UTENSILI INVERTER D35,9",
KVK83098-00,COPPIA UTENSILI INVERTER D35 S1,N°2 INVERTER TOOLS D35x1,,
NMT45467-00,"-COPPIA UTENSILI INV. D35 s1,2","N°2 INVERTER TOOLS D35x1,2","COPPIA UTENSILI INVERTER D35 s1,2",
HDR43353-00,COPPIA UTENSILI INV. D35 S3.5,"N°2 INVERTER TOOLS D35x3,5","COPPIA UTENSILI INVERTER D35 S3,5",
KPC99827-00,-COPPIA UT INV. D35 s3.5 R2 int,"N°2 INVERTER TOOLS D35x3,5 R2 INT.","COPPIA UTENSILI INVERTER D35 s3,5 R2 int",
XEU23887-00,COPPIA UT INV. D35 s4.95 ALU,"N°2 INVERTER TOOLS D35x4,95 ALUMINIUM","COPPIA UTENSILI INVERTER D35 s4,95 ALU",
AJC03924-00,COPPIA UTENSILI INV. D36,N°2 INVERTER TOOLS D36,COPPIA UTENSILI INVERTER D36,
JLB86620-00,COPPIA UTENSILI INV. D36.6 s1.8,"N°2 INVERTER TOOLS D36,6x1,8","COPPIA UTENSILI INVERTER D36,6 s1,8",
JSY36674-00,COPPIA UTENSILI INV. D36 S5.9,"N°2 INVERTER TOOLS D36x5,9","COPPIA UTENSILI INVERTER D36 S5,9",
YGH69905-00,COPPIA UTENSILI INV. D36 S7,N°2 INVERTER TOOLS D36x7,COPPIA UTENSILI INVERTER D36 S7,
MK4371K-00,COPPIA UTENSILI INV. D37,N°2 INVERTER TOOLS D37,COPPIA UTENSILI INVERTER D37,
ETA99364-00,COPPIA UT INV. D37.02 s1.05,"N°2 INVERTER TOOLS D37,02x1,05","COPPIA UTENSILI INVERTER D37,02 s1,05",
ZZM48348-00,-COPPIA UTENSILI INV. D37.2 s3.2,"N°2 INVERTER TOOLS D37,2x3,2","COPPIA UTENSILI INVERTER D37,2 s3,2",
GVR01832-00,-COPPIA UT INV. D37.97 s2.9 ABS50,"N°2 INVERTER TOOLS D37,97x2,9 ABS50","COPPIA UTENSILI INVERTER D37,97 s2,9 ABS50",
DNT56314-00,COPPIA UTENSILI INV. D37 S11.45,"N°2 INVERTER TOOLS D37x11,45","COPPIA UTENSILI INVERTER D37 S11,45",
ZG0681N-00,COPPIA UTENSILI INV. D38,N°2 INVERTER TOOLS D38,COPPIA UTENSILI INVERTER D38,
RB5720-00,COPPIA UTENSILI INVERTER D.38.1,"N°2 INVERTER TOOLS D38,1","COPPIA UTENSILI INVERTER D38,1",
TR3644B-00,COPPIA UTENSILI INV. D38.10,"N°2 INVERTER TOOLS D38,10","COPPIA UTENSILI INVERTER D38,10",
WHF28652-00,"-COPPIA UTENSILI INV. D38,1 s1,4","N°2 INVERTER TOOLS D38,1x1,4","COPPIA UTENSILI INVERTER D38,1 s1,4",
CDJ27444-00,-COPPIA UTENSILI INV. D38.1 s2.,"N°2 INVERTER TOOLS D38,1x2","COPPIA UTENSILI INVERTER D38,1 s2",
WTH21238-00,"-COPPIA UTENSILI INV. D38,1 s3,5","N°2 INVERTER TOOLS D38,1x3,5","COPPIA UTENSILI INVERTER D38,1 s3,5",
XBH78085-00,-COPPIA UT INV. D38.1 s4,"N°2 INVERTER TOOLS D38,1x4","COPPIA UTENSILI INVERTER D38,1 s4",
SPG95200-00,-COPPIA UTENSILI INV. D38.1 s4.2,"N°2 INVERTER TOOLS D38,1x4,2","COPPIA UTENSILI INVERTER D38,1 s4,2",
PED29026-00,-COPPIA UTENSILI INV. D38.4 s1.2,"N°2 INVERTER TOOLS D38,4x1,2","COPPIA UTENSILI INVERTER D38,4 s1,2",
HD2677C-00,COPPIA UTENSILI INV. D38.7,"N°2 INVERTER TOOLS D38,7","COPPIA UTENSILI INVERTER D38,7",
RZJ68878-00,-COPPIA UTENSILI INV. D38.75 s1.88,"N°2 INVERTER TOOLS D38,75x1,88","COPPIA UTENSILI INVERTER D38,75 s1,88",
UL7509S-00,COPPIA UTENSILI INV. D38.8,"N°2 INVERTER TOOLS D38,8","COPPIA UTENSILI INVERTER D38,8",
DER15636-00,COPPIA UTENSILI INV. D38 S3,N°2 INVERTER TOOLS D38x3,COPPIA UTENSILI INVERTER D38 S3,
JFW80390-00,"-COPPIA UTENSILI INV. D38 s3,2","N°2 INVERTER TOOLS D38x3,2","COPPIA UTENSILI INVERTER D38 s3,2",
LDX64456-00,COPPIA UTENSILI INV. D38 S4,N°2 INVERTER TOOLS D38x4,COPPIA UTENSILI INVERTER D38 S4,
DDX96053-00,"COPPIA UTENSILI INV D39,2 s1.8","N°2 INVERTER TOOLS D39,2x1,8","COPPIA UTENSILI INVERTER D39,2 s1,8",
WV0140E-00,COPPIA UTENSILI INV. D39.9,"N°2 INVERTER TOOLS D39,9","COPPIA UTENSILI INVERTER D39,9",
SAS53884-00,-COPPIA UT INV. D39 s4 R2 int,N°2 INVERTER TOOLS D39x4 R2 INT.,COPPIA UTENSILI INVERTER D39 s4 R2 int,
BZ1924F-00,COPPIA UTENSILI INV. D40,N°2 INVERTER TOOLS D40,COPPIA UTENSILI INVERTER D40,
XYL58909-00,-COPPIA UTENSILI INV. D40.8 s4.41,"N°2 INVERTER TOOLS D40,8x4,41","COPPIA UTENSILI INVERTER D40,8 s4,41",
GBX12693-00,COPPIA UTENSILI INV. D40 s2,N°2 INVERTER TOOLS D40x2,COPPIA UTENSILI INVERTER D40 s2,
VUY45010-00,COPPIA UTENSILI INV. D40 S2.5,"N°2 INVERTER TOOLS D40x2,5","COPPIA UTENSILI INVERTER D40 S2,5",
WBD32816-00,COPPIA UTENSILI INV. D40 S3.5,"N°2 INVERTER TOOLS D40x3,5","COPPIA UTENSILI INVERTER D40 S3,5",
NVE84233-00,-COPPIA UT INV. D40 s4 R2 int,N°2 INVERTER TOOLS D40x4 R2 INT.,COPPIA UTENSILI INVERTER D40 s4 R2 int,
FZL75528-00,COPPIA UTENSILI INV. D40 S4.15,"N°2 INVERTER TOOLS D40x4,15","COPPIA UTENSILI INVERTER D40 S4,15",
KRE16210-00,-COPPIA UT INV. D40 s4.65 R2 int,"N°2 INVERTER TOOLS D40x4,65 R2 INT.","COPPIA UTENSILI INVERTER D40 s4,65 R2 int",
RVB70180-00,COPPIA UTENSILI INVERTER D40 S5,N°2 INVERTER TOOLS D40x5,,
BWL31577-00,COPPIA UTENSILI INV. D40 S6.5,"N°2 INVERTER TOOLS D40x6,5","COPPIA UTENSILI INVERTER D40 S6,5",
WHE32352-00,-COPPIA UT INV. D41.15 s3.76 ABS50,"N°2 INVERTER TOOLS D41,15x3,76 ABS50","COPPIA UTENSILI INVERTER D41,15 s3,76 ABS50",
EN1174V-00,COPPIA UTENSILI INV. D41.5,"N°2 INVERTER TOOLS D41,5","COPPIA UTENSILI INVERTER D41,5",
JFM73885-00,COPPIA UTE. INV. D41 s2 20° ALL,N°2 INVERTER TOOLS D41x2 CH.20° ALUMIN.,COPPIA UTENSILI INVERTER D41 s2 20° ALL,
PSN83299-00,-COPPIA UT INV. D41 s2 20° ext,N°2 INVERTER TOOLS D41x2 CH.20° EXT.,COPPIA UTENSILI INVERTER D41 s2 20° ext,
KTN35491-00,"-COPPIA UTENSILI INV. D41 s3,5","N°2 INVERTER TOOLS D41x3,5","COPPIA UTENSILI INVERTER D41 s3,5",
JDG58087-00,"-COPPIA UTENSILI INV. D41 s5,5","N°2 INVERTER TOOLS D41x5,5","COPPIA UTENSILI INVERTER D41 s5,5",
TEE52406-00,-COPPIA UTENSILI INV. D42.17 s1.5,"N°2 INVERTER TOOLS D42,17x1,5","COPPIA UTENSILI INVERTER D42,17 s1,5",
EJS43564-00,COPPIA UT. INV. D42.3 s2.9,"N°2 INVERTER TOOLS D42,3x2,9","COPPIA UTENSILI INVERTER D42,3 s2,9",
WGL81534-00,-COPPIA UTENSILI INV. D42.3 s3.1,"N°2 INVERTER TOOLS D42,3x3,1","COPPIA UTENSILI INVERTER D42,3 s3,1",
LDB65793-00,-COPPIA UTENSILI INV. D42.57 s1.5,"N°2 INVERTER TOOLS D42,57x1,5","COPPIA UTENSILI INVERTER D42,57 s1,5",
LGF15025-00,"-COPPIA UTENSILI INV. D42,5 s2,7","N°2 INVERTER TOOLS D42,5x2,7","COPPIA UTENSILI INVERTER D42,5 s2,7",
FA6624P-00,COPPIA UTENSILI INV. D42.7X2.3,"N°2 INVERTER TOOLS D42,7x2,3","COPPIA UTENSILI INVERTER D42,7x2,3",
VVW27108-00,COPPIA UT INV. D42 s10.35 ALU,"N°2 INVERTER TOOLS D42x10,35 ALUMINIUM","COPPIA UTENSILI INVERTER D42 s10,35 ALU",
GVM87295-00,"cOPPIA UTENSILI INV. D43,5 s5.25","N°2 INVERTER TOOLS D43,5x5,25","cOPPIA UTENSILI INVERTER D43,5 s5,25",
YFB83956-00,COPPIA UTENSILI INV. D43 S14.45,"N°2 INVERTER TOOLS D43x14,45","COPPIA UTENSILI INVERTER D43 S14,45",
CGL24952-00,COPPIA UTENSILI INV. D43 S2,N°2 INVERTER TOOLS D43x2,COPPIA UTENSILI INVERTER D43 S2,
DGR02545-00,COPPIA UTENSILI INV. D43 S2.5,"N°2 INVERTER TOOLS D43x2,5","COPPIA UTENSILI INVERTER D43 S2,5",
KY9251C-00,COPPIA UTENSILI INV. D44,N°2 INVERTER TOOLS D44,COPPIA UTENSILI INVERTER D44,
DVB35175-00,-COPPIA UTENSILI INV. D44.5 s2,"N°2 INVERTER TOOLS D44,5x2","COPPIA UTENSILI INVERTER D44,5 s2",
WVA65411-00,COPPIA UT. INV. D44.9 s3.2,"N°2 INVERTER TOOLS D44,9x3,2","COPPIA UTENSILI INVERTER D44,9 s3,2",
EUP35334-00,COPPIA UTENSILI INV. D44 S1.8,"N°2 INVERTER TOOLS D44x1,8","COPPIA UTENSILI INVERTER D44 S1,8",
NYB05507-00,COPPIA UTENSILI INV. D44 S2,N°2 INVERTER TOOLS D44x2,COPPIA UTENSILI INVERTER D44 S2,
HFM74031-00,COPPIA UTENSILI INV. D44 S3.5,"N°2 INVERTER TOOLS D44x3,5","COPPIA UTENSILI INVERTER D44 S3,5",
NVG39367-00,COPPIA UTENSILI INV. D44 S4,N°2 INVERTER TOOLS D44x4,COPPIA UTENSILI INVERTER D44 S4,
HHR49505-00,-COPPIA UT INV. D44 s4 R1.5 int,"N°2 INVERTER TOOLS D44x4 R1,5 INT.","COPPIA UTENSILI INVERTER D44 s4 R1,5 int",
FMR64048-00,-COPPIA UT INV. D44 s5 R2 int,N°2 INVERTER TOOLS D44x5 R2 INT.,COPPIA UTENSILI INVERTER D44 s5 R2 int,
LSS27089-00,COPPIA UTENSILI INV. D44 S5.5,"N°2 INVERTER TOOLS D44x5,5","COPPIA UTENSILI INVERTER D44 S5,5",
ACB32190-00,"-COPPIA UTENSILI INV. D45.5 s1,6","N°2 INVERTER TOOLS D45,5x1,6","COPPIA UTENSILI INVERTER D45,5 s1,6",
FCY77926-00,-COPPIA UTENSILI INV. D45.5 s3,"N°2 INVERTER TOOLS D45,5x3","COPPIA UTENSILI INVERTER D45,5 s3",
GP2285H-00,COPPIA UTENSILI INV. D45.6,"N°2 INVERTER TOOLS D45,6","COPPIA UTENSILI INVERTER D45,6",
LYF73965-00,COPPIA UTENSILI INV. D45.75 s2.6,"N°2 INVERTER TOOLS D45,75x2,6","COPPIA UTENSILI INVERTER D45,75 s2,6",
SH9406F-00,COPPIA UTENSILI INV. D45.8,"N°2 INVERTER TOOLS D45,8","COPPIA UTENSILI INVERTER D45,8",
FUM24635-00,COPPIA UTENSILI INV. D45 S1,N°2 INVERTER TOOLS D45x1,COPPIA UTENSILI INVERTER D45 S1,
DSC80791-00,"-COPPIA UTENSILI INV. D45 s2,3","N°2 INVERTER TOOLS D45x2,3","COPPIA UTENSILI INVERTER D45 s2,3",
YWF91943-00,COPPIA UTENSILI INV. D45 S5.5,"N°2 INVERTER TOOLS D45x5,5","COPPIA UTENSILI INVERTER D45 S5,5",
TPL11648-00,COPPIA UTE. INV. D46.5 s1.8 ALL,"N°2 INVERTER TOOLS D46,5x1,8 ALUMINIUM","COPPIA UTENSILI INVERTER D46,5 s1,8 ALL",
HZR32306-00,-COPPIA UTENSILI INV. D46.6 s8.4,"N°2 INVERTER TOOLS D46,6x8,4","COPPIA UTENSILI INVERTER D46,6 s8,4",
FGC67208-00,-COPPIA UTENSILI INV. D46.7 s1.5,"N°2 INVERTER TOOLS D46,7x1,5","COPPIA UTENSILI INVERTER D46,7 s1,5",
DCU24381-00,COPPIA UTENSILI INV. D46 S12.75,"N°2 INVERTER TOOLS D46x12,75","COPPIA UTENSILI INVERTER D46 S12,75",
PTL08848-00,COPPIA UTENSILI INV. D46 s3,N°2 INVERTER TOOLS D46x3,COPPIA UTENSILI INVERTER D46 s3,
JRH82480-00,COPPIA UTENSILI INV. D46 S3.5,"N°2 INVERTER TOOLS D46x3,5","COPPIA UTENSILI INVERTER D46 S3,5",
ALT94101-00,COPPIA UTENSILI INV. D46 S4,N°2 INVERTER TOOLS D46x4,COPPIA UTENSILI INVERTER D46 S4,
TTY83047-00,COPPIA UT. INV. D46 s4.5,"N°2 INVERTER TOOLS D46x4,5","COPPIA UTENSILI INVERTER D46 s4,5",
RLS55901-00,COPPIA UTENSILI INV. D46 S5,N°2 INVERTER TOOLS D46x5,COPPIA UTENSILI INVERTER D46 S5,
HLA80490-00,COPPIA UT. INV. D46 S5 SIR,N°2 INVERTER TOOLS D46x5 “SIR”,COPPIA UTENSILI INVERTER D46 S5 SIR,
ZY6162R-00,COPPIA UTENSILI INV. D47,N°2 INVERTER TOOLS D47,COPPIA UTENSILI INVERTER D47,
EDG53532-00,-COPPIA UTENSILI INV. D47.2 s1.5,"N°2 INVERTER TOOLS D47,2x1,5","COPPIA UTENSILI INVERTER D47,2 s1,5",
MSL09982-00,-COPPIA UTENSILI INV. D47.6 s5.5,"N°2 INVERTER TOOLS D47,6x5,5","COPPIA UTENSILI INVERTER D47,6 s5,5",
ZNC27789-00,"-COPPIA UTENSILI INV. D47,6 s7","N°2 INVERTER TOOLS D47,6x7","COPPIA UTENSILI INVERTER D47,6 s7",
HJD02987-00,COPPIA UTE. INV. D47 s2 20° ALL,N°2 INVERTER TOOLS D47x2 CH.20° ALUMIN.,COPPIA UTENSILI INVERTER D47 s2 20° ALL,
VGZ45707-00,-COPPIA UT INV. D47 s2/2.5 20° ext,"N°2 INVERTER TOOLS D47x2/2,5 CH.20° EXT","COPPIA UTENSILI INVERTER D47 s2/2,5 20° ext",
CKU52260-00,COPPIA UTENSILI INV. D47 S3.5,"N°2 INVERTER TOOLS D47x3,5","COPPIA UTENSILI INVERTER D47 S3,5",
MYM90920-00,COPPIA UTENSILI INV. D47 TH4,N°2 INVERTER TOOLS D47x4,COPPIA UTENSILI INVERTER D47 TH4,
FPF46031-00,"-COPPIA UTENSILI INV. D48,6 s3.7","N°2 INVERTER TOOLS D48,6x3,7","COPPIA UTENSILI INVERTER D48,6 s3,7",
YXP57280-00,"-COPPIA UTENSILI INV. D48,7 s5","N°2 INVERTER TOOLS D48,7x5","COPPIA UTENSILI INVERTER D48,7 s5",
ELW69923-00,-COPPIA UT INV. D48 s3.425 R1.5 int,"N°2 INVERTER TOOLS D48x3,425 R1,5 INT.","COPPIA UTENSILI INVERTER D48 s3,425 R1,5 int",
GTW58763-00,COPPIA UTENSILI INV. D48 S3.475,"N°2 INVERTER TOOLS D48x3,475","COPPIA UTENSILI INVERTER D48 S3,475",
GWS59866-00,-COPPIA UT INV. D48 s3.5 15° int,"N°2 INVERTER TOOLS D48x3,5 CH.15° INT.","COPPIA UTENSILI INVERTER D48 s3,5 15° int",
MFZ27044-00,-COPPIA UT INV. D48 s3.5 30° int,"N°2 INVERTER TOOLS D48x3,5 CH.30° INT.","COPPIA UTENSILI INVERTER D48 s3,5 30° int",
SGZ87754-00,COPPIA UT. INV. D48 s4,N°2 INVERTER TOOLS D48x4,COPPIA UTENSILI INVERTER D48 s4,
ABJ34173-00,-COPPIA UTENSILI INV. D48 s4 45°,N°2 INVERTER TOOLS D48x4 CH.45°,COPPIA UTENSILI INVERTER D48 s4 45°,
YYD78435-00,COPPIA UTENSILI INV. D49.2 s2,"N°2 INVERTER TOOLS D49,2x2","COPPIA UTENSILI INVERTER D49,2 s2",
FEE26556-00,-COPPIA UTENSILI INV. D49.2 s6.7,"N°2 INVERTER TOOLS D49,2x6,7","COPPIA UTENSILI INVERTER D49,2 s6,7",
NGM13596-00,COPPIA UT. INV. D49 s2.5,"N°2 INVERTER TOOLS D49x2,5","COPPIA UTENSILI INVERTER D49 s2,5",
HGV88790-00,COPPIA UTENSILI INV. D49 S4.5,"N°2 INVERTER TOOLS D49x4,5","COPPIA UTENSILI INVERTER D49 S4,5",
DN0642X-00,COPPIA UTENSILI INV. D50,N°2 INVERTER TOOLS D50,COPPIA UTENSILI INVERTER D50,
WPC99830-00,-COPPIA UT INV. D50.8 s4.75,"N°2 INVERTER TOOLS D50,8x4,75","COPPIA UTENSILI INVERTER D50,8 s4,75",
XAN16130-00,COPPIA UTENSILI INV. D50 S1.2,"N°2 INVERTER TOOLS D50x1,2","COPPIA UTENSILI INVERTER D50 S1,2",
CJH65563-00,COPPIA UTENSILI INV. D50 S2,N°2 INVERTER TOOLS D50x2,COPPIA UTENSILI INVERTER D50 S2,
HPJ62263-00,-COPPIA UT INV. D50 s4.5 R2 int,"N°2 INVERTER TOOLS D50x4,5 R2 INT.","COPPIA UTENSILI INVERTER D50 s4,5 R2 int",
PSX74736-00,COPPIA UTENSILI INV. D50 S5,N°2 INVERTER TOOLS D50x5,COPPIA UTENSILI INVERTER D50 S5,
TLU50833-00,-COPPIA UT INV. D50 s5 sm30 int,N°2 INVERTER TOOLS D50x5 CH.30° INT.,COPPIA UTENSILI INVERTER D50 s5 sm30 int,
KNH53906-00,-COPPIA UT INV. D50 s5 R2 int,N°2 INVERTER TOOLS D50x5 R2 INT.,COPPIA UTENSILI INVERTER D50 s5 R2 int,
PRN49000-00,COPPIA UTENSILI INV. D50 S6,N°2 INVERTER TOOLS D50x6,COPPIA UTENSILI INVERTER D50 S6,
LFK60127-00,-COPPIA UT INV. D50 s6 R2 int,N°2 INVERTER TOOLS D50x6 R2 INT.,COPPIA UTENSILI INVERTER D50 s6 R2 int,
BDL30677-00,-COPPIA UTENSILI INV. D51.2 s7,"N°2 INVERTER TOOLS D51,2x7","COPPIA UTENSILI INVERTER D51,2 s7",
GZY03759-00,COPPIA UT. INV. D51.38 s3.8,"N°2 INVERTER TOOLS D51,38x3,8","COPPIA UTENSILI INVERTER D51,38 s3,8",
LMJ64447-00,-COPPIA UTENSILI INV. D51.5 s 3.5,"N°2 INVERTER TOOLS D51,5x3,5","COPPIA UTENSILI INVERTER D51,5 s 3,5",
TGD58905-00,"-COPPIA UTENSILI INV. D51,5 s6.75","N°2 INVERTER TOOLS D51,5x6,75","COPPIA UTENSILI INVERTER D51,5 s6,75",
ZPF17839-00,"-COPPIA UTENSILI INV. D51,8 s2","N°2 INVERTER TOOLS D51,8x2","COPPIA UTENSILI INVERTER D51,8 s2",
GNX82321-00,COPPIA UTENSILI INV. D51 S4.5,"N°2 INVERTER TOOLS D51x4,5","COPPIA UTENSILI INVERTER D51 S4,5",
HRN73492-00,-COPPIA UTENSILI INV. D52.8 s2.5,"N°2 INVERTER TOOLS D52,8x2,5","COPPIA UTENSILI INVERTER D52,8 s2,5",
LJD58077-00,-COPPIA UTENSILI INV. D52.8 s3.5,"N°2 INVERTER TOOLS D52,8x3,5","COPPIA UTENSILI INVERTER D52,8 s3,5",
FC6501P-00,COPPIA UTENSILI INV. D52.95,"N°2 INVERTER TOOLS D52,95","COPPIA UTENSILI INVERTER D52,95",
ZSN90112-00,COPPIA UT INV. D52 s1.3,"N°2 INVERTER TOOLS D52x1,3","COPPIA UTENSILI INVERTER D52 s1,3",
CRR56860-00,COPPIA UTENSILI INV. D52 S2,N°2 INVERTER TOOLS D52x2,COPPIA UTENSILI INVERTER D52 S2,
SBB63958-00,COPPIA UTENSILI INV. D52 s2 ALL,N°2 INVERTER TOOLS D52x2 ALUMINIUM,COPPIA UTENSILI INVERTER D52 s2 ALL,
LPD82388-00,COPPIA UTENSILI INV. D52 S2.15,"N°2 INVERTER TOOLS D52x2,15","COPPIA UTENSILI INVERTER D52 S2,15",
CNF38153-00,COPPIA UTENSILI INV. D52 S5.5,"N°2 INVERTER TOOLS D52x5,5","COPPIA UTENSILI INVERTER D52 S5,5",
UED07471-00,-COPPIA UTENSILI INV. D53.35 s3.5,"N°2 INVERTER TOOLS D53,35x3,5","COPPIA UTENSILI INVERTER D53,35 s3,5",
AHR68780-00,COPPIA UT INV. D53.4 s2,"N°2 INVERTER TOOLS D53,4x2","COPPIA UTENSILI INVERTER D53,4 s2",
DGK04015-00,"-COPPIA UTENSILI INV. D53,5 s7,5","N°2 INVERTER TOOLS D53,5x7,5","COPPIA UTENSILI INVERTER D53,5 s7,5",
NNC10314-00,COPPIA UT. INV. D53.83 s5,"N°2 INVERTER TOOLS D53,83x5","COPPIA UTENSILI INVERTER D53,83 s5",
RNB35507-00,COPPIA UTENSILI INV. D53 S3.5,"N°2 INVERTER TOOLS D53x3,5","COPPIA UTENSILI INVERTER D53 S3,5",
GVU01905-00,COPPIA UTENSILI INV. D53 TH4,N°2 INVERTER TOOLS D53x4,COPPIA UTENSILI INVERTER D53 TH4,
HG7882L-00,COPPIA UTENSILI INV. D54,N°2 INVERTER TOOLS D54,COPPIA UTENSILI INVERTER D54,
VJL01924-00,COPPIA UTENSILI INV. D54.05 s4.5,"N°2 INVERTER TOOLS D54,05x4,5","COPPIA UTENSILI INVERTER D54,05 s4,5",
BJZ05640-00,"-COPPIA UTENSILI INV. D54,1 s1,8","N°2 INVERTER TOOLS D54,1x1,8","COPPIA UTENSILI INVERTER D54,1 s1,8",
LLJ88326-00,COPPIA UTENSILI INV. D54.5 TH5,"N°2 INVERTER TOOLS D54,5x5","COPPIA UTENSILI INVERTER D54,5 TH5",
KWM51622-00,-COPPIA UTENSILI INV. D54.8 s3.5,"N°2 INVERTER TOOLS D54,8x3,5","COPPIA UTENSILI INVERTER D54,8 s3,5",
PXY05435-00,COPPIA UTENSILI INV. D54 S2,N°2 INVERTER TOOLS D54x2,COPPIA UTENSILI INVERTER D54 S2,
UAV89617-00,COPPIA UTENSILI INV. D54 s5.5,"N°2 INVERTER TOOLS D54x5,5","COPPIA UTENSILI INVERTER D54 s5,5",
ZP2197H-00,-COPPIA UTENSILI INV D55.05,"N°2 INVERTER TOOLS D55,05","COPPIA UTENSILI INVERTER D55,05",
NFZ61060-00,COPPIA UTENSILI INV. D55 S1,N°2 INVERTER TOOLS D55x1,COPPIA UTENSILI INVERTER D55 S1,
GLS09221-00,COPPIA UTENSILI INV. D55 S1.5,"N°2 INVERTER TOOLS D55x1,5","COPPIA UTENSILI INVERTER D55 S1,5",
UYP92048-00,-COPPIA UT INV. D55 s5 R2 int,N°2 INVERTER TOOLS D55x5 R2 INT.,COPPIA UTENSILI INVERTER D55 s5 R2 int,
VHS90268-00,COPPIA UTENSILI INV. D55 S6.5,"N°2 INVERTER TOOLS D55x6,5","COPPIA UTENSILI INVERTER D55 S6,5",
FHN99185-00,-COPPIA UTENSILI INV. D56.5 s2,"N°2 INVERTER TOOLS D56,5x2","COPPIA UTENSILI INVERTER D56,5 s2",
YVB16562-00,COPPIA UT. INV. D56.83 s5,"N°2 INVERTER TOOLS D56,83x5","COPPIA UTENSILI INVERTER D56,83 s5",
MVG85464-00,COPPIA UTENSILI INV. D56 S2,N°2 INVERTER TOOLS D56x2,COPPIA UTENSILI INVERTER D56 S2,
GRZ67606-00,-COPPIA UT INV. D56 s6 R2 int,N°2 INVERTER TOOLS D56x6 R2 INT.,COPPIA UTENSILI INVERTER D56 s6 R2 int,
DPJ93329-00,-COPPIA UTENSILI INV. D57.15 s1.5,"N°2 INVERTER TOOLS D57,15x1,5","COPPIA UTENSILI INVERTER D57,15 s1,5",
UAH25256-00,-COPPIA UTENSILI INV. D57.3 s3.15,"N°2 INVERTER TOOLS D57,3x3,15","COPPIA UTENSILI INVERTER D57,3 s3,15",
FMW56582-00,COPPIA UTENSILI INV. D57 S3,N°2 INVERTER TOOLS D57x3,COPPIA UTENSILI INVERTER D57 S3,
JHM36358-00,COPPIA UTENSILI INV. D58,N°2 INVERTER TOOLS D58,COPPIA UTENSILI INVERTER D58,
CWU29455-00,-COPPIA UTENSILI INV. D58.1 s2.5,"N°2 INVERTER TOOLS D58,1x2,5","COPPIA UTENSILI INVERTER D58,1 s2,5",
TNA99084-00,-COPPIA UT INV. D58.5 s2,"N°2 INVERTER TOOLS D58,5x2","COPPIA UTENSILI INVERTER D58,5 s2",
ZP6009E-00,"-COPPIA UTENSILI INV. D58,75","N°2 INVERTER TOOLS D58,75","COPPIA UTENSILI INVERTER D58,75",
DKB51468-00,-COPPIA UT. INV. D58.75 s5.5 KOZUV,"N°2 INVERTER TOOLS D58,75x5,5 “KOZUV”","COPPIA UTENSILI INVERTER D58,75 s5,5 KOZUV",
XCP10229-00,-COPPIA UT INV. D58 s5 R2 int,N°2 INVERTER TOOLS D58x5 R2 INT.,COPPIA UTENSILI INVERTER D58 s5 R2 int,
CYX89613-00,"COPPIA UTENSILI INV D59,3 s.2,5","N°2 INVERTER TOOLS D59,3x2,5","COPPIA UTENSILI INVERTER D59,3 s,2,5",
DHM00878-00,COPPIA UT INV D59.7 s.1.5,"N°2 INVERTER TOOLS D59,7x1,5","COPPIA UTENSILI INVERTER D59,7 s,1,5",
JND72377-00,COPPIA UT INV D59.7 s.2,"N°2 INVERTER TOOLS D59,7x2","COPPIA UTENSILI INVERTER D59,7 s,2",
NTD05605-00,-COPPIA UTENSILI INV. D6.35 s1.25,"N°2 INVERTER TOOLS D6,35x1,25","COPPIA UTENSILI INVERTER D6,35 s1,25",
CFY78057-00,-COPPIA UTENSILI INV. D6.85 s1.15,"N°2 INVERTER TOOLS D6,85x1,15","COPPIA UTENSILI INVERTER D6,85 s1,15",
RH4685Z-00,COPPIA UTENSILI INV. D60,N°2 INVERTER TOOLS D60,COPPIA UTENSILI INVERTER D60,
GK3110D-00,-COPPIA UTENSILI INV. D60.1,"N°2 INVERTER TOOLS D60,1","COPPIA UTENSILI INVERTER D60,1",
ZGD49910-00,-COPPIA UTENSILI INV. D60.2 s2.6,"N°2 INVERTER TOOLS D60,2x2,6","COPPIA UTENSILI INVERTER D60,2 s2,6",
BN0263-00,COPPIA UTENSILI INVERTER D.60.3,"N°2 INVERTER TOOLS D60,3","COPPIA UTENSILI INVERTER D60,3",
DRU43797-00,"-COPPIA UTENSILI INV. D60,5 s8,7","N°2 INVERTER TOOLS D60,5x8,7","COPPIA UTENSILI INVERTER D60,5 s8,7",
MHP65560-00,COPPIA UTENSILI INV. D60 S1,N°2 INVERTER TOOLS D60x1,COPPIA UTENSILI INVERTER D60 S1,
ZCW69729-00,COPPIA UTENSILI INV. D60 S10,N°2 INVERTER TOOLS D60x10,COPPIA UTENSILI INVERTER D60 S10,
GMH83703-00,COPPIA UTENSILI INV. D60 S3,N°2 INVERTER TOOLS D60x3,COPPIA UTENSILI INVERTER D60 S3,
BHJ24575-00,COPPIA UTENSILI INV. D60 S6,N°2 INVERTER TOOLS D60x6,COPPIA UTENSILI INVERTER D60 S6,
SRT55166-00,-COPPIA UT INV. D60 s7.5 R3 int,"N°2 INVERTER TOOLS D60x7,5 R3 INT","COPPIA UTENSILI INVERTER D60 s7,5 R3 int",
GT5802N-00,COPPIA UTENSILI INV. D61.95,"N°2 INVERTER TOOLS D61,95","COPPIA UTENSILI INVERTER D61,95",
GWW28537-00,COPPIA UTENSILI INV. D61 S3,N°2 INVERTER TOOLS D61x3,COPPIA UTENSILI INVERTER D61 S3,
JN7530S-00,COPPIA UTENSILI INV. D62,N°2 INVERTER TOOLS D62,COPPIA UTENSILI INVERTER D62,
PGG90433-00,-COPPIA UTENSILI INV. D62.8 s3.5,"N°2 INVERTER TOOLS D62,8x3,5","COPPIA UTENSILI INVERTER D62,8 s3,5",
PWZ07301-00,COPPIA UTENSILI INV. D62 S1.6,"N°2 INVERTER TOOLS D62x1,6","COPPIA UTENSILI INVERTER D62 S1,6",
EGL58100-00,COPPIA UTENSILI INV. D62 S2,N°2 INVERTER TOOLS D62x2,COPPIA UTENSILI INVERTER D62 S2,
HRL18106-00,COPPIA UT INV D62 s.4,N°2 INVERTER TOOLS D62x4,COPPIA UTENSILI INVERTER D62 s4,
ZVK94768-00,-COPPIA UTENSILI INV. D63.15 s1.7,"N°2 INVERTER TOOLS D63,15x1,7","COPPIA UTENSILI INVERTER D63,15 s1,7",
BZC14356-00,COPPIA UT INV D63 s.2.18,"N°2 INVERTER TOOLS D63x2,18","COPPIA UTENSILI INVERTER D63 s,2,18",
SSG28603-00,-COPPIA UT INV. D63 s6.6 R6 int mono,"N°2 INVERTER TOOLS D63x6,6 R6 INT. MONO","COPPIA UTENSILI INVERTER D63 s6,6 R6 int mono",
XD9031J-00,COPPIA UTENSILI INV. D64,N°2 INVERTER TOOLS D64,COPPIA UTENSILI INVERTER D64,
EX4511C-00,COPPIA UTENSILI INV. D65,N°2 INVERTER TOOLS D65,COPPIA UTENSILI INVERTER D65,
UJM62012-00,-COPPIA UTENSILI INV. D65.4 s1.7,"N°2 INVERTER TOOLS D65,4x1,7","COPPIA UTENSILI INVERTER D65,4 s1,7",
AFW73459-00,COPPIA UT INV. D65 s0.8,"N°2 INVERTER TOOLS D65x0,8","COPPIA UTENSILI INVERTER D65 s0,8",
GRX96025-00,-COPPIA UT INV. D65 s5.52 R6 int,"N°2 INVERTER TOOLS D65x5,52 R6 INT.","COPPIA UTENSILI INVERTER D65 s5,52 R6 int",
XUH03481-00,"-COPPIA UTENSILI INV. D66,3 s1,6","N°2 INVERTER TOOLS D66,3x1,6","COPPIA UTENSILI INVERTER D66,3 s1,6",
CGU80886-00,-COPPIA UTENSILI INV. D66.7 s2.7,"N°2 INVERTER TOOLS D66,7x2,7","COPPIA UTENSILI INVERTER D66,7 s2,7",
DBF69252-00,COPPIA UTENSILI INV. D66 s3,N°2 INVERTER TOOLS D66x3,COPPIA UTENSILI INVERTER D66 s3,
GE8655X-00,COPPIA UTENSILI INV. D67.55,"N°2 INVERTER TOOLS D67,55","COPPIA UTENSILI INVERTER D67,55",
WS2988P-00,COPPIA UTENSILI INV. D67.6,"N°2 INVERTER TOOLS D67,6","COPPIA UTENSILI INVERTER D67,6",
UUK84419-00,COPPIA UT. INV. D68.1 s4,"N°2 INVERTER TOOLS D68,1x4","COPPIA UTENSILI INVERTER D68,1 s4",
BSY07651-00,COPPIA UTENSILI INV. D6 s0.7,"N°2 INVERTER TOOLS D6x0,7","COPPIA UTENSILI INVERTER D6 s0,7",
DXX02705-00,-COPPIA UTENSILI INV. D7.94 s1.65,"N°2 INVERTER TOOLS D7,94x1,65","COPPIA UTENSILI INVERTER D7,94 s1,65",
PP6847S-00,"-COPPIA UTENSILI INV. D70,3","N°2 INVERTER TOOLS D70,3","COPPIA UTENSILI INVERTER D70,3",
NBA84329-00,-COPPIA UTENSILI INV. D70.35 s4.25,"N°2 INVERTER TOOLS D70,35x4,25","COPPIA UTENSILI INVERTER D70,35 s4,25",
LHP59099-00,-COPPIA UTENSILI INV. D70.35 s5.68,"N°2 INVERTER TOOLS D70,35x5,68","COPPIA UTENSILI INVERTER D70,35 s5,68",
PVR12929-00,COPPIA UT INV D70.42 s.0.79,"N°2 INVERTER TOOLS D70,42x0,79","COPPIA UTENSILI INVERTER D70,42 s,0,79",
SAW75402-00,COPPIA UTENSILI INV. D70 s5.1,"N°2 INVERTER TOOLS D70x5,1","COPPIA UTENSILI INVERTER D70 s5,1",
EFT23056-00,COPPIA UT. INV. D70 s6 SIR,N°2 INVERTER TOOLS D70x6 SIR,COPPIA UTENSILI INVERTER D70 s6 SIR,
CRK08095-00,COPPIA UTENSILI INV. D70 s7,N°2 INVERTER TOOLS D70x7,COPPIA UTENSILI INVERTER D70 s7,
HV7091Y-00,COPPIA UTENSILI INV. D71.5,"N°2 INVERTER TOOLS D71,5","COPPIA UTENSILI INVERTER D71,5",
KE5559Z-00,COPPIA UTENSILI INV. D72,N°2 INVERTER TOOLS D72,COPPIA UTENSILI INVERTER D72,
RCK37373-00,"-COPPIA UTENSILI INV. D72,2 s2","N°2 INVERTER TOOLS D72,2x2","COPPIA UTENSILI INVERTER D72,2 s2",
CMY05508-00,"-COPPIA UTENSILI INV. D72,2 s3.5","N°2 INVERTER TOOLS D72,2x3,5","COPPIA UTENSILI INVERTER D72,2 s3,5",
PMN22879-00,COPPIA UTENSILI INV. D72 S1.75,"N°2 INVERTER TOOLS D72x1,75","COPPIA UTENSILI INVERTER D72 S1,75",
YZJ24517-00,COPPIA UTENSILI INV. D72 s3,N°2 INVERTER TOOLS D72x3,COPPIA UTENSILI INVERTER D72 s3,
TSW56674-00,"COPPIA UTENSILI INV. D72 s5,95","N°2 INVERTER TOOLS D72x5,95","COPPIA UTENSILI INVERTER D72 s5,95",
FC9851-00,COPPIA UTENSILI INVERTER D.73,N°2 INVERTER TOOLS D73,COPPIA UTENSILI INVERTER D73,
MG0442P-00,"-COPPIA UTENSILI INV. D73,4","N°2 INVERTER TOOLS D73,4","COPPIA UTENSILI INVERTER D73,4",
KKT78803-00,-COPPIA UT. INV. D73.4 s6 KOZUV,"N°2 INVERTER TOOLS D73,4x6 “KOZUV”","COPPIA UTENSILI INVERTER D73,4 s6 KOZUV",
FYH23207-00,-COPPIA UTENSILI INV. D73.6 s2,"N°2 INVERTER TOOLS D73,6x2","COPPIA UTENSILI INVERTER D73,6 s2",
BJJ20285-00,COPPIA UTENSILI INV. D73 S4,N°2 INVERTER TOOLS D73x4,COPPIA UTENSILI INVERTER D73 S4,
HH3266J-00,COPPIA UTENSILI INV. D74.3,"N°2 INVERTER TOOLS D74,3","COPPIA UTENSILI INVERTER D74,3",
XLT32950-00,COPPIA UTENSILI INV. D74.3 s2.9,"N°2 INVERTER TOOLS D74,3x2,9","COPPIA UTENSILI INVERTER D74,3 s2,9",
RV1222T-00,COPPIA UTENSILI INV. D74.5,"N°2 INVERTER TOOLS D74,5","COPPIA UTENSILI INVERTER D74,5",
ADG06615-00,-COPPIA UTENSILI INV. D74.5 s2.5,"N°2 INVERTER TOOLS D74,5x2,5","COPPIA UTENSILI INVERTER D74,5 s2,5",
PVU61595-00,COPPIA UTENSILI INV. D74 s3 ALL,N°2 INVERTER TOOLS D74x3 ALUMINIUM,COPPIA UTENSILI INVERTER D74 s3 ALL,
BHD93824-00,COPPIA UTENSILI INV. D74 s7.15,"N°2 INVERTER TOOLS D74x7,15","COPPIA UTENSILI INVERTER D74 s7,15",
GK1800F-00,COPPIA UTENSILI INV. D75,N°2 INVERTER TOOLS D75,COPPIA UTENSILI INVERTER D75,
VMF14684-00,-COPPIA UTENSILI INV. D75.5 s2,"N°2 INVERTER TOOLS D75,5x2","COPPIA UTENSILI INVERTER D75,5 s2",
ZUT66185-00,-COPPIA UTENSILI INV. D75.6 s2,"N°2 INVERTER TOOLS D75,6x2","COPPIA UTENSILI INVERTER D75,6 s2",
CHH29422-00,COPPIA UTENSILI INV. D75 s1.5,"N°2 INVERTER TOOLS D75x1,5","COPPIA UTENSILI INVERTER D75 s1,5",
SBW12890-00,"-COPPIA UTENSILI INV. D75 s10,5","N°2 INVERTER TOOLS D75x10,5","COPPIA UTENSILI INVERTER D75 s10,5",
RLP13491-00,COPPIA UTENSILI INV. D75 s2,N°2 INVERTER TOOLS D75x2,COPPIA UTENSILI INVERTER D75 s2,
KZP07127-00,COPPIA UTENSILI INV. D76.5,"N°2 INVERTER TOOLS D76,5","COPPIA UTENSILI INVERTER D76,5",
GYE40860-00,-COPPIA UTENSILI INV. D76.5 s3,"N°2 INVERTER TOOLS D76,5x3","COPPIA UTENSILI INVERTER D76,5 s3",
WTH56583-00,COPPIA UT INV. D76 S2,N°2 INVERTER TOOLS D76x2,COPPIA UTENSILI INVERTER D76 S2,
FCP99821-00,-COPPIA UT INV. D76 s2/2.5 20° ext,"N°2 INVERTER TOOLS D76x2/2,5 CH.20°EXT.","COPPIA UTENSILI INVERTER D76 s2/2,5 20° ext",
YGY63797-00,-COPPIA UTENSILI INV. D77.1 s2.5,"N°2 INVERTER TOOLS D77,1x2,5","COPPIA UTENSILI INVERTER D77,1 s2,5",
BU2817F-00,COPPIA UTENSILI INV. D77.2,"N°2 INVERTER TOOLS D77,2","COPPIA UTENSILI INVERTER D77,2",
EUX88438-00,COPPIA UTENSILI INV. D77 s3.5,"N°2 INVERTER TOOLS D77x3,5","COPPIA UTENSILI INVERTER D77 s3,5",
JW8744T-00,COPPIA UTENSILI INV. D78,N°2 INVERTER TOOLS D78,COPPIA UTENSILI INVERTER D78,
AGC35826-00,-COPPIA UTENSILI INV. D78.4 s10.95,"N°2 INVERTER TOOLS D78,4x10,95","COPPIA UTENSILI INVERTER D78,4 s10,95",
LZK67904-00,COPPIA UTENSILI INV. D78 S5.5,"N°2 INVERTER TOOLS D78x5,5","COPPIA UTENSILI INVERTER D78 S5,5",
RDL80618-00,COPPIA UTENSILI INV. D78 S6,N°2 INVERTER TOOLS D78x6,COPPIA UTENSILI INVERTER D78 S6,
DUT70507-00,COPPIA UT INV. D78 S9 + Micro,N°2 INVERTER TOOLS D78x9 + MICRO,COPPIA UTENSILI INVERTER D78 S9 + Micro,
NU9533Y-00,COPPIA UTENSILI INV. D79.0,"N°2 INVERTER TOOLS D79,0","COPPIA UTENSILI INVERTER D79,0",
XTH11474-00,COPPIA UTENSILI INV. D79.36 s3.79,"N°2 INVERTER TOOLS D79,36x3,79","COPPIA UTENSILI INVERTER D79,36 s3,79",
DFG18607-00,COPPIA UTENSILI INV. D7 s1,N°2 INVERTER TOOLS D7x1,COPPIA UTENSILI INVERTER D7 s1,
NJ5979,COPPIA UTENSILI INVERTER D.8,N°2 INVERTER TOOLS D8,COPPIA UTENSILI INVERTER D8,
UE8157J-00,COPPIA UTENSILI INV. D8.1,"N°2 INVERTER TOOLS D8,1","COPPIA UTENSILI INVERTER D8,1",
RWW06007-00,COPPIA UTENSILI INVERTER D8.5,"N°2 INVERTER TOOLS D8,5","COPPIA UTENSILI INVERTER D8,5",
JDM02309-00,COPPIA UTENSILI INV. D8.5 TH0.5,"N°2 INVERTER TOOLS D8,5x0,5","COPPIA UTENSILI INVERTER D8,5 TH0,5",
GMJ47472-00,COPPIA UTENSILI INV. D8.5 s1,"N°2 INVERTER TOOLS D8,5x1","COPPIA UTENSILI INVERTER D8,5 s1",
LB2893K-00,COPPIA UTENSILI INV. D80,N°2 INVERTER TOOLS D80,COPPIA UTENSILI INVERTER D80,
FB4830M-00,COPPIA UTENSILI INV. D80.25,"N°2 INVERTER TOOLS D80,25","COPPIA UTENSILI INVERTER D80,25",
EHN12539-00,"-COPPIA UTENSILI INV. D80 s1,5","N°2 INVERTER TOOLS D80x1,5","COPPIA UTENSILI INVERTER D80 s1,5",
HBD84913-00,-COPPIA UTENSILI INV. D82.6 s4.75,"N°2 INVERTER TOOLS D82,6x4,75","COPPIA UTENSILI INVERTER D82,6 s4,75",
LH4452G-00,COPPIA UTENSILI INV. D84,N°2 INVERTER TOOLS D84,COPPIA UTENSILI INVERTER D84,
RYC92916-00,COPPIA UTENSILI INV. D8 s0.5,"N°2 INVERTER TOOLS D8x0,5","COPPIA UTENSILI INVERTER D8 s0,5",
ASH22305-00,COPPIA UT. INV. D8 s0.8 Rext 0.3,"N°2 INVERTER TOOLS D8x0,8 R0,3 EXT.","COPPIA UTENSILI INVERTER D8 s0,8 Rext 0,3",
WXT74526-00,COPPIA UT INV. D8 s0.8-0.6 TIV 30,"N°2 INVERTER TOOLS D8x0,8/0,6 TIV 30","COPPIA UTENSILI INVERTER D8 s0,8-0,6 TIV 30",
HND86221-00,COPPIA UTENSILI INV. D8 s1,N°2 INVERTER TOOLS D8x1,COPPIA UTENSILI INVERTER D8 s1,
SSE26641-00,COPPIA UT INV. D8 s1-0.8 TIV 30,"N°2 INVERTER TOOLS D8x1/0,8 TIV 30","COPPIA UTENSILI INVERTER D8 s1-0,8 TIV 30",
YWV74201-00,"-COPPIA UTENSILI INV. D9,27 s1,2","N°2 INVERTER TOOLS D9,27x1,2","COPPIA UTENSILI INVERTER D9,27 s1,2",
YN8387Z-00,COPPIA UTENSILI INV. D9.52,"N°2 INVERTER TOOLS D9,52","COPPIA UTENSILI INVERTER D9,52",
FBL19851-00,"-COPPIA UTENSILI INV. D9,5 s0,8","N°2 INVERTER TOOLS D9,5x0,8","COPPIA UTENSILI INVERTER D9,5 s0,8",
ZKK42012-00,COPPIA UTENSILI INV. D9.5 s1,"N°2 INVERTER TOOLS D9,5x1","COPPIA UTENSILI INVERTER D9,5 s1",
HYA26229-00,-COPPIA UT. INV. D9.5 s1.55,"N°2 INVERTER TOOLS D9,5x1,55","COPPIA UTENSILI INVERTER D9,5 s1,55",
CCX60507-00,-COPPIA UTENSILI INV. D9.5 s1.65,"N°2 INVERTER TOOLS D9,5x1,65","COPPIA UTENSILI INVERTER D9,5 s1,65",
BWM36576-00,COPPIA UT. INV. EX Chiave 12,N°2 INVERTER TOOLS HEXAGONAL KEY 12,COPPIA UTENSILI INVERTER EX Chiave 12,
WSX41015-00,COPPIA UTE. INV. D60 S9 MONOLITICI,N°2 INVERTER TOOLS MONOLITHIC D60x9,COPPIA UTENSILI INVERTER D60 S9 MONOLITICI,
EJZ79667-00,COPPIA UTENSILI INV. SGR. D52 S2,"N°2 INVERTER TOOLS SGR, D52x2","COPPIA UTENSILI INVERTER SGR, D52 S2",
ADR01983-00,COPPIA UTENSILI INV. SGR. D55 S2,"N°2 INVERTER TOOLS SGR, D55x2","COPPIA UTENSILI INVERTER SGR, D55 S2",
YLM17759-00,-COPPIA UTENSILI INV. SGR. D69.5 s2,"N°2 INVERTER TOOLS SGR, D69,5x2","COPPIA UTENSILI INVERTER SGR, D69,5 s2",
NJA09835-00,-COPPIA UT. INV. SGR. D70.8 s2.65,"N°2 INVERTER TOOLS SGR, D70,8x2,65","COPPIA UTENSILI INVERTER SGR, D70,8 s2,65",
FP5558P-00,COPPIA DI TESTINE PER PEZZO DIAM 50,N°2 OF HEADS FOR BAR D50,COPPIA DI TESTINE PER PEZZO D50,
SD2315B-00,COPPIA DI UTENSILI A SGANCIO RAPIDO,N°2 QUICK RELEASE TOOLS,,
WT4674D-00,KIT N.2 LAME PER CU,N°2 SAWING BLADES COPPER,,
MF3709S-00,2 PORTAUT.FISSI D70.6X1.5SE45?SI15,"N°2 TOOL HOLDERS D70,6x1,5 EXT45° INT15°","2 PORTAUT.FISSI D70,6x1.5SE45?SI15",
VE2299P-00,COPPIA UTENSILI PER SMUSSI,N°2 TOOLS CHAMFERS,,
JZ6231L-00,"COPPIA UTENSILI D. 21,1","N°2 TOOLS D21,1","COPPIA UTENSILI D21,1",
PMC73089-00,-COPPIA UT D26.5 s1.25,"N°2 TOOLS D26,5x1,25","COPPIA UTENSILI D26,5 s1,25",
KTC68283-00,-COPPIA UT D26.5 s1.5,"N°2 TOOLS D26,5x1,5","COPPIA UTENSILI D26,5 s1,5",
CW3875V-00,COPPIA UTENSILI D.40,N°2 TOOLS D40,COPPIA UTENSILI D40,
DM5206J-00,-COPPIA UTENSILI D47.1 REV.1,"N°2 TOOLS D47,1 REV.1","COPPIA UTENSILI D47,1 REV.1",
TB0452W-00,COPPIA DI UTENSILI PER PEZZO DIA 52,N°2 TOOLS D52,COPPIA DI UTENSILI PER PEZZO D52,
CZ4035Y-00,"COPPIA UTENSILI D.52,45 V.5527","N°2 TOOLS D52,45","COPPIA UTENSILI D52,45 V.5527",
BY5658X-00,COPPIA DI UENSILI D54.3,"N°2 TOOLS D54,3","COPPIA DI UTENSILI D54,3",
EG8994J-00,COPPIA UTENSILI VOCO 3516,N°2 TOOLS VOCO3516,,
HU8920U-00,COPPIA UTENSILI CON PTA D13,N°2 TOOLS WITH BIT D13,,
MS4581A-00,SET(2) AVVOLGENTI D10,N°2 WRAP-AROUND JAWS D10,,
CX7170M-00,SET(2) AVVOLGENTI D14,N°2 WRAP-AROUND JAWS D14,,
WF0649M-00,"-SET(2) AVVOLGENTI D16,8","N°2 WRAP-AROUND JAWS D16,8","SET(2) AVVOLGENTI D16,8",
GY8563B-00,SET(2) AVVOLGENTI D17 L150,N°2 WRAP-AROUND JAWS D17x150,SET(2) AVVOLGENTI D17x150,
WC3701Y-00,SET(2) AVVOLGENTI D17 L50,N°2 WRAP-AROUND JAWS D17x50,SET(2) AVVOLGENTI D17x50,
TN1298R-00,-SET(2) AVVOLGENTI D20,N°2 WRAP-AROUND JAWS D20,SET(2) AVVOLGENTI D20,
EC4150S-00,SET(2) AVVOLGENTI D28,N°2 WRAP-AROUND JAWS D28,,
YU5403J-00,SET(2) AVVOLGENTI D30,N°2 WRAP-AROUND JAWS D30,,
GH6196Z-00,-SET(2) AVVOLGENTI D60.1,"N°2 WRAP-AROUND JAWS D60,1","SET(2) AVVOLGENTI D60,1",
SF2902H-00,COPPIA GAN.AVV.TAV.ROTANTE D.20,N°2 WRAP-AROUND JAWS ROTARY TABLE D20,COPPIA GANASCE AVVOLGENTI TAV.ROTANTE D20,
VY3694C-00,COPPIA GAN.AVV.TAV.ROTANTE D.40,N°2 WRAP-AROUND JAWS ROTARY TABLE D40,COPPIA GANASCE AVVOLGENTI TAV.ROTANTE D40,
WRH31087-00,Terna di cartucce 17gr,N°3 CARTRIDGES 17°,,
LA0414Y-00,"SET(3) CARTUCCE TIV20? OD25,4","N°3 CARTRIDGES EXT. CH.20° EXT. D25,4",,
CZ3449U-00,SET(3) CARTUCCE PER TIV 2X20,N°3 CARTRIDGES EXT. CH.2x20°,SET(3) CARTUCCE PER TIV 2x20,
JB4022L-00,"SET(3) CARTUCCE TIV2X15? OD25,4-74","N°3 CARTRIDGES EXT. CH2x15° EXT.D25,4-74","SET(3) CARTUCCE TIV2x15° OD25,4-74",
BWC18803-00,TERNA CARTUCCE INTESTATURA S=14 MM,N°3 CARTRIDGES FACING TH.14,TERNA CARTUCCE INTESTATURA S=14 mm,
VY4061L-00,SET(3) CARTUCCE SMI 2.5X30° ID67,"N°3 CARTRIDGES INT. CH.2,5x30° INT. D67","SET(3) CARTUCCE SMI 2,5x30° ID67",
HF1407B-00,SET(3) CARTUCCE PER SMI20/TIV15-30,N°3 CARTRIDGES INT. CH.20° EXT. CH15-30°,,
YAG31707-00,Terna di cartucce 20 gr sm int,N°3 CARTRIDGES INTERNAL CH.17°,Terna di cartucce 20° SMUSSATURA INTERNA,
VU7788C-00,3PUNTE INS.WDX145D2S20D14.5 2DV4069,"N°3 INSERT DRILLS D14,5 2D WDX145D2S20","3PUNTE INS.WDX145D2S20D14,5 2DV4069",
LP1303A-00,-PORTA INSERTO 15° (3),N°3 INSERT HOLDER CH.15°,PORTA INSERTO 15° (3),
YS8036T-00,TERNA GANASCE D TO BE DEFINED,N°3 JAWS D TO BE DEFINED,,
HJ8242N-00,"TERNA GANASCE DIA. 21,1","N°3 JAWS D21,1","TERNA GANASCE D21,1",
VT3880R-00,TERNA GANASCE D.40,N°3 JAWS D40,TERNA GANASCE D40,
EC9092F-00,"TERNA GANASCE D.52,45 L=250 V.5527","N°3 JAWS D52,45x250","TERNA GANASCE D52,45x250 V.5527",
UR1135U-00,TERNA DI GANASCE VOCO2889,N°3 JAWS VOCO2889,,
SD2716J-00,TERNA DI GANASCE VOCO2892,N°3 JAWS VOCO2892,,
UD3041E-00,TERNA DI GANASCE VOCO2895,N°3 JAWS VOCO2895,,
FY4459N-00,TERNA DI GANASCE VOCO2896,N°3 JAWS VOCO2896,,
GN1544N-00,TERNA GANASCE VOCO3515,N°3 JAWS VOCO3515,,
KV7988A-00,TERNA AVV.RAP. D30L40 V.3538,N°3 Q. RELEASE WRAP-AROUND JAWS D30x40,TERNA GANASCE AVVVOLGENTI A SGANCIO RAPIDO D30x40 V.3538,
HW2059V-00,TERNA AVVOLGENTI A VITE D20.9X1 MM,"N°3 SCREW WRAP-AROUND JAWS D20,9x1","TERNA GANASCE AVVOLGENTI A VITE D20,9x1 mm",
VN3933B-00,TERNA AVVOLGENTI A VITE D50X6 MM,N°3 SCREW WRAP-AROUND JAWS D50x6,TERNA GANASCE AVVOLGENTI A VITE D50x6 mm,
DZ9804Y-00,"TERNA AVVOLGENTI A VITE D70,6X40","N°3 SCREW WRAP-AROUND JAWS D70,6x40","TERNA GANASCE AVVOLGENTI A VITE D70,6x40",
UD2090S-00,TERNA AVVOLGENTI A VITE D70X20,N°3 SCREW WRAP-AROUND JAWS D70x20,TERNA GANASCE AVVOLGENTI A VITE D70x20,
NX0444Z-00,TERNA AVVOLGENTI A VITE D70X70,N°3 SCREW WRAP-AROUND JAWS D70x70,TERNA GANASCE AVVOLGENTI A VITE D70x70,
UF4696V-00,TERNA AVVOLGENTI A VITE D75X70,N°3 SCREW WRAP-AROUND JAWS D75x70,TERNA GANASCE AVVOLGENTI A VITE D75x70,
CJ7602A-00,TERNA AVVOLGENTI A VITE D80X30,N°3 SCREW WRAP-AROUND JAWS D80x30,TERNA GANASCE AVVOLGENTI A VITE D80x30,
WU7707N-00,SET(3) PER TUBO QUADRO / RETTANGOLO,N°3 SET FOR SQUARE / RECTANGLE TUBE,,
PXA3577-00,SET POUR SUPPORTS AXE MANDRIN (3),N°3 SHAPES SPINDLE AXIS SUPPORT,,
XYL12443-00,SET (3) OF SHAPES FOR SQUARE/RECTANGULAR,N°3 SHAPES SQUARE/RECTANGULAR,,
BB4889G-00,SUPORTES PARA TUBOS (3),N°3 SUPORTES PARA TUBOS,,
BS7671A-00,4 TESTINE X DIAM 38 RAP195/05,N°4 HEADS D38 RAP195/05,4 TESTINE X D38 RAP195/05,
DN6536P-00,N. 4 SAGOME PRECISE (9309149175),N°4 SHAPES PRECISE (9309149175),,
BF2095X-00,N. 40 CARTUCCE,N°40 CARTRIDGES,,
GN8103R-00,SET DI SAGOME 5 LOSL,N°5 SHAPES “LOSL”,,
HU8595C-00,KIT PER PROF APERTI 80 (MIN 30X30),OPEN PROFILES 80 (MIN 30x30),KIT PER PROF APERTI 80 (MIN 30x30),
AF5276G-00,TUBO OVALE 25X15CBL,OVAL TUBE 25x15 “LIR”,TUBO OVALE 25x15CBL,
GR0848U-00,TUBO OVALE 30X15CBL,OVAL TUBE 30x15 “LIR”,TUBO OVALE 30x15CBL,
NC7894Y-00,PEZZO ROLOZASO FIERA TUBE,PIECES “ROLOZASO” FOR FAIR TUBE,,
BE1542K-00,GAN.PRISM.TUBI D.8-20 L=SUP.100 MM.,PRISMATIC JAWS TUBES D8-20 L>100,GANASCE PRISMATICHE TUBI D8-20 L=SUP.100 mm,
YV95696-00,84669360R PROFILO BAKA TECH 1,PROFILE 84669360R “BAKA TECH 1”,,
VL0563G-00,"GAN.PIN.RAP.TUBI D.33,4-33,7-L=244","Q. REL. JAWS X CLAMPS D33,4x244-33,7x244","GANASCE PINZE A SGANCIO RAPIDO TUBI D33,4-33,7x244",
RL3671W-00,GAN.PINZE RAP.D.38.2X35.2 L=150-300,"Q. REL. JAWS X CLAMPS D38,2x35,2x150-300","GANASCE PINZE A SGANCIO RAPIDO D38,2x35,2x150-300",
HB8618E-00,GAN.PINZE RAP.D.46.35 L=418.3-422.5,"Q. REL. JAWS X CLAMPS D46,35x418,3-422,5","GANASCE PINZE A SGANCIO RAPIDO D46,35x418,3-422,5",
RC7501A-00,GAN.PIN.RAP.BARRE D.20 L=354 MM,Q. RELEASE JAWS X CLAMPS BARS D20x354,GANASCE PINZE A SGANCIO RAPIDO BARRE D20x354 mm,
MH9776N-00,GAN.P. RAPIDE D.17.2 L=33.5 / 80.8,"Q. RELEASE JAWS X CLAMPS D172x33,5/80,8","GANASCE PINZE A SGANCIO RAPIDO D172x33,5 / 80,8",
JE2294X-00,GAN.P.RAPIDE D.20 L=33.7 / 86.2,Q. RELEASE JAWS X CLAMPS D20x337 / 862,GANASCE PINZE A SGANCIO RAPIDO D20x337 / 862,
SZ7932G-00,"GAN.PINZE RAPIDE D.22,10 L=468/502","Q. RELEASE JAWS X CLAMPS D22,10x468/502","GANASCE PINZE A SGANCIO RAPIDO D22,10x468/502",
BP5387G-00,GANASCE PINZE RA. DIA=25.5 A-029-01,Q. RELEASE JAWS X CLAMPS D25.5 A-029-01,GANASCE PINZE A SGANCIO RAPIDO D25.5 A-029-01,
AD5262R-00,GANASCE PINZE RA. DIA=27.8 A-032-04,Q. RELEASE JAWS X CLAMPS D278 A-032-04,GANASCE PINZE A SGANCIO RAPIDO D278 A-032-04,
AE0804Z-00,GANASCE PINZE RA. DIA=29.2 A-034-02,Q. RELEASE JAWS X CLAMPS D292 A-034-02,GANASCE PINZE A SGANCIO RAPIDO D292 A-034-02,
GR9941B-00,GANASCE PINZE RA. DIA=33.2 A-036-01,Q. RELEASE JAWS X CLAMPS D332 A-036-01,GANASCE PINZE A SGANCIO RAPIDO D332 A-036-01,
DE7508P-00,GANASCE PINZE RA. DIA=33.6 A-037-01,Q. RELEASE JAWS X CLAMPS D336 A-037-01,GANASCE PINZE A SGANCIO RAPIDO D336 A-037-01,
AH8797X-00,GAN.PINZE RAPIDE D.35 L=189-195-215,Q. RELEASE JAWS X CLAMPS D35x189-195-215,GANASCE PINZE A SGANCIO RAPIDO D35x189-195-215,
RP2869B-00,GANASCE PINZE RAP.D.35X32 L=140-300,Q. RELEASE JAWS X CLAMPS D35x32x140-300,GANASCE PINZE A SGANCIO RAPIDO D35x32x140-300,
EG4171D-00,GAN.PINZE RAPIDE D.46.35 L=260-271,"Q. RELEASE JAWS X CLAMPS D46,35x260-271","GANASCE PINZE A SGANCIO RAPIDO D46,35x260-271",
ZC2189T-00,GANASCE PINZE RAP.D.46X42 L=150-300,Q. RELEASE JAWS X CLAMPS D46x42x150-300,GANASCE PINZE A SGANCIO RAPIDO D46x42x150-300,
TD3360B-00,"GAN.AVV.ATT.RAP.25X5,5 L=26 V.108","Q. RELEASE WRAP-AROUND JAWS 25x5,5x26","GANASCE AVVOLGENTI A SGANCIO RAPIDO 25x5,5x26 V.108",
RV9771V-00,GAN.AV.ATT.RAP.D.15X2.5 L=145 V.107,"Q. RELEASE WRAP-AROUND JAWS D15x2,5x145","GANASCE AVVOLGENTI A SGANCIO RAPIDO D15x2,5x145 V.107",
YJ3748K-00,"AVV. RAPIDO D.24,5 L=65 SCENTRATO","Q. RELEASE WRAP-AROUND JAWS D24,5x65","AVVOLGENTI A SGANCIO RAPIDO D24,5x65 SCENTRATO",
RE1337T-00,GAN.AVV.AT.RAP.D.32X9 L=41.8 V.113,"Q. RELEASE WRAP-AROUND JAWS D32x9x41,8","GANASCE AVVOLGENTI A SGANCIO RAPIDO D32x9x41,8 V.113",
PS0255Y-00,GAN.AVV.AT.RAP.D.48X11.5 L=87 V.118,"Q. RELEASE WRAP-AROUND JAWS D48x11,5x87","GANASCE AVVOLGENTI A SGANCIO RAPIDO D48x11,5x87 V.118",
WRT34251-00,GANASCE AVVOLGENTI D57.15 L120 Rapide,"Q. RELEASE WRAP-AROUND JAWS D57,15x120","GANASCE AVVOLGENTI D57,15x120 Rapide",
NG6318P-00,AVV.RAP.D25L85 TASSELLATO,Q.RELEASE WRAP-AROUND JAWS D25x85 DOWEL.,AVVOLGENTI A SGANCIO RAPIDO D25x85 TASSELLATO,
TU1964F-00,AVV.RAP.D30 L40 TASSELLATO,Q.RELEASE WRAP-AROUND JAWS D30x40 DOWEL.,AVVOLGENTI A SGANCIO RAPIDO D30x40 TASSELLATO,
SZ1740B-00,TESTINA SUNENA A SGANCIO RAPIDO,QUICK RELEASE HEAD,,
JP5087Y-00,CONO ISO PER TEST.SG.RAP. RAP442/02,QUICK RELEASE HEAD CONE ISO40,,
RP2464Y-00,4 CONI ISO 40 SG. RAPIDO RAP 116/02,QUICK RELEASE HEAD CONES ISO40 N°4,4 CONI ISO 40 SGANCIO RAPIDO RAP 116/02,
XY9890H-00,"TEST.RAP. D10,82 SMU.1,5X45 RAP5/03","QUICK RELEASE HEAD D10,82 CH.1,5x45","TESTINA A SGANCIO RAPIDO D10,82 SMUSSO 1,5x45 RAP5/03",
GA3857J-00,TESTINA SG.RAPIDO D. 51.7,"QUICK RELEASE HEAD D51,7","TESTINA A SGANCIO RAPIDO D51,7",
DA6682N-00,TESTINA SG.RAPIDO D. 55,QUICK RELEASE HEAD D55,TESTINA A SGANCIO RAPIDO D55,
WV5985D-00,TESTINA SG.RAPIDO D. 67,QUICK RELEASE HEAD D67,TESTINA A SGANCIO RAPIDO D67,
HC9665W-00,"TEST.RAP.D76,4 SMU.DIVERS.RAP457/02","QUICK RELEASE HEAD D76,4 DIFFER. CHAMFER","TESTINA A SGANCIO RAPIDO D76,4 SMUSSO DIVERSO RAP457/02",
GT5746F-00,TESTINA SG. RAPIDO TUBO DIA.17.2,"QUICK RELEASE HEAD TUBE D17,2","TESTINA A SGANCIO RAPIDO TUBO D17,2",
WP4502C-00,TESTINA SG.RAPIDO TUBO DIA.18.5,"QUICK RELEASE HEAD TUBE D18,5","TESTINA A SGANCIO RAPIDO TUBO D18,5",
MP9770W-00,TESTINA SG. RAPIDO TUBO DIA.20,QUICK RELEASE HEAD TUBE D20,TESTINA A SGANCIO RAPIDO TUBO D20,
VE4639Z-00,TESTINA SG. RAPIDO TUBO DIA.24,QUICK RELEASE HEAD TUBE D24,TESTINA A SGANCIO RAPIDO TUBO D24,
YF8925A-00,TESTINA SG. RAPIDO TUBO DIA.28,QUICK RELEASE HEAD TUBE D28,TESTINA A SGANCIO RAPIDO TUBO D28,
MB7624U-00,TESTINA SG.RAPIDO TUBO DIA.30,QUICK RELEASE HEAD TUBE D30,TESTINA A SGANCIO RAPIDO TUBO D30,
SF5425B-00,TESTINA SG.RAPIDO TUBO DIA.37,QUICK RELEASE HEAD TUBE D37,TESTINA A SGANCIO RAPIDO TUBO D37,
CN8444P-00,TESTINA SG.RAPIDO TUBO DIA.44,QUICK RELEASE HEAD TUBE D44,TESTINA A SGANCIO RAPIDO TUBO D44,
BF1066J-00,TESTINA SG.RAPIDO TUBO DIA.56,QUICK RELEASE HEAD TUBE D56,TESTINA A SGANCIO RAPIDO TUBO D56,
KZ9909K-00,TESTINA SG.RAPIDO TUBO DIA.76.1,"QUICK RELEASE HEAD TUBE D76,1","TESTINA A SGANCIO RAPIDO TUBO D76,1",
AS5330X-00,TESTINE SUNENA A SGANCIA RAPIDO,QUICK RELEASE HEADS,TESTINE SUNENA A SGANCIO RAPIDO,
LJ2003B-00,TESTINE A SGANCIO RAP. D.12,QUICK RELEASE HEADS D12,TESTINE A SGANCIO RAPIDO D12,
NN5748T-00,TESTINE A SGANCIO RAP. D.15,QUICK RELEASE HEADS D15,TESTINE A SGANCIO RAPIDO D15,
UC7150J-00,TESTINE A SGANCIO RAP. D.18,QUICK RELEASE HEADS D18,TESTINE A SGANCIO RAPIDO D18,
DG8826L-00,TESTINE A SGANCIO RAP. D.20,QUICK RELEASE HEADS D20,TESTINE A SGANCIO RAPIDO D20,
MD0807C-00,TESTINE A SGANCIO RAP. D.22,QUICK RELEASE HEADS D22,TESTINE A SGANCIO RAPIDO D22,
AD8051Y-00,TESTINE A SGANCIO RAP. D.25,QUICK RELEASE HEADS D25,TESTINE A SGANCIO RAPIDO D25,
HK8338S-00,TESTINE A SGANCIO RAP. D.28,QUICK RELEASE HEADS D28,TESTINE A SGANCIO RAPIDO D28,
TZ0197D-00,TESTINE A SGANCIO RAP. D.30,QUICK RELEASE HEADS D30,TESTINE A SGANCIO RAPIDO D30,
BP7135G-00,TESTINE A SGANCIO RAP. D.33,QUICK RELEASE HEADS D33,TESTINE A SGANCIO RAPIDO D33,
LM4217A-00,TESTINE A SGANCIO RAP. D.35,QUICK RELEASE HEADS D35,TESTINE A SGANCIO RAPIDO D35,
AA7080S-00,TESTINE A SGANCIO RAP. D.36,QUICK RELEASE HEADS D36,TESTINE A SGANCIO RAPIDO D36,
VD1106D-00,TESTINE A SGANCIO RAP. D.38,QUICK RELEASE HEADS D38,TESTINE A SGANCIO RAPIDO D38,
AM8897T-00,TESTINE A SGANCIO RAP. D.40,QUICK RELEASE HEADS D40,TESTINE A SGANCIO RAPIDO D40,
VN3434R-00,TESTINE A SGANCIO RAP. D.42,QUICK RELEASE HEADS D42,TESTINE A SGANCIO RAPIDO D42,
AD6500H-00,TESTINE SUNENA SG.RAPIDO-UT.NON REG.,QUICK RELEASE HEADS-NO ADJUSTABLE TOOLS,TESTINE SUNENA A SGANCIO RAPIDO-UTENSILI NON REG.,
PR4013J-00,"GANASCE RAP.TAV.D10,82 L219,5 R5/03","QUICK RELEASE JAWS D10,82x219,5 R5/03","GANASCE RAPIDE TAV.D10,82x219,5 R5/03",
DC6067K-00,GANASCE INTEGRALI RAPIDE RAP371/02,QUICK RELEASE JAWS INTEGRALS,,
RF3393W-00,GANASCE PINZE RA. DIA=12 A-004-07,QUICK RELEASE JAWS X CLAMPS D12 A-004-07,GANASCE PINZE RAPIDE D12 A-004-07,
ZV5705T-00,GANASCE PINZE RA. DIA=12 B-003,QUICK RELEASE JAWS X CLAMPS D12 B-003,GANASCE PINZE A SGANCIO RAPIDO D12 B-003,
SX4640W-00,GANASCE PINZE RA. DIA=13.5 B-005,QUICK RELEASE JAWS X CLAMPS D135 B-005,GANASCE PINZE A SGANCIO RAPIDO D135 B-005,
KA7138P-00,GANASCE PINZE RA. DIA=14 A-006-05,QUICK RELEASE JAWS X CLAMPS D14 A-006-05,GANASCE PINZE A SGANCIO RAPIDO D14 A-006-05,
JX8537H-00,GANASCE PINZE RA. DIA=14 B-006,QUICK RELEASE JAWS X CLAMPS D14 B-006,GANASCE PINZE A SGANCIO RAPIDO D14 B-006,
MW0062F-00,GANASCE PINZE RA. DIA=15 B-007,QUICK RELEASE JAWS X CLAMPS D15 B-007,GANASCE PINZE A SGANCIO RAPIDO D15 B-007,
MC2382Z-00,SERIE GAN.PINZE RAP. D.15.5 A-008,"QUICK RELEASE JAWS X CLAMPS D15,5 A-008","SERIE GANASCE PINZE A SGANCIO RAPIDO D15,5 A-008",
VX4752A-00,GANASCE PINZE RA. DIA=15.5 L=120,QUICK RELEASE JAWS X CLAMPS D155x120,GANASCE PINZE A SGANCIO RAPIDO D155x120,
XV0681R-00,GANASCE PINZE RA. DIA=16 A-011,QUICK RELEASE JAWS X CLAMPS D16 A-011,GANASCE PINZE A SGANCIO RAPIDO D16 A-011,
YG9770X-00,GANASCE PINZE RA. DIA=16 A-012-03,QUICK RELEASE JAWS X CLAMPS D16 A-012-03,GANASCE PINZE A SGANCIO RAPIDO D16 A-012-03,
NG0748Z-00,GANASCE PINZE RA. DIA=16 B-010,QUICK RELEASE JAWS X CLAMPS D16 B-010,GANASCE PINZE A SGANCIO RAPIDO D16 B-010,
UC4388A-00,GANASCE PINZE RA. DIA=16 L=100,QUICK RELEASE JAWS X CLAMPS D16x100,GANASCE PINZE A SGANCIO RAPIDO D16x100,
PY9988G-00,GAN.P.RAPIDE D.18.5 L=88.6,QUICK RELEASE JAWS X CLAMPS D185x886,GANASCE PINZE A SGANCIO RAPIDO D185x886,
TJ1936C-00,GANASCE PINZE RA. DIA=19 A-014-04,QUICK RELEASE JAWS X CLAMPS D19 A-014-04,GANASCE PINZE A SGANCIO RAPIDO D19 A-014-04,
KX3240U-00,GANASCE PINZE RA. DIA=20 A-015-02,QUICK RELEASE JAWS X CLAMPS D20 A-015-02,GANASCE PINZE A SGANCIO RAPIDO D20 A-015-02,
XM3255G-00,GANASCE PINZE RA. DIA=21 A-016-03,QUICK RELEASE JAWS X CLAMPS D21 A-016-03,GANASCE PINZE A SGANCIO RAPIDO D21 A-016-03,
EP3094U-00,GANASCE PINZE RA. DIA=21 A-017,QUICK RELEASE JAWS X CLAMPS D21 A-017,GANASCE PINZE A SGANCIO RAPIDO D21 A-017,
TN9282K-00,GANASCE PINZE RA. DIA=21 B-018,QUICK RELEASE JAWS X CLAMPS D21 B-018,GANASCE PINZE A SGANCIO RAPIDO D21 B-018,
SS5484D-00,GANASCE PINZE RA. DIA=22 A-020-04,QUICK RELEASE JAWS X CLAMPS D22 A-020-04,GANASCE PINZE A SGANCIO RAPIDO D22 A-020-04,
TU8197Z-00,GANASCE PINZE RA. DIA=22 B-019,QUICK RELEASE JAWS X CLAMPS D22 B-019,GANASCE PINZE A SGANCIO RAPIDO D22 B-019,
HW9115F-00,GANASCE PINZE RA. DIA=24 A-021-02,QUICK RELEASE JAWS X CLAMPS D24 A-021-02,GANASCE PINZE A SGANCIO RAPIDO D24 A-021-02,
UH3568T-00,GANASCE PINZE RA. DIA=24 A-021-03,QUICK RELEASE JAWS X CLAMPS D24 A-021-03,GANASCE PINZE A SGANCIO RAPIDO D24 A-021-03,
JL6765F-00,GANASCE PINZE RA. DIA=24 A-024-05,QUICK RELEASE JAWS X CLAMPS D24 A-024-05,GANASCE PINZE A SGANCIO RAPIDO D24 A-024-05,
WV2530F-00,GANASCE PINZE RA. DIA=24 B-022,QUICK RELEASE JAWS X CLAMPS D24 B-022,GANASCE PINZE A SGANCIO RAPIDO D24 B-022,
DP0890V-00,GANASCE PINZE RA. DIA=24 B-023,QUICK RELEASE JAWS X CLAMPS D24 B-023,GANASCE PINZE A SGANCIO RAPIDO D24 B-023,
JZ4140M-00,GAN.P.RAPIDE D.24 L=35.1 / 91,QUICK RELEASE JAWS X CLAMPS D24x351 / 91,GANASCE PINZE A SGANCIO RAPIDO D24x351 / 91,
UW1710N-00,GANASCE PINZE RA. DIA=25 A-025-07,QUICK RELEASE JAWS X CLAMPS D25 A-025-07,GANASCE PINZE A SGANCIO RAPIDO D25 A-025-07,
DG4782P-00,GANASCE PINZE RA. DIA=25 A-028-03,QUICK RELEASE JAWS X CLAMPS D25 A-028-03,GANASCE PINZE A SGANCIO RAPIDO D25 A-028-03,
CP9546J-00,GANASCE PINZE RA. DIA=25 B-026,QUICK RELEASE JAWS X CLAMPS D25 B-026,GANASCE PINZE A SGANCIO RAPIDO D25 B-026,
XB4787S-00,GANASCE PINZE RA. DIA=26 A-030-06,QUICK RELEASE JAWS X CLAMPS D26 A-030-06,GANASCE PINZE A SGANCIO RAPIDO D26 A-030-06,
FA7988H-00,GANASCE PINZE RA. DIA=26 B-031,QUICK RELEASE JAWS X CLAMPS D26 B-031,GANASCE PINZE A SGANCIO RAPIDO D26 B-031,
HZ6452C-00,GANASCE PINZE RA. DIA=26 L=350,QUICK RELEASE JAWS X CLAMPS D26x350,GANASCE PINZE A SGANCIO RAPIDO D26x350,
SP4347J-00,GANASCE PINZE RA. DIA=28 A-033-07,QUICK RELEASE JAWS X CLAMPS D28 A-033-07,GANASCE PINZE A SGANCIO RAPIDO D28 A-033-07,
YD9781S-00,GAN.P.RAPIDE D.28 L=146,QUICK RELEASE JAWS X CLAMPS D28x146,GANASCE PINZE A SGANCIO RAPIDO D28x146,
UJ0378Y-00,GAN.P.RAPIDE D.28 L=61,QUICK RELEASE JAWS X CLAMPS D28x61,GANASCE PINZE A SGANCIO RAPIDO D28x61,
MB5803K-00,GAN.P.RAPIDE D.30 L=37.4 / 99,QUICK RELEASE JAWS X CLAMPS D30x374 / 99,GANASCE PINZE A SGANCIO RAPIDO D30x374 / 99,
GH6418V-00,GANASCE PINZE RA. DIA=32 A-035,QUICK RELEASE JAWS X CLAMPS D32 A-035,GANASCE PINZE A SGANCIO RAPIDO D32 A-035,
GL5113Z-00,GANASCE PINZE RA. DIA=35 A-038-01,QUICK RELEASE JAWS X CLAMPS D35 A-038-01,GANASCE PINZE A SGANCIO RAPIDO D35 A-038-01,
MH4444Y-00,GAN.PINZE RAPIDE DIA.35 L=85,QUICK RELEASE JAWS X CLAMPS D35x85,GANASCE PINZE A SGANCIO RAPIDO D35x85,
HX4941B-00,GAN.P.RAPIDE D.37 L=170,QUICK RELEASE JAWS X CLAMPS D37x170,GANASCE PINZE A SGANCIO RAPIDO D37x170,
XY7567U-00,GAN.P.RAPIDE D.37 L=37,QUICK RELEASE JAWS X CLAMPS D37x37,GANASCE PINZE A SGANCIO RAPIDO D37x37,
ZA0159T-00,GAN.PINZE RAPIDE D.38 L=81.5,"QUICK RELEASE JAWS X CLAMPS D38x81,5","GANASCE PINZE A SGANCIO RAPIDO D38x81,5",
NC7704Y-00,GANASCE PINZE RA. DIA=42 A-039-03,QUICK RELEASE JAWS X CLAMPS D42 A-039-03,GANASCE PINZE A SGANCIO RAPIDO D42 A-039-03,
WX2113C-00,GAN.P.RAPIDE D.44 L=223.5,QUICK RELEASE JAWS X CLAMPS D44x223.5,GANASCE PINZE A SGANCIO RAPIDO D44x223.5,
KD4668D-00,GAN.P.RAPIDE D.44 L=40,QUICK RELEASE JAWS X CLAMPS D44x40,GANASCE PINZE A SGANCIO RAPIDO D44x40,
UX6165T-00,GANASCE PINZE RA. DIA=45 A-041,QUICK RELEASE JAWS X CLAMPS D45 A-041,GANASCE PINZE A SGANCIO RAPIDO D45 A-041,
BG7890E-00,GAN.PINZE RAPIDE D.46.35,"QUICK RELEASE JAWS X CLAMPS D46,35","GANASCE PINZE A SGANCIO RAPIDO D46,35",
DP4504A-00,GAN.PINZE RAPIDE D.46.35 L=303,"QUICK RELEASE JAWS X CLAMPS D46,35x303","GANASCE PINZE A SGANCIO RAPIDO D46,35x303",
WH6125F-00,GANASCE PINZE RA. DIA=48 A-042-01,QUICK RELEASE JAWS X CLAMPS D48 A-042-01,GANASCE PINZE A SGANCIO RAPIDO D48 A-042-01,
BE2970Y-00,GANASCE PINZE RA. DIA=50 A-043-03,QUICK RELEASE JAWS X CLAMPS D50 A-043-03,GANASCE PINZE A SGANCIO RAPIDO D50 A-043-03,
NM1217K-00,GAN.P.RAPIDE D.56 L=260.2,QUICK RELEASE JAWS X CLAMPS D56x260.2,GANASCE PINZE A SGANCIO RAPIDO D56x260.2,
KN8022Z-00,GAN.P.RAPIDE D.56 L=48,QUICK RELEASE JAWS X CLAMPS D56x48,GANASCE PINZE A SGANCIO RAPIDO D56x48,
GL9406L-00,GAN.PINZE RAP.D.62 L=486,QUICK RELEASE JAWS X CLAMPS D62x486,GANASCE PINZE A SGANCIO RAPIDO D62x486,
CY8193A-00,GAN.P.RAPIDE D.76.1 L=242,"QUICK RELEASE JAWS X CLAMPS D76,1x242",GANASCE PINZE A SGANCIO RAPIDO D76.1x242,
DS5909D-00,GAN.P.RAPIDE D.76.1 L=84.5,"QUICK RELEASE JAWS X CLAMPS D76,1x84,5",GANASCE PINZE A SGANCIO RAPIDO D76.1x84.5,
PB7681T-00,UTENSILE A SGANCIO RAPIDO VOCO 876,QUICK RELEASE TOOL,,
UR3771A-00,GAN.AVV.AT.RAPIDO D.30 PIENO V.117,QUICK RELEASE WRAP-AROUND JAWS BAR D30,GANASCE AVVOLGENTI A SGANCIO RAPIDO D30 PIENO V.117,
HTY73917-00,GANASCE AVVOLGENTI D14 L15 Rapide,QUICK RELEASE WRAP-AROUND JAWS D14x15,GANASCE AVVOLGENTI D14x15 Rapide,
LJH51891-00,AVVOLGENTI RAPIDI D15 L200,QUICK RELEASE WRAP-AROUND JAWS D15x200,GANASCE AVVOLGENTI RAPIDI D15x200,
TXG92950-00,GANASCE AVVOLGENTI D18.5 L170 Rapide,"QUICK RELEASE WRAP-AROUND JAWS D18,5x170","GANASCE AVVOLGENTI D18,5x170 Rapide",
ZPA38120-00,GANASCE AVVOLGENTI D22.2 L170 Rapide,"QUICK RELEASE WRAP-AROUND JAWS D22,2x170","GANASCE AVVOLGENTI D22,2x170 Rapide",
HFT75314-00,GANASCE AVVOLGENTI D22 L140 RAPIDE,QUICK RELEASE WRAP-AROUND JAWS D22x140,GANASCE AVVOLGENTI D22x140 RAPIDE,
YRF60763-00,GANASCE AVVOLGENTI D28 L60 Rapide,QUICK RELEASE WRAP-AROUND JAWS D28x60,GANASCE AVVOLGENTI D28x60 Rapide,
YRU15223-00,GANASCE AVVOLGENTI RAPIDE D36 L40,QUICK RELEASE WRAP-AROUND JAWS D36x40,GANASCE AVVOLGENTI RAPIDE D36x40,
EHP29448-00,GANASCE AVVOLGENTI RAPIDE D59 L40,QUICK RELEASE WRAP-AROUND JAWS D59x40,GANASCE AVVOLGENTI RAPIDE D59x40,
SBA77261-00,Cart. ins. negativi R3 BELE,R3 BELE NEGATIVE INSERTS CARTRIDGES,,
NH4166Z-00,TUBO RETTANGOLO 20X10CBL,RECTANGLE TUBE 20x10 “LIR”,TUBO RETTANGOLO 20x10CBL,
CVS95265-00,"MATERIALE RIFERIMENTO CREAZIONE ""POB""",REFERENCE MATERIAL CREATION “POB”,,
DG6272Y-00,SOSTITUITO DA MO2725,REPLACED BY MO2725,,
JRW14219-00,Set steli per smusso ext 30°,RODS EXTERNAL CHAMFER 30°,SET STELI PER SMUSSO ESTERNO 30°,
NC5502G-00,"ROTARY TRANSFER JAWS D.32,23 MM","ROTARY TRANSFER JAWS D32,23","ROTARY TRANSFER JAWS D32,23 mm",
XG0167A-00,"RW - MORSETTI AVV CARRELLO D49,4","RW CARRIAGE WRAP-AROUND CLAMPS D49,4",,
MF2070X-00,RW - COPPIA TESTINE SGANCIO RAPIDO,RW N°2 QUICK RELEASE HEADS,,
CN3327T-00,RW - COPPIA GANASCE D26 L30,RW N°2 WRAP-AROUND JAWS D26x30,RW - COPPIA GANASCE D26x30,
ZP7824Y-00,"RW - COPPIA GANASCE AVV D49,4 L20","RW N°2 WRAP-AROUND JAWS D49,4x20","RWCOPPIA GANASCE AVVOLGENTI D49,4x20",
ZKU53701-00,Rullo pressore per RW,RW PRESSER ROLLER,RULLO PRESSORE PER RW,
EF7771U-00,SATZ FORMTHANNENBACKEN D55,SATZ FORMTHANNENBACKEN D55,,
RC7342P-00,SATZ(2) EINSTELLBARE BEARBEITUNGS-,SATZ N°2 EINSTELLBARE BEARBEITUNGS,,
BRV86041-00,Satz (3) Einsaetze fur Rohrzwischenaufla,SATZ N°3 EINSAETZE FUR ROHRZWISCHENAUFLA,,
UMD71727-00,Set lame Nik Pitidove,SAWING BLADES “NIK PITIDOVE”,,
STH36621-00,KT lame Mivegi ALU,SAWING BLADES ALUMINIUM “MIVEGI”,KT LAME MIVEGI ALU,
PSK35726-00,Kit lame IRON FORCE,SAWING BLADES IRON FORCE,KIT LAME IRON FORCE,
CX0911L-00,LAME WIDIARAP 23/2004,SAWING BLADES WIDIA,,
HP0672T-00,MODELLO ATTREZZATURA SEGATRICI,SAWING MACHINE EQUIPMENT MODEL,,
NY4833K-00,JJ638 GAN. AVVOLG. SPECIALI V4459,JJ638 SPECIAL WRAP-AROUND JAWS,JJ638 GANASCE AVVOLGENTI SPECIALI V4459,
SE5866T-00,SCHNEIDENPLATCHEN-HALTER,SCHNEIDENPLATCHEN-HALTER,,
WG3973X-00,PINZE ATT. A VITE DIA 53 RAP322/04,SCREW CLAMPS D53,PINZE ATT. A VITE D53 RAP322/04,
LV9095Z-00,PINZE ATT. VITE DIA 57.5 RAP322/04,"SCREW CLAMPS D57,5","PINZE ATT. VITE D57,5 RAP322/04",
FM1119T-00,VOPELEK AVVOLGENTI V.4362,SCREW WRAP-AROUND JAWS “VOPELEK”,,
MN9499Z-00,GAN.AVV.A VITE D. 18 PIENO V.116,SCREW WRAP-AROUND JAWS BAR D18,GANASCE AVVOLGENTI A VITE D18 PIENO V.116,
CK2778X-00,AVV.VITE D10.3 L100,"SCREW WRAP-AROUND JAWS D10,3x100","AVVOLGENTI A VITE D10,3x100",
LZ1896V-00,AVV.VITE D13.2 L160,"SCREW WRAP-AROUND JAWS D13,2x160","AVVOLGENTI A VITE D13,2x160",
SM6129Z-00,GAN.AVV.A VITE D. 41X4 L=30 V.103,SCREW WRAP-AROUND JAWS D41x4x30,GANASCE AVVOLGENTI A VITE D41x4 L=30 V.103,
LE1714T-00,GAN.AVV.A VITE D.60X14.5 L=55 V.111,"SCREW WRAP-AROUND JAWS D60x14,5x55","GANASCE AVVOLGENTI A VITE D60x14,5x55 V.111",
NN6281F-00,SCARPETTE ELITTICO 115X51,SHAPES ELLIPTICAL 115x51,SCARPETTE ELLITTICO 115x51,
WL9963T-00,SCARPETTE ELITTICO 120X60,SHAPES ELLIPTICAL 120x60,SCARPETTE ELLITTICO 120x60,
MJ7285P-00,SCARPETTE ELITTICO 77X38.5,SHAPES ELLIPTICAL 77x38.5,SCARPETTE ELLITTICO 77x38.5,
BY7478E-00,TEMPLATES FOR NON-ROUNDTUBES,SHAPE NO-ROUNDTUBES,,
WK0633Z-00,TEMPLATES SET FOR SECTION 20X20,SHAPE RECTANGLE 20x20,TEMPLATES SET FOR SECTION 20x20,
YZ2974M-00,SAGOMA DIM.30X15,SHAPE RECTANGLE 30x15,SAGOMA DIM.30x15,
UY4237X-00,TEMPLATES SET FOR SECTION 40X20,SHAPE RECTANGLE 40x20,TEMPLATES SET FOR SECTION 40x20,
VG7759E-00,"SAGOMA 98,2X86,5","SHAPE RECTANGLE 98,2x86,5","SAGOMA 98,2x86,5",
VG9573U-00,SET SAGOMA PER TUBO 56X48.5 R6,"SHAPE SET TUBE 56x48,5 R6","SET SAGOMA PER TUBO 56x48,5 R6",
BM5596M-00,SET SAGOMA PER TUBO DIM ...,SHAPE SET TUBE DIM ...,,
CU6530P-00,GANASCE SAGOMATE A VS.PROFILO- 6/04,SHAPED JAWS PROFILE 6/04,,
BG0624E-00,GAN.SAGOM.A VS.PROFILO DIS.32167,SHAPED JAWS PROFILE DRWG. 32167,GANASCE SAGOMATE A VS.PROFILO DIS.32167,
RR3092C-00,GAN.SAGOMATE PROFILO DIS. 4701300,SHAPED JAWS PROFILE DRWG. 4701300,GANASCE SAGOMATE PROFILO DIS. 4701300,
NU7988D-00,GAN.SAGOM.A VS.PROFILO DIS.AA3003,SHAPED JAWS PROFILE DRWG. AA3003,GANASCE SAGOMATE A VS.PROFILO DIS.AA3003,
WY4524P-00,GANASCE SAGOMATE A PROFILO SPECIALE,SHAPED JAWS SPECIAL PROFILE,,
YE9798E-00,GAN.SAGOMATE PROF.THEC.- RINEPIM,SHAPED JAWS SPECIAL PROFILE “RINEPIM”,,
MF7647S-00,FODUNON SET OF SHAPES,SHAPES “FODUNON”,,
RH1680M-00,MOUSE - SET OF SHAPES,SHAPES “MOUSE”,,
TX4810G-00,FIM.RIK.B.SET SAGOME TUBO,SHAPES “FIM.RIK.B.”,,
KZ6575K-00,POFS DESIGN SET DI SAGOME,SHAPES “POFS DESIGN”,,
RJ0959V-00,SET DI SAGOME BAFIZS,SHAPES “BAFIZS”,,
WGK63008-00,SET OF SHAPES GACODAS,SHAPES “GACODAS”,,
TX6094U-00,SAGOME 30X10,SHAPES 30x10,SAGOME 30x10,
BS4892P-00,SAGOME 30X15,SHAPES 30x15,SAGOME 30x15,
KB9496S-00,SAGOME 35X25 MONUBR FIPATESI,SHAPES 35x25 “MONUBR FIPATESI”,SAGOME 35x25 MONUBR FIPATESI,
ZP5679K-00,SAGOME 40*20SASN,SHAPES 40x20 “SASN”,SAGOME 40x20SASN,
NF5964V-00,SAGOME 60X25 S=1.5,"SHAPES 60x25x1,5","SAGOME 60x25 S=1,5",
GP9662H-00,SAGOME 60X30,SHAPES 60x30,SAGOME 60x30,
NJ5210R-00,SAGOME DIAMETRO 26.9,"SHAPES D26,9","SAGOME D26,9",
ZS1013Z-00,SAGOME DIAMETRO 80,SHAPES D80,SAGOME D80,
GK5217H-00,SAGOME DIAMETRO 88.9,"SHAPES D88,9","SAGOME D88,9",
KD2310L-00,SAGOME DIM....,SHAPES DIM....,,
MX4446X-00,SAGOME CEF.RIK.S. PIATTO OVALE 50X25,SHAPES FLAT OVAL 50x25 “CEF.RIK.S.”,SAGOME CEF.RIK.S. PIATTO OVALE 50x25,
BW5516T-00,SAGOME ZEFES PIAT OV 60X20XSP2MM,SHAPES FLAT OVAL 60x20x2 “ZEFES”,SAGOME ZEFES PIATTOVALE 60x20xTH2mm,
KR7462G-00,SET DI SAGOME 40X20X1.2 OVALE,"SHAPES OVAL 40x20x1,2","SET DI SAGOME 40x20x1,2 OVALE",
AW2054V-00,SET DI SAGOME PER 100X20X2,SHAPES RECTANGLE 100x20x2,SET DI SAGOME PER 100x20x2,
NY0167P-00,SET SAGOME 100 X 30 X 1.5,"SHAPES RECTANGLE 100x30x1,5","SET SAGOME 100 x 30 x 1,5",
TV2447R-00,GIVAPIDU SAGOME RETT 101.6X50.8 R6,"SHAPES RECTANGLE 101,6x50,8 R6 “GIVAPIDU","GIVAPIDU SAGOME RETT 101,6x50,8 R6",
VM6997C-00,SET DI SAGOME 120X60,SHAPES RECTANGLE 120x60,SET DI SAGOME 120x60,
CE1634K-00,SET DI SAGOME 20X30X1,SHAPES RECTANGLE 20x30x1,SET DI SAGOME 20x30x1,
ZP8049K-00,SET DI SAGOME 20X38.4X1,"SHAPES RECTANGLE 20x38,4x1","SET DI SAGOME 20x38,4x1",
ZC9364X-00,SHAPES SET FOR TUBES 25X30X1.5,"SHAPES RECTANGLE 25x30x1,5","SHAPES SET FOR TUBES 25x30x1,5",
XD0783K-00,PETELTEMPLATES 30X10 MM,SHAPES RECTANGLE 30x10 “PETEL”,PETELTEMPLATES 30x10 mm,
BT1926V-00,SET SAGOME 30 X 15 X 1.5,"SHAPES RECTANGLE 30x15x1,5","SET SAGOME 30 x 15 x 1,5",
BE0976M-00,PETELTEMPLATES 30X20 MM,SHAPES RECTANGLE 30x20 “PETEL”,PETELTEMPLATES 30x20 mm,
GR6329S-00,SET SAGOME 30 X 20 X 1.5,"SHAPES RECTANGLE 30x20x1,5","SET SAGOME 30 x 20 x 1,5",
ET6439G-00,SET DI SAGOME 40X20,SHAPES RECTANGLE 40x20,SET DI SAGOME 40x20,
EP4901S-00,SHAPES SET FOR TUBES 40X20X1.5,"SHAPES RECTANGLE 40x20x1,5","SHAPES SET FOR TUBES 40x20x1,5",
LH3283U-00,SET DI SAGOME PER 40X30X2,SHAPES RECTANGLE 40x30x2,SET DI SAGOME PER 40x30x2,
JV4927W-00,SHAPES SET FOR TUBES 40X40X2,SHAPES RECTANGLE 40x40x2,SHAPES SET FOR TUBES 40x40x2,
CC9552Y-00,SHAPES SET FOR TUBES 50X50X2,SHAPES RECTANGLE 50x50x2,SHAPES SET FOR TUBES 50x50x2,
VV7454T-00,SET DI SAGOME 60X20X2,SHAPES RECTANGLE 60x20x2,SET DI SAGOME 60x20x2,
GK6717F-00,SAGOME ZEFES RETT. DIM 60X20XSP2MM,SHAPES RECTANGLE 60x20x2 “ZEFES”,SAGOME ZEFES RETTANGOLO DIM 60x20xTH2mm,
YP4943S-00,SET DI SAGOME 60X40,SHAPES RECTANGLE 60x40,SET DI SAGOME 60x40,
YT1844G-00,SAGOME ZEFES RETT. 60X40XSP1.5MM,"SHAPES RECTANGLE 60x40x1,5 “ZEFES”","SAGOME ZEFES RETTANGOLO 60x40xTH1,5mm",
UB5661W-00,SET DI SAGOME PER 60X40X2,SHAPES RECTANGLE 60x40x2,SET DI SAGOME PER 60x40x2,
PS7566W-00,SET DI SAGOME 60X80,SHAPES RECTANGLE 60x80,SET DI SAGOME 60x80,
NM8280L-00,SAGOME ZEFES RETT 90X50XSP2MM,SHAPES RECTANGLE 90x50x2 “ZEFES”,SAGOME ZEFES RETTANGOLO 90x50xTH2mm,
YA7793R-00,SAGOME DI SETTAGGIO 100 X 20 X 2,SHAPES RECTANGLE SETTING 100x20x2,SAGOME DI SETTAGGIO 100 x 20 x 2,
XA4136X-00,SAGOME DI SETTAGGIO 20X15,SHAPES RECTANGLE SETTING 20x15,SAGOME DI SETTAGGIO 20x15,
DS4565D-00,SAGOME DI SETTAGGIO 30X10,SHAPES RECTANGLE SETTING 30x10,SAGOME DI SETTAGGIO 30x10,
RD6898B-00,SAGOME DI SETTAGGIO 30X15X1.5,"SHAPES RECTANGLE SETTING 30x15x1,5","SAGOME DI SETTAGGIO 30x15x1,5",
PS3907U-00,SAGOME DI SETTAGGIO 30X18,SHAPES RECTANGLE SETTING 30x18,SAGOME DI SETTAGGIO 30x18,
CF2886H-00,SAGOME DI SETTAGGIO 40X20,SHAPES RECTANGLE SETTING 40x20,SAGOME DI SETTAGGIO 40x20,
KK5868F-00,SAGOME SETTAGGIO 40X20X5,SHAPES RECTANGLE SETTING 40x20x5,SAGOME SETTAGGIO 40x20x5,
VR5369P-00,SAGOME DI SETTAGGIO 40X30,SHAPES RECTANGLE SETTING 40x30,SAGOME DI SETTAGGIO 40x30,
ZL1823H-00,SAGOME SETTAGGIO 50X25X2,SHAPES RECTANGLE SETTING 50x25x2,SAGOME SETTAGGIO 50x25x2,
JC8850F-00,SAGOME DI SETTAGGIO 80X20,SHAPES RECTANGLE SETTING 80x20,SAGOME DI SETTAGGIO 80x20,
UD3892N-00,SAGOME DI SETTAGGIO 80 X 30 X 2,SHAPES RECTANGLE SETTING 80x30x2,SAGOME DI SETTAGGIO 80 x 30 x 2,
GC8285S-00,TEMPLATES FOR SUPPORT AXIS 22X10,SHAPES RECTANGLE SUPPORT AXIS 22x10,TEMPLATES FOR SUPPORT AXIS 22x10,
DM6878V-00,TEMPLATES FOR SUPPORT AXIS 24Î14,SHAPES RECTANGLE SUPPORT AXIS 24x14,TEMPLATES FOR SUPPORT AXIS 24x14,
ZB9818C-00,TEMPLATES FOR SUPPORT AXIS 60X30,SHAPES RECTANGLE SUPPORT AXIS 60x30,TEMPLATES FOR SUPPORT AXIS 60x30,
TN2908S-00,SIVEBESAGOME PER TUBO TONDO,SHAPES ROUND “SIVEBE”,,
KC5942C-00,SAGOME CEF.RIK.S. DIM. DIA 42,SHAPES ROUND D42 “CEF.RIK.S.”,SAGOME CEF.RIK.S. DIM. D42,
FN1070S-00,"SET DI SAGOME, SPECIFICARE LE SEZIO",SHAPES SECTION SPECIFY,SET DI SAGOME SPECIFICARE LE SEZIONI,
VZ3880B-00,SET DI SAGOME 50X25X1.5 SEMI PIATTO,"SHAPES SEMI-FLAT 50x25x1,5","SET DI SAGOME 50x25x1,5 SEMI PIATTO",
WU7738J-00,set of shape,SHAPES SET,,
UA4886L-00,SET SAGOME DI SOSTEGNO ASSE MAND.,SHAPES SPINDLE AXIS SUPPORT,SET SAGOME DI SOSTEGNO ASSE MANDRINO,
DX1842U-00,SET DI SAGOME 100X100,SHAPES SQUARE 100x100,SET DI SAGOME 100x100,
JP9401T-00,SAGOME ZEFES QUAD100X100XSP2MM,SHAPES SQUARE 100x100x2 “ZEFES”,SAGOME ZEFES QUADRO 100x100xTH2mm,
UP6437Z-00,SET DI SAGOME 15X15X1.5 QUADRO,"SHAPES SQUARE 15x15x1,5","SET DI SAGOME 15x15x1,5 QUADRO",
PN0526P-00,SET SAGOME 20 X 20 X 1.5,"SHAPES SQUARE 20x20x1,5","SET SAGOME 20 x 20 x 1,5",
RZ8964P-00,SAGOME 25X25,SHAPES SQUARE 25x25,SAGOME 25x25,
RV4116A-00,SAGOME 30X30,SHAPES SQUARE 30x30,SAGOME 30x30,
RX4699K-00,SET SAGOME 30 X 30 X 1.5,"SHAPES SQUARE 30x30x1,5","SET SAGOME 30 x 30 x 1,5",
ZW6840J-00,SAGOME 35X35 MONUBR FIPATESI,SHAPES SQUARE 35x35 “MONUBR FIPATESI”,SAGOME 35x35 MONUBR FIPATESI,
LE6508X-00,GIVAPIDU SAGOME QUADRATE 38.1 R5,"SHAPES SQUARE 38,1x38,1 R5 “GIVAPIDU”","GIVAPIDU SAGOME QUADRATE 38,1 R5",
GP7947M-00,SAGOME CEF.RIK.S. QUADRO 40X40,SHAPES SQUARE 40x40 “CEF.RIK.S.”,SAGOME CEF.RIK.S. QUADRO 40x40,
UC4836H-00,SAGOME 40X40 MONUBR FIPATESI,SHAPES SQUARE 40x40 “MONUBR FIPATESI”,SAGOME 40x40 MONUBR FIPATESI,
VW8752G-00,SAGOME 40X40 S=1.5,"SHAPES SQUARE 40x40x1,5","SAGOME 40x40 S=1,5",
MR7852T-00,GIVAPIDU SAGOME QUADR 50.8 R6,"SHAPES SQUARE 50,8x50,8 R6 “GIVAPIDU”","GIVAPIDU SAGOME QUADRATE 50,8 R6",
PS3436W-00,SET DI SAGOME 50X50X1.5,"SHAPES SQUARE 50x50x1,5","SET DI SAGOME 50x50x1,5",
AW4210V-00,SET SAGOME 50 X 50 X 1.8,"SHAPES SQUARE 50x50x1,8","SET SAGOME 50 x 50 x 1,8",
EB1792G-00,SET DI SAGOME 60X60,SHAPES SQUARE 60x60,SET DI SAGOME 60x60,
EA4496Z-00,SET DI SAGOME 80X80,SHAPES SQUARE 80x80,SET DI SAGOME 80x80,
ZU7688J-00,SAGOME DI SETTAGGIO 15X15,SHAPES SQUARE SETTING 15x15,SAGOME DI SETTAGGIO 15x15,
NJ9909R-00,SAGOME DI SETTAGGIO 18X18,SHAPES SQUARE SETTING 18x18,SAGOME DI SETTAGGIO 18x18,
LB9018C-00,SAGOME DI SETTAGGIO 20X20,SHAPES SQUARE SETTING 20x20,SAGOME DI SETTAGGIO 20x20,
KV9831B-00,SAGOME DI SETTAGGIO 20 X 20 X 1.5,"SHAPES SQUARE SETTING 20x20x1,5","SAGOME DI SETTAGGIO 20 x 20 x 1,5",
FN4157X-00,SAGOME DI SETTAGGIO 25X25,SHAPES SQUARE SETTING 25x25,SAGOME DI SETTAGGIO 25x25,
FK5743H-00,SAGOME DI SETTAGGIO 30X30,SHAPES SQUARE SETTING 30x30,SAGOME DI SETTAGGIO 30x30,
ZS3623J-00,SAGOME DI SETTAGGIO 30 X 30 X 1.5,"SHAPES SQUARE SETTING 30x30x1,5","SAGOME DI SETTAGGIO 30 x 30 x 1,5",
GX7023U-00,SAGOME SETTAGGIO 35X35X5,SHAPES SQUARE SETTING 35x35x5,SAGOME SETTAGGIO 35x35x5,
VP3532S-00,SAGOME DI SETTAGGIO 40X40,SHAPES SQUARE SETTING 40x40,SAGOME DI SETTAGGIO 40x40,
DA9203G-00,SAGOME DI SETTAGGIO 50X50,SHAPES SQUARE SETTING 50x50,SAGOME DI SETTAGGIO 50x50,
AW5786T-00,SAGOME DI SETTAGGIO 50 X 50 X 1.5,"SHAPES SQUARE SETTING 50x50x1,5","SAGOME DI SETTAGGIO 50 x 50 x 1,5",
FC6904S-00,TEMPLATES FOR SUPPORT AXIS 24X24,SHAPES SQUARE SUPPORT AXIS 24x24,TEMPLATES FOR SUPPORT AXIS 24x24,
RY6723X-00,TEMPLATES FOR SUPPORT AXIS 40X40,SHAPES SQUARE SUPPORT AXIS 40x40,TEMPLATES FOR SUPPORT AXIS 40x40,
UJ6370L-00,SAGOME PER IL SOSTEGNO DEL TUBO,SHAPES SUPPORTER,,
HB3270H-00,SHAPES FOR TUBE SUPPORT FURUDK,SHAPES SUPPORTER “FURUDK”,,
GCW5036-00,GANASCE GENERICHE RAP CORTE,SHORT GENERIC JAWS,,
GN8214P-00,PINZE THEC D=10-60 L=20-120,SPECIAL CLAMPS D10-60x20-120,PINZE SPECIALI D10-60x20-120,
HM8672Z-00,PINZE SPECIALI TUBI FILETTATI,SPECIAL CLAMPS THREADED TUBES,,
ZT4788F-00,SPECIAL EQUIPMENT DRAW.113 18.747 1,SPECIAL EQUIPMENT DRWG. 113 18.747 1,SPECIAL EQUIPMENT DRAWING 113 18.747 1,
BH5189F-00,SPECIAL EQUIPMENT DRAW.113 18.747 2,SPECIAL EQUIPMENT DRWG. 113 18.747 2,SPECIAL EQUIPMENT DRAWING 113 18.747 2,
EA6536X-00,SPECIAL EQUIPMENT DRAW.113 19.917 1,SPECIAL EQUIPMENT DRWG. 113 19.917 1,SPECIAL EQUIPMENT DRAWING 113 19.917 1,
AH8705U-00,SPECIAL EQUIPMENT DRAW.113 19.917 2,SPECIAL EQUIPMENT DRWG. 113 19.917 2,SPECIAL EQUIPMENT DRAWING 113 19.917 2,
YR1965Z-00,TESTINA THEC.TUBI 22-35 RAP 100/05,SPECIAL HEAD TUBES 22-35,TESTINA SPECIALE TUBI 22-35 RAP100/05,
ED3793Z-00,TESTINA THEC.TUBI 50-67 RAP 100/05,SPECIAL HEAD TUBES 50-67,TESTINA SPECIALE TUBI 50-67 RAP100/05,
SF4424L-00,GANASCE SPECIALI PER VS.SEZIONI,SPECIAL JAWS CUSTOMER SECTIONS,,
FL6309N-00,GAN.THEC.TUBI ELITTICI A DIS.,SPECIAL JAWS ELLIPTICAL TUBES TO DRWG.,GANASCE SPECIALI TUBI ELITTICI A DISEGNO,
XM1331P-00,GAN.THEC.RETT.18X12 L=23- V.126,SPECIAL JAWS RECTANGLE 18x12x23 V.126,GANASCE SPECIALI RETT.18x12x23 V.126,
NM2674A-00,GANASCE SPECIALI TUBO DIA. 22X2,SPECIAL JAWS TUBE D22x2,GANASCE SPECIALI TUBO D22x2,
GF5536N-00,GAN.PRISMATICHE SPECIALI 20-60-R/59,SPECIAL PRISMATIC JAWS 20-60-R/59,GANASCE PRISMATICHE SPECIALI 20-60-R/59,
HL3095C-00,MANDRINO THEC.+UTENSILI,SPECIAL SPINDLE + TOOLS,MANDRINO SPECIALE+UTENSILI,
MP4451E-00,UTENSILI SPECIALI UNITA' CARTELL.,SPECIAL TOOLS FLARING,UTENSILI SPECIALI UNITA' CARTELL,
WG5716G-00,GRIFFE MANDRINO X PROFILO ELLITTICO,SPINDLE JAWS ELLIPTICAL PROFILE,,
PC9188P-00,TUBO QUADRO 30X30CBL,SQUARE TUBE 30x30 “LIR”,TUBO QUADRO 30x30CBL,
VK2469M-00,TUBO QUADRO 40X40CBL,SQUARE TUBE 40x40 “LIR”,TUBO QUADRO 40x40CBL,
RA9778U-00,IMP. SOFF. A VALLE YK442,YK442 DOWNSTREAM BLOW SYSTEM,,
GU9449G-00,YK442GUIDE PER ELLITTICO V.6682,YK442 GUIDES FOR ELLIPTICAL,,
KM4911P-00,YK442-GUIDE RIBALT.56X34MM VOCO6876,YK442 OVERTURNING GUIDES 56x34,YK442-GUIDE RIBALTAMENTO 56x34mm VOCO6876,
NZ5739G-00,YK442-GUIDE RIBALT.70X11MM VOCO7021,YK442 OVERTURNING GUIDES 70x11,YK442-GUIDE RIBALTAMENTO 70x11mm VOCO7021,
SY2266W-00,YK449-GUIDE RIBALTAMENTO RAP30589,YK449 OVERTURNING GUIDES,,
YF2691X-00,PUNTE GRADINORAP 183/2000,STEP DRILL BITS,PUNTE GRADINO RAP183/2000,
KT0324X-00,-STEP DRILLS D5.2 D4.2,"STEP DRILL BITS D5,2 D4,2","STEP DRILLS D5,2 D4,2",
AT9320S-00,VOV - CABEÇ. DIAM 36 (PART. 000139),VOV - CABEÇ. D36 (PART. 000139),,
ZNZ19105-00,Serie rulli di raddrizzatura,STRAIGHTENING ROLLERS,SERIE RULLI DI RADDRIZZATURA,
WEE75570-00,Serie rulli di raddrizzat. D,STRAIGHTENING ROLLERS D,SERIE RULLI DI RADDRIZZATURA D,
GT2882A-00,ALLARG.3 ELICHE DIA. 7,STRETCHER 3 HELIX D7,ALLARG.3 ELICHE D7,
JF7380J-00,ALLARG.3 ELICHE DIA.9 RAP 183/2000,STRETCHER 3 HELIX D9,ALLARGATORE 3 ELICHE D9 RAP183/2000,
XW0747S-00,INTEGRAZIONE FORNITURA,SUPPLY INTEGRATION,,
EK7169P-00,QG532-PRI. BANCO THALLA LISCI V4670,QG532 BENCH PRISM SMOOTH,QG532-PRISMA BANCO SPALLA LISCI V4670,
AD4556E-00,QG532-PRISMA DIAMETRO 6 MM VOCO----,QG532 PRISM D6,QG532-PRISMA D6 mm VOCO----,
DJ9927Z-00,QG532 PRISMI PER ELLITTICO V4912,QG532 PRISMS ELLIPTICAL,,
HV3711U-00,QG532-GANASCE AVVOLGENTIOLG. D. 14MM,QG532 WRAP-AROUND JAWS D14,QG532 GANASCE AVVOLGENTI D14mm,
FE0919G-00,QG532-GANASCE AVVOLGENTI DIAM.15,QG532 WRAP-AROUND JAWS D15,QG532 GANASCE AVVOLGENTI D15,
CH4211N-00,GAN.AVV. TUBO DIA.16 PER QG532,QG532 WRAP-AROUND JAWS D16,GANASCE AVVOLGENTI TUBO D16 PER QG532,
AB8047C-00,QG532-GANASCE AVVOLGENTI DIAM.18,QG532 WRAP-AROUND JAWS D18,QG532 GANASCE AVVOLGENTI D18,
CN3841H-00,QG532 GAN. AVVOLG. DIAM 19.05,"QG532 WRAP-AROUND JAWS D19,05","QG532 GANASCE AVVOLGENTI D19,05",
FS7337V-00,QG532-GAN.AVV. DIAM. 22,QG532 WRAP-AROUND JAWS D22,QG532 GANASCE AVVOLGENTI D22,
JP7636L-00,QG532-GAN.AVV. DIAM. 25,QG532 WRAP-AROUND JAWS D25,QG532 GANASCE AVVOLGENTI D25,
XM1767K-00,QG532-GANASCE AVVOLGENTIOLG. D25 LIKUV,QG532 WRAP-AROUND JAWS D25 “LIKUV”,QG532 GANASCE AVVOLGENTI D25 LIKUV,
LW4102Z-00,"GANASCE AVVOLGENTI PER DIAM.25,4 MM QG532","QG532 WRAP-AROUND JAWS D25,4","GANASCE AVVOLGENTI D25,4 mm QG532",
BH3117U-00,GANASCE AVVOLGENTI PER DIAM.30 MM QG532,QG532 WRAP-AROUND JAWS D30,GANASCE AVVOLGENTI D30 mm QG532,
KR9683L-00,"GANASCE AVVOLGENTITUBO D32,4X1 INOX QG532","QG532 WRAP-AROUND JAWS D32,4x1 INOX","GANASCE AVVOLGENTI TUBO D32,4x1 INOX QG532",
JJ4358T-00,GANASCE AVVOLGENTITUBO D.35X1 INOX QG532,QG532 WRAP-AROUND JAWS D35x1 INOX,GANASCE AVVOLGENTI TUBO D35x1 INOX QG532,
XU1492R-00,QG532-GANASCE AVVOLGENTI DIAM. 38MM,QG532 WRAP-AROUND JAWS D38,QG532 GANASCE AVVOLGENTI D38mm,
LG3517J-00,GANASCE AVVOLGENTI PER DIAM.40X1 MM QG532,QG532 WRAP-AROUND JAWS D40x1,GANASCE AVVOLGENTI D40x1 mm QG532,
PU4929E-00,QG532 GANASCE AVVOLGENTI DIAM. 40 L=40,QG532 WRAP-AROUND JAWS D40x40,QG532 GANASCE AVVOLGENTI D40x40,
EV5070A-00,QG532 GAN. AVVOLG. DIAM 44.45,"QG532 WRAP-AROUND JAWS D44,45","QG532 GANASCE AVVOLGENTI D44,45",
GA3257R-00,QG532-GAN.AVV. DIAM. 45,QG532 WRAP-AROUND JAWS D45,QG532 GANASCE AVVOLGENTI D45,
YN8253F-00,GANASCE AVVOLGENTI DIA. 45.7 MM X QG532,"QG532 WRAP-AROUND JAWS D45,7","GANASCE AVVOLGENTI D45,7 mm X QG532",
CW9776Y-00,QG532 AVVOLGENTE PER DIAM. 48,QG532 WRAP-AROUND JAWS D48,QG532 AVVOLGENTE D48,
GX8585R-00,"QG532 CUMUNOTA-GANASCE AVVOLGENTI DIAM. 48,3","QG532 WRAP-AROUND JAWS D48,3 “CUMUNOTA”","QG532 CUMUNOTA-GANASCE AVVOLGENTI D48,3",
PS1842Z-00,QG532 AVVOLGENTE PER DIAM. 50,QG532 WRAP-AROUND JAWS D50,QG532 AVVOLGENTE D50,
RH6837A-00,QG532-GAN.AVV. DIAM. 50.8,"QG532 WRAP-AROUND JAWS D50,8","QG532 GANASCE AVVOLGENTI D50,8",
AP6988R-00,QG532 GANASCE AVVOLGENTI DIAM 50.8X1.2,"QG532 WRAP-AROUND JAWS D50,8X1,2","QG532 GANASCE AVVOLGENTI D50,8X1,2",
MU1270M-00,QG532 AVVOLGENTE PER DIAM. 52,QG532 WRAP-AROUND JAWS D52,QG532 AVVOLGENTE D52,
TX7075N-00,QG532-GANASCE AVVOLGENTI D54 MM,QG532 WRAP-AROUND JAWS D54,QG532 GANASCE AVVOLGENTI D54 mm,
HK0900H-00,GANASCE AVVOLGENTI TUBO DIA.55 QG 532,QG532 WRAP-AROUND JAWS D55,GANASCE AVVOLGENTI TUBO D55 QG 532,
BE3106T-00,QG532 AVVOLGENTE PER DIAM. 56,QG532 WRAP-AROUND JAWS D56,QG532 AVVOLGENTE D56,
LU9118B-00,GANASCE AVVOLGENTI DIA. 57.15 MM X QG532,"QG532 WRAP-AROUND JAWS D57,15","GANASCE AVVOLGENTI D57,15 mm X QG532",
AH6444E-00,QG532 GANASCE AVVOLGENTI DIA 60 DUK. TATAK,QG532 WRAP-AROUND JAWS D60 “DUK. TATAK”,QG532 GANASCE AVVOLGENTI D60 DUK. TATAK,
TH2944U-00,QG532 GANASCE AVVOLGENTI DIAM 63.5,"QG532 WRAP-AROUND JAWS D63,5","QG532 GANASCE AVVOLGENTI D63,5",
HF9442D-00,QG532 GAN.AVV. DIA.70 MM,QG532 WRAP-AROUND JAWS D70,QG532 GANASCE AVVOLGENTI D70 mm,
TA8425A-00,QG532-GAN.AVV. DIAM. 75,QG532 WRAP-AROUND JAWS D75,QG532 GANASCE AVVOLGENTI D75,
WX9878U-00,"QG532 GANASCE AVVOLGENTI D76,1","QG532 WRAP-AROUND JAWS D76,1",,
SY0751F-00,QG532 GANASCE AVVOLGENTI DIAM 76.2,"QG532 WRAP-AROUND JAWS D76,2","QG532 GANASCE AVVOLGENTI D76,2",
TY5465T-00,GAN.AVV. DIA. 76X2TC 720,QG532 WRAP-AROUND JAWS D76x2,GANASCE AVVOLGENTI D76x2TC 720,
KM8231G-00,QG532-GAN.AVV. DIAMETRO 80MM,QG532 WRAP-AROUND JAWS D80,QG532 GANASCE AVVOLGENTI D80mm,
KZ9196X-00,QG532-GAN.AVV. PIATTOVALE 70X11,QG532 WRAP-AROUND JAWS FLAT OVAL 70x11,QG532 GANASCE AVVOLGENTI PIATTOVALE 70x11,
KA7059Y-00,SERIE GANASCE AVVOLGENTI DIA. 25- X QG532,QG532 WRAP-AROUND JAWS SET D25,SERIE GANASCE AVVOLGENTI D25- X QG532,
UX9404B-00,SERIE GAN.AVV.DIA 25.4 X QG532,"QG532 WRAP-AROUND JAWS SET D25,4","SERIE GANASCE AVVOLGENTI D25,4 x QG532",
KH2820B-00,QG532-SET GANASCE AVVOLGENTI D=32MM,QG532 WRAP-AROUND JAWS SET D32,QG532-SET GANASCE AVVOLGENTI D32mm,
GV9064V-00,SERIE GAN.AVV.DIA 45 X QG532,QG532 WRAP-AROUND JAWS SET D45,SERIE GANASCE AVVOLGENTI D45 x QG532,
BX4140D-00,TEST AT,TEST AT,,
CHFJ005R-00,TESTING AND EXECUT. OF TUBE SAMPLES,TESTING AND EXECUTION OF TUBE SAMPLES,,
VG3924M-00,PROVE DEDACOR,TESTS “DEDACOR”,,
DZAF52N-00,PROVE REALIZZAZ. CAMPIONI 8 ORE,TESTS SAMPLES REALIZATION 8 HOURS,PROVE REALIZZAZIONE CAMPIONI 8 ORE,
LPS-AHAY-00,TESTO,TEXT,,
SY2399D-00,TIRANTE PER ISO40 DIN2080,TIE-ROD FOR ISO40 DIN2080,,
DL2898J-00,TOOLING FOR CHAMFERING OPERATION,TOOLING FOR CHAMFERING OPERATION,,
XB3280P-00,TOOLING FOR PROFILE 10267 V8473,TOOLING FOR PROFILE 10267,,
CT8178A-00,TOOLING FOR PROFILE 6365 V8472,TOOLING FOR PROFILE 6365,,
EFM18449-00,Set utensili Senafr D24.5-35.05,"TOOLS D24,5 - D35,05 “SENAFR”","Set utensili Senafr D24,5-35,05",
RSY48920-00,SET UTE. E AVV. D41 TH2 D47 TH2,TOOLS ND WRAP-AROUND D41x2 D47x2,SET UTENSILI E AVVOLGENTE D41 TH2 D47 TH2,
JG8907T-00,TOOLS FOR PART N.10318525HNEW 2,TOOLS PART N.10318525HNEW 2,,
UF7712X-00,TOOLS FOR PART N.10318525HNEW1,TOOLS PART N.10318525HNEW1,,
XW94397Z-00,SET OF TOOLS,TOOLS SET,,
VX0111Y-00,JB52-GAN.AVV. PER D=60?0.3MM,"JB52 WRAP-AROUND JAWS D60x0,3","JB52-GANASCE AVVOLGENTI D60x0,3mm",
SX6668W-00,"JB59 GANASCE AVVOLGENTI DIAM. 54X1,5","JB59 WRAP-AROUND JAWS D54x1,5","JB59 GANASCE AVVOLGENTI D54x1,5",
MH7593E-00,GANASCE AVVOLGENTI TUBO DIA. 60 S=1 JB59,JB59 WRAP-AROUND JAWS D60x1,GANASCE AVVOLGENTI TUBO D60 S=1 JB59,
NC2544S-00,JB59 GANAS AVOLG DIAM. 76.0,"JB59 WRAP-AROUND JAWS D76,0","JB59 GANASCE AVVOLGENTI D76,0",
ZE2558U-00,GANASCE AVVOLGENTI TUBO DIA. 80TS 71,JB59 WRAP-AROUND JAWS D80,GANASCE AVVOLGENTI TUBO D80TS 71,
TU91,"GANASCE AVVOLGENTI TUBO DIA.80 S=1,2 JB59","JB59 WRAP-AROUND JAWS D80x1,2","GANASCE AVVOLGENTI TUBO D80 S=1,2 JB59",
NE7876U-00,SERIE GAN.AVV. DIA. 25 PER JB59,JB59 WRAP-AROUND JAWS SET D25,SERIE GANASCE AVVOLGENTI D25 PER JB59,
NT3728N-00,"JB59 GANASCE AVVOLGENTI TB 72 X 1, L MIN 50",JB59 WRAP-AROUND JAWS TB 72x1 L<50,"JB59 GANASCE AVVOLGENTI TB 72 x 1, L MIN 50",
JM9358D-00,JB53MORSA 15.88MM,"JB53 CLAMP JAWS 15,88","JB53 MORSA 15,88mm",
LY2099T-00,JB53MORSA 19.05MM,"JB53 CLAMP JAWS 19,05","JB53 MORSA 19,05mm",
GZ6552G-00,JB53 - SOFFIO MORSA IN PRISMI V9452,JB53 CLAMP PRISMS WITH BLOW,,
EL9809A-00,JB53-DISEGNI PRISMI 7 MM,JB53 DRWG. PRISMS 7mm,JB53 DISEGNI PRISMI 7 mm,
PT3464A-00,"JB53ELLITTICO 40,5X15.6 V6681","JB53 ELLIPTICAL 40,5x15,6","JB53 ELLITTICO 40,5X15,6 V6681",
SS8992A-00,JB53-ATTR. PER ELL. 31.8 X 17.1,"JB53 EQUIPMENT ELLIPTICAL 31,8x17,1","JB53 ATTREZZATURA PER ELLITTICO 31,8 x 17,1",
AL6264T-00,"JB53-ATTR.ELLITT. 40X20,5 V9139","JB53 EQUIPMENT ELLIPTICAL 40x20,5","JB53 ATTREZZATURA ELLITTICO 40x20,5 V9139",
MR3739Y-00,JB53 GANASCE AVOLGENTI DIAM 35.7 MM,"JB53 GANASCE AVOLGENTI D35,7","JB53 GANASCE AVOLGENTI D35,7 mm",
MS2081M-00,JB53 GANASCE AVOLGENTI DIAM 36X1,JB53 GANASCE AVOLGENTI D36x1,JB53 GANASCE AVOLGENTI D36x1,
DB7663X-00,JB53 GANASCE AVOLGENTI DIAM 40X1,JB53 GANASCE AVOLGENTI D40x1,JB53 GANASCE AVOLGENTI D40x1,
TX2150D-00,JB53 GANASCE AVVOLGENTI OVALE 30X15,JB53 OVAL WRAP-AROUND JAWS 30x15,JB53 GANASCE AVVOLGENTI OVALE 30x15,
PA5495S-00,JB53 GANASCE AVVOLGENTI OVALE 35.7X14.2,"JB53 OVAL WRAP-AROUND JAWS 35,7x14,2","JB53 GANASCE AVVOLGENTI OVALE 35,7x14,2",
CF2960J-00,JB53-PRISMA 15-34 MM CROMATO,JB53 PRISM CHROMED 15-34,JB53 PRISMA 15-34 mm CROMATO,
FG3169M-00,JB53-PRIMI PROF. ELLITT. 25x12,JB53 PRISM ELLIPTICAL 25x12,JB53 PRISMA PROFILO ELLITTICO 25x12,
UU25820X-00,JB53-PRIMI PROF. ELLITT. 30X15,JB53 PRISM ELLIPTICAL 30x15,JB53 PRISMA PROFILO ELLITTICO 30x15,
MX1777Y-00,JB53- PRISMA MORSA ELL. 30X16 V7721,JB53 PRISM ELLIPTICAL 30x16,JB53 PRISMA MORSA ELLITTICA 30x16 V7721,
XU66868A-00,JB53-PRIMI PROF. ELLITT. 35X20,JB53 PRISM ELLIPTICAL 35x20,JB53 PRISMA PROFILO ELLITTICO 35x20,
AL5313C-00,JB53-PRIMI PROF. ELLITT. 44X18.3,"JB53 PRISM ELLIPTICAL 44x18,3","JB53 PRISMA PROFILO ELLITTICO 44x18,3",
YH41518E-00,JB53-PRIMI PROF. ELLITT. 45X20,JB53 PRISM ELLIPTICAL 45x20,JB53 PRISMA PROFILO ELLITTICO 45x20,
YZ8085N-00,JB53-PRISM. 34-85 MM ZIGRIN. V5863,JB53 PRISM KNURLED 34-85,JB53 PRISMA 34-85 mm ZIGRINATO V5863,
RB5143J-00,JB53 GANASCE PRISM. D. 102 Q.L. 80 + PVD,JB53 PRISMATIC JAWS D102 Q.L. 80 + PVD,JB53 GANASCE PRISMATICHE D102 Q.L. 80 + PVD,
YD1072H-00,JB53 GANASCE PRISM. D.15-34 + PVD,JB53 PRISMATIC JAWS D15-34 + PVD,JB53 GANASCE PRISMATICHE D15-34 + PVD,
YK4728G-00,JB53-SET GANASCE PRISM.D20-60 V1783,JB53 PRISMATIC JAWS D20-60,JB53 GANASCE PRISMATICHE D20-60 V1783,
EJ7903G-00,JB53 GANASCE PRISM. D.34-85 + PVD,JB53 PRISMATIC JAWS D34-85 + PVD,JB53 GANASCE PRISMATICHE D34-85 + PVD,
EL7214E-00,JB53 MORSA SAGOMATA V6417,JB53 SHAPED CLAMP,,
NP5871C-00,JB53-GAN.AVV.DIAMETRO 1.375 POLLICI,"JB53 WRAP-AROUND JAWS D1,375”","JB53 GANASCE AVVOLGENTI D1,375 POLLICI",
VW3635H-00,JB53-GAN.AVV.DIAMETRO 1.625 POLLICI,"JB53 WRAP-AROUND JAWS D1,625”","JB53 GANASCE AVVOLGENTI D1,625 POLLICI",
HU6378J-00,GANASCE AVVOLGENTIOLGENTE DIAM 10 JB53,JB53 WRAP-AROUND JAWS D10,GANASCE AVVOLGENTI D10 JB53,
MG9897F-00,JB53 GANASCE AVOLGENTI DIAM 100 MM,JB53 WRAP-AROUND JAWS D100,JB53 GANASCE AVVOLGENTI D100 mm,
UE5150X-00,"GAN.AVV.TUBO D.100X1,5TS 72","JB53 WRAP-AROUND JAWS D100x1,5","GANASCE AVVOLGENTI TUBO D100x1,5TS 72",
NE1241Z-00,"GANASCE AVVOLGENTI JB53 DIAM. 101,2X2","JB53 WRAP-AROUND JAWS D101,2x2","GANASCE AVVOLGENTI JB53 D101,2x2",
DC5312W-00,JB53 GANASCE AVVOLGENTI DIAM 101.6,"JB53 WRAP-AROUND JAWS D101,6","JB53 GANASCE AVVOLGENTI D101,6",
AV5615A-00,"GAN.AVV.TUBO SOTT. D.101,6X1,2 JB53","JB53 WRAP-AROUND JAWS D101,6x1,2 THIN T.","GANASCE AVVOLGENTI TUBO SOTTILE D101,6x1,2 JB53",
HL9100P-00,JB53-GANASCE AVVOLGENTIOLGENTE DIAM 12,JB53 WRAP-AROUND JAWS D12,JB53 GANASCE AVVOLGENTI D12,
VL8507V-00,JB53GANASCE AVVOLGENTI D=12.7 MM,"JB53 WRAP-AROUND JAWS D12,7","JB53 GANASCE AVVOLGENTI D12,7 mm",
UL4589J-00,JB53GANASCE AVVOLGENTI D=15.9 MM,"JB53 WRAP-AROUND JAWS D15,9","JB53 GANASCE AVVOLGENTI D15,9 mm",
TR9373B-00,JB53 GANASCE AVVOLGENTI DIAM. 16,JB53 WRAP-AROUND JAWS D16,JB53 GANASCE AVVOLGENTI D16,
MR4589T-00,JB53-GAN.AVVOLGENTI DIAMETRO 18 MM,JB53 WRAP-AROUND JAWS D18,JB53 GANASCE AVVOLGENTI D18 mm,
HG9662H-00,JB53 AVVOLGENTI PER D=19.1 MM,"JB53 WRAP-AROUND JAWS D19,1","JB53 GANASCE AVVOLGENTI D19,1 mm",
SY6708S-00,JB53-GAN.AVV.DIAMETRO 2.0 POLLICI,JB53 WRAP-AROUND JAWS D2”,"JB53 GANASCE AVVOLGENTI D2,0 POLLICI",
PG1114T-00,JB53 GANASCE AVVOLGENTI DIAM. 20,JB53 WRAP-AROUND JAWS D20,JB53 GANASCE AVVOLGENTI D20,
RC5603L-00,GANASCE AVVOLGENTI JB53 DIAM. 20X1,JB53 WRAP-AROUND JAWS D20x1,GANASCE AVVOLGENTI JB53 D20x1,
JZ7418S-00,JB53-GANASCE AVVOLGENTI DIA.22.0 MM,"JB53 WRAP-AROUND JAWS D22,0","JB53 GANASCE AVVOLGENTI D22,0 mm",
GB4702H-00,JB53-GANASCE AVVOLGENTI D. 22.22 MM,"JB53 WRAP-AROUND JAWS D22,22","JB53 GANASCE AVVOLGENTI D22,22 mm",
TU2880N-00,JB53-GANASCE AVVOLGENTI D24.8 MM,"JB53 WRAP-AROUND JAWS D24,8","JB53 GANASCE AVVOLGENTI D24,8 mm",
AC5163C-00,JB53-GAN. AVVOLGENTI DIAM. 25.4 MM,"JB53 WRAP-AROUND JAWS D25,4","JB53 GANASCE AVVOLGENTI D25,4 mm",
WU2493A-00,JB53GANASCE AVVOLGENTI D=25.40 MM,"JB53 WRAP-AROUND JAWS D25,40","JB53 GANASCE AVVOLGENTI D25,40 mm",
SZ7849U-00,GANASCE AVVOLGENTI JB53 DIAM. 25X1,JB53 WRAP-AROUND JAWS D25x1,GANASCE AVVOLGENTI JB53 D25x1,
YU8699W-00,JB53GANASCE AVVOLGENTI D=27.1 MM,"JB53 WRAP-AROUND JAWS D27,1","JB53 GANASCE AVVOLGENTI D27,1 mm",
JU2176E-00,JB53 GANASCE AVVOLGENTI DIAM. 28,JB53 WRAP-AROUND JAWS D28,JB53 GANASCE AVVOLGENTI D28,
WW5895W-00,JB53-GANASCE AVVOLGENTI DIAMETRO 30,JB53 WRAP-AROUND JAWS D30,JB53 GANASCE AVVOLGENTI D30,
PN7971E-00,JB53GANASCE AVVOLGENTI D=31.75 MM,"JB53 WRAP-AROUND JAWS D31,75","JB53 GANASCE AVVOLGENTI D31,75 mm",
SS8541K-00,JB53-GANASCE AVVOLGENTI DIAM. 32.5 MM,"JB53 WRAP-AROUND JAWS D32,5","JB53 GANASCE AVVOLGENTI D32,5 mm",
FJ2601N-00,GANASCE AVVOLGENTI JB53 DIAM. 33 MM,JB53 WRAP-AROUND JAWS D33,GANASCE AVVOLGENTI JB53 D33 mm,
FK9609C-00,JB53-GANASCE AVVOLGENTI DIA.33.7 MM,"JB53 WRAP-AROUND JAWS D33,7","JB53 GANASCE AVVOLGENTI D33,7 mm",
NT1907M-00,JB53GANASCE AVVOLGENTI D=34 MM,JB53 WRAP-AROUND JAWS D34,JB53 GANASCE AVVOLGENTI D34 mm,
YK0357N-00,JB53-GANASCE AVVOLGENTI DIAM. 34.5 MM,"JB53 WRAP-AROUND JAWS D34,5","JB53 GANASCE AVVOLGENTI D34,5 mm",
XD8268S-00,JB53GANASCE AVVOLGENTI D=34.93 MM,"JB53 WRAP-AROUND JAWS D34,93","JB53 GANASCE AVVOLGENTI D34,93 mm",
MV5281C-00,GANASCE AVVOLGENTI DIAM. 35 (JB53),JB53 WRAP-AROUND JAWS D35,GANASCE AVVOLGENTI D35 (JB53),
VY5602S-00,JB53GANASCE AVVOLGENTI D=36.6 MM,"JB53 WRAP-AROUND JAWS D36,6","JB53 GANASCE AVVOLGENTI D36,6 mm",
ZN1310U-00,JB53-GANASCE AVVOLGENTI DIAM. 37.5 MM,"JB53 WRAP-AROUND JAWS D37,5","JB53 GANASCE AVVOLGENTI D37,5 mm",
VH8110L-00,JB53 GANASCE AVVOLGENTI DIAM. 38,JB53 WRAP-AROUND JAWS D38,JB53 GANASCE AVVOLGENTI D38,
AM1355Z-00,JB53GANASCE AVVOLGENTI D=38.1 MM,"JB53 WRAP-AROUND JAWS D38,1","JB53 GANASCE AVVOLGENTI D38,1 mm",
GH4184F-00,JB53-GANASCE AVVOLGENTIOLG. D= 38 ? 0.3MM,"JB53 WRAP-AROUND JAWS D38x0,3","JB53 GANASCE AVVOLGENTI, D38x0,3mm",
AU6261C-00,JB53 GANASCE AVVOLGENTI DIAM 40,JB53 WRAP-AROUND JAWS D40,JB53 GANASCE AVVOLGENTI D40,
RF2187T-00,JB53-GANASCE AVVOLGENTI DIAM. 43.6 MM,"JB53 WRAP-AROUND JAWS D43,6","JB53 GANASCE AVVOLGENTI D43,6 mm",
GP4230D-00,JB53GANASCE AVVOLGENTI D=44.45 MM,"JB53 WRAP-AROUND JAWS D44,45","JB53 GANASCE AVVOLGENTI D44,45 mm",
MN6688N-00,"GAN.AVV.TUBO SOTTILE DIA48X0,8 JB53","JB53 WRAP-AROUND JAWS D48x0,8 THIN TUBE","GANASCE AVVOLGENTI TUBO SOTTILE DIA48x0,8 JB53",
WS1132T-00,JB53GANASCE AVVOLGENTI DIAM.50,JB53 WRAP-AROUND JAWS D50,JB53 GANASCE AVVOLGENTI D50,
DM8404P-00,JB53GANASCE AVVOLGENTI D=50.8 MM,"JB53 WRAP-AROUND JAWS D50,8","JB53 GANASCE AVVOLGENTI D50,8 mm",
YW4426G-00,"GAN.AVV.TUBO SOTT. D.50,8X0,8 JB53","JB53 WRAP-AROUND JAWS D50,8x0,8 THIN T.","GANASCE AVVOLGENTI TUBO SOTTILE D50,8x0,8 JB53",
UL5517T-00,JB53 GANAS. AVOL. DIAMETRO 54 MM.,JB53 WRAP-AROUND JAWS D54,JB53 GANASCE AVVOLGENTI D54 mm,
TZ4294U-00,"GAN.AVV.TUBO SOTT. D.54X0,8 JB53","JB53 WRAP-AROUND JAWS D54x0,8 THIN TUBE","GANASCE AVVOLGENTI TUBO SOTTILE D54x0,8 JB53",
HA0396D-00,JB53-GANASCE AVVOLGENTI DIAM. 55 MM,JB53 WRAP-AROUND JAWS D55,JB53 GANASCE AVVOLGENTI D55 mm,
CJ9385U-00,JB53 GAN. AVOLG. DIAM 55.0,"JB53 WRAP-AROUND JAWS D55,0","JB53 GANASCE AVVOLGENTI D55,0",
VX7406L-00,"GANASCE AVVOLGENTI TUBO DIA.55X1,2- JB53","JB53 WRAP-AROUND JAWS D55x1,2","GANASCE AVVOLGENTI TUBO D55x1,2- JB53",
HL0181H-00,JB53 GANASCE AVVOLGENTI DIAM.57 + PVD,JB53 WRAP-AROUND JAWS D57 + PVD,JB53 GANASCE AVVOLGENTI D57 + PVD,
KZ0857R-00,JB53GANASCE AVVOLGENTI D=57.15 MM,"JB53 WRAP-AROUND JAWS D57,15","JB53 GANASCE AVVOLGENTI D57,15 mm",
ZP0787K-00,GANASCE AVVOLGENTI JB53 DIAM. 57.2 MM,"JB53 WRAP-AROUND JAWS D57,2","GANASCE AVVOLGENTI JB53 D57,2 mm",
DM1719Z-00,JB53 AVVOLGENTI D57X2 MM,JB53 WRAP-AROUND JAWS D57x2,JB53 GANASCE AVVOLGENTI D57x2mm,
DU6000D-00,JB53 GANASCE AVVOLGENTI DIAM. 60,JB53 WRAP-AROUND JAWS D60,JB53 GANASCE AVVOLGENTI D60,
YR8294D-00,GANASCE AVVOLGENTI JB 53 D.60.3,"JB53 WRAP-AROUND JAWS D60,3","GANASCE AVVOLGENTI JB 53 D60,3",
KE2085C-00,JB53 AVVOLGENTI PER D=60.4 MM,"JB53 WRAP-AROUND JAWS D60,4","JB53 GANASCE AVVOLGENTI D60,4 mm",
TF5793V-00,GAN.AVV.JB53 TUBO DIA. 60X1,JB53 WRAP-AROUND JAWS D60x1,GANASCE AVVOLGENTI JB53 TUBO D60x1,
PW4856X-00,GANASCE AVVOLGENTI JB53 DIAM. 63.5 MM,"JB53 WRAP-AROUND JAWS D63,5","GANASCE AVVOLGENTI JB53 D63,5 mm",
JY2319B-00,JB53 GANASCE AVVOLGENTI DIAM.63.5 + PVD,"JB53 WRAP-AROUND JAWS D63,5 + PVD","JB53 GANASCE AVVOLGENTI D63,5 + PVD",
DT0030R-00,JB53GANASCE AVVOLGENTI D=63.50 MM,"JB53 WRAP-AROUND JAWS D63,50","JB53 GANASCE AVVOLGENTI D63,50 mm",
WL3449U-00,JB53 AVVOLGENTI D63.5X2 MM,"JB53 WRAP-AROUND JAWS D63,5x2","JB53 GANASCE AVVOLGENTI D63,5x2 mm",
BM9667N-00,JB53-GANASCE AVVOLGENTI D= 65 MM,JB53 WRAP-AROUND JAWS D65,JB53 GANASCE AVVOLGENTI D65 mm,
AS2201V-00,JB53 AVVOLGENTI PER D=66.7 MM,"JB53 WRAP-AROUND JAWS D66,7","JB53 GANASCE AVVOLGENTI D66,7 mm",
AX8781P-00,GANASCE AVVOLGENTI TUBO DIA.68X2 JB53,JB53 WRAP-AROUND JAWS D68x2,GANASCE AVVOLGENTI TUBO D68x2 JB53,
EJ7577T-00,JB53GANASCE AVVOLGENTI DIAM. 70 MM,JB53 WRAP-AROUND JAWS D70,JB53 GANASCE AVVOLGENTI D70 mm,
YX2507F-00,JB53 GANASCE AVVOLGENTI DIAM.70 + PVD,JB53 WRAP-AROUND JAWS D70 + PVD,JB53 GANASCE AVVOLGENTI D70 + PVD,
NS1688E-00,JB53-GAN.AVVOLGENTI DIAM.70.3 MM,"JB53 WRAP-AROUND JAWS D70,3","JB53 GANASCE AVVOLGENTI D70,3 mm",
PG9510U-00,"GAN.AVV.TUBO SOTT. D.70X1,5 JB53","JB53 WRAP-AROUND JAWS D70x1,5 THIN TUBE","GANASCE AVVOLGENTI TUBO SOTTILE D70x1,5 JB53",
CY3005J-00,JB53 AVVOLGENTI D70X2 MM,JB53 WRAP-AROUND JAWS D70x2,JB53 GANASCE AVVOLGENTI D70x2 mm,
LX7712R-00,JB53 GANASCE AVVOLGENTIOLG. DIAM 73X2 MM,JB53 WRAP-AROUND JAWS D73x2,JB53 GANASCE AVVOLGENTI D73x2 mm,
CW9309Z-00,JB53 GANASCE AVOLGENTI DIAM 75 MM,JB53 WRAP-AROUND JAWS D75,JB53 GANASCE AVVOLGENTI D75 mm,
VC4403J-00,JB53-GANASCE AVVOLGENTI DIAMETRO 76,JB53 WRAP-AROUND JAWS D76,JB53 GANASCE AVVOLGENTI D76,
KE2462M-00,JB53GANASCE AVVOLGENTI DIAM. 76.1 MM,"JB53 WRAP-AROUND JAWS D76,1","JB53 GANASCE AVVOLGENTI D76,1 mm",
HS7034D-00,GANASCE AVVOLGENTI JB53 DIAM. 76.2 MM,"JB53 WRAP-AROUND JAWS D76,2","GANASCE AVVOLGENTI JB53 D76,2 mm",
AB2205G-00,JB53-GANASCE AVVOLGENTI D=76.20,"JB53 WRAP-AROUND JAWS D76,20","JB53 GANASCE AVVOLGENTI D76,20",
XT0940V-00,"GAN.AVV.TUBO SOTT. D.76,2X1,5 JB53","JB53 WRAP-AROUND JAWS D76,2x1,5 THIN T.","GANASCE AVVOLGENTI TUBO SOTTILE D76,2x1,5 JB53",
LZ4610G-00,JB53-GANASCE AVVOLGENTI D76X2 MM,JB53 WRAP-AROUND JAWS D76x2,JB53 GANASCE AVVOLGENTI D76x2 mm,
UC0772W-00,JB53 GANASCE AVOLGENTI DIAM 80 MM,JB53 WRAP-AROUND JAWS D80,JB53 GANASCE AVVOLGENTI D80 mm,
SF1502L-00,"GAN.AVV.TUBO D.80X1,5 - JB 53","JB53 WRAP-AROUND JAWS D80x1,5","GANASCE AVVOLGENTI TUBO D80x1,5 JB53",
AR2159P-00,JB53 AVVOLGENTI D80X2 MM,JB53 WRAP-AROUND JAWS D80x2,JB53 GANASCE AVVOLGENTI D80x2 mm,
ZF4506H-00,JB53-GANASCE AVVOLGENTI D=82.6,"JB53 WRAP-AROUND JAWS D82,6","JB53 GANASCE AVVOLGENTI D82,6",
VZ0547X-00,JB53 GANASCE AVOLGENTI DIAM 85 MM,JB53 WRAP-AROUND JAWS D85,JB53 GANASCE AVVOLGENTI D85 mm,
HH5955M-00,JB53GANASCE AVVOLGENTI DIAM. 88.9 MM,"JB53 WRAP-AROUND JAWS D88,9","JB53 GANASCE AVVOLGENTI D88,9 mm",
NP6011Y-00,JB53-GANASCE AVVOLGENTI D89X2 MM,JB53 WRAP-AROUND JAWS D89x2,JB53 GANASCE AVVOLGENTI D89x2 mm,
AH1013S-00,JB53 GANASCE AVOLGENTI DIAM 90 MM,JB53 WRAP-AROUND JAWS D90,JB53 GANASCE AVVOLGENTI D90 mm,
SV3516V-00,JB53-GAN.AVV.P-OVAL20.5X15MM R32233,"JB53 WRAP-AROUND JAWS FLAT OVAL 20,5x15","JB53 GANASCE AVVOLGENTI PIATTOVALE 20,5x15mm R32233",
GV61183Y-00,JB53-AVVOLGENTI.PIATT.OV.25X10,JB53 WRAP-AROUND JAWS FLAT OVAL 25x10,JB53 GANASCE AVVOLGENTI PIATTOVALE 25x10,
XL93371B-00,JB53-AVVOLGENTI.PIATT.OV.40X20,JB53 WRAP-AROUND JAWS FLAT OVAL 40x20,JB53 GANASCE AVVOLGENTI PIATTOVALE 40x20,
CL2103T-00,JB53-GAN.AVV.PIATTOVALE 40X20X2MM,JB53 WRAP-AROUND JAWS FLAT OVAL 40x20x2,JB53 GANASCE AVVOLGENTI PIATTOVALE 40x20x2mm,
YA6245T-00,JB53-GAN.AVV. PIATTO-OVALE 60X30 MM,JB53 WRAP-AROUND JAWS FLAT OVAL 60x30,JB53 GANASCE AVVOLGENTI PIATTOVALE 60x30 mm,
UV30218C-00,JB53-AVVOLGENT.PIATT.OV.35X15 30X15,JB53 WRAP-AROUND JAWS FLATOVAL 30/35x15,JB53 GANASCE AVVOLGENTI PIATTOVALE 3+5x15 30x15,
JE2125X-00,JB53-GAN.PIATTO OVALE 41.7 X 31.8,"JB53 WRAP-AROUND JAWS FLATOVAL 41,7x31,8","JB53 GANASCE AVVOLGENTI PIATTOVALE 41,7 x 31,8",
LX0346C-00,JB53 GAN. AVOLG. P.O. 30X15,JB53 WRAP-AROUND JAWS P.O. 30x15,JB53 GANASCE AVVOLGENTI P.O. 30x15,
ND6186U-00,JB53 GANASCE AVVOLGENTI P.O. 42.62 X 7.42,"JB53 WRAP-AROUND JAWS P.O. 42,62x7,42","JB53 GANASCE AVVOLGENTI P.O. 42.62 x 7,42",
SD6566J-00,JB53 GANASCE AVVOLGENTI P.O. 61.93 X 28.58,"JB53 WRAP-AROUND JAWS P.O. 61,93x28,58","JB53 GANASCE AVVOLGENTI P.O. 61,93 x 28,58",
RB0818N-00,JB53 GANASCE AVVOLGENTI P.O. 69.0 X 35.0,"JB53 WRAP-AROUND JAWS P.O. 69,0x35,0","JB53 GANASCE AVVOLGENTI P.O. 69,0 x 35,0",
LM4094S-00,JB53 GANASCE AVVOLGENTI P.O. 69.85 X 41.28,"JB53 WRAP-AROUND JAWS P.O. 69,85x41,28","JB53 GANASCE AVVOLGENTI P.O. 69,85 x 41,28",
GY5207M-00,"SERIE GAN.AVV.DIA 101,6 X JB53","JB53 WRAP-AROUND JAWS SET D101,6","SERIE GANASCE AVVOLGENTI D101,6 x JB53",
FU2072N-00,SERIE GAN.AVV. DIA. 45 X JB53,JB53 WRAP-AROUND JAWS SET D45,SERIE GANASCE AVVOLGENTI D45 X JB53,
TA7499G-00,"SERIE GAN.AVV.DIA 88,9 X JB53","JB53 WRAP-AROUND JAWS SET D88,9","SERIE GANASCE AVVOLGENTI D88,9 x JB53",
UK8603T-00,JK462-GANASCE 60X1 ZOFIMENIKE,JK462 JAWS 60x1 “ZOFIMENIKE”,JK462-GANASCE 60x1 ZOFIMENIKE,
MP4099Z-00,"JK462-GANASCE 80X1,2 ZOFIMENIKE","JK462 JAWS 80x1,2 “ZOFIMENIKE”","JK462-GANASCE 80x1,2 ZOFIMENIKE",
NU6112D-00,JK462-PRISMI LATO MORSA V6330,JK462 PRISMS CLAMP SIDE,,
SX6866C-00,JK462-PRISMI DIAMETRI 6-10 MM V6490,JK462 PRISMS D6-10,JK462-PRISMI D6-10 mm V6490,
VA0743T-00,JK462 GANASCE AVOL. 50.8 X 0.79,"JK462 WRAP-AROUND JAWS 50,8 x 0,79","JK462-GANASCE AVVOLGENTI 50,8 x 0,79",
ME2005D-00,GAN.AVV. PER DIA.16 (JK 462),JK462 WRAP-AROUND JAWS D16,GANASCE AVVOLGENTI D16 (JK 462),
EL3452T-00,GAN.AVV. PER DIA.20 (JK 462),JK462 WRAP-AROUND JAWS D20,GANASCE AVVOLGENTI D20 (JK 462),
HK6776W-00,"GANASCE AVVOLGENTI JK462 DIAM 25,4","JK462 WRAP-AROUND JAWS D25,4","GANASCE AVVOLGENTI JK462 D25,4",
PU3961N-00,GAN.AVV.JK462 PER TUBO DIA.25X1,JK462 WRAP-AROUND JAWS D25x1,GANASCE AVVOLGENTI JK462 PER TUBO D25x1,
HT1046K-00,JK462- GANASCE AVVOLGENTI DIAM.40X1,JK462 WRAP-AROUND JAWS D40x1,JK462-GANASCE AVVOLGENTI D40x1,
WC7124T-00,JK462-GAN.AVVOLGENTI DIAMETRO 45 MM,JK462 WRAP-AROUND JAWS D45,JK462-GANASCE AVVOLGENTI D45 mm,
FS2590B-00,GANASCE AVVOLGENTI DIA. 48.4 PER JK 462,"JK462 WRAP-AROUND JAWS D48,4","GANASCE AVVOLGENTI D48,4 PER JK 462",
KG3664V-00,JK462 AVVOLGENTE PER DIAM. 50.8,"JK462 WRAP-AROUND JAWS D50,8","JK462 AVVOLGENTE D50,8",
MF1102W-00,JK462-GANASCE AVVOLGENTI D= 55 MM,JK462 WRAP-AROUND JAWS D55,JK462-GANASCE AVVOLGENTI D55 mm,
DK6916C-00,JK462-GAN.AVVOLGENTI DIAMETRO 57 MM,JK462 WRAP-AROUND JAWS D57,JK462-GANASCE AVVOLGENTI D57 mm,
WC7796J-00,JK462-GAN.AVVOLGENTI DIAMETRO 60 MM,JK462 WRAP-AROUND JAWS D60,JK462-GANASCE AVVOLGENTI D60 mm,
SD5530G-00,GAN.AV. DIA. 76X2TT 640,JK462 WRAP-AROUND JAWS D76x2,GANASCE AVVOLGENTI D76X2TT 640,
CX1301K-00,GAN.AV. DIA. 80X2TT 640,JK462 WRAP-AROUND JAWS D80X2,GANASCE AVVOLGENTI D80X2TT 640,
AX5944Z-00,PER OPEN HOUSE TUBO 30,TUBE 30 FOR OPEN HOUSE,,
EA4087L-00,"TESTINE PREPARAZ. TUBO DIAM.38X3,3","TUBE PREPARATION HEADS D38x3,3","TESTINE PREPARAZIONE TUBO D38x3,3",
HT9245K-00,ADEGUAMENTO BIBARRA TESTA P VOCO346,TWIN-BAR ADJUSTMENT “P” HEAD,,
RF1422D-00,MOKENIR PIASTRA BANCO SENZA CAVE,MOKENIR BENCH PLATE WITHOUT SLOTS,,
KD3948M-00,MOKENIR PRISMA BANCO LISCE V.7648,MOKENIR BENCH PRISM SMOOTH,,
CA2160C-00,MOKENIR RICAMBIO PRISMI BANCO THALL,MOKENIR BENCH PRISMS SPARE PART,MOKENIR RICAMBIO PRISMI BANCO SPALLA,
YR0258R-00,MOKENIRPIATTOVALE 95X30 V.7018,MOKENIR FLAT OVAL 95x30,MOKENIR PIATTOVALE 95x30 V.7018,
RE1059F-00,MOKENIR-JAW DRAWING D.31.8 V10019,"MOKENIR JAW DRAWING D31,8","MOKENIR JAW DRAWING D31,8 V10019",
KZ5219D-00,MOKENIRGANASCE PER TUBO D. 25 MM,MOKENIR JAWS D25,MOKENIR GANASCE PER TUBO D25 mm,
SM9598H-00,MOKENIR GANASCE PROFILO 2210 V.7925,MOKENIR JAWS PROFILE 2210,,
XC5050H-00,MOKENIR GANASC PROF 2210 2211 V7924,MOKENIR JAWS PROFILE 2210-2211,MOKENIR GANASCE PROF 2210 2211 V7924,
LW6655U-00,MOKENIRGANASCE SEZIONE D 40X30,MOKENIR JAWS SECTION D40x30,MOKENIR GANASCE SEZIONE D 40x30,
BL0465K-00,MOKENIRGANASCE SEZIONE D 41X35,MOKENIR JAWS SECTION D41x35,MOKENIR GANASCE SEZIONE D 41x35,
HC4953N-00,MOKENIR-PRISMI ELLITTICI VOCO6634,MOKENIR PRISMS ELLIPTICAL,MOKENIR PRISMI ELLITTICI VOCO6634,
EV6410V-00,MOKENIR SERIE PRISMI ELLITTICO 12.4X24.2,"MOKENIR PRISMS ELLIPTICAL 12,4x24,2","MOKENIR SERIE PRISMI ELLITTICO 12,4x24,2",
RW7272X-00,MOKENIR SERIE PRISMI ELLITTICO 18.8X28.5,"MOKENIR PRISMS ELLIPTICAL 18,8x28,5","MOKENIR SERIE PRISMI ELLITTICO 18,8x28,5",
UT5940G-00,MOKENIR SERIE PRISMI ELLITTICO 22.7X31.6,"MOKENIR PRISMS ELLIPTICAL 22,7x31,6","MOKENIR SERIE PRISMI ELLITTICO 22,7x31,6",
HR8687M-00,MOKENIR PRISMI ELLITI 30X16 V7401,MOKENIR PRISMS ELLIPTICAL 30x16,MOKENIR PRISMI ELLITTICI 30x16 V7401,
YV2372G-00,MOKENIR PRISMI CON FORI CIECHI,MOKENIR PRISMS WITH BLIND HOLES,,
CU6051X-00,MOKENIR SEMIPIATTOVALE 32X32 V7856,MOKENIR SEMI FLAT OVAL 32x32,MOKENIR SEMIPIATTOVALE 32x32 V7856,
NZ5096B-00,MOKENIR GANASCE AVVOLGENTI D22 MM BITUBO,MOKENIR TWIN-TUBE WRAP-AROUND JAWS D22,MOKENIR GANASCE AVVOLGENTI D22 mm BITUBO,
BN1598E-00,MOKENIR GANASCE AVVOLGENTI D25.4 MM BITUBO,"MOKENIR TWIN-TUBE WRAP-AROUND JAWS D25,4","MOKENIR GANASCE AVVOLGENTI D25,4 mm BITUBO",
GZ2577C-00,MOKENIR-AVVOLGENTI,MOKENIR WRAP-AROUND JAWS,,
SR0770K-00,MOKENIR- GANASCE AVVOLGENTI D=10 MM,MOKENIR WRAP-AROUND JAWS D10,MOKENIR GANASCE AVVOLGENTI D10 mm,
KK4477G-00,MOKENIR AVVOLGENTI DIAM. 12.7 MM,"MOKENIR WRAP-AROUND JAWS D12,7","MOKENIR GANASCE AVVOLGENTI D12,7 mm",
BP5106N-00,MOKENIRGANASCIA AVVOLG. DIAM.14,MOKENIR WRAP-AROUND JAWS D14,MOKENIR GANASCE AVVOLGENTI D14,
ZC0104Y-00,MOKENIR- GANASCE AVVOLGENTI D=15 MM,MOKENIR WRAP-AROUND JAWS D15,MOKENIR GANASCE AVVOLGENTI D15 mm,
SH1243X-00,MOKENIR AVVOLGENTI D16 MM,MOKENIR WRAP-AROUND JAWS D16,MOKENIR GANASCE AVVOLGENTI D16 mm,
YM4470V-00,MOKENIR AVVOLGENTI DIAM. 18 MM,MOKENIR WRAP-AROUND JAWS D18,MOKENIR GANASCE AVVOLGENTI D18 mm,
CU2385E-00,MOKENIRGANASCIA AVVOLG. DIAM.19,MOKENIR WRAP-AROUND JAWS D19,MOKENIR GANASCE AVVOLGENTI D19,
NG5385G-00,MOKENIR- GANASCE AVVOLGENTI D=20 MM,MOKENIR WRAP-AROUND JAWS D20,MOKENIR GANASCE AVVOLGENTI D20 mm,
SH5118C-00,MOKENIR-GANASCE AVVOLGENTI D22 MM,MOKENIR WRAP-AROUND JAWS D22,MOKENIR-GANASCE AVVOLGENTI D22 mm,
VD9542G-00,MOKENIR AVVOLGENTI D25 MM,MOKENIR WRAP-AROUND JAWS D25,MOKENIR GANASCE AVVOLGENTI D25 mm,
UK60716H-00,MOKENIR-GAN. AVVOLG. SOFFIO D25.4,"MOKENIR WRAP-AROUND JAWS D25,4 WITH BLOW","MOKENIR-GANASCE AVVOLGENTI SOFFIO D25,4",
HJ57220F-00,MOKENIR-GAN. AVVOLG. SOFFIO D28,MOKENIR WRAP-AROUND JAWS D28 WITH BLOW,MOKENIR-GANASCE AVVOLGENTI SOFFIO D28,
VX1928C-00,MOKENIR-GAN.AVVOLG. D28.3 MM V6660,"MOKENIR WRAP-AROUND JAWS D28,3","MOKENIR-GANASCE AVVOLGENTI D28,3 mm V6660",
FJ7271R-00,MOKENIR AVVOLGENTI DIAM. 30 MM,MOKENIR WRAP-AROUND JAWS D30,MOKENIR GANASCE AVVOLGENTI D30 mm,
XU3655H-00,MOKENIR-GAN.AVVOLG. D31.2 MM V6659,"MOKENIR WRAP-AROUND JAWS D31,2","MOKENIR-GANASCE AVVOLGENTI D31,2 mm V6659",
ZL3986L-00,MOKENIRGANASCE AVVOLGENTI DIAM. 31.75,"MOKENIR WRAP-AROUND JAWS D31,75","MOKENIR GANASCE AVVOLGENTI D31,75",
RF28821K-00,MOKENIR-GAN. AVVOLG. SOFFIO D32,MOKENIR WRAP-AROUND JAWS D32 WITH BLOW,MOKENIR-GANASCE AVVOLGENTI SOFFIO D32,
DE2181J-00,MOKENIR-GANASCE AVVOLGENTI D35 CON SOFFIO,MOKENIR WRAP-AROUND JAWS D35 WITH BLOW,,
NC4535D-00,MOKENIR GANASC AVOL DIA. 38.1 V6173,"MOKENIR WRAP-AROUND JAWS D38,1","MOKENIR GANASCE AVVOLGENTI D38,1 V6173",
AN6601E-00,MOKENIR-GANASCE AVVOLGENTI D40 MM,MOKENIR WRAP-AROUND JAWS D40,MOKENIR-GANASCE AVVOLGENTI D40 mm,
CP8773U-00,MOKENIR-GANASCE AVVOLGENTI D42 MM,MOKENIR WRAP-AROUND JAWS D42,MOKENIR-GANASCE AVVOLGENTI D42 mm,
RW8194D-00,MOKENIR AVVOLGENTI DIAM. 44.45 MM,"MOKENIR WRAP-AROUND JAWS D44,45","MOKENIR GANASCE AVVOLGENTI D44,45 mm",
ZB8629U-00,MOKENIR AVVOLGENTI DIAM. 45 MM,MOKENIR WRAP-AROUND JAWS D45,MOKENIR GANASCE AVVOLGENTI D45 mm,
XB5906B-00,MOKENIR-GANASCE AVVOLGENTI D48 MM,MOKENIR WRAP-AROUND JAWS D48,MOKENIR-GANASCE AVVOLGENTI D48 mm,
ZZ3914H-00,MOKENIR AVVOLGENTI DIAM. 48.6 MM,"MOKENIR WRAP-AROUND JAWS D48,6","MOKENIR GANASCE AVVOLGENTI D48,6 mm",
XH9879E-00,MOKENIRGANASCIA AVVOLG. DIAM.50,MOKENIR WRAP-AROUND JAWS D50,MOKENIR GANASCE AVVOLGENTI D50,
BR2368R-00,MOKENIR GANASC AVOL DIA. 50.8 V6174,"MOKENIR WRAP-AROUND JAWS D50,8",MOKENIR GANASCE AVVOLGENTI D50.8 V6174,
CU9455V-00,MOKENIR AVVOLGENTI DIAM. 54.0 MM,"MOKENIR WRAP-AROUND JAWS D54,0","MOKENIR GANASCE AVVOLGENTI D54,0 mm",
KS9897D-00,MOKENIRGANASCIA AVVOLG. DIAM.60,MOKENIR WRAP-AROUND JAWS D60,MOKENIR GANASCE AVVOLGENTI D60,
PA0860Y-00,MOKENIR AVVOLGENTI DIAM. 60.5 MM,"MOKENIR WRAP-AROUND JAWS D60,5","MOKENIR GANASCE AVVOLGENTI D60,5 mm",
UP5208J-00,MOKENIR AVVOLGENTI DIAM. 65.0 MM,"MOKENIR WRAP-AROUND JAWS D65,0","MOKENIR GANASCE AVVOLGENTI D65,0 mm",
MV6507E-00,MOKENIRGANASCIA AVVOLG. DIAM.70,MOKENIR WRAP-AROUND JAWS D70,MOKENIR GANASCE AVVOLGENTI D70,
FM2185K-00,MOKENIR GANASCE AVVOLGENTI DIAM.76,MOKENIR WRAP-AROUND JAWS D76,MOKENIR GANASCE AVVOLGENTI D76,
GU2888X-00,"MOKENIR-GANASCE AVVOLGENTI D76,2 MM","MOKENIR WRAP-AROUND JAWS D76,2","MOKENIR-GANASCE AVVOLGENTI D76,2 mm",
CJ0055M-00,MOKENIRGANASCIA AVVOLG. DIAM.80,MOKENIR WRAP-AROUND JAWS D80,MOKENIR GANASCE AVVOLGENTI D80,
CD1165G-00,"MOKENIRAVVOLGENTI MONO 42,7 MM","MOKENIR WRAP-AROUND JAWS MONO 42,7","MOKENIR GANASCE AVVOLGENTI MONO 42,7 mm",
EP8055C-00,MOKENIR- SOLO DISEGNI AVV. (TOT 14),MOKENIRWRAP-AROUND JAWS ONLY DRWG(TOT14),MOKENIR SOLO DISEGNI AVV. (TOT 14),
XG7734Y-00,SERIE PRISMI SUP. X OGNI DIAMETRO,UPPER PRISMS SET FOR ALL DIAMETERS,,
RW1781J-00,UTILLAJE BELE VOCO 2021,UTILLAJE BELE VOCO 2021,,
XG2945G-00,UTILLAJE BELE VOCO 2022,UTILLAJE BELE VOCO 2022,,
TW6838T-00,PRISMA MORSA V PER DIA 6 VOCO347/06,V-CLAMP PRISM D6,PRISMA MORSA V D6 VOCO347/06,
ET0069C-00,PRISMI MORSA A V MODIFICATI,V-CLAMP PRISMS MODIFIED,,
AE9959B-00,GANASCE A V X TUBI DA 35-58-,V-JAWS FOR TUBES FROM 35-58-,,
GD0994V-00,GANASCE A V X TUBI DA 5576,V-JAWS FOR TUBES FROM 5576,,
CR3026S-00,GAN_AVV_MORSA+GAN_TAV_ROT+TESTINE,WRAP-AR. JAWS CLAMP+JAWS ROT.TABLE+HEADS,GANASCE AVVOLGENTI MORSA+GAN_TAV_ROT+TESTINE,
BA4440K-00,GAN.AVV. TUBO 30X15,WRAP-AROUND JAWS 30x15,GANASCE AVVOLGENTI TUBO 30x15,
ZN0181S-00,"GANASCE AVVOLGENTI 41,3X1,6RAP 213/04","WRAP-AROUND JAWS 41,3x1,6","GANASCE AVVOLGENTI 41,3x1,6 RAP213/04",
SF1396R-00,"GANASCE AVVOLGENTITUBO 43,2-43,5 S=0,8","WRAP-AROUND JAWS 43,2x0,8 - 43,5x0,8","GANASCE AVVOLGENTI TUBO 43,2-43,5 S=0,8",
GF6114Y-00,"GANASCE AVVOLGENTITUBO 54X1,5","WRAP-AROUND JAWS 54x1,5","GANASCE AVVOLGENTI TUBO 54x1,5",
VP2386L-00,GANASCE AVVOLGENTIOLG 57X1 L=17.5,"WRAP-AROUND JAWS 57x1x17,5","GANASCE AVVOLGENTI 57x1x17,5",
ZT3591B-00,GANASCE AVVOLGENTI 57706039EN PER DIA 22,WRAP-AROUND JAWS 57706039EN FOR D22,GANASCE AVVOLGENTI 57706039EN PER D22,
HY8079P-00,GANASCE AVVOLGENTI 57706039EN PER DIA 25,WRAP-AROUND JAWS 57706039EN FOR D25,GANASCE AVVOLGENTI 57706039EN PER D25,
SR7542E-00,GANASCE AVVOLGENTI 57706039EN PER DIA 40,WRAP-AROUND JAWS 57706039EN FOR D40,GANASCE AVVOLGENTI 57706039EN PER D40,
UZ3671W-00,GAN.AVV. D.25 L=70 PIENO V.122,WRAP-AROUND JAWS BAR D25x70,GANASCE AVVOLGENTI D25x70 PIENO V.122,
AH3607K-00,GANASCE AVVOLGENTIBARRA SAM DIA. 25,WRAP-AROUND JAWS BRASS BAR D25,GANASCE AVVOLGENTI BARRA SAM D25,
JB3619A-00,GANASCE AVVOLGENTI TUBO SAM DIA.18X0.75,"WRAP-AROUND JAWS BRASS TUBE D18x0,75","GANASCE AVVOLGENTI TUBO SAM DIA,18x0,75",
CD4500J-00,GANASCE AVVOLGENTI TUBO SAM DIA.22X0.75,"WRAP-AROUND JAWS BRASS TUBE D22x0,75","GANASCE AVVOLGENTI TUBO SAM DIA,22x0,75",
MA4945S-00,"GANASCE AVVOLGENTI TUBO RAME 19X0,8","WRAP-AROUND JAWS COPPER TUBE 19x0,8","GANASCE AVVOLGENTI TUBO RAME 19x0,8",
CT3538R-00,"GANASCE AVVOLGENTI TUBO RAME 23X0,8","WRAP-AROUND JAWS COPPER TUBE 23x0,8","GANASCE AVVOLGENTI TUBO RAME 23x0,8",
MM1692D-00,"GANASCE AVVOLGENTI TUBO RAME 25X0,9","WRAP-AROUND JAWS COPPER TUBE 25x0,9","GANASCE AVVOLGENTI TUBO RAME 25x0,9",
TH8779E-00,"GANASCE AVVOLGENTITAGLIO D10,82 RAP005/03","WRAP-AROUND JAWS CUT D10,82","GANASCE AVVOLGENTI TAGLIO D10,82 RAP005/03",
GC3734Z-00,GANASCE AVVOLGENTI D.,WRAP-AROUND JAWS D,GANASCE AVVOLGENTI D,
TZ5198M-00,"GAN. AVVOLG. DIAM. 1 1/8 (28,57 MM)","WRAP-AROUND JAWS D1”1/8 (28,57)","GANASCE AVVOLGENTI D1 1/8 (28,57 mm)",
XDM25039-00,GANASCE AVVOLGENTI D10.3 L35,"WRAP-AROUND JAWS D10,3x35","GANASCE AVVOLGENTI D10,3x35",
YYC57575-00,"GANASCE AVVOLGENTI D.10,4 L25","WRAP-AROUND JAWS D10,4x25","GANASCE AVVOLGENTI D10,4x25",
MDS93414-00,GANASCE AVVOLGENTI D13.72 L10 D105,"WRAP-AROUND JAWS D105d13,72x10","GANASCE AVVOLGENTI D105d13,72x10",
ANM57692-00,GANASCE AVVOLGENTI D13.7 L14 D105,"WRAP-AROUND JAWS D105xd13,7x14","GANASCE AVVOLGENTI D105xd13,7x14",
UMG33164-00,GANASCE AVVOLGENTI D13.7 L20 D105,"WRAP-AROUND JAWS D105xd13,7x20","GANASCE AVVOLGENTI D105xd13,7x20",
TYD73028-00,GANASCE AVVOLGENTI D13.7 L200 D105,"WRAP-AROUND JAWS D105xd13,7x200","GANASCE AVVOLGENTI D105xd13,7x200",
DXN13241-00,GANASCE AVVOLGENTI D13.7 L50 D105,"WRAP-AROUND JAWS D105xd13,7x50","GANASCE AVVOLGENTI D105xd13,7x50",
GPP11637-00,GANASCE AVVOLGENTI D17 L10 D105,WRAP-AROUND JAWS D105xd17x10,GANASCE AVVOLGENTI D105xd17x10,
NLE55389-00,GANASCE AVVOLGENTI D18 L20 D105,WRAP-AROUND JAWS D105xd18x20,GANASCE AVVOLGENTI D105xd18x20,
AZP16199-00,GANASCE AVVOLGENTI D19 L15 D105,WRAP-AROUND JAWS D105xd19x15,GANASCE AVVOLGENTI D105xd19x15,
CXD96487-00,GANASCE AVVOLGENTI D21.3 L20 D105,"WRAP-AROUND JAWS D105xd21,3x20","GANASCE AVVOLGENTI D105xd21,3x20",
DSC65581-00,GANASCE AVVOLGENTI D21.3 L250 D105,"WRAP-AROUND JAWS D105xd21,3x250","GANASCE AVVOLGENTI D105xd21,3x250",
TVK23195-00,GANASCE AVVOLGENTI D21.3 L50 D105,"WRAP-AROUND JAWS D105xd21,3x50","GANASCE AVVOLGENTI D105xd21,3x50",
WVG96280-00,GANASCE AVVOLGENTI D21.4 L40 D105,"WRAP-AROUND JAWS D105xd21,4x40","GANASCE AVVOLGENTI D105xd21,4x40",
CYG78072-00,GANASCE AVVOLGENTI D22 L105 D105,WRAP-AROUND JAWS D105xd22x105,GANASCE AVVOLGENTI D105xd22x105,
HSS56963-00,GANASCE AVVOLGENTI D22 L30 D105,WRAP-AROUND JAWS D105xd22x30,GANASCE AVVOLGENTI D105xd22x30,
UFT91980-00,GANASCE AVVOLGENTI D23.3 L80 D105,"WRAP-AROUND JAWS D105xd23,3x80","GANASCE AVVOLGENTI D105xd23,3x80",
CZV91421-00,GANASCE AVVOLGENTI D23.7 L30 D105,"WRAP-AROUND JAWS D105xd23,7x30","GANASCE AVVOLGENTI D105xd23,7x30",
MMW67393-00,GANASCE AVVOLGENTI D23.8 L40 D105,"WRAP-AROUND JAWS D105xd23,8x40","GANASCE AVVOLGENTI D105xd23,8x40",
YHX14963-00,GANASCE AVVOLGENTI D23 L18 D105,WRAP-AROUND JAWS D105xd23x18,GANASCE AVVOLGENTI D105xd23x18,
LTP50145-00,GANASCE AVVOLGENTI D24 L15 D105,WRAP-AROUND JAWS D105xd24x15,GANASCE AVVOLGENTI D105xd24x15,
JXL11786-00,GANASCE AVVOLGENTI D24 L25 D105,WRAP-AROUND JAWS D105xd24x25,GANASCE AVVOLGENTI D105xd24x25,
HTL79322-00,GANASCE AVVOLGENTI D24 L30 D105,WRAP-AROUND JAWS D105xd24x30,GANASCE AVVOLGENTI D105xd24x30,
HSR06324-00,GANASCE AVVOLGENTI D25.6 L60 D105,"WRAP-AROUND JAWS D105xd25,6x60","GANASCE AVVOLGENTI D105xd25,6x60",
DGV37322-00,GANASCE AVVOLGENTI D25 L30 D105,WRAP-AROUND JAWS D105xd25x30,GANASCE AVVOLGENTI D105xd25x30,
UAF71124-00,GANASCE AVVOLGENTI D25 L35 D105,WRAP-AROUND JAWS D105xd25x35,GANASCE AVVOLGENTI D105xd25x35,
HGR97865-00,GANASCE AVVOLGENTI D26.5 L50 D105,"WRAP-AROUND JAWS D105xd26,5x50","GANASCE AVVOLGENTI D105xd26,5x50",
PUR93416-00,GANASCE AVVOLGENTI D26.5 L7 D105,"WRAP-AROUND JAWS D105xd26,5x7","GANASCE AVVOLGENTI D105xd26,5x7",
DBA00463-00,GANASCE AVVOLGENTI D26.7 L250 D105,"WRAP-AROUND JAWS D105xd26,7x250","GANASCE AVVOLGENTI D105xd26,7x250",
SNU45278-00,GANASCE AVVOLGENTI D26.7 L50 D105,"WRAP-AROUND JAWS D105xd26,7x50","GANASCE AVVOLGENTI D105xd26,7x50",
NPS85961-00,GANASCE AVVOLGENTI D26 L30 D105,WRAP-AROUND JAWS D105xd26x30,GANASCE AVVOLGENTI D105xd26x30,
JAN45990-00,GANASCE AVVOLGENTI D27 L25 D105,WRAP-AROUND JAWS D105xd27x25,GANASCE AVVOLGENTI D105xd27x25,
ZAV35134-00,GANASCE AVVOLGENTI D27 L35 D105,WRAP-AROUND JAWS D105xd27x35,GANASCE AVVOLGENTI D105xd27x35,
DWG73947-00,GANASCE AVVOLGENTI D28 L10 D105,WRAP-AROUND JAWS D105xd28x10,GANASCE AVVOLGENTI D105xd28x10,
ZNZ86863-00,GANASCE AVVOLGENTI D28 L25 D105,WRAP-AROUND JAWS D105xd28x25,GANASCE AVVOLGENTI D105xd28x25,
RFL17760-00,GANASCE AVVOLGENTI D29.1 L20 D105,"WRAP-AROUND JAWS D105xd29,1x20","GANASCE AVVOLGENTI D105xd29,1x20",
KMK04192-00,GANASCE AVVOLGENTI D29 L120 D105,WRAP-AROUND JAWS D105xd29x120,GANASCE AVVOLGENTI D105xd29x120,
KMP40266-00,GANASCE AVVOLGENTI D29 L20 D105,WRAP-AROUND JAWS D105xd29x20,GANASCE AVVOLGENTI D105xd29x20,
YTD19383-00,GANASCIA AVV D30.5 L60 D105,"WRAP-AROUND JAWS D105xd30,5x60","GANASCE AVVOLGENTI D105xd30,5x60",
GVB15866-00,GANASCE AVVOLGENTI D30 L120 D105,WRAP-AROUND JAWS D105xd30x120,GANASCE AVVOLGENTI D105xd30x120,
FWY83736-00,GANASCE AVVOLGENTI D30 L30 D105,WRAP-AROUND JAWS D105xd30x30,GANASCE AVVOLGENTI D105xd30x30,
AVB41208-00,GANASCIA AVV D31.1 L20 D105,"WRAP-AROUND JAWS D105xd31,1x20","GANASCE AVVOLGENTI D105xd31,1x20",
XBW19277-00,GANASCIA AVV D31.5 L40 D105,"WRAP-AROUND JAWS D105xd31,5x40","GANASCE AVVOLGENTI D105xd31,5x40",
ZAT83634-00,GANASCIA AVV D32.5 L40 D105,"WRAP-AROUND JAWS D105xd32,5x40","GANASCE AVVOLGENTI D105xd32,5x40",
XFH79327-00,GANASCIA AVV D32 L50 D105,WRAP-AROUND JAWS D105xd32x50,GANASCE AVVOLGENTI D105xd32x50,
BDR80787-00,GANASCE AVVOLGENTI D33.4 L250 D105,"WRAP-AROUND JAWS D105xd33,4x250","GANASCE AVVOLGENTI D105xd33,4x250",
CUF21778-00,GANASCE AVVOLGENTI D33.4 L50 D105,"WRAP-AROUND JAWS D105xd33,4x50","GANASCE AVVOLGENTI D105xd33,4x50",
RTC51851-00,GANASCE AVVOLGENTI D34.3 L25 D105,"WRAP-AROUND JAWS D105xd34,3x25","GANASCE AVVOLGENTI D105xd34,3x25",
BAN55637-00,GANASCE AVVOLGENTI D34.5 L90 D105,"WRAP-AROUND JAWS D105xd34,5x90","GANASCE AVVOLGENTI D105xd34,5x90",
LDR72839-00,GANASCE AVVOLGENTI D35 L25 D105,WRAP-AROUND JAWS D105xd35x25,GANASCE AVVOLGENTI D105xd35x25,
ZAA29006-00,GANASCIA AVV D36 L40 D105,WRAP-AROUND JAWS D105xd36x40,GANASCE AVVOLGENTI D105xd36x40,
LLK72040-00,GANASCIA AVV D36 L60 D105,WRAP-AROUND JAWS D105xd36x60,GANASCE AVVOLGENTI D105xd36x60,
UJH29120-00,GANASCE AVVOLGENTI D37 L18 D105,WRAP-AROUND JAWS D105xd37x18,GANASCE AVVOLGENTI D105xd37x18,
EED92494-00,GANASCE AVVOLGENTI D38.7 L15 D105,"WRAP-AROUND JAWS D105xd38,7x15","GANASCE AVVOLGENTI D105xd38,7x15",
ULW01446-00,GANASCE AVVOLGENTI D38 L12 D105,WRAP-AROUND JAWS D105xd38x12,GANASCE AVVOLGENTI D105xd38x12,
REJ17573-00,GANASCE AVVOLGENTI D39.7 L20 D105,"WRAP-AROUND JAWS D105xd39,7x20","GANASCE AVVOLGENTI D105xd39,7x20",
GLJ69503-00,GANASCIA AVV D39 L18 D105,WRAP-AROUND JAWS D105xd39x18,GANASCE AVVOLGENTI D105xd39x18,
DYP31887-00,GANASCE AVVOLGENTI D39 L20 D105,WRAP-AROUND JAWS D105xd39x20,GANASCE AVVOLGENTI D105xd39x20,
HBH06966-00,GANASCE AVVOLGENTI D40 L15 D105,WRAP-AROUND JAWS D105xd40x15,GANASCE AVVOLGENTI D105xd40x15,
CBV96295-00,GANASCE AVVOLGENTI D40 L20 D105,WRAP-AROUND JAWS D105xd40x20,GANASCE AVVOLGENTI D105xd40x20,
LBX52122-00,GANASCE AVVOLGENTI D40 L40 D105,WRAP-AROUND JAWS D105xd40x40,GANASCE AVVOLGENTI D105xd40x40,
LGP12483-00,GANASCE AVVOLGENTI D41 L150 D105,WRAP-AROUND JAWS D105xd41x150,GANASCE AVVOLGENTI D105xd41x150,
FWK76118-00,GANASCE AVVOLGENTI D41 L20 D105,WRAP-AROUND JAWS D105xd41x20,GANASCE AVVOLGENTI D105xd41x20,
WAS27796-00,GANASCE AVVOLGENTI D42.3 L35 D105,"WRAP-AROUND JAWS D105xd42,3x35","GANASCE AVVOLGENTI D105xd42,3x35",
XSC00289-00,GANASCE AVVOLGENTI D42.8 L10 D105,"WRAP-AROUND JAWS D105xd42,8x10","GANASCE AVVOLGENTI D105xd42,8x10",
EJM68707-00,GANASCE AVVOLGENTI D43 L15 D105,WRAP-AROUND JAWS D105xd43x15,GANASCE AVVOLGENTI D105xd43x15,
NME00558-00,GANASCE AVVOLGENTI D44.9 L35 D105,"WRAP-AROUND JAWS D105xd44,9x35","GANASCE AVVOLGENTI D105xd44,9x35",
GHR01002-00,GANASCE AVVOLGENTI D44 L20 D105,WRAP-AROUND JAWS D105xd44x20,GANASCE AVVOLGENTI D105xd44x20,
VTB70923-00,GANASCE AVVOLGENTI D44 L40 D105,WRAP-AROUND JAWS D105xd44x40,GANASCE AVVOLGENTI D105xd44x40,
JYD58915-00,GANASCE AVVOLGENTI D45.85 L20 D105,"WRAP-AROUND JAWS D105xd45,85x20","GANASCE AVVOLGENTI D105xd45,85x20",
HNW26596-00,GANASCE AVVOLGENTI D45 L20 D105,WRAP-AROUND JAWS D105xd45x20,GANASCE AVVOLGENTI D105xd45x20,
YVA54549-00,GANASCE AVVOLGENTI D46.5 L50 D105,"WRAP-AROUND JAWS D105xd46,5x50","GANASCE AVVOLGENTI D105xd46,5x50",
MCZ72118-00,GANASCE AVVOLGENTI D46 L190 D105,WRAP-AROUND JAWS D105xd46x190,GANASCE AVVOLGENTI D105xd46x190,
HDD37259-00,GANASCE AVVOLGENTI D46 L20 D105,WRAP-AROUND JAWS D105xd46x20,GANASCE AVVOLGENTI D105xd46x20,
SND90307-00,GANASCE AVVOLGENTI D46 L25 D105,WRAP-AROUND JAWS D105xd46x25,GANASCE AVVOLGENTI D105xd46x25,
RSM24256-00,GANASCE AVVOLGENTI D47.25 L30 D105,"WRAP-AROUND JAWS D105xd47,25x30","GANASCE AVVOLGENTI D105xd47,25x30",
VWV39126-00,GANASCE AVVOLGENTI D47.4 L15 D105,"WRAP-AROUND JAWS D105xd47,4x15","GANASCE AVVOLGENTI D105xd47,4x15",
UWY07879-00,GANASCE AVVOLGENTI D47 L20 D105,WRAP-AROUND JAWS D105xd47x20,GANASCE AVVOLGENTI D105xd47x20,
EVX09993-00,GANASCE AVVOLGENTI D47 L25 D105,WRAP-AROUND JAWS D105xd47x25,GANASCE AVVOLGENTI D105xd47x25,
JDR16736-00,GANASCE AVVOLGENTI D47 L40 D105,WRAP-AROUND JAWS D105xd47x40,GANASCE AVVOLGENTI D105xd47x40,
YRW11176-00,GANASCE AVVOLGENTI D48.65 L20 D105,"WRAP-AROUND JAWS D105xd48,65x20","GANASCE AVVOLGENTI D105xd48,65x20",
WGC39519-00,GANASCE AVVOLGENTI D48 L20 D105,WRAP-AROUND JAWS D105xd48x20,GANASCE AVVOLGENTI D105xd48x20,
YPD45077-00,GANASCE AVVOLGENTI D49.2 L80 D105,"WRAP-AROUND JAWS D105xd49,2x80","GANASCE AVVOLGENTI D105xd49,2x80",
GLT31850-00,GANASCE AVVOLGENTI D49 L20 D105,WRAP-AROUND JAWS D105xd49x20,GANASCE AVVOLGENTI D105xd49x20,
NUC04216-00,GANASCE AVVOLGENTI D50.4 L20 D105,"WRAP-AROUND JAWS D105xd50,4x20","GANASCE AVVOLGENTI D105xd50,4x20",
RHX05212-00,GANASCE AVVOLGENTI D50 L10 D105,WRAP-AROUND JAWS D105xd50x10,GANASCE AVVOLGENTI D105xd50x10,
NWM30820-00,GANASCE AVVOLGENTI D50 L15 D105,WRAP-AROUND JAWS D105xd50x15,GANASCE AVVOLGENTI D105xd50x15,
RKW78909-00,GANASCE AVVOLGENTI D51.2 L80 D105,"WRAP-AROUND JAWS D105xd51,2x80","GANASCE AVVOLGENTI D105xd51,2x80",
KZE77372-00,GANASCE AVVOLGENTI D51.38 L25 D105,"WRAP-AROUND JAWS D105xd51,38x25","GANASCE AVVOLGENTI D105xd51,38x25",
PCW95002-00,GANASCE AVVOLGENTI D51 L20 D105,WRAP-AROUND JAWS D105xd51x20,GANASCE AVVOLGENTI D105xd51x20,
LRX55425-00,GANASCE AVVOLGENTI D52 L30 D105,WRAP-AROUND JAWS D105xd52x30,GANASCE AVVOLGENTI D105xd52x30,
RTD42330-00,GANASCE AVVOLGENTI D52 L300 D105,WRAP-AROUND JAWS D105xd52x300,GANASCE AVVOLGENTI D105xd52x300,
KHR33186-00,GANASCE AVVOLGENTI D53.2 L20 D105,"WRAP-AROUND JAWS D105xd53,2x20","GANASCE AVVOLGENTI D105xd53,2x20",
MZJ19994-00,GANASCE AVVOLGENTI D53.83 L20 D105,"WRAP-AROUND JAWS D105xd53,83x20","GANASCE AVVOLGENTI D105xd53,83x20",
SMG45059-00,GANASCE AVVOLGENTI D53 L30 D105,WRAP-AROUND JAWS D105xd53x30,GANASCE AVVOLGENTI D105xd53x30,
UDP32327-00,GANASCE AVVOLGENTI D54.05 L40 D105,"WRAP-AROUND JAWS D105xd54,05x40","GANASCE AVVOLGENTI D105xd54,05x40",
RAX80973-00,GANASCE AVVOLGENTI D54.5 L20 D105,"WRAP-AROUND JAWS D105xd54,5x20","GANASCE AVVOLGENTI D105xd54,5x20",
PNG96783-00,GANASCE AVVOLGENTI D54 L20 D105,WRAP-AROUND JAWS D105xd54x20,GANASCE AVVOLGENTI D105xd54x20,
PXH98829-00,GANASCE AVVOLGENTI D55 L20 D105,WRAP-AROUND JAWS D105xd55x20,GANASCE AVVOLGENTI D105xd55x20,
YMJ97345-00,GANASCE AVVOLGENTI D55 L250 D105,WRAP-AROUND JAWS D105xd55x250,GANASCE AVVOLGENTI D105xd55x250,
UUX08839-00,GANASCE AVVOLGENTI D55 L40 D105,WRAP-AROUND JAWS D105xd55x40,GANASCE AVVOLGENTI D105xd55x40,
CKK45818-00,GANASCE AVVOLGENTI D56.83 L25 D105,"WRAP-AROUND JAWS D105xd56,83x25","GANASCE AVVOLGENTI D105xd56,83x25",
DYH71593-00,GANASCE AVVOLGENTI D56 L30 D105,WRAP-AROUND JAWS D105xd56x30,GANASCE AVVOLGENTI D105xd56x30,
FYX59474-00,GANASCE AVVOLGENTI D57.9 L40 D105,"WRAP-AROUND JAWS D105xd57,9x40","GANASCE AVVOLGENTI D105xd57,9x40",
DNK55787-00,GANASCE AVVOLGENTI D57 L10 D105,WRAP-AROUND JAWS D105xd57x10,GANASCE AVVOLGENTI D105xd57x10,
SLU75946-00,GANASCE AVVOLGENTI D58.2 L20 D105,"WRAP-AROUND JAWS D105xd58,2x20","GANASCE AVVOLGENTI D105xd58,2x20",
GWX56738-00,GANASCE AVVOLGENTI D58.5 L40 D105,"WRAP-AROUND JAWS D105xd58,5x40","GANASCE AVVOLGENTI D105xd58,5x40",
SZE77646-00,GANASCE AVVOLGENTI D58.74 L20 D105,"WRAP-AROUND JAWS D105xd58,74x20","GANASCE AVVOLGENTI D105xd58,74x20",
VHR37048-00,GANASCE AVVOLGENTI D58.75 L20 D105,"WRAP-AROUND JAWS D105xd58,75x20","GANASCE AVVOLGENTI D105xd58,75x20",
UXB53591-00,GANASCE AVVOLGENTI D58 L25 D105,WRAP-AROUND JAWS D105xd58x25,GANASCE AVVOLGENTI D105xd58x25,
SWX92292-00,GANASCE AVVOLGENTI D59 L20 D105,WRAP-AROUND JAWS D105xd59x20,GANASCE AVVOLGENTI D105xd59x20,
BVW93398-00,GANASCE AVVOLGENTI D60.33 L30 D105,"WRAP-AROUND JAWS D105xd60,33x30","GANASCE AVVOLGENTI D105xd60,33x30",
NSR09232-00,GANASCE AVVOLGENTI D60.3 L250 D105,"WRAP-AROUND JAWS D105xd60,3x250","GANASCE AVVOLGENTI D105xd60,3x250",
PXM33603-00,GANASCE AVVOLGENTI D60.3 L50 D105,"WRAP-AROUND JAWS D105xd60,3x50","GANASCE AVVOLGENTI D105xd60,3x50",
LLV41469-00,GANASCE AVVOLGENTI D60 L15 D105,WRAP-AROUND JAWS D105xd60x15,GANASCE AVVOLGENTI D105xd60x15,
BRR07105-00,GANASCE AVVOLGENTI D61.91 L30 D105,"WRAP-AROUND JAWS D105xd61,91x30","GANASCE AVVOLGENTI D105xd61,91x30",
GHD47038-00,GANASCE AVVOLGENTI D62 L12 D105,WRAP-AROUND JAWS D105xd62x12,GANASCE AVVOLGENTI D105xd62x12,
UER60143-00,GANASCE AVVOLGENTI D63.25 L30 D105,"WRAP-AROUND JAWS D105xd63,25x30","GANASCE AVVOLGENTI D105xd63,25x30",
LJT12585-00,GANASCE AVVOLGENTI D63 L30 D105,WRAP-AROUND JAWS D105xd63x30,GANASCE AVVOLGENTI D105xd63x30,
CKM08410-00,GANASCE AVVOLGENTI D64 L25 D105,WRAP-AROUND JAWS D105xd64x25,GANASCE AVVOLGENTI D105xd64x25,
RWL60463-00,GANASCE AVVOLGENTI D64 L 30 D105,WRAP-AROUND JAWS D105xd64x30,GANASCE AVVOLGENTI D105xd64x30,
CHW80863-00,GANASCE AVVOLGENTI D65 L60 D105,WRAP-AROUND JAWS D105xd65x60,GANASCE AVVOLGENTI D105xd65x60,
RSZ28887-00,GANASCE AVVOLGENTI D66.7 L20 D105,"WRAP-AROUND JAWS D105xd66,7x20","GANASCE AVVOLGENTI D105xd66,7x20",
KXT30053-00,GANASCE AVVOLGENTI D66 L30 D105,WRAP-AROUND JAWS D105xd66x30,GANASCE AVVOLGENTI D105xd66x30,
RAX49420-00,GANASCE AVVOLGENTI D67 L20 D105,WRAP-AROUND JAWS D105xd67x20,GANASCE AVVOLGENTI D105xd67x20,
BWM87612-00,GANASCE AVVOLGENTI D68.1 L30 D105,"WRAP-AROUND JAWS D105xd68,1x30","GANASCE AVVOLGENTI D105xd68,1x30",
SBT27977-00,GANASCE AVVOLGENTI D68 L20 D105,WRAP-AROUND JAWS D105xd68x20,GANASCE AVVOLGENTI D105xd68x20,
WYR14336-00,GANASCE AVVOLGENTI D69.5 L200 D105,"WRAP-AROUND JAWS D105xd69,5x200","GANASCE AVVOLGENTI D105xd69,5x200",
XEC62120-00,GANASCE AVVOLGENTI D70.8 L180 D105,"WRAP-AROUND JAWS D105xd70,8x180","GANASCE AVVOLGENTI D105xd70,8x180",
DJM70062-00,GANASCE AVVOLGENTI D70 L40 D105,WRAP-AROUND JAWS D105xd70x40,GANASCE AVVOLGENTI D105xd70x40,
UCE08598-00,GANASCE AVVOLGENTI D71 L15 D105,WRAP-AROUND JAWS D105xd71x15,GANASCE AVVOLGENTI D105xd71x15,
DES03257-00,GANASCE AVVOLGENTI D72.5 L20 D105,"WRAP-AROUND JAWS D105xd72,5x20","GANASCE AVVOLGENTI D105xd72,5x20",
GNA96488-00,GANASCE AVVOLGENTI D72 L15 D105,WRAP-AROUND JAWS D105xd72x15,GANASCE AVVOLGENTI D105xd72x15,
YGS22035-00,GANASCE AVVOLGENTI D72 L30 D105,WRAP-AROUND JAWS D105xd72x30,GANASCE AVVOLGENTI D105xd72x30,
NYZ59279-00,GANASCE AVVOLGENTI D73.45 L30 D105,"WRAP-AROUND JAWS D105xd73,45x30","GANASCE AVVOLGENTI D105xd73,45x30",
RXF49695-00,GANASCE AVVOLGENTI D74.3 L25 D105,"WRAP-AROUND JAWS D105xd74,3x25","GANASCE AVVOLGENTI D105xd74,3x25",
FFB86243-00,GANASCE AVVOLGENTI D74 L15 D105,WRAP-AROUND JAWS D105xd74x15,GANASCE AVVOLGENTI D105xd74x15,
MHM84837-00,GANASCE AVVOLGENTI D74 L20 D105,WRAP-AROUND JAWS D105xd74x20,GANASCE AVVOLGENTI D105xd74x20,
PKY36423-00,GANASCE AVVOLGENTI D75.5 L20 D105,"WRAP-AROUND JAWS D105xd75,5x20","GANASCE AVVOLGENTI D105xd75,5x20",
PPJ98889-00,GANASCE AVVOLGENTI D75 L45 D105,WRAP-AROUND JAWS D105xd75x45,GANASCE AVVOLGENTI D105xd75x45,
JPE41089-00,GANASCE AVVOLGENTI D76 L35 D105,WRAP-AROUND JAWS D105xd76x35,GANASCE AVVOLGENTI D105xd76x35,
LND72653-00,GANASCE AVVOLGENTI D76 L50 D105,WRAP-AROUND JAWS D105xd76x50,GANASCE AVVOLGENTI D105xd76x50,
UJM15250-00,GANASCE AVVOLGENTI D77 L60 D105,WRAP-AROUND JAWS D105xd77x60,GANASCE AVVOLGENTI D105xd77x60,
BHU49867-00,GANASCE AVVOLGENTI D79.36 L70 D105,"WRAP-AROUND JAWS D105xd79,36x70","GANASCE AVVOLGENTI D105xd79,36x70",
VXA52526-00,GANASCE AVVOLGENTI D81.5 L40 D105,"WRAP-AROUND JAWS D105xd81,5x40","GANASCE AVVOLGENTI D105xd81,5x40",
MGE06086-00,GANASCE AVVOLGENTI D10 L100,WRAP-AROUND JAWS D10x100,GANASCE AVVOLGENTI D10x100,
HYC10045-00,GANASCE AVVOLGENTI D10 L260,WRAP-AROUND JAWS D10x260,GANASCE AVVOLGENTI D10x260,
RRC32894-00,GANASCE AVVOLGENTI D10 L30 D,WRAP-AROUND JAWS D10x30,GANASCE AVVOLGENTI D10x30 D,
PVE83422-00,GANASCE AVVOLGENTI D10 L5,WRAP-AROUND JAWS D10x5,GANASCE AVVOLGENTI D10x5,
FJM18069-00,GANASCE AVVOLGENTI D10 L60,WRAP-AROUND JAWS D10x60,GANASCE AVVOLGENTI D10x60,
BJU94883-00,GANASCE AVVOLGENTI D11.5 L25,"WRAP-AROUND JAWS D11,5x25","GANASCE AVVOLGENTI D11,5x25",
RWU59434-00,GANASCE AVVOLGENTI D11.5 L60,"WRAP-AROUND JAWS D11,5x60","GANASCE AVVOLGENTI D11,5x60",
NFV54006-00,GANASCE AVVOLGENTI D11.7 L60,"WRAP-AROUND JAWS D11,7x60","GANASCE AVVOLGENTI D11,7x60",
JVW70677,"GANASCE AVVOLGENTI D.11,85 L25","WRAP-AROUND JAWS D11,85x25","GANASCE AVVOLGENTI D11,85x25",
PKM89733-00,GANASCE AVVOLGENTI D11 L20,WRAP-AROUND JAWS D11x20,GANASCE AVVOLGENTI D11x20,
GXB40561-00,GANASCE AVVOLGENTI D11 L25,WRAP-AROUND JAWS D11x25,GANASCE AVVOLGENTI D11x25,
ZGY95230-00,GANASCE AVVOLGENTI D11 L7,WRAP-AROUND JAWS D11x7,GANASCE AVVOLGENTI D11x7,
YEF04068-00,"GANASCE AVVOLGENTI D12,7 L30","WRAP-AROUND JAWS D12,7x30","GANASCE AVVOLGENTI D12,7x30",
DTU92849-00,GANASCE AVVOLGENTI D12.7 L45,"WRAP-AROUND JAWS D12,7x45","GANASCE AVVOLGENTI D12,7x45",
RKF70952-00,GANASCE AVVOLGENTI D.12.7 L90,WRAP-AROUND JAWS D12.7x90,GANASCE AVVOLGENTI D12.7x90,
RXJ68805-00,GANASCE AVVOLGENTI D.12 L120,WRAP-AROUND JAWS D12x120,GANASCE AVVOLGENTI D12x120,
ZW1300J-00,"GANASCE AVVOLGENTI D.12 L.15,5-25","WRAP-AROUND JAWS D12x15,5-25","GANASCE AVVOLGENTI D12x15,5-25",
UUD25725-00,GANASCE AVVOLGENTI D12 L150,WRAP-AROUND JAWS D12x150,GANASCE AVVOLGENTI D12x150,
CZB12337-00,GANASCE AVVOLGENTI D12 L250,WRAP-AROUND JAWS D12x250,GANASCE AVVOLGENTI D12x250,
ZFH91568-00,GANASCE AVVOLGENTI D.12 L30,WRAP-AROUND JAWS D12x30,GANASCE AVVOLGENTI D12x30,
DM1204Z-00,GANASCE AVVOLGENTI D.12 L.36-46,WRAP-AROUND JAWS D12x36-46,GANASCE AVVOLGENTI D12x36-46,
AUF62820-00,"GANASCE AVVOLGENTI D.13,8 L80","WRAP-AROUND JAWS D13,8x80","GANASCE AVVOLGENTI D13,8x80",
VMP53396-00,GANASCE AVVOLGENTI D13 L10,WRAP-AROUND JAWS D13x10,GANASCE AVVOLGENTI D13x10,
ZTN7719-00,GANASCE AVVOLGENTI D13 L25,WRAP-AROUND JAWS D13x25,GANASCE AVVOLGENTI D13x25,
ZDV56052-00,GANASCE AVVOLGENTI D13 L7,WRAP-AROUND JAWS D13x7,GANASCE AVVOLGENTI D13x7,
KZD37521-00,GANASCE AVVOLGENTI D13 L70 D,WRAP-AROUND JAWS D13x70,GANASCE AVVOLGENTI D13x70 D,
HDB19278-00,GANASCE AVVOLGENTI D14.3 L45,"WRAP-AROUND JAWS D14,3x45","GANASCE AVVOLGENTI D14,3x45",
YRX50406-00,"GANASCE AVVOLGENTI D14,8 L250","WRAP-AROUND JAWS D14,8x250","GANASCE AVVOLGENTI D14,8x250",
JXV71108-00,GANASCE AVVOLGENTI D14 L100,WRAP-AROUND JAWS D14x100,GANASCE AVVOLGENTI D14x100,
GNX00500-00,GANASCE AVVOLGENTI D14 L15,WRAP-AROUND JAWS D14x15,GANASCE AVVOLGENTI D14x15,
RZT31088-00,GANASCE AVVOLGENTI D14 L20,WRAP-AROUND JAWS D14x20,GANASCE AVVOLGENTI D14x20,
RNY98164-00,GANASCE AVVOLGENTI D14 L200,WRAP-AROUND JAWS D14x200,GANASCE AVVOLGENTI D14x200,
DRW10682-00,GANASCE AVVOLGENTI D14 L220,WRAP-AROUND JAWS D14x220,GANASCE AVVOLGENTI D14x220,
WYW51833-00,GANASCE AVVOLGENTI D14 L230,WRAP-AROUND JAWS D14x230,GANASCE AVVOLGENTI D14x230,
AKV87940-00,GANASCE AVVOLGENTI D14 L30,WRAP-AROUND JAWS D14x30,GANASCE AVVOLGENTI D14x30,
ZDA50870-00,GANASCE AVVOLGENTI D14 L50,WRAP-AROUND JAWS D14x50,GANASCE AVVOLGENTI D14x50,
LGG72742-00,GANASCE AVVOLGENTI D14 L7,WRAP-AROUND JAWS D14x7,GANASCE AVVOLGENTI D14x7,
UV4613K-00,GANASCE AVVOLGENTI DIA 15.88,"WRAP-AROUND JAWS D15,88","GANASCE AVVOLGENTI D15,88",
YMX22825-00,GANASCE AVVOLGENTI D15.9 L45,"WRAP-AROUND JAWS D15,9x45","GANASCE AVVOLGENTI D15,9x45",
SA2387V-00,GANASCE AVVOLGENTI D.15 L.14-30,WRAP-AROUND JAWS D15x14-30,GANASCE AVVOLGENTI D15x14-30,
VWZ86369-00,GANASCE AVVOLGENTI D15 L30,WRAP-AROUND JAWS D15x30,GANASCE AVVOLGENTI D15x30,
XY3745E-00,GANASCE AVVOLGENTI D.15 L.30-67,WRAP-AROUND JAWS D15x30-67,GANASCE AVVOLGENTI D15x30-67,
TEW84286-00,GANASCE AVVOLGENTI D15 L5,WRAP-AROUND JAWS D15x5,GANASCE AVVOLGENTI D15x5,
VNP85528-00,GANASCE AVVOLGENTI D15 L80 D,WRAP-AROUND JAWS D15x80,GANASCE AVVOLGENTI D15x80 D,
ZDA23548-00,GANASCE AVVOLGENTI D16.5 L35,"WRAP-AROUND JAWS D16,5x35","GANASCE AVVOLGENTI D16,5x35",
PAH71763-00,GANASCE AVVOLGENTI D16 L190,WRAP-AROUND JAWS D16x190,GANASCE AVVOLGENTI D16x190,
RGV60429-00,GANASCE AVVOLGENTI D16 L20,WRAP-AROUND JAWS D16x20,GANASCE AVVOLGENTI D16x20,
ULF96205-00,GANASCE AVVOLGENTI D16 L230,WRAP-AROUND JAWS D16x230,GANASCE AVVOLGENTI D16x230,
FVR32380-00,GANASCE AVVOLGENTI D16 L30,WRAP-AROUND JAWS D16x30,GANASCE AVVOLGENTI D16x30,
TLY46717-00,GANASCE AVVOLGENTI D16 L300,WRAP-AROUND JAWS D16x300,GANASCE AVVOLGENTI D16x300,
ZY9593H-00,GANASCE AVVOLGENTI D.16 L.40-86,WRAP-AROUND JAWS D16x40-86,GANASCE AVVOLGENTI D16x40-86,
LNU88886-00,GANASCE AVVOLGENTI D.16 L45,WRAP-AROUND JAWS D16x45,GANASCE AVVOLGENTI D16x45,
XS8003U-00,GANASCE AVVOLGENTI D.16 L.50-140,WRAP-AROUND JAWS D16x50-140,GANASCE AVVOLGENTI D16x50-140,
ZA3848F-00,GANASCE AVVOLGENTI DIA. 17,WRAP-AROUND JAWS D17,GANASCE AVVOLGENTI D17,
UGH89889-00,"GANASCE AVVOLGENTI D17,1 L20","WRAP-AROUND JAWS D17,1x20","GANASCE AVVOLGENTI D17,1x20",
HUF16420-00,GANASCE AVVOLGENTI D17.3 L50,"WRAP-AROUND JAWS D17,3x50","GANASCE AVVOLGENTI D17,3x50",
SCZ27638-00,"GANASCE AVVOLGENTI D.17,8 L40","WRAP-AROUND JAWS D17,8x40","GANASCE AVVOLGENTI D17,8x40",
CKK19969-00,GANASCE AVVOLGENTI D17 L10,WRAP-AROUND JAWS D17x10,GANASCE AVVOLGENTI D17x10,
GFV34881-00,GANASCE AVVOLGENTI D17 L130,WRAP-AROUND JAWS D17x130,GANASCE AVVOLGENTI D17x130,
MRU30269-00,GANASCE AVVOLGENTI D.17 L20,WRAP-AROUND JAWS D17x20,GANASCE AVVOLGENTI D17x20,
XAM50486-00,GANASCE AVVOLGENTI D17 L30,WRAP-AROUND JAWS D17x30,GANASCE AVVOLGENTI D17x30,
WBD85094-00,GANASCE AVVOLGENTI D.17 L80,WRAP-AROUND JAWS D17x80,GANASCE AVVOLGENTI D17x80,
VA5025R-00,GANASCE AVVOLGENTI DIA. 18,WRAP-AROUND JAWS D18,GANASCE AVVOLGENTI D18,
RY9284K-00,AVVOLGENTI D18 L DA 220MM A 308MM,WRAP-AROUND JAWS D18 FROM L=220 TO L=308,AVVOLGENTI D18 L DA 220mm A 308mm,
ZRL56755-00,GANASCE AVVOLGENTI D18.08 L125,"WRAP-AROUND JAWS D18,08x125","GANASCE AVVOLGENTI D18,08x125",
KMX34725-00,"GANASCE AVVOLGENTI D18,2 L15","WRAP-AROUND JAWS D18,2x15","GANASCE AVVOLGENTI D18,2x15",
GWC11624-00,"GANASCE AVVOLGENTI D18,5 L30","WRAP-AROUND JAWS D18,5x30","GANASCE AVVOLGENTI D18,5x30",
GYZ02137-00,"GANASCE AVVOLGENTI D18,9 L30","WRAP-AROUND JAWS D18,9x30","GANASCE AVVOLGENTI D18,9x30",
XP2036R-00,GANASCE AVVOLGENTI D.18 L.10-25,WRAP-AROUND JAWS D18x10-25,GANASCE AVVOLGENTI D18x10-25,
MBK50314-00,GANASCE AVVOLGENTI D18 L120,WRAP-AROUND JAWS D18x120,GANASCE AVVOLGENTI D18x120,
AUA56961-00,GANASCE AVVOLGENTI D18 L125,WRAP-AROUND JAWS D18x125,GANASCE AVVOLGENTI D18x125,
JRJ08306-00,GANASCE AVVOLGENTI D.18 L15,WRAP-AROUND JAWS D18x15,GANASCE AVVOLGENTI D18x15,
GEU29581-00,GANASCE AVVOLGENTI D18 L160,WRAP-AROUND JAWS D18x160,GANASCE AVVOLGENTI D18x160,
WBW45994-00,GANASCE AVVOLGENTI D.18 L20,WRAP-AROUND JAWS D18x20,GANASCE AVVOLGENTI D18x20,
SSN71294-00,GANASCE AVVOLGENTI D18 L230,WRAP-AROUND JAWS D18x230,GANASCE AVVOLGENTI D18x230,
GGJ85728-00,GANASCE AVVOLGENTI D18 L250,WRAP-AROUND JAWS D18x250,GANASCE AVVOLGENTI D18x250,
GLM98202-00,GANASCE AVVOLGENTI D.18 L30,WRAP-AROUND JAWS D18x30,GANASCE AVVOLGENTI D18x30,
UYX84763-00,GANASCE AVVOLGENTI D.18 L50,WRAP-AROUND JAWS D18x50,GANASCE AVVOLGENTI D18x50,
DFU86447-00,GANASCE AVVOLGENTI D18 L60,WRAP-AROUND JAWS D18x60,GANASCE AVVOLGENTI D18x60,
FM6522G-00,GANASCE AVVOLGENTI D.18 L.60-162,WRAP-AROUND JAWS D18x60-162,GANASCE AVVOLGENTI D18x60-162,
AR8609G-00,GANASCE AVVOLGENTI DIA. 19,WRAP-AROUND JAWS D19,GANASCE AVVOLGENTI D19,
DH7300Y-00,GANASCE AVVOLGENTI DIAM.19 (DESO),WRAP-AROUND JAWS D19 “DESO”,GANASCE AVVOLGENTI D19 (DESO),
HY4121D-00,GANASCE AVVOLGENTI DIA.19.05X0.9,"WRAP-AROUND JAWS D19,05x0,9","GANASCE AVVOLGENTI D19,05x0,9",
SFY43583-00,GANASCE AVVOLGENTI D19.05 L60,"WRAP-AROUND JAWS D19,05x60","GANASCE AVVOLGENTI D19,05x60",
UCM75681-00,GANASCE AVVOLGENTI D19.10 L240,"WRAP-AROUND JAWS D19,10x240","GANASCE AVVOLGENTI D19,10x240",
DAA00470-00,GANASCE AVVOLGENTI D.19.25 L5,"WRAP-AROUND JAWS D19,25x5","GANASCE AVVOLGENTI D19,25x5",
SNZ55070-00,GANASCE AVVOLGENTI D19.2 L120,"WRAP-AROUND JAWS D19,2x120","GANASCE AVVOLGENTI D19,2x120",
YWR35946-00,GANASCE AVVOLGENTI D.19.35 L12,"WRAP-AROUND JAWS D19,35x12","GANASCE AVVOLGENTI D19,35x12",
PJL33218-00,GANASCE AVVOLGENTI D19.5 L30,"WRAP-AROUND JAWS D19,5x30","GANASCE AVVOLGENTI D19,5x30",
CAB89021-00,GANASCE AVVOLGENTI D.19.8 L10,"WRAP-AROUND JAWS D19,8x10","GANASCE AVVOLGENTI D19,8x10",
RRD72379-00,GANASCE AVVOLGENTI D.19 L10,WRAP-AROUND JAWS D19x10,GANASCE AVVOLGENTI D19x10,
VLK06257-00,GANASCE AVVOLGENTI D.19 L15,WRAP-AROUND JAWS D19x15,GANASCE AVVOLGENTI D19x15,
DDM52668-00,GANASCE AVVOLGENTI D19 L25,WRAP-AROUND JAWS D19x25,GANASCE AVVOLGENTI D19x25,
ACF36287-00,GANASCE AVVOLGENTI D19 L60,WRAP-AROUND JAWS D19x60,GANASCE AVVOLGENTI D19x60,
TU7537A-00,GANASCE AVVOLGENTI DIA. 20,WRAP-AROUND JAWS D20,GANASCE AVVOLGENTI D20,
CGB28105-00,GANASCE AVVOLGENTI D.20.28 L40,"WRAP-AROUND JAWS D20,28x40","GANASCE AVVOLGENTI D20,28x40",
UY9783A-00,GANASCE AVVOLGENTI D.20 L.11-27,WRAP-AROUND JAWS D20x11-27,GANASCE AVVOLGENTI D20x11-27,
HKY77755-00,GANASCE AVVOLGENTI D20 L20,WRAP-AROUND JAWS D20x20,GANASCE AVVOLGENTI D20x20,
RZC75144-00,GANASCE AVVOLGENTI D20 L30,WRAP-AROUND JAWS D20x30,GANASCE AVVOLGENTI D20x30,
TA9039Y-00,GANASCE AVVOLGENTI D.20 L.38-61,WRAP-AROUND JAWS D20x38-61,GANASCE AVVOLGENTI D20x38-61,
YNH67328-00,GANASCE AVVOLGENTI D20 L45,WRAP-AROUND JAWS D20x45,GANASCE AVVOLGENTI D20x45,
TNM83663-00,GANASCE AVVOLGENTI D.20 L8,WRAP-AROUND JAWS D20x8,GANASCE AVVOLGENTI D20x8,
PUY09077-00,GANASCE AVVOLGENTI D20 L80,WRAP-AROUND JAWS D20x80,GANASCE AVVOLGENTI D20x80,
PL6920M-00,GANASCE AVVOLGENTI D.20 L.90-130,WRAP-AROUND JAWS D20x90-130,GANASCE AVVOLGENTI D20x90-130,
NDC89867-00,GANASCE AVVOLGENTI D20 L95,WRAP-AROUND JAWS D20x95,GANASCE AVVOLGENTI D20x95,
SAH42947-00,"GANASCE AVVOLGENTI D.21,3 L80","WRAP-AROUND JAWS D21,3x80","GANASCE AVVOLGENTI D21,3x80",
BTG97420-00,"GANASCE AVVOLGENTI D21,5 L40","WRAP-AROUND JAWS D21,5x40","GANASCE AVVOLGENTI D21,5x40",
YVW09682-00,GANASCE AVVOLGENTI D21.7 L75,"WRAP-AROUND JAWS D21,7x75","GANASCE AVVOLGENTI D21,7x75",
PB9794K-00,GANASCE AVVOLGENTI DIA. 21 L=30,WRAP-AROUND JAWS D21x=30,GANASCE AVVOLGENTI D21x=30,
EE6270G-00,GANASCE AVVOLGENTI DIA. 21 L=50,WRAP-AROUND JAWS D21x=50,GANASCE AVVOLGENTI D21x=50,
RZA09811-00,GANASCE AVVOLGENTI D21 L25,WRAP-AROUND JAWS D21x25,GANASCE AVVOLGENTI D21x25,
NM0442D-00,VUBOKED-GANASCE AVVOLGENTI D21 L40,WRAP-AROUND JAWS D21x40 “VUBOKED”,VUBOKED-GANASCE AVVOLGENTI D21x40,
FSM36141-00,GANASCE AVVOLGENTI D21 L50,WRAP-AROUND JAWS D21x50,GANASCE AVVOLGENTI D21x50,
XN0619D-00,GANASCE AVVOLGENTI DIA. 22,WRAP-AROUND JAWS D22,GANASCE AVVOLGENTI D22,
HA6792Y-00,GANASCE AVVOLGENTIOLG. PER DIAMETRO 22.22,"WRAP-AROUND JAWS D22,22","GANASCE AVVOLGENTI D22,22",
WCX58268-00,GANASCE AVVOLGENTI D22.2 L100,"WRAP-AROUND JAWS D22,2x100","GANASCE AVVOLGENTI D22,2x100",
XNC29638-00,GANASCE AVVOLGENTI D22.2 L15,"WRAP-AROUND JAWS D22,2x15","GANASCE AVVOLGENTI D22,2x15",
ENV09455-00,GANASCE AVVOLGENTI D22.5 L8,"WRAP-AROUND JAWS D22,5x8","GANASCE AVVOLGENTI D22,5x8",
ZNL42038-00,GANASCE AVVOLGENTI D22 L105,WRAP-AROUND JAWS D22x105,GANASCE AVVOLGENTI D22x105,
WB9192P-00,GANASCE AVVOLGENTI D.22 L.14-30,WRAP-AROUND JAWS D22x14-30,GANASCE AVVOLGENTI D22x14-30,
MBL04223-00,GANASCE AVVOLGENTI D22 L20,WRAP-AROUND JAWS D22x20,GANASCE AVVOLGENTI D22x20,
JMC86150-00,GANASCE AVVOLGENTI D22 L30,WRAP-AROUND JAWS D22x30,GANASCE AVVOLGENTI D22x30,
BEF84505-00,GANASCE AVVOLGENTI D22 L300,WRAP-AROUND JAWS D22x300,GANASCE AVVOLGENTI D22x300,
YA5671H-00,GANASCE AVVOLGENTI D.22 L.30-43,WRAP-AROUND JAWS D22x30-43,GANASCE AVVOLGENTI D22x30-43,
LZC95280-00,GANASCE AVVOLGENTI D.22 L40,WRAP-AROUND JAWS D22x40,GANASCE AVVOLGENTI D22x40,
SJH02269-00,GANASCE AVVOLGENTI D22 L7,WRAP-AROUND JAWS D22x7,GANASCE AVVOLGENTI D22x7,
KT0827G-00,GANASCE AVVOLGENTI DIA. 24,WRAP-AROUND JAWS D24,GANASCE AVVOLGENTI D24,
ZLV91410-00,"GANASCE AVVOLGENTI D24,5 L40","WRAP-AROUND JAWS D24,5x40","GANASCE AVVOLGENTI D24,5x40",
AUH22516-00,GANASCE AVVOLGENTI D.24 L30,WRAP-AROUND JAWS D24x30,GANASCE AVVOLGENTI D24x30,
CCP37087-00,GANASCE AVVOLGENTI D24 L50,WRAP-AROUND JAWS D24x50,GANASCE AVVOLGENTI D24x50,
TUH28903-00,GANASCE AVVOLGENTI D25.4 L100,"WRAP-AROUND JAWS D25,4x100","GANASCE AVVOLGENTI D25,4x100",
LLM14904-00,GANASCE AVVOLGENTI D25.4 L190,"WRAP-AROUND JAWS D25,4x190","GANASCE AVVOLGENTI D25,4x190",
ZGB95443-00,GANASCE AVVOLGENTI D25.4 L240,"WRAP-AROUND JAWS D25,4x240","GANASCE AVVOLGENTI D25,4x240",
ZLY24294-00,GANASCE AVVOLGENTI D25.4 L95,"WRAP-AROUND JAWS D25,4x95","GANASCE AVVOLGENTI D25,4x95",
BU2257S-00,GANASCE AVVOLGENTI D.25 L.10-30,WRAP-AROUND JAWS D25x10-30,GANASCE AVVOLGENTI D25x10-30,
JPY82617-00,GANASCE AVVOLGENTI D25 L220,WRAP-AROUND JAWS D25x220,GANASCE AVVOLGENTI D25x220,
HFD26565-00,GANASCE AVVOLGENTI D.25 L30,WRAP-AROUND JAWS D25x30,GANASCE AVVOLGENTI D25x30,
YDR63896-00,GANASCE AVVOLGENTI D25 L40,WRAP-AROUND JAWS D25x40,GANASCE AVVOLGENTI D25x40,
ASW51438-00,GANASCE AVVOLGENTI D.25 L50,WRAP-AROUND JAWS D25x50,GANASCE AVVOLGENTI D25x50,
MK0584Z-00,GANASCE AVVOLGENTI D.25 L.61-118,WRAP-AROUND JAWS D25x61-118,GANASCE AVVOLGENTI D25x61-118,
BH5362H-00,AVVOLGENTI PER D26,WRAP-AROUND JAWS D26,GANASCE AVVOLGENTI D26,
XGF50351-00,GANASCE AVVOLGENTI D26.2 L90 RAP,"WRAP-AROUND JAWS D26,2x90","GANASCE AVVOLGENTI D26,2x90 RAP",
WCZ70255-00,"GANASCE AVVOLGENTI D26,3 L40","WRAP-AROUND JAWS D26,3x40","GANASCE AVVOLGENTI D26,3x40",
BEP79625-00,"GANASCE AVVOLGENTI D26,5 L40","WRAP-AROUND JAWS D26,5x40","GANASCE AVVOLGENTI D26,5x40",
BY5317W-00,GANASCE AVVOLGENTI DIA. 26.7 L=40,"WRAP-AROUND JAWS D26,7x=40","GANASCE AVVOLGENTI D26,7x=40",
HYA53747-00,"GANASCE AVVOLGENTI D26,7 L20","WRAP-AROUND JAWS D26,7x20","GANASCE AVVOLGENTI D26,7x20",
WB2443Z-00,GAN.AVV. D.26.7X4.05,"WRAP-AROUND JAWS D26,7x4,05","GANASCE AVVOLGENTI D26,7x4,05",
SU3197R-00,GANASCE AVVOLGENTI TUBO DIA. 26.9,"WRAP-AROUND JAWS D26,9","GANASCE AVVOLGENTI TUBO D26,9",
JL0063F-00,GANASCE AVVOLGENTI DIA. 26.9 L=30,"WRAP-AROUND JAWS D26,9x30","GANASCE AVVOLGENTI D26,9x=30",
XR4399E-00,GANASCE AVVOLGENTI DIA. 26.9 L=40,"WRAP-AROUND JAWS D26,9x40","GANASCE AVVOLGENTI D26,9x=40",
NJW45582-00,GANASCE AVVOLGENTI D26 L20,WRAP-AROUND JAWS D26x20,GANASCE AVVOLGENTI D26x20,
MGB02255-00,GANASCE AVVOLGENTI D26 L30,WRAP-AROUND JAWS D26x30,GANASCE AVVOLGENTI D26x30,
EWN72406-00,GANASCE AVVOLGENTI D26 L40,WRAP-AROUND JAWS D26x40,GANASCE AVVOLGENTI D26x40,
HDH05640-00,GANASCE AVVOLGENTI D26 L50,WRAP-AROUND JAWS D26x50,GANASCE AVVOLGENTI D26x50,
XUN62504-00,GANASCE AVVOLGENTI D27.2 L120,"WRAP-AROUND JAWS D27,2x120","GANASCE AVVOLGENTI D27,2x120",
VSZ60769-00,GANASCE AVVOLGENTI D27.2 L40,"WRAP-AROUND JAWS D27,2x40","GANASCE AVVOLGENTI D27,2x40",
BRA985193-00,"GANASCE AVVOLGENTI D27,3 L20","WRAP-AROUND JAWS D27,3x20","GANASCE AVVOLGENTI D27,3x20",
YHL69038-00,"GANASCE AVVOLGENTI D.27,3 L80","WRAP-AROUND JAWS D27,3x80","GANASCE AVVOLGENTI D27,3x80",
ZHK24195-00,"GANASCE AVVOLGENTI D.27,5 L15","WRAP-AROUND JAWS D27,5x15","GANASCE AVVOLGENTI D27,5x15",
GK0068J-00,"GANASCE AVVOLGENTI D27,5 L30MM.","WRAP-AROUND JAWS D27,5x30","GANASCE AVVOLGENTI D27,5x30mm.",
CWA47760-00,GANASCE AVVOLGENTI D27.9 L40,"WRAP-AROUND JAWS D27,9x40","GANASCE AVVOLGENTI D27,9x40",
FWU81326-00,GANASCE AVVOLGENTI D27 L15,WRAP-AROUND JAWS D27x15,GANASCE AVVOLGENTI D27x15,
VKS01027-00,GANASCE AVVOLGENTI D27 L40,WRAP-AROUND JAWS D27x40,GANASCE AVVOLGENTI D27x40,
KW6738X-00,GANASCE AVVOLGENTI D27 L50MM.,WRAP-AROUND JAWS D27x50,GANASCE AVVOLGENTI D27x50mm.,
TMT61975-00,GANASCE AVVOLGENTI D27 L80,WRAP-AROUND JAWS D27x80,GANASCE AVVOLGENTI D27x80,
JM6270G-00,GANASCE AVVOLGENTI DIA. 28,WRAP-AROUND JAWS D28,GANASCE AVVOLGENTI D28,
USZ43704-00,GANASCE AVVOLGENTI D28.47 L30,"WRAP-AROUND JAWS D28,47x30","GANASCE AVVOLGENTI D28,47x30",
FBB41006-00,GANASCE AVVOLGENTI D28.4 L15,"WRAP-AROUND JAWS D28,4x15","GANASCE AVVOLGENTI D28,4x15",
LVJ74729-00,GANASCE AVVOLGENTI D28.4 L50,"WRAP-AROUND JAWS D28,4x50","GANASCE AVVOLGENTI D28,4x50",
UXJ97850-00,GANASCE AVVOLGENTI D28.5 L5,"WRAP-AROUND JAWS D28,5x5","GANASCE AVVOLGENTI D28,5x5",
ZFD74839-00,"GANASCE AVVOLGENTI D.28,6 L7","WRAP-AROUND JAWS D28,6x7","GANASCE AVVOLGENTI D28,6x7",
AHK58441-00,GANASCE AVVOLGENTI D28 L10,WRAP-AROUND JAWS D28x10,GANASCE AVVOLGENTI D28x10,
VA0519Y-00,GANASCE AVVOLGENTI D.28 L.10-35,WRAP-AROUND JAWS D28x10-35,GANASCE AVVOLGENTI D28x10-35,
FFB15082-00,GANASCE AVVOLGENTI D28 L120,WRAP-AROUND JAWS D28x120,GANASCE AVVOLGENTI D28x120,
EAN41519-00,GANASCE AVVOLGENTI D28 L30,WRAP-AROUND JAWS D28x30,GANASCE AVVOLGENTI D28x30,
RH6030P-00,GANASCE AVVOLGENTI D.28 L.35-64,WRAP-AROUND JAWS D28x35-64,GANASCE AVVOLGENTI D28x35-64,
RH5058V-00,GANASCE AVVOLGENTI D28 L50 PER,WRAP-AROUND JAWS D28x50,GANASCE AVVOLGENTI D28x50,
SNL11160-00,GANASCE AVVOLGENTI D29.5 L90,"WRAP-AROUND JAWS D29,5x90","GANASCE AVVOLGENTI D29,5x90",
TUS24448-00,GANASCE AVVOLGENTI D29.75 L40,"WRAP-AROUND JAWS D29,75x40","GANASCE AVVOLGENTI D29,75x40",
TVN82551-00,GANASCE AVVOLGENTI D29 L20,WRAP-AROUND JAWS D29x20,GANASCE AVVOLGENTI D29x20,
SBH91502-00,GANASCE AVVOLGENTI D29 L50 D105,WRAP-AROUND JAWS D29x50 D105,GANASCE AVVOLGENTI D29x50 D105,
AEE54362-00,GANASCE AVVOLGENTI D29 L60,WRAP-AROUND JAWS D29x60,GANASCE AVVOLGENTI D29x60,
ZT5297N-00,GANASCE AVVOLGENTI DIA. 30,WRAP-AROUND JAWS D30,GANASCE AVVOLGENTI D30,
HLC13456-00,GANASCE AVVOLGENTI D30.25 L35,"WRAP-AROUND JAWS D30,25x35","GANASCE AVVOLGENTI D30,25x35",
XXW56150-00,GANASCE AVVOLGENTI D30.6 L120,"WRAP-AROUND JAWS D30,6x120","GANASCE AVVOLGENTI D30,6x120",
ZE0914J-00,"GANASCE AVVOLGENTITUBO DIA. 30X0,7","WRAP-AROUND JAWS D30x0,7","GANASCE AVVOLGENTI TUBO D30x0,7",
PJS89824-00,GANASCE AVVOLGENTI D.30 L10,WRAP-AROUND JAWS D30x10,GANASCE AVVOLGENTI D30x10,
DK0278H-00,GANASCE AVVOLGENTI D.30 L.116-190,WRAP-AROUND JAWS D30x116-190,GANASCE AVVOLGENTI D30x116-190,
DWP37236-00,GANASCE AVVOLGENTI D30 L14,WRAP-AROUND JAWS D30x14,GANASCE AVVOLGENTI D30x14,
WE0432X-00,GANASCE AVVOLGENTI D.30 L.14-30,WRAP-AROUND JAWS D30x14-30,GANASCE AVVOLGENTI D30x14-30,
ACL38080-00,GANASCE AVVOLGENTI D30 L150,WRAP-AROUND JAWS D30x150,GANASCE AVVOLGENTI D30x150,
CY5154V-00,GANASCE AVVOLGENTI DIAM. 30 X LUNGH. 20,WRAP-AROUND JAWS D30x20,GANASCE AVVOLGENTI D30x20,
YY9680D-00,AVVOLGENTE UNIV. D30 L30,WRAP-AROUND JAWS D30x30,GANASCE AVVOLGENTI UNIVERSALI D30x30,
NA8954C-00,GANASCE AVVOLGENTI D.30 L.31-56,WRAP-AROUND JAWS D30x31-56,GANASCE AVVOLGENTI D30x31-56,
RAR77223-00,GANASCE AVVOLGENTI D30 L40,WRAP-AROUND JAWS D30x40,GANASCE AVVOLGENTI D30x40,
YHW17106-00,GANASCE AVVOLGENTI D30 L50,WRAP-AROUND JAWS D30x50,GANASCE AVVOLGENTI D30x50,
WSD50147-00,GANASCE AVVOLGENTI D30 L70,WRAP-AROUND JAWS D30x70,GANASCE AVVOLGENTI D30x70,
MDV97224-00,GANASCE AVVOLGENTI D30 L90,WRAP-AROUND JAWS D30x90,GANASCE AVVOLGENTI D30x90,
XGD82500-00,GANASCE AVVOLGENTI D31.75 L150,"WRAP-AROUND JAWS D31,75x150","GANASCE AVVOLGENTI D31,75x150",
DUX60434-00,"GANASCE AVVOLGENTI D.31,75 L25","WRAP-AROUND JAWS D31,75x25","GANASCE AVVOLGENTI D31,75x25",
TND41814-00,GANASCE AVVOLGENTI D31.76 L110,"WRAP-AROUND JAWS D31,76x110","GANASCE AVVOLGENTI D31,76x110",
GUD60699-00,GANASCE AVVOLGENTI D31.88 L105,"WRAP-AROUND JAWS D31,88x105","GANASCE AVVOLGENTI D31,88x105",
TRV23778-00,GANASCE AVVOLGENTI D31.88 L200,"WRAP-AROUND JAWS D31,88x200","GANASCE AVVOLGENTI D31,88x200",
GFM16182-00,GANASCE AVVOLGENTI D31.88 L80,"WRAP-AROUND JAWS D31,88x80","GANASCE AVVOLGENTI D31,88x80",
LFD87441-00,GANASCE AVVOLGENTI D.31 L10,WRAP-AROUND JAWS D31x10,GANASCE AVVOLGENTI D31x10,
VHU04809-00,GANASCE AVVOLGENTI D31 L40,WRAP-AROUND JAWS D31x40,GANASCE AVVOLGENTI D31x40,
NWG30666-00,GANASCE AVVOLGENTI D32.1 L15,"WRAP-AROUND JAWS D32,1x15","GANASCE AVVOLGENTI D32,1x15",
BAU28781-00,"GANASCE AVVOLGENTI D.32,5 L200","WRAP-AROUND JAWS D32,5x200","GANASCE AVVOLGENTI D32,5x200",
NTJ29122-00,GANASCE AVVOLGENTI D.32.5 L50,"WRAP-AROUND JAWS D32,5x50","GANASCE AVVOLGENTI D32,5x50",
CVB75876-00,GANASCE AVVOLGENTI D32.8 L80,"WRAP-AROUND JAWS D32,8x80","GANASCE AVVOLGENTI D32,8x80",
MWB54791-00,GANASCE AVVOLGENTI D32 L28,WRAP-AROUND JAWS D32x28,GANASCE AVVOLGENTI D32x28,
RDT48431-00,GANASCE AVVOLGENTI D32 L280,WRAP-AROUND JAWS D32x280,GANASCE AVVOLGENTI D32x280,
FH5300H-00,GANASCE AVVOLGENTI DIA.32X.36,WRAP-AROUND JAWS D32x36,GANASCE AVVOLGENTI D32x36,
NKK95274-00,GANASCE AVVOLGENTI D32 L40,WRAP-AROUND JAWS D32x40,GANASCE AVVOLGENTI D32x40,
BTY45074-00,GANASCE AVVOLGENTI D32 L50,WRAP-AROUND JAWS D32x50,GANASCE AVVOLGENTI D32x50,
VXZ31139-00,GANASCE AVVOLGENTI D32 L60,WRAP-AROUND JAWS D32x60,GANASCE AVVOLGENTI D32x60,
JXT01958-00,GANASCE AVVOLGENTI D32 L90,WRAP-AROUND JAWS D32x90,GANASCE AVVOLGENTI D32x90,
TZN33748-00,GANASCE AVVOLGENTI D33.15 L150,"WRAP-AROUND JAWS D33,15x150","GANASCE AVVOLGENTI D33,15x150",
KSG33462-00,GANASCE AVVOLGENTI D33.15 L270,"WRAP-AROUND JAWS D33,15x270","GANASCE AVVOLGENTI D33,15x270",
SHA15743-00,"GANASCE AVVOLGENTI D.33,35 L25","WRAP-AROUND JAWS D33,35x25","GANASCE AVVOLGENTI D33,35x25",
BJB63351-00,"GANASCE AVVOLGENTI D33,4 L20","WRAP-AROUND JAWS D33,4x20","GANASCE AVVOLGENTI D33,4x20",
DML51399-00,"GANASCE AVVOLGENTI D33,6 L50","WRAP-AROUND JAWS D33,6x50","GANASCE AVVOLGENTI D33,6x50",
JMB91261-00,"GANASCE AVVOLGENTI D.33,78 L80","WRAP-AROUND JAWS D33,78x80","GANASCE AVVOLGENTI D33,78x80",
WPT35888-00,"GANASCE AVVOLGENTI D33,8 L30","WRAP-AROUND JAWS D33,8x30","GANASCE AVVOLGENTI D33,8x30",
AX3199V-00,GANASCE AVVOLGENTI D.33 L.10-30,WRAP-AROUND JAWS D33x10-30,GANASCE AVVOLGENTI D33x10-30,
YA5528Z-00,GANASCE AVVOLGENTI D.33 L.30-66,WRAP-AROUND JAWS D33x30-66,GANASCE AVVOLGENTI D33x30-66,
VL9833K-00,"GANASCE AVVOLGENTI D34,4 L30MM.","WRAP-AROUND JAWS D34,4x30","GANASCE AVVOLGENTI D34,4x30mm.",
XTM36446-00,GANASCE AVVOLGENTI D34.6 L300,"WRAP-AROUND JAWS D34,6x300","GANASCE AVVOLGENTI D34,6x300",
VJD20879-00,GANASCE AVVOLGENTI D34.925 L30,"WRAP-AROUND JAWS D34,925x30","GANASCE AVVOLGENTI D34,925x30",
VWV06576-00,GANASCE AVVOLGENTI D34 L40,WRAP-AROUND JAWS D34x40,GANASCE AVVOLGENTI D34x40,
VYT54539-00,GANASCE AVVOLGENTI D.34 L80,WRAP-AROUND JAWS D34x80,GANASCE AVVOLGENTI D34x80,
RF3432F-00,GANASCE AVVOLGENTI DIA. 35,WRAP-AROUND JAWS D35,GANASCE AVVOLGENTI D35,
MJT81193-00,GANASCE AVVOLGENTI D.35.4 L50,"WRAP-AROUND JAWS D35,4x50","GANASCE AVVOLGENTI D35,4x50",
XTV51275-00,GANASCE AVVOLGENTI D35 L120,WRAP-AROUND JAWS D35x120,GANASCE AVVOLGENTI D35x120,
UXZ48587-00,GANASCE AVVOLGENTI D35 L14,WRAP-AROUND JAWS D35x14,GANASCE AVVOLGENTI D35x14,
AXX09140-00,GANASCE AVVOLGENTI D.35 L15,WRAP-AROUND JAWS D35x15,GANASCE AVVOLGENTI D35x15,
JW0797K-00,"GANASCE AVVOLGENTI D.35 L.24,4-66","WRAP-AROUND JAWS D35x24,4-66","GANASCE AVVOLGENTI D35x24,4-66",
PRA57660-00,GANASCE AVVOLGENTI D35 L50,WRAP-AROUND JAWS D35x50,GANASCE AVVOLGENTI D35x50,
GS8203U-00,"POKODEFIMI - GANASCE AVVOLG D36,5","WRAP-AROUND JAWS D36,5 “POKODEFIMI”",,
SW1669T-00,GANASCE AVVOLGENTI D.36 L.23-45,WRAP-AROUND JAWS D36x23-45,GANASCE AVVOLGENTI D36x23-45,
SYH27360-00,GANASCE AVVOLGENTI D36 L30,WRAP-AROUND JAWS D36x30,GANASCE AVVOLGENTI D36x30,
ZC1660W-00,GANASCE AVVOLGENTI D.36 L.45-85,WRAP-AROUND JAWS D36x45-85,GANASCE AVVOLGENTI D36x45-85,
XUM87107-00,GANASCE AVVOLGENTI D36 L60,WRAP-AROUND JAWS D36x60,GANASCE AVVOLGENTI D36x60,
ECD35684-00,GANASCE AVVOLGENTI D37.09 L25,"WRAP-AROUND JAWS D37,09x25","GANASCE AVVOLGENTI D37,09x25",
LXT43762-00,GANASCE AVVOLGENTI D37.2 L25,"WRAP-AROUND JAWS D37,2x25","GANASCE AVVOLGENTI D37,2x25",
PN9163K-00,GANASCE AVVOLGENTIDIA. 38,WRAP-AROUND JAWS D38,GANASCE AVVOLGENTI D38,
BGA45006-00,GANASCE AVVOLGENTI D38.1 L100,"WRAP-AROUND JAWS D38,1x100","GANASCE AVVOLGENTI D38,1x100",
MVZ38682-00,GANASCE AVVOLGENTI D38.1 L120,"WRAP-AROUND JAWS D38,1x120","GANASCE AVVOLGENTI D38,1x120",
GLU93271-00,GANASCE AVVOLGENTI D38.1 L170,"WRAP-AROUND JAWS D38,1x170","GANASCE AVVOLGENTI D38,1x170",
WTZ58964-00,"GANASCE AVVOLGENTI D.38,1 L40","WRAP-AROUND JAWS D38,1x40","GANASCE AVVOLGENTI D38,1x40",
WHH24699-00,"GANASCE AVVOLGENTI D.38,1 L7","WRAP-AROUND JAWS D38,1x7","GANASCE AVVOLGENTI D38,1x7",
TCG95745-00,GANASCE AVVOLGENTI D38.4 L140,"WRAP-AROUND JAWS D38,4x140","GANASCE AVVOLGENTI D38,4x140",
LRL76020-00,"GANASCE AVVOLGENTI D38,6 L40","WRAP-AROUND JAWS D38,6x40","GANASCE AVVOLGENTI D38,6x40",
AKR92374-00,GANASCE AVVOLGENTI D38.75 L100,"WRAP-AROUND JAWS D38,75x100","GANASCE AVVOLGENTI D38,75x100",
XA1147E-00,GANASCE AVVOLGENTI D.38 L.10-30,WRAP-AROUND JAWS D38x10-30,GANASCE AVVOLGENTI D38x10-30,
KX3722T-00,GANASCE AVVOLGENTI D.38 L.30-66,WRAP-AROUND JAWS D38x30-66,GANASCE AVVOLGENTI D38x30-66,
KFB21409-00,GANASCE AVVOLGENTI D.38 L40,WRAP-AROUND JAWS D38x40,GANASCE AVVOLGENTI D38x40,
SSM74085-00,GANASCE AVVOLGENTI D38 L60,WRAP-AROUND JAWS D38x60,GANASCE AVVOLGENTI D38x60,
KUC90931-00,GANASCE AVVOLGENTI D38 L70,WRAP-AROUND JAWS D38x70,GANASCE AVVOLGENTI D38x70,
TTL11880-00,"GANASCE AVVOLGENTI D.39,2 L30","WRAP-AROUND JAWS D39,2x30","GANASCE AVVOLGENTI D39,2x30",
PL8459Y-00,QG532 AVVOLGENTE PER DIAM. 40,WRAP-AROUND JAWS D40,QG532 AVVOLGENTE D40,
NDT29924-00,GANASCE AVVOLGENTI D40.8 L100,"WRAP-AROUND JAWS D40,8x100","GANASCE AVVOLGENTI D40,8x100",
UC5523S-00,GANASCE AVVOLGENTI TUBO DIA. 40 X 1,WRAP-AROUND JAWS D40x1,GANASCE AVVOLGENTI TUBO D40x1,
MF8523F-00,GANASCE AVVOLGENTI D.40 L.10-31,WRAP-AROUND JAWS D40x10-31,GANASCE AVVOLGENTI D40x10-31,
TMR07363-00,GANASCE AVVOLGENTI D40 L20,WRAP-AROUND JAWS D40x20,GANASCE AVVOLGENTI D40x20,
XZG98873-00,GANASCE AVVOLGENTI D40 L210,WRAP-AROUND JAWS D40x210,GANASCE AVVOLGENTI D40x210,
MU9729F-00,GANASCE AVVOLGENTI D.40 L.41-87,WRAP-AROUND JAWS D40x41-87,GANASCE AVVOLGENTI D40x41-87,
HCK20977-00,GANASCE AVVOLGENTI D40 L90,WRAP-AROUND JAWS D40x90,GANASCE AVVOLGENTI D40x90,
FZY46883-00,"GANASCE AVVOLGENTI D41,5 L45","WRAP-AROUND JAWS D41,5x45","GANASCE AVVOLGENTI D41,5x45",
LPP24686-00,GANASCE AVVOLGENTI D41.8 L25,"WRAP-AROUND JAWS D41,8x25","GANASCE AVVOLGENTI D41,8x25",
LJS98197-00,GANASCE AVVOLGENTI D41 L13,WRAP-AROUND JAWS D41x13,GANASCE AVVOLGENTI D41x13,
NCR21049-00,GANASCE AVVOLGENTI D41 L40,WRAP-AROUND JAWS D41x40,GANASCE AVVOLGENTI D41x40,
VD9564X-00,GANASCE AVVOLGENTI DIA. 42,WRAP-AROUND JAWS D42,GANASCE AVVOLGENTI D42,
WAP60082-00,GANASCE AVVOLGENTI D42.17 L25,"WRAP-AROUND JAWS D42,17x25","GANASCE AVVOLGENTI D42,17x25",
GTV00248-00,"GANASCE AVVOLGENTI D42,2 L20","WRAP-AROUND JAWS D42,2x20","GANASCE AVVOLGENTI D42,2x20",
GZ5942Z-00,GANASCE AVVOLGENTI TUBO DIA. 42.4,"WRAP-AROUND JAWS D42,4","GANASCE AVVOLGENTI TUBO D42,4",
ARE15269-00,GANASCE AVVOLGENTI D42.57 L70,"WRAP-AROUND JAWS D42,57x70","GANASCE AVVOLGENTI D42,57x70",
VEU50066-00,"GANASCE AVVOLGENTI D.42,5 L15","WRAP-AROUND JAWS D42,5x15","GANASCE AVVOLGENTI D42,5x15",
YFK15657-00,"GANASCE AVVOLGENTI D.42,7 L80","WRAP-AROUND JAWS D42,7x80","GANASCE AVVOLGENTI D42,7x80",
LR2772V-00,GANASCE AVVOLGENTI D.42 L.16,WRAP-AROUND JAWS D42x16,GANASCE AVVOLGENTI D42x16,
DXS35491-00,GANASCE AVVOLGENTI D42 L35,WRAP-AROUND JAWS D42x35,GANASCE AVVOLGENTI D42x35,
JDE73688-00,GANASCE AVVOLGENTI D42 L50,WRAP-AROUND JAWS D42x50,GANASCE AVVOLGENTI D42x50,
YFM69751-00,GANASCE AVVOLGENTI D43.2 L15,"WRAP-AROUND JAWS D43,2x15","GANASCE AVVOLGENTI D43,2x15",
SCR96632-00,"GANASCE AVVOLGENTI D43,5 L95","WRAP-AROUND JAWS D43,5x95","GANASCE AVVOLGENTI D43,5x95",
JNM82407-00,GANASCE AVVOLGENTI D43.88 L25,"WRAP-AROUND JAWS D43,88x25","GANASCE AVVOLGENTI D43,88x25",
ZDZ77753-00,GANASCE AVVOLGENTI D43.8 L25,"WRAP-AROUND JAWS D43,8x25","GANASCE AVVOLGENTI D43,8x25",
PRR30268-00,GANASCE AVVOLGENTI D43 L30,WRAP-AROUND JAWS D43x30,GANASCE AVVOLGENTI D43x30,
FDS33493-00,GANASCE AVVOLGENTI D43 L60,WRAP-AROUND JAWS D43x60,GANASCE AVVOLGENTI D43x60,
SFR37640-00,"GANASCE AVVOLGENTI D44,3 L30","WRAP-AROUND JAWS D44,3x30","GANASCE AVVOLGENTI D44,3x30",
YPX25390-00,GANASCE AVVOLGENTI D44.5 L140,"WRAP-AROUND JAWS D44,5x140","GANASCE AVVOLGENTI D44,5x140",
AMR20012-00,GANASCE AVVOLGENTI D44 L18,WRAP-AROUND JAWS D44x18,GANASCE AVVOLGENTI D44x18,
HCU57619-00,GANASCE AVVOLGENTI D.44 L30,WRAP-AROUND JAWS D44x30,GANASCE AVVOLGENTI D44x30,
DEU94255-00,GANASCE AVVOLGENTI D44 L95,WRAP-AROUND JAWS D44x95,GANASCE AVVOLGENTI D44x95,
ZY5716W-00,GANASCE AVVOLGENTIDIA. 45,WRAP-AROUND JAWS D45,GANASCE AVVOLGENTI D45,
PRC48355-00,GANASCE AVVOLGENTI D45.5 L25,"WRAP-AROUND JAWS D45,5x25","GANASCE AVVOLGENTI D45,5x25",
TRR57893-00,"GANASCE AVVOLGENTI D45,75 L20","WRAP-AROUND JAWS D45,75x20","GANASCE AVVOLGENTI D45,75x20",
HFC26564-00,GANASCE AVVOLGENTI D45.5 L190,WRAP-AROUND JAWS D45.5x190,GANASCE AVVOLGENTI D45.5x190,
MLR50659-00,GANASCE AVVOLGENTI D45 L190,WRAP-AROUND JAWS D45x190,GANASCE AVVOLGENTI D45x190,
ENM08220-00,GANASCE AVVOLGENTI D45 L25,WRAP-AROUND JAWS D45x25,GANASCE AVVOLGENTI D45x25,
LSU71249-00,GANASCE AVVOLGENTI D45 L45,WRAP-AROUND JAWS D45x45,GANASCE AVVOLGENTI D45x45,
DFP39310-00,GANASCE AVVOLGENTI D46 Mupoma,WRAP-AROUND JAWS D46 “MUPOMA”,,
CB7199R-00,"GAN.AVV. D.46,35","WRAP-AROUND JAWS D46,35","GANASCE AVVOLGENTI D46,35",
UJW08484-00,"GANASCE AVVOLGENTI D46,4 L15","WRAP-AROUND JAWS D46,4x15","GANASCE AVVOLGENTI D46,4x15",
JRB57107-00,GANASCE AVVOLGENTI D46.6 L120,"WRAP-AROUND JAWS D46,6x120","GANASCE AVVOLGENTI D46,6x120",
SEU85949-00,GANASCE AVVOLGENTI D46.7 L15,"WRAP-AROUND JAWS D46,7x15","GANASCE AVVOLGENTI D46,7x15",
FSU48610-00,GANASCE AVVOLGENTI D46.8 L20,"WRAP-AROUND JAWS D46,8x20","GANASCE AVVOLGENTI D46,8x20",
NGB63078-00,GANASCE AVVOLGENTI D46 L13,WRAP-AROUND JAWS D46x13,GANASCE AVVOLGENTI D46x13,
PXC19963-00,GANASCE AVVOLGENTI D46 L15,WRAP-AROUND JAWS D46x15,GANASCE AVVOLGENTI D46x15,
UFC72952-00,GANASCE AVVOLGENTI D46 L20,WRAP-AROUND JAWS D46x20,GANASCE AVVOLGENTI D46x20,
BAB59752-00,GANASCE AVVOLGENTI D47.2 L15,"WRAP-AROUND JAWS D47,2x15","GANASCE AVVOLGENTI D47,2x15",
FES93939-00,GANASCE AVVOLGENTI D47.5 L15,"WRAP-AROUND JAWS D47,5x15","GANASCE AVVOLGENTI D47,5x15",
SDN87995-00,"GANASCE AVVOLGENTI D47,6 L120","WRAP-AROUND JAWS D47,6x120","GANASCE AVVOLGENTI D47,6x120",
END95821-00,"GANASCE AVVOLGENTI D47,8 L30","WRAP-AROUND JAWS D47,8x30","GANASCE AVVOLGENTI D47,8x30",
BCY07707-00,GANASCE AVVOLGENTI D47 L30,WRAP-AROUND JAWS D47x30,GANASCE AVVOLGENTI D47x30,
DPU11445-00,GANASCE AVVOLGENTI D48.1 L30,"WRAP-AROUND JAWS D48,1x30","GANASCE AVVOLGENTI D48,1x30",
TYJ44496-00,"GANASCE AVVOLGENTI D48,3 L40","WRAP-AROUND JAWS D48,3x40","GANASCE AVVOLGENTI D48,3x40",
SZX41887-00,"GANASCE AVVOLGENTI D48,65 L120","WRAP-AROUND JAWS D48,65x120","GANASCE AVVOLGENTI D48,65x120",
UWS47837-00,GANASCE AVVOLGENTI D48.75 L60,"WRAP-AROUND JAWS D48,75x60","GANASCE AVVOLGENTI D48,75x60",
FCA36781-00,GANASCE AVVOLGENTI D48 L10,WRAP-AROUND JAWS D48x10,GANASCE AVVOLGENTI D48x10,
YXL61111-00,GANASCE AVVOLGENTI D48 L13,WRAP-AROUND JAWS D48x13,GANASCE AVVOLGENTI D48x13,
PH4321T-00,GANASCE AVVOLGENTI X DIA. 48X2,WRAP-AROUND JAWS D48x2,GANASCE AVVOLGENTI D48x2,
DHF23791-00,GANASCE AVVOLGENTI D48 L20,WRAP-AROUND JAWS D48x20,GANASCE AVVOLGENTI D48x20,
FC4516U-00,GANASCE AVVOLGENTI DIAM. 48 X LUNGH. 32,WRAP-AROUND JAWS D48x32,GANASCE AVVOLGENTI D48x32,
ZC2379Y-00,GANASCE AVVOLGENTI DIA 49MM RAP4/05,WRAP-AROUND JAWS D49,GANASCE AVVOLGENTI D49mm RAP4/05,
RZM14235-00,GANASCE AVVOLGENTI D49.2 L20,"WRAP-AROUND JAWS D49,2x20","GANASCE AVVOLGENTI D49,2x20",
SW0528H-00,GANASCE AVVOLGENTI PER DIA.50 MM,WRAP-AROUND JAWS D50,GANASCE AVVOLGENTI D50 mm,
HN1017B-00,DISOTUPIK - GANASCIA AVV. D. 50 MM,WRAP-AROUND JAWS D50 “DISOTUPIK”,DISOTUPIKGANASCE AVVOLGENTI D50mm,
VH8877F-00,GANASCE AVVOLGENTITUBO DIAM. 50.55 L>50,"WRAP-AROUND JAWS D50,55 L>50","GANASCE AVVOLGENTI TUBO D50,55 L>50",
PD9452D-00,LELUMGANASCE AVVOLGENTI DIAM. 50.8 MM,"WRAP-AROUND JAWS D50,8 “LELUM”","LELUMGANASCE AVVOLGENTI D50,8 mm",
UVW24819-00,GANASCE AVVOLGENTI D50.8 L250,"WRAP-AROUND JAWS D50,8x250","GANASCE AVVOLGENTI D50,8x250",
UER98580-00,"GANASCE AVVOLGENTI D.50,8 L80","WRAP-AROUND JAWS D50,8x80","GANASCE AVVOLGENTI D50,8x80",
KV7777X-00,GANASCE AVVOLGENTI TUBO DIA.50 X 1,WRAP-AROUND JAWS D50x1,GANASCE AVVOLGENTI TUBO D50x1,
JK1225C-00,"GANASCE AVVOLGENTI PER DIA. 50 S=11,2","WRAP-AROUND JAWS D50x11,2","GANASCE AVVOLGENTI D50 S=11,2",
VAH05730-00,GANASCE AVVOLGENTI D50 L150,WRAP-AROUND JAWS D50x150,GANASCE AVVOLGENTI D50x150,
ACM86942-00,GANASCE AVVOLGENTI D50 L25,WRAP-AROUND JAWS D50x25,GANASCE AVVOLGENTI D50x25,
YT4886K-00,GANASCE AVVOLGENTI DIAM. 50 X LUNGH. 40,WRAP-AROUND JAWS D50x40,GANASCE AVVOLGENTI D50x40,
CVJ40322-00,GANASCE AVVOLGENTI D51.08 L40,"WRAP-AROUND JAWS D51,08x40","GANASCE AVVOLGENTI D51,08x40",
SAK00418-00,"GANASCE AVVOLGENTI D51,5 L95","WRAP-AROUND JAWS D51,5x95","GANASCE AVVOLGENTI D51,5x95",
CMX05262-00,"GANASCE AVVOLGENTI D.51,8 L25","WRAP-AROUND JAWS D51,8x25","GANASCE AVVOLGENTI D51,8x25",
CNL73274-00,GANASCE AVVOLGENTI D51 L15,WRAP-AROUND JAWS D51x15,GANASCE AVVOLGENTI D51x15,
FU8731P-00,AVVOLGENTI PER D52,WRAP-AROUND JAWS D52,GANASCE AVVOLGENTI D52,
RPX93623-00,"GANASCE AVVOLGENTI D52,4 L10","WRAP-AROUND JAWS D52,4x10","GANASCE AVVOLGENTI D52,4x10",
FXL37433-00,GANASCE AVVOLGENTI D52.8 L20,"WRAP-AROUND JAWS D52,8x20","GANASCE AVVOLGENTI D52,8x20",
WEU43058-00,GANASCE AVVOLGENTI D52 L15,WRAP-AROUND JAWS D52x15,GANASCE AVVOLGENTI D52x15,
KNN16695-00,GANASCE AVVOLGENTI D52 L30,WRAP-AROUND JAWS D52x30,GANASCE AVVOLGENTI D52x30,
KFF20897-00,GANASCE AVVOLGENTI D52 L60,WRAP-AROUND JAWS D52x60,GANASCE AVVOLGENTI D52x60,
TMA89709-00,GANASCE AVVOLGENTI D52 L70,WRAP-AROUND JAWS D52x70,GANASCE AVVOLGENTI D52x70,
RHV43740-00,GANASCE AVVOLGENTI D52 L95,WRAP-AROUND JAWS D52x95,GANASCE AVVOLGENTI D52x95,
JUF64964-00,GANASCE AVVOLGENTI D53.35 L28,"WRAP-AROUND JAWS D53,35x28","GANASCE AVVOLGENTI D53,35x28",
ZPG33635-00,"GANASCE AVVOLGENTI D.53,5 L20","WRAP-AROUND JAWS D53,5x20","GANASCE AVVOLGENTI D53,5x20",
UXH32022-00,GANASCE AVVOLGENTI D53 L15,WRAP-AROUND JAWS D53x15,GANASCE AVVOLGENTI D53x15,
XA0424P-00,GANASCE AVVOLGENTI DIA. 54,WRAP-AROUND JAWS D54,GANASCE AVVOLGENTI D54,
XMG63045-00,GANASCE AVVOLGENTI D54.1 L20,"WRAP-AROUND JAWS D54,1x20","GANASCE AVVOLGENTI D54,1x20",
CKJ87793-00,GANASCE AVVOLGENTI D54.75 L150,"WRAP-AROUND JAWS D54,75x150","GANASCE AVVOLGENTI D54,75x150",
DZP16224-00,GANASCE AVVOLGENTI D54.8 L20,"WRAP-AROUND JAWS D54,8x20","GANASCE AVVOLGENTI D54,8x20",
NZY02640-00,GANASCE AVVOLGENTI D54 L25,WRAP-AROUND JAWS D54x25,GANASCE AVVOLGENTI D54x25,
BAR82094-00,GANASCE AVVOLGENTI D54 L300,WRAP-AROUND JAWS D54x300,GANASCE AVVOLGENTI D54x300,
UP7092U-00,GAN.AVV.DIA. 55,WRAP-AROUND JAWS D55,GANASCE AVVOLGENTI D55,
BHT16327-00,GANASCE AVVOLGENTI D55 L10,WRAP-AROUND JAWS D55x10,GANASCE AVVOLGENTI D55x10,
PDS96895-00,GANASCE AVVOLGENTI D55 L28,WRAP-AROUND JAWS D55x28,GANASCE AVVOLGENTI D55x28,
DBV43233-00,GANASCE AVVOLGENTI D55 L35,WRAP-AROUND JAWS D55x35,GANASCE AVVOLGENTI D55x35,
VWC41648-00,GANASCE AVVOLGENTI D56.5 L15,"WRAP-AROUND JAWS D56,5x15","GANASCE AVVOLGENTI D56,5x15",
AP1429L-00,GAN.AVV. D.56.5X5.35,"WRAP-AROUND JAWS D56,5x5,35","GANASCE AVVOLGENTI D56,5x5,35",
BDW93225-00,GANASCE AVVOLGENTI D56 L30,WRAP-AROUND JAWS D56x30,GANASCE AVVOLGENTI D56x30,
BP5082C-00,DISOTUPIK - GANASCIA AVV. D. 57 MM,WRAP-AROUND JAWS D57 “DISOTUPIK”,DISOTUPIKGANASCE AVVOLGENTI D57mm,
ETV70273-00,GANASCE AVVOLGENTI D57.3 L100,"WRAP-AROUND JAWS D57,3x100","GANASCE AVVOLGENTI D57,3x100",
HSP87950-00,GANASCE AVVOLGENTI D57 L20,WRAP-AROUND JAWS D57x20,GANASCE AVVOLGENTI D57x20,
WKT70137-00,GANASCE AVVOLGENTI D58 L35,WRAP-AROUND JAWS D58x35,GANASCE AVVOLGENTI D58x35,
DAA86050-00,"GANASCE AVVOLGENTI D.59,3 L19","WRAP-AROUND JAWS D59,3x19","GANASCE AVVOLGENTI D59,3x19",
UXV50708-00,GANASCE AVVOLGENTI D59.4 L40,"WRAP-AROUND JAWS D59,4x40","GANASCE AVVOLGENTI D59,4x40",
XGT43968-00,GANASCE AVVOLGENTI D59.7 L40,"WRAP-AROUND JAWS D59,7x40","GANASCE AVVOLGENTI D59,7x40",
UYV27513-00,GANASCE AVVOLGENTI D.59.8 L40,"WRAP-AROUND JAWS D59,8x40","GANASCE AVVOLGENTI D59,8x40",
UBW21190-00,GANASCE AVVOLGENTI D6.35 L40,"WRAP-AROUND JAWS D6,35x40","GANASCE AVVOLGENTI D6,35x40",
XCM91642-00,GANASCE AVVOLGENTI D6.85 L27,"WRAP-AROUND JAWS D6,85x27","GANASCE AVVOLGENTI D6,85x27",
VU2578Y-00,GANASCE AVVOLGENTIDIA. 60,WRAP-AROUND JAWS D60,GANASCE AVVOLGENTI D60,
LUG59372-00,"GANASCE AVVOLGENTI D60,3 L40","WRAP-AROUND JAWS D60,3x40","GANASCE AVVOLGENTI D60,3x40",
NUK20824-00,"GANASCE AVVOLGENTI D.60,5 L80","WRAP-AROUND JAWS D60,5x80","GANASCE AVVOLGENTI D60,5x80",
WV0505N-00,"GANASCE AVVOLGENTI D60,6 L120 MM","WRAP-AROUND JAWS D60,6x120","GANASCE AVVOLGENTI D60,6x120 mm",
YZ5704N-00,GANASCE AVVOLGENTI TUBO DIA.60 X 1,WRAP-AROUND JAWS D60x1,GANASCE AVVOLGENTI TUBO D60x1,
UJ9163Z-00,"GANASCE AVVOLGENTI PER DIA. 60 S=11,2","WRAP-AROUND JAWS D60x11,2","GANASCE AVVOLGENTI D60 S=11,2",
EJV36894-00,GANASCE AVVOLGENTI D60 L18,WRAP-AROUND JAWS D60x18,GANASCE AVVOLGENTI D60x18,
EJ0283V-00,GANASCE AVVOLGENTI X DIA. 60X2,WRAP-AROUND JAWS D60x2,GANASCE AVVOLGENTI D60x2,
HWN31511-00,GANASCE AVVOLGENTI D.60 L20,WRAP-AROUND JAWS D60x20,GANASCE AVVOLGENTI D60x20,
JAR54385-00,GANASCE AVVOLGENTI D60 L40,WRAP-AROUND JAWS D60x40,GANASCE AVVOLGENTI D60x40,
CGL15969-00,GANASCE AVVOLGENTI D60 L60,WRAP-AROUND JAWS D60x60,GANASCE AVVOLGENTI D60x60,
EFE74385-00,GANASCE AVVOLGENTI D60 L80,WRAP-AROUND JAWS D60x80,GANASCE AVVOLGENTI D60x80,
JZK64293-00,GANASCE AVVOLGENTI D61 L25,WRAP-AROUND JAWS D61x25,GANASCE AVVOLGENTI D61x25,
ACP49236-00,GANASCE AVVOLGENTI D61 L40,WRAP-AROUND JAWS D61x40,GANASCE AVVOLGENTI D61x40,
NBU45010-00,GANASCE AVVOLGENTI D61 L50,WRAP-AROUND JAWS D61x50,GANASCE AVVOLGENTI D61x50,
HB8202C-00,GAN.AVV. D.62,WRAP-AROUND JAWS D62,GANASCE AVVOLGENTI D62,
JMY12498-00,GANASCE AVVOLGENTI D62.1 L8,"WRAP-AROUND JAWS D62,1x8","GANASCE AVVOLGENTI D62,1x8",
SZN12755-00,GANASCE AVVOLGENTI D62.8 L40,"WRAP-AROUND JAWS D62,8x40","GANASCE AVVOLGENTI D62,8x40",
AEB30731-00,GANASCE AVVOLGENTI D62 L12,WRAP-AROUND JAWS D62x12,GANASCE AVVOLGENTI D62x12,
GXV37474-00,GANASCE AVVOLGENTI D62 L30,WRAP-AROUND JAWS D62x30,GANASCE AVVOLGENTI D62x30,
FH0259C-00,GANASCE AVVOLGENTI DIAM. 62 X LUNGH. 40,WRAP-AROUND JAWS D62x40,GANASCE AVVOLGENTI D62x40,
GDH40498-00,GANASCE AVVOLGENTI D63.15 L40,"WRAP-AROUND JAWS D63,15x40","GANASCE AVVOLGENTI D63,15x40",
ASM22746-00,GANASCE AVVOLGENTI D63 L70,WRAP-AROUND JAWS D63x70,GANASCE AVVOLGENTI D63x70,
BR6839K-00,GANASCE AVVOLGENTI D.65.4X1.2 RAP207/02,"WRAP-AROUND JAWS D65,4x1,2",GANASCE AVVOLGENTI D65.4x1.2 RAP207/02,
YAV75981-00,GANASCE AVVOLGENTI D65.4 L20,"WRAP-AROUND JAWS D65,4x20","GANASCE AVVOLGENTI D65,4x20",
UWM59563-00,GANASCE AVVOLGENTI D65 L20,WRAP-AROUND JAWS D65x20,GANASCE AVVOLGENTI D65x20,
CPN53035-00,GANASCE AVVOLGENTI D65 L60,WRAP-AROUND JAWS D65x60,GANASCE AVVOLGENTI D65x60,
CJT16029-00,"GANASCE AVVOLGENTI D66,3 L30","WRAP-AROUND JAWS D66,3x30","GANASCE AVVOLGENTI D66,3x30",
JK2626U-00,GANASCE AVVOLGENTI DIA.68,WRAP-AROUND JAWS D68,GANASCE AVVOLGENTI D68,
YNZ39688-00,GANASCE AVVOLGENTI D69 L15,WRAP-AROUND JAWS D69x15,GANASCE AVVOLGENTI D69x15,
SWV85881-00,GANASCE AVVOLGENTI D7.94 L45,"WRAP-AROUND JAWS D7,94x45","GANASCE AVVOLGENTI D7,94x45",
PSZ80931-00,GANASCE AVVOLGENTI D70.35 L25,"WRAP-AROUND JAWS D70,35x25","GANASCE AVVOLGENTI D70,35x25",
NB0974W-00,"GANASCE AVVOLGENTI PER DIA. 70 S=11,2","WRAP-AROUND JAWS D70x11,2","GANASCE AVVOLGENTI D70 S=11,2",
GWL34941-00,GANASCE AVVOLGENTI D70 L20,WRAP-AROUND JAWS D70x20,GANASCE AVVOLGENTI D70x20,
MKD72927-00,"GANASCE AVVOLGENTI D72,2 L30","WRAP-AROUND JAWS D72,2x30","GANASCE AVVOLGENTI D72,2x30",
NZY57905-00,GANASCE AVVOLGENTI D72 L110,WRAP-AROUND JAWS D72x110,GANASCE AVVOLGENTI D72x110,
WYJ26233-00,GANASCE AVVOLGENTI D.72 L80,WRAP-AROUND JAWS D72x80,GANASCE AVVOLGENTI D72x80,
TFK06908-00,GANASCE AVVOLGENTI D73.4 L30,"WRAP-AROUND JAWS D73,4x30","GANASCE AVVOLGENTI D73,4x30",
PFG91335-00,GANASCE AVVOLGENTI D73.6 L30,"WRAP-AROUND JAWS D73,6x30","GANASCE AVVOLGENTI D73,6x30",
TAP60049-00,GANASCE AVVOLGENTI D73 L20,WRAP-AROUND JAWS D73x20,GANASCE AVVOLGENTI D73x20,
XXW44550-00,GANASCE AVVOLGENTI D73 L40,WRAP-AROUND JAWS D73x40,GANASCE AVVOLGENTI D73x40,
VPN19606-00,Ganascia avv D74 L Fetot R,WRAP-AROUND JAWS D74 “FETOT R”,GANASCE AVVOLGENTI D74 L Fetot R,
NKD35830-00,GANASCE AVVOLGENTI D75 L15,WRAP-AROUND JAWS D75x15,GANASCE AVVOLGENTI D75x15,
VZX36850-00,GANASCE AVVOLGENTI D.75 L80,WRAP-AROUND JAWS D75x80,GANASCE AVVOLGENTI D75x80,
LN2731J-00,GANASCE AVVOLGENTI DIA.76.2X1.2,"WRAP-AROUND JAWS D76,2x1,2","GANASCE AVVOLGENTI D76,2x1,2",
VAF86779-00,GANASCE AVVOLGENTI D76.5 L10,"WRAP-AROUND JAWS D76,5x10","GANASCE AVVOLGENTI D76,5x10",
AHS30854-00,"GANASCE AVVOLGENTI D76,5 L15","WRAP-AROUND JAWS D76,5x15","GANASCE AVVOLGENTI D76,5x15",
CMS33928-00,GANASCE AVVOLGENTI D76 L30,WRAP-AROUND JAWS D76x30,GANASCE AVVOLGENTI D76x30,
SY9853B-00,GAN.AVV. D.76X6.5,"WRAP-AROUND JAWS D76x6,5","GANASCE AVVOLGENTI D76x6,5",
XPD65862-00,GANASCE AVVOLGENTI D77.1 L20,"WRAP-AROUND JAWS D77,1x20","GANASCE AVVOLGENTI D77,1x20",
HFX80955-00,GANASCE AVVOLGENTI D78.4 L25,"WRAP-AROUND JAWS D78,4x25","GANASCE AVVOLGENTI D78,4x25",
ULJ31303-00,GANASCE AVVOLGENTI D78.5 L40,"WRAP-AROUND JAWS D78,5x40","GANASCE AVVOLGENTI D78,5x40",
NAM29661-00,GANASCE AVVOLGENTI D78 L20,WRAP-AROUND JAWS D78x20,GANASCE AVVOLGENTI D78x20,
ADY30744-00,GANASCE AVVOLGENTI D78 L40,WRAP-AROUND JAWS D78x40,GANASCE AVVOLGENTI D78x40,
HJ9793V-00,"AVV. D.8 DA L.252 A L.288,5","WRAP-AROUND JAWS D8 FROM L252 TO L288,5","AVVOLGENTI D8 DA L252 A L288,5",
ZBE13713-00,GANASCE AVVOLGENTI D8.5 L40,"WRAP-AROUND JAWS D8,5x40","GANASCE AVVOLGENTI D8,5x40",
LWL89251-00,GANASCE AVVOLGENTI D8.5 L45,"WRAP-AROUND JAWS D8,5x45","GANASCE AVVOLGENTI D8,5x45",
BJP44863-00,GANASCE AVVOLGENTI D8.5 L6,"WRAP-AROUND JAWS D8,5x6","GANASCE AVVOLGENTI D8,5x6",
TV4971J-00,GANASCE AVVOLGENTI TUBO DIA.80 X 1,WRAP-AROUND JAWS D80x1,GANASCE AVVOLGENTI TUBO D80x1,
LB3158P-00,"GANASCE AVVOLGENTI TUBO DIA. 80X1,2-1,5","WRAP-AROUND JAWS D80x1,2-1,5","GANASCE AVVOLGENTI TUBO D80x1,2-1,5",
XPC44290-00,GANASCE AVVOLGENTI D80 L30,WRAP-AROUND JAWS D80x30,GANASCE AVVOLGENTI D80x30,
AVE09262-00,GANASCE AVVOLGENTI D.80 L80,WRAP-AROUND JAWS D80x80,GANASCE AVVOLGENTI D80x80,
UMK18440-00,GANASCE AVVOLGENTI D82.6 L30,"WRAP-AROUND JAWS D82,6x30","GANASCE AVVOLGENTI D82,6x30",
VMH81602-00,GANASCE AVVOLGENTI D8 L20,WRAP-AROUND JAWS D8x20,GANASCE AVVOLGENTI D8x20,
EZP91329-00,GANASCE AVVOLGENTI D8 L50,WRAP-AROUND JAWS D8x50,GANASCE AVVOLGENTI D8x50,
UDJ22845-00,GANASCE AVVOLGENTI D8 L65,WRAP-AROUND JAWS D8x65,GANASCE AVVOLGENTI D8x65,
MCZ32025-00,GANASCE AVVOLGENTI D8 L8,WRAP-AROUND JAWS D8x8,GANASCE AVVOLGENTI D8x8,
TTA64673-00,"GANASCE AVVOLGENTI D.9,27 L30","WRAP-AROUND JAWS D9,27x30","GANASCE AVVOLGENTI D9,27x30",
XVB10894-00,GANASCE AVVOLGENTI D9.53 L50,"WRAP-AROUND JAWS D9,53x50","GANASCE AVVOLGENTI D9,53x50",
WYD37078-00,"GANASCE AVVOLGENTI D9,5 L15","WRAP-AROUND JAWS D9,5x15","GANASCE AVVOLGENTI D9,5x15",
GDX25410-00,GANASCE AVVOLGENTI D9.5 L45,"WRAP-AROUND JAWS D9,5x45","GANASCE AVVOLGENTI D9,5x45",
STV21890-00,"GANASCE AVVOLGENTI D9,5 L5","WRAP-AROUND JAWS D9,5x5","GANASCE AVVOLGENTI D9,5x5",
RNL95035-00,GANASCE AVVOLGENTI D9.5 L60,"WRAP-AROUND JAWS D9,5x60","GANASCE AVVOLGENTI D9,5x60",
TEU13965-00,GANASCE AVVOLGENTI D12.4 L75 D90,"WRAP-AROUND JAWS D90xd12,4x75","GANASCE AVVOLGENTI D90xd12,4x75",
BJS45950-00,GANASCE AVVOLGENTI D12.5 L30 D90,"WRAP-AROUND JAWS D90xd12,5x30","GANASCE AVVOLGENTI D90xd12,5x30",
KJZ34816-00,GANASCE AVVOLGENTI D12.84 L20 D90,"WRAP-AROUND JAWS D90xd12,84x20","GANASCE AVVOLGENTI D90xd12,84x20",
JPC06699-00,GANASCE AVVOLGENTI D12 L135 D90,WRAP-AROUND JAWS D90xd12x135,GANASCE AVVOLGENTI D90xd12x135,
SUV29962-00,GANASCE AVVOLGENTI D12 L150 D90,WRAP-AROUND JAWS D90xd12x150,GANASCE AVVOLGENTI D90xd12x150,
AHY37511-00,GANASCE AVVOLGENTI D12 L200 D90,WRAP-AROUND JAWS D90xd12x200,GANASCE AVVOLGENTI D90xd12x200,
MXG17965-00,GANASCE AVVOLGENTI D12 L60 D90,WRAP-AROUND JAWS D90xd12x60,GANASCE AVVOLGENTI D90xd12x60,
XHR28776-00,GANASCE AVVOLGENTI D13.88 L20 D90,"WRAP-AROUND JAWS D90xd13,88x20","GANASCE AVVOLGENTI D90xd13,88x20",
TKN52419-00,GANASCE AVVOLGENTI D13.88 L30 D90,"WRAP-AROUND JAWS D90xd13,88x30","GANASCE AVVOLGENTI D90xd13,88x30",
CGW57235-00,GANASCE AVVOLGENTI D13 L110 D90,WRAP-AROUND JAWS D90xd13x110,GANASCE AVVOLGENTI D90xd13x110,
ZMY49558-00,GANASCE AVVOLGENTI D13 L50 D90,WRAP-AROUND JAWS D90xd13x50,GANASCE AVVOLGENTI D90xd13x50,
SSY14519-00,GANASCE AVVOLGENTI D14.5 L20 D90,"WRAP-AROUND JAWS D90xd14,5x20","GANASCE AVVOLGENTI D90xd14,5x20",
RZY13444-00,GANASCE AVVOLGENTID14 L10 D90,WRAP-AROUND JAWS D90xd14x10,GANASCE AVVOLGENTI D90xd14x10,
GJL17421-00,GANASCE AVVOLGENTI D14 L230 D90,WRAP-AROUND JAWS D90xd14x230,GANASCE AVVOLGENTI D90xd14x230,
ZAL15679-00,GANASCE AVVOLGENTI D14 L235 D90,WRAP-AROUND JAWS D90xd14x235,GANASCE AVVOLGENTI D90xd14x235,
HCF99642-00,GANASCE AVVOLGENTI D14 L40 D90,WRAP-AROUND JAWS D90xd14x40,GANASCE AVVOLGENTI D90xd14x40,
KMU61073-00,GANASCE AVVOLGENTI D15.25 L60 D90,"WRAP-AROUND JAWS D90xd15,25x60","GANASCE AVVOLGENTI D90xd15,25x60",
GNH01267-00,GANASCE AVVOLGENTI D15 L170 D90,WRAP-AROUND JAWS D90xd15x170,GANASCE AVVOLGENTI D90xd15x170,
TZU47558-00,GANASCE AVVOLGENTI D16.6 L10 D90,"WRAP-AROUND JAWS D90xd16,6x10","GANASCE AVVOLGENTI D90xd16,6x10",
MVP45216-00,GANASCE AVVOLGENTI D16.9 L100 D90,"WRAP-AROUND JAWS D90xd16,9x100","GANASCE AVVOLGENTI D90xd16,9x100",
GNC12483-00,GANASCE AVVOLGENTI D16 L40 D90,WRAP-AROUND JAWS D90xd16x40,GANASCE AVVOLGENTI D90xd16x40,
GXW21920-00,GANASCE AVVOLGENTI D17.5 L30 D90,"WRAP-AROUND JAWS D90xd17,5x30","GANASCE AVVOLGENTI D90xd17,5x30",
SKA27315-00,GANASCE AVVOLGENTI D17.5 L90 D90,"WRAP-AROUND JAWS D90xd17,5x90","GANASCE AVVOLGENTI D90xd17,5x90",
CCZ87188-00,GANASCE AVVOLGENTI D18.25 L40 D90,"WRAP-AROUND JAWS D90xd18,25x40","GANASCE AVVOLGENTI D90xd18,25x40",
CKR35057-00,GANASCE AVVOLGENTI D18.8 L110 D90,"WRAP-AROUND JAWS D90xd18,8x110","GANASCE AVVOLGENTI D90xd18,8x110",
LSE91401-00,GANASCE AVVOLGENTI D18 L210 D90,WRAP-AROUND JAWS D90xd18x210,GANASCE AVVOLGENTI D90xd18x210,
BWF21895-00,GANASCE AVVOLGENTI D18 L35 D90,WRAP-AROUND JAWS D90xd18x35,GANASCE AVVOLGENTI D90xd18x35,
PXE00014-00,GANASCE AVVOLGENTI D18 L50 D90 ACC,WRAP-AROUND JAWS D90xd18x50 STEEL,GANASCE AVVOLGENTI D90xd18x50 ACC,
GFA94784-00,GANASCE AVVOLGENTI D18 L60 D90,WRAP-AROUND JAWS D90xd18x60,GANASCE AVVOLGENTI D90xd18x60,
UEG03047-00,GANASCE AVVOLGENTI D19.5 L105 D90,"WRAP-AROUND JAWS D90xd19,05x105","GANASCE AVVOLGENTI D90xd19,05x105",
BUY19207-00,GANASCE AVVOLGENTI D19.05 L200 D90,"WRAP-AROUND JAWS D90xd19,05x200","GANASCE AVVOLGENTI D90xd19,05x200",
WNY05392-00,GANASCE AVVOLGENTI D19.05 L6 D90,"WRAP-AROUND JAWS D90xd19,05x6","GANASCE AVVOLGENTI D90xd19,05x6",
RNG74139-00,GANASCE AVVOLGENTI D19.1 L70 D90,"WRAP-AROUND JAWS D90xd19,1x70","GANASCE AVVOLGENTI D90xd19,1x70",
FZC25877-00,GANASCE AVVOLGENTI D19.5 L30 D90,"WRAP-AROUND JAWS D90xd19,5x30","GANASCE AVVOLGENTI D90xd19,5x30",
ZRR47392-00,GANASCE AVVOLGENTI D19 L210 D90,WRAP-AROUND JAWS D90xd19x210,GANASCE AVVOLGENTI D90xd19x210,
UBE22363-00,GANASCE AVVOLGENTI D19 L35 D90,WRAP-AROUND JAWS D90xd19x35,GANASCE AVVOLGENTI D90xd19x35,
BGV96966-00,GANASCE AVVOLGENTI D19 L50 D90,WRAP-AROUND JAWS D90xd19x50,GANASCE AVVOLGENTI D90xd19x50,
SGZ98955-00,GANASCE AVVOLGENTI D19 L60 D90 ACC,WRAP-AROUND JAWS D90xd19x60 STEEL,GANASCE AVVOLGENTI D90xd19x60 ACC,
NTS86498-00,GANASCE AVVOLGENTI D20.9 L100 D90,"WRAP-AROUND JAWS D90xd20,9x100","GANASCE AVVOLGENTI D90xd20,9x100",
JJW30921-00,GANASCE AVVOLGENTI D20 L40 D90,WRAP-AROUND JAWS D90xd20x40,GANASCE AVVOLGENTI D90xd20x40,
JMD10075-00,GANASCE AVVOLGENTI D20 L45 D90,WRAP-AROUND JAWS D90xd20x45,GANASCE AVVOLGENTI D90xd20x45,
WNG90483-00,GANASCE AVVOLGENTI D20 L70 D90 ACC,WRAP-AROUND JAWS D90xd20x70 STEEL,GANASCE AVVOLGENTI D90xd20x70 ACC,
EDF03439-00,GANASCE AVVOLGENTI D21.3 L75 D90,"WRAP-AROUND JAWS D90xd21,3x75","GANASCE AVVOLGENTI D90xd21,3x75",
VMZ07814-00,GANASCE AVVOLGENTI D21.5 L220 D90,"WRAP-AROUND JAWS D90xd21,5x220","GANASCE AVVOLGENTI D90xd21,5x220",
LCU60950-00,GANASCE AVVOLGENTI D21 L110 D90,WRAP-AROUND JAWS D90xd21x110,GANASCE AVVOLGENTI D90xd21x110,
WYV90570-00,GANASCE AVVOLGENTI D21 L210 D90,WRAP-AROUND JAWS D90xd21x210,GANASCE AVVOLGENTI D90xd21x210,
FDK37943-00,GANASCE AVVOLGENTI D21 L260 D90,WRAP-AROUND JAWS D90xd21x260,GANASCE AVVOLGENTI D90xd21x260,
HGT81149-00,GANASCE AVVOLGENTI D21 L40 D90,WRAP-AROUND JAWS D90xd21x40,GANASCE AVVOLGENTI D90xd21x40,
XJX39216-00,GANASCE AVVOLGENTI D22.2 L20 D90,"WRAP-AROUND JAWS D90xd22,2x20","GANASCE AVVOLGENTI D90xd22,2x20",
BAM05848-00,GANASCE AVVOLGENTI D22.3 L15 D90,"WRAP-AROUND JAWS D90xd22,3x15","GANASCE AVVOLGENTI D90xd22,3x15",
EGC63220-00,GANASCE AVVOLGENTI D22 L260 D90,WRAP-AROUND JAWS D90xd22x260,GANASCE AVVOLGENTI D90xd22x260,
GLN22153-00,GANASCE AVVOLGENTI D22 L30 D90,WRAP-AROUND JAWS D90xd22x30,GANASCE AVVOLGENTI D90xd22x30,
TJC74519-00,GANASCE AVVOLGENTI D22 L70 D90,WRAP-AROUND JAWS D90xd22x70,GANASCE AVVOLGENTI D90xd22x70,
FEP27734-00,GANASCE AVVOLGENTI D23.3L30 D90,"WRAP-AROUND JAWS D90xd23,3x30","GANASCE AVVOLGENTI D90xd23,3x30",
AYR96283-00,GANASCE AVVOLGENTI D23.5 L65 D90,"WRAP-AROUND JAWS D90xd23,5x65","GANASCE AVVOLGENTI D90xd23,5x65",
RJV20871-00,GANASCE AVVOLGENTI D23 L215 D90,WRAP-AROUND JAWS D90xd23x215,GANASCE AVVOLGENTI D90xd23x215,
JUA06509-00,GANASCE AVVOLGENTI D23 L290 D90,WRAP-AROUND JAWS D90xd23x290,GANASCE AVVOLGENTI D90xd23x290,
KMH20787-00,GANASCE AVVOLGENTI D24.5 L230 D90,"WRAP-AROUND JAWS D90xd24,5x230","GANASCE AVVOLGENTI D90xd24,5x230",
CVH49807-00,GANASCE AVVOLGENTI D24.5 L310 D90,"WRAP-AROUND JAWS D90xd24,5x310","GANASCE AVVOLGENTI D90xd24,5x310",
UKD70981-00,GANASCE AVVOLGENTI D24 L110 D90,WRAP-AROUND JAWS D90xd24x110,GANASCE AVVOLGENTI D90xd24x110,
CVM05349-00,GANASCE AVVOLGENTI D24 L45 D90,WRAP-AROUND JAWS D90xd24x45,GANASCE AVVOLGENTI D90xd24x45,
FNZ28701-00,GANASCE AVVOLGENTI D25.4 L15 D90,"WRAP-AROUND JAWS D90xd25,4x15","GANASCE AVVOLGENTI D90xd25,4x15",
PUY48084-00,GANASCE AVVOLGENTI D25.4 L50 D90,"WRAP-AROUND JAWS D90xd25,4x50","GANASCE AVVOLGENTI D90xd25,4x50",
ZZF84802-00,GANASCE AVVOLGENTI D25.5 L70 D90,"WRAP-AROUND JAWS D90xd25,5x70","GANASCE AVVOLGENTI D90xd25,5x70",
FPN02722-00,GANASCE AVVOLGENTI D25.6 L25 D90,"WRAP-AROUND JAWS D90xd25,6x25","GANASCE AVVOLGENTI D90xd25,6x25",
TDW15136-00,GANASCE AVVOLGENTI D25 L190 D90,WRAP-AROUND JAWS D90xd25x190,GANASCE AVVOLGENTI D90xd25x190,
FED47945-00,GANASCE AVVOLGENTI D25 L25 D90,WRAP-AROUND JAWS D90xd25x25,GANASCE AVVOLGENTI D90xd25x25,
XCK78982-00,GANASCE AVVOLGENTI D26.5 L30 D90,"WRAP-AROUND JAWS D90xd26,5x30","GANASCE AVVOLGENTI D90xd26,5x30",
UFG74350-00,GANASCE AVVOLGENTI D26.6 L25 D90,"WRAP-AROUND JAWS D90xd26,6x25","GANASCE AVVOLGENTI D90xd26,6x25",
CGX82475-00,GANASCE AVVOLGENTI D26.95 L30 D90,"WRAP-AROUND JAWS D90xd26,95x30","GANASCE AVVOLGENTI D90xd26,95x30",
TZM72587-00,GANASCE AVVOLGENTI D26.9 L45 D90,"WRAP-AROUND JAWS D90xd26,9x45","GANASCE AVVOLGENTI D90xd26,9x45",
MJF51148-00,GANASCE AVVOLGENTI D26 L30 D90,WRAP-AROUND JAWS D90xd26x30,GANASCE AVVOLGENTI D90xd26x30,
ECU38025-00,GANASCE AVVOLGENTI D27.2 L180 D90,"WRAP-AROUND JAWS D90xd27,2x180","GANASCE AVVOLGENTI D90xd27,2x180",
JKZ38951-00,GANASCIA AVV D27.6 L15 D90,"WRAP-AROUND JAWS D90xd27,6x15","GANASCE AVVOLGENTI D90xd27,6x15",
EKS31685-00,GANASCE AVVOLGENTI D27.7 L25 D90,"WRAP-AROUND JAWS D90xd27,7x25","GANASCE AVVOLGENTI D90xd27,7x25",
ZLS04796-00,GANASCE AVVOLGENTI D27 L20 D90,WRAP-AROUND JAWS D90xd27x20,GANASCE AVVOLGENTI D90xd27x20,
CKP34733-00,GANASCE AVVOLGENTI D27 L60 D90,WRAP-AROUND JAWS D90xd27x60,GANASCE AVVOLGENTI D90xd27x60,
XSG45180-00,GANASCE AVVOLGENTI D27 L70 D90,WRAP-AROUND JAWS D90xd27x70,GANASCE AVVOLGENTI D90xd27x70,
AUA14662-00,GANASCE AVVOLGENTI D28.45 L30 D90,"WRAP-AROUND JAWS D90xd28,45x30","GANASCE AVVOLGENTI D90xd28,45x30",
GX3285-00,GANASCE AVVOLGENTI D28 L50 PER D90,WRAP-AROUND JAWS D90xd28x50,GANASCE AVVOLGENTI D90xd28x50,
GRD98121-00,GANASCE AVVOLGENTI D29 L45 D90,WRAP-AROUND JAWS D90xd29x45,GANASCE AVVOLGENTI D90xd29x45,
KSS26367-00,GANASCE AVVOLGENTI D30.17 L25 D90,"WRAP-AROUND JAWS D90xd30,17x25","GANASCE AVVOLGENTI D90xd30,17x25",
ULF25658-00,GANASCE AVVOLGENTI D30 L230 D90,WRAP-AROUND JAWS D90xd30x230,GANASCE AVVOLGENTI D90xd30x230,
DHK70006-00,GANASCE AVVOLGENTI D30 L25 D90,WRAP-AROUND JAWS D90xd30x25,GANASCE AVVOLGENTI D90xd30x25,
STR18198-00,GANASCE AVVOLGENTI D31 L55 D90,WRAP-AROUND JAWS D90xd31x55,GANASCE AVVOLGENTI D90xd31x55,
NER50908-00,GANASCE AVVOLGENTI D32.2 L160 D90,"WRAP-AROUND JAWS D90xd32,2x160","GANASCE AVVOLGENTI D90xd32,2x160",
JRR64224-00,GANASCE AVVOLGENTI D32.2 L40 D90,"WRAP-AROUND JAWS D90xd32,2x40","GANASCE AVVOLGENTI D90xd32,2x40",
TJX80851-00,GANASCE AVVOLGENTI D32.5 L15 D90,"WRAP-AROUND JAWS D90xd32,5x15","GANASCE AVVOLGENTI D90xd32,5x15",
KSG74558-00,GANASCE AVVOLGENTI D32.5 L25 D90,"WRAP-AROUND JAWS D90xd32,5x25","GANASCE AVVOLGENTI D90xd32,5x25",
AGV85044-00,GANASCE AVVOLGENTI D32.8 L60 D90,"WRAP-AROUND JAWS D90xd32,8x60","GANASCE AVVOLGENTI D90xd32,8x60",
ZBH44915-00,GANASCE AVVOLGENTI D32 L50 D90,WRAP-AROUND JAWS D90xd32x50,GANASCE AVVOLGENTI D90xd32x50,
LGA92434-00,GANASCE AVVOLGENTI D32 L7 D90,WRAP-AROUND JAWS D90xd32x7,GANASCE AVVOLGENTI D90xd32x7,
UGD25723-00,GANASCE AVVOLGENTI D33.3 L20 D90,"WRAP-AROUND JAWS D90xd33,3x20","GANASCE AVVOLGENTI D90xd33,3x20",
VVG77428-00,GANASCE AVVOLGENTI D33.7 L50 D90,"WRAP-AROUND JAWS D90xd33,7x50","GANASCE AVVOLGENTI D90xd33,7x50",
CPY82859-00,GANASCE AVVOLGENTI D34.1 L20 D90,"WRAP-AROUND JAWS D90xd34,1x20","GANASCE AVVOLGENTI D90xd34,1x20",
NYL44297-00,GANASCE AVVOLGENTI D34.2 L20 D90,"WRAP-AROUND JAWS D90xd34,2x20","GANASCE AVVOLGENTI D90xd34,2x20",
KBK52281-00,GANASCE AVVOLGENTI D34.5 L25 D90,"WRAP-AROUND JAWS D90xd34,5x25","GANASCE AVVOLGENTI D90xd34,5x25",
ZKJ28037-00,GANASCE AVVOLGENTI D34.9 L30 D90,"WRAP-AROUND JAWS D90xd34,9x30","GANASCE AVVOLGENTI D90xd34,9x30",
EGV24153-00,GANASCE AVVOLGENTI D35 L80 D90 SR,WRAP-AROUND JAWS D90xd35x80 SR,GANASCE AVVOLGENTI D90xd35x80 SR,
ASG55927-00,GANASCE AVVOLGENTI D36.6 L50 D90,"WRAP-AROUND JAWS D90xd36,6x50","GANASCE AVVOLGENTI D90xd36,6x50",
LRA35110-00,GANASCE AVVOLGENTI D37.37 L50 D90,"WRAP-AROUND JAWS D90xd37,37x50","GANASCE AVVOLGENTI D90xd37,37x50",
JKR99003-00,GANASCE AVVOLGENTI D38.1 L25 D90,WRAP-AROUND JAWS D90xd38.1x25,GANASCE AVVOLGENTI D90xd38.1x25,
TLA93531-00,GANASCE AVVOLGENTI D38.2 L15 D90,WRAP-AROUND JAWS D90xd38.2x15,GANASCE AVVOLGENTI D90xd38.2x15,
MTF18549-00,GANASCE AVVOLGENTI D38 L25 D90,WRAP-AROUND JAWS D90xd38x25,GANASCE AVVOLGENTI D90xd38x25,
VBH08501-00,GANASCE AVVOLGENTI D38 L250 D90,WRAP-AROUND JAWS D90xd38x250,GANASCE AVVOLGENTI D90xd38x250,
ZZD56108-00,GANASCE AVVOLGENTI D38 L70 D90,WRAP-AROUND JAWS D90xd38x70,GANASCE AVVOLGENTI D90xd38x70,
CHJ64712-00,GANASCE AVVOLGENTI D40 L100 D90,WRAP-AROUND JAWS D90xd40x100,GANASCE AVVOLGENTI D90xd40x100,
XSN35122-00,GANASCE AVVOLGENTI D40 L120 D90,WRAP-AROUND JAWS D90xd40x120,GANASCE AVVOLGENTI D90xd40x120,
NPW27376-00,GANASCE AVVOLGENTI D41.15 L50 D90,"WRAP-AROUND JAWS D90xd41,15x50","GANASCE AVVOLGENTI D90xd41,15x50",
AHP66895-00,GANASCE AVVOLGENTI D41.4 L15 D90,"WRAP-AROUND JAWS D90xd41,4x15","GANASCE AVVOLGENTI D90xd41,4x15",
KBX80551-00,GANASCE AVVOLGENTI D42 L250 D90,WRAP-AROUND JAWS D90xd42x250,GANASCE AVVOLGENTI D90xD42x250,
LWJ74337-00,GANASCE AVVOLGENTI D42 L70 D90,WRAP-AROUND JAWS D90xd42x70,GANASCE AVVOLGENTI D90xd42x70,
DJJ28064-00,GANASCE AVVOLGENTI D43 L25 D90,WRAP-AROUND JAWS D90xd43x25,GANASCE AVVOLGENTI D90xd43x25,
UDK098658-00,GANASCE AVVOLGENTI D44.5 L55 D90,"WRAP-AROUND JAWS D90xd44,5x55","GANASCE AVVOLGENTI D90xd44,5x55",
ARF89504-00,GANASCE AVVOLGENTI D46 L10 D90,WRAP-AROUND JAWS D90xd46x10,GANASCE AVVOLGENTI D90xd46x10,
MLR07472-00,GANASCE AVVOLGENTI D50 L30 D90,WRAP-AROUND JAWS D90xd50x30,GANASCE AVVOLGENTI D90xd50x30,
PZT99753-00,GANASCE AVVOLGENTI D50 L50 D90,WRAP-AROUND JAWS D90xd50x50,GANASCE AVVOLGENTI D90xd50x50,
EPK56578-00,GANASCE AVVOLGENTI D53.1 L25 D90,"WRAP-AROUND JAWS D90xd53,1x25","GANASCE AVVOLGENTI D90xd53,1x25",
CCF14632-00,GANASCE AVVOLGENTI D54.5 L30 D90,"WRAP-AROUND JAWS D90xd54,5x30","GANASCE AVVOLGENTI D90xd54,5x30",
ERN09548-00,GANASCE AVVOLGENTI D60.2 L20 D90,"WRAP-AROUND JAWS D90xd60,2x20","GANASCE AVVOLGENTI D90xd60,2x20",
YZT27436-00,GANASCE AVVOLGENTI D60 L30 D90,WRAP-AROUND JAWS D90xd60x30,GANASCE AVVOLGENTI D90xd60x30,
RVD93501-00,GANASCE AVVOLGENTI D62 L30 D90,WRAP-AROUND JAWS D90xd62x30,GANASCE AVVOLGENTI D90xd62x30,
LDW00627-00,GANASCE AVVOLGENTI D8 L150 D90,WRAP-AROUND JAWS D90xd8x150,GANASCE AVVOLGENTI D90xd8x150,
NHE93258-00,GANASCE AVVOLGENTI D8 L230 D90,WRAP-AROUND JAWS D90xd8x230,GANASCE AVVOLGENTI D90xd8x230,
BKS02786-00,GANASCE AVVOLGENTI D8 L310 D90,WRAP-AROUND JAWS D90xd8x310,GANASCE AVVOLGENTI D90xd8x310,
FWX64782-00,GANASCE AVVOLGENTI D23.2 L40 D95,"WRAP-AROUND JAWS D95xd23,2x40","GANASCE AVVOLGENTI D95xd23,2x40",
RHT59369-00,GANASCE AVVOLGENTI D52 L25 D95,WRAP-AROUND JAWS D95xd52x25,GANASCE AVVOLGENTI D95xd52x25,
JHW78787-00,GANASCE AVVOLGENTI D6 L20 D9,WRAP-AROUND JAWS D9xd6x20,GANASCE AVVOLGENTI D9xd6x20,
KCA10264-00,GANASCE AVVOLGENTI D7 L15 D9,WRAP-AROUND JAWS D9xd7x15,GANASCE AVVOLGENTI D9xd7x15,
TJV54585-00,GANASCE AVVOLGENTI D7 L45 D9,WRAP-AROUND JAWS D9xd7x45,GANASCE AVVOLGENTI D9xd7x45,
HHZ02328-00,GANASCE AVVOLGENTI D8 L18 D9,WRAP-AROUND JAWS D9xd8x18,GANASCE AVVOLGENTI D9xd8x18,
UX4872Z-00,AVVOLGENTI PEZZO OH2015,WRAP-AROUND JAWS PART OH2015,GANASCE AVVOLGENTI PEZZO OH2015,
JM1495-00,SET AVVOLGENTI D32 L30 PER D105,WRAP-AROUND JAWS SET D105xd32x30,SET AVVOLGENTI D105xd32x30,
WL7453-00,SET AVVOLGENTI D34 L40 PER D105,WRAP-AROUND JAWS SET D105xd34x40,SET AVVOLGENTI D105xd34x40,
CT1449-00,-SET AVVOLGENTI D38.1 L110 PER D105,"WRAP-AROUND JAWS SET D105xd38,1x110","SET AVVOLGENTI D105xd38,1x110",
PBZ12531-00,SET GANASCE AVVOLGENTI D45.5 L20 D105,"WRAP-AROUND JAWS SET D105xd45,5x20","SET GANASCE AVVOLGENTI D105xd45,5x20",
YPG29662-00,SET GANASCE AVVOLGENTI D45 L25 D105,WRAP-AROUND JAWS SET D105xd45x25,SET GANASCE AVVOLGENTI D105xd45x25,
JVV99530-00,SET GANASCE AVVOLGENTI D50 L20 D105,WRAP-AROUND JAWS SET D105xd50x20,SET GANASCE AVVOLGENTI D105xd50x20,
BNE44879-00,SET GANASCE AVVOLGENTI D51.5 L20 D105,"WRAP-AROUND JAWS SET D105xd51,5x20","SET GANASCE AVVOLGENTI D105xd51,5x20",
PKM10920-00,SET GANASCE AVVOLGENTI D53 L30 D105,WRAP-AROUND JAWS SET D105xd53x30,SET GANASCE AVVOLGENTI D105xd53x30,
LSS57740-00,SET GANASCE AVVOLGENTI D55 L18 D105,WRAP-AROUND JAWS SET D105xd55x18,SET GANASCE AVVOLGENTI D105xd55x18,
CW8589-00,-SET AVVOLGENTI D60.3 L30 PER D105,"WRAP-AROUND JAWS SET D105xd60,3x30","SET AVVOLGENTI D105xd60,3x30",
XLU88550-00,SET GANASCE AVVOLGENTI D60 L25 D105,WRAP-AROUND JAWS SET D105xd60x25,SET GANASCE AVVOLGENTI D105xd60x25,
BRF65778-00,SET GANASCE AVVOLGENTI D60 L50 D105,WRAP-AROUND JAWS SET D105xd60x50,SET GANASCE AVVOLGENTI D105xd60x50,
TXL47576-00,SET GANASCE AVVOLGENTI D72.2 L40 D105,"WRAP-AROUND JAWS SET D105xd72,2x40","SET GANASCE AVVOLGENTI D105xd72,2x40",
HP9886-00,SET AVVOLGENTI D73 L40 PER D105,WRAP-AROUND JAWS SET D105xd73x40,SET AVVOLGENTI D105xd73x40,
CW1816N-00,SET GANASCE AVVOLGENTI PER DIA 16 M,WRAP-AROUND JAWS SET D16,SET GANASCE AVVOLGENTI PER D16 m,
YV8947Z-00,SERIE GAN.AVV. TUBO DIA. 18X0.8,"WRAP-AROUND JAWS SET D18x0,8","SERIE GANASCE AVVOLGENTI TUBO D18x0,8",
MD0361G-00,SERIE GAN.AVV. TUBO DIA.20X1,WRAP-AROUND JAWS SET D20x1,SERIE GANASCE AVVOLGENTI TUBO D20x1,
DL7224J-00,SERIE GAN.AVV. TUBO DIA.25X1,WRAP-AROUND JAWS SET D25x1,SERIE GANASCE AVVOLGENTI TUBO D25x1,
TZ0314U-00,SERIE GAN.AVVOLGENTI TUBO DIA.27,WRAP-AROUND JAWS SET D27,SERIE GANASCE AVVOLGENTI TUBO D27,
FT6822Y-00,"SERIE GAN.AVV. PER DIAMETRO 28X1,2","WRAP-AROUND JAWS SET D28x1,2","SERIE GANASCE AVVOLGENTI D28x1,2",
MD7512K-00,SERIE GAN.AVV. TUBO DIA.30X1,WRAP-AROUND JAWS SET D30x1,SERIE GANASCE AVVOLGENTI TUBO D30x1,
FD5695M-00,"SERIE GAN.AVV. PER DIAMETRO 30X1,2","WRAP-AROUND JAWS SET D30x1,2","SERIE GANASCE AVVOLGENTI D30x1,2",
VA7295Z-00,SET AVVOLGENTI D32 L30 PER D10,WRAP-AROUND JAWS SET D32xd10x30,SET AVVOLGENTI D32xd10x30,
VW8991D-00,SET AVVOLGENTI D34 L40 PER D10,WRAP-AROUND JAWS SET D34xd10x40,SET AVVOLGENTI D34xd10x40,
ND9581U-00,"SERIE GAN.AVV. PER DIAMETRO 35X1,2","WRAP-AROUND JAWS SET D35x1,2","SERIE GANASCE AVVOLGENTI D35x1,2",
CR0900D-00,-SET AVVOLGENTI D38.1 L110 PER,"WRAP-AROUND JAWS SET D38,1x110","SET AVVOLGENTI D38,1x110",
RU8220B-00,SERIE GANASCE AVVOLGENTIDIA. 40 MM,WRAP-AROUND JAWS SET D40,SERIE GANASCE AVVOLGENTI D40 mm,
SG6014S-00,"SERIE GAN.AVV. PER DIAMETRO 42X1,5","WRAP-AROUND JAWS SET D42x1,5","SERIE GANASCE AVVOLGENTI D42x1,5",
PY6701Z-00,SERIE GAN AVV. DIA.45RAP 198/05,WRAP-AROUND JAWS SET D45,SERIE GANASCE AVVOLGENTI D45 RAP198/05,
LB7071P-00,SERIE GAN.AVV.TUBO DIA.48 L>20,WRAP-AROUND JAWS SET D48 L>20,SERIE GANASCE AVVOLGENTI TUBO D48 L>20,
ND7959C-00,SERIE GAN AVV. DIA.50RAP 198/05,WRAP-AROUND JAWS SET D50,SERIE GANASCE AVVOLGENTI D50 RAP198/05,
UP6745Y-00,SERIE GAN.AVV.TUBO DIA.50 L>20,WRAP-AROUND JAWS SET D50 L>20,SERIE GANASCE AVVOLGENTI TUBO D50 L>20,
DB8303E-00,SERIE GAN AVV. DIA.52RAP 198/05,WRAP-AROUND JAWS SET D52,SERIE GANASCE AVVOLGENTI D52 RAP198/05,
ZN5759E-00,SERIE GAN AVV. DIA.54RAP 198/05,WRAP-AROUND JAWS SET D54,SERIE GANASCE AVVOLGENTI D54 RAP198/05,
XE6469C-00,"SERIE GAN.AVV. PER DIAMETRO 54X1,5","WRAP-AROUND JAWS SET D54x1,5","SERIE GANASCE AVVOLGENTI D54x1,5",
CX6914Y-00,SERIE GAN AVV. DIA.60RAP 198/05,WRAP-AROUND JAWS SET D60,SERIE GANASCE AVVOLGENTI D60 RAP198/05,
DG0791H-00,SERIE GAN.AVV.TUBO DIA.60 L>20,WRAP-AROUND JAWS SET D60 L>20,SERIE GANASCE AVVOLGENTI TUBO D60 L>20,
MW9288G-00,-SET AVVOLGENTI D60.3 L30 PER D,"WRAP-AROUND JAWS SET D60,3x30",SET AVVOLGENTI D60.3x30,
YT1034F-00,"SERIE GAN.AVV. PER DIAMETRI 60X1,2","WRAP-AROUND JAWS SET D60x1,2","SERIE GANASCE AVVOLGENTI D60x1,2",
SZ6529L-00,SERIE GAN AVV. DIA.65RAP 198/05,WRAP-AROUND JAWS SET D65,SERIE GANASCE AVVOLGENTI D65 RAP198/05,
KG0836N-00,SERIE GAN AVV. DIA.70RAP 198/05,WRAP-AROUND JAWS SET D70,SERIE GANASCE AVVOLGENTI D70 RAP198/05,
PM7414F-00,SET AVVOLGENTI D73 L40 PER D10,WRAP-AROUND JAWS SET D73xd10x40,SET AVVOLGENTI D73xd10x40,
GY0186S-00,SET(4) AVVOLGENTI D11.1,"WRAP-AROUND JAWS SET(4) D11,1","SET(4) AVVOLGENTI D11,1",
NY0149K-00,SET(4) AVVOLGENTI D11.20,"WRAP-AROUND JAWS SET(4) D11,20","SET(4) AVVOLGENTI D11,20",
MK4704K-00,N.4 AVVOLGENTI D.11 L230,WRAP-AROUND JAWS SET(4) D11x230,N.4 AVVOLGENTI D11x230,
KV3881B-00,N.4 AVVOLGENTI D.11 L30,WRAP-AROUND JAWS SET(4) D11x30,N.4 AVVOLGENTI D11x30,
BK7970P-00,SET(4) AVVOLGENTI D12.5,"WRAP-AROUND JAWS SET(4) D12,5","SET(4) AVVOLGENTI D12,5",
XC3698D-00,SET(4) AVVOLGENTI D12.7,"WRAP-AROUND JAWS SET(4) D12,7","SET(4) AVVOLGENTI D12,7",
PK2915K-00,SET(4) AVVOLGENTI D12.80,"WRAP-AROUND JAWS SET(4) D12,80","SET(4) AVVOLGENTI D12,80",
LJ1131P-00,N.4 AVVOLGENTI D.12 L150,WRAP-AROUND JAWS SET(4) D12x150,N.4 AVVOLGENTI D12x150,
UU9475J-00,SET(4) AVVOLGENTI D13 L165,WRAP-AROUND JAWS SET(4) D13x165,SET(4) AVVOLGENTI D13x165,
YL7264X-00,SET(4) AVVOLGENTI D13 L245,WRAP-AROUND JAWS SET(4) D13x245,SET(4) AVVOLGENTI D13x245,
KD4002Y-00,SET(4) AVVOLGENTI D14,WRAP-AROUND JAWS SET(4) D14,,
PG6164B-00,SET(4) AVVOLGENTI D14 L150,WRAP-AROUND JAWS SET(4) D14x150,SET(4) AVVOLGENTI D14x150,
TH9427H-00,SET(4) AVVOLGENTI D14 L220,WRAP-AROUND JAWS SET(4) D14x220,SET(4) AVVOLGENTI D14x220,
BH2497F-00,SET(4) AVVOLGENTI D14 L85,WRAP-AROUND JAWS SET(4) D14x85,SET(4) AVVOLGENTI D14x85,
ZY5338B-00,SET(4) AVVOLGENTI D15.88,"WRAP-AROUND JAWS SET(4) D15,88","SET(4) AVVOLGENTI D15,88",
UR0014X-00,SET(4) AVVOLGENTI D18.4,"WRAP-AROUND JAWS SET(4) D18,4","SET(4) AVVOLGENTI D18,4",
EK6225J-00,N.4 AVVOLGENTI D.18 L20,WRAP-AROUND JAWS SET(4) D18x20,N.4 AVVOLGENTI D18x20,
RZ6684S-00,N.4 AVVOLGENTI D.18 L40,WRAP-AROUND JAWS SET(4) D18x40,N.4 AVVOLGENTI D18x40,
KW6021S-00,"-SET(4) AVVOLGENTI D19,5","WRAP-AROUND JAWS SET(4) D19,5","SET(4) AVVOLGENTI D19,5",
AL9367X-00,SET(4) AVVOLGENTI D19.50,"WRAP-AROUND JAWS SET(4) D19,50","SET(4) AVVOLGENTI D19,50",
ED7692E-00,"-SET(4) AVVOLGENTI D20,2","WRAP-AROUND JAWS SET(4) D20,2","SET(4) AVVOLGENTI D20,2",
YJ8558Z-00,SET(4) AVVOLGENTI D21,WRAP-AROUND JAWS SET(4) D21,,
LW8921J-00,SET(4) AVVOLGENTI D21.1,"WRAP-AROUND JAWS SET(4) D21,1","SET(4) AVVOLGENTI D21,1",
SR8374F-00,-N.4 AVVOLGENTI D21.7 L40,"WRAP-AROUND JAWS SET(4) D21,7x40","N.4 AVVOLGENTI D21,7x40",
UV3082J-00,SET(4) AVVOLGENTI D22,WRAP-AROUND JAWS SET(4) D22,,
ZY4222X-00,SET(4) AVVOLGENTI D22.8,"WRAP-AROUND JAWS SET(4) D22,8","SET(4) AVVOLGENTI D22,8",
MX9304L-00,SET(4) AVVOLGENTI D23,WRAP-AROUND JAWS SET(4) D23,,
RN8787K-00,SET(4) AVVOLGENTI D24,WRAP-AROUND JAWS SET(4) D24,,
CS2362K-00,SET(4) AVVOLGENTI D25,WRAP-AROUND JAWS SET(4) D25,,
VT3455R-00,SET(4) AVVOLGENTI D27.5,"WRAP-AROUND JAWS SET(4) D27,5","SET(4) AVVOLGENTI D27,5",
YA1968Z-00,SET(4) AVVOLGENTI D28,WRAP-AROUND JAWS SET(4) D28,,
KD5109R-00,N.4 AVVOLGENTI D29 L40,WRAP-AROUND JAWS SET(4) D29x40,N.4 AVVOLGENTI D29x40,
XW9340L-00,SET(4) AVVOLGENTI D30,WRAP-AROUND JAWS SET(4) D30,,
FE6160A-00,SET(4) AVVOLGENTI D30.5,"WRAP-AROUND JAWS SET(4) D30,5","SET(4) AVVOLGENTI D30,5",
ZJ2747U-00,SET(4) AVVOLGENTI D32.23,"WRAP-AROUND JAWS SET(4) D32,23","SET(4) AVVOLGENTI D32,23",
DS9884W-00,N.4 AVVOLGENTI D32 L35,WRAP-AROUND JAWS SET(4) D32x35,N.4 AVVOLGENTI D32x35,
HB6088R-00,-SET(4) AVVOLGENTI D35,WRAP-AROUND JAWS SET(4) D35,SET(4) AVVOLGENTI D35,
CJ6993E-00,"-SET(4) AVVOLGENTI D35,5","WRAP-AROUND JAWS SET(4) D35,5",,
EV2092R-00,SET(4) AVVOLGENTI D35.9,"WRAP-AROUND JAWS SET(4) D35,9","SET(4) AVVOLGENTI D35,9",
WP6368M-00,SET(4) AVVOLGENTI D37.8,"WRAP-AROUND JAWS SET(4) D37,8","SET(4) AVVOLGENTI D37,8",
DK5743R-00,SET(4) AVVOLGENTI D38.1,"WRAP-AROUND JAWS SET(4) D38,1","SET(4) AVVOLGENTI D38,1",
ZR3470A-00,SET(4) AVVOLGENTI D38.10,"WRAP-AROUND JAWS SET(4) D38,10","SET(4) AVVOLGENTI D38,10",
PF4471H-00,SET(4) AVVOLGENTI D38.7,"WRAP-AROUND JAWS SET(4) D38,7","SET(4) AVVOLGENTI D38,7",
EU3072D-00,-N.4 AVVOLGENTI D38.7 L20,"WRAP-AROUND JAWS SET(4) D38,7x20","N.4 AVVOLGENTI D38,7x20",
GC8374Y-00,-N.4 AVVOLGENTI D38.8 L40,"WRAP-AROUND JAWS SET(4) D38,8x40","N.4 AVVOLGENTI D38,8x40",
NJ9233W-00,SET(4) AVVOLGENTI D38 L3.5,"WRAP-AROUND JAWS SET(4) D38x3,5","SET(4) AVVOLGENTI D38x3,5",
SM8184R-00,SET(4) AVVOLGENTI D39,WRAP-AROUND JAWS SET(4) D39,,
VA1294T-00,SET(4) AVVOLGENTI D39.9,"WRAP-AROUND JAWS SET(4) D39,9","SET(4) AVVOLGENTI D39,9",
EY1336Y-00,SET(4) AVVOLGENTI D40,WRAP-AROUND JAWS SET(4) D40,,
DT5034U-00,SET(4) AVVOLGENTI D41,WRAP-AROUND JAWS SET(4) D41,,
SH7068S-00,SET(4) AVVOLGENTI D41.5,"WRAP-AROUND JAWS SET(4) D41,5","SET(4) AVVOLGENTI D41,5",
AG1016J-00,-N.4 AVVOLGENTI D41.5 L40,"WRAP-AROUND JAWS SET(4) D41,5x40","N.4 AVVOLGENTI D41,5x40",
AK0259B-00,SET(4) AVVOLGENTI D42.7,"WRAP-AROUND JAWS SET(4) D42,7","SET(4) AVVOLGENTI D42,7",
JU5688E-00,-SET(4) AVVOLGENTI D44,WRAP-AROUND JAWS SET(4) D44,SET(4) AVVOLGENTI D44,
FB7419N-00,-SET(4) AVVOLGENTI D45,WRAP-AROUND JAWS SET(4) D45,SET(4) AVVOLGENTI D45,
GY3594S-00,SET(4) AVVOLGENTI D45.6,"WRAP-AROUND JAWS SET(4) D45,6","SET(4) AVVOLGENTI D45,6",
CU1624G-00,-N.4 AVVOLGENTI D45.8 L18,"WRAP-AROUND JAWS SET(4) D45,8x18","N.4 AVVOLGENTI D45,8x18",
KG9776T-00,-SET(4) AVVOLGENTI D46.44,"WRAP-AROUND JAWS SET(4) D46,44","SET(4) AVVOLGENTI D46,44",
SV0690J-00,SET(4) AVVOLGENTI D47,WRAP-AROUND JAWS SET(4) D47,,
BJ6753C-00,-N.4 AVVOLGENTI D47.1 L15,"WRAP-AROUND JAWS SET(4) D47,1x15","N.4 AVVOLGENTI D47,1x15",
WX2840Z-00,-SET(4) AVVOLGENTI D48,WRAP-AROUND JAWS SET(4) D48,SET(4) AVVOLGENTI D48,
NX0692X-00,SET(4) AVVOLGENTI D50,WRAP-AROUND JAWS SET(4) D50,,
LJ4067R-00,-SET(4) AVVOLGENTI D52.95,"WRAP-AROUND JAWS SET(4) D52,95","SET(4) AVVOLGENTI D52,95",
WT1332R-00,-SET(4) AVVOLGENTI D53.05 L15,"WRAP-AROUND JAWS SET(4) D53,05x15","SET(4) AVVOLGENTI D53,05x15",
MK8933B-00,SET(4) AVVOLGENTI D54,WRAP-AROUND JAWS SET(4) D54,,
FS1870J-00,N.4 AVVOLGENTI D54.3,"WRAP-AROUND JAWS SET(4) D54,3","N.4 AVVOLGENTI D54,3",
HB3364T-00,SET(4) AVVOLGENTI D54.4,"WRAP-AROUND JAWS SET(4) D54,4","SET(4) AVVOLGENTI D54,4",
RL3536U-00,SET(4) AVVOLGENTI D55,WRAP-AROUND JAWS SET(4) D55,,
TA6613G-00,-SET(4) AVVOLGENTI D55.05,"WRAP-AROUND JAWS SET(4) D55,05","SET(4) AVVOLGENTI D55,05",
YM8511R-00,SET(4) AVVOLGENTI D56.5,"WRAP-AROUND JAWS SET(4) D56,5","SET(4) AVVOLGENTI D56,5",
TZ7829B-00,-SET(4) AVVOLGENTI D58,WRAP-AROUND JAWS SET(4) D58,SET(4) AVVOLGENTI D58,
ZS3869P-00,"-SET(4) AVVOLGENTI D58,75","WRAP-AROUND JAWS SET(4) D58,75","SET(4) AVVOLGENTI D58,75",
FE6869Z-00,N.4 AVVOLGENTI D60,WRAP-AROUND JAWS SET(4) D60,,
YV0300D-00,N.4 AVVOLGENTI D60 L25,WRAP-AROUND JAWS SET(4) D60x25,N.4 AVVOLGENTI D60x25,
HT5907B-00,SET(4) AVVOLGENTI D61,WRAP-AROUND JAWS SET(4) D61,,
VF3837E-00,SET(4) AVVOLGENTI D61.95,"WRAP-AROUND JAWS SET(4) D61,95","SET(4) AVVOLGENTI D61,95",
TA2746K-00,N.4 AVVOLGENTI D62,WRAP-AROUND JAWS SET(4) D62,,
WC7471E-00,SET(4) AVVOLGENTI D64,WRAP-AROUND JAWS SET(4) D64,,
KF0754H-00,-SET(4) AVVOLGENTI D64.70 L20,"WRAP-AROUND JAWS SET(4) D64,70x20","SET(4) AVVOLGENTI D64,70x20",
CB3416F-00,N.4 AVVOLGENTI D65 L35,WRAP-AROUND JAWS SET(4) D65x35,N.4 AVVOLGENTI D65x35,
WZ0359U-00,SET(4) AVVOLGENTI D67.3,"WRAP-AROUND JAWS SET(4) D67,3","SET(4) AVVOLGENTI D67,3",
YW5191Y-00,SET(4) AVVOLGENTI D67.55,"WRAP-AROUND JAWS SET(4) D67,55","SET(4) AVVOLGENTI D67,55",
AA0113Y-00,SET(4) AVVOLGENTI D67.6,"WRAP-AROUND JAWS SET(4) D67,6","SET(4) AVVOLGENTI D67,6",
VN8855U-00,SET(4) AVVOLGENTI D7.95,"WRAP-AROUND JAWS SET(4) D7,95","SET(4) AVVOLGENTI D7,95",
WV4893L-00,"-SET(4) AVVOLGENTI D70,3","WRAP-AROUND JAWS SET(4) D70,3","SET(4) AVVOLGENTI D70,3",
FW3482E-00,SET(4) AVVOLGENTI D71.5,"WRAP-AROUND JAWS SET(4) D71,5","SET(4) AVVOLGENTI D71,5",
UM4904R-00,SET(4) AVVOLGENTI D72,WRAP-AROUND JAWS SET(4) D72,,
XZ7938Z-00,SET(4) AVVOLGENTI D72 L25,WRAP-AROUND JAWS SET(4) D72x25,SET(4) AVVOLGENTI D72x25,
AY8786H-00,-SET(4) AVVOLGENTI D73.35,"WRAP-AROUND JAWS SET(4) D73,35","SET(4) AVVOLGENTI D73,35",
YC2858E-00,"-SET(4) AVVOLGENTI D73,4","WRAP-AROUND JAWS SET(4) D73,4","SET(4) AVVOLGENTI D73,4",
DM5938N-00,SET(4) AVVOLGENTI D74.3,"WRAP-AROUND JAWS SET(4) D74,3","SET(4) AVVOLGENTI D74,3",
WL8982D-00,SET(4) AVVOLGENTI D74.5,"WRAP-AROUND JAWS SET(4) D74,5","SET(4) AVVOLGENTI D74,5",
TW6919R-00,SET(4) AVVOLGENTI D74.6,"WRAP-AROUND JAWS SET(4) D74,6","SET(4) AVVOLGENTI D74,6",
GK6315A-00,SET(4) AVVOLGENTI D75,WRAP-AROUND JAWS SET(4) D75,,
ZL5197D-00,-SET(4) AVVOLGENTI D75.08,"WRAP-AROUND JAWS SET(4) D75,08","SET(4) AVVOLGENTI D75,08",
HJ9529J-00,SET(4) AVVOLGENTI D75 L30,WRAP-AROUND JAWS SET(4) D75x30,SET(4) AVVOLGENTI D75x30,
FU7233J-00,SET(4) AVVOLGENTI D77.2,"WRAP-AROUND JAWS SET(4) D77,2","SET(4) AVVOLGENTI D77,2",
XT4415C-00,SET(4) AVVOLGENTI D78,WRAP-AROUND JAWS SET(4) D78,,
VJ0450W-00,SET(4) AVVOLGENTI D79.0,"WRAP-AROUND JAWS SET(4) D79,0","SET(4) AVVOLGENTI D79,0",
NK6955M-00,-SET(4) AVVOLGENTI D79.85,"WRAP-AROUND JAWS SET(4) D79,85","SET(4) AVVOLGENTI D79,85",
DB1456D-00,SET(4) AVVOLGENTI D8.1,"WRAP-AROUND JAWS SET(4) D8,1","SET(4) AVVOLGENTI D8,1",
NF5605P-00,SET(4) AVVOLGENTI D80,WRAP-AROUND JAWS SET(4) D80,,
SB9163R-00,-SET(4) AVVOLGENTI D80.2,"WRAP-AROUND JAWS SET(4) D80,2","SET(4) AVVOLGENTI D80,2",
GF4623M-00,SET(4) AVVOLGENTI D80.25,"WRAP-AROUND JAWS SET(4) D80,25","SET(4) AVVOLGENTI D80,25",
YS0162J-00,N.4 AVVOLGENTI D84 L30,WRAP-AROUND JAWS SET(4) D84x30,N.4 AVVOLGENTI D84x30,
PL1342R-00,SET(4) AVVOLGENTI D9.52,"WRAP-AROUND JAWS SET(4) D9,52","SET(4) AVVOLGENTI D9,52",
DY9430J-00,-AVV.E UTENS. X 783.121.139.177,WRAP-AROUND JAWS TOOQJ 507.939.139.177,GANASCE AVVOLGENTI E UTENSILI X 783.121.139.177,
KC7440V-00,-AVV. E UTENSILI PER D53.5,"WRAP-AROUND JAWS TOOLS D53,5","GANASCE AVVOLGENTI E UTENSILI PER D53,5",
SA3396K-00,"GAN.AV. TUBO DIA. 101,5","WRAP-AROUND JAWS TUBE D101,5","GANASCE AVVOLGENTI TUBO D101,5",
PX6677F-00,GAN.AVV.TB TONDO DIA 60MM RAP351/02,WRAP-AROUND JAWS TUBE D60,GANASCE AVVOLGENTI TB TONDO D60mm RAP351/02,
DJ6665R-00,GANASCE AVVOLGENTI TUBI 1 GAS,WRAP-AROUND JAWS TUBES 1” GAS,,
WV0281G-00,GANASCE AVVOLGENTI TUBI 1/2 GAS,WRAP-AROUND JAWS TUBES 1/2” GAS,,
SH3263N-00,GANASCE AVVOLGENTI TUBI 3/4 GAS,WRAP-AROUND JAWS TUBES 3/4” GAS,,
DB4627L-00,"GANASCE AV. X PINZA D.25,5 LG.48,15","WRAP-AROUND JAWS X CLAMPS D25,5x48,15","GANASCE AVVOLGENTI X PINZA D25,5x48,15",
AF7308B-00,SET(4) AVVOLGENTI D37 PINZE 95,WRAP-AROUND JAWS X CLAMPS D37,,
AJ-00,SW PROCEDURA MISURA TB+ DISC.BASIC,SOFTWARE PROCEDURA MISURA TB+ DISC.BASIC,,
JG4759B-00,MODELLO SOFTWARE SPECIALE LASER,SPECIAL SOFTWARE MODEL LASER,,
RV4868Z-00,MODIFICA SOFTWARE MACCHINA,MACHINE SOFTWARE MODIFICATION,,
GY0895U-00,MODIFICA AL CAD CAM KONUFOLI,KONUFOLI CAD-CAM MODIFICATION,,
ZC5502W-00,MOD. SOFTWARE PREC. CENTR. FORI,MOD. SOFTWARE PRELOAD CENTERING HOLES,,
LA3553H-00,CAD-CAM RITONE LASER,CAD-CAM RITONE LASER,,
NM6986P-00,SW FAFIL 2 PER RIPARTENZA AUT.,FAFIL 2 SOFTWARE AUTOMATIC RESTART,,
GJ8617Y-00,MOD.SOFTWARE RIPARTENZA AUTOMATICA,MOD. AUTOMATIC RESTART SOFTWARE,,
KH0480T-00,POST PROCESSOR PER ZK489 TONDO,ZK489 ONLY ROUND POST PROCESSOR,,
UP4787H-00,POST PROCESSOR PER WY 732,WY732 POST PROCESSOR,,
HH3215R-00,SOFTWARE PER FORI A SUP.CILINDRICA,SOFTWARE FOR CYLINDRICAL SURFACE HOLES,,
TX3439Z-00,COMPLETAMENTO SW PRETAGLIO LAMOZABI,SOFTWARE COMPLETION PRE-CUT “LAMOZABI”,,
SE8711C-00,MOD. AGG. SW PER RIC. SALD.(081/99),MOD. SOFTWARE UPDATE WELD SEARCH,,
LM5341X-00,MOD. SW PER GEST.ANG.SPEC.MANDRINO,MOD. SW SPINDLE SPECIAL ANGLE MANAGEMENT,,
LP3997Y-00,AUMENTO MEMORIA DA 1024 K,1024K MEMORY INCREASE,,
KN7348F-00,MOD.SW E HW X ZK489 (NON USARE),ZK489 MOD. SOFTWARE-HW (DONT'USE),,
RC6797L-00,SW X COLL. ZK489 CON ROBOT KUB,ZK489 SW FOR COLLISION WITH ROBOT “KUB”,,
EF5549M-00,MOD.HARD SOFT PER AGGIORNAM.ZK489,ZK489 MOD. HARDWARE-SOFTWARE UPDATE,,
KB3124B-00,NESTING PER SOFTWARE PER ZK489,ZK489 NESTING SOFTWARE,,
AZ3053B-00,MOD.SW LAV.TUBI SFRIDO MIN.10 MM,MOD. SW WASHING TUBE SCRAP MIN.10mm,,
XF7638U-00,MOD.SW RIL.SALDATURA SU TUBO NERO,MOD. BLACK TUBE WELD SEARCH,,
GR933V-00,MOD.SOFTWARE COLLEG.RT POSTERIORE,MOD. SOFTWARE REAR RT CONNECTION,,
ZC2876D-00,MOD.SW+CAD CAM ZK489 MIV,ZK489 MOD. SOFTWARE + CAD CAM “MIV”,,
BZ7901H-00,AGG. CAD CAM-POST PROC.TUBO ELITT.,CAD-CAM UPDATE POST PROCESSOR ELLITTIC,,
DB8029E-00,MO SW TABELLE LAV.RETT.20X10-ZK4839,ZK4839 TABLES RECTANGLE 20X10,,
ZN0289G-00,TIRUVUK (CAD-CAM NUOVO),TIRUVUK (NEW CAD CAM),,
NV2126U-00,ASSEMBLER (GESTIONE TELAI),ASSEMBLER (CHASSIS MANAGEMENT),,
LK0914L-00,CIM,CIM,,
ZV4257N-00,MOD.LAV.TUB0 15X10 ZK 483,ZK483 MOD. PROCESSING TUBE 15x10,,
WL1035G-00,PROGRAMMA NESTING PC ESTERNO 153/01,EXTERNAL PC NESTING PROGRAM,,
ME3902W-00,MOD.PER PROGR.E LAV. SEZ.SPECIALI,MOD. PROCESSING SPECIAL SECTIONS,,
YB3914P-00,MOD.SW BYPASS LIMITAZIONE LUNGH.,MOD. SOFTWARE BYPASS LENGTH LIMITATION,,
SW9622Z-00,SPEZZA AUTOMATICO NESTING L=>3000,AUTOMATIC SEGMENTATION NESTING L=>3m,,
TZ8120U-00,SW CALCOLO TEMPI E COSTI - ZK 489,ZK489 TIME - COST CALCULATION SOFTWARE,,
JB6767L-00,SW GESTIONE PROD.-NESTING BARRA,SW PRODUCTION MANAGEMENT NESTING BAR,,
CG9687S-00,MOD SW DI RIPARTENZA INIZIO PEZZO,MOD. SOFTWARE RESTART START PIECE,,
NG9957W-00,MOD SW X ORIENTAZIONE PROF. RAP284,MOD. SOFTWARE ORIENTATION PROFILES,,
GV5534T-00,UPGRADE SW ZK489 RAP 268/01,ZK489 SOFTWARE UPDATE,,
UX7040T-00,UPGRADE SW CAD CAM ZK489 RAP 268/01,ZK489 SOFTWARE UPDATE CAD CAM,,
DP1663J-00,MOD SW ORIENT.TUBO 3 SCANAL. 287/01,MOD. SOFTWARE ORIENTAT. TUBE 3 GROOVES,,
YY6072W-00,MOD CALCOLO TEMPI RAP005/02,MOD. SOFTWARE TIME CALCULATION,,
GM0481Y-00,SW X GESTIONE PROF. SPEC. SOPOSACN,SPECIAL PROFILE MANAGEMENT “SOPOSACN”,,
EU7635K-00,SW X MOD. RIC.SALD ZK483 -RAP 23/02,ZK483 WELD SEARCH,,
EW7366A-00,MOD. ATTIV. FORZATA ALLARMI 271/01,MOD. FORCED ACTIVATION ALARMS,,
MK3916Z-00,MOD.TAGLIO SOLO RETTO/RAP 239/01,MOD. STRAIGHT CUT ONLY,,
YY9223G-00,SW JB59+YK442+BQ592 UNGHER.RAP49/02,JB59 + YK442 + BQ592 HUNGARIAN SOFTWARE,,
KX0946M-00,SW X TUBI ELLITTICI ZK483 RAP 37/02,ZK483 SOFTWARE ELLIPTIC TUBES,,
DK8831T-00,SWXLAV.BARRE 50X10 IN AUT.SU ZK483,ZK483 PROCESSING BARS 50x10 IN AUTOMATIC,,
NT5578F-00,SW PER SEGNALE PULITO,SOFTWARE CLEAN SIGNAL,,
RU0398S-00,POST PROCESSOR ZK489 (RAP39/02),ZK489 POST PROCESSOR,,
FA4639V-00,MOD.SW LAV.BARRA 100X100-RAP 55/02,MOD. PROCESSING BAR 100x100,,
VY5409L-00,SW X PROG. OFF-LINE GF823 RAP 60/02,GF823 OFFLINE PROGRAMMING,,
UR2447D-00,PLC SPEC.GEST.UNITA' RAP 279/2001,SPECIAL PLC UNIT MANAGEMENT,,
XN8952R-00,LAVORAZ. SU TUBO RETT. - RAP 86/02,PROCESSING RECTANGLE TUBE,,
VS1416C-00,LLAVORAZ. SU TUBO QUADRO RAP 93/02,PROCESSING SQUARE TUBE,,
CK2293L-00,MOD.SW ASSE V - RAP 73/2002,MOD. SOFTWARE “V” AXIS,,
MF0718K-00,MOD.SW E HW SPEGNIMENTO M/C-RAP 105,MOD. SOFTWARE/HW POWER OFF MACHINE,,
GF1355W-00,SW PROGR.OF-LINE PROGR.PEZZI 154/02,SOFTWARE OFFLINE PROGRAMMING PIECES,,
YF6664K-00,MOD. SW SIST. MISURA RAP 153/02,MOD. MEASURING SYS. SOFTWARE,,
YF3561B-00,MOD. SW PER TELEDIAGNOSI 152/02,MOD. SOFTWARE TELEDIAGNOSIS,,
KW6404H-00,MOD.SW X CENTR+PIANO 1 PEZZO 151/02,MOD. CENTERING + PLAN 1 PIECE,,
XD7190K-00,MOD.SW X LAV. DIA 10 RAP 142/02,MOD. PROCESSING DIAMETER 10mm,,
VJ3561G-00,MOD.SW PASSWORD PROT.PARAMETRI/194,MOD. PASSWORD PROTEC. CUT PARAMETERS,,
KU0101N-00,ZK489: MOD.SW TB ELL.+UPG. RAP145,ZK489 MOD. SW ELLIPT. TUBE + UPDATE,,
PG1775H-00,ZK483: MOD.SW 3 USCITE RAP224/2002,ZK483 MOD. SOFTWARE 3 OUTPUTS,,
KJ4316V-00,"MOD.SW PER RETT. 30X10X1,5/RAP 231","MOD. SECTION 30X10X1,5",,
JX3590B-00,AGG.CAD3D CON POSTP. 652 RAP 254/02,ZK483 CAD3D-POST PROCESSOR UPDATE,,
HX3145V-00,MOD.PROG.PZ SEZ.L E C - RAP 144/02,MOD. SOFTWARE L/C-SECTIONS PIECES,,
GM8884D-00,SW PER SEZIONE ZK489 RAP 221/02,SOFTWARE PER SECTION ZK489,,
AD6284F-00,SOFTWARE IN CECO PER JB53,JB53 CZECH SOFTWARE,,
UH3496K-00,CAD-CAM+POST PROC. ZK489 RAP287/02,ZK489 CAD-CAM + POST PROCESSOR,,
RF6150P-00,GESTIONE CICLI ELLITTICO RAP271/02,ELLIPTIC CYCLE MANAGEMENT,,
PU2808U-00,ZK489TQR ABILITAZ. 10MM RAP282/02,ZK489 LAK. ENABLING 10mm,,
DY4982Y-00,ZK483 MOD.SCARICO FORI XY-RAP286/02,ZK483 MOD. UNLOAD. HOLES “XY”,,
GZ0563H-00,N. PEZZI TAGLIATI JB53 - RAP 127/02,JB53 NUMBER CUT PIECES,,
YJ9685V-00,SW+MAN. JB53 OLAND.RAP 396/02,JB53 DUTCH SOFTWARE + MANUAL,,
SF8066C-00,SW+MAN. BQ599 OLAND.RAP 396/02,BQ599 DUTCH SOFTWARE + MANUAL,,
SG0033D-00,MOD.SW RID.VEL.ASSE X RAP 297/02,MOD. SOFTWARE “X” AXIS SPEED REDUCTION,,
AX6601L-00,MOD.SW X TUBI 10 MM X RAP N.310/02,MOD. SOFTWARE TUBE 10mm,,
NN5989Z-00,MOD.SW TAGLIO FE E INOX -RAP335/02,MOD. SOFTWARE CUT IRON-STAINLESS STEEL,,
MK6169P-00,SW+MANUALE OLANDESE GF429 RAP397/02,GF429 DUTCH SOFTWARE + MANUAL,,
SB6214C-00,SW SALD.RIP.SU STESSO TB RAP333/02,SOFTWARE WELD REPEATED ON SAME TUBE,,
DG7058Z-00,SW TAGLI SOTTO 15 GRADI RAP331/02,SOFTWARE CUTS BELOW 15°,,
MW1593C-00,UPGRADE SOFTWARE RAP 345/02,SOFTWARE UPDATE,,
BP8263X-00,MOD. SW PER TB ELLITTICI RAP240/02,SOFTWARE ELLITHIC TUBES,,
AB4244X-00,MOD. TAGLIO TUBO 20X10 RAP 329/02,MOD. TUBE CUT 20x10,,
AV5102G-00,POST PROC.TIRUVUK ZK489 RAP 376/02,ZK489 POST PROCESSOR “TIRUVUK”,,
PW7077B-00,MOD.SW SCARICO AUT.SFRIDO RAP 370,MOD. SOFTWARE SCRAP UNLOADING,,
UE9199U-00,MOD.POST PROC. ZK489 RAP 418/02,ZK489 MOD. POST PROCESSOR,,
WK3403P-00,MOD ZK483 TUBO 20X10 RAP 444/02,ZK483 MOD. TUBE 20x10,,
LF3027L-00,POST PROCESSOR ZK932 RAP 437/02,ZK932 POST PROCESSOR,,
NP5369D-00,SW+MAN. OLANDESE ZK027D RAP445/02,ZK027D DUTCH SOFTWARE + MANUAL,,
GD3010G-00,SW TIRUVUK.OLANDESE ZK027D RAP446/02,ZK027D DUTCH SOFTWARE,,
KU6315L-00,SW GRIF.2RUL.ZK483 LUN.FIS. R435/02,ZK483 SW JAWS 2 ROLL.-FIXED STEADY-REST,,
LW8085R-00,MOD.SCARICO PEZZO LAMA BASSA 440/02,MOD. UNLOADING PIECE LOW SAWBLADE,,
YW6454A-00,MOD.SW USCITA PEZZI UTILI RAP464/02,MOD. SOFTWARE EXIT USEFUL PIECES,,
BN8421P-00,ZK489TQR AGGIORN. V.2.05 RAP436/02,ZK489 LAK. UPDATE V2.05,,
VS2464P-00,ZK483 MODIFICA SALV.FILE RAP417/02,ZK483 SAVE FILE MODIFICATION,,
NM2434H-00,AGGIORNAMENTO CAD 3D,CAD 3D UPDATE,,
PM5511Z-00,SW PER ESEGUIRE NCK RESET/RAP 11/03,SOFTWARE NCK RESET,,
ZZ6509W-00,"SW PER LAV.RETT. 20X10X1,5 RAP 383","PROCESSING RECTANGLE TUBE 20x10x1,5",,
WR1713K-00,SOFTWARE IN CECO PER QG532,QG532 CZECH SOFTWARE,,
DA5298R-00,SW TIRUVUK. VIA RS232 ZK489 RAP28/03,ZK489 SOFTWARE “TIRUVUK”,,
YJ8905X-00,GF823 INTESTATURA MAX60MM RAP51/03,GF823 FACING MAX 60mm,,
YT0298B-00,CD TIRUVUK.ZK523D CON PURE P.PR.ZK483,CD TIRUVUK.ZK523D CON PURE P.PR.ZK483,,
XF3626C-00,MOD-SW INSERIMENTO SOSTENITORE ST,MOD. SOFTWARE INSERT SUPPORTER,,
WD3981Y-00,SW JB53 USA L= POLLICI RAP066/03,JB53 INCH SOFTWARE,,
VK6589T-00,SW ZK523D LATO MIN. 10 MM RAP /03,ZK523D SOFTWARE MINIMUM SIDE 10mm,,
HH1661A-00,SW ZK483 LATO MIN. 10 MM RAP077/03,ZK483 SOFTWARE MINIMUM SIDE 10mm,,
YA6343T-00,STUDIO ESEC.PART.D.26020014 IN XY,STUDY EXECUTION PART.D.26020014 IN “XY”,,
JZ2532J-00,POST PROCESSOR PER ZK489 DA TW,POST PROCESSOR FROM ZK489 DA TW,,
PL6395K-00,POST PROC. DA TIRUVUK RAP 107/03,POST PROCESSOR “TIRUVUK”,,
TF6392L-00,AGGIORN. CAD 3D/TIRUVUK RAP 108/03,CAD 3D UPDATE “TIRUVUK”,,
YA3263R-00,MOD. CENTRAGGIO SEZ. D RAP 112/03,MOD. CENTERING D-SECTION,,
FR5643E-00,PASSWORD PROTEZ.PARAMETRI TAGLIO,PASSOFTWAREORD PROTECTION CUT PARAMETERS,,
YN4509B-00,ZK483 PART PROGRAM 2 PEZZI SPECIALI,ZK483 PART PROGRAM N°2 SPECIAL PARTS,,
PB9321N-00,JK462 EPR. SCA. PZ ALTERN. R136/03,JK462 UNLOAD ALTERNATE PIECES,,
VE6285A-00,POST PROC. DA 3D KONUFOLI A ZK932,POST PROCESSOR FORM 3D KONUFOLI TO ZK932,,
RD7237K-00,ZK483 CICLO SFRIDO/UTILE RAP 133/03,ZK483 USEFUL SCRAP CYCLE,,
MJ5668G-00,ZK489(MUM) CON SCARICO ZK483 157/03,ZK489(MUM) WITH UNLOADER ZK483,,
KZ3762F-00,TAGLIO SINGOLO PEZZO ZK483 200/03,ZK483 SINGLE PIECE CUTTING,,
XV8830S-00,RIC.PIATTO-OVALE MIN.18 RAP 201/03,SEARCH FLAT OVAL MINIMUM 18,,
MV8165M-00,COMANDO RIT.CATENE ZK483 RAP202/03,ZK483 CHAIN DELAY CONTROL,,
VA3141A-00,SOFTWARE IN CECO PER JK462,JK462 CZECH SOFTWARE,,
PY8803C-00,ZK483 MOD. SW RIC. SALD. RAP205/03,ZK483 MOD. SOFTWARE WELD SEARCH,,
DP4386X-00,ZK932 CICLO RIC.FLESS.TONDO R149/03,ZK932 ROUND BENDING RESEARCH CYCLE,,
BX7755V-00,MOD. CENTRAGGIO SEZ. D ZK523D,ZK523D CENTERING D-SECTION,,
VN1212L-00,MOD.PER LAV. 20X10 SU ZK483,ZK483 MOD. PROCESSING TUBE 20x10,,
UK2102R-00,CONTATTO START ON-OFF RAP 246/03,START ON-OFF CONTACT,,
DF7608W-00,MOD.CICLO M/C IN MANUALE RAP 246/03,MOD. MANUAL MACHINE CYCLE,,
WZ0815J-00,MOD.SW CAMBIO PROGRAMMA RAP 235/03,MOD. SOFTWARE CHANGE PROGRAM,,
RJ6576C-00,MOD.SW PER TAGLIO 10 PZ- RAP 233/03,MOD. SOFTWARE FOR CUT 10 PIECES,,
RD7837J-00,INTERFACCIA CONNE. CIM SW RAP257/03,INTERFACE CONNECTON CIM SOFTWARE,,
ES6407W-00,ZK483/523D ACC.SETT.GRIFFE R217/03,ZK483/523D JAW SETTING ACCESSORIES,,
UM4153J-00,CICLO SPECIALE DI MISURA RAP279/03,SPECIAL MEASURING CYCLE,,
HY9467H-00,SOFTWARE IN CECO PER GF429,GF429 CZECH SOFTWARE,,
AV8946X-00,ZK483 SW TONDO 10MM -GUDEVA-,ZK483 SOTWARE ROUND 10mm “GUDEVA”,,
LR5754S-00,MOD.SW CONTROLLO TIPO AFF.LAMA,MOD. SW SAWBLADE SHARPENING TYPE CONTROL,,
YC3440S-00,MOD.SW RILEV.DIFF.BARRE IN CODA,MOD. SW ENDBAR DIFFERENCE DETECTION,,
ZT0590Y-00,SW POSTPROCESSOR TIRUVUK FAFIL,FAFIL POST PROCESSOR “TIRUVUK”,,
SA9484N-00,SW SPECIALE PER PROFILI,SPECIAL SOFTWARE FOR PROFILES,,
WT0596A-00,SOST.PLC-PS316 CON PLC-PS416 / 285,REPLACE PLC PS316 WITH PLC PS416 /285,,
NK6711M-00,ZK483 KESIG SW RALLE INT. R353/03,ZK483 SOFTWARE SLEWING RINGS “KESIG”,,
PL0619E-00,SW ATTACCO TUBO ALL.S=2 R356/03,SOFTWARE REDUCED ATTAC.ALUM.TUBE THK=2,,
FH1471R-00,MOD. SW CICLO DI TAGLIO SPECIALE,MOD. SOFTWARE SPECIAL CUT CYCLE,,
WP8747U-00,MOD.POST.PROC.ZK 128 LAMIERA,ZK128 SHEET METAL MOD. POST PROCESSOR,,
ZJ3137J-00,TOTALIZZATORE NUMERO BARRE TAGLIATE,TOTALIZER NUMBER OF BARS CUT,,
EK2174G-00,SOFTWARE PERSONALIZ. X FATTIBILITA',SOFTWARE CUSTOMIZATION BY FEASIBILITY,,
YH8306K-00,SCHEMI E MANUALISTICA SU CD - 10/04,DIAGRAMS AND MANUALS ON CD 10/04,,
XB1536J-00,SW GESTIONE UGELLO R 01/2004,SOFTWARE NOZZLE MANAGEMENT R01/2004,,
FY8563G-00,MOD.SW PER COLLEG.VS.IMPILATORE,MOD. SOFTWARE FOR CONNECTION TO STACKER,,
SE5981W-00,POST PROCESSOR QG489V21 TIRUVUK,QG489 V21 POST PROCESSOR “TIRUVUK”,,
LX3196S-00,POST PROCESSOR KZ489V21 TIRUVUK,KZ489 V21 POST PROCESSOR “TIRUVUK”,,
RF2299Z-00,POST PROCESSOR JK489V20 RAP369/03,JK489 V20 POST PROCESSOR,,
HY1059Z-00,MODIFICHE HW E SW - ISTRUZIONI,HW-SOFTWARE MODIFICATIONS INSTRUCTIONS,,
US0431A-00,MOD.SEGNALAZIONE LUMINOSA,MOD. SOFTWARE LIGHT SIGNALING,,
KU0548R-00,SW IN OLANDESE PER ZK523D,ZK523D DUTCH SOFTWARE,,
MU5906F-00,SW CICLO SPEC.CON ROT.TAVOLA 270/03,SPECIAL SOFTWARE W TABLE ROTATION,,
VG4086Y-00,SW ESECUZIONE ASOLE IN CAD CAM,SOFTWARE SLOT EXECUTION IN CAD CAM,,
PR3150S-00,MOD.SW PER SCARICO NELLE CASSE,MOD. SOFTWARE UNLOADING INTO BOXES,,
AK7345K-00,MOD.GESTIONE 1^ NASTRO,MOD. SOFTWARE 1° BELT MANAGEMENT,,
ZJ7480E-00,SW SFRIDO O,SOFTWARE SCRAP,,
WN6018X-00,SVILUPPO SW PEZZO UTILE,DEVELOPMENT SOFTWARE USEFUL PIECE,,
AZ5382N-00,POST PROCESSOR DA TW A ZK489,POST PROCESSOR FROM TW TO ZK489,,
MP8630U-00,ZK523D RIC.SALD. 2 FACCE RETTANG.,ZK523D 2-SIDED RECTANGLE WELD SEARCH,,
HR1899B-00,ZK523D REGOLAZ.TUBO ELL. RAP 245/03,ZK523D ELLIPTICAL TUBE SETTING,,
HB4892J-00,SW GESTIONE CODA FINE BARRA -R/128,SOFTWARE ENDBAR MANAGEMENT,,
JV0894W-00,POST PROCESSOR ZK489V23 TIRUVUK,ZK489 V23 POST PROCESSOR “TIRUVUK”,,
GP0255C-00,POST PROCESSOR ZK483V31 TIRUVUK,ZK483 V31 POST PROCESSOR “TIRUVUK”,,
JF3732W-00,SW POLLICI - SISTEMA METRICO,SOFTWARE INCH-METRIC SYSTEM,,
UP8992Y-00,POST PROC.SPEC. DUKUSIZU,POST PROCESSOR SPECIAL “DUKUSIZU”,,
JJ7804J-00,SW X GESTIONE DI DUE LUNETTE,MOD. SOFTWARE 2 STEADY RESTS MANAGEMENT,,
ZN0878R-00,SW MACCHINA E TW IN POLLICI ZK,ZK INCH SOFTWARE,,
PA3494Y-00,MOD. PLC X CONTR. TEMPI FERMO ZK,ZK MOD. PLC MACHINE DOWNTIME CONTROL,,
PV1233J-00,SOFTWARE PER 6 ZK,SOFTWARE FOR 6 ZK,,
SN9819T-00,SOFTWARE PER QG532 IN UNGHERESE,QG532 HUNGARIAN SOFTWARE,,
EN3195M-00,MOD.ZK489 X SCARICO ZK932-RAP230/04,ZK489 MOD. SOFTWARE X UNLOADER ZK932,,
KT7568B-00,MOD.SW X INTEGRAZ. KIT 6 RAP223/04,MOD. SOFTWARE INTEGRAT. KIT 6,,
YZ3175N-00,MOD.SCELTA PARAMETRI DI TAGLIO-R218,MOD. CUTTING PARAMETERS SELECTION,,
NY6651T-00,SOFTWARE PROFILI APERTI R/167,OPEN PROFILES SOFTWARE,,
RP1575Y-00,OTTIMIZZ. CICLO M/C,MACHINE CYCLE OPTIMIZATION,,
BR1026F-00,LAVORAZ. TUBO RETT.20X10 RAP212/04,PROCESSING RECTANGLE TUBE 20x10,,
NJ6476L-00,MOD. SW TAGLIO PZ 3100 MM ZK489,"ZK489 CUT SOTWARE PARTS L=3,1m MODIFIC.",,
VD0662B-00,SW+LIBRETTI IN CECO X VERSIONE 07,CZECH SOFTWARE + MANUAL VERSION 07,,
NB7612S-00,SW0177 POSTPROCESSOR PER ZK489 V23,ZK489 V23 POST PROCESSOR SOFTWARE,,
PF1881X-00,SW0178 POSTPROCESSOR PER ZK483 V31,ZK483 V31 POST PROCESSOR SOFTWARE,,
DL2279S-00,SW SIMULAZIONE GRAFICA FAFIL,FAFIL GRAPHICS SIMULATION SOFTWARE,,
CY9450G-00,SW DATABASE PARAMETRI FAFIL,FAFIL SOFTWARE DATABASE PARAMETERS,,
JC4103G-00,SW SERVICE MANAGER FAFIL,FAFIL SOFTWARE SERVICE MANAGER,,
MS1053R-00,GESTIONE PODOFEPR RAP 225/04,“PODOFEPR” MANAGEMENT,,
CH5963Z-00,MOD. SW CARICATORE RAP 277/04,MOD. SOFTWARE LOADER,,
DM1420K-00,MOD.SW RECUPERO SFRIDO RAP 276/04,MOD. SOFTWARE SCRAP RECOVERY,,
UX2047D-00,POST PROCESSOR DA TW A ZK483 299/04,POST PROCESSOR FROM TW TO ZK483,,
MJ6932E-00,ADEGUAM.SW+AGG.CPU ZK489 RAP293/04,ZK489 SOFTWARE + CPU UPDATE,,
JU7889U-00,RIC.SALDATURA SU DUE FACCE R/258,TWO-SIDED WELD SEARCH,,
CK4403Y-00,VERIFICA POS.SALDATURA R/258,WELDING POSITION CHECK,,
EL9604M-00,SVILUPPO SW GEST.DOPPIO RACC. R/257,SOFTWARE DOUBLE COLLECTOR MANAGEMENT,,
LZ7568U-00,SW MACCHINA ZK523D POLLICI R300/04,ZK523D INCH SOFTWARE,,
ZC8563Y-00,POST PRO TIRUVUK ZK483 RAP 331/04,ZK483 POST PROCESSOR “TIRUVUK”,,
CE7153A-00,POST PROCESSOR TIRUVUK ZK489 V20,ZK489 V20 POST PROCESSOR “TIRUVUK”,,
EN1131J-00,POST PROCESSOR TIRUVUK ZK489 V22,ZK489 V22 POST PROCESSOR “TIRUVUK”,,
ZP3112J-00,POST PROCESSOR TIRUVUK ZK489 V30,ZK489 V30 POST PROCESSOR “TIRUVUK”,,
LW9259V-00,POST PROCESSOR TIRUVUK ZK489 V31,ZK489 V31 POST PROCESSOR “TIRUVUK”,,
GH1056Y-00,POST PROCESSOR TIRUVUK ZK483 V30,ZK483 V30 POST PROCESSOR “TIRUVUK”,,
NX1895E-00,MOD.SW SEGNALE RICONOSC.PEZZO 286/4,MOD. SOFTWARE SIGNAL RECOGNITION PIECE,,
GE8861H-00,MOD.SW SEGNALE DI ATTESA 286/04,MOD. SOFTWARE WAITING SIGNAL 286/04,,
LM0119X-00,SW SOLO TONDO ZK 932 259/2004,ZK932 SOFTWARE ONLY ROUND,,
VS9584Y-00,SW CICLICA VELOCE ZK 932 259/2004,ZK932 FAST CYCLIC SOFTWARE,,
LE3642G-00,SW PROGR.PARAMETRIZZATA ZK932 259/4,ZK932 SOFTWARE PARAMETERIZED PROGRAMMING,,
DP7743X-00,SW RIDUZIONE SFRIDO MIN. 5 MM 342/4,SCRAP REDUCTION SOFTWARE MINIMUM 5mm,,
JG1987T-00,SW ESECUZIONE FORI XY ZK489,ZK489 SOFTWARE EXECUTION HOLES “XY”,,
MK3664Z-00,SINGOLARIZZ.CARICATORE ZK R373/04,SINGULARIZER LOADER ZK,,
NE4054F-00,ZK483 ABILITAZ.CARICO3150MM R351/04,"ZK483 LOAD ENABLING L=3,15m",,
NU4426L-00,SW+MAN. ZK097D OLANDESE RAP377/04,ZK097D DUTCH SOFTWARE + MANUAL,,
HN2103M-00,MOD. SW PER DIA.80 R/372-2004,MOD. SOFTWARE X DIAMETER 80mm,,
JY3171L-00,SW X USO STESSO PROC ZK523D R301/04,ZK523D SOFTWARE FOR USE SAME PROCESS,,
DJ3076Z-00,ZK593D:NOME SPF 24 CARATTERI R60/04,ZK593D SPF NAME 24 CHARACTERS,,
BD1006R-00,ZK593D:SEZ.SPECIALE RAP413/04,ZK593D SPECIAL SECTION,,
MU1430V-00,CICLO SPEC. TORSIONE E CENTRAGGIO,TORSION-CENTERING SPECIAL CYCLE,,
YA7828B-00,MOD SW RID.SFRIDO E TEMPO CADUTA PZ,MOD. SW SCRAP REDUCTION-PIECE DROP TIME,,
DZ6404Z-00,SW ADEG. NUOVE COND.TAGLIO 438/04,SW NEW CUT CONDITIONS UPDATE,,
EN9772H-00,POST PROC.RECUP.VECCHI PROGR.473/04,POST PROCESSOR RECOVER OLD PROGR.,,
KZ0876W-00,MOD.SW RIDUZIONE SFRIDO 247/04,MOD. SOFTWARE SCRAP REDUCTION,,
UC5828E-00,MOD.X IMPORTAZIONE DATI NEL CIM,MOD. IMPORTING DATA INTO THE CIM,,
LK9391V-00,MOD.SW ALIMENT. FINO 4000 502/04,MOD. SOFTWARE SUPPLY UP TO 4m,,
EE1526S-00,SOFTWARE IN CECO PER GF893,GF893 CZECH SOFTWARE,,
MK5232C-00,SW - JK462 - RAP 466/04,JK462 SOFTWARE,,
CG9936J-00,SW GEST. LUNETTE ZK523D - RAP 493/0,ZK523D SOFTWARE STEADY RESTS MANAGEM.,,
XC1979U-00,CICLO ZK523D - RAP 516/04,ZK523D CYCLE,,
BM2458J-00,ATTIVAZIONE E DISATT.ASSE W- 522/4,“W” AXIS ACTIVATION/DEACTIVATION,,
XY6400R-00,SW TEMPO SOSTA LAVAGGIO RAP33/05,SOFTWARE WASH STOP TIME,,
TW1133V-00,SW MOD.CICLO LIBERAZIONE TAVOLA-R38,MOD. SOFTWARE RELEASE TABLE CYCLE,,
XY3797A-00,SW USCITA PER CONTAPEZZI ZK932-R 47,ZK932 SOFTWARE OUTPUT FOR PIECE COUNTER,,
DC7292B-00,AD.SW AGGIORN.CPU DA V.4.3 A V.4.4,SOFTWARE UPDATE CPU FROM V4.3 TO V4.4,,
NJ5463D-00,CICLICA L4 DA ZK097 SU ZK027-34/28,ZK027 CYCLIC L4 FROM ZK097,,
EA6116Z-00,SW X COLLEG. YK442 TT A QG532,YK442 TT SOFTWARE CONNECTION TO QG532,,
ZL9549N-00,PROGRAMMI SPF PER ZK489-RAP 443/04,ZK489 SPF PROGRAMMING,,
XS4116F-00,MOD.SW.ESTENSIONE LUNGHEZZA/GF823,GF823 MOD. SOFTWARE EXTENSION LENGTH,,
DF4059T-00,MOD.SW SCARICO PEZZI/GF 823,GF823 MOD. SOFTWARE UNLOADING PIECES,,
WT4000G-00,MOD.SW SEGNALE PULITO-RAP 053/05,MOD. SOFTWARE CLEAN SIGNAL,,
AW4544G-00,TW-POST PROC FORI XY SPEC.-R 105/05,TW POST PROCESSOR “XY” HOLES SPECIAL,,
JT4808T-00,MOD.RID.SFRIDO SU ZK489 RAP 113/05,ZK489 MOD. SCRAP REDUCTION,,
UE0482C-00,SW SFRIDO MINIMO GF429 B-BARRA- 104,GF429 B-BARS SW ZK932 MINIMUM SCRAP 104,,
VK1525R-00,MOD.SW COME DA RAP 163/2005,MOD. SOFTWARE AS PER,,
WJ7759P-00,SW PER FORI XY DA NXF RAP 138/2005,SOFTWARE HOLES “XY” FROM NXF,,
ZX6699N-00,MOD.SW GESTIONE NESTING-DATI -98/05,MOD. SW DATA NESTING MANAGEMENT,,
ZS6475R-00,MOD.SW FERMO NASTRO SCARICO 97/05,MOD. SOFTWARE UNLOADING BELT STOPPER,,
XB0820N-00,YK449-FK493 SW JB53 CLIENTE R121/05,YK449-FK493 SOFTWARE JB53 CUSTOMER,,
EB9722X-00,QG532-SPUNTATURA >250MM RAP178/2005,QG532 TRIMMING >250mm,,
DV8268V-00,ZK593D-LETT.BARRA NO INT. R130/2005,ZK593D LETT. BAR NO INT.,,
JG6520R-00,ZK593D-SOFTWARE 3D STEPP-IGES,ZK593D SOFTWARE 3D STEPP-IGES,,
AY8176X-00,MOD.SW X CICLICA VELOCE SU GF823,GF823 MOD. FAST CYCLIC SOFTWARE,,
XV1339U-00,MOD.SW SEGNALE DI ATTESA 206/5,MOD. SOFTWARE WAITING SIGNAL,,
DH0393Z-00,CARICO SINGOLO ZK523D RAP 126/05,ZK523D SINGLE LOAD,,
JY9112Z-00,MOD.SW SCARICO PZ L=3600 - 225/05,MOD. SW UNLOADING PIECES L=3600,,
CZ9620Z-00,MOD.SW TAGLIO CARR.POS.AVANZATA-229,MOD. SW CARRIAGE ADVANCED POSIT. CUT-229,,
ZX7343A-00,ZK593D-RIC.SALDAT.SPECIALE R139/05,ZK593D SPECIAL WELD SEARCH,,
GX6663F-00,SELEZIONE PARAMETERI RAP115/05,PARAMETER SELECTION,,
XF5861Z-00,REMOTE CONNECTION ZK593D RAP 232/05,ZK593D REMOTE CONNECTION,,
YB4083J-00,MOD.SW CAM E CICLI ZK523D RAP293/05,ZK523D MOD. SOFTWARE CAM-CYCLES,,
SZ4279J-00,ZK593D-DOTAZ.SW X SEZ.SPEC.R277/05,ZK593D SOFTWARE SPECIAL SECTION,,
LR0390Z-00,ZK593D-TRADUTTORE NT->XP RAP275/05,ZK593D TRANSLATOR NT >XP,,
UM1433B-00,ZK593D-SW DUFOLUFESN RAP207/05,ZK593D SOFTWARE DUFOLUFESN,,
NR2855Z-00,ZK593D-SW SPECIALE RAP 115/05,ZK593D SPECIAL SOFTWARE,,
MS6286D-00,SW X SALVATAG.100 PROGR. RAP245/05,SOFTWARE X SAVE 100 PROGRAMS,,
SR1978F-00,MOD.TW SISTEMA XP,TW MOD. XP SYSTEM,,
LX6644Z-00,ZK593D-SCARICO MET? PEZZO RAP338/05,ZK593D UNLOADING HALF PIECE,,
YZ7122P-00,MOD.TAGLIO PZ SINGOLO RAP335/05,MOD. SINGLE PIECE CUT,,
UP5799U-00,MOD.RIC.SALD. TB P.O.36X18 RP336/05,MOD. FLAT OVAL36x18 WELD SEARCH,,
XU8889U-00,MOD.RIC.SALD. ZK489 VIGET RAP323/05,ZK489 MOD. WELD SEARCH “VIGET”,,
YB9168K-00,POST PROC.SPECIALE SEZ.TRIANGOLARE,POST PROCESSOR SPECIAL TRIANGUL. SECTION,,
WP7021X-00,MOD.SW GESTIONE SEZ.TRIANGOLARE,MOD. SW MANAGEMENT TRIANGULAR SECTION,,
FY0013G-00,POST PROC TW ZK489,TW/ZK489 POST PROCESSOR,,
ME9863B-00,ZK593D- SEGNALI AGGIUNTIVI R2339/05,ZK593D ADDITIONAL SIGNALS,,
KS0951G-00,ZK593D-SEZ. CON CAVE VOCO 68/05,ZK593D SECTION WITH QUARRIES,,
TV4141W-00,ZK593D-PIATTINA 20X5-10MM VOC150/05,ZK593D PLATE 20x5x10,,
RS4371Y-00,MOD SW PER LAV. 140.85X68 SENZA 6,"MOD. PROCESSING 140,85X68 WITOUT KIT 6",,
KC4965C-00,MOD SW PER GESTIONE MANDRINO AUT ZK,ZK MOD. SW AUTOMATIC SPINDLE MANAGEMENT,,
WT7846A-00,MOD SW,MOD. SOFTWARE,,
JD6260C-00,MOD SW-CARTELLATURA FINO A L=1000,MOD. SOFTWARE FOLDING UP TO L=1000,,
KD1899T-00,CICLI NUOVI RIC SALD ZK593D,ZK593D NEW WELD SEARCH CYCLES,,
XM5585U-00,GEST.SEGNALE BUFFER,BUFFER SIGNAL MANAGEMENT,,
UF2035S-00,ZK593D-PARAM.PIATTINA 14MM RAP2417,ZK593D PLATE PARAMETERS 14mm,,
ZV6547U-00,CIM CON PARAMETRI NON STD RP2493/05,CIM W NON-STANDARD PARAMETERS,,
XN3624P-00,GF823-SW SUNENA IN TURCO R2583,GF823 TURKISH SOFTWARE,,
ZW4893F-00,GF429-AMPLIAM.99 PROGRAMMI VOCO198,GF429 EXPANSION 99 PROGRAMS,,
NR2329Z-00,GF429-ATTIVAZIONE RIDUZIONE SFRIDO,GF429 SCRAP REDUCTION ACTIVATION,,
BW5631Y-00,MOD.POST.PROC.ZK593 C51-FORI TONDI,ZK593 C51 POST PROCESSOR ROUND HOLES,,
BP3734J-00,MOD.CICLICA M/C CORREZ.FORI TONDI,MOD. ROUND HOLE CORRECTION CYCLE,,
JV9695L-00,ZK593D-10INT.INCL.+INTEGR.SW R2896,ZK593D INTEGRATION SOFTWARE,,
SU3926M-00,ZK932-POST PRO SOLO TONDO RAP2865,ZK932 POST PROCESSOR ONLY ROUND,,
NN9020Y-00,MOD.SW BLOCC.M/C CON PRISMA ERRATO,MOD. SW BLOCK MACHINE W INCORRECT PRISM,,
UJ1660S-00,MOD.SW PER DIA. 10,MOD. SOFTWARE X DIAMETER 10mm,,
RU7266E-00,ZK593D-PAR.UGEL.0750501040906 V442,ZK593D NOZZLE PARAMETERS 0750501040906,,
YG6138E-00,ZK593D-BARRA INTERA NO SPEZZON.V528,ZK593D FULL BAR,,
EC8353D-00,ZK593D-OTTIMIZZAZIONE SFRIDO V567,ZK593D SCRAP OPTIMIZATION,,
EN2099D-00,PROGRAMMAZIONE OFF-LIN RAP3088,OFF-LINE PROGRAMMING,,
LD8682P-00,RISCONTRI QUOTA PROGRAMMATA RAP3089,SCHEDULED QUOTA LOCATORS,,
PW9642T-00,P PRO ZK593 C41 X TW VERS. 6.0,ZK593 POST PROCESSOR C41 X TW VERS. 6.0,,
EK3099V-00,P PRO ZK027D V02 X TW VERS. 6.0,ZK027D POST PROCESSOR V02 X TW VERS. 6.0,,
GW5906N-00,GF823 START/STOP REMOTATI VOCO72,GF823 REMOTE START/STOP,,
CT4446N-00,AMPLIAMENTO MEMORIA CN NADOVL,MEMORY EXPANSION CN NADOVL,,
DK7323P-00,"GF429-OUT:INGLESE,IN:TURCO VOCO557",GF429 SOFTWARE OUT:ENGLISH IN:TURKISH,,
FW3425W-00,ZK593D-SFRIDO MIN + NO SPEZZ.R3329,ZK593D MINIMUM SCRAP + NO SPLITTING,,
XJ2278A-00,CICLI TORSIONE CENTR. PROF. SPEC.,TORSION-CENTER. CYCLE SPECIAL PROFILE,,
GW4387X-00,ZK593D-TUBO NON SPEZZONATO,ZK593D UNSEGMENTED TUBE,,
WB0198F-00,SOFTWARE REPORTISTICA,SOFTWARE REPORTING,,
RN6541U-00,MOD PER SCARTO 3 PEZZI VOCO316,MOD. FOR SCRAP 3 PIECESI,,
TY7987A-00,MOD SEGNO LEPE VOCO317,MOD. SIGN “LEPE”,,
ET9901E-00,MOD TIME-OUT SU NAST SCAR SFRI 627,MOD. TIME-OUT ON BELT UNLOAD. SCRAPS,,
DV3109F-00,ZK593D-NESTING OTTIMIZZATO V678,ZK593D NESTING OPTIMIZED,,
ZF5483K-00,ZK483-POST PROCESSOR CAM3D V740,ZK483 POST PROCESSOR CAM3D,,
LN6314M-00,ZK593D-GENERICI APERTI CAM3D V769,ZK593D OPEN GENERICS CAM3D,,
RX8060E-00,"ZK593D-POLACCO:MC,HELP,DOC,SW V3185","ZK593D POLISH :MC,HELP,DOC,SOFTWARE",,
MP3022E-00,MOD.RIPART.MANUALE PROF.APERTI,MOD. SW MANUAL ALLOCATION OPEN PROFILES,,
KU1427E-00,ARRESTO TEMPORIZZ.COM.CATENE AVANTI,TIMED STOP FORWARD CHAIN CONTROL,,
LN3031G-00,SW ZEPUFK 01 MODIFICA SW PER PROFIL,SW ZEPUFK 01 MODIFICATION FOR PROFILE,,
HT1362L-00,SW SCAR CICLO DI SCARICO,SOFTWARE UNLOADING CYCLE,,
GW6856U-00,ZK593D-GOBEMIM UPGR.RIC.SALD.V286,ZK593D UPDATE WELD SEARCH “GOBEMIM”,,
NM2051G-00,TIRUVUK 6.0 POS PROCESSOR V.I04 ZK,TIRUVUK 6.0 POS PROCESSOR VI04 ZK,,
ZP1446Z-00,TIRUVUK 6.0 POS PROCESSOR V.I42 ZK,TIRUVUK 6.0 POS PROCESSOR VI42 ZK,,
YM1147K-00,SW NESTING CON ORIENT PEZZO 3429,SOFTWARE NESTING WITH PIECE ORIENTATION,,
JX4160L-00,SW X EVITARE RIPOSI. LUNETTA 3738,SOFTWARE STEADY REST AVOID RESJB 7570,,
ZP9806R-00,DATABASE SPECIALE,SPECIAL DATABASE,,
ZF4937M-00,"ZK593D-DC030 PARAM.SS SPESS. >4,5MM","ZK593D DC030 THICKNESS PARAMETERS >4,5mm",,
MP9835E-00,SOFTWARE CONTEGGIO SFRIDO,SCRAP COUNTING SOFTWARE,,
FD9918S-00,MOD.PER UTILIZZO FINE BARRA ZK523,ZK523 MOD. SOFTWARE FOR END BAR USE,,
KX3748J-00,ZK593D-PAR.EST.UGELLO 9309270875,ZK593D NOZZLE PARAMETERS 9309270875,,
WV3272W-00,ZK483/593D-AMPLIAM.CAM3D V0C0999,ZK483/593D CAM3D EXPANSION,,
MP0032D-00,INSTALL.TW PER WINDOWS SISTEMA XP,WINDOWS XP SYSTEM INSTALLATION “TW”,,
VK0566Y-00,POST PROCESSOR PER ZK523 C02,ZK523 C02 POST PROCESSOR,,
MD8962Y-00,GF429-LAMPEGGIO ATTESA MAT. V1041,GF429 FLASHING WAITING MATERIAL,,
YV3534C-00,GF429-SCARICO SFRIDO UTILE V1040,GF429 USEFUL SCRAP UNLOADING,,
DD3476P-00,TIRUVUK 6.0 POS PROCESSOR V.I41 ZK,TIRUVUK 6.0 POS PROCESSOR VI41 ZK,,
UU0483S-00,TIRUVUK 6.0 POS PROCESSOR V.I51 ZK,TIRUVUK 6.0 POS PROCESSOR VI51 ZK,,
KV8048T-00,TIRUVUK 6.0 POS PROCESSOR V.V03 ZK,TIRUVUK 6.0 POST PROCESSOR,,
RC5538B-00,CICLO SFRIDO NULLA ZK593D V1042,ZK593D ZERO SCRAP CYCLE,,
KE9034M-00,PROF SPEC TRIANG ZK593D V629,ZK593D SPECIAL TRIANGULAR PROFILE,,
DZ2508H-00,ZK483- DATABASE LUNETTE VOCO 1059,ZK483 DATABASE STEADY RESTS,,
HE8959Y-00,ZK932-CICLICA SFRIDO NULLO V844,ZK932 ZERO SCRAP CYCLE,,
TX8351C-00,ZK483-POST PRO TW C SEMICHIUSA V70,ZK483 POST PROCESSOR TW C-SEMICLOSED,,
UA1116B-00,SOFTWARE PROGRAMMAZIONE,SOFTWARE PROGRAMMING,,
JG0040N-00,SOFTWARE IN LIGUA CEKA,CZECH SOFTWARE,,
BE6006L-00,PERACULR-POLACCO:M/C+DOC,PERACULR POLISH :M/C + DOC,,
HV4015Z-00,ZK593D-UPDATE DATABASE RAP 3918/07,ZK593D UPDATE DATABASE,,
UG3481P-00,ZK489TQR VEKAPOGEV- POST PROC. TW,ZK489 POST PROCESSOR LAK. “VEKAPOGEV”,,
DN3515W-00,GF429 - TUBO FORATO RAP 3729/2006,GF429 PERFORATED TUBE,,
GF9333T-00,MODULO DI PROGRAMMAZIONE 2D,2D PROGRAMMING MODULE,,
JR7321M-00,ZK593D-NIGEZL+C.TEMPI POLACCO V____,ZK593D POLISH NIGEZL + TIME CALCULATION,,
DL1274R-00,ZK483-NIGEZL POSTPRO C-SEMIC.V1156,ZK483 NIGEZL POST PROCESSOR C-SEMICLOSED,,
VF5143H-00,UPGRADE SW MACCHINA ZK593D V1026,ZK593D MACHINE SOFTWARE UPDATE,,
DX5071Y-00,SW PER LAVORAZIONE PROFILI APERTI,SOFTWARE PROCESSING OPEN PROFILES,,
NT5721K-00,ZK593D-MOD.CICLO SFRIDO MIN V1213,ZK593D MINIMUM SCRAP CYCLE,,
HL4144M-00,ZK932-CICLO SFRIDO MINIMO V844,ZK932 MINIMUM SCRAP CYCLE,,
BW0933A-00,ISTRUZIONI POST-PROCESSOR,POST PROCESSOR INSTRUCTIONS,,
ZL9577R-00,CICLO RID. SFRIDO SPECIALE V1228,SPECIAL SCRAP REDUCTION CYCLE,,
RH1188S-00,ZK593D-SCAR.META'PEZZO C52ART V1210,ZK593D DISCHARGE HALF PIECE C52ART,,
WA9609C-00,MODIFICHE CIM,MODIFICATIONS CIM,,
PN3031V-00,ZK932TONDO-CICLO SFRIDO MIN V1238,ZK932 ROUND MINIMUM SCRAP CYCLE,,
GA6414X-00,GF823-CAMBIO CN-INVERTER R.3963/07,GF823 CHANGE CN INVERTER,,
EX4296Z-00,ALLINEAMENTO X MONOBARRA,MONOBAR ALIGNMENT,,
GK4484J-00,GF429-DATABASE BIBARRA RAP4049/07,GF429 DATABASE B-BARS,,
NG0296R-00,ZK593D-PEKAB EVAC.NASTRO R.4069/07,ZK593D BELT EXTRACTOR “PEKAB”,,
GN1839H-00,ZK593D-SPEZZONAM. SFRIDO R.4069/07,ZK593D SCRAP SPLITTING,,
FY2405L-00,ZK593D RICO. ORIENT. PROF SPEC 4112,ZK593D RECOGNIT.-ORIENTAT. SPEC. PROFILE,,
JH8580U-00,ZK932-ORIENT.SEMIPIATTOVALE V.1383,ZK932 SEMI-FLAT OVAL ORIENTATION,,
BL5189U-00,POST PROCESSOR ZK027D V.1398,ZK027D POST PROCESSOR,,
RS1734G-00,JB53-ASSIST.TELEDIAGNOSI VOCO1399,JB53 TELEDIAGNOSIS ASSISTANCE,,
FX4186X-00,MODIFICHE SOFTWARE PER LUNG. 1000MM,SOFTWARE MODIFICATIONS SOFTWARE L=1m,,
XK2628T-00,ZK593D-PODUKATISU SPAGNOLO V1403,ZK593D SPANISH PODUKATISU,,
RY2860U-00,FILE DI ESP.DATIXFERMO M/C+TEMPILAV,MACH.STOP DATA EXPANSION FILE+WORK TIMES,,
XJ2224X-00,GESTIONE FOTOCELLULE NASTRO PEZZI,PHOTOCELL MANAGEMENT PIECES BELT,,
HF6682D-00,SW+MAN. ZK533D PORTOGHESE RAP4229,ZK533D PORTUGUESE SOFTWARE + MANUAL,,
TG5505R-00,MODIFICHE SOFTWARE PER SEZ.140X60X3,SOFTWARE MODIFICATIONS SECTION 140x60x3,,
RJ1943P-00,SW PARAMETRICO PER IL TAGLIO,SOFTWARE PARAMETRIC CUTTING,,
ZX3161V-00,PREDISPOSIZ. PER DIMENSIONE MINIMA,SETUP FOR MINIMUM SIZE,,
UD4226F-00,ZK593D-CICLI VARI MEFEFAN V1153,ZK593D VARIOUS CYCLES “MEFEFAN”,,
RN1015X-00,SOFTWARE PER SCAMBIO AUTOMATICO,SOFTWARE AUTOMATIC EXCHANGE,,
WE8529T-00,GF429-TAGLIO MAN->1?PZ SCARTO V1598,GF429 MANUAL CUT 1° PIECE SCRAP,,
SR8459R-00,GF429-C7633-MAN E SW POLACCO V1605,GF429 POLISH SOFTWARE + C7633 MANUAL,,
GN2372A-00,ZK593-CICLI FORATURA MATER. RIFLET.,ZK593 DRILLING CYCLES REFLECTIVE MATER.,,
SN9722M-00,GF429-PRIMO PEZZO IN SFRIDI V.1641,GF429 1° PIECE IN SCRAP,,
EY8824E-00,ZK593D-BARRA NON SPEZZONATA V4493,ZK593D UNSEGMENTED BAR,,
RV2773V-00,ZK593D-SCHEMI CHILLER GAKIBE V1658,ZK593D CHILLER GAKIBE DIAGRAM,,
RD9574T-00,GF429 STACCO CARRELLO HM V1600,GF429 HM CARRIAGE DETACH,,
DN8046B-00,ZK932 - SCARICO META' PEZZO R.4558,ZK932 UNLOADING HALF PIECE,,
UP3521B-00,ZK593-IMPLEMENTAZIONE SW0325 V.1615,ZK593 IMPLEMENTATION SOFTWARE0325,,
VA9373A-00,MOD SW TEMPO CAMBIOBARRA GF823V1729,GF823 MOD. SOFTWARE TIME CHANGE BAR,,
FN4297Y-00,GF823-REPARTENCIA NEK.FUVUCELUF V1297,GF823 TUBE RESTART REUNITED,,
FC5285L-00,MOD 1 RISCONTRO MOTO. QG532 V1728,QG532 MOD. 1° LOCATOR MOTORIZED,,
XX0571J-00,ZK932 FRENO ASSE X V.1753,ZK932 “X” AXIS BRAKE,,
UK3042G-00,JB53 PROG. OFFLINE V.1659,JB53 OFFLINE PROGRAMMING,,
BT8456F-00,ZK593D-TORSIONE SEZ.TRIANGOLO V1739,ZK593D TORSION TRIANGULAR SECTION,,
KL2961H-00,SW ATTACCO RIDOTTO TUBO ALL. SP=2,SW REDUCED ATTACHM. ALUMINIUM TUBE THK=2,,
BW1911J-00,SW C E TRIANG. APERTI ZK593D V802,ZK593D “C” AND OPEN TRIANGLES SOFTWARE,,
MK9058N-00,ZK593D - CICLO SPECIALE RIC. SALD.,ZK593D SPECIAL WELD RESEARCH CYCLE,,
UG8685Y-00,GF823 -MODIFICA PAG. CICLI SEMIAUTO,GF823 EDIT SEMI-AUTOMATIC CYCLES PAGE,,
MN0327J-00,CICLICA VELOCE,FAST CYCLE,,
EK5657F-00,ZK0 - LAVORAZIONE BARRA INTERA,ZK0 PROCESSING FULL BAR,,
SD7503A-00,ZK593D-GEST.UGELLO PROL.25MM V2071,ZK593D EXTENS. 25mm NOZZLE MANAGEM.,,
JV6305B-00,ZK533D-SCARICO META' PEZZO,ZK533D UNLOADING HALF PIECE,,
SN2782C-00,ZK533D-OTTIMIZZ. RIDUZIONE SFRIDO,ZK533D SCRAP REDUCTION OPTIMIZATION,,
XG0658B-00,SW + MANU GF823 PORTOGHESE RAP5302,GF823 PORTUGUESE SOFTWARE + MANUAL,,
AL2879K-00,SOFTWARE IN CECO ZK533/037/FIBER,ZK533/037/FIBER CZECH SOFTWARE,,
LR8219U-00,SOFTWARE IN CECO PER NIGEZL,NIGEZL CZECH SOFTWARE,,
XE5487S-00,ZK523D-SPF TELAIO TUBI VOCO2073,ZK523D SPF FRAME TUBES,,
XV8763L-00,SW 2 SEZIONI SPECIALI COKE V.2190,N°2 SPECIAL SECTIONS “COKE”,,
YW6596D-00,CICLICA VELOCE UPGRADE ZK533D,ZK533D FAST CYCLE UPDATE,,
VH2122S-00,SW M/C IN OLANDESE ZK0,ZK0 DUTCH SOFTWARE,,
MY4184R-00,ZK593D-ABILITAZ. 'C' PRE-C60 V2205,ZK593D ENABLING 'C' PRE C60,,
YM9712G-00,ZK0-SEGNALI X NASTRO RACC.EXT V----,ZK0 SIGNALS BELT COLLECTOR EXT.,,
AJ2276F-00,SEZ. A C SEMICHIUSA NIRILK V.2248,SEMICLOSED C-SECTION “NIRILK”,,
FB3371D-00,SW+MAN. ZK932 PORTOGHESE RAP5637,ZK932 PORTUGUESE SOFTWARE + MANUAL,,
GS9142C-00,ZK0 OFFLINE NESTING LIBRARY,ZK0 OFFLINE NESTING LIBRARY,,
YW1710M-00,ZK0 FILES EXCHANGE INTERFACE,ZK0 FILES EXCHANGE INTERFACE,,
XN9241N-00,ZK0 PROFIBUS DATA EXCHANGE INTERFAC,ZK0 PROFIBUS DATA EXCHANGE INTERFACE,,
DD4853Z-00,GF429 CICLO ORIEN. PROFILI V994 FAGI,GF429 PROFILES ORIENTATON CYCLE “FAGI”,,
LD4083T-00,ZK097-SEZIONE VOTIZEVEF R5694,ZK097 SECTION “VOTIZEVEF”,,
SW2526H-00,MOD. SOFTWARE SEZ. DUZAGECAK ZK533D,ZK533D SECTION “DUZAGECAK”,,
EV4841U-00,SOFTWARE IN CECO PER ZK932,ZK932 CZECH SOFTWARE,,
LR9245G-00,ZK593D-RICERCA+ORIENTAM.CAVA V2292,ZK593D SEARCH + ORIENTATION CAVITY,,
MJ4248G-00,GF429-SEGNALI E ATTESA CARR. V2305,GF429 SIGNALS AND WAITING CARRIAGE,,
LH8502K-00,ZK593D CICLICA RIC SALD AGGIO V1799,ZK593D UPDATE WELD SEARCH CYCLE,,
ZD6206M-00,ZK0 CICLO SCARICO PEZZO RIBASSATO,ZK0 LOWERED PIECE UNLOADING CYCLE,,
KD1609A-00,JB53-SW INTERFACCIA POLACCO V2360,JB53 POLISH SOFTWARE,,
UB0955D-00,ZK533D CICLO VERIFICA ORIENT R6072,ZK533D CYCLE VERIFY ORIENTATION,,
JC7700U-00,GESTIONE PRODUZIONE LOTTI ZK533D,ZK533D BATCHS PRODUCTION MANAGEMENT,,
GW3241T-00,QG532-SW INTERFACCIA POLACCO V2424,QG532 POLISH SOFTWARE,,
JN8460A-00,GF429 SECONDA LUNGHEZZA >380 V.2425,GF429 SECOND LENGTH >380,,
BX5492C-00,ZK0-BARRA INTERA E RID.SFRIDO V2426,ZK0 FULL BAR-SCRAP REDUCTION,,
GW6429M-00,ZK533D-PERS. POSTP LADUBECADA V2304,ZK533D POST PROCESSOR “LADUBECADA”,,
FL7626F-00,ZK533D-SEGNALE SERIALE V2361,ZK533D SERIAL SIGNAL,,
DW4499N-00,GF429-ESTRAZ.+IMPORT. SLOVENO V2451,GF429 SLOVENIAN EXTRACT + IMPORT,,
WZ6704G-00,JK462-SW INTERFACCIA POLACCO V2495,JK462 POLISH SOFTWARE,,
JA8879U-00,ZK097D CICLO SPEC CENTRAGGIO V2500,ZK097D CENTERING SPECIAL CYCLE,,
XS5860X-00,L712D MOD CONCATT ROBOT V2555,ZK593D MOD. ROBOT CHAINING,,
UF0006G-00,MOD CICLO MACCHINA REGUD V1738,MOD. MACHINE CYCLE “REGUD”,,
XM8850U-00,PROGR. MODULARE CAM-NIGEZL V.2566,NIGEZL CAM MODULAR PROGRAM,,
WV7146P-00,LADUBECADA SEZIONE J8003954 V.2631,SECTION J8003954 “LADUBECADA”,,
ZC6257P-00,SASN SEZIONE CHIUSA 1A,CLOSED SECTION 1A “ZES.BUR.”,,
FL0025T-00,SASN SEZIONE CHIUSA 11A,CLOSED SECTION 11A “ZES.BUR.”,,
DG9939D-00,ZK0-TRE DATI MACCHINA VOCO2606,ZK0 THREE MACHINE DATA,,
XN0615U-00,ZK533-UPGRADE SW M/C SASN V2696,ZK533 MACHINE SOFTWARE UPDATE “ZES.BUR.”,,
BV0678X-00,ZK593D-OTTIMIZ.CICLO MANDRINO V2716,ZK593D SPINDLE CYCLE OPTIMIZATION,,
TB5158F-00,ZK0-TORS. SU SEZ. C SEMICHIU V2747,ZK0 TORSION C-SECTION SEMICLOSED,,
ZM3885X-00,ZK533D-XDB SPEC PROFIL APERTI V2713,ZK533D SPECIAL OPEN PROFILES “BASAR”,,
JP4965H-00,AGG.EXPERT II A V28 BASIR,EXPERT II A V28 UPDATE “BASIR”,,
CX4978X-00,GF429 CHIUS. ANTICIP. SFRIDI V.2704,GF429 EARLY CLOSURE OF SCRAPS,,
HS6853Z-00,VOKUN - SEZIONI SPECIALI ROS,VOKUN SPECIAL SECTIONS “ROS”,,
XG8207D-00,ZK0-MANUALE E SW IN POLACCO,ZK0 POLISH SOFTWARE AND MANUAL,,
UZ5007D-00,GF429-SOFTWARE IN POLACCO V 2861,GF429 POLISH SOFTWARE,,
DC1531T-00,ZK533D-RICERCA+ORIENTAM.CAVA V2874,ZK533D SEARCH + ORIENTATION CAVITY,,
YJ9711T-00,ZK489-MODIF.ISO PER V10/V20 V2858,ZK489 V10/V20 ISO MODIFICATIONS,,
MX1540N-00,ZK037-SUGOVEL SEZIONE SPECIALE,ZK037 SPECIAL SECTION “SUGOVEL”,,
GJ5329N-00,ZK533D-CICLO ROTAZ. X GRADI V2902,ZK533D ROTATION CYCLE BY DEGREES,,
XR0392U-00,ZK533D-CICLO CARICO V2862,ZK533D LOAD CYCLE,,
CU0474H-00,ZK0-CICLO CARICO TOKAKARI V2940,ZK0 LOAD CYCLE “TOKAKARI”,,
ZX0312N-00,"ZK0, 2 X PROFILO SPECIALE V2797",ZK0 N°2 SPECIAL PROFILE,,
JV7064J-00,ZK533D REPORT DI PRODUZIONE V2751,ZK533D SOFTWARE PRODUCTION REPORT,,
JM6586R-00,ZK593D-RIC.SALD.CON 2POSIZION.V3017,ZK593D WELD SEARCH 2 POSITIONS,,
PS1474P-00,ZK533D-CICLO P.O. SIMMETRICO V2969,ZK533D SYMMETRICAL P.O. CYCLE,,
ZN1675J-00,GF429-BLOCCO SCARICO LONG. V2866,GF429 LONGITUDINAL DISCHARGE BLOCK,,
CN7427L-00,GF823-SCAMBIO CN Z1->Z3 V3056,GF823 SOFTWAREAP CN Z1-->Z3,,
XV6782X-00,GF429-SEGNALE CONTATAGLI V3102,GF429 SIGNAL COUNTER CUTS,,
ZZ3376R-00,SOFTWARE IN CECO PER ZK0,ZK0 CZECH SOFTWARE,,
GS6148A-00,ZK533D-TORSIONE SU SEZ. SPEC. 3083,ZK533D TORSION ON SPECIAL SECTION 3083,,
ZC7692N-00,GF429-CICLO PER BARRE STORTE V2239,GF429 CROOKED BAR CYCLE,,
TH3590Z-00,ZK0 TAGLIO TUBI PREFORATI V3060,ZK0 PRE-DRILLED TUBE CUTTING,,
RZ0285C-00,JB53 IMPORT DATI PRODUZIONE V3150,JB53 PRODUCTION DATA IMPORT,,
SU0868M-00,PERACULR - AGGIORNAMENTO CICLICA,PERACULR CYCLIC UPDATE,,
FR9310U-00,ZK533D/FIBER/823D- SW POLACCO V3242,ZK533D/FIBER/823D POLISH SOFTWARE,,
TG4318Y-00,ZK533D-SPECIALI VARI KESIG V2960,ZK533D SPECIAL SECTIONS “KESIG”,,
UY1404F-00,ZK593D-ABILITAZIONE 7500MM V3203,"ZK593D ENABLING L=7,5m",,
ZX9143F-00,ZK0 CICLI CENTRAGGIO 1A-11A V3133,ZK0 CENTERING CYCLE SECTION 1A-11A,,
TG0136Z-00,ZK533D NR DI TUBI DA CAR. RAP9680,ZK533D NO. OF TUBES TO LOAD,,
ZE3319T-00,ZK533D OFF-LINE SW0505 RAP9680,ZK533D OFFLINE SOFTWARE0505,,
RN6339B-00,FK493-VERIFICA CONCATEN.TC+ST V2743,FK493 CHECK CHAINING TC + ST,,
KC3337L-00,ZK0-DOTAZIONE SEZ.SPEC.M225 V3211,ZK0 SPECIAL SECTION EQUIPMENT M225,,
VR6413S-00,JK462 A. MORSA DOPO RIT.TESTA V3188,JK462 CLAMP FEED AFTER HEAD DELAY,,
PJ6997C-00,GF823-SOFTWARE POLACCO V3283,GF823 POLISH SOFTWARE,,
XE1510T-00,VOKUN-SEZIONI SPECIALI SUMUF 1A-11A,VOKUN SPECIAL SECTIONS 1A-11A “SUMUF”,,
SF3664A-00,ZK533D-CENTRAGGIO L FACCIA V2698,ZK533D CENTERING “L” FACE,,
CF5553Y-00,ZK533D-ABILITAZ.125X125 R8 MM V2802,ZK533D ENABLING 125x125 R8mm,,
ZE0956W-00,ZK533D SEZ. SPECIALE COKE-3 V3292,ZK533D SPECIAL SECTION 3 “COKE”,,
JT2081L-00,DODEVE CICLO DI ROTAZIONE V3326,DODEVE ROTATION CYCLE,,
SZ3334K-00,JB53 MOD. CICLO RAP 10261,JB53 CYCLE MODIFICATION,,
LZ3607Y-00,ZK593D TELEDIAGNOSI INTERNET V.3381,ZK593D INTERNET TELEDIAGNOSIS,,
PH1476P-00,"GF429-MODIFICHE MOTORE 7,5 KW V3342","GF429 MODIFICATION MOTOR 7,5 kW",,
FJ6273P-00,ZK533D SW IN PORTOGHESE,ZK533D PORTUGUESE SOFTWARE,,
HM8837S-00,ZK932 SW PROG. RACC. MET. V.3411,ZK932 SOFTWARE METAL COLLECTION PROGRAM,,
UT3986A-00,ZK533 SELEMIP SEZIONE SPECIALE V3445,ZK533 SPECIAL SECTION “SELEMIP”,,
FY8524U-00,ZK932 CICLO MARCATURA V3285,ZK932 MARKING CYCLE,,
RY8612T-00,ZK0-SOFTWARE IN POLACCO,ZK0 POLISH SOFTWARE,,
XK8778F-00,GF429-SW DIAM. LAMA MINIMO V3448,GF429 MINIMUM SAWBLADE DIAMETER,,
WW6951E-00,ZK0 FIVOMI SEZIONE 895113 V.3492,ZK0 SECTION 895113 “FIVOMI”,,
BM6397Y-00,ZK533D-TORS.ELLITTICI/STOP MC V3517,ZK533D TORSION ELLIPTIC/STOP MACHINE,,
CD8284S-00,JB53-SW RIC.PROG.+TEMPO MEDIO V3512,JB53 SOFTWARE SEARCH PROGRAM + MEAN TIME,,
LB9222L-00,ZK0 SW IN PORTOGHESE V2773,ZK0 PORTUGUESE SOFTWARE,,
GW4420B-00,SEGNALE PER ALLARME FERMATA,STOP ALARM SIGNAL,,
LD0197C-00,ZK593-SCARICO 1/2 PEZZO TW V3545,ZK593 UNLOADING HALF PIECE TW,,
FR1747B-00,ZK533D SEZIONI SPEC. SELEMIP V3493,ZK533D SPECIAL SECTIONS “SELEMIP”,,
BY2975N-00,ZK932 SW MACH PORTOGHESE RAP11461,ZK932 PORTUGUESE SOFTWARE,,
BV5994U-00,NIGEZL 2 SEZIONI SPECIALI V3584,NIGEZL N°2 SPECIAL SECTIONS,,
VC1311E-00,MOD. PER SCARICO SCARTO RAP11519,MOD. UNLOADING SCRAP,,
KX9064M-00,GF429 SW MACC IN PORTOGHESE R 11719,GF429 PORTUGUESE SOFTWARE,,
NS0541N-00,DODEVE SW MACC IN OLANDESE,DODEVE DUTCH SOFTWARE,,
FS0398C-00,PERACULR SEZIONI SPECIALI TOBATO,PERACULR SPECIAL SECTIONS “TOBATO”,,
DU2296J-00,JB53 SW MACC IN PORTOGHESE R 11960,JB53 PORTUGUESE SOFTWARE,,
LM5341Z-00,ZK96 PROGRAMMAZIONE M/C IN POLLICI,ZK96 INCH MACHINE PROGRAMMING,,
KY5661R-00,GF429 0670201020403 INGLESE V3756,GF429 0670201020403 ENGLISH,,
KP5822J-00,ZK932 TONDO RIDUZIONE SFRIDO V3786,ZK932 ROUND SCRAP REDUCTION,,
DU8054N-00,GF429-EPROM PER RID.SFRIDO V3772,GF429 “EPROM” SCRAP REDUCTION,,
NA9512Z-00,GF823-MODIF. TIMEOUT MISURA V3518,GF823 MODIFICATION TIMEOUT MEASURE,,
GZ1754F-00,GF823-SVUOTAMENTO TAVOLA V3802,GF823 EMPTYING TABLE,,
JK8561V-00,GF429-TESTI X TRADUZ/INSERIM V3831,GF429 TEXTS X TRANSLATION - INPUT,,
DY7855J-00,DODEVE RELEASE SW SERUNN V.3661,DODEVE RELEASE SOFTWARE “SERUNN”,,
XP0682T-00,GF429 CN CICLO BARRE STORTE,GF429 CN CROOKED BAR CYCLE,,
GH1775F-00,VOKUN SOFTWARE FOR MARKING,VOKUN SOFTWARE FOR MARKING,,
DZ5262D-00,ZK037D-SEZ.PORTONE V2844,ZK037D GATE SECTION,,
XV9790Z-00,GF893-AZZER.CONTEGGIO PEZZI SCARTI,GF893 RESET SCRAP PIECE COUNTING,,
EA0177C-00,DODEVE-2 SEZIONI SPECIALI V3302,DODEVE N°2 SPECIAL SECTIONS,,
UY3553V-00,GF429-SCARICO CIC.MAN.>SFRIDI V3345,GF429 MANUAL SCRAP CYCLE UNLOADER,,
CK5843A-00,GF429-INTERFACCIA IN TURCO V1875,GF429 TURKISH SOFTWARE,,
UH1700Y-00,ZK533D/1 AGGIOR. VERS. 2.6 RAP13762,ZK533D/1 VERSION 2.6 UDATE,,
AR6026D-00,ZK533D/2 AGGIOR. VERS. 2.6 RAP13762,ZK533D/2 VERSION 2.6 UDATE,,
CK8050V-00,DODEVE-CIM BASE,DODEVE BASIC CIM,,
JA7588U-00,ZK593D SEZIONE NIGEZL RAP14004,ZK593D NIGEZL SECTION,,
VX4664S-00,JK462 RITARDO STACCO RISCONTR V4089,JK462 DELAY DETACH LOCATOR,,
AP9388V-00,ZK932-SOFTWARE IN POLACCO V4093,ZK932 POLISH SOFTWARE,,
CJ3159P-00,PROFILI SPECIALI FAFIL 2 - BOTEK,FAFIL N°2 SPECIAL PROFILES “BOTEK”,,
RK7929T-00,SVUOTAMENTO TAV.PRIMA DI AUTOMATICO,EMPTYING TABLE BEFORE AUTOMATIC,,
RW5422D-00,GF823.AZZER.CONTEGGIO PEZZI SCARTI,GF823.RESET SCRAP PIECE COUNTING,,
YZ1555E-00,ZK037D-SEZIONE TELAIO V2844,ZK037D FRAME SECTION,,
NX0540F-00,ZK0 LAVORAZIONE SEZIONE 11A V4158,ZK0 PROCESSING SECTION 11A,,
VG2415K-00,GF823-CARRELLO AV. FINO FINE TAGLIO,GF823 CARRIAGE ADVANCE UNTIL THE END CUT,,
GH7862-00,SOFTWARE TABELLA COMP MC CV,SOFTWARE COMPENSATION TABLE,,
ZL5159N-00,ZK533D-FIBER - SW IN UNGHERESE =>UT,ZK533D FIBER HUNGARIAN SOFTWARE =>UT,,
XK5522E-00,SOFTWARE IN HUNGHERESE PER NIGEZL,NIGEZL HUNGARIAN SOFTWARE,,
XD0845E-00,QG532 NESTING V3873,QG532 NESTING,,
GD2855B-00,DODEVE ABILITAZIONE DIAMETRO 10,DODEVE ENABLING DIAMETER 10,,
NW7618K-00,DODEVE CICLO DISTACCO PEZZO V4267,DODEVE PIECE DETACHMENT,,
BT5331P-00,ZK489-PREDISPOS.RICERCA SALD.V3933,ZK489 WELD SEARCH PREDISPOSITION,,
KW5501X-00,ZK0 LAVORAZIONE SEZIONE 1A V4295,ZK0 PROCESSING SECTION 1A,,
EF5564K-00,ZK0 LAVORAZIONE SEZIONE 1B V4296,ZK0 PROCESSING SECTION 1B,,
FM6539C-00,ZK533D-PODUKATISU,ZK533D PODUKATISU,,
PC4008E-00,PERACULR-AGGIORNAMENTO MUCEVIL BADEN,PERACULR MUCEVIL UPDATE “BADEN”,,
YT3993Z-00,AGGIORNAMENTO SW NOZUT - DAKUCUTU,NOZUT SOFTWARE UPDATE “DAKUCUTU”,,
YK2554N-00,DODEVE MOD. SW. BANCO RACC.V.4320,DODEVE MOD. SOFTWARE COLLECTION BENCH,,
LV1531J-00,ZK0 LAVORAZ. SEZIONE VAVESIK V4332,ZK0 PROCESSING SECTION “VAVESIK”,,
YE8031A-00,ZK0 AGG. SW PER PARUFOR R15661,ZK0 PARUFOR UPDATE,,
VX9439W-00,ZK533D-CICLIBOOSTER CENTR.U/C V4189,ZK533D CENTERING WITH BOOSTER U/C,,
CV8703U-00,ZK0 SEZ. SPECIALE SF 1/B V.4398,ZK0 SPECIAL SECTION SF 1/B,,
NP9755G-00,ZK593D-SW PER RACCOLTA DATI V4219,ZK593D DATA COLLECTION,,
GY8944U-00,ZK0 SEZ.SPEC.ALETTA VAVESIK V.4399,ZK0 SPECIAL FLAP SECTION “VAVESIK”,,
AC3325T-00,DODEVE ALL. SONORO LOLAPIK V.4374,DODEVE SOUND ALARM “LOLAPIK”,,
VF7823S-00,JB53 MOD. SW V3712,JB53 SOFTWARE MODIFICATION,,
EW7295Z-00,NIGEZL E AGGIOR. IN UNGHERESE,NIGEZL AND HUNGARIAN UPDATE,,
AK1123J-00,GF429 - CINT PADECEB RAP15921,GF429 CINT “PADECEB”,,
JE7199C-00,ZK533D-SOFTWARE IN RUSSO V----,ZK533D RUSSIAN SOFTWARE,,
PE6814K-00,ZK0 - REPORT DI PRODUZIONE,ZK0 SOFTWARE PRODUCTION REPORT,,
SH4248T-00,ZK533 BOTUZU-SEZIONE CHIUSA,ZK533 CLOSED SECTION “BOTUZU”,,
YJ1615A-00,BOTUZU-XDB ZK533D+OPZIONI FACCIA,ZK533D PLUS FACE OPTIONS “BOTUZU BASAR”,,
BA7394R-00,"GF429 - MODIFICA DIAM. 114,3 V.4619","GF429 MODIFICATION DIAMETER 114,3",,
MU7893A-00,ZK489 MOD. PER PROG ISO V.23 V.4559,ZK489 MOD. FOR PROGRAM ISO V23,,
UE2673H-00,ZK0 SEZIONE NIGEZL RUFIGOP,ZK0 NIGEZL SECTION “RUFIGOP”,,
SA3868W-00,ZK533D - UPGRADE SW V.M.INOX V.4644,ZK533D SOFTWARE UPDATE GOK.INOX,,
WR6609W-00,ZK533D UPGRADE SW X PARUFOR V.4651,ZK533D PARUFOR UPDATE,,
NS7798N-00,ZK0 SEZIONE SPECIALE FAGEK V.4674,ZK0 SPECIAL SECTION “FAGEK”,,
WE5290H-00,ZK0 SECTION K-116401-1 V.4677,ZK0 SECTION K 116401 1,,
CY3993C-00,JB53 MOD. SW GESTIONE NASTRO V4700,JB53 MOD. SOFTWARE BELT MANAGEMENT,,
PW5360P-00,DODEVE UPGRADE PARUFOR V4493,DODEVE PARUFOR UPDATE,,
NE4329F-00,ZK593D UPGRADE PARUFOR V4494,ZK593D PARUFOR UPDATE,,
MU9172Y-00,ZK0-POST PROCESSOR FE IN N2 V4718,ZK0 POST PROCESSOR IRON IN N2,,
XA3499H-00,ZK1- SOFTWARE E PP GUBISIMALA,ZK1 SOFTWARE AND PP “GUBISIMALA”,,
YE3348E-00,DODEVE-XDB GEST.PASS.LUNETTA V4766,DODEVE MANAG. STEADY REST “BASAR”,,
FK0177M-00,ZK533D CICLO DI ORIENTAMENTO V4648,ZK533D ORIENTATION CYCLE,,
DY6154N-00,ZK0-CENTRAGGIO FACCIA SPECIF.V4817,ZK0 CENTERING SPECIFIC FACE,,
AU9021E-00,ZK533D PROFILO MEBAM COKE .V4536,ZK533D SPECIAL PROFILE “MEBAM COKE”,,
JW2552R-00,GF429-SOFTWARE IN OLANDESE,GF429 DUTCH SOFTWARE,,
HK3535D-00,ZK533D UPGRADE SW CELUTEBA V.4876,ZK533D SOFTWARE UPDATE “CELUTEBA”,,
GM3645G-00,ZK0 SECIONE SPECIALE V.4816,ZK0 SPECIAL SECTION,,
AD8444A-00,AGGIORNAMENTO SOFTWARE MUCEVIL,MUCEVIL SOFTWARE UPDATE,,
LY9564H-00,ZK0-SEZIONE A GOCCIA DAZEP V.4899,ZK0 DROP-SECTION “DAZEP”,,
UZ1671U-00,ZK097D-SPECIAL SECT. BASIR V4890,ZK097D SPECIAL SECTION “BASIR”,,
DY6576H-00,ZK0 SW VPN R19481,ZK0 SOFTWARE VPN,,
GA2842B-00,QG532 SW MACCHINA IN PORTOGHESE,QG532 PORTUGUESE SOFTWARE,,
KE0960C-00,ZK0 - PAVN - NOME PROGRAMMA V.4712,ZK0 PROGRAM NAME “PAVN”,,
DZ3292M-00,PAVN - SEZIONE SPECIALE 1A V.7382,SPECIAL SECTION 1A “PAVN”,,
VS8364L-00,PAVN - SEZIONE SPECIALE 1B V.7377,SPECIAL SECTION 1B “PAVN”,,
RK3219M-00,PAVN - SEZIONE SPECIALE 3 V.,SPECIAL SECTION 3 “PAVN”,,
JR3452D-00,PAVN - SEZIONE SPECIALE 4 V.,SPECIAL SECTION 4 “PAVN”,,
DK8884C-00,FIVOMI UPGRADE SW ZK533D V.4942,ZK533D SOFTWARE UPDATE “FIVOMI”,,
VT7342V-00,FIVOMI UPGRADE SOFTWARE ZK0 V.4941,ZK0 SOFTWARE UPDATE “FIVOMI”,,
UR4753J-00,ZK0-CENTRAGGIO BOOSTER V5034,ZK0 CENTERING WITH BOOSTER,,
NJ8165V-00,ZK533D - SEZIONE LULIMIRA V.5054,ZK533D SECTION “LULIMIRA”,,
KZ4805W-00,QG532-MAPPATURA RISCONTRI V5089,QG532 LOCATORS MAPPING,,
FS7568T-00,QG532-SW IN TURCO V4532,QG532 TURKISH SOFTWARE,,
YG2849B-00,DODEVE ATTIVAZIONE 6 RAP20644,DODEVE ACTIVATION 6,,
ZJ7981L-00,ZK533D-CENTRAGGIO CON BOOSTER V5119,ZK533D CENTERING WITH BOOSTER,,
EF1198J-00,DODEVE-MIGLIORIE SCARICO7.5M V5107,"DODEVE IMPROVEM. UNLOADER L=7,5m",,
MW6331P-00,ZK0 LAVORAZIONE SEZIONE 11B V.5120,ZK0 PROCESSING SECTION 11B,,
LW1471Z-00,DT.12.0015N78 - CICLI PORTALE,DT.12.0015N78 LOADING PORTAL CYCLE,,
HB4861Y-00,ZK0-GESTIONE L INVERSA,ZK0 REVERSE “L” MANAGEMENT,,
JD1343T-00,ZK8 - BARRA INTERA & SFRIDO MINIMO,ZK8 FULL BAR MINIMUM SCRAP,,
AJ6266E-00,ZK0-SEZ.NIGEZL PROFILO CASSAF.V5156,ZK0 NIGEZL FORMWORK SECTION,,
TY1427A-00,ZK533-REFER. CYCLE WITH BOOS. V5088,ZK533 REFER. CYCLE WITH BOOS.,,
HY4175K-00,DODEVE-RID.SFRIDO LAM.MANDR. V5167,DODEVE SCRAP REDUCTION,,
PT7303G-00,ZK1- ANALYSIS MONTHLY REPORT PROGR.,ZK1 ANALYSIS MONTHLY REPORT PROGRAM,,
VK6608A-00,GF429-CORREZ. RIPRESA CARR. V5117,GF429 CARRIAGE RECOVERY CORRECTION,,
KN3675E-00,ZK0 DUE SEZIONI SPEC. NIGEZL V5194,ZK0 NIGEZL N°2 SPECIAL SECTIONS,,
CE0467Z-00,ZK0-SEZIONE NIGEZL VOCO5175,ZK0 NIGEZL SECTION,,
MW5291X-00,ZK0-RODONL SEZIONE NIGEZL VOCO5249,ZK0 NIGEZL SECTION “RODONL”,,
JN7357E-00,ZK593D-XDB-C52+PROF.AP.STD+MET? PZ,ZK593D C52+STAND.OPEN PROF.+METAL “BIZ”,,
LZ8631H-00,FG02 SOFTWARE MACCH IN UNGHERESE,FG02 HUNGARIAN SOFTWARE,,
PE4302Y-00,ZK533D MOD PER BANCO RACCOLTA V5281,ZK533D MOD. SOFTWARE COLLECTION BENCH,,
KE9032X-00,ZK1SMR AGG E CHIAVE FLOATING MUCEVIL,ZK1 UPDATE-MUCEVIL FLOATING KEY “GOS”,,
AV1937A-00,NOZUT - MOD. SOFTWARE TOKAKARI,NOZUT SOFTWARE MODIFICATION “TOKAKARI”,,
KP6616W-00,ZK533D MOD. SW FOTOBAR CARR. V5264,ZK533D MOD. SOFTWARE CARRIAGE PHOTOCELL,,
TF5191Y-00,ZK0-SEZ.NIGEZL+PARAM.BASE V5290,ZK0 NIGEZL SECTION + PARAMETERS,,
RF5283F-00,FG02-SOFTWARE E MANUALE IN CECO,FG02 CZECH SOFTWARE AND MANUAL,,
UK5551U-00,ZK0 AGGIORNAMENTO SW DE ZEBUTA V5291,ZK0 SOFTWARE UPDATE “DE ZEBUTA”,,
LH1376F-00,ZK533D CICLO DI ROTAZIONE R22261,ZK533D ROTATION CYCLE,,
DA1749M-00,ZK0-AGG. SW ZK0 V5316,ZK0 SOFTWARE UPDATE,,
EZ3014F-00,DODEVE-SEZIONE SPECIALE V5176,DODEVE SPECIAL SECTION,,
AL8067F-00,FG02 - INCH SOFTWARE (SPA-ENG),FG02 INCH SOFTWARE (SPANISH-ENGLISH),,
KR0744X-00,GF429-CICLO ATTESA BARRA RAP22462,GF429 BAR WAITING CYCLE,,
VZ0195D-00,ZK0-INSER. DATO ORDINE LOTTO R22321,ZK0 BATCH ORDER DATA ENTRY,,
PW5549W-00,ZK0-CICLO DISTANZA ASSE V V5329,ZK0 CYCLE DISTANCE “V” AXIS,,
XD5887P-00,GUPUMUEZK-CICLO TORSIONE V5333,TORSION CYCLE “GUPUMUZEK”,,
WZ0602D-00,FG02 - SOFTWARE IN PORTOGHESE,FG02 PORTUGUESE SOFTWARE,,
NX6694E-00,"PERACULR - NOVEZ VEZEN MOD. TO 7,25M","PERACULR NOVEZ VEZEN MOD. TO 7,25m",,
XR4189R-00,TRANSPO-ACTIVE PIERCING V5363,TRANSPO-ACTIVE PIERCING,,
TH1769F-00,ZK483 AGGIORNAMENTO VER.5.01,ZK483 UPDATE VER.5.01,,
KN1219F-00,FG02 - RINSING SYSTEM,FG02 RINSING SYSTEM,,
BH9586D-00,JB53-SCALA ASSE Y PER FY922 V5389,JB53 “Y” AXIS SCALE FOR FY922,,
JP6042W-00,DODEVE-SW IN TURCO V5402,DODEVE TURKISH SOFTWARE,,
AP5162E-00,ZK533D-LOT TIME REDUCTION,ZK533D LOT TIME REDUCTION,,
NG0951Y-00,ZK489 PREP COL FOTOBARRIER VOCO5343,ZK489 PHOTOBARRIER COLUMN PRED.,,
LD2425V-00,DODEVE-CENTRAGGIO ACT-PIERC. V5210,DODEVE CENTERING ACTIVE PIERCING,,
WE7832T-00,BASIR-UPGRADE X PARUFOR V5216,PARUFOR UPDATE “BASIR”,,
YU4003J-00,ZK8 SW MACCHINA PORTOGHESE R23502,ZK8 PORTUGUESE SOFTWARE,,
GH9101S-00,ZK533D-MOD.VISUAL.TABELLE TEC.V5453,ZK533D MOD. DISPLAY TECHN. TABLES,,
TV4852L-00,ZK0-XDB MARCATURA INCLINATA V5392,ZK0 INCLINED MARKING “BASAR”,,
KR1650Y-00,ZK0-VAVESIK UPGRADE SOFTWARE V.5460,ZK0I SOFTWARE UPDATE “VAVEISK”,,
KE3489H-00,ZK489 MOD. POST-PRO V31 V5464,ZK489 V31 POST PROCESSOR,,
LJ5647K-00,DODEVE-ABILIT.AUTOM.SOSTENIT.V5454,DODEVE ENABLING AUTOMAT. SUPPORTER,,
TW0779V-00,GF429-MUPEMANAG AGGIORNAM. SW V5476,GF429 SOFTWARE UPDATE “MUPEMANAG”,,
WZ5655W-00,ZK932-CICLO RITORNO CATENE CARICAT.,ZK932 CYCLE RETURN CHAINS LOADER,,
KB9478E-00,ZK593D-MODIFICA DIAMETRO 10 MM,ZK593D MOD. SOFTWARE X DIAMETER 10mm,,
RS8704R-00,ZK0 PROFILO SPECIALE H100.327,ZK0 SPECIAL PROFILE H100.327,,
NW8420C-00,ZK0 3 SEZIONI NIGEZL V5478,ZK0 NIGEZL N°3 SECTIONS,,
GM5575H-00,DODEVE SEZ. SPEC. MEMAKAZA V.5487,DODEVE SPECIAL SECTION “MEMAKAZA”,,
MH1301W-00,ZK533D SW UPGRADE RAP24042,ZK533D SOFTWARE UPDATE,,
UX3037E-00,ZK533D-GEST.MOVIMENTO LUNETTA V5381,ZK533D STEADY REST MOVEMENT MANAGEMENT,,
TZ8175T-00,ZK0-GEST.MOVIMENTO LUNETTA V5390,ZK0 STEADY REST MOVEMENT MANAGEMENT,,
KM2733P-00,ZK0-NIGEZL FILE SEZIONE P-W12 V4430,ZK0 NIGEZL SECTION P-W12,,
HJ1222A-00,ZK8 SOFTWARE IN ESTONE V5508 =>UT,ZK8 ESTONIAN SOFTWARE,,
WC0565V-00,DODEVE-RIFERIM.LAVOR.FACCIA V5494,DODEVE REFERENCE PROCESSING FACE,,
BU2364R-00,DODEVE PROFILO SPECIALE V5408,DODEVE SPECIAL PROFILE,,
TF9861A-00,ZK523D-SEZ. SOKUPUCIPK V.5542,ZK523D SECTION “SOKUPUCIPK”,,
MP1915F-00,DODEVE-FILE SEZIONE SPEC. VOCO____,DODEVE FILE SPECIAL SECTION,,
NA4440G-00,SEZ.SPEC.30X25 GUPUMUEZK_V5530___,SPECIAL SECTION 30x25 “GUPUMUEZK”,,
NC4872G-00,PROFILO MUCESAT H100-772 VOCO 5534,SPECIAL PROFILE H100-772 “MUCESAT”,,
UJ6753D-00,PROFILO MUCESAT H128-124 VOCO 5537,SPECIAL PROFILE H128-124 “MUCESAT”,,
VK2705W-00,ZK523 UPGRADE PROF. APERTI,ZK523 OPEN PROFILES UPDATE,,
CY6373S-00,ZK523D - 30X6 SOKUPUCIPK V.5543,ZK523D 30x6 “SOKUPUCIPK”,,
FF6180M-00,GF429 DIAGNOSTICA FOTOCELL. V.5539,GF429 PHOTOCELL DIAGNOSTICS,,
ED0904T-00,ZK593D-SPEGNIMENTO ANTICIP. V5547,ZK593D EARLY POWER OFF,,
TU1620Y-00,PROFILO MUCESAT H100-770 VOCO 5533,SPECIAL PROFILE H100-770 “MUCESAT”,,
TX0747Y-00,PROFILO MUCESAT H128-043 VOCO 5535,SPECIAL PROFILE H128-043 “MUCESAT”,,
GB7871Z-00,PROFILO MUCESAT H128-066 VOCO 5536,SPECIAL PROFILE H128-066 “MUCESAT”,,
KZ9909F-00,GF429-RID.SFRIDO CON RIPRESA V5548,GF429 SCRAP REDUCTION W RECOVERY,,
SM8601Y-00,ZK8-SOFTWARE IN LINGUA POLACCA,ZK8 POLISH SOFTWARE,,
NA4214A-00,ZK593D- 2 SEZ.C SEMICHIUSA V5549,ZK593D N°2 SEMICLOSED SECTION,,
UU3315U-00,GF429-ABILITAZIONE CONTAPEZZI X1 X2,GF429 PIECE COUNTER X1 X2 ENABLING,,
AT6586J-00,ZK0 UPDATE SW RAP24985,ZK0 UPDATE SOFTWARE,,
KV8319U-00,ZK0 SPECIAL SECTION N?1,ZK0 SPECIAL SECTION N°1,,
BE5308K-00,ZK0 SPECIAL SECTION N?2,ZK0 SPECIAL SECTION N°2,,
MY6641F-00,ZK0 SPECIAL SECTION N?3,ZK0 SPECIAL SECTION N°3,,
EY8095R-00,ZK0 UPGRADE PER ENTERPRISE V.5570,ZK0 ENTERPRISE UPDATE,,
RW5508B-00,GF429 AGG. SW 0670501070101 V5568,GF429 SOFTWARE UPDATE 0670501070101,,
NV5341N-00,ZK0-3 SEZIONI NIGEZL DIZAG VOCO5526,ZK0 NIGEZL N°2 SECTIONS DIZAG,,
SD7768C-00,ZK533D SEZIONI SPECIALE RAP25142,ZK533D SPECIAL SECTIONS,,
VF4969B-00,ZK533D GESTIONE ROBOT V5596,ZK533D ROBOT MANAGEMENT,,
YX3281Z-00,ZK593D GESTIONE ROBOT V5598,ZK593D ROBOT MANAGEMENT,,
GH4380B-00,ZK483-ABILIT. PARUFOR ENTERPR.V5618,ZK483 PARUFOR ENTERPRISE ENABLING,,
JP8284W-00,ZK533D-ABILIT.PARUFOR ENTERPR.V5619,ZK533D PARUFOR ENTERPRISE ENABLING,,
KW3241H-00,ZK0 - SOFTWARE IN UNGHERESE =>UT,ZK0 HUNGARIAN SOFTWARE =>UT,,
JY9678L-00,ZK523D MOD PARUFOR RAP25424,ZK523D PARUFOR MODIFICATION,,
DE2632V-00,DODEVE MOD PARUFOR ENTERPR V5657,DODEVE PARUFOR ENTERPRISE MODIFICATION,,
YB9496H-00,ZK593D TELEDIAGNOSI VPN V5662,ZK593D VPN TELEDIAGNOSIS,,
DJ3978J-00,SEZIONE NIGEZL PROF SPECIALE R25703,NIGEZL SPECIAL SECTION,,
HK8636R-00,ZK0 WEB-BASED MONITORING SYSTEM,ZK0 WEB BASED MONITORING SYSTEM,,
NT0269M-00,GUMIDOBUC SCARICO ANT. 3000 MM V5671,MACHINE FLEX FRONT UNLOADER L=3m,,
EL7007V-00,ZK BENDING COMPENSATION MODULE,ZK BENDING COMPENSATION MODULE,,
MN2282G-00,ZK8-INTERVALLO RIC.SALDATURA V5654,ZK8 WELD SEARCH INTERVAL,,
JU2624D-00,KESIG-CENT./TORSION CYCLES V5721,TORSION-CENTERING CYCLE “KESIG”,,
KK2254J-00,ZK0 TASK COMPENSAZ. CURVATURA V5726,ZK0 TASK COMPENSATION CURVATURE,,
NV3864A-00,DODEVE-INTERFACCIA IN FINL. V5733,DODEVE FINNISH SOFTWARE,,
XK6421A-00,ZK0 DUE SEZIONI NIGEZL R26006,ZK0 NIGEZL N°2 SECTIONS,,
JJ6373N-00,ZK483 AGGIORN. SW PER NIGEZL V5719,ZK483 SOFTWARE UPDATE FOR NIGEZL,,
XE4830R-00,FG02 - SOFTWARE OTTIMIZ. GUIDALAMA,FG02 SOFTWARE SAWBLADE GUIDE OPTIMIZAT.,,
HA4818B-00,ZK533D-PRED.RACCOLTA DATI VOCO5752,ZK533D DATA COLLECTION,,
AE6485D-00,GF429-TRAD. PANNELLO COREANO V5750,GF429 KOREAN PANEL TRANSLATION,,
XL9127T-00,ZK483-UPGRADE PER PROT. ENT. V5287,ZK483 PARUFOR ENTERPRISE UPDATE,,
PN5965Z-00,ZK932 - UPGRADE PARUFOR V.5771,ZK932 PARUFOR UPDATE,,
ZJ2298T-00,ZK0-SW PER MO1430 CUCCH. D38 INT.,ZK0 SOFTWARE FOR MO1430 TUBE CLEANER d38,,
PP1988F-00,DODEVE UPGRADE ENTERPRISE R26214,DODEVE UPDATE ENTERPRISE,,
PA7016A-00,ZK0 ACTIVE MARKING R26215,ZK0 ACTIVE MARKING,,
GD1491B-00,MOKENIR - SOFTWARE IN TURCO V.,MOKENIR TURKISH SOFTWARE,,
RK3135C-00,GUMIDOBUC-NESTING ALTERNATO V5770,GUMIDOBUC ALTERNATING NESTING,,
GF2895U-00,GUMIDOBUC-PREVISONE PRECARICO V5769,GUMIDOBUC PRELOAD PREVISION,,
XJ7140F-00,ZK8-SW IN LITUANO V5782 =>UT,ZK8 LITHUANIAN SOFTWARE,,
YK4488G-00,SOFTWARE IN CECO PER ZK8,ZK8 CZECH SOFTWARE,,
EL6188P-00,ZK0 UPGRADE SOFTWARE PIK.RIK.RIK. V.5785,ZK0 SOFTWARE UPDATE “PIK.RIK.RIK.”,,
TV1540J-00,ZK0 MOD SW CICLO SPINTORI V.5813,ZK0 MOD. SOFTWARE PUSHING DEVICE CYCLE,,
NB5128P-00,ZK593D MOD SW MANDR. CIL EXT V.5786,ZK593D MOD. SW SPINDLE EXT. CYLIND.,,
AH1123Y-00,ZK593D PARAMETRI PROT. CHIAVE V5209,ZK593D KEY PARUFOR PARAMETERS,,
TF0896Z-00,ZK533D-SPINTA PEZZO PARAMETR.V5699,ZK533D PARAMETERS PUSH PIECE,,
BV5364P-00,ZK533D-ABILITAZ.ROTAZIONE FINEPEZZO,ZK533D ENABLING END PIECE ROTATION,,
PR9122R-00,ZK0-RACCOLTA DATI BIZ S7 VOCO4881,ZK0 S7 DATA COLLECTION “BASAR”,,
KB1657U-00,ZK1 - MACHINE SOFTWARE IN TURKISH,ZK1 TURKISH SOFTWARE,,
JG8962A-00,NIGEZL - LIBRERIA GESTIONE TRAVI,NIGEZL BEAM MANAGEMENT LIBRARY,,
KX0022B-00,ZK0-RIFERIM.GEOMETRIA FACCIA V5828,ZK0 FACE GEOMETRY REFERENCE,,
SU1408S-00,DODEVE GASOREPU - UPGRADE SW,DODEVE SOFTWARE UPDATE “GASOREPU”,,
KW7896P-00,DODEVE UPGRADE SW V5870,DODEVE SOFTWARE UPDATE,,
DH6230N-00,ZK8-ABILITAZ. ROTAZIONE FINE PEZZO,ZK8 ENABLING END PIECE ROTATION,,
GC1042C-00,ZK523D-USO PARUFOR EXPRESS V5891,ZK523D PARUFOR EXPRESS USE,,
EX2422K-00,ZK0 FIBER-CENTRAGGIO CON ACTIVE PIE,ZK0 FIBER CENTERING WITH ACTIVE PIERCING,,
DK3892A-00,ZK8-REMOTAZIONE CONTROLLO RAP26810,ZK8 REMOTE CONTROL,,
GV1139B-00,ZK0 - KOR SEZ.SPEC. 7325201 V.----,ZK0 KOR SPECIAL SECTION 7325201,,
TD5934U-00,ZK0 - KOR SEZ.SPEC. ------- V.----,ZK0 KOR SPECIAL SECTION,,
WH6810H-00,ZK8-MODIFICHE CN REMOTO V5908,ZK8 CN REMOTE MODIFICATIONS,,
GG2622F-00,FG02-SW SCARICO PEZZI BOTOLA LAVAG.,FG02 SW PARTS UNLOADING HATCH WASHING,,
RD9550J-00,SOFTWARE IN CECO PER MOKENIR,MOKENIR CZECH SOFTWARE,,
JL0240C-00,AGG. LICENZE MUCEVIL VOFACEGIZ,MUCEVIL LICENSES UPDATE “VOFACEGIZ”,,
RN5360N-00,LEVOVL ZK533 SW UPGRADE FOR PARUFOR,ZK533 PARUFOR UPDATE “LEVOVL”,,
BH5210S-00,RIFATEP UPGRADE SW ZK0 VOCO4620,ZK0 SOFTWARE UPDATE “RIFATEP”,,
ZB3296C-00,MODULO MUCEVIL IMPORTAZIONE FILE.RAL,MUCEVIL MODULE IMPORT RAL FILES,,
AU2163H-00,ZK8-GESTIONE TABELLE COMPENS.V5964,ZK8 COMPENSATION TABLE MANAGEMENT,,
TW0537V-00,FG02-SW ELIM. CICLO SVUOTAMENTO,FG02 SOFTWARE ELIMINATED EMPTYING CYCLE,,
VX4578Z-00,ZK593D SW CENTR. SALDATURA PS V5720,ZK593D SOFTWARE CENTERING PS WELD,,
ZV1906N-00,MOKENIR-SOFTWARE IN POLACCO V5971,MOKENIR POLISH SOFTWARE,,
HU5378J-00,ZK533D UPGRADE SW MACCHINA V5976,ZK533D MACHINE SOFTWARE UPDATE,,
NS6736V-00,ZK533D SEZIONE C A0079856351 V5975,ZK533D C-SECTION A0079856351,,
RA0387D-00,ZK0 MOD CICLICA PER PIATTINA R27130,ZK0 MOD. FLAT PLATE CYCLE,,
XT6598S-00,GF429 PZ TAGLIATI LAMA V5979,GF429 CUT PIECE SAWBLADE,,
AT7217R-00,DODEVE-FILE SEZ.NIGEZL+TORS. V5962,DODEVE NIGEZL SECTION + TORSION,,
HS3987A-00,ZK533 TAB. COMP. TUBI CURVI V.6045,ZK533 CURVED TUBE COMPENSATION TABLE,,
PJ9473M-00,ZK8-SOFTWARE IN SVEDESE,ZK8 SOFTWAREEDISH SOFTWARE,,
HV1125C-00,ZK0-INTESTATURA SFRIDI LUNGHI V5775,ZK0 FACING LONG SCRAP,,
MN7704R-00,ZK0-NESTING PROFILO TRIANGOL. V5881,ZK0 NESTING TRIANGULAR PROFILE,,
XA4192X-00,ZK533-GOGASIFAK AGGIORNAM. SW V6029,ZK533 SOFTWARE UPDATE “GOGASIFAK”,,
PD9712M-00,FG02-CONTAPEZZI E GEST. SCIVOLO UT.,FG02 PIECE COUNTER-CHUTE MANAGEMENT UT.,,
GJ4692N-00,ZK0 PROF.SPEC A D V6065,ZK0 SPECIAL SECTION “D”,,
DB6344C-00,ZK0 MOD SW PER ALLARMI V6087,ZK0 ALLARMS SOFTWARE,,
ZK5879U-00,VIVUBILOFN MOD. PER ZK523D V6046,ZK523D VIVUBILOFN,,
DB6809P-00,ROLUG-SEZIONE NIGEZL V6093,NIGEZL SECTION “ROLUG”,,
YX4200W-00,GF429 LOZAFOZ MOD. COMANDI V.5970,GF429 MOD. COMMANDS,,
EE0954V-00,ZK533D-RIFERIM.FORI P.A.BORDO V6104,ZK533D RIFERIMENTO FORI P.A.BORDO,,
ZR6182S-00,ZK533D/DODEVE-FILE LEV PROF. V6055,ZK533D/DODEVE FILE LEV PROFILE,,
GN7210X-00,ZK8-REPORT DI PRODUZIONE RAP27710,ZK8 SOFTWARE PRODUCTION REPORT,,
ET9640L-00,MOKENIR SW MACCHINA IN PORTOGHESE,MOKENIR PORTUGUESE SOFTWARE,,
DN6841B-00,PIRASEGOMU-SEZIONE SPECIALE PROF 1A,SPECIAL SECTION 1A “PIRASEGOMU”,,
WH0919E-00,ZK8 SEZIONE NIGEZL V6127,ZK8 NIGEZL SECTION,,
GE6368D-00,GF429 - CORSA TESTA + 10 MM V.6148,GF429 HEAD STROKE + 10mm,,
FW4877L-00,ZK0 TABELLA COMP. CURVATURA R27911,ZK0 CURVATURE COMPENSATION TABLE,,
FZ9429W-00,ZEDUMEZS SEZIONE SPECIALE 1,SPECIAL SECTION 1 “ZEDUMEZS”,,
KD7227T-00,PUR - SEZIONE DRAW1 V.6190,SECTION DRAW1 “PUR”,,
WV6522V-00,ZK533D-RIFER. GEOMETRIE BORDO V6198,ZK533D EDGE GEOMETRY REFERENCE,,
LN2105F-00,GF429 RIPART. DOPO MAN. V5793,GF429 RESTART AFTER MANUAL,,
LW3836D-00,ZK8-SW IN LINGUA RUSSA VOCO 6229,ZK8 RUSSIAN SOFTWARE,,
VF1776Y-00,DODEVE SEZIONE NIGEZL R28449,DODEVE NIGEZL SECTION,,
VK3203Z-00,ZK533D SEZIONE NIGEZL R28490,ZK533D NIGEZL SECTION,,
HV7428E-00,ZK0-XDB SPECIALE (SPOST.LUNETTA),ZK0 SPECIAL STEADY REST SHIFT “BASAR”,,
TJ5889X-00,ZK0-PARUFOR EXPRESS RAP28753,ZK0 PARUFOR EXPRESS,,
XD2861W-00,ZK593D - UTILIZZO PORTA USB V.6264,ZK593D USB PORT USE,,
ZS5293Y-00,ZK533D-UPGRADE X ENTERPRISE V.6293,ZK533D UPDATE X PARUFOR ENTERPRISE,,
DW6987H-00,JB53 SW MACCHINA IN OLANDESE,JB53 DUTCH SOFTWARE,,
CT0698T-00,ZK8 - SOFTWARE IN UNGHERESE =>UT,ZK8 HUNGARIAN SOFTWARE =>UT,,
VP0229T-00,ZK1 -SEZIONE SPECIALE NIGEZL HEA100,ZK1 NIGEZL SPECIAL SECTION HEA100,,
JF7546T-00,DODEVE CICLO SPEC. ZELIFOTR V.6314,DODEVE SPECIAL CYCLE “ZELIFOTR”,,
PZ4106E-00,DODEVE SEZIONI SPECIALI (2) V6336,DODEVE SPECIAL SECTIONS (2),,
NP3512X-00,QJ8 EXTERNAL ERP INTEGRATION CIVIN,QJ8 EXTERNAL ERP INTEGRATION CIVIN,,
PJ2782Y-00,ZK593D PARAMETRO R SCARICO V6341,ZK593D “R” PARAMETER UNLOADING,,
NV3476J-00,GF429-SEGNALI START-STOP V6375,GF429 START-STOP SIGNALS,,
GF6972H-00,ZK0-CORRETTORE UTENSILE O2 V6386,ZK0 TOOL CORRECTOR O2,,
AC9307Z-00,ZK0 - PARUFOR ENTERPRISE VOCO.6009,ZK0 PARUFOR ENTERPRISE,,
TV3206G-00,DODEVE CICLO CUCCHAIO V6328,DODEVE TUBE CLEANER CYCLE,,
JU4852F-00,FG02-SW GESTIONE PROGR. PEZZO E ALL,FG02 SOFTWARE PART PROGRAM MANAGEMENT,,
PL0852R-00,ZK593D-CICLI SEZIONE SPECIALE V6388,ZK593D CYCLES SPECIAL SECTION,,
JS9971G-00,ZK0 MOD PER PARUFOR EXPRESS V6332,ZK0 PARUFOR EXPRESS MODIFICATION,,
HU4807Z-00,ZK523D MOD. PER KIT 6,ZK523D MOD. FOR KIT 6,,
RA1858G-00,MOKENIR SW BLOCCO MACCHINA R29732,MOKENIR SOFTWARE LOCKED MACHINE,,
NV9217F-00,ZIK-DUBUV - UPGRADE X PARUFOR V4489,PARUFOR UPDATE “ZIK-DUBUV”,,
WH4901X-00,FK493 - CONCATEN. CON YK442 V.6236,FK493 CHAINING WITH YK442,,
GL7285X-00,GF429 - CONTAPEZZI V6370,GF429 PIECE COUNTER,,
AK2613M-00,GF823-MORSETTI CHIUSI XTAGLIO V5604,GF823 CLOSED CUTTING CLAMPS,,
SD5625A-00,DODEVE - SEZ. SPEC. NOSUTODUR,DODEVE SPECIAL SECTION “NOSUTODUR”,,
RG5430G-00,ZK0 - MARCATURA DINAMICA VOCO 6302,ZK0 DYNAMIC MARKING,,
MS9727E-00,ZIROPOK - SEZ. 2013-319-0 V.6450,SECTION 2013-319-0 “ZIROPOK”,,
KN9903M-00,ZIROPOK - SEZ. 05476761 V.6451,SECTION 05476761 “ZIROPOK”,,
FE6732Z-00,ZIROPOK - SEZ. 05476843 V.6452,SECTION 05476843 “ZIROPOK”,,
ZB1002H-00,ZIROPOK - SEZ. 2235-039-0 V.6454,SECTION 2235-039-0 “ZIROPOK”,,
PL7813B-00,ZIROPOK - SEZ. 1001137696 V.6459,SECTION 1001137696 “ZIROPOK”,,
ZZ4636U-00,ZK0 MOD X TAGLIO 4 PROFILI H V6377,ZK0 MOD. FOR 4 CUT H-PROFILE,,
DP0737U-00,IN/OUTPUT SIGNALS COVER OPEN/CLOSE,IN/OUTPUT SIGNALS COVER OPEN/CLOSE,,
PT1470C-00,GF429 - COMP. ERRORE LUNGH. V.6472,GF429 LENGTH ERROR COMPENSATION,,
KK3512X-00,GF429-PRESA MINIMA ALLA FINE V6058,GF429 MINIMUM GRIP AT THE END,,
XV3877Z-00,ZK0-NEW SET PARAMETRI DEFAULT V6501,ZK0 NEW SET PARAMETRI DEFAULT,,
MN5189U-00,ZK0-NEW CICLO ANTICIPO SFRIDO V6016,ZK0 NEW CYCLE ADVANCE SCRAP,,
MZ8044X-00,ZK8 SW MACC IN OLANDESE,ZK8 DUTCH SOFTWARE,,
GM0558K-00,MOKENIR-SW TURCO PANNELLO NUOVO,MOKENIR TURKISH SOFTWARE NEW PANEL,,
MY6483S-00,GF423-SW TURCO PANNELLO NUOVO,GF423 TURKISH SOFTWARE NEW PANEL,,
BW6101W-00,ZK533D-ALTRA DOTAZ.TRILOBATO V6522,ZK533D OTHER TRILOBAL EQUIPMENT,,
DU4058W-00,PUR - SEZIONE PROFILO V.6534,SECTION PROFILE “PUR”,,
WA7942S-00,NUN.DESN - CICLO TUBI FORATI V.6543,MOD. PERFORATED TUBE CYCLE,,
EE0023T-00,GF423-ESTENSIONE A 410 MM RAP30689,GF423 EXTENSION TO 410mm,,
UA1193S-00,JB53-INTERFACCIA IN SVEDESE V6588,JB53 SOFTWAREEDISH SOFTWARE,,
FT8651L-00,PUR - SEZIONE DRAW1 -02 V.6620,SECTION DRAW1-02 “PUR”,,
PJ5413U-00,ZK533D-3 SEZIONI NIGEZL V6787,ZK533D NIGEZL N°3 SECTIONS,,
JL1229U-00,FG02-SW CARICO MAN. PEZZI TAGLIATI,FG02 SOFTWARE MANUAL LOAD CUT PIECES,,
EY5331Z-00,JB53-RICERCA PROGRAMMA V6645,JB53-RESEARCH PROGRAM,,
GU9736B-00,ZK037D-AGGIORNAMENTO SW V6292,ZK037D SOFTWARE UPDATE,,
RG6809M-00,ZK0 RETROFIT ACTIVE SCAN V6646,ZK0 RETROFIT ACTIVE SCAN,,
EU7084S-00,ZK8-SOFTWARE IN LETTONE =>UT,ZK8 LATVIAN SOFTWARE =>UT,,
NX8088U-00,ZK0 SEZIONI SPECIALI V6673,ZK0 SPECIAL SECTIONS,,
AS9489K-00,ZK0FIBER-OUTPUT PZ NON CADUTO V6647,ZK0FIBER OUTPUT PIECE NOT DROPPED,,
RN3668Z-00,ZK0FIB-POS.TAVOLA SCAR.FISSO V6648,ZK0 FIBER FIXED UNLOADER TABLE POSITION,,
AB7597N-00,SEZIONE A L 50X50 MM RAP31393,SECTION “L” 50x50,,
WK0740D-00,JB53 MARCATURA PERSONALIZZATA V6685,JB53 CUSTOM MARKING,,
RZ9843C-00,JB53 INTEGR. CON PARUFOR EXP. V6686,JB53 PARUFOR EXPRESS INTEGRATION,,
CJ9139-00,AGG.SW CIVEFL + DEZMOTION + GOTOVAK,SOFTWARE UPDATE CIVEFL+DEZMOTION+GOTOVAK,,
JJ7361J-00,ZK0 SEZIONE SPECIALE A T RAP31433,ZK0 SPECIAL T-SECTION,,
PX7997N-00,ZK523 - GESTIONE NOTE DA PARUFOR,ZK523 NOTE MANAGEMENT FROM PARUFOR,,
XK1934Y-00,WZ02-SW CORRETTORE UTENS. ON FLY,WZ02 SOFTWARE ON-FLY TOOL CORRECTOR,,
AA3181W-00,WZ02-SW SPUNTATURA CON TAVOLA ANTIB,WZ02 TRIMMING WITH ANTIB. BOARD,,
GN3012F-00,DODEVE-ABIL.20MM X LUN22-140 V6625,DODEVE ENABLING 20mm STEADYU REST22-140,,
BK5133L-00,WZ02-CONTROLLO UTENSILE 2 CANALI,WZ02 TOOL CONTROL 2 CHANNELS,,
MP0702K-00,DODEVE-UPGRADE PER ACTIVE SPEED,DODEVE ACTIVE SPEED UPDATE,,
XE3946P-00,DODEVE MARCATURA DYNAMICA V6101,DODEVE DYNAMIC MARKING,,
NY8367Z-00,ZK0 FIBER 2D ACTIVE SPEED V6719,ZK0 FIBER 2D ACTIVE SPEED,,
KH5024V-00,DODEVE-CONTROLLO ORIENTAM. V6704,DODEVE ORIENTATION CHECK,,
PM5773S-00,GF423-SOFTWARE IN TURCO RAP31769,GF423 TURKISH SOFTWARE,,
MU5179D-00,GF429-CONTAPZ. 0670401050401 R31770,GF429 PIECE COUNTER 0670401050401,,
LE2620E-00,GF429-CONTAPZ. 0670601080111 R31770,GF429 PIECE COUNTER 0670601080111,,
ZY4795V-00,GF429-CONTAPZ. 0670701101108 R31770,GF429 PIECE COUNTER 0670701101108,,
UX0489N-00,GF429-CONTAPZ. 0671102050104 R31770,GF429 PIECE COUNTER 0671102050104,,
HX3845Z-00,GF429-CONTAPZ. 0671202081105 R31770,GF429 PIECE COUNTER 0671202081105,,
WX1639M-00,GF423-CONTAPZ. 0671501020903 R31770,GF423 PIECE COUNTER 0671501020903,,
DY6712M-00,ZK8-XDB ABILITAZ. PROF.APERTI&SPEC.,ZK8 ENABLE OPEN/SPECIAL PROFILES”BASAR”,,
LV0564K-00,ZK8-OPZIONE RAL CHIAMATE PROG.V6741,ZK8 RAL CALL OPTION,,
FP0850L-00,ZK8-NO RIFILO CICLO SFRIDO 0 V6742,ZK8 NO TRIM ZERO SCRAP CYCLE,,
PW0208F-00,ZK533D-NO RIFILO CICLO SFRIDO 0,ZK533D NO TRIM ZERO SCRAP CYCLE,,
VZ9372M-00,ZK0-NO RIFILO CICLO SFRIDO 0 V6523,ZK0 NO TRIM ZERO SCRAP CYCLE,,
JD6737D-00,ZK533D-OPZIONE RAL CHIAM.PROG.V6680,ZK533D RAL CALL OPTION,,
BZ1993B-00,ZK0-OPZIONE RAL CHIAMATE PROG.V6679,ZK0 RAL CALL OPTION,,
AZ7644L-00,ZK593D-CODIFICA UNIVOCA RALLE V6677,ZK593D SLEWING RINGS UNIQUE CODING,,
ZK1425X-00,ZK533D-CODIFICA UNIVOCA RALLE V6678,ZK533D SLEWING RINGS UNIQUE CODING,,
TZ0469T-00,ZK0 MOD. ACTIVE SCAN V6754,ZK0 MOD. ACTIVE SCAN,,
AT6760M-00,ZK0 MOD. ACTIVE SPEED V6755,ZK0 MOD. ACTIVE SPEED,,
NJ6420Y-00,DODEVE MOD. LIMITI LUNETTA V6408,DODEVE MOD. STEADY REST LIMITS,,
NA7338R-00,DODEVE SPEZZONAMENTO SFRIDO V6775,DODEVE SCRAP SPLITTING,,
MN6036H-00,ZK533D-ABILITAZ. ADV.CUSTOMER V6512,ZK533D ENABLING ADV CUSTOMER,,
VU6560Y-00,ZIROPOK - SEZIONE 322050 V.6792,SECTION 322050 “ZIROPOK”,,
FW8671E-00,BOPOR - COLL. PARUFOR-NICIM V.6731,PARUFOR-NICIM CONNECTION “BOPOR”,,
SW9795X-00,GUMIDOBUC - UPGRADE SW V6808,GUMIDOBUC SOFTWARE UPDATE,,
WJ3673G-00,GF423 SW IN POLLICI V6795,GF423 INCH SOFTWARE,,
LB0069N-00,ZK8-SEZIONE SPECIALE V6810,ZK8 SPECIAL SECTION,,
JA4776C-00,ZK8-CONTAPEZZI VOCO6799,ZK8 PIECE COUNTER,,
JZ9419X-00,GF423-INTERFACCIA FINLAND. RAP32069,GF423 FINNISH SOFTWARE,,
WL3145U-00,ZK0 SW PER PULSANTIERA MO2393,ZK0 SOFTWARE FOR CONTROL PANNEL MO2393,,
EN8774W-00,ZK1 AGGIORNAMENTO MUCEVIL,ZK1 MUCEVIL UPDATE,,
PH3256N-00,ZK483-ABILIT. PARUFOR EXPRESS V6841,ZK483 PARUFOR EXPRESS ENABLING,,
CH4446H-00,ZK8 MOD. SW PER VOT 2 KW V6820,ZK8 MOD. SOFTWARE FOR VOT 2 kW,,
CK4609H-00,ZK0 UPGRADE PER ACTIVE SPEED V.6840,ZK0 ACTIVE SPEED UPDATE,,
LJ3930A-00,MOKENIR - SOFTWARE IN BULGARO,MOKENIR BULGARIAN SOFTWARE,,
GG2270S-00,ZK593-INTEGRAZIONE PARUFOR EXPRESS,ZK593 PARUFOR EXPRESS INTEGRATION,,
ZR2865D-00,ZK533D SW UPGR. ACTIVE MARK V6128,ZK533D ACTIVE MARKING UPDATE,,
SG9211R-00,ZK0 - UPGRADE X PARUFOR EXP. V6733,ZK0 PARUFOR EXPRESS UPDATE,,
RP8254-00,AGGIORNAMENTO SW CIVEFL/PC,SOFTWARE UPDATE CIVEFL/PC,,
YZ4687M-00,ZK533D UPGRADE X ACTIVE SPEED V6862,ZK533D ACTIVE SPEED UPDATE,,
DT1484F-00,ZK0-SEZIONE SPECIALE ALETTA V6858,ZK0 SPECIAL FLAP SECTION,,
ZY1427J-00,ZK0-SEZIONE SPECIALE ANGOLARE V6871,ZK0 SPECIAL ANGULAR SECTION,,
LG7072Y-00,DODEVE-CICLO CENTR. SEZ. PIC.V6891,DODEVE CENTERING CYCLE SECTION,,
PD8711E-00,DODEVE SEZIONE TIDERAN BL15,DODEVE SECTION BL15 “TIDERAN”,,
EC5608T-00,DODEVE SEZIONE TIDERAN BL38,DODEVE SECTION BL38 “TIDERAN”,,
GP8937W-00,ZK533D-CERCA ASOLE BARRA PREF.V6929,ZK533D SEARCH PRE-DRILL. BAR SLOTS,,
LA0596D-00,ZK8-SCHEMI INTERFAC.SULIGAFON V6740,ZK8 DIAGRAMS INTERFACE SULIGAFON,,
VA9491P-00,ZK0-SEZ.CON ALETTA 35/50X50MM V6898,ZK0 FLAP SECTION 35/50x50,,
AB7713E-00,ZK0-SEZIONE IPN80 VOCO 6899,ZK0 SECTION IPN80,,
NZ6972G-00,ZK0-SEZIONE T60 VOCO 6900,ZK0 T-SECTION 60,,
EK4447G-00,ZK533D MOD PER TABELLA CURV. V6918,ZK533D MOD. FOR CURV. TABLE,,
BU2821F-00,DODEVE-PROF.SPECIALE PK0070 V6909,DODEVE SPECIAL PROFILE PK0070,,
WY6751N-00,ZK533D-COMPAT.PARUFOR ENTERPR.V6987,ZK533D PARUFOR ENTERPRISE,,
HL6138W-00,ZK0-FILE SEZ.SPECIALI V6949,ZK0 FILE SPECIAL SECTIONS,,
HF8838H-00,GF429 - MOD. SW X PUCOLUVUN V.6734,GF429 SOFTWARE FOR PUCOLUVUN,,
ZR9921R-00,ZK0-MOD. X PARUFOR ENTERPRIS.V.6967,ZK0 PARUFOR ENTERPRISE MODIFICAT.,,
BD1330Z-00,DODEVE-FILE SEZIONE TRIANGOL.V----,DODEVE FILE TRIANGULAR SECTION,,
HN0438Y-00,ZK0-FILE NIGEZL SEZ. FR58.502 V6980,ZK0 FILE NIGEZL SECTION FR58.502,,
BE4894H-00,ZK593-INTEGR. BANCO RACCOLTA V.7017,ZK593 COLLECTION BENCH INTEGRATION,,
PP1839G-00,DODEVE SEZIONE SPEC. 15A V.6946,DODEVE SPECIAL SECTION 15A,,
DY7718L-00,MOKENIR SFRIDO PEZZO BUONO RAP33183,MOKENIR GOOD PIECE SCRAP,,
MJ0134L-00,ZK8 SOFTWARE IN TURCO,ZK8 TURKISH SOFTWARE,,
ET1189B-00,DODEVE TAGLIO TUBI PREFORAT R33189,DODEVE PRE-DRILLED TUBE CUTTING,,
PD8348S-00,MOKENIR INTERFACCIA PER SOFF. V7067,MOKENIR BLOW SYSTEM INTERFACE,,
JL9095H-00,MOKENIR SCAMBIO CASSE V6684,MOKENIR EXCHANGE BOXES,,
PB9961N-00,DODEVE-DBT SPECIALE DINAM. V7063,DODEVE SPECIAL DYNAMIC “BASAR”,,
CW3737U-00,ZK593D - INTEGR. PARUFOR RAP33270,ZK593D PARUFOR INTEGRATION,,
MP7221S-00,ZK0 - INTEGR. PARUFOR RAP33270,ZK0 PARUFOR INTEGRATION,,
UL9297A-00,ZK96 - GIGILUMO SPECIAL SECTION,ZK96 SPECIAL SECTION “GIIGLUMO”,,
XU6688X-00,JB53 TASTO POSIZIONAM. CAMBIO MORSA,JB53 CLAMP CHANGE POSITIONING BUTTON,,
WP0720Z-00,DODEVE - LINOREPN SEZIONE 1A,DODEVE SECTION 1A “LINOREPN”,,
VM3611M-00,DODEVE - LINOREPN SEZIONE 11A,DODEVE SECTION 11A “LINOREPN”,,
VS8143G-00,DODEVE - LINOREPN SEZIONE SF1/B,DODEVE SECTION SF1/B “LINOREPN”,,
AE0238R-00,DODEVE - LINOREPN SEZIONE 2A,DODEVE SECTION 2A “LINOREPN”,,
TU3124A-00,DODEVE - LINOREPN SEZIONE 16A,DODEVE SECTION 16A “LINOREPN”,,
SD7866W-00,ZK533D - CICLO TORSIONE V7117,ZK533D TORSION CYCLE,,
WN1158B-00,DODEVE SEZIONE TIDERAN BL50,DODEVE SECTION BL50 “TIDERAN”,,
CN1043G-00,DODEVE SEZIONE TIDERAN BT15,DODEVE SECTION BT15 “TIDERAN”,,
EN2403U-00,TIDERAN TRAVERSO 65X36 VOCO 7169,PROFILE 65x36 “TIDERAN”,,
FD0623A-00,ZK0 UPGRADE PER ACTIVE SCAN V6954,ZK0 ACTIVE SCAN UPDATE,,
SM4996S-00,DODEVE-OPZ.SOSTENITORI BASSI V7160,DODEVE LOW SUPPORTERS OPTION,,
SG2326P-00,DODEVE CICLO IMBOCCO SICURO V7193,DODEVE SAFE MOUTH CYCLE,,
NN5605L-00,SEZIONE SPECIALE PROFIL-4 VOVO 7171,SPECIAL SECTION PROFILE-4,,
GP8471C-00,ZK533D-GAS PRESSURE SENSOR DC V7113,ZK533D GAS PRESSURE SENSOR DC,,
SW6740B-00,ZK483 MOD. X PARUFOR EXPRESS V.7202,ZK483 PARUFOR EXPRESS MODIFICATION,,
AL9823D-00,DODEVE-PROFILO T 37X34X2 MM V6850,DODEVE T-PROFILO 37x34x2,,
ZE2034A-00,ZK0-STRUMENTO INS.TORSIONE V----,ZK0 TORSION INSERTION TOOL V,,
XX7283D-00,ZK0-RICONOSCIMENTO FORI V----,ZK0 HOLE RECOGNITION,,
EC4198Z-00,ZK593D-INTERF.PARUFOR EXPRESS V7212,ZK593D PARUFOR EXPRESS INTERFACE,,
EV5103L-00,ZK932-INTERF.PARUFOR EXPRESS V7211,ZK932 PARUFOR EXPRESS INTERFACE,,
LH6491D-00,GF423-ARRESTO SE SFRIDO LUNGO V7267,GF423 STOP “SE” LONG SCRAP,,
HY0174R-00,DODEVE-2 FILE SEZ. NIGEZL V6786,DODEVE NIGEZL N°2 SECTIONS,,
AM5139T-00,MOKENIR-SW & HELP IN RUSSO V----,MOKENIR RUSSIAN SOFTWARE AND HELP,,
KT2168E-00,ZK DIODO - PANNELLO OPERATORE,ZK DIODE OPERATOR PANEL,,
VG3262A-00,DODEVE-CAMBIO UGELLO COMODO V7241,DODEVE CONVENIENT NOZZLE CHANGE,,
AC6243V-00,ZK0-UPGRADE X PARUFOR ENTERPR.V6711,ZK0 PARUFOR ENTERPRISE UPDATE,,
GZ7829E-00,ZK8 - INTEG. PARUFOR EXP. RAP34129,ZK8 PARUFOR EXPRESS INTEGRATION,,
LG2458B-00,DODEVE - SEZIONE SF1B V7284,DODEVE SECTION SF1B,,
BW3075G-00,ZK0FIBER - SEZIONE SPECIALI R34278,ZK0 FIBER SPECIAL SECTIONS,,
YD9252G-00,SOFTWARE IN UNGHERESE PER MOKENIR,MOKENIR HUNGARIAN SOFTWARE,,
AA0403Y-00,SOFTWARE IN UNGHERESE PER JB53,JB53 HUNGARIAN SOFTWARE,,
ZP1626W-00,SOFTWARE IN UNGHERESE PER GF423,GF423 HUNGARIAN SOFTWARE,,
EE1577W-00,SOFTWARE IN BULGARO PER JB53,JB53 BULGARIAN SOFTWARE,,
ZS3439H-00,SOFTWARE IN BULGARO PER GF423,GF423 BULGARIAN SOFTWARE,,
GJ1385K-00,SOFTWARE IN BULGARO PER ZK8 =>UT,ZK8 BULGARIAN SOFTWARE =>UT,,
DW9149R-00,SOFTWARE IN BULGARO PER ZK533/FIBER,ZK533/FIBER BULGARIAN SOFTWARE,,
VG5906J-00,SOFTWARE IN BULGARO PER ZK0,ZK0 BULGARIAN SOFTWARE,,
WX0530N-00,ZK533D SW CENTR. SALDATURA PS V7303,ZK533D SOFTWARE CENTERING PS WELD,,
LN9601P-00,DODEVE CONTABARRE AZZERABILE V7266,DODEVE RESETTABLE BAR COUNTER,,
LH5491K-00,NPX CONV. AGG. PER DEPOVICIP R34311,NPX CONV. UPDATE “DEPOVICIP”,,
BT8239Z-00,ZIROPOK - SEZ. 2017-360-0 V.6930,SECTION 2017-360-0 “ZIROPOK”,,
HY1230Y-00,ZIROPOK - SEZ. 19361661-00 V.6932,SECTION 19361661-00 “ZIROPOK”,,
SM6532W-00,ZABAMAR - UPGRADE ZK0 PER EXPRESS,ZK0 PARUFOR EXPRESS UPDATE “ZABAMAR”,,
JG2338Z-00,ZK0 ACTIVE SCAN R34450,ZK0 ACTIVE SCAN,,
DU4660P-00,DODEVE ACTIVE SCAN R34452,DODEVE ACTIVE SCAN,,
BS6348B-00,ZK96 CARICO MINIMO 3M,ZK96 3M MINIMUM LOAD,,
PX4016W-00,FY322-RECUPERO PEZZI SCARTI V.7338,FY322 SCRAP PIECES RECOVERY,,
TH9354X-00,GF429 START-STOP SCAR. LONG. V7343,GF429 START-STOP LONGITUDINAL UNLOADER,,
ET0519Z-00,DODEVE START-STOP NASTRI V7345,DODEVE START-STOP BELTS,,
AT2954T-00,ZK0-AGGIORNAMENTO SW X KT0331 V7347,ZK0 SOFTWARE UPDATE FOR KT0331,,
MJ6964P-00,SEZIONE NIGEZL R34571,NIGEZL SECTION,,
DV3033A-00,PULIZIA SUCURA CUCCHIAIO V.7349,TUBE CLEANER SAFE CLEANING,,
BD7925C-00,ZK8-ABILITAZIONE SW D10 & 10X10 MM,ZK8 ENABLING SOTWARE D10 AND 10x10,,
BY9656Y-00,DODEVE SOFTWARE IN CINESE,DODEVE CHINESE SOFTWARE,,
NE2822Z-00,ZK0 SEZIONE SPECIALE 1 PAVN,ZK0 SPECIAL SECTION 1 “PAVN”,,
XV9447R-00,ZK0 SEZIONE SPECIALE 2 PAVN,ZK0 SPECIAL SECTION 2 “PAVN”,,
AH9031A-00,ZK0 SOFTWARE IN CINESE,ZK0 CHINESE SOFTWARE,,
NA8939P-00,ZK533D GUTOR DUK. SEZ. SPEC. SP35012,ZK533D SPEC. SECTION “GUTOR DUK.” SP35012,,
KE7621V-00,ZK0 SEZIONE SERRAMENTI 2D V.7437,ZK0 CASING SECTION 2D,,
RV9774X-00,ZK8 SOFTWARE IN MANDARINO SEMPLIF.,ZK8 SIMPLIFIED MANDARIN SOFTWARE,,
UZ0239H-00,ZK593D UPGRADE PER EXPRESS V.6732,ZK593D EXPRESS UPDATE,,
GW7434F-00,ZK0 MEBABUD SEZIONE 1A V.,ZK0 SECTION 1A “MEBABUD”,,
FU0123M-00,ZK0 MEBABUD SEZIONE 1B V.,ZK0 SECTION 1B “MEBABUD”,,
BW9421E-00,ZK0 MEBABUD SEZIONE 11A V.,ZK0 SECTION 11A “MEBABUD”,,
HF8537E-00,ZK0 MEBABUD SEZIONE 11B V.,ZK0 SECTION 11B “MEBABUD”,,
AU7862P-00,GF429 PADECEB SEGNALI V7441,GF429 SIGNALS “PADECEB”,,
UY2928J-00,ZK0 CICLI SPECIALI R34971,ZK0 SPECIAL CYCLES,,
PY6139A-00,ZK0 PROFILO SPECIALE V7481,ZK0 SPECIAL PROFILE,,
GE1874H-00,ZK0 RUR UPGRADE SOFTWARE V.7505,ZK0 SOFTWARE UPDATE “RUR”,,
SN9856D-00,TRE SAVS SEZIONI SPECIALI V.7478,SPECIAL SECTIONS “SUBESI”,,
RX1466R-00,ZK593D MOD. PRO EXPRES R35091,ZK593D PARUFOR EXPRESS MODIFICATION,,
VM4716B-00,ZK483 MOD. PRO EXPRES R35091,ZK483 MOD. PARUFOR EXPRES,,
MF0617N-00,DODEVE-FILE NIGEZL SEZ.SPEC.V7521,DODEVE NIGEZL SPECIAL SECTION,,
EG1923F-00,GF423 SOFTWARE IN LINGUA CINESE,GF423 CHINESE SOFTWARE,,
VJ7980N-00,RAKASUTUGS - CODE N° 506207,SECTION CODE N° 506207 “RAKASUTUGS”,,
SE3305F-00,RAKASUTUGS - CODE N° 506286,SECTION CODE N° 506286 “RAKASUTUGS”,,
XJ5076F-00,RAKASUTUGS - CODE N° 509294,SECTION CODE N° 509294 “RAKASUTUGS”,,
BF9428G-00,GUTOR METALL NIGEZL FILE SP35011,NIGEZL FILE SP35011 “GUTOR METAL”,,
DC7206Y-00,GUTOR METALL NIGEZL FILE SP35012-1,NIGEZL FILE SP35012-1 “GUTOR METAL”,,
FU7216Z-00,GUTOR METALL NIGEZL FILE SP35021,NIGEZL FILE SP35021 “GUTOR METAL”,,
LU3377F-00,GUTOR METALL NIGEZL FILE SP35022,NIGEZL FILE SP35022 “GUTOR METAL”,,
RZ1833F-00,ZK0.92 MODIFICA TESTA 2D V7583,ZK0.92 2D HEAD MODIFICATION,,
WZ6883G-00,ZK533D-CICLO RICONOSCIM. CAVA V7589,ZK533D CAVITY RECOGNITION CYCLE,,
LX3186A-00,ZK593D-UPDATE PARUFOR EXPRESS V7591,ZK593D PARUFOR EXPRESS UPDATE,,
KC7868R-00,ZK593D-RUSA-R PARUFOR EXPRESS V6988,ZK593D RUSA-R PARUFOR EXPRESS,,
RF6080A-00,DODEVE CONTROLLO SCARICO PZ V7523,DODEVE PIECE UNLOADING CONTROL,,
LR1402R-00,ZK8 POSIZ. SALDATURA MANUALE V7592,ZK8 MANUAL WELD POSITION,,
TV9325A-00,ZK8 - DIAMETRO MASSIMO 121 MM.,ZK8 SOFTWARE MAXIMUM DIAMETER 121mm,,
VP3750A-00,ZK8 - TUBI PULITI D MIN 11 MM V7518,ZK8 TUBE CLEANER MINIMUN D=11mm,,
RB9709N-00,ZK5 - SOFTWARE 3D E BARRA INTERA,ZK5 SOFTWARE 3D AND FULL BAR,,
PJ6473Z-00,DODEVE-GESTIONE L INVERTITA V7629,DODEVE REVERSE “L” MANAGEMENT,,
PM3597N-00,DODEVE UPGRADE X ACTIVE SCAN V7624,DODEVE ACTIVE SCAN UPDATE,,
ZT0756B-00,VOGOMEP METAL (USA) MUCEVIL AGGIORNA,MUCEVIL UPDATE “VOGOMEP METAL” (USA),,
TU7885B-00,ZK0 FIBER 3 SEZIONI NIGEZL V7636,ZK0 FIBER NIGEZL N°3 SECTIONS,,
DM7815W-00,DODEVE TETEK PROFILO P027666,DODEVE PROFILE P027666 “TETEK”,,
AU9939W-00,JB53 CONTAPEZZI V7671,JB53 PIECE COUNTER,,
WN1300H-00,GF423 SOFTWARE IN SVEDESE,GF423 SOFTWAREEDISH SOFTWARE,,
SK3310S-00,ZK0 PROLUNGAMENTO LEAD-OUT V7642,ZK0 LEAD OUT EXTENSION,,
CX2933J-00,ZK533D MAKE REPORT V7773,ZK533D MAKE REPORT,,
WY2030Y-00,ZK8 CICLI CENTR. NUOVA HMI V7700,ZK8 CENTERING CYCLE NEW HMI,,
PZ2417E-00,WZ02-PREDISP. SEGNALI CONCAT. ROBOT,WZ02 ROBOT CHAINING SIGNALS SETUP,,
ZG9384H-00,ZK0 RETROFIT ENCODER WIRELESS V7701,ZK0 RETROFIT ENCODER WIRELESS,,
AB6663Z-00,ZK8 SW DISTACCO PEZZO V7696,ZK8 PIECE DETACHMENT,,
AG8412D-00,ZK533D SW DISTACCO PEZZO V7695,ZK533D PIECE DETACHMENT,,
XE1336L-00,ZK0.92 2 CARICATORI A FASCIO R35793,ZK0.92 N°2 BUNDLE LOADER,,
YK5343G-00,DODEVE INTEG. PROT.ENT. V7718,DODEVE PARUFOR ENTERPRISE INTEGRATION,,
WW3819G-00,PERACULR VOS - AGG. PER PARUFOR EXP,PERACULR PARUFOR EXPRESS UPDATE “VOS”,,
EN5561M-00,ZK0.92-CICLI ROTAZ.FINE PEZZO V7598,ZK0.92 END PIECE ROTATION CYCLE,,
LJ4739T-00,ZK0.92-FORATURA OPZIONE RAL - V7600,ZK0.92 DRILLING OPTION “RAL”,,
DL6260E-00,ZK0.92-DISATT.CONTR.FOTOCELL. V7599,ZK0.92 PHOTOCELL CONTROL DEACTIVATION,,
AP3699K-00,ZK0.92-OPZ.RAL CHIAMATA CICLO V7741,ZK0.92 RAL CALL OPTION,,
YM6562H-00,ZK0.92-NO RIFILO CICLO SFRIDO V7742,ZK0.92 NO TRIM SCRAP CYCLE,,
SV8003X-00,DODEVE-SEZ.SPECIALE G4540125 V7560,DODEVE SPECIAL SECTION G4540125,,
RH7202Z-00,DODEVE-SEZ.SPECIALE G2720120 V7561,DODEVE SPECIAL SECTION G2720120,,
EN2634D-00,DODEVE-SEZ.SPECIALE G2010220 V7562,DODEVE SPECIAL SECTION G2010220,,
XA4687Z-00,ZK533 AGG. X PARUFOR EXPRESS V7766,ZK533 PARUFOR EXPRESS UPDATE,,
MG5464A-00,ZK533D-SIFETANOZK SEZ.1041021 V.7772,ZK533D SECTION 1041021 “SIFETANOZK”,,
TA3492F-00,ZK96 AGGIORNAMENTO M/C BIK (USA),ZK96 MACHINE UPDATE BIK (USA),,
RU3261C-00,ZK0-ABILITAZ.PARUFOR ENTERPR. V7790,ZK0 PARUFOR ENTERPRISE ENABLING,,
LF9127W-00,DODEVE - SEZ. ALETTA DIDEFO V.7795,DODEVE FLAP SECTION “DIDEFO”,,
BX6060N-00,ZK0.92FIB - SEZ.PSEUDOTRIANG V7729,ZK0.92 FIBER PSEUDE TRIANGULAR SECTION,,
BG7888H-00,JB53 - PARUFOR ENTERPRISE V.7791,JB53 PARUFOR ENTERPRISE,,
WX4392R-00,ZK0.92-OUTPUT CON TAGLIO INOX V7803,ZK0.92 OUTPUT WITH INOX CUT,,
XT6683L-00,GF423 SCIVOLO PIENO RAP36150,GF423 CHUTE FULL,,
SA6381T-00,ZK96XL CORRETTORE UTENSILE IN M/C,ZK96XL MACHINE TOOL CORRECTOR,,
XY9613C-00,GF423 LUCE LAMP. FOTOBAR. V7809,GF423 PHOTOBARRIER FLASHING LIGHT,,
UN5398P-00,ZK8 VOGR - UPGRADE CUCCHIAIO V.7818,ZK8 TUBE CLEANER UPDATE “VOGR”,,
EF9890C-00,GF423 SEGNALE POLMONE PIENO V7828,GF423 PLENUM FULL SIGNAL,,
XH5565M-00,ZK0.92- 2 SEZIONI NIGEZL PROF.V7815,ZK0.92 NIGEZL N°2 SECTIONS PROFILES,,
XM8748K-00,DODEVE MODIFICA PER DIAM. 10 MM,DODEVE MOD. SOFTWARE DIAMETER 10mm,,
LD0588F-00,GF423 AGG. DATABASE HM V7859,GF423 HM DATABASE UPDATE,,
VR3129H-00,DODEVE-TUBI PULITI DMIN 11MM V7972,DODEVE TUBE CLEANER MINIMUM D=11mm,,
VA3115N-00,ZK0.92 SW IN FINLANDESE V7794,ZK0.92 FINNISH SOFTWARE,,
JM5307R-00,JB53-GESTIONE SOFFI M/C (V.7878),JB53 M/C BLOW MANAGEMENT,,
MC0298A-00,AGGIORNAMENTO MUCEVIL LIC FLOTTANTE,MUCEVIL LIC FLOATING UPDATE,,
ZS7043X-00,ZK0-FILE SEZIONE FR.61.312 V7824,ZK0 FILE SECTION FR.61.312,,
NE0775N-00,GF423 FUSTO CICLONE PIENO V7811,GF423 FULL CYCLONE BARREL,,
BF2965W-00,DODEVE-UPGRADE PROT-EXPRESS V7880,DODEVE PARUFOR EXPRESS UPDATE,,
CF2275S-00,ZK0 PROFILI SPECIALI R36415,ZK0 SPECIAL PROFILES,,
AX8581R-00,ZK533D UPGRADE X ACTIVE SCAN V.7826,ZK533D ACTIVE SCAN UPDATE,,
ZX8663Z-00,GF423 - UPGRADE X ENTERPRISE V.7922,GF423 PARUFOR ENTERPRISE UPDATE,,
BG8304D-00,MOKENIR-UPGRADE X ENTERPRISE V.7934,MOKENIR ENTERPRISE UPDATE,,
HD8790D-00,DODEVE SEZIONI SPECIALI VOCO7955,DODEVE SPECIAL SECTIONS,,
XG2485W-00,SOFTWARE IN RUMENO PER ZK8 =>UT,ZK8 ROMANIAN SOFTWARE =>UT,,
YG3174R-00,SOFTWARE IN RUMENO PER ZK533/FIBER,ZK533/FIBER ROMANIAN SOFTWARE,,
MW2526W-00,SOFTWARE IN RUMENO PER ZK0.92,ZK0.92 ROMANIAN SOFTWARE,,
RH2773K-00,DODEVE-OPZ.NI DISTACCO P.ZO V7946,DODEVE PIECE DETACHMENT OPTIONS,,
LG5734D-00,JB53-MOD. VARIE CICLICA M/C V.7947,JB53 VARIOUS CYCLE MODIFICATION M/C,,
VM9101W-00,RAKASUTUGS - CODE N? 510247-1-01,SECTION CODE N° 510247-1-01 “RAKASUTUGS”,,
MU4515N-00,ZK8 UPGRADE PARUFOR ENTERPR. V7968,ZK8 PARUFOR ENTERPRISE UPDATE,,
UM4587C-00,ZK533D-UPDATE PARUFOR EXPRESS V7976,ZK533D PARUFOR EXPRESS UPDATE,,
SH1728N-00,ZK533D-CICLO RIC.SALD.INTERV. V----,ZK533D WELD RESEARCH CYCLE,,
XJ0059G-00,DODEVE SEZIONE SPCIALE 2A RAP36709,DODEVE SPECIAL SECTION 2A,,
ZZ3460G-00,DODEVE - ABILITAZ.PARUFOR ENTERPR,DODEVE PARUFOR ENTERPRISE ENABLING,,
WE5827J-00,ZK5 - SOFTWARE IN POLACCO,ZK5 POLISH SOFTWARE,,
DS8017C-00,DODEVE PROFILI SPECIALI R36973,DODEVE SPECIAL PROFILES,,
YA8008X-00,ZK533D AGG. PARUFOR ENT. R37009,ZK533D PARUFOR ENTERPRISE UPDATE,,
CH5627M-00,ZK0.92 PROFILO SPECIALE R37029,ZK0.92 SPECIAL PROFILE,,
NG7938F-00,ZK0.92 PROFILI SPECIALI V7902,ZK0.92 SPECIAL PROFILES,,
CJ0206B-00,ZK5 - SOFTWARE IN LINGUA CECA,ZK5 CZECH SOFTWARE,,
LH3545B-00,GF423 INTEGRAZIONE PARUFOR V8016,GF423 PARUFOR INTEGRATION,,
DK9085C-00,ZK533D-SEZ.SPEC. PP0224116-2 V.8054,ZK533D SPECIAL SECTION PP0224116-2,,
MF5272E-00,ZK533D-SEZ.SPEC. PP0224117-2 V.8054,ZK533D SPECIAL SECTION PP0224117-2,,
WW4025P-00,ZK533D-SEZ.SPEC. PP0224115-2 V.8054,ZK533D SPECIAL SECTION PP0224115-2,,
GW9233H-00,DODEVE GUPUMUEZK SEZ SPEC RAP37284,DODEVE SPECIAL SECTION “GUPUMUEZK”,,
XB6825P-00,DODEVE - SEZIONE DUMADEC V.8120,DODEVE SECTION “DUMADEC”,,
BD6865E-00,DODEVE SEZIONE GAZET LIGHT V.8121,DODEVE SECTION “GAZET LIGHT”,,
LY1655N-00,ZURS: ZK0.92 FIB. PROFIL 55X34X40X2,ZK0.92 FIBER SECTION “ZURS” 55x34x40x2,,
TE0804Y-00,ZK5 SW MACC IN OLANDESE,ZK5 DUTCH SOFTWARE,,
HC7016J-00,ZK8-SEZIONE D 35X30 MM V8069,ZK8 SECTION D 35x30,,
PL3995M-00,ZK0 BUCU MOD. PER PASSO-PASSO V.8108,ZK0 STEP-STEP LOADER MODIFICATION “BUCU”,,
UN9149D-00,JB53 UPGRADE PARUFOR ENT. V8017,JB53 PARUFOR ENTERPRISE UPDATE,,
EU1903S-00,DODEVE MOD. SW FOTOCEL CARR. V8101,DODEVE MOD. SOFTWARE CARRIAGE PHOTOCELL,,
PU6691H-00,SEZIONE SPECIALE SP2 SU ZK5,ZK5 SPECIAL SECTION TH2,,
ZR6905N-00,FOKOZIBU - SEZ. SPECIALE DP2 V.8094,SPECIAL SECTION DP2 “FOKOZIBU”,,
ES9065D-00,JB53 SOFTWARE IN CINESE V7058,JB53 CHINESE SOFTWARE,,
GH0928J-00,ZK8-SEZIONE D 38X18 MM V8130,ZK8 SECTION D 38x18,,
UX5801V-00,GF429 TABELLA COMPENSAZIONE V8026,GF429 COMPENSATION TABLE,,
AG7372U-00,ZK0.92 FIBER SW TUBI FORATI V8154,ZK0.92 FIBER SOFTWARE HOLE TUBES,,
HF6479K-00,ZK5 - SOFTWARE IN BULGARO V. =>UT,ZK5 BULGARIAN SOFTWARE =>UT,,
NN4392G-00,DODEVE-SEZ.SPECIALE ALETTA V7820,DODEVE SPECIAL FLAP SECTION,,
YG1948F-00,ZK0.92 - SEZIONE 1A KAF,ZK0.92 SECTION 1A “KAF”,,
KB5441D-00,ZK0.92-SEZ.SPEC. PDS26 PDS41 V8072,ZK0.92 SPECIAL SECTION PDS26 PDS41,,
VH9120Y-00,ZK5 - SOFTWARE IN UNGHERESE =>UT,ZK5 HUNGARIAN SOFTWARE =>UT,,
KP7912H-00,ZK0.92 FIBER - SOFTWARE RUSSO,ZK0.92 FIBER RUSSIAN SOFTWARE,,
BE1744X-00,ZK533D MOD. PARUFOR ENTER. V8198,ZK533D PARUFOR ENTERPRISE MODIFIC.,,
LP4599H-00,ZK8 MOD. PARUFOR ENTER. V8200,ZK8 PARUFOR ENTERPRISE MODIFICATION,,
UD0696P-00,JB53 ABILIT. FILE DI REPORT V.8012,JB53 ENABLING FILE REPORT,,
HL0534J-00,ZK0.92 VIS TELEC PC REMOTO V8217,ZK0.92 VIEW WEBCAM FROM REMOTE PC,,
XN8218T-00,ZK533D GUTOR DUKALL SEZ SPEC R38405,ZK533D SPECIAL SECTION “GUTOR DUK.”,,
JR0497T-00,ZK8 ROBISEPA PROT. ENT. RASP39124,ZK8 PARUFOR ENTERPRISE “ROBISEPA”,,
LJ0575M-00,ZK0-PREIMP.ROTAZIONE MANDRINO V8227,ZK0 SPINDLE ROTATION PRESETTING,,
YR8242H-00,DODEVE-SW REPORT PRODUZIONE V8214,DODEVE SOFTWARE PRODUCTION REPORT,,
LF5414E-00,DODEVE-ACTIVE MARKING V8166,DODEVE ACTIVE MARKING,,
HF9775U-00,GF423-PRESA MINIMA ALLA FINE V8241,GF423 MINIMUM GRIP AT THE END,,
ZG7405W-00,ZK0 RIGOSU - PROFILO SPECIALE V.8048,ZK0 RIGOSU SPECIAL PROFILE,,
VU3265U-00,ZK5-SW MACCHINA IN PORTOGHESE,ZK5 PORTUGUESE SOFTWARE,,
PP3369K-00,ACTIVE WELD DE ZEBUTA V8032,ACTIVE WELD “DE ZEBUTA”,,
JA7723W-00,ZK0 FIBER SPECIALE COMPOSER V8254,ZK0 FIBER SPECIALE COMPOSER,,
HG5651D-00,ZK0.92-RIDUZ. T.CICLO CARICO V8213,ZK0.92 LOAD CYCLE TIME REDUCTION,,
BT6708R-00,DODEVE CINT GECORT V8265,DODEVE CINT GECORT,,
KC7805J-00,ZK932 PARUFOR EXPRESS V8249,ZK932 PARUFOR EXPRESS,,
CD9062C-00,GF423 REGOLAZ. SOFFIO ARIA V.8310,GF423 AIR BLOW REGULATION,,
JN7291E-00,DODEVE MOD. CICL RIC SALD V8317,DODEVE MOD. WELD RESEARCH CYCLE,,
BA7585Z-00,DODEVE-VEL.ENTRATA CUCCHIAIO V8113,DODEVE TUBE CLEANER ENTRY SPEED,,
WH6140N-00,ZK8-VEL.ENTRATA CUCCHIAIO V8112,ZK8 TUBE CLEANER ENTRY SPEED,,
HN6073G-00,SW GESTIONE DIALOGO CON CURVATUBI,SW MANAGING COMMUNICATION W TUBES BENDER,,
UJ8525B-00,ZK533D-FILE SEZ. CASSAFORMA V8073,ZK533D FORMWORK SECTION,,
HJ4320J-00,GF423 RIPART. SENZA TAG. MAN V8336,GF423 MANUAL RESTART WITHOUT CUT,,
HC5721R-00,DODEVE-FILE SEZ.NIGEZL 2 PROF.V8128,DODEVE NIGEZL SECTION N°2 PROFILE,,
SU3810M-00,JB53 - AGG.TO SW PER FILE REPORT,JB53 SOFTWARE UPDATE FOR FILE REPORT,,
KP2090Z-00,ZK533D UPGRADE PARUFOR V6884 PABATA,ZK533D PARUFOR UPDATE “PABATA”,,
KF0662C-00,ZURS: PROFIL 60X40X50 E 40X40X20,SECTION “ZURS” 60x40x50 AND 40x40x20,,
EE9288V-00,ZK593D-ABILIT.PARUFOR EXPRESS V6072,ZK593D PARUFOR EXPRESS ENABLING,,
NU4312B-00,ZK533D-ABILIT.PARUFOR EXPRESS V6071,ZK533D PARUFOR EXPRESS ENABLING,,
EA6564M-00,ZK0-ABILIT. PARUFOR EXPRESS V6070,ZK0 PARUFOR EXPRESS ENABLING,,
UA4086L-00,GF423 - GESTIONE PRISMI BANCO V8360,GF423 PRISMS BENCH MANAGEMENT,,
XU5306G-00,ZK0-FILE SEZIONE FR75.503 - V8344,ZK0 FILE SECTION FR75.503,,
AA7978K-00,ZK0 - GESTIONE CORRETTORE UTENSILE,ZK0 TOOL CORRECTOR MANAGEMENT,,
KL4586H-00,ZK0.92-MODIF. LOGICA SEGNALI V8376,ZK0.92 SIGNAL LOGIC MODIFICATION,,
HF1153B-00,ZK0.92-TIMER NASTRIN/FACCIA Y V8306,ZK0.92 BELT TIMER / Y FACE,,
DN6203C-00,LASERPIU' - SEZIONI CELUTEBA,LASERPIÙ SECTION “CELUTEBA”,,
EL7242G-00,ZK5 SOFTWARE IN SVEDESE,ZK5 SOFTWAREEDISH SOFTWARE,,
FT0899W-00,ZK5 - SOFTWARE IN RUMENO =>UT,ZK5 ROMANIAN SOFTWARE =>UT,,
WD3169T-00,ZK0.92-MODIF. SCAMBIO SEGNALI V8376,ZK0.92 SIGNAL EXCHANGE MODIFICATION,,
LW4040R-00,ZK0.92 FIBER PROFILI SPECIALI 41206,ZK0.92 FIBER SPECIAL PROFILES 41206,,
SP3730J-00,ZK8 GESTIONE NR PZ IN CASSA V8367,ZK8 MANAGEMENT NUMBER PIECES IN BOX,,
PK5844R-00,DODEVE-ROTAZIONE FINE PEZZO V7607,DODEVE END PIECE ROTATION,,
NA4641F-00,DODEVE-DISATT.CONTR.FOTOCELL.V7606,DODEVE PHOTOCELL CONTROL DEACTIVATION,,
SA9584U-00,DODEVE-NO RIFILO C.SFRIDO 0 V----,DODEVE NO TRIM ZERO SCRAP CYCLE,,
FN0381V-00,DODEVE-OPZ.RAL CHIAM.PROG. V----,DODEVE RAL CALL OPTION,,
SM7863V-00,ZK5-GENERATORE BPF(SPF)AUTOM. V----,ZK5 AUTOMATIC BPF GENERATOR (SPF),,
KS4897K-00,DODEVE INCLINATO FISSO POST R41564,DODEVE INCLINED FIXED REAR,,
TD1467A-00,ZK533D - SEZ. FETESO_MEPID V.8071,ZK533D SECTION FETESO_MEPID,,
DV3997F-00,DODEVE-NIGEZL ACCOP.18X2MM V8445,DODEVE NIGEZL 18x2mm,,
NZ6139X-00,GF429 GUMEKIBA AGG. RID. SFR. V6669,GF429 SCRAP REDUCT.UPD. “GUMEKIBA”,,
MR5104N-00,ZK0-AGG.CINT VOCO8269,ZK0 CINT UPDATE,,
ZD6517N-00,JB53 OPC-UA SERVER RAP41987,JB53 OPC-UA SERVER,,
RM4784E-00,DODEVE SEZIONE APERTA FEZUR V8477,DODEVE OPEN SECTION “FEZUR”,,
CY4504M-00,JB53-CICLO SENZA TAGLIO V8359,JB53 UNCUT CYCLE,,
SW0340D-00,ZK0.92 FIBER SEZIONE HEB100 V8494,ZK0.92 FIBER SECTION HEB100,,
NG0693C-00,ZK0.92 FIBER SEZIONE HEB120 V8496,ZK0.92 FIBER SECTION HEB120,,
ME1782U-00,ZK0.92 FIBER SEZIONE HEB140 V8497,ZK0.92 FIBER SECTION HEB140,,
AV3134N-00,ZK0.92 FIBER SEZIONE HEA100 V8498,ZK0.92 FIBER SECTION HEA100,,
DJ0766Y-00,ZK0.92 FIBER SEZIONE HEA120 V8499,ZK0.92 FIBER SECTION HEA120,,
KW5429L-00,ZK0.92 FIBER SEZIONE HEA140 V8500,ZK0.92 FIBER SECTION HEA140,,
UC1708Z-00,ZK0.92 FIBER SEZIONE IPE80 V8501,ZK0.92 FIBER SECTION IPE080,,
SY7909A-00,ZK0.92 FIBER SEZIONE IPE100 V8502,ZK0.92 FIBER SECTION IPE100,,
RX3537C-00,ZK0.92 FIBER SEZIONE IPE120 V8503,ZK0.92 FIBER SECTION IPE120,,
XX6313T-00,ZK0.92 FIBER SEZIONE IPE140 V8504,ZK0.92 FIBER SECTION IPE140,,
CY2969C-00,ZK0.92 FIBER SEZIONE IPE160 V8505,ZK0.92 FIBER SECTION IPE160,,
PM5613B-00,ZK0.92 FIBER SEZIONE IPE180 V8506,ZK0.92 FIBER SECTION IPE180,,
ND3414H-00,ZK0.92 FIBER SEZIONE 1A V8507,ZK0.92 FIBER SECTION 1A,,
UZ8525F-00,ZK0.92 FIBER SEZIONE 1B V8508,ZK0.92 FIBER SECTION 1B,,
MR4939P-00,ZK0.92 FIBER SEZIONE 1C V8509,ZK0.92 FIBER SECTION 1C,,
RA8999H-00,ZK8 CIC. SPEC. LAV. DIMA R42285,ZK8 SPECIAL PROCESSING JIG CYCLE,,
UD6648E-00,ZK0 MARCAT. SFRIDO FINEBARRA V8513,ZK0 MARKING SCRAP END BAR,,
WD3309E-00,DODEVE SEZIONE 11 A V8526,DODEVE SECTION 11A,,
TX0739P-00,ZK0 - SEZ. SPECIALE ALETTA FIVOMI,ZK0 SPECIAL FLAP SECTION “FIVOMI”,,
YT8997D-00,ZK533 - SIFETANOZK SEZIONE H099.181,ZK533 SECTION H099.181 “SIFETANOZK”,,
KX5583Z-00,ZK5 - 2 SEZIONI SPECIALI VOCO 8224,ZK5 N°2 SPECIAL SECTIONS,,
HA5695S-00,JB53 - CICLO EVAC. SING. RT V8601,JB53 SINGLE EVACUATION CYCLE RT,,
XE1702Z-00,DODEVE - MOD. LIV. ACCESSO V.8542,DODEVE MOD. LEVEL ACCESS,,
ZX1814Z-00,ZK5 SEZIONE NIGEZL RAP 43084,ZK5 NIGEZL SECTION,,
WA2770J-00,ZK8 SW IN FINNISH V8533 =>UT,ZK8 FINNISH SOFTWARE,,
FK0562G-00,DODEVE - SEZIONE VAVESIK V.,DODEVE SECTION “VAVESIK” V,,
XR6865A-00,ZK0FIBER SEZ. NIGEZL I 152X89 V8634,ZK0 FIBER NIGEZL SECTION I 152x89,,
JH0126B-00,ZK0FIBER SEZ.NIGEZL I 178X102 V8635,ZK0 FIBER NIGEZL SECTION I 178x102,,
UU9341P-00,ZK0FIBER SEZ.NIGEZL I 127X76 V8636,ZK0 FIBER NIGEZL SECTION I 127x76,,
UG3502U-00,ZK5 VODUZASE SEZIONE TEN30 V.8624,ZK5 SECTION TEN30,,
AF9010U-00,ZK5 SEZ. NIGEZL T30X30X4 V8566,ZK5 NIGEZL T-SECTION 30x30x4,,
AW7018U-00,DODEVE-INTERFACCIA MES M/C V8575,DODEVE INTERFACE MES M/C,,
UP9045H-00,ZK0 COLLEGAMENTO STAMPANTE V8643,ZK0 PRINTER CONNECTION,,
RU1586X-00,ZK0.92FIB-CICLO VER. MODO LAS.V8545,ZK0.92FIB CYCLE VERSION LASER MODE,,
ND8441B-00,ZK0.92FIB-VEL.INSERIM.CUCCH. V8611,ZK0.92 TUBE CLEAN. SPEED INSERTION,,
PE7389K-00,JB53 AGGIORNAMENTO SOFTW. V8013,JB53 SOFTWARE UPDATE,,
AS0272C-00,GF423 AGGIORNAMENTO SW RAP43384,GF423 SOFTWARE UPDATE,,
FK5779A-00,ZK0 SEGN ESTERNO RIC SALD. V8656,ZK0 EXTERNAL SIGNAL WELD SEARCH,,
CH9566S-00,ZK0 TELECAMERE IN RETE V8663,ZK0 NETWORK CAMS,,
WV7262Z-00,SEZ. SP. HEA HEB IPE,SPECIAL SECTION HEA HEB IPE,,
PD9634B-00,GF423 IMPORTAZIONE CSV RAP43587,GF423 IMPORT CSV,,
XB2284V-00,GF423 SERVER OPC-UA RAP43587,GF423 OPC-UA SERVER,,
NG6044C-00,GF423 NIR.V. PESOPUGIK UPGRADE SW,GF423 SOFTWARE UPDATE “NIR.V PESOPUGIK”,,
AZ0635W-00,GF429 CORREZIONE LUNGH. PEZZO V8141,GF429 PIECE LENGTH CORRECTION,,
ZK2971F-00,ZK593D SW PROFILI APERTI V8711,ZK593D OPEN PROFILES SOFTWARE,,
PF7463D-00,ZK0.92 FIBER SEZIONE HEA 100 V.8726,ZK0.92 FIBER SECTION HEA 100,,
NT4675F-00,ZK0 ZECUS SEZIONE SF1/B,ZK0 SECTION SF1/B “ZECUS”,,
MP1305S-00,ZK0 TETEK MEFOPS SEZIONE SF1/B,ZK0 SECTION SF1/B “TETEK”,,
FG7907P-00,DODEVE AGG. SW RIC SALD. V8211,DODEVE SOFTWARE UPDATE WELD SEARCH,,
UT1725M-00,DODEVE CENTR. E TORS.SU SEZ.V.8763,DODEVE TORSION-CENTERING SECTION,,
NM7538S-00,DODEVE EVO- C SEMICHIUSA V8810,DODEVEEVO SEMICLOSED C-SECTION,,
LV5439Y-00,ZK5 CICLICA DI SCARICO SPEC. V8662,ZK5 SPECIAL UNLOADING CYCLE,,
HK5451T-00,ZK0.92 - SEZIONE SP. IPE200,ZK0.92 SPECIAL SECTION IPE200,,
XU1598B-00,ZK0.92 - SEZIONE SPECIALE V8719,ZK0.92 SPECIAL SECTION,,
RK5037Y-00,ZK5 PROFILE J8002976 V8769,ZK5 SPECIAL PROFILE J8002976,,
WT3141A-00,ZK5 PROFILE J8002975 V8770,ZK5 SPECIAL PROFILE J8002975,,
NG6247V-00,ZK5 PROFILE J4127828 V8771,ZK5 SPECIAL PROFILE J4127828,,
XU6589K-00,ZK5 PROFILE J4127826 V8772,ZK5 SPECIAL PROFILE J4127826,,
SB1633M-00,ZK5 PROFILE J4126401 V8773,ZK5 SPECIAL PROFILE J4126401,,
BU9329Z-00,ZK5 PROFILE SPECIALE V8733,ZK5 SPECIAL PROFILE,,
RC7333J-00,ZK0.92 SEZIONE SPECIALE HEA160,ZK0.92 SPECIAL SECTION HEA160,,
YH7072V-00,MOKENIR START-STOP,MOKENIR START-STOP,,
CP7334J-00,ZK8-UPGRADE UNIVERSAL,ZK8 UPDATE UNIVERSAL,,
WF1713V-00,ZK533D UPGRADE NUOVA INTERF. V8824,ZK533D NEW INTERFACE UPDATE,,
WS0908G-00,ZK8 - VARIABILE FC ASSE X V.8828,ZK8 VARIABLE “X” AXIS LIMIT SOFTWAREITCH,,
KR0573W-00,2F SERVICE - SEZIONE T11A V.8847,SECTION “2F SERVICE” T11A,,
EY2987V-00,ZK0.X-ASP.SULIGAFON CUCCHIAIO V8862,ZK0.X SULIGAFON X TUBE CLEANER,,
ML1615R-00,MOD. LOGICA CICLO ATTIVO V.8861,MOD. ACTIVE CYCLE LOGIC,,
FA8582H-00,ZK0.X- PROFILI SPEC. X ACTIVE SCAN,ZK0.X ACTIVE SCAN SPECIAL PROFILES,,
JK2225P-00,ZK5 - PROFILI SPEC. X ACTIVE SCAN,ZK5 ACTIVE SCAN SPECIAL PROFILE,,
HG7926S-00,MOKENIR SOFTWARE IN OLANDESE,MOKENIR DUTCH SOFTWARE,,
AZ1305F-00,GF423 UPGRADE SW VAMUB RAP44480,GF423 SOFTWARE UPDATE “VAMUB”,,
NL8459H-00,ZK0.92-PROFILO CASSAFORMA VOCO 8734,ZK0.92 FORMWORK SECTION,,
CH4340T-00,DODEVE-ABIL. PARUFOR EXPRESS V8619,DODEVE PARUFOR EXPRESS ENABLING,,
YY3739Z-00,ZK0.92CO2 4 SEZ. SPEC. CABINA V8777,ZK0.92 CO2 N°4 SPECIAL BOOTH SECTION,,
EV3839Z-00,ZK5-AGGIORNAMENTO ACTIVE V8871,ZK5 ACTIVE UPDATE,,
AT8822V-00,SUBOL ENG. - 3 SEZ. SPECIALI V.8851,N°3 SPECIAL SECTIONS “SUBOL ENG”,,
WR6936F-00,ZK593-AGG.EXPRESS VOCO8588,ZK593 PARUFOR EXPRESS UPDATE,,
EZ3605J-00,ZK533-AGG.ENTERPRISE VOCO8589,ZK533 PARUFOR ENTERPRISE UPDATE,,
CZ9810H-00,ZK533-DUE SEZ.SPECIALI ALETTA V8843,ZK533 N°2 SPECIAL FLAP SECTIONS,,
NY6550K-00,ZK0 FIBER IPE 152 X 101.6 V8882,"ZK0 FIBER SECTION IPE 152x101,6",,
VU6116W-00,ZK0.92 FIB INTERF. DANESE RAP44944,ZK0.92 FIBER DANISH SOFTWARE,,
SU3914W-00,ZK533D - DUMESETN - PARUFOR V.8870,ZK533D PARUFOR “DUMESETN”,,
GL2266X-00,ZK0.92 BIKAFAC SEZ. POPTAVKA V.8879,ZK0.92 SECTION BIKAFAC “POPTAVKA”,,
BV9952U-00,DODEVE-SEZIONE SPEC.APERTA V8884,DODEVE SPECIAL OPEN SECTION,,
SJ6622W-00,DODEVE SEZ. NIGEZL PROF. 1A V8940,DODEVE NIGEZL SECTION PROFILE 1A,,
UN5969K-00,DODEVE SEZ. NIGEZL PROF. 1B V8941,DODEVE NIGEZL SECTION PROFILE 1B,,
XW0037W-00,ZK0.92- SET FILE SEZ. HE-IPE V8958,ZK0.92 SET FILE SECTION HE IPE,,
PB1654T-00,ZK0 SEZ. SPEC. 50X50X3 V8815,ZK0 SPECIAL SECTION 50x50x3,,
SF8829S-00,ZK0 PROFILO MIDEC DOCADEN RAP44844,ZK0 MIDEC PROFILE “DOCADEN”,,
AY5967Y-00,JB53 INTRFACCIA IN FINLANDESE V8907,JB53 FINNISH SOFTWARE,,
RU6238R-00,GF423 COMPENSAZIONE LUNGH. V8969,GF423 LENGTH COMPENSATION,,
RL1021W-00,GF423 UPGRADE SOPOCICUCT RAP42987,GF423 UPDATE “SOPOCICUCT”,,
NE6296N-00,GF423 ODL 20 CARATTERI V8951,GF423 ODL 20 CHARACTERS,,
KB6161Y-00,DODEVE PROFILO T VOCO9009,DODEVE T-PROFILE,,
LH4430Y-00,ZK0.92 AGGIORNAMENTO HMI,ZK0.92 HMI UPDATE,,
KA6540A-00,ZK8 - SCOVOLATURA CUCCHIAIO V.8595,ZK8 TUBE CLEANER WITH BRUSHING,,
KC3984D-00,ZK0 SEZIONE SPECIALE KER V9020,ZK0 SPECIAL SECTION KER,,
DX6667V-00,GF423 PEZZI A RIEMPIMENTO V9050,GF423 FILLER PIECES,,
BF6282X-00,ZK932 UPGRADE PARUFOR EXPRESS,ZK932 PARUFOR EXPRESS UPDATE,,
WT7995G-00,DODEVE EXTRA OPC-UA DATA V8786,DODEVE OPC-UA EXTRA DATA,,
MB4982T-00,ZK0 FIBER SW UPDATA V8790,ZK0 FIBER SOFTWARE UPDATE,,
UU8482B-00,DODEVE-CICLO RICERCA ASOLE V9003,DODEVE SEARCH SLOTS CYCLE,,
YL4439R-00,ZK0.92 FIBER SEZIONE S120X63 R44186,ZK0.92 FIBER SECTION S120x63,,
LU9890K-00,ZK0.92 INT. ERP STAMPANTE V.9021,ZK0.92 ERP PRINTER INTEGRATION,,
MG0233M-00,ZK5 VERIFICA STACCO PEZZO V9091,ZK5 CHECK PIECE DETACHMENT,,
CB4633K-00,JB53 RIPARTENZA SEMI AUTO V.9101,JB53 SEMI-AUTOMATIC RESTART,,
UZ4018Y-00,ZK5 TAGLIO TUBI PREFORAT V8262,ZK5 PRE-DRILLED TUBE CUTTING,,
PF6121Z-00,ZK0-REGOL. ORARIO CON SERVER V.9096,ZK0 TIME REGULATION WITH SERVER,,
MD1375G-00,ZK0.92 SEZIONE T 40X40X6 V.9124,ZK0.92 T-SECTION 40x40x6,,
RV2793Y-00,ZK0.92 SEZIONE T 40X40 V.9122,ZK0.92 T-SECTION 40x40,,
VZ5641U-00,ZK5-FILE SEZIONE PROF.SPEC. V9026,ZK5 FILE SPECIAL PROFILE SECTION,,
MJ6994U-00,ZK0.92FIBER-SEZIONE SPECIALE V8994,ZK0.92 FIBER SPECIAL SECTION,,
CJ0107S-00,ZK0.92-AGGIORNAMENTO SOFTWARE V9159,ZK0.92 SOFTWARE UPDATE,,
CA5207X-00,GF423-ZIV SESOZOCABR OPC-UA V.9164,GF423 OPC-UA “ZIV SESOZOCABR”,,
TV6914P-00,ZK0 FIBER PROFILI SPECIALI R 46385,ZK0 FIBER SPECIAL PROFILES R 46385,,
PL9218M-00,"ZK0.32-FILE SEZ. IPE,HEA/B V9408",ZK0.32 FILE SECTION IPE HEA/B,,
DT3935Y-00,ZK5 - SEZIONE SPECIALE VOCO 8996,ZK5 SPECIAL SECTION,,
GE7935A-00,DODEVE MOD. SW PER EXPRESS V.9150,DODEVE PARUFOR EXPRESS MODIFICATION,,
XM9945Y-00,ZK5 - SEZIONI SPEC MASITA V.9177,ZK5 SPECIAL SECTIONS “MASITA”,,
SY2992T-00,GF423 - CORREZIONE LUNGHEZZA V9125,GF423 CORRECTION LENGTH,,
GT3268R-00,ZK5 - SOFTWARE IN RUSSO V----,ZK5 RUSSIAN SOFTWARE,,
RM3475A-00,DODEVE - BIZ DINAMICHE Q.TA V9102,DODEVE DYNAMIC QUANTITY “BASAR”,,
WW6965G-00,GF423 DE NUNIPEN - COD. MES V.9095,GF423 COD. MES “DE NUNIPEN”,,
DA1899G-00,GF423-USCITA2 DOPO TAGLIO MAN.V9184,GF423 EXIT 2 AFTER MANUAL CUT,,
MG6931Y-00,ZK5-PROFILO TRIANGOLARE V8565,ZK5 TRIANGULAR PROFILE,,
JF3288T-00,DODEVE SEZIONE SPECIALE KAS V9243,DODEVE SPECIAL SECTION “KAS”,,
YA8881B-00,TETEK - SEZIONE SPECIALE 10A V.9250,SPECIAL SECTION 10A “TETEK”,,
NT5558E-00,ZK0 FIBER AGG. A.S. PRO SPEC R47006,ZK0 FIBER UPDATE A.S. PRO SPEC,,
EW5798W-00,ZK5 - MODIFICHE PER VOT 2 KW V.9260,ZK5 VOT 2kW MODIFICATIONS,,
KC2363P-00,RAKASUTUGS - CODE N. 510192,SECTION CODE N° 510192 “RAKASUTUGS”,,
LD4906B-00,NURADAZI - UPGRADE SW HMI - V.9265,SOFTWARE UPDATE HMI “NURADAZI”,,
WP3183T-00,ZK5-SEZIONE NIGEZL PROF.SPEC. V9282,ZK5 NIGEZL SPECIAL PROFILE SECTION,,
SG2330Y-00,ZK0.92 - UPGRADE SOFTWARE ZK0.32,ZK0.92 SOFTWARE UPDATE ZK0.32,,
LW7734N-00,ZK0.92 - SEZIONE SPECIALE 11A,ZK0.92 SPECIAL SECTION 11A,,
MA5454J-00,ZK0.92 - SEZ.SPECIALE SM3976 T1,ZK0.92 SPECIAL SECTION SM3976 T1,,
JK5714K-00,MOKENIR - AGG. SW DED,MOKENIR SOFTWARE UPDATE “DED”,,
YE6852P-00,ZK0FIBER-UPDATE X ACTIVE SCAN V8881,ZK0FIBER ACTIVE SCAN UPDATE,,
XC7665S-00,ZK0.92 FIBER SPEC. PROF. V9323,ZK0.92 FIBER SPECIAL PROFILE,,
JT6214R-00,ZK0 CAMBIO ORDINE TUBI IN JOB,ZK0 CHANGE ORDER TUBES IN JOB,,
LV2862H-00,ZK0 SEZIONE IPE 180 V9392,ZK0 SECTION IPE 180,,
RL1458W-00,ZK5 - SEZIONI SPEC. ZECA RAP48564,ZK5 SPECIAL SECTIONS “ZECA”,,
UW0645H-00,ZK0 SW UPDATE FOR OPC-UA,ZK0 OPC-UA SOFTWARE UPDATE,,
VM0863R-00,ZK0 IPE 206X102.1 V9388,"ZK0 SECTION IPE 206x102,1",,
EP5446M-00,GF429-MOD.LUNGH.PEZZO DA CODA V9374,GF429 MOD. ENDPIECE LENGTH,,
LJ2422M-00,ZK0FIBER- SEZ.ALETTA 34X30 V9327,ZK0 FIBER FLAP SECTION 34x30,,
PP3156N-00,GUMIDOBUC - MOD LUNG 3200 RAP36994,"GUMIDOBUC MODULE L=3,2m",,
KW1871Z-00,ZK0.32 FIBER PROFILO A T V9424,ZK0.32 FIBER T-SECTION,,
BX4272W-00,ZK0.92 FIBER ACTIVE WELD UPG. V9417,ZK0.92 FIBER ACTIVE WELD UPDATE,,
FJ2191V-00,ZK5-SEZ.CASSAFNEBA 'NEBA' V8852,ZK5 FORMWORK SECTION “NEBA”,,
FG1838A-00,ZK0-SEZ. LAUFSCHIENENPROFIL V8984,ZK0 SECTION LAUFSCHIENENPROFIL,,
PY3933U-00,ZK0-SEZ. RP-PROFIL VERSUCH V8986,ZK0 SECTION RP-PROFIL “VERSUCH”,,
UM6499F-00,ZK5 - AGG.SW RUMOD VOCO9332,ZK5 SOFTWARE UPDATE “RUMOD”,,
NW3863N-00,ZK0-FILE SEZ. PROF. ALA CORTA V9471,ZK0 FILE SHORT FLAP PROFILE SECTION,,
BS1511V-00,ZK0 5 SEZIONI NIGEZL V9376,ZK0 NIGEZL N°5 SECTIONS,,
SG7804W-00,ZK0 22 SEZIONI NIGEZL H E I R49124,ZK0 NIGEZL N°22 SECTIONS H E I,,
RJ9256A-00,MOKENIR - COPIA CSV V9186,MOKENIR CSV COPY,,
GC9130A-00,ZK553D - UPGRADE PARUFOR EXP V9443,ZK553D PARUFOR EXPRESS UPDATE,,
WZ6976E-00,ZK0FIBER PROFILO SPECIALE ALU V9269,ZK0FIBER SPECIAL PROFILE “ALU”,,
LE3826G-00,GF423 - CONTROLLO PRODUZ. V9425,GF423 PRODUCTION MONITORING,,
JU9061E-00,GF423 - RIPRESA CARRELLO PZ V9407,GF423 PIECE CARRIAGE RECOVERY,,
YW8890K-00,JB53 - MOVIM. CATENE GOM RAP48872,JB53 CHAIN HANDLING LAK.,,
UV6368G-00,ZK8 GESTIONE SCARICO ANTER. V.9465,ZK8 FRONT UNLOADER MANAGEMENT,,
DF8542S-00,DODEVE MARCAT. INT. PROF. U V9483,DODEVE INTERNAL MARKING U-PROFILE,,
YP4922F-00,ZK533D SEZ. SIFETANOZK COD. 1041008,ZK533D SECTION COD. 1041008 “SIFETANOZK”,,
SV5230Z-00,ZK5 - SEZ. SPEC. T 50X50X7 MM V9470,ZK5 SPECIAL T-SECTION 50x50x7,,
RC5199C-00,GF423 - CASSE PIENE E RESET V9292,GF423 FULL BOXES AND RESET,,
PB3876Y-00,ZK0.92 - SEZIONE 11B V9516,ZK0.92 SECTION 11B,,
BV4260Z-00,ZK0 ESTENS. LUNGH. MAX 6.543 MM,"ZK0 EXTENSION MAXIMUM LENGTH 6,543mm",,
WW4884K-00,DODEVE - SEZ. SP. 85X35 MM V9548,DODEVE SPECIAL SECTION 85x35,,
XG3659D-00,ZK0 FIBER - SEZ. SPECIALE V9556,ZK0 FIBER SPECIAL SECTION,,
MJ3779M-00,ZK5 - INTERFACCIA MAND. SEMPL.,ZK5 SIMPLIFIED MANDARIN SOFTWARE,,
ZA1365T-00,ZK0 FIBER PROFILO H W6X15 V9575,ZK0 FIBER H-PROFILE W6x15,,
AK2683A-00,DODEVE CONFIGURAZIONE OPC-UA V9580,DODEVE OPC-UA CONFIGURATION,,
MS8934V-00,JB53 - AGG. SW OPC-UA V9583,JB53 OPC-UA SOFTWARE UPDATE,,
LJ2637P-00,ZK533-SW DATEI SONDERPROFIL,ZK533 SONDERPROFIL “DATEI”,,
LX2169C-00,ZK533-SEZ. SPECIALE V9550,ZK533 SPECIAL SECTION,,
TW4026H-00,ZK0 SEZ. SPEC T50X50 R50245,ZK0 SPECIAL T-SECTION 50x50,,
GL6386Z-00,GF423 START E STOP V9637,GF423 START-STOP,,
DK2725T-00,ZK0 SPECIAL PROFILE 1439 1440 V9636,ZK0 SPECIAL PROFILE 1439 1440,,
EV4474A-00,ZK5 - SOFTWARE IN SLOVENO,ZK5 SLOVENIAN SOFTWARE,,
GH6106U-00,DODEVE - ALLARME SONORO V.9631,DODEVE SOUND ALARM,,
RJ0317N-00,DODEVE - GEST.CAMBIO CASSA V.9632,DODEVE MANAGEMENT CHANGE BOX,,
YB5254T-00,DODEVE-AGGIORNAM. M/C V.9630 *,DODEVE MACHINE UPDATE,,
LK7410W-00,ZK0-SW GESTIONE D.244.5MM.VOCO9010,ZK0 SOTWARE MANAGEMENT D244.5mm,,
SW1946F-00,2F SERVICE - SEZIONE 11A - V.9314,SECTION “2F SERVICE” 11A,,
FJ2561F-00,GF429-CONTAPZ-0671402140704,GF429 PIECE COUNTER 0671402140704,,
PC4759Z-00,GUMIDOBUC-SOFFIO SU SCARICO V9593,GUMIDOBUC UNLOADER BLOW,,
FY0497V-00,SOFTWARE IN RUMENO PER ZK0.32,ZK0.32 ROMANIAN SOFTWARE,,
DR1075U-00,ZK5-SOFTWARE IN LINGUA TURCA V----,ZK5 TURKISH SOFTWARE,,
XG0575H-00,ALL IN ONE 03 ARTICOLI DEZ (V9674),ALL IN ONE 03 DEZ ITEMS,,
JR5667T-00,ZK8 - RIC. SALD. MULTIPLA V.9663,ZK8 MULTIPLE WELD SEARCH,,
UF6273Z-00,ZK0.32 SEZIONE SPEC. V.9676,ZK0.32 SPECIAL SECTION,,
FY6899N-00,ZK0 SEZIONE CABINA V9709,ZK0 BOOTH SECTION,,
YM0901J-00,ZK533-PREDISPOS.PARUFOR EXPRESS,ZK533 PARUFOR EXPRESS SETUP,,
KN1623H-00,ZK483-PREDISPOS.PARUFOR EXPRESS,ZK483 PARUFOR EXPRESS SETUP,,
RZ5421P-00,DODEVEEVO-SEZ.SPEC.-V9705,DODEVEEVO SPECIAL SECTION,,
LG7628D-00,ZK5-SEZ.SPEC.29350-V9739,ZK5 SPECIAL SECTION 29350,,
TJ1849H-00,ZK5-MODIF.CSV RICER. FORO V.9741,ZK5 CSV HOLE SEARCH MODIFICATION,,
PZ2817P-00,ZK0 AGG-PER TAGLIO COMUNE V.9695,ZK0 UPDATE FOR COMMON CUT,,
FA7787E-00,ZK0 UPGRADE ACT.SCAN SEZ.SP. V9757,ZK0 ACTIVE SCAN UPDATE SECTION,,
HE8446S-00,ZK0 SEZ. SPEC. VUDUN RAP51584,ZK0 SPECIAL SECTION “VUDUN”,,
EJ3561J-00,ZK0.32 - AGG. ACT. WELD V.9667,ZK0.32 ACTIVE WELD UPDATE,,
NR5256A-00,ALL IN ONE 01 ARTICOLI DEZ (V9783),ALL IN ONE 01 DEZ ITEMS,,
UL0347K-00,MOKENIR-YK442 - SCHEMI ELE V9796,MOKENIR-YK442 ELECTRIC DIAGRAMS,,
TJ1438R-00,ARTICOLO DEZ GH7862-00,DEZ ITEM SOFTWARE 0572 00,,
SW6550E-00,ARTICOLO DEZ B-TOOQJ-29,DEZ ITEM B-TOOQJ 29,,
AB6217E-00,SEZ.SPECIALE 52X48X2.5 V.9800,"SPECIAL SECTION 52x48x2,5",,
ZG9318Y-00,ZK0 IPE W4X13 V9602,ZK0 SECTION IPE W4x13,,
NT6716K-00,ARTICOLO DEZ CJ9139-00,DEZ ITEM SOFTWARE0899 00,,
XY9016Z-00,FIDIS - MODIFICA CUCCHIAIO V.9818,TUBE CLEANER MODIFICATION “FIDIS”,,
UU1798Z-00,ZK5 - SEZIONE CON ALETTA V9807,ZK5 FLAP SECTION,,
MN9927L-00,DODEVE MOD. OPC-UA V9724,DODEVE OPC-UA MODIFICATION,,
JA0611J-00,DODEVE AGG.TO VOCO 9334,DODEVE UPDATE,,
LD3285X-00,MOKENIR - AGG.TO VOCO 9333,MOKENIR UPDATE TO,,
XS9355X-00,ALL IN ONE 06 ARTICOLI DEZ (V9859),ALL IN ONE 06 DEZ ITEMS,,
CX5157E-00,ARTICOLO DEZ B-TOOLS/PC-01,DEZ ITEM B-TOOLS/PC 01,,
FC7946N-00,ARTICOLO DEZ RP8254-00,DEZ ITEM SOFTWARE0949 00,,
KX1324Z-00,DODEVEEVO-FILE SEZ.TRIANG. V9846,DODEVEEVO FILE TRIANGULAR SECTION,,
TU6910X-00,MOKENIR - UPGRADE PER OPC-UA V.9839,MOKENIR OPC-UA SOFTWARE UPDATE,,
JS6479N-00,ZK0.32-SOFTWARE IN TURCO V9888,ZK0.32 TURKISH SOFTWARE,,
UL3092N-00,ALL IN ONE 06 V.9859,ALL IN ONE 06,,
MD9343F-00,CONF. CINT V9863,CONF. CINT,,
VM0980J-00,GF423-STM MODIFICA TELEDIAGN. V9858,GF423 TELEDIAGNOSIS MODIFICATION,,
WN8779X-00,ZK0.92 SEZ. SPEC. VUDUN V9886,ZK0.92 SPECIAL SECTION “VUDUN”,,
AH1416T-00,GF423 - OPC-UA SETTINGS V9812,GF423 OPC-UA SETTINGS,,
LD0370S-00,ZK0 FIBER SEZIONE SPEC 4731 V9866,ZK0 FIBER SPECIAL SECTION 4731,,
XU0209L-00,ZK533D-CONFIGURAZIONE CINT V9127,ZK533D CINT CONFIGURATION,,
DW2835J-00,ZK5-UPGRADE HMI V9891,ZK5 UPDATE HMI,,
LD0969Z-00,ZK0.92FIBER-SEZ. SPEC. NIGEZL V9918,ZK0.92 FIBER NIGEZL SPECIAL SECTION,,
UM2034Y-00,JB53-93 LUNGH. DI TAGLIO (V.9919),JB53 12 CUTTING LENGTHS,,
JC9357N-00,ZK0.92-AGG.TO A.TILT + WELD (V9920),ZK0.92 ACTIVE TILT + WELD UPDATE,,
HM4240R-00,DODEVE-MOD. CICLO MACCH.VOCO9915,DODEVE MOD. CYCLE MACHINE,,
NT2620M-00,ZK5-CICLO ROBOT SCARICOSFRIDI V9737,ZK5 ROBOTIC SCRAP UNLOADING CYCLE,,
FV5385R-00,ZK5-SCARICO POSTER. PZ CUCCH. V9752,ZK5 TUBE CLEANER REAR UNLOADER PIECE,,
JF9293Z-00,ZK5 AGG. ACT. SHAPE R53705,ZK5 ACTIVE SHAPE UPDATE,,
FP7335C-00,ZK0.32 PROFILO SP. MEGEBEKAME,ZK0.32 SPECIAL PROFILE “MEGEBEKAME”,,
YM5140X-00,ZK0-REGOLAZ. ZERO Y IN ASSOL. V8865,ZK0 ZERO Y REGULATION IN ABSOLUTE,,
YB7416N-00,LIC.AGG.+ AGG.TO MUCEVIL GIBASEDA,LICENSE UPDATE+MUCEVIL UPDATE “GIBASEDA”,,
ZL0942D-00,MARCATURA SEZ. SPEC.VOCO9953,MARKING SPECIAL SECTION,,
HY3580N-00,ABILITAZIONE IN TELEDIAGNOSI V9903,ENABLING IN TELEDIAGNOSIS,,
WW5609V-00,GF423-MODIFICA CENTROSOFTWARE-V9972,GF423 SOFTWARE CENTER MODIFICATION,,
PR7763E-00,DODEVE-CICLO TORS- E CENTR. V9966,DODEVE TORSION-CENTERING CYCLE,,
AF5933Z-00,ZK5-FILE SEZ. SPECIALE ALETTA V9970,ZK5 FILE SPECIAL FLAP SECTION,,
NS7098F-00,IMPORT ADESIVI SU SEZ. SPEC. V.9976,IMPORT STICKERS ON SPECIAL SECTION,,
SR4577M-00,SW UPDATE S/N 0751801061106 V9055,SOFTWARE UPDATE S/N 0751801061106,,
HC9428N-00,ZK0 FIBER- MARCATURA PROF. SPEC.,ZK0 FIBER MARKING SPECIAL PROFILES,,
MZ4875Z-00,ZK533D-FILE NIGEZL 3 SEZ.SP. V9386,ZK533D NIGEZL N°3 SPECIAL SECTIONS,,
VT0618E-00,ZK0-SEZ.SPEC-S5-S6 FOFEBUNEKE E 3 DA,ZK0 SPECIAL SECTION S5-S6 FOFEBUNEKE-3 DA,,
GT8704T-00,ZK0 FIBER PROFILI SPECIALI V10075,ZK0 FIBER SPECIAL PROFILES,,
TR1965U-00,ZK932 MOD. SOFTW 10 MM R55185,ZK932 SOFTWARE 10mm MODIFICATION,,
RD9778X-00,ZK0 FIBER UPG. ACTIVE JOBS V10096,ZK0 FIBER ACTIVE JOBS UPDATE,,
EN6040X-00,ZK533 SOFTWARE UPDATE CAVA E SALD.,ZK533 SOFTWARE UPDATE CAVITY AND WLEDING,,
LU7781K-00,ZK5-DOTAZIONE PROF. SPECIALI V10106,ZK5 SPECIAL PROFILES EQUIPMENT,,
FJ9703W-00,ZK0-FILE SEZIONE PROF.SPEC. V10067,ZK0 FILE SPECIAL SECTION,,
KM0339V-00,GF423-RID. VEL. SPUNT. CARR. V10118,GF423 REDUC. TRIM SPEED CARRIAGE,,
ML2369B-00,ZK33-AGGIORN SW VOCO 9506,ZK33 SOFTWARE UPDATE,,
CX2334P-00,ZK0 PROFILO T60 V10103,ZK0 PROFILE T60,,
KT5333K-00,FAK.B.RIK. TECH - PROFILO BINARIO V9951,RAIL PROFILE “FAK.B.RIK. TECH”,,
MC6212Y-00,SEZ SP. VOCO9883,SPECIAL SECTION,,
JX6047V-00,ZK0.32 METACARATTERI SPEC. V10064,ZK0.32 SPECIAL METACHARACTERS,,
MP7374H-00,ZURS - SPECIAL SECTION T 60X30,SPECIAL SECTION “ZURS” T 60x30,,
PE8312V-00,GF423-ODL FINO A 20 CARATT.-V10160,GF423 ODL UP TO 20 CHARACTERS,,
SB6027Y-00,ZK0 MOD PRE-MARCATURA V10161,ZK0 MOD. PRE-MARKING,,
JX9059K-00,ZK0.32-INTERFACE JAPANESE V10188,ZK0.32 JAPANESE SOFTWARE,,
YW5879X-00,ZK0.32-INTERFACCIA SW IN SLOVENO,ZK0.32 SLOVENIAN SOFTWARE,,
WA7281H-00,DODEVE-SEZIONE CABINA V10191,DODEVE BOOTH SECTION,,
JD3738A-00,ZK5-PREDISP.IMPIANTO ARIA C. V10235,ZK5 AIR SYSTEM SETUP,,
NX7291C-00,ZK5-SPUNT.RA E RIC. SALD.RA-V10244,ZK5 TRIM AND WELD SEARCH,,
FF1345S-00,JB53-CONFIGURAZ. CINT V9262,JB53 CONFIGURATION CINT,,
UD6411K-00,ZK0-ABILITAZ.CUCCHIAIO > 1M V9634,ZK0 ENABLING TUBE CLEANER > 1m,,
XN4104T-00,ZK5-SEGNALE FINE LOTTO VOCO 10247,ZK5 BATCH END SIGNAL,,
FC4995L-00,ZK5-SW UPDATE ACTIVE WELD V.10268,ZK5 ACTIVE WELD UPDATE,,
KX1605K-00,"ZK0 CO2-SEZ.SERRAMENTO 1A,1B R57046","ZK0 CO2 CASING SECTION 1A,1B",,
LK2889J-00,DODEVE-SOFTWARE E HELP IN SLOVENO,DODEVE SLOVENIAN SOFTWARE AND HELP,,
FU2226Z-00,ZK483-PARUFOR EXPRESS VOCO10279,ZK483 PARUFOR EXPRESS,,
YE9966N-00,ZK5 MODFICA D. 155 RAP 57304,ZK5 D155 MODIFICATION,,
VD8766H-00,ZK8- INST.SERVER VOCO 10132,ZK8 SERVER INSTALLATION,,
UY8182Z-00,GF423-SOFTWARE IN OLANDESE,GF423 DUTCH SOFTWARE,,
UF6389K-00,ZK5-INTERV. REMOTO PUVACAMIN V10319,ZK5 REMOTE OPERATION “PUVACAMIN”,,
TA0202Y-00,GF423-CICLO RIP. AUTOMATICA V8336,GF423 AUTOMATIC RECOVERY CYCLE,,
VJ0138M-00,DODEVE - SEZ SP. SAPASABO V10350,DODEVE SPECIAL SECTION “SAPASABO”,,
XR4917K-00,DODEVE-SEZ. SPEC. RESALIMEZA,DODEVE SPECIAL SECTION “RESALIMEZA”,,
JA1239B-00,SEZIONE SPECIALE 16A,SPECIAL SECTION 16A,,
WD0686P-00,SEZIONE SPECIALE 11A,SPECIAL SECTION 11A,,
GJ8775F-00,ZK0.32 FIBER - HMI IN DANESE,ZK0.32 FIBER DANISH HMI,,
UC0519H-00,DODEVE-MOD. ACCESSO HMI-V9874,DODEVE MOD. ACCESS HMI,,
CY3346R-00,ZK0 CORR. UTENS. V10203,ZK0 TOOL CORRECTOR,,
UY4181Z-00,ZK533D AGGI. PER BANCO RACC. V9397,ZK533D COLLECTION BENCH UPDATE,,
TN2655K-00,ZK0.92 FIB-PROFILO H ALL. V10276,ZK0.92 FIBER ALUMINIUM H-PROFILE,,
ME2235D-00,ZK5-AGG. PER ACTIVE JOBS V10336,ZK5 ACTIVE JOBS UPDATE,,
TZ3553W-00,GF423 - CONFIGURAZ. OPC-UA V.10228,GF423 OPC-UA CONFIGURATION,,
WU3349K-00,ZK0 FIBER TRAVI RAP57984,ZK0 FIBER BEAMS,,
JL8477X-00,ZK0 - BPF CUSTOM,ZK0 BPF CUSTOM,,
SU1775F-00,ALL IN ONE 05 ARTICOLI DEZ V10420,ALL IN ONE 05 DEZ ITEMS,,
DR4737W-00,AGG.TO SW DODEVE SAMENORL V.10421,DODEVE SOFTWARE UPDATE “SAMENORL”,,
UE6428W-00,DODEVE AGG. ACTIVE JOBS V10444,DODEVE ACTIVE JOBS UPDATE,,
JN1802K-00,ZK0-FILE COMPOSER KER,ZK0 FILE COMPOSER KER,,
DJ2633L-00,3 SEZIONI A SCELTA ZK0.32,ZK0.32 N°3 CHOICE SECTIONS,,
ZK0657H-00,ZK0 - SW BAR_LOAD - UNLOAD V.10414,ZK0 SOFTWARE BAR_LOAD UNLOAD,,
KY2024A-00,ZK533D-SEZIONE CABINE V10475,ZK533D BOOTH SECTION,,
HY4053R-00,ZK5 RIC. SALDATUR PROF. CAB. V10154,ZK5 WELD SEARCH BOOTH PROFILE,,
DU1229J-00,MOKENIR-PEZZI SCARTO V10464,MOKENIR SCRAP PIECES,,
FA6810S-00,GF423-MODIFICA DUDOZUZIMI V10471,GF423 DUDOZUZIMI MODIFICATION,,
BG6443L-00,ZK5 - GAFUN SW UPGRADE ZK0 RAP59146,ZK5 SOFTWARE UPDATE ZK0 “GAFUN”,,
HK7619C-00,ZK533D PROFILI SPECIALI V10391,ZK533D SPECIAL PROFILES,,
FB5797B-00,DODEVE - SEZIONE INP140 V10406,DODEVE SECTION INP140,,
SJ7109V-00,ZK8 BIZ 3KW VOT-U ARIA R59785,ZK8 3kW VOT U AIR “BASAR”,,
ZJ1562U-00,ZK0.32-SEZ.SPEC. ZALISA V10534,ZK0.32 SPECIAL SECTION “ZALISA”,,
DX5122M-00,ZK8 UPGRADE FOR OPC-UA V10392,ZK8 OPC-UA SOFTWARE UPDATE,,
ET6470J-00,ZK0.32 COMPACT-SEZ.SPEC.-V10538,ZK0.32 COMPACT SPECIAL SECTION,,
PK8367N-00,ZK5-RICERCA SALD. RIPETUTA-V10512,ZK5 REPEAT WELD SEARCH,,
NJ0513X-00,ZK5-GESTIONE CUCCHIAIO VOCO9561,ZK5 TUBE CLEANER MANAGEMENT,,
MJ5238K-00,REFAL - SEZIONE SPECIALE DODEVE 1,DODEVE SPECIAL SECTION 1 “REFAL”,,
DS7430B-00,REFAL - SEZIONE SPECIALE DODEVE 2,DODEVE SPECIAL SECTION 2 “REFAL”,,
TA2978E-00,REFAL - SEZIONE SPECIALE DODEVE 3,DODEVE SPECIAL SECTION 3 “REFAL”,,
PW8134X-00,REFAL - SEZIONE SPECIALE DODEVE 4,DODEVE SPECIAL SECTION 4 “REFAL”,,
UX2993P-00,DODEVE-SEZ. SPEC.-V10240,DODEVE SPECIAL SECTION,,
PU6228L-00,MOKENIR-INTERF.SW IN SLOVENO,MOKENIR SLOVENIAN SOFTWARE,,
ZC2645K-00,ZK0 FIBER PACCHETTO SEZ. A T V10541,ZK0 FIBER T-SECTION PACKAGE,,
KP6338W-00,ZK5 - SEZIONE SPECIALE 11A V10561,ZK5 SPECIAL SECTION 11A,,
ES1431E-00,ZK0-PACCHETTO LEV TRAVI AUSTRALIA,ZK0 PACKAGE LEV AUSTRALIAN BEAMS,,
EP7469E-00,ZK0-SEZ. SERRAMENTO V10566,ZK0 CASING SECTION,,
VT7490F-00,ZK0-SEZ.SP.100 UC15 RAP60288,ZK0 SECTION THK100 UC15,,
CN4724V-00,ZK0.32-FILE SEZ.TRAVI AUSTR.-V10582,ZK0.32 FILE BEAM SECTION ”MEFEFAN A.”,,
XT2982B-00,ZK5-FILE SEZ.SERRAMENTO-V10592,ZK5 FILE CASING SECTION,,
CK8435H-00,DODEVE - 8 sez spec cliente Bipimen,DODEVE N°8 SPECIAL SECTIONS “BIPIMEN”,,
MU9891N-00,DODEVE - SEZ. SPECIALE DA DEFINIRE,DODEVE SPECIAL SECTION TO BE DEFINED,,
NK4917B-00,ZK5 - SEZIONE SPECIALE SF1B V10569,ZK5 SPECIAL SECTION SF1B,,
FG1048Y-00,ZK5-PROFILI SPECIALI V-----,ZK5 SPECIAL PROFILES V,,
NT2595H-00,ZK0 17XT NIGEZL SECTIONS V10412,ZK0 NIGEZL SECTION 17xT,,
SR4385G-00,ZK0 NIGEZL SECTION IPE140 V10659,ZK0 NIGEZL SECTION IPE140,,
BM7161B-00,ZK0 SEZ. NIGEZL PROF. CAB. V10540,ZK0 NIGEZL BOOTH SECTION,,
UF2822N-00,ZK5 - ACTIVE WELD OVALI ELL. V10707,ZK5 ACTIVE WELD ELLIPTIC OVALS,,
BH8584B-00,ZK533D - SPECIAL PROFILE V10614,ZK533D SPECIAL PROFILE,,
YZ3631T-00,DODEVEEVO - PROF. SPECIALE V10649,DODEVEEVO SPECIAL PROFILE,,
FF6182V-00,NIGEZL - RICONOSCIMENTO CORD. SALD.,NIGEZL WELD BEAD RECOGNITION,,
MX2043Z-00,NIGEZL - RICONOSCIMENTO FORI FLOW,NIGEZL FLOW HOLE RECOGNITION,,
EN6108X-00,JB53-NESTING SPECCHIATO V10243,JB53 NESTING MIRRORED,,
ZX3634K-00,Sezione spec RP20049 clienteT.M.GOBIZIK,SPECIAL SECTION RP20049 “ZEN.RIK.GOBIZIK”,,
PV6302P-00,ZK0.92 - Upgrade per Active Jobs,ZK0.92 ACTIVE JOBS UPDATE,,
TW5958A-00,ZK0.32 compact - 2 Sez speciali Bezedam,ZK0.32 COMPACT N°2 SPEC. SECT. “BEZEDAM”,,
JG8378U-00,Sezione cabina cliente Kezoketort,BOOTH SECTION “KEZOKETORT”,,
EJ3808Z-00,Due sez. spec Pipa e Pesce CEF&R taglio3D,N°2 SPEC. SECTIONS PIPE-FISH “CEF&R SUNODT”,,
VH9107B-00,Upgrade per Parufor Enterprise,PARUFOR ENTERPRISE UPDATE,,
BL7095V-00,Sezione speciale nd4860 cliente Madic,SPECIAL SECTION ND4860 “MADIC”,,
TB9878E-00,Sezioni ad H inglesi UB,H-SECTIONS “LES VUCOPEN”,,
UV6108X-00,SEZIONE SPECIALE ALETTA 38X37X1.5 1A,"SPECIAL FLAP SECTION 38x37x1,5 1A",,
LK5529T-00,SEZIONE SPECIALE DOPPIA ALA 55X38X1.5 1B,"SPECIAL DOUBLE FLAP SECTION 5x38x1,5 1B",,
KM9958T-00,Sezione speciale aletta 64_5x50x2,SPECIAL FLAP SECTION 64_5x50x2,,
ZR7253K-00,Sezione speciale aletta 80x40x2,SPECIAL FLAP SECTION 80x40x2,,
WS2843R-00,Sezione speciale 64x40x2 VUK,SPECIAL SECTION 64x40x2 “VUK”,,
NK9413V-00,Sezione speciale 64x40x2 AS,SPECIAL SECTION 64x40x2 “AS”,,
TZ5361E,Sezione speciale 1025782 inox Vos,SPECIAL INOX SECTION 1025782 “VOS”,,
CJ7171R-00,SW1757 - Sezione aletta Cliente SIMT,FLAP SECTION “SIMT”,,
CF1376M-00,Sezione speciale H099.188 cliente R.PIK.RIK.,SPECIAL SECTION H099.188 “R.PIK.RIK.”,,
ED8842W-00,DODEVEEVO Sezione speciale Aletta 50x34,DODEVEEVO SPECIAL FLAP SECTION 50x34,,
PE1148M-00,ZK5 Sezione speciale Aletta 50x34,ZK5 SPECIAL FLAP SECTION 50x34,,
PD3204Z-00,2 sezioni spaciali serramento Nigoger Puti,N°2 SPECIAL CASING SECTIONS “NIGOGER PUTI”,,
UG6857L-00,DODEVEEVO - Disab. controlli chucchiaio,DODEVEEVO DISABLE CONTROLS TUBE CLEANER,,
AX4029J-00,ZK8.92 - Diametro 140 mm,ZK8.92 SOFTWARE X DIAMETER 140mm,,
UM5717N-00,ZK0.32 Fib sez cassaforma cliente VIR,ZK0.32 FIBER FORMWORK SECTION “VIR”,,
AH2254M-00,ZK5 Sezione T40x5 Sidud,ZK5 T-SECTION 40x5 “SIDUD”,,
CS2333G-00,ZK0.32 sezione speciale 54x22 in all,ZK0.32 SPECIAL ALUMINIUM SECTION 54x22,,
FM9397N-00,T50x50x6 Fe cliente Karog,IRON SECTION T50x50x6 “KAROG”,,
UU4859S-00,ZK5 - Aggiornamento software macchina,ZK5 MACHINE SOFTWARE UPDATE,,
YC8217C-00,Sezione speciale 5001-1258-00 Lagaris,SPECIAL SECTION 5001-1258-00 “LAGARIS”,,
ZY9822N-00,ZK0.32 - Due sezioni aletta 11A e 11B,ZK0.32 N°2 FLAP SECTIONS 11A-11B,,
TY5569B-00,ZK5 - Personalizzazione file report CSV,ZK5 CUSTOMIZING CSV REPORT FILE,,
HK0371P-00,JB53 - Modifiche software,JB53 SOFTWARE MODIFICATIONS,,
HM0082K-00,ZK5 Sezione Cabina cliente Veb Tubes,ZK5 BOOTH SECTION “VEB TUBES”,,
PZ2559S-00,Sezioni speciali PEZOKODEN,SPECIAL SECTIONS “PEZOKODEN”,,
FS3885L-00,ZK5 Sezione 1A,ZK5 SECTION 1A,,
NY5901Y-00,SEZIONE H099.188 CLIENTE MUCESAT,SECTION H099.188 “MUCESAT”,,
HG6874W-00,ZK0 Fiber Sezione spec 57x46.5x2 Repol,"ZK0 FIBER SPEC. SECT. 57x46,5x2 “REPOL”",,
DX7621R-00,DODEVE SEZ I05802900558 Cliente DARUZA,DODEVE SECTION I05802900558 “DARUZA”,,
WC0423M-00,ZK5 SEZ SPEC H6753832 cliente LEK,ZK5 SPECIAL SECTION H6753832 “LEK”,,
NX9715J-00,Sezione aletta 34x29x15 client,FLAP SECTION 34x29x15,,
SU9206C-00,Sezione aletta 75x40x60 ZURS,FLAP SECTION 75x40x60 “ZURS”,,
DP8302R-00,Sezione aletta 33x40x20x2 ZURS,FLAP SECTION 33x40x20x2 “ZURS”,,
KD5795C-00,ZK0.32 Sez cass Ext Prof cl. VEFEGODK,ZK0.32 FORMWORK SECTION “FEZUR”,,
TH3273R-00,DODEVE - Aggiornam. software macchina,DODEVE MACHINE SOFTWARE UPDATE,,
PP4796U-00,ZK0.32 - sezione speciale HEA180,ZK0.32 SPECIAL SECTION HEA180,,
BH8098S-00,ZK5 Sez Midec 35x7.5x1 VECI-ZEN NIPIDI,"ZK5 MIDEC SECT.35x7,5x1 “VECI ZEN NIPIDI”",,
BB0966Y-00,ZK0 - Testine ActiveScan Personalizzate,ZK0 CUSTOM ACTIVE SCAN HEADS,,
EC8046D-00,SEZIONE SPECIALE ZUCOS A DISEGNO L6822690,SPECIAL SECTION DRAFT L6822690”ZUCOS”,,
RH5103P-00,ZK0 DS IPE200,ZK0 SECTION IPE200,,
FP8199M-00,GF429 - sw correzione lunghezze pezzi,GF429 SOFTWARE PIECE LENGTH CORRECTION,,
CK1589A-00,DODEVE - Controllo orientamento profili,DODEVE ORIENTATION PROFILE CHECK,,
UZ1178U-00,ZK0.32 - SEZ CASSAFORMA 120x63x2 SOKILID,ZK0.32 FORMWORK SECT. 120x63x2 “SOKILID”,,
JL9350A-00,YK443 - Ciclo di spazzolat. senza taglio,YK443 BRUSHING CYCLE WITHOUT CUT,,
CR4228A-00,ZK0.32 due sez aletta in all6060 NAPOLEP,ZK0.32 N°2 AL. FLAP SECT. 6060 “NAPOLEP”,,
LV5781Z-00,ZK5 T60 in fe37 cliente Gupumuzek,ZK5 IRON T-SECTION T60 “GUPUMUZEK”,,
JZ5503S-00,DODEVESEZ-ESTRUSO_42x22x2_LAFETI_160704,DODEVE SECTION 42x22x2 “LAFETI” 160704,,
EZ6803W-00,ZK0.92 - profilo T 40x20x1.6 mm in All,"ZK0.92 ALUMINIUM T-PROFILE 40x20x1,6",,
CA4994J-00,ZK8 - Aggiornam. software macchina,ZK8 MACHINE SOFTWARE UPDATE,,
XL9662W-00,ZK8.92 - modifica OPC-UA,ZK8.92 OPC-UA MODIFICATION,,
FH9867T-00,ZK0.32 Travi cinesi cliente SAGOTL,ZK0.32 CHINESE BEAMS “SAGOTL”,,
LD9732M-00,ZK0.32 T60x60x6 cliente SACL 2000 S.R.L,ZK0.32 T-SECTION 60x60x6 “SACL 2000”,,
YU1455C-00,ZK5 Sezione cassaforma 152x50x3 ZES.BUR,ZK5 FORMWORK SECTION 152x50x3 “ZES.BUR.”,,
YG3916Z-00,ZK5 Sezi aletta doppia 57x25x1_5 Davibum,ZK5 DOUBLE FLAP SECT.57x25x1_5 “DAVIBUM”,,
NL1801J-00,"ZK0.32: file LEV per IPN140,160,180,200","ZK0.32 FILE LEV FOR IPN140,160,180,200",,
YA8531A-00,ZK5 Sonderformrohr cliente LIDEL KONIN,ZK5 SPECIAL PROFILE “LIDEL KONIN”,,
NX7430V-00,ZK5 Sezione cassaforma 81x25x2 Tudupu,ZK5 FORMWORK SECTION 81x25x2 “TUDUPU”,,
NB0063J-00,ZK0.32 due sezioni speciali TUDI,ZK0.32 N°2 SPECIAL SECTIONS “TUDI”,,
MX9623J-00,ZK0.32 Sezioni IPE100 e Y50 - TOGUPEZE,ZK0.32 SECTIONS IPE100 - Y50 “TOGUPEZE”,,
DU1850E-00,ZK0.32 Calcolo tempi pezzo su HEB120 VIR,ZK0.32 PIECE TIME CALCUL. FOR HEB120 VIR,,
ND1823H-00,JB53 SCHEMI + SW PER TESTA 7KW,JB53 DIAGRAM + SOFTWARE FOR 7kW HEAD,,
EB8514D-00,ZK0.92 - 5 sezioni speciali KUPONU,ZK0.92 N°5 SPECIAL SECTIONS “KUPONU”,,
UZ4887U-00,ZK0 compact - IPE200,ZK0 COMPACT SECTION IPE200,,
EJ4509X-00,GF423 - velocità spuntatura,GF423 TRIM SPEED,,
UL2223S-00,ZK5 - Marcatura su 8 sez spec CarpLazial,ZK5 MARKING N°8 SECTION “CARP. VUKEBA”,,
UL8666S-00,ZK0.92 Sez.JB84565-LONITUNAZ LASER PT,ZK0.92 SECTION JB84565 “LONITUNAZ LASER”,,
NH3163D-00,DODEVE - sez spec D1191996 cl Bebek,DODEVE SPECIAL SECTION D1191996 “BEBEK”,,
XE9947L-00,ZK5 - sez spec D1191996 cl Bebek,ZK5 SPECIAL SECTION D1191996 “BEBEK”,,
ZM0848K-00,GF423 - Segnale di arresto caricatore,GF423 LOADER STOP SIGNAL,,
EY4235A-00,cLT8.20 Sezioni 16A e 16B cliente R.PIK.RIK.,ZK0.32 SECTION 16A-16B “R.PIK.RIK.”,,
AW6723X-00,GF423 - Scarico 1500 mm,"GF423 UNLOADER L=1,5m",,
ZB1563M-00,ZK5 - sez T40 cliente Mubon Tilukiniso,ZK5 T-SECTION 40 “MUBON TILUKINISO”,,
FD6850C-00,ZK8.92 - Aggior. HMI/HMI+ per PT Enterp.,ZK8.92 PARUFOR ENTERPRISE HMI/HMI UPDATE,,
TW2655C-00,GF423 – Gest. 2° cassa su scarico 1500,GF423 MANAGEMENT 2° BOX ON UNLOADER 1500,,
AS7164,ZK0 - Cambio posizione ripristino caric.,ZK0 CHANGE POSITION LOAD RECOVERY,,
NG0525C-00,ZK0.92 - Sez trave 100x100x8x6 LEDASUL,ZK0.92 H-SECTION 100x100x8x6 “LEDASUL”,,
JN4661S-00,ZK0.92 CO2 - Sezione T80x10 cliente LEK,ZK0.92 CO2 T-SECTION 80x10 “LEK”,,
ZJ6580N-00,ZK0 Compact - HEA180 Carp OFF K2,ZK0 COMPACT HEA180 “CARP. GABEKL KEZ”,,
GJ1222M-00,ZK0.32-T80 sp9 cliente F.tuk DUCR Fezur,ZK0.32 SECTION “FEZUR” T80 TH. 9,,
FZ3938D-00,ZK0 Compact - Sezione Z 85x60x5 Pire,ZK0 COMPACT Z-SECTION 85x60x5 “PIRE”,,
KE6375U-00,ZK0.32 - Prolungam. lead-out in mc,ZK0.32 LEAD OUT EXTENSION IN MACHINE,,
CH3760J-00,DODEVE - 4 sezioni aletta Kikilopak,DODEVE N°4 FLAP SECTIONS “KIKILOPAK”,,
HS0675N-00,ZK0.32 - Sezione speciale dog-bone,ZK0.32 SPECIAL SECTION “DOG BONE”,,
FS1377G-00,ZK0.32 - BIZ tech. spec. un solo ugello,ZK0.32 SPECIAL SINGLE NOZZLE “BASAR”,,
XY2711W-00,ZK5 5 sezioni speciali cliente Vavesik,ZK5 N°5 SPECIAL SECTIONS “VAVESIK”,,
VS2635P-00,ZK5 - BIZ tecnologico 5 kW,ZK5 TECHNOLOGY 5kW “BASAR”,,
KC2881N-00,JB53 - Testa di taglio da 7 kW,JB53 7 kW CUTTING HEAD,,
GS5820F-00,DODEVE-Sez aletta inclinata in AL PIPT,DODEVE INCLINED ALUM. FLAP SECT. “PIPT”,,
DY2047K-00,ZK5 - Sezione doppia aletta in ALL,ZK5 ALUMINIUM DOUBLE FLAP SECTION,,
XT6798G-00,ZK5 -Due sez spec. EVO2.0 MECL e GIT,ZK5 N°2 SPECIAL SECTION EVO2.0 MECL-GIT,,
XH7983H-00,ZK0.92 -Due sez spec. EVO2.0 MECL e GIT,ZK0.92 N°2 SPEC. SECT. EVO2.0 MECL e GIT,,
WN7562K-00,ZK593D - Prdisposizione PT Express,ZK593D PARUFOR EXPRESS SETUP,,
RZ4655E-00,ZK0.32 - sez. in alluminio 2x8 DEZ USA,ZK0.32 ALUMINIUM SECTION 2x8 “DEZ USA”,,
SR9260K-00,DODEVE - Aggiorn. sw Macc. per OPC-UA,DODEVE OPC-UA SOFTWARE UPDATE,,
EN3022E-00,DODEVEEVO prof farfalla 50x50x3 Celim,DODEVEEVO BUTTER.PROF.50x50x3 “CELIM”,,
PS9156F-00,ZK5 - Software in Danese,ZK5 DANISH SOFTWARE,,
ZE4028E-00,DODEVE - Aggiorn. sw Macc. speciale,DODEVE MACHINE SOFTWARE UPDATE SPECIAL,,
XF8718M-00,ZK5 - Sez aletta con inserto M8,ZK5 FLAP SECTION WITH INSERT M8,,
PB9339W-00,ZK0.92 - Sez aletta 70x40x2 Dupt,ZK0.92 FLAP SECTION 70x40x2 “DUPT”,,
FX2058U-00,ZK0.32 - sez T40 sp6 cliente Gupumuezk,ZK0.32 T-SECTION 40x6 “GUPUMUZEK”,,
FG2358L-00,ZK0 - Aggiorn. sw MC per conn. PT Ent.,ZK0 MACH. SW UPDATE PARUFOR ENTERPRISE,,
SH8933J-00,ZK0.92 - Sez aletta 11B cliente Pavn,ZK0.92 FLAP SECTION 11B “PAVN”,,
TD5497D-00,ZK5 due sezi aletta FIFUPU VIMAKEP,ZK5 N°2 FLAP SECTIONS “FIFUPU VIMAKEP”,,
PV9151V-00,DODEVE - 3 Sez cassaforma cliente COCUF,DODEVE N°3 FORMWORK SECTIONS “COCUF”,,
SZ0724G-00,ZK0.32 - 6 Sez aletta cliente Kaso,ZK0.32 N°6 FLAP SECTIONS “KASO”,,
TJ4803W-00,ZK5 sez PF60 e PSL40 Carp. Vukeba,ZK5 SECTION PF60-PSL40 “CARP. VUKEBA”,,
GG6222T-00,ZK0.32 - SOFTWARE IN SVEDESE,ZK0.32 SOFTWAREEDISH SOFTWARE,,
SV7250U-00,ZK0.32- due sez cassaf cliente VIR,ZK0.32 N°2 FORMWORK SECTION “VIR”,,
ZL5551Y-00,ZK0Fiber - Sezione saulele clie Fanikn,ZK0 FIBER SECTION SAULELE “FANIKN”,,
HE0626K-00,DODEVE - modifica sez 1041007 Sifetanozk,DODEVE MODIF. SECT. 1041007 “SIFETANOZK”,,
DR5621T-00,ZK0 Sezione 11A cliente Gurakapus,ZK0 SECTION 11A “GURAKAPUS”,,
VA5683Y-00,DODEVE Sez Midec 56x40x2 Necan,DODEVE MIDEC SECTION 56x40x2 “NECAN”,,
FM8056D-00,ZK593D midec 84x77x3 Dokane e Vuper,ZK593D MIDEC SECT. 84x77x3 “DOKANE-VUPER”,,
EH6468F-00,DODEVE - sez Midec_80x2 cl 2F service,DODEVE MIDEC SECTION 80x2 “2F SERVICE”,,
YU6146H-00,ZK0.92 sez T100x100_5 cliente ZURS,ZK0.92 T-SECTION 100x100x5 “ZURS”,,
ZF6081Z-00,ZK533 sezione aletta RALUCEC,ZK533 FLAP SECTION “RALUCEC”,,
FT9628R-00,ZK5 due sezioni speciali Zubisec,ZK5 N°2 SPECIAL SECTIONS “ZUBISEC”,,
XN3064X-00,ZK0.32 sezione UPN180,ZK0.32 SECTION UPN180,,
KK4118F-00,GF423 - Aggiornamento software macchina,GF423 MACHINE SOFTWARE UPDATE,,
XN8880N-00,ZK5 F2 - BIZ tech per VOT 4 kW,ZK5 F2 VOT 4 Kw “BASAR”,,
MG9585J-00,ZK5 sez aletta 40x25x1.2 cliente RAT.L.PIK.A,"ZK5 FLAP SECTION 40x25x1,2 “RAT.L.PIK.A”",,
BB5688V-00,ZK0.32 Sez aletta in all 100x49 Pezokoden,ZK0.32 ALUM. FLAP SECT.100x49 “PEZOKODEN”,,
GB2642D-00,ZK5 Sez aletta 50x25x1_5 cli Profile Las,ZK5 FLAP SECT. 50x25x1_5 “LABAFAROPK”,,
NA2630T-00,ZK5 - Sezioni speciali Muros,ZK5 SPECIAL SECTIONS “MUROS”,,
GD1835Z-00,GF423 - Interfaccia in danese,GF423 DANISH SOFTWARE,,
YR5010J-00,DODEVE Sez alet in all 76x40x2 Fecirul,DODEVE AL. FLAP SECT. 76x40x2 “FECIRUL”,,
LY5195J-00,ZK5 - Espansione protocollo OPC-UA,ZK5 OPC-UA PROTOCOL EXPANSION,,
ZF4977S-00,Zk5 - tre sezioni speciali Noral,ZK5 N°3 SPECIAL SECTIONS “NORAL”,,
FF7205A-00,ZK0.92 - 4 sez. aletta GARUNEKATR,ZK0.92 N°4 FLAP SECTIONS “GARUNEKATR”,,
YX7459V-00,ZK5 sez U 19 247 Ritazufaci,ZK5 U-SECTION 19 “BAKABITOPA”,,
AH8827D-00,ZK5 sezione aletta KAROG,ZK5 FLAP SECTION “KAROG”,,
UU2514V-00,ZK5 - Riprocessazione blocchi Composer,ZK5 REPROCESSING COMPOSER BLOCKS,,
HN2616Z-00,YK443 - Aggiornamento sw mc,YK443 MACHINE SOFTWARE UPDATE,,
ET8840M-00,ZK5 tre sezioni aletta GECIPAD,ZK5 N°3 FLAP SECTIONS “GECIPAD”,,
JX1438Z-00,ZK5 - sez cabina 65x65x3 fe37 V.M. Inox,ZK5 BOOTH SECTION 65x65x3 FE37 “GOK INOX”,,
HK8429W-00,ZK5 - Ciclo spec. arretramento mandrino,ZK5 SPECIAL CYCLE SPINDLE RETRACT,,
MX2307W-00,ZK5 - sezione speciale 2A cliente LEK,ZK5 SPECIAL SECTION 2A “LEK”,,
SZ9627H-00,ZK0.92 profilo 101.2x90.1x3 MOS.BUR,"ZK0.92 PROFILE 101,2x90,1x3 “MOS.BUR”",,
UY4776D-00,ZK5 sezione triang 70_5x30 Sidud,ZK5 TRIANGULAR SECTION 70_5x30 “SIDUD”,,
HZ7020X-00,DODEVE Bodenprofil_Typ-75_53,DODEVE BODENPROFIL TYPE-75_53,,
LJ7476T-00,DODEVE sezTrapez e SG81x49x3 cl Mucesat,DODEVE TRAPEZ. SECT.-SG81x49x3”MUCESAT”,,
LE4025U-00,ZK0.92 - 3 sez. aletta GARUNEKATR,ZK0.92 N°3 FLAP SECTIONS “GARUNEKATR”,,
AC4347F-00,ZK5 - Aggiorn. sw m/c e schemi insert.,ZK5 REVETING UNIT SW UPDATE AND DIAGRAM,,
JX3173B-00,ZK5 - sezione P300 cliente Mafepn,ZK5 SECTION P300 “MAFEPN”,,
FD3450D-00,GF423 - Aggiornamento sw mc per OPC-UA,GF423 OPC-UA SOFTWARE UPDATE,,
US5482M-00,GF429 - Aggiornamento sw mc per OPC-UA,GF429 OPC-UA SOFTWARE UPDATE,,
JJ0474P-00,ZK0.92 - UC150UB14 e UB150UC23 ULTIMATE,ZK0.92 SECTION UC150UB14 -UB150UC23,,
WD97920W-00,DODEVE - sez60x50x1.5 cliente Papipurik,"DODEVE SECTION 60x50x1,5”TRANSF.METAL.”",,
EH3847V-00,ZK0.32 - 4 sezioni trave SUSK VAN DE RAN,ZK0.32 N°4 SECTIONS “SUSK VAN DE RAN”,,
KZ7767M-00,DODEVE-sette sezioni Metal Trade Bekick,DODEVE N°7 SECTIONS “MUSIDUZUDR”,,
YY2883D-00,ZK5 - sez 1B cliente Rikasu,ZK5 SECTION 1B “RIKASU”,,
AN3730R-00,ZK0.32 - Sezione W6x25 cliente KUGI DIROT,ZK0.32 SECTION W6x25 “KUGI DIROT”,,
FV8751M-00,ZK0.32 W6x7.75 Beam cliente Garare steel,"ZK0.32 BEAM W6x7,75 “GARARE STEEL”",,
CT8462M-00,DODEVE aletta 45.5x40 Metal Trade Bekick,"DODEVE FLAP SECT. 45,5x40 “MUSIDUZUDR”",,
KR8720B-00,DODEVE-Sez trapez 85x50x2 Gotafr,DODEVE TRAPEZOID SECT. 85x50x2 “GOTAFR”,,
BK2676H-00,ZK0.32 sez.60x50x1.5 Tolozebidi,"ZK0.32 SECTION 60x50x1,5 “TOLOZEBIDI”",,
TA9210C-00,ZK0 sez J4127826 cliente KER,ZK0 SECTION J4127826 “KER”,,
MN4334U-00,ZK5 - Due sezioni aletta Gecipad,ZK5 N°2 FLAP SECTIONS “GECIPAD”,,
VW0213N-00,ZK0.32 Tre sezioni aletta cliente PIV,ZK0.32 N°3 FLAP SECTIONS “PIV VILUZUKI”,,
YM2220F-00,ZK5 sezione T50 cliente Masita,ZK5 T-SECTION 50 “MASITA”,,
HH0212N-00,ZK0.32 sez aletta 60x40x2 cliente GAB,ZK0.32 FLAP SECTION 60x40x2 “GAB”,,
RL3531K-00,ZK0.32 IPN80 e IPN100 cliente Pavufen,ZK0.32 SECTIONS IPN80 - IPN100 “PAVUFEN”,,
KE6161G-00,DODEVE abilitaz Torsione derebt 61183,DODEVE ENABLING TORSION “DEREBT” 61183,,
LH2272R-00,ZK0 COMPACT profilo snello Sokilid,ZK0 COMPACT SLIM PROFILE “SOKILID”,,
CY7590X-00,ZK0.32C -trapez 47x34x3 cliente Gogavogr,ZK0.32 TRAPEZOID SECT. 47x34x3 “GOGAVOGR”,,
ED9071Z-00,ZK5 sez Remr_03 cliente ZEN.PIK. Remr,ZK5 SECTION REMR_03 “ZEN.PIK. REMR”,,
BM7067Z-00,ZK5 - 2 Sez speciali Metal Trade Bekick,ZK5 N°2 SPECIAL SECTIONS “MUSIDUZUDR”,,
UA6826C-00,DODEVE-2 sez cabina cliente Gucuzema,DODEVE N°2 BOOTH SECTIONS “GUCUEZMA”,,
EA1204W-00,DODEVE - Modifica ciclo carico,DODEVE LOAD CYCLE MODIFICATION,,
SH0910X-00,DODEVE-Sezioni 1A e 1B cliente Cucuser,DODEVE SECTIONS 1A-1B “CUCUSER”,,
JS9144P-00,ZK0.32 sez aletta 177x49 sp.5 in All GIL,ZK0.32 ALUMIN. FLAP SECT. 177x49x5 “GIL”,,
BM9655S-00,ZK0.32- sezione Z 49x18 ALL Dakucutu,ZK0.32 ALUMIN. Z-SECT. 49x18 “DAKUCUTU”,,
ZB3035M-00,DODEVE-Tre sezioni aletta All Recevotk,DODEVE N°3 ALUM. FLAP SECT. “RECEVOTK”,,
EW4353A-00,ZK5 - 3 sez Aletta cliente CARPENTERIE,ZK5 N°3 FLAP SECTIONS “CARPENTERIE”,,
AG0827C-00,ZK0.32- 3 sez ad aletta Dakucutu,ZK0.32 N°3 FLAP SECTIONS “DAKUCUTU”,,
CN1266P-00,ZK0.92- Sei sez speciali aletta PESAPADN,ZK0.92 N°6 SPECIAL FLAP SECT. “PESAPADN”,,
BS8197W-00,ZK0.32- midec 117x39x3 cliente LULO,ZK0.32 MIDEC SECTION 117x39x3 “LULO”,,
DW0600P-00,DODEVE Sezione HPE cliente NUTAVAMOPU,DODEVE SECTION HPE “NUTAVAMOPU”,,
DT4458X-00,ZK0.32 - 2 sez C semichiusa Sacl 2000,ZK0.32 N°2 SEMICL.C-SECTIONS “SACL.2000”,,
PW8261K-00,ZK5 - Arresto singolarizzatori,ZK5 STOP SINGULARIZER,,
JC4058A-00,ZK0.32 - Solo tagli 2D,ZK0.32 ONLY 2D CUTS,,
RH7760X-00,JB53 - Aggiornamento per nuovo BQ599,JB53 NEW BQ599 UPDATE,,
JP0248A-00,ZK8.92 - Interfaccia ed help in sloveno,ZK8.92 SLOVENIAN SOFTWARE,,
PH0639W-00,ZK0.32 - 11017-03-967 cliente De Morn,ZK0.32 SECTION 11017-03-967 “DE MORN”,,
KB3814C-00,ZK5 sez P300 sviluppo incastro Mafepn,ZK5 SECTION P300 SLOT DEVELOP. “MAFEPN”,,
LB7496A-00,ZK0.92- due sez aletta LASER LUVOLU,ZK0.92 N°2 FLAP SECTIONS “LASER LUVOLU”,,
KM9006K-00,ZK0.32 - 6 sezioni a T Kufap & Cak,ZK0.32 N°6 T-SECTIONS “KUFAP & CAK”,,
FA6113J-00,ZK5 e DODEVE Sezione 2A cliente CANEK,ZK5/DODEVE SECTION 2A “BEK 94”,,
KS3588B-00,ZK5 - Utente manutentore esperto,ZK5 EXPERIENCED MAINTENANCE USER,,
AK3471L-00,GF423 - Mod. ciclo gestione coda barra,GF423 MOD. ENDBAR MANAGEMENT CYCLE,,
KW5905P-00,DODEVE - sezione cassaforma Cocuf Ferak,DODEVE FORMWORK SECTION “COCUF”,,
WV6355S-00,ZK5 - sezione HOP RO1049 Nagaler,ZK5 SECTION HOP RO1049 “NAGALER”,,
TA8883Y-00,ZK0.32 - sez 16A e 16B Catetirovr,ZK0.32 SECTION 16A-16B “CATETIROVR”,,
JS9982B-00,ZK0 sezione 120x40x1_5 LOG Part,ZK0 SECTION 120x40x1_5 “LOG PART”,,
GJ9529V-00,ZK5 due sezioni trapezoidali BUF,ZK5 N°2 TRAPEZOID SECTIONS “BUF”,,
XT2722U-00,ZK5 dis piast ell 100x50x2 Tedafav Tech,ZK5 ELLIPTIC PLATE 100x50x2 “TEDAFAV”,,
ZR5387X-00,ZK0Fiber sez 11A cliente NAC.SOK,ZK0 FIBER SECTION 11A “NAC.SOK”,,
XC0726R-00,Zk0.32 e ZK5 sez T50 sp6 cliente KAROG,ZK5/ZK0.32 T-SECTION 50x6 “KAROG”,,
VK4512X-00,ZK0.32 sez serramento SF2B R.PIK.RIK.,ZK0.32 CASING SECTION SF2B “R.PIK.RIK.”,,
GD4644R-00,ZK0.32 sez serramento SF1B e 15T R.PIK.RIK.,ZK0.32 CASING SECTION SF1B-15T “R.PIK.RIK.”,,
UZ9045T-00,ZK5 - sezione T30 cliente ZELIFOTR,ZK5 T-SECTION 30 “ZELIFOTR”,,
CB3416P-00,ZK0.92 - Agg. SW mc per PT Enterprise,ZK0.92 PARUFOR ENTERPRISE UPDATE,,
JP1036P-00,DODEVEEVO - Intestatura aggiuntiva,DODEVEEVO ADDITIONAL FACING,,
GL6156K-00,YK443 - MODIFICA ALIMENTAZIONE,YK443 FEEDING MODIFICATION,,
RE2322U-00,DISABILITAZIONE PROTOCOLLO SMB V1,DISABLE SMB PROTOCOL V1,,
BS7144L-00,ZK0.32 - REG. ASSOLUTA ZERO ASSI Y E Z,ZK0.32 ABSOLUTE ZERO AXIS “Y-Z” ADJUSTM.,,
FV7748P-00,ZK0.32: T 40x33 LEV file,ZK0.32 T-SECTION 40x33 LEV FILE,,
HS6370F-00,ZK5 - Sezione t60 cliente Masita,ZK5 T-SECTION 60 “MASITA”,,
MX1744H-00,ZK0.32 - sez 2D cliente Pavn & Rekarur,ZK0.32 SECTION 2D “PAVN”,,
UW8282F-3,SW1966A-00 sezione 2D cliente GOK INOX,INOX SECTION 2D “GOK INOX”,,
PC7019F-00,ZK0.32 sez 66x24x3 SASIFIBECO,ZK0.32 SECTION 66x24x3”SASIFIBECO”,,
AE6348H-00,ZK5 sez spec 120x80x6 Tedafav Tech,ZK5 SPEC.SECTION 120x80x6 “TEDAFAV TECH”,,
FJ9914E-00,ZK0.32 - 7 sez aletta PIV VILUZUKI B.V,ZK0.32 N°7 FLAP SECTIONS “PIV VILUZUKI”,,
VL9209Z-00,ZK5 - Sezione T40x40x4 cliente Kepuri:,ZK5 T-SECTION 40x40x4 “KEPURI”,,
MD0093M-00,4 sezioni trapezoidali cliente Togupeze,N°4 TRAPEZOID SECTIONS “TOGUPEZE”,,
KH5052Z-00,ZK0.32 -sez spec Bodenprofil VUN Satimeb,ZK0.32 BODENPROFIL SECTION “VUN”,,
HH6635N-00,ZK0.32 - sez 2514415 cliente Dudatidn,ZK0.32 SECTION 2514415 “DUDATIDN”,,
ZE5532T-00,ZK0.32 - sez aletta 50x40x2 Kuponu,ZK0.32 FLAP SECTION 50x40x2 “KUPONU”,,
HV2739Z-00,ZK5 - sez aletta 50x50x2 cliente S.E.R.RAT,ZK5 FLAP SECTION 50x50x2 “S.E.R.RAT”,,
HN8650T-00,HN8650T-00 sez spec aletta BIBI,FLAP SECTION “BIBI”,,
TD2826T-00,TD2826T-00 Sez spec U56x46.5x1.5 Tuzizu,"SECTION U56x46,5x1,5 “TUZIZU”",,
UC7359R-00,sez 1A e 1B cliente F.TUK DUCR FEZUR,SECTION 1A-1B “FEZUR”,,
RE5579K-00,DODEVE - 7 sez spec IL VUCODOBUD,DODEVE N°7 SPEC. SECT. “IL VUCODOBUD”,,
HZ6545R-00,DODEVE 2 sezioni a D in All Kiboguk,DODEVE N°2 ALUMIN. D-SECTIONS “KIBOGUK”,,
PA6952G-00,ZK5 speciale Bodenprofil - GOK Inox,ZK5 BODENPROFIL SECTION INOX “GOK SIBAT”,,
ZM9744S-00,ZK5 Sezione speciale Bodenprofil CANEK,ZK5 BODENPROFIL SECTION “BEK 94”,,
DS3068J-00,ZK8.92 sez spec Dadodat,ZK8.92 SPECIAL SECTION “DADODAT”,,
ZL4147W-00,ZK0.32 Sez spec U56x46.5x1.5 Sifi,"ZK0.32 SPEC. U-SECTION 56x46,5x1,5”SIFI”",,
MJ4732V-00,ZK0.32 sez Vivositaci Rimabs Comercial,ZK0.32 SECTION “VIVOSITACI RIMABS PUB.”,,
RR5991H-00,ZK5 due sezioni speciali Zukeco,ZK5 N°2 SPECIAL SECTIONS “ZUKECO”,,
WK8742W-00,ZK0.32 - INTERFACCIA SW IN SLOVACCO,ZK0.32 SLOVAKIAN SOFTWARE,,
EH0678F-00,DODEVE Sez proto aluminium PIPT,DODEVE ALUMINIUM SECTION “PIPT”,,
UB1950P-00,ZK5 Sonderformrohr 65x40_6 Konin,ZK5 SPECIAL SECTION 65x40_6 “KONIN”,,
WV7486A-00,ZK5 - sez 33x26x2 cl Konin,ZK5 SECTION 33x26x2 “LIDEL KONIN”,,
SV5979N-00,DODEVE Piatto ovale piccola VAB KINAKL,DODEVE SMALL FLAT OVAL “VAB KINAKL”,,
MR7803T-00,DODEVE sez mezzotubo cliente SAREPAKN,DODEVE HALF TUBE SECTION “SAREPAKN”,,
EL9862N-00,ZK0.32 -sez 16A cliente NAC.SOK,ZK0.32 SECTION 16A “NAC.SOK”,,
HE3365M-00,ZK0.32 sez aletta spec ALL TURUB,ZK0.32 ALUMINUM FLAP SECTION “TURUB”,,
KN2391F-00,ZK5 - 4 sezioni a T cliente Dizit,ZK5 N°4 “T” SECTIONS “DIZIT”,,
PB8910E-00,DODEVE Sezi porta_P cliente Celim,DODEVE SECTION DOOR_P “CELIM”,,
JL3033U-00,ZK0.32 sezione HOP 54_232 cliente Goveeemum,ZK0.32 SECTION HOP 54_232 “GOVEFEMUM”,,
CA8122W-00,ZK0.32 sez T spec in All cl Kimasar,ZK0.32 SPEC. ALUMIN. T-SECTION “KIMASAR”,,
AG7302E-00,ZK5 Sezione doppia ala PEMUSR,ZK5 DOUBLE FLAP SECTION “PEMUSR”,,
HU9108M-00,ZK5 Sezione KOP cliente TECNICAS,ZK5 SECTION KOP “TECNICAS”,,
EW3849Z-00,ZK5 - sez Recofalu cl Cocizk Cuvif,ZK5 RECOFALU SECTION “COCIZK CUVIF”,,
PW5746B-00,ZK0.32 - sez 11A e 11B cliente Subesi,ZK0.32 SECTION 11A-11B “SUBESI”,,
NB7306N-00,ZK0.32 trave W8x18 cliente SOROM RERIBK,ZK0.32 BEAM W8x18 “SOROM RERIBK”,,
RS8215V-00,DODEVE EVO Sez 16A e 16B cl OFF.Tumabeg,DODEVEEVO SECTION 16A-16B “OFF.TUMABEG”,,
XT9285X-00,ZK5 - AGG. SW MACCHINA E ACTIVE SCAN,ZK5 MACHINE-ACTIVE SCAN UPDATE,,
PB3787L-00,ZK0.92 - MIGLIOR. SICUR. DI RETE IN MAC.,ZK0.92 MACH. NETWORK SECURITY IMPROVEM.,,
VV9051F-00,ZK5 - ZK0.32 prof600 in all 247,ZK5/ZK0.32 ALUMINIUM PROF600 “247”,,
TW7021X-00,MOKENIR - 4 LUNGHEZZE DI TAGLIO,MOKENIR 4 CUTTING LENGTHS,,
PB0907B-00,ZK0.32 - RULLI PER LINEA DI LAVORO,ZK0.32 ROLLERS FOR WORK LINE,,
XN0892E-00,ZK0.327 - sez RP cliente GOVEFEMUM,ZK0.327 SECTION RP “GOVEFEMUM”,,
LN4730P-00,ZK0.32 SEZ HEB160 cliente MOS.BUR,ZK0.32 SECTION HEB160 “MOS.BUR”,,
FL3053C-00,ZK5 - sez 75x2_8 cliente all PEMUSR,ZK5 ALUMINIUM SECTION 75x2_8 “PEMUSR”,,
PA4935V-00,Sezione T60 cliente Kafufe,SECTION T60 “KAFUFE”,,
DB0304V-00,ZK0.32 - RIC. SALD. PROF. SPEC. FR61.312,ZK0.32 WELD SEARCH SP. PROFILES FR61.312,,
FX4277G-00,ZK0.32 -sez EVO2_0 cliente LABAFAROPK,ZK0.32 SECTION EVO2_0 “LABAFAROPK”,,
LA7736P-00,ZK0 - Ripristino antiac. car. fasc. 12.5,"ZK0 OVERLAP STOP RESET B. LOADER 12,5m",,
DY8995L-00,DODEVE sez Dom42x22 ePOV Vab Kinakl,DODEVE SECT. DOM42x22-POV “VAB KINAKL”,,
UW1764A-00,DODEVE sez PP0201139-2_5 ZIROPOK,DODEVE SECTION PP0201139-2_5 “ZIROPOK”,,
XC8974V-00,DODEVE sez 144.5x28 Met Tudupu Vibir,"DODEVE SECTION 144,5x28 “TUDUPU VIBIR”",,
WC3921P-00,ZK5 e ZK0.32 sez L 61_9x48_5 247 KORUC,ZK5/ZK0.32 L-SECT. 61x9-48x5 “SUPUDIBT.”,,
YB2404S-00,ZK5 2 sez spec quad cliente Totugu RIZ,ZK5 N°2 SQUARE SECTIONS “TOTUGU RIZ”,,
GX1042U-00,GX1042U-00 sprofilo snello v2 Sokilid,SLIM PROFILE V2 “SOKILID”,,
MV6059T-00,ZK0.32 trave aust UC150 37 Bend Tech,ZK0.32 AUSTRAL. BEAM UC150 37”BEND TECH”,,
NV4271B-00,ZK0.32 - Sezione ZetaTube cliente Bezir,ZK0.32 SECTION ZETATUBE “BEZIR”,,
ZZ9454F-00,ZK0.32 sez spec PM204-023 PIG RIMT,ZK0.32 SPEC. SECT. PM204-023 “PIG RIMT”,,
AG0145M-00,ZK0.32 - 5 sez serramento Kufap,ZK0.32 N°5 CASING SECTION “KUFAP”,,
MJ0154P-00,DODEVE sez FrontExahustPlate-Vunarugo,DODEVE FRONT EXAHUST PLATE “VUNARUGO”,,
UN5854F-00,ZK0.32 - 3 sezioni BEDECAKUG,ZK0.32 N°3 SECTIONS “BEDECAKUG”,,
CC5748R-00,ZK0.32 sez Bodenprofil cl Futu Rireril,ZK0.32 BODENPROFIL SECT. “FUTU RIRERIL”,,
VA3662J-00,ZK0.32 sez ALLUMINIO CON ALETTA Buzas,ZK0.32 ALUMINUM FLAP SECTION “BUZAS”,,
BP3540Y-00,DODEVE due sez cliente Zizi,DODEVE N°2 SECTION “ZIZI”,,
AZ3274Y-00,ZK8 - AGG. HMI MACCHINA PER PT EXPRESS,ZK8 MACHINE HMI UPDATE PARUFOR EXPRESS,,
EU7260T-00,ZK5 sez Zucaramebi cl Zakibu,ZK5 ZUCARAMEBI SECTION “FEBIMODIKO”,,
UP9170L-00,DODEVE - sez Zucaramebi cl Zakibu,DODEVE ZUCARAMEBI SECT. “FEBIMODIKO”,,
JW0032B-00,ZK0.92 UB127x76x13 INDUSTRIAL & AGRIC,ZK0.92 SECT. UB127x76x13”INDUSTR.&AGRIC”,,
CK7275F-00,ZK0.32 4 sezioni speciali in all MAK,ZK0.32 N°4 SPEC. ALUMINIUM SECTION “MAK”,,
VX7087F-00,ZK0.32 T100x40x8.5 cl LABAFAROPK,ZK0.32 SECT. T100x40x8.5 “LABAFAROPK”,,
ZT3927R-00,Piattine 20x5 e 30x5 MIB,PROFILE 20x5 - 30x5 “MIB”,,
XP4129Y-00,ZK0.92 sezione T50 cliente Pire,ZK0.92 T-SECTION 50 “PIRE”,,
XS3565G-00,DODEVE 2 sezioni speciali MUSIDUZUDR C,DODEVE N°2 SPEC. SECTIONS “MUSIDUZUDR”,,
KL2141X-00,ZK533D sezione speciale FEK-Vasefuv,ZK533D SPECIAL SECTION “VASEFUV”,,
KT7865T-00,ZK/ Sezione C38x18x2.5 Fokozibu,"ZK5 SECTION C38x18x2,5 “FOKOZIBU”",,
NV5110E-00,ZK0fiber sez T assim VUN Butazil,ZK0 FIBER T-SECTION ASYMM. “VUN BUTAZIL”,,
CF3907D-00,ZK0.32 - KON PROFILO 215x81x3 MM,ZK0.32 PROFILE 215x81x3 “KON”,,
FS9402L-00,ZK0.32 - AGG. SW M/C PER PREMARCATURA,ZK0.32 SOFTWARE UPDATE FOR PREMARKING,,
RN3500D-00,ZK0.92 trave rett 100x50x5x7 Pivofagi,ZK0.92 RECTG. BEAM 100x50x5x7 “IVOFAGI”,,
RD0324Z-00,ZK0.92 -sez T50x50x6 Dinezogebk,ZK0.92 T-SECTION 50x50x6 “DINEZOGEBK”,,
WG6898E-00,ZK5 e ZK0.92 - 2 sez aletta rip Karog,ZK5/ZK0.92 N°2 FLAP SECTIONS “KAROG”,,
PS5863T-00,DODEVE 3 sez C-semic Metal Trade Bekick,DODEVE N°3 SEMICL. C-SECT.”MUSIDUZUDR”,,
YA1402U-00,ZK0.32 Compact T80 Veno Laser Tube,ZK0.32 COMPACT T-SECTION T80 “VENO LASER”,,
YB8869N-00,ZK5 6 sezioni aletta Neputoses,ZK5 N°6 FLAP SECTIONS “NEPUTOSES”,,
WC9279S-00,ZK0.32 - DISEGNO SAGOME SOST. 150 X 50,ZK0.32 DRAFT REAR TEMPLATES 150x50,,
YK0663M-00,ZK0.32 - FORMULA SPEC. RAGGIO UTENSILE,ZK0.32 TOOL RADIUS SPECIAL FORMULA,,
DE9667Z-00,DODEVE - FORMULA SPEC. RAGGIO UTENSILE,DODEVE SPECIAL FORMULA TOOL RADIUS,,
AP3089F-00,ZK0.32 sez 36x29.8x2 cliente KIMASAR,"ZK0.32 SECTION 36x29,8x2 “KIMASAR”",,
FZ6250H-00,ZK5 tubi tondi rastremati Cocizk Cuvif,ZK5 TAPERED ROUND TUBES “COCIZK CUVIF”,,
PV5047L-00,ZK8.92 - AGGIORNAMENTO SW MACCHINA,ZK8.92 MACHINE SOFTWARE UPDATE,,
SB2633K-00,ZK5 Sezione aletta cliente DAR Metal,ZK5 FLAP SECTION “DAR METAL”,,
GP7878Y-00,ZK8 DODEVE - HMI IN LITUANO,ZK8/DODEVE LITHUANIAN HMI,,
CY3728D-00,ZK5 due sez in ALL aperte Pemusr,ZK5 N°2 ALUMINIUM OPEN SECTIONS “PEMUSR”,,
PW7804W-00,L7 - sezione 16A cliente Rikasu,L7 SECTION 16A “RIKASU”,,
ZX0953G-00,ZK0.32 IPN120 cliente Muvutonuta,ZK0.32 SECTION IPN120 “MUVUTONUTA”,,
UX0061P-00,ZK0.92 sez aperta 156x50x3 Susk,ZK0.92 OPEN SECTION 156x50x3 “SUSK”,,
SK9371N-00,ZK0 sezione cabina LOG PARTS & CO,ZK0 BOOTH SECTION “LOG PARTS & CO”,,
VU1577J-00,DODEVE 2 sezioni a T cliente Rakevult,DODEVE N°2 T-SECTIONS “RAKEVULT”,,
UT4426K-00,DODEVEEVO 3 sez spec cliente Ginodote,DODEVEEVO N°3 SPEC. SECTIONS “GINODOTE”,,
RA1870E-00,ZK0.32 - TUBI RASTREMATI,ZK0.32 TAPERED TUBES,,
JK5773N-00,ZK0.32 - TAGLIO 3D A 47°,ZK0.32 3D CUT AT 47°,,
BW1575C-00,DODEVE - CICLO SPEC. ORIENTAMENTO BARRA,DODEVE BAR ORIENTATION SPECIAL CYCLE,,
BJ2346J-00,ZK0.32 HEA180,ZK0.32 SECTION HEA180,,
DZ2287S-00,ZK0.32 UPN65 cliente FUVIBT- TUP SEZE,ZK0.32 SECTION UPN65 “FUVIBT TUP SEZE”,,
RY2171Z-00,ZK0.32 C_semic50x30 cl FUVIBT- TUP SEZE,ZK0.32 SEMICLOSED C-SECT. 50x30”FUVIBT”,,
DV5851J-00,ZK0.32 RP1114 cliente Necub,ZK0.32 RP1114 “ZEG.NECUB”,,
WZ4326H-00,ZK0.92 sez aperta 110x60x2 Gef,ZK0.92 OPEN SECTION 110x60x2 “GEF”,,
YS0568X-00,ZK5 e ZK0.92 Sez concava 100x81_5x2_5,ZK5/ZK0.92 CONCAVE SECTION 100x81_5x2_5,,
NX4622S-00,ZK0.92 sez SF1B cliente Pavn e Rekarur,ZK0.92 SECTION SF1B “PAVN”,,
PD9977K-00,DODEVE Sezione T70 cliente Vubikegoco,DODEVE SECTION T70 “VUBIKEGOCO”,,
TE7168X-00,ZK0.32 Aletta e Cabina cliente R.PIK.RIK,ZK0.32 FLAP AND BOOTH “R.PIK.RIK”,,
DA0046H-00,ZK5 - VER. CADUTA SFRIDO CON ACTIVE SCAN,ZK5 SCRAP DROP CHECK WITH ACTIVE SCAN,,
LU8121G-00,ZK5 - AGG. SW ACTIVE SCAN PER SEZ. SPEC.,ZK5 ACTIVE SCAN UPDATE X SPECIAL SECTION,,
UZ1373Z-00,PREDISPOSIZIONE PER MO3912A-00,SETUP FOR MO3912A 00,,
VA0583C-00,PREDISPOSIZIONE PER MO3913A-00,SETUP FOR MO3913A 00,,
ZK2980U-00,DODEVE EVO 3 sez c cliente MUSIDUZUDR,DODEVEEVO N°3 SECTIONS “MUSIDUZUDR”,,
BZ3780W-00,DODEVE Sezione aletta ripiegata Sidave,DODEVE FOLDED FLAP SECTION “SIDAVE”,,
NZ5560K-00,GF423 - ATTIVAZIONE RIDUZIONE SFRIDO,GF423 SCRAP REDUCTION ACTIVATION,,
KW5904U-00,ZK5 - SEGNALATORE ACUSTICO INTERMITTENTE,ZK5 INTERMITTENT BEEPER,,
WK3196P-00,ZK5 2 sez spec ELL sag cli Ponugo,ZK5 N°2 ELLIPTIC SECTIONS “PONUGO”,,
LU0318M-00,ZK0.32 sez Aletta 34x35x1_5 VACARIDAK,ZK0.32 FLAP SECT. 34x35x1_5 “VACARIDAK”,,
NC8194V-00,BOMAMEFADO E BOMAMEFADO CON CAD CONV.,“BOMAMEFADO” E “BOMAMEFADO” W CAD,,
RL0452U-00,ZK0.92 cassaforma 152x50x3 Ducr Fezur,ZK0.92 FORMWORK SECTION 152x50x3 “FEZUR”,,
FD9592D-00,ZK5 sez doppia aletta Mafepn,ZK5 DOUBLE FLAP SECTION “MAFEPN”,,
PA1360W-00,GF429 - AGG. SW PLC E OPC-UA,GF429 PLC AND OPC-UA SOFTWARE UPDATE,,
JK4117L-00,ZK5 Midec cl GRUPO GUNOSUM,ZK5 MIDEC SECTION “GRUPO GUNOSUM”,,
WC8062M-00,ZK0 compact IPn80-200 FALUF CEPIFIS,ZK0 COMPACT SECTION IPN80-200 “FALUF”,,
KA9231M-00,DODEVE - sez ottag cl Kimut Bosarr Tube,DODEVE OCTAGONAL SECT.”KIMUT BOSARR TUBE”,,
DR2554A-00,DODEVE T 38x35x3 Kobanucega,DODEVE T-SECTION 38x35x3 “KOBANUCEGA”,,
DN5430U-00,ZK0.32 T 75x74x7-5 Laser Pozagonu ZAL,ZK0.32 T-SECTION 75x74x7-5 ”LASER C.PTY”,,
SS8086Y-00,ZK0.32 sez 0310_011 GEMEN,ZK0.32 SECTION 0310_011 “GEMEN”,,
ZM5194K-00,DODEVE - RETROFIT CUCCHIAIO,DODEVE TUBE CLEANER RETROFIT,,
YB2865L-00,ZK0.32 sez INP160 cl 3 Subesi,ZK0.32 SECTION INP160 “SUBESI”,,
CC3255T-00,ZK5 sezione rett bomb cl Gesar,ZK5 CONVEX RETTAGULUM SECTION “GESAR”,,
CJ2060P-00,ZK0.32 sez Hydro cl Depuvur,ZK0.32 SECTION HYDRO “DEPUVUR”,,
XF1159S-00,ZK0.32 sez Agraffen P cl Dakucutu,ZK0.32 “P” AGRAFFEN SECTION “DAKUCUTU”,,
HE6594E-00,ZK0.32 due sez aletta in ALL cl SARL,ZK0.32 N°2 ALUMINUM FLAP SECTION “SARL”,,
KD2267H-00,DODEVE 2 sez c-rip cl Metal Trade Bekick,DODEVE N°2 FOLDED C-SECT. “MUSIDUZUDR”,,
HP9108Z-00,DODEVE sez 5227 cl Metal Trade Pub,DODEVE SECTION 5227 “MUSIDUZUDR”,,
TA0062U-00,ZK0.92 sez aletta 65x34x2 Zefilalat,ZK0.92 FLAP SECTION 65x34x2 “ZEFILALAT”,,
AU5006H-00,ZK5 sez ap 70x63.2x1_6 Veb Tubes,"ZK5 SECTION AP 70x63,2x1_6 “VEB TUBES”",,
AR2637N-00,ZK5 - AGG. SW MC PER A. MARKING DMC QRC,ZK5 MARKING DMC QRC SOFTWARE UPDATE,,
SP7656J-00,ZK0.32 - DISEGNO SAGOME SOST. 100 X 50,ZK0.32 DRAFT REAR TEMPLATES 100x50,,
SE1851T-00,ZK0.32 sez RP1593 e RP1597 ZEG.Necub,ZK0.32 SECTION RP1593-RP1597 “ZEG.NECUB”,,
VK4540X-00,ZK0.32 w8x15 SOROM RERIBK KUFS INC,ZK0.32 W8x15 SOROM RERIBK KUFS INC,,
MF4725T-00,ZK0 cent di 2 sez C semic Tetek,ZK0 N°2 SEMICLOSED C-SECTION “TETEK”,,
JV5775X-00,ZK5 - sez PP0265124-2 TUC&ZEG,ZK5 SECTION PP0265124-2 “TUC&ZEG”,,
ZW1158V-00,ZK5 Sezione Doppelkamera Kesig,ZK5 DOPPELKAMERA SECTION KESIG,,
YZ4470V-00,YZ4470V-00 sez T 60x30 NEB Holding,T-SECTION 60x30 “NEB HOLDING”,,
WZ8212H-00,ZK0.32 - sezioni 2A e 16D TUDI,ZK0.32 SECTIONS 2A-16D “TUDI”,,
XH6832C-00,DODEVE 2 sez c-semic 40x40 scl Met Trad,DODEVE N°2 C-SECTION 40x40”MUSIDUZUDR”,,
DU6729A-00,ZK8.92 - INTERFACCIA HMI IN DANESE,ZK8.92 DANISH SOFTWARE,,
RG7292U-00,ZK0.32 sezione T40x40x3 cliente Duve,ZK0.32 T-SECTION 40x40x3 “DUVE”,,
VG8798M-00,ZK0.32 e ZK5 bodenprofil Gupumuzek,ZK0.32/ZK5 BODENPROFIL SECT. “GUPUMUZEK”,,
NF1964N-00,ZK0.92 sez Bodenprofil cl Tazilugoma,ZK0.92 BODENPROFIL SECT. “TAZILUGOMA”,,
NN7976Z-00,ZK0.92 sezione Midec Ducr Fezur,ZK0.92 MIDEC SECTION “FEZUR”,,
NP2204R-00,ZK0.32 sez cabina Mefefan_VAD,ZK0.32 BOOTH SECTION “MEFEFAN VAD.”,,
AG2655P-00,ZK5 - sez stella Bafuselt & Sevel GmbH,ZK5 STAR SECTION “BAFUSELT & SEVEL GMBH”,,
UL4511N-00,ZK5 sezione T40x5 GORN,ZK5 T-SECTION 40x5 “GORN”,,
WS3171S-00,ZK5 sezione X50 sp5 GORN,ZK5 SECTION X50 TH.5 “GORN”,,
LR9339F-00,ZK0.32 e ZK5 247_T60- 247 RITAZUFACI B.,ZK5/ZK0.32 247_T60 “BAKABITOPA”,,
CN4026S-00,JB53 - DATO LUNG. PEZZO SCARICO LAVAGGIO,JB53 DATA PIECE LENGTH UNLOADING WASH,,
AK9964S-00,ZK0.92 Sezione HOP-54 cliente ZEG.Necub,ZK0.92 SECTION HOP 54 “ZEG.NECUB”,,
XU2540P-00,ALLINONE01 TAB SW,ALL IN ONE 01 TAB SOFTWARE,,
DZ9648Y-00,ALLINONE01 TAB,ALL IN ONE 01 TAB,,
TA3957W-00,ALLINONE02 SW,ALL IN ONE 02 SOFTWARE,,
PC9119P-00,ALLINONE02,ALL IN ONE 02,,
DJ9677M-00,ALLINONE03 TAB SW,ALL IN ONE 03 TAB SOFTWARE,,
HB1139T-00,ALLINONE03 TAB,ALL IN ONE 03 TAB,,
AJ4871H-00,ALLINONE04 SW,ALL IN ONE 04 SOFTWARE,,
PJ6128H-00,ALLINONE04,ALL IN ONE 04,,
CR6087G-00,ALLINONE05,ALL IN ONE 05,,
VY3938E-00,Sezione HOP152 cliente LEGI,SECTION HOP152 “LEGI”,,
LB7032K-00,ZK0 sez MPUMA cl CONEVN,ZK0 SECTION MPUMA “CONEVN”,,
EX0325N-00,GF423 - MODIF. SW ERR. ARRETR. CARRELLO,GF423 WRONG CARRIAGE BACKWARD SW MODIF.,,
PU7140G-00,PU7140G-00 sez RP113 e RP112 cl Necub,SECTION RP113-RP112 “ZEG.NECUB”,,
TV9635T-00,DODEVE - CAMPIONATURA,DODEVE - SAMPLING,,
VF0094L-00,ZK0.32 sez H spec in all SOSECOSARR,ZK0.32 SPEC. AL. H-SECTION “SOSECOSARR”,,
DK4310Z-00,ZK0.32- trave aust UC150 37 Lere Laser,ZK0.32 AUSTRALIAN BEAM UC150 37 “LERE”,,
YY6610U-00,ZK5 - USO SAGOME IN BASE A MATERIALE,ZK5 USE TEMPLATES BASED ON MATERIAL,,
LW0186P-00,YY6610U-00 sez Baseline cl Zamurulo Auto,SECTION BASELINE “ZAMURULO AUTO”,,
YV3011G-00,ZK0.32 sez Bodenprofil cl Rigosu,ZK0.32 BODENPROFIL SECTION “RIGOSU”,,
TA0471F-00,ZK0 - sez PP0006282 Samafefi,ZK0 SECTION PP0006282 “SAMAFEFE”,,
VM9302T-00,GF423 - GEST. SCARICO SFRIDO LUNGO,GF423 MANAGEMENT LONG SCRAP UNLOADING,,
DV7141A-00,ZK5 e ZK0.32 sezione RP152 cliente 247,ZK5/ZK0.32 SECTION RP152 “247”,,
JF2554F-00,DODEVE -sez RFV765 cl Metal Trade Bekick,DODEVE SECTION RFV765 “MUSIDUZUDR”,,
VE5065M-00,ZK0.92 due sez spec in all Dupt,ZK0.92 N°2 ALUMIN. FLAP SECTION “DUPT”,,
AB0576Y-00,ZK5 SOFTWARE IN COREANO,ZK5 KOREAN SOFTWARE,,
ZP2459G-00,ZK0 SOFTWARE IN COREANO,ZK0 KOREAN SOFTWARE,,
VS5826P-00,AB0576Y-00 sez cassaf 120x25x2 Sosazn,FORMW. SECTION 120x25x2 “SOSAZN”,,
WF1271H-00,ZK5 cassaforma 120x25x2 Sosazn,ZK5 FORMWORK SECTION “SOSAZN” 120x25x2,,
UX4241U-00,ZK0.32 Ikkuna 80x40x3 Tezobugovi,ZK0.32 SECT. IKKUNA 80x40x3 “TEZOBUGOVI”,,
PC9579N-00,ZK0.32 tave australiana 100 Bedecakug,ZK0.32 AUSTRALIAN BEAM UC100 “BEDECAKUG”,,
YN5204W-00,ZK0.32 IPE180 INOX Depovici,ZK0.32 INOX SECTION IPE180 “DEPOVICI”,,
JS6007M-00,ZK0.32 sez midec 120x100x3 ZN cl BEMUR,ZK0.32 MIDEC SECTION 120x100x3 “LEZ BEMUR”,,
PV7811M-00,ZK - VERIF. ORIEN. BARRA CON ACTIVE SCAN,ZK BAR ORIENTATION CHECK W ACTIVE SCAN,,
UT6945Z-00,ZK0.32 sez 1906310-00-B SIFI,ZK0.32 SECTION 1906310-00-B “SIFI”,,
JV6613R-00,ZK0.32 T40 cliente Catukegul,ZK0.32 T-SECTION 40 “SACL 2000”,,
CR4180Z-00,DODEVE EVO sez cabina in ALL Gucuezma,DODEVEEVO BOOTH ALUMIN. SECT.”GUCUEZMA”,,
DK5425R-00,ZK0.32 sez all 98x80 cl LABAFAROPK,ZK0.32 SECTION 98x80 “LABAFAROPK”,,
AB0637X-00,DV5851J-00 sez SI02526 Necan,SECTION SI02526 “NECAN”,,
GY4347S-00,ZK5 - AGG. SW MC PER COD. BIDIMENSIONALI,ZK5 TWO-DIMENSIONAL CODES SW UPDATE,,
GW1614T-00,ZK5 - RIC. SALD. RIPETUTA CON ACT. WELD,ZK5 REPEAT WELD SEARCH WITH ACTIVE WELD,,
NJ5593M-00,DODEVE sez 6020LDN_AK cl Vubikegoco,DODEVE SECTION 6020LDN_AK “VUBIKEGOCO”,,
TU3260Y-00,ZK0.32 trapezio in INOX cl RUK Novibuzo,ZK0.32 INOX TRAPEZ. SECT. “RUK NOVIBUZO”,,
DW5228T-00,ZK0.32 Compact 4ez aperte ALL cl DEPOP,ZK0.32 COMPACT N°4 AL. OPEN SECT.”DEPOP”,,
SA9212H-00,ZK0.92 - 4 travi americane Vibanobo,ZK0.92 4 AMERICAN BEAMS “VIBANOBO”,,
FP8005R-00,ZK5 - AGG. SW MC PER INSERT. POLLICI,ZK5 INCH SOFTWARE UPDATE,,
YB2880F-00,ZK0.32 - MODIF. INTERFACCIA ROBOT SCAR.,ZK0.32 MODIFY ROBOT UNLOADING INTERFACE,,
PB8164A-00,ZK0.32 sez W8x24 cliente Vibira,ZK0.32 SECTION W8x24 “VIBIRA”,,
YZ7159V-00,ZK0.32 3 sezioni RP Futu Rireril Gmbh,ZK0.32 N°3 SECTIONS RP “FUTU RIRERIL”,,
GB9969W-00,ZK8 SOFTWARE IN NORVEGESE,ZK8 NORWEGIAN SOFTWARE,,
BL2042P-00,ZK5 sez T30x4 cliente SIZA,ZK5 T-SECTION 30x4 “SIZA”,,
MA2913G-00,DODEVE MA2913G-00 sez 60x40.3 VUS,"DODEVE SECTION 60x40,3 “VUS”",,
RN8286Y-00,ZK - VERIF. CON ASC INLCIN. BARRA CARIC.,ZK VERIFIC. W INCLINED ASCENT LOADER BAR,,
ZR8812Y-00,ZK - MOD. ALTEZZA CARATTERE ACT. MARKING,ZK ACTIVE MARKING CHARACTER HEIGHT,,
GB3900D-00,ZK5 sezione V500slim cliente Meguvn,ZK5 SECTION,,
EW6139Y-00,Zk0.32 trave 200x100x8 in all cl Tusigog,ZK0.32 ALUMIN. BEAM 200x100x8 “TUSIGOG”,,
XX0186M-00,XX0186M-00 sezione T in all MT,ALUMINIUM T-SECTION “MT”,,
ZH9243N-00,ZK0.32 sez Trapez 61x47 cl TOGUPEZE,ZK0.32 TRAPEZOID SECTION 61x47 “TOGUPEZE”,,
JD5521D-00,ZK - AGG. MACCHINA PER TAGLIO ARIA,ZK AIR CUT MACHINE UPDATE,,
XD5412W-00,BL2042P-00 sez T80 sp9 cliente Vuporups,T-SECTION 80x9 “VUPORUPS”,,
KN6125J-00,ZK5 sezione P05 cliente ZEG-panot,ZK5 SECTION P05 “ZEG-PANOT”,,
YR1103B-00,ZK0.32 - sezione P05 cliente VUN,ZK0.32 SECTION P05 “VUN”,,
TW7141T-00,ZK0.32 2 sez 3412L e KFV Kugomorakk,ZK0.32 N°2 SECT. 3412L-KFV “KUGOMORAKK”,,
HV6747D-00,DODEVE 1B-1C-2A cl 2F Service,DODEVE SECTION 1B-1C-2A “2F SERVICE”,,
BV6533A-00,ZK0.32 - ZK5 3 sezioni in ALL cl 247,ZK5/ZK0.32 N°3 ALUMINIUM SECTIONS “247”,,
VT3693F-00,ZK0.32 sez Bodenp in All F.tuk Ducr Fezur,ZK0.32 BODENPROFIL SECT. ALUMIN. “FEZUR”,,
RR2987M-00,ZK0.32 2 sez spec Bofoza,ZK0.32 N°2 SPECIAL SECTIONS “BOFOZA”,,
CS7613W-00,ZK0.32 profiloVE0952028AL Sokilid,ZK0.32 SPEC. PROFILE VE0952028AL SOKILID,,
VX0066M-00,DODEVE - AGG. SCHEMA ELETT. TAGLIO ARIA,DODEVE AIR CUT ELECTRIC DIAGRAM UPDATE,,
YA4371V-00,DODEVE - SINC. CARICO SIST. MISURA EST.,DODEVE LOAD EXTERNAL MEASURING SYS.,,
AW7420C-00,ZK5 - 2 sezioni in All cliente Cecugn,ZK5 N°2 SPEC. ALUMINIUM SECTION “CECUGN”,,
WA6841F-00,ZK5 sez C9T-RL1-CT cliente Cecugn,ZK5 SECTION C9T-RL1-CT “CECUGN”,,
GP0447X-00,DODEVE - sez SF1B e SF2B cl PAT,DODEVE SECTION SF1B - SF2B “PAT”,,
KG2462H-00,ZK5 - sez midec cl Zubisec,ZK5 MIDEC SECTION “ZUBISEC”,,
LF4221L-00,ZK5 sez quadro sp8mm cli Zirent Rbika,ZK5 SQUARE SECTION TH.8 “ZIRENT RBIKA”,,
FL6659K-00,ZK5 sezione PSH cl Fipo Metal,ZK5 SECTION PSH “FIPO METAL”,,
WD6820N-00,ZK0.32 - AGG. HMI+ PER CONF. VIDEOC. PT,ZK0.32 HMI UPDATE + WEBCAM PT,,
VN2813D-00,ZK0.32 T90x60x8 ROKOBEMAF,ZK0.32 T-SECTION 90x60x8 “ROKOBEMAF”,,
YB5028L-00,ZK5 sez tondo ripiegato FUROVOBUR,ZK5 FOLDED ROUND SECTION “FUROVOBUR”,,
YA6821L-00,ZK0 T100x11 cliente 246 Catanucipl,ZK0 T-SECTION 100x11 “246 CATANUCIPL”,,
KN9002L-00,ZK0.32 2 sez aletta cl Vuporups,ZK0.32 N°2 FLAP SECTIONS “VUPORUPS”,,
XN2080Y-00,DODEVE sez 40x30inox ZEK,DODEVE INOX SECTION 40x30 “ZEK”,,
SD1933D-00,ZK5 - 4 sez cassaforma cliente Leduz,ZK5 4 FORMWORK SECTION “LEDUZ”,,
NH5097X-00,ZK0.32 travi W6x20 e W6x25 Pezopune,ZK0.32 BEAMS W6x20-W6x25 “PEZOPUNE”,,
AY6063M-00,ZK0 compact T in All cl Gurokek Kovuk,ZK0 COMPACT ALUM.T-SECT. “GUROKEK KOVUK”,,
HM5958V-00,ZK8 3 sezioni speciali Zes Fibra,ZK8 N°3 SPECIAL SECTIONS “ZES FIBRA”,,
FK3526J-00,DODEVE 2 sezioni 35-35 cl Reto,DODEVE N°2 SECTIONS 35-35 “RETO”,,
LR2647D-00,DODEVE ZK5 ZK0 2 sez polig in ALL cl PIL,DODEVE/ZK5/ZK0 N°2 ALUM.POLY.-SECT.”PIL”,,
EJ7959Y-00,ZK0.92 Sezione aletta 50x34x2 cl ZURS,ZK0.92 FLAP SECTION 50x34x2 “ZURS”,,
ZC6972V-00,ZK5 sezione speciale Tedafav Tech,ZK5 SPECIAL SECTION “TEDAFAV TECH”,,
YW9426L-00,ZK0 sezione 529580 Sumodezo,ZK0 SECTION “SUMODEZO” 529580,,
UB6168L-00,ZK5 - DBT TITANIO ARGON E AZOTO,ZK5 TITANIUM ARGON AND NITROGEN “BASAR”,,
GC4801P-00,ZK5 5 sezioni HOP cl Risabet,ZK5 N°5 SECTIONS HOP “RISABET”,,
WW1188C-00,ZK0.92 prof aletta 76x40x2 cl De Zebuta,ZK0.92 FLAP SECTION 76x40x2 “DE ZEBUTA”,,
GR4652F-00,ZK0.92 - 2 sez aletta cl De Zebuta,ZK0.92 N°2 FLAP SECTIONS “DE ZEBUTA”,,
LB0959C-9,DODEVE Sez V372 cl Metal Trade Bekick,DODEVE SECTION V372 “MUSIDUZUDR”,,
PR3173S-00,ZK0.32 speciaalprofielv2 cl GOVEFEMUM,ZK0.32 SPECIAL PROFILE LV2 “GOVEFEMUM”,,
BM8381A-00,ZK5 triangolo eq 53x2 Sidud,ZK5 EQUIVALENT TRIANGLE 53x2 “SIDUD”,,
ZG7897X-00,ZK5 SOFTWARE IN CINESE,ZK5 CHINESE SOFTWARE,,
YV8778J-00,ZK5 sezione 2540 cliente Pamoza,ZK5 SECTION 2540 “PAMOZA”,,
RV9151S-00,ZK5 sezione HOP-5340 cl Risabet,ZK5 SECTION HOP 5340 “RISABET”,,
VG3509F-00,ZK0.32 speciale 037 PAV,ZK0.32 SPECIAL SECTION 037 “PAV”,,
KX8778C-00,ZK0.92 sez 511389-1-01 cl Rakasutugs,ZK0.92 SECTION 511389-1-01 “RAKASUTUGS”,,
EB3049T-00,ZK5 sez 60007658 Veb Tubes,ZK5 SECTION 60007658 “VEB TUBES”,,
KP7039P-00,ZK5 sezione PF60,ZK5 SECTION PF60,,
YY2144E-00,DODEVE Sez Profile2 Metal Trade Bekick,DODEVE SECTION PROFILE2 “MUSIDUZUDR”,,
DX7412M-00,ZK0.32 - ADEGUAMENTO A VOT AMB 6+3 KW,ZK0.32 UPDATE TO VOT AMB 6 + 3 KW,,
CN0772N-00,ZK5 sez K-12933 Fokozibu,ZK5 SECTION K-12933 “FOKOZIBU”,,
DW8667E-00,DODEVE Sez serr 45x34x2 VAD'PIBINO,DODEVE CASING SECT. 45x34x2 “VAD'PIBINO”,,
GW6284B-00,ZK0C sez 52215-3761 HBP cl NOVUKANOPS,ZK0 C-SECT. 52215-3761HBP “NOVUKANOPS”,,
DJ7443W-00,ZK5 e ZK0.32 sez EXT-WGH248-A cl Vibira,ZK5/ZK0.32 SECTION EXT-WGH248-A “VIBIRA”,,
NS9293N-00,ZK5 - SEZIONE SPECIALE ALU MUROS,ZK5 SPECIAL SECTION ALU “MUROS”,,
UP1180K-00,ZK5 ZK0.32 2 sezioni in ALL cl 247,ZK5/ZK0.32 N°2 ALUMINIUM SECTIONS “247”,,
RK1051W-00,DODEVE sez SR72345-FOD Napucuki,DODEVE SECTION SR72345 “FOD NAPUCUKI”,,
RN9983B-00,ZK0.92 DS - 3 sez aperte cliente Fizabe,ZK0.92 DS N°3 OPEN SECTIONS “FIZABE”,,
DV9051G-00,ZK0.32 sez aletta 90_5x40 cl FIVI,ZK0.32 FLAP SECTION 90_5x40 “FIVI”,,
EZ2821T-00,ZK0.32 profilo AL0705032 Sokilid,ZK0.32 SPEC. PROFILE AL0705032 “SOKILID”,,
CK1714G-00,ZK5 sez RP1683 cl Sabevekeft,ZK5 SECTION RP1683 “SABEVEKEFT”,,
ND3670B-00,ZK0.32 sezione T80x9 cliente Gupumuezk,ZK0.32 T-SECTION 80x9 “GUPUMUZEK”,,
MR0052A-00,Zk0.32 sez doppia ala Keravok,ZK0.32 DOUBLE FLAP SECTION “KERAVOK”,,
AB6113C-00,DODEVEEVO sez T50x3 cl NIF Nodivo,DODEVEEVO T-SECTION 50x3 “NIF NODIVO”,,
NF2225F-00,ZK0.92 sezione midec 150x130x5 TAT Metal,ZK0.92 MIDEC SECTION 150x130x5”TAT METAL”,,
AY9918H-00,ZK0.32 C sezione RP104 cliente Rilonet,ZK0.32 C-SECTION RP104 “RILONET”,,
FV6885K-00,ZK0.92 4 sezioni in ALL cliente GAFUN,ZK0.92 N°4 ALUMINIUM SECTION “GAFUN”,,
DF0678P-00,ZK5 Sez aletta 50x35x2 cliente Talleres,ZK5 FLAP SECTION 50x35x2 “TALLERES”,,
GJ5816R-00,ZK5 sez SR72345-HSU Fokozibu,ZK5 SECTION SR72345 HSU “FOKOZIBU”,,
UR3218P-00,ZK0.92 CO2 T60 fe37 cliente LEK,ZK0.92 CO2 T-SECTION 60 IRON Fe37 “LEK”,,
DD7690K-00,ZK0.32 - ACTIVE SCAN CON TUBI RASTREMATI,ZK0.32 ACTIVE SCAN WITH TAPERED TUBES,,
KN6262Z-00,ZK5 4 sez aletta cliente Podasof,ZK5 N°4 FLAP SECTIONS “PODASOF”,,
FD3634C-00,ZK5 sezione PSGL e PSGS cl Fipo Metal,ZK5 SECTION PSGL - PSGS “FIPO METAL”,,
PZ7589V-00,ZK5 e ZK0.32 sez H4505 cl 247,ZK5/ZK0.32 SECTION H4505 “247”,,
YV2652B-00,ZK0.32 sez aletta 70x50x2 KOT Luvolu,ZK0.32 FLAP SECTION 70x50x2 “KOT LUVOLU”,,
GA8895K-00,ZK0.32 5 sezioni RP cliente Necub,ZK0.32 N°5 SECTIONS RP “ZEG.NECUB”,,
GE1835J-00,DODEVE EVO sez 013430142 Bipimen,DODEVEEVO SECTION 013430142 “BIPIMEN”,,
FD3645W-00,ZK0.92 T30x30x3 cl E & RIK DANINIPUPA,ZK0.92 T-SECTION 30x30x3”E&RIK DANINIPUPA”,,
CA5655V-00,ZK5 sez Toga mepid Ravopedaf,ZK5 SECTION TOGA MEPID “RAVOPEDAF”,,
BU4817L-00,ZK - VAL. CORREZ. UTENSILE PREDEF. COST.,ZK DEFAULT TOOL CORRECTION,,
LM7272B-00,DODEVE - CICLO RICON. CAVA CON CORREZZ.,DODEVE CAVITY RECOGN. CYCLE W CORRECT.,,
RN0052E-00,ZK593D Sezione DOGA DI PROVA cl Sovebin,ZK593D TRIAL DUTY SECTION “SOVEBIN”,,
ES1479E-00,Zk593D DOGA OSCURANTE cl Sovebin,ZK593D DARK DOGA “SOVEBIN”,,
ZT4249Y-00,ZK - RIF. SU SCANAL. TUBO TONDO A. WELD,ZK ACT. WELD REFER. ON ROUND TUBE GROOVE,,
VN2382J-00,ZK0.32 ZK5 sez T35x34 cl 247,ZK5/ZK0.32 T-SECTION 35x34 “247”,,
GL7269N-00,ZK0.32 ZK5 17 sezioni HOP cliente 247,ZK5/ZK0.32 N°17 SECTIONS HOP “247”,,
BZ1448R-00,DODEVE sezione 35-35-85 cl Reto,DODEVE SECTION 35-35-85 “RETO”,,
SK7247S-00,DODEVE sezione 35-35-80 cl Reto,DODEVE SECTION 35-35-80 “RETO”,,
TJ8859H-00,DODEVE - DISEGNI E INDIC. PER RIALZO MC,DODEVE DRAFT MACHINE LIFT,,
XF1489A-00,DODEVE T40x5 cliente Lasavos,DODEVE T-SECTION 40x5 “LASAVOS”,,
XZ9300S-00,ZK0.92 IPN200 cliente Gupumuezk,ZK0.92 SECTION IPN200 “GUPUMUEZK”,,
YR8761C-00,ZK5x2D - INSTALL. VNC SU PANNELLO HMI,ZK5 2D VNC INSTALLATION ON HMI PANEL,,
TZ7771F-00,ZK0.32 sez T60x8 Radelodu,ZK0.32 T-SECTION 60x8 “RADELODU”,,
AC3761L-00,ZK5 - AGG. SW MACCHINA PER TAGLIO ARIA,ZK5 MACHINE SOFTWARE UPDATE FOR AIR CUT,,
LM0666X-00,ZK5 Sezione All 76x37 Mafepn,ZK5 ALUMINIUM SECTION 76x37 “MAFEPN”,,
DZ7219J-00,DZ7219J-00 sez 68x25 in ALL cl Begr Duk,ALUMINIUM SECTION 68x25 “BEGR DUK”,,
PZ0778V-00,PZ0778V-00 IPN80 cliente Salivivaft,SECTION IPN80 “SALIVIVAFT”,,
HK7513V-00,ZK5 sezione R57502 PUS,ZK5 SECTION R57502 “PUS”,,
KE8501R-00,ZK0.92 sez T50 DUNA Laser GmbH,ZK0.92 T-SECTION 50 LTS “BEMUNEGIGI”,,
XF7002J-00,ZK0.92 sez 020-739726-X00 cliente BUPE,ZK0.92 SECTION 020-739726-X00 “BUPE”,,
AL6187Y-00,DODEVE EVO Sez 6020ZDN BK Vubikegoco,DODEVEEVO SECT. 6020ZDN BK “VUBIKEGOCO”,,
CX8678R-00,ZK - OPZIONE SCUOTIMENTO TAVOLA SCARICO,ZK UNLOADING TABLE SHAKING OPTION,,
VP0194A-00,VP0194A-00 sez T35 cl 247,T-SECTION 35 “247”,,
JJ3060S-00,ZK5 - DISEGNO PIASTRE LAYOUT SPECIALE,ZK5 DRAFT PLATES SPECIAL LAYOUT,,
VL1939W-00,DODEVE 3 sezioni Aletta Vubikegoco,DODEVE N°3 FLAP SECTIONS “VUBIKEGOCO”,,
SE7669E-00,ZK0.32 sezione 100x30x4 PAV,ZK0.32 SECTION 100x30x4 “PAV”,,
DL3846V-00,ZK0.92 sez aletta 40x20x2 Kuponu,ZK0.92 FLAP SECTION 40x20x2 “KUPONU”,,
ZN9916K-00,ZK593D - COLLEGAMENTO FOTOBARRIERA,ZK593D PHOTOBARRIER CONNECTION,,
YK6988R-00,ZK0.92- 2 sezioni midec ZEG.Necub,ZK0.92 N°2 MIDEC SECTIONS “ZEG.NECUB”,,
RH5001J-00,RH5001J-00 sez. Walz-profil ZEG.Necub,SECTION WALZ-PROFIL “ZEG.NECUB”,,
GC7186S-00,ZK0.32 sez pp0018264-0320 Mefefan,ZK0.32 SECTION PP0018264-0320 “MEFEFAN”,,
DJ3626H-00,DJ3626H-00 derebt viga Lamesapon,VIGA PROFILE “LAMESAPON”,,
UT1524L-00,ZK5 2 sezioni in all cliente Senumk,ZK5 N°2 SPEC. ALUMINIUM SECTION “SENUMK”,,
ZJ3378F-00,ZK5 sezione Buhne cliente Midec,ZK5 SECTION BUHNE “MIDEC”,,
AA5399Z-00,ZK0.92 - T 120x60x10 cl CASN,ZK0.92 T-SECTION 120x60x10 “CASN”,,
DW0956G-00,ZK5 e ZK0.32 7 sezioni T cl 247,ZK5/ZK0.32 N°7 SECTIONS “T” “247”,,
PE5532U-00,ZK0.32 6 seza T cl Veno Metal Dazitida,ZK0.32 N°6 T-SECTIONS “VENO METAL MUDT.”,,
NS2678X-00,ZK5 - 7 sezioni Madic,ZK5 N°7 SECTIONS “MADIC”,,
PK5781X-00,ZK5 sez T70x9 FE cl Cisop,ZK5 IRON T-SECTION 70x9 “CISOP”,,
AF9989A-00,ZK0.32 Trave 6x4 e 6x6 in All cl EJ,ZK0.32 ALUMINIUM BEAMS 6x4 - 6x6 “EJ”,,
KA4183Z-00,ZK5F2 - PARAMET. ACTIVE PIERCING PIDIPUT,ZK5F2 PARAMETERS ACTIVE PIERCING PIDIPUT,,
PN9574M-00,ZK5 sezione PFL cl Fipo Metal,ZK5 SECTION PFL “FIPO METAL”,,
LD9608H_04,ZK5 sez spec 41_7x25 inox BESU,ZK5 SPECIAL INOX SECTION 41_7x25 “BESU”,,
BZ4933T-00,DODEVE 2 sez alet TETAPS TER,DODEVE N°2 FLAP SECTIONS “TETAPS TER”,,
LU9831G-00,ZK0.92 sez trap124x37x1 cl MISEK,ZK0.92 TRAPEZOID SECTION 124x37x1”MISEK”,,
DY9095H-00,ZK0.32 Sezione T20x20x4 cliente Neka_Fik,ZK0.32 T-SECTION 20x20x4 “NEKA FIK”,,
LV5009T-00,ZK0.92 sez d_ala 80x50 ZEN.PIK.Vilazufu,ZK0.92 FLAP SECTION 80x50”ZEN.PIK.VILAZUFU”,,
FN5934X-00,ZK0.32 sez 237025 cl TOKAKARI,ZK0.32 SECTION 237025 “TOKAKARI”,,
PJ1096S-00,ZK0 Compact sez IPN Mucifal Officine,ZK0 COMPACT SECTION IPN “MUCIFAL OFF.”,,
ML7373J-00,ZK0.32 10 sezioni UPN cliente Nogezs,ZK0.32 N°10 SECTIONS UPN “NOGEZS”,,
RS1477V-00,ZK5 sez E4262 cl FEBIMODIKO Le,ZK5 SECTION E4262 “FEBIMODIKO”,,
VP2666Z-00,DODEVE SOFTWARE IN LINGUA DANESE,DODEVE DANISH SOFTWARE,,
NM3372T-00,ZK5 2 sez in all cliente Fikev Kus,ZK5 N°2 ALUMINIUM SECTIONS “FIKEV KUS”,,
JW1730M-00,ZK0.32 sez tuerprofil cliente Subopa,ZK0.32 SECTION TUERPROFIL “SUBOPA”,,
KZ0595W-00,ZK5 sez HOP cliente Noral,ZK5 SECTION HOP “NORAL”,,
GS5118V-00,DODEVE Sez Cross Sections MUSIDUZUDR,DODEVE CROSS SECTION “MUSIDUZUDR”,,
NB0353J-00,ZK0 SOFTWARE IN LINGUA NORVEGESE,ZK0 NORWEGIAN SOFTWARE,,
ZG5117C-00,ZK5 SOFTWARE IN LINGUA UNGHERESE,ZK5 HUNGARIAN SOFTWARE,,
KW0579C-00,ZK5 sezione PS54 cl Fipo Metal,ZK5 SECTION PS54 “FIPO METAL”,,
NR7523T-00,DODEVE - sez 013430128 Bipimen,DODEVE SECTION 013430128 “BIPIMEN”,,
AC2793N-00,ZK5 - sezione 11A cliente RIR Laser,ZK5 SECTION 11A “RIR LASER”,,
DJ8448D-00,ZK0.32 - RICONOSCIMENTO FORI,ZK0.32 HOLE RECOGNITION,,
VU0184B-00,GF423 - AGG. SW PER IMPORT DA FILE CSV,GF423 SW UPDATE FOR IMPORT FROM CSV FILE,,
AB3831E-00,GF423 - LIMITAZ. VALORI PARAMETRI TAGLIO,GF423 LIMITATION VALUES CUT PARAMETERS,,
MX3007S-00,MX3007S-00 sez 11A e 11B cl BIBI,SECTION 11A-11B “BIBI”,,
AX2744T-00,DODEVE - sez 1A cliente Racizes,DODEVE SECTION 1A “RACIZES”,,
LF4251E-00,ZK0.32 - BIZ TECH. SPEC. DUE UGELLI,ZK0.32 SPECIAL TWO NOZZLES “BIZ TECH.”,,
LJ0970M-00,DODEVE - sez trapezio Covaran,DODEVE TRAPEZOID SECTION “COVARAN”,,
NR3413P-00,ZK0.32 sez cabina cl Pacark,ZK0.32 BOOTH SECTION “PACARK”,,
KT6753Z-00,ZK0.32 IPN da 80 a 200,ZK0.32 SECTION IPN FROM 80 TO 200,,
CC1644P-00,ZK0.32 Sez UPN65 a UPN200,ZK0.32 SECTIONS UPN65 - UPN200,,
GH8311E-00,ZK0.32 - UPE 80 - 200,ZK0.32 SECTION UPE80 - 200,,
HH4498K-00,ZK0.92 sez RP-1008 ZEG.Necub,ZK0.92 SECTION RP 1008 “ZEG.NECUB”,,
FR5439F-00,ZK5 - NO RIFILO CICLO SFRIDO,ZK5 NO TRIM SCRAP CYCLE,,
ZB7744G-00,ZK5 - OPZIONE RAL CHIAMATA DA CICLO,ZK5 RAL CALL OPTION,,
NL1172S-00,ZK5 - DISATTIVAZ. CONTROLLO FOTOCELLULA,ZK5 PHOTOCELL CONTROL DEACTIVATION,,
VR2606Z-00,ZK5 sez triang 2x2 REMEBISURI,ZK5 TRIANGULAR SECTION 2x2 “REMEBISURI”,,
DN1254M-00,ZK0 SOFTWARE 4.25 IN LUNGUA COREANA,ZK0 KOREAN SOFTWARE 4.25,,
MK6504B-00,DODEVE SOFTWARE IN LINGUA LETTONE,DODEVE LATVIAN SOFTWARE,,
DV3170X-00,ZK0.92 ZK5 3 sez aperte Meguvn,ZK0.92/ZK5 N°3 OPEN SECTIONS “MEGUVN”,,
TD9928R-00,ZK0.32 sez speciale AG1003525S2 Sokilid,ZK0.32 SPEC. SECT. AG1003525S2 “SOKILID”,,
NR0004W-00,ZK5 - AGG. BASAR PER SURPRESSORE 13 BAR,ZK5 BOOSTER COMPR. 13Bar UPDATE “BASAR”,,
KC6361Z-00,DODEVE 2 sez cassaf cl Dokane&Vuper,DODEVE N°2 FORMWORK SECT. “DOKANE VUPER”,,
JD5412D-00,ZK5 - Baum Profil ZEN.RIK.Gobizik,ZK5 BAUM PROFIL “ZEN.RIK.GOBIZIK”,,
NU7940K-00,ZK0.32 sezione T50x50x6 cl TAKOC,ZK0.32 T-SECTION 50x50x6 “TAKOC”,,
SU6664F-00,DODEVE U spec 39.2x34 cl Vunarugo,"DODEVE SECTION “U” 39,2x34 “VUNARUGO”",,
WL3324V-00,ZK0.92 T50x6 cl KER,ZK0.92 T-SECTION 50x6 “KER”,,
WY5967W-00,ZK0.32 T50x6 cl ZAR,ZK0.32 T-SECTION 50x6 “ZAR”,,
TG8700R-00,ZK0.92 UPE140 cl KER,ZK0.92 SECTION UPE140 “KER”,,
NP1062X-00,ZK5 SOFTWARE IN LINGUA LITUANA,ZK5 LITHUANIAN SOFTWARE,,
JT6061W-00,ZK0 - DIAM. INT. MINIMO PER CUCCHIAIO,ZK0 MIN. INTERN. DIAMETER X TUBE CLEANER,,
FA2318U-00,ZK5 - GRIFFE PER ELLITTICO,ZK5 JAW SCREW FOR ELLIPTIC,,
HK1738X-00,ZK0.32 - 6 sezioni a T cl Tetek,ZK0.32 N°6 T-SECTIONS “TETEK”,,
NT2120A-00,ZK0.32 2 sez ap preforate cliente SMART,ZK0.32 N°2 OPEN SECT. PRE-DRILL.”SMART”,,
VD2282F-00,ZK5 sezione trapez Gulazoro,ZK5 TRAPEZOID SECTION “GULAZORO”,,
RL5060F-00,DODEVE triangolo eq L53 cl Dizubemi,DODEVE EQUILAT. TRIANGLE L53 “DIZUBEMI”,,
DH4635J-00,DH4635J-00 sez SF1B SF2B cl LEK,SECTIONS SF1B-SF2B “LEK”,,
KW4187K-00,ZK5 - 2 sezioni spec cl Cofeler,ZK5 N°2 SPECIAL SECTIONS “COFELER”,,
MB2360Y-00,DODEVE - sez 6050ZDN Vubikegoco,DODEVE SECTION 6050ZDN “VUBIKEGOCO”,,
YG4076B-00,ZK5 sezione HOP-53101 cl Risabet,ZK5 SECTION HOP 53101 “RISABET”,,
BP2535E-00,ZK5 e ZK0.32 sezione T90x10 cl 247,ZK5/ZK0.32 T-SECTION 90x10 “247”,,
MV4437Z-00,MV4437Z-00 HEA80 cliente Kivakavi,SECTION HEA80 “KIVAKAVI”,,
SM2648Z-00,ZK0.32 profilo 7164498_A Sokilid,ZK0.32 SPEC. PROFILE 7164498_A “SOKILID”,,
WR4598G-00,ZK5 e DODEVE EVO sez C35x41 cl BIBI,ZK5/DODEVEEVO SECTION C35x41 “BIBI”,,
RA3173S-00,DODEVE EVO sez 013430130_2 Bipimen,DODEVEEVO SECTION 013430130_2”BIPIMEN”,,
HP7447T-00,ZK0.92 Randprofiel cliente De Morn,ZK0.92 RANDPROFIEL “DE MORN”,,
MC7533V-00,ZK5 - DUE SEZ. SPEC. CON FACCIA INTERNA,ZK5 N°2 SPECIAL SECTIONS W INTERNAL FACE,,
UR5791T-00,ZK5 - sezione HOP59065-RP197 cl Pemusr,ZK5 SECTION HOP 59065 RP197 “PEMUSR”,,
PL5645Z-00,DODEVE - AGG. SW E FW CINT VERIF. SPES.,DODEVE SW UPDATE E FW CINT THK CHECK,,
YC1088J-00,ZK5 - sezione HU6039 cliente FON,ZK5 SECTION HU6039 “FON”,,
TR8116H-00,ZK5 - 2 sez spec in all cl MUN,ZK5 N°2 SPECIAL ALUMINIUM SECTIONS “MUN”,,
RX5999A-00,ZK0.32 sez RP152 cl DOS,ZK0.32 SECTION RP152 “DOS”,,
ED4756D-00,ZK0.32 - 3 sez spec Tukeripezr,ZK0.32 N°3 SPEC. SECTIONS “TUKERIPEZR”,,
XC4517Z-00,ZK5sx sezione spec Bafizs,ZK5SX SPECIAL SECTION “BAFIZS”,,
PP5943C-00,ZK5 - 2 sez spec Lidel Konin,ZK5 N°2 SPECIAL SECTIONS “LIDEL KONIN”,,
LB5246Y-00,ZK0.32 sez midec cl Dakucutu,ZK0.32 MIDEC SECTION “DAKUCUTU”,,
GC4058G-00,DODEVEEVO Sez C-profile MUSIDUZUDR Com,DODEVEEVO C-SECTION “MUSIDUZUDR”,,
EU3825E-00,ZK5 sez montanti Zevec Nimopuk,ZK5 PILLAR SECTION “ZEVEC NIMOPUK”,,
NV7606U-00,ZK5 - sez RP1008 e RP152 cl NEB Mach,ZK5 SECTIONS RP1008-RP152 “NEB MACH”,,
AE7115A-00,ZK0 - DISEGNO SOSTENIT. PORTELLONE SCAR.,ZK0 DRAFT UNLOADER TAILGATE SUPPORTER,,
XD1027N-00,ZK5 Bodenprofil cl Carpenterie Vukeba,ZK5 BODENPROFIL SECTION “CARP. VUKEBA”,,
DJ6326C-00,DJ6326C-00 sez Esag cl BIBI,HEXAGONAL SECTION “BIBI”,,
PZ3614X-00,ZK5 3 sezioni ALL cl Zubisec,ZK5 N°3 ALUMINIUM SECTION “ZUBISEC”,,
MP2122L-00,ZK5 - 3 sez spec Lidel Konin,ZK5 N°3 SPECIAL SECTIONS “LIDEL KONIN”,,
EB2124J-00,ZK5 sez esagonale Vurupuzu Zipot,ZK5 HEXAGONAL SECTION “VURUPUZU ZIPOT”,,
AD2537W-00,ZK5 Sez trilobato 28x27 cl GEV Laser LTD,ZK5 TRILOBATE SECT. 28x27 “GEV LASER LTD”,,
EU2004T-00,ZK5 - sez dALA cl SIK,ZK5 FLAP SECTION “SIK”,,
LU1801X-00,ZK0.32 IPN140 cl FUF,ZK0.32 SECTION IPN140 “FUF”,,
ZS2035V-00,DODEVE - sez cassaforma cl DUF,DODEVE FORMWORK SECTION “DUF”,,
GZ4719P-00,ZK0.32 sez KEVI MFT-CUF cl Mevisa,ZK0.32 SECTION KEVI MFT CUF “MEVISA”,,
SS0202Z-00,ZK0.32 - T30 cl Kimasar,ZK0.32 T- SECTION T30 “KIMASAR”,,
ZX4410Y-00,DODEVE - sez 1B cl Dokane e Vuper,DODEVE SECTION 1B “DOKANE VUPER”,,
AP0650G-00,ZK0.32 - sez Aletta cl GUS Carpenteria,ZK0.32 FLAP SECTION “GUS CARPENTERIA”,,
XV6488W-00,ZK0.32 sez H 150x150x10x7 cl Ledasul,ZK0.32 H-SECTION 150x150x10x7 “LEDASUL”,,
GH0031P-00,ZK0.32 2 sez Junior Beam cl Cofuboliz,ZK0.32 N°2 SECT. JUNIOR BEAM “COFUBOLIZ”,,
DT6483H-00,ZK8.92 - CARICO BARRE L = 3000 MM,ZK8.92 BARS LOADING L=3m,,
ZH1626C-00,MODIFICHE SW VARIE GESTIONE MAGAZZINO,WAREHOUSE MANAGEM. VARIOUS SW MODIFICAT.,,
AF1581G-00,ZK5 sez R47_9452 cl PUS,ZK5 SECTION R47_9452 “PUS”,,
UC8853Y-00,ZK5 - 2 sezioni chiuse cl Dadanas,ZK5 N°2 CLOSED SECTIONS “DADANAS”,,
FW7974F-00,ZK0.32 - DBT PER TITANIO CON N2,ZK0.32 TITANIUM WITH N2 “BASAR”,,
WH1012H-00,ZK5 - DISEGNO PIAST. ELL. 76X25 E 100X50,ZK5 DRAFTS ELLIPTIC PLATE 76x25/100x50,,
NX1432K-00,ZK0.92 sez Montante cl Dakucutu,ZK0.92 PILLAR SECTION “DAKUCUTU”,,
ZC1792G-00,ZK5 - sez HOP53040 - RP1008 cl Gesar,ZK5 SECTION HOP 53040 “GESAR”,,
VE5810H-00,ZK5 sez U 53x50 cl Mafepn,ZK5 U-SECTION 53x50 “MAFEPN”,,
NK0166V-00,ZK0.32 sez 48x21 in all cl Lutofecu,ZK0.32 ALUMINIUM SECT. 48x21 “LUTOFECU”,,
WL5965W-00,ZK0.32 sez RP1070 cl Guvobep DAZIDOT,ZK0.32 SECTION RP1070 “GUVOBEP DAZIDOT”,,
ME8977M-00,MOD. ACTIVE MARKING NUM. PZ. CON 5 CIFRE,MOD. ACTIVE MARKING PIECE WITH 5 DIGITS,,
MW4660X-00,DODEVE sez 1B e 2A cliente Racizes,DODEVE SECTION 1B-2A “RACIZES”,,
WH3594E-00,DODEVE - TEMPOR. ACCENS. ILLUM. ACTWELD,DODEVE ACT.WELD LIGHTING IGNITION TIMER,,
NK0237S-00,ZK5 - AGG. SW MC E ASC PER ACTIVE JOBS,ZK5 MACHINE-ACTIVE JOBS UPDATE,,
AE5658J-00,ZK0.32 - FR38.252_TC_V6 - Samafefi,ZK0.32 FR38.252 TC,,
KV1776G-00,KV1776G-00 sezione T60 cliente GAFUN,T-SECTION 60 “GAFUN”,,
WU9693S-00,ZK0.32 sez ALL 60x35 Buzas,ZK0.32 ALUMINUM SECTION 60x35 “BUZAS”,,
FY3369L-00,ZK5 sez Extruded-CUP cl RIKIDOVIG,ZK5 EXTRUDED CUP SECTION “RIKIDOVIG”,,
JD3279K-00,ZK5 sez 48x41x2 cl PUS,ZK5 SECTION 48x41x2 “PUS”,,
FD2560X-00,ZK5 - SEZIONE 10A CL RAGEV,ZK5 SECTION 10A “RAGEV”,,
DR4891F-00,ZK0.32 sez RR50 cl Tetek,ZK0.32 SECTION RR50 “TETEK”,,
NA1433Z-00,ZK5 2 sez Baluster cl Bifa Toga,ZK5 N°2 BALUSTER SECTIONS “BIFA TOGA”,,
ZM0139Z-00,ZK0.32 e ZK5 - sez spec RP1695 cl 247,ZK5/ZK0.32 SECTION RP1695 “247”,,
DN7187G-00,DODEVE - sez T120x90 cl LELAPILU,DODEVE T-SECTION 120x90 “LELAPILU”,,
XS2009Z-00,ZK5 - 2 sez ottagonali cl Vusrrd,ZK5 N°2 OCTAGONAL SECTIONS “VUSRRD”,,
YU2493X-00,ZK5 sez Baris 52 cl Zukeco,ZK5 SECTION BARIS 52 “ZUKECO”,,
WF6476W-00,ZK0.32 sez 2 ala 60x60 Dakucutu,ZK0.32 DOUB. FLAP SECT.60x60 “DAKUCUTU”,,
EC2248V-00,ZK0.92 - sez T70x8 Kuponu,ZK0.92 T-SECTION 70x8 “KUPONU”,,
VW9189H-00,ZK - MODIFICA LIVELLO PERMESSI OPERATORE,ZK OPERATOR PERMISSION LEVEL MODIFICAT.,,
KL4319N-00,ZK0.32 compact - T100 spec cl Kafufe,ZK0.32 COMPACT SPEC.SECT. T100 “KAFUFE”,,
VX9765Z-00,ZK5 - sez T35x20 cl Cofeler,ZK5 T-SECTION 35x20 “COFELER”,,
NJ2763W-00,JB53 - STRINGA MARCATRICE DA FILE CSV,JB53 MARKING STRING FROM CSV FILE,,
GK5542U-00,ZK5 cassaf 80x35 Cocizk Cuvif,ZK5 FORMWORK SECT. “COCIZK BIRIN” 80x35,,
SM9752D-00,ZK0.92 - Sez 45x2 cl ZURS,ZK0.92 SECTION 45x2 “ZURS”,,
TJ0690F-00,DODEVE - CICLO SPECIALE SCARICO,DODEVE SPECIAL UNLOADING CYCLE,,
NV7507F-00,ZK0.32 aggiornam Robusto 2 e 3 Sokilid,ZK0.32 ROBUST UPDATE 2 AND 3 “SOKILID”,,
AM2354U-00,JB53 - VARIABILE LUNGH. SPUNT. SU OP KID,JB53 VARIABLE LENGTH AND TRIM ON OP KID,,
ZU0275B-00,ZK0.32 - 6 sez MIDEC cl Tanol,ZK0.32 N°6 MIDEC SECTIONS “TANOL”,,
EK5577B-00,ZK - INTERFACCIA CON ETICHETTATRICI,ZK INTERFACE WITH LABELERS,,
CD4922J-00,ZK5 sez Cspec cliente Sosazn,ZK5 SPECIAL SECTION “SOSAZN”,,
NV3270T-00,DODEVE - VERIFICA CADUTA SFRIDO CON ASC,DODEVE SCRAP DROP CHECK,,
RY5330G-00,JB53 - MODIFICA SW PER CONCAT. CON FK433,JB53 SOFTWARE MODIFICAT. CHAINING FK433,,
FD0485A-00,NON USARE ZK0 - sez 100x90x2_5 BAM,ZK0 SECTION 100x90x2_5 “BAM” DON'T USE,,
YB5052N-00,DODEVE midec 73.3x25.4x1.9 cl GF,"DODEVE MIDEC SECTION 73,3x25,4x1,9 “GF”",,
HN8056L-00,ZK8 sez spec ell 42x27 cl Seginek,ZK8 ELLIPTIC SECTION 42x27 “SEGINEK”,,
UH5683C-00,ZK5 e ZK0.32 - 57 sez HOP cl 247,ZK5/ZK0.32 N°57 SECTIONS HOP “247”,,
RV6641A-00,ZK5 IPE80 Botofiluvo,ZK5 SECTION IPE80 “BOTOFILUVO”,,
MG0633L-00,ZK5 - 2 sez aletta cl Veb Tubes,ZK5 N°2 FLAP SECTIONS “VEB TUBES”,,
AW1056F-00,DODEVE EVO 2 sez Jansen cl RIK.PIK.RIK,DODEVEEVO N°2 SECTIONS JANSEN “RIK.PIK.RIK”,,
NN3067V-00,ZK0.32 - 10 sez T cl Veno Metal Dazitida,ZK0.32 N°10 T-SECTIONS “VENO METAL MUDT.”,,
GC8044Z-00,ZK0.32 - 2 sez spec in ALL cl Kubisu,ZK0.32 N°2 SPEC.ALUMIN. SECTION “KUBISU”,,
PD1619N-00,ZK5 2 sez15A e 15T TUVA,ZK5 N°2 SECTIONS 15A-15T “TUVA”,,
YW0782M-00,ZK0.32 sez RP1114 cl SED Kasin,ZK0.32 SECTION RP1114 “ SED KASIN”,,
NS3290H-00,ZK0 IPE80 e IPE140-Metaal Techniek Guci,ZK0 SECT. IPE80-IPE140 “KODOLEVURI”,,
BG9820W-00,ZK5 e ZK0.32sezioni aletta cl ZES.BUR.S,ZK5/ZK0.32 FLAP SECTIONS “ZES.BUR.”,,
JD9939R-00,ZK5 sez. 20x18.2 cl LEGI,"ZK5 SECTION 20x18,2 “LEGI”",,
FB3161M-00,ZK0.32 - sez trave in all 138x20 Madefk,ZK0.32 BEAM ALUMIN. SECT.138x20 “MADEFK”,,
RB4864F-00,ZK5 sezione 16A Madic,ZK5 SECTION 16A “MADIC”,,
PL3631N-00,ZK5 7 sez hop cl Metaal Techniek Guci BV,ZK5 N°7 SECTIONS HOP “KODOLEVURI”,,
RL4876A-00,DODEVE sez infinity Tumabeg,DODEVE SECTION INFINITY “OFF.TUMABEG”,,
ZD9362P-00,ZK0.32 - 2 sez trave in AL Rofuda Fuk,ZK0.32 N°2 ALUMINIMUM SECTION “ROFUDA FUK”,,
BK1139J-00,ZK0.32 sez spec Maten Cuki,ZK0.32 SPECIAL SECTION “MATEN CUKI”,,
GH1737V-00,ZK0.32 - sez X 40x40x4 Kizisipur,ZK0.32 SECTION X 40x40x4 “KIZISIPUR”,,
XF4643V-00,ZK0.32 - sez RP1072 cl DOS,ZK0.32 SECTION RP1072 “DOS”,,
FA8229W-00,ZK0.32 - 18 sezioni a T cl Pokufal,ZK0.32 N°18 T-SECTIONS POKUFAL,,
MM0969A-00,ZK0.32 2 sezioni spec cl Samafefi,ZK0.32 N°2 SPECIAL SECTIONS “SAMAFEFI”,,
YL8641K-00,"ZK5 2 ""Sizafad rufim"" cliente Cisop",ZK5 N° 2 “SIZAFAD RUFIM” “CISOP”,,
RD1496P-00,ZK533D - sez D00039072SX cl CEM,ZK533D SECTION D00039072SX “CEM”,,
JS7694F-00,ZK0.92 3 sezioni SF cl Nuradazi,ZK0.92 N°3 SF-SECTIONS “NURADAZI”,,
YP5568B-00,"ZK0,32 sez AC004207 cl Logufol",ZK0.32 SECTION AC004207 “LOGUFOL”,,
LP3631N-00,DODEVE - sez alps0635 cl LA.DESN,DODEVE SECTION ALPS0635 “LA.DESN”,,
BG5260D-00,ZK0.32 sez Z cl VIBIRA ZEN. DOFEGUN,ZK0.32 Z-SECTION “VIBIRA ZEN. DOFEGUN”,,
JD7254M-00,ZK - ACTIVE WELD SEZ. SPECIALE 0-120-240,ZK ACTIVE WELD SPECIAL SECTION 0-120-240,,
HJ7468J-00,ZK0.32 sez 104x100x5 cl Duzalutele,ZK0.32 SECTION 104x100x5 “DUZALUTELE”,,
EG7294C-00,ZK5 e DODEVE sezione Aletta cl Pumozulo,ZK5/DODEVE FLAP SECTION “PUMOZULO”,,
ZV2619Z-00,ZK5 - sez spec PIPE cl MUN,ZK5 SPECIAL SECTION PIPE “MUN”,,
ZG3781B-00,ZK0.32 Comp 2 sez aletta ETABLISSEMENTS,ZK0.32 N°2 FLAP SECTION “ETABLISSEMENTS”,,
CJ1297R-00,ZK5 - AGG. SOFTWARE PER MARCATURE 2D,ZK5 2D MARKING SOFTWARE UPDATE,,
KE1753G-00,KE1753G-00 sez 6001 6002 cl LEK,SECTION S6001-6002 “LEK”,,
YU4287F-00,ZK0.32 41x41x2.5 cl De Rager,"ZK0.32 SECTION 41x41x2,5 “DE RAGER”",,
YJ7239S-00,ZK5 sezione HOP54.234 cl Zud Industrie,ZK5 SECTION HOP 54.234 “ZUD INDUSTRIE”,,
AX3179S-00,MODELLO SOFTWARE SPECIALE SEGATRICI,SPECIAL SAWING MACHINE SOFTWARE MODEL,,
CJ-JPHX-00,SW GENERICO SOLO PER OFFERTE SUNENA,GENERIC SOFTWARE ONLY FOR SUNENA OFFERS,,
FLE33789-00,"MATERIALE RIFERIMENTO CREAZIONE ""NOG""",REFERENCE MATERIAL CREATION “SOFTWARES”,,
SPV65840-00,TEDIR - disegno naselli e sezione spec,DRAFT NOSEPIECE+SPECIAL SECTION “TEDIR”,,
ECX97770-00,Intaglio tacca su mantello con lama,NOTCH CARVING ON CLOAK WITH SAWBLADE,,
KPG44871-00,INTERFACCIA ERP-WZ02 RUKUSOCEVO BUB,WZ02 INTERFACE ERP “RUKUSOCEVO BUB”,,
URW36362-00,NOZUT-LAVORAZIONE SEZIONI VARIABILI,NOZUT PROCESSING VARIABLE SECTIONS,,
BXG0397,FG02 CITER MODIFICATIONS,FG02 CITER MODIFICATIONS,,
PLD30082-00,WZ02 - Modifiche Tukeripezr Pase,WZ02 MODIFICATIONS “TUKERIPEZR”,,
BGK39190-00,WZ02 - Aggiornamento Kukovs,WZ02 “KUKOVS” UPDATE,,
VBE21373-00,"NOZUT - LAVORAZIONE SEZIONE ""T100""",NOZUT PROCESSING T-SECTION 100,,
UUE09090-00,"WZ02 - DISEGNI ATTREZZ. ""PIK.RAT PLANT""",WZ02 EQUIPMENT DRAWINGS “PIK.RAT PLANT”,,
VPY77025-00,"NOZUT - LAVORAZ SEZ SPECIALE ""FEL MADK""",NOZUT PROCESSING SECTIONS “FEL MADK”,,
HLG70434-00,"NOZUT - LIBRERIE PROFILI ""T""",NOZUT LIBRARIES T-PROFILES,,
LVE91884-00,ZK96XL - SW SPECIALE GOLIZULAR,ZK96XL SPECIAL SOFTWARE GOLIZULAR,,
UZD45315-00,SW INTERFACCIAMENTO PARUFOR MAGAZZINO,PARUFOR STORAGE INTERFACE,,
KZV17542-00,ZK96 SW GESTIONE CODA LAVORAZIONI IN M/C,ZK96 END PROCESSING MANAGEMENT,,
TUW24185-00,ZK36 SW GESTIONE CODA LAVORAZIONI IN M/C,ZK36 END PROCESSING MANAGEMENT,,
LMV3923-00,INTERFACCIA OPC-UA + CINT,INTERFACE OPC-UA + CINT,,
DFH83885-00,ZK36/ZK96 COMANDO SPECIALE REFRIGERATORE,ZK36/ZK96 SPECIAL CHILLER CONTROL,,
MZS49838-00,WZ02 - Aggiornamento DUSL,WZ02 “DUSL” UPDATE,,
JHP96348-00,WZ02 - Agg e Vogorecir PUZL,WZ02 “VOGORECIR PUZL” UPDATE,,
RKL99644-00,SPECIALE MUCEVIL PER MANEFU,MANEFU SPECIAL MUCEVIL,,
FUW58281-00,WZ02 - DISEGNI AT VAGR EZ Bepolr.Sozt,WZ02 DRAWINGS VAGR EZ “BEPOLR.SOZT”,,
UJW57934-00,QJ8 PREDISP. BOOSTER PER RETROFIT,QJ8 BOOSTER SETUP FOR RETROFIT,,
KNT69318-00,DEZ GH7862 ABILITAZIONE TABELLE,DEZ SOFTWARE0572 ENABLING TABLES,,
RCY52086-00,DEZ CJ9139 AGGIORNAMENTO CIVEFL,DEZ SOFTWARE0899 UPDATE CIVEFL,,
TUX21561-00,MODIFICHE SW PER RIMOZIONE CP3060,SW MODIFICATIONS FOR CP3060 REMOVAL,,
ZBN31019-00,WZ02-INTERFACCIA SCARICO PEZZI,WZ02 PIECES UNLOADING INTERFACE,,
AVG4103-00,AGGIORNAMENTO SW MACCHINA ZB 8,ZB8 MACHINE SOFTWARE UPDATE,,
NPU95326-00,FG02 - Agg Lubr Grasso Operate Vevocar,FG02 LUBR. OILY OPERATE UPGR. “VEVOCAR”,,
GTZ68859-00,FG02 - Dis Costruttivi per Sapudus,FG02 DRAWINGS FOR “SAPUDUS”,,
NJP87642-00,WZ02 - Pacchetto modifiche Tukeripezr,WZ02 MODIFICATIONS PACKAGE “TUKERIPEZR”,,
ASP88844-00,WZ02 - HMI in serbo,WZ02 SERBIAN HMI,,
FCW64268-00,ZB8 - SW LAVOR. PROFILI APERTI STANDARD,ZB8 PROCESSING STANDARD OPEN PROFILE,,
NAG96053-00,FG02 - DISEGNI AVV CAPEK,FG02 DRAFTS WRAPAROUND “CAPEK”,,
DML11404-00,FG02 - Fermata stazioni da Cepunupa,FG02 STATION STOP FROM CEPUNUPA,,
UWM57555-00,INT. MACC. EST. MUCEVIL DA CUTBASE A PLUS,MUCEVIL EXTENSION FROM CUTBASE TO PLUS,,
XSR27392-00,WELD SEARCH & SENS.CALIB. ON CONIC TUBE,WELD SEARCH-SENS. CALIB. ON CONIC TUBE,,
BZU61256-00,WZ02 AGGIORNAMENTO SW,WZ02 SOFTWARE UPDATE,,
HUU5483-00,Librerie H ZK96,ZK96 LIBRARIES H-PROFILES,,
NGB32368-00,INTERFACCIA OPC-UA,INTERFACE OPC-UA,,
GVZ40012-00,NOZUT UPGRADE ACTIVE JOBS,NOZUT UPDATE ACTIVE JOBS,,
SUA01192-00,WZ02 - Aggiornamento Acos Rub - V2.3.4,WZ02 “ACOS RUB LTDA” UPDATE,,
MMC75160-00,PERSONALIZZAZIONE SW FG02 FG2339222,FG02 SOFTWARE CUSTOMIZATION FG2339222,,
MAJ83398-00,GUC TIME PER PIEGATRICI CON CNC ESA,GUC TIME FOR CNC BENDERS ESA,,
TKD53916-00,WZ02 - Modifica per fotocellule oscurate,WZ02 OBSCURED PHOTOCELLS MODIFICATION,,
EUK77952-00,FG02 - DISEGNI AVV PIK.RAT. PLANT,FG02 DRAFTS WRAPAROUND “PIK.RAT. PLANT”,,
PNS40773-00,ZK93 NAK - AGG. E MOD. FUNZIONALI 24MESI,ZK93 NAK UPDATE-MOD. FUNCTION. 24 MONTHS,,
GWG74046-00,AGGIORNAMENTO SW MACCHINA ZK96/36,ZK96/36 MACHINE SOFTWARE UPDATE,,
ZKL58041-00,FG02 - DISEGNO AVV. D26.67 L340 D105,"FG02 DRAFT WRAPAROUND D26,67 L340 D105",,
GTX97474-00,FG02 - DISEGNO AVV. D26.67 L440 D105,"FG02 DRAFT WRAPAROUND D26,67 L440 D105",,
MZA01370-00,FG02 - DISEGNO AVV. D33.4 L340 D105,"FG02 DRAFT WRAPAROUND D33,4 L340 D105",,
DDJ74762-00,FG02 - DISEGNO AVV. D33.4 L440 D105,"FG02 DRAFT WRAPAROUND D33,4 L440 D105",,
HCU54513-00,FG02 - DISEGNO AVV. D42.16 L390 D105,"FG02 DRAFT WRAPAROUND D42,16 L390 D105",,
BTN43671-00,FG02 - DISEGNO AVV. D48.26 L390 D105,"FG02 DRAFT WRAPAROUND D48,26 L390 D105",,
SEG20913-00,FG02 - DISEGNO AVV. D60.43 L390 D105,"FG02 DRAFT WRAPAROUND D60,43 L390 D105",,
LFR93600-00,FG02 - DISEGNO AVV. D26.67 L8 D105,"FG02 DRAFT WRAPAROUND D26,67 L8 D105",,
NMZ19205-00,FG02 - DISEGNI COPPIA UTE INV D50 S2,FG02 DRAFTS PAIR UTE INV D50 S2,,
AVM18566-00,SOFTWARE CAD/CAM GUBISIMALA,SOFTWARE CAD/CAM “GUBISIMALA”,,
LKD21660-00,ZB8 - CONN. CON ERP VIA OPC-UA,ZB8 CONNECTION TO ERP VIA OPC-UA,,
LML13774-00,ZK93 - INT. CATENE SCARICO 8500,"ZK93 UNLOADING CHAINS L=8,5m INTEGRATION",,
FYN62257-00,FAFIL - AGGIORNAMENTO SOFTWARE,FAFIL SOFTWARE UPDATE,,
XRR16099-00,ZK96XL - AGGIORNAMENTO SOFTWARE MACCHINA,ZK96XL MACHINE SOFTWARE UPDATE,,
HNG74192-00,ZK36 - ABIL. CORR. UTENSILE BORDO MACC.,ZK36 ENABLING TOOL CORRECTOR ON MACHINE,,
WUC06094-00,ZK96 - SEZIONE IPE 300A,ZK96 SECTION IPE 300A,,
CGG88111-00,ZK96 - SEZIONE CONICA TUDI,ZK96 CONICAL SECTION “TUDI”,,
SLD96663-00,YYBZ8 - TAGLIO PROFILO IN ALLUMINIO,QJ8/ZB8 ALUMINUM PROFILE CUTTING,,
JPT02001-00,ZK96XL - OPC-UA,ZK96XL OPC-UA,,
LEN09389-00,QJ8 - AGG. SW PER TAGLIO ARIA COMPRESSA,QJ8 COMPRESSED AIR CUTTING SW UPDATE,,
VHD26291-00,ZK96 - LAVORAZIONE TUBO RASTREMATO,ZK96 PROCESSING TAPERED TUBE,,
NYS36087-00,ZK93 SOFTWARE IN POLACCO,ZK93 POLISH SOFTWARE,,
DCW61233-00,ZK96XL - AGG. SW MACCHINA PER OPC-UA,ZK96XL OPC-UA SOFTWARE UPDATE,,
JJY30864-00,JKY8 - AGG. SW PER LAVORAZ. PROF. APERTI,QJ8/ZB8 PROCESSING OPEN PROFILES,,
EAJ69812-00,ZK93 - SEZ. SPEC. APERTA TETEK 119x49x3,ZK93 SPEC. OPEN SECTION 119x49x3 “TETEK”,,
BVU90318-00,ZK96 SOFTWARE IN TEDESCO,ZK96 GERMAN SOFTWARE,,
CUX91562-00,ZK93 SOFTWARE IN SPAGNOLO,ZK93 SPANISH SOFTWARE,,
UUV09134-00,ZK93 SOFTWARE IN TEDESCO,ZK93 GERMAN SOFTWARE,,
YUL88242-00,ZK96 - SEZ. SPECIALE DOG BONE LEGEPET,ZK96 SPECIAL SECTION DOG BONE “LEGEPET”,,
ZUE50785-00,ZB8 - AGG. SW MC E SCHEMI PER LUBR. U-V,ZB8 SW UPDATE-DIAGRAM X U-V LUBRICATION,,
CRW88785-00,QJ8 - AGG SW MC PER ACTIVE PIERCING,QJ8 SOFTWARE UPDATE FOR ACTIVE PIERCING,,
CFT13920-00,ZK36 - SEZ. SPEC. C SEMICHIUSA 160x160x8,ZK36 SEMICLOSED C-SECTION 160x160x8,,
VSD73327-00,QJ8 - AGGIORNAMENTO SOFTWARE PER C/S DEZ,QJ8 SOFTWARE UPDATE PER C/S DEZ,,
EZA99712-00,QJ8 - AGG. SW PER NUOVA TELEC. CAMB. UG.,QJ8 SW UPDATE X NEW CAMERA-NOZZLE CHANGE,,
DXX31418-00,MUCEVIL POST-PROCESSOR EXPERT CUT,MUCEVIL POST PROCESSOR EXPERT CUT,,
SNM59988-00,ZK96 - ADEGUAMENTO CARICO 8500,"ZK96 LOAD L=8,5 UPDATE",,
ASJ01133-00,FG02 - CODICE SORGENTE FG239022992,FG02 SOURCE CODE FG239022992,,
GGR43974-00,ZK36 - AGGIORN. SOFTWARE PER ACTIVE JOBS,ZK36 ACTIVE JOBS UPDATE,,
ARF62397-00,ZB8 - AGGIORN. SOFTWARE PER TORRE DEZ,ZB8 SOFTWARE UPDATE FOR DEZ TOWER,,
NPG13004-00,ZK93 - AGG. SW MC V2 PER SCARICO 12500,"ZK93 SW UPDATE MACH. V2 UNLOAD. L=12,5m",,
KKY85544-00,QJ5 - INTEGRAZ. CON MAG. A TORRE MIVUMOZ,QJ5 INTEGRAT. TOWER WAREHOUSE “MIVUMOZ”,,
